"discourse","annotator","predicate","rating","embedding","modal_type","factive","genre"
"BNC-1","A2BA9Y6VGW6WS1","admit",2,"conditional","none","no","BNC"
"BNC-1","A1945USNZHTROX","admit",3,"conditional","none","no","BNC"
"BNC-1","A1F3P6N7BO9HBN","admit",3,"conditional","none","no","BNC"
"BNC-1","AFN5VMMGYPF1I","admit",1,"conditional","none","no","BNC"
"BNC-1","A36SM7QM8OK3H6","admit",3,"conditional","none","no","BNC"
"BNC-1","A2W8ZV9DQWVHJK","admit",1,"conditional","none","no","BNC"
"BNC-1","A150GMV1YQWWB3","admit",2,"conditional","none","no","BNC"
"BNC-1","A3LJ2FHESYV9QQ","admit",1,"conditional","none","no","BNC"
"BNC-1","A25YG9M911WA3T","admit",2,"conditional","none","no","BNC"
"BNC-1002","A1U8RH67FLZW87","say",2,"modal","CI","no","BNC"
"BNC-1002","A36SM7QM8OK3H6","say",1,"modal","CI","no","BNC"
"BNC-1002","A32QJF67JMJFKX","say",3,"modal","CI","no","BNC"
"BNC-1002","A5EU1AQJNC7F2","say",1,"modal","CI","no","BNC"
"BNC-1002","AFYN9EPN2X2SO","say",2,"modal","CI","no","BNC"
"BNC-1002","A1KGCOR8OXYR72","say",2,"modal","CI","no","BNC"
"BNC-1002","A25YG9M911WA3T","say",3,"modal","CI","no","BNC"
"BNC-1002","AG0X3PQK2FWQJ","say",1,"modal","CI","no","BNC"
"BNC-1003","AKLV0WIZZ356X","say",2,"modal","AB","no","BNC"
"BNC-1003","A32QJF67JMJFKX","say",0,"modal","AB","no","BNC"
"BNC-1003","A36SM7QM8OK3H6","say",1,"modal","AB","no","BNC"
"BNC-1003","A1SIUJEL2LS8UO","say",0,"modal","AB","no","BNC"
"BNC-1003","A4J4GGMKJ68L0","say",0,"modal","AB","no","BNC"
"BNC-1003","AA4KKLIU4C3NY","say",3,"modal","AB","no","BNC"
"BNC-1003","A110KENBXU7SUJ","say",-1,"modal","AB","no","BNC"
"BNC-1003","A1MJHGH55K3O0","say",0,"modal","AB","no","BNC"
"BNC-1003","AUAN582MLI96N","say",1,"modal","AB","no","BNC"
"BNC-1003","A2S4YDJ9UGAXFQ","say",0,"modal","AB","no","BNC"
"BNC-1003","A2EOOF9D135HQ1","say",0,"modal","AB","no","BNC"
"BNC-1003","A1F9KLZGHE9DTA","say",2,"modal","AB","no","BNC"
"BNC-1005","A32QJF67JMJFKX","say",2,"modal","AB","no","BNC"
"BNC-1005","A1GXFMAC759VRM","say",1,"modal","AB","no","BNC"
"BNC-1005","AXJ1PE87PD0KK","say",0,"modal","AB","no","BNC"
"BNC-1005","A36SM7QM8OK3H6","say",1,"modal","AB","no","BNC"
"BNC-1005","ASI2B6A3Y556Z","say",-1,"modal","AB","no","BNC"
"BNC-1005","AFKHZQ5SW7CSL","say",1,"modal","AB","no","BNC"
"BNC-1005","A1VQQETLYHKR8D","say",1,"modal","AB","no","BNC"
"BNC-1005","A5EU1AQJNC7F2","say",2,"modal","AB","no","BNC"
"BNC-1006","A2JP9IKRHNLRPI","say",3,"modal","AB","no","BNC"
"BNC-1006","A5EU1AQJNC7F2","say",1,"modal","AB","no","BNC"
"BNC-1006","A1EH9BPKYXFBS5","say",-2,"modal","AB","no","BNC"
"BNC-1006","A36SM7QM8OK3H6","say",-3,"modal","AB","no","BNC"
"BNC-1006","AZZDXA6TV6737","say",-3,"modal","AB","no","BNC"
"BNC-1006","A1MJVTR0PCKBWW","say",3,"modal","AB","no","BNC"
"BNC-1006","A4J4GGMKJ68L0","say",2,"modal","AB","no","BNC"
"BNC-1006","A10O5YR01H865K","say",1,"modal","AB","no","BNC"
"BNC-1006","A18LPAFMK1B06K","say",-1,"modal","AB","no","BNC"
"BNC-1006","A32QJF67JMJFKX","say",-1,"modal","AB","no","BNC"
"BNC-1010","A36SM7QM8OK3H6","say",3,"modal","AB","no","BNC"
"BNC-1010","A21KGSK2BDVWOA","say",2,"modal","AB","no","BNC"
"BNC-1010","A2YGAEODJ5SSF6","say",1,"modal","AB","no","BNC"
"BNC-1010","A11TREGDHSUSJW","say",1,"modal","AB","no","BNC"
"BNC-1010","A5EU1AQJNC7F2","say",1,"modal","AB","no","BNC"
"BNC-1010","A1945USNZHTROX","say",2,"modal","AB","no","BNC"
"BNC-1010","A32QJF67JMJFKX","say",2,"modal","AB","no","BNC"
"BNC-1010","A1F9KLZGHE9DTA","say",3,"modal","AB","no","BNC"
"BNC-1012","A25YG9M911WA3T","say",1,"modal","AB","no","BNC"
"BNC-1012","A36SM7QM8OK3H6","say",2,"modal","AB","no","BNC"
"BNC-1012","A1MGXQW1EEKE20","say",-3,"modal","AB","no","BNC"
"BNC-1012","A11UQWFUDNIHIL","say",-1,"modal","AB","no","BNC"
"BNC-1012","A2AJIRNA6L4IJI","say",1,"modal","AB","no","BNC"
"BNC-1012","A32QJF67JMJFKX","say",2,"modal","AB","no","BNC"
"BNC-1012","A17J1CE7N49Z9D","say",0,"modal","AB","no","BNC"
"BNC-1012","A17ELSQUMU0QT6","say",3,"modal","AB","no","BNC"
"BNC-1012","A28FMRMS9TMEOZ","say",3,"modal","AB","no","BNC"
"BNC-1014","A36SM7QM8OK3H6","say",1,"modal","EP","no","BNC"
"BNC-1014","A25YG9M911WA3T","say",0,"modal","EP","no","BNC"
"BNC-1014","ASI2B6A3Y556Z","say",0,"modal","EP","no","BNC"
"BNC-1014","AFN5VMMGYPF1I","say",3,"modal","EP","no","BNC"
"BNC-1014","A3L2UB07EZJAMD","say",0,"modal","EP","no","BNC"
"BNC-1014","A1945USNZHTROX","say",3,"modal","EP","no","BNC"
"BNC-1014","A2A0DKZ4Y9I6OV","say",1,"modal","EP","no","BNC"
"BNC-1014","A1GXFMAC759VRM","say",3,"modal","EP","no","BNC"
"BNC-1015","A2SENAPNSXG9L","say",2,"modal","CI","no","BNC"
"BNC-1015","A217W59SA6LZSR","say",1,"modal","CI","no","BNC"
"BNC-1015","A1TARNH07A75CG","say",1,"modal","CI","no","BNC"
"BNC-1015","A25YG9M911WA3T","say",2,"modal","CI","no","BNC"
"BNC-1015","A2KVYRNL2CK95F","say",2,"modal","CI","no","BNC"
"BNC-1015","AFN5VMMGYPF1I","say",2,"modal","CI","no","BNC"
"BNC-1015","A3609GDWR2JCCA","say",3,"modal","CI","no","BNC"
"BNC-1015","A36SM7QM8OK3H6","say",2,"modal","CI","no","BNC"
"BNC-1015","A1945USNZHTROX","say",3,"modal","CI","no","BNC"
"BNC-1018","A3609GDWR2JCCA","say",2,"modal","EP","no","BNC"
"BNC-1018","A36SM7QM8OK3H6","say",3,"modal","EP","no","BNC"
"BNC-1018","A25YG9M911WA3T","say",2,"modal","EP","no","BNC"
"BNC-1018","A3TY2K1HBA19PO","say",3,"modal","EP","no","BNC"
"BNC-1018","A3LJ2FHESYV9QQ","say",0,"modal","EP","no","BNC"
"BNC-1018","A35C12CR628WKD","say",2,"modal","EP","no","BNC"
"BNC-1018","A2541C8MY0BYV3","say",-1,"modal","EP","no","BNC"
"BNC-1018","A24LC97AU3QC7G","say",0,"modal","EP","no","BNC"
"BNC-1018","A1945USNZHTROX","say",3,"modal","EP","no","BNC"
"BNC-1019","A1945USNZHTROX","say",3,"modal","EP","no","BNC"
"BNC-1019","A25YG9M911WA3T","say",3,"modal","EP","no","BNC"
"BNC-1019","A36SM7QM8OK3H6","say",1,"modal","EP","no","BNC"
"BNC-1019","A2OVX9UW5WANQE","say",0,"modal","EP","no","BNC"
"BNC-1019","A1GXFMAC759VRM","say",-1,"modal","EP","no","BNC"
"BNC-1019","A34930YXVQ8SUT","say",0,"modal","EP","no","BNC"
"BNC-1019","A150GMV1YQWWB3","say",1,"modal","EP","no","BNC"
"BNC-1019","A1UWJTUVGAAF6D","say",1,"modal","EP","no","BNC"
"BNC-1020","A1GXFMAC759VRM","say",3,"modal","CI","no","BNC"
"BNC-1020","A25YG9M911WA3T","say",2,"modal","CI","no","BNC"
"BNC-1020","A150GMV1YQWWB3","say",2,"modal","CI","no","BNC"
"BNC-1020","A2NA2OJT15COZY","say",3,"modal","CI","no","BNC"
"BNC-1020","AFN5VMMGYPF1I","say",3,"modal","CI","no","BNC"
"BNC-1020","A2541C8MY0BYV3","say",-1,"modal","CI","no","BNC"
"BNC-1020","A1945USNZHTROX","say",3,"modal","CI","no","BNC"
"BNC-1020","A36SM7QM8OK3H6","say",3,"modal","CI","no","BNC"
"BNC-1024","A1IXH2QLUU5BKZ","say",2,"modal","CI","no","BNC"
"BNC-1024","A36SM7QM8OK3H6","say",3,"modal","CI","no","BNC"
"BNC-1024","A1GXFMAC759VRM","say",3,"modal","CI","no","BNC"
"BNC-1024","AC5UD8N187QD6","say",3,"modal","CI","no","BNC"
"BNC-1024","A32TGAK321JDFF","say",3,"modal","CI","no","BNC"
"BNC-1024","A2CJYS92WX7HN6","say",3,"modal","CI","no","BNC"
"BNC-1024","A1MJVTR0PCKBWW","say",3,"modal","CI","no","BNC"
"BNC-1024","A3DFJV1RD653DQ","say",1,"modal","CI","no","BNC"
"BNC-1024","A28AX4H70DPKKK","say",3,"modal","CI","no","BNC"
"BNC-1031","A25YG9M911WA3T","say",2,"modal","AB","no","BNC"
"BNC-1031","A1F3P6N7BO9HBN","say",2,"modal","AB","no","BNC"
"BNC-1031","A36SM7QM8OK3H6","say",3,"modal","AB","no","BNC"
"BNC-1031","A2W8ZV9DQWVHJK","say",3,"modal","AB","no","BNC"
"BNC-1031","A150GMV1YQWWB3","say",-1,"modal","AB","no","BNC"
"BNC-1031","AFN5VMMGYPF1I","say",3,"modal","AB","no","BNC"
"BNC-1031","A3LJ2FHESYV9QQ","say",3,"modal","AB","no","BNC"
"BNC-1031","A1945USNZHTROX","say",3,"modal","AB","no","BNC"
"BNC-1031","A2BA9Y6VGW6WS1","say",-2,"modal","AB","no","BNC"
"BNC-1032","A1945USNZHTROX","say",-3,"modal","AB","no","BNC"
"BNC-1032","AFN5VMMGYPF1I","say",-3,"modal","AB","no","BNC"
"BNC-1032","AJRY9ALX8069Y","say",0,"modal","AB","no","BNC"
"BNC-1032","A2BA9Y6VGW6WS1","say",-2,"modal","AB","no","BNC"
"BNC-1032","A150GMV1YQWWB3","say",-3,"modal","AB","no","BNC"
"BNC-1032","A1GXFMAC759VRM","say",-3,"modal","AB","no","BNC"
"BNC-1032","A36SM7QM8OK3H6","say",-3,"modal","AB","no","BNC"
"BNC-1032","A25YG9M911WA3T","say",-1,"modal","AB","no","BNC"
"BNC-1032","A3609GDWR2JCCA","say",0,"modal","AB","no","BNC"
"BNC-1035","A5EU1AQJNC7F2","say",2,"modal","AB","no","BNC"
"BNC-1035","A1945USNZHTROX","say",3,"modal","AB","no","BNC"
"BNC-1035","A1MJVTR0PCKBWW","say",3,"modal","AB","no","BNC"
"BNC-1035","A12R2U6TBB3OOG","say",1,"modal","AB","no","BNC"
"BNC-1035","A36SM7QM8OK3H6","say",3,"modal","AB","no","BNC"
"BNC-1035","A2541C8MY0BYV3","say",2,"modal","AB","no","BNC"
"BNC-1035","A25YG9M911WA3T","say",-2,"modal","AB","no","BNC"
"BNC-1035","A150GMV1YQWWB3","say",-1,"modal","AB","no","BNC"
"BNC-1046","A3TCFIPOBRZZB3","say",2,"modal","CI","no","BNC"
"BNC-1046","A1GXFMAC759VRM","say",1,"modal","CI","no","BNC"
"BNC-1046","A3DFJV1RD653DQ","say",-1,"modal","CI","no","BNC"
"BNC-1046","A1BWS5AD2T4NIR","say",3,"modal","CI","no","BNC"
"BNC-1046","AC5UD8N187QD6","say",1,"modal","CI","no","BNC"
"BNC-1046","A16G6PPH1INQL8","say",2,"modal","CI","no","BNC"
"BNC-1046","A2NA2OJT15COZY","say",1,"modal","CI","no","BNC"
"BNC-1046","A36SM7QM8OK3H6","say",2,"modal","CI","no","BNC"
"BNC-1047","A3RVYJNYREMTAH","say",1,"modal","CI","no","BNC"
"BNC-1047","AFN5VMMGYPF1I","say",2,"modal","CI","no","BNC"
"BNC-1047","A36SM7QM8OK3H6","say",1,"modal","CI","no","BNC"
"BNC-1047","A1945USNZHTROX","say",3,"modal","CI","no","BNC"
"BNC-1047","A1GXFMAC759VRM","say",2,"modal","CI","no","BNC"
"BNC-1047","A25YG9M911WA3T","say",2,"modal","CI","no","BNC"
"BNC-1047","ANQ0RLFEZ17W0","say",3,"modal","CI","no","BNC"
"BNC-1047","A150GMV1YQWWB3","say",1,"modal","CI","no","BNC"
"BNC-1048","AFN5VMMGYPF1I","say",3,"modal","CI","no","BNC"
"BNC-1048","A36SM7QM8OK3H6","say",2,"modal","CI","no","BNC"
"BNC-1048","A3LJ2FHESYV9QQ","say",1,"modal","CI","no","BNC"
"BNC-1048","A150GMV1YQWWB3","say",1,"modal","CI","no","BNC"
"BNC-1048","A1GXFMAC759VRM","say",-2,"modal","CI","no","BNC"
"BNC-1048","AFWKRID53R1XA","say",1,"modal","CI","no","BNC"
"BNC-1048","A25YG9M911WA3T","say",-2,"modal","CI","no","BNC"
"BNC-1048","A1945USNZHTROX","say",3,"modal","CI","no","BNC"
"BNC-1049","A3LJ2FHESYV9QQ","say",2,"modal","CI","no","BNC"
"BNC-1049","AFN5VMMGYPF1I","say",2,"modal","CI","no","BNC"
"BNC-1049","A36SM7QM8OK3H6","say",2,"modal","CI","no","BNC"
"BNC-1049","A150GMV1YQWWB3","say",2,"modal","CI","no","BNC"
"BNC-1049","A25YG9M911WA3T","say",1,"modal","CI","no","BNC"
"BNC-1049","A1GXFMAC759VRM","say",3,"modal","CI","no","BNC"
"BNC-1049","A2BA9Y6VGW6WS1","say",1,"modal","CI","no","BNC"
"BNC-1049","A1945USNZHTROX","say",3,"modal","CI","no","BNC"
"BNC-1055","A36SM7QM8OK3H6","say",2,"modal","CI","no","BNC"
"BNC-1055","A1945USNZHTROX","say",3,"modal","CI","no","BNC"
"BNC-1055","A150GMV1YQWWB3","say",2,"modal","CI","no","BNC"
"BNC-1055","A1GXFMAC759VRM","say",2,"modal","CI","no","BNC"
"BNC-1055","A3LJ2FHESYV9QQ","say",3,"modal","CI","no","BNC"
"BNC-1055","A3609GDWR2JCCA","say",3,"modal","CI","no","BNC"
"BNC-1055","A10BH9PYCYUKDJ","say",3,"modal","CI","no","BNC"
"BNC-1055","A2BA9Y6VGW6WS1","say",2,"modal","CI","no","BNC"
"BNC-1055","A25YG9M911WA3T","say",3,"modal","CI","no","BNC"
"BNC-106","A1GXFMAC759VRM","hear",2,"conditional","EP","no","BNC"
"BNC-106","A2RBF3IIJP15IH","hear",0,"conditional","EP","no","BNC"
"BNC-106","A36SM7QM8OK3H6","hear",1,"conditional","EP","no","BNC"
"BNC-106","A1HWTTN3JEUNZY","hear",0,"conditional","EP","no","BNC"
"BNC-106","A5EU1AQJNC7F2","hear",0,"conditional","EP","no","BNC"
"BNC-106","A1MJVTR0PCKBWW","hear",1,"conditional","EP","no","BNC"
"BNC-106","A2AMQX0BQZXG9N","hear",2,"conditional","EP","no","BNC"
"BNC-106","A18T67NDI2JK5Y","hear",-2,"conditional","EP","no","BNC"
"BNC-106","A1DIGREVLNOXT3","hear",3,"conditional","EP","no","BNC"
"BNC-1063","A1945USNZHTROX","say",3,"modal","CI","no","BNC"
"BNC-1063","A1GXFMAC759VRM","say",3,"modal","CI","no","BNC"
"BNC-1063","AFN5VMMGYPF1I","say",3,"modal","CI","no","BNC"
"BNC-1063","A36SM7QM8OK3H6","say",2,"modal","CI","no","BNC"
"BNC-1063","A1MJVTR0PCKBWW","say",2,"modal","CI","no","BNC"
"BNC-1063","A150GMV1YQWWB3","say",3,"modal","CI","no","BNC"
"BNC-1063","A3VBAQB2WO36Q1","say",2,"modal","CI","no","BNC"
"BNC-1063","A12R2U6TBB3OOG","say",3,"modal","CI","no","BNC"
"BNC-1066","AFN5VMMGYPF1I","say",3,"modal","CI","no","BNC"
"BNC-1066","A1MJVTR0PCKBWW","say",3,"modal","CI","no","BNC"
"BNC-1066","A150GMV1YQWWB3","say",1,"modal","CI","no","BNC"
"BNC-1066","A1GXFMAC759VRM","say",3,"modal","CI","no","BNC"
"BNC-1066","AV22FQTJNBUZT","say",3,"modal","CI","no","BNC"
"BNC-1066","A25YG9M911WA3T","say",2,"modal","CI","no","BNC"
"BNC-1066","A36SM7QM8OK3H6","say",2,"modal","CI","no","BNC"
"BNC-1066","A2NA2OJT15COZY","say",3,"modal","CI","no","BNC"
"BNC-1066","A4J4GGMKJ68L0","say",1,"modal","CI","no","BNC"
"BNC-1068","A3FPXLLF0B8CIC","see",2,"modal","AB","yes","BNC"
"BNC-1068","AC5UD8N187QD6","see",2,"modal","AB","yes","BNC"
"BNC-1068","A36SM7QM8OK3H6","see",3,"modal","AB","yes","BNC"
"BNC-1068","AFN5VMMGYPF1I","see",3,"modal","AB","yes","BNC"
"BNC-1068","A3GPTSDDHJ2DBV","see",3,"modal","AB","yes","BNC"
"BNC-1068","A110KENBXU7SUJ","see",-2,"modal","AB","yes","BNC"
"BNC-1068","A1GXFMAC759VRM","see",2,"modal","AB","yes","BNC"
"BNC-1068","A2541C8MY0BYV3","see",2,"modal","AB","yes","BNC"
"BNC-1069","A36SM7QM8OK3H6","see",3,"modal","AB","yes","BNC"
"BNC-1069","A1945USNZHTROX","see",3,"modal","AB","yes","BNC"
"BNC-1069","A16SAB417Y96G4","see",1,"modal","AB","yes","BNC"
"BNC-1069","A1GXFMAC759VRM","see",3,"modal","AB","yes","BNC"
"BNC-1069","A25YG9M911WA3T","see",3,"modal","AB","yes","BNC"
"BNC-1069","A3W6T1WDYXMR3","see",2,"modal","AB","yes","BNC"
"BNC-1069","A2OVX9UW5WANQE","see",2,"modal","AB","yes","BNC"
"BNC-1069","AFN5VMMGYPF1I","see",3,"modal","AB","yes","BNC"
"BNC-107","A1GXFMAC759VRM","hear",2,"conditional","none","no","BNC"
"BNC-107","A1MJVTR0PCKBWW","hear",1,"conditional","none","no","BNC"
"BNC-107","A24LC97AU3QC7G","hear",2,"conditional","none","no","BNC"
"BNC-107","A1SWTHM03SN731","hear",-1,"conditional","none","no","BNC"
"BNC-107","A2RBF3IIJP15IH","hear",0,"conditional","none","no","BNC"
"BNC-107","A5EU1AQJNC7F2","hear",3,"conditional","none","no","BNC"
"BNC-107","A1F9KLZGHE9DTA","hear",3,"conditional","none","no","BNC"
"BNC-107","A36SM7QM8OK3H6","hear",2,"conditional","none","no","BNC"
"BNC-1070","A1945USNZHTROX","see",3,"modal","AB","yes","BNC"
"BNC-1070","ATGUAXNWCW8NI","see",1,"modal","AB","yes","BNC"
"BNC-1070","A1GXFMAC759VRM","see",3,"modal","AB","yes","BNC"
"BNC-1070","A25YG9M911WA3T","see",2,"modal","AB","yes","BNC"
"BNC-1070","A36SM7QM8OK3H6","see",3,"modal","AB","yes","BNC"
"BNC-1070","A3PIAHR6PGXZNT","see",3,"modal","AB","yes","BNC"
"BNC-1070","A125KW9P18V5Z1","see",2,"modal","AB","yes","BNC"
"BNC-1070","A1NM7ZPZ3NH412","see",3,"modal","AB","yes","BNC"
"BNC-1071","A1MJHGH55K3O0","see",3,"modal","AB","yes","BNC"
"BNC-1071","A25YG9M911WA3T","see",2,"modal","AB","yes","BNC"
"BNC-1071","A1945USNZHTROX","see",3,"modal","AB","yes","BNC"
"BNC-1071","A1NM7ZPZ3NH412","see",3,"modal","AB","yes","BNC"
"BNC-1071","A1GXFMAC759VRM","see",3,"modal","AB","yes","BNC"
"BNC-1071","A150GMV1YQWWB3","see",3,"modal","AB","yes","BNC"
"BNC-1071","A2IGPW784OFV3D","see",3,"modal","AB","yes","BNC"
"BNC-1071","A36SM7QM8OK3H6","see",3,"modal","AB","yes","BNC"
"BNC-1074","A27XYQJLE8D39R","see",3,"modal","EP","yes","BNC"
"BNC-1074","A2JOHICL072IY3","see",3,"modal","EP","yes","BNC"
"BNC-1074","A19IWME4DCIU1H","see",3,"modal","EP","yes","BNC"
"BNC-1074","A3POD149IG0DIW","see",2,"modal","EP","yes","BNC"
"BNC-1074","A240OTT1T85UGT","see",1,"modal","EP","yes","BNC"
"BNC-1074","A125KW9P18V5Z1","see",0,"modal","EP","yes","BNC"
"BNC-1074","ARJJKTGF3RDCO","see",1,"modal","EP","yes","BNC"
"BNC-1074","A1NM7ZPZ3NH412","see",3,"modal","EP","yes","BNC"
"BNC-1074","A3UEJQ4EJB9DBD","see",2,"modal","EP","yes","BNC"
"BNC-1075","A1NM7ZPZ3NH412","see",3,"modal","AB","yes","BNC"
"BNC-1075","A36SM7QM8OK3H6","see",3,"modal","AB","yes","BNC"
"BNC-1075","A150GMV1YQWWB3","see",3,"modal","AB","yes","BNC"
"BNC-1075","A1R4KVYEV07CAJ","see",2,"modal","AB","yes","BNC"
"BNC-1075","A1GXFMAC759VRM","see",3,"modal","AB","yes","BNC"
"BNC-1075","A1945USNZHTROX","see",3,"modal","AB","yes","BNC"
"BNC-1075","A3JP7DIFRS0ZBY","see",2,"modal","AB","yes","BNC"
"BNC-1075","A1HKCTDOTL6C9I","see",3,"modal","AB","yes","BNC"
"BNC-1077","A1GXFMAC759VRM","see",3,"modal","AB","yes","BNC"
"BNC-1077","A36SM7QM8OK3H6","see",3,"modal","AB","yes","BNC"
"BNC-1077","A1MJHGH55K3O0","see",3,"modal","AB","yes","BNC"
"BNC-1077","A150GMV1YQWWB3","see",2,"modal","AB","yes","BNC"
"BNC-1077","A3M26P1CBNLA4U","see",2,"modal","AB","yes","BNC"
"BNC-1077","AD8JNBDMO3NED","see",1,"modal","AB","yes","BNC"
"BNC-1077","A1945USNZHTROX","see",3,"modal","AB","yes","BNC"
"BNC-1077","ASI2B6A3Y556Z","see",3,"modal","AB","yes","BNC"
"BNC-1077","A25YG9M911WA3T","see",3,"modal","AB","yes","BNC"
"BNC-1080","A25YG9M911WA3T","see",2,"modal","AB","yes","BNC"
"BNC-1080","A1945USNZHTROX","see",3,"modal","AB","yes","BNC"
"BNC-1080","AFN5VMMGYPF1I","see",3,"modal","AB","yes","BNC"
"BNC-1080","A1NM7ZPZ3NH412","see",3,"modal","AB","yes","BNC"
"BNC-1080","A3PIAHR6PGXZNT","see",3,"modal","AB","yes","BNC"
"BNC-1080","A2SENAPNSXG9L","see",3,"modal","AB","yes","BNC"
"BNC-1080","A1GXFMAC759VRM","see",3,"modal","AB","yes","BNC"
"BNC-1080","A36SM7QM8OK3H6","see",3,"modal","AB","yes","BNC"
"BNC-1082","A1NM7ZPZ3NH412","see",3,"modal","AB","yes","BNC"
"BNC-1082","A2OVX9UW5WANQE","see",0,"modal","AB","yes","BNC"
"BNC-1082","A16SAB417Y96G4","see",2,"modal","AB","yes","BNC"
"BNC-1082","A36SM7QM8OK3H6","see",3,"modal","AB","yes","BNC"
"BNC-1082","A18LPAFMK1B06K","see",2,"modal","AB","yes","BNC"
"BNC-1082","A39Q4SNT7SRK94","see",-1,"modal","AB","yes","BNC"
"BNC-1082","A5EU1AQJNC7F2","see",3,"modal","AB","yes","BNC"
"BNC-1082","A5TI9UQEPLNWI","see",1,"modal","AB","yes","BNC"
"BNC-1083","AR1IWBDA7MC86","see",0,"modal","AB","yes","BNC"
"BNC-1083","A125KW9P18V5Z1","see",1,"modal","AB","yes","BNC"
"BNC-1083","A36SM7QM8OK3H6","see",3,"modal","AB","yes","BNC"
"BNC-1083","A5EU1AQJNC7F2","see",3,"modal","AB","yes","BNC"
"BNC-1083","A1F9KLZGHE9DTA","see",3,"modal","AB","yes","BNC"
"BNC-1083","A1A1A9UHNQCI9Y","see",1,"modal","AB","yes","BNC"
"BNC-1083","A1NM7ZPZ3NH412","see",3,"modal","AB","yes","BNC"
"BNC-1083","A1GXFMAC759VRM","see",3,"modal","AB","yes","BNC"
"BNC-1086","A4J4GGMKJ68L0","see",3,"modal","AB","yes","BNC"
"BNC-1086","A1945USNZHTROX","see",3,"modal","AB","yes","BNC"
"BNC-1086","A3GPTSDDHJ2DBV","see",1,"modal","AB","yes","BNC"
"BNC-1086","A1GXFMAC759VRM","see",3,"modal","AB","yes","BNC"
"BNC-1086","A55CXM7QR7R0N","see",0,"modal","AB","yes","BNC"
"BNC-1086","A36SM7QM8OK3H6","see",2,"modal","AB","yes","BNC"
"BNC-1086","A2541C8MY0BYV3","see",3,"modal","AB","yes","BNC"
"BNC-1086","A25YG9M911WA3T","see",2,"modal","AB","yes","BNC"
"BNC-1086","AFN5VMMGYPF1I","see",3,"modal","AB","yes","BNC"
"BNC-1087","A26M997VYVK0E6","see",3,"modal","AB","yes","BNC"
"BNC-1087","A1945USNZHTROX","see",3,"modal","AB","yes","BNC"
"BNC-1087","A1GXFMAC759VRM","see",3,"modal","AB","yes","BNC"
"BNC-1087","A1NM7ZPZ3NH412","see",3,"modal","AB","yes","BNC"
"BNC-1087","A150GMV1YQWWB3","see",3,"modal","AB","yes","BNC"
"BNC-1087","A2WCXJZEXXR60A","see",3,"modal","AB","yes","BNC"
"BNC-1087","A2RBF3IIJP15IH","see",2,"modal","AB","yes","BNC"
"BNC-1087","A36SM7QM8OK3H6","see",3,"modal","AB","yes","BNC"
"BNC-1089","A150GMV1YQWWB3","see",3,"modal","AB","yes","BNC"
"BNC-1089","A4J4GGMKJ68L0","see",0,"modal","AB","yes","BNC"
"BNC-1089","A1GXFMAC759VRM","see",3,"modal","AB","yes","BNC"
"BNC-1089","A36SM7QM8OK3H6","see",3,"modal","AB","yes","BNC"
"BNC-1089","A1NM7ZPZ3NH412","see",3,"modal","AB","yes","BNC"
"BNC-1089","A25YG9M911WA3T","see",2,"modal","AB","yes","BNC"
"BNC-1089","A2WCXJZEXXR60A","see",2,"modal","AB","yes","BNC"
"BNC-1089","A1945USNZHTROX","see",3,"modal","AB","yes","BNC"
"BNC-1091","A1GXFMAC759VRM","see",3,"modal","AB","yes","BNC"
"BNC-1091","A3U761PEG7MFKT","see",2,"modal","AB","yes","BNC"
"BNC-1091","A2541C8MY0BYV3","see",2,"modal","AB","yes","BNC"
"BNC-1091","A150GMV1YQWWB3","see",2,"modal","AB","yes","BNC"
"BNC-1091","A1945USNZHTROX","see",3,"modal","AB","yes","BNC"
"BNC-1091","A36SM7QM8OK3H6","see",3,"modal","AB","yes","BNC"
"BNC-1091","A25YG9M911WA3T","see",2,"modal","AB","yes","BNC"
"BNC-1091","A3GPTSDDHJ2DBV","see",1,"modal","AB","yes","BNC"
"BNC-1092","AFN5VMMGYPF1I","see",3,"modal","AB","yes","BNC"
"BNC-1092","A3VVR8NR3ED04C","see",2,"modal","AB","yes","BNC"
"BNC-1092","AKLV0WIZZ356X","see",2,"modal","AB","yes","BNC"
"BNC-1092","A1DIGREVLNOXT3","see",2,"modal","AB","yes","BNC"
"BNC-1092","A2M45YGLOWMO4N","see",1,"modal","AB","yes","BNC"
"BNC-1092","A36SM7QM8OK3H6","see",3,"modal","AB","yes","BNC"
"BNC-1092","A16SAB417Y96G4","see",0,"modal","AB","yes","BNC"
"BNC-1092","A2BA9Y6VGW6WS1","see",2,"modal","AB","yes","BNC"
"BNC-1092","A2NA2OJT15COZY","see",1,"modal","AB","yes","BNC"
"BNC-1093","A25YG9M911WA3T","see",3,"modal","AB","yes","BNC"
"BNC-1093","A2W3I2GBGDB637","see",0,"modal","AB","yes","BNC"
"BNC-1093","A1945USNZHTROX","see",3,"modal","AB","yes","BNC"
"BNC-1093","A1GXFMAC759VRM","see",2,"modal","AB","yes","BNC"
"BNC-1093","A1MJVTR0PCKBWW","see",2,"modal","AB","yes","BNC"
"BNC-1093","A2541C8MY0BYV3","see",3,"modal","AB","yes","BNC"
"BNC-1093","A36SM7QM8OK3H6","see",2,"modal","AB","yes","BNC"
"BNC-1093","A3VVR8NR3ED04C","see",2,"modal","AB","yes","BNC"
"BNC-1094","A1GXFMAC759VRM","see",3,"modal","AB","yes","BNC"
"BNC-1094","A36SM7QM8OK3H6","see",3,"modal","AB","yes","BNC"
"BNC-1094","A2W3I2GBGDB637","see",3,"modal","AB","yes","BNC"
"BNC-1094","A3609GDWR2JCCA","see",3,"modal","AB","yes","BNC"
"BNC-1094","AR1IWBDA7MC86","see",3,"modal","AB","yes","BNC"
"BNC-1094","A25YG9M911WA3T","see",3,"modal","AB","yes","BNC"
"BNC-1094","A150GMV1YQWWB3","see",3,"modal","AB","yes","BNC"
"BNC-1094","A1MJVTR0PCKBWW","see",3,"modal","AB","yes","BNC"
"BNC-1095","AX06ZUCRNSGB3","see",3,"modal","AB","yes","BNC"
"BNC-1095","A1GXFMAC759VRM","see",2,"modal","AB","yes","BNC"
"BNC-1095","AFN5VMMGYPF1I","see",3,"modal","AB","yes","BNC"
"BNC-1095","A3OXSIR9YH1FT6","see",3,"modal","AB","yes","BNC"
"BNC-1095","AOTF48KUV9KWM","see",2,"modal","AB","yes","BNC"
"BNC-1095","A3E9A9O3CLMEW","see",3,"modal","AB","yes","BNC"
"BNC-1095","AR1IWBDA7MC86","see",-2,"modal","AB","yes","BNC"
"BNC-1095","A36SM7QM8OK3H6","see",3,"modal","AB","yes","BNC"
"BNC-1099","A1NM7ZPZ3NH412","see",3,"modal","AB","yes","BNC"
"BNC-1099","A1GXFMAC759VRM","see",3,"modal","AB","yes","BNC"
"BNC-1099","A3OMUSG91MTI3H","see",3,"modal","AB","yes","BNC"
"BNC-1099","A25YG9M911WA3T","see",3,"modal","AB","yes","BNC"
"BNC-1099","A1945USNZHTROX","see",3,"modal","AB","yes","BNC"
"BNC-1099","A34930YXVQ8SUT","see",3,"modal","AB","yes","BNC"
"BNC-1099","A3RDH0U2H6JCBC","see",3,"modal","AB","yes","BNC"
"BNC-1099","A36SM7QM8OK3H6","see",3,"modal","AB","yes","BNC"
"BNC-1100","A3VVR8NR3ED04C","see",3,"modal","AB","yes","BNC"
"BNC-1100","A1FHH3XEFEQYV7","see",1,"modal","AB","yes","BNC"
"BNC-1100","A1NM7ZPZ3NH412","see",3,"modal","AB","yes","BNC"
"BNC-1100","A36SM7QM8OK3H6","see",3,"modal","AB","yes","BNC"
"BNC-1100","AEO84PDSWW0W","see",3,"modal","AB","yes","BNC"
"BNC-1100","A1GXFMAC759VRM","see",3,"modal","AB","yes","BNC"
"BNC-1100","A25YG9M911WA3T","see",3,"modal","AB","yes","BNC"
"BNC-1100","A1945USNZHTROX","see",3,"modal","AB","yes","BNC"
"BNC-1100","AC5UD8N187QD6","see",3,"modal","AB","yes","BNC"
"BNC-1101","A1GXFMAC759VRM","see",3,"modal","AB","yes","BNC"
"BNC-1101","A1MJVTR0PCKBWW","see",2,"modal","AB","yes","BNC"
"BNC-1101","A150GMV1YQWWB3","see",3,"modal","AB","yes","BNC"
"BNC-1101","A25YG9M911WA3T","see",3,"modal","AB","yes","BNC"
"BNC-1101","AZIY6IFOS4CVC","see",3,"modal","AB","yes","BNC"
"BNC-1101","A2EOOF9D135HQ1","see",3,"modal","AB","yes","BNC"
"BNC-1101","A3L2UB07EZJAMD","see",3,"modal","AB","yes","BNC"
"BNC-1101","A36SM7QM8OK3H6","see",3,"modal","AB","yes","BNC"
"BNC-1101","A33NK36A94Y75Y","see",-2,"modal","AB","yes","BNC"
"BNC-1102","A22ABLVEI5EGPL","see",3,"modal","AB","yes","BNC"
"BNC-1102","APITQRRX2PADB","see",2,"modal","AB","yes","BNC"
"BNC-1102","AOVN1TVNI7HJ7","see",3,"modal","AB","yes","BNC"
"BNC-1102","A333BXH5ATXBHC","see",3,"modal","AB","yes","BNC"
"BNC-1102","A1QVNF19XSRSD7","see",1,"modal","AB","yes","BNC"
"BNC-1102","ASI2B6A3Y556Z","see",3,"modal","AB","yes","BNC"
"BNC-1102","A39GADIK8RLMVC","see",3,"modal","AB","yes","BNC"
"BNC-1102","A1Y0Y6U906ABT5","see",3,"modal","AB","yes","BNC"
"BNC-1106","A1GXFMAC759VRM","see",3,"modal","AB","yes","BNC"
"BNC-1106","A1MJVTR0PCKBWW","see",3,"modal","AB","yes","BNC"
"BNC-1106","A36SM7QM8OK3H6","see",2,"modal","AB","yes","BNC"
"BNC-1106","A2BA9Y6VGW6WS1","see",2,"modal","AB","yes","BNC"
"BNC-1106","A1DIGREVLNOXT3","see",3,"modal","AB","yes","BNC"
"BNC-1106","A2CF2BD4Q0ZDJN","see",3,"modal","AB","yes","BNC"
"BNC-1106","A2RRC5B4M80XXO","see",3,"modal","AB","yes","BNC"
"BNC-1106","A3843S9LWPDN2K","see",3,"modal","AB","yes","BNC"
"BNC-1111","A3609GDWR2JCCA","suggest",0,"modal","AB","no","BNC"
"BNC-1111","A36SM7QM8OK3H6","suggest",1,"modal","AB","no","BNC"
"BNC-1111","A25YG9M911WA3T","suggest",2,"modal","AB","no","BNC"
"BNC-1111","A3LJ2FHESYV9QQ","suggest",0,"modal","AB","no","BNC"
"BNC-1111","A1945USNZHTROX","suggest",3,"modal","AB","no","BNC"
"BNC-1111","A1GXFMAC759VRM","suggest",2,"modal","AB","no","BNC"
"BNC-1111","A10BH9PYCYUKDJ","suggest",3,"modal","AB","no","BNC"
"BNC-1111","A2BA9Y6VGW6WS1","suggest",1,"modal","AB","no","BNC"
"BNC-1111","A150GMV1YQWWB3","suggest",1,"modal","AB","no","BNC"
"BNC-1114","AFN5VMMGYPF1I","suggest",0,"modal","EP","no","BNC"
"BNC-1114","A2BA9Y6VGW6WS1","suggest",1,"modal","EP","no","BNC"
"BNC-1114","A150GMV1YQWWB3","suggest",1,"modal","EP","no","BNC"
"BNC-1114","A1945USNZHTROX","suggest",3,"modal","EP","no","BNC"
"BNC-1114","A3LJ2FHESYV9QQ","suggest",0,"modal","EP","no","BNC"
"BNC-1114","A1GXFMAC759VRM","suggest",2,"modal","EP","no","BNC"
"BNC-1114","A25YG9M911WA3T","suggest",0,"modal","EP","no","BNC"
"BNC-1114","A36SM7QM8OK3H6","suggest",1,"modal","EP","no","BNC"
"BNC-1116","A1945USNZHTROX","suggest",2,"modal","AB","no","BNC"
"BNC-1116","A36SM7QM8OK3H6","suggest",1,"modal","AB","no","BNC"
"BNC-1116","A1TARNH07A75CG","suggest",1,"modal","AB","no","BNC"
"BNC-1116","A2SENAPNSXG9L","suggest",2,"modal","AB","no","BNC"
"BNC-1116","A3609GDWR2JCCA","suggest",0,"modal","AB","no","BNC"
"BNC-1116","A2KVYRNL2CK95F","suggest",2,"modal","AB","no","BNC"
"BNC-1116","AFN5VMMGYPF1I","suggest",0,"modal","AB","no","BNC"
"BNC-1116","A25YG9M911WA3T","suggest",0,"modal","AB","no","BNC"
"BNC-1116","A217W59SA6LZSR","suggest",0,"modal","AB","no","BNC"
"BNC-1121","AFN5VMMGYPF1I","suppose",0,"modal","AB","no","BNC"
"BNC-1121","A1945USNZHTROX","suppose",1,"modal","AB","no","BNC"
"BNC-1121","ANQ0RLFEZ17W0","suppose",1,"modal","AB","no","BNC"
"BNC-1121","A150GMV1YQWWB3","suppose",0,"modal","AB","no","BNC"
"BNC-1121","A25YG9M911WA3T","suppose",0,"modal","AB","no","BNC"
"BNC-1121","A3RVYJNYREMTAH","suppose",2,"modal","AB","no","BNC"
"BNC-1121","A1GXFMAC759VRM","suppose",2,"modal","AB","no","BNC"
"BNC-1121","A36SM7QM8OK3H6","suppose",0,"modal","AB","no","BNC"
"BNC-1122","A36SM7QM8OK3H6","suppose",1,"modal","AB","no","BNC"
"BNC-1122","A25YG9M911WA3T","suppose",0,"modal","AB","no","BNC"
"BNC-1122","A3L2UB07EZJAMD","suppose",0,"modal","AB","no","BNC"
"BNC-1122","A1GXFMAC759VRM","suppose",0,"modal","AB","no","BNC"
"BNC-1122","AFN5VMMGYPF1I","suppose",1,"modal","AB","no","BNC"
"BNC-1122","A2A0DKZ4Y9I6OV","suppose",-1,"modal","AB","no","BNC"
"BNC-1122","ASI2B6A3Y556Z","suppose",1,"modal","AB","no","BNC"
"BNC-1122","A1945USNZHTROX","suppose",3,"modal","AB","no","BNC"
"BNC-1123","AFWKRID53R1XA","suppose",0,"modal","CI","no","BNC"
"BNC-1123","A1GXFMAC759VRM","suppose",1,"modal","CI","no","BNC"
"BNC-1123","A150GMV1YQWWB3","suppose",0,"modal","CI","no","BNC"
"BNC-1123","AFN5VMMGYPF1I","suppose",0,"modal","CI","no","BNC"
"BNC-1123","A36SM7QM8OK3H6","suppose",2,"modal","CI","no","BNC"
"BNC-1123","A3LJ2FHESYV9QQ","suppose",0,"modal","CI","no","BNC"
"BNC-1123","A1945USNZHTROX","suppose",1,"modal","CI","no","BNC"
"BNC-1123","A25YG9M911WA3T","suppose",0,"modal","CI","no","BNC"
"BNC-1124","A2AMQX0BQZXG9N","suspect",2,"modal","EP","no","BNC"
"BNC-1124","A1GXFMAC759VRM","suspect",-1,"modal","EP","no","BNC"
"BNC-1124","A18T67NDI2JK5Y","suspect",3,"modal","EP","no","BNC"
"BNC-1124","A1DIGREVLNOXT3","suspect",-3,"modal","EP","no","BNC"
"BNC-1124","A36SM7QM8OK3H6","suspect",-2,"modal","EP","no","BNC"
"BNC-1124","A1MJVTR0PCKBWW","suspect",1,"modal","EP","no","BNC"
"BNC-1124","A2RBF3IIJP15IH","suspect",3,"modal","EP","no","BNC"
"BNC-1124","A1HWTTN3JEUNZY","suspect",-2,"modal","EP","no","BNC"
"BNC-1124","A5EU1AQJNC7F2","suspect",1,"modal","EP","no","BNC"
"BNC-1127","A125KW9P18V5Z1","suspect",3,"modal","EP","no","BNC"
"BNC-1127","A2EOOF9D135HQ1","suspect",0,"modal","EP","no","BNC"
"BNC-1127","A36SM7QM8OK3H6","suspect",1,"modal","EP","no","BNC"
"BNC-1127","AKLV0WIZZ356X","suspect",0,"modal","EP","no","BNC"
"BNC-1127","A1MJVTR0PCKBWW","suspect",2,"modal","EP","no","BNC"
"BNC-1127","A1GXFMAC759VRM","suspect",-1,"modal","EP","no","BNC"
"BNC-1127","A24LC97AU3QC7G","suspect",0,"modal","EP","no","BNC"
"BNC-1127","AFHRMJIHMGLDE","suspect",0,"modal","EP","no","BNC"
"BNC-1129","A25YG9M911WA3T","suspect",2,"modal","EP","no","BNC"
"BNC-1129","A125KW9P18V5Z1","suspect",3,"modal","EP","no","BNC"
"BNC-1129","A1945USNZHTROX","suspect",3,"modal","EP","no","BNC"
"BNC-1129","A1GXFMAC759VRM","suspect",3,"modal","EP","no","BNC"
"BNC-1129","AFN5VMMGYPF1I","suspect",1,"modal","EP","no","BNC"
"BNC-1129","A36SM7QM8OK3H6","suspect",2,"modal","EP","no","BNC"
"BNC-1129","A1F9KLZGHE9DTA","suspect",3,"modal","EP","no","BNC"
"BNC-1129","A12R2U6TBB3OOG","suspect",3,"modal","EP","no","BNC"
"BNC-1129","A2NA2OJT15COZY","suspect",-1,"modal","EP","no","BNC"
"BNC-1130","A1MJVTR0PCKBWW","suspect",2,"modal","EP","no","BNC"
"BNC-1130","A24LC97AU3QC7G","suspect",1,"modal","EP","no","BNC"
"BNC-1130","A2RBF3IIJP15IH","suspect",1,"modal","EP","no","BNC"
"BNC-1130","A1F9KLZGHE9DTA","suspect",2,"modal","EP","no","BNC"
"BNC-1130","A1SWTHM03SN731","suspect",0,"modal","EP","no","BNC"
"BNC-1130","A5EU1AQJNC7F2","suspect",0,"modal","EP","no","BNC"
"BNC-1130","A36SM7QM8OK3H6","suspect",0,"modal","EP","no","BNC"
"BNC-1130","A1GXFMAC759VRM","suspect",0,"modal","EP","no","BNC"
"BNC-1131","A1X94LTZZQMHTP","suspect",-2,"modal","EP","no","BNC"
"BNC-1131","A36SM7QM8OK3H6","suspect",1,"modal","EP","no","BNC"
"BNC-1131","A1GXFMAC759VRM","suspect",2,"modal","EP","no","BNC"
"BNC-1131","A2YCMT5BPA0AG9","suspect",2,"modal","EP","no","BNC"
"BNC-1131","A125KW9P18V5Z1","suspect",1,"modal","EP","no","BNC"
"BNC-1131","A24LC97AU3QC7G","suspect",2,"modal","EP","no","BNC"
"BNC-1131","A2AMQX0BQZXG9N","suspect",3,"modal","EP","no","BNC"
"BNC-1131","A1MJVTR0PCKBWW","suspect",-2,"modal","EP","no","BNC"
"BNC-1131","A5EU1AQJNC7F2","suspect",1,"modal","EP","no","BNC"
"BNC-1132","A150GMV1YQWWB3","suspect",0,"modal","EP","no","BNC"
"BNC-1132","A36SM7QM8OK3H6","suspect",1,"modal","EP","no","BNC"
"BNC-1132","A1MJVTR0PCKBWW","suspect",0,"modal","EP","no","BNC"
"BNC-1132","A12R2U6TBB3OOG","suspect",0,"modal","EP","no","BNC"
"BNC-1132","AFN5VMMGYPF1I","suspect",0,"modal","EP","no","BNC"
"BNC-1132","A1GXFMAC759VRM","suspect",-1,"modal","EP","no","BNC"
"BNC-1132","A1945USNZHTROX","suspect",3,"modal","EP","no","BNC"
"BNC-1132","A3VBAQB2WO36Q1","suspect",0,"modal","EP","no","BNC"
"BNC-1133","A1945USNZHTROX","suspect",3,"modal","CI","no","BNC"
"BNC-1133","A2NA2OJT15COZY","suspect",1,"modal","CI","no","BNC"
"BNC-1133","A36SM7QM8OK3H6","suspect",1,"modal","CI","no","BNC"
"BNC-1133","AFN5VMMGYPF1I","suspect",0,"modal","CI","no","BNC"
"BNC-1133","A2541C8MY0BYV3","suspect",2,"modal","CI","no","BNC"
"BNC-1133","A150GMV1YQWWB3","suspect",0,"modal","CI","no","BNC"
"BNC-1133","A25YG9M911WA3T","suspect",1,"modal","CI","no","BNC"
"BNC-1133","A1GXFMAC759VRM","suspect",2,"modal","CI","no","BNC"
"BNC-1134","A36SM7QM8OK3H6","suspect",-3,"modal","EP","no","BNC"
"BNC-1134","A12R2U6TBB3OOG","suspect",-3,"modal","EP","no","BNC"
"BNC-1134","A2541C8MY0BYV3","suspect",1,"modal","EP","no","BNC"
"BNC-1134","A5EU1AQJNC7F2","suspect",1,"modal","EP","no","BNC"
"BNC-1134","A150GMV1YQWWB3","suspect",-3,"modal","EP","no","BNC"
"BNC-1134","A25YG9M911WA3T","suspect",-2,"modal","EP","no","BNC"
"BNC-1134","A1MJVTR0PCKBWW","suspect",2,"modal","EP","no","BNC"
"BNC-1134","A1945USNZHTROX","suspect",3,"modal","EP","no","BNC"
"BNC-1135","AV22FQTJNBUZT","suspect",3,"modal","CI","no","BNC"
"BNC-1135","A2NA2OJT15COZY","suspect",-2,"modal","CI","no","BNC"
"BNC-1135","A25YG9M911WA3T","suspect",0,"modal","CI","no","BNC"
"BNC-1135","A1GXFMAC759VRM","suspect",3,"modal","CI","no","BNC"
"BNC-1135","A1MJVTR0PCKBWW","suspect",3,"modal","CI","no","BNC"
"BNC-1135","A36SM7QM8OK3H6","suspect",-2,"modal","CI","no","BNC"
"BNC-1135","AFN5VMMGYPF1I","suspect",1,"modal","CI","no","BNC"
"BNC-1135","A4J4GGMKJ68L0","suspect",-3,"modal","CI","no","BNC"
"BNC-1135","A150GMV1YQWWB3","suspect",0,"modal","CI","no","BNC"
"BNC-1136","A1GXFMAC759VRM","suspect",3,"modal","EP","no","BNC"
"BNC-1136","A125KW9P18V5Z1","suspect",0,"modal","EP","no","BNC"
"BNC-1136","A25YG9M911WA3T","suspect",1,"modal","EP","no","BNC"
"BNC-1136","AFN5VMMGYPF1I","suspect",0,"modal","EP","no","BNC"
"BNC-1136","A1945USNZHTROX","suspect",3,"modal","EP","no","BNC"
"BNC-1136","A7KLTVEIASF4J","suspect",0,"modal","EP","no","BNC"
"BNC-1136","A36SM7QM8OK3H6","suspect",1,"modal","EP","no","BNC"
"BNC-1136","AC5UD8N187QD6","suspect",0,"modal","EP","no","BNC"
"BNC-1137","A25YG9M911WA3T","suspect",0,"modal","EP","no","BNC"
"BNC-1137","A2W8ZV9DQWVHJK","suspect",1,"modal","EP","no","BNC"
"BNC-1137","A36SM7QM8OK3H6","suspect",0,"modal","EP","no","BNC"
"BNC-1137","AFN5VMMGYPF1I","suspect",1,"modal","EP","no","BNC"
"BNC-1137","A2BA9Y6VGW6WS1","suspect",0,"modal","EP","no","BNC"
"BNC-1137","A150GMV1YQWWB3","suspect",-1,"modal","EP","no","BNC"
"BNC-1137","A3LJ2FHESYV9QQ","suspect",0,"modal","EP","no","BNC"
"BNC-1137","A1F3P6N7BO9HBN","suspect",2,"modal","EP","no","BNC"
"BNC-1137","A1945USNZHTROX","suspect",2,"modal","EP","no","BNC"
"BNC-1141","A2541C8MY0BYV3","tell",-1,"modal","EP","no","BNC"
"BNC-1141","A36SM7QM8OK3H6","tell",3,"modal","EP","no","BNC"
"BNC-1141","A3LJ2FHESYV9QQ","tell",3,"modal","EP","no","BNC"
"BNC-1141","A150GMV1YQWWB3","tell",2,"modal","EP","no","BNC"
"BNC-1141","A1945USNZHTROX","tell",3,"modal","EP","no","BNC"
"BNC-1141","A25YG9M911WA3T","tell",3,"modal","EP","no","BNC"
"BNC-1141","A3RVYJNYREMTAH","tell",3,"modal","EP","no","BNC"
"BNC-1141","A1GXFMAC759VRM","tell",3,"modal","EP","no","BNC"
"BNC-1141","A3OXRDSUN9F10I","tell",-2,"modal","EP","no","BNC"
"BNC-1142","A1GXFMAC759VRM","tell",3,"modal","AB","no","BNC"
"BNC-1142","A1945USNZHTROX","tell",3,"modal","AB","no","BNC"
"BNC-1142","A25YG9M911WA3T","tell",3,"modal","AB","no","BNC"
"BNC-1142","A150GMV1YQWWB3","tell",3,"modal","AB","no","BNC"
"BNC-1142","AJRY9ALX8069Y","tell",3,"modal","AB","no","BNC"
"BNC-1142","A36SM7QM8OK3H6","tell",3,"modal","AB","no","BNC"
"BNC-1142","A3609GDWR2JCCA","tell",3,"modal","AB","no","BNC"
"BNC-1142","A2BA9Y6VGW6WS1","tell",3,"modal","AB","no","BNC"
"BNC-1142","AFN5VMMGYPF1I","tell",3,"modal","AB","no","BNC"
"BNC-1144","A1UWJTUVGAAF6D","tell",2,"modal","AB","no","BNC"
"BNC-1144","A1945USNZHTROX","tell",3,"modal","AB","no","BNC"
"BNC-1144","A25YG9M911WA3T","tell",3,"modal","AB","no","BNC"
"BNC-1144","A36SM7QM8OK3H6","tell",2,"modal","AB","no","BNC"
"BNC-1144","A150GMV1YQWWB3","tell",3,"modal","AB","no","BNC"
"BNC-1144","A34930YXVQ8SUT","tell",3,"modal","AB","no","BNC"
"BNC-1144","A1GXFMAC759VRM","tell",3,"modal","AB","no","BNC"
"BNC-1144","A2OVX9UW5WANQE","tell",3,"modal","AB","no","BNC"
"BNC-1145","A1945USNZHTROX","tell",3,"modal","AB","no","BNC"
"BNC-1145","A36SM7QM8OK3H6","tell",2,"modal","AB","no","BNC"
"BNC-1145","A1GXFMAC759VRM","tell",3,"modal","AB","no","BNC"
"BNC-1145","A2NA2OJT15COZY","tell",2,"modal","AB","no","BNC"
"BNC-1145","A150GMV1YQWWB3","tell",1,"modal","AB","no","BNC"
"BNC-1145","AFN5VMMGYPF1I","tell",3,"modal","AB","no","BNC"
"BNC-1145","A25YG9M911WA3T","tell",2,"modal","AB","no","BNC"
"BNC-1145","A2541C8MY0BYV3","tell",3,"modal","AB","no","BNC"
"BNC-1146","A25YG9M911WA3T","tell",-1,"modal","AB","no","BNC"
"BNC-1146","A2541C8MY0BYV3","tell",2,"modal","AB","no","BNC"
"BNC-1146","A36SM7QM8OK3H6","tell",2,"modal","AB","no","BNC"
"BNC-1146","A12R2U6TBB3OOG","tell",3,"modal","AB","no","BNC"
"BNC-1146","A150GMV1YQWWB3","tell",2,"modal","AB","no","BNC"
"BNC-1146","A1MJVTR0PCKBWW","tell",1,"modal","AB","no","BNC"
"BNC-1146","A1945USNZHTROX","tell",3,"modal","AB","no","BNC"
"BNC-1146","A5EU1AQJNC7F2","tell",3,"modal","AB","no","BNC"
"BNC-1147","A1GXFMAC759VRM","tell",3,"modal","AB","no","BNC"
"BNC-1147","A36SM7QM8OK3H6","tell",3,"modal","AB","no","BNC"
"BNC-1147","A3RVYJNYREMTAH","tell",3,"modal","AB","no","BNC"
"BNC-1147","A25YG9M911WA3T","tell",2,"modal","AB","no","BNC"
"BNC-1147","AFN5VMMGYPF1I","tell",3,"modal","AB","no","BNC"
"BNC-1147","A1945USNZHTROX","tell",3,"modal","AB","no","BNC"
"BNC-1147","A150GMV1YQWWB3","tell",2,"modal","AB","no","BNC"
"BNC-1147","ANQ0RLFEZ17W0","tell",3,"modal","AB","no","BNC"
"BNC-1148","A25YG9M911WA3T","tell",3,"modal","AB","no","BNC"
"BNC-1148","A3LJ2FHESYV9QQ","tell",3,"modal","AB","no","BNC"
"BNC-1148","A1GXFMAC759VRM","tell",3,"modal","AB","no","BNC"
"BNC-1148","A36SM7QM8OK3H6","tell",3,"modal","AB","no","BNC"
"BNC-1148","A150GMV1YQWWB3","tell",3,"modal","AB","no","BNC"
"BNC-1148","A1945USNZHTROX","tell",3,"modal","AB","no","BNC"
"BNC-1148","AFN5VMMGYPF1I","tell",3,"modal","AB","no","BNC"
"BNC-1148","AFWKRID53R1XA","tell",2,"modal","AB","no","BNC"
"BNC-1150","A28AX4H70DPKKK","tell",1,"modal","AB","no","BNC"
"BNC-1150","A32TGAK321JDFF","tell",3,"modal","AB","no","BNC"
"BNC-1150","A1MJVTR0PCKBWW","tell",3,"modal","AB","no","BNC"
"BNC-1150","A3DFJV1RD653DQ","tell",2,"modal","AB","no","BNC"
"BNC-1150","AC5UD8N187QD6","tell",2,"modal","AB","no","BNC"
"BNC-1150","A1GXFMAC759VRM","tell",3,"modal","AB","no","BNC"
"BNC-1150","A36SM7QM8OK3H6","tell",3,"modal","AB","no","BNC"
"BNC-1150","A1IXH2QLUU5BKZ","tell",2,"modal","AB","no","BNC"
"BNC-1150","A2CJYS92WX7HN6","tell",2,"modal","AB","no","BNC"
"BNC-1154","A2A0DKZ4Y9I6OV","tell",2,"modal","AB","no","BNC"
"BNC-1154","A36SM7QM8OK3H6","tell",-2,"modal","AB","no","BNC"
"BNC-1154","ASI2B6A3Y556Z","tell",3,"modal","AB","no","BNC"
"BNC-1154","A3L2UB07EZJAMD","tell",3,"modal","AB","no","BNC"
"BNC-1154","A1GXFMAC759VRM","tell",3,"modal","AB","no","BNC"
"BNC-1154","A1945USNZHTROX","tell",3,"modal","AB","no","BNC"
"BNC-1154","AFN5VMMGYPF1I","tell",3,"modal","AB","no","BNC"
"BNC-1154","A25YG9M911WA3T","tell",2,"modal","AB","no","BNC"
"BNC-1158","A1GXFMAC759VRM","tell",3,"modal","DE","no","BNC"
"BNC-1158","A2NA2OJT15COZY","tell",-3,"modal","DE","no","BNC"
"BNC-1158","A36SM7QM8OK3H6","tell",-3,"modal","DE","no","BNC"
"BNC-1158","A1BWS5AD2T4NIR","tell",3,"modal","DE","no","BNC"
"BNC-1158","A16G6PPH1INQL8","tell",3,"modal","DE","no","BNC"
"BNC-1158","A3TCFIPOBRZZB3","tell",3,"modal","DE","no","BNC"
"BNC-1158","AC5UD8N187QD6","tell",2,"modal","DE","no","BNC"
"BNC-1158","A3DFJV1RD653DQ","tell",0,"modal","DE","no","BNC"
"BNC-1159","A36SM7QM8OK3H6","tell",3,"modal","AB","no","BNC"
"BNC-1159","A24LC97AU3QC7G","tell",0,"modal","AB","no","BNC"
"BNC-1159","A1945USNZHTROX","tell",3,"modal","AB","no","BNC"
"BNC-1159","A25YG9M911WA3T","tell",2,"modal","AB","no","BNC"
"BNC-1159","A35C12CR628WKD","tell",2,"modal","AB","no","BNC"
"BNC-1159","A2541C8MY0BYV3","tell",3,"modal","AB","no","BNC"
"BNC-1159","A3LJ2FHESYV9QQ","tell",2,"modal","AB","no","BNC"
"BNC-1159","A3609GDWR2JCCA","tell",3,"modal","AB","no","BNC"
"BNC-1159","A3TY2K1HBA19PO","tell",3,"modal","AB","no","BNC"
"BNC-116","AR1IWBDA7MC86","imagine",0,"conditional","none","no","BNC"
"BNC-116","A36SM7QM8OK3H6","imagine",-3,"conditional","none","no","BNC"
"BNC-116","AFN5VMMGYPF1I","imagine",-3,"conditional","none","no","BNC"
"BNC-116","A3OXSIR9YH1FT6","imagine",0,"conditional","none","no","BNC"
"BNC-116","A3E9A9O3CLMEW","imagine",-1,"conditional","none","no","BNC"
"BNC-116","AOTF48KUV9KWM","imagine",-2,"conditional","none","no","BNC"
"BNC-116","AX06ZUCRNSGB3","imagine",-3,"conditional","none","no","BNC"
"BNC-116","A1GXFMAC759VRM","imagine",-2,"conditional","none","no","BNC"
"BNC-1160","A36SM7QM8OK3H6","tell",3,"modal","AB","no","BNC"
"BNC-1160","A150GMV1YQWWB3","tell",3,"modal","AB","no","BNC"
"BNC-1160","A1F3P6N7BO9HBN","tell",3,"modal","AB","no","BNC"
"BNC-1160","A2W8ZV9DQWVHJK","tell",2,"modal","AB","no","BNC"
"BNC-1160","A2BA9Y6VGW6WS1","tell",3,"modal","AB","no","BNC"
"BNC-1160","A3LJ2FHESYV9QQ","tell",3,"modal","AB","no","BNC"
"BNC-1160","AFN5VMMGYPF1I","tell",3,"modal","AB","no","BNC"
"BNC-1160","A25YG9M911WA3T","tell",3,"modal","AB","no","BNC"
"BNC-1160","A1945USNZHTROX","tell",3,"modal","AB","no","BNC"
"BNC-1163","A3OMUSG91MTI3H","tell",2,"modal","AB","no","BNC"
"BNC-1163","A1945USNZHTROX","tell",3,"modal","AB","no","BNC"
"BNC-1163","A25YG9M911WA3T","tell",2,"modal","AB","no","BNC"
"BNC-1163","A1NM7ZPZ3NH412","tell",2,"modal","AB","no","BNC"
"BNC-1163","A3RDH0U2H6JCBC","tell",2,"modal","AB","no","BNC"
"BNC-1163","A1GXFMAC759VRM","tell",3,"modal","AB","no","BNC"
"BNC-1163","A34930YXVQ8SUT","tell",3,"modal","AB","no","BNC"
"BNC-1163","A36SM7QM8OK3H6","tell",3,"modal","AB","no","BNC"
"BNC-1164","A25YG9M911WA3T","tell",2,"modal","AB","no","BNC"
"BNC-1164","AFN5VMMGYPF1I","tell",3,"modal","AB","no","BNC"
"BNC-1164","A1945USNZHTROX","tell",3,"modal","AB","no","BNC"
"BNC-1164","A1TARNH07A75CG","tell",3,"modal","AB","no","BNC"
"BNC-1164","A3609GDWR2JCCA","tell",3,"modal","AB","no","BNC"
"BNC-1164","A2SENAPNSXG9L","tell",3,"modal","AB","no","BNC"
"BNC-1164","A36SM7QM8OK3H6","tell",2,"modal","AB","no","BNC"
"BNC-1164","A2KVYRNL2CK95F","tell",3,"modal","AB","no","BNC"
"BNC-1164","A217W59SA6LZSR","tell",-1,"modal","AB","no","BNC"
"BNC-1166","A2BA9Y6VGW6WS1","tell",2,"modal","AB","no","BNC"
"BNC-1166","A36SM7QM8OK3H6","tell",3,"modal","AB","no","BNC"
"BNC-1166","A150GMV1YQWWB3","tell",2,"modal","AB","no","BNC"
"BNC-1166","A3LJ2FHESYV9QQ","tell",3,"modal","AB","no","BNC"
"BNC-1166","A25YG9M911WA3T","tell",2,"modal","AB","no","BNC"
"BNC-1166","AFN5VMMGYPF1I","tell",3,"modal","AB","no","BNC"
"BNC-1166","A1945USNZHTROX","tell",3,"modal","AB","no","BNC"
"BNC-1166","A1GXFMAC759VRM","tell",3,"modal","AB","no","BNC"
"BNC-1169","A1MJVTR0PCKBWW","tell",3,"modal","AB","no","BNC"
"BNC-1169","AV22FQTJNBUZT","tell",3,"modal","AB","no","BNC"
"BNC-1169","A25YG9M911WA3T","tell",3,"modal","AB","no","BNC"
"BNC-1169","A4J4GGMKJ68L0","tell",3,"modal","AB","no","BNC"
"BNC-1169","A36SM7QM8OK3H6","tell",3,"modal","AB","no","BNC"
"BNC-1169","A2NA2OJT15COZY","tell",3,"modal","AB","no","BNC"
"BNC-1169","A150GMV1YQWWB3","tell",3,"modal","AB","no","BNC"
"BNC-1169","AFN5VMMGYPF1I","tell",3,"modal","AB","no","BNC"
"BNC-1169","A1GXFMAC759VRM","tell",3,"modal","AB","no","BNC"
"BNC-1173","A12R2U6TBB3OOG","tell",3,"modal","AB","no","BNC"
"BNC-1173","A36SM7QM8OK3H6","tell",3,"modal","AB","no","BNC"
"BNC-1173","A1MJVTR0PCKBWW","tell",3,"modal","AB","no","BNC"
"BNC-1173","A1945USNZHTROX","tell",3,"modal","AB","no","BNC"
"BNC-1173","A150GMV1YQWWB3","tell",3,"modal","AB","no","BNC"
"BNC-1173","A1GXFMAC759VRM","tell",3,"modal","AB","no","BNC"
"BNC-1173","AFN5VMMGYPF1I","tell",3,"modal","AB","no","BNC"
"BNC-1173","A3VBAQB2WO36Q1","tell",2,"modal","AB","no","BNC"
"BNC-1180","A1945USNZHTROX","tell",3,"modal","AB","no","BNC"
"BNC-1180","A36SM7QM8OK3H6","tell",1,"modal","AB","no","BNC"
"BNC-1180","A125KW9P18V5Z1","tell",-3,"modal","AB","no","BNC"
"BNC-1180","AFN5VMMGYPF1I","tell",2,"modal","AB","no","BNC"
"BNC-1180","AC5UD8N187QD6","tell",-1,"modal","AB","no","BNC"
"BNC-1180","A1GXFMAC759VRM","tell",-3,"modal","AB","no","BNC"
"BNC-1180","A7KLTVEIASF4J","tell",0,"modal","AB","no","BNC"
"BNC-1180","A25YG9M911WA3T","tell",2,"modal","AB","no","BNC"
"BNC-1185","A36SM7QM8OK3H6","tell",1,"modal","AB","no","BNC"
"BNC-1185","A1R4KVYEV07CAJ","tell",3,"modal","AB","no","BNC"
"BNC-1185","A1945USNZHTROX","tell",3,"modal","AB","no","BNC"
"BNC-1185","A1HKCTDOTL6C9I","tell",2,"modal","AB","no","BNC"
"BNC-1185","A3JP7DIFRS0ZBY","tell",3,"modal","AB","no","BNC"
"BNC-1185","A1GXFMAC759VRM","tell",3,"modal","AB","no","BNC"
"BNC-1185","A150GMV1YQWWB3","tell",3,"modal","AB","no","BNC"
"BNC-1185","A1NM7ZPZ3NH412","tell",3,"modal","AB","no","BNC"
"BNC-1187","A1MJVTR0PCKBWW","think",3,"modal","EP","no","BNC"
"BNC-1187","A24LC97AU3QC7G","think",-1,"modal","EP","no","BNC"
"BNC-1187","A1GXFMAC759VRM","think",0,"modal","EP","no","BNC"
"BNC-1187","A5EU1AQJNC7F2","think",0,"modal","EP","no","BNC"
"BNC-1187","A2RBF3IIJP15IH","think",-1,"modal","EP","no","BNC"
"BNC-1187","A1F9KLZGHE9DTA","think",-2,"modal","EP","no","BNC"
"BNC-1187","A1SWTHM03SN731","think",-2,"modal","EP","no","BNC"
"BNC-1187","A36SM7QM8OK3H6","think",-1,"modal","EP","no","BNC"
"BNC-119","A16SAB417Y96G4","imagine",-1,"conditional","AB","no","BNC"
"BNC-119","A2M45YGLOWMO4N","imagine",2,"conditional","AB","no","BNC"
"BNC-119","A3VVR8NR3ED04C","imagine",2,"conditional","AB","no","BNC"
"BNC-119","A2NA2OJT15COZY","imagine",-1,"conditional","AB","no","BNC"
"BNC-119","A2BA9Y6VGW6WS1","imagine",-2,"conditional","AB","no","BNC"
"BNC-119","A36SM7QM8OK3H6","imagine",-2,"conditional","AB","no","BNC"
"BNC-119","AKLV0WIZZ356X","imagine",0,"conditional","AB","no","BNC"
"BNC-119","AFN5VMMGYPF1I","imagine",-3,"conditional","AB","no","BNC"
"BNC-119","A1DIGREVLNOXT3","imagine",-3,"conditional","AB","no","BNC"
"BNC-1194","A3609GDWR2JCCA","think",3,"modal","EP","no","BNC"
"BNC-1194","A1NM7ZPZ3NH412","think",1,"modal","EP","no","BNC"
"BNC-1194","A1MJVTR0PCKBWW","think",1,"modal","EP","no","BNC"
"BNC-1194","A4J4GGMKJ68L0","think",3,"modal","EP","no","BNC"
"BNC-1194","A1DIGREVLNOXT3","think",-1,"modal","EP","no","BNC"
"BNC-1194","A1GXFMAC759VRM","think",1,"modal","EP","no","BNC"
"BNC-1194","A36SM7QM8OK3H6","think",-2,"modal","EP","no","BNC"
"BNC-1194","A3LJ2FHESYV9QQ","think",0,"modal","EP","no","BNC"
"BNC-120","A25YG9M911WA3T","insist",1,"conditional","AB","no","BNC"
"BNC-120","A1GXFMAC759VRM","insist",-2,"conditional","AB","no","BNC"
"BNC-120","A3LJ2FHESYV9QQ","insist",0,"conditional","AB","no","BNC"
"BNC-120","A150GMV1YQWWB3","insist",-2,"conditional","AB","no","BNC"
"BNC-120","A1945USNZHTROX","insist",-2,"conditional","AB","no","BNC"
"BNC-120","A2BA9Y6VGW6WS1","insist",-1,"conditional","AB","no","BNC"
"BNC-120","A36SM7QM8OK3H6","insist",0,"conditional","AB","no","BNC"
"BNC-120","AFN5VMMGYPF1I","insist",0,"conditional","AB","no","BNC"
"BNC-1200","A1NM7ZPZ3NH412","think",2,"modal","EP","no","BNC"
"BNC-1200","A36SM7QM8OK3H6","think",2,"modal","EP","no","BNC"
"BNC-1200","A2CF2BD4Q0ZDJN","think",0,"modal","EP","no","BNC"
"BNC-1200","A25YG9M911WA3T","think",-1,"modal","EP","no","BNC"
"BNC-1200","A1945USNZHTROX","think",3,"modal","EP","no","BNC"
"BNC-1200","ADKKDK6P4MS1Z","think",-1,"modal","EP","no","BNC"
"BNC-1200","A1MJVTR0PCKBWW","think",0,"modal","EP","no","BNC"
"BNC-1200","A1GXFMAC759VRM","think",2,"modal","EP","no","BNC"
"BNC-1201","A2OVX9UW5WANQE","think",-3,"modal","EP","no","BNC"
"BNC-1201","A1DIGREVLNOXT3","think",3,"modal","EP","no","BNC"
"BNC-1201","A1MJVTR0PCKBWW","think",0,"modal","EP","no","BNC"
"BNC-1201","A1GXFMAC759VRM","think",1,"modal","EP","no","BNC"
"BNC-1201","A2NT3OQZUUZPEO","think",-3,"modal","EP","no","BNC"
"BNC-1201","A207149DHAS89K","think",2,"modal","EP","no","BNC"
"BNC-1201","A1Q0N5H1DXMK0V","think",0,"modal","EP","no","BNC"
"BNC-1201","A36SM7QM8OK3H6","think",-3,"modal","EP","no","BNC"
"BNC-1205","A2EOOF9D135HQ1","think",0,"modal","EP","no","BNC"
"BNC-1205","A125KW9P18V5Z1","think",2,"modal","EP","no","BNC"
"BNC-1205","A24LC97AU3QC7G","think",0,"modal","EP","no","BNC"
"BNC-1205","A36SM7QM8OK3H6","think",1,"modal","EP","no","BNC"
"BNC-1205","AFHRMJIHMGLDE","think",1,"modal","EP","no","BNC"
"BNC-1205","A1GXFMAC759VRM","think",2,"modal","EP","no","BNC"
"BNC-1205","A1MJVTR0PCKBWW","think",2,"modal","EP","no","BNC"
"BNC-1205","AKLV0WIZZ356X","think",0,"modal","EP","no","BNC"
"BNC-1208","A3GPTSDDHJ2DBV","think",-2,"modal","AB","no","BNC"
"BNC-1208","A36MTY8RSWBZU7","think",1,"modal","AB","no","BNC"
"BNC-1208","A150GMV1YQWWB3","think",1,"modal","AB","no","BNC"
"BNC-1208","A36SM7QM8OK3H6","think",-3,"modal","AB","no","BNC"
"BNC-1208","A25YG9M911WA3T","think",2,"modal","AB","no","BNC"
"BNC-1208","A1945USNZHTROX","think",-3,"modal","AB","no","BNC"
"BNC-1208","A1GXFMAC759VRM","think",-1,"modal","AB","no","BNC"
"BNC-1208","A207149DHAS89K","think",-3,"modal","AB","no","BNC"
"BNC-1208","A1MJVTR0PCKBWW","think",3,"modal","AB","no","BNC"
"BNC-1211","A1F9KLZGHE9DTA","think",0,"modal","EP","no","BNC"
"BNC-1211","AFN5VMMGYPF1I","think",1,"modal","EP","no","BNC"
"BNC-1211","A1GXFMAC759VRM","think",0,"modal","EP","no","BNC"
"BNC-1211","A12R2U6TBB3OOG","think",0,"modal","EP","no","BNC"
"BNC-1211","A36SM7QM8OK3H6","think",1,"modal","EP","no","BNC"
"BNC-1211","A1945USNZHTROX","think",3,"modal","EP","no","BNC"
"BNC-1211","A125KW9P18V5Z1","think",0,"modal","EP","no","BNC"
"BNC-1211","A2NA2OJT15COZY","think",1,"modal","EP","no","BNC"
"BNC-1211","A25YG9M911WA3T","think",-1,"modal","EP","no","BNC"
"BNC-1213","A1DIGREVLNOXT3","think",-3,"modal","EP","no","BNC"
"BNC-1213","A3GZYWA9S6J0K9","think",-1,"modal","EP","no","BNC"
"BNC-1213","A25YG9M911WA3T","think",0,"modal","EP","no","BNC"
"BNC-1213","A1MJVTR0PCKBWW","think",3,"modal","EP","no","BNC"
"BNC-1213","A1GXFMAC759VRM","think",0,"modal","EP","no","BNC"
"BNC-1213","A150GMV1YQWWB3","think",-1,"modal","EP","no","BNC"
"BNC-1213","A36SM7QM8OK3H6","think",0,"modal","EP","no","BNC"
"BNC-1213","A1945USNZHTROX","think",3,"modal","EP","no","BNC"
"BNC-1217","A1GXFMAC759VRM","think",1,"modal","EP","no","BNC"
"BNC-1217","A2P065E9CYMYJL","think",1,"modal","EP","no","BNC"
"BNC-1217","A1X94LTZZQMHTP","think",1,"modal","EP","no","BNC"
"BNC-1217","A1MJVTR0PCKBWW","think",-2,"modal","EP","no","BNC"
"BNC-1217","AVI7K876BV3QL","think",-1,"modal","EP","no","BNC"
"BNC-1217","A18GLXN59JTX9F","think",2,"modal","EP","no","BNC"
"BNC-1217","A5EU1AQJNC7F2","think",0,"modal","EP","no","BNC"
"BNC-1217","A2HHKBW8HQWI66","think",1,"modal","EP","no","BNC"
"BNC-1217","A37XJVQF62ZYC","think",0,"modal","EP","no","BNC"
"BNC-122","A217W59SA6LZSR","insist",-2,"conditional","none","no","BNC"
"BNC-122","A2SENAPNSXG9L","insist",1,"conditional","none","no","BNC"
"BNC-122","A36SM7QM8OK3H6","insist",2,"conditional","none","no","BNC"
"BNC-122","AFN5VMMGYPF1I","insist",1,"conditional","none","no","BNC"
"BNC-122","A2KVYRNL2CK95F","insist",0,"conditional","none","no","BNC"
"BNC-122","A25YG9M911WA3T","insist",0,"conditional","none","no","BNC"
"BNC-122","A1945USNZHTROX","insist",3,"conditional","none","no","BNC"
"BNC-122","A1TARNH07A75CG","insist",3,"conditional","none","no","BNC"
"BNC-122","A3609GDWR2JCCA","insist",0,"conditional","none","no","BNC"
"BNC-1221","A36SM7QM8OK3H6","think",1,"modal","EP","no","BNC"
"BNC-1221","AFN5VMMGYPF1I","think",2,"modal","EP","no","BNC"
"BNC-1221","A12R2U6TBB3OOG","think",0,"modal","EP","no","BNC"
"BNC-1221","A1MJVTR0PCKBWW","think",2,"modal","EP","no","BNC"
"BNC-1221","A3VBAQB2WO36Q1","think",2,"modal","EP","no","BNC"
"BNC-1221","A1GXFMAC759VRM","think",-1,"modal","EP","no","BNC"
"BNC-1221","A1945USNZHTROX","think",3,"modal","EP","no","BNC"
"BNC-1221","A150GMV1YQWWB3","think",1,"modal","EP","no","BNC"
"BNC-1223","A1GXFMAC759VRM","think",-1,"modal","EP","no","BNC"
"BNC-1223","AT5NKCNE7LOAZ","think",0,"modal","EP","no","BNC"
"BNC-1223","A1HKCTDOTL6C9I","think",2,"modal","EP","no","BNC"
"BNC-1223","A1F9KLZGHE9DTA","think",0,"modal","EP","no","BNC"
"BNC-1223","A1TARNH07A75CG","think",1,"modal","EP","no","BNC"
"BNC-1223","A23KAJRDVCVGOE","think",1,"modal","EP","no","BNC"
"BNC-1223","AVI7K876BV3QL","think",-1,"modal","EP","no","BNC"
"BNC-1223","A24F1UPER626KR","think",1,"modal","EP","no","BNC"
"BNC-1224","A3UTFL5JHRQCM1","think",1,"modal","EP","no","BNC"
"BNC-1224","A7KLTVEIASF4J","think",-2,"modal","EP","no","BNC"
"BNC-1224","A228YSXU6H27QT","think",-3,"modal","EP","no","BNC"
"BNC-1224","A1GXFMAC759VRM","think",-2,"modal","EP","no","BNC"
"BNC-1224","A36SM7QM8OK3H6","think",-3,"modal","EP","no","BNC"
"BNC-1224","A1MJVTR0PCKBWW","think",1,"modal","EP","no","BNC"
"BNC-1224","A13PXTFOXDCKBF","think",2,"modal","EP","no","BNC"
"BNC-1224","A5EU1AQJNC7F2","think",2,"modal","EP","no","BNC"
"BNC-1228","A1MJVTR0PCKBWW","think",-2,"modal","EP","no","BNC"
"BNC-1228","A3GZYWA9S6J0K9","think",1,"modal","EP","no","BNC"
"BNC-1228","A2GBV3YLSRW4SH","think",1,"modal","EP","no","BNC"
"BNC-1228","A1GXFMAC759VRM","think",-1,"modal","EP","no","BNC"
"BNC-1228","A5EU1AQJNC7F2","think",0,"modal","EP","no","BNC"
"BNC-1228","A13NKDUD6JU094","think",-1,"modal","EP","no","BNC"
"BNC-1228","A1F9KLZGHE9DTA","think",1,"modal","EP","no","BNC"
"BNC-1228","A3N7MZOSXM4JHR","think",0,"modal","EP","no","BNC"
"BNC-1228","A1U8RH67FLZW87","think",1,"modal","EP","no","BNC"
"BNC-1229","A1GXFMAC759VRM","think",1,"modal","EP","no","BNC"
"BNC-1229","A1MJVTR0PCKBWW","think",-2,"modal","EP","no","BNC"
"BNC-1229","A2NT3OQZUUZPEO","think",-3,"modal","EP","no","BNC"
"BNC-1229","A3QAHF4UUBM7ZO","think",1,"modal","EP","no","BNC"
"BNC-1229","A240OTT1T85UGT","think",0,"modal","EP","no","BNC"
"BNC-1229","A1945USNZHTROX","think",1,"modal","EP","no","BNC"
"BNC-1229","A150GMV1YQWWB3","think",-1,"modal","EP","no","BNC"
"BNC-1229","A36SM7QM8OK3H6","think",-3,"modal","EP","no","BNC"
"BNC-1229","A75XDPFNICR3T","think",0,"modal","EP","no","BNC"
"BNC-1236","A2541C8MY0BYV3","think",-3,"modal","EP","no","BNC"
"BNC-1236","A1GXFMAC759VRM","think",-3,"modal","EP","no","BNC"
"BNC-1236","A1MJVTR0PCKBWW","think",-3,"modal","EP","no","BNC"
"BNC-1236","A25YG9M911WA3T","think",-3,"modal","EP","no","BNC"
"BNC-1236","A4IH4CO046EV3","think",-2,"modal","EP","no","BNC"
"BNC-1236","A1RT9SQ9D9DLOV","think",-2,"modal","EP","no","BNC"
"BNC-1236","A3VVR8NR3ED04C","think",2,"modal","EP","no","BNC"
"BNC-1236","A36SM7QM8OK3H6","think",-3,"modal","EP","no","BNC"
"BNC-1240","A18SXC3JEN1O0U","think",-3,"modal","EP","no","BNC"
"BNC-1240","A34VY22YEREOOI","think",0,"modal","EP","no","BNC"
"BNC-1240","A25YG9M911WA3T","think",0,"modal","EP","no","BNC"
"BNC-1240","A1MJVTR0PCKBWW","think",0,"modal","EP","no","BNC"
"BNC-1240","A150GMV1YQWWB3","think",-1,"modal","EP","no","BNC"
"BNC-1240","A36SM7QM8OK3H6","think",-1,"modal","EP","no","BNC"
"BNC-1240","A1GXFMAC759VRM","think",0,"modal","EP","no","BNC"
"BNC-1240","A2541C8MY0BYV3","think",-1,"modal","EP","no","BNC"
"BNC-1240","A3GPTSDDHJ2DBV","think",-1,"modal","EP","no","BNC"
"BNC-1242","A2OVX9UW5WANQE","think",-3,"modal","EP","no","BNC"
"BNC-1242","A1MJVTR0PCKBWW","think",2,"modal","EP","no","BNC"
"BNC-1242","A5EU1AQJNC7F2","think",1,"modal","EP","no","BNC"
"BNC-1242","A240OTT1T85UGT","think",1,"modal","EP","no","BNC"
"BNC-1242","A1NM7ZPZ3NH412","think",1,"modal","EP","no","BNC"
"BNC-1242","A1PT63J40GNSZF","think",-3,"modal","EP","no","BNC"
"BNC-1242","A36SM7QM8OK3H6","think",-3,"modal","EP","no","BNC"
"BNC-1242","A3SGZ8OQXW5TQD","think",0,"modal","EP","no","BNC"
"BNC-1242","A1GXFMAC759VRM","think",1,"modal","EP","no","BNC"
"BNC-1246","A1GXFMAC759VRM","think",1,"modal","CI","no","BNC"
"BNC-1246","A1MJVTR0PCKBWW","think",2,"modal","CI","no","BNC"
"BNC-1246","A125KW9P18V5Z1","think",1,"modal","CI","no","BNC"
"BNC-1246","A12R2U6TBB3OOG","think",1,"modal","CI","no","BNC"
"BNC-1246","A3D95WOVC1R775","think",2,"modal","CI","no","BNC"
"BNC-1246","AV22FQTJNBUZT","think",3,"modal","CI","no","BNC"
"BNC-1246","A36SM7QM8OK3H6","think",0,"modal","CI","no","BNC"
"BNC-1246","A29JSP8G8VTRT4","think",0,"modal","CI","no","BNC"
"BNC-1252","A3LC6M2EMDBBXP","think",-1,"modal","EP","no","BNC"
"BNC-1252","A2541C8MY0BYV3","think",1,"modal","EP","no","BNC"
"BNC-1252","A2LMQ4497NMK3S","think",-3,"modal","EP","no","BNC"
"BNC-1252","A24LC97AU3QC7G","think",-2,"modal","EP","no","BNC"
"BNC-1252","AFUX7IUQOE0NA","think",-3,"modal","EP","no","BNC"
"BNC-1252","A28HB7240OFGEW","think",-3,"modal","EP","no","BNC"
"BNC-1252","ANVAFB99K5RKP","think",-1,"modal","EP","no","BNC"
"BNC-1252","A36SM7QM8OK3H6","think",-3,"modal","EP","no","BNC"
"BNC-1253","A36SM7QM8OK3H6","think",-3,"modal","EP","no","BNC"
"BNC-1253","A27MJOV91GA8R3","think",0,"modal","EP","no","BNC"
"BNC-1253","A240OTT1T85UGT","think",0,"modal","EP","no","BNC"
"BNC-1253","A2AMQX0BQZXG9N","think",0,"modal","EP","no","BNC"
"BNC-1253","A1GXFMAC759VRM","think",-1,"modal","EP","no","BNC"
"BNC-1253","AZMOA8ONG0D2U","think",0,"modal","EP","no","BNC"
"BNC-1253","A1NM7ZPZ3NH412","think",0,"modal","EP","no","BNC"
"BNC-1253","A2OVX9UW5WANQE","think",0,"modal","EP","no","BNC"
"BNC-1253","A1MJVTR0PCKBWW","think",-3,"modal","EP","no","BNC"
"BNC-1254","A125KW9P18V5Z1","think",1,"modal","AB","no","BNC"
"BNC-1254","A1GXFMAC759VRM","think",2,"modal","AB","no","BNC"
"BNC-1254","A1F9KLZGHE9DTA","think",1,"modal","AB","no","BNC"
"BNC-1254","A36SM7QM8OK3H6","think",2,"modal","AB","no","BNC"
"BNC-1254","A16SJ5D3DKUEXJ","think",0,"modal","AB","no","BNC"
"BNC-1254","A1Y689M29Q274B","think",3,"modal","AB","no","BNC"
"BNC-1254","A2P065E9CYMYJL","think",-1,"modal","AB","no","BNC"
"BNC-1254","A3RDH0U2H6JCBC","think",2,"modal","AB","no","BNC"
"BNC-1256","A1HWTTN3JEUNZY","think",2,"modal","EP","no","BNC"
"BNC-1256","A18T67NDI2JK5Y","think",1,"modal","EP","no","BNC"
"BNC-1256","A36SM7QM8OK3H6","think",-3,"modal","EP","no","BNC"
"BNC-1256","A5EU1AQJNC7F2","think",0,"modal","EP","no","BNC"
"BNC-1256","A1MJVTR0PCKBWW","think",1,"modal","EP","no","BNC"
"BNC-1256","A1GXFMAC759VRM","think",-1,"modal","EP","no","BNC"
"BNC-1256","A2RBF3IIJP15IH","think",0,"modal","EP","no","BNC"
"BNC-1256","A2AMQX0BQZXG9N","think",-3,"modal","EP","no","BNC"
"BNC-1256","A1DIGREVLNOXT3","think",-1,"modal","EP","no","BNC"
"BNC-1257","A1MJVTR0PCKBWW","think",-2,"modal","EP","no","BNC"
"BNC-1257","A25YG9M911WA3T","think",-2,"modal","EP","no","BNC"
"BNC-1257","A2NA2OJT15COZY","think",-1,"modal","EP","no","BNC"
"BNC-1257","A1GXFMAC759VRM","think",2,"modal","EP","no","BNC"
"BNC-1257","AFN5VMMGYPF1I","think",0,"modal","EP","no","BNC"
"BNC-1257","AV22FQTJNBUZT","think",1,"modal","EP","no","BNC"
"BNC-1257","A4J4GGMKJ68L0","think",3,"modal","EP","no","BNC"
"BNC-1257","A150GMV1YQWWB3","think",-3,"modal","EP","no","BNC"
"BNC-1257","A36SM7QM8OK3H6","think",1,"modal","EP","no","BNC"
"BNC-1259","A25YG9M911WA3T","think",-1,"modal","EP","no","BNC"
"BNC-1259","A2WC2NO555XU3J","think",-2,"modal","EP","no","BNC"
"BNC-1259","A36SM7QM8OK3H6","think",-1,"modal","EP","no","BNC"
"BNC-1259","A3UEJQ4EJB9DBD","think",0,"modal","EP","no","BNC"
"BNC-1259","A2AMQX0BQZXG9N","think",2,"modal","EP","no","BNC"
"BNC-1259","A1MJVTR0PCKBWW","think",3,"modal","EP","no","BNC"
"BNC-1259","A1NM7ZPZ3NH412","think",0,"modal","EP","no","BNC"
"BNC-1259","A1GXFMAC759VRM","think",2,"modal","EP","no","BNC"
"BNC-1259","A150GMV1YQWWB3","think",-1,"modal","EP","no","BNC"
"BNC-1264","A2YCMT5BPA0AG9","think",0,"modal","EP","no","BNC"
"BNC-1264","A1MJVTR0PCKBWW","think",2,"modal","EP","no","BNC"
"BNC-1264","A125KW9P18V5Z1","think",2,"modal","EP","no","BNC"
"BNC-1264","A36SM7QM8OK3H6","think",1,"modal","EP","no","BNC"
"BNC-1264","A1X94LTZZQMHTP","think",2,"modal","EP","no","BNC"
"BNC-1264","A1GXFMAC759VRM","think",2,"modal","EP","no","BNC"
"BNC-1264","A24LC97AU3QC7G","think",0,"modal","EP","no","BNC"
"BNC-1264","A2AMQX0BQZXG9N","think",3,"modal","EP","no","BNC"
"BNC-1264","A5EU1AQJNC7F2","think",1,"modal","EP","no","BNC"
"BNC-1273","A2541C8MY0BYV3","think",1,"modal","EP","no","BNC"
"BNC-1273","A9YFIKDWDS4N4","think",-3,"modal","EP","no","BNC"
"BNC-1273","A36SM7QM8OK3H6","think",0,"modal","EP","no","BNC"
"BNC-1273","A1GXFMAC759VRM","think",2,"modal","EP","no","BNC"
"BNC-1273","A25YG9M911WA3T","think",-2,"modal","EP","no","BNC"
"BNC-1273","AY7WPVKHVNBLG","think",3,"modal","EP","no","BNC"
"BNC-1273","A2ET3KM3IE33MM","think",2,"modal","EP","no","BNC"
"BNC-1273","A3VVR8NR3ED04C","think",-1,"modal","EP","no","BNC"
"BNC-1273","AUAN582MLI96N","think",0,"modal","EP","no","BNC"
"BNC-1277","AC5UD8N187QD6","think",-2,"modal","CI","no","BNC"
"BNC-1277","A36SM7QM8OK3H6","think",-1,"modal","CI","no","BNC"
"BNC-1277","A1GXFMAC759VRM","think",-3,"modal","CI","no","BNC"
"BNC-1277","AFN5VMMGYPF1I","think",-2,"modal","CI","no","BNC"
"BNC-1277","A125KW9P18V5Z1","think",-3,"modal","CI","no","BNC"
"BNC-1277","A7KLTVEIASF4J","think",0,"modal","CI","no","BNC"
"BNC-1277","A1945USNZHTROX","think",3,"modal","CI","no","BNC"
"BNC-1277","A25YG9M911WA3T","think",-1,"modal","CI","no","BNC"
"BNC-128","A3843S9LWPDN2K","know",0,"conditional","none","yes","BNC"
"BNC-128","A1GXFMAC759VRM","know",2,"conditional","none","yes","BNC"
"BNC-128","A2CF2BD4Q0ZDJN","know",0,"conditional","none","yes","BNC"
"BNC-128","A36SM7QM8OK3H6","know",1,"conditional","none","yes","BNC"
"BNC-128","A1MJVTR0PCKBWW","know",2,"conditional","none","yes","BNC"
"BNC-128","A2RRC5B4M80XXO","know",-1,"conditional","none","yes","BNC"
"BNC-128","A2BA9Y6VGW6WS1","know",-2,"conditional","none","yes","BNC"
"BNC-128","A1DIGREVLNOXT3","know",1,"conditional","none","yes","BNC"
"BNC-1283","A3U2UNSYDPS933","think",1,"modal","none","no","BNC"
"BNC-1283","A245RS8249R2TA","think",3,"modal","none","no","BNC"
"BNC-1283","A25YG9M911WA3T","think",-2,"modal","none","no","BNC"
"BNC-1283","A32QJF67JMJFKX","think",3,"modal","none","no","BNC"
"BNC-1283","A2R794P3E8X0MK","think",-1,"modal","none","no","BNC"
"BNC-1283","A2Z750U1HCWVEE","think",-3,"modal","none","no","BNC"
"BNC-1283","A14WLAP6TCEKO0","think",0,"modal","none","no","BNC"
"BNC-1283","A3G5IPGLH1IIZN","think",-3,"modal","none","no","BNC"
"BNC-1283","A04548021K19SQXHSP0XC","think",-3,"modal","none","no","BNC"
"BNC-1285","A1NM7ZPZ3NH412","think",0,"modal","CI","no","BNC"
"BNC-1285","A3CZFTXS9EQSY3","think",0,"modal","CI","no","BNC"
"BNC-1285","A1GZOEMTN2KYDA","think",-2,"modal","CI","no","BNC"
"BNC-1285","AYH6G17Q8FY3B","think",0,"modal","CI","no","BNC"
"BNC-1285","A36SM7QM8OK3H6","think",0,"modal","CI","no","BNC"
"BNC-1285","A150GMV1YQWWB3","think",-1,"modal","CI","no","BNC"
"BNC-1285","A5EU1AQJNC7F2","think",2,"modal","CI","no","BNC"
"BNC-1285","AC5UD8N187QD6","think",-1,"modal","CI","no","BNC"
"BNC-1285","A32QJF67JMJFKX","think",0,"modal","CI","no","BNC"
"BNC-1291","A3CF8ULBSE8MTL","think",-3,"modal","CI","no","BNC"
"BNC-1291","A3RVYJNYREMTAH","think",-3,"modal","CI","no","BNC"
"BNC-1291","A1R6ZLM9V362F7","think",-1,"modal","CI","no","BNC"
"BNC-1291","A1X94LTZZQMHTP","think",2,"modal","CI","no","BNC"
"BNC-1291","A34VY22YEREOOI","think",-2,"modal","CI","no","BNC"
"BNC-1291","A36SM7QM8OK3H6","think",-3,"modal","CI","no","BNC"
"BNC-1291","A3GPTSDDHJ2DBV","think",1,"modal","CI","no","BNC"
"BNC-1291","A35C12CR628WKD","think",-2,"modal","CI","no","BNC"
"BNC-1292","A2541C8MY0BYV3","think",1,"modal","CI","no","BNC"
"BNC-1292","A1945USNZHTROX","think",3,"modal","CI","no","BNC"
"BNC-1292","A36SM7QM8OK3H6","think",-3,"modal","CI","no","BNC"
"BNC-1292","A2NA2OJT15COZY","think",-1,"modal","CI","no","BNC"
"BNC-1292","AFN5VMMGYPF1I","think",3,"modal","CI","no","BNC"
"BNC-1292","A1GXFMAC759VRM","think",-2,"modal","CI","no","BNC"
"BNC-1292","A150GMV1YQWWB3","think",0,"modal","CI","no","BNC"
"BNC-1292","A25YG9M911WA3T","think",0,"modal","CI","no","BNC"
"BNC-1294","A1945USNZHTROX","understand",-3,"modal","AB","yes","BNC"
"BNC-1294","A2IGPW784OFV3D","understand",0,"modal","AB","yes","BNC"
"BNC-1294","A1GXFMAC759VRM","understand",2,"modal","AB","yes","BNC"
"BNC-1294","A36SM7QM8OK3H6","understand",2,"modal","AB","yes","BNC"
"BNC-1294","A1NM7ZPZ3NH412","understand",3,"modal","AB","yes","BNC"
"BNC-1294","A25YG9M911WA3T","understand",-2,"modal","AB","yes","BNC"
"BNC-1294","A1MJHGH55K3O0","understand",2,"modal","AB","yes","BNC"
"BNC-1294","A150GMV1YQWWB3","understand",1,"modal","AB","yes","BNC"
"BNC-1295","A36SM7QM8OK3H6","understand",2,"modal","EP","yes","BNC"
"BNC-1295","A1GXFMAC759VRM","understand",3,"modal","EP","yes","BNC"
"BNC-1295","A1NM7ZPZ3NH412","understand",3,"modal","EP","yes","BNC"
"BNC-1295","A150GMV1YQWWB3","understand",2,"modal","EP","yes","BNC"
"BNC-1295","A4J4GGMKJ68L0","understand",3,"modal","EP","yes","BNC"
"BNC-1295","A1945USNZHTROX","understand",3,"modal","EP","yes","BNC"
"BNC-1295","A2WCXJZEXXR60A","understand",3,"modal","EP","yes","BNC"
"BNC-1295","A25YG9M911WA3T","understand",2,"modal","EP","yes","BNC"
"BNC-1297","A36SM7QM8OK3H6","understand",3,"modal","AB","yes","BNC"
"BNC-1297","AC5UD8N187QD6","understand",3,"modal","AB","yes","BNC"
"BNC-1297","A1FHH3XEFEQYV7","understand",3,"modal","AB","yes","BNC"
"BNC-1297","AEO84PDSWW0W","understand",3,"modal","AB","yes","BNC"
"BNC-1297","A1945USNZHTROX","understand",3,"modal","AB","yes","BNC"
"BNC-1297","A25YG9M911WA3T","understand",2,"modal","AB","yes","BNC"
"BNC-1297","A1GXFMAC759VRM","understand",3,"modal","AB","yes","BNC"
"BNC-1297","A3VVR8NR3ED04C","understand",3,"modal","AB","yes","BNC"
"BNC-1297","A1NM7ZPZ3NH412","understand",3,"modal","AB","yes","BNC"
"BNC-1305","A37S96RT1P1IT2","assume",0,"negation","none","no","BNC"
"BNC-1305","A18LPAFMK1B06K","assume",2,"negation","none","no","BNC"
"BNC-1305","A13PXTFOXDCKBF","assume",0,"negation","none","no","BNC"
"BNC-1305","A17ELSQUMU0QT6","assume",0,"negation","none","no","BNC"
"BNC-1305","AYKZ9H4BNW810","assume",3,"negation","none","no","BNC"
"BNC-1305","A30MP4LXV4MIFD","assume",0,"negation","none","no","BNC"
"BNC-1305","A1F9KLZGHE9DTA","assume",2,"negation","none","no","BNC"
"BNC-1305","A1MJVTR0PCKBWW","assume",-2,"negation","none","no","BNC"
"BNC-1305","A1QA5EWFMNKGTA","assume",-1,"negation","none","no","BNC"
"BNC-1305","A4J4GGMKJ68L0","assume",0,"negation","none","no","BNC"
"BNC-1305","A39Q4SNT7SRK94","assume",0,"negation","none","no","BNC"
"BNC-1305","A32QJF67JMJFKX","assume",0,"negation","none","no","BNC"
"BNC-1305","A5EU1AQJNC7F2","assume",-3,"negation","none","no","BNC"
"BNC-1309","A36SM7QM8OK3H6","believe",-2,"negation","none","no","BNC"
"BNC-1309","A1GXFMAC759VRM","believe",-2,"negation","none","no","BNC"
"BNC-1309","A27MJOV91GA8R3","believe",-2,"negation","none","no","BNC"
"BNC-1309","A240OTT1T85UGT","believe",-3,"negation","none","no","BNC"
"BNC-1309","A2OVX9UW5WANQE","believe",0,"negation","none","no","BNC"
"BNC-1309","A1MJVTR0PCKBWW","believe",-3,"negation","none","no","BNC"
"BNC-1309","A1NM7ZPZ3NH412","believe",-1,"negation","none","no","BNC"
"BNC-1309","A2AMQX0BQZXG9N","believe",-3,"negation","none","no","BNC"
"BNC-1309","AZMOA8ONG0D2U","believe",3,"negation","none","no","BNC"
"BNC-1315","A4J4GGMKJ68L0","believe",-3,"negation","none","no","BNC"
"BNC-1315","A1GXFMAC759VRM","believe",-3,"negation","none","no","BNC"
"BNC-1315","A36SM7QM8OK3H6","believe",-2,"negation","none","no","BNC"
"BNC-1315","A1DIGREVLNOXT3","believe",-1,"negation","none","no","BNC"
"BNC-1315","A1MJVTR0PCKBWW","believe",-1,"negation","none","no","BNC"
"BNC-1315","A3609GDWR2JCCA","believe",-3,"negation","none","no","BNC"
"BNC-1315","A3LJ2FHESYV9QQ","believe",2,"negation","none","no","BNC"
"BNC-1315","A1NM7ZPZ3NH412","believe",-3,"negation","none","no","BNC"
"BNC-1317","A1NM7ZPZ3NH412","believe",-2,"negation","none","no","BNC"
"BNC-1317","A1945USNZHTROX","believe",-3,"negation","none","no","BNC"
"BNC-1317","A2CF2BD4Q0ZDJN","believe",-3,"negation","none","no","BNC"
"BNC-1317","ADKKDK6P4MS1Z","believe",-3,"negation","none","no","BNC"
"BNC-1317","A36SM7QM8OK3H6","believe",-3,"negation","none","no","BNC"
"BNC-1317","A1GXFMAC759VRM","believe",-3,"negation","none","no","BNC"
"BNC-1317","A25YG9M911WA3T","believe",-2,"negation","none","no","BNC"
"BNC-1317","A1MJVTR0PCKBWW","believe",-2,"negation","none","no","BNC"
"BNC-1322","A1MJVTR0PCKBWW","believe",0,"negation","none","no","BNC"
"BNC-1322","A1DIGREVLNOXT3","believe",-3,"negation","none","no","BNC"
"BNC-1322","A2NT3OQZUUZPEO","believe",1,"negation","none","no","BNC"
"BNC-1322","A2OVX9UW5WANQE","believe",1,"negation","none","no","BNC"
"BNC-1322","A36SM7QM8OK3H6","believe",-3,"negation","none","no","BNC"
"BNC-1322","A207149DHAS89K","believe",-2,"negation","none","no","BNC"
"BNC-1322","A1GXFMAC759VRM","believe",1,"negation","none","no","BNC"
"BNC-1322","A1Q0N5H1DXMK0V","believe",-2,"negation","none","no","BNC"
"BNC-1323","A25YG9M911WA3T","believe",0,"negation","none","no","BNC"
"BNC-1323","A1MJVTR0PCKBWW","believe",2,"negation","none","no","BNC"
"BNC-1323","A207149DHAS89K","believe",3,"negation","none","no","BNC"
"BNC-1323","A150GMV1YQWWB3","believe",1,"negation","none","no","BNC"
"BNC-1323","A1GXFMAC759VRM","believe",3,"negation","none","no","BNC"
"BNC-1323","A3GPTSDDHJ2DBV","believe",0,"negation","none","no","BNC"
"BNC-1323","A36MTY8RSWBZU7","believe",3,"negation","none","no","BNC"
"BNC-1323","A36SM7QM8OK3H6","believe",-1,"negation","none","no","BNC"
"BNC-1323","A1945USNZHTROX","believe",-1,"negation","none","no","BNC"
"BNC-1324","A75XDPFNICR3T","believe",2,"negation","none","no","BNC"
"BNC-1324","A240OTT1T85UGT","believe",-2,"negation","none","no","BNC"
"BNC-1324","A2NT3OQZUUZPEO","believe",3,"negation","none","no","BNC"
"BNC-1324","A150GMV1YQWWB3","believe",0,"negation","none","no","BNC"
"BNC-1324","A1945USNZHTROX","believe",3,"negation","none","no","BNC"
"BNC-1324","A36SM7QM8OK3H6","believe",0,"negation","none","no","BNC"
"BNC-1324","A1GXFMAC759VRM","believe",-2,"negation","none","no","BNC"
"BNC-1324","A3QAHF4UUBM7ZO","believe",-3,"negation","none","no","BNC"
"BNC-1324","A1MJVTR0PCKBWW","believe",-3,"negation","none","no","BNC"
"BNC-1335","A3SGZ8OQXW5TQD","believe",-1,"negation","none","no","BNC"
"BNC-1335","A1MJVTR0PCKBWW","believe",-3,"negation","none","no","BNC"
"BNC-1335","A1GXFMAC759VRM","believe",-2,"negation","none","no","BNC"
"BNC-1335","A2OVX9UW5WANQE","believe",-3,"negation","none","no","BNC"
"BNC-1335","A5EU1AQJNC7F2","believe",-2,"negation","none","no","BNC"
"BNC-1335","A36SM7QM8OK3H6","believe",2,"negation","none","no","BNC"
"BNC-1335","A240OTT1T85UGT","believe",-3,"negation","none","no","BNC"
"BNC-1335","A1NM7ZPZ3NH412","believe",-3,"negation","none","no","BNC"
"BNC-1335","A1PT63J40GNSZF","believe",-1,"negation","none","no","BNC"
"BNC-1348","A1GXFMAC759VRM","believe",-3,"negation","none","no","BNC"
"BNC-1348","A2AMQX0BQZXG9N","believe",-3,"negation","none","no","BNC"
"BNC-1348","A25YG9M911WA3T","believe",-2,"negation","none","no","BNC"
"BNC-1348","A3UEJQ4EJB9DBD","believe",-2,"negation","none","no","BNC"
"BNC-1348","A36SM7QM8OK3H6","believe",-2,"negation","none","no","BNC"
"BNC-1348","A1MJVTR0PCKBWW","believe",-3,"negation","none","no","BNC"
"BNC-1348","A2WC2NO555XU3J","believe",-3,"negation","none","no","BNC"
"BNC-1348","A150GMV1YQWWB3","believe",-2,"negation","none","no","BNC"
"BNC-1348","A1NM7ZPZ3NH412","believe",-3,"negation","none","no","BNC"
"BNC-1351","A1X258MWJFEMTW","believe",3,"negation","none","no","BNC"
"BNC-1351","AZMOA8ONG0D2U","believe",3,"negation","none","no","BNC"
"BNC-1351","A17PAQSQ74L915","believe",0,"negation","none","no","BNC"
"BNC-1351","A1NM7ZPZ3NH412","believe",2,"negation","none","no","BNC"
"BNC-1351","A1MJVTR0PCKBWW","believe",-3,"negation","none","no","BNC"
"BNC-1351","A27MJOV91GA8R3","believe",3,"negation","none","no","BNC"
"BNC-1351","A149ROBL26JWPJ","believe",2,"negation","none","no","BNC"
"BNC-1351","A1GXFMAC759VRM","believe",3,"negation","none","no","BNC"
"BNC-1351","A2WCXJZEXXR60A","believe",1,"negation","none","no","BNC"
"BNC-1360","A1SWTHM03SN731","convince",1,"negation","none","no","BNC"
"BNC-1360","A1GXFMAC759VRM","convince",2,"negation","none","no","BNC"
"BNC-1360","A1MJVTR0PCKBWW","convince",0,"negation","none","no","BNC"
"BNC-1360","A24LC97AU3QC7G","convince",-1,"negation","none","no","BNC"
"BNC-1360","A1F9KLZGHE9DTA","convince",-2,"negation","none","no","BNC"
"BNC-1360","A36SM7QM8OK3H6","convince",1,"negation","none","no","BNC"
"BNC-1360","A5EU1AQJNC7F2","convince",2,"negation","none","no","BNC"
"BNC-1360","A2RBF3IIJP15IH","convince",2,"negation","none","no","BNC"
"BNC-1367","A24LC97AU3QC7G","convince",0,"negation","none","no","BNC"
"BNC-1367","A2YCMT5BPA0AG9","convince",-1,"negation","none","no","BNC"
"BNC-1367","A1GXFMAC759VRM","convince",-2,"negation","none","no","BNC"
"BNC-1367","A1X94LTZZQMHTP","convince",-2,"negation","none","no","BNC"
"BNC-1367","A2AMQX0BQZXG9N","convince",-1,"negation","none","no","BNC"
"BNC-1367","A5EU1AQJNC7F2","convince",-2,"negation","none","no","BNC"
"BNC-1367","A125KW9P18V5Z1","convince",-1,"negation","none","no","BNC"
"BNC-1367","A1MJVTR0PCKBWW","convince",-2,"negation","none","no","BNC"
"BNC-1367","A36SM7QM8OK3H6","convince",-1,"negation","none","no","BNC"
"BNC-1373","A1945USNZHTROX","feel",3,"negation","none","no","BNC"
"BNC-1373","A1GXFMAC759VRM","feel",3,"negation","none","no","BNC"
"BNC-1373","AFN5VMMGYPF1I","feel",0,"negation","none","no","BNC"
"BNC-1373","AJRY9ALX8069Y","feel",3,"negation","none","no","BNC"
"BNC-1373","A2BA9Y6VGW6WS1","feel",-3,"negation","none","no","BNC"
"BNC-1373","A25YG9M911WA3T","feel",-2,"negation","none","no","BNC"
"BNC-1373","A3609GDWR2JCCA","feel",-3,"negation","none","no","BNC"
"BNC-1373","A36SM7QM8OK3H6","feel",-3,"negation","none","no","BNC"
"BNC-1373","A150GMV1YQWWB3","feel",-3,"negation","none","no","BNC"
"BNC-1374","ASI2B6A3Y556Z","feel",0,"negation","none","no","BNC"
"BNC-1374","A2A0DKZ4Y9I6OV","feel",0,"negation","none","no","BNC"
"BNC-1374","A25YG9M911WA3T","feel",-2,"negation","none","no","BNC"
"BNC-1374","A36SM7QM8OK3H6","feel",-3,"negation","none","no","BNC"
"BNC-1374","AFN5VMMGYPF1I","feel",0,"negation","none","no","BNC"
"BNC-1374","A1945USNZHTROX","feel",-3,"negation","none","no","BNC"
"BNC-1374","A3L2UB07EZJAMD","feel",-3,"negation","none","no","BNC"
"BNC-1374","A1GXFMAC759VRM","feel",-3,"negation","none","no","BNC"
"BNC-1375","A25YG9M911WA3T","feel",0,"negation","none","no","BNC"
"BNC-1375","A3RVYJNYREMTAH","feel",1,"negation","none","no","BNC"
"BNC-1375","A1945USNZHTROX","feel",3,"negation","none","no","BNC"
"BNC-1375","A36SM7QM8OK3H6","feel",0,"negation","none","no","BNC"
"BNC-1375","A150GMV1YQWWB3","feel",-1,"negation","none","no","BNC"
"BNC-1375","ANQ0RLFEZ17W0","feel",3,"negation","none","no","BNC"
"BNC-1375","A1GXFMAC759VRM","feel",2,"negation","none","no","BNC"
"BNC-1375","AFN5VMMGYPF1I","feel",2,"negation","none","no","BNC"
"BNC-1376","AFN5VMMGYPF1I","feel",-3,"negation","none","no","BNC"
"BNC-1376","A36SM7QM8OK3H6","feel",-2,"negation","none","no","BNC"
"BNC-1376","A1GXFMAC759VRM","feel",-2,"negation","none","no","BNC"
"BNC-1376","A1945USNZHTROX","feel",-3,"negation","none","no","BNC"
"BNC-1376","A3LJ2FHESYV9QQ","feel",-2,"negation","none","no","BNC"
"BNC-1376","A150GMV1YQWWB3","feel",0,"negation","none","no","BNC"
"BNC-1376","AFWKRID53R1XA","feel",-1,"negation","none","no","BNC"
"BNC-1376","A25YG9M911WA3T","feel",-2,"negation","none","no","BNC"
"BNC-1380","A1945USNZHTROX","feel",-3,"negation","none","no","BNC"
"BNC-1380","A2541C8MY0BYV3","feel",-1,"negation","none","no","BNC"
"BNC-1380","A3OXRDSUN9F10I","feel",-3,"negation","none","no","BNC"
"BNC-1380","A3LJ2FHESYV9QQ","feel",-3,"negation","none","no","BNC"
"BNC-1380","A36SM7QM8OK3H6","feel",-2,"negation","none","no","BNC"
"BNC-1380","A3RVYJNYREMTAH","feel",-3,"negation","none","no","BNC"
"BNC-1380","A150GMV1YQWWB3","feel",-3,"negation","none","no","BNC"
"BNC-1380","A25YG9M911WA3T","feel",-2,"negation","none","no","BNC"
"BNC-1380","A1GXFMAC759VRM","feel",-3,"negation","none","no","BNC"
"BNC-1388","A36SM7QM8OK3H6","feel",2,"negation","none","no","BNC"
"BNC-1388","A10BH9PYCYUKDJ","feel",-3,"negation","none","no","BNC"
"BNC-1388","A3LJ2FHESYV9QQ","feel",-2,"negation","none","no","BNC"
"BNC-1388","A2BA9Y6VGW6WS1","feel",2,"negation","none","no","BNC"
"BNC-1388","A3609GDWR2JCCA","feel",-3,"negation","none","no","BNC"
"BNC-1388","A1GXFMAC759VRM","feel",-3,"negation","none","no","BNC"
"BNC-1388","A25YG9M911WA3T","feel",-2,"negation","none","no","BNC"
"BNC-1388","A1945USNZHTROX","feel",-3,"negation","none","no","BNC"
"BNC-1388","A150GMV1YQWWB3","feel",-2,"negation","none","no","BNC"
"BNC-139","AC5UD8N187QD6","know",2,"conditional","none","yes","BNC"
"BNC-139","A110KENBXU7SUJ","know",2,"conditional","none","yes","BNC"
"BNC-139","A2541C8MY0BYV3","know",0,"conditional","none","yes","BNC"
"BNC-139","A3FPXLLF0B8CIC","know",0,"conditional","none","yes","BNC"
"BNC-139","AFN5VMMGYPF1I","know",3,"conditional","none","yes","BNC"
"BNC-139","A36SM7QM8OK3H6","know",2,"conditional","none","yes","BNC"
"BNC-139","A3GPTSDDHJ2DBV","know",3,"conditional","none","yes","BNC"
"BNC-139","A1GXFMAC759VRM","know",3,"conditional","none","yes","BNC"
"BNC-1399","A1945USNZHTROX","forget",3,"negation","none","yes","BNC"
"BNC-1399","A25YG9M911WA3T","forget",2,"negation","none","yes","BNC"
"BNC-1399","AEO84PDSWW0W","forget",3,"negation","none","yes","BNC"
"BNC-1399","A36SM7QM8OK3H6","forget",3,"negation","none","yes","BNC"
"BNC-1399","AC5UD8N187QD6","forget",2,"negation","none","yes","BNC"
"BNC-1399","A1GXFMAC759VRM","forget",3,"negation","none","yes","BNC"
"BNC-1399","A3VVR8NR3ED04C","forget",3,"negation","none","yes","BNC"
"BNC-1399","A1FHH3XEFEQYV7","forget",3,"negation","none","yes","BNC"
"BNC-1399","A1NM7ZPZ3NH412","forget",3,"negation","none","yes","BNC"
"BNC-140","A1A1A9UHNQCI9Y","know",2,"conditional","none","yes","BNC"
"BNC-140","A5EU1AQJNC7F2","know",0,"conditional","none","yes","BNC"
"BNC-140","A1NM7ZPZ3NH412","know",0,"conditional","none","yes","BNC"
"BNC-140","A125KW9P18V5Z1","know",2,"conditional","none","yes","BNC"
"BNC-140","A1F9KLZGHE9DTA","know",0,"conditional","none","yes","BNC"
"BNC-140","A1GXFMAC759VRM","know",3,"conditional","none","yes","BNC"
"BNC-140","A36SM7QM8OK3H6","know",2,"conditional","none","yes","BNC"
"BNC-140","AR1IWBDA7MC86","know",2,"conditional","none","yes","BNC"
"BNC-1401","AZZDXA6TV6737","forget",3,"negation","none","yes","BNC"
"BNC-1401","A1SIUJEL2LS8UO","forget",1,"negation","none","yes","BNC"
"BNC-1401","AKLV0WIZZ356X","forget",2,"negation","none","yes","BNC"
"BNC-1401","A1MJHGH55K3O0","forget",2,"negation","none","yes","BNC"
"BNC-1401","A1EH9BPKYXFBS5","forget",1,"negation","none","yes","BNC"
"BNC-1401","A32QJF67JMJFKX","forget",2,"negation","none","yes","BNC"
"BNC-1401","A10O5YR01H865K","forget",3,"negation","none","yes","BNC"
"BNC-1401","A5EU1AQJNC7F2","forget",2,"negation","none","yes","BNC"
"BNC-1401","A2EOOF9D135HQ1","forget",3,"negation","none","yes","BNC"
"BNC-1401","A36SM7QM8OK3H6","forget",1,"negation","none","yes","BNC"
"BNC-1404","A32QJF67JMJFKX","forget",3,"negation","none","yes","BNC"
"BNC-1404","A1VQQETLYHKR8D","forget",0,"negation","none","yes","BNC"
"BNC-1404","A1GXFMAC759VRM","forget",3,"negation","none","yes","BNC"
"BNC-1404","A1F9KLZGHE9DTA","forget",3,"negation","none","yes","BNC"
"BNC-1404","A5EU1AQJNC7F2","forget",3,"negation","none","yes","BNC"
"BNC-1404","A36SM7QM8OK3H6","forget",3,"negation","none","yes","BNC"
"BNC-1404","A11TREGDHSUSJW","forget",3,"negation","none","yes","BNC"
"BNC-1404","ASI2B6A3Y556Z","forget",3,"negation","none","yes","BNC"
"BNC-1408","A4J4GGMKJ68L0","forget",3,"negation","none","yes","BNC"
"BNC-1408","A2AJIRNA6L4IJI","forget",2,"negation","none","yes","BNC"
"BNC-1408","A32QJF67JMJFKX","forget",1,"negation","none","yes","BNC"
"BNC-1408","A1MJVTR0PCKBWW","forget",3,"negation","none","yes","BNC"
"BNC-1408","A25YG9M911WA3T","forget",3,"negation","none","yes","BNC"
"BNC-1408","A2JP9IKRHNLRPI","forget",3,"negation","none","yes","BNC"
"BNC-1408","A18LPAFMK1B06K","forget",-2,"negation","none","yes","BNC"
"BNC-1408","A17ELSQUMU0QT6","forget",3,"negation","none","yes","BNC"
"BNC-1408","A11UQWFUDNIHIL","forget",3,"negation","none","yes","BNC"
"BNC-1408","A36SM7QM8OK3H6","forget",3,"negation","none","yes","BNC"
"BNC-141","A240OTT1T85UGT","know",3,"conditional","none","yes","BNC"
"BNC-141","A2JOHICL072IY3","know",3,"conditional","none","yes","BNC"
"BNC-141","A1NM7ZPZ3NH412","know",3,"conditional","none","yes","BNC"
"BNC-141","A125KW9P18V5Z1","know",2,"conditional","none","yes","BNC"
"BNC-141","ARJJKTGF3RDCO","know",2,"conditional","none","yes","BNC"
"BNC-141","A27XYQJLE8D39R","know",3,"conditional","none","yes","BNC"
"BNC-141","A19IWME4DCIU1H","know",2,"conditional","none","yes","BNC"
"BNC-141","A3POD149IG0DIW","know",3,"conditional","none","yes","BNC"
"BNC-141","A3UEJQ4EJB9DBD","know",2,"conditional","none","yes","BNC"
"BNC-1411","A150GMV1YQWWB3","forget",3,"negation","none","yes","BNC"
"BNC-1411","A1945USNZHTROX","forget",3,"negation","none","yes","BNC"
"BNC-1411","A25YG9M911WA3T","forget",3,"negation","none","yes","BNC"
"BNC-1411","A1GXFMAC759VRM","forget",3,"negation","none","yes","BNC"
"BNC-1411","A2IGPW784OFV3D","forget",3,"negation","none","yes","BNC"
"BNC-1411","A1MJHGH55K3O0","forget",3,"negation","none","yes","BNC"
"BNC-1411","A36SM7QM8OK3H6","forget",3,"negation","none","yes","BNC"
"BNC-1411","A1NM7ZPZ3NH412","forget",3,"negation","none","yes","BNC"
"BNC-1412","A36SM7QM8OK3H6","forget",3,"negation","none","yes","BNC"
"BNC-1412","A4J4GGMKJ68L0","forget",3,"negation","none","yes","BNC"
"BNC-1412","A1945USNZHTROX","forget",3,"negation","none","yes","BNC"
"BNC-1412","A25YG9M911WA3T","forget",3,"negation","none","yes","BNC"
"BNC-1412","A1GXFMAC759VRM","forget",3,"negation","none","yes","BNC"
"BNC-1412","A150GMV1YQWWB3","forget",3,"negation","none","yes","BNC"
"BNC-1412","A2WCXJZEXXR60A","forget",3,"negation","none","yes","BNC"
"BNC-1412","A1NM7ZPZ3NH412","forget",3,"negation","none","yes","BNC"
"BNC-1430","A125KW9P18V5Z1","guess",-2,"negation","none","no","BNC"
"BNC-1430","A1MJVTR0PCKBWW","guess",-1,"negation","none","no","BNC"
"BNC-1430","A12R2U6TBB3OOG","guess",1,"negation","none","no","BNC"
"BNC-1430","A3D95WOVC1R775","guess",-1,"negation","none","no","BNC"
"BNC-1430","A36SM7QM8OK3H6","guess",-2,"negation","none","no","BNC"
"BNC-1430","AV22FQTJNBUZT","guess",-1,"negation","none","no","BNC"
"BNC-1430","A1GXFMAC759VRM","guess",-2,"negation","none","no","BNC"
"BNC-1430","A29JSP8G8VTRT4","guess",3,"negation","none","no","BNC"
"BNC-1431","A36SM7QM8OK3H6","guess",3,"negation","EP","no","BNC"
"BNC-1431","A16SAB417Y96G4","guess",1,"negation","EP","no","BNC"
"BNC-1431","A25YG9M911WA3T","guess",2,"negation","EP","no","BNC"
"BNC-1431","A1945USNZHTROX","guess",3,"negation","EP","no","BNC"
"BNC-1431","A1GXFMAC759VRM","guess",2,"negation","EP","no","BNC"
"BNC-1431","A3W6T1WDYXMR3","guess",3,"negation","EP","no","BNC"
"BNC-1431","A2OVX9UW5WANQE","guess",3,"negation","EP","no","BNC"
"BNC-1431","AFN5VMMGYPF1I","guess",0,"negation","EP","no","BNC"
"BNC-1434","A1F9KLZGHE9DTA","guess",3,"negation","none","no","BNC"
"BNC-1434","A5EU1AQJNC7F2","guess",-2,"negation","none","no","BNC"
"BNC-1434","A24LC97AU3QC7G","guess",2,"negation","none","no","BNC"
"BNC-1434","A2RBF3IIJP15IH","guess",2,"negation","none","no","BNC"
"BNC-1434","A1MJVTR0PCKBWW","guess",3,"negation","none","no","BNC"
"BNC-1434","A1SWTHM03SN731","guess",2,"negation","none","no","BNC"
"BNC-1434","A36SM7QM8OK3H6","guess",-2,"negation","none","no","BNC"
"BNC-1434","A1GXFMAC759VRM","guess",3,"negation","none","no","BNC"
"BNC-1438","A1F9KLZGHE9DTA","guess",3,"negation","none","no","BNC"
"BNC-1438","A2P065E9CYMYJL","guess",1,"negation","none","no","BNC"
"BNC-1438","A1Y689M29Q274B","guess",0,"negation","none","no","BNC"
"BNC-1438","A1GXFMAC759VRM","guess",2,"negation","none","no","BNC"
"BNC-1438","A125KW9P18V5Z1","guess",-2,"negation","none","no","BNC"
"BNC-1438","A36SM7QM8OK3H6","guess",-1,"negation","none","no","BNC"
"BNC-1438","A16SJ5D3DKUEXJ","guess",0,"negation","none","no","BNC"
"BNC-1438","A3RDH0U2H6JCBC","guess",1,"negation","none","no","BNC"
"BNC-1443","A2AMQX0BQZXG9N","guess",-3,"negation","none","no","BNC"
"BNC-1443","A18T67NDI2JK5Y","guess",-3,"negation","none","no","BNC"
"BNC-1443","A36SM7QM8OK3H6","guess",2,"negation","none","no","BNC"
"BNC-1443","A1MJVTR0PCKBWW","guess",3,"negation","none","no","BNC"
"BNC-1443","A5EU1AQJNC7F2","guess",2,"negation","none","no","BNC"
"BNC-1443","A1GXFMAC759VRM","guess",-2,"negation","none","no","BNC"
"BNC-1443","A2RBF3IIJP15IH","guess",2,"negation","none","no","BNC"
"BNC-1443","A1DIGREVLNOXT3","guess",0,"negation","none","no","BNC"
"BNC-1443","A1HWTTN3JEUNZY","guess",3,"negation","none","no","BNC"
"BNC-1449","A3UTFL5JHRQCM1","guess",3,"negation","none","no","BNC"
"BNC-1449","A1MJVTR0PCKBWW","guess",3,"negation","none","no","BNC"
"BNC-1449","A13PXTFOXDCKBF","guess",2,"negation","none","no","BNC"
"BNC-1449","A228YSXU6H27QT","guess",3,"negation","none","no","BNC"
"BNC-1449","A36SM7QM8OK3H6","guess",3,"negation","none","no","BNC"
"BNC-1449","A7KLTVEIASF4J","guess",0,"negation","none","no","BNC"
"BNC-1449","A5EU1AQJNC7F2","guess",3,"negation","none","no","BNC"
"BNC-1449","A1GXFMAC759VRM","guess",3,"negation","none","no","BNC"
"BNC-1450","A3GZYWA9S6J0K9","guess",3,"negation","none","no","BNC"
"BNC-1450","A5EU1AQJNC7F2","guess",2,"negation","none","no","BNC"
"BNC-1450","A1GXFMAC759VRM","guess",3,"negation","none","no","BNC"
"BNC-1450","A2GBV3YLSRW4SH","guess",3,"negation","none","no","BNC"
"BNC-1450","A13NKDUD6JU094","guess",2,"negation","none","no","BNC"
"BNC-1450","A1MJVTR0PCKBWW","guess",0,"negation","none","no","BNC"
"BNC-1450","A1U8RH67FLZW87","guess",3,"negation","none","no","BNC"
"BNC-1450","A1F9KLZGHE9DTA","guess",3,"negation","none","no","BNC"
"BNC-1450","A3N7MZOSXM4JHR","guess",2,"negation","none","no","BNC"
"BNC-1453","A2WCXJZEXXR60A","hear",0,"negation","none","no","BNC"
"BNC-1453","A150GMV1YQWWB3","hear",1,"negation","none","no","BNC"
"BNC-1453","A1GXFMAC759VRM","hear",3,"negation","none","no","BNC"
"BNC-1453","A4J4GGMKJ68L0","hear",0,"negation","none","no","BNC"
"BNC-1453","A1945USNZHTROX","hear",-3,"negation","none","no","BNC"
"BNC-1453","A36SM7QM8OK3H6","hear",-1,"negation","none","no","BNC"
"BNC-1453","A25YG9M911WA3T","hear",1,"negation","none","no","BNC"
"BNC-1453","A1NM7ZPZ3NH412","hear",2,"negation","none","no","BNC"
"BNC-1458","AEO84PDSWW0W","hope",0,"negation","none","no","BNC"
"BNC-1458","AC5UD8N187QD6","hope",0,"negation","none","no","BNC"
"BNC-1458","A1GXFMAC759VRM","hope",0,"negation","none","no","BNC"
"BNC-1458","A1945USNZHTROX","hope",-3,"negation","none","no","BNC"
"BNC-1458","A25YG9M911WA3T","hope",0,"negation","none","no","BNC"
"BNC-1458","A36SM7QM8OK3H6","hope",0,"negation","none","no","BNC"
"BNC-1458","A1NM7ZPZ3NH412","hope",0,"negation","none","no","BNC"
"BNC-1458","A3VVR8NR3ED04C","hope",0,"negation","none","no","BNC"
"BNC-1458","A1FHH3XEFEQYV7","hope",0,"negation","none","no","BNC"
"BNC-1463","A150GMV1YQWWB3","imagine",2,"negation","none","no","BNC"
"BNC-1463","A25YG9M911WA3T","imagine",2,"negation","none","no","BNC"
"BNC-1463","AR1IWBDA7MC86","imagine",0,"negation","none","no","BNC"
"BNC-1463","A2W3I2GBGDB637","imagine",2,"negation","none","no","BNC"
"BNC-1463","A1MJVTR0PCKBWW","imagine",-2,"negation","none","no","BNC"
"BNC-1463","A3609GDWR2JCCA","imagine",0,"negation","none","no","BNC"
"BNC-1463","A36SM7QM8OK3H6","imagine",1,"negation","none","no","BNC"
"BNC-1463","A1GXFMAC759VRM","imagine",3,"negation","none","no","BNC"
"BNC-1464","A1945USNZHTROX","imagine",-3,"negation","none","no","BNC"
"BNC-1464","A36SM7QM8OK3H6","imagine",-3,"negation","none","no","BNC"
"BNC-1464","A2W3I2GBGDB637","imagine",-3,"negation","none","no","BNC"
"BNC-1464","A1MJVTR0PCKBWW","imagine",1,"negation","none","no","BNC"
"BNC-1464","A3VVR8NR3ED04C","imagine",-3,"negation","none","no","BNC"
"BNC-1464","A25YG9M911WA3T","imagine",-3,"negation","none","no","BNC"
"BNC-1464","A2541C8MY0BYV3","imagine",-2,"negation","none","no","BNC"
"BNC-1464","A1GXFMAC759VRM","imagine",-2,"negation","none","no","BNC"
"BNC-1466","A1RT9SQ9D9DLOV","imagine",1,"negation","none","no","BNC"
"BNC-1466","A4IH4CO046EV3","imagine",1,"negation","none","no","BNC"
"BNC-1466","A1MJVTR0PCKBWW","imagine",-3,"negation","none","no","BNC"
"BNC-1466","A3VVR8NR3ED04C","imagine",3,"negation","none","no","BNC"
"BNC-1466","A2541C8MY0BYV3","imagine",-2,"negation","none","no","BNC"
"BNC-1466","A1GXFMAC759VRM","imagine",-2,"negation","none","no","BNC"
"BNC-1466","A25YG9M911WA3T","imagine",3,"negation","none","no","BNC"
"BNC-1466","A36SM7QM8OK3H6","imagine",-1,"negation","none","no","BNC"
"BNC-1467","A3L2UB07EZJAMD","imagine",3,"negation","none","no","BNC"
"BNC-1467","A36SM7QM8OK3H6","imagine",1,"negation","none","no","BNC"
"BNC-1467","AZIY6IFOS4CVC","imagine",1,"negation","none","no","BNC"
"BNC-1467","A25YG9M911WA3T","imagine",3,"negation","none","no","BNC"
"BNC-1467","A1GXFMAC759VRM","imagine",3,"negation","none","no","BNC"
"BNC-1467","A1MJVTR0PCKBWW","imagine",-3,"negation","none","no","BNC"
"BNC-1467","A150GMV1YQWWB3","imagine",1,"negation","none","no","BNC"
"BNC-1467","A33NK36A94Y75Y","imagine",1,"negation","none","no","BNC"
"BNC-1467","A2EOOF9D135HQ1","imagine",2,"negation","none","no","BNC"
"BNC-1468","A1MJVTR0PCKBWW","imagine",-2,"negation","none","no","BNC"
"BNC-1468","A25YG9M911WA3T","imagine",2,"negation","none","no","BNC"
"BNC-1468","A18SXC3JEN1O0U","imagine",2,"negation","none","no","BNC"
"BNC-1468","A2541C8MY0BYV3","imagine",1,"negation","none","no","BNC"
"BNC-1468","A3GPTSDDHJ2DBV","imagine",0,"negation","none","no","BNC"
"BNC-1468","A36SM7QM8OK3H6","imagine",-3,"negation","none","no","BNC"
"BNC-1468","A150GMV1YQWWB3","imagine",-1,"negation","none","no","BNC"
"BNC-1468","A1GXFMAC759VRM","imagine",-1,"negation","none","no","BNC"
"BNC-1468","A34VY22YEREOOI","imagine",-1,"negation","none","no","BNC"
"BNC-1472","A28HB7240OFGEW","imagine",1,"negation","none","no","BNC"
"BNC-1472","A3LC6M2EMDBBXP","imagine",-2,"negation","none","no","BNC"
"BNC-1472","ANVAFB99K5RKP","imagine",1,"negation","none","no","BNC"
"BNC-1472","A36SM7QM8OK3H6","imagine",1,"negation","none","no","BNC"
"BNC-1472","A2LMQ4497NMK3S","imagine",0,"negation","none","no","BNC"
"BNC-1472","A2541C8MY0BYV3","imagine",-2,"negation","none","no","BNC"
"BNC-1472","A24LC97AU3QC7G","imagine",1,"negation","none","no","BNC"
"BNC-1472","AFUX7IUQOE0NA","imagine",0,"negation","none","no","BNC"
"BNC-1473","A25YG9M911WA3T","imagine",2,"negation","none","no","BNC"
"BNC-1473","A1945USNZHTROX","imagine",3,"negation","none","no","BNC"
"BNC-1473","A3VVR8NR3ED04C","imagine",-3,"negation","none","no","BNC"
"BNC-1473","A36SM7QM8OK3H6","imagine",0,"negation","none","no","BNC"
"BNC-1473","A1GXFMAC759VRM","imagine",2,"negation","none","no","BNC"
"BNC-1473","A3GPTSDDHJ2DBV","imagine",0,"negation","none","no","BNC"
"BNC-1473","A3GZYWA9S6J0K9","imagine",-1,"negation","none","no","BNC"
"BNC-1473","A24LC97AU3QC7G","imagine",1,"negation","none","no","BNC"
"BNC-1473","A28SYXQL3YOKVL","imagine",-2,"negation","none","no","BNC"
"BNC-1474","A1R6ZLM9V362F7","imagine",2,"negation","none","no","BNC"
"BNC-1474","A3GPTSDDHJ2DBV","imagine",1,"negation","none","no","BNC"
"BNC-1474","A35C12CR628WKD","imagine",2,"negation","none","no","BNC"
"BNC-1474","A1X94LTZZQMHTP","imagine",2,"negation","none","no","BNC"
"BNC-1474","A34VY22YEREOOI","imagine",1,"negation","none","no","BNC"
"BNC-1474","A36SM7QM8OK3H6","imagine",2,"negation","none","no","BNC"
"BNC-1474","A3RVYJNYREMTAH","imagine",3,"negation","none","no","BNC"
"BNC-1474","A3CF8ULBSE8MTL","imagine",3,"negation","none","no","BNC"
"BNC-1475","AY7WPVKHVNBLG","imagine",0,"negation","none","no","BNC"
"BNC-1475","A3VVR8NR3ED04C","imagine",3,"negation","none","no","BNC"
"BNC-1475","A36SM7QM8OK3H6","imagine",-2,"negation","none","no","BNC"
"BNC-1475","A2ET3KM3IE33MM","imagine",0,"negation","none","no","BNC"
"BNC-1475","A1GXFMAC759VRM","imagine",-2,"negation","none","no","BNC"
"BNC-1475","A25YG9M911WA3T","imagine",-1,"negation","none","no","BNC"
"BNC-1475","A2541C8MY0BYV3","imagine",-2,"negation","none","no","BNC"
"BNC-1475","AUAN582MLI96N","imagine",2,"negation","none","no","BNC"
"BNC-1475","A9YFIKDWDS4N4","imagine",-1,"negation","none","no","BNC"
"BNC-149","A2IGPW784OFV3D","know",3,"conditional","none","yes","BNC"
"BNC-149","A1NM7ZPZ3NH412","know",3,"conditional","none","yes","BNC"
"BNC-149","A150GMV1YQWWB3","know",2,"conditional","none","yes","BNC"
"BNC-149","A1GXFMAC759VRM","know",3,"conditional","none","yes","BNC"
"BNC-149","A36SM7QM8OK3H6","know",0,"conditional","none","yes","BNC"
"BNC-149","A1945USNZHTROX","know",3,"conditional","none","yes","BNC"
"BNC-149","A1MJHGH55K3O0","know",3,"conditional","none","yes","BNC"
"BNC-149","A25YG9M911WA3T","know",2,"conditional","none","yes","BNC"
"BNC-1498","A1MJVTR0PCKBWW","know",3,"negation","none","yes","BNC"
"BNC-1498","A25YG9M911WA3T","know",1,"negation","none","yes","BNC"
"BNC-1498","A2541C8MY0BYV3","know",1,"negation","none","yes","BNC"
"BNC-1498","A12R2U6TBB3OOG","know",2,"negation","none","yes","BNC"
"BNC-1498","A150GMV1YQWWB3","know",2,"negation","none","yes","BNC"
"BNC-1498","A36SM7QM8OK3H6","know",3,"negation","none","yes","BNC"
"BNC-1498","A5EU1AQJNC7F2","know",2,"negation","none","yes","BNC"
"BNC-1498","A1945USNZHTROX","know",3,"negation","none","yes","BNC"
"BNC-1499","A1SWTHM03SN731","know",3,"negation","none","yes","BNC"
"BNC-1499","A24LC97AU3QC7G","know",3,"negation","none","yes","BNC"
"BNC-1499","A36SM7QM8OK3H6","know",3,"negation","none","yes","BNC"
"BNC-1499","A1MJVTR0PCKBWW","know",3,"negation","none","yes","BNC"
"BNC-1499","A1F9KLZGHE9DTA","know",3,"negation","none","yes","BNC"
"BNC-1499","A2RBF3IIJP15IH","know",2,"negation","none","yes","BNC"
"BNC-1499","A5EU1AQJNC7F2","know",3,"negation","none","yes","BNC"
"BNC-1499","A1GXFMAC759VRM","know",3,"negation","none","yes","BNC"
"BNC-15","A1GXFMAC759VRM","believe",-3,"conditional","none","no","BNC"
"BNC-15","A36SM7QM8OK3H6","believe",-3,"conditional","none","no","BNC"
"BNC-15","A2WCXJZEXXR60A","believe",1,"conditional","none","no","BNC"
"BNC-15","A25YG9M911WA3T","believe",-2,"conditional","none","no","BNC"
"BNC-15","A1NM7ZPZ3NH412","believe",0,"conditional","none","no","BNC"
"BNC-15","A1945USNZHTROX","believe",-2,"conditional","none","no","BNC"
"BNC-15","A4J4GGMKJ68L0","believe",-1,"conditional","none","no","BNC"
"BNC-15","A150GMV1YQWWB3","believe",-2,"conditional","none","no","BNC"
"BNC-1500","A36SM7QM8OK3H6","know",2,"negation","none","yes","BNC"
"BNC-1500","A1945USNZHTROX","know",3,"negation","none","yes","BNC"
"BNC-1500","A125KW9P18V5Z1","know",2,"negation","none","yes","BNC"
"BNC-1500","ATGUAXNWCW8NI","know",1,"negation","none","yes","BNC"
"BNC-1500","A3PIAHR6PGXZNT","know",2,"negation","none","yes","BNC"
"BNC-1500","A1GXFMAC759VRM","know",3,"negation","none","yes","BNC"
"BNC-1500","A1NM7ZPZ3NH412","know",1,"negation","none","yes","BNC"
"BNC-1500","A25YG9M911WA3T","know",-2,"negation","none","yes","BNC"
"BNC-1502","A3PIAHR6PGXZNT","know",2,"question","none","yes","BNC"
"BNC-1502","A1945USNZHTROX","know",3,"question","none","yes","BNC"
"BNC-1502","A1GXFMAC759VRM","know",3,"question","none","yes","BNC"
"BNC-1502","ATGUAXNWCW8NI","know",3,"question","none","yes","BNC"
"BNC-1502","A1NM7ZPZ3NH412","know",2,"question","none","yes","BNC"
"BNC-1502","A36SM7QM8OK3H6","know",3,"question","none","yes","BNC"
"BNC-1502","A25YG9M911WA3T","know",3,"question","none","yes","BNC"
"BNC-1502","A125KW9P18V5Z1","know",3,"question","none","yes","BNC"
"BNC-1507","A25YG9M911WA3T","know",2,"negation","none","yes","BNC"
"BNC-1507","A36SM7QM8OK3H6","know",3,"negation","none","yes","BNC"
"BNC-1507","A2NA2OJT15COZY","know",3,"negation","none","yes","BNC"
"BNC-1507","A4J4GGMKJ68L0","know",3,"negation","none","yes","BNC"
"BNC-1507","A1MJVTR0PCKBWW","know",3,"negation","none","yes","BNC"
"BNC-1507","A150GMV1YQWWB3","know",2,"negation","none","yes","BNC"
"BNC-1507","AFN5VMMGYPF1I","know",0,"negation","none","yes","BNC"
"BNC-1507","AV22FQTJNBUZT","know",2,"negation","none","yes","BNC"
"BNC-1507","A1GXFMAC759VRM","know",3,"negation","none","yes","BNC"
"BNC-1508","A1F3P6N7BO9HBN","know",3,"negation","none","yes","BNC"
"BNC-1508","A2W8ZV9DQWVHJK","know",-1,"negation","none","yes","BNC"
"BNC-1508","A25YG9M911WA3T","know",2,"negation","none","yes","BNC"
"BNC-1508","A36SM7QM8OK3H6","know",3,"negation","none","yes","BNC"
"BNC-1508","A1945USNZHTROX","know",3,"negation","none","yes","BNC"
"BNC-1508","A2BA9Y6VGW6WS1","know",3,"negation","none","yes","BNC"
"BNC-1508","A3LJ2FHESYV9QQ","know",1,"negation","none","yes","BNC"
"BNC-1508","AFN5VMMGYPF1I","know",0,"negation","none","yes","BNC"
"BNC-1508","A150GMV1YQWWB3","know",1,"negation","none","yes","BNC"
"BNC-1512","AC5UD8N187QD6","know",-2,"negation","none","yes","BNC"
"BNC-1512","A1GXFMAC759VRM","know",3,"negation","none","yes","BNC"
"BNC-1512","AFN5VMMGYPF1I","know",0,"negation","none","yes","BNC"
"BNC-1512","A125KW9P18V5Z1","know",3,"negation","none","yes","BNC"
"BNC-1512","A36SM7QM8OK3H6","know",3,"negation","none","yes","BNC"
"BNC-1512","A7KLTVEIASF4J","know",1,"negation","none","yes","BNC"
"BNC-1512","A25YG9M911WA3T","know",3,"negation","none","yes","BNC"
"BNC-1512","A1945USNZHTROX","know",3,"negation","none","yes","BNC"
"BNC-1519","A2Z750U1HCWVEE","know",0,"negation","none","yes","BNC"
"BNC-1519","A21KGSK2BDVWOA","know",2,"negation","none","yes","BNC"
"BNC-1519","A2R794P3E8X0MK","know",3,"negation","none","yes","BNC"
"BNC-1519","A25YG9M911WA3T","know",2,"negation","none","yes","BNC"
"BNC-1519","A5EU1AQJNC7F2","know",1,"negation","none","yes","BNC"
"BNC-1519","A3G5IPGLH1IIZN","know",3,"negation","none","yes","BNC"
"BNC-1519","A14WLAP6TCEKO0","know",0,"negation","none","yes","BNC"
"BNC-1519","A1945USNZHTROX","know",3,"negation","none","yes","BNC"
"BNC-1519","A245RS8249R2TA","know",-3,"negation","none","yes","BNC"
"BNC-1519","A3U2UNSYDPS933","know",2,"negation","none","yes","BNC"
"BNC-1519","A2YGAEODJ5SSF6","know",0,"negation","none","yes","BNC"
"BNC-1519","A04548021K19SQXHSP0XC","know",3,"negation","none","yes","BNC"
"BNC-1519","A32QJF67JMJFKX","know",3,"negation","none","yes","BNC"
"BNC-1524","A1NM7ZPZ3NH412","know",0,"negation","none","yes","BNC"
"BNC-1524","A32QJF67JMJFKX","know",3,"negation","none","yes","BNC"
"BNC-1524","A3CZFTXS9EQSY3","know",0,"negation","none","yes","BNC"
"BNC-1524","A1GZOEMTN2KYDA","know",1,"negation","none","yes","BNC"
"BNC-1524","AC5UD8N187QD6","know",1,"negation","none","yes","BNC"
"BNC-1524","A21KGSK2BDVWOA","know",3,"negation","none","yes","BNC"
"BNC-1524","A36SM7QM8OK3H6","know",-1,"negation","none","yes","BNC"
"BNC-1524","A5EU1AQJNC7F2","know",3,"negation","none","yes","BNC"
"BNC-1524","A1945USNZHTROX","know",3,"negation","none","yes","BNC"
"BNC-1524","A2YGAEODJ5SSF6","know",2,"negation","none","yes","BNC"
"BNC-1524","AYH6G17Q8FY3B","know",0,"negation","none","yes","BNC"
"BNC-1524","A150GMV1YQWWB3","know",2,"negation","none","yes","BNC"
"BNC-1526","A28FMRMS9TMEOZ","know",2,"negation","none","yes","BNC"
"BNC-1526","A17J1CE7N49Z9D","know",0,"negation","none","yes","BNC"
"BNC-1526","A1MGXQW1EEKE20","know",3,"negation","none","yes","BNC"
"BNC-1526","A2BA9Y6VGW6WS1","know",3,"negation","none","yes","BNC"
"BNC-1526","A32QJF67JMJFKX","know",3,"negation","none","yes","BNC"
"BNC-1526","A1NM7ZPZ3NH412","know",3,"negation","none","yes","BNC"
"BNC-1526","A36SM7QM8OK3H6","know",3,"negation","none","yes","BNC"
"BNC-1526","A2GAQZAZWV01PU","know",0,"negation","none","yes","BNC"
"BNC-1528","A25YG9M911WA3T","know",2,"negation","none","yes","BNC"
"BNC-1528","A2WQT33K6LD9Z5","know",0,"negation","none","yes","BNC"
"BNC-1528","A3PJ51GS2AKBO6","know",2,"negation","none","yes","BNC"
"BNC-1528","AK3H5QRAROFGP","know",3,"negation","none","yes","BNC"
"BNC-1528","A36SM7QM8OK3H6","know",-3,"negation","none","yes","BNC"
"BNC-1528","ABL3H3O3BI8ZD","know",1,"negation","none","yes","BNC"
"BNC-1528","A1AO1LLP3INAZF","know",-2,"negation","none","yes","BNC"
"BNC-1528","A32QJF67JMJFKX","know",0,"negation","none","yes","BNC"
"BNC-1529","A3UTFL5JHRQCM1","know",-1,"negation","none","yes","BNC"
"BNC-1529","A3I6JPGXHWY9FS","know",3,"negation","none","yes","BNC"
"BNC-1529","A36SM7QM8OK3H6","know",-3,"negation","none","yes","BNC"
"BNC-1529","A2BA9Y6VGW6WS1","know",3,"negation","none","yes","BNC"
"BNC-1529","A3S1TLYMH9WWUG","know",3,"negation","none","yes","BNC"
"BNC-1529","A2J1VDVDYZRK29","know",1,"negation","none","yes","BNC"
"BNC-1529","A1NM7ZPZ3NH412","know",3,"negation","none","yes","BNC"
"BNC-1529","A32QJF67JMJFKX","know",3,"negation","none","yes","BNC"
"BNC-1529","A1FP3SH704X01V","know",-3,"negation","none","yes","BNC"
"BNC-1530","A3UEJQ4EJB9DBD","know",0,"negation","none","yes","BNC"
"BNC-1530","A1FP3SH704X01V","know",0,"negation","none","yes","BNC"
"BNC-1530","A3AFC26CB0AXMI","know",0,"negation","none","yes","BNC"
"BNC-1530","A1NM7ZPZ3NH412","know",0,"negation","none","yes","BNC"
"BNC-1530","ATADQXPHL10Y8","know",0,"negation","none","yes","BNC"
"BNC-1530","A2YCMT5BPA0AG9","know",0,"negation","none","yes","BNC"
"BNC-1530","A36SM7QM8OK3H6","know",0,"negation","none","yes","BNC"
"BNC-1530","A2YO837C0O1E91","know",3,"negation","none","yes","BNC"
"BNC-1530","A28FMRMS9TMEOZ","know",-2,"negation","none","yes","BNC"
"BNC-1530","A3D2U4QF7821ZW","know",-3,"negation","none","yes","BNC"
"BNC-1533","A1F9KLZGHE9DTA","know",1,"negation","none","yes","BNC"
"BNC-1533","A36SM7QM8OK3H6","know",1,"negation","none","yes","BNC"
"BNC-1533","A5EU1AQJNC7F2","know",2,"negation","none","yes","BNC"
"BNC-1533","AMPMTF5IAAMK8","know",3,"negation","none","yes","BNC"
"BNC-1533","A32QJF67JMJFKX","know",3,"negation","none","yes","BNC"
"BNC-1533","A1FP3SH704X01V","know",3,"negation","none","yes","BNC"
"BNC-1533","A2YGAEODJ5SSF6","know",2,"negation","none","yes","BNC"
"BNC-1533","A1L3937MY09J3I","know",3,"negation","none","yes","BNC"
"BNC-1534","A1C59M3HPCO503","know",3,"negation","none","yes","BNC"
"BNC-1534","A36SM7QM8OK3H6","know",3,"negation","none","yes","BNC"
"BNC-1534","A1FP3SH704X01V","know",3,"negation","none","yes","BNC"
"BNC-1534","A3GK90X2QOFR53","know",1,"negation","none","yes","BNC"
"BNC-1534","A32QJF67JMJFKX","know",3,"negation","none","yes","BNC"
"BNC-1534","A25YG9M911WA3T","know",3,"negation","none","yes","BNC"
"BNC-1534","A3843S9LWPDN2K","know",3,"negation","none","yes","BNC"
"BNC-1534","A5EU1AQJNC7F2","know",-2,"negation","none","yes","BNC"
"BNC-1535","A2JP9IKRHNLRPI","know",-2,"negation","none","yes","BNC"
"BNC-1535","A3843S9LWPDN2K","know",0,"negation","none","yes","BNC"
"BNC-1535","A1AA0WXXEHPM3V","know",0,"negation","none","yes","BNC"
"BNC-1535","A5EU1AQJNC7F2","know",1,"negation","none","yes","BNC"
"BNC-1535","A23KAJRDVCVGOE","know",2,"negation","none","yes","BNC"
"BNC-1535","A32QJF67JMJFKX","know",3,"negation","none","yes","BNC"
"BNC-1535","A1FP3SH704X01V","know",3,"negation","none","yes","BNC"
"BNC-1535","AMPMTF5IAAMK8","know",0,"negation","none","yes","BNC"
"BNC-1535","A36SM7QM8OK3H6","know",1,"negation","none","yes","BNC"
"BNC-1535","A36TE52PSYAAD6","know",3,"negation","none","yes","BNC"
"BNC-1538","A1MJVTR0PCKBWW","know",3,"negation","none","yes","BNC"
"BNC-1538","A1F9KLZGHE9DTA","know",-1,"negation","none","yes","BNC"
"BNC-1538","A3MYTEE8WSEQ2Z","know",0,"negation","none","yes","BNC"
"BNC-1538","A1ZKNQJO513B3W","know",-1,"negation","none","yes","BNC"
"BNC-1538","A30MP4LXV4MIFD","know",0,"negation","none","yes","BNC"
"BNC-1538","A13PXTFOXDCKBF","know",-3,"negation","none","yes","BNC"
"BNC-1538","A3AO2N7BNFDGF3","know",3,"negation","none","yes","BNC"
"BNC-1538","A1QA5EWFMNKGTA","know",0,"negation","none","yes","BNC"
"BNC-1538","A18LPAFMK1B06K","know",2,"negation","none","yes","BNC"
"BNC-1541","A36SM7QM8OK3H6","know",3,"negation","none","yes","BNC"
"BNC-1541","A2KVYRNL2CK95F","know",3,"negation","none","yes","BNC"
"BNC-1541","A25YG9M911WA3T","know",2,"negation","none","yes","BNC"
"BNC-1541","AFN5VMMGYPF1I","know",0,"negation","none","yes","BNC"
"BNC-1541","A217W59SA6LZSR","know",-1,"negation","none","yes","BNC"
"BNC-1541","A2SENAPNSXG9L","know",2,"negation","none","yes","BNC"
"BNC-1541","A3609GDWR2JCCA","know",3,"negation","none","yes","BNC"
"BNC-1541","A1TARNH07A75CG","know",3,"negation","none","yes","BNC"
"BNC-1541","A1945USNZHTROX","know",3,"negation","none","yes","BNC"
"BNC-1545","A150GMV1YQWWB3","know",1,"negation","none","yes","BNC"
"BNC-1545","A1GXFMAC759VRM","know",3,"negation","none","yes","BNC"
"BNC-1545","AFN5VMMGYPF1I","know",1,"negation","none","yes","BNC"
"BNC-1545","A2541C8MY0BYV3","know",1,"negation","none","yes","BNC"
"BNC-1545","A25YG9M911WA3T","know",3,"negation","none","yes","BNC"
"BNC-1545","A1945USNZHTROX","know",3,"negation","none","yes","BNC"
"BNC-1545","A2NA2OJT15COZY","know",-1,"negation","none","yes","BNC"
"BNC-1545","A36SM7QM8OK3H6","know",1,"negation","none","yes","BNC"
"BNC-1548","AFYN9EPN2X2SO","know",3,"negation","none","yes","BNC"
"BNC-1548","A36SM7QM8OK3H6","know",0,"negation","none","yes","BNC"
"BNC-1548","A1KGCOR8OXYR72","know",-3,"negation","none","yes","BNC"
"BNC-1548","A5EU1AQJNC7F2","know",1,"negation","none","yes","BNC"
"BNC-1548","A32QJF67JMJFKX","know",3,"negation","none","yes","BNC"
"BNC-1548","AG0X3PQK2FWQJ","know",3,"negation","none","yes","BNC"
"BNC-1548","A25YG9M911WA3T","know",3,"negation","none","yes","BNC"
"BNC-1548","A1U8RH67FLZW87","know",3,"negation","none","yes","BNC"
"BNC-1553","A5EU1AQJNC7F2","know",2,"negation","none","yes","BNC"
"BNC-1553","A36SM7QM8OK3H6","know",3,"negation","none","yes","BNC"
"BNC-1553","A2EOOF9D135HQ1","know",0,"negation","none","yes","BNC"
"BNC-1553","AXJ1PE87PD0KK","know",2,"negation","none","yes","BNC"
"BNC-1553","AFKHZQ5SW7CSL","know",2,"negation","none","yes","BNC"
"BNC-1553","A1SIUJEL2LS8UO","know",1,"negation","none","yes","BNC"
"BNC-1553","AKLV0WIZZ356X","know",3,"negation","none","yes","BNC"
"BNC-1553","A32QJF67JMJFKX","know",3,"negation","none","yes","BNC"
"BNC-1553","A1MJHGH55K3O0","know",3,"negation","none","yes","BNC"
"BNC-1554","A1VQQETLYHKR8D","know",2,"negation","none","yes","BNC"
"BNC-1554","A36SM7QM8OK3H6","know",3,"negation","none","yes","BNC"
"BNC-1554","AZZDXA6TV6737","know",3,"negation","none","yes","BNC"
"BNC-1554","A32QJF67JMJFKX","know",3,"negation","none","yes","BNC"
"BNC-1554","A1EH9BPKYXFBS5","know",1,"negation","none","yes","BNC"
"BNC-1554","ASI2B6A3Y556Z","know",3,"negation","none","yes","BNC"
"BNC-1554","A10O5YR01H865K","know",3,"negation","none","yes","BNC"
"BNC-1554","A5EU1AQJNC7F2","know",2,"negation","none","yes","BNC"
"BNC-1554","A1GXFMAC759VRM","know",3,"negation","none","yes","BNC"
"BNC-1558","A18LPAFMK1B06K","know",-2,"negation","none","yes","BNC"
"BNC-1558","A32QJF67JMJFKX","know",3,"negation","none","yes","BNC"
"BNC-1558","A1MJVTR0PCKBWW","know",3,"negation","none","yes","BNC"
"BNC-1558","A25YG9M911WA3T","know",3,"negation","none","yes","BNC"
"BNC-1558","A36SM7QM8OK3H6","know",3,"negation","none","yes","BNC"
"BNC-1558","A17ELSQUMU0QT6","know",3,"negation","none","yes","BNC"
"BNC-1558","A2JP9IKRHNLRPI","know",3,"negation","none","yes","BNC"
"BNC-1558","A11UQWFUDNIHIL","know",-3,"negation","none","yes","BNC"
"BNC-1558","A4J4GGMKJ68L0","know",0,"negation","none","yes","BNC"
"BNC-1558","A2AJIRNA6L4IJI","know",-3,"negation","none","yes","BNC"
"BNC-1559","A1GXFMAC759VRM","know",3,"negation","none","yes","BNC"
"BNC-1559","A5EU1AQJNC7F2","know",2,"negation","none","yes","BNC"
"BNC-1559","A24LC97AU3QC7G","know",3,"negation","none","yes","BNC"
"BNC-1559","A2AMQX0BQZXG9N","know",3,"negation","none","yes","BNC"
"BNC-1559","A2YCMT5BPA0AG9","know",2,"negation","none","yes","BNC"
"BNC-1559","A36SM7QM8OK3H6","know",3,"negation","none","yes","BNC"
"BNC-1559","A1X94LTZZQMHTP","know",1,"negation","none","yes","BNC"
"BNC-1559","A1MJVTR0PCKBWW","know",-2,"negation","none","yes","BNC"
"BNC-1559","A125KW9P18V5Z1","know",3,"negation","none","yes","BNC"
"BNC-156","A1Y0Y6U906ABT5","know",0,"conditional","none","yes","BNC"
"BNC-156","AOVN1TVNI7HJ7","know",3,"conditional","none","yes","BNC"
"BNC-156","ASI2B6A3Y556Z","know",3,"conditional","none","yes","BNC"
"BNC-156","A1QVNF19XSRSD7","know",-1,"conditional","none","yes","BNC"
"BNC-156","A22ABLVEI5EGPL","know",3,"conditional","none","yes","BNC"
"BNC-156","A39GADIK8RLMVC","know",2,"conditional","none","yes","BNC"
"BNC-156","APITQRRX2PADB","know",3,"conditional","none","yes","BNC"
"BNC-156","A333BXH5ATXBHC","know",0,"conditional","none","yes","BNC"
"BNC-1566","A1GXFMAC759VRM","know",2,"negation","none","yes","BNC"
"BNC-1566","A3RDH0U2H6JCBC","know",2,"negation","none","yes","BNC"
"BNC-1566","A1Y689M29Q274B","know",3,"negation","none","yes","BNC"
"BNC-1566","A1F9KLZGHE9DTA","know",3,"negation","none","yes","BNC"
"BNC-1566","A2P065E9CYMYJL","know",-2,"negation","none","yes","BNC"
"BNC-1566","A16SJ5D3DKUEXJ","know",-3,"negation","none","yes","BNC"
"BNC-1566","A125KW9P18V5Z1","know",2,"negation","none","yes","BNC"
"BNC-1566","A36SM7QM8OK3H6","know",-2,"negation","none","yes","BNC"
"BNC-1599","AFN5VMMGYPF1I","know",0,"negation","none","yes","BNC"
"BNC-1599","A25YG9M911WA3T","know",1,"negation","none","yes","BNC"
"BNC-1599","A1945USNZHTROX","know",-3,"negation","none","yes","BNC"
"BNC-1599","A2BA9Y6VGW6WS1","know",1,"negation","none","yes","BNC"
"BNC-1599","A1GXFMAC759VRM","know",1,"negation","none","yes","BNC"
"BNC-1599","A36SM7QM8OK3H6","know",0,"negation","none","yes","BNC"
"BNC-1599","A150GMV1YQWWB3","know",-1,"negation","none","yes","BNC"
"BNC-1599","A3LJ2FHESYV9QQ","know",3,"negation","none","yes","BNC"
"BNC-1601","AFN5VMMGYPF1I","know",3,"negation","none","yes","BNC"
"BNC-1601","A1945USNZHTROX","know",3,"negation","none","yes","BNC"
"BNC-1601","A36SM7QM8OK3H6","know",2,"negation","none","yes","BNC"
"BNC-1601","A1GXFMAC759VRM","know",2,"negation","none","yes","BNC"
"BNC-1601","A125KW9P18V5Z1","know",-1,"negation","none","yes","BNC"
"BNC-1601","A25YG9M911WA3T","know",3,"negation","none","yes","BNC"
"BNC-1601","A12R2U6TBB3OOG","know",3,"negation","none","yes","BNC"
"BNC-1601","A2NA2OJT15COZY","know",-1,"negation","none","yes","BNC"
"BNC-1601","A1F9KLZGHE9DTA","know",-3,"negation","none","yes","BNC"
"BNC-1606","A1MJVTR0PCKBWW","know",3,"negation","none","yes","BNC"
"BNC-1606","AFHRMJIHMGLDE","know",0,"negation","none","yes","BNC"
"BNC-1606","A36SM7QM8OK3H6","know",-1,"negation","none","yes","BNC"
"BNC-1606","A24LC97AU3QC7G","know",0,"negation","none","yes","BNC"
"BNC-1606","A2EOOF9D135HQ1","know",0,"negation","none","yes","BNC"
"BNC-1606","AKLV0WIZZ356X","know",1,"negation","none","yes","BNC"
"BNC-1606","A125KW9P18V5Z1","know",3,"negation","none","yes","BNC"
"BNC-1606","A1GXFMAC759VRM","know",3,"negation","none","yes","BNC"
"BNC-1607","A2RBF3IIJP15IH","know",1,"negation","none","yes","BNC"
"BNC-1607","A2AMQX0BQZXG9N","know",3,"negation","none","yes","BNC"
"BNC-1607","A1HWTTN3JEUNZY","know",0,"negation","none","yes","BNC"
"BNC-1607","A5EU1AQJNC7F2","know",-2,"negation","none","yes","BNC"
"BNC-1607","A1GXFMAC759VRM","know",3,"negation","none","yes","BNC"
"BNC-1607","A36SM7QM8OK3H6","know",-1,"negation","none","yes","BNC"
"BNC-1607","A1MJVTR0PCKBWW","know",3,"negation","none","yes","BNC"
"BNC-1607","A18T67NDI2JK5Y","know",-2,"negation","none","yes","BNC"
"BNC-1607","A1DIGREVLNOXT3","know",0,"negation","none","yes","BNC"
"BNC-1615","A24LC97AU3QC7G","learn",3,"negation","none","yes","BNC"
"BNC-1615","A36SM7QM8OK3H6","learn",3,"negation","none","yes","BNC"
"BNC-1615","AKLV0WIZZ356X","learn",1,"negation","none","yes","BNC"
"BNC-1615","A125KW9P18V5Z1","learn",3,"negation","none","yes","BNC"
"BNC-1615","AFHRMJIHMGLDE","learn",3,"negation","none","yes","BNC"
"BNC-1615","A1MJVTR0PCKBWW","learn",3,"negation","none","yes","BNC"
"BNC-1615","A1GXFMAC759VRM","learn",3,"negation","none","yes","BNC"
"BNC-1615","A2EOOF9D135HQ1","learn",2,"negation","none","yes","BNC"
"BNC-1616","A125KW9P18V5Z1","learn",2,"negation","none","yes","BNC"
"BNC-1616","A2AMQX0BQZXG9N","learn",3,"negation","none","yes","BNC"
"BNC-1616","A36SM7QM8OK3H6","learn",2,"negation","none","yes","BNC"
"BNC-1616","A1X94LTZZQMHTP","learn",-1,"negation","none","yes","BNC"
"BNC-1616","A2YCMT5BPA0AG9","learn",-1,"negation","none","yes","BNC"
"BNC-1616","A1GXFMAC759VRM","learn",3,"negation","none","yes","BNC"
"BNC-1616","A1MJVTR0PCKBWW","learn",0,"negation","none","yes","BNC"
"BNC-1616","A5EU1AQJNC7F2","learn",-1,"negation","none","yes","BNC"
"BNC-1616","A24LC97AU3QC7G","learn",3,"negation","none","yes","BNC"
"BNC-1620","A24F1UPER626KR","mean",-1,"negation","none","no","BNC"
"BNC-1620","AVI7K876BV3QL","mean",-1,"negation","none","no","BNC"
"BNC-1620","AT5NKCNE7LOAZ","mean",-1,"negation","none","no","BNC"
"BNC-1620","A1HKCTDOTL6C9I","mean",-3,"negation","none","no","BNC"
"BNC-1620","A1TARNH07A75CG","mean",-1,"negation","none","no","BNC"
"BNC-1620","A1F9KLZGHE9DTA","mean",-2,"negation","none","no","BNC"
"BNC-1620","A23KAJRDVCVGOE","mean",1,"negation","none","no","BNC"
"BNC-1620","A1GXFMAC759VRM","mean",-3,"negation","none","no","BNC"
"BNC-1621","A1DIGREVLNOXT3","mean",-2,"negation","none","no","BNC"
"BNC-1621","A1NM7ZPZ3NH412","mean",-3,"negation","none","no","BNC"
"BNC-1621","A36SM7QM8OK3H6","mean",-3,"negation","none","no","BNC"
"BNC-1621","A3LJ2FHESYV9QQ","mean",-3,"negation","none","no","BNC"
"BNC-1621","A4J4GGMKJ68L0","mean",-3,"negation","none","no","BNC"
"BNC-1621","A3609GDWR2JCCA","mean",-3,"negation","none","no","BNC"
"BNC-1621","A1MJVTR0PCKBWW","mean",-1,"negation","none","no","BNC"
"BNC-1621","A1GXFMAC759VRM","mean",-3,"negation","none","no","BNC"
"BNC-1628","A25YG9M911WA3T","mean",-3,"negation","none","no","BNC"
"BNC-1628","ADKKDK6P4MS1Z","mean",1,"negation","none","no","BNC"
"BNC-1628","A1945USNZHTROX","mean",-3,"negation","none","no","BNC"
"BNC-1628","A1MJVTR0PCKBWW","mean",0,"negation","none","no","BNC"
"BNC-1628","A2CF2BD4Q0ZDJN","mean",-2,"negation","none","no","BNC"
"BNC-1628","A1NM7ZPZ3NH412","mean",-2,"negation","none","no","BNC"
"BNC-1628","A36SM7QM8OK3H6","mean",3,"negation","none","no","BNC"
"BNC-1628","A1GXFMAC759VRM","mean",-3,"negation","none","no","BNC"
"BNC-1631","A3UTFL5JHRQCM1","mean",3,"negation","none","no","BNC"
"BNC-1631","A36SM7QM8OK3H6","mean",-2,"negation","none","no","BNC"
"BNC-1631","A1MJVTR0PCKBWW","mean",-1,"negation","none","no","BNC"
"BNC-1631","A1GXFMAC759VRM","mean",-2,"negation","none","no","BNC"
"BNC-1631","A5EU1AQJNC7F2","mean",-2,"negation","none","no","BNC"
"BNC-1631","A228YSXU6H27QT","mean",-1,"negation","none","no","BNC"
"BNC-1631","A13PXTFOXDCKBF","mean",-2,"negation","none","no","BNC"
"BNC-1631","A7KLTVEIASF4J","mean",2,"negation","none","no","BNC"
"BNC-1633","A1Q0N5H1DXMK0V","mean",-3,"negation","none","no","BNC"
"BNC-1633","A207149DHAS89K","mean",-3,"negation","none","no","BNC"
"BNC-1633","A1GXFMAC759VRM","mean",-2,"negation","none","no","BNC"
"BNC-1633","A1MJVTR0PCKBWW","mean",-2,"negation","none","no","BNC"
"BNC-1633","A36SM7QM8OK3H6","mean",-3,"negation","none","no","BNC"
"BNC-1633","A2OVX9UW5WANQE","mean",-2,"negation","none","no","BNC"
"BNC-1633","A1DIGREVLNOXT3","mean",-3,"negation","none","no","BNC"
"BNC-1633","A2NT3OQZUUZPEO","mean",-2,"negation","none","no","BNC"
"BNC-1635","A36SM7QM8OK3H6","mean",-2,"negation","none","no","BNC"
"BNC-1635","A1MJVTR0PCKBWW","mean",0,"negation","none","no","BNC"
"BNC-1635","A1NM7ZPZ3NH412","mean",-3,"negation","none","no","BNC"
"BNC-1635","A2OVX9UW5WANQE","mean",-2,"negation","none","no","BNC"
"BNC-1635","A1GXFMAC759VRM","mean",-3,"negation","none","no","BNC"
"BNC-1635","A5EU1AQJNC7F2","mean",-2,"negation","none","no","BNC"
"BNC-1635","A3SGZ8OQXW5TQD","mean",-1,"negation","none","no","BNC"
"BNC-1635","A1PT63J40GNSZF","mean",-1,"negation","none","no","BNC"
"BNC-1635","A240OTT1T85UGT","mean",0,"negation","none","no","BNC"
"BNC-1636","A1GXFMAC759VRM","mean",-3,"negation","none","no","BNC"
"BNC-1636","A1MJVTR0PCKBWW","mean",0,"negation","none","no","BNC"
"BNC-1636","A207149DHAS89K","mean",-3,"negation","none","no","BNC"
"BNC-1636","A1945USNZHTROX","mean",3,"negation","none","no","BNC"
"BNC-1636","A150GMV1YQWWB3","mean",-3,"negation","none","no","BNC"
"BNC-1636","A36MTY8RSWBZU7","mean",-3,"negation","none","no","BNC"
"BNC-1636","A25YG9M911WA3T","mean",-2,"negation","none","no","BNC"
"BNC-1636","A36SM7QM8OK3H6","mean",-3,"negation","none","no","BNC"
"BNC-1636","A3GPTSDDHJ2DBV","mean",-3,"negation","none","no","BNC"
"BNC-164","A1945USNZHTROX","know",2,"conditional","none","yes","BNC"
"BNC-164","AFN5VMMGYPF1I","know",0,"conditional","none","yes","BNC"
"BNC-164","A3PIAHR6PGXZNT","know",3,"conditional","none","yes","BNC"
"BNC-164","A25YG9M911WA3T","know",-2,"conditional","none","yes","BNC"
"BNC-164","A36SM7QM8OK3H6","know",0,"conditional","none","yes","BNC"
"BNC-164","A1GXFMAC759VRM","know",3,"conditional","none","yes","BNC"
"BNC-164","A1NM7ZPZ3NH412","know",3,"conditional","none","yes","BNC"
"BNC-164","A2SENAPNSXG9L","know",1,"conditional","none","yes","BNC"
"BNC-1640","A150GMV1YQWWB3","mean",-2,"negation","none","no","BNC"
"BNC-1640","A25YG9M911WA3T","mean",-2,"negation","none","no","BNC"
"BNC-1640","A1NM7ZPZ3NH412","mean",-3,"negation","none","no","BNC"
"BNC-1640","A1MJVTR0PCKBWW","mean",0,"negation","none","no","BNC"
"BNC-1640","A1GXFMAC759VRM","mean",-3,"negation","none","no","BNC"
"BNC-1640","A3UEJQ4EJB9DBD","mean",-1,"negation","none","no","BNC"
"BNC-1640","A36SM7QM8OK3H6","mean",-3,"negation","none","no","BNC"
"BNC-1640","A2AMQX0BQZXG9N","mean",-3,"negation","none","no","BNC"
"BNC-1640","A2WC2NO555XU3J","mean",-2,"negation","none","no","BNC"
"BNC-1642","A37XJVQF62ZYC","mean",-3,"negation","none","no","BNC"
"BNC-1642","A2P065E9CYMYJL","mean",1,"negation","none","no","BNC"
"BNC-1642","A1X94LTZZQMHTP","mean",-2,"negation","none","no","BNC"
"BNC-1642","A1GXFMAC759VRM","mean",-3,"negation","none","no","BNC"
"BNC-1642","A1MJVTR0PCKBWW","mean",-2,"negation","none","no","BNC"
"BNC-1642","A5EU1AQJNC7F2","mean",-3,"negation","none","no","BNC"
"BNC-1642","AVI7K876BV3QL","mean",-3,"negation","none","no","BNC"
"BNC-1642","A2HHKBW8HQWI66","mean",-3,"negation","none","no","BNC"
"BNC-1642","A18GLXN59JTX9F","mean",-3,"negation","none","no","BNC"
"BNC-1643","A3GZYWA9S6J0K9","mean",-2,"negation","none","no","BNC"
"BNC-1643","A5EU1AQJNC7F2","mean",0,"negation","none","no","BNC"
"BNC-1643","A13NKDUD6JU094","mean",-1,"negation","none","no","BNC"
"BNC-1643","A2GBV3YLSRW4SH","mean",0,"negation","none","no","BNC"
"BNC-1643","A1U8RH67FLZW87","mean",-2,"negation","none","no","BNC"
"BNC-1643","A1MJVTR0PCKBWW","mean",2,"negation","none","no","BNC"
"BNC-1643","A1F9KLZGHE9DTA","mean",-2,"negation","none","no","BNC"
"BNC-1643","A1GXFMAC759VRM","mean",-3,"negation","none","no","BNC"
"BNC-1643","A3N7MZOSXM4JHR","mean",1,"negation","none","no","BNC"
"BNC-1645","A1945USNZHTROX","mean",-3,"negation","none","no","BNC"
"BNC-1645","A3GZYWA9S6J0K9","mean",-3,"negation","none","no","BNC"
"BNC-1645","A25YG9M911WA3T","mean",-2,"negation","none","no","BNC"
"BNC-1645","A36SM7QM8OK3H6","mean",-3,"negation","none","no","BNC"
"BNC-1645","A1GXFMAC759VRM","mean",-3,"negation","none","no","BNC"
"BNC-1645","A150GMV1YQWWB3","mean",-2,"negation","none","no","BNC"
"BNC-1645","A1MJVTR0PCKBWW","mean",-3,"negation","none","no","BNC"
"BNC-1645","A1DIGREVLNOXT3","mean",-2,"negation","none","no","BNC"
"BNC-1648","A1GXFMAC759VRM","mean",3,"negation","none","no","BNC"
"BNC-1648","A3D95WOVC1R775","mean",-3,"negation","none","no","BNC"
"BNC-1648","AV22FQTJNBUZT","mean",-3,"negation","none","no","BNC"
"BNC-1648","A36SM7QM8OK3H6","mean",-3,"negation","none","no","BNC"
"BNC-1648","A29JSP8G8VTRT4","mean",-3,"negation","none","no","BNC"
"BNC-1648","A1MJVTR0PCKBWW","mean",1,"negation","none","no","BNC"
"BNC-1648","A12R2U6TBB3OOG","mean",-3,"negation","none","no","BNC"
"BNC-1648","A125KW9P18V5Z1","mean",-3,"negation","none","no","BNC"
"BNC-165","A16SAB417Y96G4","know",1,"conditional","none","yes","BNC"
"BNC-165","A2OVX9UW5WANQE","know",3,"conditional","none","yes","BNC"
"BNC-165","A36SM7QM8OK3H6","know",3,"conditional","none","yes","BNC"
"BNC-165","A1945USNZHTROX","know",3,"conditional","none","yes","BNC"
"BNC-165","A1GXFMAC759VRM","know",1,"conditional","none","yes","BNC"
"BNC-165","A25YG9M911WA3T","know",3,"conditional","none","yes","BNC"
"BNC-165","A3W6T1WDYXMR3","know",2,"conditional","none","yes","BNC"
"BNC-165","AFN5VMMGYPF1I","know",0,"conditional","none","yes","BNC"
"BNC-1656","A25YG9M911WA3T","notice",3,"negation","none","yes","BNC"
"BNC-1656","AFN5VMMGYPF1I","notice",1,"negation","none","yes","BNC"
"BNC-1656","A2BA9Y6VGW6WS1","notice",3,"negation","none","yes","BNC"
"BNC-1656","A150GMV1YQWWB3","notice",3,"negation","none","yes","BNC"
"BNC-1656","A3LJ2FHESYV9QQ","notice",3,"negation","none","yes","BNC"
"BNC-1656","A1945USNZHTROX","notice",3,"negation","none","yes","BNC"
"BNC-1656","A36SM7QM8OK3H6","notice",-2,"negation","none","yes","BNC"
"BNC-1656","A2W8ZV9DQWVHJK","notice",2,"negation","none","yes","BNC"
"BNC-1656","A1F3P6N7BO9HBN","notice",3,"negation","none","yes","BNC"
"BNC-1659","A3609GDWR2JCCA","notice",3,"negation","none","yes","BNC"
"BNC-1659","A217W59SA6LZSR","notice",2,"negation","none","yes","BNC"
"BNC-1659","A36SM7QM8OK3H6","notice",2,"negation","none","yes","BNC"
"BNC-1659","A1TARNH07A75CG","notice",3,"negation","none","yes","BNC"
"BNC-1659","A2KVYRNL2CK95F","notice",3,"negation","none","yes","BNC"
"BNC-1659","A2SENAPNSXG9L","notice",3,"negation","none","yes","BNC"
"BNC-1659","A25YG9M911WA3T","notice",3,"negation","none","yes","BNC"
"BNC-1659","A1945USNZHTROX","notice",2,"negation","none","yes","BNC"
"BNC-1659","AFN5VMMGYPF1I","notice",1,"negation","none","yes","BNC"
"BNC-1660","AFN5VMMGYPF1I","notice",0,"negation","none","yes","BNC"
"BNC-1660","A3LJ2FHESYV9QQ","notice",3,"negation","none","yes","BNC"
"BNC-1660","A36SM7QM8OK3H6","notice",3,"negation","none","yes","BNC"
"BNC-1660","A2BA9Y6VGW6WS1","notice",2,"negation","none","yes","BNC"
"BNC-1660","A1945USNZHTROX","notice",3,"negation","none","yes","BNC"
"BNC-1660","A1GXFMAC759VRM","notice",3,"negation","none","yes","BNC"
"BNC-1660","A150GMV1YQWWB3","notice",2,"negation","none","yes","BNC"
"BNC-1660","A25YG9M911WA3T","notice",3,"negation","none","yes","BNC"
"BNC-1661","A25YG9M911WA3T","notice",3,"negation","none","yes","BNC"
"BNC-1661","A3LJ2FHESYV9QQ","notice",3,"negation","none","yes","BNC"
"BNC-1661","A1945USNZHTROX","notice",-3,"negation","none","yes","BNC"
"BNC-1661","A150GMV1YQWWB3","notice",2,"negation","none","yes","BNC"
"BNC-1661","AFWKRID53R1XA","notice",3,"negation","none","yes","BNC"
"BNC-1661","AFN5VMMGYPF1I","notice",0,"negation","none","yes","BNC"
"BNC-1661","A1GXFMAC759VRM","notice",3,"negation","none","yes","BNC"
"BNC-1661","A36SM7QM8OK3H6","notice",3,"negation","none","yes","BNC"
"BNC-1664","A3L2UB07EZJAMD","notice",3,"negation","none","yes","BNC"
"BNC-1664","A36SM7QM8OK3H6","notice",3,"negation","none","yes","BNC"
"BNC-1664","ASI2B6A3Y556Z","notice",2,"negation","none","yes","BNC"
"BNC-1664","A25YG9M911WA3T","notice",2,"negation","none","yes","BNC"
"BNC-1664","A1945USNZHTROX","notice",3,"negation","none","yes","BNC"
"BNC-1664","A1GXFMAC759VRM","notice",3,"negation","none","yes","BNC"
"BNC-1664","AFN5VMMGYPF1I","notice",3,"negation","none","yes","BNC"
"BNC-1664","A2A0DKZ4Y9I6OV","notice",2,"negation","none","yes","BNC"
"BNC-1665","A3LJ2FHESYV9QQ","notice",3,"negation","none","yes","BNC"
"BNC-1665","A3TY2K1HBA19PO","notice",3,"negation","none","yes","BNC"
"BNC-1665","A36SM7QM8OK3H6","notice",3,"negation","none","yes","BNC"
"BNC-1665","A25YG9M911WA3T","notice",2,"negation","none","yes","BNC"
"BNC-1665","A3609GDWR2JCCA","notice",3,"negation","none","yes","BNC"
"BNC-1665","A35C12CR628WKD","notice",2,"negation","none","yes","BNC"
"BNC-1665","A1945USNZHTROX","notice",3,"negation","none","yes","BNC"
"BNC-1665","A24LC97AU3QC7G","notice",3,"negation","none","yes","BNC"
"BNC-1665","A2541C8MY0BYV3","notice",2,"negation","none","yes","BNC"
"BNC-1667","A1945USNZHTROX","notice",3,"negation","none","yes","BNC"
"BNC-1667","A150GMV1YQWWB3","notice",2,"negation","none","yes","BNC"
"BNC-1667","A3LJ2FHESYV9QQ","notice",3,"negation","none","yes","BNC"
"BNC-1667","A25YG9M911WA3T","notice",2,"negation","none","yes","BNC"
"BNC-1667","A3609GDWR2JCCA","notice",3,"negation","none","yes","BNC"
"BNC-1667","A36SM7QM8OK3H6","notice",2,"negation","none","yes","BNC"
"BNC-1667","A2BA9Y6VGW6WS1","notice",3,"negation","none","yes","BNC"
"BNC-1667","A1GXFMAC759VRM","notice",3,"negation","none","yes","BNC"
"BNC-1667","A10BH9PYCYUKDJ","notice",2,"negation","none","yes","BNC"
"BNC-1671","A36SM7QM8OK3H6","notice",3,"negation","none","yes","BNC"
"BNC-1671","A1945USNZHTROX","notice",3,"negation","none","yes","BNC"
"BNC-1671","A1GXFMAC759VRM","notice",3,"negation","none","yes","BNC"
"BNC-1671","A150GMV1YQWWB3","notice",3,"negation","none","yes","BNC"
"BNC-1671","AFN5VMMGYPF1I","notice",3,"negation","none","yes","BNC"
"BNC-1671","A12R2U6TBB3OOG","notice",3,"negation","none","yes","BNC"
"BNC-1671","A1MJVTR0PCKBWW","notice",3,"negation","none","yes","BNC"
"BNC-1671","A3VBAQB2WO36Q1","notice",3,"negation","none","yes","BNC"
"BNC-1672","A1945USNZHTROX","notice",3,"negation","none","yes","BNC"
"BNC-1672","A7KLTVEIASF4J","notice",-2,"negation","none","yes","BNC"
"BNC-1672","AFN5VMMGYPF1I","notice",1,"negation","none","yes","BNC"
"BNC-1672","A25YG9M911WA3T","notice",2,"negation","none","yes","BNC"
"BNC-1672","A125KW9P18V5Z1","notice",2,"negation","none","yes","BNC"
"BNC-1672","A1GXFMAC759VRM","notice",3,"negation","none","yes","BNC"
"BNC-1672","AC5UD8N187QD6","notice",2,"negation","none","yes","BNC"
"BNC-1672","A36SM7QM8OK3H6","notice",3,"negation","none","yes","BNC"
"BNC-1673","A1GXFMAC759VRM","notice",3,"negation","none","yes","BNC"
"BNC-1673","A1945USNZHTROX","notice",-3,"negation","none","yes","BNC"
"BNC-1673","A2NA2OJT15COZY","notice",3,"negation","none","yes","BNC"
"BNC-1673","A36SM7QM8OK3H6","notice",3,"negation","none","yes","BNC"
"BNC-1673","A25YG9M911WA3T","notice",3,"negation","none","yes","BNC"
"BNC-1673","A2541C8MY0BYV3","notice",2,"negation","none","yes","BNC"
"BNC-1673","AFN5VMMGYPF1I","notice",3,"negation","none","yes","BNC"
"BNC-1673","A150GMV1YQWWB3","notice",3,"negation","none","yes","BNC"
"BNC-1674","A1UWJTUVGAAF6D","notice",1,"negation","none","yes","BNC"
"BNC-1674","A36SM7QM8OK3H6","notice",-2,"negation","none","yes","BNC"
"BNC-1674","A150GMV1YQWWB3","notice",2,"negation","none","yes","BNC"
"BNC-1674","A1945USNZHTROX","notice",3,"negation","none","yes","BNC"
"BNC-1674","A25YG9M911WA3T","notice",3,"negation","none","yes","BNC"
"BNC-1674","A1GXFMAC759VRM","notice",3,"negation","none","yes","BNC"
"BNC-1674","A34930YXVQ8SUT","notice",3,"negation","none","yes","BNC"
"BNC-1674","A2OVX9UW5WANQE","notice",3,"negation","none","yes","BNC"
"BNC-1675","A1MJVTR0PCKBWW","notice",1,"negation","none","yes","BNC"
"BNC-1675","AC5UD8N187QD6","notice",2,"negation","none","yes","BNC"
"BNC-1675","A28AX4H70DPKKK","notice",-1,"negation","none","yes","BNC"
"BNC-1675","A2CJYS92WX7HN6","notice",0,"negation","none","yes","BNC"
"BNC-1675","A32TGAK321JDFF","notice",3,"negation","none","yes","BNC"
"BNC-1675","A36SM7QM8OK3H6","notice",2,"negation","none","yes","BNC"
"BNC-1675","A3DFJV1RD653DQ","notice",3,"negation","none","yes","BNC"
"BNC-1675","A1IXH2QLUU5BKZ","notice",2,"negation","none","yes","BNC"
"BNC-1675","A1GXFMAC759VRM","notice",3,"negation","none","yes","BNC"
"BNC-1676","A1GXFMAC759VRM","notice",3,"negation","none","yes","BNC"
"BNC-1676","A2NA2OJT15COZY","notice",1,"negation","none","yes","BNC"
"BNC-1676","A36SM7QM8OK3H6","notice",-2,"negation","none","yes","BNC"
"BNC-1676","A1BWS5AD2T4NIR","notice",3,"negation","none","yes","BNC"
"BNC-1676","A3TCFIPOBRZZB3","notice",3,"negation","none","yes","BNC"
"BNC-1676","A3DFJV1RD653DQ","notice",2,"negation","none","yes","BNC"
"BNC-1676","A16G6PPH1INQL8","notice",-1,"negation","none","yes","BNC"
"BNC-1676","AC5UD8N187QD6","notice",2,"negation","none","yes","BNC"
"BNC-1677","A36SM7QM8OK3H6","notice",2,"negation","none","yes","BNC"
"BNC-1677","A1GXFMAC759VRM","notice",3,"negation","none","yes","BNC"
"BNC-1677","A1945USNZHTROX","notice",3,"negation","none","yes","BNC"
"BNC-1677","A3RDH0U2H6JCBC","notice",3,"negation","none","yes","BNC"
"BNC-1677","A34930YXVQ8SUT","notice",3,"negation","none","yes","BNC"
"BNC-1677","A3OMUSG91MTI3H","notice",3,"negation","none","yes","BNC"
"BNC-1677","A25YG9M911WA3T","notice",3,"negation","none","yes","BNC"
"BNC-1677","A1NM7ZPZ3NH412","notice",2,"negation","none","yes","BNC"
"BNC-1680","A25YG9M911WA3T","notice",3,"negation","none","yes","BNC"
"BNC-1680","A36SM7QM8OK3H6","notice",3,"negation","none","yes","BNC"
"BNC-1680","AFN5VMMGYPF1I","notice",2,"negation","none","yes","BNC"
"BNC-1680","A1945USNZHTROX","notice",-3,"negation","none","yes","BNC"
"BNC-1680","A1GXFMAC759VRM","notice",3,"negation","none","yes","BNC"
"BNC-1680","ANQ0RLFEZ17W0","notice",3,"negation","none","yes","BNC"
"BNC-1680","A3RVYJNYREMTAH","notice",3,"negation","none","yes","BNC"
"BNC-1680","A150GMV1YQWWB3","notice",3,"negation","none","yes","BNC"
"BNC-1681","A150GMV1YQWWB3","notice",3,"negation","none","yes","BNC"
"BNC-1681","A1GXFMAC759VRM","notice",3,"negation","none","yes","BNC"
"BNC-1681","A3JP7DIFRS0ZBY","notice",3,"negation","none","yes","BNC"
"BNC-1681","A1NM7ZPZ3NH412","notice",2,"negation","none","yes","BNC"
"BNC-1681","A1R4KVYEV07CAJ","notice",3,"negation","none","yes","BNC"
"BNC-1681","A1HKCTDOTL6C9I","notice",0,"negation","none","yes","BNC"
"BNC-1681","A36SM7QM8OK3H6","notice",-2,"negation","none","yes","BNC"
"BNC-1681","A1945USNZHTROX","notice",3,"negation","none","yes","BNC"
"BNC-1682","A36SM7QM8OK3H6","notice",-2,"negation","none","yes","BNC"
"BNC-1682","A5EU1AQJNC7F2","notice",3,"negation","none","yes","BNC"
"BNC-1682","A150GMV1YQWWB3","notice",3,"negation","none","yes","BNC"
"BNC-1682","A2541C8MY0BYV3","notice",-2,"negation","none","yes","BNC"
"BNC-1682","A12R2U6TBB3OOG","notice",3,"negation","none","yes","BNC"
"BNC-1682","A25YG9M911WA3T","notice",2,"negation","none","yes","BNC"
"BNC-1682","A1MJVTR0PCKBWW","notice",-1,"negation","none","yes","BNC"
"BNC-1682","A1945USNZHTROX","notice",3,"negation","none","yes","BNC"
"BNC-1683","A3RVYJNYREMTAH","notice",3,"negation","none","yes","BNC"
"BNC-1683","A1GXFMAC759VRM","notice",3,"negation","none","yes","BNC"
"BNC-1683","A25YG9M911WA3T","notice",3,"negation","none","yes","BNC"
"BNC-1683","A3OXRDSUN9F10I","notice",3,"negation","none","yes","BNC"
"BNC-1683","A1945USNZHTROX","notice",3,"negation","none","yes","BNC"
"BNC-1683","A3LJ2FHESYV9QQ","notice",3,"negation","none","yes","BNC"
"BNC-1683","A36SM7QM8OK3H6","notice",2,"negation","none","yes","BNC"
"BNC-1683","A2541C8MY0BYV3","notice",-2,"negation","none","yes","BNC"
"BNC-1683","A150GMV1YQWWB3","notice",3,"negation","none","yes","BNC"
"BNC-1688","A1945USNZHTROX","notice",3,"negation","none","yes","BNC"
"BNC-1688","A150GMV1YQWWB3","notice",3,"negation","none","yes","BNC"
"BNC-1688","AFN5VMMGYPF1I","notice",0,"negation","none","yes","BNC"
"BNC-1688","AJRY9ALX8069Y","notice",2,"negation","none","yes","BNC"
"BNC-1688","A1GXFMAC759VRM","notice",3,"negation","none","yes","BNC"
"BNC-1688","A3609GDWR2JCCA","notice",3,"negation","none","yes","BNC"
"BNC-1688","A36SM7QM8OK3H6","notice",3,"negation","none","yes","BNC"
"BNC-1688","A25YG9M911WA3T","notice",3,"negation","none","yes","BNC"
"BNC-1688","A2BA9Y6VGW6WS1","notice",2,"negation","none","yes","BNC"
"BNC-1694","A36SM7QM8OK3H6","notice",-1,"negation","none","yes","BNC"
"BNC-1694","A150GMV1YQWWB3","notice",2,"negation","none","yes","BNC"
"BNC-1694","A2WCXJZEXXR60A","notice",3,"negation","none","yes","BNC"
"BNC-1694","A2RBF3IIJP15IH","notice",2,"negation","none","yes","BNC"
"BNC-1694","A1NM7ZPZ3NH412","notice",3,"negation","none","yes","BNC"
"BNC-1694","A1GXFMAC759VRM","notice",3,"negation","none","yes","BNC"
"BNC-1694","A1945USNZHTROX","notice",1,"negation","none","yes","BNC"
"BNC-1694","A26M997VYVK0E6","notice",3,"negation","none","yes","BNC"
"BNC-1697","A4J4GGMKJ68L0","notice",0,"negation","none","yes","BNC"
"BNC-1697","AV22FQTJNBUZT","notice",1,"negation","none","yes","BNC"
"BNC-1697","A2NA2OJT15COZY","notice",2,"negation","none","yes","BNC"
"BNC-1697","A1MJVTR0PCKBWW","notice",3,"negation","none","yes","BNC"
"BNC-1697","A150GMV1YQWWB3","notice",2,"negation","none","yes","BNC"
"BNC-1697","A1GXFMAC759VRM","notice",-1,"negation","none","yes","BNC"
"BNC-1697","A36SM7QM8OK3H6","notice",3,"negation","none","yes","BNC"
"BNC-1697","A25YG9M911WA3T","notice",0,"negation","none","yes","BNC"
"BNC-1697","AFN5VMMGYPF1I","notice",3,"negation","none","yes","BNC"
"BNC-1699","AVI7K876BV3QL","pretend",-1,"negation","none","no","BNC"
"BNC-1699","A1GXFMAC759VRM","pretend",0,"negation","none","no","BNC"
"BNC-1699","A18GLXN59JTX9F","pretend",0,"negation","none","no","BNC"
"BNC-1699","A1X94LTZZQMHTP","pretend",0,"negation","none","no","BNC"
"BNC-1699","A1MJVTR0PCKBWW","pretend",-3,"negation","none","no","BNC"
"BNC-1699","A2P065E9CYMYJL","pretend",-1,"negation","none","no","BNC"
"BNC-1699","A37XJVQF62ZYC","pretend",2,"negation","none","no","BNC"
"BNC-1699","A2HHKBW8HQWI66","pretend",-2,"negation","none","no","BNC"
"BNC-1699","A5EU1AQJNC7F2","pretend",-1,"negation","none","no","BNC"
"BNC-1707","A1DIGREVLNOXT3","pretend",-3,"negation","none","no","BNC"
"BNC-1707","A1GXFMAC759VRM","pretend",-3,"negation","none","no","BNC"
"BNC-1707","A3GZYWA9S6J0K9","pretend",-3,"negation","none","no","BNC"
"BNC-1707","A1MJVTR0PCKBWW","pretend",3,"negation","none","no","BNC"
"BNC-1707","A36SM7QM8OK3H6","pretend",-2,"negation","none","no","BNC"
"BNC-1707","A150GMV1YQWWB3","pretend",-3,"negation","none","no","BNC"
"BNC-1707","A1945USNZHTROX","pretend",-3,"negation","none","no","BNC"
"BNC-1707","A25YG9M911WA3T","pretend",-3,"negation","none","no","BNC"
"BNC-1713","A25YG9M911WA3T","prove",3,"negation","none","no","BNC"
"BNC-1713","A1945USNZHTROX","prove",-3,"negation","none","no","BNC"
"BNC-1713","A36SM7QM8OK3H6","prove",0,"negation","none","no","BNC"
"BNC-1713","A1F9KLZGHE9DTA","prove",-1,"negation","none","no","BNC"
"BNC-1713","AFN5VMMGYPF1I","prove",0,"negation","none","no","BNC"
"BNC-1713","A12R2U6TBB3OOG","prove",0,"negation","none","no","BNC"
"BNC-1713","A125KW9P18V5Z1","prove",0,"negation","none","no","BNC"
"BNC-1713","A1GXFMAC759VRM","prove",0,"negation","none","no","BNC"
"BNC-1713","A2NA2OJT15COZY","prove",1,"negation","none","no","BNC"
"BNC-1716","A2CF2BD4Q0ZDJN","realize",2,"negation","none","yes","BNC"
"BNC-1716","A2BA9Y6VGW6WS1","realize",2,"negation","none","yes","BNC"
"BNC-1716","A2RRC5B4M80XXO","realize",-3,"negation","none","yes","BNC"
"BNC-1716","A1GXFMAC759VRM","realize",3,"negation","none","yes","BNC"
"BNC-1716","A1MJVTR0PCKBWW","realize",0,"negation","none","yes","BNC"
"BNC-1716","A1DIGREVLNOXT3","realize",-1,"negation","none","yes","BNC"
"BNC-1716","A36SM7QM8OK3H6","realize",-1,"negation","none","yes","BNC"
"BNC-1716","A3843S9LWPDN2K","realize",3,"negation","none","yes","BNC"
"BNC-1722","AX06ZUCRNSGB3","realize",3,"negation","none","yes","BNC"
"BNC-1722","AOTF48KUV9KWM","realize",3,"negation","none","yes","BNC"
"BNC-1722","A3OXSIR9YH1FT6","realize",3,"negation","none","yes","BNC"
"BNC-1722","AR1IWBDA7MC86","realize",2,"negation","none","yes","BNC"
"BNC-1722","A1GXFMAC759VRM","realize",3,"negation","none","yes","BNC"
"BNC-1722","A3E9A9O3CLMEW","realize",0,"negation","none","yes","BNC"
"BNC-1722","AFN5VMMGYPF1I","realize",-1,"negation","none","yes","BNC"
"BNC-1722","A36SM7QM8OK3H6","realize",1,"negation","none","yes","BNC"
"BNC-1724","A150GMV1YQWWB3","realize",2,"negation","none","yes","BNC"
"BNC-1724","A25YG9M911WA3T","realize",3,"negation","none","yes","BNC"
"BNC-1724","A1945USNZHTROX","realize",-3,"negation","none","yes","BNC"
"BNC-1724","ASI2B6A3Y556Z","realize",2,"negation","none","yes","BNC"
"BNC-1724","AD8JNBDMO3NED","realize",-1,"negation","none","yes","BNC"
"BNC-1724","A1MJHGH55K3O0","realize",3,"negation","none","yes","BNC"
"BNC-1724","A36SM7QM8OK3H6","realize",3,"negation","none","yes","BNC"
"BNC-1724","A3M26P1CBNLA4U","realize",0,"negation","none","yes","BNC"
"BNC-1724","A1GXFMAC759VRM","realize",3,"negation","none","yes","BNC"
"BNC-1725","A16SAB417Y96G4","realize",-1,"negation","none","yes","BNC"
"BNC-1725","A2NA2OJT15COZY","realize",1,"negation","none","yes","BNC"
"BNC-1725","AFN5VMMGYPF1I","realize",0,"negation","none","yes","BNC"
"BNC-1725","A2BA9Y6VGW6WS1","realize",-1,"negation","none","yes","BNC"
"BNC-1725","A3VVR8NR3ED04C","realize",0,"negation","none","yes","BNC"
"BNC-1725","A1DIGREVLNOXT3","realize",1,"negation","none","yes","BNC"
"BNC-1725","A2M45YGLOWMO4N","realize",0,"negation","none","yes","BNC"
"BNC-1725","AKLV0WIZZ356X","realize",0,"negation","none","yes","BNC"
"BNC-1725","A36SM7QM8OK3H6","realize",1,"negation","none","yes","BNC"
"BNC-1730","ASI2B6A3Y556Z","realize",-2,"negation","none","yes","BNC"
"BNC-1730","A1QVNF19XSRSD7","realize",-2,"negation","none","yes","BNC"
"BNC-1730","A333BXH5ATXBHC","realize",-1,"negation","none","yes","BNC"
"BNC-1730","APITQRRX2PADB","realize",-1,"negation","none","yes","BNC"
"BNC-1730","AOVN1TVNI7HJ7","realize",3,"negation","none","yes","BNC"
"BNC-1730","A1Y0Y6U906ABT5","realize",1,"negation","none","yes","BNC"
"BNC-1730","A39GADIK8RLMVC","realize",-3,"negation","none","yes","BNC"
"BNC-1730","A22ABLVEI5EGPL","realize",-3,"negation","none","yes","BNC"
"BNC-1748","A2RBF3IIJP15IH","remember",2,"negation","none","yes","BNC"
"BNC-1748","A1MJVTR0PCKBWW","remember",3,"negation","none","yes","BNC"
"BNC-1748","A1HWTTN3JEUNZY","remember",3,"negation","none","yes","BNC"
"BNC-1748","A18T67NDI2JK5Y","remember",-2,"negation","none","yes","BNC"
"BNC-1748","A2AMQX0BQZXG9N","remember",3,"negation","none","yes","BNC"
"BNC-1748","A1GXFMAC759VRM","remember",3,"negation","none","yes","BNC"
"BNC-1748","A1DIGREVLNOXT3","remember",3,"negation","none","yes","BNC"
"BNC-1748","A5EU1AQJNC7F2","remember",2,"negation","none","yes","BNC"
"BNC-1748","A36SM7QM8OK3H6","remember",3,"negation","none","yes","BNC"
"BNC-1750","A1F9KLZGHE9DTA","remember",-3,"negation","none","yes","BNC"
"BNC-1750","A125KW9P18V5Z1","remember",-3,"negation","none","yes","BNC"
"BNC-1750","A36SM7QM8OK3H6","remember",-1,"negation","none","yes","BNC"
"BNC-1750","A2P065E9CYMYJL","remember",-1,"negation","none","yes","BNC"
"BNC-1750","A3RDH0U2H6JCBC","remember",-2,"negation","none","yes","BNC"
"BNC-1750","A1GXFMAC759VRM","remember",-3,"negation","none","yes","BNC"
"BNC-1750","A16SJ5D3DKUEXJ","remember",-3,"negation","none","yes","BNC"
"BNC-1750","A1Y689M29Q274B","remember",-3,"negation","none","yes","BNC"
"BNC-1756","A3VVR8NR3ED04C","say",0,"negation","none","no","BNC"
"BNC-1756","A28SYXQL3YOKVL","say",0,"negation","none","no","BNC"
"BNC-1756","A3GPTSDDHJ2DBV","say",2,"negation","none","no","BNC"
"BNC-1756","A1945USNZHTROX","say",-3,"negation","none","no","BNC"
"BNC-1756","A24LC97AU3QC7G","say",0,"negation","none","no","BNC"
"BNC-1756","A3GZYWA9S6J0K9","say",1,"negation","none","no","BNC"
"BNC-1756","A36SM7QM8OK3H6","say",3,"negation","none","no","BNC"
"BNC-1756","A1GXFMAC759VRM","say",0,"negation","none","no","BNC"
"BNC-1756","A25YG9M911WA3T","say",-3,"negation","none","no","BNC"
"BNC-1761","A3CF8ULBSE8MTL","say",-3,"negation","none","no","BNC"
"BNC-1761","A3RVYJNYREMTAH","say",-3,"negation","none","no","BNC"
"BNC-1761","A1X94LTZZQMHTP","say",2,"negation","none","no","BNC"
"BNC-1761","A35C12CR628WKD","say",-2,"negation","none","no","BNC"
"BNC-1761","A1R6ZLM9V362F7","say",-3,"negation","none","no","BNC"
"BNC-1761","A3GPTSDDHJ2DBV","say",-2,"negation","none","no","BNC"
"BNC-1761","A36SM7QM8OK3H6","say",-3,"negation","none","no","BNC"
"BNC-1761","A34VY22YEREOOI","say",-3,"negation","none","no","BNC"
"BNC-1762","A2ET3KM3IE33MM","say",0,"negation","none","no","BNC"
"BNC-1762","A1GXFMAC759VRM","say",1,"negation","none","no","BNC"
"BNC-1762","A3VVR8NR3ED04C","say",1,"negation","none","no","BNC"
"BNC-1762","A25YG9M911WA3T","say",0,"negation","none","no","BNC"
"BNC-1762","A9YFIKDWDS4N4","say",0,"negation","none","no","BNC"
"BNC-1762","A2541C8MY0BYV3","say",0,"negation","none","no","BNC"
"BNC-1762","A36SM7QM8OK3H6","say",-2,"negation","none","no","BNC"
"BNC-1762","AUAN582MLI96N","say",1,"negation","none","no","BNC"
"BNC-1762","AY7WPVKHVNBLG","say",1,"negation","none","no","BNC"
"BNC-1763","A25YG9M911WA3T","say",0,"negation","none","no","BNC"
"BNC-1763","A36SM7QM8OK3H6","say",3,"negation","none","no","BNC"
"BNC-1763","A4IH4CO046EV3","say",1,"negation","none","no","BNC"
"BNC-1763","A1GXFMAC759VRM","say",1,"negation","none","no","BNC"
"BNC-1763","A2541C8MY0BYV3","say",-2,"negation","none","no","BNC"
"BNC-1763","A1RT9SQ9D9DLOV","say",3,"negation","none","no","BNC"
"BNC-1763","A1MJVTR0PCKBWW","say",3,"negation","none","no","BNC"
"BNC-1763","A3VVR8NR3ED04C","say",3,"negation","none","no","BNC"
"BNC-177","A25YG9M911WA3T","know",2,"conditional","none","yes","BNC"
"BNC-177","AD8JNBDMO3NED","know",0,"conditional","none","yes","BNC"
"BNC-177","A1MJHGH55K3O0","know",2,"conditional","none","yes","BNC"
"BNC-177","A1945USNZHTROX","know",-3,"conditional","none","yes","BNC"
"BNC-177","ASI2B6A3Y556Z","know",-2,"conditional","none","yes","BNC"
"BNC-177","A3M26P1CBNLA4U","know",1,"conditional","none","yes","BNC"
"BNC-177","A36SM7QM8OK3H6","know",-3,"conditional","none","yes","BNC"
"BNC-177","A1GXFMAC759VRM","know",-2,"conditional","none","yes","BNC"
"BNC-177","A150GMV1YQWWB3","know",-1,"conditional","none","yes","BNC"
"BNC-1771","A1945USNZHTROX","say",-3,"negation","none","no","BNC"
"BNC-1771","A36SM7QM8OK3H6","say",2,"negation","none","no","BNC"
"BNC-1771","A2541C8MY0BYV3","say",0,"negation","none","no","BNC"
"BNC-1771","A150GMV1YQWWB3","say",0,"negation","none","no","BNC"
"BNC-1771","A1GXFMAC759VRM","say",-1,"negation","none","no","BNC"
"BNC-1771","A25YG9M911WA3T","say",1,"negation","none","no","BNC"
"BNC-1771","A3U761PEG7MFKT","say",-2,"negation","none","no","BNC"
"BNC-1771","A3GPTSDDHJ2DBV","say",2,"negation","none","no","BNC"
"BNC-1776","A1MJVTR0PCKBWW","say",0,"negation","none","no","BNC"
"BNC-1776","A1GXFMAC759VRM","say",3,"negation","none","no","BNC"
"BNC-1776","A27MJOV91GA8R3","say",2,"negation","none","no","BNC"
"BNC-1776","AZMOA8ONG0D2U","say",0,"negation","none","no","BNC"
"BNC-1776","A149ROBL26JWPJ","say",2,"negation","none","no","BNC"
"BNC-1776","A1NM7ZPZ3NH412","say",0,"negation","none","no","BNC"
"BNC-1776","A17PAQSQ74L915","say",3,"negation","none","no","BNC"
"BNC-1776","A2WCXJZEXXR60A","say",1,"negation","none","no","BNC"
"BNC-1776","A1X258MWJFEMTW","say",-2,"negation","none","no","BNC"
"BNC-1780","A34VY22YEREOOI","say",2,"negation","none","no","BNC"
"BNC-1780","A3GPTSDDHJ2DBV","say",3,"negation","none","no","BNC"
"BNC-1780","A25YG9M911WA3T","say",3,"negation","none","no","BNC"
"BNC-1780","A36SM7QM8OK3H6","say",3,"negation","none","no","BNC"
"BNC-1780","A18SXC3JEN1O0U","say",3,"negation","none","no","BNC"
"BNC-1780","A150GMV1YQWWB3","say",3,"negation","none","no","BNC"
"BNC-1780","A1MJVTR0PCKBWW","say",-1,"negation","none","no","BNC"
"BNC-1780","A2541C8MY0BYV3","say",-1,"negation","none","no","BNC"
"BNC-1780","A1GXFMAC759VRM","say",3,"negation","none","no","BNC"
"BNC-1782","A1MJVTR0PCKBWW","say",3,"negation","none","no","BNC"
"BNC-1782","A1NM7ZPZ3NH412","say",0,"negation","none","no","BNC"
"BNC-1782","A1GXFMAC759VRM","say",2,"negation","none","no","BNC"
"BNC-1782","A2OVX9UW5WANQE","say",2,"negation","none","no","BNC"
"BNC-1782","AZMOA8ONG0D2U","say",-3,"negation","none","no","BNC"
"BNC-1782","A240OTT1T85UGT","say",3,"negation","none","no","BNC"
"BNC-1782","A36SM7QM8OK3H6","say",1,"negation","none","no","BNC"
"BNC-1782","A27MJOV91GA8R3","say",3,"negation","none","no","BNC"
"BNC-1782","A2AMQX0BQZXG9N","say",3,"negation","none","no","BNC"
"BNC-1785","A2LMQ4497NMK3S","say",-1,"negation","none","no","BNC"
"BNC-1785","ANVAFB99K5RKP","say",-1,"negation","none","no","BNC"
"BNC-1785","A28HB7240OFGEW","say",-1,"negation","none","no","BNC"
"BNC-1785","AFUX7IUQOE0NA","say",-1,"negation","none","no","BNC"
"BNC-1785","A24LC97AU3QC7G","say",-2,"negation","none","no","BNC"
"BNC-1785","A3LC6M2EMDBBXP","say",0,"negation","none","no","BNC"
"BNC-1785","A2541C8MY0BYV3","say",1,"negation","none","no","BNC"
"BNC-1785","A36SM7QM8OK3H6","say",-1,"negation","none","no","BNC"
"BNC-18","A1GXFMAC759VRM","believe",-3,"conditional","none","no","BNC"
"BNC-18","A1R4KVYEV07CAJ","believe",-2,"conditional","none","no","BNC"
"BNC-18","A36SM7QM8OK3H6","believe",-3,"conditional","none","no","BNC"
"BNC-18","A1HKCTDOTL6C9I","believe",-3,"conditional","none","no","BNC"
"BNC-18","A1945USNZHTROX","believe",-3,"conditional","none","no","BNC"
"BNC-18","A150GMV1YQWWB3","believe",-3,"conditional","none","no","BNC"
"BNC-18","A3JP7DIFRS0ZBY","believe",-2,"conditional","none","no","BNC"
"BNC-18","A1NM7ZPZ3NH412","believe",-2,"conditional","none","no","BNC"
"BNC-1816","A1GXFMAC759VRM","say",-1,"negation","none","no","BNC"
"BNC-1816","A36SM7QM8OK3H6","say",-2,"negation","none","no","BNC"
"BNC-1816","A3VVR8NR3ED04C","say",0,"negation","none","no","BNC"
"BNC-1816","A1945USNZHTROX","say",3,"negation","none","no","BNC"
"BNC-1816","A1MJVTR0PCKBWW","say",0,"negation","none","no","BNC"
"BNC-1816","A25YG9M911WA3T","say",-1,"negation","none","no","BNC"
"BNC-1816","A2541C8MY0BYV3","say",-3,"negation","none","no","BNC"
"BNC-1816","A2W3I2GBGDB637","say",0,"negation","none","no","BNC"
"BNC-183","AKLV0WIZZ356X","know",2,"conditional","none","yes","BNC"
"BNC-183","A1DIGREVLNOXT3","know",-3,"conditional","none","yes","BNC"
"BNC-183","A3VVR8NR3ED04C","know",0,"conditional","none","yes","BNC"
"BNC-183","A16SAB417Y96G4","know",0,"conditional","none","yes","BNC"
"BNC-183","A2M45YGLOWMO4N","know",0,"conditional","none","yes","BNC"
"BNC-183","A2BA9Y6VGW6WS1","know",-1,"conditional","none","yes","BNC"
"BNC-183","A36SM7QM8OK3H6","know",3,"conditional","none","yes","BNC"
"BNC-183","AFN5VMMGYPF1I","know",0,"conditional","none","yes","BNC"
"BNC-183","A2NA2OJT15COZY","know",2,"conditional","none","yes","BNC"
"BNC-1833","A1945USNZHTROX","say",-3,"negation","none","no","BNC"
"BNC-1833","A25YG9M911WA3T","say",-1,"negation","none","no","BNC"
"BNC-1833","A1GXFMAC759VRM","say",-3,"negation","none","no","BNC"
"BNC-1833","AFN5VMMGYPF1I","say",-2,"negation","none","no","BNC"
"BNC-1833","A55CXM7QR7R0N","say",-3,"negation","none","no","BNC"
"BNC-1833","A36SM7QM8OK3H6","say",-1,"negation","none","no","BNC"
"BNC-1833","A2541C8MY0BYV3","say",0,"negation","none","no","BNC"
"BNC-1833","A4J4GGMKJ68L0","say",0,"negation","none","no","BNC"
"BNC-1833","A3GPTSDDHJ2DBV","say",-2,"negation","none","no","BNC"
"BNC-1834","A25YG9M911WA3T","say",-3,"negation","none","no","BNC"
"BNC-1834","A2W3I2GBGDB637","say",0,"negation","none","no","BNC"
"BNC-1834","A150GMV1YQWWB3","say",-2,"negation","none","no","BNC"
"BNC-1834","A36SM7QM8OK3H6","say",-2,"negation","none","no","BNC"
"BNC-1834","A1MJVTR0PCKBWW","say",-1,"negation","none","no","BNC"
"BNC-1834","AR1IWBDA7MC86","say",0,"negation","none","no","BNC"
"BNC-1834","A1GXFMAC759VRM","say",-3,"negation","none","no","BNC"
"BNC-1834","A3609GDWR2JCCA","say",-3,"negation","none","no","BNC"
"BNC-1840","A25YG9M911WA3T","say",-3,"negation","none","no","BNC"
"BNC-1840","A1MJVTR0PCKBWW","say",0,"negation","none","no","BNC"
"BNC-1840","A3L2UB07EZJAMD","say",-3,"negation","none","no","BNC"
"BNC-1840","A150GMV1YQWWB3","say",0,"negation","none","no","BNC"
"BNC-1840","A36SM7QM8OK3H6","say",1,"negation","none","no","BNC"
"BNC-1840","A2EOOF9D135HQ1","say",2,"negation","none","no","BNC"
"BNC-1840","AZIY6IFOS4CVC","say",3,"negation","none","no","BNC"
"BNC-1840","A1GXFMAC759VRM","say",2,"negation","none","no","BNC"
"BNC-1840","A33NK36A94Y75Y","say",1,"negation","none","no","BNC"
"BNC-1866","A36SM7QM8OK3H6","see",2,"negation","none","yes","BNC"
"BNC-1866","A2NT3OQZUUZPEO","see",3,"negation","none","yes","BNC"
"BNC-1866","A1945USNZHTROX","see",3,"negation","none","yes","BNC"
"BNC-1866","A75XDPFNICR3T","see",3,"negation","none","yes","BNC"
"BNC-1866","A1MJVTR0PCKBWW","see",-2,"negation","none","yes","BNC"
"BNC-1866","A240OTT1T85UGT","see",2,"negation","none","yes","BNC"
"BNC-1866","A3QAHF4UUBM7ZO","see",1,"negation","none","yes","BNC"
"BNC-1866","A150GMV1YQWWB3","see",1,"negation","none","yes","BNC"
"BNC-1866","A1GXFMAC759VRM","see",3,"negation","none","yes","BNC"
"BNC-1874","A1NM7ZPZ3NH412","suggest",-3,"negation","none","no","BNC"
"BNC-1874","A2YGAEODJ5SSF6","suggest",2,"negation","none","no","BNC"
"BNC-1874","A36SM7QM8OK3H6","suggest",-3,"negation","none","no","BNC"
"BNC-1874","A5EU1AQJNC7F2","suggest",-3,"negation","none","no","BNC"
"BNC-1874","A18LPAFMK1B06K","suggest",-2,"negation","none","no","BNC"
"BNC-1874","A2OVX9UW5WANQE","suggest",2,"negation","none","no","BNC"
"BNC-1874","A39Q4SNT7SRK94","suggest",0,"negation","none","no","BNC"
"BNC-1874","A16SAB417Y96G4","suggest",1,"negation","none","no","BNC"
"BNC-1874","A5TI9UQEPLNWI","suggest",-2,"negation","none","no","BNC"
"BNC-1875","A125KW9P18V5Z1","suggest",-3,"negation","none","no","BNC"
"BNC-1875","A19IWME4DCIU1H","suggest",2,"negation","none","no","BNC"
"BNC-1875","A2JOHICL072IY3","suggest",-2,"negation","none","no","BNC"
"BNC-1875","A27XYQJLE8D39R","suggest",-3,"negation","none","no","BNC"
"BNC-1875","A3POD149IG0DIW","suggest",1,"negation","none","no","BNC"
"BNC-1875","A1NM7ZPZ3NH412","suggest",0,"negation","none","no","BNC"
"BNC-1875","A3UEJQ4EJB9DBD","suggest",-1,"negation","none","no","BNC"
"BNC-1875","A240OTT1T85UGT","suggest",-2,"negation","none","no","BNC"
"BNC-1875","ARJJKTGF3RDCO","suggest",-1,"negation","none","no","BNC"
"BNC-1879","A3PIAHR6PGXZNT","suggest",-2,"negation","none","no","BNC"
"BNC-1879","A2SENAPNSXG9L","suggest",0,"negation","none","no","BNC"
"BNC-1879","A1GXFMAC759VRM","suggest",0,"negation","none","no","BNC"
"BNC-1879","A36SM7QM8OK3H6","suggest",-1,"negation","none","no","BNC"
"BNC-1879","A25YG9M911WA3T","suggest",0,"negation","none","no","BNC"
"BNC-1879","A1945USNZHTROX","suggest",-2,"negation","none","no","BNC"
"BNC-1879","A1NM7ZPZ3NH412","suggest",-2,"negation","none","no","BNC"
"BNC-1879","AFN5VMMGYPF1I","suggest",0,"negation","none","no","BNC"
"BNC-1880","AC5UD8N187QD6","suggest",-1,"negation","none","no","BNC"
"BNC-1880","A36SM7QM8OK3H6","suggest",-2,"negation","none","no","BNC"
"BNC-1880","A2541C8MY0BYV3","suggest",0,"negation","none","no","BNC"
"BNC-1880","A1GXFMAC759VRM","suggest",1,"negation","none","no","BNC"
"BNC-1880","A3FPXLLF0B8CIC","suggest",1,"negation","none","no","BNC"
"BNC-1880","A3GPTSDDHJ2DBV","suggest",-1,"negation","none","no","BNC"
"BNC-1880","AFN5VMMGYPF1I","suggest",-3,"negation","none","no","BNC"
"BNC-1880","A110KENBXU7SUJ","suggest",-3,"negation","none","no","BNC"
"BNC-1881","A1NM7ZPZ3NH412","suggest",0,"negation","none","no","BNC"
"BNC-1881","ATGUAXNWCW8NI","suggest",-1,"negation","none","no","BNC"
"BNC-1881","A3PIAHR6PGXZNT","suggest",-2,"negation","none","no","BNC"
"BNC-1881","A1GXFMAC759VRM","suggest",0,"negation","none","no","BNC"
"BNC-1881","A1945USNZHTROX","suggest",-3,"negation","none","no","BNC"
"BNC-1881","A36SM7QM8OK3H6","suggest",-1,"negation","none","no","BNC"
"BNC-1881","A25YG9M911WA3T","suggest",0,"negation","none","no","BNC"
"BNC-1881","A125KW9P18V5Z1","suggest",-2,"negation","none","no","BNC"
"BNC-1885","AFN5VMMGYPF1I","suggest",-1,"negation","none","no","BNC"
"BNC-1885","A36SM7QM8OK3H6","suggest",-1,"negation","none","no","BNC"
"BNC-1885","A16SAB417Y96G4","suggest",1,"negation","none","no","BNC"
"BNC-1885","A1GXFMAC759VRM","suggest",-1,"negation","none","no","BNC"
"BNC-1885","A3W6T1WDYXMR3","suggest",-1,"negation","none","no","BNC"
"BNC-1885","A25YG9M911WA3T","suggest",-1,"negation","none","no","BNC"
"BNC-1885","A1945USNZHTROX","suggest",-3,"negation","none","no","BNC"
"BNC-1885","A2OVX9UW5WANQE","suggest",0,"negation","none","no","BNC"
"BNC-1889","A1GXFMAC759VRM","suggest",-2,"negation","none","no","BNC"
"BNC-1889","A1A1A9UHNQCI9Y","suggest",0,"negation","none","no","BNC"
"BNC-1889","A5EU1AQJNC7F2","suggest",-2,"negation","none","no","BNC"
"BNC-1889","A125KW9P18V5Z1","suggest",-2,"negation","none","no","BNC"
"BNC-1889","A36SM7QM8OK3H6","suggest",-3,"negation","none","no","BNC"
"BNC-1889","A1NM7ZPZ3NH412","suggest",-3,"negation","none","no","BNC"
"BNC-1889","AR1IWBDA7MC86","suggest",2,"negation","none","no","BNC"
"BNC-1889","A1F9KLZGHE9DTA","suggest",-3,"negation","none","no","BNC"
"BNC-19","A150GMV1YQWWB3","believe",-1,"conditional","none","no","BNC"
"BNC-19","A1GXFMAC759VRM","believe",-2,"conditional","none","no","BNC"
"BNC-19","A26M997VYVK0E6","believe",0,"conditional","none","no","BNC"
"BNC-19","A36SM7QM8OK3H6","believe",1,"conditional","none","no","BNC"
"BNC-19","A1NM7ZPZ3NH412","believe",0,"conditional","none","no","BNC"
"BNC-19","A2RBF3IIJP15IH","believe",0,"conditional","none","no","BNC"
"BNC-19","A1945USNZHTROX","believe",-3,"conditional","none","no","BNC"
"BNC-19","A2WCXJZEXXR60A","believe",-1,"conditional","none","no","BNC"
"BNC-190","A125KW9P18V5Z1","know",3,"conditional","none","yes","BNC"
"BNC-190","A3PIAHR6PGXZNT","know",2,"conditional","none","yes","BNC"
"BNC-190","A36SM7QM8OK3H6","know",3,"conditional","none","yes","BNC"
"BNC-190","A1GXFMAC759VRM","know",3,"conditional","none","yes","BNC"
"BNC-190","A1NM7ZPZ3NH412","know",3,"conditional","none","yes","BNC"
"BNC-190","A1945USNZHTROX","know",3,"conditional","none","yes","BNC"
"BNC-190","ATGUAXNWCW8NI","know",3,"conditional","none","yes","BNC"
"BNC-190","A25YG9M911WA3T","know",3,"conditional","none","yes","BNC"
"BNC-1916","A1GXFMAC759VRM","suppose",1,"negation","none","no","BNC"
"BNC-1916","A36SM7QM8OK3H6","suppose",-2,"negation","none","no","BNC"
"BNC-1916","A3U761PEG7MFKT","suppose",0,"negation","none","no","BNC"
"BNC-1916","A3GPTSDDHJ2DBV","suppose",1,"negation","none","no","BNC"
"BNC-1916","A25YG9M911WA3T","suppose",2,"negation","none","no","BNC"
"BNC-1916","A150GMV1YQWWB3","suppose",-1,"negation","none","no","BNC"
"BNC-1916","A1945USNZHTROX","suppose",1,"negation","none","no","BNC"
"BNC-1916","A2541C8MY0BYV3","suppose",-3,"negation","none","no","BNC"
"BNC-1918","A55CXM7QR7R0N","suppose",0,"negation","none","no","BNC"
"BNC-1918","A4J4GGMKJ68L0","suppose",0,"negation","none","no","BNC"
"BNC-1918","A25YG9M911WA3T","suppose",-2,"negation","none","no","BNC"
"BNC-1918","A3GPTSDDHJ2DBV","suppose",-2,"negation","none","no","BNC"
"BNC-1918","AFN5VMMGYPF1I","suppose",2,"negation","none","no","BNC"
"BNC-1918","A1945USNZHTROX","suppose",-2,"negation","none","no","BNC"
"BNC-1918","A2541C8MY0BYV3","suppose",-2,"negation","none","no","BNC"
"BNC-1918","A1GXFMAC759VRM","suppose",-2,"negation","none","no","BNC"
"BNC-1918","A36SM7QM8OK3H6","suppose",-2,"negation","none","no","BNC"
"BNC-1935","A24F1UPER626KR","suspect",0,"negation","none","no","BNC"
"BNC-1935","AVI7K876BV3QL","suspect",1,"negation","none","no","BNC"
"BNC-1935","A1F9KLZGHE9DTA","suspect",2,"negation","none","no","BNC"
"BNC-1935","AT5NKCNE7LOAZ","suspect",-1,"negation","none","no","BNC"
"BNC-1935","A1GXFMAC759VRM","suspect",-1,"negation","none","no","BNC"
"BNC-1935","A23KAJRDVCVGOE","suspect",-1,"negation","none","no","BNC"
"BNC-1935","A1TARNH07A75CG","suspect",2,"negation","none","no","BNC"
"BNC-1935","A1HKCTDOTL6C9I","suspect",0,"negation","none","no","BNC"
"BNC-1937","A36SM7QM8OK3H6","suspect",3,"negation","none","no","BNC"
"BNC-1937","A1GXFMAC759VRM","suspect",2,"negation","none","no","BNC"
"BNC-1937","A5EU1AQJNC7F2","suspect",1,"negation","none","no","BNC"
"BNC-1937","A1MJVTR0PCKBWW","suspect",1,"negation","none","no","BNC"
"BNC-1937","A3UTFL5JHRQCM1","suspect",-1,"negation","none","no","BNC"
"BNC-1937","A7KLTVEIASF4J","suspect",0,"negation","none","no","BNC"
"BNC-1937","A228YSXU6H27QT","suspect",2,"negation","none","no","BNC"
"BNC-1937","A13PXTFOXDCKBF","suspect",2,"negation","none","no","BNC"
"BNC-1938","A3N7MZOSXM4JHR","suspect",3,"negation","none","no","BNC"
"BNC-1938","A1GXFMAC759VRM","suspect",3,"negation","none","no","BNC"
"BNC-1938","A2GBV3YLSRW4SH","suspect",-3,"negation","none","no","BNC"
"BNC-1938","A1U8RH67FLZW87","suspect",3,"negation","none","no","BNC"
"BNC-1938","A13NKDUD6JU094","suspect",-1,"negation","none","no","BNC"
"BNC-1938","A3GZYWA9S6J0K9","suspect",2,"negation","none","no","BNC"
"BNC-1938","A1MJVTR0PCKBWW","suspect",-3,"negation","none","no","BNC"
"BNC-1938","A5EU1AQJNC7F2","suspect",1,"negation","none","no","BNC"
"BNC-1938","A1F9KLZGHE9DTA","suspect",3,"negation","none","no","BNC"
"BNC-1939","A36SM7QM8OK3H6","suspect",-1,"negation","none","no","BNC"
"BNC-1939","A29JSP8G8VTRT4","suspect",-1,"negation","none","no","BNC"
"BNC-1939","A12R2U6TBB3OOG","suspect",0,"negation","none","no","BNC"
"BNC-1939","A1GXFMAC759VRM","suspect",1,"negation","none","no","BNC"
"BNC-1939","AV22FQTJNBUZT","suspect",-3,"negation","none","no","BNC"
"BNC-1939","A3D95WOVC1R775","suspect",-2,"negation","none","no","BNC"
"BNC-1939","A1MJVTR0PCKBWW","suspect",1,"negation","none","no","BNC"
"BNC-1939","A125KW9P18V5Z1","suspect",2,"negation","none","no","BNC"
"BNC-1951","A1NM7ZPZ3NH412","tell",1,"negation","none","no","BNC"
"BNC-1951","A3OMUSG91MTI3H","tell",3,"negation","none","no","BNC"
"BNC-1951","A1GXFMAC759VRM","tell",3,"negation","none","no","BNC"
"BNC-1951","A34930YXVQ8SUT","tell",3,"negation","none","no","BNC"
"BNC-1951","A1945USNZHTROX","tell",3,"negation","none","no","BNC"
"BNC-1951","A36SM7QM8OK3H6","tell",3,"negation","none","no","BNC"
"BNC-1951","A3RDH0U2H6JCBC","tell",3,"negation","none","no","BNC"
"BNC-1951","A25YG9M911WA3T","tell",2,"negation","none","no","BNC"
"BNC-1952","A3DFJV1RD653DQ","tell",1,"negation","none","no","BNC"
"BNC-1952","A1BWS5AD2T4NIR","tell",2,"negation","none","no","BNC"
"BNC-1952","A3TCFIPOBRZZB3","tell",0,"negation","none","no","BNC"
"BNC-1952","AC5UD8N187QD6","tell",1,"negation","none","no","BNC"
"BNC-1952","A2NA2OJT15COZY","tell",2,"negation","none","no","BNC"
"BNC-1952","A36SM7QM8OK3H6","tell",3,"negation","none","no","BNC"
"BNC-1952","A16G6PPH1INQL8","tell",2,"negation","none","no","BNC"
"BNC-1952","A1GXFMAC759VRM","tell",3,"negation","none","no","BNC"
"BNC-1953","A36SM7QM8OK3H6","tell",-2,"negation","none","no","BNC"
"BNC-1953","A3JP7DIFRS0ZBY","tell",2,"negation","none","no","BNC"
"BNC-1953","A1NM7ZPZ3NH412","tell",0,"negation","none","no","BNC"
"BNC-1953","A1HKCTDOTL6C9I","tell",3,"negation","none","no","BNC"
"BNC-1953","A1R4KVYEV07CAJ","tell",0,"negation","none","no","BNC"
"BNC-1953","A150GMV1YQWWB3","tell",2,"negation","none","no","BNC"
"BNC-1953","A1945USNZHTROX","tell",3,"negation","none","no","BNC"
"BNC-1953","A1GXFMAC759VRM","tell",3,"negation","none","no","BNC"
"BNC-1955","A1945USNZHTROX","tell",3,"negation","none","no","BNC"
"BNC-1955","A3TY2K1HBA19PO","tell",3,"negation","none","no","BNC"
"BNC-1955","A35C12CR628WKD","tell",2,"negation","none","no","BNC"
"BNC-1955","A24LC97AU3QC7G","tell",2,"negation","none","no","BNC"
"BNC-1955","A36SM7QM8OK3H6","tell",3,"negation","none","no","BNC"
"BNC-1955","A3LJ2FHESYV9QQ","tell",3,"negation","none","no","BNC"
"BNC-1955","A2541C8MY0BYV3","tell",2,"negation","none","no","BNC"
"BNC-1955","A3609GDWR2JCCA","tell",3,"negation","none","no","BNC"
"BNC-1955","A25YG9M911WA3T","tell",3,"negation","none","no","BNC"
"BNC-1963","A1UWJTUVGAAF6D","tell",3,"negation","none","no","BNC"
"BNC-1963","A1945USNZHTROX","tell",3,"negation","none","no","BNC"
"BNC-1963","A2OVX9UW5WANQE","tell",3,"negation","none","no","BNC"
"BNC-1963","A1GXFMAC759VRM","tell",3,"negation","none","no","BNC"
"BNC-1963","A150GMV1YQWWB3","tell",3,"negation","none","no","BNC"
"BNC-1963","A36SM7QM8OK3H6","tell",3,"negation","none","no","BNC"
"BNC-1963","A34930YXVQ8SUT","tell",3,"negation","none","no","BNC"
"BNC-1963","A25YG9M911WA3T","tell",3,"negation","none","no","BNC"
"BNC-1964","A36SM7QM8OK3H6","tell",3,"negation","none","no","BNC"
"BNC-1964","A28AX4H70DPKKK","tell",0,"negation","none","no","BNC"
"BNC-1964","A1MJVTR0PCKBWW","tell",-2,"negation","none","no","BNC"
"BNC-1964","A32TGAK321JDFF","tell",0,"negation","none","no","BNC"
"BNC-1964","AC5UD8N187QD6","tell",3,"negation","none","no","BNC"
"BNC-1964","A2CJYS92WX7HN6","tell",1,"negation","none","no","BNC"
"BNC-1964","A1GXFMAC759VRM","tell",3,"negation","none","no","BNC"
"BNC-1964","A1IXH2QLUU5BKZ","tell",3,"negation","none","no","BNC"
"BNC-1964","A3DFJV1RD653DQ","tell",-2,"negation","none","no","BNC"
"BNC-1971","A150GMV1YQWWB3","tell",3,"negation","none","no","BNC"
"BNC-1971","A26M997VYVK0E6","tell",3,"negation","none","no","BNC"
"BNC-1971","A1945USNZHTROX","tell",3,"negation","none","no","BNC"
"BNC-1971","A36SM7QM8OK3H6","tell",3,"negation","none","no","BNC"
"BNC-1971","A1GXFMAC759VRM","tell",3,"negation","none","no","BNC"
"BNC-1971","A2WCXJZEXXR60A","tell",2,"negation","none","no","BNC"
"BNC-1971","A2RBF3IIJP15IH","tell",2,"negation","none","no","BNC"
"BNC-1971","A1NM7ZPZ3NH412","tell",3,"negation","none","no","BNC"
"BNC-1986","A1DIGREVLNOXT3","think",-1,"negation","none","no","BNC"
"BNC-1986","A2CF2BD4Q0ZDJN","think",1,"negation","none","no","BNC"
"BNC-1986","A2RRC5B4M80XXO","think",0,"negation","none","no","BNC"
"BNC-1986","A1GXFMAC759VRM","think",0,"negation","none","no","BNC"
"BNC-1986","A3843S9LWPDN2K","think",0,"negation","none","no","BNC"
"BNC-1986","A36SM7QM8OK3H6","think",-1,"negation","none","no","BNC"
"BNC-1986","A2BA9Y6VGW6WS1","think",-3,"negation","none","no","BNC"
"BNC-1986","A1MJVTR0PCKBWW","think",0,"negation","none","no","BNC"
"BNC-1987","A1945USNZHTROX","think",-3,"negation","none","no","BNC"
"BNC-1987","AFN5VMMGYPF1I","think",-3,"negation","none","no","BNC"
"BNC-1987","A1GXFMAC759VRM","think",-3,"negation","none","no","BNC"
"BNC-1987","A36SM7QM8OK3H6","think",-2,"negation","none","no","BNC"
"BNC-1987","ASI2B6A3Y556Z","think",0,"negation","none","no","BNC"
"BNC-1987","A25YG9M911WA3T","think",-2,"negation","none","no","BNC"
"BNC-1987","A2A0DKZ4Y9I6OV","think",-2,"negation","none","no","BNC"
"BNC-1987","A3L2UB07EZJAMD","think",-3,"negation","none","no","BNC"
"BNC-1991","A5EU1AQJNC7F2","think",3,"negation","none","no","BNC"
"BNC-1991","A18LPAFMK1B06K","think",-2,"negation","none","no","BNC"
"BNC-1991","A36SM7QM8OK3H6","think",-3,"negation","none","no","BNC"
"BNC-1991","A16SAB417Y96G4","think",-1,"negation","none","no","BNC"
"BNC-1991","A2OVX9UW5WANQE","think",-3,"negation","none","no","BNC"
"BNC-1991","A1NM7ZPZ3NH412","think",-3,"negation","none","no","BNC"
"BNC-1991","A5TI9UQEPLNWI","think",-3,"negation","none","no","BNC"
"BNC-1991","A39Q4SNT7SRK94","think",-1,"negation","none","no","BNC"
"BNC-1994","A150GMV1YQWWB3","think",-2,"negation","none","no","BNC"
"BNC-1994","A1GXFMAC759VRM","think",-1,"negation","none","no","BNC"
"BNC-1994","A36SM7QM8OK3H6","think",-2,"negation","none","no","BNC"
"BNC-1994","A1NM7ZPZ3NH412","think",-3,"negation","none","no","BNC"
"BNC-1994","A1MJVTR0PCKBWW","think",-2,"negation","none","no","BNC"
"BNC-1994","A2WC2NO555XU3J","think",-2,"negation","none","no","BNC"
"BNC-1994","A25YG9M911WA3T","think",-3,"negation","none","no","BNC"
"BNC-1994","A2AMQX0BQZXG9N","think",-3,"negation","none","no","BNC"
"BNC-1994","A3UEJQ4EJB9DBD","think",-1,"negation","none","no","BNC"
"BNC-1997","A3GPTSDDHJ2DBV","think",1,"negation","none","no","BNC"
"BNC-1997","A4J4GGMKJ68L0","think",0,"negation","none","no","BNC"
"BNC-1997","AFN5VMMGYPF1I","think",0,"negation","none","no","BNC"
"BNC-1997","A1945USNZHTROX","think",2,"negation","none","no","BNC"
"BNC-1997","A1GXFMAC759VRM","think",2,"negation","none","no","BNC"
"BNC-1997","A36SM7QM8OK3H6","think",-2,"negation","none","no","BNC"
"BNC-1997","A2541C8MY0BYV3","think",-1,"negation","none","no","BNC"
"BNC-1997","A55CXM7QR7R0N","think",3,"negation","none","no","BNC"
"BNC-1997","A25YG9M911WA3T","think",0,"negation","none","no","BNC"
"BNC-2001","A2541C8MY0BYV3","think",-3,"negation","none","no","BNC"
"BNC-2001","A1945USNZHTROX","think",-3,"negation","none","no","BNC"
"BNC-2001","A1GXFMAC759VRM","think",-2,"negation","none","no","BNC"
"BNC-2001","A25YG9M911WA3T","think",0,"negation","none","no","BNC"
"BNC-2001","A3GPTSDDHJ2DBV","think",-2,"negation","none","no","BNC"
"BNC-2001","A3U761PEG7MFKT","think",-2,"negation","none","no","BNC"
"BNC-2001","A150GMV1YQWWB3","think",-2,"negation","none","no","BNC"
"BNC-2001","A36SM7QM8OK3H6","think",-2,"negation","none","no","BNC"
"BNC-2003","A1A1A9UHNQCI9Y","think",1,"negation","none","no","BNC"
"BNC-2003","A1NM7ZPZ3NH412","think",0,"negation","none","no","BNC"
"BNC-2003","A1F9KLZGHE9DTA","think",3,"negation","none","no","BNC"
"BNC-2003","A36SM7QM8OK3H6","think",-2,"negation","none","no","BNC"
"BNC-2003","A5EU1AQJNC7F2","think",1,"negation","none","no","BNC"
"BNC-2003","A1GXFMAC759VRM","think",3,"negation","none","no","BNC"
"BNC-2003","A125KW9P18V5Z1","think",3,"negation","none","no","BNC"
"BNC-2003","AR1IWBDA7MC86","think",-2,"negation","none","no","BNC"
"BNC-2004","A1MJVTR0PCKBWW","think",-2,"negation","none","no","BNC"
"BNC-2004","A1945USNZHTROX","think",-3,"negation","none","no","BNC"
"BNC-2004","A36SM7QM8OK3H6","think",-2,"negation","none","no","BNC"
"BNC-2004","A207149DHAS89K","think",2,"negation","none","no","BNC"
"BNC-2004","A3GPTSDDHJ2DBV","think",3,"negation","none","no","BNC"
"BNC-2004","A36MTY8RSWBZU7","think",2,"negation","none","no","BNC"
"BNC-2004","A150GMV1YQWWB3","think",0,"negation","none","no","BNC"
"BNC-2004","A25YG9M911WA3T","think",2,"negation","none","no","BNC"
"BNC-2004","A1GXFMAC759VRM","think",3,"negation","none","no","BNC"
"BNC-2006","A3AO2N7BNFDGF3","think",3,"negation","none","no","BNC"
"BNC-2006","ATADQXPHL10Y8","think",0,"negation","none","no","BNC"
"BNC-2006","A1ZKNQJO513B3W","think",0,"negation","none","no","BNC"
"BNC-2006","A3AFC26CB0AXMI","think",3,"negation","none","no","BNC"
"BNC-2006","A3MYTEE8WSEQ2Z","think",-1,"negation","none","no","BNC"
"BNC-2006","A36SM7QM8OK3H6","think",3,"negation","none","no","BNC"
"BNC-2006","A1F9KLZGHE9DTA","think",3,"negation","none","no","BNC"
"BNC-2006","A28FMRMS9TMEOZ","think",2,"negation","none","no","BNC"
"BNC-2009","A3VVR8NR3ED04C","think",-1,"negation","none","no","BNC"
"BNC-2009","A25YG9M911WA3T","think",-2,"negation","none","no","BNC"
"BNC-2009","A1945USNZHTROX","think",-3,"negation","none","no","BNC"
"BNC-2009","A1MJVTR0PCKBWW","think",2,"negation","none","no","BNC"
"BNC-2009","A2541C8MY0BYV3","think",-2,"negation","none","no","BNC"
"BNC-2009","A1GXFMAC759VRM","think",-3,"negation","none","no","BNC"
"BNC-2009","A2W3I2GBGDB637","think",-2,"negation","none","no","BNC"
"BNC-2009","A36SM7QM8OK3H6","think",-2,"negation","none","no","BNC"
"BNC-2012","A1MJVTR0PCKBWW","think",3,"negation","none","no","BNC"
"BNC-2012","A150GMV1YQWWB3","think",1,"negation","none","no","BNC"
"BNC-2012","A1GXFMAC759VRM","think",-1,"negation","none","no","BNC"
"BNC-2012","A36SM7QM8OK3H6","think",-2,"negation","none","no","BNC"
"BNC-2012","A2W3I2GBGDB637","think",3,"negation","none","no","BNC"
"BNC-2012","A3609GDWR2JCCA","think",0,"negation","none","no","BNC"
"BNC-2012","AR1IWBDA7MC86","think",-3,"negation","none","no","BNC"
"BNC-2012","A25YG9M911WA3T","think",-1,"negation","none","no","BNC"
"BNC-2014","A25YG9M911WA3T","think",-2,"negation","none","no","BNC"
"BNC-2014","A1MJHGH55K3O0","think",-3,"negation","none","no","BNC"
"BNC-2014","A36SM7QM8OK3H6","think",-2,"negation","none","no","BNC"
"BNC-2014","A1945USNZHTROX","think",-3,"negation","none","no","BNC"
"BNC-2014","A2IGPW784OFV3D","think",-1,"negation","none","no","BNC"
"BNC-2014","A1GXFMAC759VRM","think",-3,"negation","none","no","BNC"
"BNC-2014","A1NM7ZPZ3NH412","think",-2,"negation","none","no","BNC"
"BNC-2014","A150GMV1YQWWB3","think",-2,"negation","none","no","BNC"
"BNC-2015","A1NM7ZPZ3NH412","think",-3,"negation","none","no","BNC"
"BNC-2015","A3LJ2FHESYV9QQ","think",3,"negation","none","no","BNC"
"BNC-2015","A1GXFMAC759VRM","think",2,"negation","none","no","BNC"
"BNC-2015","A4J4GGMKJ68L0","think",0,"negation","none","no","BNC"
"BNC-2015","A36SM7QM8OK3H6","think",1,"negation","none","no","BNC"
"BNC-2015","A1MJVTR0PCKBWW","think",-1,"negation","none","no","BNC"
"BNC-2015","A3609GDWR2JCCA","think",-3,"negation","none","no","BNC"
"BNC-2015","A1DIGREVLNOXT3","think",1,"negation","none","no","BNC"
"BNC-2016","A1GXFMAC759VRM","think",0,"negation","none","no","BNC"
"BNC-2016","AZIY6IFOS4CVC","think",0,"negation","none","no","BNC"
"BNC-2016","A25YG9M911WA3T","think",0,"negation","none","no","BNC"
"BNC-2016","A33NK36A94Y75Y","think",-2,"negation","none","no","BNC"
"BNC-2016","A2EOOF9D135HQ1","think",2,"negation","none","no","BNC"
"BNC-2016","A150GMV1YQWWB3","think",-1,"negation","none","no","BNC"
"BNC-2016","A1MJVTR0PCKBWW","think",0,"negation","none","no","BNC"
"BNC-2016","A36SM7QM8OK3H6","think",0,"negation","none","no","BNC"
"BNC-2016","A3L2UB07EZJAMD","think",-2,"negation","none","no","BNC"
"BNC-2018","A2OVX9UW5WANQE","think",0,"negation","none","no","BNC"
"BNC-2018","A1GXFMAC759VRM","think",1,"negation","none","no","BNC"
"BNC-2018","A25YG9M911WA3T","think",0,"negation","none","no","BNC"
"BNC-2018","A36SM7QM8OK3H6","think",-2,"negation","none","no","BNC"
"BNC-2018","AFN5VMMGYPF1I","think",-2,"negation","none","no","BNC"
"BNC-2018","A16SAB417Y96G4","think",-2,"negation","none","no","BNC"
"BNC-2018","A3W6T1WDYXMR3","think",-2,"negation","none","no","BNC"
"BNC-2018","A1945USNZHTROX","think",-3,"negation","none","no","BNC"
"BNC-2021","A36SM7QM8OK3H6","think",-3,"negation","none","no","BNC"
"BNC-2021","A2CF2BD4Q0ZDJN","think",-3,"negation","none","no","BNC"
"BNC-2021","A1GXFMAC759VRM","think",-3,"negation","none","no","BNC"
"BNC-2021","A1945USNZHTROX","think",-3,"negation","none","no","BNC"
"BNC-2021","A25YG9M911WA3T","think",-3,"negation","none","no","BNC"
"BNC-2021","A1NM7ZPZ3NH412","think",-2,"negation","none","no","BNC"
"BNC-2021","ADKKDK6P4MS1Z","think",3,"negation","none","no","BNC"
"BNC-2021","A1MJVTR0PCKBWW","think",-3,"negation","none","no","BNC"
"BNC-2022","A24LC97AU3QC7G","think",1,"negation","none","no","BNC"
"BNC-2022","A3GPTSDDHJ2DBV","think",1,"negation","none","no","BNC"
"BNC-2022","A1GXFMAC759VRM","think",1,"negation","none","no","BNC"
"BNC-2022","A3GZYWA9S6J0K9","think",-1,"negation","none","no","BNC"
"BNC-2022","A25YG9M911WA3T","think",1,"negation","none","no","BNC"
"BNC-2022","A36SM7QM8OK3H6","think",-2,"negation","none","no","BNC"
"BNC-2022","A3VVR8NR3ED04C","think",-1,"negation","none","no","BNC"
"BNC-2022","A1945USNZHTROX","think",-3,"negation","none","no","BNC"
"BNC-2022","A28SYXQL3YOKVL","think",0,"negation","none","no","BNC"
"BNC-2024","A3VBAQB2WO36Q1","think",-3,"negation","none","no","BNC"
"BNC-2024","AFN5VMMGYPF1I","think",-2,"negation","none","no","BNC"
"BNC-2024","A36SM7QM8OK3H6","think",2,"negation","none","no","BNC"
"BNC-2024","A12R2U6TBB3OOG","think",2,"negation","none","no","BNC"
"BNC-2024","A1MJVTR0PCKBWW","think",-3,"negation","none","no","BNC"
"BNC-2024","A150GMV1YQWWB3","think",-2,"negation","none","no","BNC"
"BNC-2024","A1GXFMAC759VRM","think",3,"negation","none","no","BNC"
"BNC-2024","A1945USNZHTROX","think",-3,"negation","none","no","BNC"
"BNC-2026","A3VVR8NR3ED04C","think",-2,"negation","none","no","BNC"
"BNC-2026","AUAN582MLI96N","think",2,"negation","none","no","BNC"
"BNC-2026","A2ET3KM3IE33MM","think",-1,"negation","none","no","BNC"
"BNC-2026","AY7WPVKHVNBLG","think",0,"negation","none","no","BNC"
"BNC-2026","A25YG9M911WA3T","think",0,"negation","none","no","BNC"
"BNC-2026","A1GXFMAC759VRM","think",1,"negation","none","no","BNC"
"BNC-2026","A9YFIKDWDS4N4","think",-1,"negation","none","no","BNC"
"BNC-2026","A36SM7QM8OK3H6","think",-2,"negation","none","no","BNC"
"BNC-2026","A2541C8MY0BYV3","think",-1,"negation","none","no","BNC"
"BNC-2027","A1NM7ZPZ3NH412","think",-3,"negation","none","no","BNC"
"BNC-2027","A25YG9M911WA3T","think",-1,"negation","none","no","BNC"
"BNC-2027","A1945USNZHTROX","think",-3,"negation","none","no","BNC"
"BNC-2027","A1GXFMAC759VRM","think",2,"negation","none","no","BNC"
"BNC-2027","A3PIAHR6PGXZNT","think",-2,"negation","none","no","BNC"
"BNC-2027","A125KW9P18V5Z1","think",-1,"negation","none","no","BNC"
"BNC-2027","ATGUAXNWCW8NI","think",-2,"negation","none","no","BNC"
"BNC-2027","A36SM7QM8OK3H6","think",-2,"negation","none","no","BNC"
"BNC-2028","A1MJVTR0PCKBWW","think",-3,"negation","none","no","BNC"
"BNC-2028","A3VVR8NR3ED04C","think",-3,"negation","none","no","BNC"
"BNC-2028","A36SM7QM8OK3H6","think",-2,"negation","none","no","BNC"
"BNC-2028","A2541C8MY0BYV3","think",1,"negation","none","no","BNC"
"BNC-2028","A1RT9SQ9D9DLOV","think",0,"negation","none","no","BNC"
"BNC-2028","A25YG9M911WA3T","think",3,"negation","none","no","BNC"
"BNC-2028","A1GXFMAC759VRM","think",2,"negation","none","no","BNC"
"BNC-2028","A4IH4CO046EV3","think",-2,"negation","none","no","BNC"
"BNC-2034","A150GMV1YQWWB3","think",-1,"negation","none","no","BNC"
"BNC-2034","A34VY22YEREOOI","think",1,"negation","none","no","BNC"
"BNC-2034","A2541C8MY0BYV3","think",-1,"negation","none","no","BNC"
"BNC-2034","A25YG9M911WA3T","think",2,"negation","none","no","BNC"
"BNC-2034","A1MJVTR0PCKBWW","think",-3,"negation","none","no","BNC"
"BNC-2034","A3GPTSDDHJ2DBV","think",1,"negation","none","no","BNC"
"BNC-2034","A18SXC3JEN1O0U","think",-2,"negation","none","no","BNC"
"BNC-2034","A36SM7QM8OK3H6","think",-2,"negation","none","no","BNC"
"BNC-2034","A1GXFMAC759VRM","think",1,"negation","none","no","BNC"
"BNC-2038","ANVAFB99K5RKP","think",-2,"negation","none","no","BNC"
"BNC-2038","AFUX7IUQOE0NA","think",-3,"negation","none","no","BNC"
"BNC-2038","A2LMQ4497NMK3S","think",0,"negation","none","no","BNC"
"BNC-2038","A24LC97AU3QC7G","think",1,"negation","none","no","BNC"
"BNC-2038","A2541C8MY0BYV3","think",-1,"negation","none","no","BNC"
"BNC-2038","A36SM7QM8OK3H6","think",-1,"negation","none","no","BNC"
"BNC-2038","A28HB7240OFGEW","think",0,"negation","none","no","BNC"
"BNC-2038","A3LC6M2EMDBBXP","think",3,"negation","none","no","BNC"
"BNC-2046","A1945USNZHTROX","think",-3,"negation","none","no","BNC"
"BNC-2046","AD8JNBDMO3NED","think",0,"negation","none","no","BNC"
"BNC-2046","A1MJHGH55K3O0","think",-3,"negation","none","no","BNC"
"BNC-2046","A1GXFMAC759VRM","think",-3,"negation","none","no","BNC"
"BNC-2046","A150GMV1YQWWB3","think",-2,"negation","none","no","BNC"
"BNC-2046","A36SM7QM8OK3H6","think",-2,"negation","none","no","BNC"
"BNC-2046","A3M26P1CBNLA4U","think",2,"negation","none","no","BNC"
"BNC-2046","A25YG9M911WA3T","think",-3,"negation","none","no","BNC"
"BNC-2046","ASI2B6A3Y556Z","think",-3,"negation","none","no","BNC"
"BNC-2049","A36SM7QM8OK3H6","think",-3,"negation","none","no","BNC"
"BNC-2049","A1GXFMAC759VRM","think",-3,"negation","none","no","BNC"
"BNC-2049","A2NT3OQZUUZPEO","think",-3,"negation","none","no","BNC"
"BNC-2049","A240OTT1T85UGT","think",-3,"negation","none","no","BNC"
"BNC-2049","A1MJVTR0PCKBWW","think",-3,"negation","none","no","BNC"
"BNC-2049","A75XDPFNICR3T","think",-3,"negation","none","no","BNC"
"BNC-2049","A150GMV1YQWWB3","think",-3,"negation","none","no","BNC"
"BNC-2049","A1945USNZHTROX","think",-3,"negation","none","no","BNC"
"BNC-2049","A3QAHF4UUBM7ZO","think",0,"negation","none","no","BNC"
"BNC-2073","A25YG9M911WA3T","think",-2,"negation","none","no","BNC"
"BNC-2073","A1945USNZHTROX","think",3,"negation","none","no","BNC"
"BNC-2073","A36SM7QM8OK3H6","think",1,"negation","none","no","BNC"
"BNC-2073","A150GMV1YQWWB3","think",-2,"negation","none","no","BNC"
"BNC-2073","A3RVYJNYREMTAH","think",-2,"negation","none","no","BNC"
"BNC-2073","AFN5VMMGYPF1I","think",-3,"negation","none","no","BNC"
"BNC-2073","ANQ0RLFEZ17W0","think",-1,"negation","none","no","BNC"
"BNC-2073","A1GXFMAC759VRM","think",2,"negation","none","no","BNC"
"BNC-2080","A1GXFMAC759VRM","think",2,"negation","none","no","BNC"
"BNC-2080","A36SM7QM8OK3H6","think",-2,"negation","none","no","BNC"
"BNC-2080","AFN5VMMGYPF1I","think",0,"negation","none","no","BNC"
"BNC-2080","A1NM7ZPZ3NH412","think",-3,"negation","none","no","BNC"
"BNC-2080","A25YG9M911WA3T","think",-2,"negation","none","no","BNC"
"BNC-2080","A2SENAPNSXG9L","think",-2,"negation","none","no","BNC"
"BNC-2080","A1945USNZHTROX","think",-3,"negation","none","no","BNC"
"BNC-2080","A3PIAHR6PGXZNT","think",1,"negation","none","no","BNC"
"BNC-2086","A34VY22YEREOOI","think",1,"negation","none","no","BNC"
"BNC-2086","A3CF8ULBSE8MTL","think",-1,"negation","none","no","BNC"
"BNC-2086","A3RVYJNYREMTAH","think",0,"negation","none","no","BNC"
"BNC-2086","A3GPTSDDHJ2DBV","think",3,"negation","none","no","BNC"
"BNC-2086","A35C12CR628WKD","think",1,"negation","none","no","BNC"
"BNC-2086","A36SM7QM8OK3H6","think",-1,"negation","none","no","BNC"
"BNC-2086","A1X94LTZZQMHTP","think",-2,"negation","none","no","BNC"
"BNC-2086","A1R6ZLM9V362F7","think",2,"negation","none","no","BNC"
"BNC-2098","A240OTT1T85UGT","think",-3,"negation","none","no","BNC"
"BNC-2098","A125KW9P18V5Z1","think",-1,"negation","none","no","BNC"
"BNC-2098","ARJJKTGF3RDCO","think",-2,"negation","none","no","BNC"
"BNC-2098","A27XYQJLE8D39R","think",3,"negation","none","no","BNC"
"BNC-2098","A19IWME4DCIU1H","think",-1,"negation","none","no","BNC"
"BNC-2098","A3UEJQ4EJB9DBD","think",0,"negation","none","no","BNC"
"BNC-2098","A2JOHICL072IY3","think",-3,"negation","none","no","BNC"
"BNC-2098","A1NM7ZPZ3NH412","think",-3,"negation","none","no","BNC"
"BNC-2098","A3POD149IG0DIW","think",1,"negation","none","no","BNC"
"BNC-2100","AC5UD8N187QD6","think",-1,"negation","none","no","BNC"
"BNC-2100","A3GPTSDDHJ2DBV","think",-3,"negation","none","no","BNC"
"BNC-2100","A36SM7QM8OK3H6","think",-1,"negation","none","no","BNC"
"BNC-2100","A2541C8MY0BYV3","think",-1,"negation","none","no","BNC"
"BNC-2100","A110KENBXU7SUJ","think",-1,"negation","none","no","BNC"
"BNC-2100","A1GXFMAC759VRM","think",-1,"negation","none","no","BNC"
"BNC-2100","A3FPXLLF0B8CIC","think",-2,"negation","none","no","BNC"
"BNC-2100","AFN5VMMGYPF1I","think",1,"negation","none","no","BNC"
"BNC-2101","A207149DHAS89K","think",-3,"negation","none","no","BNC"
"BNC-2101","A36SM7QM8OK3H6","think",-3,"negation","none","no","BNC"
"BNC-2101","A1MJVTR0PCKBWW","think",-3,"negation","none","no","BNC"
"BNC-2101","A1DIGREVLNOXT3","think",-3,"negation","none","no","BNC"
"BNC-2101","A2NT3OQZUUZPEO","think",-3,"negation","none","no","BNC"
"BNC-2101","A1Q0N5H1DXMK0V","think",-2,"negation","none","no","BNC"
"BNC-2101","A1GXFMAC759VRM","think",-3,"negation","none","no","BNC"
"BNC-2101","A2OVX9UW5WANQE","think",-3,"negation","none","no","BNC"
"BNC-2102","A1GXFMAC759VRM","think",3,"negation","none","no","BNC"
"BNC-2102","A3E9A9O3CLMEW","think",0,"negation","none","no","BNC"
"BNC-2102","A3OXSIR9YH1FT6","think",0,"negation","none","no","BNC"
"BNC-2102","AOTF48KUV9KWM","think",1,"negation","none","no","BNC"
"BNC-2102","A36SM7QM8OK3H6","think",2,"negation","none","no","BNC"
"BNC-2102","AFN5VMMGYPF1I","think",1,"negation","none","no","BNC"
"BNC-2102","AX06ZUCRNSGB3","think",3,"negation","none","no","BNC"
"BNC-2102","AR1IWBDA7MC86","think",0,"negation","none","no","BNC"
"BNC-2104","A149ROBL26JWPJ","think",-2,"negation","none","no","BNC"
"BNC-2104","A1X258MWJFEMTW","think",3,"negation","none","no","BNC"
"BNC-2104","A1NM7ZPZ3NH412","think",-2,"negation","none","no","BNC"
"BNC-2104","A2WCXJZEXXR60A","think",-2,"negation","none","no","BNC"
"BNC-2104","A1GXFMAC759VRM","think",-3,"negation","none","no","BNC"
"BNC-2104","A27MJOV91GA8R3","think",0,"negation","none","no","BNC"
"BNC-2104","A1MJVTR0PCKBWW","think",-2,"negation","none","no","BNC"
"BNC-2104","A17PAQSQ74L915","think",-2,"negation","none","no","BNC"
"BNC-2104","AZMOA8ONG0D2U","think",3,"negation","none","no","BNC"
"BNC-2107","A1GXFMAC759VRM","think",-3,"negation","none","no","BNC"
"BNC-2107","A1MJVTR0PCKBWW","think",-3,"negation","none","no","BNC"
"BNC-2107","AZMOA8ONG0D2U","think",-3,"negation","none","no","BNC"
"BNC-2107","A1NM7ZPZ3NH412","think",-3,"negation","none","no","BNC"
"BNC-2107","A240OTT1T85UGT","think",2,"negation","none","no","BNC"
"BNC-2107","A2AMQX0BQZXG9N","think",-2,"negation","none","no","BNC"
"BNC-2107","A2OVX9UW5WANQE","think",-3,"negation","none","no","BNC"
"BNC-2107","A27MJOV91GA8R3","think",-2,"negation","none","no","BNC"
"BNC-2107","A36SM7QM8OK3H6","think",-2,"negation","none","no","BNC"
"BNC-211","AFN5VMMGYPF1I","know",-1,"conditional","none","yes","BNC"
"BNC-211","AR1IWBDA7MC86","know",3,"conditional","none","yes","BNC"
"BNC-211","A3OXSIR9YH1FT6","know",0,"conditional","none","yes","BNC"
"BNC-211","AX06ZUCRNSGB3","know",3,"conditional","none","yes","BNC"
"BNC-211","A36SM7QM8OK3H6","know",2,"conditional","none","yes","BNC"
"BNC-211","A1GXFMAC759VRM","know",3,"conditional","none","yes","BNC"
"BNC-211","AOTF48KUV9KWM","know",3,"conditional","none","yes","BNC"
"BNC-211","A3E9A9O3CLMEW","know",2,"conditional","none","yes","BNC"
"BNC-2119","A1MJVTR0PCKBWW","think",-3,"negation","none","no","BNC"
"BNC-2119","A36SM7QM8OK3H6","think",-1,"negation","none","no","BNC"
"BNC-2119","A3SGZ8OQXW5TQD","think",2,"negation","none","no","BNC"
"BNC-2119","A1PT63J40GNSZF","think",3,"negation","none","no","BNC"
"BNC-2119","A240OTT1T85UGT","think",-3,"negation","none","no","BNC"
"BNC-2119","A1GXFMAC759VRM","think",3,"negation","none","no","BNC"
"BNC-2119","A1NM7ZPZ3NH412","think",-3,"negation","none","no","BNC"
"BNC-2119","A2OVX9UW5WANQE","think",-2,"negation","none","no","BNC"
"BNC-2119","A5EU1AQJNC7F2","think",-3,"negation","none","no","BNC"
"BNC-2120","A1QVNF19XSRSD7","think",-1,"negation","none","no","BNC"
"BNC-2120","APITQRRX2PADB","think",0,"negation","none","no","BNC"
"BNC-2120","A22ABLVEI5EGPL","think",-3,"negation","none","no","BNC"
"BNC-2120","A39GADIK8RLMVC","think",-3,"negation","none","no","BNC"
"BNC-2120","ASI2B6A3Y556Z","think",-3,"negation","none","no","BNC"
"BNC-2120","A1Y0Y6U906ABT5","think",0,"negation","none","no","BNC"
"BNC-2120","AOVN1TVNI7HJ7","think",3,"negation","none","no","BNC"
"BNC-2120","A333BXH5ATXBHC","think",-3,"negation","none","no","BNC"
"BNC-2124","A150GMV1YQWWB3","think",-2,"negation","none","no","BNC"
"BNC-2124","A1DIGREVLNOXT3","think",-1,"negation","none","no","BNC"
"BNC-2124","A1MJVTR0PCKBWW","think",-3,"negation","none","no","BNC"
"BNC-2124","A1GXFMAC759VRM","think",-2,"negation","none","no","BNC"
"BNC-2124","A1945USNZHTROX","think",-3,"negation","none","no","BNC"
"BNC-2124","A3GZYWA9S6J0K9","think",-2,"negation","none","no","BNC"
"BNC-2124","A36SM7QM8OK3H6","think",-1,"negation","none","no","BNC"
"BNC-2124","A25YG9M911WA3T","think",1,"negation","none","no","BNC"
"BNC-2143","A5EU1AQJNC7F2","think",-3,"negation","none","no","BNC"
"BNC-2143","A2HHKBW8HQWI66","think",-3,"negation","none","no","BNC"
"BNC-2143","A37XJVQF62ZYC","think",-3,"negation","none","no","BNC"
"BNC-2143","A2P065E9CYMYJL","think",1,"negation","none","no","BNC"
"BNC-2143","AVI7K876BV3QL","think",-3,"negation","none","no","BNC"
"BNC-2143","A1X94LTZZQMHTP","think",-2,"negation","none","no","BNC"
"BNC-2143","A18GLXN59JTX9F","think",-3,"negation","none","no","BNC"
"BNC-2143","A1GXFMAC759VRM","think",-3,"negation","none","no","BNC"
"BNC-2143","A1MJVTR0PCKBWW","think",-3,"negation","none","no","BNC"
"BNC-2150","A2J1VDVDYZRK29","think",1,"negation","none","no","BNC"
"BNC-2150","A1FP3SH704X01V","think",-3,"negation","none","no","BNC"
"BNC-2150","A3I6JPGXHWY9FS","think",1,"negation","none","no","BNC"
"BNC-2150","A17J1CE7N49Z9D","think",0,"negation","none","no","BNC"
"BNC-2150","A28FMRMS9TMEOZ","think",3,"negation","none","no","BNC"
"BNC-2150","A32QJF67JMJFKX","think",0,"negation","none","no","BNC"
"BNC-2150","A36SM7QM8OK3H6","think",-1,"negation","none","no","BNC"
"BNC-2150","A1MGXQW1EEKE20","think",-3,"negation","none","no","BNC"
"BNC-2150","A2BA9Y6VGW6WS1","think",-2,"negation","none","no","BNC"
"BNC-2150","A1NM7ZPZ3NH412","think",-3,"negation","none","no","BNC"
"BNC-2150","A3UTFL5JHRQCM1","think",-2,"negation","none","no","BNC"
"BNC-2150","A3S1TLYMH9WWUG","think",-3,"negation","none","no","BNC"
"BNC-2152","A3VVR8NR3ED04C","think",-3,"negation","none","no","BNC"
"BNC-2152","A2BA9Y6VGW6WS1","think",-3,"negation","none","no","BNC"
"BNC-2152","A1DIGREVLNOXT3","think",-3,"negation","none","no","BNC"
"BNC-2152","AFN5VMMGYPF1I","think",-3,"negation","none","no","BNC"
"BNC-2152","A2M45YGLOWMO4N","think",-2,"negation","none","no","BNC"
"BNC-2152","AKLV0WIZZ356X","think",-3,"negation","none","no","BNC"
"BNC-2152","A2NA2OJT15COZY","think",-3,"negation","none","no","BNC"
"BNC-2152","A36SM7QM8OK3H6","think",-3,"negation","none","no","BNC"
"BNC-2152","A16SAB417Y96G4","think",0,"negation","none","no","BNC"
"BNC-2153","A1GXFMAC759VRM","think",3,"negation","none","no","BNC"
"BNC-2153","A24F1UPER626KR","think",2,"negation","none","no","BNC"
"BNC-2153","A1HKCTDOTL6C9I","think",-3,"negation","none","no","BNC"
"BNC-2153","AVI7K876BV3QL","think",1,"negation","none","no","BNC"
"BNC-2153","AT5NKCNE7LOAZ","think",-2,"negation","none","no","BNC"
"BNC-2153","A23KAJRDVCVGOE","think",3,"negation","none","no","BNC"
"BNC-2153","A1F9KLZGHE9DTA","think",-2,"negation","none","no","BNC"
"BNC-2153","A1TARNH07A75CG","think",1,"negation","none","no","BNC"
"BNC-2154","A2JP9IKRHNLRPI","think",-3,"negation","none","no","BNC"
"BNC-2154","A36SM7QM8OK3H6","think",-3,"negation","none","no","BNC"
"BNC-2154","A1C59M3HPCO503","think",-3,"negation","none","no","BNC"
"BNC-2154","A25YG9M911WA3T","think",-2,"negation","none","no","BNC"
"BNC-2154","A5EU1AQJNC7F2","think",-3,"negation","none","no","BNC"
"BNC-2154","AMPMTF5IAAMK8","think",-2,"negation","none","no","BNC"
"BNC-2154","A3843S9LWPDN2K","think",-3,"negation","none","no","BNC"
"BNC-2154","A3GK90X2QOFR53","think",1,"negation","none","no","BNC"
"BNC-2154","A32QJF67JMJFKX","think",-3,"negation","none","no","BNC"
"BNC-2154","A1FP3SH704X01V","think",0,"negation","none","no","BNC"
"BNC-2163","A2NA2OJT15COZY","understand",1,"negation","none","yes","BNC"
"BNC-2163","A25YG9M911WA3T","understand",3,"negation","none","yes","BNC"
"BNC-2163","A1945USNZHTROX","understand",3,"negation","none","yes","BNC"
"BNC-2163","AFN5VMMGYPF1I","understand",0,"negation","none","yes","BNC"
"BNC-2163","A36SM7QM8OK3H6","understand",3,"negation","none","yes","BNC"
"BNC-2163","A1GXFMAC759VRM","understand",3,"negation","none","yes","BNC"
"BNC-2163","A12R2U6TBB3OOG","understand",3,"negation","none","yes","BNC"
"BNC-2163","A125KW9P18V5Z1","understand",-1,"negation","none","yes","BNC"
"BNC-2163","A1F9KLZGHE9DTA","understand",3,"negation","none","yes","BNC"
"BNC-2165","AKLV0WIZZ356X","understand",3,"negation","none","yes","BNC"
"BNC-2165","A1MJVTR0PCKBWW","understand",3,"negation","none","yes","BNC"
"BNC-2165","A24LC97AU3QC7G","understand",3,"negation","none","yes","BNC"
"BNC-2165","A36SM7QM8OK3H6","understand",3,"negation","none","yes","BNC"
"BNC-2165","A125KW9P18V5Z1","understand",0,"negation","none","yes","BNC"
"BNC-2165","A1GXFMAC759VRM","understand",3,"negation","none","yes","BNC"
"BNC-2165","A2EOOF9D135HQ1","understand",3,"negation","none","yes","BNC"
"BNC-2165","AFHRMJIHMGLDE","understand",3,"negation","none","yes","BNC"
"BNC-2175","A125KW9P18V5Z1","admit",1,"question","none","no","BNC"
"BNC-2175","A5EU1AQJNC7F2","admit",2,"question","none","no","BNC"
"BNC-2175","A2AMQX0BQZXG9N","admit",3,"question","none","no","BNC"
"BNC-2175","A36SM7QM8OK3H6","admit",1,"question","none","no","BNC"
"BNC-2175","A1GXFMAC759VRM","admit",1,"question","none","no","BNC"
"BNC-2175","A1X94LTZZQMHTP","admit",-2,"question","none","no","BNC"
"BNC-2175","A2YCMT5BPA0AG9","admit",-1,"question","none","no","BNC"
"BNC-2175","A1MJVTR0PCKBWW","admit",1,"question","none","no","BNC"
"BNC-2175","A24LC97AU3QC7G","admit",-1,"question","none","no","BNC"
"BNC-2180","A25YG9M911WA3T","assume",1,"question","none","no","BNC"
"BNC-2180","A1945USNZHTROX","assume",-3,"question","none","no","BNC"
"BNC-2180","A3609GDWR2JCCA","assume",-3,"question","none","no","BNC"
"BNC-2180","A2BA9Y6VGW6WS1","assume",-2,"question","none","no","BNC"
"BNC-2180","AJRY9ALX8069Y","assume",1,"question","none","no","BNC"
"BNC-2180","A1GXFMAC759VRM","assume",-3,"question","none","no","BNC"
"BNC-2180","A36SM7QM8OK3H6","assume",-3,"question","none","no","BNC"
"BNC-2180","AFN5VMMGYPF1I","assume",0,"question","none","no","BNC"
"BNC-2180","A150GMV1YQWWB3","assume",-3,"question","none","no","BNC"
"BNC-2182","A28HB7240OFGEW","assume",0,"question","none","no","BNC"
"BNC-2182","AFUX7IUQOE0NA","assume",0,"question","none","no","BNC"
"BNC-2182","A2LMQ4497NMK3S","assume",0,"question","none","no","BNC"
"BNC-2182","A2541C8MY0BYV3","assume",0,"question","none","no","BNC"
"BNC-2182","ANVAFB99K5RKP","assume",0,"question","none","no","BNC"
"BNC-2182","A3LC6M2EMDBBXP","assume",-1,"question","none","no","BNC"
"BNC-2182","A24LC97AU3QC7G","assume",0,"question","none","no","BNC"
"BNC-2182","A36SM7QM8OK3H6","assume",0,"question","none","no","BNC"
"BNC-2185","A240OTT1T85UGT","believe",-1,"question","none","no","BNC"
"BNC-2185","A3SGZ8OQXW5TQD","believe",-2,"question","none","no","BNC"
"BNC-2185","A1NM7ZPZ3NH412","believe",-2,"question","none","no","BNC"
"BNC-2185","A2OVX9UW5WANQE","believe",-3,"question","none","no","BNC"
"BNC-2185","A1MJVTR0PCKBWW","believe",-1,"question","none","no","BNC"
"BNC-2185","A5EU1AQJNC7F2","believe",-2,"question","none","no","BNC"
"BNC-2185","A1GXFMAC759VRM","believe",-2,"question","none","no","BNC"
"BNC-2185","A1PT63J40GNSZF","believe",-1,"question","none","no","BNC"
"BNC-2185","A36SM7QM8OK3H6","believe",-3,"question","none","no","BNC"
"BNC-2186","A149ROBL26JWPJ","believe",-2,"question","none","no","BNC"
"BNC-2186","A17PAQSQ74L915","believe",-2,"question","none","no","BNC"
"BNC-2186","A27MJOV91GA8R3","believe",0,"question","none","no","BNC"
"BNC-2186","A2WCXJZEXXR60A","believe",0,"question","none","no","BNC"
"BNC-2186","A1NM7ZPZ3NH412","believe",-1,"question","none","no","BNC"
"BNC-2186","AZMOA8ONG0D2U","believe",0,"question","none","no","BNC"
"BNC-2186","A1X258MWJFEMTW","believe",1,"question","none","no","BNC"
"BNC-2186","A1MJVTR0PCKBWW","believe",-2,"question","none","no","BNC"
"BNC-2186","A1GXFMAC759VRM","believe",-2,"question","none","no","BNC"
"BNC-2191","A27MJOV91GA8R3","believe",-2,"question","none","no","BNC"
"BNC-2191","A240OTT1T85UGT","believe",-3,"question","none","no","BNC"
"BNC-2191","A1NM7ZPZ3NH412","believe",-2,"question","none","no","BNC"
"BNC-2191","A2OVX9UW5WANQE","believe",-2,"question","none","no","BNC"
"BNC-2191","A2AMQX0BQZXG9N","believe",-3,"question","none","no","BNC"
"BNC-2191","A1MJVTR0PCKBWW","believe",-3,"question","none","no","BNC"
"BNC-2191","A1GXFMAC759VRM","believe",-3,"question","none","no","BNC"
"BNC-2191","A36SM7QM8OK3H6","believe",-3,"question","none","no","BNC"
"BNC-2191","AZMOA8ONG0D2U","believe",0,"question","none","no","BNC"
"BNC-2192","A1945USNZHTROX","believe",-3,"question","none","no","BNC"
"BNC-2192","A240OTT1T85UGT","believe",0,"question","none","no","BNC"
"BNC-2192","A3QAHF4UUBM7ZO","believe",0,"question","none","no","BNC"
"BNC-2192","A2NT3OQZUUZPEO","believe",-1,"question","none","no","BNC"
"BNC-2192","A75XDPFNICR3T","believe",0,"question","none","no","BNC"
"BNC-2192","A1GXFMAC759VRM","believe",0,"question","none","no","BNC"
"BNC-2192","A36SM7QM8OK3H6","believe",-3,"question","none","no","BNC"
"BNC-2192","A1MJVTR0PCKBWW","believe",0,"question","none","no","BNC"
"BNC-2192","A150GMV1YQWWB3","believe",-3,"question","none","no","BNC"
"BNC-2203","A1MJVTR0PCKBWW","believe",2,"question","none","no","BNC"
"BNC-2203","A2WC2NO555XU3J","believe",0,"question","none","no","BNC"
"BNC-2203","A1NM7ZPZ3NH412","believe",2,"question","none","no","BNC"
"BNC-2203","A25YG9M911WA3T","believe",0,"question","none","no","BNC"
"BNC-2203","A36SM7QM8OK3H6","believe",1,"question","none","no","BNC"
"BNC-2203","A1GXFMAC759VRM","believe",2,"question","none","no","BNC"
"BNC-2203","A2AMQX0BQZXG9N","believe",0,"question","none","no","BNC"
"BNC-2203","A150GMV1YQWWB3","believe",0,"question","none","no","BNC"
"BNC-2203","A3UEJQ4EJB9DBD","believe",-2,"question","none","no","BNC"
"BNC-2227","A1DIGREVLNOXT3","feel",-3,"question","none","no","BNC"
"BNC-2227","A1945USNZHTROX","feel",-3,"question","none","no","BNC"
"BNC-2227","A25YG9M911WA3T","feel",-2,"question","none","no","BNC"
"BNC-2227","A150GMV1YQWWB3","feel",-2,"question","none","no","BNC"
"BNC-2227","A1GXFMAC759VRM","feel",-2,"question","none","no","BNC"
"BNC-2227","A36SM7QM8OK3H6","feel",-2,"question","none","no","BNC"
"BNC-2227","A1MJVTR0PCKBWW","feel",-2,"question","none","no","BNC"
"BNC-2227","A3GZYWA9S6J0K9","feel",-2,"question","none","no","BNC"
"BNC-2229","A1MJVTR0PCKBWW","feel",1,"question","none","no","BNC"
"BNC-2229","A1GXFMAC759VRM","feel",1,"question","none","no","BNC"
"BNC-2229","A5EU1AQJNC7F2","feel",1,"question","none","no","BNC"
"BNC-2229","A18GLXN59JTX9F","feel",2,"question","none","no","BNC"
"BNC-2229","AVI7K876BV3QL","feel",0,"question","none","no","BNC"
"BNC-2229","A2HHKBW8HQWI66","feel",1,"question","none","no","BNC"
"BNC-2229","A2P065E9CYMYJL","feel",1,"question","none","no","BNC"
"BNC-2229","A37XJVQF62ZYC","feel",1,"question","none","no","BNC"
"BNC-2229","A1X94LTZZQMHTP","feel",2,"question","none","no","BNC"
"BNC-2237","A1Q0N5H1DXMK0V","find",3,"question","none","yes","BNC"
"BNC-2237","A1GXFMAC759VRM","find",3,"question","none","yes","BNC"
"BNC-2237","A1DIGREVLNOXT3","find",3,"question","none","yes","BNC"
"BNC-2237","A2OVX9UW5WANQE","find",3,"question","none","yes","BNC"
"BNC-2237","A36SM7QM8OK3H6","find",3,"question","none","yes","BNC"
"BNC-2237","A2NT3OQZUUZPEO","find",0,"question","none","yes","BNC"
"BNC-2237","A1MJVTR0PCKBWW","find",-1,"question","none","yes","BNC"
"BNC-2237","A207149DHAS89K","find",-3,"question","none","yes","BNC"
"BNC-2239","A207149DHAS89K","find",3,"question","none","yes","BNC"
"BNC-2239","A36MTY8RSWBZU7","find",0,"question","none","yes","BNC"
"BNC-2239","A36SM7QM8OK3H6","find",2,"question","none","yes","BNC"
"BNC-2239","A3GPTSDDHJ2DBV","find",3,"question","none","yes","BNC"
"BNC-2239","A25YG9M911WA3T","find",3,"question","none","yes","BNC"
"BNC-2239","A1945USNZHTROX","find",3,"question","none","yes","BNC"
"BNC-2239","A150GMV1YQWWB3","find",2,"question","none","yes","BNC"
"BNC-2239","A1GXFMAC759VRM","find",2,"question","none","yes","BNC"
"BNC-2239","A1MJVTR0PCKBWW","find",2,"question","none","yes","BNC"
"BNC-2242","A34930YXVQ8SUT","forget",3,"question","none","yes","BNC"
"BNC-2242","A1UWJTUVGAAF6D","forget",2,"question","none","yes","BNC"
"BNC-2242","A1GXFMAC759VRM","forget",3,"question","none","yes","BNC"
"BNC-2242","A36SM7QM8OK3H6","forget",3,"question","none","yes","BNC"
"BNC-2242","A25YG9M911WA3T","forget",3,"question","none","yes","BNC"
"BNC-2242","A150GMV1YQWWB3","forget",3,"question","none","yes","BNC"
"BNC-2242","A2OVX9UW5WANQE","forget",3,"question","none","yes","BNC"
"BNC-2242","A1945USNZHTROX","forget",3,"question","none","yes","BNC"
"BNC-2244","AC5UD8N187QD6","forget",3,"question","none","yes","BNC"
"BNC-2244","A36SM7QM8OK3H6","forget",3,"question","none","yes","BNC"
"BNC-2244","A28AX4H70DPKKK","forget",3,"question","none","yes","BNC"
"BNC-2244","A1MJVTR0PCKBWW","forget",3,"question","none","yes","BNC"
"BNC-2244","A32TGAK321JDFF","forget",3,"question","none","yes","BNC"
"BNC-2244","A1GXFMAC759VRM","forget",3,"question","none","yes","BNC"
"BNC-2244","A2CJYS92WX7HN6","forget",3,"question","none","yes","BNC"
"BNC-2244","A3DFJV1RD653DQ","forget",3,"question","none","yes","BNC"
"BNC-2244","A1IXH2QLUU5BKZ","forget",2,"question","none","yes","BNC"
"BNC-2252","A1HKCTDOTL6C9I","hear",0,"question","none","no","BNC"
"BNC-2252","A1F9KLZGHE9DTA","hear",2,"question","none","no","BNC"
"BNC-2252","A23KAJRDVCVGOE","hear",1,"question","none","no","BNC"
"BNC-2252","AT5NKCNE7LOAZ","hear",2,"question","none","no","BNC"
"BNC-2252","A1TARNH07A75CG","hear",-3,"question","none","no","BNC"
"BNC-2252","A24F1UPER626KR","hear",0,"question","none","no","BNC"
"BNC-2252","A1GXFMAC759VRM","hear",2,"question","none","no","BNC"
"BNC-2252","AVI7K876BV3QL","hear",0,"question","none","no","BNC"
"BNC-2258","A4IH4CO046EV3","hope",0,"question","none","no","BNC"
"BNC-2258","A1RT9SQ9D9DLOV","hope",0,"question","none","no","BNC"
"BNC-2258","A3VVR8NR3ED04C","hope",0,"question","none","no","BNC"
"BNC-2258","A25YG9M911WA3T","hope",0,"question","none","no","BNC"
"BNC-2258","A36SM7QM8OK3H6","hope",1,"question","none","no","BNC"
"BNC-2258","A2541C8MY0BYV3","hope",1,"question","none","no","BNC"
"BNC-2258","A1GXFMAC759VRM","hope",0,"question","none","no","BNC"
"BNC-2258","A1MJVTR0PCKBWW","hope",3,"question","none","no","BNC"
"BNC-2263","A3VVR8NR3ED04C","hope",0,"question","none","no","BNC"
"BNC-2263","A25YG9M911WA3T","hope",-1,"question","none","no","BNC"
"BNC-2263","A1GXFMAC759VRM","hope",0,"question","none","no","BNC"
"BNC-2263","A2ET3KM3IE33MM","hope",-2,"question","none","no","BNC"
"BNC-2263","A2541C8MY0BYV3","hope",1,"question","none","no","BNC"
"BNC-2263","A9YFIKDWDS4N4","hope",0,"question","none","no","BNC"
"BNC-2263","AUAN582MLI96N","hope",0,"question","none","no","BNC"
"BNC-2263","AY7WPVKHVNBLG","hope",0,"question","none","no","BNC"
"BNC-2263","A36SM7QM8OK3H6","hope",0,"question","none","no","BNC"
"BNC-2266","A39Q4SNT7SRK94","imagine",0,"question","none","no","BNC"
"BNC-2266","A1NM7ZPZ3NH412","imagine",-1,"question","none","no","BNC"
"BNC-2266","A2OVX9UW5WANQE","imagine",-3,"question","none","no","BNC"
"BNC-2266","A5EU1AQJNC7F2","imagine",0,"question","none","no","BNC"
"BNC-2266","A36SM7QM8OK3H6","imagine",-2,"question","none","no","BNC"
"BNC-2266","A2YGAEODJ5SSF6","imagine",-3,"question","none","no","BNC"
"BNC-2266","A5TI9UQEPLNWI","imagine",-3,"question","none","no","BNC"
"BNC-2266","A18LPAFMK1B06K","imagine",-2,"question","none","no","BNC"
"BNC-2266","A16SAB417Y96G4","imagine",0,"question","none","no","BNC"
"BNC-227","A25YG9M911WA3T","know",3,"question","none","yes","BNC"
"BNC-227","A1GXFMAC759VRM","know",3,"question","none","yes","BNC"
"BNC-227","AFN5VMMGYPF1I","know",3,"question","none","yes","BNC"
"BNC-227","A1945USNZHTROX","know",3,"question","none","yes","BNC"
"BNC-227","A16SAB417Y96G4","know",2,"question","none","yes","BNC"
"BNC-227","A36SM7QM8OK3H6","know",3,"question","none","yes","BNC"
"BNC-227","A3W6T1WDYXMR3","know",3,"question","none","yes","BNC"
"BNC-227","A2OVX9UW5WANQE","know",3,"question","none","yes","BNC"
"BNC-2295","A3609GDWR2JCCA","insist",-3,"question","none","no","BNC"
"BNC-2295","A35C12CR628WKD","insist",-3,"question","none","no","BNC"
"BNC-2295","A3LJ2FHESYV9QQ","insist",-3,"question","none","no","BNC"
"BNC-2295","A24LC97AU3QC7G","insist",-3,"question","none","no","BNC"
"BNC-2295","A3TY2K1HBA19PO","insist",0,"question","none","no","BNC"
"BNC-2295","A1945USNZHTROX","insist",-3,"question","none","no","BNC"
"BNC-2295","A2541C8MY0BYV3","insist",3,"question","none","no","BNC"
"BNC-2295","A25YG9M911WA3T","insist",-3,"question","none","no","BNC"
"BNC-2295","A36SM7QM8OK3H6","insist",-3,"question","none","no","BNC"
"BNC-2296","A1945USNZHTROX","insist",1,"question","none","no","BNC"
"BNC-2296","A1GXFMAC759VRM","insist",-1,"question","none","no","BNC"
"BNC-2296","AFN5VMMGYPF1I","insist",3,"question","none","no","BNC"
"BNC-2296","A2A0DKZ4Y9I6OV","insist",-1,"question","none","no","BNC"
"BNC-2296","ASI2B6A3Y556Z","insist",2,"question","none","no","BNC"
"BNC-2296","A25YG9M911WA3T","insist",0,"question","none","no","BNC"
"BNC-2296","A36SM7QM8OK3H6","insist",-2,"question","none","no","BNC"
"BNC-2296","A3L2UB07EZJAMD","insist",-3,"question","none","no","BNC"
"BNC-2307","A2541C8MY0BYV3","know",0,"question","none","yes","BNC"
"BNC-2307","A1GXFMAC759VRM","know",3,"question","none","yes","BNC"
"BNC-2307","A36SM7QM8OK3H6","know",3,"question","none","yes","BNC"
"BNC-2307","A150GMV1YQWWB3","know",2,"question","none","yes","BNC"
"BNC-2307","A3U761PEG7MFKT","know",-1,"question","none","yes","BNC"
"BNC-2307","A3GPTSDDHJ2DBV","know",2,"question","none","yes","BNC"
"BNC-2307","A1945USNZHTROX","know",3,"question","none","yes","BNC"
"BNC-2307","A25YG9M911WA3T","know",3,"question","none","yes","BNC"
"BNC-2313","A2541C8MY0BYV3","know",0,"question","EP","yes","BNC"
"BNC-2313","A110KENBXU7SUJ","know",0,"question","EP","yes","BNC"
"BNC-2313","AC5UD8N187QD6","know",0,"question","EP","yes","BNC"
"BNC-2313","A3GPTSDDHJ2DBV","know",1,"question","EP","yes","BNC"
"BNC-2313","A1GXFMAC759VRM","know",0,"question","EP","yes","BNC"
"BNC-2313","A36SM7QM8OK3H6","know",0,"question","EP","yes","BNC"
"BNC-2313","AFN5VMMGYPF1I","know",0,"question","EP","yes","BNC"
"BNC-2313","A3FPXLLF0B8CIC","know",0,"question","EP","yes","BNC"
"BNC-232","A2YGAEODJ5SSF6","learn",0,"conditional","none","yes","BNC"
"BNC-232","AC5UD8N187QD6","learn",2,"conditional","none","yes","BNC"
"BNC-232","A1NM7ZPZ3NH412","learn",0,"conditional","none","yes","BNC"
"BNC-232","A3CZFTXS9EQSY3","learn",2,"conditional","none","yes","BNC"
"BNC-232","AYH6G17Q8FY3B","learn",3,"conditional","none","yes","BNC"
"BNC-232","A32QJF67JMJFKX","learn",3,"conditional","none","yes","BNC"
"BNC-232","A1945USNZHTROX","learn",3,"conditional","none","yes","BNC"
"BNC-232","A150GMV1YQWWB3","learn",3,"conditional","none","yes","BNC"
"BNC-232","A21KGSK2BDVWOA","learn",3,"conditional","none","yes","BNC"
"BNC-232","A36SM7QM8OK3H6","learn",3,"conditional","none","yes","BNC"
"BNC-232","A1GZOEMTN2KYDA","learn",-1,"conditional","none","yes","BNC"
"BNC-232","A5EU1AQJNC7F2","learn",3,"conditional","none","yes","BNC"
"BNC-2325","A240OTT1T85UGT","know",0,"question","none","yes","BNC"
"BNC-2325","A27XYQJLE8D39R","know",3,"question","none","yes","BNC"
"BNC-2325","A3POD149IG0DIW","know",3,"question","none","yes","BNC"
"BNC-2325","ARJJKTGF3RDCO","know",3,"question","none","yes","BNC"
"BNC-2325","A19IWME4DCIU1H","know",3,"question","none","yes","BNC"
"BNC-2325","A1NM7ZPZ3NH412","know",3,"question","none","yes","BNC"
"BNC-2325","A2JOHICL072IY3","know",1,"question","none","yes","BNC"
"BNC-2325","A125KW9P18V5Z1","know",-2,"question","none","yes","BNC"
"BNC-2325","A3UEJQ4EJB9DBD","know",3,"question","none","yes","BNC"
"BNC-233","A1MJVTR0PCKBWW","learn",3,"conditional","none","yes","BNC"
"BNC-233","A2BA9Y6VGW6WS1","learn",3,"conditional","none","yes","BNC"
"BNC-233","A2JP9IKRHNLRPI","learn",3,"conditional","none","yes","BNC"
"BNC-233","A4J4GGMKJ68L0","learn",3,"conditional","none","yes","BNC"
"BNC-233","A18LPAFMK1B06K","learn",3,"conditional","none","yes","BNC"
"BNC-233","A32QJF67JMJFKX","learn",3,"conditional","none","yes","BNC"
"BNC-233","A2GAQZAZWV01PU","learn",2,"conditional","none","yes","BNC"
"BNC-233","A1NM7ZPZ3NH412","learn",3,"conditional","none","yes","BNC"
"BNC-2330","A2541C8MY0BYV3","know",0,"question","none","yes","BNC"
"BNC-2330","A3VVR8NR3ED04C","know",2,"question","none","yes","BNC"
"BNC-2330","A25YG9M911WA3T","know",2,"question","none","yes","BNC"
"BNC-2330","A1945USNZHTROX","know",3,"question","none","yes","BNC"
"BNC-2330","A2W3I2GBGDB637","know",-2,"question","none","yes","BNC"
"BNC-2330","A1GXFMAC759VRM","know",3,"question","none","yes","BNC"
"BNC-2330","A36SM7QM8OK3H6","know",3,"question","none","yes","BNC"
"BNC-2330","A1MJVTR0PCKBWW","know",3,"question","none","yes","BNC"
"BNC-2332","A1MJVTR0PCKBWW","know",3,"question","none","yes","BNC"
"BNC-2332","AR1IWBDA7MC86","know",3,"question","none","yes","BNC"
"BNC-2332","A1GXFMAC759VRM","know",1,"question","none","yes","BNC"
"BNC-2332","A2W3I2GBGDB637","know",3,"question","none","yes","BNC"
"BNC-2332","A36SM7QM8OK3H6","know",3,"question","none","yes","BNC"
"BNC-2332","A3609GDWR2JCCA","know",3,"question","none","yes","BNC"
"BNC-2332","A25YG9M911WA3T","know",2,"question","none","yes","BNC"
"BNC-2332","A150GMV1YQWWB3","know",1,"question","none","yes","BNC"
"BNC-2337","A5TI9UQEPLNWI","know",3,"question","none","yes","BNC"
"BNC-2337","A36SM7QM8OK3H6","know",3,"question","none","yes","BNC"
"BNC-2337","A5EU1AQJNC7F2","know",3,"question","none","yes","BNC"
"BNC-2337","A2OVX9UW5WANQE","know",3,"question","none","yes","BNC"
"BNC-2337","A18LPAFMK1B06K","know",2,"question","none","yes","BNC"
"BNC-2337","A16SAB417Y96G4","know",0,"question","none","yes","BNC"
"BNC-2337","A39Q4SNT7SRK94","know",1,"question","none","yes","BNC"
"BNC-2337","A1NM7ZPZ3NH412","know",3,"question","none","yes","BNC"
"BNC-2338","AFN5VMMGYPF1I","know",2,"question","none","yes","BNC"
"BNC-2338","A4J4GGMKJ68L0","know",3,"question","none","yes","BNC"
"BNC-2338","A1GXFMAC759VRM","know",3,"question","none","yes","BNC"
"BNC-2338","A3GPTSDDHJ2DBV","know",1,"question","none","yes","BNC"
"BNC-2338","A25YG9M911WA3T","know",2,"question","none","yes","BNC"
"BNC-2338","A2541C8MY0BYV3","know",2,"question","none","yes","BNC"
"BNC-2338","A55CXM7QR7R0N","know",3,"question","none","yes","BNC"
"BNC-2338","A36SM7QM8OK3H6","know",2,"question","none","yes","BNC"
"BNC-2338","A1945USNZHTROX","know",3,"question","none","yes","BNC"
"BNC-2340","A36SM7QM8OK3H6","know",2,"question","none","yes","BNC"
"BNC-2340","A25YG9M911WA3T","know",3,"question","none","yes","BNC"
"BNC-2340","A2SENAPNSXG9L","know",3,"question","none","yes","BNC"
"BNC-2340","A1NM7ZPZ3NH412","know",3,"question","none","yes","BNC"
"BNC-2340","A3PIAHR6PGXZNT","know",3,"question","none","yes","BNC"
"BNC-2340","A1GXFMAC759VRM","know",3,"question","none","yes","BNC"
"BNC-2340","A1945USNZHTROX","know",3,"question","none","yes","BNC"
"BNC-2340","AFN5VMMGYPF1I","know",2,"question","none","yes","BNC"
"BNC-236","A25YG9M911WA3T","mean",0,"conditional","none","no","BNC"
"BNC-236","A2W3I2GBGDB637","mean",2,"conditional","none","no","BNC"
"BNC-236","A36SM7QM8OK3H6","mean",1,"conditional","none","no","BNC"
"BNC-236","A1MJVTR0PCKBWW","mean",1,"conditional","none","no","BNC"
"BNC-236","A3VVR8NR3ED04C","mean",1,"conditional","none","no","BNC"
"BNC-236","A2541C8MY0BYV3","mean",1,"conditional","none","no","BNC"
"BNC-236","A1945USNZHTROX","mean",3,"conditional","none","no","BNC"
"BNC-236","A1GXFMAC759VRM","mean",2,"conditional","none","no","BNC"
"BNC-237","A36SM7QM8OK3H6","mean",0,"conditional","none","no","BNC"
"BNC-237","A3L2UB07EZJAMD","mean",1,"conditional","none","no","BNC"
"BNC-237","A2EOOF9D135HQ1","mean",1,"conditional","none","no","BNC"
"BNC-237","A1MJVTR0PCKBWW","mean",3,"conditional","none","no","BNC"
"BNC-237","A150GMV1YQWWB3","mean",1,"conditional","none","no","BNC"
"BNC-237","A1GXFMAC759VRM","mean",0,"conditional","none","no","BNC"
"BNC-237","A33NK36A94Y75Y","mean",-2,"conditional","none","no","BNC"
"BNC-237","AZIY6IFOS4CVC","mean",3,"conditional","none","no","BNC"
"BNC-237","A25YG9M911WA3T","mean",0,"conditional","none","no","BNC"
"BNC-2375","AX06ZUCRNSGB3","know",3,"question","none","yes","BNC"
"BNC-2375","AOTF48KUV9KWM","know",3,"question","none","yes","BNC"
"BNC-2375","A1GXFMAC759VRM","know",3,"question","none","yes","BNC"
"BNC-2375","A3OXSIR9YH1FT6","know",3,"question","none","yes","BNC"
"BNC-2375","AR1IWBDA7MC86","know",3,"question","none","yes","BNC"
"BNC-2375","AFN5VMMGYPF1I","know",3,"question","none","yes","BNC"
"BNC-2375","A3E9A9O3CLMEW","know",3,"question","none","yes","BNC"
"BNC-2375","A36SM7QM8OK3H6","know",3,"question","none","yes","BNC"
"BNC-2378","AR1IWBDA7MC86","know",3,"question","none","yes","BNC"
"BNC-2378","A1A1A9UHNQCI9Y","know",3,"question","none","yes","BNC"
"BNC-2378","A1F9KLZGHE9DTA","know",3,"question","none","yes","BNC"
"BNC-2378","A36SM7QM8OK3H6","know",3,"question","none","yes","BNC"
"BNC-2378","A125KW9P18V5Z1","know",3,"question","none","yes","BNC"
"BNC-2378","A1GXFMAC759VRM","know",3,"question","none","yes","BNC"
"BNC-2378","A5EU1AQJNC7F2","know",2,"question","none","yes","BNC"
"BNC-2378","A1NM7ZPZ3NH412","know",3,"question","none","yes","BNC"
"BNC-2388","A1MJVTR0PCKBWW","know",0,"question","none","yes","BNC"
"BNC-2388","AZIY6IFOS4CVC","know",1,"question","none","yes","BNC"
"BNC-2388","A3L2UB07EZJAMD","know",3,"question","none","yes","BNC"
"BNC-2388","A33NK36A94Y75Y","know",2,"question","none","yes","BNC"
"BNC-2388","A36SM7QM8OK3H6","know",3,"question","none","yes","BNC"
"BNC-2388","A150GMV1YQWWB3","know",0,"question","none","yes","BNC"
"BNC-2388","A2EOOF9D135HQ1","know",0,"question","none","yes","BNC"
"BNC-2388","A25YG9M911WA3T","know",3,"question","none","yes","BNC"
"BNC-2388","A1GXFMAC759VRM","know",1,"question","none","yes","BNC"
"BNC-2394","A2541C8MY0BYV3","know",0,"question","none","yes","BNC"
"BNC-2394","A110KENBXU7SUJ","know",0,"question","none","yes","BNC"
"BNC-2394","AFN5VMMGYPF1I","know",0,"question","none","yes","BNC"
"BNC-2394","A3FPXLLF0B8CIC","know",0,"question","none","yes","BNC"
"BNC-2394","A1GXFMAC759VRM","know",0,"question","none","yes","BNC"
"BNC-2394","AC5UD8N187QD6","know",-2,"question","none","yes","BNC"
"BNC-2394","A36SM7QM8OK3H6","know",0,"question","none","yes","BNC"
"BNC-2394","A3GPTSDDHJ2DBV","know",0,"question","none","yes","BNC"
"BNC-2397","A3GPTSDDHJ2DBV","know",2,"question","none","yes","BNC"
"BNC-2397","A3GZYWA9S6J0K9","know",3,"question","none","yes","BNC"
"BNC-2397","A25YG9M911WA3T","know",3,"question","none","yes","BNC"
"BNC-2397","A36SM7QM8OK3H6","know",3,"question","none","yes","BNC"
"BNC-2397","A24LC97AU3QC7G","know",2,"question","none","yes","BNC"
"BNC-2397","A3VVR8NR3ED04C","know",3,"question","none","yes","BNC"
"BNC-2397","A28SYXQL3YOKVL","know",3,"question","none","yes","BNC"
"BNC-2397","A1GXFMAC759VRM","know",3,"question","none","yes","BNC"
"BNC-2397","A1945USNZHTROX","know",3,"question","none","yes","BNC"
"BNC-2414","A36SM7QM8OK3H6","learn",3,"question","none","yes","BNC"
"BNC-2414","AFN5VMMGYPF1I","learn",0,"question","none","yes","BNC"
"BNC-2414","A1F9KLZGHE9DTA","learn",3,"question","none","yes","BNC"
"BNC-2414","A1945USNZHTROX","learn",3,"question","none","yes","BNC"
"BNC-2414","A12R2U6TBB3OOG","learn",3,"question","none","yes","BNC"
"BNC-2414","A1GXFMAC759VRM","learn",3,"question","none","yes","BNC"
"BNC-2414","A2NA2OJT15COZY","learn",2,"question","none","yes","BNC"
"BNC-2414","A25YG9M911WA3T","learn",2,"question","none","yes","BNC"
"BNC-2414","A125KW9P18V5Z1","learn",2,"question","none","yes","BNC"
"BNC-2416","A125KW9P18V5Z1","learn",3,"question","none","yes","BNC"
"BNC-2416","A1GXFMAC759VRM","learn",3,"question","none","yes","BNC"
"BNC-2416","AFHRMJIHMGLDE","learn",3,"question","none","yes","BNC"
"BNC-2416","A2EOOF9D135HQ1","learn",3,"question","none","yes","BNC"
"BNC-2416","A36SM7QM8OK3H6","learn",3,"question","none","yes","BNC"
"BNC-2416","AKLV0WIZZ356X","learn",3,"question","none","yes","BNC"
"BNC-2416","A1MJVTR0PCKBWW","learn",2,"question","none","yes","BNC"
"BNC-2416","A24LC97AU3QC7G","learn",3,"question","none","yes","BNC"
"BNC-2427","A3RVYJNYREMTAH","mean",0,"question","none","no","BNC"
"BNC-2427","A1R6ZLM9V362F7","mean",0,"question","none","no","BNC"
"BNC-2427","A3CF8ULBSE8MTL","mean",3,"question","none","no","BNC"
"BNC-2427","A34VY22YEREOOI","mean",0,"question","none","no","BNC"
"BNC-2427","A1X94LTZZQMHTP","mean",1,"question","none","no","BNC"
"BNC-2427","A36SM7QM8OK3H6","mean",0,"question","none","no","BNC"
"BNC-2427","A35C12CR628WKD","mean",0,"question","none","no","BNC"
"BNC-2427","A3GPTSDDHJ2DBV","mean",0,"question","none","no","BNC"
"BNC-2428","A1X258MWJFEMTW","mean",-1,"question","none","no","BNC"
"BNC-2428","A17PAQSQ74L915","mean",3,"question","none","no","BNC"
"BNC-2428","A27MJOV91GA8R3","mean",2,"question","none","no","BNC"
"BNC-2428","A1MJVTR0PCKBWW","mean",0,"question","none","no","BNC"
"BNC-2428","A1GXFMAC759VRM","mean",3,"question","none","no","BNC"
"BNC-2428","A149ROBL26JWPJ","mean",2,"question","none","no","BNC"
"BNC-2428","A2WCXJZEXXR60A","mean",2,"question","none","no","BNC"
"BNC-2428","A1NM7ZPZ3NH412","mean",3,"question","none","no","BNC"
"BNC-2428","AZMOA8ONG0D2U","mean",0,"question","none","no","BNC"
"BNC-2429","A2541C8MY0BYV3","mean",0,"question","none","no","BNC"
"BNC-2429","A34VY22YEREOOI","mean",1,"question","none","no","BNC"
"BNC-2429","A3GPTSDDHJ2DBV","mean",0,"question","none","no","BNC"
"BNC-2429","A1GXFMAC759VRM","mean",0,"question","none","no","BNC"
"BNC-2429","A25YG9M911WA3T","mean",-1,"question","none","no","BNC"
"BNC-2429","A1MJVTR0PCKBWW","mean",1,"question","none","no","BNC"
"BNC-2429","A18SXC3JEN1O0U","mean",2,"question","none","no","BNC"
"BNC-2429","A36SM7QM8OK3H6","mean",0,"question","none","no","BNC"
"BNC-2429","A150GMV1YQWWB3","mean",0,"question","none","no","BNC"
"BNC-2430","A36SM7QM8OK3H6","mean",0,"question","none","no","BNC"
"BNC-2430","A240OTT1T85UGT","mean",0,"question","none","no","BNC"
"BNC-2430","A1MJVTR0PCKBWW","mean",0,"question","none","no","BNC"
"BNC-2430","A1NM7ZPZ3NH412","mean",0,"question","none","no","BNC"
"BNC-2430","A2OVX9UW5WANQE","mean",1,"question","none","no","BNC"
"BNC-2430","A1GXFMAC759VRM","mean",0,"question","none","no","BNC"
"BNC-2430","A2AMQX0BQZXG9N","mean",0,"question","none","no","BNC"
"BNC-2430","A27MJOV91GA8R3","mean",0,"question","none","no","BNC"
"BNC-2430","AZMOA8ONG0D2U","mean",0,"question","none","no","BNC"
"BNC-2436","A1MJVTR0PCKBWW","mean",3,"question","none","no","BNC"
"BNC-2436","A3QAHF4UUBM7ZO","mean",0,"question","none","no","BNC"
"BNC-2436","A150GMV1YQWWB3","mean",0,"question","none","no","BNC"
"BNC-2436","A1GXFMAC759VRM","mean",1,"question","none","no","BNC"
"BNC-2436","A1945USNZHTROX","mean",3,"question","none","no","BNC"
"BNC-2436","A2NT3OQZUUZPEO","mean",1,"question","none","no","BNC"
"BNC-2436","A75XDPFNICR3T","mean",0,"question","none","no","BNC"
"BNC-2436","A36SM7QM8OK3H6","mean",0,"question","none","no","BNC"
"BNC-2436","A240OTT1T85UGT","mean",0,"question","none","no","BNC"
"BNC-2438","A1GXFMAC759VRM","mean",0,"question","none","no","BNC"
"BNC-2438","A2OVX9UW5WANQE","mean",0,"question","none","no","BNC"
"BNC-2438","A240OTT1T85UGT","mean",0,"question","none","no","BNC"
"BNC-2438","A36SM7QM8OK3H6","mean",1,"question","none","no","BNC"
"BNC-2438","A5EU1AQJNC7F2","mean",0,"question","none","no","BNC"
"BNC-2438","A1MJVTR0PCKBWW","mean",0,"question","none","no","BNC"
"BNC-2438","A1PT63J40GNSZF","mean",1,"question","none","no","BNC"
"BNC-2438","A1NM7ZPZ3NH412","mean",0,"question","none","no","BNC"
"BNC-2438","A3SGZ8OQXW5TQD","mean",1,"question","none","no","BNC"
"BNC-2449","A1GXFMAC759VRM","notice",3,"question","none","yes","BNC"
"BNC-2449","A25YG9M911WA3T","notice",2,"question","none","yes","BNC"
"BNC-2449","A150GMV1YQWWB3","notice",2,"question","none","yes","BNC"
"BNC-2449","AFN5VMMGYPF1I","notice",1,"question","none","yes","BNC"
"BNC-2449","A36SM7QM8OK3H6","notice",1,"question","none","yes","BNC"
"BNC-2449","A1945USNZHTROX","notice",3,"question","none","yes","BNC"
"BNC-2449","AFWKRID53R1XA","notice",2,"question","none","yes","BNC"
"BNC-2449","A3LJ2FHESYV9QQ","notice",2,"question","none","yes","BNC"
"BNC-2452","A1DIGREVLNOXT3","pretend",3,"question","none","no","BNC"
"BNC-2452","A1NM7ZPZ3NH412","pretend",-2,"question","none","no","BNC"
"BNC-2452","A1GXFMAC759VRM","pretend",2,"question","none","no","BNC"
"BNC-2452","A3609GDWR2JCCA","pretend",-3,"question","none","no","BNC"
"BNC-2452","A3LJ2FHESYV9QQ","pretend",-3,"question","none","no","BNC"
"BNC-2452","A36SM7QM8OK3H6","pretend",-3,"question","none","no","BNC"
"BNC-2452","A1MJVTR0PCKBWW","pretend",0,"question","none","no","BNC"
"BNC-2452","A4J4GGMKJ68L0","pretend",3,"question","none","no","BNC"
"BNC-2453","A1945USNZHTROX","pretend",-3,"question","none","no","BNC"
"BNC-2453","A1GXFMAC759VRM","pretend",2,"question","none","no","BNC"
"BNC-2453","A1MJVTR0PCKBWW","pretend",-2,"question","none","no","BNC"
"BNC-2453","A2CF2BD4Q0ZDJN","pretend",-2,"question","none","no","BNC"
"BNC-2453","A25YG9M911WA3T","pretend",-2,"question","none","no","BNC"
"BNC-2453","ADKKDK6P4MS1Z","pretend",0,"question","none","no","BNC"
"BNC-2453","A1NM7ZPZ3NH412","pretend",-3,"question","none","no","BNC"
"BNC-2453","A36SM7QM8OK3H6","pretend",-3,"question","none","no","BNC"
"BNC-2459","A228YSXU6H27QT","realize",3,"question","none","yes","BNC"
"BNC-2459","A3UTFL5JHRQCM1","realize",-2,"question","none","yes","BNC"
"BNC-2459","A13PXTFOXDCKBF","realize",0,"question","none","yes","BNC"
"BNC-2459","A7KLTVEIASF4J","realize",0,"question","none","yes","BNC"
"BNC-2459","A36SM7QM8OK3H6","realize",2,"question","none","yes","BNC"
"BNC-2459","A1GXFMAC759VRM","realize",3,"question","none","yes","BNC"
"BNC-2459","A1MJVTR0PCKBWW","realize",0,"question","none","yes","BNC"
"BNC-2459","A5EU1AQJNC7F2","realize",-1,"question","none","yes","BNC"
"BNC-2460","A18GLXN59JTX9F","realize",3,"question","none","yes","BNC"
"BNC-2460","A1GXFMAC759VRM","realize",3,"question","none","yes","BNC"
"BNC-2460","A1MJVTR0PCKBWW","realize",3,"question","none","yes","BNC"
"BNC-2460","A37XJVQF62ZYC","realize",-3,"question","none","yes","BNC"
"BNC-2460","A1X94LTZZQMHTP","realize",2,"question","none","yes","BNC"
"BNC-2460","A2HHKBW8HQWI66","realize",3,"question","none","yes","BNC"
"BNC-2460","AVI7K876BV3QL","realize",2,"question","none","yes","BNC"
"BNC-2460","A5EU1AQJNC7F2","realize",3,"question","none","yes","BNC"
"BNC-2460","A2P065E9CYMYJL","realize",2,"question","none","yes","BNC"
"BNC-2462","A5EU1AQJNC7F2","realize",3,"question","none","yes","BNC"
"BNC-2462","A2GBV3YLSRW4SH","realize",3,"question","none","yes","BNC"
"BNC-2462","A3N7MZOSXM4JHR","realize",3,"question","none","yes","BNC"
"BNC-2462","A13NKDUD6JU094","realize",-1,"question","none","yes","BNC"
"BNC-2462","A1F9KLZGHE9DTA","realize",3,"question","none","yes","BNC"
"BNC-2462","A1MJVTR0PCKBWW","realize",2,"question","none","yes","BNC"
"BNC-2462","A1GXFMAC759VRM","realize",3,"question","none","yes","BNC"
"BNC-2462","A1U8RH67FLZW87","realize",3,"question","none","yes","BNC"
"BNC-2462","A3GZYWA9S6J0K9","realize",2,"question","none","yes","BNC"
"BNC-2463","A1GXFMAC759VRM","realize",3,"question","none","yes","BNC"
"BNC-2463","A1MJVTR0PCKBWW","realize",3,"question","none","yes","BNC"
"BNC-2463","A12R2U6TBB3OOG","realize",3,"question","none","yes","BNC"
"BNC-2463","A29JSP8G8VTRT4","realize",3,"question","none","yes","BNC"
"BNC-2463","A3D95WOVC1R775","realize",2,"question","none","yes","BNC"
"BNC-2463","A125KW9P18V5Z1","realize",3,"question","none","yes","BNC"
"BNC-2463","AV22FQTJNBUZT","realize",2,"question","none","yes","BNC"
"BNC-2463","A36SM7QM8OK3H6","realize",3,"question","none","yes","BNC"
"BNC-2464","A1GXFMAC759VRM","realize",3,"question","none","yes","BNC"
"BNC-2464","A1F9KLZGHE9DTA","realize",2,"question","none","yes","BNC"
"BNC-2464","AT5NKCNE7LOAZ","realize",2,"question","none","yes","BNC"
"BNC-2464","A1HKCTDOTL6C9I","realize",-1,"question","none","yes","BNC"
"BNC-2464","AVI7K876BV3QL","realize",2,"question","none","yes","BNC"
"BNC-2464","A24F1UPER626KR","realize",2,"question","none","yes","BNC"
"BNC-2464","A1TARNH07A75CG","realize",0,"question","none","yes","BNC"
"BNC-2464","A23KAJRDVCVGOE","realize",3,"question","none","yes","BNC"
"BNC-2468","A125KW9P18V5Z1","realize",2,"question","none","yes","BNC"
"BNC-2468","A1Y689M29Q274B","realize",3,"question","none","yes","BNC"
"BNC-2468","A1GXFMAC759VRM","realize",3,"question","none","yes","BNC"
"BNC-2468","A16SJ5D3DKUEXJ","realize",2,"question","none","yes","BNC"
"BNC-2468","A3RDH0U2H6JCBC","realize",2,"question","none","yes","BNC"
"BNC-2468","A36SM7QM8OK3H6","realize",3,"question","none","yes","BNC"
"BNC-2468","A1F9KLZGHE9DTA","realize",3,"question","none","yes","BNC"
"BNC-2468","A2P065E9CYMYJL","realize",1,"question","none","yes","BNC"
"BNC-249","A150GMV1YQWWB3","mean",1,"conditional","none","no","BNC"
"BNC-249","A1MJVTR0PCKBWW","mean",2,"conditional","none","no","BNC"
"BNC-249","A1GXFMAC759VRM","mean",1,"conditional","none","no","BNC"
"BNC-249","AR1IWBDA7MC86","mean",3,"conditional","none","no","BNC"
"BNC-249","A2W3I2GBGDB637","mean",0,"conditional","none","no","BNC"
"BNC-249","A25YG9M911WA3T","mean",1,"conditional","none","no","BNC"
"BNC-249","A36SM7QM8OK3H6","mean",0,"conditional","none","no","BNC"
"BNC-249","A3609GDWR2JCCA","mean",-3,"conditional","none","no","BNC"
"BNC-2490","A32QJF67JMJFKX","say",-1,"question","none","no","BNC"
"BNC-2490","A150GMV1YQWWB3","say",-2,"question","none","no","BNC"
"BNC-2490","A36SM7QM8OK3H6","say",-3,"question","none","no","BNC"
"BNC-2490","A1GZOEMTN2KYDA","say",-2,"question","none","no","BNC"
"BNC-2490","A5EU1AQJNC7F2","say",-2,"question","none","no","BNC"
"BNC-2490","AYH6G17Q8FY3B","say",-2,"question","none","no","BNC"
"BNC-2490","A1NM7ZPZ3NH412","say",-2,"question","none","no","BNC"
"BNC-2490","A3CZFTXS9EQSY3","say",-1,"question","none","no","BNC"
"BNC-2490","AC5UD8N187QD6","say",-2,"question","none","no","BNC"
"BNC-2491","A2JP9IKRHNLRPI","say",0,"question","none","no","BNC"
"BNC-2491","A1MJVTR0PCKBWW","say",-1,"question","none","no","BNC"
"BNC-2491","A18LPAFMK1B06K","say",-2,"question","none","no","BNC"
"BNC-2491","A2GAQZAZWV01PU","say",2,"question","none","no","BNC"
"BNC-2491","A2BA9Y6VGW6WS1","say",0,"question","none","no","BNC"
"BNC-2491","A1NM7ZPZ3NH412","say",2,"question","none","no","BNC"
"BNC-2491","A32QJF67JMJFKX","say",0,"question","none","no","BNC"
"BNC-2491","A4J4GGMKJ68L0","say",-3,"question","none","no","BNC"
"BNC-2497","A333BXH5ATXBHC","say",-3,"question","none","no","BNC"
"BNC-2497","A1QVNF19XSRSD7","say",-2,"question","none","no","BNC"
"BNC-2497","APITQRRX2PADB","say",-2,"question","none","no","BNC"
"BNC-2497","A39GADIK8RLMVC","say",-1,"question","none","no","BNC"
"BNC-2497","ASI2B6A3Y556Z","say",-2,"question","none","no","BNC"
"BNC-2497","AOVN1TVNI7HJ7","say",-3,"question","none","no","BNC"
"BNC-2497","A22ABLVEI5EGPL","say",-3,"question","none","no","BNC"
"BNC-2497","A1Y0Y6U906ABT5","say",-3,"question","none","no","BNC"
"BNC-2499","A2YCMT5BPA0AG9","say",0,"question","none","no","BNC"
"BNC-2499","A36SM7QM8OK3H6","say",3,"question","none","no","BNC"
"BNC-2499","A1FP3SH704X01V","say",0,"question","none","no","BNC"
"BNC-2499","A5EU1AQJNC7F2","say",0,"question","none","no","BNC"
"BNC-2499","A2YO837C0O1E91","say",0,"question","none","no","BNC"
"BNC-2499","A3D2U4QF7821ZW","say",0,"question","none","no","BNC"
"BNC-2499","A21KGSK2BDVWOA","say",-1,"question","none","no","BNC"
"BNC-2499","A3UEJQ4EJB9DBD","say",0,"question","none","no","BNC"
"BNC-2499","A2YGAEODJ5SSF6","say",0,"question","none","no","BNC"
"BNC-2499","A1NM7ZPZ3NH412","say",1,"question","none","no","BNC"
"BNC-2499","A1945USNZHTROX","say",2,"question","none","no","BNC"
"BNC-2504","A28FMRMS9TMEOZ","say",2,"question","none","no","BNC"
"BNC-2504","A17J1CE7N49Z9D","say",0,"question","none","no","BNC"
"BNC-2504","A1FP3SH704X01V","say",0,"question","none","no","BNC"
"BNC-2504","A5EU1AQJNC7F2","say",0,"question","none","no","BNC"
"BNC-2504","A36SM7QM8OK3H6","say",0,"question","none","no","BNC"
"BNC-2504","A1MGXQW1EEKE20","say",-3,"question","none","no","BNC"
"BNC-2504","AMPMTF5IAAMK8","say",0,"question","none","no","BNC"
"BNC-2504","A1L3937MY09J3I","say",0,"question","none","no","BNC"
"BNC-2504","A32QJF67JMJFKX","say",0,"question","none","no","BNC"
"BNC-2504","A1F9KLZGHE9DTA","say",1,"question","none","no","BNC"
"BNC-251","A25YG9M911WA3T","mean",1,"conditional","none","no","BNC"
"BNC-251","A1945USNZHTROX","mean",3,"conditional","none","no","BNC"
"BNC-251","A1GXFMAC759VRM","mean",3,"conditional","none","no","BNC"
"BNC-251","A36SM7QM8OK3H6","mean",0,"conditional","none","no","BNC"
"BNC-251","A2541C8MY0BYV3","mean",2,"conditional","none","no","BNC"
"BNC-251","A150GMV1YQWWB3","mean",1,"conditional","none","no","BNC"
"BNC-251","A3GPTSDDHJ2DBV","mean",-1,"conditional","none","no","BNC"
"BNC-251","A3U761PEG7MFKT","mean",2,"conditional","none","no","BNC"
"BNC-2523","A150GMV1YQWWB3","say",0,"question","none","no","BNC"
"BNC-2523","A36SM7QM8OK3H6","say",0,"question","none","no","BNC"
"BNC-2523","AD8JNBDMO3NED","say",0,"question","none","no","BNC"
"BNC-2523","A1GXFMAC759VRM","say",-1,"question","none","no","BNC"
"BNC-2523","A1945USNZHTROX","say",0,"question","none","no","BNC"
"BNC-2523","A25YG9M911WA3T","say",-1,"question","none","no","BNC"
"BNC-2523","ASI2B6A3Y556Z","say",0,"question","none","no","BNC"
"BNC-2523","A1MJHGH55K3O0","say",0,"question","none","no","BNC"
"BNC-2523","A3M26P1CBNLA4U","say",0,"question","none","no","BNC"
"BNC-2527","A28FMRMS9TMEOZ","say",0,"question","none","no","BNC"
"BNC-2527","A3AFC26CB0AXMI","say",-1,"question","none","no","BNC"
"BNC-2527","A17ELSQUMU0QT6","say",0,"question","none","no","BNC"
"BNC-2527","ATADQXPHL10Y8","say",-3,"question","none","no","BNC"
"BNC-2527","A4J4GGMKJ68L0","say",3,"question","none","no","BNC"
"BNC-2527","A32QJF67JMJFKX","say",0,"question","none","no","BNC"
"BNC-2527","A37S96RT1P1IT2","say",-3,"question","none","no","BNC"
"BNC-2527","A36SM7QM8OK3H6","say",-2,"question","none","no","BNC"
"BNC-2527","AYKZ9H4BNW810","say",-3,"question","none","no","BNC"
"BNC-2527","A39Q4SNT7SRK94","say",0,"question","none","no","BNC"
"BNC-2527","A5EU1AQJNC7F2","say",-2,"question","none","no","BNC"
"BNC-2528","A32QJF67JMJFKX","say",2,"question","none","no","BNC"
"BNC-2528","A110KENBXU7SUJ","say",2,"question","none","no","BNC"
"BNC-2528","AMPMTF5IAAMK8","say",2,"question","none","no","BNC"
"BNC-2528","A2JP9IKRHNLRPI","say",3,"question","none","no","BNC"
"BNC-2528","A3JFUVCSJ8MRVE","say",2,"question","none","no","BNC"
"BNC-2528","AOTF48KUV9KWM","say",0,"question","none","no","BNC"
"BNC-2528","A36SM7QM8OK3H6","say",2,"question","none","no","BNC"
"BNC-2528","A4J4GGMKJ68L0","say",3,"question","none","no","BNC"
"BNC-2528","A5EU1AQJNC7F2","say",3,"question","none","no","BNC"
"BNC-2533","A110KENBXU7SUJ","say",-1,"question","none","no","BNC"
"BNC-2533","A2S4YDJ9UGAXFQ","say",0,"question","none","no","BNC"
"BNC-2533","AUAN582MLI96N","say",0,"question","none","no","BNC"
"BNC-2533","A18LPAFMK1B06K","say",1,"question","none","no","BNC"
"BNC-2533","A30MP4LXV4MIFD","say",-2,"question","none","no","BNC"
"BNC-2533","A1F9KLZGHE9DTA","say",-1,"question","none","no","BNC"
"BNC-2533","A32QJF67JMJFKX","say",0,"question","none","no","BNC"
"BNC-2533","AA4KKLIU4C3NY","say",-3,"question","none","no","BNC"
"BNC-2533","A13PXTFOXDCKBF","say",-3,"question","none","no","BNC"
"BNC-2533","A1MJVTR0PCKBWW","say",0,"question","none","no","BNC"
"BNC-2533","A4J4GGMKJ68L0","say",0,"question","none","no","BNC"
"BNC-2533","A36SM7QM8OK3H6","say",0,"question","none","no","BNC"
"BNC-2533","A1QA5EWFMNKGTA","say",0,"question","none","no","BNC"
"BNC-2560","A2EOOF9D135HQ1","say",-3,"question","none","no","BNC"
"BNC-2560","AKLV0WIZZ356X","say",0,"question","none","no","BNC"
"BNC-2560","A1MJHGH55K3O0","say",0,"question","none","no","BNC"
"BNC-2560","A36SM7QM8OK3H6","say",-3,"question","none","no","BNC"
"BNC-2560","A5EU1AQJNC7F2","say",0,"question","none","no","BNC"
"BNC-2560","A1EH9BPKYXFBS5","say",-3,"question","none","no","BNC"
"BNC-2560","AZZDXA6TV6737","say",-2,"question","none","no","BNC"
"BNC-2560","A32QJF67JMJFKX","say",-2,"question","none","no","BNC"
"BNC-2560","A10O5YR01H865K","say",0,"question","none","no","BNC"
"BNC-2560","A1SIUJEL2LS8UO","say",1,"question","none","no","BNC"
"BNC-2566","A32QJF67JMJFKX","say",-1,"question","none","no","BNC"
"BNC-2566","A5EU1AQJNC7F2","say",2,"question","none","no","BNC"
"BNC-2566","A17ELSQUMU0QT6","say",3,"question","none","no","BNC"
"BNC-2566","A36SM7QM8OK3H6","say",-2,"question","none","no","BNC"
"BNC-2566","A1GXFMAC759VRM","say",-1,"question","none","no","BNC"
"BNC-2566","A1VQQETLYHKR8D","say",-2,"question","none","no","BNC"
"BNC-2566","A2AJIRNA6L4IJI","say",0,"question","none","no","BNC"
"BNC-2566","A25YG9M911WA3T","say",2,"question","none","no","BNC"
"BNC-2566","ASI2B6A3Y556Z","say",-3,"question","none","no","BNC"
"BNC-2566","A11UQWFUDNIHIL","say",-1,"question","none","no","BNC"
"BNC-2580","A1DIGREVLNOXT3","say",0,"question","none","no","BNC"
"BNC-2580","A3843S9LWPDN2K","say",0,"question","none","no","BNC"
"BNC-2580","A2BA9Y6VGW6WS1","say",0,"question","none","no","BNC"
"BNC-2580","A36SM7QM8OK3H6","say",0,"question","none","no","BNC"
"BNC-2580","A2RRC5B4M80XXO","say",0,"question","none","no","BNC"
"BNC-2580","A2CF2BD4Q0ZDJN","say",0,"question","none","no","BNC"
"BNC-2580","A1MJVTR0PCKBWW","say",0,"question","none","no","BNC"
"BNC-2580","A1GXFMAC759VRM","say",0,"question","none","no","BNC"
"BNC-2584","AKLV0WIZZ356X","see",2,"question","none","yes","BNC"
"BNC-2584","A2BA9Y6VGW6WS1","see",2,"question","none","yes","BNC"
"BNC-2584","A2NA2OJT15COZY","see",1,"question","none","yes","BNC"
"BNC-2584","A16SAB417Y96G4","see",-1,"question","none","yes","BNC"
"BNC-2584","A1DIGREVLNOXT3","see",1,"question","none","yes","BNC"
"BNC-2584","A2M45YGLOWMO4N","see",0,"question","none","yes","BNC"
"BNC-2584","AFN5VMMGYPF1I","see",0,"question","none","yes","BNC"
"BNC-2584","A36SM7QM8OK3H6","see",2,"question","none","yes","BNC"
"BNC-2584","A3VVR8NR3ED04C","see",0,"question","none","yes","BNC"
"BNC-2604","A1945USNZHTROX","suppose",-3,"question","none","no","BNC"
"BNC-2604","AFN5VMMGYPF1I","suppose",0,"question","none","no","BNC"
"BNC-2604","A55CXM7QR7R0N","suppose",0,"question","none","no","BNC"
"BNC-2604","A25YG9M911WA3T","suppose",-2,"question","none","no","BNC"
"BNC-2604","A2541C8MY0BYV3","suppose",-2,"question","none","no","BNC"
"BNC-2604","A3GPTSDDHJ2DBV","suppose",-3,"question","none","no","BNC"
"BNC-2604","A36SM7QM8OK3H6","suppose",0,"question","none","no","BNC"
"BNC-2604","A4J4GGMKJ68L0","suppose",-3,"question","none","no","BNC"
"BNC-2604","A1GXFMAC759VRM","suppose",-1,"question","none","no","BNC"
"BNC-2615","A1GXFMAC759VRM","tell",1,"question","none","no","BNC"
"BNC-2615","A36SM7QM8OK3H6","tell",0,"question","none","no","BNC"
"BNC-2615","ADKKDK6P4MS1Z","tell",0,"question","none","no","BNC"
"BNC-2615","A2CF2BD4Q0ZDJN","tell",0,"question","none","no","BNC"
"BNC-2615","A1MJVTR0PCKBWW","tell",0,"question","none","no","BNC"
"BNC-2615","A1NM7ZPZ3NH412","tell",0,"question","none","no","BNC"
"BNC-2615","A1945USNZHTROX","tell",3,"question","none","no","BNC"
"BNC-2615","A25YG9M911WA3T","tell",1,"question","none","no","BNC"
"BNC-2616","A1GXFMAC759VRM","tell",3,"question","none","no","BNC"
"BNC-2616","A4J4GGMKJ68L0","tell",0,"question","none","no","BNC"
"BNC-2616","A3609GDWR2JCCA","tell",-1,"question","none","no","BNC"
"BNC-2616","A3LJ2FHESYV9QQ","tell",0,"question","none","no","BNC"
"BNC-2616","A1MJVTR0PCKBWW","tell",0,"question","none","no","BNC"
"BNC-2616","A36SM7QM8OK3H6","tell",2,"question","none","no","BNC"
"BNC-2616","A1DIGREVLNOXT3","tell",2,"question","none","no","BNC"
"BNC-2616","A1NM7ZPZ3NH412","tell",2,"question","none","no","BNC"
"BNC-263","A25YG9M911WA3T","notice",2,"conditional","none","yes","BNC"
"BNC-263","AFN5VMMGYPF1I","notice",1,"conditional","none","yes","BNC"
"BNC-263","A36SM7QM8OK3H6","notice",1,"conditional","none","yes","BNC"
"BNC-263","A1945USNZHTROX","notice",3,"conditional","none","yes","BNC"
"BNC-263","A1GXFMAC759VRM","notice",3,"conditional","none","yes","BNC"
"BNC-263","A150GMV1YQWWB3","notice",2,"conditional","none","yes","BNC"
"BNC-263","A3RVYJNYREMTAH","notice",3,"conditional","none","yes","BNC"
"BNC-263","ANQ0RLFEZ17W0","notice",3,"conditional","none","yes","BNC"
"BNC-2630","A1MJVTR0PCKBWW","tell",3,"question","none","no","BNC"
"BNC-2630","A2WC2NO555XU3J","tell",3,"question","none","no","BNC"
"BNC-2630","A150GMV1YQWWB3","tell",3,"question","none","no","BNC"
"BNC-2630","A1NM7ZPZ3NH412","tell",3,"question","none","no","BNC"
"BNC-2630","A1GXFMAC759VRM","tell",3,"question","none","no","BNC"
"BNC-2630","A36SM7QM8OK3H6","tell",3,"question","none","no","BNC"
"BNC-2630","A3UEJQ4EJB9DBD","tell",3,"question","none","no","BNC"
"BNC-2630","A25YG9M911WA3T","tell",3,"question","none","no","BNC"
"BNC-2630","A2AMQX0BQZXG9N","tell",3,"question","none","no","BNC"
"BNC-2658","A1MJVTR0PCKBWW","think",-2,"question","none","no","BNC"
"BNC-2658","A13PXTFOXDCKBF","think",-3,"question","none","no","BNC"
"BNC-2658","A36SM7QM8OK3H6","think",0,"question","none","no","BNC"
"BNC-2658","A3UTFL5JHRQCM1","think",-1,"question","none","no","BNC"
"BNC-2658","A5EU1AQJNC7F2","think",-1,"question","none","no","BNC"
"BNC-2658","A1GXFMAC759VRM","think",-3,"question","none","no","BNC"
"BNC-2658","A228YSXU6H27QT","think",-2,"question","none","no","BNC"
"BNC-2658","A7KLTVEIASF4J","think",-2,"question","none","no","BNC"
"BNC-2661","A1Y689M29Q274B","think",-3,"question","none","no","BNC"
"BNC-2661","A2P065E9CYMYJL","think",-1,"question","none","no","BNC"
"BNC-2661","A16SJ5D3DKUEXJ","think",-3,"question","none","no","BNC"
"BNC-2661","A1GXFMAC759VRM","think",-2,"question","none","no","BNC"
"BNC-2661","A36SM7QM8OK3H6","think",-3,"question","none","no","BNC"
"BNC-2661","A125KW9P18V5Z1","think",-2,"question","none","no","BNC"
"BNC-2661","A3RDH0U2H6JCBC","think",-2,"question","none","no","BNC"
"BNC-2661","A1F9KLZGHE9DTA","think",-2,"question","none","no","BNC"
"BNC-2664","A1MJVTR0PCKBWW","think",1,"question","none","no","BNC"
"BNC-2664","A2AMQX0BQZXG9N","think",-3,"question","none","no","BNC"
"BNC-2664","A1DIGREVLNOXT3","think",-3,"question","none","no","BNC"
"BNC-2664","A5EU1AQJNC7F2","think",0,"question","none","no","BNC"
"BNC-2664","A1HWTTN3JEUNZY","think",0,"question","none","no","BNC"
"BNC-2664","A1GXFMAC759VRM","think",0,"question","none","no","BNC"
"BNC-2664","A36SM7QM8OK3H6","think",-2,"question","none","no","BNC"
"BNC-2664","A18T67NDI2JK5Y","think",0,"question","none","no","BNC"
"BNC-2664","A2RBF3IIJP15IH","think",1,"question","none","no","BNC"
"BNC-2670","A1GXFMAC759VRM","think",2,"question","none","no","BNC"
"BNC-2670","A29JSP8G8VTRT4","think",-3,"question","none","no","BNC"
"BNC-2670","A36SM7QM8OK3H6","think",-1,"question","none","no","BNC"
"BNC-2670","A1MJVTR0PCKBWW","think",1,"question","none","no","BNC"
"BNC-2670","A3D95WOVC1R775","think",-1,"question","none","no","BNC"
"BNC-2670","AV22FQTJNBUZT","think",1,"question","none","no","BNC"
"BNC-2670","A125KW9P18V5Z1","think",-2,"question","none","no","BNC"
"BNC-2670","A12R2U6TBB3OOG","think",-1,"question","none","no","BNC"
"BNC-2677","A36SM7QM8OK3H6","think",-3,"question","none","no","BNC"
"BNC-2677","A1GXFMAC759VRM","think",-2,"question","none","no","BNC"
"BNC-2677","A2RBF3IIJP15IH","think",-2,"question","none","no","BNC"
"BNC-2677","A1MJVTR0PCKBWW","think",0,"question","none","no","BNC"
"BNC-2677","A1F9KLZGHE9DTA","think",-3,"question","none","no","BNC"
"BNC-2677","A1SWTHM03SN731","think",-3,"question","none","no","BNC"
"BNC-2677","A5EU1AQJNC7F2","think",0,"question","none","no","BNC"
"BNC-2677","A24LC97AU3QC7G","think",-3,"question","none","no","BNC"
"BNC-2678","A13NKDUD6JU094","think",-1,"question","none","no","BNC"
"BNC-2678","A1GXFMAC759VRM","think",0,"question","none","no","BNC"
"BNC-2678","A1F9KLZGHE9DTA","think",0,"question","none","no","BNC"
"BNC-2678","A2GBV3YLSRW4SH","think",-3,"question","none","no","BNC"
"BNC-2678","A3N7MZOSXM4JHR","think",-1,"question","none","no","BNC"
"BNC-2678","A5EU1AQJNC7F2","think",0,"question","none","no","BNC"
"BNC-2678","A1U8RH67FLZW87","think",0,"question","none","no","BNC"
"BNC-2678","A3GZYWA9S6J0K9","think",0,"question","none","no","BNC"
"BNC-2678","A1MJVTR0PCKBWW","think",0,"question","none","no","BNC"
"BNC-293","A1F9KLZGHE9DTA","remember",-1,"conditional","none","yes","BNC"
"BNC-293","A1GXFMAC759VRM","remember",3,"conditional","none","yes","BNC"
"BNC-293","A1NM7ZPZ3NH412","remember",2,"conditional","none","yes","BNC"
"BNC-293","A5EU1AQJNC7F2","remember",0,"conditional","none","yes","BNC"
"BNC-293","A125KW9P18V5Z1","remember",0,"conditional","none","yes","BNC"
"BNC-293","A36SM7QM8OK3H6","remember",2,"conditional","none","yes","BNC"
"BNC-293","AR1IWBDA7MC86","remember",3,"conditional","none","yes","BNC"
"BNC-293","A1A1A9UHNQCI9Y","remember",3,"conditional","none","yes","BNC"
"BNC-297","A5EU1AQJNC7F2","say",0,"conditional","none","no","BNC"
"BNC-297","A36SM7QM8OK3H6","say",3,"conditional","none","no","BNC"
"BNC-297","A25YG9M911WA3T","say",2,"conditional","none","no","BNC"
"BNC-297","A12R2U6TBB3OOG","say",3,"conditional","none","no","BNC"
"BNC-297","A2541C8MY0BYV3","say",2,"conditional","none","no","BNC"
"BNC-297","A150GMV1YQWWB3","say",1,"conditional","none","no","BNC"
"BNC-297","A1945USNZHTROX","say",3,"conditional","none","no","BNC"
"BNC-297","A1MJVTR0PCKBWW","say",3,"conditional","none","no","BNC"
"BNC-299","A25YG9M911WA3T","say",3,"conditional","none","no","BNC"
"BNC-299","A1945USNZHTROX","say",3,"conditional","none","no","BNC"
"BNC-299","A150GMV1YQWWB3","say",2,"conditional","none","no","BNC"
"BNC-299","AFN5VMMGYPF1I","say",2,"conditional","none","no","BNC"
"BNC-299","A1F3P6N7BO9HBN","say",3,"conditional","none","no","BNC"
"BNC-299","A2BA9Y6VGW6WS1","say",3,"conditional","none","no","BNC"
"BNC-299","A2W8ZV9DQWVHJK","say",3,"conditional","none","no","BNC"
"BNC-299","A3LJ2FHESYV9QQ","say",2,"conditional","none","no","BNC"
"BNC-299","A36SM7QM8OK3H6","say",3,"conditional","none","no","BNC"
"BNC-300","A2KVYRNL2CK95F","say",1,"conditional","none","no","BNC"
"BNC-300","A36SM7QM8OK3H6","say",0,"conditional","none","no","BNC"
"BNC-300","A1945USNZHTROX","say",-3,"conditional","none","no","BNC"
"BNC-300","A25YG9M911WA3T","say",2,"conditional","none","no","BNC"
"BNC-300","A1TARNH07A75CG","say",3,"conditional","none","no","BNC"
"BNC-300","A2SENAPNSXG9L","say",2,"conditional","none","no","BNC"
"BNC-300","AFN5VMMGYPF1I","say",3,"conditional","none","no","BNC"
"BNC-300","A217W59SA6LZSR","say",1,"conditional","none","no","BNC"
"BNC-300","A3609GDWR2JCCA","say",0,"conditional","none","no","BNC"
"BNC-304","A2541C8MY0BYV3","say",1,"conditional","none","no","BNC"
"BNC-304","A1GXFMAC759VRM","say",-2,"conditional","none","no","BNC"
"BNC-304","A25YG9M911WA3T","say",1,"conditional","none","no","BNC"
"BNC-304","A36SM7QM8OK3H6","say",1,"conditional","none","no","BNC"
"BNC-304","A1945USNZHTROX","say",3,"conditional","none","no","BNC"
"BNC-304","A2NA2OJT15COZY","say",-3,"conditional","none","no","BNC"
"BNC-304","A150GMV1YQWWB3","say",1,"conditional","none","no","BNC"
"BNC-304","AFN5VMMGYPF1I","say",3,"conditional","none","no","BNC"
"BNC-325","AK3H5QRAROFGP","say",-3,"conditional","none","no","BNC"
"BNC-325","ABL3H3O3BI8ZD","say",-1,"conditional","none","no","BNC"
"BNC-325","A18LPAFMK1B06K","say",2,"conditional","none","no","BNC"
"BNC-325","A32QJF67JMJFKX","say",-3,"conditional","none","no","BNC"
"BNC-325","A4J4GGMKJ68L0","say",-3,"conditional","none","no","BNC"
"BNC-325","A1MJVTR0PCKBWW","say",-3,"conditional","none","no","BNC"
"BNC-325","A1AO1LLP3INAZF","say",-3,"conditional","none","no","BNC"
"BNC-325","A36SM7QM8OK3H6","say",-3,"conditional","none","no","BNC"
"BNC-325","A3PJ51GS2AKBO6","say",-2,"conditional","none","no","BNC"
"BNC-325","A2WQT33K6LD9Z5","say",-3,"conditional","none","no","BNC"
"BNC-325","A2JP9IKRHNLRPI","say",-3,"conditional","none","no","BNC"
"BNC-325","A25YG9M911WA3T","say",-3,"conditional","none","no","BNC"
"BNC-326","A2BA9Y6VGW6WS1","say",2,"conditional","none","no","BNC"
"BNC-326","A150GMV1YQWWB3","say",0,"conditional","none","no","BNC"
"BNC-326","AFN5VMMGYPF1I","say",3,"conditional","none","no","BNC"
"BNC-326","A1GXFMAC759VRM","say",1,"conditional","none","no","BNC"
"BNC-326","A3LJ2FHESYV9QQ","say",-2,"conditional","none","no","BNC"
"BNC-326","A1945USNZHTROX","say",3,"conditional","none","no","BNC"
"BNC-326","A36SM7QM8OK3H6","say",1,"conditional","none","no","BNC"
"BNC-326","A25YG9M911WA3T","say",2,"conditional","none","no","BNC"
"BNC-328","A1FP3SH704X01V","say",3,"conditional","none","no","BNC"
"BNC-328","A2YO837C0O1E91","say",0,"conditional","none","no","BNC"
"BNC-328","A1NM7ZPZ3NH412","say",0,"conditional","none","no","BNC"
"BNC-328","A3UEJQ4EJB9DBD","say",0,"conditional","none","no","BNC"
"BNC-328","A5EU1AQJNC7F2","say",0,"conditional","none","no","BNC"
"BNC-328","A36SM7QM8OK3H6","say",3,"conditional","none","no","BNC"
"BNC-328","A21KGSK2BDVWOA","say",3,"conditional","none","no","BNC"
"BNC-328","A1945USNZHTROX","say",3,"conditional","none","no","BNC"
"BNC-328","A2YGAEODJ5SSF6","say",2,"conditional","none","no","BNC"
"BNC-328","A3D2U4QF7821ZW","say",3,"conditional","none","no","BNC"
"BNC-328","A2YCMT5BPA0AG9","say",3,"conditional","none","no","BNC"
"BNC-335","AMPMTF5IAAMK8","say",-3,"conditional","none","no","BNC"
"BNC-335","A1F9KLZGHE9DTA","say",3,"conditional","none","no","BNC"
"BNC-335","A36SM7QM8OK3H6","say",3,"conditional","none","no","BNC"
"BNC-335","A1L3937MY09J3I","say",3,"conditional","none","no","BNC"
"BNC-335","A1FP3SH704X01V","say",-3,"conditional","none","no","BNC"
"BNC-335","A2YGAEODJ5SSF6","say",-3,"conditional","none","no","BNC"
"BNC-335","A32QJF67JMJFKX","say",2,"conditional","none","no","BNC"
"BNC-335","A5EU1AQJNC7F2","say",0,"conditional","none","no","BNC"
"BNC-342","A36SM7QM8OK3H6","say",-3,"conditional","none","no","BNC"
"BNC-342","A23KAJRDVCVGOE","say",1,"conditional","none","no","BNC"
"BNC-342","A32QJF67JMJFKX","say",-3,"conditional","none","no","BNC"
"BNC-342","A36TE52PSYAAD6","say",-3,"conditional","none","no","BNC"
"BNC-342","A5EU1AQJNC7F2","say",0,"conditional","none","no","BNC"
"BNC-342","A1FP3SH704X01V","say",-3,"conditional","none","no","BNC"
"BNC-342","A17J1CE7N49Z9D","say",2,"conditional","none","no","BNC"
"BNC-342","A28FMRMS9TMEOZ","say",2,"conditional","none","no","BNC"
"BNC-342","A3843S9LWPDN2K","say",-3,"conditional","none","no","BNC"
"BNC-342","A1AA0WXXEHPM3V","say",-3,"conditional","none","no","BNC"
"BNC-342","A1MGXQW1EEKE20","say",3,"conditional","none","no","BNC"
"BNC-350","A36SM7QM8OK3H6","say",2,"conditional","none","no","BNC"
"BNC-350","A28FMRMS9TMEOZ","say",1,"conditional","none","no","BNC"
"BNC-350","A4J4GGMKJ68L0","say",3,"conditional","none","no","BNC"
"BNC-350","ATADQXPHL10Y8","say",3,"conditional","none","no","BNC"
"BNC-350","AYKZ9H4BNW810","say",2,"conditional","none","no","BNC"
"BNC-350","A3AFC26CB0AXMI","say",3,"conditional","none","no","BNC"
"BNC-350","A5EU1AQJNC7F2","say",1,"conditional","none","no","BNC"
"BNC-350","A37S96RT1P1IT2","say",1,"conditional","none","no","BNC"
"BNC-350","A32QJF67JMJFKX","say",-2,"conditional","none","no","BNC"
"BNC-350","A39Q4SNT7SRK94","say",-3,"conditional","none","no","BNC"
"BNC-350","A17ELSQUMU0QT6","say",0,"conditional","none","no","BNC"
"BNC-356","A2BA9Y6VGW6WS1","say",3,"conditional","none","no","BNC"
"BNC-356","A25YG9M911WA3T","say",3,"conditional","none","no","BNC"
"BNC-356","A150GMV1YQWWB3","say",3,"conditional","none","no","BNC"
"BNC-356","A10BH9PYCYUKDJ","say",2,"conditional","none","no","BNC"
"BNC-356","A3LJ2FHESYV9QQ","say",3,"conditional","none","no","BNC"
"BNC-356","A1945USNZHTROX","say",3,"conditional","none","no","BNC"
"BNC-356","A3609GDWR2JCCA","say",3,"conditional","none","no","BNC"
"BNC-356","A36SM7QM8OK3H6","say",3,"conditional","none","no","BNC"
"BNC-356","A1GXFMAC759VRM","say",3,"conditional","none","no","BNC"
"BNC-36","AC5UD8N187QD6","believe",-1,"conditional","none","no","BNC"
"BNC-36","A1945USNZHTROX","believe",0,"conditional","none","no","BNC"
"BNC-36","A25YG9M911WA3T","believe",-3,"conditional","none","no","BNC"
"BNC-36","A1GXFMAC759VRM","believe",0,"conditional","none","no","BNC"
"BNC-36","A3VVR8NR3ED04C","believe",2,"conditional","none","no","BNC"
"BNC-36","A36SM7QM8OK3H6","believe",-3,"conditional","none","no","BNC"
"BNC-36","A1NM7ZPZ3NH412","believe",-1,"conditional","none","no","BNC"
"BNC-36","A1FHH3XEFEQYV7","believe",-3,"conditional","none","no","BNC"
"BNC-36","AEO84PDSWW0W","believe",0,"conditional","none","no","BNC"
"BNC-363","A110KENBXU7SUJ","say",1,"conditional","none","no","BNC"
"BNC-363","A4J4GGMKJ68L0","say",3,"conditional","none","no","BNC"
"BNC-363","A2S4YDJ9UGAXFQ","say",3,"conditional","none","no","BNC"
"BNC-363","A32QJF67JMJFKX","say",3,"conditional","none","no","BNC"
"BNC-363","A36SM7QM8OK3H6","say",3,"conditional","none","no","BNC"
"BNC-363","A2JP9IKRHNLRPI","say",3,"conditional","none","no","BNC"
"BNC-363","AUAN582MLI96N","say",3,"conditional","none","no","BNC"
"BNC-363","A1F9KLZGHE9DTA","say",3,"conditional","none","no","BNC"
"BNC-363","AA4KKLIU4C3NY","say",3,"conditional","none","no","BNC"
"BNC-363","AMPMTF5IAAMK8","say",3,"conditional","none","no","BNC"
"BNC-365","A1QA5EWFMNKGTA","say",-2,"conditional","none","no","BNC"
"BNC-365","A13PXTFOXDCKBF","say",-3,"conditional","none","no","BNC"
"BNC-365","A5EU1AQJNC7F2","say",0,"conditional","none","no","BNC"
"BNC-365","AXJ1PE87PD0KK","say",0,"conditional","none","no","BNC"
"BNC-365","A18LPAFMK1B06K","say",-2,"conditional","none","no","BNC"
"BNC-365","A30MP4LXV4MIFD","say",-2,"conditional","none","no","BNC"
"BNC-365","A1MJVTR0PCKBWW","say",0,"conditional","none","no","BNC"
"BNC-365","A1F9KLZGHE9DTA","say",-2,"conditional","none","no","BNC"
"BNC-365","AFKHZQ5SW7CSL","say",1,"conditional","none","no","BNC"
"BNC-365","A32QJF67JMJFKX","say",-2,"conditional","none","no","BNC"
"BNC-365","A36SM7QM8OK3H6","say",-3,"conditional","none","no","BNC"
"BNC-370","A32QJF67JMJFKX","say",2,"conditional","none","no","BNC"
"BNC-370","A2EOOF9D135HQ1","say",3,"conditional","none","no","BNC"
"BNC-370","A5EU1AQJNC7F2","say",3,"conditional","none","no","BNC"
"BNC-370","A10O5YR01H865K","say",3,"conditional","none","no","BNC"
"BNC-370","A1MJHGH55K3O0","say",3,"conditional","none","no","BNC"
"BNC-370","AZZDXA6TV6737","say",0,"conditional","none","no","BNC"
"BNC-370","A36SM7QM8OK3H6","say",3,"conditional","none","no","BNC"
"BNC-370","A1EH9BPKYXFBS5","say",3,"conditional","none","no","BNC"
"BNC-370","AKLV0WIZZ356X","say",3,"conditional","none","no","BNC"
"BNC-370","A1SIUJEL2LS8UO","say",0,"conditional","none","no","BNC"
"BNC-371","A32QJF67JMJFKX","say",1,"conditional","none","no","BNC"
"BNC-371","A1VQQETLYHKR8D","say",1,"conditional","none","no","BNC"
"BNC-371","ASI2B6A3Y556Z","say",3,"conditional","none","no","BNC"
"BNC-371","A11TREGDHSUSJW","say",3,"conditional","none","no","BNC"
"BNC-371","A1GXFMAC759VRM","say",3,"conditional","none","no","BNC"
"BNC-371","A5EU1AQJNC7F2","say",1,"conditional","none","no","BNC"
"BNC-371","A1F9KLZGHE9DTA","say",3,"conditional","none","no","BNC"
"BNC-371","A36SM7QM8OK3H6","say",3,"conditional","none","no","BNC"
"BNC-373","AC5UD8N187QD6","say",3,"conditional","none","no","BNC"
"BNC-373","A7KLTVEIASF4J","say",-1,"conditional","none","no","BNC"
"BNC-373","A36SM7QM8OK3H6","say",2,"conditional","none","no","BNC"
"BNC-373","A25YG9M911WA3T","say",2,"conditional","none","no","BNC"
"BNC-373","A125KW9P18V5Z1","say",2,"conditional","none","no","BNC"
"BNC-373","A1GXFMAC759VRM","say",3,"conditional","none","no","BNC"
"BNC-373","A1945USNZHTROX","say",3,"conditional","none","no","BNC"
"BNC-373","AFN5VMMGYPF1I","say",-2,"conditional","none","no","BNC"
"BNC-374","A3VBAQB2WO36Q1","say",3,"conditional","none","no","BNC"
"BNC-374","A36SM7QM8OK3H6","say",3,"conditional","none","no","BNC"
"BNC-374","A1MJVTR0PCKBWW","say",3,"conditional","none","no","BNC"
"BNC-374","AFN5VMMGYPF1I","say",3,"conditional","none","no","BNC"
"BNC-374","A12R2U6TBB3OOG","say",3,"conditional","none","no","BNC"
"BNC-374","A1945USNZHTROX","say",3,"conditional","none","no","BNC"
"BNC-374","A150GMV1YQWWB3","say",2,"conditional","none","no","BNC"
"BNC-374","A1GXFMAC759VRM","say",3,"conditional","none","no","BNC"
"BNC-376","A1945USNZHTROX","say",3,"conditional","none","no","BNC"
"BNC-376","A2541C8MY0BYV3","say",1,"conditional","none","no","BNC"
"BNC-376","A36SM7QM8OK3H6","say",1,"conditional","none","no","BNC"
"BNC-376","A150GMV1YQWWB3","say",1,"conditional","none","no","BNC"
"BNC-376","A3LJ2FHESYV9QQ","say",0,"conditional","none","no","BNC"
"BNC-376","A3OXRDSUN9F10I","say",0,"conditional","none","no","BNC"
"BNC-376","A25YG9M911WA3T","say",1,"conditional","none","no","BNC"
"BNC-376","A1GXFMAC759VRM","say",-1,"conditional","none","no","BNC"
"BNC-376","A3RVYJNYREMTAH","say",3,"conditional","none","no","BNC"
"BNC-385","A25YG9M911WA3T","say",2,"conditional","none","no","BNC"
"BNC-385","AFN5VMMGYPF1I","say",2,"conditional","none","no","BNC"
"BNC-385","A36SM7QM8OK3H6","say",1,"conditional","none","no","BNC"
"BNC-385","A1MJVTR0PCKBWW","say",0,"conditional","none","no","BNC"
"BNC-385","A2NA2OJT15COZY","say",1,"conditional","none","no","BNC"
"BNC-385","AV22FQTJNBUZT","say",2,"conditional","none","no","BNC"
"BNC-385","A1GXFMAC759VRM","say",2,"conditional","none","no","BNC"
"BNC-385","A150GMV1YQWWB3","say",1,"conditional","none","no","BNC"
"BNC-385","A4J4GGMKJ68L0","say",3,"conditional","none","no","BNC"
"BNC-394","ASI2B6A3Y556Z","suggest",-2,"conditional","none","no","BNC"
"BNC-394","A1QVNF19XSRSD7","suggest",1,"conditional","none","no","BNC"
"BNC-394","A39GADIK8RLMVC","suggest",1,"conditional","none","no","BNC"
"BNC-394","APITQRRX2PADB","suggest",-2,"conditional","none","no","BNC"
"BNC-394","A333BXH5ATXBHC","suggest",0,"conditional","none","no","BNC"
"BNC-394","AOVN1TVNI7HJ7","suggest",-3,"conditional","none","no","BNC"
"BNC-394","A22ABLVEI5EGPL","suggest",-3,"conditional","none","no","BNC"
"BNC-394","A1Y0Y6U906ABT5","suggest",-2,"conditional","none","no","BNC"
"BNC-396","A1NM7ZPZ3NH412","suggest",0,"conditional","none","no","BNC"
"BNC-396","A25YG9M911WA3T","suggest",-2,"conditional","none","no","BNC"
"BNC-396","A2IGPW784OFV3D","suggest",3,"conditional","none","no","BNC"
"BNC-396","A1GXFMAC759VRM","suggest",-2,"conditional","none","no","BNC"
"BNC-396","A1945USNZHTROX","suggest",3,"conditional","none","no","BNC"
"BNC-396","A1MJHGH55K3O0","suggest",-3,"conditional","none","no","BNC"
"BNC-396","A150GMV1YQWWB3","suggest",-2,"conditional","none","no","BNC"
"BNC-396","A36SM7QM8OK3H6","suggest",-3,"conditional","none","no","BNC"
"BNC-397","A2CF2BD4Q0ZDJN","suggest",2,"conditional","none","no","BNC"
"BNC-397","A1DIGREVLNOXT3","suggest",-1,"conditional","none","no","BNC"
"BNC-397","A1MJVTR0PCKBWW","suggest",0,"conditional","none","no","BNC"
"BNC-397","A3843S9LWPDN2K","suggest",0,"conditional","none","no","BNC"
"BNC-397","A2BA9Y6VGW6WS1","suggest",-1,"conditional","none","no","BNC"
"BNC-397","A36SM7QM8OK3H6","suggest",-2,"conditional","none","no","BNC"
"BNC-397","A2RRC5B4M80XXO","suggest",2,"conditional","none","no","BNC"
"BNC-397","A1GXFMAC759VRM","suggest",-3,"conditional","none","no","BNC"
"BNC-398","A1MJHGH55K3O0","suggest",-3,"conditional","none","no","BNC"
"BNC-398","A1GXFMAC759VRM","suggest",-1,"conditional","none","no","BNC"
"BNC-398","AD8JNBDMO3NED","suggest",2,"conditional","none","no","BNC"
"BNC-398","A25YG9M911WA3T","suggest",-2,"conditional","none","no","BNC"
"BNC-398","ASI2B6A3Y556Z","suggest",-2,"conditional","none","no","BNC"
"BNC-398","A150GMV1YQWWB3","suggest",-1,"conditional","none","no","BNC"
"BNC-398","A36SM7QM8OK3H6","suggest",0,"conditional","none","no","BNC"
"BNC-398","A1945USNZHTROX","suggest",-3,"conditional","none","no","BNC"
"BNC-398","A3M26P1CBNLA4U","suggest",-3,"conditional","none","no","BNC"
"BNC-402","A16G6PPH1INQL8","suppose",-3,"conditional","none","no","BNC"
"BNC-402","A36SM7QM8OK3H6","suppose",-3,"conditional","none","no","BNC"
"BNC-402","A3DFJV1RD653DQ","suppose",1,"conditional","none","no","BNC"
"BNC-402","AC5UD8N187QD6","suppose",-2,"conditional","none","no","BNC"
"BNC-402","A1GXFMAC759VRM","suppose",-3,"conditional","none","no","BNC"
"BNC-402","A3TCFIPOBRZZB3","suppose",-3,"conditional","none","no","BNC"
"BNC-402","A1BWS5AD2T4NIR","suppose",-3,"conditional","none","no","BNC"
"BNC-402","A2NA2OJT15COZY","suppose",-3,"conditional","none","no","BNC"
"BNC-403","A1NM7ZPZ3NH412","suppose",-1,"conditional","none","no","BNC"
"BNC-403","A3OMUSG91MTI3H","suppose",-3,"conditional","none","no","BNC"
"BNC-403","A1945USNZHTROX","suppose",-3,"conditional","none","no","BNC"
"BNC-403","A25YG9M911WA3T","suppose",2,"conditional","none","no","BNC"
"BNC-403","A36SM7QM8OK3H6","suppose",-2,"conditional","none","no","BNC"
"BNC-403","A1GXFMAC759VRM","suppose",-2,"conditional","none","no","BNC"
"BNC-403","A34930YXVQ8SUT","suppose",-3,"conditional","none","no","BNC"
"BNC-403","A3RDH0U2H6JCBC","suppose",-2,"conditional","none","no","BNC"
"BNC-406","A1945USNZHTROX","suspect",3,"conditional","none","no","BNC"
"BNC-406","A25YG9M911WA3T","suspect",0,"conditional","none","no","BNC"
"BNC-406","A1GXFMAC759VRM","suspect",3,"conditional","none","no","BNC"
"BNC-406","ASI2B6A3Y556Z","suspect",2,"conditional","none","no","BNC"
"BNC-406","A3L2UB07EZJAMD","suspect",3,"conditional","none","no","BNC"
"BNC-406","AFN5VMMGYPF1I","suspect",0,"conditional","none","no","BNC"
"BNC-406","A36SM7QM8OK3H6","suspect",3,"conditional","none","no","BNC"
"BNC-406","A2A0DKZ4Y9I6OV","suspect",0,"conditional","none","no","BNC"
"BNC-407","A1945USNZHTROX","suspect",3,"conditional","none","no","BNC"
"BNC-407","AFN5VMMGYPF1I","suspect",3,"conditional","none","no","BNC"
"BNC-407","A150GMV1YQWWB3","suspect",0,"conditional","none","no","BNC"
"BNC-407","A3LJ2FHESYV9QQ","suspect",2,"conditional","none","no","BNC"
"BNC-407","A36SM7QM8OK3H6","suspect",1,"conditional","none","no","BNC"
"BNC-407","AFWKRID53R1XA","suspect",3,"conditional","none","no","BNC"
"BNC-407","A25YG9M911WA3T","suspect",1,"conditional","none","no","BNC"
"BNC-407","A1GXFMAC759VRM","suspect",2,"conditional","none","no","BNC"
"BNC-412","A3LJ2FHESYV9QQ","suspect",-1,"conditional","none","no","BNC"
"BNC-412","A3TY2K1HBA19PO","suspect",-3,"conditional","none","no","BNC"
"BNC-412","A25YG9M911WA3T","suspect",-1,"conditional","none","no","BNC"
"BNC-412","A36SM7QM8OK3H6","suspect",1,"conditional","none","no","BNC"
"BNC-412","A2541C8MY0BYV3","suspect",-1,"conditional","none","no","BNC"
"BNC-412","A24LC97AU3QC7G","suspect",0,"conditional","none","no","BNC"
"BNC-412","A3609GDWR2JCCA","suspect",0,"conditional","none","no","BNC"
"BNC-412","A1945USNZHTROX","suspect",-3,"conditional","none","no","BNC"
"BNC-412","A35C12CR628WKD","suspect",2,"conditional","none","no","BNC"
"BNC-413","A25YG9M911WA3T","suspect",0,"conditional","none","no","BNC"
"BNC-413","A2OVX9UW5WANQE","suspect",3,"conditional","none","no","BNC"
"BNC-413","A36SM7QM8OK3H6","suspect",2,"conditional","none","no","BNC"
"BNC-413","A34930YXVQ8SUT","suspect",-3,"conditional","none","no","BNC"
"BNC-413","A1UWJTUVGAAF6D","suspect",1,"conditional","none","no","BNC"
"BNC-413","A150GMV1YQWWB3","suspect",0,"conditional","none","no","BNC"
"BNC-413","A1945USNZHTROX","suspect",3,"conditional","none","no","BNC"
"BNC-413","A1GXFMAC759VRM","suspect",-1,"conditional","none","no","BNC"
"BNC-415","A1MJVTR0PCKBWW","suspect",2,"conditional","none","no","BNC"
"BNC-415","AC5UD8N187QD6","suspect",3,"conditional","none","no","BNC"
"BNC-415","A3DFJV1RD653DQ","suspect",0,"conditional","none","no","BNC"
"BNC-415","A2CJYS92WX7HN6","suspect",1,"conditional","none","no","BNC"
"BNC-415","A32TGAK321JDFF","suspect",3,"conditional","none","no","BNC"
"BNC-415","A1IXH2QLUU5BKZ","suspect",3,"conditional","none","no","BNC"
"BNC-415","A36SM7QM8OK3H6","suspect",3,"conditional","none","no","BNC"
"BNC-415","A1GXFMAC759VRM","suspect",3,"conditional","none","no","BNC"
"BNC-415","A28AX4H70DPKKK","suspect",3,"conditional","none","no","BNC"
"BNC-418","A36SM7QM8OK3H6","tell",2,"conditional","none","no","BNC"
"BNC-418","A9YFIKDWDS4N4","tell",2,"conditional","none","no","BNC"
"BNC-418","AUAN582MLI96N","tell",-1,"conditional","none","no","BNC"
"BNC-418","A2541C8MY0BYV3","tell",1,"conditional","none","no","BNC"
"BNC-418","AY7WPVKHVNBLG","tell",-2,"conditional","none","no","BNC"
"BNC-418","A1GXFMAC759VRM","tell",1,"conditional","none","no","BNC"
"BNC-418","A3VVR8NR3ED04C","tell",2,"conditional","none","no","BNC"
"BNC-418","A25YG9M911WA3T","tell",0,"conditional","none","no","BNC"
"BNC-418","A2ET3KM3IE33MM","tell",-1,"conditional","none","no","BNC"
"BNC-420","A1RT9SQ9D9DLOV","tell",3,"conditional","none","no","BNC"
"BNC-420","A3VVR8NR3ED04C","tell",-2,"conditional","none","no","BNC"
"BNC-420","A4IH4CO046EV3","tell",2,"conditional","none","no","BNC"
"BNC-420","A1MJVTR0PCKBWW","tell",3,"conditional","none","no","BNC"
"BNC-420","A1GXFMAC759VRM","tell",3,"conditional","none","no","BNC"
"BNC-420","A36SM7QM8OK3H6","tell",-2,"conditional","none","no","BNC"
"BNC-420","A2541C8MY0BYV3","tell",0,"conditional","none","no","BNC"
"BNC-420","A25YG9M911WA3T","tell",3,"conditional","none","no","BNC"
"BNC-422","A25YG9M911WA3T","tell",1,"conditional","none","no","BNC"
"BNC-422","A2541C8MY0BYV3","tell",0,"conditional","none","no","BNC"
"BNC-422","A1GXFMAC759VRM","tell",3,"conditional","none","no","BNC"
"BNC-422","A150GMV1YQWWB3","tell",0,"conditional","none","no","BNC"
"BNC-422","A1MJVTR0PCKBWW","tell",2,"conditional","none","no","BNC"
"BNC-422","A36SM7QM8OK3H6","tell",3,"conditional","none","no","BNC"
"BNC-422","A18SXC3JEN1O0U","tell",-1,"conditional","none","no","BNC"
"BNC-422","A3GPTSDDHJ2DBV","tell",3,"conditional","none","no","BNC"
"BNC-422","A34VY22YEREOOI","tell",-1,"conditional","none","no","BNC"
"BNC-426","A24LC97AU3QC7G","tell",1,"conditional","none","no","BNC"
"BNC-426","A3VVR8NR3ED04C","tell",1,"conditional","none","no","BNC"
"BNC-426","A28SYXQL3YOKVL","tell",0,"conditional","none","no","BNC"
"BNC-426","A3GPTSDDHJ2DBV","tell",0,"conditional","none","no","BNC"
"BNC-426","A1945USNZHTROX","tell",3,"conditional","none","no","BNC"
"BNC-426","A1GXFMAC759VRM","tell",1,"conditional","none","no","BNC"
"BNC-426","A36SM7QM8OK3H6","tell",3,"conditional","none","no","BNC"
"BNC-426","A3GZYWA9S6J0K9","tell",0,"conditional","none","no","BNC"
"BNC-426","A25YG9M911WA3T","tell",2,"conditional","none","no","BNC"
"BNC-427","A24LC97AU3QC7G","tell",2,"conditional","none","no","BNC"
"BNC-427","A3LC6M2EMDBBXP","tell",0,"conditional","none","no","BNC"
"BNC-427","A28HB7240OFGEW","tell",-1,"conditional","none","no","BNC"
"BNC-427","A2541C8MY0BYV3","tell",-1,"conditional","none","no","BNC"
"BNC-427","A2LMQ4497NMK3S","tell",3,"conditional","none","no","BNC"
"BNC-427","A36SM7QM8OK3H6","tell",-2,"conditional","none","no","BNC"
"BNC-427","AFUX7IUQOE0NA","tell",2,"conditional","none","no","BNC"
"BNC-427","ANVAFB99K5RKP","tell",-3,"conditional","none","no","BNC"
"BNC-428","A3RVYJNYREMTAH","tell",0,"conditional","none","no","BNC"
"BNC-428","A34VY22YEREOOI","tell",-2,"conditional","none","no","BNC"
"BNC-428","A1X94LTZZQMHTP","tell",3,"conditional","none","no","BNC"
"BNC-428","A35C12CR628WKD","tell",0,"conditional","none","no","BNC"
"BNC-428","A3GPTSDDHJ2DBV","tell",-1,"conditional","none","no","BNC"
"BNC-428","A3CF8ULBSE8MTL","tell",-3,"conditional","none","no","BNC"
"BNC-428","A1R6ZLM9V362F7","tell",0,"conditional","none","no","BNC"
"BNC-428","A36SM7QM8OK3H6","tell",-3,"conditional","none","no","BNC"
"BNC-431","A1GXFMAC759VRM","tell",2,"modal","DE","no","BNC"
"BNC-431","A10BH9PYCYUKDJ","tell",0,"modal","DE","no","BNC"
"BNC-431","A150GMV1YQWWB3","tell",1,"modal","DE","no","BNC"
"BNC-431","A1945USNZHTROX","tell",3,"modal","DE","no","BNC"
"BNC-431","A3LJ2FHESYV9QQ","tell",2,"modal","DE","no","BNC"
"BNC-431","A2BA9Y6VGW6WS1","tell",1,"modal","DE","no","BNC"
"BNC-431","A3609GDWR2JCCA","tell",3,"modal","DE","no","BNC"
"BNC-431","A36SM7QM8OK3H6","tell",1,"modal","DE","no","BNC"
"BNC-431","A25YG9M911WA3T","tell",1,"modal","DE","no","BNC"
"BNC-435","A18LPAFMK1B06K","tell",1,"question","none","no","BNC"
"BNC-435","A1NM7ZPZ3NH412","tell",1,"question","none","no","BNC"
"BNC-435","A2OVX9UW5WANQE","tell",-2,"question","none","no","BNC"
"BNC-435","A36SM7QM8OK3H6","tell",2,"question","none","no","BNC"
"BNC-435","A39Q4SNT7SRK94","tell",2,"question","none","no","BNC"
"BNC-435","A5TI9UQEPLNWI","tell",-3,"question","none","no","BNC"
"BNC-435","A5EU1AQJNC7F2","tell",3,"question","none","no","BNC"
"BNC-435","A16SAB417Y96G4","tell",1,"question","none","no","BNC"
"BNC-454","A3I6JPGXHWY9FS","think",0,"conditional","none","no","BNC"
"BNC-454","A1NM7ZPZ3NH412","think",-3,"conditional","none","no","BNC"
"BNC-454","A4J4GGMKJ68L0","think",-3,"conditional","none","no","BNC"
"BNC-454","A2JP9IKRHNLRPI","think",-3,"conditional","none","no","BNC"
"BNC-454","A2J1VDVDYZRK29","think",-2,"conditional","none","no","BNC"
"BNC-454","A3UTFL5JHRQCM1","think",2,"conditional","none","no","BNC"
"BNC-454","A18LPAFMK1B06K","think",2,"conditional","none","no","BNC"
"BNC-454","A2BA9Y6VGW6WS1","think",-3,"conditional","none","no","BNC"
"BNC-454","A32QJF67JMJFKX","think",-2,"conditional","none","no","BNC"
"BNC-454","A1FP3SH704X01V","think",-3,"conditional","none","no","BNC"
"BNC-454","A3S1TLYMH9WWUG","think",-3,"conditional","none","no","BNC"
"BNC-454","A36SM7QM8OK3H6","think",-3,"conditional","none","no","BNC"
"BNC-454","A1MJVTR0PCKBWW","think",3,"conditional","none","no","BNC"
"BNC-455","A3D2U4QF7821ZW","think",2,"conditional","none","no","BNC"
"BNC-455","A17J1CE7N49Z9D","think",0,"conditional","none","no","BNC"
"BNC-455","A2YCMT5BPA0AG9","think",1,"conditional","none","no","BNC"
"BNC-455","A28FMRMS9TMEOZ","think",-1,"conditional","none","no","BNC"
"BNC-455","A1NM7ZPZ3NH412","think",1,"conditional","none","no","BNC"
"BNC-455","A3UEJQ4EJB9DBD","think",0,"conditional","none","no","BNC"
"BNC-455","A36SM7QM8OK3H6","think",0,"conditional","none","no","BNC"
"BNC-455","A2YO837C0O1E91","think",0,"conditional","none","no","BNC"
"BNC-455","A1FP3SH704X01V","think",0,"conditional","none","no","BNC"
"BNC-455","A1MGXQW1EEKE20","think",3,"conditional","none","no","BNC"
"BNC-459","A1L3937MY09J3I","think",0,"conditional","none","no","BNC"
"BNC-459","A1F9KLZGHE9DTA","think",2,"conditional","none","no","BNC"
"BNC-459","A32QJF67JMJFKX","think",-2,"conditional","none","no","BNC"
"BNC-459","A36SM7QM8OK3H6","think",-1,"conditional","none","no","BNC"
"BNC-459","A5EU1AQJNC7F2","think",1,"conditional","none","no","BNC"
"BNC-459","A2YGAEODJ5SSF6","think",0,"conditional","none","no","BNC"
"BNC-459","AMPMTF5IAAMK8","think",-2,"conditional","none","no","BNC"
"BNC-459","A1FP3SH704X01V","think",-3,"conditional","none","no","BNC"
"BNC-461","A3843S9LWPDN2K","think",0,"conditional","none","no","BNC"
"BNC-461","A32QJF67JMJFKX","think",0,"conditional","none","no","BNC"
"BNC-461","A1FP3SH704X01V","think",-3,"conditional","none","no","BNC"
"BNC-461","A36SM7QM8OK3H6","think",-1,"conditional","none","no","BNC"
"BNC-461","A3GK90X2QOFR53","think",1,"conditional","none","no","BNC"
"BNC-461","A5EU1AQJNC7F2","think",0,"conditional","none","no","BNC"
"BNC-461","A25YG9M911WA3T","think",0,"conditional","none","no","BNC"
"BNC-461","A1C59M3HPCO503","think",0,"conditional","none","no","BNC"
"BNC-463","A1AA0WXXEHPM3V","think",0,"conditional","none","no","BNC"
"BNC-463","A1FP3SH704X01V","think",0,"conditional","none","no","BNC"
"BNC-463","A23KAJRDVCVGOE","think",2,"conditional","none","no","BNC"
"BNC-463","A5EU1AQJNC7F2","think",0,"conditional","none","no","BNC"
"BNC-463","A36SM7QM8OK3H6","think",-1,"conditional","none","no","BNC"
"BNC-463","A3843S9LWPDN2K","think",0,"conditional","none","no","BNC"
"BNC-463","A32QJF67JMJFKX","think",0,"conditional","none","no","BNC"
"BNC-463","A36TE52PSYAAD6","think",0,"conditional","none","no","BNC"
"BNC-468","A28FMRMS9TMEOZ","think",1,"conditional","none","no","BNC"
"BNC-468","A4J4GGMKJ68L0","think",0,"conditional","none","no","BNC"
"BNC-468","A37S96RT1P1IT2","think",0,"conditional","none","no","BNC"
"BNC-468","A39Q4SNT7SRK94","think",-1,"conditional","none","no","BNC"
"BNC-468","ATADQXPHL10Y8","think",-1,"conditional","none","no","BNC"
"BNC-468","A32QJF67JMJFKX","think",0,"conditional","none","no","BNC"
"BNC-468","AYKZ9H4BNW810","think",0,"conditional","none","no","BNC"
"BNC-468","A36SM7QM8OK3H6","think",0,"conditional","none","no","BNC"
"BNC-468","A3AFC26CB0AXMI","think",0,"conditional","none","no","BNC"
"BNC-468","A17ELSQUMU0QT6","think",0,"conditional","none","no","BNC"
"BNC-468","A5EU1AQJNC7F2","think",0,"conditional","none","no","BNC"
"BNC-473","A1GXFMAC759VRM","think",0,"conditional","none","no","BNC"
"BNC-473","A125KW9P18V5Z1","think",0,"conditional","none","no","BNC"
"BNC-473","A2AMQX0BQZXG9N","think",0,"conditional","none","no","BNC"
"BNC-473","A36SM7QM8OK3H6","think",0,"conditional","none","no","BNC"
"BNC-473","A1MJVTR0PCKBWW","think",3,"conditional","none","no","BNC"
"BNC-473","A2YCMT5BPA0AG9","think",0,"conditional","none","no","BNC"
"BNC-473","A5EU1AQJNC7F2","think",0,"conditional","none","no","BNC"
"BNC-473","A24LC97AU3QC7G","think",-2,"conditional","none","no","BNC"
"BNC-473","A1X94LTZZQMHTP","think",1,"conditional","none","no","BNC"
"BNC-476","A1F9KLZGHE9DTA","think",2,"conditional","none","no","BNC"
"BNC-476","A2S4YDJ9UGAXFQ","think",3,"conditional","none","no","BNC"
"BNC-476","AA4KKLIU4C3NY","think",-1,"conditional","none","no","BNC"
"BNC-476","A32QJF67JMJFKX","think",0,"conditional","none","no","BNC"
"BNC-476","A2JP9IKRHNLRPI","think",0,"conditional","none","no","BNC"
"BNC-476","A110KENBXU7SUJ","think",-1,"conditional","none","no","BNC"
"BNC-476","AMPMTF5IAAMK8","think",1,"conditional","none","no","BNC"
"BNC-476","A4J4GGMKJ68L0","think",3,"conditional","none","no","BNC"
"BNC-476","AUAN582MLI96N","think",0,"conditional","none","no","BNC"
"BNC-476","A36SM7QM8OK3H6","think",1,"conditional","none","no","BNC"
"BNC-48","A3LJ2FHESYV9QQ","decide",-1,"conditional","none","no","BNC"
"BNC-48","A25YG9M911WA3T","decide",-2,"conditional","none","no","BNC"
"BNC-48","A150GMV1YQWWB3","decide",-1,"conditional","none","no","BNC"
"BNC-48","A1945USNZHTROX","decide",-3,"conditional","none","no","BNC"
"BNC-48","A36SM7QM8OK3H6","decide",1,"conditional","none","no","BNC"
"BNC-48","A1GXFMAC759VRM","decide",0,"conditional","none","no","BNC"
"BNC-48","A3609GDWR2JCCA","decide",0,"conditional","none","no","BNC"
"BNC-48","A2BA9Y6VGW6WS1","decide",-1,"conditional","none","no","BNC"
"BNC-48","A10BH9PYCYUKDJ","decide",3,"conditional","none","no","BNC"
"BNC-488","A36SM7QM8OK3H6","think",0,"conditional","none","no","BNC"
"BNC-488","A10O5YR01H865K","think",0,"conditional","none","no","BNC"
"BNC-488","A18LPAFMK1B06K","think",1,"conditional","none","no","BNC"
"BNC-488","A1QA5EWFMNKGTA","think",3,"conditional","none","no","BNC"
"BNC-488","A1F9KLZGHE9DTA","think",2,"conditional","none","no","BNC"
"BNC-488","A5EU1AQJNC7F2","think",0,"conditional","none","no","BNC"
"BNC-488","A32QJF67JMJFKX","think",0,"conditional","none","no","BNC"
"BNC-488","A30MP4LXV4MIFD","think",2,"conditional","none","no","BNC"
"BNC-488","AZZDXA6TV6737","think",3,"conditional","none","no","BNC"
"BNC-488","A13PXTFOXDCKBF","think",-2,"conditional","none","no","BNC"
"BNC-488","A1MJVTR0PCKBWW","think",0,"conditional","none","no","BNC"
"BNC-488","A1EH9BPKYXFBS5","think",-1,"conditional","none","no","BNC"
"BNC-491","A1MJHGH55K3O0","think",0,"conditional","none","no","BNC"
"BNC-491","AKLV0WIZZ356X","think",0,"conditional","none","no","BNC"
"BNC-491","A2EOOF9D135HQ1","think",-2,"conditional","none","no","BNC"
"BNC-491","A1F9KLZGHE9DTA","think",1,"conditional","none","no","BNC"
"BNC-491","A32QJF67JMJFKX","think",0,"conditional","none","no","BNC"
"BNC-491","A1SIUJEL2LS8UO","think",-2,"conditional","none","no","BNC"
"BNC-491","A36SM7QM8OK3H6","think",1,"conditional","none","no","BNC"
"BNC-491","A11TREGDHSUSJW","think",0,"conditional","none","no","BNC"
"BNC-492","A2AJIRNA6L4IJI","think",-2,"conditional","none","no","BNC"
"BNC-492","ASI2B6A3Y556Z","think",-2,"conditional","none","no","BNC"
"BNC-492","A5EU1AQJNC7F2","think",0,"conditional","none","no","BNC"
"BNC-492","A17ELSQUMU0QT6","think",0,"conditional","none","no","BNC"
"BNC-492","A36SM7QM8OK3H6","think",0,"conditional","none","no","BNC"
"BNC-492","A1VQQETLYHKR8D","think",0,"conditional","none","no","BNC"
"BNC-492","A25YG9M911WA3T","think",0,"conditional","none","no","BNC"
"BNC-492","A11UQWFUDNIHIL","think",-1,"conditional","none","no","BNC"
"BNC-492","A1GXFMAC759VRM","think",0,"conditional","none","no","BNC"
"BNC-492","A32QJF67JMJFKX","think",0,"conditional","none","no","BNC"
"BNC-50","A3OXRDSUN9F10I","decide",2,"conditional","none","no","BNC"
"BNC-50","A3RVYJNYREMTAH","decide",0,"conditional","none","no","BNC"
"BNC-50","A1GXFMAC759VRM","decide",0,"conditional","none","no","BNC"
"BNC-50","A36SM7QM8OK3H6","decide",1,"conditional","none","no","BNC"
"BNC-50","A1945USNZHTROX","decide",-3,"conditional","none","no","BNC"
"BNC-50","A150GMV1YQWWB3","decide",0,"conditional","none","no","BNC"
"BNC-50","A3LJ2FHESYV9QQ","decide",0,"conditional","none","no","BNC"
"BNC-50","A2541C8MY0BYV3","decide",2,"conditional","none","no","BNC"
"BNC-50","A25YG9M911WA3T","decide",0,"conditional","none","no","BNC"
"BNC-500","A2541C8MY0BYV3","think",-1,"conditional","none","no","BNC"
"BNC-500","A12R2U6TBB3OOG","think",1,"conditional","none","no","BNC"
"BNC-500","A25YG9M911WA3T","think",0,"conditional","none","no","BNC"
"BNC-500","A5EU1AQJNC7F2","think",0,"conditional","none","no","BNC"
"BNC-500","A36SM7QM8OK3H6","think",-1,"conditional","none","no","BNC"
"BNC-500","A1MJVTR0PCKBWW","think",1,"conditional","none","no","BNC"
"BNC-500","A150GMV1YQWWB3","think",-2,"conditional","none","no","BNC"
"BNC-500","A1945USNZHTROX","think",0,"conditional","none","no","BNC"
"BNC-505","A25YG9M911WA3T","think",0,"conditional","none","no","BNC"
"BNC-505","A12R2U6TBB3OOG","think",3,"conditional","none","no","BNC"
"BNC-505","A125KW9P18V5Z1","think",-3,"conditional","none","no","BNC"
"BNC-505","A36SM7QM8OK3H6","think",-2,"conditional","none","no","BNC"
"BNC-505","A2NA2OJT15COZY","think",0,"conditional","none","no","BNC"
"BNC-505","A1F9KLZGHE9DTA","think",3,"conditional","none","no","BNC"
"BNC-505","AFN5VMMGYPF1I","think",3,"conditional","none","no","BNC"
"BNC-505","A1GXFMAC759VRM","think",-2,"conditional","none","no","BNC"
"BNC-505","A1945USNZHTROX","think",-3,"conditional","none","no","BNC"
"BNC-509","A2541C8MY0BYV3","think",0,"conditional","none","no","BNC"
"BNC-509","A36SM7QM8OK3H6","think",1,"conditional","none","no","BNC"
"BNC-509","A1945USNZHTROX","think",3,"conditional","none","no","BNC"
"BNC-509","A150GMV1YQWWB3","think",1,"conditional","none","no","BNC"
"BNC-509","A2NA2OJT15COZY","think",2,"conditional","none","no","BNC"
"BNC-509","A1GXFMAC759VRM","think",1,"conditional","none","no","BNC"
"BNC-509","A25YG9M911WA3T","think",1,"conditional","none","no","BNC"
"BNC-509","AFN5VMMGYPF1I","think",1,"conditional","none","no","BNC"
"BNC-510","A125KW9P18V5Z1","think",2,"conditional","none","no","BNC"
"BNC-510","A1GXFMAC759VRM","think",3,"conditional","none","no","BNC"
"BNC-510","AC5UD8N187QD6","think",2,"conditional","none","no","BNC"
"BNC-510","A7KLTVEIASF4J","think",1,"conditional","none","no","BNC"
"BNC-510","A36SM7QM8OK3H6","think",2,"conditional","none","no","BNC"
"BNC-510","A25YG9M911WA3T","think",3,"conditional","none","no","BNC"
"BNC-510","AFN5VMMGYPF1I","think",3,"conditional","none","no","BNC"
"BNC-510","A1945USNZHTROX","think",3,"conditional","none","no","BNC"
"BNC-53","A3609GDWR2JCCA","decide",0,"conditional","none","no","BNC"
"BNC-53","A1945USNZHTROX","decide",0,"conditional","none","no","BNC"
"BNC-53","A150GMV1YQWWB3","decide",0,"conditional","none","no","BNC"
"BNC-53","AFN5VMMGYPF1I","decide",0,"conditional","none","no","BNC"
"BNC-53","A1GXFMAC759VRM","decide",0,"conditional","none","no","BNC"
"BNC-53","A2BA9Y6VGW6WS1","decide",0,"conditional","none","no","BNC"
"BNC-53","A36SM7QM8OK3H6","decide",-2,"conditional","none","no","BNC"
"BNC-53","A25YG9M911WA3T","decide",-1,"conditional","none","no","BNC"
"BNC-53","AJRY9ALX8069Y","decide",1,"conditional","none","no","BNC"
"BNC-540","A1GXFMAC759VRM","think",-3,"conditional","none","no","BNC"
"BNC-540","AFHRMJIHMGLDE","think",-3,"conditional","none","no","BNC"
"BNC-540","A125KW9P18V5Z1","think",-2,"conditional","none","no","BNC"
"BNC-540","A2EOOF9D135HQ1","think",-3,"conditional","none","no","BNC"
"BNC-540","A24LC97AU3QC7G","think",-3,"conditional","none","no","BNC"
"BNC-540","AKLV0WIZZ356X","think",-3,"conditional","none","no","BNC"
"BNC-540","A1MJVTR0PCKBWW","think",-3,"conditional","none","no","BNC"
"BNC-540","A36SM7QM8OK3H6","think",-3,"conditional","none","no","BNC"
"BNC-549","AFN5VMMGYPF1I","think",-3,"conditional","none","no","BNC"
"BNC-549","A36SM7QM8OK3H6","think",-3,"conditional","none","no","BNC"
"BNC-549","A3VBAQB2WO36Q1","think",3,"conditional","none","no","BNC"
"BNC-549","A12R2U6TBB3OOG","think",-3,"conditional","none","no","BNC"
"BNC-549","A1GXFMAC759VRM","think",-3,"conditional","none","no","BNC"
"BNC-549","A1MJVTR0PCKBWW","think",-3,"conditional","none","no","BNC"
"BNC-549","A1945USNZHTROX","think",-3,"conditional","none","no","BNC"
"BNC-549","A150GMV1YQWWB3","think",-3,"conditional","none","no","BNC"
"BNC-555","A1MJVTR0PCKBWW","think",-2,"conditional","none","no","BNC"
"BNC-555","A25YG9M911WA3T","think",1,"conditional","none","no","BNC"
"BNC-555","A150GMV1YQWWB3","think",-1,"conditional","none","no","BNC"
"BNC-555","A1GXFMAC759VRM","think",2,"conditional","none","no","BNC"
"BNC-555","AV22FQTJNBUZT","think",-1,"conditional","none","no","BNC"
"BNC-555","AFN5VMMGYPF1I","think",3,"conditional","none","no","BNC"
"BNC-555","A4J4GGMKJ68L0","think",3,"conditional","none","no","BNC"
"BNC-555","A36SM7QM8OK3H6","think",-2,"conditional","none","no","BNC"
"BNC-555","A2NA2OJT15COZY","think",1,"conditional","none","no","BNC"
"BNC-566","A3609GDWR2JCCA","admit",3,"modal","AB","no","BNC"
"BNC-566","A36SM7QM8OK3H6","admit",3,"modal","AB","no","BNC"
"BNC-566","AFN5VMMGYPF1I","admit",3,"modal","AB","no","BNC"
"BNC-566","A1GXFMAC759VRM","admit",3,"modal","AB","no","BNC"
"BNC-566","A2BA9Y6VGW6WS1","admit",2,"modal","AB","no","BNC"
"BNC-566","AJRY9ALX8069Y","admit",3,"modal","AB","no","BNC"
"BNC-566","A25YG9M911WA3T","admit",3,"modal","AB","no","BNC"
"BNC-566","A150GMV1YQWWB3","admit",3,"modal","AB","no","BNC"
"BNC-566","A1945USNZHTROX","admit",3,"modal","AB","no","BNC"
"BNC-568","A3RVYJNYREMTAH","admit",1,"modal","EP","no","BNC"
"BNC-568","A36SM7QM8OK3H6","admit",2,"modal","EP","no","BNC"
"BNC-568","A1GXFMAC759VRM","admit",3,"modal","EP","no","BNC"
"BNC-568","ANQ0RLFEZ17W0","admit",2,"modal","EP","no","BNC"
"BNC-568","A150GMV1YQWWB3","admit",1,"modal","EP","no","BNC"
"BNC-568","A1945USNZHTROX","admit",-2,"modal","EP","no","BNC"
"BNC-568","A25YG9M911WA3T","admit",0,"modal","EP","no","BNC"
"BNC-568","AFN5VMMGYPF1I","admit",1,"modal","EP","no","BNC"
"BNC-570","A1GXFMAC759VRM","admit",3,"modal","EP","no","BNC"
"BNC-570","A3LJ2FHESYV9QQ","admit",2,"modal","EP","no","BNC"
"BNC-570","AFN5VMMGYPF1I","admit",0,"modal","EP","no","BNC"
"BNC-570","A25YG9M911WA3T","admit",0,"modal","EP","no","BNC"
"BNC-570","AFWKRID53R1XA","admit",2,"modal","EP","no","BNC"
"BNC-570","A36SM7QM8OK3H6","admit",2,"modal","EP","no","BNC"
"BNC-570","A150GMV1YQWWB3","admit",0,"modal","EP","no","BNC"
"BNC-570","A1945USNZHTROX","admit",2,"modal","EP","no","BNC"
"BNC-571","A2BA9Y6VGW6WS1","assume",1,"modal","AB","no","BNC"
"BNC-571","A1NM7ZPZ3NH412","assume",1,"modal","AB","no","BNC"
"BNC-571","A32QJF67JMJFKX","assume",0,"modal","AB","no","BNC"
"BNC-571","A3I6JPGXHWY9FS","assume",0,"modal","AB","no","BNC"
"BNC-571","A1FP3SH704X01V","assume",-3,"modal","AB","no","BNC"
"BNC-571","A2J1VDVDYZRK29","assume",-1,"modal","AB","no","BNC"
"BNC-571","A3S1TLYMH9WWUG","assume",3,"modal","AB","no","BNC"
"BNC-571","A3UTFL5JHRQCM1","assume",1,"modal","AB","no","BNC"
"BNC-571","A36SM7QM8OK3H6","assume",-3,"modal","AB","no","BNC"
"BNC-572","A5EU1AQJNC7F2","assume",2,"modal","AB","no","BNC"
"BNC-572","A36SM7QM8OK3H6","assume",1,"modal","AB","no","BNC"
"BNC-572","A2YO837C0O1E91","assume",2,"modal","AB","no","BNC"
"BNC-572","A1FP3SH704X01V","assume",3,"modal","AB","no","BNC"
"BNC-572","A2YCMT5BPA0AG9","assume",2,"modal","AB","no","BNC"
"BNC-572","A21KGSK2BDVWOA","assume",2,"modal","AB","no","BNC"
"BNC-572","A1NM7ZPZ3NH412","assume",3,"modal","AB","no","BNC"
"BNC-572","A2YGAEODJ5SSF6","assume",2,"modal","AB","no","BNC"
"BNC-572","A3D2U4QF7821ZW","assume",0,"modal","AB","no","BNC"
"BNC-572","A3UEJQ4EJB9DBD","assume",1,"modal","AB","no","BNC"
"BNC-572","A1945USNZHTROX","assume",2,"modal","AB","no","BNC"
"BNC-573","AMPMTF5IAAMK8","assume",2,"modal","CI","no","BNC"
"BNC-573","A32QJF67JMJFKX","assume",2,"modal","CI","no","BNC"
"BNC-573","A1F9KLZGHE9DTA","assume",1,"modal","CI","no","BNC"
"BNC-573","A1L3937MY09J3I","assume",3,"modal","CI","no","BNC"
"BNC-573","A36SM7QM8OK3H6","assume",2,"modal","CI","no","BNC"
"BNC-573","A1FP3SH704X01V","assume",0,"modal","CI","no","BNC"
"BNC-573","A5EU1AQJNC7F2","assume",1,"modal","CI","no","BNC"
"BNC-573","A2YGAEODJ5SSF6","assume",0,"modal","CI","no","BNC"
"BNC-574","AEO84PDSWW0W","assume",0,"modal","DE","no","BNC"
"BNC-574","A25YG9M911WA3T","assume",0,"modal","DE","no","BNC"
"BNC-574","A36SM7QM8OK3H6","assume",-3,"modal","DE","no","BNC"
"BNC-574","A1FHH3XEFEQYV7","assume",1,"modal","DE","no","BNC"
"BNC-574","A3VVR8NR3ED04C","assume",1,"modal","DE","no","BNC"
"BNC-574","A1NM7ZPZ3NH412","assume",2,"modal","DE","no","BNC"
"BNC-574","AC5UD8N187QD6","assume",-1,"modal","DE","no","BNC"
"BNC-574","A1GXFMAC759VRM","assume",3,"modal","DE","no","BNC"
"BNC-574","A1945USNZHTROX","assume",2,"modal","DE","no","BNC"
"BNC-579","A28FMRMS9TMEOZ","assume",3,"modal","AB","no","BNC"
"BNC-579","A3843S9LWPDN2K","assume",0,"modal","AB","no","BNC"
"BNC-579","A32QJF67JMJFKX","assume",0,"modal","AB","no","BNC"
"BNC-579","A1AA0WXXEHPM3V","assume",1,"modal","AB","no","BNC"
"BNC-579","A17J1CE7N49Z9D","assume",2,"modal","AB","no","BNC"
"BNC-579","A1FP3SH704X01V","assume",3,"modal","AB","no","BNC"
"BNC-579","A1MGXQW1EEKE20","assume",3,"modal","AB","no","BNC"
"BNC-579","A36TE52PSYAAD6","assume",0,"modal","AB","no","BNC"
"BNC-579","A36SM7QM8OK3H6","assume",2,"modal","AB","no","BNC"
"BNC-579","A5EU1AQJNC7F2","assume",2,"modal","AB","no","BNC"
"BNC-579","A23KAJRDVCVGOE","assume",3,"modal","AB","no","BNC"
"BNC-583","A25YG9M911WA3T","assume",2,"modal","DE","no","BNC"
"BNC-583","A1MJHGH55K3O0","assume",2,"modal","DE","no","BNC"
"BNC-583","A150GMV1YQWWB3","assume",0,"modal","DE","no","BNC"
"BNC-583","A36SM7QM8OK3H6","assume",-2,"modal","DE","no","BNC"
"BNC-583","A1945USNZHTROX","assume",3,"modal","DE","no","BNC"
"BNC-583","A1NM7ZPZ3NH412","assume",2,"modal","DE","no","BNC"
"BNC-583","A2IGPW784OFV3D","assume",1,"modal","DE","no","BNC"
"BNC-583","A1GXFMAC759VRM","assume",3,"modal","DE","no","BNC"
"BNC-584","AR1IWBDA7MC86","believe",3,"modal","AB","no","BNC"
"BNC-584","A1MJVTR0PCKBWW","believe",-2,"modal","AB","no","BNC"
"BNC-584","A1GXFMAC759VRM","believe",3,"modal","AB","no","BNC"
"BNC-584","A2W3I2GBGDB637","believe",3,"modal","AB","no","BNC"
"BNC-584","A3609GDWR2JCCA","believe",3,"modal","AB","no","BNC"
"BNC-584","A36SM7QM8OK3H6","believe",3,"modal","AB","no","BNC"
"BNC-584","A150GMV1YQWWB3","believe",3,"modal","AB","no","BNC"
"BNC-584","A25YG9M911WA3T","believe",3,"modal","AB","no","BNC"
"BNC-585","A19IWME4DCIU1H","believe",-2,"modal","EP","no","BNC"
"BNC-585","A240OTT1T85UGT","believe",2,"modal","EP","no","BNC"
"BNC-585","A3UEJQ4EJB9DBD","believe",-1,"modal","EP","no","BNC"
"BNC-585","A27XYQJLE8D39R","believe",-2,"modal","EP","no","BNC"
"BNC-585","A2JOHICL072IY3","believe",3,"modal","EP","no","BNC"
"BNC-585","ARJJKTGF3RDCO","believe",-2,"modal","EP","no","BNC"
"BNC-585","A1NM7ZPZ3NH412","believe",2,"modal","EP","no","BNC"
"BNC-585","A125KW9P18V5Z1","believe",0,"modal","EP","no","BNC"
"BNC-585","A3POD149IG0DIW","believe",-3,"modal","EP","no","BNC"
"BNC-586","A1MJVTR0PCKBWW","believe",-3,"modal","CI","no","BNC"
"BNC-586","A36SM7QM8OK3H6","believe",-3,"modal","CI","no","BNC"
"BNC-586","A4IH4CO046EV3","believe",-3,"modal","CI","no","BNC"
"BNC-586","A1GXFMAC759VRM","believe",-2,"modal","CI","no","BNC"
"BNC-586","A1RT9SQ9D9DLOV","believe",-3,"modal","CI","no","BNC"
"BNC-586","A25YG9M911WA3T","believe",-2,"modal","CI","no","BNC"
"BNC-586","A3VVR8NR3ED04C","believe",2,"modal","CI","no","BNC"
"BNC-586","A2541C8MY0BYV3","believe",0,"modal","CI","no","BNC"
"BNC-587","A1MJVTR0PCKBWW","believe",3,"modal","AB","no","BNC"
"BNC-587","A2EOOF9D135HQ1","believe",-2,"modal","AB","no","BNC"
"BNC-587","A1GXFMAC759VRM","believe",-1,"modal","AB","no","BNC"
"BNC-587","AZIY6IFOS4CVC","believe",-1,"modal","AB","no","BNC"
"BNC-587","A33NK36A94Y75Y","believe",-1,"modal","AB","no","BNC"
"BNC-587","A150GMV1YQWWB3","believe",2,"modal","AB","no","BNC"
"BNC-587","A25YG9M911WA3T","believe",1,"modal","AB","no","BNC"
"BNC-587","A36SM7QM8OK3H6","believe",-1,"modal","AB","no","BNC"
"BNC-587","A3L2UB07EZJAMD","believe",-3,"modal","AB","no","BNC"
"BNC-588","A34VY22YEREOOI","believe",1,"modal","AB","no","BNC"
"BNC-588","A3GPTSDDHJ2DBV","believe",1,"modal","AB","no","BNC"
"BNC-588","A36SM7QM8OK3H6","believe",0,"modal","AB","no","BNC"
"BNC-588","A1GXFMAC759VRM","believe",2,"modal","AB","no","BNC"
"BNC-588","A2541C8MY0BYV3","believe",-2,"modal","AB","no","BNC"
"BNC-588","A150GMV1YQWWB3","believe",2,"modal","AB","no","BNC"
"BNC-588","A1MJVTR0PCKBWW","believe",3,"modal","AB","no","BNC"
"BNC-588","A25YG9M911WA3T","believe",1,"modal","AB","no","BNC"
"BNC-588","A18SXC3JEN1O0U","believe",2,"modal","AB","no","BNC"
"BNC-590","A1GXFMAC759VRM","believe",1,"modal","AB","no","BNC"
"BNC-590","A1945USNZHTROX","believe",2,"modal","AB","no","BNC"
"BNC-590","A1NM7ZPZ3NH412","believe",1,"modal","AB","no","BNC"
"BNC-590","A25YG9M911WA3T","believe",1,"modal","AB","no","BNC"
"BNC-590","A3PIAHR6PGXZNT","believe",-2,"modal","AB","no","BNC"
"BNC-590","A2SENAPNSXG9L","believe",0,"modal","AB","no","BNC"
"BNC-590","A36SM7QM8OK3H6","believe",-2,"modal","AB","no","BNC"
"BNC-590","AFN5VMMGYPF1I","believe",1,"modal","AB","no","BNC"
"BNC-591","A125KW9P18V5Z1","believe",1,"modal","EP","no","BNC"
"BNC-591","A1F9KLZGHE9DTA","believe",2,"modal","EP","no","BNC"
"BNC-591","A5EU1AQJNC7F2","believe",1,"modal","EP","no","BNC"
"BNC-591","A1A1A9UHNQCI9Y","believe",3,"modal","EP","no","BNC"
"BNC-591","AR1IWBDA7MC86","believe",0,"modal","EP","no","BNC"
"BNC-591","A1NM7ZPZ3NH412","believe",0,"modal","EP","no","BNC"
"BNC-591","A1GXFMAC759VRM","believe",-1,"modal","EP","no","BNC"
"BNC-591","A36SM7QM8OK3H6","believe",-1,"modal","EP","no","BNC"
"BNC-592","AFUX7IUQOE0NA","believe",-2,"modal","AB","no","BNC"
"BNC-592","A28HB7240OFGEW","believe",1,"modal","AB","no","BNC"
"BNC-592","ANVAFB99K5RKP","believe",-1,"modal","AB","no","BNC"
"BNC-592","A2541C8MY0BYV3","believe",1,"modal","AB","no","BNC"
"BNC-592","A2LMQ4497NMK3S","believe",2,"modal","AB","no","BNC"
"BNC-592","A3LC6M2EMDBBXP","believe",2,"modal","AB","no","BNC"
"BNC-592","A24LC97AU3QC7G","believe",-2,"modal","AB","no","BNC"
"BNC-592","A36SM7QM8OK3H6","believe",-1,"modal","AB","no","BNC"
"BNC-593","A35C12CR628WKD","believe",0,"modal","AB","no","BNC"
"BNC-593","A34VY22YEREOOI","believe",0,"modal","AB","no","BNC"
"BNC-593","A3CF8ULBSE8MTL","believe",1,"modal","AB","no","BNC"
"BNC-593","A1R6ZLM9V362F7","believe",-2,"modal","AB","no","BNC"
"BNC-593","A36SM7QM8OK3H6","believe",-1,"modal","AB","no","BNC"
"BNC-593","A1X94LTZZQMHTP","believe",1,"modal","AB","no","BNC"
"BNC-593","A3RVYJNYREMTAH","believe",-3,"modal","AB","no","BNC"
"BNC-593","A3GPTSDDHJ2DBV","believe",0,"modal","AB","no","BNC"
"BNC-599","A39Q4SNT7SRK94","believe",2,"modal","AB","no","BNC"
"BNC-599","A1NM7ZPZ3NH412","believe",2,"modal","AB","no","BNC"
"BNC-599","A2YGAEODJ5SSF6","believe",3,"modal","AB","no","BNC"
"BNC-599","A5TI9UQEPLNWI","believe",3,"modal","AB","no","BNC"
"BNC-599","A16SAB417Y96G4","believe",-1,"modal","AB","no","BNC"
"BNC-599","A5EU1AQJNC7F2","believe",1,"modal","AB","no","BNC"
"BNC-599","A36SM7QM8OK3H6","believe",1,"modal","AB","no","BNC"
"BNC-599","A18LPAFMK1B06K","believe",2,"modal","AB","no","BNC"
"BNC-599","A2OVX9UW5WANQE","believe",3,"modal","AB","no","BNC"
"BNC-600","A240OTT1T85UGT","believe",0,"question","AB","no","BNC"
"BNC-600","A2JOHICL072IY3","believe",-2,"question","AB","no","BNC"
"BNC-600","A1NM7ZPZ3NH412","believe",0,"question","AB","no","BNC"
"BNC-600","A125KW9P18V5Z1","believe",-1,"question","AB","no","BNC"
"BNC-600","ARJJKTGF3RDCO","believe",0,"question","AB","no","BNC"
"BNC-600","A27XYQJLE8D39R","believe",3,"question","AB","no","BNC"
"BNC-600","A3UEJQ4EJB9DBD","believe",-2,"question","AB","no","BNC"
"BNC-600","A19IWME4DCIU1H","believe",-2,"question","AB","no","BNC"
"BNC-600","A3POD149IG0DIW","believe",-1,"question","AB","no","BNC"
"BNC-601","A2541C8MY0BYV3","believe",2,"modal","AB","no","BNC"
"BNC-601","A1945USNZHTROX","believe",3,"modal","AB","no","BNC"
"BNC-601","A1GXFMAC759VRM","believe",2,"modal","AB","no","BNC"
"BNC-601","A36SM7QM8OK3H6","believe",2,"modal","AB","no","BNC"
"BNC-601","A2W3I2GBGDB637","believe",2,"modal","AB","no","BNC"
"BNC-601","A1MJVTR0PCKBWW","believe",2,"modal","AB","no","BNC"
"BNC-601","A25YG9M911WA3T","believe",3,"modal","AB","no","BNC"
"BNC-601","A3VVR8NR3ED04C","believe",1,"modal","AB","no","BNC"
"BNC-602","A17PAQSQ74L915","believe",-1,"modal","AB","no","BNC"
"BNC-602","A1X258MWJFEMTW","believe",-1,"modal","AB","no","BNC"
"BNC-602","A1GXFMAC759VRM","believe",3,"modal","AB","no","BNC"
"BNC-602","A149ROBL26JWPJ","believe",1,"modal","AB","no","BNC"
"BNC-602","A27MJOV91GA8R3","believe",2,"modal","AB","no","BNC"
"BNC-602","A1MJVTR0PCKBWW","believe",2,"modal","AB","no","BNC"
"BNC-602","A2WCXJZEXXR60A","believe",0,"modal","AB","no","BNC"
"BNC-602","A1NM7ZPZ3NH412","believe",2,"modal","AB","no","BNC"
"BNC-602","AZMOA8ONG0D2U","believe",3,"modal","AB","no","BNC"
"BNC-605","A1GXFMAC759VRM","believe",3,"modal","AB","no","BNC"
"BNC-605","A3GPTSDDHJ2DBV","believe",0,"modal","AB","no","BNC"
"BNC-605","A4J4GGMKJ68L0","believe",3,"modal","AB","no","BNC"
"BNC-605","A2541C8MY0BYV3","believe",2,"modal","AB","no","BNC"
"BNC-605","A55CXM7QR7R0N","believe",3,"modal","AB","no","BNC"
"BNC-605","A25YG9M911WA3T","believe",2,"modal","AB","no","BNC"
"BNC-605","A36SM7QM8OK3H6","believe",0,"modal","AB","no","BNC"
"BNC-605","A1945USNZHTROX","believe",3,"modal","AB","no","BNC"
"BNC-605","AFN5VMMGYPF1I","believe",3,"modal","AB","no","BNC"
"BNC-606","A1GXFMAC759VRM","believe",3,"modal","AB","no","BNC"
"BNC-606","A1945USNZHTROX","believe",3,"modal","AB","no","BNC"
"BNC-606","A25YG9M911WA3T","believe",3,"modal","AB","no","BNC"
"BNC-606","A24LC97AU3QC7G","believe",3,"modal","AB","no","BNC"
"BNC-606","A36SM7QM8OK3H6","believe",1,"modal","AB","no","BNC"
"BNC-606","A3VVR8NR3ED04C","believe",-2,"modal","AB","no","BNC"
"BNC-606","A28SYXQL3YOKVL","believe",3,"modal","AB","no","BNC"
"BNC-606","A3GPTSDDHJ2DBV","believe",2,"modal","AB","no","BNC"
"BNC-606","A3GZYWA9S6J0K9","believe",-1,"modal","AB","no","BNC"
"BNC-607","A3GPTSDDHJ2DBV","believe",-1,"modal","AB","no","BNC"
"BNC-607","A1GXFMAC759VRM","believe",2,"modal","AB","no","BNC"
"BNC-607","A1945USNZHTROX","believe",3,"modal","AB","no","BNC"
"BNC-607","A2541C8MY0BYV3","believe",1,"modal","AB","no","BNC"
"BNC-607","A25YG9M911WA3T","believe",2,"modal","AB","no","BNC"
"BNC-607","A3U761PEG7MFKT","believe",-1,"modal","AB","no","BNC"
"BNC-607","A36SM7QM8OK3H6","believe",1,"modal","AB","no","BNC"
"BNC-607","A150GMV1YQWWB3","believe",1,"modal","AB","no","BNC"
"BNC-61","A207149DHAS89K","feel",0,"conditional","none","no","BNC"
"BNC-61","A36MTY8RSWBZU7","feel",0,"conditional","none","no","BNC"
"BNC-61","A3GPTSDDHJ2DBV","feel",0,"conditional","none","no","BNC"
"BNC-61","A25YG9M911WA3T","feel",0,"conditional","none","no","BNC"
"BNC-61","A1945USNZHTROX","feel",2,"conditional","none","no","BNC"
"BNC-61","A1MJVTR0PCKBWW","feel",0,"conditional","none","no","BNC"
"BNC-61","A1GXFMAC759VRM","feel",0,"conditional","none","no","BNC"
"BNC-61","A150GMV1YQWWB3","feel",0,"conditional","none","no","BNC"
"BNC-61","A36SM7QM8OK3H6","feel",0,"conditional","none","no","BNC"
"BNC-611","A1GXFMAC759VRM","believe",3,"modal","AB","no","BNC"
"BNC-611","A9YFIKDWDS4N4","believe",0,"modal","AB","no","BNC"
"BNC-611","A3VVR8NR3ED04C","believe",2,"modal","AB","no","BNC"
"BNC-611","A2ET3KM3IE33MM","believe",1,"modal","AB","no","BNC"
"BNC-611","A25YG9M911WA3T","believe",3,"modal","AB","no","BNC"
"BNC-611","AUAN582MLI96N","believe",3,"modal","AB","no","BNC"
"BNC-611","A2541C8MY0BYV3","believe",2,"modal","AB","no","BNC"
"BNC-611","AY7WPVKHVNBLG","believe",2,"modal","AB","no","BNC"
"BNC-611","A36SM7QM8OK3H6","believe",-1,"modal","AB","no","BNC"
"BNC-613","A16SAB417Y96G4","believe",1,"modal","AB","no","BNC"
"BNC-613","AFN5VMMGYPF1I","believe",2,"modal","AB","no","BNC"
"BNC-613","A1GXFMAC759VRM","believe",3,"modal","AB","no","BNC"
"BNC-613","A3W6T1WDYXMR3","believe",3,"modal","AB","no","BNC"
"BNC-613","A1945USNZHTROX","believe",3,"modal","AB","no","BNC"
"BNC-613","A25YG9M911WA3T","believe",3,"modal","AB","no","BNC"
"BNC-613","A2OVX9UW5WANQE","believe",3,"modal","AB","no","BNC"
"BNC-613","A36SM7QM8OK3H6","believe",2,"modal","AB","no","BNC"
"BNC-618","A25YG9M911WA3T","believe",1,"modal","AB","no","BNC"
"BNC-618","A125KW9P18V5Z1","believe",3,"modal","AB","no","BNC"
"BNC-618","A36SM7QM8OK3H6","believe",1,"modal","AB","no","BNC"
"BNC-618","A1NM7ZPZ3NH412","believe",3,"modal","AB","no","BNC"
"BNC-618","ATGUAXNWCW8NI","believe",2,"modal","AB","no","BNC"
"BNC-618","A1GXFMAC759VRM","believe",2,"modal","AB","no","BNC"
"BNC-618","A3PIAHR6PGXZNT","believe",0,"modal","AB","no","BNC"
"BNC-618","A1945USNZHTROX","believe",3,"modal","AB","no","BNC"
"BNC-62","A1GXFMAC759VRM","feel",1,"conditional","none","no","BNC"
"BNC-62","A2NT3OQZUUZPEO","feel",1,"conditional","none","no","BNC"
"BNC-62","A36SM7QM8OK3H6","feel",-2,"conditional","none","no","BNC"
"BNC-62","A207149DHAS89K","feel",1,"conditional","none","no","BNC"
"BNC-62","A2OVX9UW5WANQE","feel",1,"conditional","none","no","BNC"
"BNC-62","A1MJVTR0PCKBWW","feel",0,"conditional","none","no","BNC"
"BNC-62","A1Q0N5H1DXMK0V","feel",1,"conditional","none","no","BNC"
"BNC-62","A1DIGREVLNOXT3","feel",1,"conditional","none","no","BNC"
"BNC-625","A36SM7QM8OK3H6","believe",3,"modal","AB","no","BNC"
"BNC-625","A3FPXLLF0B8CIC","believe",3,"modal","AB","no","BNC"
"BNC-625","AC5UD8N187QD6","believe",1,"modal","AB","no","BNC"
"BNC-625","A3GPTSDDHJ2DBV","believe",3,"modal","AB","no","BNC"
"BNC-625","A1GXFMAC759VRM","believe",3,"modal","AB","no","BNC"
"BNC-625","A2541C8MY0BYV3","believe",3,"modal","AB","no","BNC"
"BNC-625","AFN5VMMGYPF1I","believe",3,"modal","AB","no","BNC"
"BNC-625","A110KENBXU7SUJ","believe",2,"modal","AB","no","BNC"
"BNC-629","A3RDH0U2H6JCBC","convince",-1,"modal","AB","no","BNC"
"BNC-629","A36SM7QM8OK3H6","convince",1,"modal","AB","no","BNC"
"BNC-629","A1GXFMAC759VRM","convince",-1,"modal","AB","no","BNC"
"BNC-629","A25YG9M911WA3T","convince",0,"modal","AB","no","BNC"
"BNC-629","A1NM7ZPZ3NH412","convince",0,"modal","AB","no","BNC"
"BNC-629","A34930YXVQ8SUT","convince",0,"modal","AB","no","BNC"
"BNC-629","A3OMUSG91MTI3H","convince",-3,"modal","AB","no","BNC"
"BNC-629","A1945USNZHTROX","convince",-1,"modal","AB","no","BNC"
"BNC-631","A2RBF3IIJP15IH","convince",0,"modal","EP","no","BNC"
"BNC-631","A26M997VYVK0E6","convince",0,"modal","EP","no","BNC"
"BNC-631","A2WCXJZEXXR60A","convince",0,"modal","EP","no","BNC"
"BNC-631","A1NM7ZPZ3NH412","convince",0,"modal","EP","no","BNC"
"BNC-631","A150GMV1YQWWB3","convince",0,"modal","EP","no","BNC"
"BNC-631","A36SM7QM8OK3H6","convince",-2,"modal","EP","no","BNC"
"BNC-631","A1945USNZHTROX","convince",0,"modal","EP","no","BNC"
"BNC-631","A1GXFMAC759VRM","convince",-2,"modal","EP","no","BNC"
"BNC-634","A3JP7DIFRS0ZBY","convince",2,"modal","AB","no","BNC"
"BNC-634","A1HKCTDOTL6C9I","convince",3,"modal","AB","no","BNC"
"BNC-634","A1R4KVYEV07CAJ","convince",2,"modal","AB","no","BNC"
"BNC-634","A150GMV1YQWWB3","convince",1,"modal","AB","no","BNC"
"BNC-634","A1NM7ZPZ3NH412","convince",2,"modal","AB","no","BNC"
"BNC-634","A1945USNZHTROX","convince",3,"modal","AB","no","BNC"
"BNC-634","A1GXFMAC759VRM","convince",3,"modal","AB","no","BNC"
"BNC-634","A36SM7QM8OK3H6","convince",2,"modal","AB","no","BNC"
"BNC-636","ATADQXPHL10Y8","decide",3,"modal","EP","no","BNC"
"BNC-636","A4J4GGMKJ68L0","decide",3,"modal","EP","no","BNC"
"BNC-636","A28FMRMS9TMEOZ","decide",-1,"modal","EP","no","BNC"
"BNC-636","A110KENBXU7SUJ","decide",-1,"modal","EP","no","BNC"
"BNC-636","A3AFC26CB0AXMI","decide",0,"modal","EP","no","BNC"
"BNC-636","A5EU1AQJNC7F2","decide",1,"modal","EP","no","BNC"
"BNC-636","AOTF48KUV9KWM","decide",0,"modal","EP","no","BNC"
"BNC-636","A32QJF67JMJFKX","decide",2,"modal","EP","no","BNC"
"BNC-636","A3JFUVCSJ8MRVE","decide",0,"modal","EP","no","BNC"
"BNC-636","A36SM7QM8OK3H6","decide",1,"modal","EP","no","BNC"
"BNC-637","AG0X3PQK2FWQJ","decide",0,"modal","EP","no","BNC"
"BNC-637","AMPMTF5IAAMK8","decide",0,"modal","EP","no","BNC"
"BNC-637","A36SM7QM8OK3H6","decide",0,"modal","EP","no","BNC"
"BNC-637","A2JP9IKRHNLRPI","decide",0,"modal","EP","no","BNC"
"BNC-637","A32QJF67JMJFKX","decide",2,"modal","EP","no","BNC"
"BNC-637","A1KGCOR8OXYR72","decide",1,"modal","EP","no","BNC"
"BNC-637","AFYN9EPN2X2SO","decide",0,"modal","EP","no","BNC"
"BNC-637","A1U8RH67FLZW87","decide",0,"modal","EP","no","BNC"
"BNC-637","A5EU1AQJNC7F2","decide",0,"modal","EP","no","BNC"
"BNC-637","A25YG9M911WA3T","decide",0,"modal","EP","no","BNC"
"BNC-638","A30MP4LXV4MIFD","decide",1,"modal","EP","no","BNC"
"BNC-638","A36SM7QM8OK3H6","decide",3,"modal","EP","no","BNC"
"BNC-638","A1QA5EWFMNKGTA","decide",3,"modal","EP","no","BNC"
"BNC-638","A1MJVTR0PCKBWW","decide",3,"modal","EP","no","BNC"
"BNC-638","AUAN582MLI96N","decide",-1,"modal","EP","no","BNC"
"BNC-638","A2S4YDJ9UGAXFQ","decide",0,"modal","EP","no","BNC"
"BNC-638","A32QJF67JMJFKX","decide",3,"modal","EP","no","BNC"
"BNC-638","A4J4GGMKJ68L0","decide",3,"modal","EP","no","BNC"
"BNC-638","AA4KKLIU4C3NY","decide",2,"modal","EP","no","BNC"
"BNC-638","A13PXTFOXDCKBF","decide",3,"modal","EP","no","BNC"
"BNC-638","A1F9KLZGHE9DTA","decide",3,"modal","EP","no","BNC"
"BNC-638","A110KENBXU7SUJ","decide",1,"modal","EP","no","BNC"
"BNC-638","A18LPAFMK1B06K","decide",2,"modal","EP","no","BNC"
"BNC-642","A5EU1AQJNC7F2","decide",3,"modal","EP","no","BNC"
"BNC-642","AZZDXA6TV6737","decide",-2,"modal","EP","no","BNC"
"BNC-642","A1EH9BPKYXFBS5","decide",1,"modal","EP","no","BNC"
"BNC-642","A36SM7QM8OK3H6","decide",-2,"modal","EP","no","BNC"
"BNC-642","A1SIUJEL2LS8UO","decide",3,"modal","EP","no","BNC"
"BNC-642","A10O5YR01H865K","decide",1,"modal","EP","no","BNC"
"BNC-642","A32QJF67JMJFKX","decide",0,"modal","EP","no","BNC"
"BNC-642","A1MJHGH55K3O0","decide",0,"modal","EP","no","BNC"
"BNC-642","A2EOOF9D135HQ1","decide",0,"modal","EP","no","BNC"
"BNC-642","AKLV0WIZZ356X","decide",0,"modal","EP","no","BNC"
"BNC-646","A25YG9M911WA3T","decide",0,"modal","EP","no","BNC"
"BNC-646","A1GXFMAC759VRM","decide",0,"modal","EP","no","BNC"
"BNC-646","A17ELSQUMU0QT6","decide",3,"modal","EP","no","BNC"
"BNC-646","A2AJIRNA6L4IJI","decide",0,"modal","EP","no","BNC"
"BNC-646","A32QJF67JMJFKX","decide",0,"modal","EP","no","BNC"
"BNC-646","ASI2B6A3Y556Z","decide",0,"modal","EP","no","BNC"
"BNC-646","A11UQWFUDNIHIL","decide",0,"modal","EP","no","BNC"
"BNC-646","A36SM7QM8OK3H6","decide",0,"modal","EP","no","BNC"
"BNC-646","A1VQQETLYHKR8D","decide",0,"modal","EP","no","BNC"
"BNC-646","A5EU1AQJNC7F2","decide",0,"modal","EP","no","BNC"
"BNC-650","A2YCMT5BPA0AG9","feel",-2,"modal","AB","no","BNC"
"BNC-650","A1GXFMAC759VRM","feel",3,"modal","AB","no","BNC"
"BNC-650","A2AMQX0BQZXG9N","feel",3,"modal","AB","no","BNC"
"BNC-650","A125KW9P18V5Z1","feel",3,"modal","AB","no","BNC"
"BNC-650","A5EU1AQJNC7F2","feel",3,"modal","AB","no","BNC"
"BNC-650","A1MJVTR0PCKBWW","feel",3,"modal","AB","no","BNC"
"BNC-650","A24LC97AU3QC7G","feel",3,"modal","AB","no","BNC"
"BNC-650","A1X94LTZZQMHTP","feel",2,"modal","AB","no","BNC"
"BNC-650","A36SM7QM8OK3H6","feel",3,"modal","AB","no","BNC"
"BNC-652","A125KW9P18V5Z1","feel",2,"modal","AB","no","BNC"
"BNC-652","A2EOOF9D135HQ1","feel",2,"modal","AB","no","BNC"
"BNC-652","A1GXFMAC759VRM","feel",2,"modal","AB","no","BNC"
"BNC-652","A24LC97AU3QC7G","feel",1,"modal","AB","no","BNC"
"BNC-652","A36SM7QM8OK3H6","feel",2,"modal","AB","no","BNC"
"BNC-652","AKLV0WIZZ356X","feel",2,"modal","AB","no","BNC"
"BNC-652","AFHRMJIHMGLDE","feel",1,"modal","AB","no","BNC"
"BNC-652","A1MJVTR0PCKBWW","feel",2,"modal","AB","no","BNC"
"BNC-654","A12R2U6TBB3OOG","feel",3,"modal","AB","no","BNC"
"BNC-654","A36SM7QM8OK3H6","feel",3,"modal","AB","no","BNC"
"BNC-654","AFN5VMMGYPF1I","feel",3,"modal","AB","no","BNC"
"BNC-654","A1945USNZHTROX","feel",3,"modal","AB","no","BNC"
"BNC-654","A2NA2OJT15COZY","feel",3,"modal","AB","no","BNC"
"BNC-654","A25YG9M911WA3T","feel",3,"modal","AB","no","BNC"
"BNC-654","A1F9KLZGHE9DTA","feel",3,"modal","AB","no","BNC"
"BNC-654","A1GXFMAC759VRM","feel",3,"modal","AB","no","BNC"
"BNC-654","A125KW9P18V5Z1","feel",1,"modal","AB","no","BNC"
"BNC-656","A1DIGREVLNOXT3","feel",0,"modal","EP","no","BNC"
"BNC-656","A2RBF3IIJP15IH","feel",2,"modal","EP","no","BNC"
"BNC-656","A36SM7QM8OK3H6","feel",1,"modal","EP","no","BNC"
"BNC-656","A1GXFMAC759VRM","feel",1,"modal","EP","no","BNC"
"BNC-656","A5EU1AQJNC7F2","feel",1,"modal","EP","no","BNC"
"BNC-656","A1MJVTR0PCKBWW","feel",1,"modal","EP","no","BNC"
"BNC-656","A2AMQX0BQZXG9N","feel",1,"modal","EP","no","BNC"
"BNC-656","A18T67NDI2JK5Y","feel",1,"modal","EP","no","BNC"
"BNC-656","A1HWTTN3JEUNZY","feel",0,"modal","EP","no","BNC"
"BNC-659","A29JSP8G8VTRT4","feel",3,"modal","AB","no","BNC"
"BNC-659","A1GXFMAC759VRM","feel",3,"modal","AB","no","BNC"
"BNC-659","AV22FQTJNBUZT","feel",2,"modal","AB","no","BNC"
"BNC-659","A36SM7QM8OK3H6","feel",3,"modal","AB","no","BNC"
"BNC-659","A12R2U6TBB3OOG","feel",-1,"modal","AB","no","BNC"
"BNC-659","A3D95WOVC1R775","feel",3,"modal","AB","no","BNC"
"BNC-659","A1MJVTR0PCKBWW","feel",0,"modal","AB","no","BNC"
"BNC-659","A125KW9P18V5Z1","feel",3,"modal","AB","no","BNC"
"BNC-662","A5EU1AQJNC7F2","feel",1,"modal","EP","no","BNC"
"BNC-662","A1GXFMAC759VRM","feel",1,"modal","EP","no","BNC"
"BNC-662","A2RBF3IIJP15IH","feel",0,"modal","EP","no","BNC"
"BNC-662","A24LC97AU3QC7G","feel",-1,"modal","EP","no","BNC"
"BNC-662","A1SWTHM03SN731","feel",1,"modal","EP","no","BNC"
"BNC-662","A1MJVTR0PCKBWW","feel",3,"modal","EP","no","BNC"
"BNC-662","A36SM7QM8OK3H6","feel",1,"modal","EP","no","BNC"
"BNC-662","A1F9KLZGHE9DTA","feel",0,"modal","EP","no","BNC"
"BNC-663","A125KW9P18V5Z1","feel",-2,"modal","EP","no","BNC"
"BNC-663","A2P065E9CYMYJL","feel",-1,"modal","EP","no","BNC"
"BNC-663","A16SJ5D3DKUEXJ","feel",-1,"modal","EP","no","BNC"
"BNC-663","A3RDH0U2H6JCBC","feel",1,"modal","EP","no","BNC"
"BNC-663","A1GXFMAC759VRM","feel",-3,"modal","EP","no","BNC"
"BNC-663","A1F9KLZGHE9DTA","feel",-2,"modal","EP","no","BNC"
"BNC-663","A36SM7QM8OK3H6","feel",0,"modal","EP","no","BNC"
"BNC-663","A1Y689M29Q274B","feel",-2,"modal","EP","no","BNC"
"BNC-667","AT5NKCNE7LOAZ","find",2,"modal","EP","yes","BNC"
"BNC-667","AVI7K876BV3QL","find",2,"modal","EP","yes","BNC"
"BNC-667","A1TARNH07A75CG","find",1,"modal","EP","yes","BNC"
"BNC-667","A1F9KLZGHE9DTA","find",2,"modal","EP","yes","BNC"
"BNC-667","A24F1UPER626KR","find",1,"modal","EP","yes","BNC"
"BNC-667","A1HKCTDOTL6C9I","find",2,"modal","EP","yes","BNC"
"BNC-667","A1GXFMAC759VRM","find",1,"modal","EP","yes","BNC"
"BNC-667","A23KAJRDVCVGOE","find",-2,"modal","EP","yes","BNC"
"BNC-668","A228YSXU6H27QT","find",-3,"modal","CI","yes","BNC"
"BNC-668","A13PXTFOXDCKBF","find",-2,"modal","CI","yes","BNC"
"BNC-668","A1GXFMAC759VRM","find",3,"modal","CI","yes","BNC"
"BNC-668","A3UTFL5JHRQCM1","find",3,"modal","CI","yes","BNC"
"BNC-668","A1MJVTR0PCKBWW","find",3,"modal","CI","yes","BNC"
"BNC-668","A5EU1AQJNC7F2","find",3,"modal","CI","yes","BNC"
"BNC-668","A36SM7QM8OK3H6","find",3,"modal","CI","yes","BNC"
"BNC-668","A7KLTVEIASF4J","find",0,"modal","CI","yes","BNC"
"BNC-67","A150GMV1YQWWB3","feel",0,"conditional","none","no","BNC"
"BNC-67","A1945USNZHTROX","feel",3,"conditional","none","no","BNC"
"BNC-67","A36SM7QM8OK3H6","feel",1,"conditional","none","no","BNC"
"BNC-67","A1DIGREVLNOXT3","feel",-1,"conditional","none","no","BNC"
"BNC-67","A3GZYWA9S6J0K9","feel",-1,"conditional","none","no","BNC"
"BNC-67","A1GXFMAC759VRM","feel",-1,"conditional","none","no","BNC"
"BNC-67","A25YG9M911WA3T","feel",0,"conditional","none","no","BNC"
"BNC-67","A1MJVTR0PCKBWW","feel",2,"conditional","none","no","BNC"
"BNC-670","A1MJVTR0PCKBWW","find",3,"modal","AB","yes","BNC"
"BNC-670","A1GXFMAC759VRM","find",2,"modal","AB","yes","BNC"
"BNC-670","A37XJVQF62ZYC","find",-3,"modal","AB","yes","BNC"
"BNC-670","A18GLXN59JTX9F","find",0,"modal","AB","yes","BNC"
"BNC-670","AVI7K876BV3QL","find",0,"modal","AB","yes","BNC"
"BNC-670","A2P065E9CYMYJL","find",-2,"modal","AB","yes","BNC"
"BNC-670","A5EU1AQJNC7F2","find",2,"modal","AB","yes","BNC"
"BNC-670","A2HHKBW8HQWI66","find",-2,"modal","AB","yes","BNC"
"BNC-670","A1X94LTZZQMHTP","find",0,"modal","AB","yes","BNC"
"BNC-672","A1U8RH67FLZW87","find",0,"modal","EP","yes","BNC"
"BNC-672","A1GXFMAC759VRM","find",1,"modal","EP","yes","BNC"
"BNC-672","A3GZYWA9S6J0K9","find",2,"modal","EP","yes","BNC"
"BNC-672","A1MJVTR0PCKBWW","find",2,"modal","EP","yes","BNC"
"BNC-672","A2GBV3YLSRW4SH","find",3,"modal","EP","yes","BNC"
"BNC-672","A3N7MZOSXM4JHR","find",3,"modal","EP","yes","BNC"
"BNC-672","A1F9KLZGHE9DTA","find",1,"modal","EP","yes","BNC"
"BNC-672","A5EU1AQJNC7F2","find",1,"modal","EP","yes","BNC"
"BNC-672","A13NKDUD6JU094","find",-1,"modal","EP","yes","BNC"
"BNC-681","A150GMV1YQWWB3","find",0,"modal","AB","yes","BNC"
"BNC-681","A1DIGREVLNOXT3","find",0,"modal","AB","yes","BNC"
"BNC-681","A1MJVTR0PCKBWW","find",3,"modal","AB","yes","BNC"
"BNC-681","A25YG9M911WA3T","find",0,"modal","AB","yes","BNC"
"BNC-681","A36SM7QM8OK3H6","find",1,"modal","AB","yes","BNC"
"BNC-681","A3GZYWA9S6J0K9","find",0,"modal","AB","yes","BNC"
"BNC-681","A1945USNZHTROX","find",3,"modal","AB","yes","BNC"
"BNC-681","A1GXFMAC759VRM","find",1,"modal","AB","yes","BNC"
"BNC-698","A207149DHAS89K","find",3,"modal","AB","yes","BNC"
"BNC-698","A25YG9M911WA3T","find",1,"modal","AB","yes","BNC"
"BNC-698","A1GXFMAC759VRM","find",1,"modal","AB","yes","BNC"
"BNC-698","A1MJVTR0PCKBWW","find",3,"modal","AB","yes","BNC"
"BNC-698","A36SM7QM8OK3H6","find",1,"modal","AB","yes","BNC"
"BNC-698","A150GMV1YQWWB3","find",0,"modal","AB","yes","BNC"
"BNC-698","A36MTY8RSWBZU7","find",1,"modal","AB","yes","BNC"
"BNC-698","A3GPTSDDHJ2DBV","find",3,"modal","AB","yes","BNC"
"BNC-698","A1945USNZHTROX","find",3,"modal","AB","yes","BNC"
"BNC-703","A1GXFMAC759VRM","forget",3,"modal","EP","yes","BNC"
"BNC-703","A150GMV1YQWWB3","forget",2,"modal","EP","yes","BNC"
"BNC-703","A1MJHGH55K3O0","forget",3,"modal","EP","yes","BNC"
"BNC-703","A25YG9M911WA3T","forget",3,"modal","EP","yes","BNC"
"BNC-703","A36SM7QM8OK3H6","forget",3,"modal","EP","yes","BNC"
"BNC-703","ASI2B6A3Y556Z","forget",3,"modal","EP","yes","BNC"
"BNC-703","AD8JNBDMO3NED","forget",1,"modal","EP","yes","BNC"
"BNC-703","A3M26P1CBNLA4U","forget",3,"modal","EP","yes","BNC"
"BNC-703","A1945USNZHTROX","forget",3,"modal","EP","yes","BNC"
"BNC-704","A1Y0Y6U906ABT5","forget",2,"modal","EP","yes","BNC"
"BNC-704","AOVN1TVNI7HJ7","forget",3,"modal","EP","yes","BNC"
"BNC-704","A22ABLVEI5EGPL","forget",3,"modal","EP","yes","BNC"
"BNC-704","ASI2B6A3Y556Z","forget",3,"modal","EP","yes","BNC"
"BNC-704","A333BXH5ATXBHC","forget",0,"modal","EP","yes","BNC"
"BNC-704","APITQRRX2PADB","forget",3,"modal","EP","yes","BNC"
"BNC-704","A39GADIK8RLMVC","forget",0,"modal","EP","yes","BNC"
"BNC-704","A1QVNF19XSRSD7","forget",1,"modal","EP","yes","BNC"
"BNC-705","A3843S9LWPDN2K","forget",3,"modal","EP","yes","BNC"
"BNC-705","A1GXFMAC759VRM","forget",3,"modal","EP","yes","BNC"
"BNC-705","A2CF2BD4Q0ZDJN","forget",3,"modal","EP","yes","BNC"
"BNC-705","A2BA9Y6VGW6WS1","forget",3,"modal","EP","yes","BNC"
"BNC-705","A1DIGREVLNOXT3","forget",2,"modal","EP","yes","BNC"
"BNC-705","A1MJVTR0PCKBWW","forget",3,"modal","EP","yes","BNC"
"BNC-705","A36SM7QM8OK3H6","forget",3,"modal","EP","yes","BNC"
"BNC-705","A2RRC5B4M80XXO","forget",2,"modal","EP","yes","BNC"
"BNC-706","A2NA2OJT15COZY","forget",0,"modal","EP","yes","BNC"
"BNC-706","A16SAB417Y96G4","forget",1,"modal","EP","yes","BNC"
"BNC-706","A3VVR8NR3ED04C","forget",1,"modal","EP","yes","BNC"
"BNC-706","A2M45YGLOWMO4N","forget",-1,"modal","EP","yes","BNC"
"BNC-706","AFN5VMMGYPF1I","forget",0,"modal","EP","yes","BNC"
"BNC-706","A36SM7QM8OK3H6","forget",3,"modal","EP","yes","BNC"
"BNC-706","A1DIGREVLNOXT3","forget",0,"modal","EP","yes","BNC"
"BNC-706","A2BA9Y6VGW6WS1","forget",1,"modal","EP","yes","BNC"
"BNC-706","AKLV0WIZZ356X","forget",0,"modal","EP","yes","BNC"
"BNC-709","A3609GDWR2JCCA","guess",0,"modal","EP","no","BNC"
"BNC-709","A2SENAPNSXG9L","guess",0,"modal","EP","no","BNC"
"BNC-709","A217W59SA6LZSR","guess",0,"modal","EP","no","BNC"
"BNC-709","A25YG9M911WA3T","guess",-2,"modal","EP","no","BNC"
"BNC-709","A1TARNH07A75CG","guess",0,"modal","EP","no","BNC"
"BNC-709","AFN5VMMGYPF1I","guess",1,"modal","EP","no","BNC"
"BNC-709","A1945USNZHTROX","guess",1,"modal","EP","no","BNC"
"BNC-709","A36SM7QM8OK3H6","guess",1,"modal","EP","no","BNC"
"BNC-709","A2KVYRNL2CK95F","guess",3,"modal","EP","no","BNC"
"BNC-713","A2541C8MY0BYV3","guess",2,"modal","EP","no","BNC"
"BNC-713","A12R2U6TBB3OOG","guess",3,"modal","EP","no","BNC"
"BNC-713","A1945USNZHTROX","guess",3,"modal","EP","no","BNC"
"BNC-713","A25YG9M911WA3T","guess",2,"modal","EP","no","BNC"
"BNC-713","A150GMV1YQWWB3","guess",2,"modal","EP","no","BNC"
"BNC-713","A5EU1AQJNC7F2","guess",2,"modal","EP","no","BNC"
"BNC-713","A1MJVTR0PCKBWW","guess",3,"modal","EP","no","BNC"
"BNC-713","A36SM7QM8OK3H6","guess",2,"modal","EP","no","BNC"
"BNC-714","A1GXFMAC759VRM","guess",2,"modal","AB","no","BNC"
"BNC-714","A25YG9M911WA3T","guess",1,"modal","AB","no","BNC"
"BNC-714","AFN5VMMGYPF1I","guess",3,"modal","AB","no","BNC"
"BNC-714","A1945USNZHTROX","guess",3,"modal","AB","no","BNC"
"BNC-714","A3LJ2FHESYV9QQ","guess",2,"modal","AB","no","BNC"
"BNC-714","A150GMV1YQWWB3","guess",1,"modal","AB","no","BNC"
"BNC-714","A36SM7QM8OK3H6","guess",1,"modal","AB","no","BNC"
"BNC-714","A2BA9Y6VGW6WS1","guess",2,"modal","AB","no","BNC"
"BNC-717","A25YG9M911WA3T","guess",-2,"modal","AB","no","BNC"
"BNC-717","A1GXFMAC759VRM","guess",1,"modal","AB","no","BNC"
"BNC-717","A150GMV1YQWWB3","guess",0,"modal","AB","no","BNC"
"BNC-717","A1945USNZHTROX","guess",1,"modal","AB","no","BNC"
"BNC-717","A10BH9PYCYUKDJ","guess",0,"modal","AB","no","BNC"
"BNC-717","A2BA9Y6VGW6WS1","guess",-1,"modal","AB","no","BNC"
"BNC-717","A3609GDWR2JCCA","guess",2,"modal","AB","no","BNC"
"BNC-717","A36SM7QM8OK3H6","guess",1,"modal","AB","no","BNC"
"BNC-717","A3LJ2FHESYV9QQ","guess",0,"modal","AB","no","BNC"
"BNC-720","AFN5VMMGYPF1I","guess",3,"modal","CI","no","BNC"
"BNC-720","A1945USNZHTROX","guess",3,"modal","CI","no","BNC"
"BNC-720","A25YG9M911WA3T","guess",2,"modal","CI","no","BNC"
"BNC-720","A150GMV1YQWWB3","guess",2,"modal","CI","no","BNC"
"BNC-720","A1F3P6N7BO9HBN","guess",3,"modal","CI","no","BNC"
"BNC-720","A2W8ZV9DQWVHJK","guess",0,"modal","CI","no","BNC"
"BNC-720","A3LJ2FHESYV9QQ","guess",1,"modal","CI","no","BNC"
"BNC-720","A2BA9Y6VGW6WS1","guess",2,"modal","CI","no","BNC"
"BNC-720","A36SM7QM8OK3H6","guess",2,"modal","CI","no","BNC"
"BNC-725","A3LJ2FHESYV9QQ","guess",2,"modal","AB","no","BNC"
"BNC-725","A2541C8MY0BYV3","guess",2,"modal","AB","no","BNC"
"BNC-725","A3OXRDSUN9F10I","guess",3,"modal","AB","no","BNC"
"BNC-725","A25YG9M911WA3T","guess",2,"modal","AB","no","BNC"
"BNC-725","A150GMV1YQWWB3","guess",1,"modal","AB","no","BNC"
"BNC-725","A36SM7QM8OK3H6","guess",1,"modal","AB","no","BNC"
"BNC-725","A1GXFMAC759VRM","guess",3,"modal","AB","no","BNC"
"BNC-725","A1945USNZHTROX","guess",3,"modal","AB","no","BNC"
"BNC-725","A3RVYJNYREMTAH","guess",3,"modal","AB","no","BNC"
"BNC-726","A36SM7QM8OK3H6","hear",2,"modal","AB","no","BNC"
"BNC-726","A3609GDWR2JCCA","hear",3,"modal","AB","no","BNC"
"BNC-726","A150GMV1YQWWB3","hear",2,"modal","AB","no","BNC"
"BNC-726","AR1IWBDA7MC86","hear",2,"modal","AB","no","BNC"
"BNC-726","A2W3I2GBGDB637","hear",2,"modal","AB","no","BNC"
"BNC-726","A25YG9M911WA3T","hear",3,"modal","AB","no","BNC"
"BNC-726","A1GXFMAC759VRM","hear",3,"modal","AB","no","BNC"
"BNC-726","A1MJVTR0PCKBWW","hear",2,"modal","AB","no","BNC"
"BNC-727","A36SM7QM8OK3H6","hear",1,"modal","EP","no","BNC"
"BNC-727","A25YG9M911WA3T","hear",2,"modal","EP","no","BNC"
"BNC-727","A1GXFMAC759VRM","hear",2,"modal","EP","no","BNC"
"BNC-727","A2EOOF9D135HQ1","hear",0,"modal","EP","no","BNC"
"BNC-727","A150GMV1YQWWB3","hear",2,"modal","EP","no","BNC"
"BNC-727","A3L2UB07EZJAMD","hear",3,"modal","EP","no","BNC"
"BNC-727","A1MJVTR0PCKBWW","hear",2,"modal","EP","no","BNC"
"BNC-727","A33NK36A94Y75Y","hear",-2,"modal","EP","no","BNC"
"BNC-727","AZIY6IFOS4CVC","hear",-1,"modal","EP","no","BNC"
"BNC-733","A36SM7QM8OK3H6","hear",2,"modal","EP","no","BNC"
"BNC-733","A1GXFMAC759VRM","hear",2,"modal","EP","no","BNC"
"BNC-733","A28SYXQL3YOKVL","hear",3,"modal","EP","no","BNC"
"BNC-733","A3VVR8NR3ED04C","hear",2,"modal","EP","no","BNC"
"BNC-733","A24LC97AU3QC7G","hear",0,"modal","EP","no","BNC"
"BNC-733","A3GZYWA9S6J0K9","hear",0,"modal","EP","no","BNC"
"BNC-733","A25YG9M911WA3T","hear",3,"modal","EP","no","BNC"
"BNC-733","A1945USNZHTROX","hear",3,"modal","EP","no","BNC"
"BNC-733","A3GPTSDDHJ2DBV","hear",2,"modal","EP","no","BNC"
"BNC-736","A1GXFMAC759VRM","hear",0,"modal","EP","no","BNC"
"BNC-736","A2541C8MY0BYV3","hear",0,"modal","EP","no","BNC"
"BNC-736","A3GPTSDDHJ2DBV","hear",0,"modal","EP","no","BNC"
"BNC-736","A36SM7QM8OK3H6","hear",0,"modal","EP","no","BNC"
"BNC-736","A150GMV1YQWWB3","hear",0,"modal","EP","no","BNC"
"BNC-736","A3U761PEG7MFKT","hear",0,"modal","EP","no","BNC"
"BNC-736","A25YG9M911WA3T","hear",-1,"modal","EP","no","BNC"
"BNC-736","A1945USNZHTROX","hear",2,"modal","EP","no","BNC"
"BNC-738","A2W3I2GBGDB637","hear",3,"modal","AB","no","BNC"
"BNC-738","A3VVR8NR3ED04C","hear",3,"modal","AB","no","BNC"
"BNC-738","A1GXFMAC759VRM","hear",3,"modal","AB","no","BNC"
"BNC-738","A25YG9M911WA3T","hear",3,"modal","AB","no","BNC"
"BNC-738","A36SM7QM8OK3H6","hear",3,"modal","AB","no","BNC"
"BNC-738","A2541C8MY0BYV3","hear",3,"modal","AB","no","BNC"
"BNC-738","A1945USNZHTROX","hear",3,"modal","AB","no","BNC"
"BNC-738","A1MJVTR0PCKBWW","hear",3,"modal","AB","no","BNC"
"BNC-747","A2ET3KM3IE33MM","hope",-1,"modal","AB","no","BNC"
"BNC-747","A2541C8MY0BYV3","hope",0,"modal","AB","no","BNC"
"BNC-747","A3VVR8NR3ED04C","hope",0,"modal","AB","no","BNC"
"BNC-747","A36SM7QM8OK3H6","hope",0,"modal","AB","no","BNC"
"BNC-747","A25YG9M911WA3T","hope",0,"modal","AB","no","BNC"
"BNC-747","AY7WPVKHVNBLG","hope",0,"modal","AB","no","BNC"
"BNC-747","AUAN582MLI96N","hope",0,"modal","AB","no","BNC"
"BNC-747","A1GXFMAC759VRM","hope",0,"modal","AB","no","BNC"
"BNC-747","A9YFIKDWDS4N4","hope",0,"modal","AB","no","BNC"
"BNC-748","A3RVYJNYREMTAH","hope",0,"modal","AB","no","BNC"
"BNC-748","A1R6ZLM9V362F7","hope",1,"modal","AB","no","BNC"
"BNC-748","A35C12CR628WKD","hope",0,"modal","AB","no","BNC"
"BNC-748","A3GPTSDDHJ2DBV","hope",0,"modal","AB","no","BNC"
"BNC-748","A36SM7QM8OK3H6","hope",0,"modal","AB","no","BNC"
"BNC-748","A1X94LTZZQMHTP","hope",2,"modal","AB","no","BNC"
"BNC-748","A34VY22YEREOOI","hope",2,"modal","AB","no","BNC"
"BNC-748","A3CF8ULBSE8MTL","hope",-1,"modal","AB","no","BNC"
"BNC-751","A25YG9M911WA3T","hope",0,"modal","AB","no","BNC"
"BNC-751","A36SM7QM8OK3H6","hope",0,"modal","AB","no","BNC"
"BNC-751","A3GPTSDDHJ2DBV","hope",0,"modal","AB","no","BNC"
"BNC-751","A1945USNZHTROX","hope",3,"modal","AB","no","BNC"
"BNC-751","A3VVR8NR3ED04C","hope",1,"modal","AB","no","BNC"
"BNC-751","A3GZYWA9S6J0K9","hope",2,"modal","AB","no","BNC"
"BNC-751","A24LC97AU3QC7G","hope",0,"modal","AB","no","BNC"
"BNC-751","A1GXFMAC759VRM","hope",0,"modal","AB","no","BNC"
"BNC-751","A28SYXQL3YOKVL","hope",0,"modal","AB","no","BNC"
"BNC-752","A1GXFMAC759VRM","hope",0,"modal","AB","no","BNC"
"BNC-752","A2WCXJZEXXR60A","hope",0,"modal","AB","no","BNC"
"BNC-752","A1X258MWJFEMTW","hope",1,"modal","AB","no","BNC"
"BNC-752","A1NM7ZPZ3NH412","hope",0,"modal","AB","no","BNC"
"BNC-752","A17PAQSQ74L915","hope",0,"modal","AB","no","BNC"
"BNC-752","A1MJVTR0PCKBWW","hope",0,"modal","AB","no","BNC"
"BNC-752","A149ROBL26JWPJ","hope",0,"modal","AB","no","BNC"
"BNC-752","AZMOA8ONG0D2U","hope",1,"modal","AB","no","BNC"
"BNC-752","A27MJOV91GA8R3","hope",1,"modal","AB","no","BNC"
"BNC-753","A150GMV1YQWWB3","hope",0,"modal","AB","no","BNC"
"BNC-753","A1GXFMAC759VRM","hope",0,"modal","AB","no","BNC"
"BNC-753","A2NT3OQZUUZPEO","hope",-1,"modal","AB","no","BNC"
"BNC-753","A1945USNZHTROX","hope",1,"modal","AB","no","BNC"
"BNC-753","A1MJVTR0PCKBWW","hope",0,"modal","AB","no","BNC"
"BNC-753","A36SM7QM8OK3H6","hope",0,"modal","AB","no","BNC"
"BNC-753","A240OTT1T85UGT","hope",0,"modal","AB","no","BNC"
"BNC-753","A3QAHF4UUBM7ZO","hope",0,"modal","AB","no","BNC"
"BNC-753","A75XDPFNICR3T","hope",0,"modal","AB","no","BNC"
"BNC-754","A36SM7QM8OK3H6","hope",1,"modal","AB","no","BNC"
"BNC-754","A25YG9M911WA3T","hope",0,"modal","AB","no","BNC"
"BNC-754","A3VVR8NR3ED04C","hope",0,"modal","AB","no","BNC"
"BNC-754","A2541C8MY0BYV3","hope",1,"modal","AB","no","BNC"
"BNC-754","A1MJVTR0PCKBWW","hope",0,"modal","AB","no","BNC"
"BNC-754","A1RT9SQ9D9DLOV","hope",0,"modal","AB","no","BNC"
"BNC-754","A4IH4CO046EV3","hope",-1,"modal","AB","no","BNC"
"BNC-754","A1GXFMAC759VRM","hope",1,"modal","AB","no","BNC"
"BNC-756","A36SM7QM8OK3H6","hope",0,"modal","AB","no","BNC"
"BNC-756","A3SGZ8OQXW5TQD","hope",0,"modal","AB","no","BNC"
"BNC-756","A240OTT1T85UGT","hope",-1,"modal","AB","no","BNC"
"BNC-756","A1PT63J40GNSZF","hope",0,"modal","AB","no","BNC"
"BNC-756","A2OVX9UW5WANQE","hope",0,"modal","AB","no","BNC"
"BNC-756","A5EU1AQJNC7F2","hope",0,"modal","AB","no","BNC"
"BNC-756","A1MJVTR0PCKBWW","hope",1,"modal","AB","no","BNC"
"BNC-756","A1NM7ZPZ3NH412","hope",0,"modal","AB","no","BNC"
"BNC-756","A1GXFMAC759VRM","hope",0,"modal","AB","no","BNC"
"BNC-757","AFUX7IUQOE0NA","hope",-2,"modal","EP","no","BNC"
"BNC-757","A2541C8MY0BYV3","hope",1,"modal","EP","no","BNC"
"BNC-757","A3LC6M2EMDBBXP","hope",-2,"modal","EP","no","BNC"
"BNC-757","A24LC97AU3QC7G","hope",-3,"modal","EP","no","BNC"
"BNC-757","A2LMQ4497NMK3S","hope",-3,"modal","EP","no","BNC"
"BNC-757","A28HB7240OFGEW","hope",-3,"modal","EP","no","BNC"
"BNC-757","ANVAFB99K5RKP","hope",0,"modal","EP","no","BNC"
"BNC-757","A36SM7QM8OK3H6","hope",-2,"modal","EP","no","BNC"
"BNC-759","A1NM7ZPZ3NH412","hope",-1,"modal","EP","no","BNC"
"BNC-759","A25YG9M911WA3T","hope",-2,"modal","EP","no","BNC"
"BNC-759","A36SM7QM8OK3H6","hope",-2,"modal","EP","no","BNC"
"BNC-759","A2AMQX0BQZXG9N","hope",-2,"modal","EP","no","BNC"
"BNC-759","A3UEJQ4EJB9DBD","hope",-2,"modal","EP","no","BNC"
"BNC-759","A1GXFMAC759VRM","hope",0,"modal","EP","no","BNC"
"BNC-759","A1MJVTR0PCKBWW","hope",-2,"modal","EP","no","BNC"
"BNC-759","A2WC2NO555XU3J","hope",-2,"modal","EP","no","BNC"
"BNC-759","A150GMV1YQWWB3","hope",-2,"modal","EP","no","BNC"
"BNC-760","A1MJVTR0PCKBWW","hope",0,"modal","AB","no","BNC"
"BNC-760","A3609GDWR2JCCA","hope",0,"modal","AB","no","BNC"
"BNC-760","A1GXFMAC759VRM","hope",0,"modal","AB","no","BNC"
"BNC-760","A36SM7QM8OK3H6","hope",0,"modal","AB","no","BNC"
"BNC-760","A3LJ2FHESYV9QQ","hope",0,"modal","AB","no","BNC"
"BNC-760","A1NM7ZPZ3NH412","hope",0,"modal","AB","no","BNC"
"BNC-760","A4J4GGMKJ68L0","hope",0,"modal","AB","no","BNC"
"BNC-760","A1DIGREVLNOXT3","hope",0,"modal","AB","no","BNC"
"BNC-761","A1945USNZHTROX","hope",1,"modal","AB","no","BNC"
"BNC-761","A25YG9M911WA3T","hope",0,"modal","AB","no","BNC"
"BNC-761","A1GXFMAC759VRM","hope",0,"modal","AB","no","BNC"
"BNC-761","A1MJVTR0PCKBWW","hope",-3,"modal","AB","no","BNC"
"BNC-761","A2CF2BD4Q0ZDJN","hope",0,"modal","AB","no","BNC"
"BNC-761","A1NM7ZPZ3NH412","hope",0,"modal","AB","no","BNC"
"BNC-761","A36SM7QM8OK3H6","hope",0,"modal","AB","no","BNC"
"BNC-761","ADKKDK6P4MS1Z","hope",-2,"modal","AB","no","BNC"
"BNC-763","A18SXC3JEN1O0U","hope",-1,"modal","AB","no","BNC"
"BNC-763","A3GPTSDDHJ2DBV","hope",0,"modal","AB","no","BNC"
"BNC-763","A34VY22YEREOOI","hope",0,"modal","AB","no","BNC"
"BNC-763","A1MJVTR0PCKBWW","hope",0,"modal","AB","no","BNC"
"BNC-763","A36SM7QM8OK3H6","hope",0,"modal","AB","no","BNC"
"BNC-763","A150GMV1YQWWB3","hope",0,"modal","AB","no","BNC"
"BNC-763","A2541C8MY0BYV3","hope",1,"modal","AB","no","BNC"
"BNC-763","A25YG9M911WA3T","hope",0,"modal","AB","no","BNC"
"BNC-763","A1GXFMAC759VRM","hope",0,"modal","AB","no","BNC"
"BNC-766","A27MJOV91GA8R3","hope",0,"modal","AB","no","BNC"
"BNC-766","A1NM7ZPZ3NH412","hope",0,"modal","AB","no","BNC"
"BNC-766","A2AMQX0BQZXG9N","hope",0,"modal","AB","no","BNC"
"BNC-766","A240OTT1T85UGT","hope",0,"modal","AB","no","BNC"
"BNC-766","AZMOA8ONG0D2U","hope",2,"modal","AB","no","BNC"
"BNC-766","A1MJVTR0PCKBWW","hope",3,"modal","AB","no","BNC"
"BNC-766","A36SM7QM8OK3H6","hope",0,"modal","AB","no","BNC"
"BNC-766","A2OVX9UW5WANQE","hope",0,"modal","AB","no","BNC"
"BNC-766","A1GXFMAC759VRM","hope",1,"modal","AB","no","BNC"
"BNC-774","A2NT3OQZUUZPEO","hope",1,"modal","AB","no","BNC"
"BNC-774","A1MJVTR0PCKBWW","hope",0,"modal","AB","no","BNC"
"BNC-774","A36SM7QM8OK3H6","hope",0,"modal","AB","no","BNC"
"BNC-774","A2OVX9UW5WANQE","hope",0,"modal","AB","no","BNC"
"BNC-774","A1Q0N5H1DXMK0V","hope",0,"modal","AB","no","BNC"
"BNC-774","A1DIGREVLNOXT3","hope",0,"modal","AB","no","BNC"
"BNC-774","A207149DHAS89K","hope",0,"modal","AB","no","BNC"
"BNC-774","A1GXFMAC759VRM","hope",0,"modal","AB","no","BNC"
"BNC-780","A150GMV1YQWWB3","imagine",1,"modal","AB","no","BNC"
"BNC-780","A1NM7ZPZ3NH412","imagine",3,"modal","AB","no","BNC"
"BNC-780","A2WC2NO555XU3J","imagine",0,"modal","AB","no","BNC"
"BNC-780","A2AMQX0BQZXG9N","imagine",1,"modal","AB","no","BNC"
"BNC-780","A25YG9M911WA3T","imagine",2,"modal","AB","no","BNC"
"BNC-780","A36SM7QM8OK3H6","imagine",2,"modal","AB","no","BNC"
"BNC-780","A1GXFMAC759VRM","imagine",1,"modal","AB","no","BNC"
"BNC-780","A3UEJQ4EJB9DBD","imagine",1,"modal","AB","no","BNC"
"BNC-780","A1MJVTR0PCKBWW","imagine",2,"modal","AB","no","BNC"
"BNC-782","A25YG9M911WA3T","imagine",0,"modal","AB","no","BNC"
"BNC-782","A150GMV1YQWWB3","imagine",0,"modal","AB","no","BNC"
"BNC-782","A36SM7QM8OK3H6","imagine",1,"modal","AB","no","BNC"
"BNC-782","A1MJVTR0PCKBWW","imagine",2,"modal","AB","no","BNC"
"BNC-782","A1DIGREVLNOXT3","imagine",1,"modal","AB","no","BNC"
"BNC-782","A1945USNZHTROX","imagine",3,"modal","AB","no","BNC"
"BNC-782","A3GZYWA9S6J0K9","imagine",1,"modal","AB","no","BNC"
"BNC-782","A1GXFMAC759VRM","imagine",1,"modal","AB","no","BNC"
"BNC-783","A1X94LTZZQMHTP","imagine",2,"modal","AB","no","BNC"
"BNC-783","A2P065E9CYMYJL","imagine",2,"modal","AB","no","BNC"
"BNC-783","AVI7K876BV3QL","imagine",-2,"modal","AB","no","BNC"
"BNC-783","A37XJVQF62ZYC","imagine",-1,"modal","AB","no","BNC"
"BNC-783","A1MJVTR0PCKBWW","imagine",2,"modal","AB","no","BNC"
"BNC-783","A5EU1AQJNC7F2","imagine",1,"modal","AB","no","BNC"
"BNC-783","A1GXFMAC759VRM","imagine",-2,"modal","AB","no","BNC"
"BNC-783","A18GLXN59JTX9F","imagine",1,"modal","AB","no","BNC"
"BNC-783","A2HHKBW8HQWI66","imagine",-3,"modal","AB","no","BNC"
"BNC-784","A24F1UPER626KR","imagine",0,"modal","EP","no","BNC"
"BNC-784","AT5NKCNE7LOAZ","imagine",0,"modal","EP","no","BNC"
"BNC-784","A1GXFMAC759VRM","imagine",0,"modal","EP","no","BNC"
"BNC-784","A1HKCTDOTL6C9I","imagine",2,"modal","EP","no","BNC"
"BNC-784","A1TARNH07A75CG","imagine",0,"modal","EP","no","BNC"
"BNC-784","A1F9KLZGHE9DTA","imagine",2,"modal","EP","no","BNC"
"BNC-784","A23KAJRDVCVGOE","imagine",2,"modal","EP","no","BNC"
"BNC-784","AVI7K876BV3QL","imagine",0,"modal","EP","no","BNC"
"BNC-786","A1GXFMAC759VRM","imagine",-2,"modal","AB","no","BNC"
"BNC-786","A3SGZ8OQXW5TQD","imagine",-2,"modal","AB","no","BNC"
"BNC-786","A240OTT1T85UGT","imagine",-3,"modal","AB","no","BNC"
"BNC-786","A1PT63J40GNSZF","imagine",1,"modal","AB","no","BNC"
"BNC-786","A2OVX9UW5WANQE","imagine",-3,"modal","AB","no","BNC"
"BNC-786","A1NM7ZPZ3NH412","imagine",-2,"modal","AB","no","BNC"
"BNC-786","A36SM7QM8OK3H6","imagine",-3,"modal","AB","no","BNC"
"BNC-786","A1MJVTR0PCKBWW","imagine",-3,"modal","AB","no","BNC"
"BNC-786","A5EU1AQJNC7F2","imagine",1,"modal","AB","no","BNC"
"BNC-787","A25YG9M911WA3T","imagine",-3,"modal","AB","no","BNC"
"BNC-787","A36SM7QM8OK3H6","imagine",-3,"modal","AB","no","BNC"
"BNC-787","A36MTY8RSWBZU7","imagine",-3,"modal","AB","no","BNC"
"BNC-787","A1MJVTR0PCKBWW","imagine",-3,"modal","AB","no","BNC"
"BNC-787","A150GMV1YQWWB3","imagine",-2,"modal","AB","no","BNC"
"BNC-787","A3GPTSDDHJ2DBV","imagine",3,"modal","AB","no","BNC"
"BNC-787","A1945USNZHTROX","imagine",-3,"modal","AB","no","BNC"
"BNC-787","A207149DHAS89K","imagine",-3,"modal","AB","no","BNC"
"BNC-787","A1GXFMAC759VRM","imagine",-3,"modal","AB","no","BNC"
"BNC-788","A36SM7QM8OK3H6","imagine",-2,"modal","AB","no","BNC"
"BNC-788","A25YG9M911WA3T","imagine",-3,"modal","AB","no","BNC"
"BNC-788","AFN5VMMGYPF1I","imagine",3,"modal","AB","no","BNC"
"BNC-788","A2SENAPNSXG9L","imagine",3,"modal","AB","no","BNC"
"BNC-788","A1GXFMAC759VRM","imagine",-1,"modal","AB","no","BNC"
"BNC-788","A1945USNZHTROX","imagine",-3,"modal","AB","no","BNC"
"BNC-788","A3PIAHR6PGXZNT","imagine",2,"modal","AB","no","BNC"
"BNC-788","A1NM7ZPZ3NH412","imagine",-1,"modal","AB","no","BNC"
"BNC-790","A1DIGREVLNOXT3","imagine",-3,"modal","EP","no","BNC"
"BNC-790","A3LJ2FHESYV9QQ","imagine",0,"modal","EP","no","BNC"
"BNC-790","A3609GDWR2JCCA","imagine",-2,"modal","EP","no","BNC"
"BNC-790","A36SM7QM8OK3H6","imagine",-3,"modal","EP","no","BNC"
"BNC-790","A1MJVTR0PCKBWW","imagine",-1,"modal","EP","no","BNC"
"BNC-790","A4J4GGMKJ68L0","imagine",-3,"modal","EP","no","BNC"
"BNC-790","A1NM7ZPZ3NH412","imagine",1,"modal","EP","no","BNC"
"BNC-790","A1GXFMAC759VRM","imagine",-2,"modal","EP","no","BNC"
"BNC-791","A5EU1AQJNC7F2","imagine",2,"modal","AB","no","BNC"
"BNC-791","A228YSXU6H27QT","imagine",-1,"modal","AB","no","BNC"
"BNC-791","A1GXFMAC759VRM","imagine",2,"modal","AB","no","BNC"
"BNC-791","A7KLTVEIASF4J","imagine",1,"modal","AB","no","BNC"
"BNC-791","A3UTFL5JHRQCM1","imagine",1,"modal","AB","no","BNC"
"BNC-791","A36SM7QM8OK3H6","imagine",1,"modal","AB","no","BNC"
"BNC-791","A13PXTFOXDCKBF","imagine",2,"modal","AB","no","BNC"
"BNC-791","A1MJVTR0PCKBWW","imagine",1,"modal","AB","no","BNC"
"BNC-792","ADKKDK6P4MS1Z","imagine",-2,"modal","AB","no","BNC"
"BNC-792","A2CF2BD4Q0ZDJN","imagine",-2,"modal","AB","no","BNC"
"BNC-792","A36SM7QM8OK3H6","imagine",-2,"modal","AB","no","BNC"
"BNC-792","A1NM7ZPZ3NH412","imagine",-3,"modal","AB","no","BNC"
"BNC-792","A1GXFMAC759VRM","imagine",-1,"modal","AB","no","BNC"
"BNC-792","A25YG9M911WA3T","imagine",-2,"modal","AB","no","BNC"
"BNC-792","A1945USNZHTROX","imagine",3,"modal","AB","no","BNC"
"BNC-792","A1MJVTR0PCKBWW","imagine",-3,"modal","AB","no","BNC"
"BNC-793","A13NKDUD6JU094","imagine",-1,"modal","EP","no","BNC"
"BNC-793","A1U8RH67FLZW87","imagine",1,"modal","EP","no","BNC"
"BNC-793","A5EU1AQJNC7F2","imagine",1,"modal","EP","no","BNC"
"BNC-793","A3GZYWA9S6J0K9","imagine",2,"modal","EP","no","BNC"
"BNC-793","A1F9KLZGHE9DTA","imagine",1,"modal","EP","no","BNC"
"BNC-793","A2GBV3YLSRW4SH","imagine",0,"modal","EP","no","BNC"
"BNC-793","A3N7MZOSXM4JHR","imagine",3,"modal","EP","no","BNC"
"BNC-793","A1MJVTR0PCKBWW","imagine",-1,"modal","EP","no","BNC"
"BNC-793","A1GXFMAC759VRM","imagine",1,"modal","EP","no","BNC"
"BNC-794","A29JSP8G8VTRT4","imagine",1,"modal","AB","no","BNC"
"BNC-794","A1GXFMAC759VRM","imagine",0,"modal","AB","no","BNC"
"BNC-794","A3D95WOVC1R775","imagine",2,"modal","AB","no","BNC"
"BNC-794","AV22FQTJNBUZT","imagine",0,"modal","AB","no","BNC"
"BNC-794","A12R2U6TBB3OOG","imagine",-2,"modal","AB","no","BNC"
"BNC-794","A125KW9P18V5Z1","imagine",-2,"modal","AB","no","BNC"
"BNC-794","A1MJVTR0PCKBWW","imagine",0,"modal","AB","no","BNC"
"BNC-794","A36SM7QM8OK3H6","imagine",-3,"modal","AB","no","BNC"
"BNC-795","A1Q0N5H1DXMK0V","imagine",2,"modal","AB","no","BNC"
"BNC-795","A2NT3OQZUUZPEO","imagine",-3,"modal","AB","no","BNC"
"BNC-795","A2OVX9UW5WANQE","imagine",0,"modal","AB","no","BNC"
"BNC-795","A1MJVTR0PCKBWW","imagine",1,"modal","AB","no","BNC"
"BNC-795","A36SM7QM8OK3H6","imagine",-3,"modal","AB","no","BNC"
"BNC-795","A207149DHAS89K","imagine",-2,"modal","AB","no","BNC"
"BNC-795","A1GXFMAC759VRM","imagine",0,"modal","AB","no","BNC"
"BNC-795","A1DIGREVLNOXT3","imagine",-1,"modal","AB","no","BNC"
"BNC-796","A16SJ5D3DKUEXJ","imagine",-3,"modal","AB","no","BNC"
"BNC-796","A3RDH0U2H6JCBC","imagine",-2,"modal","AB","no","BNC"
"BNC-796","A36SM7QM8OK3H6","imagine",1,"modal","AB","no","BNC"
"BNC-796","A125KW9P18V5Z1","imagine",-2,"modal","AB","no","BNC"
"BNC-796","A1F9KLZGHE9DTA","imagine",1,"modal","AB","no","BNC"
"BNC-796","A1GXFMAC759VRM","imagine",-3,"modal","AB","no","BNC"
"BNC-796","A2P065E9CYMYJL","imagine",1,"modal","AB","no","BNC"
"BNC-796","A1Y689M29Q274B","imagine",1,"modal","AB","no","BNC"
"BNC-797","AOTF48KUV9KWM","insist",0,"modal","AB","no","BNC"
"BNC-797","A1GXFMAC759VRM","insist",0,"modal","AB","no","BNC"
"BNC-797","AX06ZUCRNSGB3","insist",-3,"modal","AB","no","BNC"
"BNC-797","AR1IWBDA7MC86","insist",2,"modal","AB","no","BNC"
"BNC-797","A36SM7QM8OK3H6","insist",0,"modal","AB","no","BNC"
"BNC-797","AFN5VMMGYPF1I","insist",3,"modal","AB","no","BNC"
"BNC-797","A3OXSIR9YH1FT6","insist",3,"modal","AB","no","BNC"
"BNC-797","A3E9A9O3CLMEW","insist",0,"modal","AB","no","BNC"
"BNC-801","A1GXFMAC759VRM","know",-3,"modal","CI","yes","BNC"
"BNC-801","A1NM7ZPZ3NH412","know",-1,"modal","CI","yes","BNC"
"BNC-801","A36SM7QM8OK3H6","know",2,"modal","CI","yes","BNC"
"BNC-801","A150GMV1YQWWB3","know",1,"modal","CI","yes","BNC"
"BNC-801","A4J4GGMKJ68L0","know",3,"modal","CI","yes","BNC"
"BNC-801","A25YG9M911WA3T","know",2,"modal","CI","yes","BNC"
"BNC-801","A1945USNZHTROX","know",3,"modal","CI","yes","BNC"
"BNC-801","A2WCXJZEXXR60A","know",1,"modal","CI","yes","BNC"
"BNC-803","A1NM7ZPZ3NH412","know",3,"modal","CI","yes","BNC"
"BNC-803","A1945USNZHTROX","know",3,"modal","CI","yes","BNC"
"BNC-803","A26M997VYVK0E6","know",1,"modal","CI","yes","BNC"
"BNC-803","A36SM7QM8OK3H6","know",1,"modal","CI","yes","BNC"
"BNC-803","A150GMV1YQWWB3","know",2,"modal","CI","yes","BNC"
"BNC-803","A1GXFMAC759VRM","know",3,"modal","CI","yes","BNC"
"BNC-803","A2WCXJZEXXR60A","know",2,"modal","CI","yes","BNC"
"BNC-803","A2RBF3IIJP15IH","know",0,"modal","CI","yes","BNC"
"BNC-808","A32QJF67JMJFKX","know",1,"modal","CI","yes","BNC"
"BNC-808","A28FMRMS9TMEOZ","know",0,"modal","CI","yes","BNC"
"BNC-808","A245RS8249R2TA","know",2,"modal","CI","yes","BNC"
"BNC-808","A3AFC26CB0AXMI","know",0,"modal","CI","yes","BNC"
"BNC-808","A3U2UNSYDPS933","know",-1,"modal","CI","yes","BNC"
"BNC-808","A3G5IPGLH1IIZN","know",1,"modal","CI","yes","BNC"
"BNC-808","A2Z750U1HCWVEE","know",1,"modal","CI","yes","BNC"
"BNC-808","A25YG9M911WA3T","know",1,"modal","CI","yes","BNC"
"BNC-808","A14WLAP6TCEKO0","know",3,"modal","CI","yes","BNC"
"BNC-808","A04548021K19SQXHSP0XC","know",3,"modal","CI","yes","BNC"
"BNC-808","A36SM7QM8OK3H6","know",1,"modal","CI","yes","BNC"
"BNC-808","A2R794P3E8X0MK","know",1,"modal","CI","yes","BNC"
"BNC-808","ATADQXPHL10Y8","know",3,"modal","CI","yes","BNC"
"BNC-810","A1FHH3XEFEQYV7","know",1,"modal","CI","yes","BNC"
"BNC-810","A25YG9M911WA3T","know",2,"modal","CI","yes","BNC"
"BNC-810","A1GXFMAC759VRM","know",3,"modal","CI","yes","BNC"
"BNC-810","AC5UD8N187QD6","know",2,"modal","CI","yes","BNC"
"BNC-810","A3VVR8NR3ED04C","know",1,"modal","CI","yes","BNC"
"BNC-810","A1945USNZHTROX","know",3,"modal","CI","yes","BNC"
"BNC-810","A36SM7QM8OK3H6","know",2,"modal","CI","yes","BNC"
"BNC-810","A1NM7ZPZ3NH412","know",2,"modal","CI","yes","BNC"
"BNC-810","AEO84PDSWW0W","know",0,"modal","CI","yes","BNC"
"BNC-813","A32QJF67JMJFKX","know",1,"modal","EP","yes","BNC"
"BNC-813","ABL3H3O3BI8ZD","know",1,"modal","EP","yes","BNC"
"BNC-813","A36SM7QM8OK3H6","know",1,"modal","EP","yes","BNC"
"BNC-813","AK3H5QRAROFGP","know",0,"modal","EP","yes","BNC"
"BNC-813","A1AO1LLP3INAZF","know",1,"modal","EP","yes","BNC"
"BNC-813","A2WQT33K6LD9Z5","know",1,"modal","EP","yes","BNC"
"BNC-813","A3PJ51GS2AKBO6","know",0,"modal","EP","yes","BNC"
"BNC-813","A25YG9M911WA3T","know",0,"modal","EP","yes","BNC"
"BNC-816","A1FP3SH704X01V","know",3,"modal","EP","yes","BNC"
"BNC-816","A3I6JPGXHWY9FS","know",2,"modal","EP","yes","BNC"
"BNC-816","A2J1VDVDYZRK29","know",-2,"modal","EP","yes","BNC"
"BNC-816","A32QJF67JMJFKX","know",3,"modal","EP","yes","BNC"
"BNC-816","A36SM7QM8OK3H6","know",3,"modal","EP","yes","BNC"
"BNC-816","A2BA9Y6VGW6WS1","know",1,"modal","EP","yes","BNC"
"BNC-816","A3UTFL5JHRQCM1","know",2,"modal","EP","yes","BNC"
"BNC-816","A1NM7ZPZ3NH412","know",3,"modal","EP","yes","BNC"
"BNC-816","A3S1TLYMH9WWUG","know",3,"modal","EP","yes","BNC"
"BNC-817","AMPMTF5IAAMK8","know",1,"modal","CI","yes","BNC"
"BNC-817","A1NM7ZPZ3NH412","know",1,"modal","CI","yes","BNC"
"BNC-817","A2JP9IKRHNLRPI","know",0,"modal","CI","yes","BNC"
"BNC-817","A1FP3SH704X01V","know",0,"modal","CI","yes","BNC"
"BNC-817","A2YCMT5BPA0AG9","know",-1,"modal","CI","yes","BNC"
"BNC-817","A36SM7QM8OK3H6","know",2,"modal","CI","yes","BNC"
"BNC-817","A3D2U4QF7821ZW","know",-1,"modal","CI","yes","BNC"
"BNC-817","A3UEJQ4EJB9DBD","know",1,"modal","CI","yes","BNC"
"BNC-817","A2YO837C0O1E91","know",1,"modal","CI","yes","BNC"
"BNC-819","A1FP3SH704X01V","know",0,"modal","AB","yes","BNC"
"BNC-819","A2YGAEODJ5SSF6","know",3,"modal","AB","yes","BNC"
"BNC-819","A36SM7QM8OK3H6","know",3,"modal","AB","yes","BNC"
"BNC-819","A5EU1AQJNC7F2","know",2,"modal","AB","yes","BNC"
"BNC-819","A1F9KLZGHE9DTA","know",3,"modal","AB","yes","BNC"
"BNC-819","AMPMTF5IAAMK8","know",0,"modal","AB","yes","BNC"
"BNC-819","A32QJF67JMJFKX","know",3,"modal","AB","yes","BNC"
"BNC-819","A1L3937MY09J3I","know",3,"modal","AB","yes","BNC"
"BNC-820","A36SM7QM8OK3H6","know",2,"modal","CI","yes","BNC"
"BNC-820","A150GMV1YQWWB3","know",2,"modal","CI","yes","BNC"
"BNC-820","A1GXFMAC759VRM","know",3,"modal","CI","yes","BNC"
"BNC-820","A1NM7ZPZ3NH412","know",3,"modal","CI","yes","BNC"
"BNC-820","A2IGPW784OFV3D","know",2,"modal","CI","yes","BNC"
"BNC-820","A1945USNZHTROX","know",3,"modal","CI","yes","BNC"
"BNC-820","A1MJHGH55K3O0","know",3,"modal","CI","yes","BNC"
"BNC-820","A25YG9M911WA3T","know",1,"modal","CI","yes","BNC"
"BNC-821","A3843S9LWPDN2K","know",3,"modal","EP","yes","BNC"
"BNC-821","A23KAJRDVCVGOE","know",-2,"modal","EP","yes","BNC"
"BNC-821","A32QJF67JMJFKX","know",0,"modal","EP","yes","BNC"
"BNC-821","A5EU1AQJNC7F2","know",0,"modal","EP","yes","BNC"
"BNC-821","A36TE52PSYAAD6","know",2,"modal","EP","yes","BNC"
"BNC-821","A36SM7QM8OK3H6","know",2,"modal","EP","yes","BNC"
"BNC-821","A1AA0WXXEHPM3V","know",0,"modal","EP","yes","BNC"
"BNC-821","A1FP3SH704X01V","know",3,"modal","EP","yes","BNC"
"BNC-823","A18LPAFMK1B06K","know",2,"modal","EP","yes","BNC"
"BNC-823","A3MYTEE8WSEQ2Z","know",3,"modal","EP","yes","BNC"
"BNC-823","A1QA5EWFMNKGTA","know",3,"modal","EP","yes","BNC"
"BNC-823","A1MJVTR0PCKBWW","know",0,"modal","EP","yes","BNC"
"BNC-823","A30MP4LXV4MIFD","know",1,"modal","EP","yes","BNC"
"BNC-823","A1F9KLZGHE9DTA","know",3,"modal","EP","yes","BNC"
"BNC-823","A3AO2N7BNFDGF3","know",3,"modal","EP","yes","BNC"
"BNC-823","A13PXTFOXDCKBF","know",3,"modal","EP","yes","BNC"
"BNC-823","A1ZKNQJO513B3W","know",3,"modal","EP","yes","BNC"
"BNC-825","A4J4GGMKJ68L0","know",0,"modal","EP","yes","BNC"
"BNC-825","A36SM7QM8OK3H6","know",3,"modal","EP","yes","BNC"
"BNC-825","A5EU1AQJNC7F2","know",1,"modal","EP","yes","BNC"
"BNC-825","A39Q4SNT7SRK94","know",2,"modal","EP","yes","BNC"
"BNC-825","A17ELSQUMU0QT6","know",0,"modal","EP","yes","BNC"
"BNC-825","AKLV0WIZZ356X","know",3,"modal","EP","yes","BNC"
"BNC-825","A32QJF67JMJFKX","know",3,"modal","EP","yes","BNC"
"BNC-825","A1SIUJEL2LS8UO","know",1,"modal","EP","yes","BNC"
"BNC-825","A1MJHGH55K3O0","know",-2,"modal","EP","yes","BNC"
"BNC-825","A2EOOF9D135HQ1","know",3,"modal","EP","yes","BNC"
"BNC-825","A37S96RT1P1IT2","know",3,"modal","EP","yes","BNC"
"BNC-825","AYKZ9H4BNW810","know",3,"modal","EP","yes","BNC"
"BNC-829","A32QJF67JMJFKX","know",2,"modal","CI","yes","BNC"
"BNC-829","A1F9KLZGHE9DTA","know",2,"modal","CI","yes","BNC"
"BNC-829","AA4KKLIU4C3NY","know",2,"modal","CI","yes","BNC"
"BNC-829","A110KENBXU7SUJ","know",0,"modal","CI","yes","BNC"
"BNC-829","AUAN582MLI96N","know",2,"modal","CI","yes","BNC"
"BNC-829","A2S4YDJ9UGAXFQ","know",3,"modal","CI","yes","BNC"
"BNC-829","A36SM7QM8OK3H6","know",2,"modal","CI","yes","BNC"
"BNC-829","A4J4GGMKJ68L0","know",3,"modal","CI","yes","BNC"
"BNC-83","A1NM7ZPZ3NH412","find",3,"conditional","none","yes","BNC"
"BNC-83","A150GMV1YQWWB3","find",0,"conditional","none","yes","BNC"
"BNC-83","A36SM7QM8OK3H6","find",0,"conditional","none","yes","BNC"
"BNC-83","A4J4GGMKJ68L0","find",3,"conditional","none","yes","BNC"
"BNC-83","A1945USNZHTROX","find",0,"conditional","none","yes","BNC"
"BNC-83","A2WCXJZEXXR60A","find",0,"conditional","none","yes","BNC"
"BNC-83","A1GXFMAC759VRM","find",3,"conditional","none","yes","BNC"
"BNC-83","A25YG9M911WA3T","find",2,"conditional","none","yes","BNC"
"BNC-837","A1945USNZHTROX","know",3,"modal","CI","yes","BNC"
"BNC-837","ASI2B6A3Y556Z","know",2,"modal","CI","yes","BNC"
"BNC-837","A36SM7QM8OK3H6","know",1,"modal","CI","yes","BNC"
"BNC-837","A1MJHGH55K3O0","know",3,"modal","CI","yes","BNC"
"BNC-837","A25YG9M911WA3T","know",3,"modal","CI","yes","BNC"
"BNC-837","A1GXFMAC759VRM","know",3,"modal","CI","yes","BNC"
"BNC-837","A150GMV1YQWWB3","know",2,"modal","CI","yes","BNC"
"BNC-837","AD8JNBDMO3NED","know",0,"modal","CI","yes","BNC"
"BNC-837","A3M26P1CBNLA4U","know",2,"modal","CI","yes","BNC"
"BNC-839","A1EH9BPKYXFBS5","know",3,"modal","CI","yes","BNC"
"BNC-839","A1GXFMAC759VRM","know",3,"modal","CI","yes","BNC"
"BNC-839","A5EU1AQJNC7F2","know",3,"modal","CI","yes","BNC"
"BNC-839","AZZDXA6TV6737","know",2,"modal","CI","yes","BNC"
"BNC-839","A10O5YR01H865K","know",1,"modal","CI","yes","BNC"
"BNC-839","ASI2B6A3Y556Z","know",2,"modal","CI","yes","BNC"
"BNC-839","A36SM7QM8OK3H6","know",2,"modal","CI","yes","BNC"
"BNC-839","A1VQQETLYHKR8D","know",2,"modal","CI","yes","BNC"
"BNC-839","A32QJF67JMJFKX","know",2,"modal","CI","yes","BNC"
"BNC-844","A1MJVTR0PCKBWW","know",0,"modal","DE","yes","BNC"
"BNC-844","A36SM7QM8OK3H6","know",1,"modal","DE","yes","BNC"
"BNC-844","A2JP9IKRHNLRPI","know",3,"modal","DE","yes","BNC"
"BNC-844","A1F9KLZGHE9DTA","know",3,"modal","DE","yes","BNC"
"BNC-844","A32QJF67JMJFKX","know",1,"modal","DE","yes","BNC"
"BNC-844","A4J4GGMKJ68L0","know",3,"modal","DE","yes","BNC"
"BNC-844","A11TREGDHSUSJW","know",1,"modal","DE","yes","BNC"
"BNC-844","A18LPAFMK1B06K","know",2,"modal","DE","yes","BNC"
"BNC-85","A1945USNZHTROX","find",3,"conditional","none","yes","BNC"
"BNC-85","A36SM7QM8OK3H6","find",3,"conditional","none","yes","BNC"
"BNC-85","A1GXFMAC759VRM","find",3,"conditional","none","yes","BNC"
"BNC-85","AC5UD8N187QD6","find",2,"conditional","none","yes","BNC"
"BNC-85","A3VVR8NR3ED04C","find",3,"conditional","none","yes","BNC"
"BNC-85","A1FHH3XEFEQYV7","find",3,"conditional","none","yes","BNC"
"BNC-85","AEO84PDSWW0W","find",3,"conditional","none","yes","BNC"
"BNC-85","A1NM7ZPZ3NH412","find",2,"conditional","none","yes","BNC"
"BNC-85","A25YG9M911WA3T","find",3,"conditional","none","yes","BNC"
"BNC-87","A1945USNZHTROX","find",3,"conditional","none","yes","BNC"
"BNC-87","A150GMV1YQWWB3","find",0,"conditional","none","yes","BNC"
"BNC-87","A1R4KVYEV07CAJ","find",0,"conditional","none","yes","BNC"
"BNC-87","A3JP7DIFRS0ZBY","find",1,"conditional","none","yes","BNC"
"BNC-87","A1NM7ZPZ3NH412","find",0,"conditional","none","yes","BNC"
"BNC-87","A36SM7QM8OK3H6","find",0,"conditional","none","yes","BNC"
"BNC-87","A1HKCTDOTL6C9I","find",1,"conditional","none","yes","BNC"
"BNC-87","A1GXFMAC759VRM","find",0,"conditional","none","yes","BNC"
"BNC-870","ARJJKTGF3RDCO","mean",3,"modal","AB","no","BNC"
"BNC-870","A240OTT1T85UGT","mean",2,"modal","AB","no","BNC"
"BNC-870","A1NM7ZPZ3NH412","mean",3,"modal","AB","no","BNC"
"BNC-870","A3UEJQ4EJB9DBD","mean",0,"modal","AB","no","BNC"
"BNC-870","A19IWME4DCIU1H","mean",1,"modal","AB","no","BNC"
"BNC-870","A27XYQJLE8D39R","mean",0,"modal","AB","no","BNC"
"BNC-870","A125KW9P18V5Z1","mean",1,"modal","AB","no","BNC"
"BNC-870","A2JOHICL072IY3","mean",3,"modal","AB","no","BNC"
"BNC-870","A3POD149IG0DIW","mean",2,"modal","AB","no","BNC"
"BNC-872","A25YG9M911WA3T","mean",0,"modal","EP","no","BNC"
"BNC-872","A1GXFMAC759VRM","mean",0,"modal","EP","no","BNC"
"BNC-872","A125KW9P18V5Z1","mean",-2,"modal","EP","no","BNC"
"BNC-872","A1945USNZHTROX","mean",1,"modal","EP","no","BNC"
"BNC-872","A1NM7ZPZ3NH412","mean",0,"modal","EP","no","BNC"
"BNC-872","A36SM7QM8OK3H6","mean",0,"modal","EP","no","BNC"
"BNC-872","A3PIAHR6PGXZNT","mean",0,"modal","EP","no","BNC"
"BNC-872","ATGUAXNWCW8NI","mean",0,"modal","EP","no","BNC"
"BNC-874","A1MJVTR0PCKBWW","mean",2,"modal","AB","no","BNC"
"BNC-874","A36SM7QM8OK3H6","mean",3,"modal","AB","no","BNC"
"BNC-874","A2CF2BD4Q0ZDJN","mean",3,"modal","AB","no","BNC"
"BNC-874","A2RRC5B4M80XXO","mean",3,"modal","AB","no","BNC"
"BNC-874","A2BA9Y6VGW6WS1","mean",3,"modal","AB","no","BNC"
"BNC-874","A3843S9LWPDN2K","mean",3,"modal","AB","no","BNC"
"BNC-874","A1GXFMAC759VRM","mean",3,"modal","AB","no","BNC"
"BNC-874","A1DIGREVLNOXT3","mean",3,"modal","AB","no","BNC"
"BNC-875","A1Y0Y6U906ABT5","mean",1,"modal","EP","no","BNC"
"BNC-875","A1QVNF19XSRSD7","mean",1,"modal","EP","no","BNC"
"BNC-875","A22ABLVEI5EGPL","mean",3,"modal","EP","no","BNC"
"BNC-875","APITQRRX2PADB","mean",0,"modal","EP","no","BNC"
"BNC-875","AOVN1TVNI7HJ7","mean",0,"modal","EP","no","BNC"
"BNC-875","A39GADIK8RLMVC","mean",1,"modal","EP","no","BNC"
"BNC-875","ASI2B6A3Y556Z","mean",0,"modal","EP","no","BNC"
"BNC-875","A333BXH5ATXBHC","mean",1,"modal","EP","no","BNC"
"BNC-877","A2BA9Y6VGW6WS1","mean",-1,"modal","EP","no","BNC"
"BNC-877","A1DIGREVLNOXT3","mean",-2,"modal","EP","no","BNC"
"BNC-877","A2NA2OJT15COZY","mean",0,"modal","EP","no","BNC"
"BNC-877","A3VVR8NR3ED04C","mean",1,"modal","EP","no","BNC"
"BNC-877","A16SAB417Y96G4","mean",0,"modal","EP","no","BNC"
"BNC-877","AKLV0WIZZ356X","mean",0,"modal","EP","no","BNC"
"BNC-877","A2M45YGLOWMO4N","mean",-1,"modal","EP","no","BNC"
"BNC-877","A36SM7QM8OK3H6","mean",0,"modal","EP","no","BNC"
"BNC-877","AFN5VMMGYPF1I","mean",0,"modal","EP","no","BNC"
"BNC-88","A1NM7ZPZ3NH412","find",3,"conditional","none","yes","BNC"
"BNC-88","A2RBF3IIJP15IH","find",0,"conditional","none","yes","BNC"
"BNC-88","A36SM7QM8OK3H6","find",0,"conditional","none","yes","BNC"
"BNC-88","A1945USNZHTROX","find",-3,"conditional","none","yes","BNC"
"BNC-88","A1GXFMAC759VRM","find",-2,"conditional","none","yes","BNC"
"BNC-88","A2WCXJZEXXR60A","find",2,"conditional","none","yes","BNC"
"BNC-88","A150GMV1YQWWB3","find",0,"conditional","none","yes","BNC"
"BNC-88","A26M997VYVK0E6","find",0,"conditional","none","yes","BNC"
"BNC-882","AX06ZUCRNSGB3","mean",0,"modal","EP","no","BNC"
"BNC-882","AR1IWBDA7MC86","mean",2,"modal","EP","no","BNC"
"BNC-882","A36SM7QM8OK3H6","mean",0,"modal","EP","no","BNC"
"BNC-882","AFN5VMMGYPF1I","mean",0,"modal","EP","no","BNC"
"BNC-882","A1GXFMAC759VRM","mean",1,"modal","EP","no","BNC"
"BNC-882","A3E9A9O3CLMEW","mean",1,"modal","EP","no","BNC"
"BNC-882","A3OXSIR9YH1FT6","mean",0,"modal","EP","no","BNC"
"BNC-882","AOTF48KUV9KWM","mean",0,"modal","EP","no","BNC"
"BNC-883","A2541C8MY0BYV3","mean",2,"modal","EP","no","BNC"
"BNC-883","A3FPXLLF0B8CIC","mean",1,"modal","EP","no","BNC"
"BNC-883","A1GXFMAC759VRM","mean",0,"modal","EP","no","BNC"
"BNC-883","A36SM7QM8OK3H6","mean",0,"modal","EP","no","BNC"
"BNC-883","AC5UD8N187QD6","mean",0,"modal","EP","no","BNC"
"BNC-883","AFN5VMMGYPF1I","mean",0,"modal","EP","no","BNC"
"BNC-883","A110KENBXU7SUJ","mean",0,"modal","EP","no","BNC"
"BNC-883","A3GPTSDDHJ2DBV","mean",2,"modal","EP","no","BNC"
"BNC-885","AR1IWBDA7MC86","mean",0,"modal","EP","no","BNC"
"BNC-885","A5EU1AQJNC7F2","mean",1,"modal","EP","no","BNC"
"BNC-885","A1NM7ZPZ3NH412","mean",2,"modal","EP","no","BNC"
"BNC-885","A36SM7QM8OK3H6","mean",0,"modal","EP","no","BNC"
"BNC-885","A1F9KLZGHE9DTA","mean",0,"modal","EP","no","BNC"
"BNC-885","A1A1A9UHNQCI9Y","mean",3,"modal","EP","no","BNC"
"BNC-885","A1GXFMAC759VRM","mean",1,"modal","EP","no","BNC"
"BNC-885","A125KW9P18V5Z1","mean",1,"modal","EP","no","BNC"
"BNC-886","A25YG9M911WA3T","mean",0,"modal","EP","no","BNC"
"BNC-886","AFN5VMMGYPF1I","mean",0,"modal","EP","no","BNC"
"BNC-886","A16SAB417Y96G4","mean",0,"modal","EP","no","BNC"
"BNC-886","A3W6T1WDYXMR3","mean",0,"modal","EP","no","BNC"
"BNC-886","A1GXFMAC759VRM","mean",2,"modal","EP","no","BNC"
"BNC-886","A1945USNZHTROX","mean",2,"modal","EP","no","BNC"
"BNC-886","A2OVX9UW5WANQE","mean",2,"modal","EP","no","BNC"
"BNC-886","A36SM7QM8OK3H6","mean",1,"modal","EP","no","BNC"
"BNC-891","A1NM7ZPZ3NH412","mean",2,"modal","EP","no","BNC"
"BNC-891","AFN5VMMGYPF1I","mean",0,"modal","EP","no","BNC"
"BNC-891","A1945USNZHTROX","mean",2,"modal","EP","no","BNC"
"BNC-891","A3PIAHR6PGXZNT","mean",0,"modal","EP","no","BNC"
"BNC-891","A36SM7QM8OK3H6","mean",0,"modal","EP","no","BNC"
"BNC-891","A25YG9M911WA3T","mean",0,"modal","EP","no","BNC"
"BNC-891","A1GXFMAC759VRM","mean",0,"modal","EP","no","BNC"
"BNC-891","A2SENAPNSXG9L","mean",0,"modal","EP","no","BNC"
"BNC-892","A18LPAFMK1B06K","mean",2,"modal","EP","no","BNC"
"BNC-892","A5TI9UQEPLNWI","mean",2,"modal","EP","no","BNC"
"BNC-892","A2OVX9UW5WANQE","mean",0,"modal","EP","no","BNC"
"BNC-892","A5EU1AQJNC7F2","mean",1,"modal","EP","no","BNC"
"BNC-892","A16SAB417Y96G4","mean",2,"modal","EP","no","BNC"
"BNC-892","A1NM7ZPZ3NH412","mean",3,"modal","EP","no","BNC"
"BNC-892","A36SM7QM8OK3H6","mean",0,"modal","EP","no","BNC"
"BNC-892","A39Q4SNT7SRK94","mean",-2,"modal","EP","no","BNC"
"BNC-895","A4J4GGMKJ68L0","mean",0,"modal","EP","no","BNC"
"BNC-895","A3GPTSDDHJ2DBV","mean",1,"modal","EP","no","BNC"
"BNC-895","A36SM7QM8OK3H6","mean",1,"modal","EP","no","BNC"
"BNC-895","A25YG9M911WA3T","mean",0,"modal","EP","no","BNC"
"BNC-895","A1GXFMAC759VRM","mean",0,"modal","EP","no","BNC"
"BNC-895","AFN5VMMGYPF1I","mean",0,"modal","EP","no","BNC"
"BNC-895","A55CXM7QR7R0N","mean",0,"modal","EP","no","BNC"
"BNC-895","A1945USNZHTROX","mean",2,"modal","EP","no","BNC"
"BNC-895","A2541C8MY0BYV3","mean",0,"modal","EP","no","BNC"
"BNC-899","A36SM7QM8OK3H6","notice",3,"modal","EP","yes","BNC"
"BNC-899","A1IXH2QLUU5BKZ","notice",3,"modal","EP","yes","BNC"
"BNC-899","A32TGAK321JDFF","notice",3,"modal","EP","yes","BNC"
"BNC-899","A1GXFMAC759VRM","notice",3,"modal","EP","yes","BNC"
"BNC-899","A28AX4H70DPKKK","notice",3,"modal","EP","yes","BNC"
"BNC-899","A3DFJV1RD653DQ","notice",3,"modal","EP","yes","BNC"
"BNC-899","A2CJYS92WX7HN6","notice",2,"modal","EP","yes","BNC"
"BNC-899","AC5UD8N187QD6","notice",3,"modal","EP","yes","BNC"
"BNC-899","A1MJVTR0PCKBWW","notice",2,"modal","EP","yes","BNC"
"BNC-900","A25YG9M911WA3T","notice",3,"modal","EP","yes","BNC"
"BNC-900","A1NM7ZPZ3NH412","notice",1,"modal","EP","yes","BNC"
"BNC-900","A1GXFMAC759VRM","notice",0,"modal","EP","yes","BNC"
"BNC-900","A1945USNZHTROX","notice",2,"modal","EP","yes","BNC"
"BNC-900","A36SM7QM8OK3H6","notice",0,"modal","EP","yes","BNC"
"BNC-900","A3RDH0U2H6JCBC","notice",1,"modal","EP","yes","BNC"
"BNC-900","A3OMUSG91MTI3H","notice",1,"modal","EP","yes","BNC"
"BNC-900","A34930YXVQ8SUT","notice",0,"modal","EP","yes","BNC"
"BNC-901","A1R4KVYEV07CAJ","notice",1,"modal","EP","yes","BNC"
"BNC-901","A150GMV1YQWWB3","notice",3,"modal","EP","yes","BNC"
"BNC-901","A1NM7ZPZ3NH412","notice",3,"modal","EP","yes","BNC"
"BNC-901","A1GXFMAC759VRM","notice",3,"modal","EP","yes","BNC"
"BNC-901","A36SM7QM8OK3H6","notice",2,"modal","EP","yes","BNC"
"BNC-901","A1HKCTDOTL6C9I","notice",1,"modal","EP","yes","BNC"
"BNC-901","A1945USNZHTROX","notice",3,"modal","EP","yes","BNC"
"BNC-901","A3JP7DIFRS0ZBY","notice",0,"modal","EP","yes","BNC"
"BNC-902","A36SM7QM8OK3H6","notice",3,"modal","AB","yes","BNC"
"BNC-902","A150GMV1YQWWB3","notice",2,"modal","AB","yes","BNC"
"BNC-902","A1GXFMAC759VRM","notice",3,"modal","AB","yes","BNC"
"BNC-902","A1945USNZHTROX","notice",3,"modal","AB","yes","BNC"
"BNC-902","A2WCXJZEXXR60A","notice",3,"modal","AB","yes","BNC"
"BNC-902","A1NM7ZPZ3NH412","notice",3,"modal","AB","yes","BNC"
"BNC-902","A25YG9M911WA3T","notice",2,"modal","AB","yes","BNC"
"BNC-902","A4J4GGMKJ68L0","notice",3,"modal","AB","yes","BNC"
"BNC-903","A1GXFMAC759VRM","notice",3,"modal","EP","yes","BNC"
"BNC-903","A1BWS5AD2T4NIR","notice",3,"modal","EP","yes","BNC"
"BNC-903","A36SM7QM8OK3H6","notice",3,"modal","EP","yes","BNC"
"BNC-903","A3TCFIPOBRZZB3","notice",3,"modal","EP","yes","BNC"
"BNC-903","A2NA2OJT15COZY","notice",1,"modal","EP","yes","BNC"
"BNC-903","A16G6PPH1INQL8","notice",3,"modal","EP","yes","BNC"
"BNC-903","A3DFJV1RD653DQ","notice",1,"modal","EP","yes","BNC"
"BNC-903","AC5UD8N187QD6","notice",2,"modal","EP","yes","BNC"
"BNC-904","A26M997VYVK0E6","notice",1,"modal","DE","yes","BNC"
"BNC-904","A1GXFMAC759VRM","notice",3,"modal","DE","yes","BNC"
"BNC-904","A2WCXJZEXXR60A","notice",2,"modal","DE","yes","BNC"
"BNC-904","A36SM7QM8OK3H6","notice",1,"modal","DE","yes","BNC"
"BNC-904","A2RBF3IIJP15IH","notice",1,"modal","DE","yes","BNC"
"BNC-904","A1945USNZHTROX","notice",3,"modal","DE","yes","BNC"
"BNC-904","A1NM7ZPZ3NH412","notice",3,"modal","DE","yes","BNC"
"BNC-904","A150GMV1YQWWB3","notice",2,"modal","DE","yes","BNC"
"BNC-908","A25YG9M911WA3T","notice",3,"modal","EP","yes","BNC"
"BNC-908","A1GXFMAC759VRM","notice",3,"modal","EP","yes","BNC"
"BNC-908","A2OVX9UW5WANQE","notice",3,"modal","EP","yes","BNC"
"BNC-908","A34930YXVQ8SUT","notice",3,"modal","EP","yes","BNC"
"BNC-908","A150GMV1YQWWB3","notice",3,"modal","EP","yes","BNC"
"BNC-908","A36SM7QM8OK3H6","notice",3,"modal","EP","yes","BNC"
"BNC-908","A1UWJTUVGAAF6D","notice",3,"modal","EP","yes","BNC"
"BNC-908","A1945USNZHTROX","notice",3,"modal","EP","yes","BNC"
"BNC-911","A36SM7QM8OK3H6","pretend",-2,"modal","AB","no","BNC"
"BNC-911","A1945USNZHTROX","pretend",-3,"modal","AB","no","BNC"
"BNC-911","A150GMV1YQWWB3","pretend",-2,"modal","AB","no","BNC"
"BNC-911","AJRY9ALX8069Y","pretend",2,"modal","AB","no","BNC"
"BNC-911","A3609GDWR2JCCA","pretend",0,"modal","AB","no","BNC"
"BNC-911","A25YG9M911WA3T","pretend",-1,"modal","AB","no","BNC"
"BNC-911","A1GXFMAC759VRM","pretend",-3,"modal","AB","no","BNC"
"BNC-911","AFN5VMMGYPF1I","pretend",0,"modal","AB","no","BNC"
"BNC-911","A2BA9Y6VGW6WS1","pretend",-2,"modal","AB","no","BNC"
"BNC-917","A25YG9M911WA3T","pretend",-3,"modal","AB","no","BNC"
"BNC-917","A3RVYJNYREMTAH","pretend",-3,"modal","AB","no","BNC"
"BNC-917","A1GXFMAC759VRM","pretend",-3,"modal","AB","no","BNC"
"BNC-917","A36SM7QM8OK3H6","pretend",-3,"modal","AB","no","BNC"
"BNC-917","A3LJ2FHESYV9QQ","pretend",-3,"modal","AB","no","BNC"
"BNC-917","A2541C8MY0BYV3","pretend",-2,"modal","AB","no","BNC"
"BNC-917","A3OXRDSUN9F10I","pretend",-3,"modal","AB","no","BNC"
"BNC-917","A1945USNZHTROX","pretend",-3,"modal","AB","no","BNC"
"BNC-917","A150GMV1YQWWB3","pretend",-3,"modal","AB","no","BNC"
"BNC-92","A1NM7ZPZ3NH412","find",0,"conditional","none","yes","BNC"
"BNC-92","A1GXFMAC759VRM","find",0,"conditional","none","yes","BNC"
"BNC-92","A3RDH0U2H6JCBC","find",0,"conditional","none","yes","BNC"
"BNC-92","A1945USNZHTROX","find",1,"conditional","none","yes","BNC"
"BNC-92","A34930YXVQ8SUT","find",0,"conditional","none","yes","BNC"
"BNC-92","A25YG9M911WA3T","find",0,"conditional","none","yes","BNC"
"BNC-92","A36SM7QM8OK3H6","find",0,"conditional","none","yes","BNC"
"BNC-92","A3OMUSG91MTI3H","find",0,"conditional","none","yes","BNC"
"BNC-923","A36SM7QM8OK3H6","prove",2,"modal","AB","no","BNC"
"BNC-923","A2541C8MY0BYV3","prove",0,"modal","AB","no","BNC"
"BNC-923","A25YG9M911WA3T","prove",0,"modal","AB","no","BNC"
"BNC-923","A3TY2K1HBA19PO","prove",3,"modal","AB","no","BNC"
"BNC-923","A3LJ2FHESYV9QQ","prove",0,"modal","AB","no","BNC"
"BNC-923","A35C12CR628WKD","prove",2,"modal","AB","no","BNC"
"BNC-923","A24LC97AU3QC7G","prove",0,"modal","AB","no","BNC"
"BNC-923","A1945USNZHTROX","prove",3,"modal","AB","no","BNC"
"BNC-923","A3609GDWR2JCCA","prove",2,"modal","AB","no","BNC"
"BNC-927","A17PAQSQ74L915","prove",1,"modal","EP","no","BNC"
"BNC-927","A1GXFMAC759VRM","prove",1,"modal","EP","no","BNC"
"BNC-927","A2WCXJZEXXR60A","prove",0,"modal","EP","no","BNC"
"BNC-927","A27MJOV91GA8R3","prove",1,"modal","EP","no","BNC"
"BNC-927","A1MJVTR0PCKBWW","prove",0,"modal","EP","no","BNC"
"BNC-927","A1NM7ZPZ3NH412","prove",2,"modal","EP","no","BNC"
"BNC-927","A149ROBL26JWPJ","prove",0,"modal","EP","no","BNC"
"BNC-927","A1X258MWJFEMTW","prove",1,"modal","EP","no","BNC"
"BNC-927","AZMOA8ONG0D2U","prove",0,"modal","EP","no","BNC"
"BNC-939","A2AMQX0BQZXG9N","realize",2,"modal","EP","yes","BNC"
"BNC-939","A36SM7QM8OK3H6","realize",1,"modal","EP","yes","BNC"
"BNC-939","AZMOA8ONG0D2U","realize",2,"modal","EP","yes","BNC"
"BNC-939","A1NM7ZPZ3NH412","realize",3,"modal","EP","yes","BNC"
"BNC-939","A1GXFMAC759VRM","realize",2,"modal","EP","yes","BNC"
"BNC-939","A2OVX9UW5WANQE","realize",3,"modal","EP","yes","BNC"
"BNC-939","A1MJVTR0PCKBWW","realize",3,"modal","EP","yes","BNC"
"BNC-939","A240OTT1T85UGT","realize",3,"modal","EP","yes","BNC"
"BNC-939","A27MJOV91GA8R3","realize",3,"modal","EP","yes","BNC"
"BNC-94","AC5UD8N187QD6","find",0,"conditional","none","yes","BNC"
"BNC-94","A2NA2OJT15COZY","find",0,"conditional","none","yes","BNC"
"BNC-94","A3TCFIPOBRZZB3","find",0,"conditional","none","yes","BNC"
"BNC-94","A36SM7QM8OK3H6","find",0,"conditional","none","yes","BNC"
"BNC-94","A3DFJV1RD653DQ","find",-1,"conditional","none","yes","BNC"
"BNC-94","A16G6PPH1INQL8","find",0,"conditional","none","yes","BNC"
"BNC-94","A1BWS5AD2T4NIR","find",0,"conditional","none","yes","BNC"
"BNC-94","A1GXFMAC759VRM","find",0,"conditional","none","yes","BNC"
"BNC-941","A1GXFMAC759VRM","realize",3,"modal","EP","yes","BNC"
"BNC-941","A240OTT1T85UGT","realize",2,"modal","EP","yes","BNC"
"BNC-941","A1945USNZHTROX","realize",3,"modal","EP","yes","BNC"
"BNC-941","A3QAHF4UUBM7ZO","realize",-1,"modal","EP","yes","BNC"
"BNC-941","A1MJVTR0PCKBWW","realize",-2,"modal","EP","yes","BNC"
"BNC-941","A36SM7QM8OK3H6","realize",2,"modal","EP","yes","BNC"
"BNC-941","A2NT3OQZUUZPEO","realize",3,"modal","EP","yes","BNC"
"BNC-941","A75XDPFNICR3T","realize",2,"modal","EP","yes","BNC"
"BNC-941","A150GMV1YQWWB3","realize",2,"modal","EP","yes","BNC"
"BNC-946","A3LJ2FHESYV9QQ","remember",0,"modal","EP","yes","BNC"
"BNC-946","A35C12CR628WKD","remember",3,"modal","EP","yes","BNC"
"BNC-946","A3TY2K1HBA19PO","remember",2,"modal","EP","yes","BNC"
"BNC-946","A25YG9M911WA3T","remember",3,"modal","EP","yes","BNC"
"BNC-946","A24LC97AU3QC7G","remember",2,"modal","EP","yes","BNC"
"BNC-946","A36SM7QM8OK3H6","remember",3,"modal","EP","yes","BNC"
"BNC-946","A2541C8MY0BYV3","remember",3,"modal","EP","yes","BNC"
"BNC-946","A3609GDWR2JCCA","remember",3,"modal","EP","yes","BNC"
"BNC-946","A1945USNZHTROX","remember",3,"modal","EP","yes","BNC"
"BNC-947","A2CJYS92WX7HN6","remember",2,"modal","AB","yes","BNC"
"BNC-947","A1MJVTR0PCKBWW","remember",3,"modal","AB","yes","BNC"
"BNC-947","A1GXFMAC759VRM","remember",3,"modal","AB","yes","BNC"
"BNC-947","A28AX4H70DPKKK","remember",3,"modal","AB","yes","BNC"
"BNC-947","A36SM7QM8OK3H6","remember",2,"modal","AB","yes","BNC"
"BNC-947","AC5UD8N187QD6","remember",1,"modal","AB","yes","BNC"
"BNC-947","A3DFJV1RD653DQ","remember",2,"modal","AB","yes","BNC"
"BNC-947","A32TGAK321JDFF","remember",3,"modal","AB","yes","BNC"
"BNC-947","A1IXH2QLUU5BKZ","remember",2,"modal","AB","yes","BNC"
"BNC-954","A1BWS5AD2T4NIR","remember",3,"modal","AB","yes","BNC"
"BNC-954","A16G6PPH1INQL8","remember",3,"modal","AB","yes","BNC"
"BNC-954","A2NA2OJT15COZY","remember",2,"modal","AB","yes","BNC"
"BNC-954","A3TCFIPOBRZZB3","remember",3,"modal","AB","yes","BNC"
"BNC-954","AC5UD8N187QD6","remember",1,"modal","AB","yes","BNC"
"BNC-954","A36SM7QM8OK3H6","remember",3,"modal","AB","yes","BNC"
"BNC-954","A1GXFMAC759VRM","remember",3,"modal","AB","yes","BNC"
"BNC-954","A3DFJV1RD653DQ","remember",2,"modal","AB","yes","BNC"
"BNC-957","A34930YXVQ8SUT","remember",3,"modal","EP","yes","BNC"
"BNC-957","A2OVX9UW5WANQE","remember",3,"modal","EP","yes","BNC"
"BNC-957","A1UWJTUVGAAF6D","remember",3,"modal","EP","yes","BNC"
"BNC-957","A150GMV1YQWWB3","remember",3,"modal","EP","yes","BNC"
"BNC-957","A1GXFMAC759VRM","remember",3,"modal","EP","yes","BNC"
"BNC-957","A25YG9M911WA3T","remember",3,"modal","EP","yes","BNC"
"BNC-957","A1945USNZHTROX","remember",3,"modal","EP","yes","BNC"
"BNC-957","A36SM7QM8OK3H6","remember",3,"modal","EP","yes","BNC"
"BNC-963","A3LJ2FHESYV9QQ","say",3,"modal","AB","no","BNC"
"BNC-963","A1GXFMAC759VRM","say",3,"modal","AB","no","BNC"
"BNC-963","A150GMV1YQWWB3","say",3,"modal","AB","no","BNC"
"BNC-963","A2541C8MY0BYV3","say",2,"modal","AB","no","BNC"
"BNC-963","A3OXRDSUN9F10I","say",3,"modal","AB","no","BNC"
"BNC-963","A1945USNZHTROX","say",3,"modal","AB","no","BNC"
"BNC-963","A3RVYJNYREMTAH","say",3,"modal","AB","no","BNC"
"BNC-963","A25YG9M911WA3T","say",2,"modal","AB","no","BNC"
"BNC-963","A36SM7QM8OK3H6","say",3,"modal","AB","no","BNC"
"BNC-967","A125KW9P18V5Z1","say",3,"modal","AB","no","BNC"
"BNC-967","AC5UD8N187QD6","say",1,"modal","AB","no","BNC"
"BNC-967","AFN5VMMGYPF1I","say",3,"modal","AB","no","BNC"
"BNC-967","A36SM7QM8OK3H6","say",3,"modal","AB","no","BNC"
"BNC-967","A1945USNZHTROX","say",3,"modal","AB","no","BNC"
"BNC-967","A1GXFMAC759VRM","say",3,"modal","AB","no","BNC"
"BNC-967","A25YG9M911WA3T","say",2,"modal","AB","no","BNC"
"BNC-967","A7KLTVEIASF4J","say",0,"modal","AB","no","BNC"
"BNC-971","A2R794P3E8X0MK","say",2,"modal","CI","no","BNC"
"BNC-971","A04548021K19SQXHSP0XC","say",0,"modal","CI","no","BNC"
"BNC-971","A3G5IPGLH1IIZN","say",3,"modal","CI","no","BNC"
"BNC-971","A245RS8249R2TA","say",3,"modal","CI","no","BNC"
"BNC-971","A2Z750U1HCWVEE","say",1,"modal","CI","no","BNC"
"BNC-971","A32QJF67JMJFKX","say",3,"modal","CI","no","BNC"
"BNC-971","A3U2UNSYDPS933","say",-1,"modal","CI","no","BNC"
"BNC-971","A14WLAP6TCEKO0","say",3,"modal","CI","no","BNC"
"BNC-971","A25YG9M911WA3T","say",1,"modal","CI","no","BNC"
"BNC-972","A1GZOEMTN2KYDA","say",2,"modal","AB","no","BNC"
"BNC-972","A5EU1AQJNC7F2","say",0,"modal","AB","no","BNC"
"BNC-972","AYH6G17Q8FY3B","say",2,"modal","AB","no","BNC"
"BNC-972","AC5UD8N187QD6","say",0,"modal","AB","no","BNC"
"BNC-972","A32QJF67JMJFKX","say",0,"modal","AB","no","BNC"
"BNC-972","A1NM7ZPZ3NH412","say",2,"modal","AB","no","BNC"
"BNC-972","A3CZFTXS9EQSY3","say",1,"modal","AB","no","BNC"
"BNC-972","A36SM7QM8OK3H6","say",2,"modal","AB","no","BNC"
"BNC-972","A150GMV1YQWWB3","say",0,"modal","AB","no","BNC"
"BNC-973","A21KGSK2BDVWOA","say",3,"modal","AB","no","BNC"
"BNC-973","A5EU1AQJNC7F2","say",0,"modal","AB","no","BNC"
"BNC-973","A1945USNZHTROX","say",0,"modal","AB","no","BNC"
"BNC-973","A2GAQZAZWV01PU","say",0,"modal","AB","no","BNC"
"BNC-973","A1NM7ZPZ3NH412","say",0,"modal","AB","no","BNC"
"BNC-973","A32QJF67JMJFKX","say",1,"modal","AB","no","BNC"
"BNC-973","A2YGAEODJ5SSF6","say",-1,"modal","AB","no","BNC"
"BNC-973","A2BA9Y6VGW6WS1","say",2,"modal","AB","no","BNC"
"BNC-978","A3I6JPGXHWY9FS","say",-1,"modal","CI","no","BNC"
"BNC-978","A3UTFL5JHRQCM1","say",-2,"modal","CI","no","BNC"
"BNC-978","A2J1VDVDYZRK29","say",2,"modal","CI","no","BNC"
"BNC-978","A32QJF67JMJFKX","say",0,"modal","CI","no","BNC"
"BNC-978","A3S1TLYMH9WWUG","say",-3,"modal","CI","no","BNC"
"BNC-978","A1FP3SH704X01V","say",-3,"modal","CI","no","BNC"
"BNC-978","A36SM7QM8OK3H6","say",-3,"modal","CI","no","BNC"
"BNC-978","A2BA9Y6VGW6WS1","say",-2,"modal","CI","no","BNC"
"BNC-978","A1NM7ZPZ3NH412","say",0,"modal","CI","no","BNC"
"BNC-979","A3D2U4QF7821ZW","say",3,"modal","CI","no","BNC"
"BNC-979","A28FMRMS9TMEOZ","say",3,"modal","CI","no","BNC"
"BNC-979","A1NM7ZPZ3NH412","say",3,"modal","CI","no","BNC"
"BNC-979","A1MGXQW1EEKE20","say",3,"modal","CI","no","BNC"
"BNC-979","A2YO837C0O1E91","say",3,"modal","CI","no","BNC"
"BNC-979","A2YCMT5BPA0AG9","say",2,"modal","CI","no","BNC"
"BNC-979","A17J1CE7N49Z9D","say",0,"modal","CI","no","BNC"
"BNC-979","A1FP3SH704X01V","say",3,"modal","CI","no","BNC"
"BNC-979","A36SM7QM8OK3H6","say",3,"modal","CI","no","BNC"
"BNC-979","A3UEJQ4EJB9DBD","say",2,"modal","CI","no","BNC"
"BNC-980","A36SM7QM8OK3H6","say",2,"modal","EP","no","BNC"
"BNC-980","A1F9KLZGHE9DTA","say",1,"modal","EP","no","BNC"
"BNC-980","A32QJF67JMJFKX","say",0,"modal","EP","no","BNC"
"BNC-980","A1L3937MY09J3I","say",0,"modal","EP","no","BNC"
"BNC-980","A3AFC26CB0AXMI","say",1,"modal","EP","no","BNC"
"BNC-980","A28FMRMS9TMEOZ","say",1,"modal","EP","no","BNC"
"BNC-980","AMPMTF5IAAMK8","say",1,"modal","EP","no","BNC"
"BNC-980","A1FP3SH704X01V","say",3,"modal","EP","no","BNC"
"BNC-980","ATADQXPHL10Y8","say",3,"modal","EP","no","BNC"
"BNC-980","A5EU1AQJNC7F2","say",1,"modal","EP","no","BNC"
"BNC-986","A36TE52PSYAAD6","say",-3,"modal","AB","no","BNC"
"BNC-986","A3843S9LWPDN2K","say",-3,"modal","AB","no","BNC"
"BNC-986","A1AA0WXXEHPM3V","say",-3,"modal","AB","no","BNC"
"BNC-986","A32QJF67JMJFKX","say",-3,"modal","AB","no","BNC"
"BNC-986","A5EU1AQJNC7F2","say",2,"modal","AB","no","BNC"
"BNC-986","A36SM7QM8OK3H6","say",-3,"modal","AB","no","BNC"
"BNC-986","A1FP3SH704X01V","say",-3,"modal","AB","no","BNC"
"BNC-986","A23KAJRDVCVGOE","say",0,"modal","AB","no","BNC"
"BNC-989","A2JP9IKRHNLRPI","say",-2,"modal","EP","no","BNC"
"BNC-989","A36SM7QM8OK3H6","say",1,"modal","EP","no","BNC"
"BNC-989","A5EU1AQJNC7F2","say",1,"modal","EP","no","BNC"
"BNC-989","A37S96RT1P1IT2","say",2,"modal","EP","no","BNC"
"BNC-989","A17ELSQUMU0QT6","say",3,"modal","EP","no","BNC"
"BNC-989","AYKZ9H4BNW810","say",0,"modal","EP","no","BNC"
"BNC-989","A32QJF67JMJFKX","say",0,"modal","EP","no","BNC"
"BNC-989","A39Q4SNT7SRK94","say",3,"modal","EP","no","BNC"
"BNC-989","A4J4GGMKJ68L0","say",0,"modal","EP","no","BNC"
"BNC-989","AMPMTF5IAAMK8","say",1,"modal","EP","no","BNC"
"BNC-996","A18LPAFMK1B06K","say",-1,"modal","EP","no","BNC"
"BNC-996","A1F9KLZGHE9DTA","say",-2,"modal","EP","no","BNC"
"BNC-996","A30MP4LXV4MIFD","say",-2,"modal","EP","no","BNC"
"BNC-996","A110KENBXU7SUJ","say",1,"modal","EP","no","BNC"
"BNC-996","A1QA5EWFMNKGTA","say",-2,"modal","EP","no","BNC"
"BNC-996","A32QJF67JMJFKX","say",1,"modal","EP","no","BNC"
"BNC-996","A1MJVTR0PCKBWW","say",3,"modal","EP","no","BNC"
"BNC-996","A3JFUVCSJ8MRVE","say",-1,"modal","EP","no","BNC"
"BNC-996","AOTF48KUV9KWM","say",1,"modal","EP","no","BNC"
"BNC-996","A13PXTFOXDCKBF","say",1,"modal","EP","no","BNC"
"BNC-996","A5EU1AQJNC7F2","say",2,"modal","EP","no","BNC"
"BNC-996","A4J4GGMKJ68L0","say",0,"modal","EP","no","BNC"
"SWBD-1","A110KENBXU7SUJ","believe",0,"conditional","none","no","SWBD"
"SWBD-1","A2ONILC0LZKG6Y","believe",1,"conditional","none","no","SWBD"
"SWBD-1","A2WCXJZEXXR60A","believe",2,"conditional","none","no","SWBD"
"SWBD-1","A1GXFMAC759VRM","believe",2,"conditional","none","no","SWBD"
"SWBD-1","A05977571SZ38O16ESGP8","believe",2,"conditional","none","no","SWBD"
"SWBD-1","A2P065E9CYMYJL","believe",2,"conditional","none","no","SWBD"
"SWBD-1","APGX2WZ59OWDN","believe",1,"conditional","none","no","SWBD"
"SWBD-1","A2EOOF9D135HQ1","believe",0,"conditional","none","no","SWBD"
"SWBD-1","A2JP9IKRHNLRPI","believe",2,"conditional","none","no","SWBD"
"SWBD-10","ASI2B6A3Y556Z","know",0,"conditional","none","yes","SWBD"
"SWBD-10","A05977571SZ38O16ESGP8","know",1,"conditional","none","yes","SWBD"
"SWBD-10","APGX2WZ59OWDN","know",3,"conditional","none","yes","SWBD"
"SWBD-10","AC5UD8N187QD6","know",0,"conditional","none","yes","SWBD"
"SWBD-10","AAASQIW3J32OL","know",3,"conditional","none","yes","SWBD"
"SWBD-10","A1SLM4JRDIM430","know",1,"conditional","none","yes","SWBD"
"SWBD-10","AR1IWBDA7MC86","know",0,"conditional","none","yes","SWBD"
"SWBD-10","A1945USNZHTROX","know",3,"conditional","none","yes","SWBD"
"SWBD-100","A18LPAFMK1B06K","convince",-2,"negation","none","no","SWBD"
"SWBD-100","A1DS5O8MSI3ZH0","convince",-1,"negation","none","no","SWBD"
"SWBD-100","A2IKPU88PDQTMF","convince",2,"negation","none","no","SWBD"
"SWBD-100","A1GXFMAC759VRM","convince",1,"negation","none","no","SWBD"
"SWBD-100","A110KENBXU7SUJ","convince",-1,"negation","none","no","SWBD"
"SWBD-100","A239EUWY6SNDEZ","convince",0,"negation","none","no","SWBD"
"SWBD-100","ATF7HBD1TFI2U","convince",-1,"negation","none","no","SWBD"
"SWBD-100","A1DABMXVWWL0TR","convince",0,"negation","none","no","SWBD"
"SWBD-101","A2AMQX0BQZXG9N","think",-2,"negation","none","no","SWBD"
"SWBD-101","A3VRDQJNM1IC0E","think",-3,"negation","none","no","SWBD"
"SWBD-101","A3W6T1WDYXMR3","think",-2,"negation","none","no","SWBD"
"SWBD-101","A2P065E9CYMYJL","think",-1,"negation","none","no","SWBD"
"SWBD-101","A1EQ2HDHF2WWSY","think",-2,"negation","none","no","SWBD"
"SWBD-101","A36SM7QM8OK3H6","think",-3,"negation","none","no","SWBD"
"SWBD-101","A39GADIK8RLMVC","think",-3,"negation","none","no","SWBD"
"SWBD-101","A27SMEOPKV84VI","think",-2,"negation","none","no","SWBD"
"SWBD-101","A1GXFMAC759VRM","think",-3,"negation","none","no","SWBD"
"SWBD-102","AW0MG225VXWCN","know",-3,"negation","none","yes","SWBD"
"SWBD-102","A1MJVTR0PCKBWW","know",-1,"negation","none","yes","SWBD"
"SWBD-102","A28HB7240OFGEW","know",0,"negation","none","yes","SWBD"
"SWBD-102","AS0M9S5W52N4M","know",-1,"negation","none","yes","SWBD"
"SWBD-102","A110KENBXU7SUJ","know",-2,"negation","none","yes","SWBD"
"SWBD-102","A36SM7QM8OK3H6","know",-2,"negation","none","yes","SWBD"
"SWBD-102","A1GXFMAC759VRM","know",-3,"negation","none","yes","SWBD"
"SWBD-102","A3S300T3IVQ2GC","know",-2,"negation","none","yes","SWBD"
"SWBD-102","A39GADIK8RLMVC","know",-2,"negation","none","yes","SWBD"
"SWBD-102","A2AMQX0BQZXG9N","know",-3,"negation","none","yes","SWBD"
"SWBD-102","ASI2B6A3Y556Z","know",-1,"negation","none","yes","SWBD"
"SWBD-103","A110KENBXU7SUJ","believe",-2,"negation","none","no","SWBD"
"SWBD-103","A1945USNZHTROX","believe",-3,"negation","none","no","SWBD"
"SWBD-103","A3IJTM1XM7FE15","believe",-3,"negation","none","no","SWBD"
"SWBD-103","A18LPAFMK1B06K","believe",-1,"negation","none","no","SWBD"
"SWBD-103","A16SAB417Y96G4","believe",-2,"negation","none","no","SWBD"
"SWBD-103","A38DXFI1TZA295","believe",-3,"negation","none","no","SWBD"
"SWBD-103","A1GXFMAC759VRM","believe",-3,"negation","none","no","SWBD"
"SWBD-103","A2CJYS92WX7HN6","believe",-2,"negation","none","no","SWBD"
"SWBD-103","AIXIAGX87039O","believe",-3,"negation","none","no","SWBD"
"SWBD-104","A1MJVTR0PCKBWW","know",-2,"negation","none","yes","SWBD"
"SWBD-104","A1MJHGH55K3O0","know",3,"negation","none","yes","SWBD"
"SWBD-104","APITQRRX2PADB","know",-2,"negation","none","yes","SWBD"
"SWBD-104","A3F6SDO4GYBE4Y","know",-1,"negation","none","yes","SWBD"
"SWBD-104","A3S300T3IVQ2GC","know",-3,"negation","none","yes","SWBD"
"SWBD-104","A39GADIK8RLMVC","know",-2,"negation","none","yes","SWBD"
"SWBD-104","A1GXFMAC759VRM","know",-3,"negation","none","yes","SWBD"
"SWBD-104","A36SM7QM8OK3H6","know",-1,"negation","none","yes","SWBD"
"SWBD-104","A2AMQX0BQZXG9N","know",-3,"negation","none","yes","SWBD"
"SWBD-104","A2IQ0QCTQ3KWLT","know",-2,"negation","none","yes","SWBD"
"SWBD-105","A1945USNZHTROX","think",-3,"negation","none","no","SWBD"
"SWBD-105","AW0MG225VXWCN","think",-1,"negation","none","no","SWBD"
"SWBD-105","A36SM7QM8OK3H6","think",-2,"negation","none","no","SWBD"
"SWBD-105","A3S300T3IVQ2GC","think",-2,"negation","none","no","SWBD"
"SWBD-105","A39GADIK8RLMVC","think",-2,"negation","none","no","SWBD"
"SWBD-105","ABL3H3O3BI8ZD","think",-1,"negation","none","no","SWBD"
"SWBD-105","A1GXFMAC759VRM","think",-2,"negation","none","no","SWBD"
"SWBD-105","A18LPAFMK1B06K","think",3,"negation","none","no","SWBD"
"SWBD-105","A2P065E9CYMYJL","think",-1,"negation","none","no","SWBD"
"SWBD-105","A110KENBXU7SUJ","think",-2,"negation","none","no","SWBD"
"SWBD-106","A3454T4PU9GJM0","know",0,"negation","none","yes","SWBD"
"SWBD-106","AVJUIF9QHQRY8","know",-2,"negation","none","yes","SWBD"
"SWBD-106","AFN5VMMGYPF1I","know",0,"negation","none","yes","SWBD"
"SWBD-106","A18LPAFMK1B06K","know",-1,"negation","none","yes","SWBD"
"SWBD-106","A35K3YVCX1LVPE","know",-3,"negation","none","yes","SWBD"
"SWBD-106","A3T61LJ1WNOL6Z","know",2,"negation","none","yes","SWBD"
"SWBD-106","A3QNMUHAFAJRQO","know",0,"negation","none","yes","SWBD"
"SWBD-106","A2AMQX0BQZXG9N","know",-2,"negation","none","yes","SWBD"
"SWBD-106","A1GXFMAC759VRM","know",0,"negation","none","yes","SWBD"
"SWBD-106","APGX2WZ59OWDN","know",-1,"negation","none","yes","SWBD"
"SWBD-107","A36SM7QM8OK3H6","know",-2,"negation","none","yes","SWBD"
"SWBD-107","A39GADIK8RLMVC","know",-2,"negation","none","yes","SWBD"
"SWBD-107","APITQRRX2PADB","know",-1,"negation","none","yes","SWBD"
"SWBD-107","A2AMQX0BQZXG9N","know",-3,"negation","none","yes","SWBD"
"SWBD-107","A1GXFMAC759VRM","know",-2,"negation","none","yes","SWBD"
"SWBD-107","A3SX229VS1X6B6","know",0,"negation","none","yes","SWBD"
"SWBD-107","ASI2B6A3Y556Z","know",-2,"negation","none","yes","SWBD"
"SWBD-107","APGX2WZ59OWDN","know",-1,"negation","none","yes","SWBD"
"SWBD-108","A6B8DOH3KV5SL","guess",-2,"negation","none","no","SWBD"
"SWBD-108","A2WCXJZEXXR60A","guess",-2,"negation","none","no","SWBD"
"SWBD-108","A2ZRF4I5RTKN7G","guess",-2,"negation","none","no","SWBD"
"SWBD-108","A2EOOF9D135HQ1","guess",-2,"negation","none","no","SWBD"
"SWBD-108","A2P065E9CYMYJL","guess",1,"negation","none","no","SWBD"
"SWBD-108","AM8OWAW9TUVLN","guess",1,"negation","none","no","SWBD"
"SWBD-108","A1GXFMAC759VRM","guess",-3,"negation","none","no","SWBD"
"SWBD-108","A1IBVWKNX3OKK7","guess",-3,"negation","none","no","SWBD"
"SWBD-109","A1MJHGH55K3O0","think",-3,"negation","none","no","SWBD"
"SWBD-109","A1GXFMAC759VRM","think",-3,"negation","none","no","SWBD"
"SWBD-109","A1DABMXVWWL0TR","think",-3,"negation","none","no","SWBD"
"SWBD-109","A110KENBXU7SUJ","think",-2,"negation","none","no","SWBD"
"SWBD-109","AAASQIW3J32OL","think",-2,"negation","none","no","SWBD"
"SWBD-109","A24LC97AU3QC7G","think",3,"negation","none","no","SWBD"
"SWBD-109","A3GLMBZSG3VU4P","think",-2,"negation","none","no","SWBD"
"SWBD-109","A27SMEOPKV84VI","think",-2,"negation","none","no","SWBD"
"SWBD-109","A3F6SDO4GYBE4Y","think",-1,"negation","none","no","SWBD"
"SWBD-109","A1EQ2HDHF2WWSY","think",-2,"negation","none","no","SWBD"
"SWBD-11","A3GM78FCDY293T","feel",0,"conditional","none","no","SWBD"
"SWBD-11","A1MJVTR0PCKBWW","feel",2,"conditional","none","no","SWBD"
"SWBD-11","A2JP9IKRHNLRPI","feel",2,"conditional","none","no","SWBD"
"SWBD-11","A1GXFMAC759VRM","feel",0,"conditional","none","no","SWBD"
"SWBD-11","A2WCXJZEXXR60A","feel",0,"conditional","none","no","SWBD"
"SWBD-11","APO6KZZ79PO9Q","feel",0,"conditional","none","no","SWBD"
"SWBD-11","APGX2WZ59OWDN","feel",0,"conditional","none","no","SWBD"
"SWBD-11","AE60SK1Y79RGK","feel",0,"conditional","none","no","SWBD"
"SWBD-11","A27SMEOPKV84VI","feel",0,"conditional","none","no","SWBD"
"SWBD-110","A2JP9IKRHNLRPI","realize",2,"negation","none","yes","SWBD"
"SWBD-110","A3GM78FCDY293T","realize",1,"negation","none","yes","SWBD"
"SWBD-110","AE60SK1Y79RGK","realize",3,"negation","none","yes","SWBD"
"SWBD-110","APGX2WZ59OWDN","realize",2,"negation","none","yes","SWBD"
"SWBD-110","A27SMEOPKV84VI","realize",-1,"negation","none","yes","SWBD"
"SWBD-110","A1MJVTR0PCKBWW","realize",-3,"negation","none","yes","SWBD"
"SWBD-110","A1GXFMAC759VRM","realize",2,"negation","none","yes","SWBD"
"SWBD-110","A2WCXJZEXXR60A","realize",-3,"negation","none","yes","SWBD"
"SWBD-110","APO6KZZ79PO9Q","realize",-3,"negation","none","yes","SWBD"
"SWBD-111","A18LPAFMK1B06K","think",-2,"negation","none","no","SWBD"
"SWBD-111","A110KENBXU7SUJ","think",-1,"negation","none","no","SWBD"
"SWBD-111","A239EUWY6SNDEZ","think",-3,"negation","none","no","SWBD"
"SWBD-111","AZGBKAM5JUV5A","think",-3,"negation","none","no","SWBD"
"SWBD-111","A39GADIK8RLMVC","think",-2,"negation","none","no","SWBD"
"SWBD-111","A11S43P3WNLIZD","think",1,"negation","none","no","SWBD"
"SWBD-111","A1GXFMAC759VRM","think",-3,"negation","none","no","SWBD"
"SWBD-111","A2IKPU88PDQTMF","think",-2,"negation","none","no","SWBD"
"SWBD-111","A3OXRDSUN9F10I","think",-1,"negation","none","no","SWBD"
"SWBD-111","A1945USNZHTROX","think",-3,"negation","none","no","SWBD"
"SWBD-112","A2EOOF9D135HQ1","think",-1,"negation","none","no","SWBD"
"SWBD-112","A110KENBXU7SUJ","think",0,"negation","none","no","SWBD"
"SWBD-112","ANV8C2DATCAPB","think",-3,"negation","none","no","SWBD"
"SWBD-112","A1GXFMAC759VRM","think",-2,"negation","none","no","SWBD"
"SWBD-112","A2WCXJZEXXR60A","think",-2,"negation","none","no","SWBD"
"SWBD-112","A10ECDDI2BYH3K","think",1,"negation","none","no","SWBD"
"SWBD-112","A3GLMBZSG3VU4P","think",-1,"negation","none","no","SWBD"
"SWBD-112","A18LPAFMK1B06K","think",0,"negation","none","no","SWBD"
"SWBD-112","AR1IWBDA7MC86","think",0,"negation","none","no","SWBD"
"SWBD-112","A3F6SDO4GYBE4Y","think",-2,"negation","none","no","SWBD"
"SWBD-113","A2WCXJZEXXR60A","think",-2,"negation","none","no","SWBD"
"SWBD-113","A2EOOF9D135HQ1","think",-2,"negation","none","no","SWBD"
"SWBD-113","A3F6SDO4GYBE4Y","think",-1,"negation","none","no","SWBD"
"SWBD-113","A147F5PJTHOB8A","think",1,"negation","none","no","SWBD"
"SWBD-113","A1GXFMAC759VRM","think",-2,"negation","none","no","SWBD"
"SWBD-113","APGX2WZ59OWDN","think",-1,"negation","none","no","SWBD"
"SWBD-113","AR1IWBDA7MC86","think",-2,"negation","none","no","SWBD"
"SWBD-113","A110KENBXU7SUJ","think",-2,"negation","none","no","SWBD"
"SWBD-114","A36SM7QM8OK3H6","know",-2,"negation","none","yes","SWBD"
"SWBD-114","A2AMQX0BQZXG9N","know",-3,"negation","none","yes","SWBD"
"SWBD-114","A18LPAFMK1B06K","know",-2,"negation","none","yes","SWBD"
"SWBD-114","A2RBF3IIJP15IH","know",-2,"negation","none","yes","SWBD"
"SWBD-114","A3F6SDO4GYBE4Y","know",-1,"negation","none","yes","SWBD"
"SWBD-114","A39GADIK8RLMVC","know",-2,"negation","none","yes","SWBD"
"SWBD-114","AW0MG225VXWCN","know",-1,"negation","none","yes","SWBD"
"SWBD-114","A1GXFMAC759VRM","know",-3,"negation","none","yes","SWBD"
"SWBD-115","A1GXFMAC759VRM","think",-2,"negation","none","no","SWBD"
"SWBD-115","A18LPAFMK1B06K","think",-2,"negation","none","no","SWBD"
"SWBD-115","A2AMQX0BQZXG9N","think",-3,"negation","none","no","SWBD"
"SWBD-115","A27SMEOPKV84VI","think",-3,"negation","none","no","SWBD"
"SWBD-115","A5EU1AQJNC7F2","think",-2,"negation","none","no","SWBD"
"SWBD-115","A1945USNZHTROX","think",-3,"negation","none","no","SWBD"
"SWBD-115","A39GADIK8RLMVC","think",-2,"negation","none","no","SWBD"
"SWBD-115","ASI2B6A3Y556Z","think",-2,"negation","none","no","SWBD"
"SWBD-116","AVI7K876BV3QL","realize",2,"negation","none","yes","SWBD"
"SWBD-116","A39GADIK8RLMVC","realize",3,"negation","none","yes","SWBD"
"SWBD-116","A2WCXJZEXXR60A","realize",3,"negation","none","yes","SWBD"
"SWBD-116","A2LGSV2MKHWA49","realize",3,"negation","none","yes","SWBD"
"SWBD-116","A1V2H0UF94ATWY","realize",2,"negation","none","yes","SWBD"
"SWBD-116","A1GXFMAC759VRM","realize",3,"negation","none","yes","SWBD"
"SWBD-116","APGX2WZ59OWDN","realize",-2,"negation","none","yes","SWBD"
"SWBD-116","A2JP9IKRHNLRPI","realize",3,"negation","none","yes","SWBD"
"SWBD-116","A239EUWY6SNDEZ","realize",3,"negation","none","yes","SWBD"
"SWBD-117","A1EQ2HDHF2WWSY","see",-2,"negation","none","yes","SWBD"
"SWBD-117","A2EOOF9D135HQ1","see",-3,"negation","none","yes","SWBD"
"SWBD-117","A39GADIK8RLMVC","see",-3,"negation","none","yes","SWBD"
"SWBD-117","A3S300T3IVQ2GC","see",-3,"negation","none","yes","SWBD"
"SWBD-117","A2DXEPC4QFV4R1","see",-3,"negation","none","yes","SWBD"
"SWBD-117","A18LPAFMK1B06K","see",-2,"negation","none","yes","SWBD"
"SWBD-117","A1GXFMAC759VRM","see",-3,"negation","none","yes","SWBD"
"SWBD-117","A1945USNZHTROX","see",-3,"negation","none","yes","SWBD"
"SWBD-118","A3VVR8NR3ED04C","say",0,"negation","none","no","SWBD"
"SWBD-118","A36SM7QM8OK3H6","say",-1,"negation","none","no","SWBD"
"SWBD-118","A320QA9HJFUOZO","say",0,"negation","none","no","SWBD"
"SWBD-118","AY9ZVK32I1P1L","say",-1,"negation","none","no","SWBD"
"SWBD-118","A1MJHGH55K3O0","say",0,"negation","none","no","SWBD"
"SWBD-118","APGX2WZ59OWDN","say",-2,"negation","none","no","SWBD"
"SWBD-118","A1EQ2HDHF2WWSY","say",-1,"negation","none","no","SWBD"
"SWBD-118","A2AMQX0BQZXG9N","say",-3,"negation","none","no","SWBD"
"SWBD-119","AFN5VMMGYPF1I","say",-1,"negation","none","no","SWBD"
"SWBD-119","A2AMQX0BQZXG9N","say",-3,"negation","none","no","SWBD"
"SWBD-119","ATOPSQ6JDYZ6H","say",-2,"negation","none","no","SWBD"
"SWBD-119","A2JP9IKRHNLRPI","say",-3,"negation","none","no","SWBD"
"SWBD-119","A2WCXJZEXXR60A","say",-2,"negation","none","no","SWBD"
"SWBD-119","A1MJVTR0PCKBWW","say",3,"negation","none","no","SWBD"
"SWBD-119","A1GXFMAC759VRM","say",-3,"negation","none","no","SWBD"
"SWBD-119","AVI7K876BV3QL","say",0,"negation","none","no","SWBD"
"SWBD-119","A5EU1AQJNC7F2","say",-1,"negation","none","no","SWBD"
"SWBD-119","A1K0S514CEY1UG","say",1,"negation","none","no","SWBD"
"SWBD-12","A05977571SZ38O16ESGP8","say",0,"conditional","none","no","SWBD"
"SWBD-12","A2DXEPC4QFV4R1","say",0,"conditional","none","no","SWBD"
"SWBD-12","A3GLMBZSG3VU4P","say",1,"conditional","none","no","SWBD"
"SWBD-12","ALZVG5501Y5IX","say",0,"conditional","none","no","SWBD"
"SWBD-12","A15XX0WDRG29E7","say",1,"conditional","none","no","SWBD"
"SWBD-12","A18LPAFMK1B06K","say",1,"conditional","none","no","SWBD"
"SWBD-12","A1945USNZHTROX","say",3,"conditional","none","no","SWBD"
"SWBD-12","A10YS8AVLQWUZZ","say",0,"conditional","none","no","SWBD"
"SWBD-12","A1MJVTR0PCKBWW","say",0,"conditional","none","no","SWBD"
"SWBD-12","A28HB7240OFGEW","say",1,"conditional","none","no","SWBD"
"SWBD-120","ASI2B6A3Y556Z","think",-2,"negation","none","no","SWBD"
"SWBD-120","A2EOOF9D135HQ1","think",-2,"negation","none","no","SWBD"
"SWBD-120","A214HWAW1PYWO8","think",-3,"negation","none","no","SWBD"
"SWBD-120","A39GADIK8RLMVC","think",-2,"negation","none","no","SWBD"
"SWBD-120","A110KENBXU7SUJ","think",-2,"negation","none","no","SWBD"
"SWBD-120","A27SMEOPKV84VI","think",-2,"negation","none","no","SWBD"
"SWBD-120","A1GXFMAC759VRM","think",-2,"negation","none","no","SWBD"
"SWBD-120","AXJ1PE87PD0KK","think",-1,"negation","none","no","SWBD"
"SWBD-121","A1L3937MY09J3I","see",2,"negation","none","yes","SWBD"
"SWBD-121","A1GXFMAC759VRM","see",3,"negation","none","yes","SWBD"
"SWBD-121","A233KUL18RUW1N","see",1,"negation","none","yes","SWBD"
"SWBD-121","A1MJVTR0PCKBWW","see",3,"negation","none","yes","SWBD"
"SWBD-121","A1HKCTDOTL6C9I","see",3,"negation","none","yes","SWBD"
"SWBD-121","AAASQIW3J32OL","see",-2,"negation","none","yes","SWBD"
"SWBD-121","A3QNMUHAFAJRQO","see",3,"negation","none","yes","SWBD"
"SWBD-121","A1UH396UOK0X9Z","see",2,"negation","none","yes","SWBD"
"SWBD-121","A110KENBXU7SUJ","see",3,"negation","none","yes","SWBD"
"SWBD-121","ASI2B6A3Y556Z","see",-2,"negation","none","yes","SWBD"
"SWBD-122","ALZVG5501Y5IX","believe",-2,"negation","none","no","SWBD"
"SWBD-122","A05977571SZ38O16ESGP8","believe",-2,"negation","none","no","SWBD"
"SWBD-122","A2DXEPC4QFV4R1","believe",-1,"negation","none","no","SWBD"
"SWBD-122","A1MJVTR0PCKBWW","believe",-2,"negation","none","no","SWBD"
"SWBD-122","A18LPAFMK1B06K","believe",-2,"negation","none","no","SWBD"
"SWBD-122","A28HB7240OFGEW","believe",-2,"negation","none","no","SWBD"
"SWBD-122","A10YS8AVLQWUZZ","believe",-2,"negation","none","no","SWBD"
"SWBD-122","A1945USNZHTROX","believe",-3,"negation","none","no","SWBD"
"SWBD-122","A3GLMBZSG3VU4P","believe",-2,"negation","none","no","SWBD"
"SWBD-122","A15XX0WDRG29E7","believe",-2,"negation","none","no","SWBD"
"SWBD-123","A1GXFMAC759VRM","think",-3,"negation","none","no","SWBD"
"SWBD-123","A1MJVTR0PCKBWW","think",-1,"negation","none","no","SWBD"
"SWBD-123","A1EQ2HDHF2WWSY","think",-2,"negation","none","no","SWBD"
"SWBD-123","A1HN4550TIXQBZ","think",-3,"negation","none","no","SWBD"
"SWBD-123","A39GADIK8RLMVC","think",-2,"negation","none","no","SWBD"
"SWBD-123","A27SMEOPKV84VI","think",-2,"negation","none","no","SWBD"
"SWBD-123","A18LPAFMK1B06K","think",-2,"negation","none","no","SWBD"
"SWBD-123","A1945USNZHTROX","think",-3,"negation","none","no","SWBD"
"SWBD-123","AR1IWBDA7MC86","think",-3,"negation","none","no","SWBD"
"SWBD-123","A2AMQX0BQZXG9N","think",-3,"negation","none","no","SWBD"
"SWBD-123","A125KW9P18V5Z1","think",-3,"negation","none","no","SWBD"
"SWBD-124","A28FMRMS9TMEOZ","think",0,"negation","none","no","SWBD"
"SWBD-124","A1F1OZ54G177D8","think",-2,"negation","none","no","SWBD"
"SWBD-124","A4J4GGMKJ68L0","think",-3,"negation","none","no","SWBD"
"SWBD-124","A3U761PEG7MFKT","think",-3,"negation","none","no","SWBD"
"SWBD-124","A18LPAFMK1B06K","think",-2,"negation","none","no","SWBD"
"SWBD-124","A39GADIK8RLMVC","think",-2,"negation","none","no","SWBD"
"SWBD-124","A1EQ2HDHF2WWSY","think",-2,"negation","none","no","SWBD"
"SWBD-124","A1945USNZHTROX","think",-3,"negation","none","no","SWBD"
"SWBD-124","A0017268R9SKD8U2Y3F","think",-3,"negation","none","no","SWBD"
"SWBD-124","A125KW9P18V5Z1","think",-2,"negation","none","no","SWBD"
"SWBD-125","A2UNSF09FWX9S8","think",1,"negation","none","no","SWBD"
"SWBD-125","A2EOOF9D135HQ1","think",-2,"negation","none","no","SWBD"
"SWBD-125","A12723JDRPT207","think",-3,"negation","none","no","SWBD"
"SWBD-125","A1F9KLZGHE9DTA","think",-3,"negation","none","no","SWBD"
"SWBD-125","A2P065E9CYMYJL","think",-1,"negation","none","no","SWBD"
"SWBD-125","A110KENBXU7SUJ","think",-2,"negation","none","no","SWBD"
"SWBD-125","A9HQ3E0F2AGVO","think",-3,"negation","none","no","SWBD"
"SWBD-125","A28HB7240OFGEW","think",-2,"negation","none","no","SWBD"
"SWBD-125","AULU4VSUPO1CW","think",-3,"negation","none","no","SWBD"
"SWBD-125","A2YGAEODJ5SSF6","think",3,"negation","none","no","SWBD"
"SWBD-125","A1GXFMAC759VRM","think",-3,"negation","none","no","SWBD"
"SWBD-125","A1KFUXSVGSHL5Z","think",2,"negation","none","no","SWBD"
"SWBD-126","A2R8IV2PWFTY00","know",3,"negation","none","yes","SWBD"
"SWBD-126","A4IH4CO046EV3","know",-1,"negation","none","yes","SWBD"
"SWBD-126","A110KENBXU7SUJ","know",-1,"negation","none","yes","SWBD"
"SWBD-126","A3Q0XAGQ7TD7MP","know",-1,"negation","none","yes","SWBD"
"SWBD-126","A2AMQX0BQZXG9N","know",-3,"negation","none","yes","SWBD"
"SWBD-126","A1GXFMAC759VRM","know",-3,"negation","none","yes","SWBD"
"SWBD-126","ASI2B6A3Y556Z","know",-2,"negation","none","yes","SWBD"
"SWBD-126","APGX2WZ59OWDN","know",-1,"negation","none","yes","SWBD"
"SWBD-126","A258MR1IS96JEP","know",-3,"negation","none","yes","SWBD"
"SWBD-126","A1F9KLZGHE9DTA","know",-2,"negation","none","yes","SWBD"
"SWBD-126","AFN5VMMGYPF1I","know",0,"negation","none","yes","SWBD"
"SWBD-126","A3S300T3IVQ2GC","know",-3,"negation","none","yes","SWBD"
"SWBD-127","A110KENBXU7SUJ","think",-2,"negation","none","no","SWBD"
"SWBD-127","A24LC97AU3QC7G","think",-2,"negation","none","no","SWBD"
"SWBD-127","A214HWAW1PYWO8","think",-3,"negation","none","no","SWBD"
"SWBD-127","A27SMEOPKV84VI","think",-1,"negation","none","no","SWBD"
"SWBD-127","A1MJHGH55K3O0","think",-2,"negation","none","no","SWBD"
"SWBD-127","A39GADIK8RLMVC","think",-2,"negation","none","no","SWBD"
"SWBD-127","A125KW9P18V5Z1","think",-2,"negation","none","no","SWBD"
"SWBD-127","A1MJVTR0PCKBWW","think",-3,"negation","none","no","SWBD"
"SWBD-127","APITQRRX2PADB","think",-3,"negation","none","no","SWBD"
"SWBD-127","ASI2B6A3Y556Z","think",-2,"negation","none","no","SWBD"
"SWBD-128","A18LPAFMK1B06K","see",-2,"negation","none","yes","SWBD"
"SWBD-128","A2AMQX0BQZXG9N","see",-3,"negation","none","yes","SWBD"
"SWBD-128","A1GXFMAC759VRM","see",-3,"negation","none","yes","SWBD"
"SWBD-128","A1EQ2HDHF2WWSY","see",-1,"negation","none","yes","SWBD"
"SWBD-128","ASI2B6A3Y556Z","see",-2,"negation","none","yes","SWBD"
"SWBD-128","A2P065E9CYMYJL","see",-2,"negation","none","yes","SWBD"
"SWBD-128","A320QA9HJFUOZO","see",-2,"negation","none","yes","SWBD"
"SWBD-128","A2WCXJZEXXR60A","see",-2,"negation","none","yes","SWBD"
"SWBD-129","A1GXFMAC759VRM","know",3,"negation","none","yes","SWBD"
"SWBD-129","AR1IWBDA7MC86","know",1,"negation","none","yes","SWBD"
"SWBD-129","A24LC97AU3QC7G","know",2,"negation","none","yes","SWBD"
"SWBD-129","A3G55NZ2MOUOQK","know",-1,"negation","none","yes","SWBD"
"SWBD-129","APGX2WZ59OWDN","know",1,"negation","none","yes","SWBD"
"SWBD-129","A2EOOF9D135HQ1","know",-1,"negation","none","yes","SWBD"
"SWBD-129","A05977571SZ38O16ESGP8","know",2,"negation","none","yes","SWBD"
"SWBD-129","A1MJVTR0PCKBWW","know",-2,"negation","none","yes","SWBD"
"SWBD-13","A18LPAFMK1B06K","figure",-1,"conditional","none","no","SWBD"
"SWBD-13","A1GXFMAC759VRM","figure",0,"conditional","none","no","SWBD"
"SWBD-13","A2AMQX0BQZXG9N","figure",0,"conditional","none","no","SWBD"
"SWBD-13","A2P065E9CYMYJL","figure",0,"conditional","none","no","SWBD"
"SWBD-13","ASI2B6A3Y556Z","figure",0,"conditional","none","no","SWBD"
"SWBD-13","A2WCXJZEXXR60A","figure",0,"conditional","none","no","SWBD"
"SWBD-13","A1EQ2HDHF2WWSY","figure",0,"conditional","none","no","SWBD"
"SWBD-13","A320QA9HJFUOZO","figure",0,"conditional","none","no","SWBD"
"SWBD-130","A256FHXGSY0E5D","think",-3,"negation","none","no","SWBD"
"SWBD-130","AJRY9ALX8069Y","think",-2,"negation","none","no","SWBD"
"SWBD-130","A3QNMUHAFAJRQO","think",1,"negation","none","no","SWBD"
"SWBD-130","A16UAN46CNIRHY","think",-3,"negation","none","no","SWBD"
"SWBD-130","AOTCPS24JM5DQ","think",1,"negation","none","no","SWBD"
"SWBD-130","A360G5G0DVWU7X","think",-1,"negation","none","no","SWBD"
"SWBD-130","A1RVMADIZE3BXK","think",2,"negation","none","no","SWBD"
"SWBD-130","A1MJVTR0PCKBWW","think",-3,"negation","none","no","SWBD"
"SWBD-130","AXKTYKCT9NGHS","think",-2,"negation","none","no","SWBD"
"SWBD-130","AC5UD8N187QD6","think",-2,"negation","none","no","SWBD"
"SWBD-130","A1GXFMAC759VRM","think",-3,"negation","none","no","SWBD"
"SWBD-131","A1UH396UOK0X9Z","think",-2,"negation","none","no","SWBD"
"SWBD-131","A39GADIK8RLMVC","think",-2,"negation","none","no","SWBD"
"SWBD-131","A4IH4CO046EV3","think",-3,"negation","none","no","SWBD"
"SWBD-131","A2FYQIZWV2UJHS","think",-2,"negation","none","no","SWBD"
"SWBD-131","A2GB0RI43KU4Z","think",-2,"negation","none","no","SWBD"
"SWBD-131","A1MJVTR0PCKBWW","think",-3,"negation","none","no","SWBD"
"SWBD-131","A2WCXJZEXXR60A","think",-2,"negation","none","no","SWBD"
"SWBD-131","A1HKCTDOTL6C9I","think",-2,"negation","none","no","SWBD"
"SWBD-131","APGX2WZ59OWDN","think",-1,"negation","none","no","SWBD"
"SWBD-131","ATGUAXNWCW8NI","think",0,"negation","none","no","SWBD"
"SWBD-132","A1IBVWKNX3OKK7","think",-3,"negation","none","no","SWBD"
"SWBD-132","A6B8DOH3KV5SL","think",-2,"negation","none","no","SWBD"
"SWBD-132","A2EOOF9D135HQ1","think",1,"negation","none","no","SWBD"
"SWBD-132","A2WCXJZEXXR60A","think",-2,"negation","none","no","SWBD"
"SWBD-132","AM8OWAW9TUVLN","think",2,"negation","none","no","SWBD"
"SWBD-132","A2P065E9CYMYJL","think",-1,"negation","none","no","SWBD"
"SWBD-132","A1GXFMAC759VRM","think",-3,"negation","none","no","SWBD"
"SWBD-132","A2ZRF4I5RTKN7G","think",-3,"negation","none","no","SWBD"
"SWBD-133","ATF7HBD1TFI2U","think",-2,"negation","none","no","SWBD"
"SWBD-133","A1MJVTR0PCKBWW","think",-1,"negation","none","no","SWBD"
"SWBD-133","APR6H3HAOE9OU","think",-2,"negation","none","no","SWBD"
"SWBD-133","A147F5PJTHOB8A","think",-3,"negation","none","no","SWBD"
"SWBD-133","A1GRPIBHW72HDU","think",-2,"negation","none","no","SWBD"
"SWBD-133","A2EOOF9D135HQ1","think",0,"negation","none","no","SWBD"
"SWBD-133","A28HB7240OFGEW","think",-2,"negation","none","no","SWBD"
"SWBD-133","A2CF2BD4Q0ZDJN","think",-2,"negation","none","no","SWBD"
"SWBD-133","A28LARVABNF9BX","think",0,"negation","none","no","SWBD"
"SWBD-133","AR1IWBDA7MC86","think",-2,"negation","none","no","SWBD"
"SWBD-134","A110KENBXU7SUJ","think",-2,"negation","none","no","SWBD"
"SWBD-134","APGX2WZ59OWDN","think",-2,"negation","none","no","SWBD"
"SWBD-134","A2EOOF9D135HQ1","think",-2,"negation","none","no","SWBD"
"SWBD-134","A3TOUB8313BPVS","think",-1,"negation","none","no","SWBD"
"SWBD-134","A2B6WQG0A9CKXQ","think",-1,"negation","none","no","SWBD"
"SWBD-134","A2G7N0X0PNX0EE","think",-3,"negation","none","no","SWBD"
"SWBD-134","A05977571SZ38O16ESGP8","think",-3,"negation","none","no","SWBD"
"SWBD-134","AR1IWBDA7MC86","think",-2,"negation","none","no","SWBD"
"SWBD-135","A3454T4PU9GJM0","think",-2,"negation","none","no","SWBD"
"SWBD-135","AVJUIF9QHQRY8","think",-1,"negation","none","no","SWBD"
"SWBD-135","A1F9KLZGHE9DTA","think",-2,"negation","none","no","SWBD"
"SWBD-135","A110KENBXU7SUJ","think",-2,"negation","none","no","SWBD"
"SWBD-135","A2DXEPC4QFV4R1","think",-3,"negation","none","no","SWBD"
"SWBD-135","A39GADIK8RLMVC","think",-3,"negation","none","no","SWBD"
"SWBD-135","A159ZKL4AIHIS","think",-1,"negation","none","no","SWBD"
"SWBD-135","A18LPAFMK1B06K","think",-2,"negation","none","no","SWBD"
"SWBD-135","AFM6MQ0XZXKQD","think",-2,"negation","none","no","SWBD"
"SWBD-136","A1GXFMAC759VRM","realize",2,"negation","none","yes","SWBD"
"SWBD-136","A2DXEPC4QFV4R1","realize",0,"negation","none","yes","SWBD"
"SWBD-136","A1EQ2HDHF2WWSY","realize",-1,"negation","none","yes","SWBD"
"SWBD-136","A18LPAFMK1B06K","realize",-2,"negation","none","yes","SWBD"
"SWBD-136","A3S300T3IVQ2GC","realize",-3,"negation","none","yes","SWBD"
"SWBD-136","A2EOOF9D135HQ1","realize",-2,"negation","none","yes","SWBD"
"SWBD-136","A1945USNZHTROX","realize",-2,"negation","none","yes","SWBD"
"SWBD-136","A39GADIK8RLMVC","realize",-3,"negation","none","yes","SWBD"
"SWBD-137","A2EOOF9D135HQ1","know",1,"negation","none","yes","SWBD"
"SWBD-137","A2JP9IKRHNLRPI","know",0,"negation","none","yes","SWBD"
"SWBD-137","A1GXFMAC759VRM","know",-2,"negation","none","yes","SWBD"
"SWBD-137","APGX2WZ59OWDN","know",-1,"negation","none","yes","SWBD"
"SWBD-137","A110KENBXU7SUJ","know",0,"negation","none","yes","SWBD"
"SWBD-137","A2WCXJZEXXR60A","know",0,"negation","none","yes","SWBD"
"SWBD-137","A2ONILC0LZKG6Y","know",-1,"negation","none","yes","SWBD"
"SWBD-137","A2P065E9CYMYJL","know",0,"negation","none","yes","SWBD"
"SWBD-137","A05977571SZ38O16ESGP8","know",2,"negation","none","yes","SWBD"
"SWBD-138","A3F6SDO4GYBE4Y","think",-2,"negation","none","no","SWBD"
"SWBD-138","A05977571SZ38O16ESGP8","think",-1,"negation","none","no","SWBD"
"SWBD-138","A1PZ1YZAQEXRSQ","think",-3,"negation","none","no","SWBD"
"SWBD-138","A18LPAFMK1B06K","think",-1,"negation","none","no","SWBD"
"SWBD-138","A110KENBXU7SUJ","think",-2,"negation","none","no","SWBD"
"SWBD-138","A3O7X46E3REM7I","think",-1,"negation","none","no","SWBD"
"SWBD-138","A28HB7240OFGEW","think",-2,"negation","none","no","SWBD"
"SWBD-138","A1945USNZHTROX","think",-3,"negation","none","no","SWBD"
"SWBD-138","A10YS8AVLQWUZZ","think",-1,"negation","none","no","SWBD"
"SWBD-139","A1MJVTR0PCKBWW","realize",-2,"negation","none","yes","SWBD"
"SWBD-139","A1UH396UOK0X9Z","realize",1,"negation","none","yes","SWBD"
"SWBD-139","A1GXFMAC759VRM","realize",3,"negation","none","yes","SWBD"
"SWBD-139","A3QNMUHAFAJRQO","realize",-3,"negation","none","yes","SWBD"
"SWBD-139","ASI2B6A3Y556Z","realize",-1,"negation","none","yes","SWBD"
"SWBD-139","AAASQIW3J32OL","realize",0,"negation","none","yes","SWBD"
"SWBD-139","A110KENBXU7SUJ","realize",0,"negation","none","yes","SWBD"
"SWBD-139","A1L3937MY09J3I","realize",0,"negation","none","yes","SWBD"
"SWBD-139","A1HKCTDOTL6C9I","realize",0,"negation","none","yes","SWBD"
"SWBD-139","A233KUL18RUW1N","realize",1,"negation","none","yes","SWBD"
"SWBD-14","A36SM7QM8OK3H6","know",0,"conditional","none","yes","SWBD"
"SWBD-14","APGX2WZ59OWDN","know",1,"conditional","none","yes","SWBD"
"SWBD-14","A2P065E9CYMYJL","know",0,"conditional","none","yes","SWBD"
"SWBD-14","A1MJVTR0PCKBWW","know",0,"conditional","none","yes","SWBD"
"SWBD-14","A1GXFMAC759VRM","know",0,"conditional","none","yes","SWBD"
"SWBD-14","A27SMEOPKV84VI","know",0,"conditional","none","yes","SWBD"
"SWBD-14","A1AQQFJAF8CI4H","know",3,"conditional","none","yes","SWBD"
"SWBD-14","A2RBF3IIJP15IH","know",1,"conditional","none","yes","SWBD"
"SWBD-14","A27MJOV91GA8R3","know",0,"conditional","none","yes","SWBD"
"SWBD-14","AA4KKLIU4C3NY","know",2,"conditional","none","yes","SWBD"
"SWBD-14","ALZVG5501Y5IX","know",-1,"conditional","none","yes","SWBD"
"SWBD-14","A2JP9IKRHNLRPI","know",2,"conditional","none","yes","SWBD"
"SWBD-140","A359ETX78LN74M","think",-2,"negation","none","no","SWBD"
"SWBD-140","A22ON3MIIG0IJA","think",-2,"negation","none","no","SWBD"
"SWBD-140","A1X14SEMW60XVP","think",-1,"negation","none","no","SWBD"
"SWBD-140","A110KENBXU7SUJ","think",-2,"negation","none","no","SWBD"
"SWBD-140","A2IQ0QCTQ3KWLT","think",-2,"negation","none","no","SWBD"
"SWBD-140","ANV8C2DATCAPB","think",-2,"negation","none","no","SWBD"
"SWBD-140","A28HB7240OFGEW","think",-2,"negation","none","no","SWBD"
"SWBD-140","A1GXFMAC759VRM","think",-3,"negation","none","no","SWBD"
"SWBD-140","A3F6SDO4GYBE4Y","think",-1,"negation","none","no","SWBD"
"SWBD-140","A2JP9IKRHNLRPI","think",-2,"negation","none","no","SWBD"
"SWBD-140","AAASQIW3J32OL","think",0,"negation","none","no","SWBD"
"SWBD-140","A2EOOF9D135HQ1","think",0,"negation","none","no","SWBD"
"SWBD-141","A39GADIK8RLMVC","notice",3,"negation","none","yes","SWBD"
"SWBD-141","AFM6MQ0XZXKQD","notice",-1,"negation","none","yes","SWBD"
"SWBD-141","AVJUIF9QHQRY8","notice",2,"negation","none","yes","SWBD"
"SWBD-141","A1F9KLZGHE9DTA","notice",2,"negation","none","yes","SWBD"
"SWBD-141","A2DXEPC4QFV4R1","notice",3,"negation","none","yes","SWBD"
"SWBD-141","A110KENBXU7SUJ","notice",1,"negation","none","yes","SWBD"
"SWBD-141","A3454T4PU9GJM0","notice",1,"negation","none","yes","SWBD"
"SWBD-141","A159ZKL4AIHIS","notice",1,"negation","none","yes","SWBD"
"SWBD-141","A18LPAFMK1B06K","notice",3,"negation","none","yes","SWBD"
"SWBD-142","A1GXFMAC759VRM","think",-3,"negation","none","no","SWBD"
"SWBD-142","A2WCXJZEXXR60A","think",-3,"negation","none","no","SWBD"
"SWBD-142","A18LPAFMK1B06K","think",-2,"negation","none","no","SWBD"
"SWBD-142","AR1IWBDA7MC86","think",-3,"negation","none","no","SWBD"
"SWBD-142","A3VVR8NR3ED04C","think",-2,"negation","none","no","SWBD"
"SWBD-142","A214HWAW1PYWO8","think",-3,"negation","none","no","SWBD"
"SWBD-142","A36SM7QM8OK3H6","think",2,"negation","none","no","SWBD"
"SWBD-142","A320QA9HJFUOZO","think",-3,"negation","none","no","SWBD"
"SWBD-142","A1EQ2HDHF2WWSY","think",-2,"negation","none","no","SWBD"
"SWBD-143","A1EQ2HDHF2WWSY","think",-1,"negation","none","no","SWBD"
"SWBD-143","APGX2WZ59OWDN","think",-1,"negation","none","no","SWBD"
"SWBD-143","A10YS8AVLQWUZZ","think",-3,"negation","none","no","SWBD"
"SWBD-143","A2EOOF9D135HQ1","think",2,"negation","none","no","SWBD"
"SWBD-143","A321YWMP74ULKH","think",-1,"negation","none","no","SWBD"
"SWBD-143","A39GADIK8RLMVC","think",-2,"negation","none","no","SWBD"
"SWBD-143","A3U761PEG7MFKT","think",-3,"negation","none","no","SWBD"
"SWBD-143","A3GLMBZSG3VU4P","think",-2,"negation","none","no","SWBD"
"SWBD-144","AFN5VMMGYPF1I","think",-3,"negation","none","no","SWBD"
"SWBD-144","A2WCXJZEXXR60A","think",1,"negation","none","no","SWBD"
"SWBD-144","A1GXFMAC759VRM","think",2,"negation","none","no","SWBD"
"SWBD-144","A1F9KLZGHE9DTA","think",1,"negation","none","no","SWBD"
"SWBD-144","A5EU1AQJNC7F2","think",1,"negation","none","no","SWBD"
"SWBD-144","ASI2B6A3Y556Z","think",0,"negation","none","no","SWBD"
"SWBD-144","AFU00NU09CFXE","think",0,"negation","none","no","SWBD"
"SWBD-144","A2JP9IKRHNLRPI","think",-3,"negation","none","no","SWBD"
"SWBD-144","APGX2WZ59OWDN","think",-2,"negation","none","no","SWBD"
"SWBD-144","A1MJVTR0PCKBWW","think",-2,"negation","none","no","SWBD"
"SWBD-144","AAASQIW3J32OL","think",1,"negation","none","no","SWBD"
"SWBD-145","A3IJTM1XM7FE15","think",-1,"negation","none","no","SWBD"
"SWBD-145","AIXIAGX87039O","think",2,"negation","none","no","SWBD"
"SWBD-145","A110KENBXU7SUJ","think",-2,"negation","none","no","SWBD"
"SWBD-145","A1GXFMAC759VRM","think",-2,"negation","none","no","SWBD"
"SWBD-145","A18LPAFMK1B06K","think",-2,"negation","none","no","SWBD"
"SWBD-145","A2CJYS92WX7HN6","think",-2,"negation","none","no","SWBD"
"SWBD-145","A38DXFI1TZA295","think",-2,"negation","none","no","SWBD"
"SWBD-145","A16SAB417Y96G4","think",-2,"negation","none","no","SWBD"
"SWBD-145","A1945USNZHTROX","think",-3,"negation","none","no","SWBD"
"SWBD-146","A3GLMBZSG3VU4P","think",-2,"negation","none","no","SWBD"
"SWBD-146","A05977571SZ38O16ESGP8","think",-2,"negation","none","no","SWBD"
"SWBD-146","A1MJVTR0PCKBWW","think",-3,"negation","none","no","SWBD"
"SWBD-146","A1945USNZHTROX","think",-3,"negation","none","no","SWBD"
"SWBD-146","A2DXEPC4QFV4R1","think",-2,"negation","none","no","SWBD"
"SWBD-146","A28HB7240OFGEW","think",-2,"negation","none","no","SWBD"
"SWBD-146","A10YS8AVLQWUZZ","think",-2,"negation","none","no","SWBD"
"SWBD-146","A18LPAFMK1B06K","think",-2,"negation","none","no","SWBD"
"SWBD-146","A15XX0WDRG29E7","think",-3,"negation","none","no","SWBD"
"SWBD-146","ALZVG5501Y5IX","think",-1,"negation","none","no","SWBD"
"SWBD-147","A10YS8AVLQWUZZ","see",0,"negation","none","yes","SWBD"
"SWBD-147","A1GXFMAC759VRM","see",-1,"negation","none","yes","SWBD"
"SWBD-147","A3VVR8NR3ED04C","see",2,"negation","none","yes","SWBD"
"SWBD-147","A3GM78FCDY293T","see",0,"negation","none","yes","SWBD"
"SWBD-147","A320QA9HJFUOZO","see",-1,"negation","none","yes","SWBD"
"SWBD-147","A24LC97AU3QC7G","see",0,"negation","none","yes","SWBD"
"SWBD-147","A2P065E9CYMYJL","see",-2,"negation","none","yes","SWBD"
"SWBD-147","A1EQ2HDHF2WWSY","see",-1,"negation","none","yes","SWBD"
"SWBD-147","A2WCXJZEXXR60A","see",2,"negation","none","yes","SWBD"
"SWBD-147","A1MJVTR0PCKBWW","see",1,"negation","none","yes","SWBD"
"SWBD-147","AC5UD8N187QD6","see",2,"negation","none","yes","SWBD"
"SWBD-147","AAASQIW3J32OL","see",0,"negation","none","yes","SWBD"
"SWBD-148","APGX2WZ59OWDN","occur",-2,"negation","none","no","SWBD"
"SWBD-148","A110KENBXU7SUJ","occur",-1,"negation","none","no","SWBD"
"SWBD-148","AR1IWBDA7MC86","occur",-3,"negation","none","no","SWBD"
"SWBD-148","A2B6WQG0A9CKXQ","occur",-1,"negation","none","no","SWBD"
"SWBD-148","A2G7N0X0PNX0EE","occur",-2,"negation","none","no","SWBD"
"SWBD-148","A2EOOF9D135HQ1","occur",0,"negation","none","no","SWBD"
"SWBD-148","A05977571SZ38O16ESGP8","occur",-2,"negation","none","no","SWBD"
"SWBD-148","A3TOUB8313BPVS","occur",-1,"negation","none","no","SWBD"
"SWBD-149","A1S6C6EN8MPKC3","think",2,"negation","none","no","SWBD"
"SWBD-149","A1GXFMAC759VRM","think",-3,"negation","none","no","SWBD"
"SWBD-149","AFN5VMMGYPF1I","think",2,"negation","none","no","SWBD"
"SWBD-149","AJZZOD77TYA2X","think",3,"negation","none","no","SWBD"
"SWBD-149","A2WCXJZEXXR60A","think",2,"negation","none","no","SWBD"
"SWBD-149","A2IGPW784OFV3D","think",2,"negation","none","no","SWBD"
"SWBD-149","A18LPAFMK1B06K","think",1,"negation","none","no","SWBD"
"SWBD-149","A39GADIK8RLMVC","think",1,"negation","none","no","SWBD"
"SWBD-15","A18LPAFMK1B06K","know",0,"conditional","none","yes","SWBD"
"SWBD-15","ASI2B6A3Y556Z","know",0,"conditional","none","yes","SWBD"
"SWBD-15","A1MJVTR0PCKBWW","know",3,"conditional","none","yes","SWBD"
"SWBD-15","A2AMQX0BQZXG9N","know",0,"conditional","none","yes","SWBD"
"SWBD-15","A39GADIK8RLMVC","know",0,"conditional","none","yes","SWBD"
"SWBD-15","A16SAB417Y96G4","know",0,"conditional","none","yes","SWBD"
"SWBD-15","A1QG4N21BF61PC","know",0,"conditional","none","yes","SWBD"
"SWBD-15","A1945USNZHTROX","know",2,"conditional","none","yes","SWBD"
"SWBD-15","A5EU1AQJNC7F2","know",0,"conditional","none","yes","SWBD"
"SWBD-15","A1GXFMAC759VRM","know",1,"conditional","none","yes","SWBD"
"SWBD-15","A3GLMBZSG3VU4P","know",0,"conditional","none","yes","SWBD"
"SWBD-150","A1FUR4UJ0S46W6","think",-2,"negation","none","no","SWBD"
"SWBD-150","A5EU1AQJNC7F2","think",-2,"negation","none","no","SWBD"
"SWBD-150","A2KH6VYX26L4HT","think",2,"negation","none","no","SWBD"
"SWBD-150","A3F6SDO4GYBE4Y","think",-2,"negation","none","no","SWBD"
"SWBD-150","A1MJVTR0PCKBWW","think",-3,"negation","none","no","SWBD"
"SWBD-150","A1GXFMAC759VRM","think",-2,"negation","none","no","SWBD"
"SWBD-150","AVI7K876BV3QL","think",-2,"negation","none","no","SWBD"
"SWBD-150","A2JP9IKRHNLRPI","think",-2,"negation","none","no","SWBD"
"SWBD-150","ASI2B6A3Y556Z","think",-2,"negation","none","no","SWBD"
"SWBD-150","A2AMQX0BQZXG9N","think",-3,"negation","none","no","SWBD"
"SWBD-150","AC5UD8N187QD6","think",-2,"negation","none","no","SWBD"
"SWBD-151","A39GADIK8RLMVC","know",-2,"negation","none","yes","SWBD"
"SWBD-151","AAASQIW3J32OL","know",-2,"negation","none","yes","SWBD"
"SWBD-151","A36SM7QM8OK3H6","know",-1,"negation","none","yes","SWBD"
"SWBD-151","A3S300T3IVQ2GC","know",-3,"negation","none","yes","SWBD"
"SWBD-151","A2DXEPC4QFV4R1","know",0,"negation","none","yes","SWBD"
"SWBD-151","A1EQ2HDHF2WWSY","know",-1,"negation","none","yes","SWBD"
"SWBD-151","A2AMQX0BQZXG9N","know",-3,"negation","none","yes","SWBD"
"SWBD-151","A1945USNZHTROX","know",-3,"negation","none","yes","SWBD"
"SWBD-151","A110KENBXU7SUJ","know",0,"negation","none","yes","SWBD"
"SWBD-152","AFUX7IUQOE0NA","think",-2,"negation","none","no","SWBD"
"SWBD-152","A27SMEOPKV84VI","think",-2,"negation","none","no","SWBD"
"SWBD-152","A18LPAFMK1B06K","think",-2,"negation","none","no","SWBD"
"SWBD-152","A2P065E9CYMYJL","think",-2,"negation","none","no","SWBD"
"SWBD-152","A320QA9HJFUOZO","think",-2,"negation","none","no","SWBD"
"SWBD-152","AR1IWBDA7MC86","think",-2,"negation","none","no","SWBD"
"SWBD-152","A3VVR8NR3ED04C","think",-2,"negation","none","no","SWBD"
"SWBD-152","A1GXFMAC759VRM","think",-3,"negation","none","no","SWBD"
"SWBD-152","A1EQ2HDHF2WWSY","think",-2,"negation","none","no","SWBD"
"SWBD-152","A05977571SZ38O16ESGP8","think",-2,"negation","none","no","SWBD"
"SWBD-152","A3GM78FCDY293T","think",-2,"negation","none","no","SWBD"
"SWBD-153","APGX2WZ59OWDN","think",-1,"negation","none","no","SWBD"
"SWBD-153","A1MJHGH55K3O0","think",-1,"negation","none","no","SWBD"
"SWBD-153","A1EQ2HDHF2WWSY","think",-2,"negation","none","no","SWBD"
"SWBD-153","A3VVR8NR3ED04C","think",-3,"negation","none","no","SWBD"
"SWBD-153","AY9ZVK32I1P1L","think",-3,"negation","none","no","SWBD"
"SWBD-153","A2AMQX0BQZXG9N","think",-3,"negation","none","no","SWBD"
"SWBD-153","A36SM7QM8OK3H6","think",-2,"negation","none","no","SWBD"
"SWBD-153","A320QA9HJFUOZO","think",-2,"negation","none","no","SWBD"
"SWBD-154","A1K0S514CEY1UG","think",-2,"negation","none","no","SWBD"
"SWBD-154","A2WCXJZEXXR60A","think",-2,"negation","none","no","SWBD"
"SWBD-154","A1MJVTR0PCKBWW","think",-3,"negation","none","no","SWBD"
"SWBD-154","A5EU1AQJNC7F2","think",-2,"negation","none","no","SWBD"
"SWBD-154","A1GXFMAC759VRM","think",-3,"negation","none","no","SWBD"
"SWBD-154","AFN5VMMGYPF1I","think",-2,"negation","none","no","SWBD"
"SWBD-154","A2JP9IKRHNLRPI","think",-2,"negation","none","no","SWBD"
"SWBD-154","AVI7K876BV3QL","think",-2,"negation","none","no","SWBD"
"SWBD-154","ATOPSQ6JDYZ6H","think",-3,"negation","none","no","SWBD"
"SWBD-154","A2AMQX0BQZXG9N","think",-3,"negation","none","no","SWBD"
"SWBD-155","A1GXFMAC759VRM","seem",-2,"negation","none","no","SWBD"
"SWBD-155","A5EU1AQJNC7F2","seem",-2,"negation","none","no","SWBD"
"SWBD-155","A1MJVTR0PCKBWW","seem",-2,"negation","none","no","SWBD"
"SWBD-155","A16SAB417Y96G4","seem",-2,"negation","none","no","SWBD"
"SWBD-155","A3GLMBZSG3VU4P","seem",-3,"negation","none","no","SWBD"
"SWBD-155","A39GADIK8RLMVC","seem",-2,"negation","none","no","SWBD"
"SWBD-155","A1QG4N21BF61PC","seem",-1,"negation","none","no","SWBD"
"SWBD-155","A1945USNZHTROX","seem",3,"negation","none","no","SWBD"
"SWBD-155","ASI2B6A3Y556Z","seem",-2,"negation","none","no","SWBD"
"SWBD-155","A18LPAFMK1B06K","seem",1,"negation","none","no","SWBD"
"SWBD-155","A2AMQX0BQZXG9N","seem",-3,"negation","none","no","SWBD"
"SWBD-156","APGX2WZ59OWDN","think",-2,"negation","none","no","SWBD"
"SWBD-156","A05977571SZ38O16ESGP8","think",-2,"negation","none","no","SWBD"
"SWBD-156","A1945USNZHTROX","think",-3,"negation","none","no","SWBD"
"SWBD-156","AC5UD8N187QD6","think",-2,"negation","none","no","SWBD"
"SWBD-156","A1SLM4JRDIM430","think",-2,"negation","none","no","SWBD"
"SWBD-156","AR1IWBDA7MC86","think",-3,"negation","none","no","SWBD"
"SWBD-156","AAASQIW3J32OL","think",-3,"negation","none","no","SWBD"
"SWBD-156","ASI2B6A3Y556Z","think",-2,"negation","none","no","SWBD"
"SWBD-157","A39GADIK8RLMVC","know",-2,"negation","none","yes","SWBD"
"SWBD-157","A110KENBXU7SUJ","know",-2,"negation","none","yes","SWBD"
"SWBD-157","A214HWAW1PYWO8","know",0,"negation","none","yes","SWBD"
"SWBD-157","A2IKPU88PDQTMF","know",-2,"negation","none","yes","SWBD"
"SWBD-157","A3S300T3IVQ2GC","know",-1,"negation","none","yes","SWBD"
"SWBD-157","A1EQ2HDHF2WWSY","know",-1,"negation","none","yes","SWBD"
"SWBD-157","A1GXFMAC759VRM","know",-3,"negation","none","yes","SWBD"
"SWBD-157","A3R6Y9ECFIJ80U","know",0,"negation","none","yes","SWBD"
"SWBD-157","A2P065E9CYMYJL","know",-1,"negation","none","yes","SWBD"
"SWBD-157","A27SMEOPKV84VI","know",-2,"negation","none","yes","SWBD"
"SWBD-157","A1MJVTR0PCKBWW","know",1,"negation","none","yes","SWBD"
"SWBD-158","APGX2WZ59OWDN","think",-1,"negation","none","no","SWBD"
"SWBD-158","A1MJVTR0PCKBWW","think",2,"negation","none","no","SWBD"
"SWBD-158","A2P065E9CYMYJL","think",-2,"negation","none","no","SWBD"
"SWBD-158","A2JP9IKRHNLRPI","think",-2,"negation","none","no","SWBD"
"SWBD-158","A36SM7QM8OK3H6","think",-2,"negation","none","no","SWBD"
"SWBD-158","A27SMEOPKV84VI","think",-3,"negation","none","no","SWBD"
"SWBD-158","AA4KKLIU4C3NY","think",-2,"negation","none","no","SWBD"
"SWBD-158","ALZVG5501Y5IX","think",1,"negation","none","no","SWBD"
"SWBD-158","A2RBF3IIJP15IH","think",-2,"negation","none","no","SWBD"
"SWBD-158","A1AQQFJAF8CI4H","think",-3,"negation","none","no","SWBD"
"SWBD-158","A1GXFMAC759VRM","think",-3,"negation","none","no","SWBD"
"SWBD-158","A27MJOV91GA8R3","think",-2,"negation","none","no","SWBD"
"SWBD-159","A39GADIK8RLMVC","think",-3,"negation","none","no","SWBD"
"SWBD-159","A18LPAFMK1B06K","think",-2,"negation","none","no","SWBD"
"SWBD-159","A1945USNZHTROX","think",-3,"negation","none","no","SWBD"
"SWBD-159","A1GXFMAC759VRM","think",-3,"negation","none","no","SWBD"
"SWBD-159","A2AMQX0BQZXG9N","think",-3,"negation","none","no","SWBD"
"SWBD-159","A16SAB417Y96G4","think",-2,"negation","none","no","SWBD"
"SWBD-159","A1MJVTR0PCKBWW","think",-1,"negation","none","no","SWBD"
"SWBD-159","A5EU1AQJNC7F2","think",-2,"negation","none","no","SWBD"
"SWBD-159","A3GLMBZSG3VU4P","think",-2,"negation","none","no","SWBD"
"SWBD-159","ASI2B6A3Y556Z","think",-2,"negation","none","no","SWBD"
"SWBD-159","A1QG4N21BF61PC","think",-2,"negation","none","no","SWBD"
"SWBD-16","A2IGPW784OFV3D","think",-2,"question","none","no","SWBD"
"SWBD-16","A18LPAFMK1B06K","think",-1,"question","none","no","SWBD"
"SWBD-16","A2WCXJZEXXR60A","think",0,"question","none","no","SWBD"
"SWBD-16","A1GXFMAC759VRM","think",0,"question","none","no","SWBD"
"SWBD-16","AJZZOD77TYA2X","think",1,"question","none","no","SWBD"
"SWBD-16","AFN5VMMGYPF1I","think",0,"question","none","no","SWBD"
"SWBD-16","A1S6C6EN8MPKC3","think",1,"question","none","no","SWBD"
"SWBD-16","A39GADIK8RLMVC","think",2,"question","none","no","SWBD"
"SWBD-160","A2JP9IKRHNLRPI","think",-2,"negation","none","no","SWBD"
"SWBD-160","APGX2WZ59OWDN","think",-2,"negation","none","no","SWBD"
"SWBD-160","A1GXFMAC759VRM","think",-3,"negation","none","no","SWBD"
"SWBD-160","A1MJVTR0PCKBWW","think",-3,"negation","none","no","SWBD"
"SWBD-160","A2WCXJZEXXR60A","think",-2,"negation","none","no","SWBD"
"SWBD-160","A27SMEOPKV84VI","think",-2,"negation","none","no","SWBD"
"SWBD-160","A3GM78FCDY293T","think",-2,"negation","none","no","SWBD"
"SWBD-160","APO6KZZ79PO9Q","think",-3,"negation","none","no","SWBD"
"SWBD-160","AE60SK1Y79RGK","think",-3,"negation","none","no","SWBD"
"SWBD-161","A1GXFMAC759VRM","think",-2,"negation","none","no","SWBD"
"SWBD-161","A239EUWY6SNDEZ","think",-1,"negation","none","no","SWBD"
"SWBD-161","APGX2WZ59OWDN","think",-1,"negation","none","no","SWBD"
"SWBD-161","A2JP9IKRHNLRPI","think",-3,"negation","none","no","SWBD"
"SWBD-161","A2LGSV2MKHWA49","think",-3,"negation","none","no","SWBD"
"SWBD-161","AVI7K876BV3QL","think",-2,"negation","none","no","SWBD"
"SWBD-161","A2WCXJZEXXR60A","think",-2,"negation","none","no","SWBD"
"SWBD-161","A39GADIK8RLMVC","think",-3,"negation","none","no","SWBD"
"SWBD-161","A1V2H0UF94ATWY","think",-2,"negation","none","no","SWBD"
"SWBD-162","A1GXFMAC759VRM","think",-3,"negation","none","no","SWBD"
"SWBD-162","A2DXEPC4QFV4R1","think",-3,"negation","none","no","SWBD"
"SWBD-162","A2EOOF9D135HQ1","think",-2,"negation","none","no","SWBD"
"SWBD-162","A18LPAFMK1B06K","think",-2,"negation","none","no","SWBD"
"SWBD-162","A1945USNZHTROX","think",-3,"negation","none","no","SWBD"
"SWBD-162","A3S300T3IVQ2GC","think",-3,"negation","none","no","SWBD"
"SWBD-162","A1EQ2HDHF2WWSY","think",-2,"negation","none","no","SWBD"
"SWBD-162","A39GADIK8RLMVC","think",-2,"negation","none","no","SWBD"
"SWBD-163","A1L3937MY09J3I","think",2,"negation","none","no","SWBD"
"SWBD-163","A3QNMUHAFAJRQO","think",-3,"negation","none","no","SWBD"
"SWBD-163","ASI2B6A3Y556Z","think",-2,"negation","none","no","SWBD"
"SWBD-163","AAASQIW3J32OL","think",-2,"negation","none","no","SWBD"
"SWBD-163","A233KUL18RUW1N","think",-2,"negation","none","no","SWBD"
"SWBD-163","A110KENBXU7SUJ","think",-2,"negation","none","no","SWBD"
"SWBD-163","A1HKCTDOTL6C9I","think",-1,"negation","none","no","SWBD"
"SWBD-163","A1GXFMAC759VRM","think",-3,"negation","none","no","SWBD"
"SWBD-163","A1UH396UOK0X9Z","think",-2,"negation","none","no","SWBD"
"SWBD-163","A1MJVTR0PCKBWW","think",-3,"negation","none","no","SWBD"
"SWBD-164","A1GXFMAC759VRM","believe",3,"negation","none","no","SWBD"
"SWBD-164","A39GADIK8RLMVC","believe",-3,"negation","none","no","SWBD"
"SWBD-164","A2IGPW784OFV3D","believe",2,"negation","none","no","SWBD"
"SWBD-164","A2WCXJZEXXR60A","believe",2,"negation","none","no","SWBD"
"SWBD-164","AFN5VMMGYPF1I","believe",2,"negation","none","no","SWBD"
"SWBD-164","AJZZOD77TYA2X","believe",2,"negation","none","no","SWBD"
"SWBD-164","A18LPAFMK1B06K","believe",1,"negation","none","no","SWBD"
"SWBD-164","A1S6C6EN8MPKC3","believe",-2,"negation","none","no","SWBD"
"SWBD-165","A2AMQX0BQZXG9N","think",-3,"negation","none","no","SWBD"
"SWBD-165","A1GXFMAC759VRM","think",-3,"negation","none","no","SWBD"
"SWBD-165","ASI2B6A3Y556Z","think",-2,"negation","none","no","SWBD"
"SWBD-165","A320QA9HJFUOZO","think",-2,"negation","none","no","SWBD"
"SWBD-165","A2WCXJZEXXR60A","think",-2,"negation","none","no","SWBD"
"SWBD-165","A1EQ2HDHF2WWSY","think",-2,"negation","none","no","SWBD"
"SWBD-165","A18LPAFMK1B06K","think",-2,"negation","none","no","SWBD"
"SWBD-165","A2P065E9CYMYJL","think",-1,"negation","none","no","SWBD"
"SWBD-166","A1GXFMAC759VRM","realize",2,"negation","none","yes","SWBD"
"SWBD-166","A2P065E9CYMYJL","realize",1,"negation","none","yes","SWBD"
"SWBD-166","A1EQ2HDHF2WWSY","realize",1,"negation","none","yes","SWBD"
"SWBD-166","A2AMQX0BQZXG9N","realize",2,"negation","none","yes","SWBD"
"SWBD-166","A2WCXJZEXXR60A","realize",2,"negation","none","yes","SWBD"
"SWBD-166","ASI2B6A3Y556Z","realize",0,"negation","none","yes","SWBD"
"SWBD-166","A18LPAFMK1B06K","realize",1,"negation","none","yes","SWBD"
"SWBD-166","A320QA9HJFUOZO","realize",1,"negation","none","yes","SWBD"
"SWBD-167","A3GM78FCDY293T","think",-2,"negation","none","no","SWBD"
"SWBD-167","A1GXFMAC759VRM","think",-3,"negation","none","no","SWBD"
"SWBD-167","A2WCXJZEXXR60A","think",-2,"negation","none","no","SWBD"
"SWBD-167","A24LC97AU3QC7G","think",-2,"negation","none","no","SWBD"
"SWBD-167","A1EQ2HDHF2WWSY","think",-2,"negation","none","no","SWBD"
"SWBD-167","A320QA9HJFUOZO","think",-2,"negation","none","no","SWBD"
"SWBD-167","AC5UD8N187QD6","think",-2,"negation","none","no","SWBD"
"SWBD-167","AAASQIW3J32OL","think",-2,"negation","none","no","SWBD"
"SWBD-167","A3VVR8NR3ED04C","think",-2,"negation","none","no","SWBD"
"SWBD-167","A2P065E9CYMYJL","think",-1,"negation","none","no","SWBD"
"SWBD-167","A10YS8AVLQWUZZ","think",-3,"negation","none","no","SWBD"
"SWBD-167","A1MJVTR0PCKBWW","think",-2,"negation","none","no","SWBD"
"SWBD-168","A1MJVTR0PCKBWW","believe",-2,"negation","none","no","SWBD"
"SWBD-168","AVI7K876BV3QL","believe",-3,"negation","none","no","SWBD"
"SWBD-168","ASI2B6A3Y556Z","believe",-2,"negation","none","no","SWBD"
"SWBD-168","A2KH6VYX26L4HT","believe",-3,"negation","none","no","SWBD"
"SWBD-168","A2AMQX0BQZXG9N","believe",-3,"negation","none","no","SWBD"
"SWBD-168","AC5UD8N187QD6","believe",-3,"negation","none","no","SWBD"
"SWBD-168","A5EU1AQJNC7F2","believe",-3,"negation","none","no","SWBD"
"SWBD-168","A1GXFMAC759VRM","believe",-3,"negation","none","no","SWBD"
"SWBD-168","A3F6SDO4GYBE4Y","believe",-2,"negation","none","no","SWBD"
"SWBD-168","A2JP9IKRHNLRPI","believe",-3,"negation","none","no","SWBD"
"SWBD-168","A1FUR4UJ0S46W6","believe",-2,"negation","none","no","SWBD"
"SWBD-169","APO6KZZ79PO9Q","seem",1,"negation","none","no","SWBD"
"SWBD-169","A2JP9IKRHNLRPI","seem",-2,"negation","none","no","SWBD"
"SWBD-169","A1GXFMAC759VRM","seem",-3,"negation","none","no","SWBD"
"SWBD-169","A27SMEOPKV84VI","seem",-3,"negation","none","no","SWBD"
"SWBD-169","APGX2WZ59OWDN","seem",-2,"negation","none","no","SWBD"
"SWBD-169","A3GM78FCDY293T","seem",-3,"negation","none","no","SWBD"
"SWBD-169","A2WCXJZEXXR60A","seem",-2,"negation","none","no","SWBD"
"SWBD-169","AE60SK1Y79RGK","seem",2,"negation","none","no","SWBD"
"SWBD-169","A1MJVTR0PCKBWW","seem",1,"negation","none","no","SWBD"
"SWBD-170","A36SM7QM8OK3H6","think",-2,"negation","none","no","SWBD"
"SWBD-170","A24LC97AU3QC7G","think",-1,"negation","none","no","SWBD"
"SWBD-170","A320QA9HJFUOZO","think",-1,"negation","none","no","SWBD"
"SWBD-170","AEWGY34WUIA32","think",-2,"negation","none","no","SWBD"
"SWBD-170","A3GM78FCDY293T","think",-2,"negation","none","no","SWBD"
"SWBD-170","A2MKXI4KCRRI7Y","think",-2,"negation","none","no","SWBD"
"SWBD-170","A1GXFMAC759VRM","think",-3,"negation","none","no","SWBD"
"SWBD-170","AAASQIW3J32OL","think",-3,"negation","none","no","SWBD"
"SWBD-170","A1EQ2HDHF2WWSY","think",-3,"negation","none","no","SWBD"
"SWBD-170","ALZVG5501Y5IX","think",-3,"negation","none","no","SWBD"
"SWBD-171","A5EU1AQJNC7F2","think",-2,"negation","none","no","SWBD"
"SWBD-171","A3GLMBZSG3VU4P","think",-2,"negation","none","no","SWBD"
"SWBD-171","A14WLAP6TCEKO0","think",-2,"negation","none","no","SWBD"
"SWBD-171","A16SAB417Y96G4","think",-1,"negation","none","no","SWBD"
"SWBD-171","A1945USNZHTROX","think",-3,"negation","none","no","SWBD"
"SWBD-171","A1EQ2HDHF2WWSY","think",-1,"negation","none","no","SWBD"
"SWBD-171","A18LPAFMK1B06K","think",-2,"negation","none","no","SWBD"
"SWBD-171","A2AMQX0BQZXG9N","think",-3,"negation","none","no","SWBD"
"SWBD-171","A1GXFMAC759VRM","think",-3,"negation","none","no","SWBD"
"SWBD-171","A3LECJA9RVQQKZ","think",-2,"negation","none","no","SWBD"
"SWBD-172","A1EQ2HDHF2WWSY","think",-2,"negation","none","no","SWBD"
"SWBD-172","A1945USNZHTROX","think",-3,"negation","none","no","SWBD"
"SWBD-172","A110KENBXU7SUJ","think",-2,"negation","none","no","SWBD"
"SWBD-172","A1GXFMAC759VRM","think",-3,"negation","none","no","SWBD"
"SWBD-172","A18LPAFMK1B06K","think",-2,"negation","none","no","SWBD"
"SWBD-172","A1L3937MY09J3I","think",-2,"negation","none","no","SWBD"
"SWBD-172","A16SAB417Y96G4","think",-2,"negation","none","no","SWBD"
"SWBD-172","A3LFVI65XV1T46","think",-2,"negation","none","no","SWBD"
"SWBD-172","A3CF8ULBSE8MTL","think",-2,"negation","none","no","SWBD"
"SWBD-172","A1MJVTR0PCKBWW","think",-2,"negation","none","no","SWBD"
"SWBD-173","A39GADIK8RLMVC","know",-3,"negation","none","yes","SWBD"
"SWBD-173","A3W6T1WDYXMR3","know",-1,"negation","none","yes","SWBD"
"SWBD-173","A2P065E9CYMYJL","know",-2,"negation","none","yes","SWBD"
"SWBD-173","A27SMEOPKV84VI","know",-1,"negation","none","yes","SWBD"
"SWBD-173","A36SM7QM8OK3H6","know",-1,"negation","none","yes","SWBD"
"SWBD-173","A2AMQX0BQZXG9N","know",-3,"negation","none","yes","SWBD"
"SWBD-173","A3VRDQJNM1IC0E","know",-3,"negation","none","yes","SWBD"
"SWBD-173","A1GXFMAC759VRM","know",-3,"negation","none","yes","SWBD"
"SWBD-173","A1EQ2HDHF2WWSY","know",0,"negation","none","yes","SWBD"
"SWBD-174","A110KENBXU7SUJ","think",-2,"negation","none","no","SWBD"
"SWBD-174","A3S300T3IVQ2GC","think",-2,"negation","none","no","SWBD"
"SWBD-174","A1DABMXVWWL0TR","think",-3,"negation","none","no","SWBD"
"SWBD-174","APITQRRX2PADB","think",-1,"negation","none","no","SWBD"
"SWBD-174","A27SMEOPKV84VI","think",-2,"negation","none","no","SWBD"
"SWBD-174","A1GXFMAC759VRM","think",-3,"negation","none","no","SWBD"
"SWBD-174","A23KAJRDVCVGOE","think",3,"negation","none","no","SWBD"
"SWBD-174","ANFWGSQ8BQRZ","think",-2,"negation","none","no","SWBD"
"SWBD-175","A2A6FH0F7LD9ND","think",-3,"negation","none","no","SWBD"
"SWBD-175","A2IKPU88PDQTMF","think",-3,"negation","none","no","SWBD"
"SWBD-175","A1KH1O9AZ7S642","think",-3,"negation","none","no","SWBD"
"SWBD-175","A18LPAFMK1B06K","think",-2,"negation","none","no","SWBD"
"SWBD-175","A1GXFMAC759VRM","think",-3,"negation","none","no","SWBD"
"SWBD-175","A2G0HRT8HS9HRZ","think",-3,"negation","none","no","SWBD"
"SWBD-175","A1FUR4UJ0S46W6","think",-2,"negation","none","no","SWBD"
"SWBD-175","A2541C8MY0BYV3","think",-2,"negation","none","no","SWBD"
"SWBD-175","A3QL8ZAD9BKWUF","think",-3,"negation","none","no","SWBD"
"SWBD-175","A1MJVTR0PCKBWW","think",0,"negation","none","no","SWBD"
"SWBD-175","A3HNEYFOIJWPH1","think",-3,"negation","none","no","SWBD"
"SWBD-176","A1GXFMAC759VRM","think",-3,"negation","none","no","SWBD"
"SWBD-176","A1DS5O8MSI3ZH0","think",-2,"negation","none","no","SWBD"
"SWBD-176","A1DABMXVWWL0TR","think",-2,"negation","none","no","SWBD"
"SWBD-176","A2IKPU88PDQTMF","think",-1,"negation","none","no","SWBD"
"SWBD-176","A110KENBXU7SUJ","think",-2,"negation","none","no","SWBD"
"SWBD-176","A239EUWY6SNDEZ","think",-3,"negation","none","no","SWBD"
"SWBD-176","ATF7HBD1TFI2U","think",-2,"negation","none","no","SWBD"
"SWBD-176","A18LPAFMK1B06K","think",-2,"negation","none","no","SWBD"
"SWBD-177","AFUX7IUQOE0NA","think",-2,"negation","none","no","SWBD"
"SWBD-177","A2HC9549CZAKNN","think",-2,"negation","none","no","SWBD"
"SWBD-177","A2MGH3MBXMKD96","think",2,"negation","none","no","SWBD"
"SWBD-177","A3FFZN4FO3Q789","think",-1,"negation","none","no","SWBD"
"SWBD-177","A3GLMBZSG3VU4P","think",-1,"negation","none","no","SWBD"
"SWBD-177","A18LPAFMK1B06K","think",-2,"negation","none","no","SWBD"
"SWBD-177","AFN5VMMGYPF1I","think",-2,"negation","none","no","SWBD"
"SWBD-177","A1GXFMAC759VRM","think",-3,"negation","none","no","SWBD"
"SWBD-178","A18LPAFMK1B06K","think",-2,"negation","none","no","SWBD"
"SWBD-178","AA4KKLIU4C3NY","think",-3,"negation","none","no","SWBD"
"SWBD-178","A1KH1O9AZ7S642","think",-2,"negation","none","no","SWBD"
"SWBD-178","A110KENBXU7SUJ","think",-3,"negation","none","no","SWBD"
"SWBD-178","A1IFIK8J49WBER","think",0,"negation","none","no","SWBD"
"SWBD-178","A1GXFMAC759VRM","think",-3,"negation","none","no","SWBD"
"SWBD-178","A3F6SDO4GYBE4Y","think",-1,"negation","none","no","SWBD"
"SWBD-178","A1USR9JCAMDGM3","think",0,"negation","none","no","SWBD"
"SWBD-178","A1MJVTR0PCKBWW","think",-2,"negation","none","no","SWBD"
"SWBD-178","A2C84POENS2UNY","think",-2,"negation","none","no","SWBD"
"SWBD-178","A2DXEPC4QFV4R1","think",-2,"negation","none","no","SWBD"
"SWBD-178","A1K8QNLYYYX21W","think",-3,"negation","none","no","SWBD"
"SWBD-179","A110KENBXU7SUJ","think",-2,"negation","none","no","SWBD"
"SWBD-179","A39GADIK8RLMVC","think",0,"negation","none","no","SWBD"
"SWBD-179","A2IKPU88PDQTMF","think",-2,"negation","none","no","SWBD"
"SWBD-179","A36SM7QM8OK3H6","think",0,"negation","none","no","SWBD"
"SWBD-179","A3GLMBZSG3VU4P","think",0,"negation","none","no","SWBD"
"SWBD-179","A3HNEYFOIJWPH1","think",-3,"negation","none","no","SWBD"
"SWBD-179","A27SMEOPKV84VI","think",-2,"negation","none","no","SWBD"
"SWBD-179","A2ZV96GRXVSXK4","think",2,"negation","none","no","SWBD"
"SWBD-18","A2JP9IKRHNLRPI","see",2,"modal","CI","yes","SWBD"
"SWBD-18","APGX2WZ59OWDN","see",1,"modal","CI","yes","SWBD"
"SWBD-18","A110KENBXU7SUJ","see",2,"modal","CI","yes","SWBD"
"SWBD-18","A2WCXJZEXXR60A","see",1,"modal","CI","yes","SWBD"
"SWBD-18","A2P065E9CYMYJL","see",1,"modal","CI","yes","SWBD"
"SWBD-18","A2ONILC0LZKG6Y","see",2,"modal","CI","yes","SWBD"
"SWBD-18","A1GXFMAC759VRM","see",1,"modal","CI","yes","SWBD"
"SWBD-18","A2EOOF9D135HQ1","see",0,"modal","CI","yes","SWBD"
"SWBD-18","A05977571SZ38O16ESGP8","see",2,"modal","CI","yes","SWBD"
"SWBD-180","ASI2B6A3Y556Z","think",-2,"negation","none","no","SWBD"
"SWBD-180","A1GXFMAC759VRM","think",-3,"negation","none","no","SWBD"
"SWBD-180","A39GADIK8RLMVC","think",-2,"negation","none","no","SWBD"
"SWBD-180","A1MJVTR0PCKBWW","think",-2,"negation","none","no","SWBD"
"SWBD-180","A2AMQX0BQZXG9N","think",-3,"negation","none","no","SWBD"
"SWBD-180","AW0MG225VXWCN","think",2,"negation","none","no","SWBD"
"SWBD-180","A3S300T3IVQ2GC","think",-2,"negation","none","no","SWBD"
"SWBD-180","AS0M9S5W52N4M","think",1,"negation","none","no","SWBD"
"SWBD-180","A28HB7240OFGEW","think",-2,"negation","none","no","SWBD"
"SWBD-180","A36SM7QM8OK3H6","think",-2,"negation","none","no","SWBD"
"SWBD-180","A110KENBXU7SUJ","think",-2,"negation","none","no","SWBD"
"SWBD-181","A2IQ0QCTQ3KWLT","think",-3,"negation","none","no","SWBD"
"SWBD-181","APITQRRX2PADB","think",-2,"negation","none","no","SWBD"
"SWBD-181","A39GADIK8RLMVC","think",-2,"negation","none","no","SWBD"
"SWBD-181","A3F6SDO4GYBE4Y","think",-1,"negation","none","no","SWBD"
"SWBD-181","A1MJHGH55K3O0","think",-3,"negation","none","no","SWBD"
"SWBD-181","A2AMQX0BQZXG9N","think",-3,"negation","none","no","SWBD"
"SWBD-181","A36SM7QM8OK3H6","think",-2,"negation","none","no","SWBD"
"SWBD-181","A1MJVTR0PCKBWW","think",0,"negation","none","no","SWBD"
"SWBD-181","A3S300T3IVQ2GC","think",-3,"negation","none","no","SWBD"
"SWBD-181","A1GXFMAC759VRM","think",-3,"negation","none","no","SWBD"
"SWBD-182","AFN5VMMGYPF1I","think",0,"negation","none","no","SWBD"
"SWBD-182","APGX2WZ59OWDN","think",-2,"negation","none","no","SWBD"
"SWBD-182","AVJUIF9QHQRY8","think",-2,"negation","none","no","SWBD"
"SWBD-182","A3QNMUHAFAJRQO","think",-2,"negation","none","no","SWBD"
"SWBD-182","A1GXFMAC759VRM","think",-3,"negation","none","no","SWBD"
"SWBD-182","A3454T4PU9GJM0","think",-3,"negation","none","no","SWBD"
"SWBD-182","A18LPAFMK1B06K","think",-1,"negation","none","no","SWBD"
"SWBD-182","A3T61LJ1WNOL6Z","think",0,"negation","none","no","SWBD"
"SWBD-182","A35K3YVCX1LVPE","think",-3,"negation","none","no","SWBD"
"SWBD-182","A2AMQX0BQZXG9N","think",-3,"negation","none","no","SWBD"
"SWBD-183","A3SX229VS1X6B6","think",2,"negation","none","no","SWBD"
"SWBD-183","A1GXFMAC759VRM","think",-3,"negation","none","no","SWBD"
"SWBD-183","APITQRRX2PADB","think",2,"negation","none","no","SWBD"
"SWBD-183","A2AMQX0BQZXG9N","think",-3,"negation","none","no","SWBD"
"SWBD-183","A36SM7QM8OK3H6","think",-2,"negation","none","no","SWBD"
"SWBD-183","ASI2B6A3Y556Z","think",-2,"negation","none","no","SWBD"
"SWBD-183","APGX2WZ59OWDN","think",-2,"negation","none","no","SWBD"
"SWBD-183","A39GADIK8RLMVC","think",-3,"negation","none","no","SWBD"
"SWBD-184","A2RBF3IIJP15IH","think",2,"negation","none","no","SWBD"
"SWBD-184","A18LPAFMK1B06K","think",-2,"negation","none","no","SWBD"
"SWBD-184","A3F6SDO4GYBE4Y","think",-1,"negation","none","no","SWBD"
"SWBD-184","A1GXFMAC759VRM","think",-2,"negation","none","no","SWBD"
"SWBD-184","A36SM7QM8OK3H6","think",-2,"negation","none","no","SWBD"
"SWBD-184","A39GADIK8RLMVC","think",-2,"negation","none","no","SWBD"
"SWBD-184","AW0MG225VXWCN","think",-2,"negation","none","no","SWBD"
"SWBD-184","A2AMQX0BQZXG9N","think",-3,"negation","none","no","SWBD"
"SWBD-185","A3S300T3IVQ2GC","think",-2,"negation","none","no","SWBD"
"SWBD-185","A4IH4CO046EV3","think",-2,"negation","none","no","SWBD"
"SWBD-185","A2R8IV2PWFTY00","think",3,"negation","none","no","SWBD"
"SWBD-185","A110KENBXU7SUJ","think",-3,"negation","none","no","SWBD"
"SWBD-185","AFN5VMMGYPF1I","think",-1,"negation","none","no","SWBD"
"SWBD-185","A258MR1IS96JEP","think",-3,"negation","none","no","SWBD"
"SWBD-185","A2AMQX0BQZXG9N","think",2,"negation","none","no","SWBD"
"SWBD-185","A1F9KLZGHE9DTA","think",-3,"negation","none","no","SWBD"
"SWBD-185","A1GXFMAC759VRM","think",-3,"negation","none","no","SWBD"
"SWBD-185","ASI2B6A3Y556Z","think",-2,"negation","none","no","SWBD"
"SWBD-185","APGX2WZ59OWDN","think",-2,"negation","none","no","SWBD"
"SWBD-185","A3Q0XAGQ7TD7MP","think",-2,"negation","none","no","SWBD"
"SWBD-186","A05977571SZ38O16ESGP8","think",-2,"negation","none","no","SWBD"
"SWBD-186","A1GXFMAC759VRM","think",-3,"negation","none","no","SWBD"
"SWBD-186","A2EOOF9D135HQ1","think",-1,"negation","none","no","SWBD"
"SWBD-186","APGX2WZ59OWDN","think",-2,"negation","none","no","SWBD"
"SWBD-186","A1MJVTR0PCKBWW","think",-2,"negation","none","no","SWBD"
"SWBD-186","A3G55NZ2MOUOQK","think",3,"negation","none","no","SWBD"
"SWBD-186","A24LC97AU3QC7G","think",-3,"negation","none","no","SWBD"
"SWBD-186","AR1IWBDA7MC86","think",-1,"negation","none","no","SWBD"
"SWBD-187","A05977571SZ38O16ESGP8","think",-3,"negation","none","no","SWBD"
"SWBD-187","A110KENBXU7SUJ","think",-2,"negation","none","no","SWBD"
"SWBD-187","A2JP9IKRHNLRPI","think",-3,"negation","none","no","SWBD"
"SWBD-187","A2ONILC0LZKG6Y","think",-3,"negation","none","no","SWBD"
"SWBD-187","A2EOOF9D135HQ1","think",2,"negation","none","no","SWBD"
"SWBD-187","A1GXFMAC759VRM","think",-3,"negation","none","no","SWBD"
"SWBD-187","APGX2WZ59OWDN","think",-2,"negation","none","no","SWBD"
"SWBD-187","A2WCXJZEXXR60A","think",-2,"negation","none","no","SWBD"
"SWBD-187","A2P065E9CYMYJL","think",2,"negation","none","no","SWBD"
"SWBD-188","A36SM7QM8OK3H6","think",-2,"negation","none","no","SWBD"
"SWBD-188","A39GADIK8RLMVC","think",-3,"negation","none","no","SWBD"
"SWBD-188","A1EQ2HDHF2WWSY","think",-2,"negation","none","no","SWBD"
"SWBD-188","AAASQIW3J32OL","think",-2,"negation","none","no","SWBD"
"SWBD-188","A110KENBXU7SUJ","think",-2,"negation","none","no","SWBD"
"SWBD-188","A2DXEPC4QFV4R1","think",-2,"negation","none","no","SWBD"
"SWBD-188","A2AMQX0BQZXG9N","think",-3,"negation","none","no","SWBD"
"SWBD-188","A1945USNZHTROX","think",-3,"negation","none","no","SWBD"
"SWBD-188","A3S300T3IVQ2GC","think",-2,"negation","none","no","SWBD"
"SWBD-189","A1MJVTR0PCKBWW","think",1,"negation","none","no","SWBD"
"SWBD-189","A3R6Y9ECFIJ80U","think",-1,"negation","none","no","SWBD"
"SWBD-189","A2P065E9CYMYJL","think",-2,"negation","none","no","SWBD"
"SWBD-189","A214HWAW1PYWO8","think",-2,"negation","none","no","SWBD"
"SWBD-189","A2IKPU88PDQTMF","think",-2,"negation","none","no","SWBD"
"SWBD-189","A110KENBXU7SUJ","think",-2,"negation","none","no","SWBD"
"SWBD-189","A3S300T3IVQ2GC","think",-1,"negation","none","no","SWBD"
"SWBD-189","A39GADIK8RLMVC","think",-2,"negation","none","no","SWBD"
"SWBD-189","A27SMEOPKV84VI","think",-2,"negation","none","no","SWBD"
"SWBD-189","A1EQ2HDHF2WWSY","think",-2,"negation","none","no","SWBD"
"SWBD-189","A1GXFMAC759VRM","think",-3,"negation","none","no","SWBD"
"SWBD-19","A28HB7240OFGEW","say",2,"modal","AB","no","SWBD"
"SWBD-19","A110KENBXU7SUJ","say",3,"modal","AB","no","SWBD"
"SWBD-19","A2AMQX0BQZXG9N","say",2,"modal","AB","no","SWBD"
"SWBD-19","A1MJVTR0PCKBWW","say",3,"modal","AB","no","SWBD"
"SWBD-19","AW0MG225VXWCN","say",2,"modal","AB","no","SWBD"
"SWBD-19","A3S300T3IVQ2GC","say",3,"modal","AB","no","SWBD"
"SWBD-19","A1GXFMAC759VRM","say",3,"modal","AB","no","SWBD"
"SWBD-19","ASI2B6A3Y556Z","say",3,"modal","AB","no","SWBD"
"SWBD-19","AS0M9S5W52N4M","say",1,"modal","AB","no","SWBD"
"SWBD-19","A36SM7QM8OK3H6","say",3,"modal","AB","no","SWBD"
"SWBD-19","A39GADIK8RLMVC","say",3,"modal","AB","no","SWBD"
"SWBD-190","A27SMEOPKV84VI","think",-2,"negation","none","no","SWBD"
"SWBD-190","A3VRDQJNM1IC0E","think",0,"negation","none","no","SWBD"
"SWBD-190","A1GXFMAC759VRM","think",-3,"negation","none","no","SWBD"
"SWBD-190","A39GADIK8RLMVC","think",-3,"negation","none","no","SWBD"
"SWBD-190","A3W6T1WDYXMR3","think",-2,"negation","none","no","SWBD"
"SWBD-190","A2AMQX0BQZXG9N","think",-3,"negation","none","no","SWBD"
"SWBD-190","A1EQ2HDHF2WWSY","think",-2,"negation","none","no","SWBD"
"SWBD-190","A36SM7QM8OK3H6","think",-2,"negation","none","no","SWBD"
"SWBD-190","A2P065E9CYMYJL","think",0,"negation","none","no","SWBD"
"SWBD-191","A18LPAFMK1B06K","think",-2,"negation","none","no","SWBD"
"SWBD-191","AW0MG225VXWCN","think",0,"negation","none","no","SWBD"
"SWBD-191","A2P065E9CYMYJL","think",-2,"negation","none","no","SWBD"
"SWBD-191","A36SM7QM8OK3H6","think",-2,"negation","none","no","SWBD"
"SWBD-191","A39GADIK8RLMVC","think",-2,"negation","none","no","SWBD"
"SWBD-191","A110KENBXU7SUJ","think",-2,"negation","none","no","SWBD"
"SWBD-191","A1GXFMAC759VRM","think",-3,"negation","none","no","SWBD"
"SWBD-191","ABL3H3O3BI8ZD","think",-1,"negation","none","no","SWBD"
"SWBD-191","A3S300T3IVQ2GC","think",-3,"negation","none","no","SWBD"
"SWBD-191","A1945USNZHTROX","think",-3,"negation","none","no","SWBD"
"SWBD-192","A3GLMBZSG3VU4P","think",-2,"negation","none","no","SWBD"
"SWBD-192","A1EQ2HDHF2WWSY","think",-1,"negation","none","no","SWBD"
"SWBD-192","A110KENBXU7SUJ","think",-2,"negation","none","no","SWBD"
"SWBD-192","A3F6SDO4GYBE4Y","think",-1,"negation","none","no","SWBD"
"SWBD-192","A27SMEOPKV84VI","think",-2,"negation","none","no","SWBD"
"SWBD-192","A1MJHGH55K3O0","think",-2,"negation","none","no","SWBD"
"SWBD-192","A1DABMXVWWL0TR","think",-3,"negation","none","no","SWBD"
"SWBD-192","A1GXFMAC759VRM","think",-3,"negation","none","no","SWBD"
"SWBD-192","A24LC97AU3QC7G","think",-2,"negation","none","no","SWBD"
"SWBD-192","AAASQIW3J32OL","think",-3,"negation","none","no","SWBD"
"SWBD-193","AZGBKAM5JUV5A","think",-3,"negation","none","no","SWBD"
"SWBD-193","A239EUWY6SNDEZ","think",3,"negation","none","no","SWBD"
"SWBD-193","A18LPAFMK1B06K","think",-2,"negation","none","no","SWBD"
"SWBD-193","A39GADIK8RLMVC","think",-2,"negation","none","no","SWBD"
"SWBD-193","A110KENBXU7SUJ","think",-2,"negation","none","no","SWBD"
"SWBD-193","A1GXFMAC759VRM","think",-2,"negation","none","no","SWBD"
"SWBD-193","A11S43P3WNLIZD","think",1,"negation","none","no","SWBD"
"SWBD-193","A3OXRDSUN9F10I","think",0,"negation","none","no","SWBD"
"SWBD-193","A2IKPU88PDQTMF","think",2,"negation","none","no","SWBD"
"SWBD-193","A1945USNZHTROX","think",3,"negation","none","no","SWBD"
"SWBD-194","A2WCXJZEXXR60A","think",-2,"negation","none","no","SWBD"
"SWBD-194","A3GLMBZSG3VU4P","think",-3,"negation","none","no","SWBD"
"SWBD-194","A2EOOF9D135HQ1","think",-2,"negation","none","no","SWBD"
"SWBD-194","A3F6SDO4GYBE4Y","think",-1,"negation","none","no","SWBD"
"SWBD-194","ANV8C2DATCAPB","think",-3,"negation","none","no","SWBD"
"SWBD-194","A18LPAFMK1B06K","think",-2,"negation","none","no","SWBD"
"SWBD-194","AR1IWBDA7MC86","think",-3,"negation","none","no","SWBD"
"SWBD-194","A110KENBXU7SUJ","think",-2,"negation","none","no","SWBD"
"SWBD-194","A10ECDDI2BYH3K","think",2,"negation","none","no","SWBD"
"SWBD-194","A1GXFMAC759VRM","think",-3,"negation","none","no","SWBD"
"SWBD-195","A1GXFMAC759VRM","think",-3,"negation","none","no","SWBD"
"SWBD-195","A2EOOF9D135HQ1","think",-2,"negation","none","no","SWBD"
"SWBD-195","A147F5PJTHOB8A","think",0,"negation","none","no","SWBD"
"SWBD-195","APGX2WZ59OWDN","think",-1,"negation","none","no","SWBD"
"SWBD-195","AR1IWBDA7MC86","think",-1,"negation","none","no","SWBD"
"SWBD-195","A110KENBXU7SUJ","think",-2,"negation","none","no","SWBD"
"SWBD-195","A2WCXJZEXXR60A","think",-2,"negation","none","no","SWBD"
"SWBD-195","A3F6SDO4GYBE4Y","think",-1,"negation","none","no","SWBD"
"SWBD-196","A27SMEOPKV84VI","think",-2,"negation","none","no","SWBD"
"SWBD-196","A39GADIK8RLMVC","think",-1,"negation","none","no","SWBD"
"SWBD-196","A1GXFMAC759VRM","think",-2,"negation","none","no","SWBD"
"SWBD-196","A5EU1AQJNC7F2","think",-1,"negation","none","no","SWBD"
"SWBD-196","A18LPAFMK1B06K","think",-2,"negation","none","no","SWBD"
"SWBD-196","ASI2B6A3Y556Z","think",-2,"negation","none","no","SWBD"
"SWBD-196","A2AMQX0BQZXG9N","think",-3,"negation","none","no","SWBD"
"SWBD-196","A1945USNZHTROX","think",-3,"negation","none","no","SWBD"
"SWBD-197","A27SMEOPKV84VI","think",-2,"negation","none","no","SWBD"
"SWBD-197","A39GADIK8RLMVC","think",-2,"negation","none","no","SWBD"
"SWBD-197","ASI2B6A3Y556Z","think",-2,"negation","none","no","SWBD"
"SWBD-197","A2EOOF9D135HQ1","think",-2,"negation","none","no","SWBD"
"SWBD-197","A214HWAW1PYWO8","think",-2,"negation","none","no","SWBD"
"SWBD-197","AXJ1PE87PD0KK","think",-2,"negation","none","no","SWBD"
"SWBD-197","A110KENBXU7SUJ","think",-2,"negation","none","no","SWBD"
"SWBD-197","A1GXFMAC759VRM","think",-3,"negation","none","no","SWBD"
"SWBD-198","AR1IWBDA7MC86","think",-2,"negation","none","no","SWBD"
"SWBD-198","A1MJVTR0PCKBWW","think",1,"negation","none","no","SWBD"
"SWBD-198","A1HN4550TIXQBZ","think",3,"negation","none","no","SWBD"
"SWBD-198","A125KW9P18V5Z1","think",2,"negation","none","no","SWBD"
"SWBD-198","A27SMEOPKV84VI","think",-2,"negation","none","no","SWBD"
"SWBD-198","A1EQ2HDHF2WWSY","think",-2,"negation","none","no","SWBD"
"SWBD-198","A1GXFMAC759VRM","think",-3,"negation","none","no","SWBD"
"SWBD-198","A1945USNZHTROX","think",-3,"negation","none","no","SWBD"
"SWBD-198","A39GADIK8RLMVC","think",-2,"negation","none","no","SWBD"
"SWBD-198","A2AMQX0BQZXG9N","think",-3,"negation","none","no","SWBD"
"SWBD-198","A18LPAFMK1B06K","think",-2,"negation","none","no","SWBD"
"SWBD-199","A28FMRMS9TMEOZ","think",-2,"negation","none","no","SWBD"
"SWBD-199","A18LPAFMK1B06K","think",-2,"negation","none","no","SWBD"
"SWBD-199","A4J4GGMKJ68L0","think",-3,"negation","none","no","SWBD"
"SWBD-199","A0017268R9SKD8U2Y3F","think",-3,"negation","none","no","SWBD"
"SWBD-199","A1EQ2HDHF2WWSY","think",-2,"negation","none","no","SWBD"
"SWBD-199","A3U761PEG7MFKT","think",-2,"negation","none","no","SWBD"
"SWBD-199","A1F1OZ54G177D8","think",-2,"negation","none","no","SWBD"
"SWBD-199","A1945USNZHTROX","think",-3,"negation","none","no","SWBD"
"SWBD-199","A125KW9P18V5Z1","think",-2,"negation","none","no","SWBD"
"SWBD-199","A39GADIK8RLMVC","think",-2,"negation","none","no","SWBD"
"SWBD-2","A2WCXJZEXXR60A","say",-1,"conditional","none","no","SWBD"
"SWBD-2","ASI2B6A3Y556Z","say",0,"conditional","none","no","SWBD"
"SWBD-2","A1MJVTR0PCKBWW","say",-2,"conditional","none","no","SWBD"
"SWBD-2","APGX2WZ59OWDN","say",-1,"conditional","none","no","SWBD"
"SWBD-2","AAASQIW3J32OL","say",-2,"conditional","none","no","SWBD"
"SWBD-2","A1F9KLZGHE9DTA","say",-2,"conditional","none","no","SWBD"
"SWBD-2","A5EU1AQJNC7F2","say",-2,"conditional","none","no","SWBD"
"SWBD-2","A2JP9IKRHNLRPI","say",-2,"conditional","none","no","SWBD"
"SWBD-2","AFN5VMMGYPF1I","say",-2,"conditional","none","no","SWBD"
"SWBD-2","A1GXFMAC759VRM","say",-2,"conditional","none","no","SWBD"
"SWBD-2","AFU00NU09CFXE","say",-1,"conditional","none","no","SWBD"
"SWBD-20","A11S43P3WNLIZD","think",-1,"modal","AB","no","SWBD"
"SWBD-20","A3OXRDSUN9F10I","think",-3,"modal","AB","no","SWBD"
"SWBD-20","A2IKPU88PDQTMF","think",-3,"modal","AB","no","SWBD"
"SWBD-20","A1GXFMAC759VRM","think",-3,"modal","AB","no","SWBD"
"SWBD-20","A18LPAFMK1B06K","think",-2,"modal","AB","no","SWBD"
"SWBD-20","A110KENBXU7SUJ","think",0,"modal","AB","no","SWBD"
"SWBD-20","A39GADIK8RLMVC","think",-2,"modal","AB","no","SWBD"
"SWBD-20","A239EUWY6SNDEZ","think",-2,"modal","AB","no","SWBD"
"SWBD-20","AZGBKAM5JUV5A","think",-3,"modal","AB","no","SWBD"
"SWBD-20","A1945USNZHTROX","think",-2,"modal","AB","no","SWBD"
"SWBD-200","A9HQ3E0F2AGVO","think",-1,"negation","none","no","SWBD"
"SWBD-200","A2UNSF09FWX9S8","think",-1,"negation","none","no","SWBD"
"SWBD-200","A110KENBXU7SUJ","think",-1,"negation","none","no","SWBD"
"SWBD-200","A1F9KLZGHE9DTA","think",-2,"negation","none","no","SWBD"
"SWBD-200","AULU4VSUPO1CW","think",-2,"negation","none","no","SWBD"
"SWBD-200","A12723JDRPT207","think",-1,"negation","none","no","SWBD"
"SWBD-200","A1GXFMAC759VRM","think",-2,"negation","none","no","SWBD"
"SWBD-200","A2P065E9CYMYJL","think",-2,"negation","none","no","SWBD"
"SWBD-200","A28HB7240OFGEW","think",-2,"negation","none","no","SWBD"
"SWBD-200","A1KFUXSVGSHL5Z","think",-2,"negation","none","no","SWBD"
"SWBD-200","A2EOOF9D135HQ1","think",-1,"negation","none","no","SWBD"
"SWBD-200","A2YGAEODJ5SSF6","think",-2,"negation","none","no","SWBD"
"SWBD-201","APITQRRX2PADB","think",-2,"negation","none","no","SWBD"
"SWBD-201","A1MJHGH55K3O0","think",-3,"negation","none","no","SWBD"
"SWBD-201","A1MJVTR0PCKBWW","think",1,"negation","none","no","SWBD"
"SWBD-201","A24LC97AU3QC7G","think",0,"negation","none","no","SWBD"
"SWBD-201","A110KENBXU7SUJ","think",-2,"negation","none","no","SWBD"
"SWBD-201","A27SMEOPKV84VI","think",-2,"negation","none","no","SWBD"
"SWBD-201","A39GADIK8RLMVC","think",-2,"negation","none","no","SWBD"
"SWBD-201","A125KW9P18V5Z1","think",-2,"negation","none","no","SWBD"
"SWBD-201","A214HWAW1PYWO8","think",-2,"negation","none","no","SWBD"
"SWBD-201","ASI2B6A3Y556Z","think",-2,"negation","none","no","SWBD"
"SWBD-202","A256FHXGSY0E5D","think",0,"negation","none","no","SWBD"
"SWBD-202","AXKTYKCT9NGHS","think",2,"negation","none","no","SWBD"
"SWBD-202","A360G5G0DVWU7X","think",-2,"negation","none","no","SWBD"
"SWBD-202","A1MJVTR0PCKBWW","think",0,"negation","none","no","SWBD"
"SWBD-202","AJRY9ALX8069Y","think",2,"negation","none","no","SWBD"
"SWBD-202","A3QNMUHAFAJRQO","think",-2,"negation","none","no","SWBD"
"SWBD-202","AC5UD8N187QD6","think",-2,"negation","none","no","SWBD"
"SWBD-202","AOTCPS24JM5DQ","think",0,"negation","none","no","SWBD"
"SWBD-202","A16UAN46CNIRHY","think",-1,"negation","none","no","SWBD"
"SWBD-202","A1GXFMAC759VRM","think",-3,"negation","none","no","SWBD"
"SWBD-202","A1RVMADIZE3BXK","think",1,"negation","none","no","SWBD"
"SWBD-203","A1MJVTR0PCKBWW","think",2,"negation","none","no","SWBD"
"SWBD-203","A1UH396UOK0X9Z","think",2,"negation","none","no","SWBD"
"SWBD-203","APGX2WZ59OWDN","think",-1,"negation","none","no","SWBD"
"SWBD-203","A2FYQIZWV2UJHS","think",-2,"negation","none","no","SWBD"
"SWBD-203","A39GADIK8RLMVC","think",-3,"negation","none","no","SWBD"
"SWBD-203","A1HKCTDOTL6C9I","think",-3,"negation","none","no","SWBD"
"SWBD-203","A2WCXJZEXXR60A","think",-2,"negation","none","no","SWBD"
"SWBD-203","ATGUAXNWCW8NI","think",-2,"negation","none","no","SWBD"
"SWBD-203","A2GB0RI43KU4Z","think",-2,"negation","none","no","SWBD"
"SWBD-203","A4IH4CO046EV3","think",-2,"negation","none","no","SWBD"
"SWBD-204","A2WCXJZEXXR60A","think",-2,"negation","none","no","SWBD"
"SWBD-204","AM8OWAW9TUVLN","think",3,"negation","none","no","SWBD"
"SWBD-204","A1GXFMAC759VRM","think",-3,"negation","none","no","SWBD"
"SWBD-204","A2EOOF9D135HQ1","think",-1,"negation","none","no","SWBD"
"SWBD-204","A2P065E9CYMYJL","think",-1,"negation","none","no","SWBD"
"SWBD-204","A2ZRF4I5RTKN7G","think",-1,"negation","none","no","SWBD"
"SWBD-204","A1IBVWKNX3OKK7","think",3,"negation","none","no","SWBD"
"SWBD-204","A6B8DOH3KV5SL","think",2,"negation","none","no","SWBD"
"SWBD-205","APR6H3HAOE9OU","think",-2,"negation","none","no","SWBD"
"SWBD-205","A1GRPIBHW72HDU","think",-1,"negation","none","no","SWBD"
"SWBD-205","A28HB7240OFGEW","think",1,"negation","none","no","SWBD"
"SWBD-205","A2CF2BD4Q0ZDJN","think",2,"negation","none","no","SWBD"
"SWBD-205","A1MJVTR0PCKBWW","think",0,"negation","none","no","SWBD"
"SWBD-205","ATF7HBD1TFI2U","think",-2,"negation","none","no","SWBD"
"SWBD-205","A2EOOF9D135HQ1","think",-2,"negation","none","no","SWBD"
"SWBD-205","AR1IWBDA7MC86","think",-1,"negation","none","no","SWBD"
"SWBD-205","A28LARVABNF9BX","think",2,"negation","none","no","SWBD"
"SWBD-205","A147F5PJTHOB8A","think",-2,"negation","none","no","SWBD"
"SWBD-206","A2B6WQG0A9CKXQ","think",-3,"negation","none","no","SWBD"
"SWBD-206","A110KENBXU7SUJ","think",-3,"negation","none","no","SWBD"
"SWBD-206","AR1IWBDA7MC86","think",-2,"negation","none","no","SWBD"
"SWBD-206","A05977571SZ38O16ESGP8","think",-2,"negation","none","no","SWBD"
"SWBD-206","A2EOOF9D135HQ1","think",-3,"negation","none","no","SWBD"
"SWBD-206","A2G7N0X0PNX0EE","think",-3,"negation","none","no","SWBD"
"SWBD-206","APGX2WZ59OWDN","think",-2,"negation","none","no","SWBD"
"SWBD-206","A3TOUB8313BPVS","think",-2,"negation","none","no","SWBD"
"SWBD-207","A18LPAFMK1B06K","think",-2,"negation","none","no","SWBD"
"SWBD-207","A2DXEPC4QFV4R1","think",-2,"negation","none","no","SWBD"
"SWBD-207","A39GADIK8RLMVC","think",-2,"negation","none","no","SWBD"
"SWBD-207","A1F9KLZGHE9DTA","think",-2,"negation","none","no","SWBD"
"SWBD-207","A110KENBXU7SUJ","think",-2,"negation","none","no","SWBD"
"SWBD-207","AFM6MQ0XZXKQD","think",-1,"negation","none","no","SWBD"
"SWBD-207","A159ZKL4AIHIS","think",2,"negation","none","no","SWBD"
"SWBD-207","AVJUIF9QHQRY8","think",-2,"negation","none","no","SWBD"
"SWBD-207","A3454T4PU9GJM0","think",0,"negation","none","no","SWBD"
"SWBD-208","A28HB7240OFGEW","think",-2,"negation","none","no","SWBD"
"SWBD-208","A110KENBXU7SUJ","think",-2,"negation","none","no","SWBD"
"SWBD-208","A10YS8AVLQWUZZ","think",-1,"negation","none","no","SWBD"
"SWBD-208","A3F6SDO4GYBE4Y","think",-2,"negation","none","no","SWBD"
"SWBD-208","A18LPAFMK1B06K","think",-1,"negation","none","no","SWBD"
"SWBD-208","A05977571SZ38O16ESGP8","think",-2,"negation","none","no","SWBD"
"SWBD-208","A3O7X46E3REM7I","think",-2,"negation","none","no","SWBD"
"SWBD-208","A1PZ1YZAQEXRSQ","think",0,"negation","none","no","SWBD"
"SWBD-208","A1945USNZHTROX","think",-2,"negation","none","no","SWBD"
"SWBD-209","A110KENBXU7SUJ","think",-2,"negation","none","no","SWBD"
"SWBD-209","A2JP9IKRHNLRPI","think",-2,"negation","none","no","SWBD"
"SWBD-209","A28HB7240OFGEW","think",-2,"negation","none","no","SWBD"
"SWBD-209","A2EOOF9D135HQ1","think",-2,"negation","none","no","SWBD"
"SWBD-209","AAASQIW3J32OL","think",-3,"negation","none","no","SWBD"
"SWBD-209","A1GXFMAC759VRM","think",-3,"negation","none","no","SWBD"
"SWBD-209","A22ON3MIIG0IJA","think",-2,"negation","none","no","SWBD"
"SWBD-209","A1X14SEMW60XVP","think",-2,"negation","none","no","SWBD"
"SWBD-209","A2IQ0QCTQ3KWLT","think",-3,"negation","none","no","SWBD"
"SWBD-209","ANV8C2DATCAPB","think",-2,"negation","none","no","SWBD"
"SWBD-209","A359ETX78LN74M","think",-2,"negation","none","no","SWBD"
"SWBD-209","A3F6SDO4GYBE4Y","think",-1,"negation","none","no","SWBD"
"SWBD-21","A1MJHGH55K3O0","say",-3,"modal","CI","no","SWBD"
"SWBD-21","A1MJVTR0PCKBWW","say",1,"modal","CI","no","SWBD"
"SWBD-21","APITQRRX2PADB","say",0,"modal","CI","no","SWBD"
"SWBD-21","A3S300T3IVQ2GC","say",-3,"modal","CI","no","SWBD"
"SWBD-21","A2AMQX0BQZXG9N","say",0,"modal","CI","no","SWBD"
"SWBD-21","A2IQ0QCTQ3KWLT","say",2,"modal","CI","no","SWBD"
"SWBD-21","A36SM7QM8OK3H6","say",0,"modal","CI","no","SWBD"
"SWBD-21","A1GXFMAC759VRM","say",0,"modal","CI","no","SWBD"
"SWBD-21","A3F6SDO4GYBE4Y","say",-2,"modal","CI","no","SWBD"
"SWBD-21","A39GADIK8RLMVC","say",3,"modal","CI","no","SWBD"
"SWBD-210","AR1IWBDA7MC86","think",-3,"negation","none","no","SWBD"
"SWBD-210","A36SM7QM8OK3H6","think",-2,"negation","none","no","SWBD"
"SWBD-210","A320QA9HJFUOZO","think",-2,"negation","none","no","SWBD"
"SWBD-210","A214HWAW1PYWO8","think",-3,"negation","none","no","SWBD"
"SWBD-210","A1GXFMAC759VRM","think",-3,"negation","none","no","SWBD"
"SWBD-210","A3VVR8NR3ED04C","think",-3,"negation","none","no","SWBD"
"SWBD-210","A18LPAFMK1B06K","think",-2,"negation","none","no","SWBD"
"SWBD-210","A1EQ2HDHF2WWSY","think",-2,"negation","none","no","SWBD"
"SWBD-210","A2WCXJZEXXR60A","think",-3,"negation","none","no","SWBD"
"SWBD-211","APGX2WZ59OWDN","think",-2,"negation","none","no","SWBD"
"SWBD-211","A3U761PEG7MFKT","think",-2,"negation","none","no","SWBD"
"SWBD-211","A1EQ2HDHF2WWSY","think",-2,"negation","none","no","SWBD"
"SWBD-211","A39GADIK8RLMVC","think",-2,"negation","none","no","SWBD"
"SWBD-211","A10YS8AVLQWUZZ","think",-3,"negation","none","no","SWBD"
"SWBD-211","A3GLMBZSG3VU4P","think",-2,"negation","none","no","SWBD"
"SWBD-211","A2EOOF9D135HQ1","think",-2,"negation","none","no","SWBD"
"SWBD-211","A321YWMP74ULKH","think",-2,"negation","none","no","SWBD"
"SWBD-212","A2JP9IKRHNLRPI","think",-2,"negation","none","no","SWBD"
"SWBD-212","APGX2WZ59OWDN","think",-1,"negation","none","no","SWBD"
"SWBD-212","A2WCXJZEXXR60A","think",-2,"negation","none","no","SWBD"
"SWBD-212","A1F9KLZGHE9DTA","think",-2,"negation","none","no","SWBD"
"SWBD-212","A5EU1AQJNC7F2","think",-2,"negation","none","no","SWBD"
"SWBD-212","ASI2B6A3Y556Z","think",-2,"negation","none","no","SWBD"
"SWBD-212","A1GXFMAC759VRM","think",-3,"negation","none","no","SWBD"
"SWBD-212","AFN5VMMGYPF1I","think",-3,"negation","none","no","SWBD"
"SWBD-212","A1MJVTR0PCKBWW","think",-3,"negation","none","no","SWBD"
"SWBD-212","AAASQIW3J32OL","think",-3,"negation","none","no","SWBD"
"SWBD-212","AFU00NU09CFXE","think",-2,"negation","none","no","SWBD"
"SWBD-213","A110KENBXU7SUJ","think",0,"negation","none","no","SWBD"
"SWBD-213","A1945USNZHTROX","think",-3,"negation","none","no","SWBD"
"SWBD-213","A18LPAFMK1B06K","think",-2,"negation","none","no","SWBD"
"SWBD-213","A16SAB417Y96G4","think",-3,"negation","none","no","SWBD"
"SWBD-213","A38DXFI1TZA295","think",-2,"negation","none","no","SWBD"
"SWBD-213","A2CJYS92WX7HN6","think",-3,"negation","none","no","SWBD"
"SWBD-213","AIXIAGX87039O","think",-3,"negation","none","no","SWBD"
"SWBD-213","A3IJTM1XM7FE15","think",-3,"negation","none","no","SWBD"
"SWBD-213","A1GXFMAC759VRM","think",-3,"negation","none","no","SWBD"
"SWBD-214","A110KENBXU7SUJ","accept",3,"negation","none","no","SWBD"
"SWBD-214","A3F6SDO4GYBE4Y","accept",-1,"negation","none","no","SWBD"
"SWBD-214","A10YS8AVLQWUZZ","accept",3,"negation","none","no","SWBD"
"SWBD-214","A05977571SZ38O16ESGP8","accept",-3,"negation","none","no","SWBD"
"SWBD-214","A3O7X46E3REM7I","accept",3,"negation","none","no","SWBD"
"SWBD-214","A1PZ1YZAQEXRSQ","accept",3,"negation","none","no","SWBD"
"SWBD-214","A1945USNZHTROX","accept",3,"negation","none","no","SWBD"
"SWBD-214","A18LPAFMK1B06K","accept",2,"negation","none","no","SWBD"
"SWBD-214","A28HB7240OFGEW","accept",3,"negation","none","no","SWBD"
"SWBD-215","A39GADIK8RLMVC","know",-2,"negation","none","yes","SWBD"
"SWBD-215","A3S300T3IVQ2GC","know",0,"negation","none","yes","SWBD"
"SWBD-215","A18LPAFMK1B06K","know",-2,"negation","none","yes","SWBD"
"SWBD-215","A2P065E9CYMYJL","know",-1,"negation","none","yes","SWBD"
"SWBD-215","A1GXFMAC759VRM","know",-3,"negation","none","yes","SWBD"
"SWBD-215","A110KENBXU7SUJ","know",-3,"negation","none","yes","SWBD"
"SWBD-215","AW0MG225VXWCN","know",1,"negation","none","yes","SWBD"
"SWBD-215","A36SM7QM8OK3H6","know",-1,"negation","none","yes","SWBD"
"SWBD-215","ABL3H3O3BI8ZD","know",0,"negation","none","yes","SWBD"
"SWBD-215","A1945USNZHTROX","know",-3,"negation","none","yes","SWBD"
"SWBD-216","A3GLMBZSG3VU4P","think",-2,"negation","none","no","SWBD"
"SWBD-216","ALZVG5501Y5IX","think",-2,"negation","none","no","SWBD"
"SWBD-216","A28HB7240OFGEW","think",-2,"negation","none","no","SWBD"
"SWBD-216","A1945USNZHTROX","think",-3,"negation","none","no","SWBD"
"SWBD-216","A2DXEPC4QFV4R1","think",-2,"negation","none","no","SWBD"
"SWBD-216","A1MJVTR0PCKBWW","think",-2,"negation","none","no","SWBD"
"SWBD-216","A05977571SZ38O16ESGP8","think",-2,"negation","none","no","SWBD"
"SWBD-216","A15XX0WDRG29E7","think",-2,"negation","none","no","SWBD"
"SWBD-216","A18LPAFMK1B06K","think",-2,"negation","none","no","SWBD"
"SWBD-216","A10YS8AVLQWUZZ","think",0,"negation","none","no","SWBD"
"SWBD-217","A3GLMBZSG3VU4P","know",-2,"negation","none","yes","SWBD"
"SWBD-217","A24LC97AU3QC7G","know",0,"negation","none","yes","SWBD"
"SWBD-217","A1EQ2HDHF2WWSY","know",-2,"negation","none","yes","SWBD"
"SWBD-217","A1MJHGH55K3O0","know",-1,"negation","none","yes","SWBD"
"SWBD-217","A27SMEOPKV84VI","know",-2,"negation","none","yes","SWBD"
"SWBD-217","A1DABMXVWWL0TR","know",-1,"negation","none","yes","SWBD"
"SWBD-217","A1GXFMAC759VRM","know",-2,"negation","none","yes","SWBD"
"SWBD-217","A3F6SDO4GYBE4Y","know",-1,"negation","none","yes","SWBD"
"SWBD-217","AAASQIW3J32OL","know",-2,"negation","none","yes","SWBD"
"SWBD-217","A110KENBXU7SUJ","know",-2,"negation","none","yes","SWBD"
"SWBD-218","A239EUWY6SNDEZ","feel",-3,"negation","none","no","SWBD"
"SWBD-218","A2JP9IKRHNLRPI","feel",-3,"negation","none","no","SWBD"
"SWBD-218","A2WCXJZEXXR60A","feel",-2,"negation","none","no","SWBD"
"SWBD-218","AVI7K876BV3QL","feel",-2,"negation","none","no","SWBD"
"SWBD-218","A2LGSV2MKHWA49","feel",0,"negation","none","no","SWBD"
"SWBD-218","A1GXFMAC759VRM","feel",-3,"negation","none","no","SWBD"
"SWBD-218","A1V2H0UF94ATWY","feel",-2,"negation","none","no","SWBD"
"SWBD-218","APGX2WZ59OWDN","feel",-2,"negation","none","no","SWBD"
"SWBD-218","A39GADIK8RLMVC","feel",-3,"negation","none","no","SWBD"
"SWBD-219","A1945USNZHTROX","say",-3,"negation","none","no","SWBD"
"SWBD-219","A05977571SZ38O16ESGP8","say",-2,"negation","none","no","SWBD"
"SWBD-219","AAASQIW3J32OL","say",-1,"negation","none","no","SWBD"
"SWBD-219","AR1IWBDA7MC86","say",-2,"negation","none","no","SWBD"
"SWBD-219","A1SLM4JRDIM430","say",0,"negation","none","no","SWBD"
"SWBD-219","AC5UD8N187QD6","say",-2,"negation","none","no","SWBD"
"SWBD-219","APGX2WZ59OWDN","say",-1,"negation","none","no","SWBD"
"SWBD-219","ASI2B6A3Y556Z","say",-1,"negation","none","no","SWBD"
"SWBD-22","A1EQ2HDHF2WWSY","swear",1,"modal","AB","no","SWBD"
"SWBD-22","A1F1OZ54G177D8","swear",2,"modal","AB","no","SWBD"
"SWBD-22","A18LPAFMK1B06K","swear",1,"modal","AB","no","SWBD"
"SWBD-22","A1945USNZHTROX","swear",3,"modal","AB","no","SWBD"
"SWBD-22","A0017268R9SKD8U2Y3F","swear",3,"modal","AB","no","SWBD"
"SWBD-22","A28FMRMS9TMEOZ","swear",3,"modal","AB","no","SWBD"
"SWBD-22","A39GADIK8RLMVC","swear",3,"modal","AB","no","SWBD"
"SWBD-22","A3U761PEG7MFKT","swear",2,"modal","AB","no","SWBD"
"SWBD-22","A125KW9P18V5Z1","swear",1,"modal","AB","no","SWBD"
"SWBD-22","A4J4GGMKJ68L0","swear",2,"modal","AB","no","SWBD"
"SWBD-220","A2P065E9CYMYJL","say",-1,"negation","none","no","SWBD"
"SWBD-220","A1MJVTR0PCKBWW","say",-2,"negation","none","no","SWBD"
"SWBD-220","A2RBF3IIJP15IH","say",0,"negation","none","no","SWBD"
"SWBD-220","A1GXFMAC759VRM","say",-2,"negation","none","no","SWBD"
"SWBD-220","A36SM7QM8OK3H6","say",1,"negation","none","no","SWBD"
"SWBD-220","AA4KKLIU4C3NY","say",0,"negation","none","no","SWBD"
"SWBD-220","A27MJOV91GA8R3","say",-2,"negation","none","no","SWBD"
"SWBD-220","A2JP9IKRHNLRPI","say",-2,"negation","none","no","SWBD"
"SWBD-220","A1AQQFJAF8CI4H","say",-1,"negation","none","no","SWBD"
"SWBD-220","A27SMEOPKV84VI","say",-2,"negation","none","no","SWBD"
"SWBD-220","ALZVG5501Y5IX","say",2,"negation","none","no","SWBD"
"SWBD-220","APGX2WZ59OWDN","say",-3,"negation","none","no","SWBD"
"SWBD-221","A1EQ2HDHF2WWSY","feel",-2,"negation","none","no","SWBD"
"SWBD-221","A39GADIK8RLMVC","feel",-2,"negation","none","no","SWBD"
"SWBD-221","A2DXEPC4QFV4R1","feel",-2,"negation","none","no","SWBD"
"SWBD-221","A1GXFMAC759VRM","feel",-3,"negation","none","no","SWBD"
"SWBD-221","A2EOOF9D135HQ1","feel",-2,"negation","none","no","SWBD"
"SWBD-221","A3S300T3IVQ2GC","feel",-3,"negation","none","no","SWBD"
"SWBD-221","A18LPAFMK1B06K","feel",-2,"negation","none","no","SWBD"
"SWBD-221","A1945USNZHTROX","feel",-3,"negation","none","no","SWBD"
"SWBD-222","A18LPAFMK1B06K","think",-1,"negation","none","no","SWBD"
"SWBD-222","AFN5VMMGYPF1I","think",-1,"negation","none","no","SWBD"
"SWBD-222","A2WCXJZEXXR60A","think",-1,"negation","none","no","SWBD"
"SWBD-222","A1GXFMAC759VRM","think",-3,"negation","none","no","SWBD"
"SWBD-222","A2IGPW784OFV3D","think",-2,"negation","none","no","SWBD"
"SWBD-222","AJZZOD77TYA2X","think",-3,"negation","none","no","SWBD"
"SWBD-222","A39GADIK8RLMVC","think",-2,"negation","none","no","SWBD"
"SWBD-222","A1S6C6EN8MPKC3","think",-1,"negation","none","no","SWBD"
"SWBD-223","A2AMQX0BQZXG9N","think",2,"negation","none","no","SWBD"
"SWBD-223","A2JP9IKRHNLRPI","think",-3,"negation","none","no","SWBD"
"SWBD-223","A1GXFMAC759VRM","think",-3,"negation","none","no","SWBD"
"SWBD-223","AC5UD8N187QD6","think",-1,"negation","none","no","SWBD"
"SWBD-223","AVI7K876BV3QL","think",-2,"negation","none","no","SWBD"
"SWBD-223","A2KH6VYX26L4HT","think",-3,"negation","none","no","SWBD"
"SWBD-223","A5EU1AQJNC7F2","think",-3,"negation","none","no","SWBD"
"SWBD-223","ASI2B6A3Y556Z","think",-2,"negation","none","no","SWBD"
"SWBD-223","A1MJVTR0PCKBWW","think",-2,"negation","none","no","SWBD"
"SWBD-223","A3F6SDO4GYBE4Y","think",-2,"negation","none","no","SWBD"
"SWBD-223","A1FUR4UJ0S46W6","think",-2,"negation","none","no","SWBD"
"SWBD-224","A1EQ2HDHF2WWSY","think",-2,"negation","none","no","SWBD"
"SWBD-224","A3GM78FCDY293T","think",-1,"negation","none","no","SWBD"
"SWBD-224","A320QA9HJFUOZO","think",-2,"negation","none","no","SWBD"
"SWBD-224","A05977571SZ38O16ESGP8","think",-2,"negation","none","no","SWBD"
"SWBD-224","AFUX7IUQOE0NA","think",-2,"negation","none","no","SWBD"
"SWBD-224","AR1IWBDA7MC86","think",-1,"negation","none","no","SWBD"
"SWBD-224","A2P065E9CYMYJL","think",1,"negation","none","no","SWBD"
"SWBD-224","A27SMEOPKV84VI","think",-1,"negation","none","no","SWBD"
"SWBD-224","A3VVR8NR3ED04C","think",-2,"negation","none","no","SWBD"
"SWBD-224","A18LPAFMK1B06K","think",-1,"negation","none","no","SWBD"
"SWBD-224","A1GXFMAC759VRM","think",-3,"negation","none","no","SWBD"
"SWBD-225","A3VVR8NR3ED04C","think",-3,"negation","none","no","SWBD"
"SWBD-225","A320QA9HJFUOZO","think",-2,"negation","none","no","SWBD"
"SWBD-225","A1MJHGH55K3O0","think",-2,"negation","none","no","SWBD"
"SWBD-225","AY9ZVK32I1P1L","think",-2,"negation","none","no","SWBD"
"SWBD-225","A2AMQX0BQZXG9N","think",-3,"negation","none","no","SWBD"
"SWBD-225","APGX2WZ59OWDN","think",-2,"negation","none","no","SWBD"
"SWBD-225","A36SM7QM8OK3H6","think",-1,"negation","none","no","SWBD"
"SWBD-225","A1EQ2HDHF2WWSY","think",-2,"negation","none","no","SWBD"
"SWBD-226","A1945USNZHTROX","hear",-3,"negation","none","no","SWBD"
"SWBD-226","A5EU1AQJNC7F2","hear",0,"negation","none","no","SWBD"
"SWBD-226","A3LECJA9RVQQKZ","hear",1,"negation","none","no","SWBD"
"SWBD-226","A3GLMBZSG3VU4P","hear",0,"negation","none","no","SWBD"
"SWBD-226","A14WLAP6TCEKO0","hear",-3,"negation","none","no","SWBD"
"SWBD-226","A18LPAFMK1B06K","hear",2,"negation","none","no","SWBD"
"SWBD-226","A16SAB417Y96G4","hear",1,"negation","none","no","SWBD"
"SWBD-226","A1EQ2HDHF2WWSY","hear",-1,"negation","none","no","SWBD"
"SWBD-226","A1GXFMAC759VRM","hear",0,"negation","none","no","SWBD"
"SWBD-226","A2AMQX0BQZXG9N","hear",2,"negation","none","no","SWBD"
"SWBD-227","A1K0S514CEY1UG","think",1,"negation","none","no","SWBD"
"SWBD-227","A1MJVTR0PCKBWW","think",-2,"negation","none","no","SWBD"
"SWBD-227","AVI7K876BV3QL","think",-2,"negation","none","no","SWBD"
"SWBD-227","ATOPSQ6JDYZ6H","think",-3,"negation","none","no","SWBD"
"SWBD-227","A2AMQX0BQZXG9N","think",-3,"negation","none","no","SWBD"
"SWBD-227","A2JP9IKRHNLRPI","think",-2,"negation","none","no","SWBD"
"SWBD-227","A5EU1AQJNC7F2","think",-3,"negation","none","no","SWBD"
"SWBD-227","A1GXFMAC759VRM","think",-3,"negation","none","no","SWBD"
"SWBD-227","A2WCXJZEXXR60A","think",-3,"negation","none","no","SWBD"
"SWBD-227","AFN5VMMGYPF1I","think",-3,"negation","none","no","SWBD"
"SWBD-228","A1SLM4JRDIM430","think",-3,"negation","none","no","SWBD"
"SWBD-228","AC5UD8N187QD6","think",-2,"negation","none","no","SWBD"
"SWBD-228","A1945USNZHTROX","think",-3,"negation","none","no","SWBD"
"SWBD-228","AR1IWBDA7MC86","think",-1,"negation","none","no","SWBD"
"SWBD-228","ASI2B6A3Y556Z","think",-2,"negation","none","no","SWBD"
"SWBD-228","A05977571SZ38O16ESGP8","think",-2,"negation","none","no","SWBD"
"SWBD-228","AAASQIW3J32OL","think",-3,"negation","none","no","SWBD"
"SWBD-228","APGX2WZ59OWDN","think",-2,"negation","none","no","SWBD"
"SWBD-229","AFUX7IUQOE0NA","believe",2,"negation","none","no","SWBD"
"SWBD-229","A18LPAFMK1B06K","believe",2,"negation","none","no","SWBD"
"SWBD-229","A05977571SZ38O16ESGP8","believe",3,"negation","none","no","SWBD"
"SWBD-229","A27SMEOPKV84VI","believe",3,"negation","none","no","SWBD"
"SWBD-229","A2P065E9CYMYJL","believe",-2,"negation","none","no","SWBD"
"SWBD-229","A1EQ2HDHF2WWSY","believe",2,"negation","none","no","SWBD"
"SWBD-229","A320QA9HJFUOZO","believe",2,"negation","none","no","SWBD"
"SWBD-229","AR1IWBDA7MC86","believe",3,"negation","none","no","SWBD"
"SWBD-229","A3VVR8NR3ED04C","believe",-3,"negation","none","no","SWBD"
"SWBD-229","A1GXFMAC759VRM","believe",3,"negation","none","no","SWBD"
"SWBD-229","A3GM78FCDY293T","believe",1,"negation","none","no","SWBD"
"SWBD-23","A1GXFMAC759VRM","think",2,"modal","EP","no","SWBD"
"SWBD-23","A18LPAFMK1B06K","think",1,"modal","EP","no","SWBD"
"SWBD-23","A3GLMBZSG3VU4P","think",0,"modal","EP","no","SWBD"
"SWBD-23","A110KENBXU7SUJ","think",2,"modal","EP","no","SWBD"
"SWBD-23","A2EOOF9D135HQ1","think",1,"modal","EP","no","SWBD"
"SWBD-23","A3F6SDO4GYBE4Y","think",3,"modal","EP","no","SWBD"
"SWBD-23","A2WCXJZEXXR60A","think",1,"modal","EP","no","SWBD"
"SWBD-23","A10ECDDI2BYH3K","think",1,"modal","EP","no","SWBD"
"SWBD-23","ANV8C2DATCAPB","think",3,"modal","EP","no","SWBD"
"SWBD-23","AR1IWBDA7MC86","think",1,"modal","EP","no","SWBD"
"SWBD-230","A1MJVTR0PCKBWW","think",-3,"negation","none","no","SWBD"
"SWBD-230","A2JP9IKRHNLRPI","think",-2,"negation","none","no","SWBD"
"SWBD-230","A2RBF3IIJP15IH","think",0,"negation","none","no","SWBD"
"SWBD-230","AA4KKLIU4C3NY","think",-3,"negation","none","no","SWBD"
"SWBD-230","A27SMEOPKV84VI","think",-3,"negation","none","no","SWBD"
"SWBD-230","A36SM7QM8OK3H6","think",-3,"negation","none","no","SWBD"
"SWBD-230","A1AQQFJAF8CI4H","think",-2,"negation","none","no","SWBD"
"SWBD-230","APGX2WZ59OWDN","think",2,"negation","none","no","SWBD"
"SWBD-230","ALZVG5501Y5IX","think",-3,"negation","none","no","SWBD"
"SWBD-230","A2P065E9CYMYJL","think",-3,"negation","none","no","SWBD"
"SWBD-230","A27MJOV91GA8R3","think",0,"negation","none","no","SWBD"
"SWBD-230","A1GXFMAC759VRM","think",-3,"negation","none","no","SWBD"
"SWBD-231","A1GXFMAC759VRM","think",-3,"negation","none","no","SWBD"
"SWBD-231","A5EU1AQJNC7F2","think",-2,"negation","none","no","SWBD"
"SWBD-231","A39GADIK8RLMVC","think",-3,"negation","none","no","SWBD"
"SWBD-231","ASI2B6A3Y556Z","think",-2,"negation","none","no","SWBD"
"SWBD-231","A16SAB417Y96G4","think",-2,"negation","none","no","SWBD"
"SWBD-231","A3GLMBZSG3VU4P","think",-2,"negation","none","no","SWBD"
"SWBD-231","A1945USNZHTROX","think",-3,"negation","none","no","SWBD"
"SWBD-231","A2AMQX0BQZXG9N","think",-3,"negation","none","no","SWBD"
"SWBD-231","A1QG4N21BF61PC","think",-1,"negation","none","no","SWBD"
"SWBD-231","A18LPAFMK1B06K","think",-2,"negation","none","no","SWBD"
"SWBD-231","A1MJVTR0PCKBWW","think",-2,"negation","none","no","SWBD"
"SWBD-232","A1EQ2HDHF2WWSY","believe",-1,"negation","none","no","SWBD"
"SWBD-232","A1MJHGH55K3O0","believe",-3,"negation","none","no","SWBD"
"SWBD-232","APGX2WZ59OWDN","believe",0,"negation","none","no","SWBD"
"SWBD-232","A3VVR8NR3ED04C","believe",-3,"negation","none","no","SWBD"
"SWBD-232","AY9ZVK32I1P1L","believe",-2,"negation","none","no","SWBD"
"SWBD-232","A36SM7QM8OK3H6","believe",-1,"negation","none","no","SWBD"
"SWBD-232","A320QA9HJFUOZO","believe",-2,"negation","none","no","SWBD"
"SWBD-232","A2AMQX0BQZXG9N","believe",0,"negation","none","no","SWBD"
"SWBD-233","A2JP9IKRHNLRPI","think",-2,"negation","none","no","SWBD"
"SWBD-233","A1GXFMAC759VRM","think",-3,"negation","none","no","SWBD"
"SWBD-233","AE60SK1Y79RGK","think",0,"negation","none","no","SWBD"
"SWBD-233","A2WCXJZEXXR60A","think",-2,"negation","none","no","SWBD"
"SWBD-233","APGX2WZ59OWDN","think",-2,"negation","none","no","SWBD"
"SWBD-233","A1MJVTR0PCKBWW","think",-1,"negation","none","no","SWBD"
"SWBD-233","A27SMEOPKV84VI","think",-1,"negation","none","no","SWBD"
"SWBD-233","APO6KZZ79PO9Q","think",-3,"negation","none","no","SWBD"
"SWBD-233","A3GM78FCDY293T","think",-3,"negation","none","no","SWBD"
"SWBD-234","A1V2H0UF94ATWY","think",-3,"negation","none","no","SWBD"
"SWBD-234","APGX2WZ59OWDN","think",-2,"negation","none","no","SWBD"
"SWBD-234","A2LGSV2MKHWA49","think",-2,"negation","none","no","SWBD"
"SWBD-234","A1GXFMAC759VRM","think",-3,"negation","none","no","SWBD"
"SWBD-234","AVI7K876BV3QL","think",-1,"negation","none","no","SWBD"
"SWBD-234","A2JP9IKRHNLRPI","think",-2,"negation","none","no","SWBD"
"SWBD-234","A239EUWY6SNDEZ","think",-3,"negation","none","no","SWBD"
"SWBD-234","A2WCXJZEXXR60A","think",-2,"negation","none","no","SWBD"
"SWBD-234","A39GADIK8RLMVC","think",-2,"negation","none","no","SWBD"
"SWBD-235","A1GXFMAC759VRM","think",-3,"negation","none","no","SWBD"
"SWBD-235","A1945USNZHTROX","think",-3,"negation","none","no","SWBD"
"SWBD-235","A3S300T3IVQ2GC","think",0,"negation","none","no","SWBD"
"SWBD-235","A2DXEPC4QFV4R1","think",-2,"negation","none","no","SWBD"
"SWBD-235","A2EOOF9D135HQ1","think",2,"negation","none","no","SWBD"
"SWBD-235","A1EQ2HDHF2WWSY","think",-2,"negation","none","no","SWBD"
"SWBD-235","A18LPAFMK1B06K","think",-2,"negation","none","no","SWBD"
"SWBD-235","A39GADIK8RLMVC","think",-2,"negation","none","no","SWBD"
"SWBD-236","A1K0S514CEY1UG","believe",-3,"negation","none","no","SWBD"
"SWBD-236","A5EU1AQJNC7F2","believe",-2,"negation","none","no","SWBD"
"SWBD-236","A1GXFMAC759VRM","believe",1,"negation","none","no","SWBD"
"SWBD-236","A1MJVTR0PCKBWW","believe",-1,"negation","none","no","SWBD"
"SWBD-236","AVI7K876BV3QL","believe",1,"negation","none","no","SWBD"
"SWBD-236","A2WCXJZEXXR60A","believe",-2,"negation","none","no","SWBD"
"SWBD-236","ATOPSQ6JDYZ6H","believe",2,"negation","none","no","SWBD"
"SWBD-236","A2JP9IKRHNLRPI","believe",2,"negation","none","no","SWBD"
"SWBD-236","A2AMQX0BQZXG9N","believe",1,"negation","none","no","SWBD"
"SWBD-236","AFN5VMMGYPF1I","believe",2,"negation","none","no","SWBD"
"SWBD-237","A1MJVTR0PCKBWW","think",-3,"negation","none","no","SWBD"
"SWBD-237","A1L3937MY09J3I","think",2,"negation","none","no","SWBD"
"SWBD-237","A1HKCTDOTL6C9I","think",-3,"negation","none","no","SWBD"
"SWBD-237","A3QNMUHAFAJRQO","think",-3,"negation","none","no","SWBD"
"SWBD-237","A1UH396UOK0X9Z","think",-3,"negation","none","no","SWBD"
"SWBD-237","A110KENBXU7SUJ","think",-3,"negation","none","no","SWBD"
"SWBD-237","A233KUL18RUW1N","think",-2,"negation","none","no","SWBD"
"SWBD-237","A1GXFMAC759VRM","think",-3,"negation","none","no","SWBD"
"SWBD-237","ASI2B6A3Y556Z","think",-1,"negation","none","no","SWBD"
"SWBD-237","AAASQIW3J32OL","think",-3,"negation","none","no","SWBD"
"SWBD-238","A2P065E9CYMYJL","think",-3,"negation","none","no","SWBD"
"SWBD-238","A1EQ2HDHF2WWSY","think",-2,"negation","none","no","SWBD"
"SWBD-238","A320QA9HJFUOZO","think",-2,"negation","none","no","SWBD"
"SWBD-238","A2WCXJZEXXR60A","think",-2,"negation","none","no","SWBD"
"SWBD-238","A18LPAFMK1B06K","think",-2,"negation","none","no","SWBD"
"SWBD-238","A2AMQX0BQZXG9N","think",-2,"negation","none","no","SWBD"
"SWBD-238","A1GXFMAC759VRM","think",-3,"negation","none","no","SWBD"
"SWBD-238","ASI2B6A3Y556Z","think",-2,"negation","none","no","SWBD"
"SWBD-239","A3VVR8NR3ED04C","think",-3,"negation","none","no","SWBD"
"SWBD-239","A1MJVTR0PCKBWW","think",-1,"negation","none","no","SWBD"
"SWBD-239","A1EQ2HDHF2WWSY","think",-3,"negation","none","no","SWBD"
"SWBD-239","A320QA9HJFUOZO","think",1,"negation","none","no","SWBD"
"SWBD-239","A24LC97AU3QC7G","think",2,"negation","none","no","SWBD"
"SWBD-239","A1GXFMAC759VRM","think",-3,"negation","none","no","SWBD"
"SWBD-239","AAASQIW3J32OL","think",-2,"negation","none","no","SWBD"
"SWBD-239","AC5UD8N187QD6","think",-3,"negation","none","no","SWBD"
"SWBD-239","A2P065E9CYMYJL","think",1,"negation","none","no","SWBD"
"SWBD-239","A3GM78FCDY293T","think",-3,"negation","none","no","SWBD"
"SWBD-239","A10YS8AVLQWUZZ","think",-3,"negation","none","no","SWBD"
"SWBD-239","A2WCXJZEXXR60A","think",-2,"negation","none","no","SWBD"
"SWBD-24","A2AMQX0BQZXG9N","see",3,"modal","AB","yes","SWBD"
"SWBD-24","A1EQ2HDHF2WWSY","see",2,"modal","AB","yes","SWBD"
"SWBD-24","A1945USNZHTROX","see",3,"modal","AB","yes","SWBD"
"SWBD-24","A2DXEPC4QFV4R1","see",3,"modal","AB","yes","SWBD"
"SWBD-24","A36SM7QM8OK3H6","see",3,"modal","AB","yes","SWBD"
"SWBD-24","A110KENBXU7SUJ","see",2,"modal","AB","yes","SWBD"
"SWBD-24","A39GADIK8RLMVC","see",2,"modal","AB","yes","SWBD"
"SWBD-24","A3S300T3IVQ2GC","see",3,"modal","AB","yes","SWBD"
"SWBD-24","AAASQIW3J32OL","see",2,"modal","AB","yes","SWBD"
"SWBD-240","A18LPAFMK1B06K","know",3,"negation","none","yes","SWBD"
"SWBD-240","A110KENBXU7SUJ","know",-3,"negation","none","yes","SWBD"
"SWBD-240","A39GADIK8RLMVC","know",-2,"negation","none","yes","SWBD"
"SWBD-240","A3OXRDSUN9F10I","know",3,"negation","none","yes","SWBD"
"SWBD-240","A1GXFMAC759VRM","know",3,"negation","none","yes","SWBD"
"SWBD-240","A11S43P3WNLIZD","know",0,"negation","none","yes","SWBD"
"SWBD-240","A1945USNZHTROX","know",3,"negation","none","yes","SWBD"
"SWBD-240","A2IKPU88PDQTMF","know",3,"negation","none","yes","SWBD"
"SWBD-240","A239EUWY6SNDEZ","know",3,"negation","none","yes","SWBD"
"SWBD-240","AZGBKAM5JUV5A","know",3,"negation","none","yes","SWBD"
"SWBD-241","A18LPAFMK1B06K","know",-1,"negation","none","yes","SWBD"
"SWBD-241","A3GLMBZSG3VU4P","know",0,"negation","none","yes","SWBD"
"SWBD-241","A110KENBXU7SUJ","know",-1,"negation","none","yes","SWBD"
"SWBD-241","A10ECDDI2BYH3K","know",3,"negation","none","yes","SWBD"
"SWBD-241","ANV8C2DATCAPB","know",2,"negation","none","yes","SWBD"
"SWBD-241","AR1IWBDA7MC86","know",-3,"negation","none","yes","SWBD"
"SWBD-241","A2EOOF9D135HQ1","know",0,"negation","none","yes","SWBD"
"SWBD-241","A3F6SDO4GYBE4Y","know",-1,"negation","none","yes","SWBD"
"SWBD-241","A2WCXJZEXXR60A","know",2,"negation","none","yes","SWBD"
"SWBD-241","A1GXFMAC759VRM","know",1,"negation","none","yes","SWBD"
"SWBD-242","APGX2WZ59OWDN","know",-2,"negation","none","yes","SWBD"
"SWBD-242","A1GXFMAC759VRM","know",-3,"negation","none","yes","SWBD"
"SWBD-242","A110KENBXU7SUJ","know",-2,"negation","none","yes","SWBD"
"SWBD-242","A147F5PJTHOB8A","know",0,"negation","none","yes","SWBD"
"SWBD-242","A2WCXJZEXXR60A","know",-1,"negation","none","yes","SWBD"
"SWBD-242","A3F6SDO4GYBE4Y","know",-1,"negation","none","yes","SWBD"
"SWBD-242","AR1IWBDA7MC86","know",-2,"negation","none","yes","SWBD"
"SWBD-242","A2EOOF9D135HQ1","know",0,"negation","none","yes","SWBD"
"SWBD-243","A39GADIK8RLMVC","know",-3,"negation","none","yes","SWBD"
"SWBD-243","ASI2B6A3Y556Z","know",-2,"negation","none","yes","SWBD"
"SWBD-243","A27SMEOPKV84VI","know",-2,"negation","none","yes","SWBD"
"SWBD-243","A1945USNZHTROX","know",-3,"negation","none","yes","SWBD"
"SWBD-243","A1GXFMAC759VRM","know",-3,"negation","none","yes","SWBD"
"SWBD-243","A2AMQX0BQZXG9N","know",-3,"negation","none","yes","SWBD"
"SWBD-243","A5EU1AQJNC7F2","know",0,"negation","none","yes","SWBD"
"SWBD-243","A18LPAFMK1B06K","know",-1,"negation","none","yes","SWBD"
"SWBD-244","A27SMEOPKV84VI","mean",0,"negation","none","no","SWBD"
"SWBD-244","A23KAJRDVCVGOE","mean",-1,"negation","none","no","SWBD"
"SWBD-244","ANFWGSQ8BQRZ","mean",0,"negation","none","no","SWBD"
"SWBD-244","A1GXFMAC759VRM","mean",-2,"negation","none","no","SWBD"
"SWBD-244","A110KENBXU7SUJ","mean",-1,"negation","none","no","SWBD"
"SWBD-244","A3S300T3IVQ2GC","mean",-1,"negation","none","no","SWBD"
"SWBD-244","A1DABMXVWWL0TR","mean",-2,"negation","none","no","SWBD"
"SWBD-244","APITQRRX2PADB","mean",0,"negation","none","no","SWBD"
"SWBD-245","A39GADIK8RLMVC","know",-2,"negation","none","yes","SWBD"
"SWBD-245","ASI2B6A3Y556Z","know",-2,"negation","none","yes","SWBD"
"SWBD-245","AXJ1PE87PD0KK","know",-2,"negation","none","yes","SWBD"
"SWBD-245","A110KENBXU7SUJ","know",-2,"negation","none","yes","SWBD"
"SWBD-245","A2EOOF9D135HQ1","know",-2,"negation","none","yes","SWBD"
"SWBD-245","A27SMEOPKV84VI","know",-2,"negation","none","yes","SWBD"
"SWBD-245","A1GXFMAC759VRM","know",-2,"negation","none","yes","SWBD"
"SWBD-245","A214HWAW1PYWO8","know",-2,"negation","none","yes","SWBD"
"SWBD-246","A39GADIK8RLMVC","know",-2,"negation","none","yes","SWBD"
"SWBD-246","A27SMEOPKV84VI","know",-2,"negation","none","yes","SWBD"
"SWBD-246","A125KW9P18V5Z1","know",-3,"negation","none","yes","SWBD"
"SWBD-246","A1EQ2HDHF2WWSY","know",-2,"negation","none","yes","SWBD"
"SWBD-246","A1HN4550TIXQBZ","know",3,"negation","none","yes","SWBD"
"SWBD-246","AR1IWBDA7MC86","know",-3,"negation","none","yes","SWBD"
"SWBD-246","A1GXFMAC759VRM","know",-3,"negation","none","yes","SWBD"
"SWBD-246","A1945USNZHTROX","know",-3,"negation","none","yes","SWBD"
"SWBD-246","A2AMQX0BQZXG9N","know",-3,"negation","none","yes","SWBD"
"SWBD-246","A18LPAFMK1B06K","know",-2,"negation","none","yes","SWBD"
"SWBD-246","A1MJVTR0PCKBWW","know",1,"negation","none","yes","SWBD"
"SWBD-247","A39GADIK8RLMVC","know",-2,"negation","none","yes","SWBD"
"SWBD-247","A3U761PEG7MFKT","know",-1,"negation","none","yes","SWBD"
"SWBD-247","A28FMRMS9TMEOZ","know",1,"negation","none","yes","SWBD"
"SWBD-247","A4J4GGMKJ68L0","know",0,"negation","none","yes","SWBD"
"SWBD-247","A1945USNZHTROX","know",3,"negation","none","yes","SWBD"
"SWBD-247","A18LPAFMK1B06K","know",2,"negation","none","yes","SWBD"
"SWBD-247","A1F1OZ54G177D8","know",0,"negation","none","yes","SWBD"
"SWBD-247","A125KW9P18V5Z1","know",0,"negation","none","yes","SWBD"
"SWBD-247","A0017268R9SKD8U2Y3F","know",0,"negation","none","yes","SWBD"
"SWBD-247","A1EQ2HDHF2WWSY","know",2,"negation","none","yes","SWBD"
"SWBD-248","A320QA9HJFUOZO","think",-2,"negation","none","no","SWBD"
"SWBD-248","AEWGY34WUIA32","think",1,"negation","none","no","SWBD"
"SWBD-248","A1GXFMAC759VRM","think",-2,"negation","none","no","SWBD"
"SWBD-248","AAASQIW3J32OL","think",-2,"negation","none","no","SWBD"
"SWBD-248","ALZVG5501Y5IX","think",-3,"negation","none","no","SWBD"
"SWBD-248","A24LC97AU3QC7G","think",-1,"negation","none","no","SWBD"
"SWBD-248","A3GM78FCDY293T","think",-1,"negation","none","no","SWBD"
"SWBD-248","A2MKXI4KCRRI7Y","think",2,"negation","none","no","SWBD"
"SWBD-248","A36SM7QM8OK3H6","think",-2,"negation","none","no","SWBD"
"SWBD-248","A1EQ2HDHF2WWSY","think",-1,"negation","none","no","SWBD"
"SWBD-249","A1GXFMAC759VRM","think",-3,"negation","none","no","SWBD"
"SWBD-249","A1945USNZHTROX","think",-2,"negation","none","no","SWBD"
"SWBD-249","A3GLMBZSG3VU4P","think",-3,"negation","none","no","SWBD"
"SWBD-249","A14WLAP6TCEKO0","think",-3,"negation","none","no","SWBD"
"SWBD-249","A5EU1AQJNC7F2","think",-2,"negation","none","no","SWBD"
"SWBD-249","A16SAB417Y96G4","think",0,"negation","none","no","SWBD"
"SWBD-249","A3LECJA9RVQQKZ","think",-3,"negation","none","no","SWBD"
"SWBD-249","A2AMQX0BQZXG9N","think",-3,"negation","none","no","SWBD"
"SWBD-249","A1EQ2HDHF2WWSY","think",-2,"negation","none","no","SWBD"
"SWBD-249","A18LPAFMK1B06K","think",-2,"negation","none","no","SWBD"
"SWBD-25","APGX2WZ59OWDN","say",2,"modal","AB","no","SWBD"
"SWBD-25","AVJUIF9QHQRY8","say",2,"modal","AB","no","SWBD"
"SWBD-25","A35K3YVCX1LVPE","say",-3,"modal","AB","no","SWBD"
"SWBD-25","A3454T4PU9GJM0","say",2,"modal","AB","no","SWBD"
"SWBD-25","A3T61LJ1WNOL6Z","say",1,"modal","AB","no","SWBD"
"SWBD-25","A2AMQX0BQZXG9N","say",2,"modal","AB","no","SWBD"
"SWBD-25","A1GXFMAC759VRM","say",3,"modal","AB","no","SWBD"
"SWBD-25","A3QNMUHAFAJRQO","say",3,"modal","AB","no","SWBD"
"SWBD-25","A18LPAFMK1B06K","say",2,"modal","AB","no","SWBD"
"SWBD-25","AFN5VMMGYPF1I","say",3,"modal","AB","no","SWBD"
"SWBD-250","A1EQ2HDHF2WWSY","think",-2,"negation","none","no","SWBD"
"SWBD-250","A18LPAFMK1B06K","think",-2,"negation","none","no","SWBD"
"SWBD-250","A110KENBXU7SUJ","think",-3,"negation","none","no","SWBD"
"SWBD-250","A16SAB417Y96G4","think",2,"negation","none","no","SWBD"
"SWBD-250","A3CF8ULBSE8MTL","think",-2,"negation","none","no","SWBD"
"SWBD-250","A3LFVI65XV1T46","think",-2,"negation","none","no","SWBD"
"SWBD-250","A1MJVTR0PCKBWW","think",-2,"negation","none","no","SWBD"
"SWBD-250","A1GXFMAC759VRM","think",-3,"negation","none","no","SWBD"
"SWBD-250","A1L3937MY09J3I","think",-2,"negation","none","no","SWBD"
"SWBD-250","A1945USNZHTROX","think",-3,"negation","none","no","SWBD"
"SWBD-251","A2P065E9CYMYJL","know",-3,"negation","none","yes","SWBD"
"SWBD-251","A28HB7240OFGEW","know",-2,"negation","none","yes","SWBD"
"SWBD-251","A2EOOF9D135HQ1","know",0,"negation","none","yes","SWBD"
"SWBD-251","A1F9KLZGHE9DTA","know",-1,"negation","none","yes","SWBD"
"SWBD-251","A12723JDRPT207","know",1,"negation","none","yes","SWBD"
"SWBD-251","A1GXFMAC759VRM","know",2,"negation","none","yes","SWBD"
"SWBD-251","A2UNSF09FWX9S8","know",0,"negation","none","yes","SWBD"
"SWBD-251","A1KFUXSVGSHL5Z","know",0,"negation","none","yes","SWBD"
"SWBD-251","A2YGAEODJ5SSF6","know",0,"negation","none","yes","SWBD"
"SWBD-251","A110KENBXU7SUJ","know",0,"negation","none","yes","SWBD"
"SWBD-251","AULU4VSUPO1CW","know",1,"negation","none","yes","SWBD"
"SWBD-251","A9HQ3E0F2AGVO","know",2,"negation","none","yes","SWBD"
"SWBD-252","A24LC97AU3QC7G","see",-2,"negation","none","yes","SWBD"
"SWBD-252","AEWGY34WUIA32","see",-2,"negation","none","yes","SWBD"
"SWBD-252","A1GXFMAC759VRM","see",-3,"negation","none","yes","SWBD"
"SWBD-252","A1EQ2HDHF2WWSY","see",-2,"negation","none","yes","SWBD"
"SWBD-252","A3GM78FCDY293T","see",-2,"negation","none","yes","SWBD"
"SWBD-252","AAASQIW3J32OL","see",-3,"negation","none","yes","SWBD"
"SWBD-252","A36SM7QM8OK3H6","see",-2,"negation","none","yes","SWBD"
"SWBD-252","A320QA9HJFUOZO","see",-2,"negation","none","yes","SWBD"
"SWBD-252","ALZVG5501Y5IX","see",-2,"negation","none","yes","SWBD"
"SWBD-252","A2MKXI4KCRRI7Y","see",-3,"negation","none","yes","SWBD"
"SWBD-253","ASI2B6A3Y556Z","know",-2,"negation","none","yes","SWBD"
"SWBD-253","A1MJHGH55K3O0","know",-3,"negation","none","yes","SWBD"
"SWBD-253","APITQRRX2PADB","know",-2,"negation","none","yes","SWBD"
"SWBD-253","A214HWAW1PYWO8","know",-2,"negation","none","yes","SWBD"
"SWBD-253","A110KENBXU7SUJ","know",0,"negation","none","yes","SWBD"
"SWBD-253","A27SMEOPKV84VI","know",-1,"negation","none","yes","SWBD"
"SWBD-253","A24LC97AU3QC7G","know",-1,"negation","none","yes","SWBD"
"SWBD-253","A1MJVTR0PCKBWW","know",0,"negation","none","yes","SWBD"
"SWBD-253","A125KW9P18V5Z1","know",-2,"negation","none","yes","SWBD"
"SWBD-253","A39GADIK8RLMVC","know",-3,"negation","none","yes","SWBD"
"SWBD-254","APITQRRX2PADB","think",-1,"negation","none","no","SWBD"
"SWBD-254","A3S300T3IVQ2GC","think",0,"negation","none","no","SWBD"
"SWBD-254","ANFWGSQ8BQRZ","think",-1,"negation","none","no","SWBD"
"SWBD-254","A27SMEOPKV84VI","think",-2,"negation","none","no","SWBD"
"SWBD-254","A110KENBXU7SUJ","think",-2,"negation","none","no","SWBD"
"SWBD-254","A1GXFMAC759VRM","think",-2,"negation","none","no","SWBD"
"SWBD-254","A1DABMXVWWL0TR","think",-2,"negation","none","no","SWBD"
"SWBD-254","A23KAJRDVCVGOE","think",2,"negation","none","no","SWBD"
"SWBD-255","A3HNEYFOIJWPH1","think",-2,"negation","none","no","SWBD"
"SWBD-255","A1FUR4UJ0S46W6","think",-1,"negation","none","no","SWBD"
"SWBD-255","A1GXFMAC759VRM","think",-2,"negation","none","no","SWBD"
"SWBD-255","A2G0HRT8HS9HRZ","think",-2,"negation","none","no","SWBD"
"SWBD-255","A2A6FH0F7LD9ND","think",-2,"negation","none","no","SWBD"
"SWBD-255","A18LPAFMK1B06K","think",-2,"negation","none","no","SWBD"
"SWBD-255","A1KH1O9AZ7S642","think",-1,"negation","none","no","SWBD"
"SWBD-255","A1MJVTR0PCKBWW","think",0,"negation","none","no","SWBD"
"SWBD-255","A2541C8MY0BYV3","think",-2,"negation","none","no","SWBD"
"SWBD-255","A3QL8ZAD9BKWUF","think",1,"negation","none","no","SWBD"
"SWBD-255","A2IKPU88PDQTMF","think",-2,"negation","none","no","SWBD"
"SWBD-256","ATF7HBD1TFI2U","think",-2,"negation","none","no","SWBD"
"SWBD-256","A1GXFMAC759VRM","think",-3,"negation","none","no","SWBD"
"SWBD-256","A1DABMXVWWL0TR","think",-3,"negation","none","no","SWBD"
"SWBD-256","A18LPAFMK1B06K","think",-2,"negation","none","no","SWBD"
"SWBD-256","A110KENBXU7SUJ","think",-2,"negation","none","no","SWBD"
"SWBD-256","A239EUWY6SNDEZ","think",-3,"negation","none","no","SWBD"
"SWBD-256","A1DS5O8MSI3ZH0","think",-2,"negation","none","no","SWBD"
"SWBD-256","A2IKPU88PDQTMF","think",-2,"negation","none","no","SWBD"
"SWBD-257","A1MJVTR0PCKBWW","know",0,"negation","none","yes","SWBD"
"SWBD-257","AOTCPS24JM5DQ","know",2,"negation","none","yes","SWBD"
"SWBD-257","A16UAN46CNIRHY","know",0,"negation","none","yes","SWBD"
"SWBD-257","A256FHXGSY0E5D","know",-2,"negation","none","yes","SWBD"
"SWBD-257","AJRY9ALX8069Y","know",1,"negation","none","yes","SWBD"
"SWBD-257","A3QNMUHAFAJRQO","know",-2,"negation","none","yes","SWBD"
"SWBD-257","AXKTYKCT9NGHS","know",-1,"negation","none","yes","SWBD"
"SWBD-257","AC5UD8N187QD6","know",-2,"negation","none","yes","SWBD"
"SWBD-257","A360G5G0DVWU7X","know",0,"negation","none","yes","SWBD"
"SWBD-257","A1GXFMAC759VRM","know",3,"negation","none","yes","SWBD"
"SWBD-257","A1RVMADIZE3BXK","know",1,"negation","none","yes","SWBD"
"SWBD-258","AFN5VMMGYPF1I","think",-2,"negation","none","no","SWBD"
"SWBD-258","A2HC9549CZAKNN","think",-2,"negation","none","no","SWBD"
"SWBD-258","A3GLMBZSG3VU4P","think",-3,"negation","none","no","SWBD"
"SWBD-258","A2MGH3MBXMKD96","think",-3,"negation","none","no","SWBD"
"SWBD-258","A3FFZN4FO3Q789","think",-2,"negation","none","no","SWBD"
"SWBD-258","AFUX7IUQOE0NA","think",-3,"negation","none","no","SWBD"
"SWBD-258","A1GXFMAC759VRM","think",-3,"negation","none","no","SWBD"
"SWBD-258","A18LPAFMK1B06K","think",-2,"negation","none","no","SWBD"
"SWBD-259","A1GXFMAC759VRM","bother",2,"negation","none","yes","SWBD"
"SWBD-259","AAASQIW3J32OL","bother",1,"negation","none","yes","SWBD"
"SWBD-259","A3F6SDO4GYBE4Y","bother",-1,"negation","none","yes","SWBD"
"SWBD-259","A2EOOF9D135HQ1","bother",2,"negation","none","yes","SWBD"
"SWBD-259","A2JP9IKRHNLRPI","bother",2,"negation","none","yes","SWBD"
"SWBD-259","A110KENBXU7SUJ","bother",2,"negation","none","yes","SWBD"
"SWBD-259","A1X14SEMW60XVP","bother",1,"negation","none","yes","SWBD"
"SWBD-259","A2IQ0QCTQ3KWLT","bother",1,"negation","none","yes","SWBD"
"SWBD-259","ANV8C2DATCAPB","bother",3,"negation","none","yes","SWBD"
"SWBD-259","A22ON3MIIG0IJA","bother",1,"negation","none","yes","SWBD"
"SWBD-259","A359ETX78LN74M","bother",2,"negation","none","yes","SWBD"
"SWBD-259","A28HB7240OFGEW","bother",2,"negation","none","yes","SWBD"
"SWBD-26","A1GXFMAC759VRM","say",3,"modal","EP","no","SWBD"
"SWBD-26","A36SM7QM8OK3H6","say",3,"modal","EP","no","SWBD"
"SWBD-26","ASI2B6A3Y556Z","say",3,"modal","EP","no","SWBD"
"SWBD-26","A3SX229VS1X6B6","say",2,"modal","EP","no","SWBD"
"SWBD-26","A39GADIK8RLMVC","say",2,"modal","EP","no","SWBD"
"SWBD-26","A2AMQX0BQZXG9N","say",3,"modal","EP","no","SWBD"
"SWBD-26","APGX2WZ59OWDN","say",1,"modal","EP","no","SWBD"
"SWBD-26","APITQRRX2PADB","say",2,"modal","EP","no","SWBD"
"SWBD-260","A1HKCTDOTL6C9I","know",-2,"negation","none","yes","SWBD"
"SWBD-260","A2WCXJZEXXR60A","know",0,"negation","none","yes","SWBD"
"SWBD-260","A2FYQIZWV2UJHS","know",-2,"negation","none","yes","SWBD"
"SWBD-260","APGX2WZ59OWDN","know",0,"negation","none","yes","SWBD"
"SWBD-260","A1MJVTR0PCKBWW","know",-3,"negation","none","yes","SWBD"
"SWBD-260","ATGUAXNWCW8NI","know",-1,"negation","none","yes","SWBD"
"SWBD-260","A1UH396UOK0X9Z","know",0,"negation","none","yes","SWBD"
"SWBD-260","A4IH4CO046EV3","know",-1,"negation","none","yes","SWBD"
"SWBD-260","A39GADIK8RLMVC","know",-3,"negation","none","yes","SWBD"
"SWBD-260","A2GB0RI43KU4Z","know",0,"negation","none","yes","SWBD"
"SWBD-261","A110KENBXU7SUJ","think",-1,"negation","none","no","SWBD"
"SWBD-261","A1IFIK8J49WBER","think",-1,"negation","none","no","SWBD"
"SWBD-261","A18LPAFMK1B06K","think",-2,"negation","none","no","SWBD"
"SWBD-261","AA4KKLIU4C3NY","think",-3,"negation","none","no","SWBD"
"SWBD-261","A2C84POENS2UNY","think",-1,"negation","none","no","SWBD"
"SWBD-261","A1MJVTR0PCKBWW","think",-2,"negation","none","no","SWBD"
"SWBD-261","A1USR9JCAMDGM3","think",-3,"negation","none","no","SWBD"
"SWBD-261","A1GXFMAC759VRM","think",-2,"negation","none","no","SWBD"
"SWBD-261","A1K8QNLYYYX21W","think",-2,"negation","none","no","SWBD"
"SWBD-261","A2DXEPC4QFV4R1","think",-2,"negation","none","no","SWBD"
"SWBD-261","A1KH1O9AZ7S642","think",-1,"negation","none","no","SWBD"
"SWBD-261","A3F6SDO4GYBE4Y","think",-2,"negation","none","no","SWBD"
"SWBD-262","A39GADIK8RLMVC","think",-2,"negation","none","no","SWBD"
"SWBD-262","A2ZV96GRXVSXK4","think",2,"negation","none","no","SWBD"
"SWBD-262","A2IKPU88PDQTMF","think",-1,"negation","none","no","SWBD"
"SWBD-262","A3GLMBZSG3VU4P","think",-2,"negation","none","no","SWBD"
"SWBD-262","A3HNEYFOIJWPH1","think",0,"negation","none","no","SWBD"
"SWBD-262","A36SM7QM8OK3H6","think",-2,"negation","none","no","SWBD"
"SWBD-262","A27SMEOPKV84VI","think",-2,"negation","none","no","SWBD"
"SWBD-262","A110KENBXU7SUJ","think",-2,"negation","none","no","SWBD"
"SWBD-263","A2AMQX0BQZXG9N","think",-3,"negation","none","no","SWBD"
"SWBD-263","ASI2B6A3Y556Z","think",-2,"negation","none","no","SWBD"
"SWBD-263","A110KENBXU7SUJ","think",-1,"negation","none","no","SWBD"
"SWBD-263","A1GXFMAC759VRM","think",-3,"negation","none","no","SWBD"
"SWBD-263","A3S300T3IVQ2GC","think",0,"negation","none","no","SWBD"
"SWBD-263","AS0M9S5W52N4M","think",-2,"negation","none","no","SWBD"
"SWBD-263","A1MJVTR0PCKBWW","think",0,"negation","none","no","SWBD"
"SWBD-263","A28HB7240OFGEW","think",-2,"negation","none","no","SWBD"
"SWBD-263","A36SM7QM8OK3H6","think",-1,"negation","none","no","SWBD"
"SWBD-263","A39GADIK8RLMVC","think",-2,"negation","none","no","SWBD"
"SWBD-263","AW0MG225VXWCN","think",-1,"negation","none","no","SWBD"
"SWBD-264","A1MJVTR0PCKBWW","think",-1,"negation","none","no","SWBD"
"SWBD-264","A1MJHGH55K3O0","think",-3,"negation","none","no","SWBD"
"SWBD-264","APITQRRX2PADB","think",-3,"negation","none","no","SWBD"
"SWBD-264","A2AMQX0BQZXG9N","think",-3,"negation","none","no","SWBD"
"SWBD-264","A3F6SDO4GYBE4Y","think",-1,"negation","none","no","SWBD"
"SWBD-264","A1GXFMAC759VRM","think",-3,"negation","none","no","SWBD"
"SWBD-264","A36SM7QM8OK3H6","think",-3,"negation","none","no","SWBD"
"SWBD-264","A3S300T3IVQ2GC","think",-3,"negation","none","no","SWBD"
"SWBD-264","A2IQ0QCTQ3KWLT","think",-1,"negation","none","no","SWBD"
"SWBD-264","A39GADIK8RLMVC","think",-2,"negation","none","no","SWBD"
"SWBD-265","A1EQ2HDHF2WWSY","realize",2,"negation","none","yes","SWBD"
"SWBD-265","A24LC97AU3QC7G","realize",0,"negation","none","yes","SWBD"
"SWBD-265","A1GXFMAC759VRM","realize",3,"negation","none","yes","SWBD"
"SWBD-265","A3VVR8NR3ED04C","realize",2,"negation","none","yes","SWBD"
"SWBD-265","A10YS8AVLQWUZZ","realize",3,"negation","none","yes","SWBD"
"SWBD-265","AAASQIW3J32OL","realize",2,"negation","none","yes","SWBD"
"SWBD-265","A1MJVTR0PCKBWW","realize",-2,"negation","none","yes","SWBD"
"SWBD-265","A320QA9HJFUOZO","realize",1,"negation","none","yes","SWBD"
"SWBD-265","A2P065E9CYMYJL","realize",-1,"negation","none","yes","SWBD"
"SWBD-265","AC5UD8N187QD6","realize",1,"negation","none","yes","SWBD"
"SWBD-265","A3GM78FCDY293T","realize",1,"negation","none","yes","SWBD"
"SWBD-265","A2WCXJZEXXR60A","realize",2,"negation","none","yes","SWBD"
"SWBD-266","A6B8DOH3KV5SL","know",-1,"negation","none","yes","SWBD"
"SWBD-266","A2P065E9CYMYJL","know",2,"negation","none","yes","SWBD"
"SWBD-266","A2ZRF4I5RTKN7G","know",0,"negation","none","yes","SWBD"
"SWBD-266","A1GXFMAC759VRM","know",-3,"negation","none","yes","SWBD"
"SWBD-266","A2WCXJZEXXR60A","know",0,"negation","none","yes","SWBD"
"SWBD-266","A1IBVWKNX3OKK7","know",0,"negation","none","yes","SWBD"
"SWBD-266","A2EOOF9D135HQ1","know",-2,"negation","none","yes","SWBD"
"SWBD-266","AM8OWAW9TUVLN","know",0,"negation","none","yes","SWBD"
"SWBD-267","A1GXFMAC759VRM","think",-3,"negation","none","no","SWBD"
"SWBD-267","A35K3YVCX1LVPE","think",3,"negation","none","no","SWBD"
"SWBD-267","A18LPAFMK1B06K","think",-3,"negation","none","no","SWBD"
"SWBD-267","A2AMQX0BQZXG9N","think",-3,"negation","none","no","SWBD"
"SWBD-267","A3454T4PU9GJM0","think",-3,"negation","none","no","SWBD"
"SWBD-267","A3QNMUHAFAJRQO","think",2,"negation","none","no","SWBD"
"SWBD-267","AFN5VMMGYPF1I","think",-3,"negation","none","no","SWBD"
"SWBD-267","AVJUIF9QHQRY8","think",-1,"negation","none","no","SWBD"
"SWBD-267","APGX2WZ59OWDN","think",-2,"negation","none","no","SWBD"
"SWBD-267","A3T61LJ1WNOL6Z","think",-3,"negation","none","no","SWBD"
"SWBD-268","A2EOOF9D135HQ1","know",-2,"negation","none","yes","SWBD"
"SWBD-268","APR6H3HAOE9OU","know",-1,"negation","none","yes","SWBD"
"SWBD-268","A2CF2BD4Q0ZDJN","know",-1,"negation","none","yes","SWBD"
"SWBD-268","A147F5PJTHOB8A","know",0,"negation","none","yes","SWBD"
"SWBD-268","A28LARVABNF9BX","know",1,"negation","none","yes","SWBD"
"SWBD-268","A1MJVTR0PCKBWW","know",-1,"negation","none","yes","SWBD"
"SWBD-268","A1GRPIBHW72HDU","know",0,"negation","none","yes","SWBD"
"SWBD-268","AR1IWBDA7MC86","know",-1,"negation","none","yes","SWBD"
"SWBD-268","ATF7HBD1TFI2U","know",0,"negation","none","yes","SWBD"
"SWBD-268","A28HB7240OFGEW","know",-1,"negation","none","yes","SWBD"
"SWBD-269","A1GXFMAC759VRM","think",-3,"negation","none","no","SWBD"
"SWBD-269","A36SM7QM8OK3H6","think",-3,"negation","none","no","SWBD"
"SWBD-269","A2AMQX0BQZXG9N","think",-2,"negation","none","no","SWBD"
"SWBD-269","A3SX229VS1X6B6","think",-2,"negation","none","no","SWBD"
"SWBD-269","ASI2B6A3Y556Z","think",-2,"negation","none","no","SWBD"
"SWBD-269","APGX2WZ59OWDN","think",-1,"negation","none","no","SWBD"
"SWBD-269","APITQRRX2PADB","think",-2,"negation","none","no","SWBD"
"SWBD-269","A39GADIK8RLMVC","think",-2,"negation","none","no","SWBD"
"SWBD-27","A36SM7QM8OK3H6","say",-1,"modal","EP","no","SWBD"
"SWBD-27","A1GXFMAC759VRM","say",1,"modal","EP","no","SWBD"
"SWBD-27","A2RBF3IIJP15IH","say",0,"modal","EP","no","SWBD"
"SWBD-27","AW0MG225VXWCN","say",1,"modal","EP","no","SWBD"
"SWBD-27","A2AMQX0BQZXG9N","say",0,"modal","EP","no","SWBD"
"SWBD-27","A18LPAFMK1B06K","say",0,"modal","EP","no","SWBD"
"SWBD-27","A39GADIK8RLMVC","say",2,"modal","EP","no","SWBD"
"SWBD-27","A3F6SDO4GYBE4Y","say",-1,"modal","EP","no","SWBD"
"SWBD-270","A2B6WQG0A9CKXQ","know",0,"negation","none","yes","SWBD"
"SWBD-270","A110KENBXU7SUJ","know",0,"negation","none","yes","SWBD"
"SWBD-270","AR1IWBDA7MC86","know",0,"negation","none","yes","SWBD"
"SWBD-270","A2EOOF9D135HQ1","know",0,"negation","none","yes","SWBD"
"SWBD-270","A2G7N0X0PNX0EE","know",-1,"negation","none","yes","SWBD"
"SWBD-270","A3TOUB8313BPVS","know",-3,"negation","none","yes","SWBD"
"SWBD-270","APGX2WZ59OWDN","know",-1,"negation","none","yes","SWBD"
"SWBD-270","A05977571SZ38O16ESGP8","know",-3,"negation","none","yes","SWBD"
"SWBD-271","A1HKCTDOTL6C9I","feel",-3,"negation","none","no","SWBD"
"SWBD-271","ASI2B6A3Y556Z","feel",-2,"negation","none","no","SWBD"
"SWBD-271","A3QNMUHAFAJRQO","feel",-3,"negation","none","no","SWBD"
"SWBD-271","AAASQIW3J32OL","feel",-3,"negation","none","no","SWBD"
"SWBD-271","A1UH396UOK0X9Z","feel",-3,"negation","none","no","SWBD"
"SWBD-271","A1L3937MY09J3I","feel",-2,"negation","none","no","SWBD"
"SWBD-271","A1GXFMAC759VRM","feel",-3,"negation","none","no","SWBD"
"SWBD-271","A1MJVTR0PCKBWW","feel",-3,"negation","none","no","SWBD"
"SWBD-271","A233KUL18RUW1N","feel",-2,"negation","none","no","SWBD"
"SWBD-271","A110KENBXU7SUJ","feel",-2,"negation","none","no","SWBD"
"SWBD-272","A1EQ2HDHF2WWSY","see",0,"negation","none","yes","SWBD"
"SWBD-272","A5EU1AQJNC7F2","see",0,"negation","none","yes","SWBD"
"SWBD-272","A2AMQX0BQZXG9N","see",0,"negation","none","yes","SWBD"
"SWBD-272","A1945USNZHTROX","see",-3,"negation","none","yes","SWBD"
"SWBD-272","A14WLAP6TCEKO0","see",-3,"negation","none","yes","SWBD"
"SWBD-272","A16SAB417Y96G4","see",0,"negation","none","yes","SWBD"
"SWBD-272","A3LECJA9RVQQKZ","see",0,"negation","none","yes","SWBD"
"SWBD-272","A3GLMBZSG3VU4P","see",2,"negation","none","yes","SWBD"
"SWBD-272","A18LPAFMK1B06K","see",2,"negation","none","yes","SWBD"
"SWBD-272","A1GXFMAC759VRM","see",0,"negation","none","yes","SWBD"
"SWBD-273","A39GADIK8RLMVC","think",-2,"negation","none","no","SWBD"
"SWBD-273","A3F6SDO4GYBE4Y","think",-1,"negation","none","no","SWBD"
"SWBD-273","A2AMQX0BQZXG9N","think",-3,"negation","none","no","SWBD"
"SWBD-273","AW0MG225VXWCN","think",1,"negation","none","no","SWBD"
"SWBD-273","A36SM7QM8OK3H6","think",-3,"negation","none","no","SWBD"
"SWBD-273","A18LPAFMK1B06K","think",-2,"negation","none","no","SWBD"
"SWBD-273","A2RBF3IIJP15IH","think",-2,"negation","none","no","SWBD"
"SWBD-273","A1GXFMAC759VRM","think",-3,"negation","none","no","SWBD"
"SWBD-274","A258MR1IS96JEP","think",0,"negation","none","no","SWBD"
"SWBD-274","A2R8IV2PWFTY00","think",3,"negation","none","no","SWBD"
"SWBD-274","A2AMQX0BQZXG9N","think",3,"negation","none","no","SWBD"
"SWBD-274","A4IH4CO046EV3","think",1,"negation","none","no","SWBD"
"SWBD-274","ASI2B6A3Y556Z","think",2,"negation","none","no","SWBD"
"SWBD-274","APGX2WZ59OWDN","think",1,"negation","none","no","SWBD"
"SWBD-274","A110KENBXU7SUJ","think",-1,"negation","none","no","SWBD"
"SWBD-274","A1GXFMAC759VRM","think",2,"negation","none","no","SWBD"
"SWBD-274","A3S300T3IVQ2GC","think",0,"negation","none","no","SWBD"
"SWBD-274","AFN5VMMGYPF1I","think",0,"negation","none","no","SWBD"
"SWBD-274","A3Q0XAGQ7TD7MP","think",-1,"negation","none","no","SWBD"
"SWBD-274","A1F9KLZGHE9DTA","think",2,"negation","none","no","SWBD"
"SWBD-275","A3G55NZ2MOUOQK","think",-3,"negation","none","no","SWBD"
"SWBD-275","A05977571SZ38O16ESGP8","think",-3,"negation","none","no","SWBD"
"SWBD-275","AR1IWBDA7MC86","think",-2,"negation","none","no","SWBD"
"SWBD-275","A1GXFMAC759VRM","think",-3,"negation","none","no","SWBD"
"SWBD-275","A24LC97AU3QC7G","think",-3,"negation","none","no","SWBD"
"SWBD-275","APGX2WZ59OWDN","think",-2,"negation","none","no","SWBD"
"SWBD-275","A1MJVTR0PCKBWW","think",-3,"negation","none","no","SWBD"
"SWBD-275","A2EOOF9D135HQ1","think",-1,"negation","none","no","SWBD"
"SWBD-276","A320QA9HJFUOZO","feel",-1,"negation","none","no","SWBD"
"SWBD-276","A2WCXJZEXXR60A","feel",-3,"negation","none","no","SWBD"
"SWBD-276","A18LPAFMK1B06K","feel",-2,"negation","none","no","SWBD"
"SWBD-276","A1GXFMAC759VRM","feel",-3,"negation","none","no","SWBD"
"SWBD-276","A2AMQX0BQZXG9N","feel",-3,"negation","none","no","SWBD"
"SWBD-276","A1EQ2HDHF2WWSY","feel",-3,"negation","none","no","SWBD"
"SWBD-276","A2P065E9CYMYJL","feel",-3,"negation","none","no","SWBD"
"SWBD-276","ASI2B6A3Y556Z","feel",2,"negation","none","no","SWBD"
"SWBD-277","A110KENBXU7SUJ","know",3,"negation","none","yes","SWBD"
"SWBD-277","AVJUIF9QHQRY8","know",3,"negation","none","yes","SWBD"
"SWBD-277","A18LPAFMK1B06K","know",3,"negation","none","yes","SWBD"
"SWBD-277","A159ZKL4AIHIS","know",3,"negation","none","yes","SWBD"
"SWBD-277","A1F9KLZGHE9DTA","know",3,"negation","none","yes","SWBD"
"SWBD-277","A2DXEPC4QFV4R1","know",-2,"negation","none","yes","SWBD"
"SWBD-277","A3454T4PU9GJM0","know",3,"negation","none","yes","SWBD"
"SWBD-277","A39GADIK8RLMVC","know",3,"negation","none","yes","SWBD"
"SWBD-277","AFM6MQ0XZXKQD","know",3,"negation","none","yes","SWBD"
"SWBD-278","A2JP9IKRHNLRPI","think",-2,"negation","none","no","SWBD"
"SWBD-278","A2P065E9CYMYJL","think",0,"negation","none","no","SWBD"
"SWBD-278","A110KENBXU7SUJ","think",-2,"negation","none","no","SWBD"
"SWBD-278","A05977571SZ38O16ESGP8","think",-2,"negation","none","no","SWBD"
"SWBD-278","APGX2WZ59OWDN","think",-2,"negation","none","no","SWBD"
"SWBD-278","A2EOOF9D135HQ1","think",2,"negation","none","no","SWBD"
"SWBD-278","A1GXFMAC759VRM","think",-3,"negation","none","no","SWBD"
"SWBD-278","A2ONILC0LZKG6Y","think",2,"negation","none","no","SWBD"
"SWBD-278","A2WCXJZEXXR60A","think",-2,"negation","none","no","SWBD"
"SWBD-279","A3S300T3IVQ2GC","think",-3,"negation","none","no","SWBD"
"SWBD-279","A2DXEPC4QFV4R1","think",-2,"negation","none","no","SWBD"
"SWBD-279","A1945USNZHTROX","think",3,"negation","none","no","SWBD"
"SWBD-279","A1EQ2HDHF2WWSY","think",0,"negation","none","no","SWBD"
"SWBD-279","A36SM7QM8OK3H6","think",-2,"negation","none","no","SWBD"
"SWBD-279","AAASQIW3J32OL","think",-2,"negation","none","no","SWBD"
"SWBD-279","A2AMQX0BQZXG9N","think",0,"negation","none","no","SWBD"
"SWBD-279","A39GADIK8RLMVC","think",3,"negation","none","no","SWBD"
"SWBD-279","A110KENBXU7SUJ","think",-2,"negation","none","no","SWBD"
"SWBD-28","A36SM7QM8OK3H6","find",0,"modal","EP","yes","SWBD"
"SWBD-28","A3W6T1WDYXMR3","find",0,"modal","EP","yes","SWBD"
"SWBD-28","A2P065E9CYMYJL","find",1,"modal","EP","yes","SWBD"
"SWBD-28","A27SMEOPKV84VI","find",0,"modal","EP","yes","SWBD"
"SWBD-28","A39GADIK8RLMVC","find",2,"modal","EP","yes","SWBD"
"SWBD-28","A1GXFMAC759VRM","find",0,"modal","EP","yes","SWBD"
"SWBD-28","A3VRDQJNM1IC0E","find",1,"modal","EP","yes","SWBD"
"SWBD-28","A2AMQX0BQZXG9N","find",1,"modal","EP","yes","SWBD"
"SWBD-28","A1EQ2HDHF2WWSY","find",1,"modal","EP","yes","SWBD"
"SWBD-280","A1GXFMAC759VRM","think",-2,"negation","none","no","SWBD"
"SWBD-280","A27SMEOPKV84VI","think",-2,"negation","none","no","SWBD"
"SWBD-280","A3S300T3IVQ2GC","think",-2,"negation","none","no","SWBD"
"SWBD-280","A214HWAW1PYWO8","think",-1,"negation","none","no","SWBD"
"SWBD-280","A2IKPU88PDQTMF","think",-2,"negation","none","no","SWBD"
"SWBD-280","A1EQ2HDHF2WWSY","think",-2,"negation","none","no","SWBD"
"SWBD-280","A39GADIK8RLMVC","think",-3,"negation","none","no","SWBD"
"SWBD-280","A2P065E9CYMYJL","think",-1,"negation","none","no","SWBD"
"SWBD-280","A110KENBXU7SUJ","think",-2,"negation","none","no","SWBD"
"SWBD-280","A3R6Y9ECFIJ80U","think",-2,"negation","none","no","SWBD"
"SWBD-280","A1MJVTR0PCKBWW","think",1,"negation","none","no","SWBD"
"SWBD-281","A28HB7240OFGEW","know",3,"negation","none","yes","SWBD"
"SWBD-281","A1PZ1YZAQEXRSQ","know",1,"negation","none","yes","SWBD"
"SWBD-281","A05977571SZ38O16ESGP8","know",-3,"negation","none","yes","SWBD"
"SWBD-281","A1945USNZHTROX","know",3,"negation","none","yes","SWBD"
"SWBD-281","A18LPAFMK1B06K","know",3,"negation","none","yes","SWBD"
"SWBD-281","A3O7X46E3REM7I","know",3,"negation","none","yes","SWBD"
"SWBD-281","A3F6SDO4GYBE4Y","know",-1,"negation","none","yes","SWBD"
"SWBD-281","A10YS8AVLQWUZZ","know",-3,"negation","none","yes","SWBD"
"SWBD-281","A110KENBXU7SUJ","know",2,"negation","none","yes","SWBD"
"SWBD-282","A2P065E9CYMYJL","think",-1,"negation","none","no","SWBD"
"SWBD-282","A3W6T1WDYXMR3","think",-2,"negation","none","no","SWBD"
"SWBD-282","A2AMQX0BQZXG9N","think",-3,"negation","none","no","SWBD"
"SWBD-282","A3VRDQJNM1IC0E","think",0,"negation","none","no","SWBD"
"SWBD-282","A39GADIK8RLMVC","think",-2,"negation","none","no","SWBD"
"SWBD-282","A1GXFMAC759VRM","think",-3,"negation","none","no","SWBD"
"SWBD-282","A1EQ2HDHF2WWSY","think",-3,"negation","none","no","SWBD"
"SWBD-282","A27SMEOPKV84VI","think",-3,"negation","none","no","SWBD"
"SWBD-282","A36SM7QM8OK3H6","think",-2,"negation","none","no","SWBD"
"SWBD-283","A110KENBXU7SUJ","think",-2,"negation","none","no","SWBD"
"SWBD-283","A1GXFMAC759VRM","think",-3,"negation","none","no","SWBD"
"SWBD-283","A39GADIK8RLMVC","think",-2,"negation","none","no","SWBD"
"SWBD-283","A18LPAFMK1B06K","think",-2,"negation","none","no","SWBD"
"SWBD-283","ABL3H3O3BI8ZD","think",-1,"negation","none","no","SWBD"
"SWBD-283","A3S300T3IVQ2GC","think",-3,"negation","none","no","SWBD"
"SWBD-283","A2P065E9CYMYJL","think",-1,"negation","none","no","SWBD"
"SWBD-283","A36SM7QM8OK3H6","think",-2,"negation","none","no","SWBD"
"SWBD-283","A1945USNZHTROX","think",-3,"negation","none","no","SWBD"
"SWBD-283","AW0MG225VXWCN","think",-2,"negation","none","no","SWBD"
"SWBD-284","A22ON3MIIG0IJA","know",3,"negation","none","yes","SWBD"
"SWBD-284","A2IQ0QCTQ3KWLT","know",1,"negation","none","yes","SWBD"
"SWBD-284","A2EOOF9D135HQ1","know",2,"negation","none","yes","SWBD"
"SWBD-284","ANV8C2DATCAPB","know",3,"negation","none","yes","SWBD"
"SWBD-284","A1GXFMAC759VRM","know",3,"negation","none","yes","SWBD"
"SWBD-284","A28HB7240OFGEW","know",3,"negation","none","yes","SWBD"
"SWBD-284","A3F6SDO4GYBE4Y","know",-1,"negation","none","yes","SWBD"
"SWBD-284","A1X14SEMW60XVP","know",2,"negation","none","yes","SWBD"
"SWBD-284","A359ETX78LN74M","know",3,"negation","none","yes","SWBD"
"SWBD-284","A2JP9IKRHNLRPI","know",2,"negation","none","yes","SWBD"
"SWBD-284","AAASQIW3J32OL","know",3,"negation","none","yes","SWBD"
"SWBD-284","A110KENBXU7SUJ","know",-1,"negation","none","yes","SWBD"
"SWBD-285","A3GLMBZSG3VU4P","think",-3,"negation","none","no","SWBD"
"SWBD-285","A24LC97AU3QC7G","think",0,"negation","none","no","SWBD"
"SWBD-285","A110KENBXU7SUJ","think",-2,"negation","none","no","SWBD"
"SWBD-285","AAASQIW3J32OL","think",-1,"negation","none","no","SWBD"
"SWBD-285","A1EQ2HDHF2WWSY","think",-2,"negation","none","no","SWBD"
"SWBD-285","A3F6SDO4GYBE4Y","think",-1,"negation","none","no","SWBD"
"SWBD-285","A1MJHGH55K3O0","think",-3,"negation","none","no","SWBD"
"SWBD-285","A1GXFMAC759VRM","think",-3,"negation","none","no","SWBD"
"SWBD-285","A1DABMXVWWL0TR","think",1,"negation","none","no","SWBD"
"SWBD-285","A27SMEOPKV84VI","think",-1,"negation","none","no","SWBD"
"SWBD-286","AZGBKAM5JUV5A","think",0,"negation","none","no","SWBD"
"SWBD-286","A110KENBXU7SUJ","think",-2,"negation","none","no","SWBD"
"SWBD-286","A39GADIK8RLMVC","think",-2,"negation","none","no","SWBD"
"SWBD-286","A3OXRDSUN9F10I","think",-1,"negation","none","no","SWBD"
"SWBD-286","A18LPAFMK1B06K","think",-2,"negation","none","no","SWBD"
"SWBD-286","A1945USNZHTROX","think",3,"negation","none","no","SWBD"
"SWBD-286","A239EUWY6SNDEZ","think",2,"negation","none","no","SWBD"
"SWBD-286","A1GXFMAC759VRM","think",-1,"negation","none","no","SWBD"
"SWBD-286","A11S43P3WNLIZD","think",1,"negation","none","no","SWBD"
"SWBD-286","A2IKPU88PDQTMF","think",-2,"negation","none","no","SWBD"
"SWBD-287","A3F6SDO4GYBE4Y","think",-2,"negation","none","no","SWBD"
"SWBD-287","A2WCXJZEXXR60A","think",-2,"negation","none","no","SWBD"
"SWBD-287","A110KENBXU7SUJ","think",-2,"negation","none","no","SWBD"
"SWBD-287","ANV8C2DATCAPB","think",-3,"negation","none","no","SWBD"
"SWBD-287","A18LPAFMK1B06K","think",-2,"negation","none","no","SWBD"
"SWBD-287","A1GXFMAC759VRM","think",-3,"negation","none","no","SWBD"
"SWBD-287","AR1IWBDA7MC86","think",-2,"negation","none","no","SWBD"
"SWBD-287","A10ECDDI2BYH3K","think",1,"negation","none","no","SWBD"
"SWBD-287","A3GLMBZSG3VU4P","think",-2,"negation","none","no","SWBD"
"SWBD-287","A2EOOF9D135HQ1","think",0,"negation","none","no","SWBD"
"SWBD-288","A147F5PJTHOB8A","think",-1,"negation","none","no","SWBD"
"SWBD-288","APGX2WZ59OWDN","think",-2,"negation","none","no","SWBD"
"SWBD-288","A2WCXJZEXXR60A","think",-2,"negation","none","no","SWBD"
"SWBD-288","A3F6SDO4GYBE4Y","think",-1,"negation","none","no","SWBD"
"SWBD-288","A2EOOF9D135HQ1","think",2,"negation","none","no","SWBD"
"SWBD-288","AR1IWBDA7MC86","think",-1,"negation","none","no","SWBD"
"SWBD-288","A110KENBXU7SUJ","think",-1,"negation","none","no","SWBD"
"SWBD-288","A1GXFMAC759VRM","think",-3,"negation","none","no","SWBD"
"SWBD-289","A1GXFMAC759VRM","think",-3,"negation","none","no","SWBD"
"SWBD-289","A18LPAFMK1B06K","think",-2,"negation","none","no","SWBD"
"SWBD-289","A2AMQX0BQZXG9N","think",-3,"negation","none","no","SWBD"
"SWBD-289","A27SMEOPKV84VI","think",-2,"negation","none","no","SWBD"
"SWBD-289","ASI2B6A3Y556Z","think",-2,"negation","none","no","SWBD"
"SWBD-289","A5EU1AQJNC7F2","think",-2,"negation","none","no","SWBD"
"SWBD-289","A39GADIK8RLMVC","think",-2,"negation","none","no","SWBD"
"SWBD-289","A1945USNZHTROX","think",-3,"negation","none","no","SWBD"
"SWBD-29","A2WCXJZEXXR60A","think",-1,"modal","EP","no","SWBD"
"SWBD-29","APGX2WZ59OWDN","think",1,"modal","EP","no","SWBD"
"SWBD-29","A1GXFMAC759VRM","think",0,"modal","EP","no","SWBD"
"SWBD-29","A2EOOF9D135HQ1","think",0,"modal","EP","no","SWBD"
"SWBD-29","AR1IWBDA7MC86","think",0,"modal","EP","no","SWBD"
"SWBD-29","A147F5PJTHOB8A","think",1,"modal","EP","no","SWBD"
"SWBD-29","A110KENBXU7SUJ","think",0,"modal","EP","no","SWBD"
"SWBD-29","A3F6SDO4GYBE4Y","think",-1,"modal","EP","no","SWBD"
"SWBD-290","A2EOOF9D135HQ1","think",-2,"negation","none","no","SWBD"
"SWBD-290","A1GXFMAC759VRM","think",-3,"negation","none","no","SWBD"
"SWBD-290","ASI2B6A3Y556Z","think",-2,"negation","none","no","SWBD"
"SWBD-290","A39GADIK8RLMVC","think",-3,"negation","none","no","SWBD"
"SWBD-290","AXJ1PE87PD0KK","think",-1,"negation","none","no","SWBD"
"SWBD-290","A110KENBXU7SUJ","think",-2,"negation","none","no","SWBD"
"SWBD-290","A27SMEOPKV84VI","think",-1,"negation","none","no","SWBD"
"SWBD-290","A214HWAW1PYWO8","think",-2,"negation","none","no","SWBD"
"SWBD-291","A125KW9P18V5Z1","think",-2,"negation","none","no","SWBD"
"SWBD-291","A1EQ2HDHF2WWSY","think",-2,"negation","none","no","SWBD"
"SWBD-291","A2AMQX0BQZXG9N","think",-2,"negation","none","no","SWBD"
"SWBD-291","A18LPAFMK1B06K","think",-1,"negation","none","no","SWBD"
"SWBD-291","AR1IWBDA7MC86","think",2,"negation","none","no","SWBD"
"SWBD-291","A1945USNZHTROX","think",-3,"negation","none","no","SWBD"
"SWBD-291","A1GXFMAC759VRM","think",-2,"negation","none","no","SWBD"
"SWBD-291","A27SMEOPKV84VI","think",0,"negation","none","no","SWBD"
"SWBD-291","A1HN4550TIXQBZ","think",3,"negation","none","no","SWBD"
"SWBD-291","A1MJVTR0PCKBWW","think",-2,"negation","none","no","SWBD"
"SWBD-291","A39GADIK8RLMVC","think",-2,"negation","none","no","SWBD"
"SWBD-292","A0017268R9SKD8U2Y3F","think",0,"negation","none","no","SWBD"
"SWBD-292","A1945USNZHTROX","think",-1,"negation","none","no","SWBD"
"SWBD-292","A1F1OZ54G177D8","think",-2,"negation","none","no","SWBD"
"SWBD-292","A1EQ2HDHF2WWSY","think",-2,"negation","none","no","SWBD"
"SWBD-292","A39GADIK8RLMVC","think",-2,"negation","none","no","SWBD"
"SWBD-292","A125KW9P18V5Z1","think",-2,"negation","none","no","SWBD"
"SWBD-292","A18LPAFMK1B06K","think",-2,"negation","none","no","SWBD"
"SWBD-292","A3U761PEG7MFKT","think",-2,"negation","none","no","SWBD"
"SWBD-292","A28FMRMS9TMEOZ","think",0,"negation","none","no","SWBD"
"SWBD-292","A4J4GGMKJ68L0","think",-2,"negation","none","no","SWBD"
"SWBD-293","A9HQ3E0F2AGVO","think",2,"negation","none","no","SWBD"
"SWBD-293","A1F9KLZGHE9DTA","think",2,"negation","none","no","SWBD"
"SWBD-293","A28HB7240OFGEW","think",-2,"negation","none","no","SWBD"
"SWBD-293","A12723JDRPT207","think",2,"negation","none","no","SWBD"
"SWBD-293","A2EOOF9D135HQ1","think",2,"negation","none","no","SWBD"
"SWBD-293","A1GXFMAC759VRM","think",-3,"negation","none","no","SWBD"
"SWBD-293","AULU4VSUPO1CW","think",1,"negation","none","no","SWBD"
"SWBD-293","A110KENBXU7SUJ","think",2,"negation","none","no","SWBD"
"SWBD-293","A1KFUXSVGSHL5Z","think",2,"negation","none","no","SWBD"
"SWBD-293","A2UNSF09FWX9S8","think",0,"negation","none","no","SWBD"
"SWBD-293","A2P065E9CYMYJL","think",1,"negation","none","no","SWBD"
"SWBD-293","A2YGAEODJ5SSF6","think",3,"negation","none","no","SWBD"
"SWBD-294","A36SM7QM8OK3H6","know",3,"negation","none","yes","SWBD"
"SWBD-294","AR1IWBDA7MC86","know",0,"negation","none","yes","SWBD"
"SWBD-294","A3VVR8NR3ED04C","know",3,"negation","none","yes","SWBD"
"SWBD-294","A2WCXJZEXXR60A","know",2,"negation","none","yes","SWBD"
"SWBD-294","A214HWAW1PYWO8","know",3,"negation","none","yes","SWBD"
"SWBD-294","A1EQ2HDHF2WWSY","know",-1,"negation","none","yes","SWBD"
"SWBD-294","A18LPAFMK1B06K","know",2,"negation","none","yes","SWBD"
"SWBD-294","A1GXFMAC759VRM","know",2,"negation","none","yes","SWBD"
"SWBD-294","A320QA9HJFUOZO","know",1,"negation","none","yes","SWBD"
"SWBD-295","A3VVR8NR3ED04C","feel",-2,"negation","none","no","SWBD"
"SWBD-295","AAASQIW3J32OL","feel",-2,"negation","none","no","SWBD"
"SWBD-295","A1GXFMAC759VRM","feel",-3,"negation","none","no","SWBD"
"SWBD-295","A1EQ2HDHF2WWSY","feel",-1,"negation","none","no","SWBD"
"SWBD-295","A2WCXJZEXXR60A","feel",-2,"negation","none","no","SWBD"
"SWBD-295","AC5UD8N187QD6","feel",-2,"negation","none","no","SWBD"
"SWBD-295","A1MJVTR0PCKBWW","feel",-2,"negation","none","no","SWBD"
"SWBD-295","A3GM78FCDY293T","feel",-2,"negation","none","no","SWBD"
"SWBD-295","A24LC97AU3QC7G","feel",-2,"negation","none","no","SWBD"
"SWBD-295","A10YS8AVLQWUZZ","feel",-2,"negation","none","no","SWBD"
"SWBD-295","A320QA9HJFUOZO","feel",-2,"negation","none","no","SWBD"
"SWBD-295","A2P065E9CYMYJL","feel",-2,"negation","none","no","SWBD"
"SWBD-296","A1GXFMAC759VRM","feel",-3,"negation","none","no","SWBD"
"SWBD-296","AEWGY34WUIA32","feel",-1,"negation","none","no","SWBD"
"SWBD-296","A3GM78FCDY293T","feel",-2,"negation","none","no","SWBD"
"SWBD-296","A320QA9HJFUOZO","feel",-1,"negation","none","no","SWBD"
"SWBD-296","ALZVG5501Y5IX","feel",-2,"negation","none","no","SWBD"
"SWBD-296","AAASQIW3J32OL","feel",-3,"negation","none","no","SWBD"
"SWBD-296","A2MKXI4KCRRI7Y","feel",2,"negation","none","no","SWBD"
"SWBD-296","A1EQ2HDHF2WWSY","feel",-1,"negation","none","no","SWBD"
"SWBD-296","A36SM7QM8OK3H6","feel",-2,"negation","none","no","SWBD"
"SWBD-296","A24LC97AU3QC7G","feel",-2,"negation","none","no","SWBD"
"SWBD-297","APITQRRX2PADB","think",-2,"negation","none","no","SWBD"
"SWBD-297","A214HWAW1PYWO8","think",-3,"negation","none","no","SWBD"
"SWBD-297","A1MJVTR0PCKBWW","think",-3,"negation","none","no","SWBD"
"SWBD-297","A1MJHGH55K3O0","think",-3,"negation","none","no","SWBD"
"SWBD-297","A27SMEOPKV84VI","think",-1,"negation","none","no","SWBD"
"SWBD-297","A39GADIK8RLMVC","think",-3,"negation","none","no","SWBD"
"SWBD-297","A110KENBXU7SUJ","think",-2,"negation","none","no","SWBD"
"SWBD-297","ASI2B6A3Y556Z","think",-2,"negation","none","no","SWBD"
"SWBD-297","A24LC97AU3QC7G","think",-2,"negation","none","no","SWBD"
"SWBD-297","A125KW9P18V5Z1","think",-3,"negation","none","no","SWBD"
"SWBD-298","A1MJVTR0PCKBWW","think",0,"negation","none","no","SWBD"
"SWBD-298","A1RVMADIZE3BXK","think",-2,"negation","none","no","SWBD"
"SWBD-298","A360G5G0DVWU7X","think",-2,"negation","none","no","SWBD"
"SWBD-298","A16UAN46CNIRHY","think",2,"negation","none","no","SWBD"
"SWBD-298","AJRY9ALX8069Y","think",2,"negation","none","no","SWBD"
"SWBD-298","A1GXFMAC759VRM","think",-3,"negation","none","no","SWBD"
"SWBD-298","AOTCPS24JM5DQ","think",-1,"negation","none","no","SWBD"
"SWBD-298","A256FHXGSY0E5D","think",-3,"negation","none","no","SWBD"
"SWBD-298","AXKTYKCT9NGHS","think",-2,"negation","none","no","SWBD"
"SWBD-298","AC5UD8N187QD6","think",-2,"negation","none","no","SWBD"
"SWBD-298","A3QNMUHAFAJRQO","think",-2,"negation","none","no","SWBD"
"SWBD-299","A2WCXJZEXXR60A","think",-2,"negation","none","no","SWBD"
"SWBD-299","ATGUAXNWCW8NI","think",-2,"negation","none","no","SWBD"
"SWBD-299","A2GB0RI43KU4Z","think",-1,"negation","none","no","SWBD"
"SWBD-299","A1MJVTR0PCKBWW","think",2,"negation","none","no","SWBD"
"SWBD-299","A1HKCTDOTL6C9I","think",-2,"negation","none","no","SWBD"
"SWBD-299","A1UH396UOK0X9Z","think",1,"negation","none","no","SWBD"
"SWBD-299","A39GADIK8RLMVC","think",-2,"negation","none","no","SWBD"
"SWBD-299","APGX2WZ59OWDN","think",-2,"negation","none","no","SWBD"
"SWBD-299","A4IH4CO046EV3","think",-1,"negation","none","no","SWBD"
"SWBD-299","A2FYQIZWV2UJHS","think",-3,"negation","none","no","SWBD"
"SWBD-3","A1EQ2HDHF2WWSY","think",1,"conditional","none","no","SWBD"
"SWBD-3","A3S300T3IVQ2GC","think",-3,"conditional","none","no","SWBD"
"SWBD-3","A2DXEPC4QFV4R1","think",2,"conditional","none","no","SWBD"
"SWBD-3","A1945USNZHTROX","think",3,"conditional","none","no","SWBD"
"SWBD-3","A18LPAFMK1B06K","think",2,"conditional","none","no","SWBD"
"SWBD-3","A2EOOF9D135HQ1","think",-2,"conditional","none","no","SWBD"
"SWBD-3","A39GADIK8RLMVC","think",0,"conditional","none","no","SWBD"
"SWBD-3","A1GXFMAC759VRM","think",-3,"conditional","none","no","SWBD"
"SWBD-30","A18LPAFMK1B06K","think",2,"modal","EP","no","SWBD"
"SWBD-30","ASI2B6A3Y556Z","think",2,"modal","EP","no","SWBD"
"SWBD-30","A27SMEOPKV84VI","think",3,"modal","EP","no","SWBD"
"SWBD-30","A1GXFMAC759VRM","think",3,"modal","EP","no","SWBD"
"SWBD-30","A5EU1AQJNC7F2","think",3,"modal","EP","no","SWBD"
"SWBD-30","A2AMQX0BQZXG9N","think",2,"modal","EP","no","SWBD"
"SWBD-30","A1945USNZHTROX","think",3,"modal","EP","no","SWBD"
"SWBD-30","A39GADIK8RLMVC","think",3,"modal","EP","no","SWBD"
"SWBD-300","AM8OWAW9TUVLN","think",2,"negation","none","no","SWBD"
"SWBD-300","A1GXFMAC759VRM","think",-3,"negation","none","no","SWBD"
"SWBD-300","A2EOOF9D135HQ1","think",0,"negation","none","no","SWBD"
"SWBD-300","A2P065E9CYMYJL","think",-1,"negation","none","no","SWBD"
"SWBD-300","A2ZRF4I5RTKN7G","think",-2,"negation","none","no","SWBD"
"SWBD-300","A6B8DOH3KV5SL","think",-2,"negation","none","no","SWBD"
"SWBD-300","A1IBVWKNX3OKK7","think",3,"negation","none","no","SWBD"
"SWBD-300","A2WCXJZEXXR60A","think",-2,"negation","none","no","SWBD"
"SWBD-301","APR6H3HAOE9OU","think",-2,"negation","none","no","SWBD"
"SWBD-301","A28LARVABNF9BX","think",-3,"negation","none","no","SWBD"
"SWBD-301","A147F5PJTHOB8A","think",0,"negation","none","no","SWBD"
"SWBD-301","A1GRPIBHW72HDU","think",-3,"negation","none","no","SWBD"
"SWBD-301","A28HB7240OFGEW","think",-2,"negation","none","no","SWBD"
"SWBD-301","ATF7HBD1TFI2U","think",-3,"negation","none","no","SWBD"
"SWBD-301","A1MJVTR0PCKBWW","think",-2,"negation","none","no","SWBD"
"SWBD-301","A2EOOF9D135HQ1","think",-2,"negation","none","no","SWBD"
"SWBD-301","A2CF2BD4Q0ZDJN","think",-2,"negation","none","no","SWBD"
"SWBD-301","AR1IWBDA7MC86","think",-1,"negation","none","no","SWBD"
"SWBD-302","A321YWMP74ULKH","know",-1,"negation","none","yes","SWBD"
"SWBD-302","A10YS8AVLQWUZZ","know",0,"negation","none","yes","SWBD"
"SWBD-302","A3GLMBZSG3VU4P","know",0,"negation","none","yes","SWBD"
"SWBD-302","A1EQ2HDHF2WWSY","know",-1,"negation","none","yes","SWBD"
"SWBD-302","APGX2WZ59OWDN","know",0,"negation","none","yes","SWBD"
"SWBD-302","A3U761PEG7MFKT","know",-3,"negation","none","yes","SWBD"
"SWBD-302","A2EOOF9D135HQ1","know",-1,"negation","none","yes","SWBD"
"SWBD-302","A39GADIK8RLMVC","know",-2,"negation","none","yes","SWBD"
"SWBD-303","A1GXFMAC759VRM","realize",1,"negation","none","yes","SWBD"
"SWBD-303","A3GM78FCDY293T","realize",1,"negation","none","yes","SWBD"
"SWBD-303","A2MKXI4KCRRI7Y","realize",3,"negation","none","yes","SWBD"
"SWBD-303","A1EQ2HDHF2WWSY","realize",1,"negation","none","yes","SWBD"
"SWBD-303","A320QA9HJFUOZO","realize",-2,"negation","none","yes","SWBD"
"SWBD-303","AAASQIW3J32OL","realize",3,"negation","none","yes","SWBD"
"SWBD-303","A24LC97AU3QC7G","realize",2,"negation","none","yes","SWBD"
"SWBD-303","AEWGY34WUIA32","realize",2,"negation","none","yes","SWBD"
"SWBD-303","ALZVG5501Y5IX","realize",2,"negation","none","yes","SWBD"
"SWBD-303","A36SM7QM8OK3H6","realize",-3,"negation","none","yes","SWBD"
"SWBD-304","A1F9KLZGHE9DTA","know",-2,"negation","none","yes","SWBD"
"SWBD-304","AFU00NU09CFXE","know",-1,"negation","none","yes","SWBD"
"SWBD-304","A1MJVTR0PCKBWW","know",0,"negation","none","yes","SWBD"
"SWBD-304","A2WCXJZEXXR60A","know",0,"negation","none","yes","SWBD"
"SWBD-304","A2JP9IKRHNLRPI","know",0,"negation","none","yes","SWBD"
"SWBD-304","ASI2B6A3Y556Z","know",-1,"negation","none","yes","SWBD"
"SWBD-304","A5EU1AQJNC7F2","know",0,"negation","none","yes","SWBD"
"SWBD-304","AAASQIW3J32OL","know",-2,"negation","none","yes","SWBD"
"SWBD-304","APGX2WZ59OWDN","know",0,"negation","none","yes","SWBD"
"SWBD-304","AFN5VMMGYPF1I","know",0,"negation","none","yes","SWBD"
"SWBD-304","A1GXFMAC759VRM","know",-2,"negation","none","yes","SWBD"
"SWBD-305","A2G7N0X0PNX0EE","think",-2,"negation","none","no","SWBD"
"SWBD-305","A05977571SZ38O16ESGP8","think",-3,"negation","none","no","SWBD"
"SWBD-305","A110KENBXU7SUJ","think",-2,"negation","none","no","SWBD"
"SWBD-305","A2EOOF9D135HQ1","think",-2,"negation","none","no","SWBD"
"SWBD-305","APGX2WZ59OWDN","think",-2,"negation","none","no","SWBD"
"SWBD-305","AR1IWBDA7MC86","think",-1,"negation","none","no","SWBD"
"SWBD-305","A3TOUB8313BPVS","think",-1,"negation","none","no","SWBD"
"SWBD-305","A2B6WQG0A9CKXQ","think",-1,"negation","none","no","SWBD"
"SWBD-306","A18LPAFMK1B06K","think",-2,"negation","none","no","SWBD"
"SWBD-306","AFM6MQ0XZXKQD","think",1,"negation","none","no","SWBD"
"SWBD-306","A110KENBXU7SUJ","think",-2,"negation","none","no","SWBD"
"SWBD-306","A39GADIK8RLMVC","think",-3,"negation","none","no","SWBD"
"SWBD-306","A2DXEPC4QFV4R1","think",-2,"negation","none","no","SWBD"
"SWBD-306","A3454T4PU9GJM0","think",-1,"negation","none","no","SWBD"
"SWBD-306","AVJUIF9QHQRY8","think",-2,"negation","none","no","SWBD"
"SWBD-306","A159ZKL4AIHIS","think",-1,"negation","none","no","SWBD"
"SWBD-306","A1F9KLZGHE9DTA","think",-2,"negation","none","no","SWBD"
"SWBD-307","A18LPAFMK1B06K","think",-2,"negation","none","no","SWBD"
"SWBD-307","A3F6SDO4GYBE4Y","think",-2,"negation","none","no","SWBD"
"SWBD-307","A110KENBXU7SUJ","think",3,"negation","none","no","SWBD"
"SWBD-307","A05977571SZ38O16ESGP8","think",2,"negation","none","no","SWBD"
"SWBD-307","A1945USNZHTROX","think",3,"negation","none","no","SWBD"
"SWBD-307","A28HB7240OFGEW","think",-2,"negation","none","no","SWBD"
"SWBD-307","A10YS8AVLQWUZZ","think",2,"negation","none","no","SWBD"
"SWBD-307","A3O7X46E3REM7I","think",-1,"negation","none","no","SWBD"
"SWBD-307","A1PZ1YZAQEXRSQ","think",0,"negation","none","no","SWBD"
"SWBD-308","A1GXFMAC759VRM","recognize",3,"negation","none","yes","SWBD"
"SWBD-308","A2MGH3MBXMKD96","recognize",2,"negation","none","yes","SWBD"
"SWBD-308","A3FFZN4FO3Q789","recognize",-2,"negation","none","yes","SWBD"
"SWBD-308","A3GLMBZSG3VU4P","recognize",2,"negation","none","yes","SWBD"
"SWBD-308","A2HC9549CZAKNN","recognize",3,"negation","none","yes","SWBD"
"SWBD-308","A18LPAFMK1B06K","recognize",1,"negation","none","yes","SWBD"
"SWBD-308","AFUX7IUQOE0NA","recognize",2,"negation","none","yes","SWBD"
"SWBD-308","AFN5VMMGYPF1I","recognize",2,"negation","none","yes","SWBD"
"SWBD-309","A16SAB417Y96G4","know",-2,"negation","none","yes","SWBD"
"SWBD-309","A110KENBXU7SUJ","know",-1,"negation","none","yes","SWBD"
"SWBD-309","A1GXFMAC759VRM","know",0,"negation","none","yes","SWBD"
"SWBD-309","A18LPAFMK1B06K","know",-2,"negation","none","yes","SWBD"
"SWBD-309","A2CJYS92WX7HN6","know",0,"negation","none","yes","SWBD"
"SWBD-309","A3IJTM1XM7FE15","know",-2,"negation","none","yes","SWBD"
"SWBD-309","A38DXFI1TZA295","know",-3,"negation","none","yes","SWBD"
"SWBD-309","AIXIAGX87039O","know",-3,"negation","none","yes","SWBD"
"SWBD-309","A1945USNZHTROX","know",-3,"negation","none","yes","SWBD"
"SWBD-31","A3F6SDO4GYBE4Y","tell",3,"modal","AB","no","SWBD"
"SWBD-31","A110KENBXU7SUJ","tell",2,"modal","AB","no","SWBD"
"SWBD-31","A1EQ2HDHF2WWSY","tell",2,"modal","AB","no","SWBD"
"SWBD-31","A24LC97AU3QC7G","tell",2,"modal","AB","no","SWBD"
"SWBD-31","A1MJHGH55K3O0","tell",3,"modal","AB","no","SWBD"
"SWBD-31","AAASQIW3J32OL","tell",3,"modal","AB","no","SWBD"
"SWBD-31","A1DABMXVWWL0TR","tell",3,"modal","AB","no","SWBD"
"SWBD-31","A1GXFMAC759VRM","tell",3,"modal","AB","no","SWBD"
"SWBD-31","A3GLMBZSG3VU4P","tell",3,"modal","AB","no","SWBD"
"SWBD-31","A27SMEOPKV84VI","tell",3,"modal","AB","no","SWBD"
"SWBD-310","A110KENBXU7SUJ","think",-3,"negation","none","no","SWBD"
"SWBD-310","A1X14SEMW60XVP","think",-2,"negation","none","no","SWBD"
"SWBD-310","A2IQ0QCTQ3KWLT","think",1,"negation","none","no","SWBD"
"SWBD-310","ANV8C2DATCAPB","think",3,"negation","none","no","SWBD"
"SWBD-310","A359ETX78LN74M","think",-2,"negation","none","no","SWBD"
"SWBD-310","A22ON3MIIG0IJA","think",3,"negation","none","no","SWBD"
"SWBD-310","A1GXFMAC759VRM","think",-3,"negation","none","no","SWBD"
"SWBD-310","AAASQIW3J32OL","think",-3,"negation","none","no","SWBD"
"SWBD-310","A3F6SDO4GYBE4Y","think",-1,"negation","none","no","SWBD"
"SWBD-310","A28HB7240OFGEW","think",-2,"negation","none","no","SWBD"
"SWBD-310","A2JP9IKRHNLRPI","think",-3,"negation","none","no","SWBD"
"SWBD-310","A2EOOF9D135HQ1","think",-2,"negation","none","no","SWBD"
"SWBD-311","A1GXFMAC759VRM","think",-3,"negation","none","no","SWBD"
"SWBD-311","A2WCXJZEXXR60A","think",-2,"negation","none","no","SWBD"
"SWBD-311","A1EQ2HDHF2WWSY","think",-2,"negation","none","no","SWBD"
"SWBD-311","A36SM7QM8OK3H6","think",2,"negation","none","no","SWBD"
"SWBD-311","AR1IWBDA7MC86","think",-2,"negation","none","no","SWBD"
"SWBD-311","A320QA9HJFUOZO","think",-2,"negation","none","no","SWBD"
"SWBD-311","A18LPAFMK1B06K","think",-2,"negation","none","no","SWBD"
"SWBD-311","A214HWAW1PYWO8","think",-3,"negation","none","no","SWBD"
"SWBD-311","A3VVR8NR3ED04C","think",-3,"negation","none","no","SWBD"
"SWBD-312","A2EOOF9D135HQ1","think",-1,"negation","none","no","SWBD"
"SWBD-312","A321YWMP74ULKH","think",-1,"negation","none","no","SWBD"
"SWBD-312","APGX2WZ59OWDN","think",1,"negation","none","no","SWBD"
"SWBD-312","A10YS8AVLQWUZZ","think",-3,"negation","none","no","SWBD"
"SWBD-312","A1EQ2HDHF2WWSY","think",-2,"negation","none","no","SWBD"
"SWBD-312","A3GLMBZSG3VU4P","think",-2,"negation","none","no","SWBD"
"SWBD-312","A3U761PEG7MFKT","think",-2,"negation","none","no","SWBD"
"SWBD-312","A39GADIK8RLMVC","think",-2,"negation","none","no","SWBD"
"SWBD-313","AFN5VMMGYPF1I","think",-3,"negation","none","no","SWBD"
"SWBD-313","A5EU1AQJNC7F2","think",-2,"negation","none","no","SWBD"
"SWBD-313","AFU00NU09CFXE","think",-3,"negation","none","no","SWBD"
"SWBD-313","A1GXFMAC759VRM","think",-3,"negation","none","no","SWBD"
"SWBD-313","A2WCXJZEXXR60A","think",-2,"negation","none","no","SWBD"
"SWBD-313","A1F9KLZGHE9DTA","think",-3,"negation","none","no","SWBD"
"SWBD-313","A1MJVTR0PCKBWW","think",-3,"negation","none","no","SWBD"
"SWBD-313","AAASQIW3J32OL","think",-3,"negation","none","no","SWBD"
"SWBD-313","APGX2WZ59OWDN","think",-2,"negation","none","no","SWBD"
"SWBD-313","ASI2B6A3Y556Z","think",-2,"negation","none","no","SWBD"
"SWBD-313","A2JP9IKRHNLRPI","think",-3,"negation","none","no","SWBD"
"SWBD-314","A110KENBXU7SUJ","hear",-1,"negation","none","no","SWBD"
"SWBD-314","A18LPAFMK1B06K","hear",-1,"negation","none","no","SWBD"
"SWBD-314","A1MJVTR0PCKBWW","hear",0,"negation","none","no","SWBD"
"SWBD-314","A1L3937MY09J3I","hear",0,"negation","none","no","SWBD"
"SWBD-314","A1945USNZHTROX","hear",-2,"negation","none","no","SWBD"
"SWBD-314","A1EQ2HDHF2WWSY","hear",1,"negation","none","no","SWBD"
"SWBD-314","A3LFVI65XV1T46","hear",-1,"negation","none","no","SWBD"
"SWBD-314","A1GXFMAC759VRM","hear",-1,"negation","none","no","SWBD"
"SWBD-314","A16SAB417Y96G4","hear",1,"negation","none","no","SWBD"
"SWBD-314","A3CF8ULBSE8MTL","hear",-3,"negation","none","no","SWBD"
"SWBD-315","A16SAB417Y96G4","think",-2,"negation","none","no","SWBD"
"SWBD-315","A3IJTM1XM7FE15","think",-2,"negation","none","no","SWBD"
"SWBD-315","A2CJYS92WX7HN6","think",-2,"negation","none","no","SWBD"
"SWBD-315","A18LPAFMK1B06K","think",-2,"negation","none","no","SWBD"
"SWBD-315","A38DXFI1TZA295","think",-2,"negation","none","no","SWBD"
"SWBD-315","A110KENBXU7SUJ","think",-2,"negation","none","no","SWBD"
"SWBD-315","A1GXFMAC759VRM","think",-3,"negation","none","no","SWBD"
"SWBD-315","AIXIAGX87039O","think",-1,"negation","none","no","SWBD"
"SWBD-315","A1945USNZHTROX","think",-3,"negation","none","no","SWBD"
"SWBD-316","A18LPAFMK1B06K","know",2,"negation","none","yes","SWBD"
"SWBD-316","A1MJVTR0PCKBWW","know",1,"negation","none","yes","SWBD"
"SWBD-316","A05977571SZ38O16ESGP8","know",3,"negation","none","yes","SWBD"
"SWBD-316","A2DXEPC4QFV4R1","know",3,"negation","none","yes","SWBD"
"SWBD-316","A3GLMBZSG3VU4P","know",3,"negation","none","yes","SWBD"
"SWBD-316","A28HB7240OFGEW","know",3,"negation","none","yes","SWBD"
"SWBD-316","ALZVG5501Y5IX","know",-2,"negation","none","yes","SWBD"
"SWBD-316","A10YS8AVLQWUZZ","know",3,"negation","none","yes","SWBD"
"SWBD-316","A15XX0WDRG29E7","know",3,"negation","none","yes","SWBD"
"SWBD-316","A1945USNZHTROX","know",2,"negation","none","yes","SWBD"
"SWBD-317","A2WCXJZEXXR60A","know",3,"negation","none","yes","SWBD"
"SWBD-317","AJZZOD77TYA2X","know",1,"negation","none","yes","SWBD"
"SWBD-317","A1GXFMAC759VRM","know",-3,"negation","none","yes","SWBD"
"SWBD-317","A2IGPW784OFV3D","know",0,"negation","none","yes","SWBD"
"SWBD-317","A18LPAFMK1B06K","know",-1,"negation","none","yes","SWBD"
"SWBD-317","AFN5VMMGYPF1I","know",-3,"negation","none","yes","SWBD"
"SWBD-317","A1S6C6EN8MPKC3","know",-3,"negation","none","yes","SWBD"
"SWBD-317","A39GADIK8RLMVC","know",-2,"negation","none","yes","SWBD"
"SWBD-318","A10YS8AVLQWUZZ","think",-1,"negation","none","no","SWBD"
"SWBD-318","A1945USNZHTROX","think",3,"negation","none","no","SWBD"
"SWBD-318","ALZVG5501Y5IX","think",2,"negation","none","no","SWBD"
"SWBD-318","A1MJVTR0PCKBWW","think",-1,"negation","none","no","SWBD"
"SWBD-318","A05977571SZ38O16ESGP8","think",-3,"negation","none","no","SWBD"
"SWBD-318","A2DXEPC4QFV4R1","think",-1,"negation","none","no","SWBD"
"SWBD-318","A15XX0WDRG29E7","think",2,"negation","none","no","SWBD"
"SWBD-318","A28HB7240OFGEW","think",-2,"negation","none","no","SWBD"
"SWBD-318","A3GLMBZSG3VU4P","think",-2,"negation","none","no","SWBD"
"SWBD-318","A18LPAFMK1B06K","think",-2,"negation","none","no","SWBD"
"SWBD-319","A18LPAFMK1B06K","think",-2,"negation","none","no","SWBD"
"SWBD-319","A2WCXJZEXXR60A","think",2,"negation","none","no","SWBD"
"SWBD-319","A1GXFMAC759VRM","think",-3,"negation","none","no","SWBD"
"SWBD-319","AFN5VMMGYPF1I","think",-3,"negation","none","no","SWBD"
"SWBD-319","AJZZOD77TYA2X","think",-3,"negation","none","no","SWBD"
"SWBD-319","A1S6C6EN8MPKC3","think",-2,"negation","none","no","SWBD"
"SWBD-319","A39GADIK8RLMVC","think",-2,"negation","none","no","SWBD"
"SWBD-319","A2IGPW784OFV3D","think",-1,"negation","none","no","SWBD"
"SWBD-32","A110KENBXU7SUJ","find",1,"modal","EP","yes","SWBD"
"SWBD-32","A1GXFMAC759VRM","find",2,"modal","EP","yes","SWBD"
"SWBD-32","A3S300T3IVQ2GC","find",3,"modal","EP","yes","SWBD"
"SWBD-32","A39GADIK8RLMVC","find",2,"modal","EP","yes","SWBD"
"SWBD-32","A1945USNZHTROX","find",3,"modal","EP","yes","SWBD"
"SWBD-32","A18LPAFMK1B06K","find",1,"modal","EP","yes","SWBD"
"SWBD-32","A36SM7QM8OK3H6","find",0,"modal","EP","yes","SWBD"
"SWBD-32","ABL3H3O3BI8ZD","find",-2,"modal","EP","yes","SWBD"
"SWBD-32","AW0MG225VXWCN","find",1,"modal","EP","yes","SWBD"
"SWBD-32","A2P065E9CYMYJL","find",1,"modal","EP","yes","SWBD"
"SWBD-320","A2JP9IKRHNLRPI","think",-3,"negation","none","no","SWBD"
"SWBD-320","A2AMQX0BQZXG9N","think",-3,"negation","none","no","SWBD"
"SWBD-320","A1GXFMAC759VRM","think",2,"negation","none","no","SWBD"
"SWBD-320","A1FUR4UJ0S46W6","think",-3,"negation","none","no","SWBD"
"SWBD-320","AVI7K876BV3QL","think",-3,"negation","none","no","SWBD"
"SWBD-320","AC5UD8N187QD6","think",-1,"negation","none","no","SWBD"
"SWBD-320","A5EU1AQJNC7F2","think",-3,"negation","none","no","SWBD"
"SWBD-320","A1MJVTR0PCKBWW","think",0,"negation","none","no","SWBD"
"SWBD-320","ASI2B6A3Y556Z","think",-2,"negation","none","no","SWBD"
"SWBD-320","A3F6SDO4GYBE4Y","think",-2,"negation","none","no","SWBD"
"SWBD-320","A2KH6VYX26L4HT","think",2,"negation","none","no","SWBD"
"SWBD-321","A1EQ2HDHF2WWSY","see",-1,"negation","none","yes","SWBD"
"SWBD-321","A1L3937MY09J3I","see",-1,"negation","none","yes","SWBD"
"SWBD-321","A1945USNZHTROX","see",-3,"negation","none","yes","SWBD"
"SWBD-321","A18LPAFMK1B06K","see",-2,"negation","none","yes","SWBD"
"SWBD-321","A3CF8ULBSE8MTL","see",-1,"negation","none","yes","SWBD"
"SWBD-321","A110KENBXU7SUJ","see",-2,"negation","none","yes","SWBD"
"SWBD-321","A3LFVI65XV1T46","see",2,"negation","none","yes","SWBD"
"SWBD-321","A1MJVTR0PCKBWW","see",-1,"negation","none","yes","SWBD"
"SWBD-321","A1GXFMAC759VRM","see",-3,"negation","none","yes","SWBD"
"SWBD-321","A16SAB417Y96G4","see",1,"negation","none","yes","SWBD"
"SWBD-322","A2P065E9CYMYJL","think",-1,"negation","none","no","SWBD"
"SWBD-322","A320QA9HJFUOZO","think",-2,"negation","none","no","SWBD"
"SWBD-322","A1EQ2HDHF2WWSY","think",-2,"negation","none","no","SWBD"
"SWBD-322","A05977571SZ38O16ESGP8","think",-2,"negation","none","no","SWBD"
"SWBD-322","AFUX7IUQOE0NA","think",-2,"negation","none","no","SWBD"
"SWBD-322","A27SMEOPKV84VI","think",-2,"negation","none","no","SWBD"
"SWBD-322","A3GM78FCDY293T","think",-1,"negation","none","no","SWBD"
"SWBD-322","AR1IWBDA7MC86","think",0,"negation","none","no","SWBD"
"SWBD-322","A1GXFMAC759VRM","think",-2,"negation","none","no","SWBD"
"SWBD-322","A3VVR8NR3ED04C","think",-2,"negation","none","no","SWBD"
"SWBD-322","A18LPAFMK1B06K","think",-2,"negation","none","no","SWBD"
"SWBD-323","APGX2WZ59OWDN","think",-2,"negation","none","no","SWBD"
"SWBD-323","A36SM7QM8OK3H6","think",-2,"negation","none","no","SWBD"
"SWBD-323","A2AMQX0BQZXG9N","think",-3,"negation","none","no","SWBD"
"SWBD-323","A1MJHGH55K3O0","think",-2,"negation","none","no","SWBD"
"SWBD-323","A1EQ2HDHF2WWSY","think",-2,"negation","none","no","SWBD"
"SWBD-323","AY9ZVK32I1P1L","think",-2,"negation","none","no","SWBD"
"SWBD-323","A3VVR8NR3ED04C","think",-2,"negation","none","no","SWBD"
"SWBD-323","A320QA9HJFUOZO","think",-2,"negation","none","no","SWBD"
"SWBD-324","A1MJVTR0PCKBWW","know",2,"negation","none","yes","SWBD"
"SWBD-324","A1FUR4UJ0S46W6","know",-2,"negation","none","yes","SWBD"
"SWBD-324","A2JP9IKRHNLRPI","know",2,"negation","none","yes","SWBD"
"SWBD-324","A2AMQX0BQZXG9N","know",3,"negation","none","yes","SWBD"
"SWBD-324","AC5UD8N187QD6","know",-2,"negation","none","yes","SWBD"
"SWBD-324","ASI2B6A3Y556Z","know",0,"negation","none","yes","SWBD"
"SWBD-324","A2KH6VYX26L4HT","know",2,"negation","none","yes","SWBD"
"SWBD-324","A3F6SDO4GYBE4Y","know",-2,"negation","none","yes","SWBD"
"SWBD-324","AVI7K876BV3QL","know",0,"negation","none","yes","SWBD"
"SWBD-324","A5EU1AQJNC7F2","know",0,"negation","none","yes","SWBD"
"SWBD-324","A1GXFMAC759VRM","know",1,"negation","none","yes","SWBD"
"SWBD-325","A1EQ2HDHF2WWSY","realize",-2,"negation","none","yes","SWBD"
"SWBD-325","A14WLAP6TCEKO0","realize",-1,"negation","none","yes","SWBD"
"SWBD-325","A1GXFMAC759VRM","realize",3,"negation","none","yes","SWBD"
"SWBD-325","A5EU1AQJNC7F2","realize",0,"negation","none","yes","SWBD"
"SWBD-325","A1945USNZHTROX","realize",3,"negation","none","yes","SWBD"
"SWBD-325","A3GLMBZSG3VU4P","realize",-2,"negation","none","yes","SWBD"
"SWBD-325","A16SAB417Y96G4","realize",2,"negation","none","yes","SWBD"
"SWBD-325","A3LECJA9RVQQKZ","realize",3,"negation","none","yes","SWBD"
"SWBD-325","A18LPAFMK1B06K","realize",2,"negation","none","yes","SWBD"
"SWBD-325","A2AMQX0BQZXG9N","realize",3,"negation","none","yes","SWBD"
"SWBD-326","AFN5VMMGYPF1I","think",-3,"negation","none","no","SWBD"
"SWBD-326","A2JP9IKRHNLRPI","think",-2,"negation","none","no","SWBD"
"SWBD-326","A2AMQX0BQZXG9N","think",-2,"negation","none","no","SWBD"
"SWBD-326","A2WCXJZEXXR60A","think",-2,"negation","none","no","SWBD"
"SWBD-326","ATOPSQ6JDYZ6H","think",-1,"negation","none","no","SWBD"
"SWBD-326","A1K0S514CEY1UG","think",-2,"negation","none","no","SWBD"
"SWBD-326","AVI7K876BV3QL","think",-1,"negation","none","no","SWBD"
"SWBD-326","A1MJVTR0PCKBWW","think",-2,"negation","none","no","SWBD"
"SWBD-326","A1GXFMAC759VRM","think",-2,"negation","none","no","SWBD"
"SWBD-326","A5EU1AQJNC7F2","think",-1,"negation","none","no","SWBD"
"SWBD-327","A18LPAFMK1B06K","understand",2,"negation","none","yes","SWBD"
"SWBD-327","A1USR9JCAMDGM3","understand",3,"negation","none","yes","SWBD"
"SWBD-327","A1K8QNLYYYX21W","understand",2,"negation","none","yes","SWBD"
"SWBD-327","A1GXFMAC759VRM","understand",3,"negation","none","yes","SWBD"
"SWBD-327","A110KENBXU7SUJ","understand",3,"negation","none","yes","SWBD"
"SWBD-327","A1MJVTR0PCKBWW","understand",0,"negation","none","yes","SWBD"
"SWBD-327","A1IFIK8J49WBER","understand",3,"negation","none","yes","SWBD"
"SWBD-327","A2C84POENS2UNY","understand",1,"negation","none","yes","SWBD"
"SWBD-327","AA4KKLIU4C3NY","understand",3,"negation","none","yes","SWBD"
"SWBD-327","A3F6SDO4GYBE4Y","understand",-1,"negation","none","yes","SWBD"
"SWBD-327","A2DXEPC4QFV4R1","understand",-3,"negation","none","yes","SWBD"
"SWBD-327","A1KH1O9AZ7S642","understand",2,"negation","none","yes","SWBD"
"SWBD-328","APGX2WZ59OWDN","think",-2,"negation","none","no","SWBD"
"SWBD-328","AR1IWBDA7MC86","think",-2,"negation","none","no","SWBD"
"SWBD-328","AC5UD8N187QD6","think",-2,"negation","none","no","SWBD"
"SWBD-328","A1945USNZHTROX","think",-3,"negation","none","no","SWBD"
"SWBD-328","AAASQIW3J32OL","think",-2,"negation","none","no","SWBD"
"SWBD-328","A1SLM4JRDIM430","think",-2,"negation","none","no","SWBD"
"SWBD-328","A05977571SZ38O16ESGP8","think",-2,"negation","none","no","SWBD"
"SWBD-328","ASI2B6A3Y556Z","think",-2,"negation","none","no","SWBD"
"SWBD-329","A1GXFMAC759VRM","think",-2,"negation","none","no","SWBD"
"SWBD-329","A2JP9IKRHNLRPI","think",-2,"negation","none","no","SWBD"
"SWBD-329","A2P065E9CYMYJL","think",1,"negation","none","no","SWBD"
"SWBD-329","APGX2WZ59OWDN","think",-1,"negation","none","no","SWBD"
"SWBD-329","A36SM7QM8OK3H6","think",-2,"negation","none","no","SWBD"
"SWBD-329","A1MJVTR0PCKBWW","think",-2,"negation","none","no","SWBD"
"SWBD-329","A27SMEOPKV84VI","think",-2,"negation","none","no","SWBD"
"SWBD-329","A27MJOV91GA8R3","think",-1,"negation","none","no","SWBD"
"SWBD-329","A1AQQFJAF8CI4H","think",2,"negation","none","no","SWBD"
"SWBD-329","ALZVG5501Y5IX","think",-1,"negation","none","no","SWBD"
"SWBD-329","AA4KKLIU4C3NY","think",-3,"negation","none","no","SWBD"
"SWBD-329","A2RBF3IIJP15IH","think",1,"negation","none","no","SWBD"
"SWBD-33","A27SMEOPKV84VI","think",2,"modal","EP","no","SWBD"
"SWBD-33","A110KENBXU7SUJ","think",1,"modal","EP","no","SWBD"
"SWBD-33","A39GADIK8RLMVC","think",3,"modal","EP","no","SWBD"
"SWBD-33","A214HWAW1PYWO8","think",2,"modal","EP","no","SWBD"
"SWBD-33","ASI2B6A3Y556Z","think",1,"modal","EP","no","SWBD"
"SWBD-33","A2EOOF9D135HQ1","think",2,"modal","EP","no","SWBD"
"SWBD-33","A1GXFMAC759VRM","think",2,"modal","EP","no","SWBD"
"SWBD-33","AXJ1PE87PD0KK","think",1,"modal","EP","no","SWBD"
"SWBD-330","A1GXFMAC759VRM","think",-2,"negation","none","no","SWBD"
"SWBD-330","A2AMQX0BQZXG9N","think",0,"negation","none","no","SWBD"
"SWBD-330","A39GADIK8RLMVC","think",2,"negation","none","no","SWBD"
"SWBD-330","A5EU1AQJNC7F2","think",-2,"negation","none","no","SWBD"
"SWBD-330","A3GLMBZSG3VU4P","think",-1,"negation","none","no","SWBD"
"SWBD-330","A18LPAFMK1B06K","think",-1,"negation","none","no","SWBD"
"SWBD-330","A16SAB417Y96G4","think",-2,"negation","none","no","SWBD"
"SWBD-330","ASI2B6A3Y556Z","think",-2,"negation","none","no","SWBD"
"SWBD-330","A1QG4N21BF61PC","think",0,"negation","none","no","SWBD"
"SWBD-330","A1945USNZHTROX","think",-3,"negation","none","no","SWBD"
"SWBD-330","A1MJVTR0PCKBWW","think",0,"negation","none","no","SWBD"
"SWBD-331","A1SLM4JRDIM430","believe",2,"negation","none","no","SWBD"
"SWBD-331","A05977571SZ38O16ESGP8","believe",-2,"negation","none","no","SWBD"
"SWBD-331","AC5UD8N187QD6","believe",-2,"negation","none","no","SWBD"
"SWBD-331","AR1IWBDA7MC86","believe",-2,"negation","none","no","SWBD"
"SWBD-331","APGX2WZ59OWDN","believe",-2,"negation","none","no","SWBD"
"SWBD-331","ASI2B6A3Y556Z","believe",-2,"negation","none","no","SWBD"
"SWBD-331","A1945USNZHTROX","believe",-3,"negation","none","no","SWBD"
"SWBD-331","AAASQIW3J32OL","believe",-1,"negation","none","no","SWBD"
"SWBD-332","APGX2WZ59OWDN","think",-2,"negation","none","no","SWBD"
"SWBD-332","A1GXFMAC759VRM","think",-3,"negation","none","no","SWBD"
"SWBD-332","A1MJVTR0PCKBWW","think",-3,"negation","none","no","SWBD"
"SWBD-332","APO6KZZ79PO9Q","think",-3,"negation","none","no","SWBD"
"SWBD-332","A3GM78FCDY293T","think",-2,"negation","none","no","SWBD"
"SWBD-332","A2JP9IKRHNLRPI","think",-2,"negation","none","no","SWBD"
"SWBD-332","A27SMEOPKV84VI","think",-2,"negation","none","no","SWBD"
"SWBD-332","AE60SK1Y79RGK","think",-3,"negation","none","no","SWBD"
"SWBD-332","A2WCXJZEXXR60A","think",-2,"negation","none","no","SWBD"
"SWBD-333","A1GXFMAC759VRM","think",-3,"negation","none","no","SWBD"
"SWBD-333","A239EUWY6SNDEZ","think",-1,"negation","none","no","SWBD"
"SWBD-333","A39GADIK8RLMVC","think",-2,"negation","none","no","SWBD"
"SWBD-333","A2LGSV2MKHWA49","think",-1,"negation","none","no","SWBD"
"SWBD-333","A1V2H0UF94ATWY","think",-2,"negation","none","no","SWBD"
"SWBD-333","AVI7K876BV3QL","think",-2,"negation","none","no","SWBD"
"SWBD-333","APGX2WZ59OWDN","think",-1,"negation","none","no","SWBD"
"SWBD-333","A2JP9IKRHNLRPI","think",-2,"negation","none","no","SWBD"
"SWBD-333","A2WCXJZEXXR60A","think",-2,"negation","none","no","SWBD"
"SWBD-334","A1GXFMAC759VRM","think",0,"negation","none","no","SWBD"
"SWBD-334","A2EOOF9D135HQ1","think",1,"negation","none","no","SWBD"
"SWBD-334","A39GADIK8RLMVC","think",0,"negation","none","no","SWBD"
"SWBD-334","A3S300T3IVQ2GC","think",1,"negation","none","no","SWBD"
"SWBD-334","A18LPAFMK1B06K","think",1,"negation","none","no","SWBD"
"SWBD-334","A1EQ2HDHF2WWSY","think",0,"negation","none","no","SWBD"
"SWBD-334","A2DXEPC4QFV4R1","think",0,"negation","none","no","SWBD"
"SWBD-334","A1945USNZHTROX","think",1,"negation","none","no","SWBD"
"SWBD-335","A1GXFMAC759VRM","know",1,"negation","none","yes","SWBD"
"SWBD-335","A3VVR8NR3ED04C","know",-1,"negation","none","yes","SWBD"
"SWBD-335","A320QA9HJFUOZO","know",1,"negation","none","yes","SWBD"
"SWBD-335","AFUX7IUQOE0NA","know",0,"negation","none","yes","SWBD"
"SWBD-335","AR1IWBDA7MC86","know",0,"negation","none","yes","SWBD"
"SWBD-335","A05977571SZ38O16ESGP8","know",-2,"negation","none","yes","SWBD"
"SWBD-335","A1EQ2HDHF2WWSY","know",1,"negation","none","yes","SWBD"
"SWBD-335","A18LPAFMK1B06K","know",3,"negation","none","yes","SWBD"
"SWBD-335","A3GM78FCDY293T","know",0,"negation","none","yes","SWBD"
"SWBD-335","A27SMEOPKV84VI","know",-2,"negation","none","yes","SWBD"
"SWBD-335","A2P065E9CYMYJL","know",-1,"negation","none","yes","SWBD"
"SWBD-336","A3VVR8NR3ED04C","know",3,"negation","none","yes","SWBD"
"SWBD-336","A320QA9HJFUOZO","know",1,"negation","none","yes","SWBD"
"SWBD-336","APGX2WZ59OWDN","know",-2,"negation","none","yes","SWBD"
"SWBD-336","A1MJHGH55K3O0","know",2,"negation","none","yes","SWBD"
"SWBD-336","A1EQ2HDHF2WWSY","know",1,"negation","none","yes","SWBD"
"SWBD-336","AY9ZVK32I1P1L","know",-2,"negation","none","yes","SWBD"
"SWBD-336","A2AMQX0BQZXG9N","know",3,"negation","none","yes","SWBD"
"SWBD-336","A36SM7QM8OK3H6","know",1,"negation","none","yes","SWBD"
"SWBD-337","A1MJVTR0PCKBWW","think",3,"negation","none","no","SWBD"
"SWBD-337","A1GXFMAC759VRM","think",-1,"negation","none","no","SWBD"
"SWBD-337","ASI2B6A3Y556Z","think",1,"negation","none","no","SWBD"
"SWBD-337","A1L3937MY09J3I","think",2,"negation","none","no","SWBD"
"SWBD-337","A1HKCTDOTL6C9I","think",-2,"negation","none","no","SWBD"
"SWBD-337","A233KUL18RUW1N","think",-1,"negation","none","no","SWBD"
"SWBD-337","AAASQIW3J32OL","think",0,"negation","none","no","SWBD"
"SWBD-337","A3QNMUHAFAJRQO","think",2,"negation","none","no","SWBD"
"SWBD-337","A110KENBXU7SUJ","think",-2,"negation","none","no","SWBD"
"SWBD-337","A1UH396UOK0X9Z","think",1,"negation","none","no","SWBD"
"SWBD-338","A320QA9HJFUOZO","think",-1,"negation","none","no","SWBD"
"SWBD-338","A2P065E9CYMYJL","think",-3,"negation","none","no","SWBD"
"SWBD-338","A1EQ2HDHF2WWSY","think",-2,"negation","none","no","SWBD"
"SWBD-338","ASI2B6A3Y556Z","think",-2,"negation","none","no","SWBD"
"SWBD-338","A18LPAFMK1B06K","think",-2,"negation","none","no","SWBD"
"SWBD-338","A2AMQX0BQZXG9N","think",-3,"negation","none","no","SWBD"
"SWBD-338","A1GXFMAC759VRM","think",-3,"negation","none","no","SWBD"
"SWBD-338","A2WCXJZEXXR60A","think",-2,"negation","none","no","SWBD"
"SWBD-339","A1MJVTR0PCKBWW","think",-2,"negation","none","no","SWBD"
"SWBD-339","A10YS8AVLQWUZZ","think",2,"negation","none","no","SWBD"
"SWBD-339","A1EQ2HDHF2WWSY","think",0,"negation","none","no","SWBD"
"SWBD-339","A24LC97AU3QC7G","think",0,"negation","none","no","SWBD"
"SWBD-339","AAASQIW3J32OL","think",2,"negation","none","no","SWBD"
"SWBD-339","A320QA9HJFUOZO","think",-1,"negation","none","no","SWBD"
"SWBD-339","A1GXFMAC759VRM","think",0,"negation","none","no","SWBD"
"SWBD-339","A3VVR8NR3ED04C","think",-1,"negation","none","no","SWBD"
"SWBD-339","AC5UD8N187QD6","think",1,"negation","none","no","SWBD"
"SWBD-339","A2P065E9CYMYJL","think",-1,"negation","none","no","SWBD"
"SWBD-339","A2WCXJZEXXR60A","think",-2,"negation","none","no","SWBD"
"SWBD-339","A3GM78FCDY293T","think",0,"negation","none","no","SWBD"
"SWBD-34","A9HQ3E0F2AGVO","specify",1,"modal","AB","no","SWBD"
"SWBD-34","A1F9KLZGHE9DTA","specify",1,"modal","AB","no","SWBD"
"SWBD-34","A1GXFMAC759VRM","specify",1,"modal","AB","no","SWBD"
"SWBD-34","A1KFUXSVGSHL5Z","specify",0,"modal","AB","no","SWBD"
"SWBD-34","A110KENBXU7SUJ","specify",1,"modal","AB","no","SWBD"
"SWBD-34","AULU4VSUPO1CW","specify",1,"modal","AB","no","SWBD"
"SWBD-34","A2EOOF9D135HQ1","specify",0,"modal","AB","no","SWBD"
"SWBD-34","A28HB7240OFGEW","specify",1,"modal","AB","no","SWBD"
"SWBD-34","A2YGAEODJ5SSF6","specify",0,"modal","AB","no","SWBD"
"SWBD-34","A2P065E9CYMYJL","specify",0,"modal","AB","no","SWBD"
"SWBD-34","A12723JDRPT207","specify",1,"modal","AB","no","SWBD"
"SWBD-34","A2UNSF09FWX9S8","specify",1,"modal","AB","no","SWBD"
"SWBD-340","AAASQIW3J32OL","think",-2,"negation","none","no","SWBD"
"SWBD-340","A36SM7QM8OK3H6","think",-2,"negation","none","no","SWBD"
"SWBD-340","AEWGY34WUIA32","think",0,"negation","none","no","SWBD"
"SWBD-340","A320QA9HJFUOZO","think",-1,"negation","none","no","SWBD"
"SWBD-340","A3GM78FCDY293T","think",-2,"negation","none","no","SWBD"
"SWBD-340","A2MKXI4KCRRI7Y","think",-1,"negation","none","no","SWBD"
"SWBD-340","A1GXFMAC759VRM","think",-3,"negation","none","no","SWBD"
"SWBD-340","ALZVG5501Y5IX","think",1,"negation","none","no","SWBD"
"SWBD-340","A24LC97AU3QC7G","think",0,"negation","none","no","SWBD"
"SWBD-340","A1EQ2HDHF2WWSY","think",-1,"negation","none","no","SWBD"
"SWBD-341","A1GXFMAC759VRM","think",2,"negation","none","no","SWBD"
"SWBD-341","A1EQ2HDHF2WWSY","think",-1,"negation","none","no","SWBD"
"SWBD-341","A1945USNZHTROX","think",2,"negation","none","no","SWBD"
"SWBD-341","A16SAB417Y96G4","think",-1,"negation","none","no","SWBD"
"SWBD-341","A3GLMBZSG3VU4P","think",-2,"negation","none","no","SWBD"
"SWBD-341","A14WLAP6TCEKO0","think",2,"negation","none","no","SWBD"
"SWBD-341","A3LECJA9RVQQKZ","think",0,"negation","none","no","SWBD"
"SWBD-341","A2AMQX0BQZXG9N","think",0,"negation","none","no","SWBD"
"SWBD-341","A18LPAFMK1B06K","think",-2,"negation","none","no","SWBD"
"SWBD-341","A5EU1AQJNC7F2","think",-2,"negation","none","no","SWBD"
"SWBD-342","A1EQ2HDHF2WWSY","think",-2,"negation","none","no","SWBD"
"SWBD-342","A1GXFMAC759VRM","think",-2,"negation","none","no","SWBD"
"SWBD-342","A1L3937MY09J3I","think",-3,"negation","none","no","SWBD"
"SWBD-342","A16SAB417Y96G4","think",-1,"negation","none","no","SWBD"
"SWBD-342","A110KENBXU7SUJ","think",-2,"negation","none","no","SWBD"
"SWBD-342","A18LPAFMK1B06K","think",-2,"negation","none","no","SWBD"
"SWBD-342","A1MJVTR0PCKBWW","think",-2,"negation","none","no","SWBD"
"SWBD-342","A3LFVI65XV1T46","think",-2,"negation","none","no","SWBD"
"SWBD-342","A3CF8ULBSE8MTL","think",-2,"negation","none","no","SWBD"
"SWBD-342","A1945USNZHTROX","think",-3,"negation","none","no","SWBD"
"SWBD-343","A27SMEOPKV84VI","think",-2,"negation","none","no","SWBD"
"SWBD-343","A3S300T3IVQ2GC","think",-1,"negation","none","no","SWBD"
"SWBD-343","A23KAJRDVCVGOE","think",1,"negation","none","no","SWBD"
"SWBD-343","A1GXFMAC759VRM","think",-2,"negation","none","no","SWBD"
"SWBD-343","APITQRRX2PADB","think",-2,"negation","none","no","SWBD"
"SWBD-343","A1DABMXVWWL0TR","think",0,"negation","none","no","SWBD"
"SWBD-343","ANFWGSQ8BQRZ","think",-2,"negation","none","no","SWBD"
"SWBD-343","A110KENBXU7SUJ","think",-2,"negation","none","no","SWBD"
"SWBD-344","A3HNEYFOIJWPH1","think",-3,"negation","none","no","SWBD"
"SWBD-344","A2541C8MY0BYV3","think",-2,"negation","none","no","SWBD"
"SWBD-344","A2G0HRT8HS9HRZ","think",-3,"negation","none","no","SWBD"
"SWBD-344","A3QL8ZAD9BKWUF","think",0,"negation","none","no","SWBD"
"SWBD-344","A2A6FH0F7LD9ND","think",-3,"negation","none","no","SWBD"
"SWBD-344","A18LPAFMK1B06K","think",-2,"negation","none","no","SWBD"
"SWBD-344","A2IKPU88PDQTMF","think",-3,"negation","none","no","SWBD"
"SWBD-344","A1KH1O9AZ7S642","think",-1,"negation","none","no","SWBD"
"SWBD-344","A1FUR4UJ0S46W6","think",-2,"negation","none","no","SWBD"
"SWBD-344","A1GXFMAC759VRM","think",-3,"negation","none","no","SWBD"
"SWBD-344","A1MJVTR0PCKBWW","think",-1,"negation","none","no","SWBD"
"SWBD-345","A18LPAFMK1B06K","think",-2,"negation","none","no","SWBD"
"SWBD-345","ATF7HBD1TFI2U","think",-2,"negation","none","no","SWBD"
"SWBD-345","A2IKPU88PDQTMF","think",-2,"negation","none","no","SWBD"
"SWBD-345","A239EUWY6SNDEZ","think",-3,"negation","none","no","SWBD"
"SWBD-345","A1DABMXVWWL0TR","think",-2,"negation","none","no","SWBD"
"SWBD-345","A110KENBXU7SUJ","think",-2,"negation","none","no","SWBD"
"SWBD-345","A1GXFMAC759VRM","think",-3,"negation","none","no","SWBD"
"SWBD-345","A1DS5O8MSI3ZH0","think",-1,"negation","none","no","SWBD"
"SWBD-346","A3FFZN4FO3Q789","think",0,"negation","none","no","SWBD"
"SWBD-346","AFN5VMMGYPF1I","think",0,"negation","none","no","SWBD"
"SWBD-346","A2HC9549CZAKNN","think",-3,"negation","none","no","SWBD"
"SWBD-346","AFUX7IUQOE0NA","think",-2,"negation","none","no","SWBD"
"SWBD-346","A18LPAFMK1B06K","think",-2,"negation","none","no","SWBD"
"SWBD-346","A1GXFMAC759VRM","think",-3,"negation","none","no","SWBD"
"SWBD-346","A2MGH3MBXMKD96","think",-2,"negation","none","no","SWBD"
"SWBD-346","A3GLMBZSG3VU4P","think",-1,"negation","none","no","SWBD"
"SWBD-347","A1K8QNLYYYX21W","think",-3,"negation","none","no","SWBD"
"SWBD-347","A1MJVTR0PCKBWW","think",-2,"negation","none","no","SWBD"
"SWBD-347","A2C84POENS2UNY","think",2,"negation","none","no","SWBD"
"SWBD-347","A1GXFMAC759VRM","think",-3,"negation","none","no","SWBD"
"SWBD-347","A1KH1O9AZ7S642","think",0,"negation","none","no","SWBD"
"SWBD-347","A2DXEPC4QFV4R1","think",-2,"negation","none","no","SWBD"
"SWBD-347","A1USR9JCAMDGM3","think",0,"negation","none","no","SWBD"
"SWBD-347","A1IFIK8J49WBER","think",-2,"negation","none","no","SWBD"
"SWBD-347","A110KENBXU7SUJ","think",-2,"negation","none","no","SWBD"
"SWBD-347","A3F6SDO4GYBE4Y","think",-1,"negation","none","no","SWBD"
"SWBD-347","AA4KKLIU4C3NY","think",-3,"negation","none","no","SWBD"
"SWBD-347","A18LPAFMK1B06K","think",-2,"negation","none","no","SWBD"
"SWBD-348","A27SMEOPKV84VI","think",-2,"negation","none","no","SWBD"
"SWBD-348","A110KENBXU7SUJ","think",-2,"negation","none","no","SWBD"
"SWBD-348","A3GLMBZSG3VU4P","think",-3,"negation","none","no","SWBD"
"SWBD-348","A36SM7QM8OK3H6","think",-1,"negation","none","no","SWBD"
"SWBD-348","A2ZV96GRXVSXK4","think",-2,"negation","none","no","SWBD"
"SWBD-348","A2IKPU88PDQTMF","think",-2,"negation","none","no","SWBD"
"SWBD-348","A39GADIK8RLMVC","think",-2,"negation","none","no","SWBD"
"SWBD-348","A3HNEYFOIJWPH1","think",-2,"negation","none","no","SWBD"
"SWBD-349","A3GLMBZSG3VU4P","say",-1,"negation","none","no","SWBD"
"SWBD-349","A18LPAFMK1B06K","say",-1,"negation","none","no","SWBD"
"SWBD-349","A1945USNZHTROX","say",-2,"negation","none","no","SWBD"
"SWBD-349","A1QG4N21BF61PC","say",-1,"negation","none","no","SWBD"
"SWBD-349","A16SAB417Y96G4","say",-1,"negation","none","no","SWBD"
"SWBD-349","ASI2B6A3Y556Z","say",-1,"negation","none","no","SWBD"
"SWBD-349","A1MJVTR0PCKBWW","say",-1,"negation","none","no","SWBD"
"SWBD-349","A5EU1AQJNC7F2","say",-1,"negation","none","no","SWBD"
"SWBD-349","A39GADIK8RLMVC","say",-3,"negation","none","no","SWBD"
"SWBD-349","A2AMQX0BQZXG9N","say",-2,"negation","none","no","SWBD"
"SWBD-349","A1GXFMAC759VRM","say",-3,"negation","none","no","SWBD"
"SWBD-35","A3S300T3IVQ2GC","say",3,"modal","AB","no","SWBD"
"SWBD-35","A1GXFMAC759VRM","say",3,"modal","AB","no","SWBD"
"SWBD-35","A3Q0XAGQ7TD7MP","say",1,"modal","AB","no","SWBD"
"SWBD-35","APGX2WZ59OWDN","say",1,"modal","AB","no","SWBD"
"SWBD-35","AFN5VMMGYPF1I","say",3,"modal","AB","no","SWBD"
"SWBD-35","A4IH4CO046EV3","say",2,"modal","AB","no","SWBD"
"SWBD-35","A1F9KLZGHE9DTA","say",3,"modal","AB","no","SWBD"
"SWBD-35","A2AMQX0BQZXG9N","say",3,"modal","AB","no","SWBD"
"SWBD-35","ASI2B6A3Y556Z","say",3,"modal","AB","no","SWBD"
"SWBD-35","A258MR1IS96JEP","say",0,"modal","AB","no","SWBD"
"SWBD-35","A110KENBXU7SUJ","say",2,"modal","AB","no","SWBD"
"SWBD-35","A2R8IV2PWFTY00","say",3,"modal","AB","no","SWBD"
"SWBD-350","A36SM7QM8OK3H6","think",-3,"negation","none","no","SWBD"
"SWBD-350","AW0MG225VXWCN","think",1,"negation","none","no","SWBD"
"SWBD-350","A39GADIK8RLMVC","think",-2,"negation","none","no","SWBD"
"SWBD-350","ASI2B6A3Y556Z","think",-2,"negation","none","no","SWBD"
"SWBD-350","A28HB7240OFGEW","think",-2,"negation","none","no","SWBD"
"SWBD-350","A110KENBXU7SUJ","think",-2,"negation","none","no","SWBD"
"SWBD-350","A2AMQX0BQZXG9N","think",-3,"negation","none","no","SWBD"
"SWBD-350","A1MJVTR0PCKBWW","think",-2,"negation","none","no","SWBD"
"SWBD-350","A3S300T3IVQ2GC","think",-3,"negation","none","no","SWBD"
"SWBD-350","AS0M9S5W52N4M","think",2,"negation","none","no","SWBD"
"SWBD-350","A1GXFMAC759VRM","think",-3,"negation","none","no","SWBD"
"SWBD-351","A3F6SDO4GYBE4Y","think",-1,"negation","none","no","SWBD"
"SWBD-351","A2AMQX0BQZXG9N","think",-2,"negation","none","no","SWBD"
"SWBD-351","A2IQ0QCTQ3KWLT","think",-1,"negation","none","no","SWBD"
"SWBD-351","A39GADIK8RLMVC","think",-2,"negation","none","no","SWBD"
"SWBD-351","A1MJVTR0PCKBWW","think",1,"negation","none","no","SWBD"
"SWBD-351","A36SM7QM8OK3H6","think",-2,"negation","none","no","SWBD"
"SWBD-351","A1MJHGH55K3O0","think",-2,"negation","none","no","SWBD"
"SWBD-351","APITQRRX2PADB","think",-2,"negation","none","no","SWBD"
"SWBD-351","A1GXFMAC759VRM","think",-3,"negation","none","no","SWBD"
"SWBD-351","A3S300T3IVQ2GC","think",-3,"negation","none","no","SWBD"
"SWBD-352","AVJUIF9QHQRY8","think",-2,"negation","none","no","SWBD"
"SWBD-352","A1GXFMAC759VRM","think",-3,"negation","none","no","SWBD"
"SWBD-352","A2AMQX0BQZXG9N","think",-3,"negation","none","no","SWBD"
"SWBD-352","APGX2WZ59OWDN","think",-2,"negation","none","no","SWBD"
"SWBD-352","A3T61LJ1WNOL6Z","think",3,"negation","none","no","SWBD"
"SWBD-352","A3QNMUHAFAJRQO","think",-2,"negation","none","no","SWBD"
"SWBD-352","AFN5VMMGYPF1I","think",-3,"negation","none","no","SWBD"
"SWBD-352","A35K3YVCX1LVPE","think",-3,"negation","none","no","SWBD"
"SWBD-352","A18LPAFMK1B06K","think",-2,"negation","none","no","SWBD"
"SWBD-352","A3454T4PU9GJM0","think",-2,"negation","none","no","SWBD"
"SWBD-353","A1GXFMAC759VRM","think",-1,"negation","none","no","SWBD"
"SWBD-353","A36SM7QM8OK3H6","think",0,"negation","none","no","SWBD"
"SWBD-353","A2AMQX0BQZXG9N","think",2,"negation","none","no","SWBD"
"SWBD-353","A3SX229VS1X6B6","think",-1,"negation","none","no","SWBD"
"SWBD-353","A39GADIK8RLMVC","think",-2,"negation","none","no","SWBD"
"SWBD-353","APITQRRX2PADB","think",0,"negation","none","no","SWBD"
"SWBD-353","ASI2B6A3Y556Z","think",-2,"negation","none","no","SWBD"
"SWBD-353","APGX2WZ59OWDN","think",-1,"negation","none","no","SWBD"
"SWBD-354","A2RBF3IIJP15IH","think",-3,"negation","none","no","SWBD"
"SWBD-354","A36SM7QM8OK3H6","think",-3,"negation","none","no","SWBD"
"SWBD-354","A39GADIK8RLMVC","think",-2,"negation","none","no","SWBD"
"SWBD-354","AW0MG225VXWCN","think",-2,"negation","none","no","SWBD"
"SWBD-354","A18LPAFMK1B06K","think",-2,"negation","none","no","SWBD"
"SWBD-354","A1GXFMAC759VRM","think",-3,"negation","none","no","SWBD"
"SWBD-354","A2AMQX0BQZXG9N","think",-3,"negation","none","no","SWBD"
"SWBD-354","A3F6SDO4GYBE4Y","think",-1,"negation","none","no","SWBD"
"SWBD-355","A3Q0XAGQ7TD7MP","think",-3,"negation","none","no","SWBD"
"SWBD-355","A3S300T3IVQ2GC","think",-2,"negation","none","no","SWBD"
"SWBD-355","ASI2B6A3Y556Z","think",-2,"negation","none","no","SWBD"
"SWBD-355","A4IH4CO046EV3","think",-2,"negation","none","no","SWBD"
"SWBD-355","APGX2WZ59OWDN","think",-2,"negation","none","no","SWBD"
"SWBD-355","A1GXFMAC759VRM","think",-3,"negation","none","no","SWBD"
"SWBD-355","AFN5VMMGYPF1I","think",-3,"negation","none","no","SWBD"
"SWBD-355","A258MR1IS96JEP","think",0,"negation","none","no","SWBD"
"SWBD-355","A110KENBXU7SUJ","think",-3,"negation","none","no","SWBD"
"SWBD-355","A2AMQX0BQZXG9N","think",-3,"negation","none","no","SWBD"
"SWBD-355","A2R8IV2PWFTY00","think",-3,"negation","none","no","SWBD"
"SWBD-355","A1F9KLZGHE9DTA","think",-3,"negation","none","no","SWBD"
"SWBD-356","A27SMEOPKV84VI","see",-3,"negation","none","yes","SWBD"
"SWBD-356","A3S300T3IVQ2GC","see",-1,"negation","none","yes","SWBD"
"SWBD-356","ANFWGSQ8BQRZ","see",-2,"negation","none","yes","SWBD"
"SWBD-356","APITQRRX2PADB","see",-2,"negation","none","yes","SWBD"
"SWBD-356","A1DABMXVWWL0TR","see",-3,"negation","none","yes","SWBD"
"SWBD-356","A110KENBXU7SUJ","see",-2,"negation","none","yes","SWBD"
"SWBD-356","A1GXFMAC759VRM","see",-3,"negation","none","yes","SWBD"
"SWBD-356","A23KAJRDVCVGOE","see",-1,"negation","none","yes","SWBD"
"SWBD-357","A3G55NZ2MOUOQK","think",-2,"negation","none","no","SWBD"
"SWBD-357","A1GXFMAC759VRM","think",-3,"negation","none","no","SWBD"
"SWBD-357","A1MJVTR0PCKBWW","think",-1,"negation","none","no","SWBD"
"SWBD-357","A24LC97AU3QC7G","think",-1,"negation","none","no","SWBD"
"SWBD-357","APGX2WZ59OWDN","think",-2,"negation","none","no","SWBD"
"SWBD-357","A2EOOF9D135HQ1","think",-2,"negation","none","no","SWBD"
"SWBD-357","A05977571SZ38O16ESGP8","think",-2,"negation","none","no","SWBD"
"SWBD-357","AR1IWBDA7MC86","think",-1,"negation","none","no","SWBD"
"SWBD-358","A18LPAFMK1B06K","realize",2,"negation","none","yes","SWBD"
"SWBD-358","A1MJVTR0PCKBWW","realize",-1,"negation","none","yes","SWBD"
"SWBD-358","A16SAB417Y96G4","realize",-2,"negation","none","yes","SWBD"
"SWBD-358","A1EQ2HDHF2WWSY","realize",2,"negation","none","yes","SWBD"
"SWBD-358","A3CF8ULBSE8MTL","realize",-1,"negation","none","yes","SWBD"
"SWBD-358","A3LFVI65XV1T46","realize",-1,"negation","none","yes","SWBD"
"SWBD-358","A1GXFMAC759VRM","realize",1,"negation","none","yes","SWBD"
"SWBD-358","A110KENBXU7SUJ","realize",0,"negation","none","yes","SWBD"
"SWBD-358","A1945USNZHTROX","realize",-3,"negation","none","yes","SWBD"
"SWBD-358","A1L3937MY09J3I","realize",1,"negation","none","yes","SWBD"
"SWBD-359","A2WCXJZEXXR60A","think",-2,"negation","none","no","SWBD"
"SWBD-359","A2EOOF9D135HQ1","think",-2,"negation","none","no","SWBD"
"SWBD-359","A1GXFMAC759VRM","think",-2,"negation","none","no","SWBD"
"SWBD-359","APGX2WZ59OWDN","think",-2,"negation","none","no","SWBD"
"SWBD-359","A2P065E9CYMYJL","think",-1,"negation","none","no","SWBD"
"SWBD-359","A2ONILC0LZKG6Y","think",1,"negation","none","no","SWBD"
"SWBD-359","A110KENBXU7SUJ","think",-2,"negation","none","no","SWBD"
"SWBD-359","A05977571SZ38O16ESGP8","think",-1,"negation","none","no","SWBD"
"SWBD-359","A2JP9IKRHNLRPI","think",-2,"negation","none","no","SWBD"
"SWBD-36","AR1IWBDA7MC86","say",0,"modal","EP","no","SWBD"
"SWBD-36","A24LC97AU3QC7G","say",1,"modal","EP","no","SWBD"
"SWBD-36","A2EOOF9D135HQ1","say",2,"modal","EP","no","SWBD"
"SWBD-36","A3G55NZ2MOUOQK","say",2,"modal","EP","no","SWBD"
"SWBD-36","A1MJVTR0PCKBWW","say",3,"modal","EP","no","SWBD"
"SWBD-36","A05977571SZ38O16ESGP8","say",2,"modal","EP","no","SWBD"
"SWBD-36","APGX2WZ59OWDN","say",1,"modal","EP","no","SWBD"
"SWBD-36","A1GXFMAC759VRM","say",2,"modal","EP","no","SWBD"
"SWBD-360","APITQRRX2PADB","realize",1,"negation","none","yes","SWBD"
"SWBD-360","A27SMEOPKV84VI","realize",-2,"negation","none","yes","SWBD"
"SWBD-360","A23KAJRDVCVGOE","realize",-1,"negation","none","yes","SWBD"
"SWBD-360","A3S300T3IVQ2GC","realize",3,"negation","none","yes","SWBD"
"SWBD-360","ANFWGSQ8BQRZ","realize",2,"negation","none","yes","SWBD"
"SWBD-360","A110KENBXU7SUJ","realize",2,"negation","none","yes","SWBD"
"SWBD-360","A1GXFMAC759VRM","realize",2,"negation","none","yes","SWBD"
"SWBD-360","A1DABMXVWWL0TR","realize",1,"negation","none","yes","SWBD"
"SWBD-361","A1EQ2HDHF2WWSY","think",-2,"negation","none","no","SWBD"
"SWBD-361","A2DXEPC4QFV4R1","think",-2,"negation","none","no","SWBD"
"SWBD-361","A1945USNZHTROX","think",-3,"negation","none","no","SWBD"
"SWBD-361","A36SM7QM8OK3H6","think",-2,"negation","none","no","SWBD"
"SWBD-361","A2AMQX0BQZXG9N","think",-3,"negation","none","no","SWBD"
"SWBD-361","A39GADIK8RLMVC","think",-2,"negation","none","no","SWBD"
"SWBD-361","A110KENBXU7SUJ","think",-2,"negation","none","no","SWBD"
"SWBD-361","AAASQIW3J32OL","think",-2,"negation","none","no","SWBD"
"SWBD-361","A3S300T3IVQ2GC","think",-3,"negation","none","no","SWBD"
"SWBD-362","A2IKPU88PDQTMF","think",-2,"negation","none","no","SWBD"
"SWBD-362","A3R6Y9ECFIJ80U","think",-1,"negation","none","no","SWBD"
"SWBD-362","A2P065E9CYMYJL","think",-2,"negation","none","no","SWBD"
"SWBD-362","A1EQ2HDHF2WWSY","think",-2,"negation","none","no","SWBD"
"SWBD-362","A110KENBXU7SUJ","think",-2,"negation","none","no","SWBD"
"SWBD-362","A27SMEOPKV84VI","think",-2,"negation","none","no","SWBD"
"SWBD-362","A214HWAW1PYWO8","think",-3,"negation","none","no","SWBD"
"SWBD-362","A3S300T3IVQ2GC","think",-3,"negation","none","no","SWBD"
"SWBD-362","A1GXFMAC759VRM","think",-3,"negation","none","no","SWBD"
"SWBD-362","A39GADIK8RLMVC","think",-2,"negation","none","no","SWBD"
"SWBD-362","A1MJVTR0PCKBWW","think",2,"negation","none","no","SWBD"
"SWBD-363","A3QL8ZAD9BKWUF","realize",-1,"negation","none","yes","SWBD"
"SWBD-363","A18LPAFMK1B06K","realize",-2,"negation","none","yes","SWBD"
"SWBD-363","A2A6FH0F7LD9ND","realize",0,"negation","none","yes","SWBD"
"SWBD-363","A1KH1O9AZ7S642","realize",-1,"negation","none","yes","SWBD"
"SWBD-363","A1GXFMAC759VRM","realize",1,"negation","none","yes","SWBD"
"SWBD-363","A2541C8MY0BYV3","realize",-1,"negation","none","yes","SWBD"
"SWBD-363","A1MJVTR0PCKBWW","realize",0,"negation","none","yes","SWBD"
"SWBD-363","A2G0HRT8HS9HRZ","realize",2,"negation","none","yes","SWBD"
"SWBD-363","A1FUR4UJ0S46W6","realize",0,"negation","none","yes","SWBD"
"SWBD-363","A2IKPU88PDQTMF","realize",3,"negation","none","yes","SWBD"
"SWBD-363","A3HNEYFOIJWPH1","realize",0,"negation","none","yes","SWBD"
"SWBD-364","A3W6T1WDYXMR3","think",-2,"negation","none","no","SWBD"
"SWBD-364","A2P065E9CYMYJL","think",-1,"negation","none","no","SWBD"
"SWBD-364","A3VRDQJNM1IC0E","think",-1,"negation","none","no","SWBD"
"SWBD-364","A39GADIK8RLMVC","think",-2,"negation","none","no","SWBD"
"SWBD-364","A27SMEOPKV84VI","think",-2,"negation","none","no","SWBD"
"SWBD-364","A2AMQX0BQZXG9N","think",-3,"negation","none","no","SWBD"
"SWBD-364","A1GXFMAC759VRM","think",-3,"negation","none","no","SWBD"
"SWBD-364","A1EQ2HDHF2WWSY","think",-2,"negation","none","no","SWBD"
"SWBD-364","A36SM7QM8OK3H6","think",-2,"negation","none","no","SWBD"
"SWBD-365","A2JP9IKRHNLRPI","say",-3,"negation","none","no","SWBD"
"SWBD-365","A2WCXJZEXXR60A","say",-1,"negation","none","no","SWBD"
"SWBD-365","A1GXFMAC759VRM","say",-1,"negation","none","no","SWBD"
"SWBD-365","A1MJVTR0PCKBWW","say",-1,"negation","none","no","SWBD"
"SWBD-365","AE60SK1Y79RGK","say",-3,"negation","none","no","SWBD"
"SWBD-365","A27SMEOPKV84VI","say",-1,"negation","none","no","SWBD"
"SWBD-365","APO6KZZ79PO9Q","say",-3,"negation","none","no","SWBD"
"SWBD-365","A3GM78FCDY293T","say",1,"negation","none","no","SWBD"
"SWBD-365","APGX2WZ59OWDN","say",-2,"negation","none","no","SWBD"
"SWBD-366","A2JP9IKRHNLRPI","say",-3,"negation","none","no","SWBD"
"SWBD-366","APGX2WZ59OWDN","say",-3,"negation","none","no","SWBD"
"SWBD-366","A1V2H0UF94ATWY","say",-2,"negation","none","no","SWBD"
"SWBD-366","A1GXFMAC759VRM","say",0,"negation","none","no","SWBD"
"SWBD-366","A239EUWY6SNDEZ","say",-3,"negation","none","no","SWBD"
"SWBD-366","A2LGSV2MKHWA49","say",0,"negation","none","no","SWBD"
"SWBD-366","A39GADIK8RLMVC","say",-3,"negation","none","no","SWBD"
"SWBD-366","AVI7K876BV3QL","say",-1,"negation","none","no","SWBD"
"SWBD-366","A2WCXJZEXXR60A","say",0,"negation","none","no","SWBD"
"SWBD-367","A18LPAFMK1B06K","think",-2,"negation","none","no","SWBD"
"SWBD-367","A3S300T3IVQ2GC","think",-3,"negation","none","no","SWBD"
"SWBD-367","A36SM7QM8OK3H6","think",-2,"negation","none","no","SWBD"
"SWBD-367","A39GADIK8RLMVC","think",-2,"negation","none","no","SWBD"
"SWBD-367","AW0MG225VXWCN","think",-2,"negation","none","no","SWBD"
"SWBD-367","ABL3H3O3BI8ZD","think",-1,"negation","none","no","SWBD"
"SWBD-367","A2P065E9CYMYJL","think",-2,"negation","none","no","SWBD"
"SWBD-367","A1GXFMAC759VRM","think",-2,"negation","none","no","SWBD"
"SWBD-367","A1945USNZHTROX","think",-3,"negation","none","no","SWBD"
"SWBD-367","A110KENBXU7SUJ","think",-2,"negation","none","no","SWBD"
"SWBD-368","A1DABMXVWWL0TR","think",2,"negation","none","no","SWBD"
"SWBD-368","A1MJHGH55K3O0","think",-2,"negation","none","no","SWBD"
"SWBD-368","A3GLMBZSG3VU4P","think",-2,"negation","none","no","SWBD"
"SWBD-368","A3F6SDO4GYBE4Y","think",-1,"negation","none","no","SWBD"
"SWBD-368","A1GXFMAC759VRM","think",-3,"negation","none","no","SWBD"
"SWBD-368","A1EQ2HDHF2WWSY","think",-2,"negation","none","no","SWBD"
"SWBD-368","A110KENBXU7SUJ","think",-2,"negation","none","no","SWBD"
"SWBD-368","A27SMEOPKV84VI","think",1,"negation","none","no","SWBD"
"SWBD-368","A24LC97AU3QC7G","think",-2,"negation","none","no","SWBD"
"SWBD-368","AAASQIW3J32OL","think",-3,"negation","none","no","SWBD"
"SWBD-369","A39GADIK8RLMVC","think",-2,"negation","none","no","SWBD"
"SWBD-369","A11S43P3WNLIZD","think",-1,"negation","none","no","SWBD"
"SWBD-369","A2IKPU88PDQTMF","think",-2,"negation","none","no","SWBD"
"SWBD-369","A239EUWY6SNDEZ","think",-3,"negation","none","no","SWBD"
"SWBD-369","A110KENBXU7SUJ","think",-1,"negation","none","no","SWBD"
"SWBD-369","A18LPAFMK1B06K","think",-2,"negation","none","no","SWBD"
"SWBD-369","A3OXRDSUN9F10I","think",2,"negation","none","no","SWBD"
"SWBD-369","A1945USNZHTROX","think",3,"negation","none","no","SWBD"
"SWBD-369","AZGBKAM5JUV5A","think",1,"negation","none","no","SWBD"
"SWBD-369","A1GXFMAC759VRM","think",-3,"negation","none","no","SWBD"
"SWBD-37","A110KENBXU7SUJ","see",3,"modal","EP","yes","SWBD"
"SWBD-37","A39GADIK8RLMVC","see",2,"modal","EP","yes","SWBD"
"SWBD-37","A1GXFMAC759VRM","see",3,"modal","EP","yes","SWBD"
"SWBD-37","A27SMEOPKV84VI","see",3,"modal","EP","yes","SWBD"
"SWBD-37","A214HWAW1PYWO8","see",2,"modal","EP","yes","SWBD"
"SWBD-37","A2P065E9CYMYJL","see",2,"modal","EP","yes","SWBD"
"SWBD-37","A3S300T3IVQ2GC","see",3,"modal","EP","yes","SWBD"
"SWBD-37","A3R6Y9ECFIJ80U","see",2,"modal","EP","yes","SWBD"
"SWBD-37","A2IKPU88PDQTMF","see",3,"modal","EP","yes","SWBD"
"SWBD-37","A1EQ2HDHF2WWSY","see",2,"modal","EP","yes","SWBD"
"SWBD-37","A1MJVTR0PCKBWW","see",3,"modal","EP","yes","SWBD"
"SWBD-370","A110KENBXU7SUJ","think",-2,"negation","none","no","SWBD"
"SWBD-370","A16SAB417Y96G4","think",-3,"negation","none","no","SWBD"
"SWBD-370","AIXIAGX87039O","think",-3,"negation","none","no","SWBD"
"SWBD-370","A2CJYS92WX7HN6","think",-2,"negation","none","no","SWBD"
"SWBD-370","A3IJTM1XM7FE15","think",-2,"negation","none","no","SWBD"
"SWBD-370","A18LPAFMK1B06K","think",-2,"negation","none","no","SWBD"
"SWBD-370","A1945USNZHTROX","think",-3,"negation","none","no","SWBD"
"SWBD-370","A1GXFMAC759VRM","think",-2,"negation","none","no","SWBD"
"SWBD-370","A38DXFI1TZA295","think",-2,"negation","none","no","SWBD"
"SWBD-371","A110KENBXU7SUJ","think",-2,"negation","none","no","SWBD"
"SWBD-371","A2IKPU88PDQTMF","think",-2,"negation","none","no","SWBD"
"SWBD-371","A3HNEYFOIJWPH1","think",-1,"negation","none","no","SWBD"
"SWBD-371","A36SM7QM8OK3H6","think",-2,"negation","none","no","SWBD"
"SWBD-371","A39GADIK8RLMVC","think",-2,"negation","none","no","SWBD"
"SWBD-371","A27SMEOPKV84VI","think",-3,"negation","none","no","SWBD"
"SWBD-371","A3GLMBZSG3VU4P","think",-3,"negation","none","no","SWBD"
"SWBD-371","A2ZV96GRXVSXK4","think",0,"negation","none","no","SWBD"
"SWBD-372","A36SM7QM8OK3H6","think",-2,"negation","none","no","SWBD"
"SWBD-372","A2AMQX0BQZXG9N","think",-3,"negation","none","no","SWBD"
"SWBD-372","A27SMEOPKV84VI","think",-3,"negation","none","no","SWBD"
"SWBD-372","A1EQ2HDHF2WWSY","think",-2,"negation","none","no","SWBD"
"SWBD-372","A39GADIK8RLMVC","think",-2,"negation","none","no","SWBD"
"SWBD-372","A1GXFMAC759VRM","think",-3,"negation","none","no","SWBD"
"SWBD-372","A3W6T1WDYXMR3","think",2,"negation","none","no","SWBD"
"SWBD-372","A3VRDQJNM1IC0E","think",-3,"negation","none","no","SWBD"
"SWBD-372","A2P065E9CYMYJL","think",-1,"negation","none","no","SWBD"
"SWBD-373","A18LPAFMK1B06K","think",-2,"negation","none","no","SWBD"
"SWBD-373","A1945USNZHTROX","think",-3,"negation","none","no","SWBD"
"SWBD-373","A1QG4N21BF61PC","think",-3,"negation","none","no","SWBD"
"SWBD-373","A5EU1AQJNC7F2","think",-3,"negation","none","no","SWBD"
"SWBD-373","A3GLMBZSG3VU4P","think",0,"negation","none","no","SWBD"
"SWBD-373","A2AMQX0BQZXG9N","think",-2,"negation","none","no","SWBD"
"SWBD-373","A39GADIK8RLMVC","think",-2,"negation","none","no","SWBD"
"SWBD-373","A16SAB417Y96G4","think",-2,"negation","none","no","SWBD"
"SWBD-373","ASI2B6A3Y556Z","think",-2,"negation","none","no","SWBD"
"SWBD-373","A1MJVTR0PCKBWW","think",0,"negation","none","no","SWBD"
"SWBD-373","A1GXFMAC759VRM","think",-3,"negation","none","no","SWBD"
"SWBD-376","A1GXFMAC759VRM","think",-2,"negation","none","no","SWBD"
"SWBD-376","A2EOOF9D135HQ1","think",2,"negation","none","no","SWBD"
"SWBD-376","A110KENBXU7SUJ","think",-2,"negation","none","no","SWBD"
"SWBD-376","AR1IWBDA7MC86","think",-2,"negation","none","no","SWBD"
"SWBD-376","A2WCXJZEXXR60A","think",-2,"negation","none","no","SWBD"
"SWBD-376","A3F6SDO4GYBE4Y","think",-2,"negation","none","no","SWBD"
"SWBD-376","ANV8C2DATCAPB","think",-2,"negation","none","no","SWBD"
"SWBD-376","A10ECDDI2BYH3K","think",0,"negation","none","no","SWBD"
"SWBD-376","A18LPAFMK1B06K","think",-2,"negation","none","no","SWBD"
"SWBD-376","A3GLMBZSG3VU4P","think",-2,"negation","none","no","SWBD"
"SWBD-377","A3F6SDO4GYBE4Y","think",-1,"negation","none","no","SWBD"
"SWBD-377","A110KENBXU7SUJ","think",-2,"negation","none","no","SWBD"
"SWBD-377","A1GXFMAC759VRM","think",-2,"negation","none","no","SWBD"
"SWBD-377","APGX2WZ59OWDN","think",-2,"negation","none","no","SWBD"
"SWBD-377","A147F5PJTHOB8A","think",0,"negation","none","no","SWBD"
"SWBD-377","A2WCXJZEXXR60A","think",-1,"negation","none","no","SWBD"
"SWBD-377","A2EOOF9D135HQ1","think",3,"negation","none","no","SWBD"
"SWBD-377","AR1IWBDA7MC86","think",-1,"negation","none","no","SWBD"
"SWBD-378","A28HB7240OFGEW","guess",2,"negation","none","no","SWBD"
"SWBD-378","A2CF2BD4Q0ZDJN","guess",-1,"negation","none","no","SWBD"
"SWBD-378","A1MJVTR0PCKBWW","guess",0,"negation","none","no","SWBD"
"SWBD-378","AR1IWBDA7MC86","guess",-2,"negation","none","no","SWBD"
"SWBD-378","A147F5PJTHOB8A","guess",-2,"negation","none","no","SWBD"
"SWBD-378","ATF7HBD1TFI2U","guess",0,"negation","none","no","SWBD"
"SWBD-378","A2EOOF9D135HQ1","guess",-1,"negation","none","no","SWBD"
"SWBD-378","APR6H3HAOE9OU","guess",-1,"negation","none","no","SWBD"
"SWBD-378","A1GRPIBHW72HDU","guess",-1,"negation","none","no","SWBD"
"SWBD-378","A28LARVABNF9BX","guess",3,"negation","none","no","SWBD"
"SWBD-379","A39GADIK8RLMVC","think",-3,"negation","none","no","SWBD"
"SWBD-379","A1GXFMAC759VRM","think",-2,"negation","none","no","SWBD"
"SWBD-379","A18LPAFMK1B06K","think",-1,"negation","none","no","SWBD"
"SWBD-379","A27SMEOPKV84VI","think",-1,"negation","none","no","SWBD"
"SWBD-379","A2AMQX0BQZXG9N","think",-3,"negation","none","no","SWBD"
"SWBD-379","ASI2B6A3Y556Z","think",-2,"negation","none","no","SWBD"
"SWBD-379","A1945USNZHTROX","think",2,"negation","none","no","SWBD"
"SWBD-379","A5EU1AQJNC7F2","think",-3,"negation","none","no","SWBD"
"SWBD-38","A2AMQX0BQZXG9N","think",2,"modal","EP","no","SWBD"
"SWBD-38","A1MJVTR0PCKBWW","think",0,"modal","EP","no","SWBD"
"SWBD-38","A27SMEOPKV84VI","think",0,"modal","EP","no","SWBD"
"SWBD-38","A1945USNZHTROX","think",3,"modal","EP","no","SWBD"
"SWBD-38","A1HN4550TIXQBZ","think",3,"modal","EP","no","SWBD"
"SWBD-38","A1EQ2HDHF2WWSY","think",2,"modal","EP","no","SWBD"
"SWBD-38","A18LPAFMK1B06K","think",1,"modal","EP","no","SWBD"
"SWBD-38","AR1IWBDA7MC86","think",0,"modal","EP","no","SWBD"
"SWBD-38","A1GXFMAC759VRM","think",2,"modal","EP","no","SWBD"
"SWBD-38","A125KW9P18V5Z1","think",-1,"modal","EP","no","SWBD"
"SWBD-38","A39GADIK8RLMVC","think",3,"modal","EP","no","SWBD"
"SWBD-380","A1GXFMAC759VRM","think",0,"negation","none","no","SWBD"
"SWBD-380","A27SMEOPKV84VI","think",2,"negation","none","no","SWBD"
"SWBD-380","ASI2B6A3Y556Z","think",2,"negation","none","no","SWBD"
"SWBD-380","A110KENBXU7SUJ","think",-2,"negation","none","no","SWBD"
"SWBD-380","A2EOOF9D135HQ1","think",2,"negation","none","no","SWBD"
"SWBD-380","A214HWAW1PYWO8","think",-3,"negation","none","no","SWBD"
"SWBD-380","A39GADIK8RLMVC","think",-2,"negation","none","no","SWBD"
"SWBD-380","AXJ1PE87PD0KK","think",0,"negation","none","no","SWBD"
"SWBD-381","A1MJVTR0PCKBWW","think",-2,"negation","none","no","SWBD"
"SWBD-381","A18LPAFMK1B06K","think",-2,"negation","none","no","SWBD"
"SWBD-381","A125KW9P18V5Z1","think",-2,"negation","none","no","SWBD"
"SWBD-381","A2AMQX0BQZXG9N","think",-3,"negation","none","no","SWBD"
"SWBD-381","A27SMEOPKV84VI","think",-2,"negation","none","no","SWBD"
"SWBD-381","A1945USNZHTROX","think",-3,"negation","none","no","SWBD"
"SWBD-381","AR1IWBDA7MC86","think",-2,"negation","none","no","SWBD"
"SWBD-381","A39GADIK8RLMVC","think",-2,"negation","none","no","SWBD"
"SWBD-381","A1GXFMAC759VRM","think",-3,"negation","none","no","SWBD"
"SWBD-381","A1EQ2HDHF2WWSY","think",-2,"negation","none","no","SWBD"
"SWBD-381","A1HN4550TIXQBZ","think",-3,"negation","none","no","SWBD"
"SWBD-382","AVI7K876BV3QL","know",3,"negation","none","yes","SWBD"
"SWBD-382","A1MJVTR0PCKBWW","know",0,"negation","none","yes","SWBD"
"SWBD-382","A2WCXJZEXXR60A","know",3,"negation","none","yes","SWBD"
"SWBD-382","A1GXFMAC759VRM","know",3,"negation","none","yes","SWBD"
"SWBD-382","A1K0S514CEY1UG","know",3,"negation","none","yes","SWBD"
"SWBD-382","A2AMQX0BQZXG9N","know",3,"negation","none","yes","SWBD"
"SWBD-382","AFN5VMMGYPF1I","know",0,"negation","none","yes","SWBD"
"SWBD-382","ATOPSQ6JDYZ6H","know",3,"negation","none","yes","SWBD"
"SWBD-382","A5EU1AQJNC7F2","know",2,"negation","none","yes","SWBD"
"SWBD-382","A2JP9IKRHNLRPI","know",2,"negation","none","yes","SWBD"
"SWBD-383","A1945USNZHTROX","think",-3,"negation","none","no","SWBD"
"SWBD-383","A3U761PEG7MFKT","think",-2,"negation","none","no","SWBD"
"SWBD-383","A1F1OZ54G177D8","think",-2,"negation","none","no","SWBD"
"SWBD-383","A39GADIK8RLMVC","think",-2,"negation","none","no","SWBD"
"SWBD-383","A125KW9P18V5Z1","think",-2,"negation","none","no","SWBD"
"SWBD-383","A4J4GGMKJ68L0","think",-2,"negation","none","no","SWBD"
"SWBD-383","A28FMRMS9TMEOZ","think",1,"negation","none","no","SWBD"
"SWBD-383","A0017268R9SKD8U2Y3F","think",-3,"negation","none","no","SWBD"
"SWBD-383","A18LPAFMK1B06K","think",-2,"negation","none","no","SWBD"
"SWBD-383","A1EQ2HDHF2WWSY","think",-2,"negation","none","no","SWBD"
"SWBD-384","A05977571SZ38O16ESGP8","know",-1,"negation","none","yes","SWBD"
"SWBD-384","AR1IWBDA7MC86","know",0,"negation","none","yes","SWBD"
"SWBD-384","AAASQIW3J32OL","know",0,"negation","none","yes","SWBD"
"SWBD-384","ASI2B6A3Y556Z","know",0,"negation","none","yes","SWBD"
"SWBD-384","A1SLM4JRDIM430","know",-2,"negation","none","yes","SWBD"
"SWBD-384","A1945USNZHTROX","know",-3,"negation","none","yes","SWBD"
"SWBD-384","APGX2WZ59OWDN","know",2,"negation","none","yes","SWBD"
"SWBD-384","AC5UD8N187QD6","know",1,"negation","none","yes","SWBD"
"SWBD-385","A28HB7240OFGEW","think",-2,"negation","none","no","SWBD"
"SWBD-385","A1GXFMAC759VRM","think",-3,"negation","none","no","SWBD"
"SWBD-385","A12723JDRPT207","think",-2,"negation","none","no","SWBD"
"SWBD-385","A2UNSF09FWX9S8","think",-1,"negation","none","no","SWBD"
"SWBD-385","AULU4VSUPO1CW","think",2,"negation","none","no","SWBD"
"SWBD-385","A9HQ3E0F2AGVO","think",2,"negation","none","no","SWBD"
"SWBD-385","A1KFUXSVGSHL5Z","think",-3,"negation","none","no","SWBD"
"SWBD-385","A2EOOF9D135HQ1","think",-2,"negation","none","no","SWBD"
"SWBD-385","A110KENBXU7SUJ","think",-2,"negation","none","no","SWBD"
"SWBD-385","A2YGAEODJ5SSF6","think",0,"negation","none","no","SWBD"
"SWBD-385","A1F9KLZGHE9DTA","think",-3,"negation","none","no","SWBD"
"SWBD-385","A2P065E9CYMYJL","think",1,"negation","none","no","SWBD"
"SWBD-386","A1MJHGH55K3O0","think",-2,"negation","none","no","SWBD"
"SWBD-386","APITQRRX2PADB","think",-2,"negation","none","no","SWBD"
"SWBD-386","A125KW9P18V5Z1","think",-3,"negation","none","no","SWBD"
"SWBD-386","A27SMEOPKV84VI","think",-2,"negation","none","no","SWBD"
"SWBD-386","A1MJVTR0PCKBWW","think",0,"negation","none","no","SWBD"
"SWBD-386","A24LC97AU3QC7G","think",-1,"negation","none","no","SWBD"
"SWBD-386","A39GADIK8RLMVC","think",-2,"negation","none","no","SWBD"
"SWBD-386","ASI2B6A3Y556Z","think",-2,"negation","none","no","SWBD"
"SWBD-386","A214HWAW1PYWO8","think",-2,"negation","none","no","SWBD"
"SWBD-386","A110KENBXU7SUJ","think",-2,"negation","none","no","SWBD"
"SWBD-387","A2RBF3IIJP15IH","know",0,"negation","none","yes","SWBD"
"SWBD-387","A2JP9IKRHNLRPI","know",0,"negation","none","yes","SWBD"
"SWBD-387","APGX2WZ59OWDN","know",2,"negation","none","yes","SWBD"
"SWBD-387","AA4KKLIU4C3NY","know",-2,"negation","none","yes","SWBD"
"SWBD-387","A1AQQFJAF8CI4H","know",0,"negation","none","yes","SWBD"
"SWBD-387","A1MJVTR0PCKBWW","know",0,"negation","none","yes","SWBD"
"SWBD-387","A1GXFMAC759VRM","know",3,"negation","none","yes","SWBD"
"SWBD-387","A27SMEOPKV84VI","know",-3,"negation","none","yes","SWBD"
"SWBD-387","ALZVG5501Y5IX","know",2,"negation","none","yes","SWBD"
"SWBD-387","A36SM7QM8OK3H6","know",0,"negation","none","yes","SWBD"
"SWBD-387","A2P065E9CYMYJL","know",-2,"negation","none","yes","SWBD"
"SWBD-387","A27MJOV91GA8R3","know",3,"negation","none","yes","SWBD"
"SWBD-388","AOTCPS24JM5DQ","think",1,"negation","none","no","SWBD"
"SWBD-388","A1GXFMAC759VRM","think",3,"negation","none","no","SWBD"
"SWBD-388","AJRY9ALX8069Y","think",-2,"negation","none","no","SWBD"
"SWBD-388","AC5UD8N187QD6","think",1,"negation","none","no","SWBD"
"SWBD-388","A1MJVTR0PCKBWW","think",-3,"negation","none","no","SWBD"
"SWBD-388","A3QNMUHAFAJRQO","think",1,"negation","none","no","SWBD"
"SWBD-388","A1RVMADIZE3BXK","think",2,"negation","none","no","SWBD"
"SWBD-388","AXKTYKCT9NGHS","think",1,"negation","none","no","SWBD"
"SWBD-388","A360G5G0DVWU7X","think",3,"negation","none","no","SWBD"
"SWBD-388","A16UAN46CNIRHY","think",3,"negation","none","no","SWBD"
"SWBD-388","A256FHXGSY0E5D","think",0,"negation","none","no","SWBD"
"SWBD-389","A2GB0RI43KU4Z","think",2,"negation","none","no","SWBD"
"SWBD-389","A2FYQIZWV2UJHS","think",-3,"negation","none","no","SWBD"
"SWBD-389","A1MJVTR0PCKBWW","think",-3,"negation","none","no","SWBD"
"SWBD-389","A2WCXJZEXXR60A","think",-2,"negation","none","no","SWBD"
"SWBD-389","A39GADIK8RLMVC","think",-3,"negation","none","no","SWBD"
"SWBD-389","APGX2WZ59OWDN","think",2,"negation","none","no","SWBD"
"SWBD-389","A1HKCTDOTL6C9I","think",-3,"negation","none","no","SWBD"
"SWBD-389","A4IH4CO046EV3","think",-3,"negation","none","no","SWBD"
"SWBD-389","ATGUAXNWCW8NI","think",-2,"negation","none","no","SWBD"
"SWBD-389","A1UH396UOK0X9Z","think",-3,"negation","none","no","SWBD"
"SWBD-39","A39GADIK8RLMVC","see",2,"conditional","AB","yes","SWBD"
"SWBD-39","A239EUWY6SNDEZ","see",0,"conditional","AB","yes","SWBD"
"SWBD-39","A1GXFMAC759VRM","see",1,"conditional","AB","yes","SWBD"
"SWBD-39","AZGBKAM5JUV5A","see",3,"conditional","AB","yes","SWBD"
"SWBD-39","A1945USNZHTROX","see",0,"conditional","AB","yes","SWBD"
"SWBD-39","A110KENBXU7SUJ","see",1,"conditional","AB","yes","SWBD"
"SWBD-39","A18LPAFMK1B06K","see",0,"conditional","AB","yes","SWBD"
"SWBD-39","A11S43P3WNLIZD","see",1,"conditional","AB","yes","SWBD"
"SWBD-39","A3OXRDSUN9F10I","see",3,"conditional","AB","yes","SWBD"
"SWBD-39","A2IKPU88PDQTMF","see",2,"conditional","AB","yes","SWBD"
"SWBD-390","AAASQIW3J32OL","think",3,"question","none","no","SWBD"
"SWBD-390","ANV8C2DATCAPB","think",2,"question","none","no","SWBD"
"SWBD-390","A1X14SEMW60XVP","think",2,"question","none","no","SWBD"
"SWBD-390","A2IQ0QCTQ3KWLT","think",-2,"question","none","no","SWBD"
"SWBD-390","A2EOOF9D135HQ1","think",2,"question","none","no","SWBD"
"SWBD-390","A28HB7240OFGEW","think",1,"question","none","no","SWBD"
"SWBD-390","A22ON3MIIG0IJA","think",2,"question","none","no","SWBD"
"SWBD-390","A3F6SDO4GYBE4Y","think",0,"question","none","no","SWBD"
"SWBD-390","A359ETX78LN74M","think",1,"question","none","no","SWBD"
"SWBD-390","A1GXFMAC759VRM","think",1,"question","none","no","SWBD"
"SWBD-390","A2JP9IKRHNLRPI","think",2,"question","none","no","SWBD"
"SWBD-390","A110KENBXU7SUJ","think",1,"question","none","no","SWBD"
"SWBD-391","A1EQ2HDHF2WWSY","think",0,"question","none","no","SWBD"
"SWBD-391","AR1IWBDA7MC86","think",0,"question","none","no","SWBD"
"SWBD-391","A214HWAW1PYWO8","think",0,"question","none","no","SWBD"
"SWBD-391","A1GXFMAC759VRM","think",0,"question","none","no","SWBD"
"SWBD-391","A320QA9HJFUOZO","think",0,"question","none","no","SWBD"
"SWBD-391","A36SM7QM8OK3H6","think",0,"question","none","no","SWBD"
"SWBD-391","A18LPAFMK1B06K","think",0,"question","none","no","SWBD"
"SWBD-391","A2WCXJZEXXR60A","think",0,"question","none","no","SWBD"
"SWBD-391","A3VVR8NR3ED04C","think",0,"question","none","no","SWBD"
"SWBD-392","APGX2WZ59OWDN","mean",1,"question","none","no","SWBD"
"SWBD-392","AR1IWBDA7MC86","mean",-2,"question","none","no","SWBD"
"SWBD-392","A110KENBXU7SUJ","mean",-2,"question","none","no","SWBD"
"SWBD-392","A2EOOF9D135HQ1","mean",0,"question","none","no","SWBD"
"SWBD-392","A05977571SZ38O16ESGP8","mean",-2,"question","none","no","SWBD"
"SWBD-392","A2B6WQG0A9CKXQ","mean",0,"question","none","no","SWBD"
"SWBD-392","A2G7N0X0PNX0EE","mean",0,"question","none","no","SWBD"
"SWBD-392","A3TOUB8313BPVS","mean",-1,"question","none","no","SWBD"
"SWBD-393","A10YS8AVLQWUZZ","think",1,"question","none","no","SWBD"
"SWBD-393","APGX2WZ59OWDN","think",1,"question","none","no","SWBD"
"SWBD-393","A321YWMP74ULKH","think",-2,"question","none","no","SWBD"
"SWBD-393","A39GADIK8RLMVC","think",2,"question","none","no","SWBD"
"SWBD-393","A3U761PEG7MFKT","think",1,"question","none","no","SWBD"
"SWBD-393","A3GLMBZSG3VU4P","think",1,"question","none","no","SWBD"
"SWBD-393","A1EQ2HDHF2WWSY","think",-2,"question","none","no","SWBD"
"SWBD-393","A2EOOF9D135HQ1","think",2,"question","none","no","SWBD"
"SWBD-394","A1GXFMAC759VRM","think",-1,"question","none","no","SWBD"
"SWBD-394","A5EU1AQJNC7F2","think",-1,"question","none","no","SWBD"
"SWBD-394","AFU00NU09CFXE","think",-2,"question","none","no","SWBD"
"SWBD-394","A1MJVTR0PCKBWW","think",-3,"question","none","no","SWBD"
"SWBD-394","AFN5VMMGYPF1I","think",-2,"question","none","no","SWBD"
"SWBD-394","A2JP9IKRHNLRPI","think",-2,"question","none","no","SWBD"
"SWBD-394","APGX2WZ59OWDN","think",-1,"question","none","no","SWBD"
"SWBD-394","A1F9KLZGHE9DTA","think",-2,"question","none","no","SWBD"
"SWBD-394","AAASQIW3J32OL","think",0,"question","none","no","SWBD"
"SWBD-394","A2WCXJZEXXR60A","think",0,"question","none","no","SWBD"
"SWBD-394","ASI2B6A3Y556Z","think",-1,"question","none","no","SWBD"
"SWBD-395","A1FUR4UJ0S46W6","think",0,"question","none","no","SWBD"
"SWBD-395","A2AMQX0BQZXG9N","think",0,"question","none","no","SWBD"
"SWBD-395","AVI7K876BV3QL","think",1,"question","none","no","SWBD"
"SWBD-395","A1GXFMAC759VRM","think",0,"question","none","no","SWBD"
"SWBD-395","A3F6SDO4GYBE4Y","think",0,"question","none","no","SWBD"
"SWBD-395","A1MJVTR0PCKBWW","think",1,"question","none","no","SWBD"
"SWBD-395","A2JP9IKRHNLRPI","think",0,"question","none","no","SWBD"
"SWBD-395","A2KH6VYX26L4HT","think",1,"question","none","no","SWBD"
"SWBD-395","AC5UD8N187QD6","think",0,"question","none","no","SWBD"
"SWBD-395","A5EU1AQJNC7F2","think",0,"question","none","no","SWBD"
"SWBD-395","ASI2B6A3Y556Z","think",0,"question","none","no","SWBD"
"SWBD-396","A3VVR8NR3ED04C","think",0,"question","none","no","SWBD"
"SWBD-396","A320QA9HJFUOZO","think",0,"question","none","no","SWBD"
"SWBD-396","A3GM78FCDY293T","think",0,"question","none","no","SWBD"
"SWBD-396","A27SMEOPKV84VI","think",0,"question","none","no","SWBD"
"SWBD-396","A1GXFMAC759VRM","think",1,"question","none","no","SWBD"
"SWBD-396","AR1IWBDA7MC86","think",0,"question","none","no","SWBD"
"SWBD-396","A1EQ2HDHF2WWSY","think",0,"question","none","no","SWBD"
"SWBD-396","A05977571SZ38O16ESGP8","think",0,"question","none","no","SWBD"
"SWBD-396","A18LPAFMK1B06K","think",0,"question","none","no","SWBD"
"SWBD-396","A2P065E9CYMYJL","think",0,"question","none","no","SWBD"
"SWBD-396","AFUX7IUQOE0NA","think",0,"question","none","no","SWBD"
"SWBD-397","APGX2WZ59OWDN","think",0,"question","none","no","SWBD"
"SWBD-397","A36SM7QM8OK3H6","think",0,"question","none","no","SWBD"
"SWBD-397","A1MJHGH55K3O0","think",0,"question","none","no","SWBD"
"SWBD-397","A2AMQX0BQZXG9N","think",0,"question","none","no","SWBD"
"SWBD-397","AY9ZVK32I1P1L","think",0,"question","none","no","SWBD"
"SWBD-397","A3VVR8NR3ED04C","think",0,"question","none","no","SWBD"
"SWBD-397","A320QA9HJFUOZO","think",0,"question","none","no","SWBD"
"SWBD-397","A1EQ2HDHF2WWSY","think",0,"question","none","no","SWBD"
"SWBD-398","A39GADIK8RLMVC","notice",3,"question","none","yes","SWBD"
"SWBD-398","A18LPAFMK1B06K","notice",1,"question","none","yes","SWBD"
"SWBD-398","AFN5VMMGYPF1I","notice",3,"question","none","yes","SWBD"
"SWBD-398","A1GXFMAC759VRM","notice",3,"question","none","yes","SWBD"
"SWBD-398","A2WCXJZEXXR60A","notice",2,"question","none","yes","SWBD"
"SWBD-398","AJZZOD77TYA2X","notice",3,"question","none","yes","SWBD"
"SWBD-398","A1S6C6EN8MPKC3","notice",3,"question","none","yes","SWBD"
"SWBD-398","A2IGPW784OFV3D","notice",2,"question","none","yes","SWBD"
"SWBD-399","A2WCXJZEXXR60A","know",3,"question","none","yes","SWBD"
"SWBD-399","A2ZRF4I5RTKN7G","know",3,"question","none","yes","SWBD"
"SWBD-399","AM8OWAW9TUVLN","know",3,"question","none","yes","SWBD"
"SWBD-399","A1IBVWKNX3OKK7","know",3,"question","none","yes","SWBD"
"SWBD-399","A2EOOF9D135HQ1","know",-3,"question","none","yes","SWBD"
"SWBD-399","A2P065E9CYMYJL","know",1,"question","none","yes","SWBD"
"SWBD-399","A6B8DOH3KV5SL","know",3,"question","none","yes","SWBD"
"SWBD-399","A1GXFMAC759VRM","know",3,"question","none","yes","SWBD"
"SWBD-4","AFUX7IUQOE0NA","know",-1,"conditional","none","yes","SWBD"
"SWBD-4","A18LPAFMK1B06K","know",1,"conditional","none","yes","SWBD"
"SWBD-4","A1EQ2HDHF2WWSY","know",2,"conditional","none","yes","SWBD"
"SWBD-4","A27SMEOPKV84VI","know",1,"conditional","none","yes","SWBD"
"SWBD-4","A320QA9HJFUOZO","know",1,"conditional","none","yes","SWBD"
"SWBD-4","AR1IWBDA7MC86","know",2,"conditional","none","yes","SWBD"
"SWBD-4","A05977571SZ38O16ESGP8","know",1,"conditional","none","yes","SWBD"
"SWBD-4","A3GM78FCDY293T","know",2,"conditional","none","yes","SWBD"
"SWBD-4","A2P065E9CYMYJL","know",0,"conditional","none","yes","SWBD"
"SWBD-4","A1GXFMAC759VRM","know",3,"conditional","none","yes","SWBD"
"SWBD-4","A3VVR8NR3ED04C","know",2,"conditional","none","yes","SWBD"
"SWBD-40","A2CJYS92WX7HN6","guarantee",-2,"negation","AB","no","SWBD"
"SWBD-40","A3IJTM1XM7FE15","guarantee",-1,"negation","AB","no","SWBD"
"SWBD-40","AIXIAGX87039O","guarantee",0,"negation","AB","no","SWBD"
"SWBD-40","A16SAB417Y96G4","guarantee",-2,"negation","AB","no","SWBD"
"SWBD-40","A110KENBXU7SUJ","guarantee",-2,"negation","AB","no","SWBD"
"SWBD-40","A18LPAFMK1B06K","guarantee",-1,"negation","AB","no","SWBD"
"SWBD-40","A38DXFI1TZA295","guarantee",1,"negation","AB","no","SWBD"
"SWBD-40","A1GXFMAC759VRM","guarantee",0,"negation","AB","no","SWBD"
"SWBD-40","A1945USNZHTROX","guarantee",-3,"negation","AB","no","SWBD"
"SWBD-400","AVI7K876BV3QL","think",0,"question","none","no","SWBD"
"SWBD-400","A2AMQX0BQZXG9N","think",0,"question","none","no","SWBD"
"SWBD-400","A2JP9IKRHNLRPI","think",0,"question","none","no","SWBD"
"SWBD-400","A1MJVTR0PCKBWW","think",0,"question","none","no","SWBD"
"SWBD-400","ATOPSQ6JDYZ6H","think",0,"question","none","no","SWBD"
"SWBD-400","AFN5VMMGYPF1I","think",0,"question","none","no","SWBD"
"SWBD-400","A5EU1AQJNC7F2","think",0,"question","none","no","SWBD"
"SWBD-400","A1K0S514CEY1UG","think",-2,"question","none","no","SWBD"
"SWBD-400","A2WCXJZEXXR60A","think",0,"question","none","no","SWBD"
"SWBD-400","A1GXFMAC759VRM","think",0,"question","none","no","SWBD"
"SWBD-401","A1GRPIBHW72HDU","know",3,"question","none","yes","SWBD"
"SWBD-401","A2CF2BD4Q0ZDJN","know",3,"question","none","yes","SWBD"
"SWBD-401","AR1IWBDA7MC86","know",3,"question","none","yes","SWBD"
"SWBD-401","A28LARVABNF9BX","know",3,"question","none","yes","SWBD"
"SWBD-401","APR6H3HAOE9OU","know",3,"question","none","yes","SWBD"
"SWBD-401","ATF7HBD1TFI2U","know",3,"question","none","yes","SWBD"
"SWBD-401","A147F5PJTHOB8A","know",3,"question","none","yes","SWBD"
"SWBD-401","A28HB7240OFGEW","know",3,"question","none","yes","SWBD"
"SWBD-401","A2EOOF9D135HQ1","know",3,"question","none","yes","SWBD"
"SWBD-401","A1MJVTR0PCKBWW","know",3,"question","none","yes","SWBD"
"SWBD-402","APGX2WZ59OWDN","know",2,"question","none","yes","SWBD"
"SWBD-402","A2EOOF9D135HQ1","know",2,"question","none","yes","SWBD"
"SWBD-402","A2G7N0X0PNX0EE","know",2,"question","none","yes","SWBD"
"SWBD-402","A2B6WQG0A9CKXQ","know",2,"question","none","yes","SWBD"
"SWBD-402","A110KENBXU7SUJ","know",3,"question","none","yes","SWBD"
"SWBD-402","A05977571SZ38O16ESGP8","know",-2,"question","none","yes","SWBD"
"SWBD-402","AR1IWBDA7MC86","know",2,"question","none","yes","SWBD"
"SWBD-402","A3TOUB8313BPVS","know",3,"question","none","yes","SWBD"
"SWBD-403","A1945USNZHTROX","think",3,"question","none","no","SWBD"
"SWBD-403","AC5UD8N187QD6","think",2,"question","none","no","SWBD"
"SWBD-403","A1SLM4JRDIM430","think",0,"question","none","no","SWBD"
"SWBD-403","A05977571SZ38O16ESGP8","think",0,"question","none","no","SWBD"
"SWBD-403","ASI2B6A3Y556Z","think",0,"question","none","no","SWBD"
"SWBD-403","AAASQIW3J32OL","think",0,"question","none","no","SWBD"
"SWBD-403","APGX2WZ59OWDN","think",0,"question","none","no","SWBD"
"SWBD-403","AR1IWBDA7MC86","think",0,"question","none","no","SWBD"
"SWBD-404","A1PZ1YZAQEXRSQ","feel",0,"question","none","no","SWBD"
"SWBD-404","A110KENBXU7SUJ","feel",0,"question","none","no","SWBD"
"SWBD-404","A10YS8AVLQWUZZ","feel",0,"question","none","no","SWBD"
"SWBD-404","A3F6SDO4GYBE4Y","feel",0,"question","none","no","SWBD"
"SWBD-404","A1945USNZHTROX","feel",0,"question","none","no","SWBD"
"SWBD-404","A3O7X46E3REM7I","feel",0,"question","none","no","SWBD"
"SWBD-404","A28HB7240OFGEW","feel",0,"question","none","no","SWBD"
"SWBD-404","A05977571SZ38O16ESGP8","feel",1,"question","none","no","SWBD"
"SWBD-404","A18LPAFMK1B06K","feel",1,"question","none","no","SWBD"
"SWBD-405","A27MJOV91GA8R3","think",1,"question","none","no","SWBD"
"SWBD-405","A2P065E9CYMYJL","think",1,"question","none","no","SWBD"
"SWBD-405","A36SM7QM8OK3H6","think",2,"question","none","no","SWBD"
"SWBD-405","ALZVG5501Y5IX","think",-2,"question","none","no","SWBD"
"SWBD-405","A1MJVTR0PCKBWW","think",2,"question","none","no","SWBD"
"SWBD-405","A1AQQFJAF8CI4H","think",1,"question","none","no","SWBD"
"SWBD-405","A2RBF3IIJP15IH","think",2,"question","none","no","SWBD"
"SWBD-405","A27SMEOPKV84VI","think",2,"question","none","no","SWBD"
"SWBD-405","APGX2WZ59OWDN","think",1,"question","none","no","SWBD"
"SWBD-405","A1GXFMAC759VRM","think",2,"question","none","no","SWBD"
"SWBD-405","AA4KKLIU4C3NY","think",3,"question","none","no","SWBD"
"SWBD-405","A2JP9IKRHNLRPI","think",2,"question","none","no","SWBD"
"SWBD-406","A18LPAFMK1B06K","know",2,"question","none","yes","SWBD"
"SWBD-406","A1F9KLZGHE9DTA","know",3,"question","none","yes","SWBD"
"SWBD-406","AFM6MQ0XZXKQD","know",2,"question","none","yes","SWBD"
"SWBD-406","A110KENBXU7SUJ","know",2,"question","none","yes","SWBD"
"SWBD-406","A39GADIK8RLMVC","know",2,"question","none","yes","SWBD"
"SWBD-406","AVJUIF9QHQRY8","know",2,"question","none","yes","SWBD"
"SWBD-406","A3454T4PU9GJM0","know",1,"question","none","yes","SWBD"
"SWBD-406","A2DXEPC4QFV4R1","know",2,"question","none","yes","SWBD"
"SWBD-406","A159ZKL4AIHIS","know",0,"question","none","yes","SWBD"
"SWBD-408","A3GLMBZSG3VU4P","hypothesize",0,"question","none","no","SWBD"
"SWBD-408","A110KENBXU7SUJ","hypothesize",0,"question","none","no","SWBD"
"SWBD-408","A1DABMXVWWL0TR","hypothesize",0,"question","none","no","SWBD"
"SWBD-408","A3F6SDO4GYBE4Y","hypothesize",0,"question","none","no","SWBD"
"SWBD-408","A1EQ2HDHF2WWSY","hypothesize",0,"question","none","no","SWBD"
"SWBD-408","A27SMEOPKV84VI","hypothesize",0,"question","none","no","SWBD"
"SWBD-408","AAASQIW3J32OL","hypothesize",0,"question","none","no","SWBD"
"SWBD-408","A1MJHGH55K3O0","hypothesize",0,"question","none","no","SWBD"
"SWBD-408","A24LC97AU3QC7G","hypothesize",0,"question","none","no","SWBD"
"SWBD-408","A1GXFMAC759VRM","hypothesize",0,"question","none","no","SWBD"
"SWBD-409","A1GXFMAC759VRM","think",0,"question","none","no","SWBD"
"SWBD-409","A27SMEOPKV84VI","think",1,"question","none","no","SWBD"
"SWBD-409","AE60SK1Y79RGK","think",1,"question","none","no","SWBD"
"SWBD-409","APGX2WZ59OWDN","think",0,"question","none","no","SWBD"
"SWBD-409","APO6KZZ79PO9Q","think",3,"question","none","no","SWBD"
"SWBD-409","A2JP9IKRHNLRPI","think",0,"question","none","no","SWBD"
"SWBD-409","A2WCXJZEXXR60A","think",0,"question","none","no","SWBD"
"SWBD-409","A1MJVTR0PCKBWW","think",2,"question","none","no","SWBD"
"SWBD-409","A3GM78FCDY293T","think",0,"question","none","no","SWBD"
"SWBD-41","A18LPAFMK1B06K","guarantee",-2,"negation","AB","no","SWBD"
"SWBD-41","A05977571SZ38O16ESGP8","guarantee",-1,"negation","AB","no","SWBD"
"SWBD-41","A3GLMBZSG3VU4P","guarantee",0,"negation","AB","no","SWBD"
"SWBD-41","A1MJVTR0PCKBWW","guarantee",1,"negation","AB","no","SWBD"
"SWBD-41","A28HB7240OFGEW","guarantee",-2,"negation","AB","no","SWBD"
"SWBD-41","A10YS8AVLQWUZZ","guarantee",0,"negation","AB","no","SWBD"
"SWBD-41","A1945USNZHTROX","guarantee",-3,"negation","AB","no","SWBD"
"SWBD-41","A2DXEPC4QFV4R1","guarantee",-1,"negation","AB","no","SWBD"
"SWBD-41","ALZVG5501Y5IX","guarantee",-1,"negation","AB","no","SWBD"
"SWBD-41","A15XX0WDRG29E7","guarantee",0,"negation","AB","no","SWBD"
"SWBD-410","APGX2WZ59OWDN","think",0,"question","none","no","SWBD"
"SWBD-410","A2WCXJZEXXR60A","think",0,"question","none","no","SWBD"
"SWBD-410","A1V2H0UF94ATWY","think",0,"question","none","no","SWBD"
"SWBD-410","A39GADIK8RLMVC","think",0,"question","none","no","SWBD"
"SWBD-410","A1GXFMAC759VRM","think",0,"question","none","no","SWBD"
"SWBD-410","A2JP9IKRHNLRPI","think",0,"question","none","no","SWBD"
"SWBD-410","AVI7K876BV3QL","think",0,"question","none","no","SWBD"
"SWBD-410","A2LGSV2MKHWA49","think",0,"question","none","no","SWBD"
"SWBD-410","A239EUWY6SNDEZ","think",0,"question","none","no","SWBD"
"SWBD-411","A1GXFMAC759VRM","believe",1,"question","none","no","SWBD"
"SWBD-411","APGX2WZ59OWDN","believe",0,"question","none","no","SWBD"
"SWBD-411","A1V2H0UF94ATWY","believe",2,"question","none","no","SWBD"
"SWBD-411","A239EUWY6SNDEZ","believe",0,"question","none","no","SWBD"
"SWBD-411","A2JP9IKRHNLRPI","believe",2,"question","none","no","SWBD"
"SWBD-411","A39GADIK8RLMVC","believe",0,"question","none","no","SWBD"
"SWBD-411","AVI7K876BV3QL","believe",0,"question","none","no","SWBD"
"SWBD-411","A2WCXJZEXXR60A","believe",2,"question","none","no","SWBD"
"SWBD-411","A2LGSV2MKHWA49","believe",-3,"question","none","no","SWBD"
"SWBD-412","A18LPAFMK1B06K","think",0,"question","none","no","SWBD"
"SWBD-412","A2DXEPC4QFV4R1","think",1,"question","none","no","SWBD"
"SWBD-412","A39GADIK8RLMVC","think",0,"question","none","no","SWBD"
"SWBD-412","A1EQ2HDHF2WWSY","think",0,"question","none","no","SWBD"
"SWBD-412","A1GXFMAC759VRM","think",1,"question","none","no","SWBD"
"SWBD-412","A1945USNZHTROX","think",0,"question","none","no","SWBD"
"SWBD-412","A2EOOF9D135HQ1","think",0,"question","none","no","SWBD"
"SWBD-412","A3S300T3IVQ2GC","think",0,"question","none","no","SWBD"
"SWBD-413","A1GXFMAC759VRM","think",0,"question","none","no","SWBD"
"SWBD-413","AAASQIW3J32OL","think",0,"question","none","no","SWBD"
"SWBD-413","A3QNMUHAFAJRQO","think",0,"question","none","no","SWBD"
"SWBD-413","A110KENBXU7SUJ","think",0,"question","none","no","SWBD"
"SWBD-413","ASI2B6A3Y556Z","think",0,"question","none","no","SWBD"
"SWBD-413","A1HKCTDOTL6C9I","think",0,"question","none","no","SWBD"
"SWBD-413","A1MJVTR0PCKBWW","think",-2,"question","none","no","SWBD"
"SWBD-413","A1UH396UOK0X9Z","think",0,"question","none","no","SWBD"
"SWBD-413","A233KUL18RUW1N","think",-1,"question","none","no","SWBD"
"SWBD-413","A1L3937MY09J3I","think",2,"question","none","no","SWBD"
"SWBD-414","AAASQIW3J32OL","find",0,"question","none","yes","SWBD"
"SWBD-414","A2JP9IKRHNLRPI","find",0,"question","none","yes","SWBD"
"SWBD-414","AFN5VMMGYPF1I","find",0,"question","none","yes","SWBD"
"SWBD-414","APGX2WZ59OWDN","find",0,"question","none","yes","SWBD"
"SWBD-414","A1F9KLZGHE9DTA","find",0,"question","none","yes","SWBD"
"SWBD-414","ASI2B6A3Y556Z","find",0,"question","none","yes","SWBD"
"SWBD-414","A1GXFMAC759VRM","find",0,"question","none","yes","SWBD"
"SWBD-414","AFU00NU09CFXE","find",1,"question","none","yes","SWBD"
"SWBD-414","A2WCXJZEXXR60A","find",0,"question","none","yes","SWBD"
"SWBD-414","A1MJVTR0PCKBWW","find",0,"question","none","yes","SWBD"
"SWBD-414","A5EU1AQJNC7F2","find",0,"question","none","yes","SWBD"
"SWBD-415","ASI2B6A3Y556Z","bet",2,"question","none","no","SWBD"
"SWBD-415","A125KW9P18V5Z1","bet",2,"question","none","no","SWBD"
"SWBD-415","A1MJVTR0PCKBWW","bet",0,"question","none","no","SWBD"
"SWBD-415","A1MJHGH55K3O0","bet",0,"question","none","no","SWBD"
"SWBD-415","A214HWAW1PYWO8","bet",1,"question","none","no","SWBD"
"SWBD-415","A110KENBXU7SUJ","bet",1,"question","none","no","SWBD"
"SWBD-415","A27SMEOPKV84VI","bet",2,"question","none","no","SWBD"
"SWBD-415","A24LC97AU3QC7G","bet",0,"question","none","no","SWBD"
"SWBD-415","A39GADIK8RLMVC","bet",0,"question","none","no","SWBD"
"SWBD-415","APITQRRX2PADB","bet",1,"question","none","no","SWBD"
"SWBD-416","A1RVMADIZE3BXK","say",0,"question","none","no","SWBD"
"SWBD-416","A1MJVTR0PCKBWW","say",3,"question","none","no","SWBD"
"SWBD-416","AOTCPS24JM5DQ","say",-2,"question","none","no","SWBD"
"SWBD-416","AJRY9ALX8069Y","say",2,"question","none","no","SWBD"
"SWBD-416","A16UAN46CNIRHY","say",0,"question","none","no","SWBD"
"SWBD-416","A360G5G0DVWU7X","say",0,"question","none","no","SWBD"
"SWBD-416","AXKTYKCT9NGHS","say",0,"question","none","no","SWBD"
"SWBD-416","A256FHXGSY0E5D","say",2,"question","none","no","SWBD"
"SWBD-416","A1GXFMAC759VRM","say",0,"question","none","no","SWBD"
"SWBD-416","AC5UD8N187QD6","say",1,"question","none","no","SWBD"
"SWBD-416","A3QNMUHAFAJRQO","say",0,"question","none","no","SWBD"
"SWBD-417","A1X14SEMW60XVP","feel",0,"question","none","no","SWBD"
"SWBD-417","A2IQ0QCTQ3KWLT","feel",-1,"question","none","no","SWBD"
"SWBD-417","A2EOOF9D135HQ1","feel",0,"question","none","no","SWBD"
"SWBD-417","A359ETX78LN74M","feel",0,"question","none","no","SWBD"
"SWBD-417","AAASQIW3J32OL","feel",0,"question","none","no","SWBD"
"SWBD-417","ANV8C2DATCAPB","feel",-1,"question","none","no","SWBD"
"SWBD-417","A1GXFMAC759VRM","feel",0,"question","none","no","SWBD"
"SWBD-417","A22ON3MIIG0IJA","feel",0,"question","none","no","SWBD"
"SWBD-417","A2JP9IKRHNLRPI","feel",0,"question","none","no","SWBD"
"SWBD-417","A110KENBXU7SUJ","feel",-1,"question","none","no","SWBD"
"SWBD-417","A28HB7240OFGEW","feel",-1,"question","none","no","SWBD"
"SWBD-417","A3F6SDO4GYBE4Y","feel",0,"question","none","no","SWBD"
"SWBD-418","A2CJYS92WX7HN6","find",0,"question","none","yes","SWBD"
"SWBD-418","A1GXFMAC759VRM","find",0,"question","none","yes","SWBD"
"SWBD-418","A110KENBXU7SUJ","find",0,"question","none","yes","SWBD"
"SWBD-418","A38DXFI1TZA295","find",0,"question","none","yes","SWBD"
"SWBD-418","A3IJTM1XM7FE15","find",0,"question","none","yes","SWBD"
"SWBD-418","AIXIAGX87039O","find",2,"question","none","yes","SWBD"
"SWBD-418","A16SAB417Y96G4","find",0,"question","none","yes","SWBD"
"SWBD-418","A18LPAFMK1B06K","find",0,"question","none","yes","SWBD"
"SWBD-418","A1945USNZHTROX","find",1,"question","none","yes","SWBD"
"SWBD-419","A1GXFMAC759VRM","take",1,"question","none","no","SWBD"
"SWBD-419","A1S6C6EN8MPKC3","take",1,"question","none","no","SWBD"
"SWBD-419","A2WCXJZEXXR60A","take",0,"question","none","no","SWBD"
"SWBD-419","A18LPAFMK1B06K","take",1,"question","none","no","SWBD"
"SWBD-419","AJZZOD77TYA2X","take",2,"question","none","no","SWBD"
"SWBD-419","A2IGPW784OFV3D","take",0,"question","none","no","SWBD"
"SWBD-419","AFN5VMMGYPF1I","take",0,"question","none","no","SWBD"
"SWBD-419","A39GADIK8RLMVC","take",0,"question","none","no","SWBD"
"SWBD-42","A2EOOF9D135HQ1","believe",3,"negation","AB","no","SWBD"
"SWBD-42","A1GXFMAC759VRM","believe",3,"negation","AB","no","SWBD"
"SWBD-42","ANV8C2DATCAPB","believe",3,"negation","AB","no","SWBD"
"SWBD-42","AR1IWBDA7MC86","believe",3,"negation","AB","no","SWBD"
"SWBD-42","A18LPAFMK1B06K","believe",3,"negation","AB","no","SWBD"
"SWBD-42","A3GLMBZSG3VU4P","believe",2,"negation","AB","no","SWBD"
"SWBD-42","A110KENBXU7SUJ","believe",-1,"negation","AB","no","SWBD"
"SWBD-42","A3F6SDO4GYBE4Y","believe",-2,"negation","AB","no","SWBD"
"SWBD-42","A2WCXJZEXXR60A","believe",3,"negation","AB","no","SWBD"
"SWBD-42","A10ECDDI2BYH3K","believe",3,"negation","AB","no","SWBD"
"SWBD-420","A28HB7240OFGEW","find",0,"question","none","yes","SWBD"
"SWBD-420","A10YS8AVLQWUZZ","find",0,"question","none","yes","SWBD"
"SWBD-420","A1945USNZHTROX","find",-1,"question","none","yes","SWBD"
"SWBD-420","ALZVG5501Y5IX","find",2,"question","none","yes","SWBD"
"SWBD-420","A1MJVTR0PCKBWW","find",1,"question","none","yes","SWBD"
"SWBD-420","A15XX0WDRG29E7","find",-3,"question","none","yes","SWBD"
"SWBD-420","A2DXEPC4QFV4R1","find",0,"question","none","yes","SWBD"
"SWBD-420","A18LPAFMK1B06K","find",0,"question","none","yes","SWBD"
"SWBD-420","A05977571SZ38O16ESGP8","find",1,"question","none","yes","SWBD"
"SWBD-420","A3GLMBZSG3VU4P","find",0,"question","none","yes","SWBD"
"SWBD-421","A18LPAFMK1B06K","think",0,"question","none","no","SWBD"
"SWBD-421","A2P065E9CYMYJL","think",0,"question","none","no","SWBD"
"SWBD-421","ASI2B6A3Y556Z","think",0,"question","none","no","SWBD"
"SWBD-421","A2WCXJZEXXR60A","think",0,"question","none","no","SWBD"
"SWBD-421","A1GXFMAC759VRM","think",0,"question","none","no","SWBD"
"SWBD-421","A2AMQX0BQZXG9N","think",0,"question","none","no","SWBD"
"SWBD-421","A1EQ2HDHF2WWSY","think",0,"question","none","no","SWBD"
"SWBD-421","A320QA9HJFUOZO","think",0,"question","none","no","SWBD"
"SWBD-422","AC5UD8N187QD6","think",0,"question","none","no","SWBD"
"SWBD-422","A3GM78FCDY293T","think",0,"question","none","no","SWBD"
"SWBD-422","A1EQ2HDHF2WWSY","think",0,"question","none","no","SWBD"
"SWBD-422","A320QA9HJFUOZO","think",0,"question","none","no","SWBD"
"SWBD-422","AAASQIW3J32OL","think",0,"question","none","no","SWBD"
"SWBD-422","A2P065E9CYMYJL","think",1,"question","none","no","SWBD"
"SWBD-422","A3VVR8NR3ED04C","think",0,"question","none","no","SWBD"
"SWBD-422","A24LC97AU3QC7G","think",0,"question","none","no","SWBD"
"SWBD-422","A10YS8AVLQWUZZ","think",0,"question","none","no","SWBD"
"SWBD-422","A2WCXJZEXXR60A","think",0,"question","none","no","SWBD"
"SWBD-422","A1MJVTR0PCKBWW","think",1,"question","none","no","SWBD"
"SWBD-422","A1GXFMAC759VRM","think",1,"question","none","no","SWBD"
"SWBD-423","A320QA9HJFUOZO","think",0,"question","none","no","SWBD"
"SWBD-423","A36SM7QM8OK3H6","think",0,"question","none","no","SWBD"
"SWBD-423","A1GXFMAC759VRM","think",0,"question","none","no","SWBD"
"SWBD-423","A2MKXI4KCRRI7Y","think",0,"question","none","no","SWBD"
"SWBD-423","ALZVG5501Y5IX","think",-2,"question","none","no","SWBD"
"SWBD-423","A1EQ2HDHF2WWSY","think",0,"question","none","no","SWBD"
"SWBD-423","A24LC97AU3QC7G","think",0,"question","none","no","SWBD"
"SWBD-423","AAASQIW3J32OL","think",0,"question","none","no","SWBD"
"SWBD-423","A3GM78FCDY293T","think",0,"question","none","no","SWBD"
"SWBD-423","AEWGY34WUIA32","think",0,"question","none","no","SWBD"
"SWBD-424","A14WLAP6TCEKO0","think",1,"question","none","no","SWBD"
"SWBD-424","A18LPAFMK1B06K","think",2,"question","none","no","SWBD"
"SWBD-424","A1945USNZHTROX","think",2,"question","none","no","SWBD"
"SWBD-424","A3GLMBZSG3VU4P","think",1,"question","none","no","SWBD"
"SWBD-424","A1GXFMAC759VRM","think",2,"question","none","no","SWBD"
"SWBD-424","A5EU1AQJNC7F2","think",0,"question","none","no","SWBD"
"SWBD-424","A1EQ2HDHF2WWSY","think",0,"question","none","no","SWBD"
"SWBD-424","A16SAB417Y96G4","think",1,"question","none","no","SWBD"
"SWBD-424","A2AMQX0BQZXG9N","think",0,"question","none","no","SWBD"
"SWBD-424","A3LECJA9RVQQKZ","think",0,"question","none","no","SWBD"
"SWBD-425","A159ZKL4AIHIS","guess",1,"question","none","no","SWBD"
"SWBD-425","A18LPAFMK1B06K","guess",1,"question","none","no","SWBD"
"SWBD-425","AVJUIF9QHQRY8","guess",0,"question","none","no","SWBD"
"SWBD-425","A2DXEPC4QFV4R1","guess",1,"question","none","no","SWBD"
"SWBD-425","A110KENBXU7SUJ","guess",1,"question","none","no","SWBD"
"SWBD-425","A1F9KLZGHE9DTA","guess",1,"question","none","no","SWBD"
"SWBD-425","A39GADIK8RLMVC","guess",0,"question","none","no","SWBD"
"SWBD-425","A3454T4PU9GJM0","guess",1,"question","none","no","SWBD"
"SWBD-425","AFM6MQ0XZXKQD","guess",-1,"question","none","no","SWBD"
"SWBD-426","A1GXFMAC759VRM","think",0,"question","none","no","SWBD"
"SWBD-426","A18LPAFMK1B06K","think",0,"question","none","no","SWBD"
"SWBD-426","A16SAB417Y96G4","think",0,"question","none","no","SWBD"
"SWBD-426","A1L3937MY09J3I","think",3,"question","none","no","SWBD"
"SWBD-426","A1945USNZHTROX","think",0,"question","none","no","SWBD"
"SWBD-426","A3CF8ULBSE8MTL","think",0,"question","none","no","SWBD"
"SWBD-426","A3LFVI65XV1T46","think",-1,"question","none","no","SWBD"
"SWBD-426","A1EQ2HDHF2WWSY","think",0,"question","none","no","SWBD"
"SWBD-426","A110KENBXU7SUJ","think",0,"question","none","no","SWBD"
"SWBD-426","A1MJVTR0PCKBWW","think",1,"question","none","no","SWBD"
"SWBD-427","ANFWGSQ8BQRZ","think",0,"question","none","no","SWBD"
"SWBD-427","A1GXFMAC759VRM","think",1,"question","none","no","SWBD"
"SWBD-427","A27SMEOPKV84VI","think",1,"question","none","no","SWBD"
"SWBD-427","A23KAJRDVCVGOE","think",1,"question","none","no","SWBD"
"SWBD-427","APITQRRX2PADB","think",0,"question","none","no","SWBD"
"SWBD-427","A1DABMXVWWL0TR","think",0,"question","none","no","SWBD"
"SWBD-427","A3S300T3IVQ2GC","think",0,"question","none","no","SWBD"
"SWBD-427","A110KENBXU7SUJ","think",0,"question","none","no","SWBD"
"SWBD-428","A2IKPU88PDQTMF","think",1,"question","none","no","SWBD"
"SWBD-428","A3HNEYFOIJWPH1","think",1,"question","none","no","SWBD"
"SWBD-428","A2G0HRT8HS9HRZ","think",0,"question","none","no","SWBD"
"SWBD-428","A18LPAFMK1B06K","think",0,"question","none","no","SWBD"
"SWBD-428","A1GXFMAC759VRM","think",1,"question","none","no","SWBD"
"SWBD-428","A3QL8ZAD9BKWUF","think",2,"question","none","no","SWBD"
"SWBD-428","A2A6FH0F7LD9ND","think",1,"question","none","no","SWBD"
"SWBD-428","A1KH1O9AZ7S642","think",1,"question","none","no","SWBD"
"SWBD-428","A1FUR4UJ0S46W6","think",2,"question","none","no","SWBD"
"SWBD-428","A1MJVTR0PCKBWW","think",1,"question","none","no","SWBD"
"SWBD-428","A2541C8MY0BYV3","think",2,"question","none","no","SWBD"
"SWBD-429","A2IKPU88PDQTMF","think",0,"question","none","no","SWBD"
"SWBD-429","A1GXFMAC759VRM","think",1,"question","none","no","SWBD"
"SWBD-429","A110KENBXU7SUJ","think",-1,"question","none","no","SWBD"
"SWBD-429","ATF7HBD1TFI2U","think",0,"question","none","no","SWBD"
"SWBD-429","A239EUWY6SNDEZ","think",1,"question","none","no","SWBD"
"SWBD-429","A1DABMXVWWL0TR","think",0,"question","none","no","SWBD"
"SWBD-429","A1DS5O8MSI3ZH0","think",0,"question","none","no","SWBD"
"SWBD-429","A18LPAFMK1B06K","think",-1,"question","none","no","SWBD"
"SWBD-43","A3VVR8NR3ED04C","say",1,"negation","CI","no","SWBD"
"SWBD-43","A2P065E9CYMYJL","say",-2,"negation","CI","no","SWBD"
"SWBD-43","A320QA9HJFUOZO","say",1,"negation","CI","no","SWBD"
"SWBD-43","AAASQIW3J32OL","say",-2,"negation","CI","no","SWBD"
"SWBD-43","A24LC97AU3QC7G","say",1,"negation","CI","no","SWBD"
"SWBD-43","A1EQ2HDHF2WWSY","say",2,"negation","CI","no","SWBD"
"SWBD-43","A1MJVTR0PCKBWW","say",3,"negation","CI","no","SWBD"
"SWBD-43","AC5UD8N187QD6","say",2,"negation","CI","no","SWBD"
"SWBD-43","A2WCXJZEXXR60A","say",2,"negation","CI","no","SWBD"
"SWBD-43","A10YS8AVLQWUZZ","say",-2,"negation","CI","no","SWBD"
"SWBD-43","A1GXFMAC759VRM","say",2,"negation","CI","no","SWBD"
"SWBD-43","A3GM78FCDY293T","say",0,"negation","CI","no","SWBD"
"SWBD-430","AFN5VMMGYPF1I","think",0,"question","none","no","SWBD"
"SWBD-430","A3GLMBZSG3VU4P","think",0,"question","none","no","SWBD"
"SWBD-430","A1GXFMAC759VRM","think",0,"question","none","no","SWBD"
"SWBD-430","A18LPAFMK1B06K","think",-1,"question","none","no","SWBD"
"SWBD-430","AFUX7IUQOE0NA","think",-1,"question","none","no","SWBD"
"SWBD-430","A2MGH3MBXMKD96","think",0,"question","none","no","SWBD"
"SWBD-430","A3FFZN4FO3Q789","think",0,"question","none","no","SWBD"
"SWBD-430","A2HC9549CZAKNN","think",0,"question","none","no","SWBD"
"SWBD-431","A2DXEPC4QFV4R1","think",0,"question","none","no","SWBD"
"SWBD-431","A1USR9JCAMDGM3","think",0,"question","none","no","SWBD"
"SWBD-431","A3F6SDO4GYBE4Y","think",0,"question","none","no","SWBD"
"SWBD-431","A1GXFMAC759VRM","think",0,"question","none","no","SWBD"
"SWBD-431","A110KENBXU7SUJ","think",0,"question","none","no","SWBD"
"SWBD-431","A1KH1O9AZ7S642","think",0,"question","none","no","SWBD"
"SWBD-431","AA4KKLIU4C3NY","think",0,"question","none","no","SWBD"
"SWBD-431","A2C84POENS2UNY","think",0,"question","none","no","SWBD"
"SWBD-431","A1K8QNLYYYX21W","think",2,"question","none","no","SWBD"
"SWBD-431","A18LPAFMK1B06K","think",0,"question","none","no","SWBD"
"SWBD-431","A1MJVTR0PCKBWW","think",-1,"question","none","no","SWBD"
"SWBD-431","A1IFIK8J49WBER","think",2,"question","none","no","SWBD"
"SWBD-432","A3HNEYFOIJWPH1","think",0,"question","none","no","SWBD"
"SWBD-432","A36SM7QM8OK3H6","think",0,"question","none","no","SWBD"
"SWBD-432","A3GLMBZSG3VU4P","think",3,"question","none","no","SWBD"
"SWBD-432","A27SMEOPKV84VI","think",0,"question","none","no","SWBD"
"SWBD-432","A2IKPU88PDQTMF","think",0,"question","none","no","SWBD"
"SWBD-432","A110KENBXU7SUJ","think",0,"question","none","no","SWBD"
"SWBD-432","A2ZV96GRXVSXK4","think",0,"question","none","no","SWBD"
"SWBD-432","A39GADIK8RLMVC","think",0,"question","none","no","SWBD"
"SWBD-433","A3VVR8NR3ED04C","feel",2,"question","none","no","SWBD"
"SWBD-433","A2WCXJZEXXR60A","feel",0,"question","none","no","SWBD"
"SWBD-433","A18LPAFMK1B06K","feel",1,"question","none","no","SWBD"
"SWBD-433","A320QA9HJFUOZO","feel",1,"question","none","no","SWBD"
"SWBD-433","A1GXFMAC759VRM","feel",0,"question","none","no","SWBD"
"SWBD-433","AR1IWBDA7MC86","feel",1,"question","none","no","SWBD"
"SWBD-433","A36SM7QM8OK3H6","feel",1,"question","none","no","SWBD"
"SWBD-433","A1EQ2HDHF2WWSY","feel",0,"question","none","no","SWBD"
"SWBD-433","A214HWAW1PYWO8","feel",2,"question","none","no","SWBD"
"SWBD-434","A1MJVTR0PCKBWW","think",1,"question","none","no","SWBD"
"SWBD-434","A36SM7QM8OK3H6","think",0,"question","none","no","SWBD"
"SWBD-434","AW0MG225VXWCN","think",1,"question","none","no","SWBD"
"SWBD-434","ASI2B6A3Y556Z","think",0,"question","none","no","SWBD"
"SWBD-434","A2AMQX0BQZXG9N","think",0,"question","none","no","SWBD"
"SWBD-434","A1GXFMAC759VRM","think",0,"question","none","no","SWBD"
"SWBD-434","A28HB7240OFGEW","think",0,"question","none","no","SWBD"
"SWBD-434","AS0M9S5W52N4M","think",1,"question","none","no","SWBD"
"SWBD-434","A110KENBXU7SUJ","think",0,"question","none","no","SWBD"
"SWBD-434","A3S300T3IVQ2GC","think",0,"question","none","no","SWBD"
"SWBD-434","A39GADIK8RLMVC","think",0,"question","none","no","SWBD"
"SWBD-435","A2IQ0QCTQ3KWLT","think",-2,"question","none","no","SWBD"
"SWBD-435","A39GADIK8RLMVC","think",0,"question","none","no","SWBD"
"SWBD-435","A1MJHGH55K3O0","think",0,"question","none","no","SWBD"
"SWBD-435","A1MJVTR0PCKBWW","think",2,"question","none","no","SWBD"
"SWBD-435","A3S300T3IVQ2GC","think",-3,"question","none","no","SWBD"
"SWBD-435","A1GXFMAC759VRM","think",0,"question","none","no","SWBD"
"SWBD-435","A3F6SDO4GYBE4Y","think",0,"question","none","no","SWBD"
"SWBD-435","APITQRRX2PADB","think",0,"question","none","no","SWBD"
"SWBD-435","A36SM7QM8OK3H6","think",0,"question","none","no","SWBD"
"SWBD-435","A2AMQX0BQZXG9N","think",0,"question","none","no","SWBD"
"SWBD-436","APGX2WZ59OWDN","think",0,"question","none","no","SWBD"
"SWBD-436","A3QNMUHAFAJRQO","think",2,"question","none","no","SWBD"
"SWBD-436","A2AMQX0BQZXG9N","think",0,"question","none","no","SWBD"
"SWBD-436","A3T61LJ1WNOL6Z","think",0,"question","none","no","SWBD"
"SWBD-436","A35K3YVCX1LVPE","think",0,"question","none","no","SWBD"
"SWBD-436","A18LPAFMK1B06K","think",0,"question","none","no","SWBD"
"SWBD-436","A1GXFMAC759VRM","think",0,"question","none","no","SWBD"
"SWBD-436","AVJUIF9QHQRY8","think",0,"question","none","no","SWBD"
"SWBD-436","A3454T4PU9GJM0","think",0,"question","none","no","SWBD"
"SWBD-436","AFN5VMMGYPF1I","think",0,"question","none","no","SWBD"
"SWBD-437","APITQRRX2PADB","think",0,"question","none","no","SWBD"
"SWBD-437","A2AMQX0BQZXG9N","think",0,"question","none","no","SWBD"
"SWBD-437","A1GXFMAC759VRM","think",0,"question","none","no","SWBD"
"SWBD-437","A36SM7QM8OK3H6","think",0,"question","none","no","SWBD"
"SWBD-437","A3SX229VS1X6B6","think",-3,"question","none","no","SWBD"
"SWBD-437","A39GADIK8RLMVC","think",0,"question","none","no","SWBD"
"SWBD-437","ASI2B6A3Y556Z","think",0,"question","none","no","SWBD"
"SWBD-437","APGX2WZ59OWDN","think",0,"question","none","no","SWBD"
"SWBD-438","A39GADIK8RLMVC","think",0,"question","none","no","SWBD"
"SWBD-438","AW0MG225VXWCN","think",1,"question","none","no","SWBD"
"SWBD-438","A3F6SDO4GYBE4Y","think",0,"question","none","no","SWBD"
"SWBD-438","A36SM7QM8OK3H6","think",1,"question","none","no","SWBD"
"SWBD-438","A18LPAFMK1B06K","think",1,"question","none","no","SWBD"
"SWBD-438","A2RBF3IIJP15IH","think",0,"question","none","no","SWBD"
"SWBD-438","A1GXFMAC759VRM","think",0,"question","none","no","SWBD"
"SWBD-438","A2AMQX0BQZXG9N","think",0,"question","none","no","SWBD"
"SWBD-439","A3S300T3IVQ2GC","think",0,"question","none","no","SWBD"
"SWBD-439","A4IH4CO046EV3","think",0,"question","none","no","SWBD"
"SWBD-439","AFN5VMMGYPF1I","think",0,"question","none","no","SWBD"
"SWBD-439","A1F9KLZGHE9DTA","think",0,"question","none","no","SWBD"
"SWBD-439","APGX2WZ59OWDN","think",0,"question","none","no","SWBD"
"SWBD-439","A3Q0XAGQ7TD7MP","think",0,"question","none","no","SWBD"
"SWBD-439","A110KENBXU7SUJ","think",-2,"question","none","no","SWBD"
"SWBD-439","ASI2B6A3Y556Z","think",0,"question","none","no","SWBD"
"SWBD-439","A1GXFMAC759VRM","think",0,"question","none","no","SWBD"
"SWBD-439","A258MR1IS96JEP","think",0,"question","none","no","SWBD"
"SWBD-439","A2R8IV2PWFTY00","think",0,"question","none","no","SWBD"
"SWBD-439","A2AMQX0BQZXG9N","think",0,"question","none","no","SWBD"
"SWBD-44","A24LC97AU3QC7G","say",-2,"negation","CI","no","SWBD"
"SWBD-44","AEWGY34WUIA32","say",-2,"negation","CI","no","SWBD"
"SWBD-44","A2MKXI4KCRRI7Y","say",1,"negation","CI","no","SWBD"
"SWBD-44","A1EQ2HDHF2WWSY","say",0,"negation","CI","no","SWBD"
"SWBD-44","A36SM7QM8OK3H6","say",1,"negation","CI","no","SWBD"
"SWBD-44","A320QA9HJFUOZO","say",1,"negation","CI","no","SWBD"
"SWBD-44","A3GM78FCDY293T","say",1,"negation","CI","no","SWBD"
"SWBD-44","AAASQIW3J32OL","say",-2,"negation","CI","no","SWBD"
"SWBD-44","ALZVG5501Y5IX","say",-2,"negation","CI","no","SWBD"
"SWBD-44","A1GXFMAC759VRM","say",-2,"negation","CI","no","SWBD"
"SWBD-440","A1EQ2HDHF2WWSY","feel",0,"question","none","no","SWBD"
"SWBD-440","A39GADIK8RLMVC","feel",-2,"question","none","no","SWBD"
"SWBD-440","A321YWMP74ULKH","feel",-1,"question","none","no","SWBD"
"SWBD-440","APGX2WZ59OWDN","feel",0,"question","none","no","SWBD"
"SWBD-440","A10YS8AVLQWUZZ","feel",3,"question","none","no","SWBD"
"SWBD-440","A3U761PEG7MFKT","feel",0,"question","none","no","SWBD"
"SWBD-440","A2EOOF9D135HQ1","feel",0,"question","none","no","SWBD"
"SWBD-440","A3GLMBZSG3VU4P","feel",0,"question","none","no","SWBD"
"SWBD-441","A2EOOF9D135HQ1","think",2,"question","none","no","SWBD"
"SWBD-441","A1GXFMAC759VRM","think",1,"question","none","no","SWBD"
"SWBD-441","APGX2WZ59OWDN","think",0,"question","none","no","SWBD"
"SWBD-441","A1MJVTR0PCKBWW","think",0,"question","none","no","SWBD"
"SWBD-441","A24LC97AU3QC7G","think",1,"question","none","no","SWBD"
"SWBD-441","A3G55NZ2MOUOQK","think",-2,"question","none","no","SWBD"
"SWBD-441","A05977571SZ38O16ESGP8","think",1,"question","none","no","SWBD"
"SWBD-441","AR1IWBDA7MC86","think",2,"question","none","no","SWBD"
"SWBD-442","A3F6SDO4GYBE4Y","guess",2,"question","none","no","SWBD"
"SWBD-442","A3O7X46E3REM7I","guess",0,"question","none","no","SWBD"
"SWBD-442","A05977571SZ38O16ESGP8","guess",3,"question","none","no","SWBD"
"SWBD-442","A110KENBXU7SUJ","guess",2,"question","none","no","SWBD"
"SWBD-442","A28HB7240OFGEW","guess",1,"question","none","no","SWBD"
"SWBD-442","A1945USNZHTROX","guess",2,"question","none","no","SWBD"
"SWBD-442","A18LPAFMK1B06K","guess",1,"question","none","no","SWBD"
"SWBD-442","A1PZ1YZAQEXRSQ","guess",1,"question","none","no","SWBD"
"SWBD-442","A10YS8AVLQWUZZ","guess",0,"question","none","no","SWBD"
"SWBD-443","A110KENBXU7SUJ","think",0,"question","none","no","SWBD"
"SWBD-443","A2WCXJZEXXR60A","think",0,"question","none","no","SWBD"
"SWBD-443","A2P065E9CYMYJL","think",1,"question","none","no","SWBD"
"SWBD-443","A2EOOF9D135HQ1","think",1,"question","none","no","SWBD"
"SWBD-443","A05977571SZ38O16ESGP8","think",0,"question","none","no","SWBD"
"SWBD-443","A1GXFMAC759VRM","think",0,"question","none","no","SWBD"
"SWBD-443","A2JP9IKRHNLRPI","think",0,"question","none","no","SWBD"
"SWBD-443","A2ONILC0LZKG6Y","think",0,"question","none","no","SWBD"
"SWBD-443","APGX2WZ59OWDN","think",0,"question","none","no","SWBD"
"SWBD-444","A1945USNZHTROX","think",0,"question","none","no","SWBD"
"SWBD-444","A3S300T3IVQ2GC","think",-1,"question","none","no","SWBD"
"SWBD-444","A36SM7QM8OK3H6","think",0,"question","none","no","SWBD"
"SWBD-444","A2AMQX0BQZXG9N","think",0,"question","none","no","SWBD"
"SWBD-444","A1EQ2HDHF2WWSY","think",0,"question","none","no","SWBD"
"SWBD-444","A110KENBXU7SUJ","think",0,"question","none","no","SWBD"
"SWBD-444","A39GADIK8RLMVC","think",0,"question","none","no","SWBD"
"SWBD-444","AAASQIW3J32OL","think",-1,"question","none","no","SWBD"
"SWBD-444","A2DXEPC4QFV4R1","think",0,"question","none","no","SWBD"
"SWBD-445","A28HB7240OFGEW","guess",1,"question","none","no","SWBD"
"SWBD-445","A2EOOF9D135HQ1","guess",1,"question","none","no","SWBD"
"SWBD-445","A1X14SEMW60XVP","guess",1,"question","none","no","SWBD"
"SWBD-445","A3F6SDO4GYBE4Y","guess",1,"question","none","no","SWBD"
"SWBD-445","A2IQ0QCTQ3KWLT","guess",1,"question","none","no","SWBD"
"SWBD-445","A1GXFMAC759VRM","guess",2,"question","none","no","SWBD"
"SWBD-445","ANV8C2DATCAPB","guess",3,"question","none","no","SWBD"
"SWBD-445","A2JP9IKRHNLRPI","guess",1,"question","none","no","SWBD"
"SWBD-445","A22ON3MIIG0IJA","guess",1,"question","none","no","SWBD"
"SWBD-445","A110KENBXU7SUJ","guess",2,"question","none","no","SWBD"
"SWBD-445","AAASQIW3J32OL","guess",2,"question","none","no","SWBD"
"SWBD-445","A359ETX78LN74M","guess",1,"question","none","no","SWBD"
"SWBD-446","A27SMEOPKV84VI","think",1,"question","none","no","SWBD"
"SWBD-446","A2P065E9CYMYJL","think",1,"question","none","no","SWBD"
"SWBD-446","A1MJVTR0PCKBWW","think",1,"question","none","no","SWBD"
"SWBD-446","A110KENBXU7SUJ","think",0,"question","none","no","SWBD"
"SWBD-446","A1GXFMAC759VRM","think",2,"question","none","no","SWBD"
"SWBD-446","A3S300T3IVQ2GC","think",0,"question","none","no","SWBD"
"SWBD-446","A214HWAW1PYWO8","think",2,"question","none","no","SWBD"
"SWBD-446","A1EQ2HDHF2WWSY","think",0,"question","none","no","SWBD"
"SWBD-446","A39GADIK8RLMVC","think",0,"question","none","no","SWBD"
"SWBD-446","A3R6Y9ECFIJ80U","think",0,"question","none","no","SWBD"
"SWBD-446","A2IKPU88PDQTMF","think",-1,"question","none","no","SWBD"
"SWBD-447","A39GADIK8RLMVC","think",0,"question","none","no","SWBD"
"SWBD-447","A2AMQX0BQZXG9N","think",0,"question","none","no","SWBD"
"SWBD-447","A1GXFMAC759VRM","think",0,"question","none","no","SWBD"
"SWBD-447","A2P065E9CYMYJL","think",0,"question","none","no","SWBD"
"SWBD-447","A3VRDQJNM1IC0E","think",0,"question","none","no","SWBD"
"SWBD-447","A36SM7QM8OK3H6","think",0,"question","none","no","SWBD"
"SWBD-447","A27SMEOPKV84VI","think",0,"question","none","no","SWBD"
"SWBD-447","A1EQ2HDHF2WWSY","think",0,"question","none","no","SWBD"
"SWBD-447","A3W6T1WDYXMR3","think",0,"question","none","no","SWBD"
"SWBD-448","A18LPAFMK1B06K","think",-2,"question","none","no","SWBD"
"SWBD-448","AW0MG225VXWCN","think",1,"question","none","no","SWBD"
"SWBD-448","A2P065E9CYMYJL","think",-1,"question","none","no","SWBD"
"SWBD-448","A110KENBXU7SUJ","think",0,"question","none","no","SWBD"
"SWBD-448","A1945USNZHTROX","think",0,"question","none","no","SWBD"
"SWBD-448","A36SM7QM8OK3H6","think",2,"question","none","no","SWBD"
"SWBD-448","A3S300T3IVQ2GC","think",-2,"question","none","no","SWBD"
"SWBD-448","A1GXFMAC759VRM","think",-2,"question","none","no","SWBD"
"SWBD-448","ABL3H3O3BI8ZD","think",0,"question","none","no","SWBD"
"SWBD-448","A39GADIK8RLMVC","think",0,"question","none","no","SWBD"
"SWBD-449","A1945USNZHTROX","understand",2,"question","none","yes","SWBD"
"SWBD-449","A2P065E9CYMYJL","understand",1,"question","none","yes","SWBD"
"SWBD-449","ABL3H3O3BI8ZD","understand",-2,"question","none","yes","SWBD"
"SWBD-449","A18LPAFMK1B06K","understand",1,"question","none","yes","SWBD"
"SWBD-449","A3S300T3IVQ2GC","understand",3,"question","none","yes","SWBD"
"SWBD-449","A1GXFMAC759VRM","understand",2,"question","none","yes","SWBD"
"SWBD-449","A110KENBXU7SUJ","understand",1,"question","none","yes","SWBD"
"SWBD-449","A39GADIK8RLMVC","understand",2,"question","none","yes","SWBD"
"SWBD-449","AW0MG225VXWCN","understand",1,"question","none","yes","SWBD"
"SWBD-449","A36SM7QM8OK3H6","understand",1,"question","none","yes","SWBD"
"SWBD-45","A1EQ2HDHF2WWSY","say",1,"negation","DE","no","SWBD"
"SWBD-45","A3GLMBZSG3VU4P","say",0,"negation","DE","no","SWBD"
"SWBD-45","A14WLAP6TCEKO0","say",0,"negation","DE","no","SWBD"
"SWBD-45","A1945USNZHTROX","say",3,"negation","DE","no","SWBD"
"SWBD-45","A3LECJA9RVQQKZ","say",3,"negation","DE","no","SWBD"
"SWBD-45","A2AMQX0BQZXG9N","say",3,"negation","DE","no","SWBD"
"SWBD-45","A5EU1AQJNC7F2","say",-1,"negation","DE","no","SWBD"
"SWBD-45","A18LPAFMK1B06K","say",2,"negation","DE","no","SWBD"
"SWBD-45","A1GXFMAC759VRM","say",-1,"negation","DE","no","SWBD"
"SWBD-45","A16SAB417Y96G4","say",0,"negation","DE","no","SWBD"
"SWBD-450","A24LC97AU3QC7G","think",0,"question","none","no","SWBD"
"SWBD-450","A1EQ2HDHF2WWSY","think",0,"question","none","no","SWBD"
"SWBD-450","A3F6SDO4GYBE4Y","think",0,"question","none","no","SWBD"
"SWBD-450","AAASQIW3J32OL","think",0,"question","none","no","SWBD"
"SWBD-450","A3GLMBZSG3VU4P","think",0,"question","none","no","SWBD"
"SWBD-450","A1DABMXVWWL0TR","think",0,"question","none","no","SWBD"
"SWBD-450","A1GXFMAC759VRM","think",0,"question","none","no","SWBD"
"SWBD-450","A1MJHGH55K3O0","think",0,"question","none","no","SWBD"
"SWBD-450","A27SMEOPKV84VI","think",1,"question","none","no","SWBD"
"SWBD-450","A110KENBXU7SUJ","think",0,"question","none","no","SWBD"
"SWBD-451","A239EUWY6SNDEZ","think",-2,"question","none","no","SWBD"
"SWBD-451","A18LPAFMK1B06K","think",0,"question","none","no","SWBD"
"SWBD-451","AZGBKAM5JUV5A","think",0,"question","none","no","SWBD"
"SWBD-451","A1945USNZHTROX","think",0,"question","none","no","SWBD"
"SWBD-451","A39GADIK8RLMVC","think",0,"question","none","no","SWBD"
"SWBD-451","A3OXRDSUN9F10I","think",0,"question","none","no","SWBD"
"SWBD-451","A11S43P3WNLIZD","think",0,"question","none","no","SWBD"
"SWBD-451","A110KENBXU7SUJ","think",0,"question","none","no","SWBD"
"SWBD-451","A1GXFMAC759VRM","think",1,"question","none","no","SWBD"
"SWBD-451","A2IKPU88PDQTMF","think",0,"question","none","no","SWBD"
"SWBD-452","A3F6SDO4GYBE4Y","think",3,"question","none","no","SWBD"
"SWBD-452","A18LPAFMK1B06K","think",2,"question","none","no","SWBD"
"SWBD-452","A110KENBXU7SUJ","think",1,"question","none","no","SWBD"
"SWBD-452","A2WCXJZEXXR60A","think",2,"question","none","no","SWBD"
"SWBD-452","A2EOOF9D135HQ1","think",0,"question","none","no","SWBD"
"SWBD-452","ANV8C2DATCAPB","think",3,"question","none","no","SWBD"
"SWBD-452","AR1IWBDA7MC86","think",1,"question","none","no","SWBD"
"SWBD-452","A1GXFMAC759VRM","think",3,"question","none","no","SWBD"
"SWBD-452","A3GLMBZSG3VU4P","think",2,"question","none","no","SWBD"
"SWBD-452","A10ECDDI2BYH3K","think",1,"question","none","no","SWBD"
"SWBD-453","A110KENBXU7SUJ","think",0,"question","none","no","SWBD"
"SWBD-453","A1GXFMAC759VRM","think",0,"question","none","no","SWBD"
"SWBD-453","APGX2WZ59OWDN","think",0,"question","none","no","SWBD"
"SWBD-453","A2WCXJZEXXR60A","think",0,"question","none","no","SWBD"
"SWBD-453","A147F5PJTHOB8A","think",0,"question","none","no","SWBD"
"SWBD-453","A3F6SDO4GYBE4Y","think",0,"question","none","no","SWBD"
"SWBD-453","AR1IWBDA7MC86","think",0,"question","none","no","SWBD"
"SWBD-453","A2EOOF9D135HQ1","think",0,"question","none","no","SWBD"
"SWBD-454","A2AMQX0BQZXG9N","think",0,"question","none","no","SWBD"
"SWBD-454","A18LPAFMK1B06K","think",0,"question","none","no","SWBD"
"SWBD-454","ASI2B6A3Y556Z","think",0,"question","none","no","SWBD"
"SWBD-454","A1GXFMAC759VRM","think",1,"question","none","no","SWBD"
"SWBD-454","A5EU1AQJNC7F2","think",0,"question","none","no","SWBD"
"SWBD-454","A27SMEOPKV84VI","think",0,"question","none","no","SWBD"
"SWBD-454","A39GADIK8RLMVC","think",0,"question","none","no","SWBD"
"SWBD-454","A1945USNZHTROX","think",2,"question","none","no","SWBD"
"SWBD-455","AXJ1PE87PD0KK","think",0,"question","none","no","SWBD"
"SWBD-455","A2EOOF9D135HQ1","think",1,"question","none","no","SWBD"
"SWBD-455","A110KENBXU7SUJ","think",0,"question","none","no","SWBD"
"SWBD-455","A27SMEOPKV84VI","think",0,"question","none","no","SWBD"
"SWBD-455","A39GADIK8RLMVC","think",0,"question","none","no","SWBD"
"SWBD-455","ASI2B6A3Y556Z","think",0,"question","none","no","SWBD"
"SWBD-455","A1GXFMAC759VRM","think",-1,"question","none","no","SWBD"
"SWBD-455","A214HWAW1PYWO8","think",0,"question","none","no","SWBD"
"SWBD-456","A27SMEOPKV84VI","think",0,"question","none","no","SWBD"
"SWBD-456","A1MJVTR0PCKBWW","think",0,"question","none","no","SWBD"
"SWBD-456","A1HN4550TIXQBZ","think",3,"question","none","no","SWBD"
"SWBD-456","A125KW9P18V5Z1","think",0,"question","none","no","SWBD"
"SWBD-456","A1GXFMAC759VRM","think",0,"question","none","no","SWBD"
"SWBD-456","A18LPAFMK1B06K","think",0,"question","none","no","SWBD"
"SWBD-456","A1945USNZHTROX","think",0,"question","none","no","SWBD"
"SWBD-456","A39GADIK8RLMVC","think",0,"question","none","no","SWBD"
"SWBD-456","AR1IWBDA7MC86","think",0,"question","none","no","SWBD"
"SWBD-456","A1EQ2HDHF2WWSY","think",0,"question","none","no","SWBD"
"SWBD-456","A2AMQX0BQZXG9N","think",0,"question","none","no","SWBD"
"SWBD-457","A39GADIK8RLMVC","think",0,"question","none","no","SWBD"
"SWBD-457","A1945USNZHTROX","think",0,"question","none","no","SWBD"
"SWBD-457","A4J4GGMKJ68L0","think",0,"question","none","no","SWBD"
"SWBD-457","A1EQ2HDHF2WWSY","think",0,"question","none","no","SWBD"
"SWBD-457","A3U761PEG7MFKT","think",0,"question","none","no","SWBD"
"SWBD-457","A28FMRMS9TMEOZ","think",0,"question","none","no","SWBD"
"SWBD-457","A18LPAFMK1B06K","think",0,"question","none","no","SWBD"
"SWBD-457","A125KW9P18V5Z1","think",1,"question","none","no","SWBD"
"SWBD-457","A0017268R9SKD8U2Y3F","think",0,"question","none","no","SWBD"
"SWBD-457","A1F1OZ54G177D8","think",0,"question","none","no","SWBD"
"SWBD-458","A2UNSF09FWX9S8","think",0,"question","none","no","SWBD"
"SWBD-458","AULU4VSUPO1CW","think",-1,"question","none","no","SWBD"
"SWBD-458","A1F9KLZGHE9DTA","think",1,"question","none","no","SWBD"
"SWBD-458","A2P065E9CYMYJL","think",1,"question","none","no","SWBD"
"SWBD-458","A9HQ3E0F2AGVO","think",2,"question","none","no","SWBD"
"SWBD-458","A1GXFMAC759VRM","think",0,"question","none","no","SWBD"
"SWBD-458","A2EOOF9D135HQ1","think",0,"question","none","no","SWBD"
"SWBD-458","A1KFUXSVGSHL5Z","think",0,"question","none","no","SWBD"
"SWBD-458","A12723JDRPT207","think",0,"question","none","no","SWBD"
"SWBD-458","A28HB7240OFGEW","think",0,"question","none","no","SWBD"
"SWBD-458","A2YGAEODJ5SSF6","think",0,"question","none","no","SWBD"
"SWBD-458","A110KENBXU7SUJ","think",0,"question","none","no","SWBD"
"SWBD-459","A27SMEOPKV84VI","think",0,"question","none","no","SWBD"
"SWBD-459","A110KENBXU7SUJ","think",0,"question","none","no","SWBD"
"SWBD-459","A214HWAW1PYWO8","think",0,"question","none","no","SWBD"
"SWBD-459","A125KW9P18V5Z1","think",-1,"question","none","no","SWBD"
"SWBD-459","A1MJHGH55K3O0","think",0,"question","none","no","SWBD"
"SWBD-459","A1MJVTR0PCKBWW","think",1,"question","none","no","SWBD"
"SWBD-459","APITQRRX2PADB","think",0,"question","none","no","SWBD"
"SWBD-459","ASI2B6A3Y556Z","think",0,"question","none","no","SWBD"
"SWBD-459","A24LC97AU3QC7G","think",0,"question","none","no","SWBD"
"SWBD-459","A39GADIK8RLMVC","think",-2,"question","none","no","SWBD"
"SWBD-46","A110KENBXU7SUJ","say",-2,"negation","AB","no","SWBD"
"SWBD-46","A1MJVTR0PCKBWW","say",-2,"negation","AB","no","SWBD"
"SWBD-46","A18LPAFMK1B06K","say",-2,"negation","AB","no","SWBD"
"SWBD-46","A1L3937MY09J3I","say",-2,"negation","AB","no","SWBD"
"SWBD-46","A1EQ2HDHF2WWSY","say",-2,"negation","AB","no","SWBD"
"SWBD-46","A1945USNZHTROX","say",-3,"negation","AB","no","SWBD"
"SWBD-46","A16SAB417Y96G4","say",-2,"negation","AB","no","SWBD"
"SWBD-46","A1GXFMAC759VRM","say",-3,"negation","AB","no","SWBD"
"SWBD-46","A3LFVI65XV1T46","say",-3,"negation","AB","no","SWBD"
"SWBD-46","A3CF8ULBSE8MTL","say",-3,"negation","AB","no","SWBD"
"SWBD-460","AOTCPS24JM5DQ","think",0,"question","none","no","SWBD"
"SWBD-460","A1MJVTR0PCKBWW","think",0,"question","none","no","SWBD"
"SWBD-460","A1GXFMAC759VRM","think",0,"question","none","no","SWBD"
"SWBD-460","A16UAN46CNIRHY","think",-2,"question","none","no","SWBD"
"SWBD-460","A1RVMADIZE3BXK","think",0,"question","none","no","SWBD"
"SWBD-460","AXKTYKCT9NGHS","think",0,"question","none","no","SWBD"
"SWBD-460","A360G5G0DVWU7X","think",0,"question","none","no","SWBD"
"SWBD-460","A256FHXGSY0E5D","think",0,"question","none","no","SWBD"
"SWBD-460","AJRY9ALX8069Y","think",1,"question","none","no","SWBD"
"SWBD-460","A3QNMUHAFAJRQO","think",0,"question","none","no","SWBD"
"SWBD-460","AC5UD8N187QD6","think",0,"question","none","no","SWBD"
"SWBD-461","A320QA9HJFUOZO","guess",1,"question","none","no","SWBD"
"SWBD-461","AR1IWBDA7MC86","guess",2,"question","none","no","SWBD"
"SWBD-461","A2WCXJZEXXR60A","guess",2,"question","none","no","SWBD"
"SWBD-461","A1GXFMAC759VRM","guess",2,"question","none","no","SWBD"
"SWBD-461","A18LPAFMK1B06K","guess",2,"question","none","no","SWBD"
"SWBD-461","A214HWAW1PYWO8","guess",2,"question","none","no","SWBD"
"SWBD-461","A3VVR8NR3ED04C","guess",2,"question","none","no","SWBD"
"SWBD-461","A36SM7QM8OK3H6","guess",3,"question","none","no","SWBD"
"SWBD-461","A1EQ2HDHF2WWSY","guess",2,"question","none","no","SWBD"
"SWBD-462","APGX2WZ59OWDN","guess",2,"question","none","no","SWBD"
"SWBD-462","A3U761PEG7MFKT","guess",2,"question","none","no","SWBD"
"SWBD-462","A10YS8AVLQWUZZ","guess",0,"question","none","no","SWBD"
"SWBD-462","A3GLMBZSG3VU4P","guess",2,"question","none","no","SWBD"
"SWBD-462","A39GADIK8RLMVC","guess",3,"question","none","no","SWBD"
"SWBD-462","A1EQ2HDHF2WWSY","guess",2,"question","none","no","SWBD"
"SWBD-462","A321YWMP74ULKH","guess",-2,"question","none","no","SWBD"
"SWBD-462","A2EOOF9D135HQ1","guess",2,"question","none","no","SWBD"
"SWBD-463","A1MJVTR0PCKBWW","think",2,"question","none","no","SWBD"
"SWBD-463","A2WCXJZEXXR60A","think",0,"question","none","no","SWBD"
"SWBD-463","A39GADIK8RLMVC","think",2,"question","none","no","SWBD"
"SWBD-463","A4IH4CO046EV3","think",0,"question","none","no","SWBD"
"SWBD-463","A1UH396UOK0X9Z","think",0,"question","none","no","SWBD"
"SWBD-463","APGX2WZ59OWDN","think",0,"question","none","no","SWBD"
"SWBD-463","A2FYQIZWV2UJHS","think",0,"question","none","no","SWBD"
"SWBD-463","A1HKCTDOTL6C9I","think",0,"question","none","no","SWBD"
"SWBD-463","A2GB0RI43KU4Z","think",0,"question","none","no","SWBD"
"SWBD-463","ATGUAXNWCW8NI","think",0,"question","none","no","SWBD"
"SWBD-464","A4IH4CO046EV3","say",0,"question","none","no","SWBD"
"SWBD-464","ATGUAXNWCW8NI","say",0,"question","none","no","SWBD"
"SWBD-464","A1UH396UOK0X9Z","say",-1,"question","none","no","SWBD"
"SWBD-464","A2FYQIZWV2UJHS","say",-2,"question","none","no","SWBD"
"SWBD-464","A2WCXJZEXXR60A","say",2,"question","none","no","SWBD"
"SWBD-464","A1MJVTR0PCKBWW","say",2,"question","none","no","SWBD"
"SWBD-464","A1HKCTDOTL6C9I","say",0,"question","none","no","SWBD"
"SWBD-464","A2GB0RI43KU4Z","say",0,"question","none","no","SWBD"
"SWBD-464","APGX2WZ59OWDN","say",2,"question","none","no","SWBD"
"SWBD-464","A39GADIK8RLMVC","say",2,"question","none","no","SWBD"
"SWBD-465","A2ZRF4I5RTKN7G","think",0,"question","none","no","SWBD"
"SWBD-465","A2EOOF9D135HQ1","think",0,"question","none","no","SWBD"
"SWBD-465","A2P065E9CYMYJL","think",-1,"question","none","no","SWBD"
"SWBD-465","A2WCXJZEXXR60A","think",0,"question","none","no","SWBD"
"SWBD-465","AM8OWAW9TUVLN","think",0,"question","none","no","SWBD"
"SWBD-465","A1IBVWKNX3OKK7","think",0,"question","none","no","SWBD"
"SWBD-465","A1GXFMAC759VRM","think",1,"question","none","no","SWBD"
"SWBD-465","A6B8DOH3KV5SL","think",0,"question","none","no","SWBD"
"SWBD-466","ATF7HBD1TFI2U","think",2,"question","none","no","SWBD"
"SWBD-466","A1MJVTR0PCKBWW","think",-1,"question","none","no","SWBD"
"SWBD-466","A147F5PJTHOB8A","think",1,"question","none","no","SWBD"
"SWBD-466","A28LARVABNF9BX","think",1,"question","none","no","SWBD"
"SWBD-466","A1GRPIBHW72HDU","think",1,"question","none","no","SWBD"
"SWBD-466","AR1IWBDA7MC86","think",-1,"question","none","no","SWBD"
"SWBD-466","A2CF2BD4Q0ZDJN","think",1,"question","none","no","SWBD"
"SWBD-466","A2EOOF9D135HQ1","think",2,"question","none","no","SWBD"
"SWBD-466","A28HB7240OFGEW","think",1,"question","none","no","SWBD"
"SWBD-466","APR6H3HAOE9OU","think",1,"question","none","no","SWBD"
"SWBD-467","APGX2WZ59OWDN","think",0,"question","none","no","SWBD"
"SWBD-467","A2B6WQG0A9CKXQ","think",0,"question","none","no","SWBD"
"SWBD-467","A05977571SZ38O16ESGP8","think",0,"question","none","no","SWBD"
"SWBD-467","A2EOOF9D135HQ1","think",0,"question","none","no","SWBD"
"SWBD-467","A2G7N0X0PNX0EE","think",0,"question","none","no","SWBD"
"SWBD-467","A3TOUB8313BPVS","think",0,"question","none","no","SWBD"
"SWBD-467","A110KENBXU7SUJ","think",0,"question","none","no","SWBD"
"SWBD-467","AR1IWBDA7MC86","think",0,"question","none","no","SWBD"
"SWBD-468","A1MJVTR0PCKBWW","notice",2,"question","none","yes","SWBD"
"SWBD-468","A2JP9IKRHNLRPI","notice",2,"question","none","yes","SWBD"
"SWBD-468","A5EU1AQJNC7F2","notice",2,"question","none","yes","SWBD"
"SWBD-468","AVI7K876BV3QL","notice",2,"question","none","yes","SWBD"
"SWBD-468","A2KH6VYX26L4HT","notice",2,"question","none","yes","SWBD"
"SWBD-468","A1FUR4UJ0S46W6","notice",1,"question","none","yes","SWBD"
"SWBD-468","A1GXFMAC759VRM","notice",3,"question","none","yes","SWBD"
"SWBD-468","AC5UD8N187QD6","notice",3,"question","none","yes","SWBD"
"SWBD-468","A2AMQX0BQZXG9N","notice",2,"question","none","yes","SWBD"
"SWBD-468","ASI2B6A3Y556Z","notice",2,"question","none","yes","SWBD"
"SWBD-468","A3F6SDO4GYBE4Y","notice",2,"question","none","yes","SWBD"
"SWBD-469","A39GADIK8RLMVC","know",0,"question","none","yes","SWBD"
"SWBD-469","A159ZKL4AIHIS","know",0,"question","none","yes","SWBD"
"SWBD-469","AVJUIF9QHQRY8","know",0,"question","none","yes","SWBD"
"SWBD-469","A3454T4PU9GJM0","know",1,"question","none","yes","SWBD"
"SWBD-469","AFM6MQ0XZXKQD","know",0,"question","none","yes","SWBD"
"SWBD-469","A18LPAFMK1B06K","know",-1,"question","none","yes","SWBD"
"SWBD-469","A110KENBXU7SUJ","know",0,"question","none","yes","SWBD"
"SWBD-469","A2DXEPC4QFV4R1","know",0,"question","none","yes","SWBD"
"SWBD-469","A1F9KLZGHE9DTA","know",0,"question","none","yes","SWBD"
"SWBD-47","A23KAJRDVCVGOE","say",2,"negation","AB","no","SWBD"
"SWBD-47","A27SMEOPKV84VI","say",-2,"negation","AB","no","SWBD"
"SWBD-47","A3S300T3IVQ2GC","say",-3,"negation","AB","no","SWBD"
"SWBD-47","A110KENBXU7SUJ","say",-2,"negation","AB","no","SWBD"
"SWBD-47","A1GXFMAC759VRM","say",-3,"negation","AB","no","SWBD"
"SWBD-47","A1DABMXVWWL0TR","say",-3,"negation","AB","no","SWBD"
"SWBD-47","APITQRRX2PADB","say",-3,"negation","AB","no","SWBD"
"SWBD-47","ANFWGSQ8BQRZ","say",-3,"negation","AB","no","SWBD"
"SWBD-470","A1PZ1YZAQEXRSQ","know",3,"question","none","yes","SWBD"
"SWBD-470","A3F6SDO4GYBE4Y","know",-2,"question","none","yes","SWBD"
"SWBD-470","A05977571SZ38O16ESGP8","know",3,"question","none","yes","SWBD"
"SWBD-470","A110KENBXU7SUJ","know",3,"question","none","yes","SWBD"
"SWBD-470","A18LPAFMK1B06K","know",3,"question","none","yes","SWBD"
"SWBD-470","A1945USNZHTROX","know",3,"question","none","yes","SWBD"
"SWBD-470","A28HB7240OFGEW","know",3,"question","none","yes","SWBD"
"SWBD-470","A3O7X46E3REM7I","know",3,"question","none","yes","SWBD"
"SWBD-470","A10YS8AVLQWUZZ","know",3,"question","none","yes","SWBD"
"SWBD-48","A214HWAW1PYWO8","feel",-2,"negation","CI","no","SWBD"
"SWBD-48","A1EQ2HDHF2WWSY","feel",-1,"negation","CI","no","SWBD"
"SWBD-48","A3S300T3IVQ2GC","feel",-2,"negation","CI","no","SWBD"
"SWBD-48","A1GXFMAC759VRM","feel",-3,"negation","CI","no","SWBD"
"SWBD-48","A39GADIK8RLMVC","feel",-2,"negation","CI","no","SWBD"
"SWBD-48","A2P065E9CYMYJL","feel",-2,"negation","CI","no","SWBD"
"SWBD-48","A27SMEOPKV84VI","feel",-2,"negation","CI","no","SWBD"
"SWBD-48","A1MJVTR0PCKBWW","feel",3,"negation","CI","no","SWBD"
"SWBD-48","A3R6Y9ECFIJ80U","feel",-1,"negation","CI","no","SWBD"
"SWBD-48","A2IKPU88PDQTMF","feel",-2,"negation","CI","no","SWBD"
"SWBD-48","A110KENBXU7SUJ","feel",-2,"negation","CI","no","SWBD"
"SWBD-49","A2541C8MY0BYV3","say",0,"negation","AB","no","SWBD"
"SWBD-49","A1KH1O9AZ7S642","say",-3,"negation","AB","no","SWBD"
"SWBD-49","A1GXFMAC759VRM","say",-3,"negation","AB","no","SWBD"
"SWBD-49","A1FUR4UJ0S46W6","say",-3,"negation","AB","no","SWBD"
"SWBD-49","A1MJVTR0PCKBWW","say",0,"negation","AB","no","SWBD"
"SWBD-49","A2G0HRT8HS9HRZ","say",0,"negation","AB","no","SWBD"
"SWBD-49","A18LPAFMK1B06K","say",-2,"negation","AB","no","SWBD"
"SWBD-49","A3QL8ZAD9BKWUF","say",-3,"negation","AB","no","SWBD"
"SWBD-49","A2IKPU88PDQTMF","say",0,"negation","AB","no","SWBD"
"SWBD-49","A3HNEYFOIJWPH1","say",-1,"negation","AB","no","SWBD"
"SWBD-49","A2A6FH0F7LD9ND","say",-2,"negation","AB","no","SWBD"
"SWBD-50","APGX2WZ59OWDN","believe",3,"negation","AB","no","SWBD"
"SWBD-50","A2EOOF9D135HQ1","believe",3,"negation","AB","no","SWBD"
"SWBD-50","A147F5PJTHOB8A","believe",2,"negation","AB","no","SWBD"
"SWBD-50","A110KENBXU7SUJ","believe",3,"negation","AB","no","SWBD"
"SWBD-50","A2WCXJZEXXR60A","believe",3,"negation","AB","no","SWBD"
"SWBD-50","A3F6SDO4GYBE4Y","believe",-1,"negation","AB","no","SWBD"
"SWBD-50","A1GXFMAC759VRM","believe",3,"negation","AB","no","SWBD"
"SWBD-50","AR1IWBDA7MC86","believe",2,"negation","AB","no","SWBD"
"SWBD-51","A110KENBXU7SUJ","say",2,"negation","AB","no","SWBD"
"SWBD-51","A1GXFMAC759VRM","say",-3,"negation","AB","no","SWBD"
"SWBD-51","A1DABMXVWWL0TR","say",3,"negation","AB","no","SWBD"
"SWBD-51","ATF7HBD1TFI2U","say",-3,"negation","AB","no","SWBD"
"SWBD-51","A239EUWY6SNDEZ","say",-2,"negation","AB","no","SWBD"
"SWBD-51","A2IKPU88PDQTMF","say",-3,"negation","AB","no","SWBD"
"SWBD-51","A1DS5O8MSI3ZH0","say",-1,"negation","AB","no","SWBD"
"SWBD-51","A18LPAFMK1B06K","say",-2,"negation","AB","no","SWBD"
"SWBD-52","A1GXFMAC759VRM","think",-3,"negation","none","no","SWBD"
"SWBD-52","A1KH1O9AZ7S642","think",1,"negation","none","no","SWBD"
"SWBD-52","A3HNEYFOIJWPH1","think",1,"negation","none","no","SWBD"
"SWBD-52","A1FUR4UJ0S46W6","think",-2,"negation","none","no","SWBD"
"SWBD-52","A18LPAFMK1B06K","think",1,"negation","none","no","SWBD"
"SWBD-52","A2A6FH0F7LD9ND","think",3,"negation","none","no","SWBD"
"SWBD-52","A3QL8ZAD9BKWUF","think",3,"negation","none","no","SWBD"
"SWBD-52","A2G0HRT8HS9HRZ","think",3,"negation","none","no","SWBD"
"SWBD-52","A1MJVTR0PCKBWW","think",-1,"negation","none","no","SWBD"
"SWBD-52","A2IKPU88PDQTMF","think",2,"negation","none","no","SWBD"
"SWBD-52","A2541C8MY0BYV3","think",-2,"negation","none","no","SWBD"
"SWBD-53","A3GLMBZSG3VU4P","say",0,"negation","AB","no","SWBD"
"SWBD-53","A1GXFMAC759VRM","say",-3,"negation","AB","no","SWBD"
"SWBD-53","A3FFZN4FO3Q789","say",1,"negation","AB","no","SWBD"
"SWBD-53","A18LPAFMK1B06K","say",-2,"negation","AB","no","SWBD"
"SWBD-53","AFUX7IUQOE0NA","say",-2,"negation","AB","no","SWBD"
"SWBD-53","AFN5VMMGYPF1I","say",-1,"negation","AB","no","SWBD"
"SWBD-53","A2MGH3MBXMKD96","say",-1,"negation","AB","no","SWBD"
"SWBD-53","A2HC9549CZAKNN","say",-3,"negation","AB","no","SWBD"
"SWBD-54","A18LPAFMK1B06K","say",-2,"negation","AB","no","SWBD"
"SWBD-54","AA4KKLIU4C3NY","say",-3,"negation","AB","no","SWBD"
"SWBD-54","A1KH1O9AZ7S642","say",-1,"negation","AB","no","SWBD"
"SWBD-54","A2DXEPC4QFV4R1","say",-3,"negation","AB","no","SWBD"
"SWBD-54","A1K8QNLYYYX21W","say",0,"negation","AB","no","SWBD"
"SWBD-54","A110KENBXU7SUJ","say",-3,"negation","AB","no","SWBD"
"SWBD-54","A1USR9JCAMDGM3","say",-3,"negation","AB","no","SWBD"
"SWBD-54","A3F6SDO4GYBE4Y","say",-1,"negation","AB","no","SWBD"
"SWBD-54","A1MJVTR0PCKBWW","say",-3,"negation","AB","no","SWBD"
"SWBD-54","A1IFIK8J49WBER","say",1,"negation","AB","no","SWBD"
"SWBD-54","A1GXFMAC759VRM","say",-3,"negation","AB","no","SWBD"
"SWBD-54","A2C84POENS2UNY","say",-3,"negation","AB","no","SWBD"
"SWBD-55","A2WCXJZEXXR60A","imagine",-1,"negation","AB","no","SWBD"
"SWBD-55","A1IBVWKNX3OKK7","imagine",2,"negation","AB","no","SWBD"
"SWBD-55","AM8OWAW9TUVLN","imagine",-1,"negation","AB","no","SWBD"
"SWBD-55","A2ZRF4I5RTKN7G","imagine",-2,"negation","AB","no","SWBD"
"SWBD-55","A6B8DOH3KV5SL","imagine",-3,"negation","AB","no","SWBD"
"SWBD-55","A2P065E9CYMYJL","imagine",-1,"negation","AB","no","SWBD"
"SWBD-55","A1GXFMAC759VRM","imagine",-3,"negation","AB","no","SWBD"
"SWBD-55","A2EOOF9D135HQ1","imagine",-2,"negation","AB","no","SWBD"
"SWBD-56","A1GXFMAC759VRM","see",-2,"negation","AB","yes","SWBD"
"SWBD-56","A1MJVTR0PCKBWW","see",-2,"negation","AB","yes","SWBD"
"SWBD-56","APGX2WZ59OWDN","see",-2,"negation","AB","yes","SWBD"
"SWBD-56","AR1IWBDA7MC86","see",-2,"negation","AB","yes","SWBD"
"SWBD-56","A2EOOF9D135HQ1","see",-1,"negation","AB","yes","SWBD"
"SWBD-56","A24LC97AU3QC7G","see",-1,"negation","AB","yes","SWBD"
"SWBD-56","A3G55NZ2MOUOQK","see",2,"negation","AB","yes","SWBD"
"SWBD-56","A05977571SZ38O16ESGP8","see",-3,"negation","AB","yes","SWBD"
"SWBD-57","A3GLMBZSG3VU4P","say",0,"negation","AB","no","SWBD"
"SWBD-57","A110KENBXU7SUJ","say",-1,"negation","AB","no","SWBD"
"SWBD-57","A27SMEOPKV84VI","say",-2,"negation","AB","no","SWBD"
"SWBD-57","A36SM7QM8OK3H6","say",-1,"negation","AB","no","SWBD"
"SWBD-57","A39GADIK8RLMVC","say",-2,"negation","AB","no","SWBD"
"SWBD-57","A2IKPU88PDQTMF","say",-3,"negation","AB","no","SWBD"
"SWBD-57","A2ZV96GRXVSXK4","say",1,"negation","AB","no","SWBD"
"SWBD-57","A3HNEYFOIJWPH1","say",-1,"negation","AB","no","SWBD"
"SWBD-58","ASI2B6A3Y556Z","believe",3,"negation","AB","no","SWBD"
"SWBD-58","A5EU1AQJNC7F2","believe",3,"negation","AB","no","SWBD"
"SWBD-58","A27SMEOPKV84VI","believe",-1,"negation","AB","no","SWBD"
"SWBD-58","A1945USNZHTROX","believe",3,"negation","AB","no","SWBD"
"SWBD-58","A1GXFMAC759VRM","believe",3,"negation","AB","no","SWBD"
"SWBD-58","A39GADIK8RLMVC","believe",-3,"negation","AB","no","SWBD"
"SWBD-58","A2AMQX0BQZXG9N","believe",3,"negation","AB","no","SWBD"
"SWBD-58","A18LPAFMK1B06K","believe",2,"negation","AB","no","SWBD"
"SWBD-59","A36SM7QM8OK3H6","say",0,"negation","DE","no","SWBD"
"SWBD-59","A110KENBXU7SUJ","say",0,"negation","DE","no","SWBD"
"SWBD-59","A1GXFMAC759VRM","say",1,"negation","DE","no","SWBD"
"SWBD-59","A1MJVTR0PCKBWW","say",3,"negation","DE","no","SWBD"
"SWBD-59","AW0MG225VXWCN","say",0,"negation","DE","no","SWBD"
"SWBD-59","ASI2B6A3Y556Z","say",0,"negation","DE","no","SWBD"
"SWBD-59","AS0M9S5W52N4M","say",-1,"negation","DE","no","SWBD"
"SWBD-59","A3S300T3IVQ2GC","say",0,"negation","DE","no","SWBD"
"SWBD-59","A39GADIK8RLMVC","say",-2,"negation","DE","no","SWBD"
"SWBD-59","A2AMQX0BQZXG9N","say",0,"negation","DE","no","SWBD"
"SWBD-59","A28HB7240OFGEW","say",0,"negation","DE","no","SWBD"
"SWBD-6","A110KENBXU7SUJ","foresee",0,"conditional","none","no","SWBD"
"SWBD-6","A2DXEPC4QFV4R1","foresee",0,"conditional","none","no","SWBD"
"SWBD-6","A1945USNZHTROX","foresee",2,"conditional","none","no","SWBD"
"SWBD-6","A36SM7QM8OK3H6","foresee",1,"conditional","none","no","SWBD"
"SWBD-6","A39GADIK8RLMVC","foresee",2,"conditional","none","no","SWBD"
"SWBD-6","A1EQ2HDHF2WWSY","foresee",1,"conditional","none","no","SWBD"
"SWBD-6","AAASQIW3J32OL","foresee",0,"conditional","none","no","SWBD"
"SWBD-6","A2AMQX0BQZXG9N","foresee",1,"conditional","none","no","SWBD"
"SWBD-6","A3S300T3IVQ2GC","foresee",0,"conditional","none","no","SWBD"
"SWBD-60","A36SM7QM8OK3H6","say",-1,"negation","AB","no","SWBD"
"SWBD-60","A1MJVTR0PCKBWW","say",1,"negation","AB","no","SWBD"
"SWBD-60","A2IQ0QCTQ3KWLT","say",2,"negation","AB","no","SWBD"
"SWBD-60","A39GADIK8RLMVC","say",-2,"negation","AB","no","SWBD"
"SWBD-60","A2AMQX0BQZXG9N","say",-3,"negation","AB","no","SWBD"
"SWBD-60","A1GXFMAC759VRM","say",-3,"negation","AB","no","SWBD"
"SWBD-60","A1MJHGH55K3O0","say",-2,"negation","AB","no","SWBD"
"SWBD-60","A3S300T3IVQ2GC","say",-3,"negation","AB","no","SWBD"
"SWBD-60","APITQRRX2PADB","say",-2,"negation","AB","no","SWBD"
"SWBD-60","A3F6SDO4GYBE4Y","say",-1,"negation","AB","no","SWBD"
"SWBD-61","A3T61LJ1WNOL6Z","say",-2,"negation","AB","no","SWBD"
"SWBD-61","A1GXFMAC759VRM","say",-3,"negation","AB","no","SWBD"
"SWBD-61","AVJUIF9QHQRY8","say",-2,"negation","AB","no","SWBD"
"SWBD-61","A2AMQX0BQZXG9N","say",-3,"negation","AB","no","SWBD"
"SWBD-61","AFN5VMMGYPF1I","say",-2,"negation","AB","no","SWBD"
"SWBD-61","APGX2WZ59OWDN","say",-3,"negation","AB","no","SWBD"
"SWBD-61","A18LPAFMK1B06K","say",-2,"negation","AB","no","SWBD"
"SWBD-61","A35K3YVCX1LVPE","say",-3,"negation","AB","no","SWBD"
"SWBD-61","A3QNMUHAFAJRQO","say",-2,"negation","AB","no","SWBD"
"SWBD-61","A3454T4PU9GJM0","say",-3,"negation","AB","no","SWBD"
"SWBD-62","ASI2B6A3Y556Z","believe",2,"negation","AB","no","SWBD"
"SWBD-62","A27SMEOPKV84VI","believe",-1,"negation","AB","no","SWBD"
"SWBD-62","A39GADIK8RLMVC","believe",-2,"negation","AB","no","SWBD"
"SWBD-62","A110KENBXU7SUJ","believe",-1,"negation","AB","no","SWBD"
"SWBD-62","AXJ1PE87PD0KK","believe",3,"negation","AB","no","SWBD"
"SWBD-62","A2EOOF9D135HQ1","believe",-1,"negation","AB","no","SWBD"
"SWBD-62","A214HWAW1PYWO8","believe",3,"negation","AB","no","SWBD"
"SWBD-62","A1GXFMAC759VRM","believe",3,"negation","AB","no","SWBD"
"SWBD-64","A1MJVTR0PCKBWW","believe",1,"negation","AB","no","SWBD"
"SWBD-64","A1945USNZHTROX","believe",3,"negation","AB","no","SWBD"
"SWBD-64","A1EQ2HDHF2WWSY","believe",2,"negation","AB","no","SWBD"
"SWBD-64","A2AMQX0BQZXG9N","believe",3,"negation","AB","no","SWBD"
"SWBD-64","A1HN4550TIXQBZ","believe",3,"negation","AB","no","SWBD"
"SWBD-64","A27SMEOPKV84VI","believe",-1,"negation","AB","no","SWBD"
"SWBD-64","A18LPAFMK1B06K","believe",-2,"negation","AB","no","SWBD"
"SWBD-64","A39GADIK8RLMVC","believe",0,"negation","AB","no","SWBD"
"SWBD-64","A125KW9P18V5Z1","believe",2,"negation","AB","no","SWBD"
"SWBD-64","A1GXFMAC759VRM","believe",-3,"negation","AB","no","SWBD"
"SWBD-64","AR1IWBDA7MC86","believe",3,"negation","AB","no","SWBD"
"SWBD-65","A18LPAFMK1B06K","believe",3,"negation","AB","no","SWBD"
"SWBD-65","A1EQ2HDHF2WWSY","believe",2,"negation","AB","no","SWBD"
"SWBD-65","A4J4GGMKJ68L0","believe",2,"negation","AB","no","SWBD"
"SWBD-65","A1F1OZ54G177D8","believe",2,"negation","AB","no","SWBD"
"SWBD-65","A125KW9P18V5Z1","believe",2,"negation","AB","no","SWBD"
"SWBD-65","A39GADIK8RLMVC","believe",-3,"negation","AB","no","SWBD"
"SWBD-65","A0017268R9SKD8U2Y3F","believe",3,"negation","AB","no","SWBD"
"SWBD-65","A3U761PEG7MFKT","believe",3,"negation","AB","no","SWBD"
"SWBD-65","A28FMRMS9TMEOZ","believe",1,"negation","AB","no","SWBD"
"SWBD-65","A1945USNZHTROX","believe",2,"negation","AB","no","SWBD"
"SWBD-66","A2AMQX0BQZXG9N","say",0,"negation","AB","no","SWBD"
"SWBD-66","A36SM7QM8OK3H6","say",-2,"negation","AB","no","SWBD"
"SWBD-66","ASI2B6A3Y556Z","say",0,"negation","AB","no","SWBD"
"SWBD-66","APGX2WZ59OWDN","say",0,"negation","AB","no","SWBD"
"SWBD-66","A3SX229VS1X6B6","say",0,"negation","AB","no","SWBD"
"SWBD-66","A39GADIK8RLMVC","say",-2,"negation","AB","no","SWBD"
"SWBD-66","A1GXFMAC759VRM","say",0,"negation","AB","no","SWBD"
"SWBD-66","APITQRRX2PADB","say",-1,"negation","AB","no","SWBD"
"SWBD-67","A2RBF3IIJP15IH","say",-2,"negation","AB","no","SWBD"
"SWBD-67","A1GXFMAC759VRM","say",-3,"negation","AB","no","SWBD"
"SWBD-67","A39GADIK8RLMVC","say",-1,"negation","AB","no","SWBD"
"SWBD-67","A2AMQX0BQZXG9N","say",-3,"negation","AB","no","SWBD"
"SWBD-67","A18LPAFMK1B06K","say",-2,"negation","AB","no","SWBD"
"SWBD-67","A36SM7QM8OK3H6","say",-2,"negation","AB","no","SWBD"
"SWBD-67","A3F6SDO4GYBE4Y","say",-1,"negation","AB","no","SWBD"
"SWBD-67","AW0MG225VXWCN","say",-1,"negation","AB","no","SWBD"
"SWBD-68","A1KFUXSVGSHL5Z","believe",2,"negation","AB","no","SWBD"
"SWBD-68","A12723JDRPT207","believe",2,"negation","AB","no","SWBD"
"SWBD-68","A2YGAEODJ5SSF6","believe",3,"negation","AB","no","SWBD"
"SWBD-68","A1GXFMAC759VRM","believe",3,"negation","AB","no","SWBD"
"SWBD-68","A110KENBXU7SUJ","believe",-2,"negation","AB","no","SWBD"
"SWBD-68","A1F9KLZGHE9DTA","believe",3,"negation","AB","no","SWBD"
"SWBD-68","A9HQ3E0F2AGVO","believe",3,"negation","AB","no","SWBD"
"SWBD-68","A2P065E9CYMYJL","believe",2,"negation","AB","no","SWBD"
"SWBD-68","A2EOOF9D135HQ1","believe",3,"negation","AB","no","SWBD"
"SWBD-68","A2UNSF09FWX9S8","believe",3,"negation","AB","no","SWBD"
"SWBD-68","A28HB7240OFGEW","believe",3,"negation","AB","no","SWBD"
"SWBD-68","AULU4VSUPO1CW","believe",3,"negation","AB","no","SWBD"
"SWBD-69","A110KENBXU7SUJ","believe",3,"negation","AB","no","SWBD"
"SWBD-69","ASI2B6A3Y556Z","believe",2,"negation","AB","no","SWBD"
"SWBD-69","A125KW9P18V5Z1","believe",3,"negation","AB","no","SWBD"
"SWBD-69","A39GADIK8RLMVC","believe",3,"negation","AB","no","SWBD"
"SWBD-69","A24LC97AU3QC7G","believe",3,"negation","AB","no","SWBD"
"SWBD-69","A27SMEOPKV84VI","believe",-1,"negation","AB","no","SWBD"
"SWBD-69","APITQRRX2PADB","believe",3,"negation","AB","no","SWBD"
"SWBD-69","A214HWAW1PYWO8","believe",3,"negation","AB","no","SWBD"
"SWBD-69","A1MJHGH55K3O0","believe",3,"negation","AB","no","SWBD"
"SWBD-69","A1MJVTR0PCKBWW","believe",0,"negation","AB","no","SWBD"
"SWBD-7","AAASQIW3J32OL","think",0,"conditional","none","no","SWBD"
"SWBD-7","A110KENBXU7SUJ","think",1,"conditional","none","no","SWBD"
"SWBD-7","A1UH396UOK0X9Z","think",0,"conditional","none","no","SWBD"
"SWBD-7","A3QNMUHAFAJRQO","think",0,"conditional","none","no","SWBD"
"SWBD-7","A233KUL18RUW1N","think",1,"conditional","none","no","SWBD"
"SWBD-7","A1L3937MY09J3I","think",1,"conditional","none","no","SWBD"
"SWBD-7","A1HKCTDOTL6C9I","think",1,"conditional","none","no","SWBD"
"SWBD-7","A1MJVTR0PCKBWW","think",1,"conditional","none","no","SWBD"
"SWBD-7","A1GXFMAC759VRM","think",0,"conditional","none","no","SWBD"
"SWBD-7","ASI2B6A3Y556Z","think",0,"conditional","none","no","SWBD"
"SWBD-70","A3QNMUHAFAJRQO","believe",3,"negation","AB","no","SWBD"
"SWBD-70","A16UAN46CNIRHY","believe",3,"negation","AB","no","SWBD"
"SWBD-70","A1MJVTR0PCKBWW","believe",1,"negation","AB","no","SWBD"
"SWBD-70","AJRY9ALX8069Y","believe",3,"negation","AB","no","SWBD"
"SWBD-70","A1RVMADIZE3BXK","believe",3,"negation","AB","no","SWBD"
"SWBD-70","AOTCPS24JM5DQ","believe",-1,"negation","AB","no","SWBD"
"SWBD-70","AC5UD8N187QD6","believe",2,"negation","AB","no","SWBD"
"SWBD-70","AXKTYKCT9NGHS","believe",1,"negation","AB","no","SWBD"
"SWBD-70","A360G5G0DVWU7X","believe",2,"negation","AB","no","SWBD"
"SWBD-70","A1GXFMAC759VRM","believe",3,"negation","AB","no","SWBD"
"SWBD-70","A256FHXGSY0E5D","believe",1,"negation","AB","no","SWBD"
"SWBD-71","A4IH4CO046EV3","say",0,"negation","AB","no","SWBD"
"SWBD-71","A1F9KLZGHE9DTA","say",-1,"negation","AB","no","SWBD"
"SWBD-71","A3S300T3IVQ2GC","say",0,"negation","AB","no","SWBD"
"SWBD-71","A258MR1IS96JEP","say",0,"negation","AB","no","SWBD"
"SWBD-71","A1GXFMAC759VRM","say",0,"negation","AB","no","SWBD"
"SWBD-71","A2AMQX0BQZXG9N","say",0,"negation","AB","no","SWBD"
"SWBD-71","AFN5VMMGYPF1I","say",-2,"negation","AB","no","SWBD"
"SWBD-71","A110KENBXU7SUJ","say",-1,"negation","AB","no","SWBD"
"SWBD-71","A3Q0XAGQ7TD7MP","say",0,"negation","AB","no","SWBD"
"SWBD-71","APGX2WZ59OWDN","say",-2,"negation","AB","no","SWBD"
"SWBD-71","A2R8IV2PWFTY00","say",-3,"negation","AB","no","SWBD"
"SWBD-71","ASI2B6A3Y556Z","say",0,"negation","AB","no","SWBD"
"SWBD-72","A2WCXJZEXXR60A","believe",3,"negation","DE","no","SWBD"
"SWBD-72","A1UH396UOK0X9Z","believe",2,"negation","DE","no","SWBD"
"SWBD-72","A2GB0RI43KU4Z","believe",2,"negation","DE","no","SWBD"
"SWBD-72","A1MJVTR0PCKBWW","believe",-2,"negation","DE","no","SWBD"
"SWBD-72","A39GADIK8RLMVC","believe",3,"negation","DE","no","SWBD"
"SWBD-72","A4IH4CO046EV3","believe",2,"negation","DE","no","SWBD"
"SWBD-72","ATGUAXNWCW8NI","believe",-2,"negation","DE","no","SWBD"
"SWBD-72","A2FYQIZWV2UJHS","believe",-2,"negation","DE","no","SWBD"
"SWBD-72","A1HKCTDOTL6C9I","believe",3,"negation","DE","no","SWBD"
"SWBD-72","APGX2WZ59OWDN","believe",3,"negation","DE","no","SWBD"
"SWBD-73","A1GRPIBHW72HDU","imagine",-1,"negation","AB","no","SWBD"
"SWBD-73","A28HB7240OFGEW","imagine",2,"negation","AB","no","SWBD"
"SWBD-73","ATF7HBD1TFI2U","imagine",-2,"negation","AB","no","SWBD"
"SWBD-73","A2CF2BD4Q0ZDJN","imagine",1,"negation","AB","no","SWBD"
"SWBD-73","AR1IWBDA7MC86","imagine",-1,"negation","AB","no","SWBD"
"SWBD-73","A1MJVTR0PCKBWW","imagine",-1,"negation","AB","no","SWBD"
"SWBD-73","A147F5PJTHOB8A","imagine",2,"negation","AB","no","SWBD"
"SWBD-73","APR6H3HAOE9OU","imagine",1,"negation","AB","no","SWBD"
"SWBD-73","A2EOOF9D135HQ1","imagine",-2,"negation","AB","no","SWBD"
"SWBD-73","A28LARVABNF9BX","imagine",0,"negation","AB","no","SWBD"
"SWBD-74","A1MJVTR0PCKBWW","know",-1,"negation","none","yes","SWBD"
"SWBD-74","A3HNEYFOIJWPH1","know",0,"negation","none","yes","SWBD"
"SWBD-74","A18LPAFMK1B06K","know",-2,"negation","none","yes","SWBD"
"SWBD-74","A1KH1O9AZ7S642","know",-3,"negation","none","yes","SWBD"
"SWBD-74","A2G0HRT8HS9HRZ","know",-2,"negation","none","yes","SWBD"
"SWBD-74","A3QL8ZAD9BKWUF","know",-3,"negation","none","yes","SWBD"
"SWBD-74","A1FUR4UJ0S46W6","know",-1,"negation","none","yes","SWBD"
"SWBD-74","A2A6FH0F7LD9ND","know",3,"negation","none","yes","SWBD"
"SWBD-74","A1GXFMAC759VRM","know",2,"negation","none","yes","SWBD"
"SWBD-74","A2IKPU88PDQTMF","know",0,"negation","none","yes","SWBD"
"SWBD-74","A2541C8MY0BYV3","know",2,"negation","none","yes","SWBD"
"SWBD-75","A239EUWY6SNDEZ","think",-3,"negation","none","no","SWBD"
"SWBD-75","A1DABMXVWWL0TR","think",-2,"negation","none","no","SWBD"
"SWBD-75","A110KENBXU7SUJ","think",-2,"negation","none","no","SWBD"
"SWBD-75","A1GXFMAC759VRM","think",-3,"negation","none","no","SWBD"
"SWBD-75","A18LPAFMK1B06K","think",-2,"negation","none","no","SWBD"
"SWBD-75","ATF7HBD1TFI2U","think",-2,"negation","none","no","SWBD"
"SWBD-75","A1DS5O8MSI3ZH0","think",-1,"negation","none","no","SWBD"
"SWBD-75","A2IKPU88PDQTMF","think",-2,"negation","none","no","SWBD"
"SWBD-76","A239EUWY6SNDEZ","know",-1,"negation","none","yes","SWBD"
"SWBD-76","A2IKPU88PDQTMF","know",0,"negation","none","yes","SWBD"
"SWBD-76","A110KENBXU7SUJ","know",-2,"negation","none","yes","SWBD"
"SWBD-76","ATF7HBD1TFI2U","know",0,"negation","none","yes","SWBD"
"SWBD-76","A1DABMXVWWL0TR","know",0,"negation","none","yes","SWBD"
"SWBD-76","A1GXFMAC759VRM","know",-3,"negation","none","yes","SWBD"
"SWBD-76","A1DS5O8MSI3ZH0","know",1,"negation","none","yes","SWBD"
"SWBD-76","A18LPAFMK1B06K","know",-2,"negation","none","yes","SWBD"
"SWBD-77","A3FFZN4FO3Q789","think",-2,"negation","none","no","SWBD"
"SWBD-77","A2MGH3MBXMKD96","think",-3,"negation","none","no","SWBD"
"SWBD-77","A3GLMBZSG3VU4P","think",-3,"negation","none","no","SWBD"
"SWBD-77","AFN5VMMGYPF1I","think",-2,"negation","none","no","SWBD"
"SWBD-77","AFUX7IUQOE0NA","think",-2,"negation","none","no","SWBD"
"SWBD-77","A1GXFMAC759VRM","think",-3,"negation","none","no","SWBD"
"SWBD-77","A2HC9549CZAKNN","think",-3,"negation","none","no","SWBD"
"SWBD-77","A18LPAFMK1B06K","think",-2,"negation","none","no","SWBD"
"SWBD-78","AA4KKLIU4C3NY","think",-3,"negation","none","no","SWBD"
"SWBD-78","A1K8QNLYYYX21W","think",-3,"negation","none","no","SWBD"
"SWBD-78","A2C84POENS2UNY","think",-1,"negation","none","no","SWBD"
"SWBD-78","A1MJVTR0PCKBWW","think",-1,"negation","none","no","SWBD"
"SWBD-78","A110KENBXU7SUJ","think",-2,"negation","none","no","SWBD"
"SWBD-78","A18LPAFMK1B06K","think",-2,"negation","none","no","SWBD"
"SWBD-78","A2DXEPC4QFV4R1","think",-2,"negation","none","no","SWBD"
"SWBD-78","A1IFIK8J49WBER","think",-2,"negation","none","no","SWBD"
"SWBD-78","A1USR9JCAMDGM3","think",-3,"negation","none","no","SWBD"
"SWBD-78","A1KH1O9AZ7S642","think",-1,"negation","none","no","SWBD"
"SWBD-78","A3F6SDO4GYBE4Y","think",-1,"negation","none","no","SWBD"
"SWBD-78","A1GXFMAC759VRM","think",-3,"negation","none","no","SWBD"
"SWBD-79","A3HNEYFOIJWPH1","think",-3,"negation","none","no","SWBD"
"SWBD-79","A36SM7QM8OK3H6","think",-2,"negation","none","no","SWBD"
"SWBD-79","A2ZV96GRXVSXK4","think",1,"negation","none","no","SWBD"
"SWBD-79","A39GADIK8RLMVC","think",-2,"negation","none","no","SWBD"
"SWBD-79","A3GLMBZSG3VU4P","think",-3,"negation","none","no","SWBD"
"SWBD-79","A2IKPU88PDQTMF","think",-2,"negation","none","no","SWBD"
"SWBD-79","A27SMEOPKV84VI","think",-3,"negation","none","no","SWBD"
"SWBD-79","A110KENBXU7SUJ","think",-2,"negation","none","no","SWBD"
"SWBD-8","A2AMQX0BQZXG9N","know",0,"conditional","none","yes","SWBD"
"SWBD-8","A320QA9HJFUOZO","know",1,"conditional","none","yes","SWBD"
"SWBD-8","APGX2WZ59OWDN","know",1,"conditional","none","yes","SWBD"
"SWBD-8","A36SM7QM8OK3H6","know",0,"conditional","none","yes","SWBD"
"SWBD-8","A3VVR8NR3ED04C","know",1,"conditional","none","yes","SWBD"
"SWBD-8","AY9ZVK32I1P1L","know",2,"conditional","none","yes","SWBD"
"SWBD-8","A1MJHGH55K3O0","know",-1,"conditional","none","yes","SWBD"
"SWBD-8","A1EQ2HDHF2WWSY","know",1,"conditional","none","yes","SWBD"
"SWBD-80","A1MJVTR0PCKBWW","think",-2,"negation","none","no","SWBD"
"SWBD-80","ASI2B6A3Y556Z","think",-2,"negation","none","no","SWBD"
"SWBD-80","AS0M9S5W52N4M","think",0,"negation","none","no","SWBD"
"SWBD-80","A28HB7240OFGEW","think",-1,"negation","none","no","SWBD"
"SWBD-80","A39GADIK8RLMVC","think",-2,"negation","none","no","SWBD"
"SWBD-80","A1GXFMAC759VRM","think",-2,"negation","none","no","SWBD"
"SWBD-80","AW0MG225VXWCN","think",1,"negation","none","no","SWBD"
"SWBD-80","A36SM7QM8OK3H6","think",-2,"negation","none","no","SWBD"
"SWBD-80","A110KENBXU7SUJ","think",-2,"negation","none","no","SWBD"
"SWBD-80","A3S300T3IVQ2GC","think",-2,"negation","none","no","SWBD"
"SWBD-80","A2AMQX0BQZXG9N","think",-3,"negation","none","no","SWBD"
"SWBD-81","A3FFZN4FO3Q789","know",0,"negation","none","yes","SWBD"
"SWBD-81","A18LPAFMK1B06K","know",-2,"negation","none","yes","SWBD"
"SWBD-81","A1GXFMAC759VRM","know",-2,"negation","none","yes","SWBD"
"SWBD-81","A2HC9549CZAKNN","know",-2,"negation","none","yes","SWBD"
"SWBD-81","AFN5VMMGYPF1I","know",0,"negation","none","yes","SWBD"
"SWBD-81","AFUX7IUQOE0NA","know",-3,"negation","none","yes","SWBD"
"SWBD-81","A2MGH3MBXMKD96","know",-2,"negation","none","yes","SWBD"
"SWBD-81","A3GLMBZSG3VU4P","know",-2,"negation","none","yes","SWBD"
"SWBD-82","A5EU1AQJNC7F2","say",-2,"negation","none","no","SWBD"
"SWBD-82","AC5UD8N187QD6","say",-1,"negation","none","no","SWBD"
"SWBD-82","AVI7K876BV3QL","say",-2,"negation","none","no","SWBD"
"SWBD-82","ASI2B6A3Y556Z","say",-2,"negation","none","no","SWBD"
"SWBD-82","A1FUR4UJ0S46W6","say",1,"negation","none","no","SWBD"
"SWBD-82","A3F6SDO4GYBE4Y","say",-1,"negation","none","no","SWBD"
"SWBD-82","A2JP9IKRHNLRPI","say",0,"negation","none","no","SWBD"
"SWBD-82","A1GXFMAC759VRM","say",-3,"negation","none","no","SWBD"
"SWBD-82","A2KH6VYX26L4HT","say",0,"negation","none","no","SWBD"
"SWBD-82","A1MJVTR0PCKBWW","say",-2,"negation","none","no","SWBD"
"SWBD-82","A2AMQX0BQZXG9N","say",-1,"negation","none","no","SWBD"
"SWBD-83","A1MJVTR0PCKBWW","think",1,"negation","none","no","SWBD"
"SWBD-83","A2AMQX0BQZXG9N","think",-3,"negation","none","no","SWBD"
"SWBD-83","A3F6SDO4GYBE4Y","think",-1,"negation","none","no","SWBD"
"SWBD-83","A1GXFMAC759VRM","think",-3,"negation","none","no","SWBD"
"SWBD-83","A2IQ0QCTQ3KWLT","think",-1,"negation","none","no","SWBD"
"SWBD-83","A39GADIK8RLMVC","think",-2,"negation","none","no","SWBD"
"SWBD-83","APITQRRX2PADB","think",-1,"negation","none","no","SWBD"
"SWBD-83","A3S300T3IVQ2GC","think",-3,"negation","none","no","SWBD"
"SWBD-83","A36SM7QM8OK3H6","think",-2,"negation","none","no","SWBD"
"SWBD-83","A1MJHGH55K3O0","think",-3,"negation","none","no","SWBD"
"SWBD-84","AVJUIF9QHQRY8","think",-1,"negation","none","no","SWBD"
"SWBD-84","A3454T4PU9GJM0","think",-1,"negation","none","no","SWBD"
"SWBD-84","AFN5VMMGYPF1I","think",-2,"negation","none","no","SWBD"
"SWBD-84","A3QNMUHAFAJRQO","think",-2,"negation","none","no","SWBD"
"SWBD-84","A18LPAFMK1B06K","think",-2,"negation","none","no","SWBD"
"SWBD-84","A35K3YVCX1LVPE","think",-3,"negation","none","no","SWBD"
"SWBD-84","APGX2WZ59OWDN","think",-2,"negation","none","no","SWBD"
"SWBD-84","A2AMQX0BQZXG9N","think",-3,"negation","none","no","SWBD"
"SWBD-84","A3T61LJ1WNOL6Z","think",-2,"negation","none","no","SWBD"
"SWBD-84","A1GXFMAC759VRM","think",-3,"negation","none","no","SWBD"
"SWBD-85","APGX2WZ59OWDN","think",-2,"negation","none","no","SWBD"
"SWBD-85","A2AMQX0BQZXG9N","think",-3,"negation","none","no","SWBD"
"SWBD-85","ASI2B6A3Y556Z","think",-2,"negation","none","no","SWBD"
"SWBD-85","A1GXFMAC759VRM","think",-2,"negation","none","no","SWBD"
"SWBD-85","APITQRRX2PADB","think",2,"negation","none","no","SWBD"
"SWBD-85","A36SM7QM8OK3H6","think",-2,"negation","none","no","SWBD"
"SWBD-85","A39GADIK8RLMVC","think",-2,"negation","none","no","SWBD"
"SWBD-85","A3SX229VS1X6B6","think",3,"negation","none","no","SWBD"
"SWBD-86","A18LPAFMK1B06K","think",-2,"negation","none","no","SWBD"
"SWBD-86","A2RBF3IIJP15IH","think",-1,"negation","none","no","SWBD"
"SWBD-86","A3F6SDO4GYBE4Y","think",-1,"negation","none","no","SWBD"
"SWBD-86","A1GXFMAC759VRM","think",-3,"negation","none","no","SWBD"
"SWBD-86","A39GADIK8RLMVC","think",-2,"negation","none","no","SWBD"
"SWBD-86","AW0MG225VXWCN","think",-1,"negation","none","no","SWBD"
"SWBD-86","A36SM7QM8OK3H6","think",-2,"negation","none","no","SWBD"
"SWBD-86","A2AMQX0BQZXG9N","think",-2,"negation","none","no","SWBD"
"SWBD-87","AR1IWBDA7MC86","believe",-3,"negation","none","no","SWBD"
"SWBD-87","A36SM7QM8OK3H6","believe",2,"negation","none","no","SWBD"
"SWBD-87","A2WCXJZEXXR60A","believe",-2,"negation","none","no","SWBD"
"SWBD-87","A1EQ2HDHF2WWSY","believe",-2,"negation","none","no","SWBD"
"SWBD-87","A320QA9HJFUOZO","believe",-2,"negation","none","no","SWBD"
"SWBD-87","A1GXFMAC759VRM","believe",-3,"negation","none","no","SWBD"
"SWBD-87","A214HWAW1PYWO8","believe",-1,"negation","none","no","SWBD"
"SWBD-87","A18LPAFMK1B06K","believe",-2,"negation","none","no","SWBD"
"SWBD-87","A3VVR8NR3ED04C","believe",-3,"negation","none","no","SWBD"
"SWBD-88","A1KH1O9AZ7S642","know",0,"negation","none","yes","SWBD"
"SWBD-88","A3F6SDO4GYBE4Y","know",-1,"negation","none","yes","SWBD"
"SWBD-88","A1IFIK8J49WBER","know",-1,"negation","none","yes","SWBD"
"SWBD-88","AA4KKLIU4C3NY","know",-3,"negation","none","yes","SWBD"
"SWBD-88","A1MJVTR0PCKBWW","know",0,"negation","none","yes","SWBD"
"SWBD-88","A1GXFMAC759VRM","know",-3,"negation","none","yes","SWBD"
"SWBD-88","A2DXEPC4QFV4R1","know",-2,"negation","none","yes","SWBD"
"SWBD-88","A18LPAFMK1B06K","know",-2,"negation","none","yes","SWBD"
"SWBD-88","A2C84POENS2UNY","know",-2,"negation","none","yes","SWBD"
"SWBD-88","A110KENBXU7SUJ","know",-3,"negation","none","yes","SWBD"
"SWBD-88","A1K8QNLYYYX21W","know",-1,"negation","none","yes","SWBD"
"SWBD-88","A1USR9JCAMDGM3","know",0,"negation","none","yes","SWBD"
"SWBD-89","A2R8IV2PWFTY00","think",-3,"negation","none","no","SWBD"
"SWBD-89","A3S300T3IVQ2GC","think",-2,"negation","none","no","SWBD"
"SWBD-89","AFN5VMMGYPF1I","think",-2,"negation","none","no","SWBD"
"SWBD-89","A110KENBXU7SUJ","think",-2,"negation","none","no","SWBD"
"SWBD-89","A1F9KLZGHE9DTA","think",-2,"negation","none","no","SWBD"
"SWBD-89","ASI2B6A3Y556Z","think",0,"negation","none","no","SWBD"
"SWBD-89","A3Q0XAGQ7TD7MP","think",-2,"negation","none","no","SWBD"
"SWBD-89","A4IH4CO046EV3","think",-2,"negation","none","no","SWBD"
"SWBD-89","A1GXFMAC759VRM","think",-1,"negation","none","no","SWBD"
"SWBD-89","APGX2WZ59OWDN","think",-1,"negation","none","no","SWBD"
"SWBD-89","A2AMQX0BQZXG9N","think",-2,"negation","none","no","SWBD"
"SWBD-89","A258MR1IS96JEP","think",0,"negation","none","no","SWBD"
"SWBD-9","A2AMQX0BQZXG9N","know",1,"conditional","none","yes","SWBD"
"SWBD-9","ATOPSQ6JDYZ6H","know",1,"conditional","none","yes","SWBD"
"SWBD-9","A5EU1AQJNC7F2","know",0,"conditional","none","yes","SWBD"
"SWBD-9","A1K0S514CEY1UG","know",2,"conditional","none","yes","SWBD"
"SWBD-9","A1MJVTR0PCKBWW","know",3,"conditional","none","yes","SWBD"
"SWBD-9","AVI7K876BV3QL","know",0,"conditional","none","yes","SWBD"
"SWBD-9","A2WCXJZEXXR60A","know",2,"conditional","none","yes","SWBD"
"SWBD-9","A2JP9IKRHNLRPI","know",3,"conditional","none","yes","SWBD"
"SWBD-9","A1GXFMAC759VRM","know",0,"conditional","none","yes","SWBD"
"SWBD-9","AFN5VMMGYPF1I","know",2,"conditional","none","yes","SWBD"
"SWBD-90","A3GLMBZSG3VU4P","believe",-2,"negation","none","no","SWBD"
"SWBD-90","A1EQ2HDHF2WWSY","believe",-2,"negation","none","no","SWBD"
"SWBD-90","A10YS8AVLQWUZZ","believe",-2,"negation","none","no","SWBD"
"SWBD-90","APGX2WZ59OWDN","believe",-1,"negation","none","no","SWBD"
"SWBD-90","A321YWMP74ULKH","believe",-1,"negation","none","no","SWBD"
"SWBD-90","A3U761PEG7MFKT","believe",-2,"negation","none","no","SWBD"
"SWBD-90","A2EOOF9D135HQ1","believe",-2,"negation","none","no","SWBD"
"SWBD-90","A39GADIK8RLMVC","believe",-3,"negation","none","no","SWBD"
"SWBD-91","A2JP9IKRHNLRPI","realize",0,"negation","none","yes","SWBD"
"SWBD-91","AA4KKLIU4C3NY","realize",-2,"negation","none","yes","SWBD"
"SWBD-91","A27SMEOPKV84VI","realize",-1,"negation","none","yes","SWBD"
"SWBD-91","A1AQQFJAF8CI4H","realize",-1,"negation","none","yes","SWBD"
"SWBD-91","A1GXFMAC759VRM","realize",2,"negation","none","yes","SWBD"
"SWBD-91","A1MJVTR0PCKBWW","realize",-2,"negation","none","yes","SWBD"
"SWBD-91","A36SM7QM8OK3H6","realize",1,"negation","none","yes","SWBD"
"SWBD-91","A27MJOV91GA8R3","realize",1,"negation","none","yes","SWBD"
"SWBD-91","ALZVG5501Y5IX","realize",1,"negation","none","yes","SWBD"
"SWBD-91","A2P065E9CYMYJL","realize",1,"negation","none","yes","SWBD"
"SWBD-91","A2RBF3IIJP15IH","realize",1,"negation","none","yes","SWBD"
"SWBD-91","APGX2WZ59OWDN","realize",1,"negation","none","yes","SWBD"
"SWBD-92","A3G55NZ2MOUOQK","think",-2,"negation","none","no","SWBD"
"SWBD-92","AR1IWBDA7MC86","think",0,"negation","none","no","SWBD"
"SWBD-92","APGX2WZ59OWDN","think",-1,"negation","none","no","SWBD"
"SWBD-92","A24LC97AU3QC7G","think",-2,"negation","none","no","SWBD"
"SWBD-92","A1GXFMAC759VRM","think",-1,"negation","none","no","SWBD"
"SWBD-92","A2EOOF9D135HQ1","think",0,"negation","none","no","SWBD"
"SWBD-92","A05977571SZ38O16ESGP8","think",-3,"negation","none","no","SWBD"
"SWBD-92","A1MJVTR0PCKBWW","think",-2,"negation","none","no","SWBD"
"SWBD-93","A3GLMBZSG3VU4P","know",0,"negation","none","yes","SWBD"
"SWBD-93","A2IKPU88PDQTMF","know",0,"negation","none","yes","SWBD"
"SWBD-93","A110KENBXU7SUJ","know",0,"negation","none","yes","SWBD"
"SWBD-93","A36SM7QM8OK3H6","know",-1,"negation","none","yes","SWBD"
"SWBD-93","A2ZV96GRXVSXK4","know",0,"negation","none","yes","SWBD"
"SWBD-93","A27SMEOPKV84VI","know",0,"negation","none","yes","SWBD"
"SWBD-93","A3HNEYFOIJWPH1","know",-1,"negation","none","yes","SWBD"
"SWBD-93","A39GADIK8RLMVC","know",0,"negation","none","yes","SWBD"
"SWBD-94","A2AMQX0BQZXG9N","realize",1,"negation","none","yes","SWBD"
"SWBD-94","A3GLMBZSG3VU4P","realize",2,"negation","none","yes","SWBD"
"SWBD-94","A1945USNZHTROX","realize",2,"negation","none","yes","SWBD"
"SWBD-94","A1MJVTR0PCKBWW","realize",0,"negation","none","yes","SWBD"
"SWBD-94","A18LPAFMK1B06K","realize",2,"negation","none","yes","SWBD"
"SWBD-94","A16SAB417Y96G4","realize",2,"negation","none","yes","SWBD"
"SWBD-94","A1GXFMAC759VRM","realize",3,"negation","none","yes","SWBD"
"SWBD-94","ASI2B6A3Y556Z","realize",2,"negation","none","yes","SWBD"
"SWBD-94","A1QG4N21BF61PC","realize",1,"negation","none","yes","SWBD"
"SWBD-94","A39GADIK8RLMVC","realize",3,"negation","none","yes","SWBD"
"SWBD-94","A5EU1AQJNC7F2","realize",2,"negation","none","yes","SWBD"
"SWBD-95","A1GXFMAC759VRM","think",-3,"negation","none","no","SWBD"
"SWBD-95","A110KENBXU7SUJ","think",-2,"negation","none","no","SWBD"
"SWBD-95","A2JP9IKRHNLRPI","think",-2,"negation","none","no","SWBD"
"SWBD-95","APGX2WZ59OWDN","think",-2,"negation","none","no","SWBD"
"SWBD-95","A2EOOF9D135HQ1","think",-2,"negation","none","no","SWBD"
"SWBD-95","A05977571SZ38O16ESGP8","think",2,"negation","none","no","SWBD"
"SWBD-95","A2P065E9CYMYJL","think",-2,"negation","none","no","SWBD"
"SWBD-95","A2ONILC0LZKG6Y","think",-2,"negation","none","no","SWBD"
"SWBD-95","A2WCXJZEXXR60A","think",-2,"negation","none","no","SWBD"
"SWBD-96","AFUX7IUQOE0NA","say",-2,"negation","none","no","SWBD"
"SWBD-96","A320QA9HJFUOZO","say",0,"negation","none","no","SWBD"
"SWBD-96","A18LPAFMK1B06K","say",-2,"negation","none","no","SWBD"
"SWBD-96","AR1IWBDA7MC86","say",-3,"negation","none","no","SWBD"
"SWBD-96","A2P065E9CYMYJL","say",-1,"negation","none","no","SWBD"
"SWBD-96","A1EQ2HDHF2WWSY","say",-2,"negation","none","no","SWBD"
"SWBD-96","A3GM78FCDY293T","say",0,"negation","none","no","SWBD"
"SWBD-96","A1GXFMAC759VRM","say",-2,"negation","none","no","SWBD"
"SWBD-96","A3VVR8NR3ED04C","say",1,"negation","none","no","SWBD"
"SWBD-96","A05977571SZ38O16ESGP8","say",-1,"negation","none","no","SWBD"
"SWBD-96","A27SMEOPKV84VI","say",-1,"negation","none","no","SWBD"
"SWBD-97","A2DXEPC4QFV4R1","think",-2,"negation","none","no","SWBD"
"SWBD-97","A2AMQX0BQZXG9N","think",-3,"negation","none","no","SWBD"
"SWBD-97","A1EQ2HDHF2WWSY","think",-2,"negation","none","no","SWBD"
"SWBD-97","A3S300T3IVQ2GC","think",-3,"negation","none","no","SWBD"
"SWBD-97","A1945USNZHTROX","think",-3,"negation","none","no","SWBD"
"SWBD-97","A39GADIK8RLMVC","think",-3,"negation","none","no","SWBD"
"SWBD-97","AAASQIW3J32OL","think",-3,"negation","none","no","SWBD"
"SWBD-97","A36SM7QM8OK3H6","think",-2,"negation","none","no","SWBD"
"SWBD-97","A110KENBXU7SUJ","think",-2,"negation","none","no","SWBD"
"SWBD-98","A110KENBXU7SUJ","think",-1,"negation","none","no","SWBD"
"SWBD-98","A3S300T3IVQ2GC","think",-2,"negation","none","no","SWBD"
"SWBD-98","A1EQ2HDHF2WWSY","think",-2,"negation","none","no","SWBD"
"SWBD-98","A1MJVTR0PCKBWW","think",0,"negation","none","no","SWBD"
"SWBD-98","A27SMEOPKV84VI","think",-2,"negation","none","no","SWBD"
"SWBD-98","A214HWAW1PYWO8","think",-3,"negation","none","no","SWBD"
"SWBD-98","A2P065E9CYMYJL","think",2,"negation","none","no","SWBD"
"SWBD-98","A39GADIK8RLMVC","think",-3,"negation","none","no","SWBD"
"SWBD-98","A1GXFMAC759VRM","think",-3,"negation","none","no","SWBD"
"SWBD-98","A2IKPU88PDQTMF","think",-2,"negation","none","no","SWBD"
"SWBD-98","A3R6Y9ECFIJ80U","think",-1,"negation","none","no","SWBD"
"SWBD-99","A1GXFMAC759VRM","believe",-3,"negation","none","no","SWBD"
"SWBD-99","APGX2WZ59OWDN","believe",-1,"negation","none","no","SWBD"
"SWBD-99","ASI2B6A3Y556Z","believe",-1,"negation","none","no","SWBD"
"SWBD-99","A1F9KLZGHE9DTA","believe",-2,"negation","none","no","SWBD"
"SWBD-99","A2JP9IKRHNLRPI","believe",-3,"negation","none","no","SWBD"
"SWBD-99","A1MJVTR0PCKBWW","believe",0,"negation","none","no","SWBD"
"SWBD-99","AFN5VMMGYPF1I","believe",-2,"negation","none","no","SWBD"
"SWBD-99","AFU00NU09CFXE","believe",1,"negation","none","no","SWBD"
"SWBD-99","AAASQIW3J32OL","believe",-1,"negation","none","no","SWBD"
"SWBD-99","A5EU1AQJNC7F2","believe",-2,"negation","none","no","SWBD"
"SWBD-99","A2WCXJZEXXR60A","believe",-1,"negation","none","no","SWBD"
"WSJ-1","A3TK9CLBA65ZZE","know",0,"negation","none","yes","WSJ"
"WSJ-1","A36SM7QM8OK3H6","know",2,"negation","none","yes","WSJ"
"WSJ-1","A2YJQUHFIXNOY0","know",1,"negation","none","yes","WSJ"
"WSJ-1","A110KENBXU7SUJ","know",-1,"negation","none","yes","WSJ"
"WSJ-1","A34SUZWGLXIWM8","know",2,"negation","none","yes","WSJ"
"WSJ-1","AR6TFJJ2Q8R2V","know",0,"negation","none","yes","WSJ"
"WSJ-1","A2HM35CWB7IIFM","know",0,"negation","none","yes","WSJ"
"WSJ-1","A2C73Y1COWCA51","know",2,"negation","none","yes","WSJ"
"WSJ-1","A207149DHAS89K","know",3,"negation","none","yes","WSJ"
"WSJ-1","A1GXPNXDLMT0QB","know",1,"negation","none","yes","WSJ"
"WSJ-1","A2W1C5PDHUF25O","know",-3,"negation","none","yes","WSJ"
"WSJ-1","A17J1CE7N49Z9D","know",0,"negation","none","yes","WSJ"
"WSJ-1","A2R40R4O6G0YBY","know",3,"negation","none","yes","WSJ"
"WSJ-1","A3S1TLYMH9WWUG","know",0,"negation","none","yes","WSJ"
"WSJ-1","A1VSHM4NLZ705D","know",2,"negation","none","yes","WSJ"
"WSJ-1","A26T6O5EFR54A9","know",2,"negation","none","yes","WSJ"
"WSJ-1","A1E4K9G6ZKPKX4","know",3,"negation","none","yes","WSJ"
"WSJ-1","A2541C8MY0BYV3","know",1,"negation","none","yes","WSJ"
"WSJ-101","A1GXPNXDLMT0QB","prove",1,"modal","AB","no","WSJ"
"WSJ-101","A1GMJZUQ8Q7053","prove",-1,"modal","AB","no","WSJ"
"WSJ-101","A35ARURSRU6UAZ","prove",-1,"modal","AB","no","WSJ"
"WSJ-101","A3KKXA7COL5JHL","prove",1,"modal","AB","no","WSJ"
"WSJ-101","A195WB6MMIHUL7","prove",3,"modal","AB","no","WSJ"
"WSJ-101","A14XM04GNE5AAK","prove",-2,"modal","AB","no","WSJ"
"WSJ-101","A2JP9IKRHNLRPI","prove",3,"modal","AB","no","WSJ"
"WSJ-101","A1K75ALN5NQIJM","prove",0,"modal","AB","no","WSJ"
"WSJ-101","A2541C8MY0BYV3","prove",-2,"modal","AB","no","WSJ"
"WSJ-101","ADY44EV3GCW85","prove",-1,"modal","AB","no","WSJ"
"WSJ-101","ATZSD4TTNDO5V","prove",2,"modal","AB","no","WSJ"
"WSJ-101","A2VM2EU6AHX5IC","prove",1,"modal","AB","no","WSJ"
"WSJ-101","A3SM6R11R3687Q","prove",3,"modal","AB","no","WSJ"
"WSJ-101","A3N0QZ9ZKUCTCQ","prove",-2,"modal","AB","no","WSJ"
"WSJ-101","A183WYXN12P2TJ","prove",-2,"modal","AB","no","WSJ"
"WSJ-101","A1W8FA5GSFY60C","prove",2,"modal","AB","no","WSJ"
"WSJ-101","AVMIXXCHPD291","prove",0,"modal","AB","no","WSJ"
"WSJ-102","ATZSD4TTNDO5V","mean",0,"negation","none","no","WSJ"
"WSJ-102","A3SM6R11R3687Q","mean",1,"negation","none","no","WSJ"
"WSJ-102","A183WYXN12P2TJ","mean",0,"negation","none","no","WSJ"
"WSJ-102","A3N0QZ9ZKUCTCQ","mean",-2,"negation","none","no","WSJ"
"WSJ-102","A2VM2EU6AHX5IC","mean",-1,"negation","none","no","WSJ"
"WSJ-102","A14XM04GNE5AAK","mean",0,"negation","none","no","WSJ"
"WSJ-102","A2JP9IKRHNLRPI","mean",1,"negation","none","no","WSJ"
"WSJ-102","A35ARURSRU6UAZ","mean",-1,"negation","none","no","WSJ"
"WSJ-102","AVMIXXCHPD291","mean",0,"negation","none","no","WSJ"
"WSJ-102","A1GMJZUQ8Q7053","mean",2,"negation","none","no","WSJ"
"WSJ-102","ADY44EV3GCW85","mean",0,"negation","none","no","WSJ"
"WSJ-102","A1GXPNXDLMT0QB","mean",0,"negation","none","no","WSJ"
"WSJ-102","A2541C8MY0BYV3","mean",-3,"negation","none","no","WSJ"
"WSJ-102","A1K75ALN5NQIJM","mean",0,"negation","none","no","WSJ"
"WSJ-102","A3KKXA7COL5JHL","mean",0,"negation","none","no","WSJ"
"WSJ-102","A195WB6MMIHUL7","mean",3,"negation","none","no","WSJ"
"WSJ-102","A1W8FA5GSFY60C","mean",-1,"negation","none","no","WSJ"
"WSJ-103","ANVAFB99K5RKP","decide",0,"modal","EP","no","WSJ"
"WSJ-103","A239EUWY6SNDEZ","decide",2,"modal","EP","no","WSJ"
"WSJ-103","ASTR3EPUOKEXV","decide",1,"modal","EP","no","WSJ"
"WSJ-103","A1MV41OTGYW0AH","decide",1,"modal","EP","no","WSJ"
"WSJ-103","A35FHY70T3PL8I","decide",1,"modal","EP","no","WSJ"
"WSJ-103","A1WH32GYQOHIRQ","decide",0,"modal","EP","no","WSJ"
"WSJ-103","AKSJ3C5O3V9RB","decide",1,"modal","EP","no","WSJ"
"WSJ-103","A2CF2BD4Q0ZDJN","decide",0,"modal","EP","no","WSJ"
"WSJ-103","A10DCC73F2CKHC","decide",1,"modal","EP","no","WSJ"
"WSJ-103","AU3D48D52RP2T","decide",1,"modal","EP","no","WSJ"
"WSJ-103","A1GYO6CJMVA9ZA","decide",0,"modal","EP","no","WSJ"
"WSJ-103","A29VL3MZE7YPBZ","decide",-3,"modal","EP","no","WSJ"
"WSJ-103","A34DWBBWZRLO1X","decide",0,"modal","EP","no","WSJ"
"WSJ-103","A2DJTY0LALVNVB","decide",1,"modal","EP","no","WSJ"
"WSJ-103","A3BL2ZEODD79AZ","decide",2,"modal","EP","no","WSJ"
"WSJ-105","A3L2UB07EZJAMD","believe",0,"negation","none","no","WSJ"
"WSJ-105","A8FUMDQFBKMXR","believe",1,"negation","none","no","WSJ"
"WSJ-105","A1VSU8AMV3QFI1","believe",1,"negation","none","no","WSJ"
"WSJ-105","A32ES5EUTQUQVN","believe",3,"negation","none","no","WSJ"
"WSJ-105","A1WISFBL3J5Z12","believe",0,"negation","none","no","WSJ"
"WSJ-105","A2S75O867RJG0I","believe",-1,"negation","none","no","WSJ"
"WSJ-105","A3CF8ULBSE8MTL","believe",3,"negation","none","no","WSJ"
"WSJ-105","AUVC78LEL0T6L","believe",-1,"negation","none","no","WSJ"
"WSJ-105","A3L1SMVQ0WV7UG","believe",2,"negation","none","no","WSJ"
"WSJ-105","A1G5MFF89BEL10","believe",0,"negation","none","no","WSJ"
"WSJ-105","A3RS7UCO7CQ74R","believe",2,"negation","none","no","WSJ"
"WSJ-105","A10LQ8RUWDUI5U","believe",-3,"negation","none","no","WSJ"
"WSJ-105","A1G187YBG0DVMQ","believe",-2,"negation","none","no","WSJ"
"WSJ-105","A3F6SDO4GYBE4Y","believe",-2,"negation","none","no","WSJ"
"WSJ-105","A2SOKKU8ZSBTFY","believe",0,"negation","none","no","WSJ"
"WSJ-106","A2VM2EU6AHX5IC","convince",-1,"negation","none","no","WSJ"
"WSJ-106","A195WB6MMIHUL7","convince",0,"negation","none","no","WSJ"
"WSJ-106","ATZSD4TTNDO5V","convince",-3,"negation","none","no","WSJ"
"WSJ-106","A1GXPNXDLMT0QB","convince",-1,"negation","none","no","WSJ"
"WSJ-106","ADY44EV3GCW85","convince",0,"negation","none","no","WSJ"
"WSJ-106","A3KKXA7COL5JHL","convince",0,"negation","none","no","WSJ"
"WSJ-106","A1GMJZUQ8Q7053","convince",-2,"negation","none","no","WSJ"
"WSJ-106","A2541C8MY0BYV3","convince",-2,"negation","none","no","WSJ"
"WSJ-106","A1K75ALN5NQIJM","convince",-1,"negation","none","no","WSJ"
"WSJ-106","A3SM6R11R3687Q","convince",1,"negation","none","no","WSJ"
"WSJ-106","A183WYXN12P2TJ","convince",-3,"negation","none","no","WSJ"
"WSJ-106","A1W8FA5GSFY60C","convince",-2,"negation","none","no","WSJ"
"WSJ-106","A35ARURSRU6UAZ","convince",0,"negation","none","no","WSJ"
"WSJ-106","A2JP9IKRHNLRPI","convince",-2,"negation","none","no","WSJ"
"WSJ-106","A3N0QZ9ZKUCTCQ","convince",0,"negation","none","no","WSJ"
"WSJ-106","AVMIXXCHPD291","convince",0,"negation","none","no","WSJ"
"WSJ-106","A14XM04GNE5AAK","convince",0,"negation","none","no","WSJ"
"WSJ-107","A1GYO6CJMVA9ZA","mean",0,"modal","EP","no","WSJ"
"WSJ-107","ASTR3EPUOKEXV","mean",0,"modal","EP","no","WSJ"
"WSJ-107","A35FHY70T3PL8I","mean",1,"modal","EP","no","WSJ"
"WSJ-107","A1WH32GYQOHIRQ","mean",1,"modal","EP","no","WSJ"
"WSJ-107","AU3D48D52RP2T","mean",1,"modal","EP","no","WSJ"
"WSJ-107","A3BL2ZEODD79AZ","mean",1,"modal","EP","no","WSJ"
"WSJ-107","ANVAFB99K5RKP","mean",0,"modal","EP","no","WSJ"
"WSJ-107","A239EUWY6SNDEZ","mean",3,"modal","EP","no","WSJ"
"WSJ-107","AKSJ3C5O3V9RB","mean",2,"modal","EP","no","WSJ"
"WSJ-107","A10DCC73F2CKHC","mean",2,"modal","EP","no","WSJ"
"WSJ-107","A1MV41OTGYW0AH","mean",0,"modal","EP","no","WSJ"
"WSJ-107","A2DJTY0LALVNVB","mean",-1,"modal","EP","no","WSJ"
"WSJ-107","A34DWBBWZRLO1X","mean",0,"modal","EP","no","WSJ"
"WSJ-107","A29VL3MZE7YPBZ","mean",0,"modal","EP","no","WSJ"
"WSJ-107","A2CF2BD4Q0ZDJN","mean",1,"modal","EP","no","WSJ"
"WSJ-108","AU3D48D52RP2T","expect",0,"negation","none","no","WSJ"
"WSJ-108","A3BL2ZEODD79AZ","expect",-2,"negation","none","no","WSJ"
"WSJ-108","A34DWBBWZRLO1X","expect",0,"negation","none","no","WSJ"
"WSJ-108","A10DCC73F2CKHC","expect",0,"negation","none","no","WSJ"
"WSJ-108","A2DJTY0LALVNVB","expect",1,"negation","none","no","WSJ"
"WSJ-108","AKSJ3C5O3V9RB","expect",-2,"negation","none","no","WSJ"
"WSJ-108","ANVAFB99K5RKP","expect",-2,"negation","none","no","WSJ"
"WSJ-108","A35FHY70T3PL8I","expect",-2,"negation","none","no","WSJ"
"WSJ-108","A2CF2BD4Q0ZDJN","expect",1,"negation","none","no","WSJ"
"WSJ-108","A1MV41OTGYW0AH","expect",-2,"negation","none","no","WSJ"
"WSJ-108","A1WH32GYQOHIRQ","expect",0,"negation","none","no","WSJ"
"WSJ-108","A1GYO6CJMVA9ZA","expect",0,"negation","none","no","WSJ"
"WSJ-108","ASTR3EPUOKEXV","expect",-3,"negation","none","no","WSJ"
"WSJ-108","A239EUWY6SNDEZ","expect",-3,"negation","none","no","WSJ"
"WSJ-108","A29VL3MZE7YPBZ","expect",-2,"negation","none","no","WSJ"
"WSJ-11","A2R40R4O6G0YBY","mean",0,"negation","none","no","WSJ"
"WSJ-11","A3TK9CLBA65ZZE","mean",1,"negation","none","no","WSJ"
"WSJ-11","A2YJQUHFIXNOY0","mean",2,"negation","none","no","WSJ"
"WSJ-11","A1GXPNXDLMT0QB","mean",0,"negation","none","no","WSJ"
"WSJ-11","A3S1TLYMH9WWUG","mean",1,"negation","none","no","WSJ"
"WSJ-11","A17J1CE7N49Z9D","mean",-1,"negation","none","no","WSJ"
"WSJ-11","AR6TFJJ2Q8R2V","mean",-2,"negation","none","no","WSJ"
"WSJ-11","A36SM7QM8OK3H6","mean",0,"negation","none","no","WSJ"
"WSJ-11","A2W1C5PDHUF25O","mean",1,"negation","none","no","WSJ"
"WSJ-11","A34SUZWGLXIWM8","mean",1,"negation","none","no","WSJ"
"WSJ-11","A2C73Y1COWCA51","mean",0,"negation","none","no","WSJ"
"WSJ-11","A26T6O5EFR54A9","mean",1,"negation","none","no","WSJ"
"WSJ-11","A1E4K9G6ZKPKX4","mean",1,"negation","none","no","WSJ"
"WSJ-11","A207149DHAS89K","mean",0,"negation","none","no","WSJ"
"WSJ-11","A2HM35CWB7IIFM","mean",1,"negation","none","no","WSJ"
"WSJ-11","A2541C8MY0BYV3","mean",-2,"negation","none","no","WSJ"
"WSJ-11","A110KENBXU7SUJ","mean",0,"negation","none","no","WSJ"
"WSJ-11","A1VSHM4NLZ705D","mean",1,"negation","none","no","WSJ"
"WSJ-110","A349DVO4LIYE1Y","believe",2,"negation","none","no","WSJ"
"WSJ-110","A364KJDYEBAWC9","believe",-3,"negation","none","no","WSJ"
"WSJ-110","AU2NVT51E749C","believe",-3,"negation","none","no","WSJ"
"WSJ-110","AVI7K876BV3QL","believe",3,"negation","none","no","WSJ"
"WSJ-110","A2HCX55SX2NP1V","believe",3,"negation","none","no","WSJ"
"WSJ-110","AJ9N1D8B96693","believe",-3,"negation","none","no","WSJ"
"WSJ-110","A17J1CE7N49Z9D","believe",-2,"negation","none","no","WSJ"
"WSJ-110","A2QX2B50DM45E2","believe",-3,"negation","none","no","WSJ"
"WSJ-110","A17CJYH3NI201S","believe",-3,"negation","none","no","WSJ"
"WSJ-110","A166A2M31CW2C7","believe",-3,"negation","none","no","WSJ"
"WSJ-110","APXNY64HXO08K","believe",-3,"negation","none","no","WSJ"
"WSJ-110","A3J0IAI8AJBGKX","believe",-2,"negation","none","no","WSJ"
"WSJ-110","A1BQCRF5Q76YFY","believe",-3,"negation","none","no","WSJ"
"WSJ-110","A1WDUICI1FG9F","believe",-3,"negation","none","no","WSJ"
"WSJ-110","A1GXPNXDLMT0QB","believe",-3,"negation","none","no","WSJ"
"WSJ-111","AKSJ3C5O3V9RB","feel",-1,"negation","none","no","WSJ"
"WSJ-111","A35FHY70T3PL8I","feel",0,"negation","none","no","WSJ"
"WSJ-111","ASTR3EPUOKEXV","feel",-3,"negation","none","no","WSJ"
"WSJ-111","A3BL2ZEODD79AZ","feel",-2,"negation","none","no","WSJ"
"WSJ-111","A1WH32GYQOHIRQ","feel",0,"negation","none","no","WSJ"
"WSJ-111","A2CF2BD4Q0ZDJN","feel",-2,"negation","none","no","WSJ"
"WSJ-111","A239EUWY6SNDEZ","feel",1,"negation","none","no","WSJ"
"WSJ-111","ANVAFB99K5RKP","feel",-2,"negation","none","no","WSJ"
"WSJ-111","A1MV41OTGYW0AH","feel",3,"negation","none","no","WSJ"
"WSJ-111","AU3D48D52RP2T","feel",2,"negation","none","no","WSJ"
"WSJ-111","A1GYO6CJMVA9ZA","feel",0,"negation","none","no","WSJ"
"WSJ-111","A29VL3MZE7YPBZ","feel",3,"negation","none","no","WSJ"
"WSJ-111","A34DWBBWZRLO1X","feel",-3,"negation","none","no","WSJ"
"WSJ-111","A10DCC73F2CKHC","feel",-2,"negation","none","no","WSJ"
"WSJ-111","A2DJTY0LALVNVB","feel",0,"negation","none","no","WSJ"
"WSJ-112","A3RS7UCO7CQ74R","mean",3,"negation","none","no","WSJ"
"WSJ-112","A3F6SDO4GYBE4Y","mean",-2,"negation","none","no","WSJ"
"WSJ-112","A32ES5EUTQUQVN","mean",-3,"negation","none","no","WSJ"
"WSJ-112","A10LQ8RUWDUI5U","mean",-2,"negation","none","no","WSJ"
"WSJ-112","A3L2UB07EZJAMD","mean",0,"negation","none","no","WSJ"
"WSJ-112","A3L1SMVQ0WV7UG","mean",0,"negation","none","no","WSJ"
"WSJ-112","A1WISFBL3J5Z12","mean",-1,"negation","none","no","WSJ"
"WSJ-112","A1G5MFF89BEL10","mean",-2,"negation","none","no","WSJ"
"WSJ-112","A1G187YBG0DVMQ","mean",2,"negation","none","no","WSJ"
"WSJ-112","AUVC78LEL0T6L","mean",-1,"negation","none","no","WSJ"
"WSJ-112","A2SOKKU8ZSBTFY","mean",-3,"negation","none","no","WSJ"
"WSJ-112","A8FUMDQFBKMXR","mean",0,"negation","none","no","WSJ"
"WSJ-112","A1VSU8AMV3QFI1","mean",-1,"negation","none","no","WSJ"
"WSJ-112","A2S75O867RJG0I","mean",-1,"negation","none","no","WSJ"
"WSJ-112","A3CF8ULBSE8MTL","mean",-1,"negation","none","no","WSJ"
"WSJ-114","APXNY64HXO08K","mean",2,"negation","none","no","WSJ"
"WSJ-114","AVI7K876BV3QL","mean",1,"negation","none","no","WSJ"
"WSJ-114","AJ9N1D8B96693","mean",-3,"negation","none","no","WSJ"
"WSJ-114","A349DVO4LIYE1Y","mean",-2,"negation","none","no","WSJ"
"WSJ-114","A17CJYH3NI201S","mean",-2,"negation","none","no","WSJ"
"WSJ-114","A17J1CE7N49Z9D","mean",-2,"negation","none","no","WSJ"
"WSJ-114","A1BQCRF5Q76YFY","mean",-3,"negation","none","no","WSJ"
"WSJ-114","A1GXPNXDLMT0QB","mean",-2,"negation","none","no","WSJ"
"WSJ-114","A364KJDYEBAWC9","mean",-1,"negation","none","no","WSJ"
"WSJ-114","A3J0IAI8AJBGKX","mean",-1,"negation","none","no","WSJ"
"WSJ-114","A166A2M31CW2C7","mean",-1,"negation","none","no","WSJ"
"WSJ-114","A1WDUICI1FG9F","mean",0,"negation","none","no","WSJ"
"WSJ-114","A2QX2B50DM45E2","mean",0,"negation","none","no","WSJ"
"WSJ-114","A2HCX55SX2NP1V","mean",-3,"negation","none","no","WSJ"
"WSJ-114","AU2NVT51E749C","mean",-2,"negation","none","no","WSJ"
"WSJ-115","A1VSU8AMV3QFI1","hope",1,"modal","EP","no","WSJ"
"WSJ-115","A3RS7UCO7CQ74R","hope",0,"modal","EP","no","WSJ"
"WSJ-115","A3L2UB07EZJAMD","hope",0,"modal","EP","no","WSJ"
"WSJ-115","A10LQ8RUWDUI5U","hope",0,"modal","EP","no","WSJ"
"WSJ-115","A32ES5EUTQUQVN","hope",-3,"modal","EP","no","WSJ"
"WSJ-115","A1G5MFF89BEL10","hope",1,"modal","EP","no","WSJ"
"WSJ-115","A2S75O867RJG0I","hope",-2,"modal","EP","no","WSJ"
"WSJ-115","A2SOKKU8ZSBTFY","hope",0,"modal","EP","no","WSJ"
"WSJ-115","AUVC78LEL0T6L","hope",0,"modal","EP","no","WSJ"
"WSJ-115","A1G187YBG0DVMQ","hope",0,"modal","EP","no","WSJ"
"WSJ-115","A8FUMDQFBKMXR","hope",0,"modal","EP","no","WSJ"
"WSJ-115","A3CF8ULBSE8MTL","hope",-2,"modal","EP","no","WSJ"
"WSJ-115","A3L1SMVQ0WV7UG","hope",0,"modal","EP","no","WSJ"
"WSJ-115","A1WISFBL3J5Z12","hope",1,"modal","EP","no","WSJ"
"WSJ-115","A3F6SDO4GYBE4Y","hope",1,"modal","EP","no","WSJ"
"WSJ-116","A3L1SMVQ0WV7UG","decide",0,"modal","EP","no","WSJ"
"WSJ-116","A1VSU8AMV3QFI1","decide",1,"modal","EP","no","WSJ"
"WSJ-116","A2SOKKU8ZSBTFY","decide",0,"modal","EP","no","WSJ"
"WSJ-116","A1WISFBL3J5Z12","decide",3,"modal","EP","no","WSJ"
"WSJ-116","A3F6SDO4GYBE4Y","decide",2,"modal","EP","no","WSJ"
"WSJ-116","A3L2UB07EZJAMD","decide",0,"modal","EP","no","WSJ"
"WSJ-116","AUVC78LEL0T6L","decide",3,"modal","EP","no","WSJ"
"WSJ-116","A32ES5EUTQUQVN","decide",-3,"modal","EP","no","WSJ"
"WSJ-116","A10LQ8RUWDUI5U","decide",0,"modal","EP","no","WSJ"
"WSJ-116","A2S75O867RJG0I","decide",1,"modal","EP","no","WSJ"
"WSJ-116","A3CF8ULBSE8MTL","decide",2,"modal","EP","no","WSJ"
"WSJ-116","A1G187YBG0DVMQ","decide",1,"modal","EP","no","WSJ"
"WSJ-116","A8FUMDQFBKMXR","decide",0,"modal","EP","no","WSJ"
"WSJ-116","A3RS7UCO7CQ74R","decide",3,"modal","EP","no","WSJ"
"WSJ-116","A1G5MFF89BEL10","decide",2,"modal","EP","no","WSJ"
"WSJ-118","A8FUMDQFBKMXR","expect",-1,"negation","none","no","WSJ"
"WSJ-118","A1G187YBG0DVMQ","expect",-1,"negation","none","no","WSJ"
"WSJ-118","A10LQ8RUWDUI5U","expect",0,"negation","none","no","WSJ"
"WSJ-118","A2SOKKU8ZSBTFY","expect",0,"negation","none","no","WSJ"
"WSJ-118","A3L2UB07EZJAMD","expect",0,"negation","none","no","WSJ"
"WSJ-118","A32ES5EUTQUQVN","expect",0,"negation","none","no","WSJ"
"WSJ-118","A1VSU8AMV3QFI1","expect",2,"negation","none","no","WSJ"
"WSJ-118","A1G5MFF89BEL10","expect",-2,"negation","none","no","WSJ"
"WSJ-118","A3L1SMVQ0WV7UG","expect",1,"negation","none","no","WSJ"
"WSJ-118","A3F6SDO4GYBE4Y","expect",1,"negation","none","no","WSJ"
"WSJ-118","AUVC78LEL0T6L","expect",0,"negation","none","no","WSJ"
"WSJ-118","A3CF8ULBSE8MTL","expect",-2,"negation","none","no","WSJ"
"WSJ-118","A2S75O867RJG0I","expect",-1,"negation","none","no","WSJ"
"WSJ-118","A3RS7UCO7CQ74R","expect",-3,"negation","none","no","WSJ"
"WSJ-118","A1WISFBL3J5Z12","expect",0,"negation","none","no","WSJ"
"WSJ-12","A2HM35CWB7IIFM","announce",0,"question","none","no","WSJ"
"WSJ-12","A1E4K9G6ZKPKX4","announce",3,"question","none","no","WSJ"
"WSJ-12","A2W1C5PDHUF25O","announce",2,"question","none","no","WSJ"
"WSJ-12","A36SM7QM8OK3H6","announce",2,"question","none","no","WSJ"
"WSJ-12","AR6TFJJ2Q8R2V","announce",2,"question","none","no","WSJ"
"WSJ-12","A34SUZWGLXIWM8","announce",1,"question","none","no","WSJ"
"WSJ-12","A17J1CE7N49Z9D","announce",1,"question","none","no","WSJ"
"WSJ-12","A3TK9CLBA65ZZE","announce",2,"question","none","no","WSJ"
"WSJ-12","A2541C8MY0BYV3","announce",1,"question","none","no","WSJ"
"WSJ-12","A1VSHM4NLZ705D","announce",2,"question","none","no","WSJ"
"WSJ-12","A1GXPNXDLMT0QB","announce",1,"question","none","no","WSJ"
"WSJ-12","A2YJQUHFIXNOY0","announce",-2,"question","none","no","WSJ"
"WSJ-12","A2C73Y1COWCA51","announce",3,"question","none","no","WSJ"
"WSJ-12","A207149DHAS89K","announce",-3,"question","none","no","WSJ"
"WSJ-12","A110KENBXU7SUJ","announce",1,"question","none","no","WSJ"
"WSJ-12","A2R40R4O6G0YBY","announce",0,"question","none","no","WSJ"
"WSJ-12","A26T6O5EFR54A9","announce",-2,"question","none","no","WSJ"
"WSJ-12","A3S1TLYMH9WWUG","announce",0,"question","none","no","WSJ"
"WSJ-120","AOPG07J95DDJT","mean",-3,"negation","none","no","WSJ"
"WSJ-120","ABMPX2Y2IRBMG","mean",-2,"negation","none","no","WSJ"
"WSJ-120","AELOYBHVZFDW9","mean",0,"negation","none","no","WSJ"
"WSJ-120","A1HUUSCZ4I5SOP","mean",-1,"negation","none","no","WSJ"
"WSJ-120","A4ZPIPBDO624H","mean",-1,"negation","none","no","WSJ"
"WSJ-120","A2U7BMG19Q83GE","mean",-1,"negation","none","no","WSJ"
"WSJ-120","A17J1CE7N49Z9D","mean",-2,"negation","none","no","WSJ"
"WSJ-120","A26RO8GGTQAXGG","mean",-2,"negation","none","no","WSJ"
"WSJ-120","A1IFF4KV23FGHJ","mean",0,"negation","none","no","WSJ"
"WSJ-120","A18MZ3VFQGX4M1","mean",-2,"negation","none","no","WSJ"
"WSJ-120","A3JODCUHJMCSA2","mean",-1,"negation","none","no","WSJ"
"WSJ-120","A2541C8MY0BYV3","mean",-2,"negation","none","no","WSJ"
"WSJ-120","A3F6SDO4GYBE4Y","mean",-2,"negation","none","no","WSJ"
"WSJ-120","A231YJ92L0FV6T","mean",-1,"negation","none","no","WSJ"
"WSJ-120","AP7BOM5KUH8KV","mean",-3,"negation","none","no","WSJ"
"WSJ-121","A1WDUICI1FG9F","think",-3,"modal","EP","no","WSJ"
"WSJ-121","A17J1CE7N49Z9D","think",-1,"modal","EP","no","WSJ"
"WSJ-121","A1BQCRF5Q76YFY","think",0,"modal","EP","no","WSJ"
"WSJ-121","AJ9N1D8B96693","think",-2,"modal","EP","no","WSJ"
"WSJ-121","APXNY64HXO08K","think",-1,"modal","EP","no","WSJ"
"WSJ-121","A1GXPNXDLMT0QB","think",0,"modal","EP","no","WSJ"
"WSJ-121","A349DVO4LIYE1Y","think",-3,"modal","EP","no","WSJ"
"WSJ-121","A2QX2B50DM45E2","think",-1,"modal","EP","no","WSJ"
"WSJ-121","A364KJDYEBAWC9","think",-3,"modal","EP","no","WSJ"
"WSJ-121","AVI7K876BV3QL","think",0,"modal","EP","no","WSJ"
"WSJ-121","A17CJYH3NI201S","think",0,"modal","EP","no","WSJ"
"WSJ-121","A2HCX55SX2NP1V","think",-2,"modal","EP","no","WSJ"
"WSJ-121","A166A2M31CW2C7","think",1,"modal","EP","no","WSJ"
"WSJ-121","A3J0IAI8AJBGKX","think",0,"modal","EP","no","WSJ"
"WSJ-121","AU2NVT51E749C","think",0,"modal","EP","no","WSJ"
"WSJ-122","A1G5MFF89BEL10","think",-1,"negation","none","no","WSJ"
"WSJ-122","A3RS7UCO7CQ74R","think",3,"negation","none","no","WSJ"
"WSJ-122","AUVC78LEL0T6L","think",2,"negation","none","no","WSJ"
"WSJ-122","A3F6SDO4GYBE4Y","think",-2,"negation","none","no","WSJ"
"WSJ-122","A1VSU8AMV3QFI1","think",-2,"negation","none","no","WSJ"
"WSJ-122","A2SOKKU8ZSBTFY","think",0,"negation","none","no","WSJ"
"WSJ-122","A1G187YBG0DVMQ","think",-2,"negation","none","no","WSJ"
"WSJ-122","A10LQ8RUWDUI5U","think",1,"negation","none","no","WSJ"
"WSJ-122","A1WISFBL3J5Z12","think",-2,"negation","none","no","WSJ"
"WSJ-122","A3CF8ULBSE8MTL","think",2,"negation","none","no","WSJ"
"WSJ-122","A3L1SMVQ0WV7UG","think",2,"negation","none","no","WSJ"
"WSJ-122","A2S75O867RJG0I","think",1,"negation","none","no","WSJ"
"WSJ-122","A32ES5EUTQUQVN","think",3,"negation","none","no","WSJ"
"WSJ-122","A3L2UB07EZJAMD","think",0,"negation","none","no","WSJ"
"WSJ-122","A8FUMDQFBKMXR","think",-1,"negation","none","no","WSJ"
"WSJ-123","A1G187YBG0DVMQ","realize",1,"negation","none","yes","WSJ"
"WSJ-123","A3RS7UCO7CQ74R","realize",2,"negation","none","yes","WSJ"
"WSJ-123","A2S75O867RJG0I","realize",2,"negation","none","yes","WSJ"
"WSJ-123","A10LQ8RUWDUI5U","realize",3,"negation","none","yes","WSJ"
"WSJ-123","A1G5MFF89BEL10","realize",2,"negation","none","yes","WSJ"
"WSJ-123","A3L2UB07EZJAMD","realize",3,"negation","none","yes","WSJ"
"WSJ-123","A3L1SMVQ0WV7UG","realize",3,"negation","none","yes","WSJ"
"WSJ-123","AUVC78LEL0T6L","realize",3,"negation","none","yes","WSJ"
"WSJ-123","A1VSU8AMV3QFI1","realize",0,"negation","none","yes","WSJ"
"WSJ-123","A3F6SDO4GYBE4Y","realize",1,"negation","none","yes","WSJ"
"WSJ-123","A1WISFBL3J5Z12","realize",0,"negation","none","yes","WSJ"
"WSJ-123","A3CF8ULBSE8MTL","realize",0,"negation","none","yes","WSJ"
"WSJ-123","A2SOKKU8ZSBTFY","realize",0,"negation","none","yes","WSJ"
"WSJ-123","A8FUMDQFBKMXR","realize",3,"negation","none","yes","WSJ"
"WSJ-123","A32ES5EUTQUQVN","realize",3,"negation","none","yes","WSJ"
"WSJ-124","A17J1CE7N49Z9D","think",-3,"negation","none","no","WSJ"
"WSJ-124","A166A2M31CW2C7","think",2,"negation","none","no","WSJ"
"WSJ-124","AJ9N1D8B96693","think",-3,"negation","none","no","WSJ"
"WSJ-124","A1GXPNXDLMT0QB","think",-2,"negation","none","no","WSJ"
"WSJ-124","A3J0IAI8AJBGKX","think",3,"negation","none","no","WSJ"
"WSJ-124","AVI7K876BV3QL","think",1,"negation","none","no","WSJ"
"WSJ-124","A1WDUICI1FG9F","think",-2,"negation","none","no","WSJ"
"WSJ-124","AU2NVT51E749C","think",-2,"negation","none","no","WSJ"
"WSJ-124","A17CJYH3NI201S","think",-3,"negation","none","no","WSJ"
"WSJ-124","A2QX2B50DM45E2","think",-2,"negation","none","no","WSJ"
"WSJ-124","A349DVO4LIYE1Y","think",1,"negation","none","no","WSJ"
"WSJ-124","A2HCX55SX2NP1V","think",0,"negation","none","no","WSJ"
"WSJ-124","A364KJDYEBAWC9","think",-3,"negation","none","no","WSJ"
"WSJ-124","APXNY64HXO08K","think",-2,"negation","none","no","WSJ"
"WSJ-124","A1BQCRF5Q76YFY","think",-3,"negation","none","no","WSJ"
"WSJ-127","A1WDUICI1FG9F","show",2,"modal","EP","no","WSJ"
"WSJ-127","A2HCX55SX2NP1V","show",2,"modal","EP","no","WSJ"
"WSJ-127","APXNY64HXO08K","show",2,"modal","EP","no","WSJ"
"WSJ-127","AJ9N1D8B96693","show",0,"modal","EP","no","WSJ"
"WSJ-127","AVI7K876BV3QL","show",0,"modal","EP","no","WSJ"
"WSJ-127","A17CJYH3NI201S","show",1,"modal","EP","no","WSJ"
"WSJ-127","A349DVO4LIYE1Y","show",-1,"modal","EP","no","WSJ"
"WSJ-127","A17J1CE7N49Z9D","show",1,"modal","EP","no","WSJ"
"WSJ-127","A364KJDYEBAWC9","show",0,"modal","EP","no","WSJ"
"WSJ-127","A1BQCRF5Q76YFY","show",2,"modal","EP","no","WSJ"
"WSJ-127","A3J0IAI8AJBGKX","show",1,"modal","EP","no","WSJ"
"WSJ-127","AU2NVT51E749C","show",0,"modal","EP","no","WSJ"
"WSJ-127","A2QX2B50DM45E2","show",1,"modal","EP","no","WSJ"
"WSJ-127","A1GXPNXDLMT0QB","show",1,"modal","EP","no","WSJ"
"WSJ-127","A166A2M31CW2C7","show",0,"modal","EP","no","WSJ"
"WSJ-128","AELOYBHVZFDW9","show",0,"modal","EP","no","WSJ"
"WSJ-128","A3F6SDO4GYBE4Y","show",3,"modal","EP","no","WSJ"
"WSJ-128","A2541C8MY0BYV3","show",3,"modal","EP","no","WSJ"
"WSJ-128","AP7BOM5KUH8KV","show",2,"modal","EP","no","WSJ"
"WSJ-128","A17J1CE7N49Z9D","show",2,"modal","EP","no","WSJ"
"WSJ-128","A3JODCUHJMCSA2","show",2,"modal","EP","no","WSJ"
"WSJ-128","A4ZPIPBDO624H","show",3,"modal","EP","no","WSJ"
"WSJ-128","A2U7BMG19Q83GE","show",1,"modal","EP","no","WSJ"
"WSJ-128","ABMPX2Y2IRBMG","show",1,"modal","EP","no","WSJ"
"WSJ-128","A26RO8GGTQAXGG","show",1,"modal","EP","no","WSJ"
"WSJ-128","A1HUUSCZ4I5SOP","show",1,"modal","EP","no","WSJ"
"WSJ-128","A1IFF4KV23FGHJ","show",0,"modal","EP","no","WSJ"
"WSJ-128","A231YJ92L0FV6T","show",1,"modal","EP","no","WSJ"
"WSJ-128","A18MZ3VFQGX4M1","show",3,"modal","EP","no","WSJ"
"WSJ-128","AOPG07J95DDJT","show",2,"modal","EP","no","WSJ"
"WSJ-129","A1HUUSCZ4I5SOP","think",1,"modal","EP","no","WSJ"
"WSJ-129","A26RO8GGTQAXGG","think",-1,"modal","EP","no","WSJ"
"WSJ-129","A2541C8MY0BYV3","think",1,"modal","EP","no","WSJ"
"WSJ-129","AP7BOM5KUH8KV","think",-1,"modal","EP","no","WSJ"
"WSJ-129","AOPG07J95DDJT","think",-2,"modal","EP","no","WSJ"
"WSJ-129","A2U7BMG19Q83GE","think",1,"modal","EP","no","WSJ"
"WSJ-129","ABMPX2Y2IRBMG","think",1,"modal","EP","no","WSJ"
"WSJ-129","A4ZPIPBDO624H","think",-3,"modal","EP","no","WSJ"
"WSJ-129","A3JODCUHJMCSA2","think",3,"modal","EP","no","WSJ"
"WSJ-129","A231YJ92L0FV6T","think",2,"modal","EP","no","WSJ"
"WSJ-129","A17J1CE7N49Z9D","think",0,"modal","EP","no","WSJ"
"WSJ-129","AELOYBHVZFDW9","think",-3,"modal","EP","no","WSJ"
"WSJ-129","A1IFF4KV23FGHJ","think",2,"modal","EP","no","WSJ"
"WSJ-129","A3F6SDO4GYBE4Y","think",0,"modal","EP","no","WSJ"
"WSJ-129","A18MZ3VFQGX4M1","think",-2,"modal","EP","no","WSJ"
"WSJ-13","A2V9JE42W9BXQ5","suggest",-1,"negation","none","no","WSJ"
"WSJ-13","A28F1ZWZ9H0RHA","suggest",0,"negation","none","no","WSJ"
"WSJ-13","A1LRJ2MQD4AMES","suggest",-2,"negation","none","no","WSJ"
"WSJ-13","A115UFR6VA6OM1","suggest",-2,"negation","none","no","WSJ"
"WSJ-13","A3F6SDO4GYBE4Y","suggest",-2,"negation","none","no","WSJ"
"WSJ-13","ANTH5IGN5CHN6","suggest",1,"negation","none","no","WSJ"
"WSJ-13","A3VIQ9XPOYB8K6","suggest",1,"negation","none","no","WSJ"
"WSJ-13","A1PAY3X73PQ16S","suggest",-2,"negation","none","no","WSJ"
"WSJ-13","A2C7A6E70NYNUI","suggest",-3,"negation","none","no","WSJ"
"WSJ-13","A1HFBH5DXW9WRW","suggest",1,"negation","none","no","WSJ"
"WSJ-13","A35LPTBJU698C9","suggest",0,"negation","none","no","WSJ"
"WSJ-13","A38447E1ACQHGR","suggest",0,"negation","none","no","WSJ"
"WSJ-13","A1WRYUFOYFF8QO","suggest",0,"negation","none","no","WSJ"
"WSJ-13","A1PZ1YZAQEXRSQ","suggest",-3,"negation","none","no","WSJ"
"WSJ-13","A33L61XKPX76DB","suggest",0,"negation","none","no","WSJ"
"WSJ-130","A231YJ92L0FV6T","think",0,"negation","none","no","WSJ"
"WSJ-130","A4ZPIPBDO624H","think",0,"negation","none","no","WSJ"
"WSJ-130","A1HUUSCZ4I5SOP","think",-1,"negation","none","no","WSJ"
"WSJ-130","A3F6SDO4GYBE4Y","think",-3,"negation","none","no","WSJ"
"WSJ-130","AOPG07J95DDJT","think",0,"negation","none","no","WSJ"
"WSJ-130","ABMPX2Y2IRBMG","think",0,"negation","none","no","WSJ"
"WSJ-130","A18MZ3VFQGX4M1","think",0,"negation","none","no","WSJ"
"WSJ-130","A1IFF4KV23FGHJ","think",1,"negation","none","no","WSJ"
"WSJ-130","A26RO8GGTQAXGG","think",0,"negation","none","no","WSJ"
"WSJ-130","A2U7BMG19Q83GE","think",0,"negation","none","no","WSJ"
"WSJ-130","A2541C8MY0BYV3","think",-2,"negation","none","no","WSJ"
"WSJ-130","AELOYBHVZFDW9","think",0,"negation","none","no","WSJ"
"WSJ-130","A3JODCUHJMCSA2","think",0,"negation","none","no","WSJ"
"WSJ-130","A17J1CE7N49Z9D","think",-2,"negation","none","no","WSJ"
"WSJ-130","AP7BOM5KUH8KV","think",0,"negation","none","no","WSJ"
"WSJ-131","A3F6SDO4GYBE4Y","think",-2,"negation","none","no","WSJ"
"WSJ-131","A3JODCUHJMCSA2","think",-2,"negation","none","no","WSJ"
"WSJ-131","A1IFF4KV23FGHJ","think",-1,"negation","none","no","WSJ"
"WSJ-131","AOPG07J95DDJT","think",-1,"negation","none","no","WSJ"
"WSJ-131","AELOYBHVZFDW9","think",0,"negation","none","no","WSJ"
"WSJ-131","A2541C8MY0BYV3","think",-3,"negation","none","no","WSJ"
"WSJ-131","A4ZPIPBDO624H","think",-2,"negation","none","no","WSJ"
"WSJ-131","ABMPX2Y2IRBMG","think",-1,"negation","none","no","WSJ"
"WSJ-131","A18MZ3VFQGX4M1","think",0,"negation","none","no","WSJ"
"WSJ-131","A1HUUSCZ4I5SOP","think",-2,"negation","none","no","WSJ"
"WSJ-131","A26RO8GGTQAXGG","think",-1,"negation","none","no","WSJ"
"WSJ-131","A17J1CE7N49Z9D","think",0,"negation","none","no","WSJ"
"WSJ-131","AP7BOM5KUH8KV","think",0,"negation","none","no","WSJ"
"WSJ-131","A231YJ92L0FV6T","think",0,"negation","none","no","WSJ"
"WSJ-131","A2U7BMG19Q83GE","think",-1,"negation","none","no","WSJ"
"WSJ-132","A1IFF4KV23FGHJ","believe",-2,"question","none","no","WSJ"
"WSJ-132","A17J1CE7N49Z9D","believe",0,"question","none","no","WSJ"
"WSJ-132","A3JODCUHJMCSA2","believe",-2,"question","none","no","WSJ"
"WSJ-132","A2U7BMG19Q83GE","believe",-1,"question","none","no","WSJ"
"WSJ-132","A26RO8GGTQAXGG","believe",-3,"question","none","no","WSJ"
"WSJ-132","A4ZPIPBDO624H","believe",-2,"question","none","no","WSJ"
"WSJ-132","A1HUUSCZ4I5SOP","believe",-3,"question","none","no","WSJ"
"WSJ-132","A2541C8MY0BYV3","believe",0,"question","none","no","WSJ"
"WSJ-132","A3F6SDO4GYBE4Y","believe",3,"question","none","no","WSJ"
"WSJ-132","AOPG07J95DDJT","believe",2,"question","none","no","WSJ"
"WSJ-132","A18MZ3VFQGX4M1","believe",-3,"question","none","no","WSJ"
"WSJ-132","ABMPX2Y2IRBMG","believe",1,"question","none","no","WSJ"
"WSJ-132","AP7BOM5KUH8KV","believe",-2,"question","none","no","WSJ"
"WSJ-132","A231YJ92L0FV6T","believe",-3,"question","none","no","WSJ"
"WSJ-132","AELOYBHVZFDW9","believe",-3,"question","none","no","WSJ"
"WSJ-133","A1GXPNXDLMT0QB","mean",-3,"negation","none","no","WSJ"
"WSJ-133","A2HCX55SX2NP1V","mean",-2,"negation","none","no","WSJ"
"WSJ-133","AU2NVT51E749C","mean",-1,"negation","none","no","WSJ"
"WSJ-133","A1BQCRF5Q76YFY","mean",-2,"negation","none","no","WSJ"
"WSJ-133","A364KJDYEBAWC9","mean",-3,"negation","none","no","WSJ"
"WSJ-133","A17CJYH3NI201S","mean",-2,"negation","none","no","WSJ"
"WSJ-133","A17J1CE7N49Z9D","mean",-3,"negation","none","no","WSJ"
"WSJ-133","A3J0IAI8AJBGKX","mean",-2,"negation","none","no","WSJ"
"WSJ-133","AJ9N1D8B96693","mean",-3,"negation","none","no","WSJ"
"WSJ-133","AVI7K876BV3QL","mean",-1,"negation","none","no","WSJ"
"WSJ-133","A1WDUICI1FG9F","mean",-2,"negation","none","no","WSJ"
"WSJ-133","APXNY64HXO08K","mean",-3,"negation","none","no","WSJ"
"WSJ-133","A166A2M31CW2C7","mean",-2,"negation","none","no","WSJ"
"WSJ-133","A349DVO4LIYE1Y","mean",-1,"negation","none","no","WSJ"
"WSJ-133","A2QX2B50DM45E2","mean",-2,"negation","none","no","WSJ"
"WSJ-135","A2HCX55SX2NP1V","decide",2,"modal","EP","no","WSJ"
"WSJ-135","A166A2M31CW2C7","decide",2,"modal","EP","no","WSJ"
"WSJ-135","A3J0IAI8AJBGKX","decide",3,"modal","EP","no","WSJ"
"WSJ-135","APXNY64HXO08K","decide",-1,"modal","EP","no","WSJ"
"WSJ-135","A17CJYH3NI201S","decide",-3,"modal","EP","no","WSJ"
"WSJ-135","A364KJDYEBAWC9","decide",3,"modal","EP","no","WSJ"
"WSJ-135","A1BQCRF5Q76YFY","decide",3,"modal","EP","no","WSJ"
"WSJ-135","AVI7K876BV3QL","decide",-1,"modal","EP","no","WSJ"
"WSJ-135","A2QX2B50DM45E2","decide",2,"modal","EP","no","WSJ"
"WSJ-135","A349DVO4LIYE1Y","decide",-1,"modal","EP","no","WSJ"
"WSJ-135","A17J1CE7N49Z9D","decide",0,"modal","EP","no","WSJ"
"WSJ-135","AJ9N1D8B96693","decide",3,"modal","EP","no","WSJ"
"WSJ-135","A1WDUICI1FG9F","decide",-1,"modal","EP","no","WSJ"
"WSJ-135","A1GXPNXDLMT0QB","decide",1,"modal","EP","no","WSJ"
"WSJ-135","AU2NVT51E749C","decide",0,"modal","EP","no","WSJ"
"WSJ-136","AP7BOM5KUH8KV","believe",0,"negation","none","no","WSJ"
"WSJ-136","A4ZPIPBDO624H","believe",0,"negation","none","no","WSJ"
"WSJ-136","AELOYBHVZFDW9","believe",0,"negation","none","no","WSJ"
"WSJ-136","A17J1CE7N49Z9D","believe",-1,"negation","none","no","WSJ"
"WSJ-136","A2U7BMG19Q83GE","believe",0,"negation","none","no","WSJ"
"WSJ-136","A1HUUSCZ4I5SOP","believe",0,"negation","none","no","WSJ"
"WSJ-136","AOPG07J95DDJT","believe",1,"negation","none","no","WSJ"
"WSJ-136","A26RO8GGTQAXGG","believe",-1,"negation","none","no","WSJ"
"WSJ-136","A1IFF4KV23FGHJ","believe",0,"negation","none","no","WSJ"
"WSJ-136","A231YJ92L0FV6T","believe",1,"negation","none","no","WSJ"
"WSJ-136","A3F6SDO4GYBE4Y","believe",1,"negation","none","no","WSJ"
"WSJ-136","ABMPX2Y2IRBMG","believe",-2,"negation","none","no","WSJ"
"WSJ-136","A18MZ3VFQGX4M1","believe",-2,"negation","none","no","WSJ"
"WSJ-136","A3JODCUHJMCSA2","believe",-2,"negation","none","no","WSJ"
"WSJ-136","A2541C8MY0BYV3","believe",-2,"negation","none","no","WSJ"
"WSJ-14","A2YJQUHFIXNOY0","demand",0,"modal","EP","no","WSJ"
"WSJ-14","AR6TFJJ2Q8R2V","demand",-2,"modal","EP","no","WSJ"
"WSJ-14","A2W1C5PDHUF25O","demand",0,"modal","EP","no","WSJ"
"WSJ-14","A17J1CE7N49Z9D","demand",-1,"modal","EP","no","WSJ"
"WSJ-14","A3S1TLYMH9WWUG","demand",1,"modal","EP","no","WSJ"
"WSJ-14","A207149DHAS89K","demand",0,"modal","EP","no","WSJ"
"WSJ-14","A2541C8MY0BYV3","demand",0,"modal","EP","no","WSJ"
"WSJ-14","A1E4K9G6ZKPKX4","demand",1,"modal","EP","no","WSJ"
"WSJ-14","A1GXPNXDLMT0QB","demand",1,"modal","EP","no","WSJ"
"WSJ-14","A36SM7QM8OK3H6","demand",1,"modal","EP","no","WSJ"
"WSJ-14","A3TK9CLBA65ZZE","demand",0,"modal","EP","no","WSJ"
"WSJ-14","A110KENBXU7SUJ","demand",-1,"modal","EP","no","WSJ"
"WSJ-14","A26T6O5EFR54A9","demand",0,"modal","EP","no","WSJ"
"WSJ-14","A1VSHM4NLZ705D","demand",-1,"modal","EP","no","WSJ"
"WSJ-14","A2C73Y1COWCA51","demand",0,"modal","EP","no","WSJ"
"WSJ-14","A2R40R4O6G0YBY","demand",1,"modal","EP","no","WSJ"
"WSJ-14","A34SUZWGLXIWM8","demand",3,"modal","EP","no","WSJ"
"WSJ-14","A2HM35CWB7IIFM","demand",0,"modal","EP","no","WSJ"
"WSJ-15","A2C7A6E70NYNUI","think",3,"question","none","no","WSJ"
"WSJ-15","A1WRYUFOYFF8QO","think",2,"question","none","no","WSJ"
"WSJ-15","A1LRJ2MQD4AMES","think",-2,"question","none","no","WSJ"
"WSJ-15","A115UFR6VA6OM1","think",-1,"question","none","no","WSJ"
"WSJ-15","A1PAY3X73PQ16S","think",3,"question","none","no","WSJ"
"WSJ-15","A38447E1ACQHGR","think",2,"question","none","no","WSJ"
"WSJ-15","A1HFBH5DXW9WRW","think",2,"question","none","no","WSJ"
"WSJ-15","A3F6SDO4GYBE4Y","think",2,"question","none","no","WSJ"
"WSJ-15","A1PZ1YZAQEXRSQ","think",0,"question","none","no","WSJ"
"WSJ-15","A33L61XKPX76DB","think",3,"question","none","no","WSJ"
"WSJ-15","A28F1ZWZ9H0RHA","think",1,"question","none","no","WSJ"
"WSJ-15","ANTH5IGN5CHN6","think",1,"question","none","no","WSJ"
"WSJ-15","A35LPTBJU698C9","think",0,"question","none","no","WSJ"
"WSJ-15","A2V9JE42W9BXQ5","think",-3,"question","none","no","WSJ"
"WSJ-15","A3VIQ9XPOYB8K6","think",-3,"question","none","no","WSJ"
"WSJ-17","A1PZ1YZAQEXRSQ","demand",-3,"negation","none","no","WSJ"
"WSJ-17","A2C7A6E70NYNUI","demand",-3,"negation","none","no","WSJ"
"WSJ-17","A1WRYUFOYFF8QO","demand",-1,"negation","none","no","WSJ"
"WSJ-17","A33L61XKPX76DB","demand",2,"negation","none","no","WSJ"
"WSJ-17","A3F6SDO4GYBE4Y","demand",-3,"negation","none","no","WSJ"
"WSJ-17","A2V9JE42W9BXQ5","demand",-1,"negation","none","no","WSJ"
"WSJ-17","A3VIQ9XPOYB8K6","demand",1,"negation","none","no","WSJ"
"WSJ-17","A1LRJ2MQD4AMES","demand",-2,"negation","none","no","WSJ"
"WSJ-17","ANTH5IGN5CHN6","demand",-1,"negation","none","no","WSJ"
"WSJ-17","A115UFR6VA6OM1","demand",-2,"negation","none","no","WSJ"
"WSJ-17","A1HFBH5DXW9WRW","demand",-2,"negation","none","no","WSJ"
"WSJ-17","A28F1ZWZ9H0RHA","demand",-2,"negation","none","no","WSJ"
"WSJ-17","A35LPTBJU698C9","demand",-2,"negation","none","no","WSJ"
"WSJ-17","A38447E1ACQHGR","demand",-1,"negation","none","no","WSJ"
"WSJ-17","A1PAY3X73PQ16S","demand",0,"negation","none","no","WSJ"
"WSJ-18","A2W1C5PDHUF25O","think",1,"negation","none","no","WSJ"
"WSJ-18","A17J1CE7N49Z9D","think",-2,"negation","none","no","WSJ"
"WSJ-18","A110KENBXU7SUJ","think",2,"negation","none","no","WSJ"
"WSJ-18","AR6TFJJ2Q8R2V","think",2,"negation","none","no","WSJ"
"WSJ-18","A1VSHM4NLZ705D","think",0,"negation","none","no","WSJ"
"WSJ-18","A1GXPNXDLMT0QB","think",-1,"negation","none","no","WSJ"
"WSJ-18","A34SUZWGLXIWM8","think",0,"negation","none","no","WSJ"
"WSJ-18","A2541C8MY0BYV3","think",-2,"negation","none","no","WSJ"
"WSJ-18","A2YJQUHFIXNOY0","think",2,"negation","none","no","WSJ"
"WSJ-18","A36SM7QM8OK3H6","think",1,"negation","none","no","WSJ"
"WSJ-18","A2R40R4O6G0YBY","think",-1,"negation","none","no","WSJ"
"WSJ-18","A3S1TLYMH9WWUG","think",-1,"negation","none","no","WSJ"
"WSJ-18","A2HM35CWB7IIFM","think",0,"negation","none","no","WSJ"
"WSJ-18","A207149DHAS89K","think",0,"negation","none","no","WSJ"
"WSJ-18","A3TK9CLBA65ZZE","think",-1,"negation","none","no","WSJ"
"WSJ-18","A2C73Y1COWCA51","think",0,"negation","none","no","WSJ"
"WSJ-18","A26T6O5EFR54A9","think",1,"negation","none","no","WSJ"
"WSJ-18","A1E4K9G6ZKPKX4","think",0,"negation","none","no","WSJ"
"WSJ-19","A11S8IAAVDXCUS","think",1,"negation","none","no","WSJ"
"WSJ-19","A40LU73SS18IW","think",-3,"negation","none","no","WSJ"
"WSJ-19","A1QUNP6IYOQMZ5","think",1,"negation","none","no","WSJ"
"WSJ-19","A1F34ZP6YNI98F","think",-1,"negation","none","no","WSJ"
"WSJ-19","AVI7UDWV0Y3W3","think",0,"negation","none","no","WSJ"
"WSJ-19","A1EUBMQ86K32XE","think",0,"negation","none","no","WSJ"
"WSJ-19","A2IABGWWDKRQS3","think",0,"negation","none","no","WSJ"
"WSJ-19","A1AYWUSULABAXL","think",-1,"negation","none","no","WSJ"
"WSJ-19","A5YVMQWA2IYPF","think",-2,"negation","none","no","WSJ"
"WSJ-19","A3DFJV1RD653DQ","think",-2,"negation","none","no","WSJ"
"WSJ-19","A39WGGJ22N4S4F","think",0,"negation","none","no","WSJ"
"WSJ-19","A3F6SDO4GYBE4Y","think",-1,"negation","none","no","WSJ"
"WSJ-19","A1GXPNXDLMT0QB","think",-3,"negation","none","no","WSJ"
"WSJ-19","A1FF5C5BXODWSY","think",-2,"negation","none","no","WSJ"
"WSJ-19","ALEJV7D94ZLHF","think",-2,"negation","none","no","WSJ"
"WSJ-19","A1FV7GRQF2O7LY","think",2,"negation","none","no","WSJ"
"WSJ-19","A2YCMT5BPA0AG9","think",-2,"negation","none","no","WSJ"
"WSJ-19","ATADQXPHL10Y8","think",-3,"negation","none","no","WSJ"
"WSJ-2","A3TK9CLBA65ZZE","suggest",-2,"negation","none","no","WSJ"
"WSJ-2","A2R40R4O6G0YBY","suggest",-3,"negation","none","no","WSJ"
"WSJ-2","A34SUZWGLXIWM8","suggest",-3,"negation","none","no","WSJ"
"WSJ-2","A1VSHM4NLZ705D","suggest",-2,"negation","none","no","WSJ"
"WSJ-2","A1E4K9G6ZKPKX4","suggest",-2,"negation","none","no","WSJ"
"WSJ-2","AR6TFJJ2Q8R2V","suggest",-3,"negation","none","no","WSJ"
"WSJ-2","A2YJQUHFIXNOY0","suggest",-2,"negation","none","no","WSJ"
"WSJ-2","A17J1CE7N49Z9D","suggest",-1,"negation","none","no","WSJ"
"WSJ-2","A36SM7QM8OK3H6","suggest",-3,"negation","none","no","WSJ"
"WSJ-2","A207149DHAS89K","suggest",-2,"negation","none","no","WSJ"
"WSJ-2","A2541C8MY0BYV3","suggest",-2,"negation","none","no","WSJ"
"WSJ-2","A26T6O5EFR54A9","suggest",-3,"negation","none","no","WSJ"
"WSJ-2","A2HM35CWB7IIFM","suggest",-1,"negation","none","no","WSJ"
"WSJ-2","A110KENBXU7SUJ","suggest",-3,"negation","none","no","WSJ"
"WSJ-2","A3S1TLYMH9WWUG","suggest",-2,"negation","none","no","WSJ"
"WSJ-2","A2C73Y1COWCA51","suggest",2,"negation","none","no","WSJ"
"WSJ-2","A2W1C5PDHUF25O","suggest",-3,"negation","none","no","WSJ"
"WSJ-2","A1GXPNXDLMT0QB","suggest",-2,"negation","none","no","WSJ"
"WSJ-21","AVI7UDWV0Y3W3","fear",0,"conditional","none","no","WSJ"
"WSJ-21","A3DFJV1RD653DQ","fear",0,"conditional","none","no","WSJ"
"WSJ-21","ATADQXPHL10Y8","fear",0,"conditional","none","no","WSJ"
"WSJ-21","A1EUBMQ86K32XE","fear",2,"conditional","none","no","WSJ"
"WSJ-21","A1GXPNXDLMT0QB","fear",0,"conditional","none","no","WSJ"
"WSJ-21","A39WGGJ22N4S4F","fear",0,"conditional","none","no","WSJ"
"WSJ-21","A1FV7GRQF2O7LY","fear",0,"conditional","none","no","WSJ"
"WSJ-21","A5YVMQWA2IYPF","fear",1,"conditional","none","no","WSJ"
"WSJ-21","A2IABGWWDKRQS3","fear",0,"conditional","none","no","WSJ"
"WSJ-21","A2YCMT5BPA0AG9","fear",0,"conditional","none","no","WSJ"
"WSJ-21","A3F6SDO4GYBE4Y","fear",0,"conditional","none","no","WSJ"
"WSJ-21","A1QUNP6IYOQMZ5","fear",-1,"conditional","none","no","WSJ"
"WSJ-21","A1FF5C5BXODWSY","fear",0,"conditional","none","no","WSJ"
"WSJ-21","A1F34ZP6YNI98F","fear",0,"conditional","none","no","WSJ"
"WSJ-21","ALEJV7D94ZLHF","fear",0,"conditional","none","no","WSJ"
"WSJ-21","A40LU73SS18IW","fear",0,"conditional","none","no","WSJ"
"WSJ-21","A11S8IAAVDXCUS","fear",0,"conditional","none","no","WSJ"
"WSJ-21","A1AYWUSULABAXL","fear",1,"conditional","none","no","WSJ"
"WSJ-24","A38447E1ACQHGR","signal",1,"modal","EP","no","WSJ"
"WSJ-24","A33L61XKPX76DB","signal",0,"modal","EP","no","WSJ"
"WSJ-24","ANTH5IGN5CHN6","signal",0,"modal","EP","no","WSJ"
"WSJ-24","A35LPTBJU698C9","signal",1,"modal","EP","no","WSJ"
"WSJ-24","A115UFR6VA6OM1","signal",1,"modal","EP","no","WSJ"
"WSJ-24","A1LRJ2MQD4AMES","signal",1,"modal","EP","no","WSJ"
"WSJ-24","A1WRYUFOYFF8QO","signal",1,"modal","EP","no","WSJ"
"WSJ-24","A3F6SDO4GYBE4Y","signal",2,"modal","EP","no","WSJ"
"WSJ-24","A1PAY3X73PQ16S","signal",1,"modal","EP","no","WSJ"
"WSJ-24","A2C7A6E70NYNUI","signal",0,"modal","EP","no","WSJ"
"WSJ-24","A1PZ1YZAQEXRSQ","signal",3,"modal","EP","no","WSJ"
"WSJ-24","A28F1ZWZ9H0RHA","signal",1,"modal","EP","no","WSJ"
"WSJ-24","A2V9JE42W9BXQ5","signal",2,"modal","EP","no","WSJ"
"WSJ-24","A1HFBH5DXW9WRW","signal",-1,"modal","EP","no","WSJ"
"WSJ-24","A3VIQ9XPOYB8K6","signal",-1,"modal","EP","no","WSJ"
"WSJ-25","A1FF5C5BXODWSY","suggest",2,"negation","none","no","WSJ"
"WSJ-25","A1AYWUSULABAXL","suggest",-1,"negation","none","no","WSJ"
"WSJ-25","A1F34ZP6YNI98F","suggest",-1,"negation","none","no","WSJ"
"WSJ-25","ATADQXPHL10Y8","suggest",-3,"negation","none","no","WSJ"
"WSJ-25","A1FV7GRQF2O7LY","suggest",2,"negation","none","no","WSJ"
"WSJ-25","A5YVMQWA2IYPF","suggest",-2,"negation","none","no","WSJ"
"WSJ-25","AVI7UDWV0Y3W3","suggest",-3,"negation","none","no","WSJ"
"WSJ-25","A3F6SDO4GYBE4Y","suggest",2,"negation","none","no","WSJ"
"WSJ-25","A11S8IAAVDXCUS","suggest",-2,"negation","none","no","WSJ"
"WSJ-25","A1GXPNXDLMT0QB","suggest",-2,"negation","none","no","WSJ"
"WSJ-25","ALEJV7D94ZLHF","suggest",-2,"negation","none","no","WSJ"
"WSJ-25","A1QUNP6IYOQMZ5","suggest",0,"negation","none","no","WSJ"
"WSJ-25","A2IABGWWDKRQS3","suggest",-3,"negation","none","no","WSJ"
"WSJ-25","A3DFJV1RD653DQ","suggest",-1,"negation","none","no","WSJ"
"WSJ-25","A40LU73SS18IW","suggest",-2,"negation","none","no","WSJ"
"WSJ-25","A2YCMT5BPA0AG9","suggest",-1,"negation","none","no","WSJ"
"WSJ-25","A39WGGJ22N4S4F","suggest",-3,"negation","none","no","WSJ"
"WSJ-25","A1EUBMQ86K32XE","suggest",-1,"negation","none","no","WSJ"
"WSJ-27","AR6TFJJ2Q8R2V","mean",-2,"negation","none","no","WSJ"
"WSJ-27","A2541C8MY0BYV3","mean",-1,"negation","none","no","WSJ"
"WSJ-27","A1VSHM4NLZ705D","mean",1,"negation","none","no","WSJ"
"WSJ-27","A110KENBXU7SUJ","mean",1,"negation","none","no","WSJ"
"WSJ-27","A3S1TLYMH9WWUG","mean",-2,"negation","none","no","WSJ"
"WSJ-27","A2HM35CWB7IIFM","mean",-1,"negation","none","no","WSJ"
"WSJ-27","A2YJQUHFIXNOY0","mean",-2,"negation","none","no","WSJ"
"WSJ-27","A2W1C5PDHUF25O","mean",0,"negation","none","no","WSJ"
"WSJ-27","A2C73Y1COWCA51","mean",-1,"negation","none","no","WSJ"
"WSJ-27","A1GXPNXDLMT0QB","mean",0,"negation","none","no","WSJ"
"WSJ-27","A3TK9CLBA65ZZE","mean",-2,"negation","none","no","WSJ"
"WSJ-27","A26T6O5EFR54A9","mean",0,"negation","none","no","WSJ"
"WSJ-27","A36SM7QM8OK3H6","mean",-2,"negation","none","no","WSJ"
"WSJ-27","A17J1CE7N49Z9D","mean",0,"negation","none","no","WSJ"
"WSJ-27","A34SUZWGLXIWM8","mean",0,"negation","none","no","WSJ"
"WSJ-27","A207149DHAS89K","mean",-1,"negation","none","no","WSJ"
"WSJ-27","A1E4K9G6ZKPKX4","mean",0,"negation","none","no","WSJ"
"WSJ-27","A2R40R4O6G0YBY","mean",0,"negation","none","no","WSJ"
"WSJ-28","AZIY6IFOS4CVC","think",-2,"negation","none","no","WSJ"
"WSJ-28","AFHRMJIHMGLDE","think",0,"negation","none","no","WSJ"
"WSJ-28","A1RT9SQ9D9DLOV","think",0,"negation","none","no","WSJ"
"WSJ-28","A3HNEYFOIJWPH1","think",2,"negation","none","no","WSJ"
"WSJ-28","A35TWG9VW1MB5S","think",-2,"negation","none","no","WSJ"
"WSJ-28","A1GXPNXDLMT0QB","think",-2,"negation","none","no","WSJ"
"WSJ-28","A1DS5O8MSI3ZH0","think",-1,"negation","none","no","WSJ"
"WSJ-28","A1UXWUM04RAO59","think",1,"negation","none","no","WSJ"
"WSJ-28","A2BGRGVU9HG0C6","think",1,"negation","none","no","WSJ"
"WSJ-28","ANPCXN619ACW9","think",-2,"negation","none","no","WSJ"
"WSJ-28","AM5XW4DZLA6OC","think",-1,"negation","none","no","WSJ"
"WSJ-28","A1WR6M74EOTJNY","think",-2,"negation","none","no","WSJ"
"WSJ-28","A2541C8MY0BYV3","think",-2,"negation","none","no","WSJ"
"WSJ-28","A20O44S26VN11P","think",-1,"negation","none","no","WSJ"
"WSJ-28","A2VM2EU6AHX5IC","think",-2,"negation","none","no","WSJ"
"WSJ-29","A3F6SDO4GYBE4Y","mean",2,"negation","none","no","WSJ"
"WSJ-29","A1WRYUFOYFF8QO","mean",-1,"negation","none","no","WSJ"
"WSJ-29","A35LPTBJU698C9","mean",0,"negation","none","no","WSJ"
"WSJ-29","ANTH5IGN5CHN6","mean",-1,"negation","none","no","WSJ"
"WSJ-29","A2V9JE42W9BXQ5","mean",0,"negation","none","no","WSJ"
"WSJ-29","A1LRJ2MQD4AMES","mean",0,"negation","none","no","WSJ"
"WSJ-29","A1HFBH5DXW9WRW","mean",0,"negation","none","no","WSJ"
"WSJ-29","A115UFR6VA6OM1","mean",2,"negation","none","no","WSJ"
"WSJ-29","A2C7A6E70NYNUI","mean",-1,"negation","none","no","WSJ"
"WSJ-29","A3VIQ9XPOYB8K6","mean",3,"negation","none","no","WSJ"
"WSJ-29","A38447E1ACQHGR","mean",1,"negation","none","no","WSJ"
"WSJ-29","A1PZ1YZAQEXRSQ","mean",-2,"negation","none","no","WSJ"
"WSJ-29","A33L61XKPX76DB","mean",0,"negation","none","no","WSJ"
"WSJ-29","A1PAY3X73PQ16S","mean",0,"negation","none","no","WSJ"
"WSJ-29","A28F1ZWZ9H0RHA","mean",0,"negation","none","no","WSJ"
"WSJ-30","A35LPTBJU698C9","hope",-3,"modal","EP","no","WSJ"
"WSJ-30","A1PAY3X73PQ16S","hope",-2,"modal","EP","no","WSJ"
"WSJ-30","A3VIQ9XPOYB8K6","hope",-1,"modal","EP","no","WSJ"
"WSJ-30","A28F1ZWZ9H0RHA","hope",-3,"modal","EP","no","WSJ"
"WSJ-30","A33L61XKPX76DB","hope",0,"modal","EP","no","WSJ"
"WSJ-30","A1HFBH5DXW9WRW","hope",-1,"modal","EP","no","WSJ"
"WSJ-30","A38447E1ACQHGR","hope",-1,"modal","EP","no","WSJ"
"WSJ-30","A2V9JE42W9BXQ5","hope",-2,"modal","EP","no","WSJ"
"WSJ-30","A2C7A6E70NYNUI","hope",0,"modal","EP","no","WSJ"
"WSJ-30","A1LRJ2MQD4AMES","hope",-1,"modal","EP","no","WSJ"
"WSJ-30","A1WRYUFOYFF8QO","hope",-2,"modal","EP","no","WSJ"
"WSJ-30","A1PZ1YZAQEXRSQ","hope",-2,"modal","EP","no","WSJ"
"WSJ-30","A3F6SDO4GYBE4Y","hope",-2,"modal","EP","no","WSJ"
"WSJ-30","A115UFR6VA6OM1","hope",-2,"modal","EP","no","WSJ"
"WSJ-30","ANTH5IGN5CHN6","hope",-1,"modal","EP","no","WSJ"
"WSJ-31","A20O44S26VN11P","believe",-3,"question","none","no","WSJ"
"WSJ-31","A1RT9SQ9D9DLOV","believe",-3,"question","none","no","WSJ"
"WSJ-31","A1UXWUM04RAO59","believe",-3,"question","none","no","WSJ"
"WSJ-31","AM5XW4DZLA6OC","believe",-3,"question","none","no","WSJ"
"WSJ-31","A2BGRGVU9HG0C6","believe",-3,"question","none","no","WSJ"
"WSJ-31","A1WR6M74EOTJNY","believe",-2,"question","none","no","WSJ"
"WSJ-31","A35TWG9VW1MB5S","believe",-3,"question","none","no","WSJ"
"WSJ-31","A2VM2EU6AHX5IC","believe",-3,"question","none","no","WSJ"
"WSJ-31","A1GXPNXDLMT0QB","believe",-2,"question","none","no","WSJ"
"WSJ-31","A2541C8MY0BYV3","believe",0,"question","none","no","WSJ"
"WSJ-31","AZIY6IFOS4CVC","believe",-1,"question","none","no","WSJ"
"WSJ-31","ANPCXN619ACW9","believe",-3,"question","none","no","WSJ"
"WSJ-31","A3HNEYFOIJWPH1","believe",-3,"question","none","no","WSJ"
"WSJ-31","AFHRMJIHMGLDE","believe",-3,"question","none","no","WSJ"
"WSJ-31","A1DS5O8MSI3ZH0","believe",-3,"question","none","no","WSJ"
"WSJ-32","A39WGGJ22N4S4F","mean",0,"modal","EP","no","WSJ"
"WSJ-32","A2YCMT5BPA0AG9","mean",2,"modal","EP","no","WSJ"
"WSJ-32","A3F6SDO4GYBE4Y","mean",1,"modal","EP","no","WSJ"
"WSJ-32","A1QUNP6IYOQMZ5","mean",3,"modal","EP","no","WSJ"
"WSJ-32","A1FF5C5BXODWSY","mean",-1,"modal","EP","no","WSJ"
"WSJ-32","AVI7UDWV0Y3W3","mean",0,"modal","EP","no","WSJ"
"WSJ-32","A2IABGWWDKRQS3","mean",1,"modal","EP","no","WSJ"
"WSJ-32","A5YVMQWA2IYPF","mean",1,"modal","EP","no","WSJ"
"WSJ-32","A40LU73SS18IW","mean",-1,"modal","EP","no","WSJ"
"WSJ-32","A1FV7GRQF2O7LY","mean",1,"modal","EP","no","WSJ"
"WSJ-32","A11S8IAAVDXCUS","mean",0,"modal","EP","no","WSJ"
"WSJ-32","A1GXPNXDLMT0QB","mean",2,"modal","EP","no","WSJ"
"WSJ-32","ALEJV7D94ZLHF","mean",0,"modal","EP","no","WSJ"
"WSJ-32","A1F34ZP6YNI98F","mean",1,"modal","EP","no","WSJ"
"WSJ-32","ATADQXPHL10Y8","mean",0,"modal","EP","no","WSJ"
"WSJ-32","A1AYWUSULABAXL","mean",1,"modal","EP","no","WSJ"
"WSJ-32","A1EUBMQ86K32XE","mean",-2,"modal","EP","no","WSJ"
"WSJ-32","A3DFJV1RD653DQ","mean",1,"modal","EP","no","WSJ"
"WSJ-33","A15V8K8M4TXT9Y","accept",0,"question","none","no","WSJ"
"WSJ-33","A27O2IILV3S5YS","accept",0,"question","none","no","WSJ"
"WSJ-33","A17J1CE7N49Z9D","accept",0,"question","none","no","WSJ"
"WSJ-33","A2T2RV6G8AMC7Y","accept",1,"question","none","no","WSJ"
"WSJ-33","A9Z25VKRSKF8O","accept",1,"question","none","no","WSJ"
"WSJ-33","A2QVMCGDLTWV9","accept",3,"question","none","no","WSJ"
"WSJ-33","A3ASF4ZVP6BUGO","accept",2,"question","none","no","WSJ"
"WSJ-33","A1QFL2GS6L26HG","accept",2,"question","none","no","WSJ"
"WSJ-33","A2541C8MY0BYV3","accept",2,"question","none","no","WSJ"
"WSJ-33","A1GXPNXDLMT0QB","accept",3,"question","none","no","WSJ"
"WSJ-33","A2WQTSU6SSBUWC","accept",0,"question","none","no","WSJ"
"WSJ-33","A3F90N8YVKJ4I7","accept",2,"question","none","no","WSJ"
"WSJ-33","ADVZAZ12Z8N9J","accept",2,"question","none","no","WSJ"
"WSJ-33","A1MJHGH55K3O0","accept",2,"question","none","no","WSJ"
"WSJ-33","A1KAGE2AVL6ZGO","accept",3,"question","none","no","WSJ"
"WSJ-33","A2YXQMZ32BY8XH","accept",3,"question","none","no","WSJ"
"WSJ-34","A1LRJ2MQD4AMES","believe",-2,"negation","none","no","WSJ"
"WSJ-34","A1WRYUFOYFF8QO","believe",-2,"negation","none","no","WSJ"
"WSJ-34","A1HFBH5DXW9WRW","believe",-1,"negation","none","no","WSJ"
"WSJ-34","A38447E1ACQHGR","believe",1,"negation","none","no","WSJ"
"WSJ-34","A2C7A6E70NYNUI","believe",-3,"negation","none","no","WSJ"
"WSJ-34","A1PAY3X73PQ16S","believe",-1,"negation","none","no","WSJ"
"WSJ-34","ANTH5IGN5CHN6","believe",-1,"negation","none","no","WSJ"
"WSJ-34","A3VIQ9XPOYB8K6","believe",1,"negation","none","no","WSJ"
"WSJ-34","A1PZ1YZAQEXRSQ","believe",-3,"negation","none","no","WSJ"
"WSJ-34","A28F1ZWZ9H0RHA","believe",-2,"negation","none","no","WSJ"
"WSJ-34","A2V9JE42W9BXQ5","believe",-2,"negation","none","no","WSJ"
"WSJ-34","A33L61XKPX76DB","believe",-3,"negation","none","no","WSJ"
"WSJ-34","A35LPTBJU698C9","believe",2,"negation","none","no","WSJ"
"WSJ-34","A3F6SDO4GYBE4Y","believe",-3,"negation","none","no","WSJ"
"WSJ-34","A115UFR6VA6OM1","believe",0,"negation","none","no","WSJ"
"WSJ-35","A3MJ47AD05HGC","announce",-3,"conditional","none","no","WSJ"
"WSJ-35","AJ3F5RR0P8LZR","announce",2,"conditional","none","no","WSJ"
"WSJ-35","A19UBZFVUWL1ES","announce",1,"conditional","none","no","WSJ"
"WSJ-35","A2CHE0DIBI76UU","announce",2,"conditional","none","no","WSJ"
"WSJ-35","A17J1CE7N49Z9D","announce",1,"conditional","none","no","WSJ"
"WSJ-35","ACN0C9HPYDTED","announce",2,"conditional","none","no","WSJ"
"WSJ-35","ABREDVJ6LQDOF","announce",2,"conditional","none","no","WSJ"
"WSJ-35","A12O9P1OTMJOPW","announce",-1,"conditional","none","no","WSJ"
"WSJ-35","A2QCBYREDUOIWV","announce",1,"conditional","none","no","WSJ"
"WSJ-35","AOGT0KZDUX8CC","announce",1,"conditional","none","no","WSJ"
"WSJ-35","A1WRQCH7EPLS35","announce",-2,"conditional","none","no","WSJ"
"WSJ-35","AK81F0NOBFJS3","announce",2,"conditional","none","no","WSJ"
"WSJ-35","A1GXPNXDLMT0QB","announce",2,"conditional","none","no","WSJ"
"WSJ-35","A3L1DZWXQFWB90","announce",1,"conditional","none","no","WSJ"
"WSJ-35","AFKZZEURTCR8U","announce",0,"conditional","none","no","WSJ"
"WSJ-35","AXR8QNGNBF1DU","announce",2,"conditional","none","no","WSJ"
"WSJ-35","A2C73Y1COWCA51","announce",2,"conditional","none","no","WSJ"
"WSJ-35","A3I04T9OLH0CNF","announce",0,"conditional","none","no","WSJ"
"WSJ-36","A19UBZFVUWL1ES","think",1,"negation","none","no","WSJ"
"WSJ-36","A3MJ47AD05HGC","think",2,"negation","none","no","WSJ"
"WSJ-36","A2C73Y1COWCA51","think",-2,"negation","none","no","WSJ"
"WSJ-36","A1WRQCH7EPLS35","think",0,"negation","none","no","WSJ"
"WSJ-36","A3L1DZWXQFWB90","think",-2,"negation","none","no","WSJ"
"WSJ-36","AFKZZEURTCR8U","think",-1,"negation","none","no","WSJ"
"WSJ-36","ACN0C9HPYDTED","think",-3,"negation","none","no","WSJ"
"WSJ-36","AK81F0NOBFJS3","think",-3,"negation","none","no","WSJ"
"WSJ-36","A2QCBYREDUOIWV","think",-2,"negation","none","no","WSJ"
"WSJ-36","A3I04T9OLH0CNF","think",-1,"negation","none","no","WSJ"
"WSJ-36","A17J1CE7N49Z9D","think",0,"negation","none","no","WSJ"
"WSJ-36","A12O9P1OTMJOPW","think",0,"negation","none","no","WSJ"
"WSJ-36","A2CHE0DIBI76UU","think",3,"negation","none","no","WSJ"
"WSJ-36","AOGT0KZDUX8CC","think",-2,"negation","none","no","WSJ"
"WSJ-36","AJ3F5RR0P8LZR","think",0,"negation","none","no","WSJ"
"WSJ-36","A1GXPNXDLMT0QB","think",-2,"negation","none","no","WSJ"
"WSJ-36","ABREDVJ6LQDOF","think",-1,"negation","none","no","WSJ"
"WSJ-36","AXR8QNGNBF1DU","think",-2,"negation","none","no","WSJ"
"WSJ-37","A1PZ1YZAQEXRSQ","expect",-3,"negation","none","no","WSJ"
"WSJ-37","A3F6SDO4GYBE4Y","expect",-2,"negation","none","no","WSJ"
"WSJ-37","ANTH5IGN5CHN6","expect",-3,"negation","none","no","WSJ"
"WSJ-37","A38447E1ACQHGR","expect",1,"negation","none","no","WSJ"
"WSJ-37","A1HFBH5DXW9WRW","expect",-3,"negation","none","no","WSJ"
"WSJ-37","A3VIQ9XPOYB8K6","expect",-2,"negation","none","no","WSJ"
"WSJ-37","A1LRJ2MQD4AMES","expect",-3,"negation","none","no","WSJ"
"WSJ-37","A2V9JE42W9BXQ5","expect",-3,"negation","none","no","WSJ"
"WSJ-37","A1WRYUFOYFF8QO","expect",-2,"negation","none","no","WSJ"
"WSJ-37","A1PAY3X73PQ16S","expect",-2,"negation","none","no","WSJ"
"WSJ-37","A33L61XKPX76DB","expect",-3,"negation","none","no","WSJ"
"WSJ-37","A35LPTBJU698C9","expect",-3,"negation","none","no","WSJ"
"WSJ-37","A115UFR6VA6OM1","expect",-1,"negation","none","no","WSJ"
"WSJ-37","A28F1ZWZ9H0RHA","expect",-1,"negation","none","no","WSJ"
"WSJ-37","A2C7A6E70NYNUI","expect",-2,"negation","none","no","WSJ"
"WSJ-38","A2YCMT5BPA0AG9","mean",2,"negation","none","no","WSJ"
"WSJ-38","A1F34ZP6YNI98F","mean",1,"negation","none","no","WSJ"
"WSJ-38","A3DFJV1RD653DQ","mean",1,"negation","none","no","WSJ"
"WSJ-38","ALEJV7D94ZLHF","mean",-1,"negation","none","no","WSJ"
"WSJ-38","AVI7UDWV0Y3W3","mean",3,"negation","none","no","WSJ"
"WSJ-38","A5YVMQWA2IYPF","mean",2,"negation","none","no","WSJ"
"WSJ-38","A1QUNP6IYOQMZ5","mean",-2,"negation","none","no","WSJ"
"WSJ-38","A1AYWUSULABAXL","mean",-1,"negation","none","no","WSJ"
"WSJ-38","A3F6SDO4GYBE4Y","mean",-2,"negation","none","no","WSJ"
"WSJ-38","A1EUBMQ86K32XE","mean",3,"negation","none","no","WSJ"
"WSJ-38","A2IABGWWDKRQS3","mean",2,"negation","none","no","WSJ"
"WSJ-38","A40LU73SS18IW","mean",-3,"negation","none","no","WSJ"
"WSJ-38","A39WGGJ22N4S4F","mean",-3,"negation","none","no","WSJ"
"WSJ-38","A1GXPNXDLMT0QB","mean",2,"negation","none","no","WSJ"
"WSJ-38","ATADQXPHL10Y8","mean",1,"negation","none","no","WSJ"
"WSJ-38","A1FV7GRQF2O7LY","mean",2,"negation","none","no","WSJ"
"WSJ-38","A1FF5C5BXODWSY","mean",2,"negation","none","no","WSJ"
"WSJ-38","A11S8IAAVDXCUS","mean",2,"negation","none","no","WSJ"
"WSJ-39","A1EUBMQ86K32XE","find",-1,"modal","EP","yes","WSJ"
"WSJ-39","A40LU73SS18IW","find",1,"modal","EP","yes","WSJ"
"WSJ-39","A39WGGJ22N4S4F","find",3,"modal","EP","yes","WSJ"
"WSJ-39","A1FF5C5BXODWSY","find",3,"modal","EP","yes","WSJ"
"WSJ-39","A2IABGWWDKRQS3","find",3,"modal","EP","yes","WSJ"
"WSJ-39","A1AYWUSULABAXL","find",2,"modal","EP","yes","WSJ"
"WSJ-39","A5YVMQWA2IYPF","find",-2,"modal","EP","yes","WSJ"
"WSJ-39","A1QUNP6IYOQMZ5","find",2,"modal","EP","yes","WSJ"
"WSJ-39","A3DFJV1RD653DQ","find",2,"modal","EP","yes","WSJ"
"WSJ-39","A3F6SDO4GYBE4Y","find",2,"modal","EP","yes","WSJ"
"WSJ-39","A1FV7GRQF2O7LY","find",2,"modal","EP","yes","WSJ"
"WSJ-39","ALEJV7D94ZLHF","find",3,"modal","EP","yes","WSJ"
"WSJ-39","A1GXPNXDLMT0QB","find",3,"modal","EP","yes","WSJ"
"WSJ-39","AVI7UDWV0Y3W3","find",3,"modal","EP","yes","WSJ"
"WSJ-39","ATADQXPHL10Y8","find",3,"modal","EP","yes","WSJ"
"WSJ-39","A2YCMT5BPA0AG9","find",2,"modal","EP","yes","WSJ"
"WSJ-39","A11S8IAAVDXCUS","find",2,"modal","EP","yes","WSJ"
"WSJ-39","A1F34ZP6YNI98F","find",3,"modal","EP","yes","WSJ"
"WSJ-41","AM5XW4DZLA6OC","mean",-2,"negation","none","no","WSJ"
"WSJ-41","A2BGRGVU9HG0C6","mean",0,"negation","none","no","WSJ"
"WSJ-41","A2541C8MY0BYV3","mean",-3,"negation","none","no","WSJ"
"WSJ-41","A1WR6M74EOTJNY","mean",-2,"negation","none","no","WSJ"
"WSJ-41","A1GXPNXDLMT0QB","mean",-2,"negation","none","no","WSJ"
"WSJ-41","A1DS5O8MSI3ZH0","mean",-1,"negation","none","no","WSJ"
"WSJ-41","ANPCXN619ACW9","mean",-2,"negation","none","no","WSJ"
"WSJ-41","A1RT9SQ9D9DLOV","mean",-2,"negation","none","no","WSJ"
"WSJ-41","AFHRMJIHMGLDE","mean",-3,"negation","none","no","WSJ"
"WSJ-41","A3HNEYFOIJWPH1","mean",0,"negation","none","no","WSJ"
"WSJ-41","A20O44S26VN11P","mean",0,"negation","none","no","WSJ"
"WSJ-41","AZIY6IFOS4CVC","mean",-1,"negation","none","no","WSJ"
"WSJ-41","A1UXWUM04RAO59","mean",-3,"negation","none","no","WSJ"
"WSJ-41","A2VM2EU6AHX5IC","mean",-2,"negation","none","no","WSJ"
"WSJ-41","A35TWG9VW1MB5S","mean",-2,"negation","none","no","WSJ"
"WSJ-42","AXR8QNGNBF1DU","mean",-2,"negation","none","no","WSJ"
"WSJ-42","AFKZZEURTCR8U","mean",-2,"negation","none","no","WSJ"
"WSJ-42","ACN0C9HPYDTED","mean",-3,"negation","none","no","WSJ"
"WSJ-42","A1WRQCH7EPLS35","mean",-1,"negation","none","no","WSJ"
"WSJ-42","AJ3F5RR0P8LZR","mean",0,"negation","none","no","WSJ"
"WSJ-42","A3MJ47AD05HGC","mean",-3,"negation","none","no","WSJ"
"WSJ-42","A3L1DZWXQFWB90","mean",-1,"negation","none","no","WSJ"
"WSJ-42","A19UBZFVUWL1ES","mean",-2,"negation","none","no","WSJ"
"WSJ-42","AK81F0NOBFJS3","mean",0,"negation","none","no","WSJ"
"WSJ-42","AOGT0KZDUX8CC","mean",-1,"negation","none","no","WSJ"
"WSJ-42","A12O9P1OTMJOPW","mean",-2,"negation","none","no","WSJ"
"WSJ-42","A3I04T9OLH0CNF","mean",-1,"negation","none","no","WSJ"
"WSJ-42","ABREDVJ6LQDOF","mean",-2,"negation","none","no","WSJ"
"WSJ-42","A17J1CE7N49Z9D","mean",0,"negation","none","no","WSJ"
"WSJ-42","A2C73Y1COWCA51","mean",2,"negation","none","no","WSJ"
"WSJ-42","A1GXPNXDLMT0QB","mean",-2,"negation","none","no","WSJ"
"WSJ-42","A2QCBYREDUOIWV","mean",-3,"negation","none","no","WSJ"
"WSJ-42","A2CHE0DIBI76UU","mean",0,"negation","none","no","WSJ"
"WSJ-43","A1GXPNXDLMT0QB","feel",1,"modal","EP","no","WSJ"
"WSJ-43","AM5XW4DZLA6OC","feel",0,"modal","EP","no","WSJ"
"WSJ-43","A2541C8MY0BYV3","feel",2,"modal","EP","no","WSJ"
"WSJ-43","AZIY6IFOS4CVC","feel",3,"modal","EP","no","WSJ"
"WSJ-43","A3HNEYFOIJWPH1","feel",1,"modal","EP","no","WSJ"
"WSJ-43","AFHRMJIHMGLDE","feel",0,"modal","EP","no","WSJ"
"WSJ-43","A35TWG9VW1MB5S","feel",0,"modal","EP","no","WSJ"
"WSJ-43","A1UXWUM04RAO59","feel",0,"modal","EP","no","WSJ"
"WSJ-43","A1WR6M74EOTJNY","feel",1,"modal","EP","no","WSJ"
"WSJ-43","A1DS5O8MSI3ZH0","feel",1,"modal","EP","no","WSJ"
"WSJ-43","A1RT9SQ9D9DLOV","feel",0,"modal","EP","no","WSJ"
"WSJ-43","A2BGRGVU9HG0C6","feel",1,"modal","EP","no","WSJ"
"WSJ-43","A20O44S26VN11P","feel",0,"modal","EP","no","WSJ"
"WSJ-43","ANPCXN619ACW9","feel",1,"modal","EP","no","WSJ"
"WSJ-43","A2VM2EU6AHX5IC","feel",0,"modal","EP","no","WSJ"
"WSJ-46","A3DFJV1RD653DQ","believe",1,"negation","none","no","WSJ"
"WSJ-46","A2IABGWWDKRQS3","believe",0,"negation","none","no","WSJ"
"WSJ-46","A1AYWUSULABAXL","believe",2,"negation","none","no","WSJ"
"WSJ-46","A11S8IAAVDXCUS","believe",-3,"negation","none","no","WSJ"
"WSJ-46","A5YVMQWA2IYPF","believe",-2,"negation","none","no","WSJ"
"WSJ-46","A1FF5C5BXODWSY","believe",0,"negation","none","no","WSJ"
"WSJ-46","A1QUNP6IYOQMZ5","believe",2,"negation","none","no","WSJ"
"WSJ-46","A3F6SDO4GYBE4Y","believe",2,"negation","none","no","WSJ"
"WSJ-46","A1FV7GRQF2O7LY","believe",0,"negation","none","no","WSJ"
"WSJ-46","ATADQXPHL10Y8","believe",-2,"negation","none","no","WSJ"
"WSJ-46","A2YCMT5BPA0AG9","believe",-2,"negation","none","no","WSJ"
"WSJ-46","ALEJV7D94ZLHF","believe",-2,"negation","none","no","WSJ"
"WSJ-46","A40LU73SS18IW","believe",-3,"negation","none","no","WSJ"
"WSJ-46","A1EUBMQ86K32XE","believe",2,"negation","none","no","WSJ"
"WSJ-46","AVI7UDWV0Y3W3","believe",-3,"negation","none","no","WSJ"
"WSJ-46","A1GXPNXDLMT0QB","believe",2,"negation","none","no","WSJ"
"WSJ-46","A39WGGJ22N4S4F","believe",0,"negation","none","no","WSJ"
"WSJ-46","A1F34ZP6YNI98F","believe",0,"negation","none","no","WSJ"
"WSJ-47","A1QUNP6IYOQMZ5","admit",2,"negation","none","no","WSJ"
"WSJ-47","A5YVMQWA2IYPF","admit",-2,"negation","none","no","WSJ"
"WSJ-47","ATADQXPHL10Y8","admit",-2,"negation","none","no","WSJ"
"WSJ-47","A39WGGJ22N4S4F","admit",1,"negation","none","no","WSJ"
"WSJ-47","A3F6SDO4GYBE4Y","admit",2,"negation","none","no","WSJ"
"WSJ-47","A1FV7GRQF2O7LY","admit",-1,"negation","none","no","WSJ"
"WSJ-47","A1F34ZP6YNI98F","admit",-1,"negation","none","no","WSJ"
"WSJ-47","A1AYWUSULABAXL","admit",0,"negation","none","no","WSJ"
"WSJ-47","A40LU73SS18IW","admit",-2,"negation","none","no","WSJ"
"WSJ-47","ALEJV7D94ZLHF","admit",-2,"negation","none","no","WSJ"
"WSJ-47","A11S8IAAVDXCUS","admit",0,"negation","none","no","WSJ"
"WSJ-47","A1EUBMQ86K32XE","admit",1,"negation","none","no","WSJ"
"WSJ-47","A2IABGWWDKRQS3","admit",0,"negation","none","no","WSJ"
"WSJ-47","A2YCMT5BPA0AG9","admit",0,"negation","none","no","WSJ"
"WSJ-47","AVI7UDWV0Y3W3","admit",0,"negation","none","no","WSJ"
"WSJ-47","A1FF5C5BXODWSY","admit",1,"negation","none","no","WSJ"
"WSJ-47","A1GXPNXDLMT0QB","admit",0,"negation","none","no","WSJ"
"WSJ-47","A3DFJV1RD653DQ","admit",-1,"negation","none","no","WSJ"
"WSJ-49","A1QFL2GS6L26HG","think",-3,"negation","none","no","WSJ"
"WSJ-49","A2WQTSU6SSBUWC","think",1,"negation","none","no","WSJ"
"WSJ-49","A9Z25VKRSKF8O","think",-3,"negation","none","no","WSJ"
"WSJ-49","A2541C8MY0BYV3","think",-3,"negation","none","no","WSJ"
"WSJ-49","A17J1CE7N49Z9D","think",1,"negation","none","no","WSJ"
"WSJ-49","A2T2RV6G8AMC7Y","think",-3,"negation","none","no","WSJ"
"WSJ-49","A15V8K8M4TXT9Y","think",0,"negation","none","no","WSJ"
"WSJ-49","A2YXQMZ32BY8XH","think",-1,"negation","none","no","WSJ"
"WSJ-49","A2QVMCGDLTWV9","think",-3,"negation","none","no","WSJ"
"WSJ-49","A3F90N8YVKJ4I7","think",-3,"negation","none","no","WSJ"
"WSJ-49","A1MJHGH55K3O0","think",-1,"negation","none","no","WSJ"
"WSJ-49","A3ASF4ZVP6BUGO","think",-3,"negation","none","no","WSJ"
"WSJ-49","A1GXPNXDLMT0QB","think",-3,"negation","none","no","WSJ"
"WSJ-49","A1KAGE2AVL6ZGO","think",-3,"negation","none","no","WSJ"
"WSJ-49","A27O2IILV3S5YS","think",-3,"negation","none","no","WSJ"
"WSJ-49","ADVZAZ12Z8N9J","think",-3,"negation","none","no","WSJ"
"WSJ-50","A2QVMCGDLTWV9","mean",0,"negation","none","no","WSJ"
"WSJ-50","A2YXQMZ32BY8XH","mean",0,"negation","none","no","WSJ"
"WSJ-50","ADVZAZ12Z8N9J","mean",-2,"negation","none","no","WSJ"
"WSJ-50","A1QFL2GS6L26HG","mean",-1,"negation","none","no","WSJ"
"WSJ-50","A3F90N8YVKJ4I7","mean",0,"negation","none","no","WSJ"
"WSJ-50","A9Z25VKRSKF8O","mean",0,"negation","none","no","WSJ"
"WSJ-50","A1GXPNXDLMT0QB","mean",-1,"negation","none","no","WSJ"
"WSJ-50","A3ASF4ZVP6BUGO","mean",0,"negation","none","no","WSJ"
"WSJ-50","A27O2IILV3S5YS","mean",0,"negation","none","no","WSJ"
"WSJ-50","A1MJHGH55K3O0","mean",0,"negation","none","no","WSJ"
"WSJ-50","A15V8K8M4TXT9Y","mean",-2,"negation","none","no","WSJ"
"WSJ-50","A2541C8MY0BYV3","mean",-2,"negation","none","no","WSJ"
"WSJ-50","A17J1CE7N49Z9D","mean",-3,"negation","none","no","WSJ"
"WSJ-50","A2T2RV6G8AMC7Y","mean",0,"negation","none","no","WSJ"
"WSJ-50","A2WQTSU6SSBUWC","mean",0,"negation","none","no","WSJ"
"WSJ-50","A1KAGE2AVL6ZGO","mean",-3,"negation","none","no","WSJ"
"WSJ-51","A2EOOF9D135HQ1","think",0,"negation","none","no","WSJ"
"WSJ-51","AAJ1ZQECDZBEE","think",2,"negation","none","no","WSJ"
"WSJ-51","A2G7N0X0PNX0EE","think",-3,"negation","none","no","WSJ"
"WSJ-51","A1CGUFW3R6M234","think",-1,"negation","none","no","WSJ"
"WSJ-51","A2541C8MY0BYV3","think",-2,"negation","none","no","WSJ"
"WSJ-51","A14MOF84FC52MB","think",3,"negation","none","no","WSJ"
"WSJ-51","A3SO3B7PJ4N6UQ","think",-3,"negation","none","no","WSJ"
"WSJ-51","A2C73Y1COWCA51","think",2,"negation","none","no","WSJ"
"WSJ-51","A1MN2PWAV10VAB","think",-2,"negation","none","no","WSJ"
"WSJ-51","A2KVYRNL2CK95F","think",1,"negation","none","no","WSJ"
"WSJ-51","A1CTOT46Y4W11J","think",0,"negation","none","no","WSJ"
"WSJ-51","A1AO1LLP3INAZF","think",2,"negation","none","no","WSJ"
"WSJ-51","A2G1AMSSP7PFX7","think",-1,"negation","none","no","WSJ"
"WSJ-51","AOTSBJGYMR4N8","think",-1,"negation","none","no","WSJ"
"WSJ-51","A2XFO0X6RCS98M","think",-1,"negation","none","no","WSJ"
"WSJ-52","A1GXPNXDLMT0QB","understand",3,"modal","EP","yes","WSJ"
"WSJ-52","AZIY6IFOS4CVC","understand",3,"modal","EP","yes","WSJ"
"WSJ-52","A3HNEYFOIJWPH1","understand",0,"modal","EP","yes","WSJ"
"WSJ-52","A1DS5O8MSI3ZH0","understand",-1,"modal","EP","yes","WSJ"
"WSJ-52","A2BGRGVU9HG0C6","understand",-2,"modal","EP","yes","WSJ"
"WSJ-52","A1WR6M74EOTJNY","understand",2,"modal","EP","yes","WSJ"
"WSJ-52","A35TWG9VW1MB5S","understand",2,"modal","EP","yes","WSJ"
"WSJ-52","ANPCXN619ACW9","understand",1,"modal","EP","yes","WSJ"
"WSJ-52","A1UXWUM04RAO59","understand",2,"modal","EP","yes","WSJ"
"WSJ-52","A2541C8MY0BYV3","understand",1,"modal","EP","yes","WSJ"
"WSJ-52","AM5XW4DZLA6OC","understand",1,"modal","EP","yes","WSJ"
"WSJ-52","AFHRMJIHMGLDE","understand",2,"modal","EP","yes","WSJ"
"WSJ-52","A1RT9SQ9D9DLOV","understand",3,"modal","EP","yes","WSJ"
"WSJ-52","A20O44S26VN11P","understand",3,"modal","EP","yes","WSJ"
"WSJ-52","A2VM2EU6AHX5IC","understand",2,"modal","EP","yes","WSJ"
"WSJ-53","A2QCBYREDUOIWV","believe",-3,"negation","none","no","WSJ"
"WSJ-53","A2C73Y1COWCA51","believe",2,"negation","none","no","WSJ"
"WSJ-53","ACN0C9HPYDTED","believe",-3,"negation","none","no","WSJ"
"WSJ-53","ABREDVJ6LQDOF","believe",-1,"negation","none","no","WSJ"
"WSJ-53","AOGT0KZDUX8CC","believe",-1,"negation","none","no","WSJ"
"WSJ-53","A3L1DZWXQFWB90","believe",-1,"negation","none","no","WSJ"
"WSJ-53","AXR8QNGNBF1DU","believe",1,"negation","none","no","WSJ"
"WSJ-53","A2CHE0DIBI76UU","believe",3,"negation","none","no","WSJ"
"WSJ-53","A3I04T9OLH0CNF","believe",0,"negation","none","no","WSJ"
"WSJ-53","A3MJ47AD05HGC","believe",2,"negation","none","no","WSJ"
"WSJ-53","A1GXPNXDLMT0QB","believe",2,"negation","none","no","WSJ"
"WSJ-53","A1WRQCH7EPLS35","believe",0,"negation","none","no","WSJ"
"WSJ-53","A17J1CE7N49Z9D","believe",-1,"negation","none","no","WSJ"
"WSJ-53","AK81F0NOBFJS3","believe",1,"negation","none","no","WSJ"
"WSJ-53","AJ3F5RR0P8LZR","believe",0,"negation","none","no","WSJ"
"WSJ-53","AFKZZEURTCR8U","believe",-1,"negation","none","no","WSJ"
"WSJ-53","A19UBZFVUWL1ES","believe",0,"negation","none","no","WSJ"
"WSJ-53","A12O9P1OTMJOPW","believe",1,"negation","none","no","WSJ"
"WSJ-54","A9Z25VKRSKF8O","believe",0,"negation","none","no","WSJ"
"WSJ-54","A2T2RV6G8AMC7Y","believe",0,"negation","none","no","WSJ"
"WSJ-54","A1MJHGH55K3O0","believe",0,"negation","none","no","WSJ"
"WSJ-54","A2YXQMZ32BY8XH","believe",-2,"negation","none","no","WSJ"
"WSJ-54","A2QVMCGDLTWV9","believe",-1,"negation","none","no","WSJ"
"WSJ-54","A15V8K8M4TXT9Y","believe",-2,"negation","none","no","WSJ"
"WSJ-54","A2WQTSU6SSBUWC","believe",-1,"negation","none","no","WSJ"
"WSJ-54","A3F90N8YVKJ4I7","believe",0,"negation","none","no","WSJ"
"WSJ-54","A27O2IILV3S5YS","believe",-3,"negation","none","no","WSJ"
"WSJ-54","A1QFL2GS6L26HG","believe",-2,"negation","none","no","WSJ"
"WSJ-54","A1GXPNXDLMT0QB","believe",-2,"negation","none","no","WSJ"
"WSJ-54","A1KAGE2AVL6ZGO","believe",0,"negation","none","no","WSJ"
"WSJ-54","ADVZAZ12Z8N9J","believe",0,"negation","none","no","WSJ"
"WSJ-54","A3ASF4ZVP6BUGO","believe",3,"negation","none","no","WSJ"
"WSJ-54","A17J1CE7N49Z9D","believe",1,"negation","none","no","WSJ"
"WSJ-54","A2541C8MY0BYV3","believe",-2,"negation","none","no","WSJ"
"WSJ-55","AFKZZEURTCR8U","assume",1,"modal","EP","no","WSJ"
"WSJ-55","A17J1CE7N49Z9D","assume",1,"modal","EP","no","WSJ"
"WSJ-55","AJ3F5RR0P8LZR","assume",3,"modal","EP","no","WSJ"
"WSJ-55","A1GXPNXDLMT0QB","assume",0,"modal","EP","no","WSJ"
"WSJ-55","A12O9P1OTMJOPW","assume",-2,"modal","EP","no","WSJ"
"WSJ-55","AXR8QNGNBF1DU","assume",1,"modal","EP","no","WSJ"
"WSJ-55","A1WRQCH7EPLS35","assume",-3,"modal","EP","no","WSJ"
"WSJ-55","ACN0C9HPYDTED","assume",3,"modal","EP","no","WSJ"
"WSJ-55","A3I04T9OLH0CNF","assume",-3,"modal","EP","no","WSJ"
"WSJ-55","A2QCBYREDUOIWV","assume",3,"modal","EP","no","WSJ"
"WSJ-55","AK81F0NOBFJS3","assume",-1,"modal","EP","no","WSJ"
"WSJ-55","A3L1DZWXQFWB90","assume",-1,"modal","EP","no","WSJ"
"WSJ-55","A19UBZFVUWL1ES","assume",-3,"modal","EP","no","WSJ"
"WSJ-55","ABREDVJ6LQDOF","assume",-1,"modal","EP","no","WSJ"
"WSJ-55","A2C73Y1COWCA51","assume",3,"modal","EP","no","WSJ"
"WSJ-55","A3MJ47AD05HGC","assume",0,"modal","EP","no","WSJ"
"WSJ-55","AOGT0KZDUX8CC","assume",-3,"modal","EP","no","WSJ"
"WSJ-55","A2CHE0DIBI76UU","assume",-3,"modal","EP","no","WSJ"
"WSJ-56","A12O9P1OTMJOPW","hope",2,"modal","EP","no","WSJ"
"WSJ-56","ACN0C9HPYDTED","hope",3,"modal","EP","no","WSJ"
"WSJ-56","AK81F0NOBFJS3","hope",1,"modal","EP","no","WSJ"
"WSJ-56","A2QCBYREDUOIWV","hope",0,"modal","EP","no","WSJ"
"WSJ-56","A3I04T9OLH0CNF","hope",-1,"modal","EP","no","WSJ"
"WSJ-56","A1WRQCH7EPLS35","hope",0,"modal","EP","no","WSJ"
"WSJ-56","A3L1DZWXQFWB90","hope",0,"modal","EP","no","WSJ"
"WSJ-56","AJ3F5RR0P8LZR","hope",0,"modal","EP","no","WSJ"
"WSJ-56","AOGT0KZDUX8CC","hope",1,"modal","EP","no","WSJ"
"WSJ-56","A2C73Y1COWCA51","hope",2,"modal","EP","no","WSJ"
"WSJ-56","AFKZZEURTCR8U","hope",1,"modal","EP","no","WSJ"
"WSJ-56","AXR8QNGNBF1DU","hope",0,"modal","EP","no","WSJ"
"WSJ-56","A2CHE0DIBI76UU","hope",-2,"modal","EP","no","WSJ"
"WSJ-56","A19UBZFVUWL1ES","hope",0,"modal","EP","no","WSJ"
"WSJ-56","A1GXPNXDLMT0QB","hope",0,"modal","EP","no","WSJ"
"WSJ-56","A17J1CE7N49Z9D","hope",0,"modal","EP","no","WSJ"
"WSJ-56","A3MJ47AD05HGC","hope",-3,"modal","EP","no","WSJ"
"WSJ-56","ABREDVJ6LQDOF","hope",0,"modal","EP","no","WSJ"
"WSJ-57","A2541C8MY0BYV3","imagine",-2,"negation","none","no","WSJ"
"WSJ-57","AM5XW4DZLA6OC","imagine",-2,"negation","none","no","WSJ"
"WSJ-57","ANPCXN619ACW9","imagine",0,"negation","none","no","WSJ"
"WSJ-57","A35TWG9VW1MB5S","imagine",-2,"negation","none","no","WSJ"
"WSJ-57","AFHRMJIHMGLDE","imagine",2,"negation","none","no","WSJ"
"WSJ-57","A20O44S26VN11P","imagine",-3,"negation","none","no","WSJ"
"WSJ-57","A1RT9SQ9D9DLOV","imagine",-3,"negation","none","no","WSJ"
"WSJ-57","A3HNEYFOIJWPH1","imagine",2,"negation","none","no","WSJ"
"WSJ-57","AZIY6IFOS4CVC","imagine",3,"negation","none","no","WSJ"
"WSJ-57","A1UXWUM04RAO59","imagine",-3,"negation","none","no","WSJ"
"WSJ-57","A1GXPNXDLMT0QB","imagine",-3,"negation","none","no","WSJ"
"WSJ-57","A2BGRGVU9HG0C6","imagine",2,"negation","none","no","WSJ"
"WSJ-57","A2VM2EU6AHX5IC","imagine",-2,"negation","none","no","WSJ"
"WSJ-57","A1WR6M74EOTJNY","imagine",-2,"negation","none","no","WSJ"
"WSJ-57","A1DS5O8MSI3ZH0","imagine",-2,"negation","none","no","WSJ"
"WSJ-58","A1AO1LLP3INAZF","signal",0,"question","none","no","WSJ"
"WSJ-58","A1CGUFW3R6M234","signal",0,"question","none","no","WSJ"
"WSJ-58","A2KVYRNL2CK95F","signal",0,"question","none","no","WSJ"
"WSJ-58","A2541C8MY0BYV3","signal",0,"question","none","no","WSJ"
"WSJ-58","A1MN2PWAV10VAB","signal",0,"question","none","no","WSJ"
"WSJ-58","AOTSBJGYMR4N8","signal",0,"question","none","no","WSJ"
"WSJ-58","A1CTOT46Y4W11J","signal",0,"question","none","no","WSJ"
"WSJ-58","A2EOOF9D135HQ1","signal",0,"question","none","no","WSJ"
"WSJ-58","A2G1AMSSP7PFX7","signal",-3,"question","none","no","WSJ"
"WSJ-58","A14MOF84FC52MB","signal",0,"question","none","no","WSJ"
"WSJ-58","A2XFO0X6RCS98M","signal",0,"question","none","no","WSJ"
"WSJ-58","A2C73Y1COWCA51","signal",0,"question","none","no","WSJ"
"WSJ-58","A2G7N0X0PNX0EE","signal",1,"question","none","no","WSJ"
"WSJ-58","AAJ1ZQECDZBEE","signal",1,"question","none","no","WSJ"
"WSJ-58","A3SO3B7PJ4N6UQ","signal",1,"question","none","no","WSJ"
"WSJ-59","A17J1CE7N49Z9D","think",0,"conditional","none","no","WSJ"
"WSJ-59","A3770CWO9OHZDN","think",0,"conditional","none","no","WSJ"
"WSJ-59","A207IHY6GERCFO","think",0,"conditional","none","no","WSJ"
"WSJ-59","ACGHHDT7RY1AH","think",0,"conditional","none","no","WSJ"
"WSJ-59","A3GDTSFHVBUJHD","think",0,"conditional","none","no","WSJ"
"WSJ-59","A3J2UG22S8BIW4","think",0,"conditional","none","no","WSJ"
"WSJ-59","A3GZYWA9S6J0K9","think",2,"conditional","none","no","WSJ"
"WSJ-59","A2A1FS0KVLJ9ZT","think",3,"conditional","none","no","WSJ"
"WSJ-59","A30YOD6MXIFXNJ","think",1,"conditional","none","no","WSJ"
"WSJ-59","A35BY30TC8WCL4","think",1,"conditional","none","no","WSJ"
"WSJ-59","A1M1TSMJB12177","think",0,"conditional","none","no","WSJ"
"WSJ-59","A33249GFIAKI1G","think",0,"conditional","none","no","WSJ"
"WSJ-59","A1ZWJF3V4NXN6H","think",0,"conditional","none","no","WSJ"
"WSJ-59","A1YCS8Y1BPXBWY","think",2,"conditional","none","no","WSJ"
"WSJ-59","A2TCIHHKLL8LQC","think",1,"conditional","none","no","WSJ"
"WSJ-59","A1GXPNXDLMT0QB","think",2,"conditional","none","no","WSJ"
"WSJ-60","AZIY6IFOS4CVC","suggest",-2,"negation","none","no","WSJ"
"WSJ-60","A1GXPNXDLMT0QB","suggest",-2,"negation","none","no","WSJ"
"WSJ-60","A20O44S26VN11P","suggest",-1,"negation","none","no","WSJ"
"WSJ-60","A35TWG9VW1MB5S","suggest",-1,"negation","none","no","WSJ"
"WSJ-60","A3HNEYFOIJWPH1","suggest",0,"negation","none","no","WSJ"
"WSJ-60","A1DS5O8MSI3ZH0","suggest",-2,"negation","none","no","WSJ"
"WSJ-60","A1WR6M74EOTJNY","suggest",-2,"negation","none","no","WSJ"
"WSJ-60","A2BGRGVU9HG0C6","suggest",-2,"negation","none","no","WSJ"
"WSJ-60","A2VM2EU6AHX5IC","suggest",-1,"negation","none","no","WSJ"
"WSJ-60","A1RT9SQ9D9DLOV","suggest",-1,"negation","none","no","WSJ"
"WSJ-60","AFHRMJIHMGLDE","suggest",1,"negation","none","no","WSJ"
"WSJ-60","ANPCXN619ACW9","suggest",-1,"negation","none","no","WSJ"
"WSJ-60","A1UXWUM04RAO59","suggest",0,"negation","none","no","WSJ"
"WSJ-60","AM5XW4DZLA6OC","suggest",-1,"negation","none","no","WSJ"
"WSJ-60","A2541C8MY0BYV3","suggest",-3,"negation","none","no","WSJ"
"WSJ-62","A2541C8MY0BYV3","believe",-2,"question","none","no","WSJ"
"WSJ-62","A1W8FA5GSFY60C","believe",-3,"question","none","no","WSJ"
"WSJ-62","A3KKXA7COL5JHL","believe",-2,"question","none","no","WSJ"
"WSJ-62","A183WYXN12P2TJ","believe",0,"question","none","no","WSJ"
"WSJ-62","ATZSD4TTNDO5V","believe",-3,"question","none","no","WSJ"
"WSJ-62","A35ARURSRU6UAZ","believe",-3,"question","none","no","WSJ"
"WSJ-62","A1GXPNXDLMT0QB","believe",-3,"question","none","no","WSJ"
"WSJ-62","A1GMJZUQ8Q7053","believe",0,"question","none","no","WSJ"
"WSJ-62","ADY44EV3GCW85","believe",-2,"question","none","no","WSJ"
"WSJ-62","A2JP9IKRHNLRPI","believe",-3,"question","none","no","WSJ"
"WSJ-62","A1K75ALN5NQIJM","believe",-3,"question","none","no","WSJ"
"WSJ-62","A14XM04GNE5AAK","believe",-2,"question","none","no","WSJ"
"WSJ-62","AVMIXXCHPD291","believe",-1,"question","none","no","WSJ"
"WSJ-62","A3SM6R11R3687Q","believe",0,"question","none","no","WSJ"
"WSJ-62","A2VM2EU6AHX5IC","believe",-3,"question","none","no","WSJ"
"WSJ-62","A195WB6MMIHUL7","believe",0,"question","none","no","WSJ"
"WSJ-62","A3N0QZ9ZKUCTCQ","believe",-3,"question","none","no","WSJ"
"WSJ-63","A2CF2BD4Q0ZDJN","fear",1,"conditional","none","no","WSJ"
"WSJ-63","ANVAFB99K5RKP","fear",1,"conditional","none","no","WSJ"
"WSJ-63","A1MV41OTGYW0AH","fear",0,"conditional","none","no","WSJ"
"WSJ-63","A35FHY70T3PL8I","fear",1,"conditional","none","no","WSJ"
"WSJ-63","A239EUWY6SNDEZ","fear",2,"conditional","none","no","WSJ"
"WSJ-63","A1GYO6CJMVA9ZA","fear",0,"conditional","none","no","WSJ"
"WSJ-63","A3BL2ZEODD79AZ","fear",2,"conditional","none","no","WSJ"
"WSJ-63","AU3D48D52RP2T","fear",1,"conditional","none","no","WSJ"
"WSJ-63","A1WH32GYQOHIRQ","fear",0,"conditional","none","no","WSJ"
"WSJ-63","A2DJTY0LALVNVB","fear",0,"conditional","none","no","WSJ"
"WSJ-63","ASTR3EPUOKEXV","fear",1,"conditional","none","no","WSJ"
"WSJ-63","A10DCC73F2CKHC","fear",2,"conditional","none","no","WSJ"
"WSJ-63","A29VL3MZE7YPBZ","fear",0,"conditional","none","no","WSJ"
"WSJ-63","AKSJ3C5O3V9RB","fear",0,"conditional","none","no","WSJ"
"WSJ-63","A34DWBBWZRLO1X","fear",0,"conditional","none","no","WSJ"
"WSJ-64","A1KAGE2AVL6ZGO","realize",3,"modal","EP","yes","WSJ"
"WSJ-64","A17J1CE7N49Z9D","realize",1,"modal","EP","yes","WSJ"
"WSJ-64","A3ASF4ZVP6BUGO","realize",2,"modal","EP","yes","WSJ"
"WSJ-64","A15V8K8M4TXT9Y","realize",2,"modal","EP","yes","WSJ"
"WSJ-64","ADVZAZ12Z8N9J","realize",2,"modal","EP","yes","WSJ"
"WSJ-64","A1MJHGH55K3O0","realize",3,"modal","EP","yes","WSJ"
"WSJ-64","A2YXQMZ32BY8XH","realize",3,"modal","EP","yes","WSJ"
"WSJ-64","A2541C8MY0BYV3","realize",3,"modal","EP","yes","WSJ"
"WSJ-64","A27O2IILV3S5YS","realize",3,"modal","EP","yes","WSJ"
"WSJ-64","A1QFL2GS6L26HG","realize",3,"modal","EP","yes","WSJ"
"WSJ-64","A9Z25VKRSKF8O","realize",2,"modal","EP","yes","WSJ"
"WSJ-64","A1GXPNXDLMT0QB","realize",3,"modal","EP","yes","WSJ"
"WSJ-64","A2QVMCGDLTWV9","realize",0,"modal","EP","yes","WSJ"
"WSJ-64","A3F90N8YVKJ4I7","realize",2,"modal","EP","yes","WSJ"
"WSJ-64","A2WQTSU6SSBUWC","realize",3,"modal","EP","yes","WSJ"
"WSJ-64","A2T2RV6G8AMC7Y","realize",3,"modal","EP","yes","WSJ"
"WSJ-65","AFHRMJIHMGLDE","say",0,"negation","none","no","WSJ"
"WSJ-65","A2VM2EU6AHX5IC","say",0,"negation","none","no","WSJ"
"WSJ-65","A2541C8MY0BYV3","say",-2,"negation","none","no","WSJ"
"WSJ-65","A1RT9SQ9D9DLOV","say",0,"negation","none","no","WSJ"
"WSJ-65","ANPCXN619ACW9","say",-2,"negation","none","no","WSJ"
"WSJ-65","A2BGRGVU9HG0C6","say",0,"negation","none","no","WSJ"
"WSJ-65","AZIY6IFOS4CVC","say",-1,"negation","none","no","WSJ"
"WSJ-65","A1DS5O8MSI3ZH0","say",-1,"negation","none","no","WSJ"
"WSJ-65","A3HNEYFOIJWPH1","say",2,"negation","none","no","WSJ"
"WSJ-65","A1WR6M74EOTJNY","say",1,"negation","none","no","WSJ"
"WSJ-65","A35TWG9VW1MB5S","say",-2,"negation","none","no","WSJ"
"WSJ-65","A20O44S26VN11P","say",1,"negation","none","no","WSJ"
"WSJ-65","AM5XW4DZLA6OC","say",-2,"negation","none","no","WSJ"
"WSJ-65","A1GXPNXDLMT0QB","say",0,"negation","none","no","WSJ"
"WSJ-65","A1UXWUM04RAO59","say",1,"negation","none","no","WSJ"
"WSJ-67","A1CGUFW3R6M234","think",-1,"negation","none","no","WSJ"
"WSJ-67","A2KVYRNL2CK95F","think",1,"negation","none","no","WSJ"
"WSJ-67","A2C73Y1COWCA51","think",2,"negation","none","no","WSJ"
"WSJ-67","A3SO3B7PJ4N6UQ","think",3,"negation","none","no","WSJ"
"WSJ-67","A1MN2PWAV10VAB","think",-2,"negation","none","no","WSJ"
"WSJ-67","A2EOOF9D135HQ1","think",-3,"negation","none","no","WSJ"
"WSJ-67","A1AO1LLP3INAZF","think",2,"negation","none","no","WSJ"
"WSJ-67","A2G1AMSSP7PFX7","think",-2,"negation","none","no","WSJ"
"WSJ-67","AOTSBJGYMR4N8","think",-2,"negation","none","no","WSJ"
"WSJ-67","A14MOF84FC52MB","think",0,"negation","none","no","WSJ"
"WSJ-67","AAJ1ZQECDZBEE","think",-3,"negation","none","no","WSJ"
"WSJ-67","A2XFO0X6RCS98M","think",-2,"negation","none","no","WSJ"
"WSJ-67","A2G7N0X0PNX0EE","think",-3,"negation","none","no","WSJ"
"WSJ-67","A2541C8MY0BYV3","think",-2,"negation","none","no","WSJ"
"WSJ-67","A1CTOT46Y4W11J","think",3,"negation","none","no","WSJ"
"WSJ-68","AOGT0KZDUX8CC","know",2,"negation","none","yes","WSJ"
"WSJ-68","A12O9P1OTMJOPW","know",3,"negation","none","yes","WSJ"
"WSJ-68","A1WRQCH7EPLS35","know",3,"negation","none","yes","WSJ"
"WSJ-68","A3I04T9OLH0CNF","know",3,"negation","none","yes","WSJ"
"WSJ-68","A2QCBYREDUOIWV","know",3,"negation","none","yes","WSJ"
"WSJ-68","A2C73Y1COWCA51","know",2,"negation","none","yes","WSJ"
"WSJ-68","AXR8QNGNBF1DU","know",3,"negation","none","yes","WSJ"
"WSJ-68","A19UBZFVUWL1ES","know",3,"negation","none","yes","WSJ"
"WSJ-68","A2CHE0DIBI76UU","know",3,"negation","none","yes","WSJ"
"WSJ-68","A3L1DZWXQFWB90","know",1,"negation","none","yes","WSJ"
"WSJ-68","A1GXPNXDLMT0QB","know",3,"negation","none","yes","WSJ"
"WSJ-68","A3MJ47AD05HGC","know",2,"negation","none","yes","WSJ"
"WSJ-68","AJ3F5RR0P8LZR","know",3,"negation","none","yes","WSJ"
"WSJ-68","AFKZZEURTCR8U","know",3,"negation","none","yes","WSJ"
"WSJ-68","A17J1CE7N49Z9D","know",2,"negation","none","yes","WSJ"
"WSJ-68","AK81F0NOBFJS3","know",2,"negation","none","yes","WSJ"
"WSJ-68","ABREDVJ6LQDOF","know",3,"negation","none","yes","WSJ"
"WSJ-68","ACN0C9HPYDTED","know",2,"negation","none","yes","WSJ"
"WSJ-69","A207IHY6GERCFO","think",-2,"negation","none","no","WSJ"
"WSJ-69","A3770CWO9OHZDN","think",0,"negation","none","no","WSJ"
"WSJ-69","A17J1CE7N49Z9D","think",-1,"negation","none","no","WSJ"
"WSJ-69","A3GDTSFHVBUJHD","think",-2,"negation","none","no","WSJ"
"WSJ-69","ACGHHDT7RY1AH","think",-2,"negation","none","no","WSJ"
"WSJ-69","A3GZYWA9S6J0K9","think",-2,"negation","none","no","WSJ"
"WSJ-69","A1YCS8Y1BPXBWY","think",-1,"negation","none","no","WSJ"
"WSJ-69","A35BY30TC8WCL4","think",-1,"negation","none","no","WSJ"
"WSJ-69","A30YOD6MXIFXNJ","think",-1,"negation","none","no","WSJ"
"WSJ-69","A3J2UG22S8BIW4","think",-2,"negation","none","no","WSJ"
"WSJ-69","A33249GFIAKI1G","think",1,"negation","none","no","WSJ"
"WSJ-69","A1GXPNXDLMT0QB","think",-2,"negation","none","no","WSJ"
"WSJ-69","A1M1TSMJB12177","think",-1,"negation","none","no","WSJ"
"WSJ-69","A2TCIHHKLL8LQC","think",1,"negation","none","no","WSJ"
"WSJ-69","A2A1FS0KVLJ9ZT","think",-1,"negation","none","no","WSJ"
"WSJ-69","A1ZWJF3V4NXN6H","think",-1,"negation","none","no","WSJ"
"WSJ-71","A1WRQCH7EPLS35","find",-3,"negation","none","yes","WSJ"
"WSJ-71","A3L1DZWXQFWB90","find",-2,"negation","none","yes","WSJ"
"WSJ-71","A19UBZFVUWL1ES","find",-2,"negation","none","yes","WSJ"
"WSJ-71","AXR8QNGNBF1DU","find",-3,"negation","none","yes","WSJ"
"WSJ-71","A3MJ47AD05HGC","find",-3,"negation","none","yes","WSJ"
"WSJ-71","AJ3F5RR0P8LZR","find",-3,"negation","none","yes","WSJ"
"WSJ-71","A12O9P1OTMJOPW","find",-3,"negation","none","yes","WSJ"
"WSJ-71","ACN0C9HPYDTED","find",3,"negation","none","yes","WSJ"
"WSJ-71","A2QCBYREDUOIWV","find",-3,"negation","none","yes","WSJ"
"WSJ-71","AK81F0NOBFJS3","find",-1,"negation","none","yes","WSJ"
"WSJ-71","A17J1CE7N49Z9D","find",-1,"negation","none","yes","WSJ"
"WSJ-71","AFKZZEURTCR8U","find",-2,"negation","none","yes","WSJ"
"WSJ-71","AOGT0KZDUX8CC","find",-3,"negation","none","yes","WSJ"
"WSJ-71","A2CHE0DIBI76UU","find",-3,"negation","none","yes","WSJ"
"WSJ-71","ABREDVJ6LQDOF","find",-3,"negation","none","yes","WSJ"
"WSJ-71","A2C73Y1COWCA51","find",-2,"negation","none","yes","WSJ"
"WSJ-71","A3I04T9OLH0CNF","find",3,"negation","none","yes","WSJ"
"WSJ-71","A1GXPNXDLMT0QB","find",-3,"negation","none","yes","WSJ"
"WSJ-72","A1MN2PWAV10VAB","mean",0,"negation","none","no","WSJ"
"WSJ-72","A3SO3B7PJ4N6UQ","mean",-2,"negation","none","no","WSJ"
"WSJ-72","A1CTOT46Y4W11J","mean",3,"negation","none","no","WSJ"
"WSJ-72","A2541C8MY0BYV3","mean",-2,"negation","none","no","WSJ"
"WSJ-72","A2G1AMSSP7PFX7","mean",-1,"negation","none","no","WSJ"
"WSJ-72","A2G7N0X0PNX0EE","mean",0,"negation","none","no","WSJ"
"WSJ-72","A1AO1LLP3INAZF","mean",-2,"negation","none","no","WSJ"
"WSJ-72","A2EOOF9D135HQ1","mean",3,"negation","none","no","WSJ"
"WSJ-72","A2XFO0X6RCS98M","mean",-1,"negation","none","no","WSJ"
"WSJ-72","AOTSBJGYMR4N8","mean",1,"negation","none","no","WSJ"
"WSJ-72","AAJ1ZQECDZBEE","mean",0,"negation","none","no","WSJ"
"WSJ-72","A14MOF84FC52MB","mean",3,"negation","none","no","WSJ"
"WSJ-72","A2C73Y1COWCA51","mean",0,"negation","none","no","WSJ"
"WSJ-72","A2KVYRNL2CK95F","mean",-2,"negation","none","no","WSJ"
"WSJ-72","A1CGUFW3R6M234","mean",0,"negation","none","no","WSJ"
"WSJ-73","A2XFO0X6RCS98M","realize",2,"negation","none","yes","WSJ"
"WSJ-73","A2KVYRNL2CK95F","realize",3,"negation","none","yes","WSJ"
"WSJ-73","A3SO3B7PJ4N6UQ","realize",0,"negation","none","yes","WSJ"
"WSJ-73","AAJ1ZQECDZBEE","realize",3,"negation","none","yes","WSJ"
"WSJ-73","A2G1AMSSP7PFX7","realize",2,"negation","none","yes","WSJ"
"WSJ-73","A14MOF84FC52MB","realize",3,"negation","none","yes","WSJ"
"WSJ-73","A2C73Y1COWCA51","realize",-2,"negation","none","yes","WSJ"
"WSJ-73","AOTSBJGYMR4N8","realize",0,"negation","none","yes","WSJ"
"WSJ-73","A2EOOF9D135HQ1","realize",3,"negation","none","yes","WSJ"
"WSJ-73","A1CGUFW3R6M234","realize",2,"negation","none","yes","WSJ"
"WSJ-73","A1AO1LLP3INAZF","realize",-1,"negation","none","yes","WSJ"
"WSJ-73","A1CTOT46Y4W11J","realize",2,"negation","none","yes","WSJ"
"WSJ-73","A2541C8MY0BYV3","realize",-2,"negation","none","yes","WSJ"
"WSJ-73","A1MN2PWAV10VAB","realize",0,"negation","none","yes","WSJ"
"WSJ-73","A2G7N0X0PNX0EE","realize",2,"negation","none","yes","WSJ"
"WSJ-75","A3ASF4ZVP6BUGO","forget",3,"negation","none","yes","WSJ"
"WSJ-75","A2T2RV6G8AMC7Y","forget",3,"negation","none","yes","WSJ"
"WSJ-75","A3F90N8YVKJ4I7","forget",3,"negation","none","yes","WSJ"
"WSJ-75","A1QFL2GS6L26HG","forget",1,"negation","none","yes","WSJ"
"WSJ-75","A1MJHGH55K3O0","forget",2,"negation","none","yes","WSJ"
"WSJ-75","A2QVMCGDLTWV9","forget",2,"negation","none","yes","WSJ"
"WSJ-75","A27O2IILV3S5YS","forget",3,"negation","none","yes","WSJ"
"WSJ-75","A1KAGE2AVL6ZGO","forget",3,"negation","none","yes","WSJ"
"WSJ-75","A17J1CE7N49Z9D","forget",1,"negation","none","yes","WSJ"
"WSJ-75","ADVZAZ12Z8N9J","forget",2,"negation","none","yes","WSJ"
"WSJ-75","A9Z25VKRSKF8O","forget",3,"negation","none","yes","WSJ"
"WSJ-75","A15V8K8M4TXT9Y","forget",2,"negation","none","yes","WSJ"
"WSJ-75","A2WQTSU6SSBUWC","forget",3,"negation","none","yes","WSJ"
"WSJ-75","A1GXPNXDLMT0QB","forget",3,"negation","none","yes","WSJ"
"WSJ-75","A2YXQMZ32BY8XH","forget",3,"negation","none","yes","WSJ"
"WSJ-75","A2541C8MY0BYV3","forget",3,"negation","none","yes","WSJ"
"WSJ-76","A10LQ8RUWDUI5U","suggest",-1,"question","none","no","WSJ"
"WSJ-76","A32ES5EUTQUQVN","suggest",3,"question","none","no","WSJ"
"WSJ-76","A3CF8ULBSE8MTL","suggest",-3,"question","none","no","WSJ"
"WSJ-76","A1G187YBG0DVMQ","suggest",-2,"question","none","no","WSJ"
"WSJ-76","A3F6SDO4GYBE4Y","suggest",0,"question","none","no","WSJ"
"WSJ-76","A1VSU8AMV3QFI1","suggest",3,"question","none","no","WSJ"
"WSJ-76","AUVC78LEL0T6L","suggest",-3,"question","none","no","WSJ"
"WSJ-76","A1WISFBL3J5Z12","suggest",0,"question","none","no","WSJ"
"WSJ-76","A2S75O867RJG0I","suggest",-2,"question","none","no","WSJ"
"WSJ-76","A1G5MFF89BEL10","suggest",-3,"question","none","no","WSJ"
"WSJ-76","A3L2UB07EZJAMD","suggest",-3,"question","none","no","WSJ"
"WSJ-76","A2SOKKU8ZSBTFY","suggest",0,"question","none","no","WSJ"
"WSJ-76","A8FUMDQFBKMXR","suggest",2,"question","none","no","WSJ"
"WSJ-76","A3L1SMVQ0WV7UG","suggest",-2,"question","none","no","WSJ"
"WSJ-76","A3RS7UCO7CQ74R","suggest",-3,"question","none","no","WSJ"
"WSJ-77","A2YXQMZ32BY8XH","see",1,"modal","AB","yes","WSJ"
"WSJ-77","A27O2IILV3S5YS","see",3,"modal","AB","yes","WSJ"
"WSJ-77","A9Z25VKRSKF8O","see",3,"modal","AB","yes","WSJ"
"WSJ-77","A3ASF4ZVP6BUGO","see",1,"modal","AB","yes","WSJ"
"WSJ-77","A2T2RV6G8AMC7Y","see",3,"modal","AB","yes","WSJ"
"WSJ-77","A17J1CE7N49Z9D","see",2,"modal","AB","yes","WSJ"
"WSJ-77","A2WQTSU6SSBUWC","see",3,"modal","AB","yes","WSJ"
"WSJ-77","A15V8K8M4TXT9Y","see",2,"modal","AB","yes","WSJ"
"WSJ-77","A1KAGE2AVL6ZGO","see",3,"modal","AB","yes","WSJ"
"WSJ-77","A1GXPNXDLMT0QB","see",3,"modal","AB","yes","WSJ"
"WSJ-77","A1MJHGH55K3O0","see",3,"modal","AB","yes","WSJ"
"WSJ-77","A3F90N8YVKJ4I7","see",3,"modal","AB","yes","WSJ"
"WSJ-77","A2QVMCGDLTWV9","see",2,"modal","AB","yes","WSJ"
"WSJ-77","A1QFL2GS6L26HG","see",3,"modal","AB","yes","WSJ"
"WSJ-77","A2541C8MY0BYV3","see",3,"modal","AB","yes","WSJ"
"WSJ-77","ADVZAZ12Z8N9J","see",3,"modal","AB","yes","WSJ"
"WSJ-78","A2541C8MY0BYV3","believe",-3,"negation","none","no","WSJ"
"WSJ-78","A2EOOF9D135HQ1","believe",-3,"negation","none","no","WSJ"
"WSJ-78","A2G1AMSSP7PFX7","believe",-2,"negation","none","no","WSJ"
"WSJ-78","A2KVYRNL2CK95F","believe",1,"negation","none","no","WSJ"
"WSJ-78","A1AO1LLP3INAZF","believe",2,"negation","none","no","WSJ"
"WSJ-78","AAJ1ZQECDZBEE","believe",-2,"negation","none","no","WSJ"
"WSJ-78","A2XFO0X6RCS98M","believe",-2,"negation","none","no","WSJ"
"WSJ-78","AOTSBJGYMR4N8","believe",-1,"negation","none","no","WSJ"
"WSJ-78","A3SO3B7PJ4N6UQ","believe",-3,"negation","none","no","WSJ"
"WSJ-78","A1CGUFW3R6M234","believe",-3,"negation","none","no","WSJ"
"WSJ-78","A14MOF84FC52MB","believe",-3,"negation","none","no","WSJ"
"WSJ-78","A2G7N0X0PNX0EE","believe",-3,"negation","none","no","WSJ"
"WSJ-78","A1MN2PWAV10VAB","believe",-3,"negation","none","no","WSJ"
"WSJ-78","A1CTOT46Y4W11J","believe",0,"negation","none","no","WSJ"
"WSJ-78","A2C73Y1COWCA51","believe",2,"negation","none","no","WSJ"
"WSJ-79","A3ASF4ZVP6BUGO","notice",3,"negation","none","yes","WSJ"
"WSJ-79","A2T2RV6G8AMC7Y","notice",3,"negation","none","yes","WSJ"
"WSJ-79","A17J1CE7N49Z9D","notice",1,"negation","none","yes","WSJ"
"WSJ-79","A27O2IILV3S5YS","notice",1,"negation","none","yes","WSJ"
"WSJ-79","A15V8K8M4TXT9Y","notice",3,"negation","none","yes","WSJ"
"WSJ-79","A9Z25VKRSKF8O","notice",3,"negation","none","yes","WSJ"
"WSJ-79","A2541C8MY0BYV3","notice",-3,"negation","none","yes","WSJ"
"WSJ-79","ADVZAZ12Z8N9J","notice",3,"negation","none","yes","WSJ"
"WSJ-79","A1GXPNXDLMT0QB","notice",0,"negation","none","yes","WSJ"
"WSJ-79","A2QVMCGDLTWV9","notice",2,"negation","none","yes","WSJ"
"WSJ-79","A1QFL2GS6L26HG","notice",3,"negation","none","yes","WSJ"
"WSJ-79","A2WQTSU6SSBUWC","notice",3,"negation","none","yes","WSJ"
"WSJ-79","A3F90N8YVKJ4I7","notice",3,"negation","none","yes","WSJ"
"WSJ-79","A1MJHGH55K3O0","notice",-3,"negation","none","yes","WSJ"
"WSJ-79","A2YXQMZ32BY8XH","notice",3,"negation","none","yes","WSJ"
"WSJ-79","A1KAGE2AVL6ZGO","notice",3,"negation","none","yes","WSJ"
"WSJ-80","A2XFO0X6RCS98M","expect",-2,"negation","none","no","WSJ"
"WSJ-80","A1MN2PWAV10VAB","expect",-2,"negation","none","no","WSJ"
"WSJ-80","A14MOF84FC52MB","expect",0,"negation","none","no","WSJ"
"WSJ-80","A2EOOF9D135HQ1","expect",0,"negation","none","no","WSJ"
"WSJ-80","AOTSBJGYMR4N8","expect",-2,"negation","none","no","WSJ"
"WSJ-80","A2KVYRNL2CK95F","expect",-2,"negation","none","no","WSJ"
"WSJ-80","AAJ1ZQECDZBEE","expect",2,"negation","none","no","WSJ"
"WSJ-80","A2C73Y1COWCA51","expect",-2,"negation","none","no","WSJ"
"WSJ-80","A2541C8MY0BYV3","expect",-2,"negation","none","no","WSJ"
"WSJ-80","A1AO1LLP3INAZF","expect",-2,"negation","none","no","WSJ"
"WSJ-80","A1CGUFW3R6M234","expect",-1,"negation","none","no","WSJ"
"WSJ-80","A2G7N0X0PNX0EE","expect",-3,"negation","none","no","WSJ"
"WSJ-80","A3SO3B7PJ4N6UQ","expect",-3,"negation","none","no","WSJ"
"WSJ-80","A2G1AMSSP7PFX7","expect",-2,"negation","none","no","WSJ"
"WSJ-80","A1CTOT46Y4W11J","expect",0,"negation","none","no","WSJ"
"WSJ-81","AVMIXXCHPD291","think",-1,"negation","none","no","WSJ"
"WSJ-81","A3SM6R11R3687Q","think",3,"negation","none","no","WSJ"
"WSJ-81","A2VM2EU6AHX5IC","think",-2,"negation","none","no","WSJ"
"WSJ-81","A2JP9IKRHNLRPI","think",1,"negation","none","no","WSJ"
"WSJ-81","A2541C8MY0BYV3","think",-3,"negation","none","no","WSJ"
"WSJ-81","A183WYXN12P2TJ","think",-2,"negation","none","no","WSJ"
"WSJ-81","ADY44EV3GCW85","think",2,"negation","none","no","WSJ"
"WSJ-81","A1GXPNXDLMT0QB","think",-2,"negation","none","no","WSJ"
"WSJ-81","A3KKXA7COL5JHL","think",-2,"negation","none","no","WSJ"
"WSJ-81","A195WB6MMIHUL7","think",3,"negation","none","no","WSJ"
"WSJ-81","ATZSD4TTNDO5V","think",2,"negation","none","no","WSJ"
"WSJ-81","A14XM04GNE5AAK","think",-1,"negation","none","no","WSJ"
"WSJ-81","A1K75ALN5NQIJM","think",-2,"negation","none","no","WSJ"
"WSJ-81","A1W8FA5GSFY60C","think",-2,"negation","none","no","WSJ"
"WSJ-81","A3N0QZ9ZKUCTCQ","think",-2,"negation","none","no","WSJ"
"WSJ-81","A1GMJZUQ8Q7053","think",-2,"negation","none","no","WSJ"
"WSJ-81","A35ARURSRU6UAZ","think",0,"negation","none","no","WSJ"
"WSJ-83","A349DVO4LIYE1Y","assume",3,"conditional","none","no","WSJ"
"WSJ-83","A2HCX55SX2NP1V","assume",0,"conditional","none","no","WSJ"
"WSJ-83","A166A2M31CW2C7","assume",0,"conditional","none","no","WSJ"
"WSJ-83","AJ9N1D8B96693","assume",-1,"conditional","none","no","WSJ"
"WSJ-83","AU2NVT51E749C","assume",0,"conditional","none","no","WSJ"
"WSJ-83","A1BQCRF5Q76YFY","assume",1,"conditional","none","no","WSJ"
"WSJ-83","A2QX2B50DM45E2","assume",0,"conditional","none","no","WSJ"
"WSJ-83","APXNY64HXO08K","assume",0,"conditional","none","no","WSJ"
"WSJ-83","A17J1CE7N49Z9D","assume",0,"conditional","none","no","WSJ"
"WSJ-83","A1GXPNXDLMT0QB","assume",1,"conditional","none","no","WSJ"
"WSJ-83","A3J0IAI8AJBGKX","assume",3,"conditional","none","no","WSJ"
"WSJ-83","A17CJYH3NI201S","assume",-1,"conditional","none","no","WSJ"
"WSJ-83","A364KJDYEBAWC9","assume",2,"conditional","none","no","WSJ"
"WSJ-83","AVI7K876BV3QL","assume",1,"conditional","none","no","WSJ"
"WSJ-83","A1WDUICI1FG9F","assume",1,"conditional","none","no","WSJ"
"WSJ-84","A1MN2PWAV10VAB","announce",0,"modal","EP","no","WSJ"
"WSJ-84","A2G7N0X0PNX0EE","announce",3,"modal","EP","no","WSJ"
"WSJ-84","A2EOOF9D135HQ1","announce",3,"modal","EP","no","WSJ"
"WSJ-84","A2XFO0X6RCS98M","announce",1,"modal","EP","no","WSJ"
"WSJ-84","A1CTOT46Y4W11J","announce",1,"modal","EP","no","WSJ"
"WSJ-84","A1AO1LLP3INAZF","announce",1,"modal","EP","no","WSJ"
"WSJ-84","AAJ1ZQECDZBEE","announce",2,"modal","EP","no","WSJ"
"WSJ-84","A3SO3B7PJ4N6UQ","announce",3,"modal","EP","no","WSJ"
"WSJ-84","A2KVYRNL2CK95F","announce",0,"modal","EP","no","WSJ"
"WSJ-84","A1CGUFW3R6M234","announce",3,"modal","EP","no","WSJ"
"WSJ-84","A2541C8MY0BYV3","announce",1,"modal","EP","no","WSJ"
"WSJ-84","AOTSBJGYMR4N8","announce",3,"modal","EP","no","WSJ"
"WSJ-84","A14MOF84FC52MB","announce",0,"modal","EP","no","WSJ"
"WSJ-84","A2C73Y1COWCA51","announce",-2,"modal","EP","no","WSJ"
"WSJ-84","A2G1AMSSP7PFX7","announce",1,"modal","EP","no","WSJ"
"WSJ-85","A2541C8MY0BYV3","think",0,"question","none","no","WSJ"
"WSJ-85","A26RO8GGTQAXGG","think",0,"question","none","no","WSJ"
"WSJ-85","AOPG07J95DDJT","think",2,"question","none","no","WSJ"
"WSJ-85","ABMPX2Y2IRBMG","think",0,"question","none","no","WSJ"
"WSJ-85","A17J1CE7N49Z9D","think",0,"question","none","no","WSJ"
"WSJ-85","A3JODCUHJMCSA2","think",0,"question","none","no","WSJ"
"WSJ-85","A1HUUSCZ4I5SOP","think",0,"question","none","no","WSJ"
"WSJ-85","AELOYBHVZFDW9","think",-3,"question","none","no","WSJ"
"WSJ-85","A3F6SDO4GYBE4Y","think",1,"question","none","no","WSJ"
"WSJ-85","A231YJ92L0FV6T","think",0,"question","none","no","WSJ"
"WSJ-85","A18MZ3VFQGX4M1","think",-1,"question","none","no","WSJ"
"WSJ-85","A4ZPIPBDO624H","think",0,"question","none","no","WSJ"
"WSJ-85","AP7BOM5KUH8KV","think",0,"question","none","no","WSJ"
"WSJ-85","A1IFF4KV23FGHJ","think",1,"question","none","no","WSJ"
"WSJ-85","A2U7BMG19Q83GE","think",0,"question","none","no","WSJ"
"WSJ-86","A2A1FS0KVLJ9ZT","believe",-3,"negation","none","no","WSJ"
"WSJ-86","A1YCS8Y1BPXBWY","believe",-1,"negation","none","no","WSJ"
"WSJ-86","A3J2UG22S8BIW4","believe",2,"negation","none","no","WSJ"
"WSJ-86","ACGHHDT7RY1AH","believe",-1,"negation","none","no","WSJ"
"WSJ-86","A207IHY6GERCFO","believe",-2,"negation","none","no","WSJ"
"WSJ-86","A33249GFIAKI1G","believe",1,"negation","none","no","WSJ"
"WSJ-86","A1M1TSMJB12177","believe",0,"negation","none","no","WSJ"
"WSJ-86","A35BY30TC8WCL4","believe",-3,"negation","none","no","WSJ"
"WSJ-86","A17J1CE7N49Z9D","believe",0,"negation","none","no","WSJ"
"WSJ-86","A30YOD6MXIFXNJ","believe",0,"negation","none","no","WSJ"
"WSJ-86","A3770CWO9OHZDN","believe",0,"negation","none","no","WSJ"
"WSJ-86","A3GZYWA9S6J0K9","believe",-1,"negation","none","no","WSJ"
"WSJ-86","A2TCIHHKLL8LQC","believe",1,"negation","none","no","WSJ"
"WSJ-86","A1ZWJF3V4NXN6H","believe",3,"negation","none","no","WSJ"
"WSJ-86","A3GDTSFHVBUJHD","believe",-2,"negation","none","no","WSJ"
"WSJ-86","A1GXPNXDLMT0QB","believe",-2,"negation","none","no","WSJ"
"WSJ-87","A3J2UG22S8BIW4","feel",-2,"negation","none","no","WSJ"
"WSJ-87","A33249GFIAKI1G","feel",2,"negation","none","no","WSJ"
"WSJ-87","ACGHHDT7RY1AH","feel",-2,"negation","none","no","WSJ"
"WSJ-87","A17J1CE7N49Z9D","feel",-2,"negation","none","no","WSJ"
"WSJ-87","A3GDTSFHVBUJHD","feel",-3,"negation","none","no","WSJ"
"WSJ-87","A3GZYWA9S6J0K9","feel",-3,"negation","none","no","WSJ"
"WSJ-87","A35BY30TC8WCL4","feel",-3,"negation","none","no","WSJ"
"WSJ-87","A1YCS8Y1BPXBWY","feel",2,"negation","none","no","WSJ"
"WSJ-87","A30YOD6MXIFXNJ","feel",-2,"negation","none","no","WSJ"
"WSJ-87","A1ZWJF3V4NXN6H","feel",-3,"negation","none","no","WSJ"
"WSJ-87","A1GXPNXDLMT0QB","feel",-3,"negation","none","no","WSJ"
"WSJ-87","A207IHY6GERCFO","feel",-2,"negation","none","no","WSJ"
"WSJ-87","A3770CWO9OHZDN","feel",-3,"negation","none","no","WSJ"
"WSJ-87","A1M1TSMJB12177","feel",3,"negation","none","no","WSJ"
"WSJ-87","A2A1FS0KVLJ9ZT","feel",3,"negation","none","no","WSJ"
"WSJ-87","A2TCIHHKLL8LQC","feel",-3,"negation","none","no","WSJ"
"WSJ-88","ADY44EV3GCW85","think",0,"negation","none","no","WSJ"
"WSJ-88","A14XM04GNE5AAK","think",-2,"negation","none","no","WSJ"
"WSJ-88","A1W8FA5GSFY60C","think",0,"negation","none","no","WSJ"
"WSJ-88","A2541C8MY0BYV3","think",-2,"negation","none","no","WSJ"
"WSJ-88","A1GMJZUQ8Q7053","think",-1,"negation","none","no","WSJ"
"WSJ-88","AVMIXXCHPD291","think",-1,"negation","none","no","WSJ"
"WSJ-88","A195WB6MMIHUL7","think",3,"negation","none","no","WSJ"
"WSJ-88","A3N0QZ9ZKUCTCQ","think",-1,"negation","none","no","WSJ"
"WSJ-88","A35ARURSRU6UAZ","think",0,"negation","none","no","WSJ"
"WSJ-88","A183WYXN12P2TJ","think",-2,"negation","none","no","WSJ"
"WSJ-88","A1K75ALN5NQIJM","think",0,"negation","none","no","WSJ"
"WSJ-88","A2JP9IKRHNLRPI","think",0,"negation","none","no","WSJ"
"WSJ-88","A3SM6R11R3687Q","think",-2,"negation","none","no","WSJ"
"WSJ-88","A1GXPNXDLMT0QB","think",-1,"negation","none","no","WSJ"
"WSJ-88","ATZSD4TTNDO5V","think",-1,"negation","none","no","WSJ"
"WSJ-88","A3KKXA7COL5JHL","think",0,"negation","none","no","WSJ"
"WSJ-88","A2VM2EU6AHX5IC","think",-2,"negation","none","no","WSJ"
"WSJ-9","A2HM35CWB7IIFM","prove",0,"modal","AB","no","WSJ"
"WSJ-9","A110KENBXU7SUJ","prove",1,"modal","AB","no","WSJ"
"WSJ-9","A2W1C5PDHUF25O","prove",0,"modal","AB","no","WSJ"
"WSJ-9","A1VSHM4NLZ705D","prove",0,"modal","AB","no","WSJ"
"WSJ-9","A3TK9CLBA65ZZE","prove",1,"modal","AB","no","WSJ"
"WSJ-9","AR6TFJJ2Q8R2V","prove",2,"modal","AB","no","WSJ"
"WSJ-9","A2541C8MY0BYV3","prove",0,"modal","AB","no","WSJ"
"WSJ-9","A34SUZWGLXIWM8","prove",0,"modal","AB","no","WSJ"
"WSJ-9","A2C73Y1COWCA51","prove",0,"modal","AB","no","WSJ"
"WSJ-9","A17J1CE7N49Z9D","prove",0,"modal","AB","no","WSJ"
"WSJ-9","A207149DHAS89K","prove",2,"modal","AB","no","WSJ"
"WSJ-9","A1GXPNXDLMT0QB","prove",0,"modal","AB","no","WSJ"
"WSJ-9","A1E4K9G6ZKPKX4","prove",-1,"modal","AB","no","WSJ"
"WSJ-9","A2YJQUHFIXNOY0","prove",2,"modal","AB","no","WSJ"
"WSJ-9","A26T6O5EFR54A9","prove",0,"modal","AB","no","WSJ"
"WSJ-9","A2R40R4O6G0YBY","prove",0,"modal","AB","no","WSJ"
"WSJ-9","A36SM7QM8OK3H6","prove",2,"modal","AB","no","WSJ"
"WSJ-9","A3S1TLYMH9WWUG","prove",0,"modal","AB","no","WSJ"
"WSJ-90","A17J1CE7N49Z9D","fear",0,"modal","none","no","WSJ"
"WSJ-90","A33249GFIAKI1G","fear",1,"modal","none","no","WSJ"
"WSJ-90","A3J2UG22S8BIW4","fear",1,"modal","none","no","WSJ"
"WSJ-90","A30YOD6MXIFXNJ","fear",0,"modal","none","no","WSJ"
"WSJ-90","ACGHHDT7RY1AH","fear",-2,"modal","none","no","WSJ"
"WSJ-90","A2A1FS0KVLJ9ZT","fear",3,"modal","none","no","WSJ"
"WSJ-90","A3GZYWA9S6J0K9","fear",1,"modal","none","no","WSJ"
"WSJ-90","A207IHY6GERCFO","fear",-1,"modal","none","no","WSJ"
"WSJ-90","A1M1TSMJB12177","fear",0,"modal","none","no","WSJ"
"WSJ-90","A3GDTSFHVBUJHD","fear",1,"modal","none","no","WSJ"
"WSJ-90","A1GXPNXDLMT0QB","fear",2,"modal","none","no","WSJ"
"WSJ-90","A1ZWJF3V4NXN6H","fear",0,"modal","none","no","WSJ"
"WSJ-90","A35BY30TC8WCL4","fear",1,"modal","none","no","WSJ"
"WSJ-90","A2TCIHHKLL8LQC","fear",0,"modal","none","no","WSJ"
"WSJ-90","A1YCS8Y1BPXBWY","fear",0,"modal","none","no","WSJ"
"WSJ-90","A3770CWO9OHZDN","fear",0,"modal","none","no","WSJ"
"WSJ-91","A1YCS8Y1BPXBWY","understand",2,"negation","none","yes","WSJ"
"WSJ-91","A3770CWO9OHZDN","understand",3,"negation","none","yes","WSJ"
"WSJ-91","A1ZWJF3V4NXN6H","understand",-2,"negation","none","yes","WSJ"
"WSJ-91","ACGHHDT7RY1AH","understand",3,"negation","none","yes","WSJ"
"WSJ-91","A33249GFIAKI1G","understand",2,"negation","none","yes","WSJ"
"WSJ-91","A3J2UG22S8BIW4","understand",3,"negation","none","yes","WSJ"
"WSJ-91","A2A1FS0KVLJ9ZT","understand",-2,"negation","none","yes","WSJ"
"WSJ-91","A207IHY6GERCFO","understand",1,"negation","none","yes","WSJ"
"WSJ-91","A1M1TSMJB12177","understand",3,"negation","none","yes","WSJ"
"WSJ-91","A17J1CE7N49Z9D","understand",-1,"negation","none","yes","WSJ"
"WSJ-91","A1GXPNXDLMT0QB","understand",3,"negation","none","yes","WSJ"
"WSJ-91","A35BY30TC8WCL4","understand",2,"negation","none","yes","WSJ"
"WSJ-91","A3GZYWA9S6J0K9","understand",-2,"negation","none","yes","WSJ"
"WSJ-91","A2TCIHHKLL8LQC","understand",0,"negation","none","yes","WSJ"
"WSJ-91","A30YOD6MXIFXNJ","understand",3,"negation","none","yes","WSJ"
"WSJ-91","A3GDTSFHVBUJHD","understand",2,"negation","none","yes","WSJ"
"WSJ-92","A29VL3MZE7YPBZ","think",-2,"negation","none","no","WSJ"
"WSJ-92","A10DCC73F2CKHC","think",3,"negation","none","no","WSJ"
"WSJ-92","A1MV41OTGYW0AH","think",-2,"negation","none","no","WSJ"
"WSJ-92","A3BL2ZEODD79AZ","think",-3,"negation","none","no","WSJ"
"WSJ-92","A1GYO6CJMVA9ZA","think",-2,"negation","none","no","WSJ"
"WSJ-92","A239EUWY6SNDEZ","think",-3,"negation","none","no","WSJ"
"WSJ-92","A2CF2BD4Q0ZDJN","think",-3,"negation","none","no","WSJ"
"WSJ-92","A2DJTY0LALVNVB","think",-2,"negation","none","no","WSJ"
"WSJ-92","A34DWBBWZRLO1X","think",-2,"negation","none","no","WSJ"
"WSJ-92","AU3D48D52RP2T","think",2,"negation","none","no","WSJ"
"WSJ-92","ASTR3EPUOKEXV","think",-2,"negation","none","no","WSJ"
"WSJ-92","A1WH32GYQOHIRQ","think",-3,"negation","none","no","WSJ"
"WSJ-92","AKSJ3C5O3V9RB","think",-2,"negation","none","no","WSJ"
"WSJ-92","ANVAFB99K5RKP","think",-3,"negation","none","no","WSJ"
"WSJ-92","A35FHY70T3PL8I","think",-3,"negation","none","no","WSJ"
"WSJ-93","A3GDTSFHVBUJHD","know",3,"negation","none","yes","WSJ"
"WSJ-93","ACGHHDT7RY1AH","know",3,"negation","none","yes","WSJ"
"WSJ-93","A33249GFIAKI1G","know",-2,"negation","none","yes","WSJ"
"WSJ-93","A1M1TSMJB12177","know",3,"negation","none","yes","WSJ"
"WSJ-93","A3J2UG22S8BIW4","know",3,"negation","none","yes","WSJ"
"WSJ-93","A30YOD6MXIFXNJ","know",3,"negation","none","yes","WSJ"
"WSJ-93","A35BY30TC8WCL4","know",3,"negation","none","yes","WSJ"
"WSJ-93","A2A1FS0KVLJ9ZT","know",1,"negation","none","yes","WSJ"
"WSJ-93","A207IHY6GERCFO","know",2,"negation","none","yes","WSJ"
"WSJ-93","A3GZYWA9S6J0K9","know",1,"negation","none","yes","WSJ"
"WSJ-93","A1YCS8Y1BPXBWY","know",1,"negation","none","yes","WSJ"
"WSJ-93","A3770CWO9OHZDN","know",0,"negation","none","yes","WSJ"
"WSJ-93","A1GXPNXDLMT0QB","know",3,"negation","none","yes","WSJ"
"WSJ-93","A2TCIHHKLL8LQC","know",1,"negation","none","yes","WSJ"
"WSJ-93","A1ZWJF3V4NXN6H","know",3,"negation","none","yes","WSJ"
"WSJ-93","A17J1CE7N49Z9D","know",1,"negation","none","yes","WSJ"
"WSJ-95","ADY44EV3GCW85","feel",-2,"negation","none","no","WSJ"
"WSJ-95","A35ARURSRU6UAZ","feel",3,"negation","none","no","WSJ"
"WSJ-95","ATZSD4TTNDO5V","feel",-3,"negation","none","no","WSJ"
"WSJ-95","A195WB6MMIHUL7","feel",-3,"negation","none","no","WSJ"
"WSJ-95","A1W8FA5GSFY60C","feel",-2,"negation","none","no","WSJ"
"WSJ-95","A2541C8MY0BYV3","feel",-3,"negation","none","no","WSJ"
"WSJ-95","A1GXPNXDLMT0QB","feel",-3,"negation","none","no","WSJ"
"WSJ-95","A2JP9IKRHNLRPI","feel",2,"negation","none","no","WSJ"
"WSJ-95","A3N0QZ9ZKUCTCQ","feel",-3,"negation","none","no","WSJ"
"WSJ-95","A3KKXA7COL5JHL","feel",-1,"negation","none","no","WSJ"
"WSJ-95","A14XM04GNE5AAK","feel",3,"negation","none","no","WSJ"
"WSJ-95","A1K75ALN5NQIJM","feel",-3,"negation","none","no","WSJ"
"WSJ-95","AVMIXXCHPD291","feel",0,"negation","none","no","WSJ"
"WSJ-95","A183WYXN12P2TJ","feel",3,"negation","none","no","WSJ"
"WSJ-95","A1GMJZUQ8Q7053","feel",-2,"negation","none","no","WSJ"
"WSJ-95","A3SM6R11R3687Q","feel",0,"negation","none","no","WSJ"
"WSJ-95","A2VM2EU6AHX5IC","feel",-3,"negation","none","no","WSJ"
"WSJ-96","A1M1TSMJB12177","mean",2,"negation","none","no","WSJ"
"WSJ-96","A1GXPNXDLMT0QB","mean",-2,"negation","none","no","WSJ"
"WSJ-96","A2A1FS0KVLJ9ZT","mean",3,"negation","none","no","WSJ"
"WSJ-96","A3GDTSFHVBUJHD","mean",0,"negation","none","no","WSJ"
"WSJ-96","A35BY30TC8WCL4","mean",2,"negation","none","no","WSJ"
"WSJ-96","A17J1CE7N49Z9D","mean",1,"negation","none","no","WSJ"
"WSJ-96","A1ZWJF3V4NXN6H","mean",2,"negation","none","no","WSJ"
"WSJ-96","A3770CWO9OHZDN","mean",-2,"negation","none","no","WSJ"
"WSJ-96","A3GZYWA9S6J0K9","mean",2,"negation","none","no","WSJ"
"WSJ-96","A33249GFIAKI1G","mean",1,"negation","none","no","WSJ"
"WSJ-96","A2TCIHHKLL8LQC","mean",-1,"negation","none","no","WSJ"
"WSJ-96","A30YOD6MXIFXNJ","mean",0,"negation","none","no","WSJ"
"WSJ-96","A207IHY6GERCFO","mean",-2,"negation","none","no","WSJ"
"WSJ-96","A3J2UG22S8BIW4","mean",-3,"negation","none","no","WSJ"
"WSJ-96","A1YCS8Y1BPXBWY","mean",2,"negation","none","no","WSJ"
"WSJ-96","ACGHHDT7RY1AH","mean",-3,"negation","none","no","WSJ"
"WSJ-97","A3SM6R11R3687Q","expect",1,"modal","AB","no","WSJ"
"WSJ-97","ADY44EV3GCW85","expect",3,"modal","AB","no","WSJ"
"WSJ-97","A195WB6MMIHUL7","expect",-3,"modal","AB","no","WSJ"
"WSJ-97","A3KKXA7COL5JHL","expect",3,"modal","AB","no","WSJ"
"WSJ-97","A35ARURSRU6UAZ","expect",3,"modal","AB","no","WSJ"
"WSJ-97","ATZSD4TTNDO5V","expect",3,"modal","AB","no","WSJ"
"WSJ-97","A1K75ALN5NQIJM","expect",2,"modal","AB","no","WSJ"
"WSJ-97","A14XM04GNE5AAK","expect",2,"modal","AB","no","WSJ"
"WSJ-97","A1GMJZUQ8Q7053","expect",1,"modal","AB","no","WSJ"
"WSJ-97","A2VM2EU6AHX5IC","expect",2,"modal","AB","no","WSJ"
"WSJ-97","A2JP9IKRHNLRPI","expect",2,"modal","AB","no","WSJ"
"WSJ-97","A1W8FA5GSFY60C","expect",3,"modal","AB","no","WSJ"
"WSJ-97","A1GXPNXDLMT0QB","expect",2,"modal","AB","no","WSJ"
"WSJ-97","A3N0QZ9ZKUCTCQ","expect",2,"modal","AB","no","WSJ"
"WSJ-97","AVMIXXCHPD291","expect",3,"modal","AB","no","WSJ"
"WSJ-97","A183WYXN12P2TJ","expect",3,"modal","AB","no","WSJ"
"WSJ-97","A2541C8MY0BYV3","expect",3,"modal","AB","no","WSJ"
"WSJ-98","ANVAFB99K5RKP","believe",-1,"negation","none","no","WSJ"
"WSJ-98","A1MV41OTGYW0AH","believe",-3,"negation","none","no","WSJ"
"WSJ-98","A239EUWY6SNDEZ","believe",-3,"negation","none","no","WSJ"
"WSJ-98","A1GYO6CJMVA9ZA","believe",-1,"negation","none","no","WSJ"
"WSJ-98","A1WH32GYQOHIRQ","believe",-2,"negation","none","no","WSJ"
"WSJ-98","A2DJTY0LALVNVB","believe",1,"negation","none","no","WSJ"
"WSJ-98","A10DCC73F2CKHC","believe",-3,"negation","none","no","WSJ"
"WSJ-98","ASTR3EPUOKEXV","believe",-3,"negation","none","no","WSJ"
"WSJ-98","A35FHY70T3PL8I","believe",-3,"negation","none","no","WSJ"
"WSJ-98","A3BL2ZEODD79AZ","believe",-3,"negation","none","no","WSJ"
"WSJ-98","AKSJ3C5O3V9RB","believe",2,"negation","none","no","WSJ"
"WSJ-98","A2CF2BD4Q0ZDJN","believe",-2,"negation","none","no","WSJ"
"WSJ-98","A34DWBBWZRLO1X","believe",-3,"negation","none","no","WSJ"
"WSJ-98","A29VL3MZE7YPBZ","believe",-3,"negation","none","no","WSJ"
"WSJ-98","AU3D48D52RP2T","believe",1,"negation","none","no","WSJ"
"WSJ-99","ANVAFB99K5RKP","think",-1,"negation","none","no","WSJ"
"WSJ-99","A1MV41OTGYW0AH","think",2,"negation","none","no","WSJ"
"WSJ-99","A35FHY70T3PL8I","think",-2,"negation","none","no","WSJ"
"WSJ-99","A10DCC73F2CKHC","think",3,"negation","none","no","WSJ"
"WSJ-99","A2CF2BD4Q0ZDJN","think",2,"negation","none","no","WSJ"
"WSJ-99","AU3D48D52RP2T","think",-1,"negation","none","no","WSJ"
"WSJ-99","A3BL2ZEODD79AZ","think",1,"negation","none","no","WSJ"
"WSJ-99","A1WH32GYQOHIRQ","think",0,"negation","none","no","WSJ"
"WSJ-99","A29VL3MZE7YPBZ","think",3,"negation","none","no","WSJ"
"WSJ-99","ASTR3EPUOKEXV","think",-3,"negation","none","no","WSJ"
"WSJ-99","A1GYO6CJMVA9ZA","think",1,"negation","none","no","WSJ"
"WSJ-99","A239EUWY6SNDEZ","think",-3,"negation","none","no","WSJ"
"WSJ-99","AKSJ3C5O3V9RB","think",2,"negation","none","no","WSJ"
"WSJ-99","A2DJTY0LALVNVB","think",1,"negation","none","no","WSJ"
"WSJ-99","A34DWBBWZRLO1X","think",2,"negation","none","no","WSJ"
