"participant_id","list_number","verb","verb_type","sentence_pair_id","sentence_1","sentence_2","same_sense","dissimilarity","response_time_ms"
"2a58a2ce-0b77-477e-87a7-d98fe3d6cd9a",5,"shoot","manner","pair001","The director shot the scene.","The athlete shot the ball.",0,87,14933
"2a58a2ce-0b77-477e-87a7-d98fe3d6cd9a",5,"shoot","manner","pair002","The hunter shot the deer.","The technician shot the fireworks.",0,67,3141
"2a58a2ce-0b77-477e-87a7-d98fe3d6cd9a",5,"kill","result","pair003","The business killed the competition.","The mistake killed the proposal.",0,42,5238
"2a58a2ce-0b77-477e-87a7-d98fe3d6cd9a",5,"pull","manner","pair004","The business pulled the service.","The climber pulled the rope.",0,95,8792
"2a58a2ce-0b77-477e-87a7-d98fe3d6cd9a",5,"clear","result","pair005","The horse cleared the jump.","The worker cleared the rubble.",0,74,4406
"2a58a2ce-0b77-477e-87a7-d98fe3d6cd9a",5,"fold","result","pair006","The manager folded the project.","The chef folded the eggs.",0,85,3546
"2a58a2ce-0b77-477e-87a7-d98fe3d6cd9a",5,"bump","manner","pair007","The dean bumped the meeting.","The gardener bumped the statue.",1,96,5727
"2a58a2ce-0b77-477e-87a7-d98fe3d6cd9a",5,"fill","result","pair008","The donations filled the need.","The farmer filled the bucket.",0,62,4114
"2a58a2ce-0b77-477e-87a7-d98fe3d6cd9a",5,"hit","manner","pair009","The traveler hit the delay.","The hurricane hit the coastline.",1,91,3397
"2a58a2ce-0b77-477e-87a7-d98fe3d6cd9a",5,"hit","manner","pair010","The solution hit the inventor.","The idea hit the researcher.",1,11,6334
"2a58a2ce-0b77-477e-87a7-d98fe3d6cd9a",5,"clear","result","pair011","The waiter cleared the table.","The worker cleared the rubble.",1,32,6548
"2a58a2ce-0b77-477e-87a7-d98fe3d6cd9a",5,"break","result","pair012","The president broke the promise.","The company broke the law.",1,26,3291
"2a58a2ce-0b77-477e-87a7-d98fe3d6cd9a",5,"close","result","pair013","The lawyer closed the case.","The author closed the chapter.",0,58,4437
"2a58a2ce-0b77-477e-87a7-d98fe3d6cd9a",5,"pull","manner","pair014","The advertisement pulled the customers.","The worker pulled the lever.",0,91,3330
"2a58a2ce-0b77-477e-87a7-d98fe3d6cd9a",5,"kill","result","pair015","The couple killed the evening.","The joke killed the evening.",0,2,5666
"2a58a2ce-0b77-477e-87a7-d98fe3d6cd9a",5,"open","result","pair016","The chairperson opened the meeting.","The farmer opened the gate.",0,89,4818
"2a58a2ce-0b77-477e-87a7-d98fe3d6cd9a",5,"fold","result","pair017","The baker folded the flour.","The chef folded the eggs.",1,15,3281
"2a58a2ce-0b77-477e-87a7-d98fe3d6cd9a",5,"push","manner","pair018","The politician pushed the policy.","The shopper pushed the cart.",0,87,2819
"2a58a2ce-0b77-477e-87a7-d98fe3d6cd9a",5,"push","manner","pair019","The pilot pushed the button.","The shopper pushed the cart.",1,45,4533
"2a58a2ce-0b77-477e-87a7-d98fe3d6cd9a",5,"break","result","pair020","The doctor broke the news.","The burglar broke the window.",0,87,2564
"2a58a2ce-0b77-477e-87a7-d98fe3d6cd9a",5,"hit","manner","pair021","The investor hit the goal.","The batter hit the ball.",0,80,3096
"2a58a2ce-0b77-477e-87a7-d98fe3d6cd9a",5,"kill","result","pair022","The mistake killed the proposal.","The cat killed the mouse.",1,78,3059
"2a58a2ce-0b77-477e-87a7-d98fe3d6cd9a",5,"cover","result","pair023","The channel covered the story.","The snow covered the footprints.",0,84,3582
"0d923704-ec20-4d76-b445-f73442e5c927",9,"smear","manner","pair024","The baker smeared the frosting.","The artist smeared the paint.",1,16,2688
"0d923704-ec20-4d76-b445-f73442e5c927",9,"fill","result","pair025","The secretary filled the schedule.","The waiter filled the glass.",1,65,39947
"0d923704-ec20-4d76-b445-f73442e5c927",9,"clear","result","pair026","The horse cleared the jump.","The hiker cleared the obstacle.",1,11,3242
"0d923704-ec20-4d76-b445-f73442e5c927",9,"open","result","pair027","The consultant opened the discussion.","The chairperson opened the meeting.",1,0,4583
"0d923704-ec20-4d76-b445-f73442e5c927",9,"bump","manner","pair028","The gardener bumped the statue.","The ball bumped the couch.",0,13,3338
"0d923704-ec20-4d76-b445-f73442e5c927",9,"hit","manner","pair029","The hurricane hit the coastline.","The solution hit the inventor.",0,92,3373
"0d923704-ec20-4d76-b445-f73442e5c927",9,"fill","result","pair030","The love filled the void.","The farmer filled the bucket.",0,96,3027
"0d923704-ec20-4d76-b445-f73442e5c927",9,"break","result","pair031","The company broke the law.","The journalist broke the story.",0,100,2460
"0d923704-ec20-4d76-b445-f73442e5c927",9,"cover","result","pair032","The snow covered the footprints.","The insurance covered the damage.",0,91,3456
"0d923704-ec20-4d76-b445-f73442e5c927",9,"bump","manner","pair033","The teacher bumped the deadline.","The gardener bumped the statue.",1,94,3658
"0d923704-ec20-4d76-b445-f73442e5c927",9,"clear","result","pair034","The bookkeeper cleared the payment.","The waiter cleared the table.",0,94,2364
"0d923704-ec20-4d76-b445-f73442e5c927",9,"hit","manner","pair035","The investor hit the goal.","The hurricane hit the coastline.",1,98,7322
"0d923704-ec20-4d76-b445-f73442e5c927",9,"close","result","pair036","The author closed the chapter.","The chauffeur closed the door.",1,96,4278
"0d923704-ec20-4d76-b445-f73442e5c927",9,"close","result","pair037","The executive closed the deal.","The author closed the chapter.",0,97,2821
"0d923704-ec20-4d76-b445-f73442e5c927",9,"kill","result","pair038","The couple killed the evening.","The traveler killed the afternoon.",1,0,3421
"0d923704-ec20-4d76-b445-f73442e5c927",9,"kill","result","pair039","The traveler killed the afternoon.","The joke killed the evening.",0,41,3811
"0d923704-ec20-4d76-b445-f73442e5c927",9,"pull","manner","pair040","The scandal pulled the reporters.","The advertisement pulled the customers.",1,84,9018
"0d923704-ec20-4d76-b445-f73442e5c927",9,"kill","result","pair041","The team killed the rivals.","The criminal killed the victim.",0,100,2778
"0d923704-ec20-4d76-b445-f73442e5c927",9,"fold","result","pair042","The cleaner folded the clothes.","The baker folded the flour.",0,16,2893
"0d923704-ec20-4d76-b445-f73442e5c927",9,"fold","result","pair043","The manager folded the project.","The founder folded the company.",1,35,3533
"0d923704-ec20-4d76-b445-f73442e5c927",9,"push","manner","pair044","The artwork pushed the boundaries.","The pilot pushed the button.",0,98,2571
"0d923704-ec20-4d76-b445-f73442e5c927",9,"cover","result","pair045","The writer covered the election.","The snow covered the footprints.",0,98,2960
"0d923704-ec20-4d76-b445-f73442e5c927",9,"push","manner","pair046","The politician pushed the policy.","The company pushed the product.",1,0,3540
"0d923704-ec20-4d76-b445-f73442e5c927",9,"shoot","manner","pair047","The robber shot the victim.","The hunter shot the deer.",1,0,2236
"5e23dbf7-8765-49a2-9e97-a464ee2f0c10",5,"fill","result","pair008","The donations filled the need.","The farmer filled the bucket.",0,95,7469
"5e23dbf7-8765-49a2-9e97-a464ee2f0c10",5,"clear","result","pair005","The horse cleared the jump.","The worker cleared the rubble.",0,100,3931
"5e23dbf7-8765-49a2-9e97-a464ee2f0c10",5,"break","result","pair012","The president broke the promise.","The company broke the law.",1,56,5949
"5e23dbf7-8765-49a2-9e97-a464ee2f0c10",5,"kill","result","pair003","The business killed the competition.","The mistake killed the proposal.",0,93,8085
"5e23dbf7-8765-49a2-9e97-a464ee2f0c10",5,"pull","manner","pair004","The business pulled the service.","The climber pulled the rope.",0,100,6957
"5e23dbf7-8765-49a2-9e97-a464ee2f0c10",5,"hit","manner","pair010","The solution hit the inventor.","The idea hit the researcher.",1,4,6061
"5e23dbf7-8765-49a2-9e97-a464ee2f0c10",5,"fold","result","pair006","The manager folded the project.","The chef folded the eggs.",0,100,3743
"5e23dbf7-8765-49a2-9e97-a464ee2f0c10",5,"bump","manner","pair007","The dean bumped the meeting.","The gardener bumped the statue.",1,100,3373
"5e23dbf7-8765-49a2-9e97-a464ee2f0c10",5,"close","result","pair013","The lawyer closed the case.","The author closed the chapter.",0,19,5267
"5e23dbf7-8765-49a2-9e97-a464ee2f0c10",5,"shoot","manner","pair002","The hunter shot the deer.","The technician shot the fireworks.",0,95,5265
"5e23dbf7-8765-49a2-9e97-a464ee2f0c10",5,"kill","result","pair022","The mistake killed the proposal.","The cat killed the mouse.",1,91,5081
"5e23dbf7-8765-49a2-9e97-a464ee2f0c10",5,"cover","result","pair023","The channel covered the story.","The snow covered the footprints.",0,100,5617
"5e23dbf7-8765-49a2-9e97-a464ee2f0c10",5,"hit","manner","pair021","The investor hit the goal.","The batter hit the ball.",0,86,3547
"5e23dbf7-8765-49a2-9e97-a464ee2f0c10",5,"fold","result","pair017","The baker folded the flour.","The chef folded the eggs.",1,4,4979
"5e23dbf7-8765-49a2-9e97-a464ee2f0c10",5,"push","manner","pair019","The pilot pushed the button.","The shopper pushed the cart.",1,31,4168
"5e23dbf7-8765-49a2-9e97-a464ee2f0c10",5,"kill","result","pair015","The couple killed the evening.","The joke killed the evening.",0,73,5734
"5e23dbf7-8765-49a2-9e97-a464ee2f0c10",5,"break","result","pair020","The doctor broke the news.","The burglar broke the window.",0,95,3643
"5e23dbf7-8765-49a2-9e97-a464ee2f0c10",5,"pull","manner","pair014","The advertisement pulled the customers.","The worker pulled the lever.",0,98,4755
"5e23dbf7-8765-49a2-9e97-a464ee2f0c10",5,"clear","result","pair011","The waiter cleared the table.","The worker cleared the rubble.",1,17,3229
"5e23dbf7-8765-49a2-9e97-a464ee2f0c10",5,"push","manner","pair018","The politician pushed the policy.","The shopper pushed the cart.",0,100,4252
"5e23dbf7-8765-49a2-9e97-a464ee2f0c10",5,"open","result","pair016","The chairperson opened the meeting.","The farmer opened the gate.",0,100,3329
"5e23dbf7-8765-49a2-9e97-a464ee2f0c10",5,"shoot","manner","pair001","The director shot the scene.","The athlete shot the ball.",0,91,6937
"5e23dbf7-8765-49a2-9e97-a464ee2f0c10",5,"hit","manner","pair009","The traveler hit the delay.","The hurricane hit the coastline.",1,71,12327
"78b93190-3adc-44bd-a7ee-784b98d1a837",1,"break","result","pair048","The burglar broke the window.","The guest broke the plate.",1,48,12712
"78b93190-3adc-44bd-a7ee-784b98d1a837",1,"kill","result","pair049","The team killed the rivals.","The mistake killed the proposal.",0,92,11799
"78b93190-3adc-44bd-a7ee-784b98d1a837",1,"fold","result","pair050","The founder folded the company.","The chef folded the eggs.",0,100,7151
"78b93190-3adc-44bd-a7ee-784b98d1a837",1,"smear","manner","pair051","The article smeared the celebrity.","The baker smeared the frosting.",0,100,5519
"78b93190-3adc-44bd-a7ee-784b98d1a837",1,"close","result","pair052","The author closed the chapter.","The presenter closed the speech.",1,27,7528
"78b93190-3adc-44bd-a7ee-784b98d1a837",1,"break","result","pair053","The president broke the promise.","The guest broke the plate.",0,100,5271
"78b93190-3adc-44bd-a7ee-784b98d1a837",1,"hit","manner","pair054","The arrow hit the target.","The child hit the pillow.",0,18,12087
"78b93190-3adc-44bd-a7ee-784b98d1a837",1,"clear","result","pair055","The hiker cleared the obstacle.","The worker cleared the rubble.",0,55,15039
"78b93190-3adc-44bd-a7ee-784b98d1a837",1,"hit","manner","pair056","The idea hit the researcher.","The batter hit the ball.",1,86,5392
"78b93190-3adc-44bd-a7ee-784b98d1a837",1,"kill","result","pair057","The traveler killed the afternoon.","The team killed the rivals.",0,87,9783
"78b93190-3adc-44bd-a7ee-784b98d1a837",1,"bump","manner","pair058","The teacher bumped the deadline.","The dean bumped the meeting.",1,1,6736
"78b93190-3adc-44bd-a7ee-784b98d1a837",1,"push","manner","pair059","The company pushed the product.","The shopper pushed the cart.",0,67,8375
"78b93190-3adc-44bd-a7ee-784b98d1a837",1,"hit","manner","pair060","The traveler hit the delay.","The batter hit the ball.",0,86,6664
"78b93190-3adc-44bd-a7ee-784b98d1a837",1,"pull","manner","pair061","The regulators pulled the product.","The climber pulled the rope.",0,98,9959
"78b93190-3adc-44bd-a7ee-784b98d1a837",1,"fill","result","pair062","The festival filled the weekend.","The waiter filled the glass.",1,22,12335
"78b93190-3adc-44bd-a7ee-784b98d1a837",1,"shoot","manner","pair063","The photographer shot the wedding.","The athlete shot the ball.",0,95,6703
"78b93190-3adc-44bd-a7ee-784b98d1a837",1,"bump","manner","pair064","The waiter bumped the table.","The ball bumped the couch.",0,9,6055
"78b93190-3adc-44bd-a7ee-784b98d1a837",1,"cover","result","pair065","The snow covered the footprints.","The nurse covered the wound.",1,18,6751
"78b93190-3adc-44bd-a7ee-784b98d1a837",1,"fill","result","pair066","The love filled the void.","The festival filled the weekend.",0,32,6383
"0cfc06e4-6f5f-4fb5-9109-aa465494c136",13,"push","manner","pair067","The company pushed the product.","The athlete pushed the limit.",0,92,4243
"0cfc06e4-6f5f-4fb5-9109-aa465494c136",13,"smear","manner","pair068","The journalist smeared the business.","The baker smeared the frosting.",0,94,4797
"0cfc06e4-6f5f-4fb5-9109-aa465494c136",13,"break","result","pair069","The president broke the promise.","The journalist broke the story.",0,73,5907
"0cfc06e4-6f5f-4fb5-9109-aa465494c136",13,"clear","result","pair070","The hiker cleared the obstacle.","The officer cleared the request.",0,64,8083
"0cfc06e4-6f5f-4fb5-9109-aa465494c136",13,"kill","result","pair071","The joke killed the evening.","The cat killed the mouse.",1,100,4563
"0cfc06e4-6f5f-4fb5-9109-aa465494c136",13,"fold","result","pair072","The founder folded the company.","The child folded the paper.",0,86,5463
"0cfc06e4-6f5f-4fb5-9109-aa465494c136",13,"hit","manner","pair073","The arrow hit the target.","The solution hit the inventor.",0,95,5392
"0cfc06e4-6f5f-4fb5-9109-aa465494c136",13,"hit","manner","pair074","The traveler hit the delay.","The idea hit the researcher.",0,87,7140
"0cfc06e4-6f5f-4fb5-9109-aa465494c136",13,"close","result","pair075","The lawyer closed the case.","The baker closed the oven.",0,56,7493
"0cfc06e4-6f5f-4fb5-9109-aa465494c136",13,"hit","manner","pair076","The solution hit the inventor.","The batter hit the ball.",1,92,7537
"0cfc06e4-6f5f-4fb5-9109-aa465494c136",13,"kill","result","pair077","The business killed the competition.","The criminal killed the victim.",0,63,6557
"0cfc06e4-6f5f-4fb5-9109-aa465494c136",13,"cover","result","pair078","The channel covered the story.","The policy covered the accident.",0,38,11103
"0cfc06e4-6f5f-4fb5-9109-aa465494c136",13,"bump","manner","pair079","The dean bumped the meeting.","The driver bumped the curb.",0,91,27525
"0cfc06e4-6f5f-4fb5-9109-aa465494c136",13,"shoot","manner","pair080","The photographer shot the wedding.","The robber shot the victim.",0,100,39843
"0cfc06e4-6f5f-4fb5-9109-aa465494c136",13,"kill","result","pair081","The couple killed the evening.","The cat killed the mouse.",0,100,4143
"0cfc06e4-6f5f-4fb5-9109-aa465494c136",13,"break","result","pair082","The journalist broke the story.","The burglar broke the window.",0,89,3883
"0cfc06e4-6f5f-4fb5-9109-aa465494c136",13,"pull","manner","pair083","The regulators pulled the product.","The scandal pulled the reporters.",0,81,9153
"0cfc06e4-6f5f-4fb5-9109-aa465494c136",13,"fill","result","pair084","The festival filled the weekend.","The secretary filled the schedule.",1,70,6205
"c2935e9c-1719-42ca-8bed-ec3d973bd114",5,"open","result","pair016","The chairperson opened the meeting.","The farmer opened the gate.",0,100,6892
"c2935e9c-1719-42ca-8bed-ec3d973bd114",5,"kill","result","pair003","The business killed the competition.","The mistake killed the proposal.",0,48,8080
"c2935e9c-1719-42ca-8bed-ec3d973bd114",5,"close","result","pair013","The lawyer closed the case.","The author closed the chapter.",0,100,4714
"c2935e9c-1719-42ca-8bed-ec3d973bd114",5,"cover","result","pair023","The channel covered the story.","The snow covered the footprints.",0,100,14982
"c2935e9c-1719-42ca-8bed-ec3d973bd114",5,"kill","result","pair015","The couple killed the evening.","The joke killed the evening.",0,52,8575
"c2935e9c-1719-42ca-8bed-ec3d973bd114",5,"break","result","pair012","The president broke the promise.","The company broke the law.",1,84,5916
"c2935e9c-1719-42ca-8bed-ec3d973bd114",5,"push","manner","pair018","The politician pushed the policy.","The shopper pushed the cart.",0,100,4174
"c2935e9c-1719-42ca-8bed-ec3d973bd114",5,"pull","manner","pair004","The business pulled the service.","The climber pulled the rope.",0,100,8832
"c2935e9c-1719-42ca-8bed-ec3d973bd114",5,"push","manner","pair019","The pilot pushed the button.","The shopper pushed the cart.",1,100,4180
"c2935e9c-1719-42ca-8bed-ec3d973bd114",5,"clear","result","pair011","The waiter cleared the table.","The worker cleared the rubble.",1,67,6900
"c2935e9c-1719-42ca-8bed-ec3d973bd114",5,"clear","result","pair005","The horse cleared the jump.","The worker cleared the rubble.",0,100,6305
"c2935e9c-1719-42ca-8bed-ec3d973bd114",5,"hit","manner","pair009","The traveler hit the delay.","The hurricane hit the coastline.",1,90,6332
"c2935e9c-1719-42ca-8bed-ec3d973bd114",5,"fill","result","pair008","The donations filled the need.","The farmer filled the bucket.",0,100,6880
"c2935e9c-1719-42ca-8bed-ec3d973bd114",5,"hit","manner","pair021","The investor hit the goal.","The batter hit the ball.",0,28,8657
"c2935e9c-1719-42ca-8bed-ec3d973bd114",5,"shoot","manner","pair001","The director shot the scene.","The athlete shot the ball.",0,100,4774
"c2935e9c-1719-42ca-8bed-ec3d973bd114",5,"shoot","manner","pair002","The hunter shot the deer.","The technician shot the fireworks.",0,100,11769
"c2935e9c-1719-42ca-8bed-ec3d973bd114",5,"fold","result","pair017","The baker folded the flour.","The chef folded the eggs.",1,52,5122
"c2935e9c-1719-42ca-8bed-ec3d973bd114",5,"bump","manner","pair007","The dean bumped the meeting.","The gardener bumped the statue.",1,100,5650
"c2935e9c-1719-42ca-8bed-ec3d973bd114",5,"break","result","pair020","The doctor broke the news.","The burglar broke the window.",0,100,5225
"c2935e9c-1719-42ca-8bed-ec3d973bd114",5,"hit","manner","pair010","The solution hit the inventor.","The idea hit the researcher.",1,8,9065
"c2935e9c-1719-42ca-8bed-ec3d973bd114",5,"pull","manner","pair014","The advertisement pulled the customers.","The worker pulled the lever.",0,100,3989
"c2935e9c-1719-42ca-8bed-ec3d973bd114",5,"fold","result","pair006","The manager folded the project.","The chef folded the eggs.",0,100,4556
"c2935e9c-1719-42ca-8bed-ec3d973bd114",5,"kill","result","pair022","The mistake killed the proposal.","The cat killed the mouse.",1,100,3505
"47578d19-c248-4491-b5c8-6156bd29f880",3,"break","result","pair069","The president broke the promise.","The journalist broke the story.",0,73,2228
"47578d19-c248-4491-b5c8-6156bd29f880",3,"bump","manner","pair079","The dean bumped the meeting.","The driver bumped the curb.",0,91,3279
"47578d19-c248-4491-b5c8-6156bd29f880",3,"smear","manner","pair068","The journalist smeared the business.","The baker smeared the frosting.",0,66,2433
"47578d19-c248-4491-b5c8-6156bd29f880",3,"break","result","pair082","The journalist broke the story.","The burglar broke the window.",0,83,2651
"47578d19-c248-4491-b5c8-6156bd29f880",3,"hit","manner","pair074","The traveler hit the delay.","The idea hit the researcher.",0,86,3769
"47578d19-c248-4491-b5c8-6156bd29f880",3,"kill","result","pair081","The couple killed the evening.","The cat killed the mouse.",0,92,2371
"47578d19-c248-4491-b5c8-6156bd29f880",3,"fill","result","pair084","The festival filled the weekend.","The secretary filled the schedule.",1,26,4165
"47578d19-c248-4491-b5c8-6156bd29f880",3,"pull","manner","pair083","The regulators pulled the product.","The scandal pulled the reporters.",0,57,3801
"47578d19-c248-4491-b5c8-6156bd29f880",3,"close","result","pair075","The lawyer closed the case.","The baker closed the oven.",0,76,3048
"47578d19-c248-4491-b5c8-6156bd29f880",3,"shoot","manner","pair080","The photographer shot the wedding.","The robber shot the victim.",0,99,2575
"47578d19-c248-4491-b5c8-6156bd29f880",3,"hit","manner","pair073","The arrow hit the target.","The solution hit the inventor.",0,21,3133
"47578d19-c248-4491-b5c8-6156bd29f880",3,"kill","result","pair077","The business killed the competition.","The criminal killed the victim.",0,74,4451
"47578d19-c248-4491-b5c8-6156bd29f880",3,"fold","result","pair072","The founder folded the company.","The child folded the paper.",0,73,4919
"47578d19-c248-4491-b5c8-6156bd29f880",3,"hit","manner","pair076","The solution hit the inventor.","The batter hit the ball.",1,67,2909
"47578d19-c248-4491-b5c8-6156bd29f880",3,"kill","result","pair071","The joke killed the evening.","The cat killed the mouse.",1,77,3080
"47578d19-c248-4491-b5c8-6156bd29f880",3,"push","manner","pair067","The company pushed the product.","The athlete pushed the limit.",0,60,2638
"47578d19-c248-4491-b5c8-6156bd29f880",3,"clear","result","pair070","The hiker cleared the obstacle.","The officer cleared the request.",0,43,2452
"47578d19-c248-4491-b5c8-6156bd29f880",3,"cover","result","pair078","The channel covered the story.","The policy covered the accident.",0,61,3560
"d694b97f-a406-40fc-ac18-752c4b1ea201",17,"clear","result","pair085","The officer cleared the request.","The waiter cleared the table.",0,84,3839
"d694b97f-a406-40fc-ac18-752c4b1ea201",17,"fill","result","pair086","The donations filled the need.","The festival filled the weekend.",0,96,6250
"d694b97f-a406-40fc-ac18-752c4b1ea201",17,"hit","manner","pair087","The hurricane hit the coastline.","The child hit the pillow.",0,74,5369
"d694b97f-a406-40fc-ac18-752c4b1ea201",17,"push","manner","pair088","The politician pushed the policy.","The athlete pushed the limit.",0,84,2297
"d694b97f-a406-40fc-ac18-752c4b1ea201",17,"shoot","manner","pair089","The director shot the scene.","The robber shot the victim.",0,100,4301
"d694b97f-a406-40fc-ac18-752c4b1ea201",17,"kill","result","pair090","The couple killed the evening.","The team killed the rivals.",0,88,7271
"d694b97f-a406-40fc-ac18-752c4b1ea201",17,"fold","result","pair091","The child folded the paper.","The baker folded the flour.",0,88,3551
"d694b97f-a406-40fc-ac18-752c4b1ea201",17,"pull","manner","pair092","The scandal pulled the reporters.","The worker pulled the lever.",0,93,4574
"d694b97f-a406-40fc-ac18-752c4b1ea201",17,"hit","manner","pair093","The investor hit the goal.","The idea hit the researcher.",0,87,4469
"d694b97f-a406-40fc-ac18-752c4b1ea201",17,"push","manner","pair094","The athlete pushed the limit.","The pilot pushed the button.",0,92,3384
"d694b97f-a406-40fc-ac18-752c4b1ea201",17,"clear","result","pair095","The horse cleared the jump.","The officer cleared the request.",0,76,4104
"d694b97f-a406-40fc-ac18-752c4b1ea201",17,"open","result","pair096","The consultant opened the discussion.","The farmer opened the gate.",0,82,3275
"d694b97f-a406-40fc-ac18-752c4b1ea201",17,"pull","manner","pair097","The business pulled the service.","The scandal pulled the reporters.",0,54,4034
"d694b97f-a406-40fc-ac18-752c4b1ea201",17,"cover","result","pair098","The writer covered the election.","The policy covered the accident.",0,89,4708
"d694b97f-a406-40fc-ac18-752c4b1ea201",17,"bump","manner","pair099","The ball bumped the couch.","The driver bumped the curb.",1,55,4708
"d694b97f-a406-40fc-ac18-752c4b1ea201",17,"break","result","pair100","The company broke the law.","The guest broke the plate.",0,70,2735
"d694b97f-a406-40fc-ac18-752c4b1ea201",17,"kill","result","pair101","The traveler killed the afternoon.","The cat killed the mouse.",0,92,2120
"d694b97f-a406-40fc-ac18-752c4b1ea201",17,"close","result","pair102","The executive closed the deal.","The baker closed the oven.",0,81,2410
"d694b97f-a406-40fc-ac18-752c4b1ea201",17,"bump","manner","pair103","The teacher bumped the deadline.","The driver bumped the curb.",0,94,5154
"d694b97f-a406-40fc-ac18-752c4b1ea201",17,"fold","result","pair104","The manager folded the project.","The child folded the paper.",0,85,2351
"d694b97f-a406-40fc-ac18-752c4b1ea201",17,"cover","result","pair105","The nurse covered the wound.","The insurance covered the damage.",0,92,2774
"d694b97f-a406-40fc-ac18-752c4b1ea201",17,"shoot","manner","pair106","The robber shot the victim.","The technician shot the fireworks.",0,52,2736
"d694b97f-a406-40fc-ac18-752c4b1ea201",17,"close","result","pair107","The presenter closed the speech.","The chauffeur closed the door.",1,91,2639
"d694b97f-a406-40fc-ac18-752c4b1ea201",17,"hit","manner","pair108","The traveler hit the delay.","The investor hit the goal.",1,97,3102
"d694b97f-a406-40fc-ac18-752c4b1ea201",17,"kill","result","pair109","The mistake killed the proposal.","The joke killed the evening.",1,49,46075
"153925c0-0b8f-47b0-8581-d7dbefc8cd4b",5,"fold","result","pair017","The baker folded the flour.","The chef folded the eggs.",1,67,4846
"153925c0-0b8f-47b0-8581-d7dbefc8cd4b",5,"clear","result","pair005","The horse cleared the jump.","The worker cleared the rubble.",0,97,5535
"153925c0-0b8f-47b0-8581-d7dbefc8cd4b",5,"hit","manner","pair009","The traveler hit the delay.","The hurricane hit the coastline.",1,94,4909
"153925c0-0b8f-47b0-8581-d7dbefc8cd4b",5,"shoot","manner","pair002","The hunter shot the deer.","The technician shot the fireworks.",0,84,147207
"153925c0-0b8f-47b0-8581-d7dbefc8cd4b",5,"fill","result","pair008","The donations filled the need.","The farmer filled the bucket.",0,10,7297
"153925c0-0b8f-47b0-8581-d7dbefc8cd4b",5,"cover","result","pair023","The channel covered the story.","The snow covered the footprints.",0,95,5659
"153925c0-0b8f-47b0-8581-d7dbefc8cd4b",5,"clear","result","pair011","The waiter cleared the table.","The worker cleared the rubble.",1,63,3778
"153925c0-0b8f-47b0-8581-d7dbefc8cd4b",5,"shoot","manner","pair001","The director shot the scene.","The athlete shot the ball.",0,89,19849
"153925c0-0b8f-47b0-8581-d7dbefc8cd4b",5,"hit","manner","pair010","The solution hit the inventor.","The idea hit the researcher.",1,18,5330
"153925c0-0b8f-47b0-8581-d7dbefc8cd4b",5,"kill","result","pair015","The couple killed the evening.","The joke killed the evening.",0,57,6687
"153925c0-0b8f-47b0-8581-d7dbefc8cd4b",5,"hit","manner","pair021","The investor hit the goal.","The batter hit the ball.",0,92,5047
"153925c0-0b8f-47b0-8581-d7dbefc8cd4b",5,"kill","result","pair022","The mistake killed the proposal.","The cat killed the mouse.",1,95,4535
"153925c0-0b8f-47b0-8581-d7dbefc8cd4b",5,"open","result","pair016","The chairperson opened the meeting.","The farmer opened the gate.",0,84,5765
"153925c0-0b8f-47b0-8581-d7dbefc8cd4b",5,"close","result","pair013","The lawyer closed the case.","The author closed the chapter.",0,74,5216
"153925c0-0b8f-47b0-8581-d7dbefc8cd4b",5,"fold","result","pair006","The manager folded the project.","The chef folded the eggs.",0,87,5229
"153925c0-0b8f-47b0-8581-d7dbefc8cd4b",5,"break","result","pair012","The president broke the promise.","The company broke the law.",1,45,4372
"153925c0-0b8f-47b0-8581-d7dbefc8cd4b",5,"bump","manner","pair007","The dean bumped the meeting.","The gardener bumped the statue.",1,92,4669
"153925c0-0b8f-47b0-8581-d7dbefc8cd4b",5,"break","result","pair020","The doctor broke the news.","The burglar broke the window.",0,79,5541
"153925c0-0b8f-47b0-8581-d7dbefc8cd4b",5,"push","manner","pair019","The pilot pushed the button.","The shopper pushed the cart.",1,86,4192
"153925c0-0b8f-47b0-8581-d7dbefc8cd4b",5,"pull","manner","pair004","The business pulled the service.","The climber pulled the rope.",0,91,5961
"153925c0-0b8f-47b0-8581-d7dbefc8cd4b",5,"pull","manner","pair014","The advertisement pulled the customers.","The worker pulled the lever.",0,87,12180
"153925c0-0b8f-47b0-8581-d7dbefc8cd4b",5,"push","manner","pair018","The politician pushed the policy.","The shopper pushed the cart.",0,74,4130
"153925c0-0b8f-47b0-8581-d7dbefc8cd4b",5,"kill","result","pair003","The business killed the competition.","The mistake killed the proposal.",0,69,8159
"336209fa-b21a-4021-9f46-fdd91d93093e",10,"break","result","pair110","The company broke the law.","The doctor broke the news.",0,100,6335
"336209fa-b21a-4021-9f46-fdd91d93093e",10,"fill","result","pair111","The secretary filled the schedule.","The farmer filled the bucket.",1,93,9484
"336209fa-b21a-4021-9f46-fdd91d93093e",10,"push","manner","pair112","The artwork pushed the boundaries.","The athlete pushed the limit.",1,89,7141
"336209fa-b21a-4021-9f46-fdd91d93093e",10,"fold","result","pair113","The cleaner folded the clothes.","The child folded the paper.",1,61,9830
"336209fa-b21a-4021-9f46-fdd91d93093e",10,"clear","result","pair114","The bookkeeper cleared the payment.","The officer cleared the request.",1,86,7184
"336209fa-b21a-4021-9f46-fdd91d93093e",10,"close","result","pair115","The executive closed the deal.","The lawyer closed the case.",1,96,9256
"336209fa-b21a-4021-9f46-fdd91d93093e",10,"bump","manner","pair116","The teacher bumped the deadline.","The waiter bumped the table.",1,96,6899
"336209fa-b21a-4021-9f46-fdd91d93093e",10,"smear","manner","pair117","The article smeared the celebrity.","The artist smeared the paint.",0,85,10043
"336209fa-b21a-4021-9f46-fdd91d93093e",10,"close","result","pair118","The author closed the chapter.","The baker closed the oven.",1,81,7817
"336209fa-b21a-4021-9f46-fdd91d93093e",10,"shoot","manner","pair119","The photographer shot the wedding.","The technician shot the fireworks.",0,69,7172
"336209fa-b21a-4021-9f46-fdd91d93093e",10,"fill","result","pair120","The love filled the void.","The secretary filled the schedule.",0,92,9239
"336209fa-b21a-4021-9f46-fdd91d93093e",10,"cover","result","pair121","The writer covered the election.","The channel covered the story.",1,71,8193
"336209fa-b21a-4021-9f46-fdd91d93093e",10,"hit","manner","pair122","The investor hit the goal.","The arrow hit the target.",1,62,10227
"336209fa-b21a-4021-9f46-fdd91d93093e",10,"kill","result","pair123","The team killed the rivals.","The joke killed the evening.",0,96,6183
"336209fa-b21a-4021-9f46-fdd91d93093e",10,"pull","manner","pair124","The regulators pulled the product.","The worker pulled the lever.",0,93,7478
"336209fa-b21a-4021-9f46-fdd91d93093e",10,"hit","manner","pair125","The child hit the pillow.","The batter hit the ball.",1,98,6003
"336209fa-b21a-4021-9f46-fdd91d93093e",10,"hit","manner","pair126","The arrow hit the target.","The batter hit the ball.",0,36,6813
"336209fa-b21a-4021-9f46-fdd91d93093e",10,"kill","result","pair127","The traveler killed the afternoon.","The mistake killed the proposal.",0,91,11472
"336209fa-b21a-4021-9f46-fdd91d93093e",10,"cover","result","pair128","The snow covered the footprints.","The policy covered the accident.",0,65,7377
"336209fa-b21a-4021-9f46-fdd91d93093e",10,"bump","manner","pair129","The waiter bumped the table.","The driver bumped the curb.",0,66,6410
"0227a478-0e08-43c4-b90d-498340e73187",9,"smear","manner","pair024","The baker smeared the frosting.","The artist smeared the paint.",1,37,4117
"0227a478-0e08-43c4-b90d-498340e73187",9,"kill","result","pair039","The traveler killed the afternoon.","The joke killed the evening.",0,29,5005
"0227a478-0e08-43c4-b90d-498340e73187",9,"hit","manner","pair029","The hurricane hit the coastline.","The solution hit the inventor.",0,100,6868
"0227a478-0e08-43c4-b90d-498340e73187",9,"close","result","pair036","The author closed the chapter.","The chauffeur closed the door.",1,15,6565
"0227a478-0e08-43c4-b90d-498340e73187",9,"shoot","manner","pair047","The robber shot the victim.","The hunter shot the deer.",1,44,2539
"0227a478-0e08-43c4-b90d-498340e73187",9,"clear","result","pair026","The horse cleared the jump.","The hiker cleared the obstacle.",1,27,2824
"0227a478-0e08-43c4-b90d-498340e73187",9,"fill","result","pair025","The secretary filled the schedule.","The waiter filled the glass.",1,92,3121
"0227a478-0e08-43c4-b90d-498340e73187",9,"bump","manner","pair033","The teacher bumped the deadline.","The gardener bumped the statue.",1,100,3664
"0227a478-0e08-43c4-b90d-498340e73187",9,"fold","result","pair042","The cleaner folded the clothes.","The baker folded the flour.",0,41,3139
"0227a478-0e08-43c4-b90d-498340e73187",9,"clear","result","pair034","The bookkeeper cleared the payment.","The waiter cleared the table.",0,100,4342
"0227a478-0e08-43c4-b90d-498340e73187",9,"cover","result","pair045","The writer covered the election.","The snow covered the footprints.",0,100,2795
"0227a478-0e08-43c4-b90d-498340e73187",9,"kill","result","pair038","The couple killed the evening.","The traveler killed the afternoon.",1,31,2211
"0227a478-0e08-43c4-b90d-498340e73187",9,"cover","result","pair032","The snow covered the footprints.","The insurance covered the damage.",0,97,3028
"0227a478-0e08-43c4-b90d-498340e73187",9,"bump","manner","pair028","The gardener bumped the statue.","The ball bumped the couch.",0,30,2578
"0227a478-0e08-43c4-b90d-498340e73187",9,"push","manner","pair044","The artwork pushed the boundaries.","The pilot pushed the button.",0,94,4411
"0227a478-0e08-43c4-b90d-498340e73187",9,"kill","result","pair041","The team killed the rivals.","The criminal killed the victim.",0,64,3372
"0227a478-0e08-43c4-b90d-498340e73187",9,"fill","result","pair030","The love filled the void.","The farmer filled the bucket.",0,79,3415
"0227a478-0e08-43c4-b90d-498340e73187",9,"break","result","pair031","The company broke the law.","The journalist broke the story.",0,31,2133
"0227a478-0e08-43c4-b90d-498340e73187",9,"fold","result","pair043","The manager folded the project.","The founder folded the company.",1,14,3616
"0227a478-0e08-43c4-b90d-498340e73187",9,"pull","manner","pair040","The scandal pulled the reporters.","The advertisement pulled the customers.",1,22,2004
"0227a478-0e08-43c4-b90d-498340e73187",9,"hit","manner","pair035","The investor hit the goal.","The hurricane hit the coastline.",1,100,2304
"0227a478-0e08-43c4-b90d-498340e73187",9,"close","result","pair037","The executive closed the deal.","The author closed the chapter.",0,83,2818
"0227a478-0e08-43c4-b90d-498340e73187",9,"push","manner","pair046","The politician pushed the policy.","The company pushed the product.",1,76,1484
"0227a478-0e08-43c4-b90d-498340e73187",9,"open","result","pair027","The consultant opened the discussion.","The chairperson opened the meeting.",1,33,2104
"cc4b6e0b-ad69-41a9-8700-0cb6a90a973d",3,"shoot","manner","pair080","The photographer shot the wedding.","The robber shot the victim.",0,100,3101
"cc4b6e0b-ad69-41a9-8700-0cb6a90a973d",3,"bump","manner","pair079","The dean bumped the meeting.","The driver bumped the curb.",0,100,7272
"cc4b6e0b-ad69-41a9-8700-0cb6a90a973d",3,"pull","manner","pair083","The regulators pulled the product.","The scandal pulled the reporters.",0,97,4897
"cc4b6e0b-ad69-41a9-8700-0cb6a90a973d",3,"kill","result","pair081","The couple killed the evening.","The cat killed the mouse.",0,94,4614
"cc4b6e0b-ad69-41a9-8700-0cb6a90a973d",3,"fold","result","pair072","The founder folded the company.","The child folded the paper.",0,99,18167
"cc4b6e0b-ad69-41a9-8700-0cb6a90a973d",3,"close","result","pair075","The lawyer closed the case.","The baker closed the oven.",0,93,4085
"cc4b6e0b-ad69-41a9-8700-0cb6a90a973d",3,"kill","result","pair071","The joke killed the evening.","The cat killed the mouse.",1,98,2634
"cc4b6e0b-ad69-41a9-8700-0cb6a90a973d",3,"push","manner","pair067","The company pushed the product.","The athlete pushed the limit.",0,75,4967
"cc4b6e0b-ad69-41a9-8700-0cb6a90a973d",3,"hit","manner","pair076","The solution hit the inventor.","The batter hit the ball.",1,78,7295
"cc4b6e0b-ad69-41a9-8700-0cb6a90a973d",3,"hit","manner","pair074","The traveler hit the delay.","The idea hit the researcher.",0,89,5018
"cc4b6e0b-ad69-41a9-8700-0cb6a90a973d",3,"kill","result","pair077","The business killed the competition.","The criminal killed the victim.",0,100,3216
"cc4b6e0b-ad69-41a9-8700-0cb6a90a973d",3,"break","result","pair069","The president broke the promise.","The journalist broke the story.",0,94,3445
"cc4b6e0b-ad69-41a9-8700-0cb6a90a973d",3,"smear","manner","pair068","The journalist smeared the business.","The baker smeared the frosting.",0,61,4777
"cc4b6e0b-ad69-41a9-8700-0cb6a90a973d",3,"clear","result","pair070","The hiker cleared the obstacle.","The officer cleared the request.",0,100,4152
"cc4b6e0b-ad69-41a9-8700-0cb6a90a973d",3,"fill","result","pair084","The festival filled the weekend.","The secretary filled the schedule.",1,74,4295
"cc4b6e0b-ad69-41a9-8700-0cb6a90a973d",3,"break","result","pair082","The journalist broke the story.","The burglar broke the window.",0,100,3485
"cc4b6e0b-ad69-41a9-8700-0cb6a90a973d",3,"hit","manner","pair073","The arrow hit the target.","The solution hit the inventor.",0,100,4646
"cc4b6e0b-ad69-41a9-8700-0cb6a90a973d",3,"cover","result","pair078","The channel covered the story.","The policy covered the accident.",0,93,3204
"caf2c0b9-2ac5-4c52-823f-a53b9a29d15b",15,"cover","result","pair023","The channel covered the story.","The snow covered the footprints.",0,84,9807
"caf2c0b9-2ac5-4c52-823f-a53b9a29d15b",15,"break","result","pair012","The president broke the promise.","The company broke the law.",1,37,5034
"caf2c0b9-2ac5-4c52-823f-a53b9a29d15b",15,"pull","manner","pair004","The business pulled the service.","The climber pulled the rope.",0,84,5765
"caf2c0b9-2ac5-4c52-823f-a53b9a29d15b",15,"kill","result","pair003","The business killed the competition.","The mistake killed the proposal.",0,43,8879
"caf2c0b9-2ac5-4c52-823f-a53b9a29d15b",15,"kill","result","pair015","The couple killed the evening.","The joke killed the evening.",0,79,10212
"caf2c0b9-2ac5-4c52-823f-a53b9a29d15b",15,"close","result","pair013","The lawyer closed the case.","The author closed the chapter.",0,57,7023
"caf2c0b9-2ac5-4c52-823f-a53b9a29d15b",15,"clear","result","pair011","The waiter cleared the table.","The worker cleared the rubble.",1,20,8655
"caf2c0b9-2ac5-4c52-823f-a53b9a29d15b",15,"kill","result","pair022","The mistake killed the proposal.","The cat killed the mouse.",1,91,4850
"caf2c0b9-2ac5-4c52-823f-a53b9a29d15b",15,"clear","result","pair005","The horse cleared the jump.","The worker cleared the rubble.",0,89,6377
"caf2c0b9-2ac5-4c52-823f-a53b9a29d15b",15,"open","result","pair016","The chairperson opened the meeting.","The farmer opened the gate.",0,65,6099
"caf2c0b9-2ac5-4c52-823f-a53b9a29d15b",15,"hit","manner","pair009","The traveler hit the delay.","The hurricane hit the coastline.",1,77,8988
"caf2c0b9-2ac5-4c52-823f-a53b9a29d15b",15,"shoot","manner","pair002","The hunter shot the deer.","The technician shot the fireworks.",0,52,5845
"caf2c0b9-2ac5-4c52-823f-a53b9a29d15b",15,"break","result","pair020","The doctor broke the news.","The burglar broke the window.",0,87,8124
"caf2c0b9-2ac5-4c52-823f-a53b9a29d15b",15,"fill","result","pair008","The donations filled the need.","The farmer filled the bucket.",0,72,6185
"caf2c0b9-2ac5-4c52-823f-a53b9a29d15b",15,"push","manner","pair018","The politician pushed the policy.","The shopper pushed the cart.",0,83,3896
"caf2c0b9-2ac5-4c52-823f-a53b9a29d15b",15,"pull","manner","pair014","The advertisement pulled the customers.","The worker pulled the lever.",0,80,4497
"caf2c0b9-2ac5-4c52-823f-a53b9a29d15b",15,"fold","result","pair017","The baker folded the flour.","The chef folded the eggs.",1,5,7104
"caf2c0b9-2ac5-4c52-823f-a53b9a29d15b",15,"fold","result","pair006","The manager folded the project.","The chef folded the eggs.",0,76,5552
"caf2c0b9-2ac5-4c52-823f-a53b9a29d15b",15,"hit","manner","pair010","The solution hit the inventor.","The idea hit the researcher.",1,10,8256
"caf2c0b9-2ac5-4c52-823f-a53b9a29d15b",15,"hit","manner","pair021","The investor hit the goal.","The batter hit the ball.",0,66,3496
"caf2c0b9-2ac5-4c52-823f-a53b9a29d15b",15,"shoot","manner","pair001","The director shot the scene.","The athlete shot the ball.",0,60,7525
"caf2c0b9-2ac5-4c52-823f-a53b9a29d15b",15,"push","manner","pair019","The pilot pushed the button.","The shopper pushed the cart.",1,65,4175
"caf2c0b9-2ac5-4c52-823f-a53b9a29d15b",15,"bump","manner","pair007","The dean bumped the meeting.","The gardener bumped the statue.",1,80,5133
"7e7060b1-b544-477f-affd-7038f5103eac",12,"pull","manner","pair130","The regulators pulled the product.","The advertisement pulled the customers.",0,75,10509
"7e7060b1-b544-477f-affd-7038f5103eac",12,"clear","result","pair131","The hiker cleared the obstacle.","The waiter cleared the table.",0,86,3019
"7e7060b1-b544-477f-affd-7038f5103eac",12,"kill","result","pair132","The business killed the competition.","The cat killed the mouse.",0,84,2852
"7e7060b1-b544-477f-affd-7038f5103eac",12,"fill","result","pair133","The festival filled the weekend.","The farmer filled the bucket.",1,84,4307
"7e7060b1-b544-477f-affd-7038f5103eac",12,"cover","result","pair134","The channel covered the story.","The insurance covered the damage.",0,88,13871
"7e7060b1-b544-477f-affd-7038f5103eac",12,"break","result","pair135","The journalist broke the story.","The guest broke the plate.",0,87,3268
"7e7060b1-b544-477f-affd-7038f5103eac",12,"smear","manner","pair136","The journalist smeared the business.","The artist smeared the paint.",0,88,4054
"7e7060b1-b544-477f-affd-7038f5103eac",12,"push","manner","pair137","The company pushed the product.","The pilot pushed the button.",0,89,3230
"7e7060b1-b544-477f-affd-7038f5103eac",12,"hit","manner","pair138","The traveler hit the delay.","The child hit the pillow.",0,82,5966
"7e7060b1-b544-477f-affd-7038f5103eac",12,"hit","manner","pair139","The idea hit the researcher.","The child hit the pillow.",1,83,5443
"7e7060b1-b544-477f-affd-7038f5103eac",12,"fill","result","pair140","The love filled the void.","The donations filled the need.",1,31,7599
"7e7060b1-b544-477f-affd-7038f5103eac",12,"fold","result","pair141","The founder folded the company.","The baker folded the flour.",0,82,3416
"7e7060b1-b544-477f-affd-7038f5103eac",12,"shoot","manner","pair142","The photographer shot the wedding.","The hunter shot the deer.",0,84,2680
"7e7060b1-b544-477f-affd-7038f5103eac",12,"break","result","pair143","The president broke the promise.","The burglar broke the window.",0,83,4081
"7e7060b1-b544-477f-affd-7038f5103eac",12,"kill","result","pair144","The traveler killed the afternoon.","The business killed the competition.",0,75,5240
"7e7060b1-b544-477f-affd-7038f5103eac",12,"hit","manner","pair145","The arrow hit the target.","The idea hit the researcher.",0,80,2617
"7e7060b1-b544-477f-affd-7038f5103eac",12,"kill","result","pair146","The criminal killed the victim.","The cat killed the mouse.",1,14,4223
"7e7060b1-b544-477f-affd-7038f5103eac",12,"close","result","pair147","The lawyer closed the case.","The chauffeur closed the door.",0,82,2844
"7e7060b1-b544-477f-affd-7038f5103eac",12,"bump","manner","pair148","The waiter bumped the table.","The gardener bumped the statue.",1,20,7562
"dc5e6304-377a-4b78-a500-1ba2d9d6379f",2,"fold","result","pair141","The founder folded the company.","The baker folded the flour.",0,100,4820
"dc5e6304-377a-4b78-a500-1ba2d9d6379f",2,"kill","result","pair146","The criminal killed the victim.","The cat killed the mouse.",1,100,4202
"dc5e6304-377a-4b78-a500-1ba2d9d6379f",2,"fill","result","pair140","The love filled the void.","The donations filled the need.",1,86,7068
"dc5e6304-377a-4b78-a500-1ba2d9d6379f",2,"break","result","pair143","The president broke the promise.","The burglar broke the window.",0,100,4413
"dc5e6304-377a-4b78-a500-1ba2d9d6379f",2,"shoot","manner","pair142","The photographer shot the wedding.","The hunter shot the deer.",0,100,3332
"dc5e6304-377a-4b78-a500-1ba2d9d6379f",2,"close","result","pair147","The lawyer closed the case.","The chauffeur closed the door.",0,100,3580
"dc5e6304-377a-4b78-a500-1ba2d9d6379f",2,"push","manner","pair137","The company pushed the product.","The pilot pushed the button.",0,100,4027
"dc5e6304-377a-4b78-a500-1ba2d9d6379f",2,"fill","result","pair133","The festival filled the weekend.","The farmer filled the bucket.",1,100,3189
"dc5e6304-377a-4b78-a500-1ba2d9d6379f",2,"kill","result","pair144","The traveler killed the afternoon.","The business killed the competition.",0,77,6292
"dc5e6304-377a-4b78-a500-1ba2d9d6379f",2,"bump","manner","pair148","The waiter bumped the table.","The gardener bumped the statue.",1,50,7251
"dc5e6304-377a-4b78-a500-1ba2d9d6379f",2,"hit","manner","pair145","The arrow hit the target.","The idea hit the researcher.",0,86,4149
"dc5e6304-377a-4b78-a500-1ba2d9d6379f",2,"pull","manner","pair130","The regulators pulled the product.","The advertisement pulled the customers.",0,95,5661
"dc5e6304-377a-4b78-a500-1ba2d9d6379f",2,"break","result","pair135","The journalist broke the story.","The guest broke the plate.",0,100,3484
"dc5e6304-377a-4b78-a500-1ba2d9d6379f",2,"smear","manner","pair136","The journalist smeared the business.","The artist smeared the paint.",0,100,4860
"dc5e6304-377a-4b78-a500-1ba2d9d6379f",2,"cover","result","pair134","The channel covered the story.","The insurance covered the damage.",0,100,4091
"dc5e6304-377a-4b78-a500-1ba2d9d6379f",2,"hit","manner","pair139","The idea hit the researcher.","The child hit the pillow.",1,100,4314
"dc5e6304-377a-4b78-a500-1ba2d9d6379f",2,"hit","manner","pair138","The traveler hit the delay.","The child hit the pillow.",0,100,4354
"dc5e6304-377a-4b78-a500-1ba2d9d6379f",2,"clear","result","pair131","The hiker cleared the obstacle.","The waiter cleared the table.",0,100,4636
"dc5e6304-377a-4b78-a500-1ba2d9d6379f",2,"kill","result","pair132","The business killed the competition.","The cat killed the mouse.",0,100,3884
"feef2ce7-97ae-413f-b49f-414b54e878d9",17,"clear","result","pair095","The horse cleared the jump.","The officer cleared the request.",0,100,8231
"feef2ce7-97ae-413f-b49f-414b54e878d9",17,"close","result","pair107","The presenter closed the speech.","The chauffeur closed the door.",1,67,6314
"feef2ce7-97ae-413f-b49f-414b54e878d9",17,"pull","manner","pair092","The scandal pulled the reporters.","The worker pulled the lever.",0,71,12669
"feef2ce7-97ae-413f-b49f-414b54e878d9",17,"bump","manner","pair103","The teacher bumped the deadline.","The driver bumped the curb.",0,100,6969
"feef2ce7-97ae-413f-b49f-414b54e878d9",17,"shoot","manner","pair106","The robber shot the victim.","The technician shot the fireworks.",0,19,8787
"feef2ce7-97ae-413f-b49f-414b54e878d9",17,"hit","manner","pair108","The traveler hit the delay.","The investor hit the goal.",1,67,6485
"feef2ce7-97ae-413f-b49f-414b54e878d9",17,"bump","manner","pair099","The ball bumped the couch.","The driver bumped the curb.",1,0,5338
"feef2ce7-97ae-413f-b49f-414b54e878d9",17,"hit","manner","pair087","The hurricane hit the coastline.","The child hit the pillow.",0,49,4233
"feef2ce7-97ae-413f-b49f-414b54e878d9",17,"fold","result","pair091","The child folded the paper.","The baker folded the flour.",0,16,5534
"feef2ce7-97ae-413f-b49f-414b54e878d9",17,"fold","result","pair104","The manager folded the project.","The child folded the paper.",0,83,3850
"feef2ce7-97ae-413f-b49f-414b54e878d9",17,"clear","result","pair085","The officer cleared the request.","The waiter cleared the table.",0,36,4582
"feef2ce7-97ae-413f-b49f-414b54e878d9",17,"kill","result","pair090","The couple killed the evening.","The team killed the rivals.",0,100,6221
"feef2ce7-97ae-413f-b49f-414b54e878d9",17,"cover","result","pair105","The nurse covered the wound.","The insurance covered the damage.",0,27,8803
"feef2ce7-97ae-413f-b49f-414b54e878d9",17,"push","manner","pair088","The politician pushed the policy.","The athlete pushed the limit.",0,60,5947
"feef2ce7-97ae-413f-b49f-414b54e878d9",17,"break","result","pair100","The company broke the law.","The guest broke the plate.",0,73,4045
"feef2ce7-97ae-413f-b49f-414b54e878d9",17,"hit","manner","pair093","The investor hit the goal.","The idea hit the researcher.",0,80,5905
"feef2ce7-97ae-413f-b49f-414b54e878d9",17,"cover","result","pair098","The writer covered the election.","The policy covered the accident.",0,73,4779
"feef2ce7-97ae-413f-b49f-414b54e878d9",17,"close","result","pair102","The executive closed the deal.","The baker closed the oven.",0,41,4695
"feef2ce7-97ae-413f-b49f-414b54e878d9",17,"kill","result","pair101","The traveler killed the afternoon.","The cat killed the mouse.",0,82,3945
"feef2ce7-97ae-413f-b49f-414b54e878d9",17,"shoot","manner","pair089","The director shot the scene.","The robber shot the victim.",0,79,3218
"feef2ce7-97ae-413f-b49f-414b54e878d9",17,"pull","manner","pair097","The business pulled the service.","The scandal pulled the reporters.",0,73,5171
"feef2ce7-97ae-413f-b49f-414b54e878d9",17,"push","manner","pair094","The athlete pushed the limit.","The pilot pushed the button.",0,75,4566
"feef2ce7-97ae-413f-b49f-414b54e878d9",17,"open","result","pair096","The consultant opened the discussion.","The farmer opened the gate.",0,70,4877
"feef2ce7-97ae-413f-b49f-414b54e878d9",17,"fill","result","pair086","The donations filled the need.","The festival filled the weekend.",0,76,8402
"feef2ce7-97ae-413f-b49f-414b54e878d9",17,"kill","result","pair109","The mistake killed the proposal.","The joke killed the evening.",1,0,6255
"81d321d6-e4f5-4b1a-b1e6-aa950ca55824",7,"hit","manner","pair087","The hurricane hit the coastline.","The child hit the pillow.",0,64,11950
"81d321d6-e4f5-4b1a-b1e6-aa950ca55824",7,"kill","result","pair090","The couple killed the evening.","The team killed the rivals.",0,87,7979
"81d321d6-e4f5-4b1a-b1e6-aa950ca55824",7,"kill","result","pair109","The mistake killed the proposal.","The joke killed the evening.",1,17,6890
"81d321d6-e4f5-4b1a-b1e6-aa950ca55824",7,"hit","manner","pair093","The investor hit the goal.","The idea hit the researcher.",0,87,5237
"81d321d6-e4f5-4b1a-b1e6-aa950ca55824",7,"hit","manner","pair108","The traveler hit the delay.","The investor hit the goal.",1,58,8005
"81d321d6-e4f5-4b1a-b1e6-aa950ca55824",7,"fold","result","pair091","The child folded the paper.","The baker folded the flour.",0,7,5629
"81d321d6-e4f5-4b1a-b1e6-aa950ca55824",7,"pull","manner","pair097","The business pulled the service.","The scandal pulled the reporters.",0,97,13890
"81d321d6-e4f5-4b1a-b1e6-aa950ca55824",7,"open","result","pair096","The consultant opened the discussion.","The farmer opened the gate.",0,57,7978
"81d321d6-e4f5-4b1a-b1e6-aa950ca55824",7,"close","result","pair102","The executive closed the deal.","The baker closed the oven.",0,25,5779
"81d321d6-e4f5-4b1a-b1e6-aa950ca55824",7,"fold","result","pair104","The manager folded the project.","The child folded the paper.",0,88,4452
"81d321d6-e4f5-4b1a-b1e6-aa950ca55824",7,"push","manner","pair094","The athlete pushed the limit.","The pilot pushed the button.",0,92,4797
"81d321d6-e4f5-4b1a-b1e6-aa950ca55824",7,"shoot","manner","pair106","The robber shot the victim.","The technician shot the fireworks.",0,50,5471
"81d321d6-e4f5-4b1a-b1e6-aa950ca55824",7,"cover","result","pair098","The writer covered the election.","The policy covered the accident.",0,71,7208
"81d321d6-e4f5-4b1a-b1e6-aa950ca55824",7,"clear","result","pair095","The horse cleared the jump.","The officer cleared the request.",0,92,3667
"81d321d6-e4f5-4b1a-b1e6-aa950ca55824",7,"shoot","manner","pair089","The director shot the scene.","The robber shot the victim.",0,97,5152
"81d321d6-e4f5-4b1a-b1e6-aa950ca55824",7,"pull","manner","pair092","The scandal pulled the reporters.","The worker pulled the lever.",0,94,4494
"81d321d6-e4f5-4b1a-b1e6-aa950ca55824",7,"kill","result","pair101","The traveler killed the afternoon.","The cat killed the mouse.",0,94,4059
"81d321d6-e4f5-4b1a-b1e6-aa950ca55824",7,"break","result","pair100","The company broke the law.","The guest broke the plate.",0,94,4175
"81d321d6-e4f5-4b1a-b1e6-aa950ca55824",7,"cover","result","pair105","The nurse covered the wound.","The insurance covered the damage.",0,21,7730
"81d321d6-e4f5-4b1a-b1e6-aa950ca55824",7,"clear","result","pair085","The officer cleared the request.","The waiter cleared the table.",0,97,5391
"81d321d6-e4f5-4b1a-b1e6-aa950ca55824",7,"bump","manner","pair099","The ball bumped the couch.","The driver bumped the curb.",1,36,7163
"81d321d6-e4f5-4b1a-b1e6-aa950ca55824",7,"fill","result","pair086","The donations filled the need.","The festival filled the weekend.",0,67,7623
"81d321d6-e4f5-4b1a-b1e6-aa950ca55824",7,"bump","manner","pair103","The teacher bumped the deadline.","The driver bumped the curb.",0,94,3878
"81d321d6-e4f5-4b1a-b1e6-aa950ca55824",7,"close","result","pair107","The presenter closed the speech.","The chauffeur closed the door.",1,59,6106
"81d321d6-e4f5-4b1a-b1e6-aa950ca55824",7,"push","manner","pair088","The politician pushed the policy.","The athlete pushed the limit.",0,90,8521
"8dc6184e-08ed-4468-ad7f-5137de05a60a",4,"clear","result","pair149","The hiker cleared the obstacle.","The bookkeeper cleared the payment.",0,90,6080
"8dc6184e-08ed-4468-ad7f-5137de05a60a",4,"pull","manner","pair150","The climber pulled the rope.","The worker pulled the lever.",1,45,19840
"8dc6184e-08ed-4468-ad7f-5137de05a60a",4,"hit","manner","pair151","The arrow hit the target.","The hurricane hit the coastline.",1,80,8189
"8dc6184e-08ed-4468-ad7f-5137de05a60a",4,"break","result","pair152","The doctor broke the news.","The guest broke the plate.",0,92,14156
"8dc6184e-08ed-4468-ad7f-5137de05a60a",4,"close","result","pair153","The lawyer closed the case.","The presenter closed the speech.",0,70,11500
"8dc6184e-08ed-4468-ad7f-5137de05a60a",4,"fold","result","pair154","The founder folded the company.","The cleaner folded the clothes.",0,93,16313
"8dc6184e-08ed-4468-ad7f-5137de05a60a",4,"open","result","pair155","The teacher opened the window.","The farmer opened the gate.",1,47,8252
"8dc6184e-08ed-4468-ad7f-5137de05a60a",4,"kill","result","pair156","The couple killed the evening.","The criminal killed the victim.",0,89,22898
"8dc6184e-08ed-4468-ad7f-5137de05a60a",4,"hit","manner","pair157","The traveler hit the delay.","The solution hit the inventor.",0,73,5077
"8dc6184e-08ed-4468-ad7f-5137de05a60a",4,"fill","result","pair158","The donations filled the need.","The waiter filled the glass.",0,83,6064
"8dc6184e-08ed-4468-ad7f-5137de05a60a",4,"hit","manner","pair159","The solution hit the inventor.","The child hit the pillow.",1,85,6351
"8dc6184e-08ed-4468-ad7f-5137de05a60a",4,"shoot","manner","pair160","The director shot the scene.","The technician shot the fireworks.",0,45,27848
"8dc6184e-08ed-4468-ad7f-5137de05a60a",4,"bump","manner","pair161","The dean bumped the meeting.","The ball bumped the couch.",0,80,4457
"8dc6184e-08ed-4468-ad7f-5137de05a60a",4,"push","manner","pair162","The company pushed the product.","The artwork pushed the boundaries.",0,83,5450
"8dc6184e-08ed-4468-ad7f-5137de05a60a",4,"kill","result","pair163","The business killed the competition.","The joke killed the evening.",0,68,4781
"8dc6184e-08ed-4468-ad7f-5137de05a60a",4,"shoot","manner","pair164","The athlete shot the ball.","The technician shot the fireworks.",1,75,4562
"8dc6184e-08ed-4468-ad7f-5137de05a60a",4,"cover","result","pair165","The channel covered the story.","The nurse covered the wound.",0,67,4776
"8dc6184e-08ed-4468-ad7f-5137de05a60a",4,"break","result","pair166","The president broke the promise.","The doctor broke the news.",0,86,5381
"8dc6184e-08ed-4468-ad7f-5137de05a60a",4,"kill","result","pair167","The joke killed the evening.","The criminal killed the victim.",1,89,3679
"8dc6184e-08ed-4468-ad7f-5137de05a60a",4,"pull","manner","pair168","The business pulled the service.","The worker pulled the lever.",0,74,4797
"8dc6184e-08ed-4468-ad7f-5137de05a60a",4,"smear","manner","pair169","The journalist smeared the business.","The article smeared the celebrity.",1,27,8305
"2e12ad97-36ae-48bb-b6aa-e22b0e93be19",6,"push","manner","pair170","The athlete pushed the limit.","The shopper pushed the cart.",0,96,3209
"2e12ad97-36ae-48bb-b6aa-e22b0e93be19",6,"kill","result","pair171","The couple killed the evening.","The mistake killed the proposal.",0,93,5293
"2e12ad97-36ae-48bb-b6aa-e22b0e93be19",6,"break","result","pair172","The doctor broke the news.","The journalist broke the story.",1,59,4154
"2e12ad97-36ae-48bb-b6aa-e22b0e93be19",6,"fold","result","pair173","The child folded the paper.","The chef folded the eggs.",0,86,7230
"2e12ad97-36ae-48bb-b6aa-e22b0e93be19",6,"hit","manner","pair174","The traveler hit the delay.","The arrow hit the target.",1,95,2410
"2e12ad97-36ae-48bb-b6aa-e22b0e93be19",6,"pull","manner","pair175","The business pulled the service.","The advertisement pulled the customers.",0,47,2909
"2e12ad97-36ae-48bb-b6aa-e22b0e93be19",6,"close","result","pair176","The executive closed the deal.","The chauffeur closed the door.",0,82,14354
"2e12ad97-36ae-48bb-b6aa-e22b0e93be19",6,"clear","result","pair177","The officer cleared the request.","The worker cleared the rubble.",0,78,3189
"2e12ad97-36ae-48bb-b6aa-e22b0e93be19",6,"clear","result","pair178","The horse cleared the jump.","The waiter cleared the table.",0,87,4453
"2e12ad97-36ae-48bb-b6aa-e22b0e93be19",6,"hit","manner","pair179","The investor hit the goal.","The child hit the pillow.",0,77,3030
"2e12ad97-36ae-48bb-b6aa-e22b0e93be19",6,"push","manner","pair180","The politician pushed the policy.","The pilot pushed the button.",0,71,10997
"2e12ad97-36ae-48bb-b6aa-e22b0e93be19",6,"shoot","manner","pair181","The director shot the scene.","The hunter shot the deer.",0,89,2442
"2e12ad97-36ae-48bb-b6aa-e22b0e93be19",6,"kill","result","pair182","The mistake killed the proposal.","The criminal killed the victim.",1,84,3120
"2e12ad97-36ae-48bb-b6aa-e22b0e93be19",6,"open","result","pair183","The chairperson opened the meeting.","The teacher opened the window.",0,86,3190
"2e12ad97-36ae-48bb-b6aa-e22b0e93be19",6,"shoot","manner","pair184","The hunter shot the deer.","The athlete shot the ball.",0,94,4259
"2e12ad97-36ae-48bb-b6aa-e22b0e93be19",6,"close","result","pair185","The baker closed the oven.","The chauffeur closed the door.",1,84,4367
"2e12ad97-36ae-48bb-b6aa-e22b0e93be19",6,"fill","result","pair186","The donations filled the need.","The secretary filled the schedule.",0,85,2544
"2e12ad97-36ae-48bb-b6aa-e22b0e93be19",6,"cover","result","pair187","The writer covered the election.","The insurance covered the damage.",0,83,3330
"2e12ad97-36ae-48bb-b6aa-e22b0e93be19",6,"kill","result","pair188","The business killed the competition.","The team killed the rivals.",1,59,4682
"2e12ad97-36ae-48bb-b6aa-e22b0e93be19",6,"pull","manner","pair189","The advertisement pulled the customers.","The climber pulled the rope.",0,83,4783
"2e12ad97-36ae-48bb-b6aa-e22b0e93be19",6,"fold","result","pair190","The manager folded the project.","The baker folded the flour.",0,75,4719
"2e12ad97-36ae-48bb-b6aa-e22b0e93be19",6,"hit","manner","pair191","The hurricane hit the coastline.","The batter hit the ball.",0,92,4030
"2e12ad97-36ae-48bb-b6aa-e22b0e93be19",6,"cover","result","pair192","The policy covered the accident.","The insurance covered the damage.",1,3,5897
"2e12ad97-36ae-48bb-b6aa-e22b0e93be19",6,"bump","manner","pair193","The dean bumped the meeting.","The waiter bumped the table.",1,84,3029
"e5bb8784-4eaf-4329-a13c-1a7a40dec430",17,"kill","result","pair090","The couple killed the evening.","The team killed the rivals.",0,83,8591
"e5bb8784-4eaf-4329-a13c-1a7a40dec430",17,"hit","manner","pair087","The hurricane hit the coastline.","The child hit the pillow.",0,88,11487
"e5bb8784-4eaf-4329-a13c-1a7a40dec430",17,"kill","result","pair109","The mistake killed the proposal.","The joke killed the evening.",1,33,8831
"e5bb8784-4eaf-4329-a13c-1a7a40dec430",17,"hit","manner","pair108","The traveler hit the delay.","The investor hit the goal.",1,81,8375
"e5bb8784-4eaf-4329-a13c-1a7a40dec430",17,"fold","result","pair104","The manager folded the project.","The child folded the paper.",0,85,10399
"e5bb8784-4eaf-4329-a13c-1a7a40dec430",17,"fold","result","pair091","The child folded the paper.","The baker folded the flour.",0,62,10039
"e5bb8784-4eaf-4329-a13c-1a7a40dec430",17,"pull","manner","pair097","The business pulled the service.","The scandal pulled the reporters.",0,68,14919
"e5bb8784-4eaf-4329-a13c-1a7a40dec430",17,"shoot","manner","pair089","The director shot the scene.","The robber shot the victim.",0,76,7863
"e5bb8784-4eaf-4329-a13c-1a7a40dec430",17,"push","manner","pair088","The politician pushed the policy.","The athlete pushed the limit.",0,34,10951
"e5bb8784-4eaf-4329-a13c-1a7a40dec430",17,"kill","result","pair101","The traveler killed the afternoon.","The cat killed the mouse.",0,74,9663
"e5bb8784-4eaf-4329-a13c-1a7a40dec430",17,"shoot","manner","pair106","The robber shot the victim.","The technician shot the fireworks.",0,90,7567
"e5bb8784-4eaf-4329-a13c-1a7a40dec430",17,"bump","manner","pair099","The ball bumped the couch.","The driver bumped the curb.",1,29,10983
"e5bb8784-4eaf-4329-a13c-1a7a40dec430",17,"fill","result","pair086","The donations filled the need.","The festival filled the weekend.",0,76,11775
"e5bb8784-4eaf-4329-a13c-1a7a40dec430",17,"hit","manner","pair093","The investor hit the goal.","The idea hit the researcher.",0,71,9039
"e5bb8784-4eaf-4329-a13c-1a7a40dec430",17,"close","result","pair102","The executive closed the deal.","The baker closed the oven.",0,41,6519
"e5bb8784-4eaf-4329-a13c-1a7a40dec430",17,"break","result","pair100","The company broke the law.","The guest broke the plate.",0,89,7847
"e5bb8784-4eaf-4329-a13c-1a7a40dec430",17,"cover","result","pair098","The writer covered the election.","The policy covered the accident.",0,34,7959
"e5bb8784-4eaf-4329-a13c-1a7a40dec430",17,"pull","manner","pair092","The scandal pulled the reporters.","The worker pulled the lever.",0,75,8888
"e5bb8784-4eaf-4329-a13c-1a7a40dec430",17,"open","result","pair096","The consultant opened the discussion.","The farmer opened the gate.",0,57,9767
"e5bb8784-4eaf-4329-a13c-1a7a40dec430",17,"bump","manner","pair103","The teacher bumped the deadline.","The driver bumped the curb.",0,72,8608
"e5bb8784-4eaf-4329-a13c-1a7a40dec430",17,"close","result","pair107","The presenter closed the speech.","The chauffeur closed the door.",1,66,10430
"e5bb8784-4eaf-4329-a13c-1a7a40dec430",17,"cover","result","pair105","The nurse covered the wound.","The insurance covered the damage.",0,62,7111
"e5bb8784-4eaf-4329-a13c-1a7a40dec430",17,"clear","result","pair085","The officer cleared the request.","The waiter cleared the table.",0,70,9775
"e5bb8784-4eaf-4329-a13c-1a7a40dec430",17,"clear","result","pair095","The horse cleared the jump.","The officer cleared the request.",0,35,8032
"e5bb8784-4eaf-4329-a13c-1a7a40dec430",17,"push","manner","pair094","The athlete pushed the limit.","The pilot pushed the button.",0,59,16047
"bae15a31-9ac9-4f6b-a05a-7d7a7e293d8a",17,"bump","manner","pair099","The ball bumped the couch.","The driver bumped the curb.",1,32,7543
"bae15a31-9ac9-4f6b-a05a-7d7a7e293d8a",17,"fold","result","pair091","The child folded the paper.","The baker folded the flour.",0,32,5729
"bae15a31-9ac9-4f6b-a05a-7d7a7e293d8a",17,"clear","result","pair085","The officer cleared the request.","The waiter cleared the table.",0,7,12877
"bae15a31-9ac9-4f6b-a05a-7d7a7e293d8a",17,"hit","manner","pair093","The investor hit the goal.","The idea hit the researcher.",0,36,6355
"bae15a31-9ac9-4f6b-a05a-7d7a7e293d8a",17,"fold","result","pair104","The manager folded the project.","The child folded the paper.",0,79,36549
"bae15a31-9ac9-4f6b-a05a-7d7a7e293d8a",17,"hit","manner","pair108","The traveler hit the delay.","The investor hit the goal.",1,77,5225
"bae15a31-9ac9-4f6b-a05a-7d7a7e293d8a",17,"cover","result","pair098","The writer covered the election.","The policy covered the accident.",0,68,11956
"bae15a31-9ac9-4f6b-a05a-7d7a7e293d8a",17,"close","result","pair107","The presenter closed the speech.","The chauffeur closed the door.",1,78,6598
"bae15a31-9ac9-4f6b-a05a-7d7a7e293d8a",17,"pull","manner","pair092","The scandal pulled the reporters.","The worker pulled the lever.",0,76,4737
"bae15a31-9ac9-4f6b-a05a-7d7a7e293d8a",17,"kill","result","pair109","The mistake killed the proposal.","The joke killed the evening.",1,41,6411
"bae15a31-9ac9-4f6b-a05a-7d7a7e293d8a",17,"push","manner","pair088","The politician pushed the policy.","The athlete pushed the limit.",0,82,4784
"bae15a31-9ac9-4f6b-a05a-7d7a7e293d8a",17,"cover","result","pair105","The nurse covered the wound.","The insurance covered the damage.",0,61,7915
"bae15a31-9ac9-4f6b-a05a-7d7a7e293d8a",17,"open","result","pair096","The consultant opened the discussion.","The farmer opened the gate.",0,83,151547
"bae15a31-9ac9-4f6b-a05a-7d7a7e293d8a",17,"bump","manner","pair103","The teacher bumped the deadline.","The driver bumped the curb.",0,74,14049
"bae15a31-9ac9-4f6b-a05a-7d7a7e293d8a",17,"hit","manner","pair087","The hurricane hit the coastline.","The child hit the pillow.",0,78,6590
"bae15a31-9ac9-4f6b-a05a-7d7a7e293d8a",17,"pull","manner","pair097","The business pulled the service.","The scandal pulled the reporters.",0,26,5367
"bae15a31-9ac9-4f6b-a05a-7d7a7e293d8a",17,"kill","result","pair090","The couple killed the evening.","The team killed the rivals.",0,100,4829
"bae15a31-9ac9-4f6b-a05a-7d7a7e293d8a",17,"break","result","pair100","The company broke the law.","The guest broke the plate.",0,84,3890
"bae15a31-9ac9-4f6b-a05a-7d7a7e293d8a",17,"shoot","manner","pair089","The director shot the scene.","The robber shot the victim.",0,99,3581
"bae15a31-9ac9-4f6b-a05a-7d7a7e293d8a",17,"kill","result","pair101","The traveler killed the afternoon.","The cat killed the mouse.",0,100,5666
"bae15a31-9ac9-4f6b-a05a-7d7a7e293d8a",17,"clear","result","pair095","The horse cleared the jump.","The officer cleared the request.",0,61,6193
"bae15a31-9ac9-4f6b-a05a-7d7a7e293d8a",17,"shoot","manner","pair106","The robber shot the victim.","The technician shot the fireworks.",0,93,13355
"bae15a31-9ac9-4f6b-a05a-7d7a7e293d8a",17,"close","result","pair102","The executive closed the deal.","The baker closed the oven.",0,84,10878
"bae15a31-9ac9-4f6b-a05a-7d7a7e293d8a",17,"push","manner","pair094","The athlete pushed the limit.","The pilot pushed the button.",0,88,3814
"bae15a31-9ac9-4f6b-a05a-7d7a7e293d8a",17,"fill","result","pair086","The donations filled the need.","The festival filled the weekend.",0,50,3711
"52d0799f-82f5-45ac-bbf4-fab19289597f",12,"cover","result","pair134","The channel covered the story.","The insurance covered the damage.",0,100,7625
"52d0799f-82f5-45ac-bbf4-fab19289597f",12,"clear","result","pair131","The hiker cleared the obstacle.","The waiter cleared the table.",0,12,10402
"52d0799f-82f5-45ac-bbf4-fab19289597f",12,"break","result","pair143","The president broke the promise.","The burglar broke the window.",0,100,4845
"52d0799f-82f5-45ac-bbf4-fab19289597f",12,"smear","manner","pair136","The journalist smeared the business.","The artist smeared the paint.",0,97,5558
"52d0799f-82f5-45ac-bbf4-fab19289597f",12,"bump","manner","pair148","The waiter bumped the table.","The gardener bumped the statue.",1,6,5294
"52d0799f-82f5-45ac-bbf4-fab19289597f",12,"kill","result","pair132","The business killed the competition.","The cat killed the mouse.",0,100,4869
"52d0799f-82f5-45ac-bbf4-fab19289597f",12,"shoot","manner","pair142","The photographer shot the wedding.","The hunter shot the deer.",0,100,5604
"52d0799f-82f5-45ac-bbf4-fab19289597f",12,"push","manner","pair137","The company pushed the product.","The pilot pushed the button.",0,98,10072
"52d0799f-82f5-45ac-bbf4-fab19289597f",12,"fold","result","pair141","The founder folded the company.","The baker folded the flour.",0,100,6462
"52d0799f-82f5-45ac-bbf4-fab19289597f",12,"fill","result","pair133","The festival filled the weekend.","The farmer filled the bucket.",1,100,6537
"52d0799f-82f5-45ac-bbf4-fab19289597f",12,"hit","manner","pair139","The idea hit the researcher.","The child hit the pillow.",1,94,4589
"52d0799f-82f5-45ac-bbf4-fab19289597f",12,"kill","result","pair144","The traveler killed the afternoon.","The business killed the competition.",0,95,6237
"52d0799f-82f5-45ac-bbf4-fab19289597f",12,"pull","manner","pair130","The regulators pulled the product.","The advertisement pulled the customers.",0,95,7762
"52d0799f-82f5-45ac-bbf4-fab19289597f",12,"fill","result","pair140","The love filled the void.","The donations filled the need.",1,34,5902
"52d0799f-82f5-45ac-bbf4-fab19289597f",12,"hit","manner","pair145","The arrow hit the target.","The idea hit the researcher.",0,95,10233
"52d0799f-82f5-45ac-bbf4-fab19289597f",12,"close","result","pair147","The lawyer closed the case.","The chauffeur closed the door.",0,52,6044
"52d0799f-82f5-45ac-bbf4-fab19289597f",12,"break","result","pair135","The journalist broke the story.","The guest broke the plate.",0,94,8186
"52d0799f-82f5-45ac-bbf4-fab19289597f",12,"hit","manner","pair138","The traveler hit the delay.","The child hit the pillow.",0,77,12761
"52d0799f-82f5-45ac-bbf4-fab19289597f",12,"kill","result","pair146","The criminal killed the victim.","The cat killed the mouse.",1,5,6621
"ee5bae21-89bf-41c1-bb7e-4152080d485f",8,"kill","result","pair194","The couple killed the evening.","The business killed the competition.",0,77,4824
"ee5bae21-89bf-41c1-bb7e-4152080d485f",8,"kill","result","pair195","The team killed the rivals.","The cat killed the mouse.",0,84,3268
"ee5bae21-89bf-41c1-bb7e-4152080d485f",8,"fill","result","pair196","The farmer filled the bucket.","The waiter filled the glass.",1,73,4445
"ee5bae21-89bf-41c1-bb7e-4152080d485f",8,"close","result","pair197","The executive closed the deal.","The presenter closed the speech.",0,88,2696
"ee5bae21-89bf-41c1-bb7e-4152080d485f",8,"fold","result","pair198","The cleaner folded the clothes.","The chef folded the eggs.",0,100,2876
"ee5bae21-89bf-41c1-bb7e-4152080d485f",8,"push","manner","pair199","The artwork pushed the boundaries.","The shopper pushed the cart.",0,89,3848
"ee5bae21-89bf-41c1-bb7e-4152080d485f",8,"shoot","manner","pair200","The robber shot the victim.","The athlete shot the ball.",0,98,2811
"ee5bae21-89bf-41c1-bb7e-4152080d485f",8,"bump","manner","pair201","The gardener bumped the statue.","The driver bumped the curb.",0,88,2615
"ee5bae21-89bf-41c1-bb7e-4152080d485f",8,"clear","result","pair202","The horse cleared the jump.","The bookkeeper cleared the payment.",0,96,2192
"ee5bae21-89bf-41c1-bb7e-4152080d485f",8,"hit","manner","pair203","The investor hit the goal.","The solution hit the inventor.",0,83,4956
"ee5bae21-89bf-41c1-bb7e-4152080d485f",8,"pull","manner","pair204","The business pulled the service.","The regulators pulled the product.",1,19,4130
"ee5bae21-89bf-41c1-bb7e-4152080d485f",8,"cover","result","pair205","The writer covered the election.","The nurse covered the wound.",0,93,4228
"ee5bae21-89bf-41c1-bb7e-4152080d485f",8,"hit","manner","pair206","The hurricane hit the coastline.","The idea hit the researcher.",0,93,3447
"ee5bae21-89bf-41c1-bb7e-4152080d485f",8,"close","result","pair207","The presenter closed the speech.","The baker closed the oven.",1,93,3984
"ee5bae21-89bf-41c1-bb7e-4152080d485f",8,"push","manner","pair208","The politician pushed the policy.","The artwork pushed the boundaries.",0,96,3439
"ee5bae21-89bf-41c1-bb7e-4152080d485f",8,"break","result","pair209","The company broke the law.","The burglar broke the window.",0,76,6677
"ee5bae21-89bf-41c1-bb7e-4152080d485f",8,"open","result","pair210","The consultant opened the discussion.","The teacher opened the window.",0,92,2672
"ee5bae21-89bf-41c1-bb7e-4152080d485f",8,"cover","result","pair211","The nurse covered the wound.","The policy covered the accident.",0,97,2261
"ee5bae21-89bf-41c1-bb7e-4152080d485f",8,"kill","result","pair212","The traveler killed the afternoon.","The criminal killed the victim.",0,82,2325
"ee5bae21-89bf-41c1-bb7e-4152080d485f",8,"fold","result","pair213","The manager folded the project.","The cleaner folded the clothes.",0,92,2671
"ee5bae21-89bf-41c1-bb7e-4152080d485f",8,"pull","manner","pair214","The scandal pulled the reporters.","The climber pulled the rope.",0,89,2482
"ee5bae21-89bf-41c1-bb7e-4152080d485f",8,"clear","result","pair215","The bookkeeper cleared the payment.","The worker cleared the rubble.",0,94,3024
"ee5bae21-89bf-41c1-bb7e-4152080d485f",8,"shoot","manner","pair216","The director shot the scene.","The photographer shot the wedding.",1,54,4377
"ee5bae21-89bf-41c1-bb7e-4152080d485f",8,"bump","manner","pair217","The teacher bumped the deadline.","The ball bumped the couch.",0,89,3244
"ee5bae21-89bf-41c1-bb7e-4152080d485f",8,"fill","result","pair218","The love filled the void.","The waiter filled the glass.",0,96,2208
"f2bdd6bb-adf4-4a30-a6f3-1941227753d0",7,"kill","result","pair090","The couple killed the evening.","The team killed the rivals.",0,97,35691
"f2bdd6bb-adf4-4a30-a6f3-1941227753d0",7,"cover","result","pair098","The writer covered the election.","The policy covered the accident.",0,100,2156
"f2bdd6bb-adf4-4a30-a6f3-1941227753d0",7,"push","manner","pair094","The athlete pushed the limit.","The pilot pushed the button.",0,100,12928
"f2bdd6bb-adf4-4a30-a6f3-1941227753d0",7,"hit","manner","pair087","The hurricane hit the coastline.","The child hit the pillow.",0,98,11069
"f2bdd6bb-adf4-4a30-a6f3-1941227753d0",7,"clear","result","pair095","The horse cleared the jump.","The officer cleared the request.",0,100,1603
"f2bdd6bb-adf4-4a30-a6f3-1941227753d0",7,"fill","result","pair086","The donations filled the need.","The festival filled the weekend.",0,100,1904
"f2bdd6bb-adf4-4a30-a6f3-1941227753d0",7,"close","result","pair102","The executive closed the deal.","The baker closed the oven.",0,69,3259
"f2bdd6bb-adf4-4a30-a6f3-1941227753d0",7,"bump","manner","pair103","The teacher bumped the deadline.","The driver bumped the curb.",0,95,4247
"f2bdd6bb-adf4-4a30-a6f3-1941227753d0",7,"push","manner","pair088","The politician pushed the policy.","The athlete pushed the limit.",0,95,1954
"f2bdd6bb-adf4-4a30-a6f3-1941227753d0",7,"break","result","pair100","The company broke the law.","The guest broke the plate.",0,100,2042
"f2bdd6bb-adf4-4a30-a6f3-1941227753d0",7,"open","result","pair096","The consultant opened the discussion.","The farmer opened the gate.",0,85,2377
"f2bdd6bb-adf4-4a30-a6f3-1941227753d0",7,"pull","manner","pair092","The scandal pulled the reporters.","The worker pulled the lever.",0,98,1822
"f2bdd6bb-adf4-4a30-a6f3-1941227753d0",7,"shoot","manner","pair089","The director shot the scene.","The robber shot the victim.",0,100,2422
"f2bdd6bb-adf4-4a30-a6f3-1941227753d0",7,"hit","manner","pair093","The investor hit the goal.","The idea hit the researcher.",0,100,2221
"f2bdd6bb-adf4-4a30-a6f3-1941227753d0",7,"kill","result","pair101","The traveler killed the afternoon.","The cat killed the mouse.",0,100,4464
"f2bdd6bb-adf4-4a30-a6f3-1941227753d0",7,"kill","result","pair109","The mistake killed the proposal.","The joke killed the evening.",1,100,13313
"f2bdd6bb-adf4-4a30-a6f3-1941227753d0",7,"clear","result","pair085","The officer cleared the request.","The waiter cleared the table.",0,99,15655
"f2bdd6bb-adf4-4a30-a6f3-1941227753d0",7,"bump","manner","pair099","The ball bumped the couch.","The driver bumped the curb.",1,99,2725
"f2bdd6bb-adf4-4a30-a6f3-1941227753d0",7,"pull","manner","pair097","The business pulled the service.","The scandal pulled the reporters.",0,94,1955
"f2bdd6bb-adf4-4a30-a6f3-1941227753d0",7,"hit","manner","pair108","The traveler hit the delay.","The investor hit the goal.",1,98,1705
"f2bdd6bb-adf4-4a30-a6f3-1941227753d0",7,"fold","result","pair091","The child folded the paper.","The baker folded the flour.",0,97,1737
"f2bdd6bb-adf4-4a30-a6f3-1941227753d0",7,"fold","result","pair104","The manager folded the project.","The child folded the paper.",0,98,1687
"f2bdd6bb-adf4-4a30-a6f3-1941227753d0",7,"cover","result","pair105","The nurse covered the wound.","The insurance covered the damage.",0,96,1966
"f2bdd6bb-adf4-4a30-a6f3-1941227753d0",7,"close","result","pair107","The presenter closed the speech.","The chauffeur closed the door.",1,100,1658
"f2bdd6bb-adf4-4a30-a6f3-1941227753d0",7,"shoot","manner","pair106","The robber shot the victim.","The technician shot the fireworks.",0,76,1704
"0e6a6678-9f1e-425b-92b8-0afc7297c2ec",15,"kill","result","pair003","The business killed the competition.","The mistake killed the proposal.",0,77,8040
"0e6a6678-9f1e-425b-92b8-0afc7297c2ec",15,"shoot","manner","pair001","The director shot the scene.","The athlete shot the ball.",0,93,3264
"0e6a6678-9f1e-425b-92b8-0afc7297c2ec",15,"pull","manner","pair014","The advertisement pulled the customers.","The worker pulled the lever.",0,73,2944
"0e6a6678-9f1e-425b-92b8-0afc7297c2ec",15,"hit","manner","pair010","The solution hit the inventor.","The idea hit the researcher.",1,14,4255
"0e6a6678-9f1e-425b-92b8-0afc7297c2ec",15,"shoot","manner","pair002","The hunter shot the deer.","The technician shot the fireworks.",0,55,4872
"0e6a6678-9f1e-425b-92b8-0afc7297c2ec",15,"close","result","pair013","The lawyer closed the case.","The author closed the chapter.",0,46,4599
"0e6a6678-9f1e-425b-92b8-0afc7297c2ec",15,"push","manner","pair018","The politician pushed the policy.","The shopper pushed the cart.",0,78,2520
"0e6a6678-9f1e-425b-92b8-0afc7297c2ec",15,"kill","result","pair022","The mistake killed the proposal.","The cat killed the mouse.",1,84,3703
"0e6a6678-9f1e-425b-92b8-0afc7297c2ec",15,"kill","result","pair015","The couple killed the evening.","The joke killed the evening.",0,41,4967
"0e6a6678-9f1e-425b-92b8-0afc7297c2ec",15,"fold","result","pair006","The manager folded the project.","The chef folded the eggs.",0,84,2360
"0e6a6678-9f1e-425b-92b8-0afc7297c2ec",15,"cover","result","pair023","The channel covered the story.","The snow covered the footprints.",0,90,2944
"0e6a6678-9f1e-425b-92b8-0afc7297c2ec",15,"fold","result","pair017","The baker folded the flour.","The chef folded the eggs.",1,40,4368
"0e6a6678-9f1e-425b-92b8-0afc7297c2ec",15,"break","result","pair020","The doctor broke the news.","The burglar broke the window.",0,93,3440
"0e6a6678-9f1e-425b-92b8-0afc7297c2ec",15,"push","manner","pair019","The pilot pushed the button.","The shopper pushed the cart.",1,90,2248
"0e6a6678-9f1e-425b-92b8-0afc7297c2ec",15,"fill","result","pair008","The donations filled the need.","The farmer filled the bucket.",0,85,3207
"0e6a6678-9f1e-425b-92b8-0afc7297c2ec",15,"clear","result","pair011","The waiter cleared the table.","The worker cleared the rubble.",1,63,4696
"0e6a6678-9f1e-425b-92b8-0afc7297c2ec",15,"clear","result","pair005","The horse cleared the jump.","The worker cleared the rubble.",0,87,3199
"0e6a6678-9f1e-425b-92b8-0afc7297c2ec",15,"hit","manner","pair009","The traveler hit the delay.","The hurricane hit the coastline.",1,80,5056
"0e6a6678-9f1e-425b-92b8-0afc7297c2ec",15,"bump","manner","pair007","The dean bumped the meeting.","The gardener bumped the statue.",1,84,3048
"0e6a6678-9f1e-425b-92b8-0afc7297c2ec",15,"hit","manner","pair021","The investor hit the goal.","The batter hit the ball.",0,57,2599
"0e6a6678-9f1e-425b-92b8-0afc7297c2ec",15,"pull","manner","pair004","The business pulled the service.","The climber pulled the rope.",0,87,3128
"0e6a6678-9f1e-425b-92b8-0afc7297c2ec",15,"break","result","pair012","The president broke the promise.","The company broke the law.",1,86,6967
"0e6a6678-9f1e-425b-92b8-0afc7297c2ec",15,"open","result","pair016","The chairperson opened the meeting.","The farmer opened the gate.",0,93,2567
"452edfc3-6d3e-437e-87ce-7b4acda64703",4,"kill","result","pair156","The couple killed the evening.","The criminal killed the victim.",0,100,4126
"452edfc3-6d3e-437e-87ce-7b4acda64703",4,"close","result","pair153","The lawyer closed the case.","The presenter closed the speech.",0,100,6456
"452edfc3-6d3e-437e-87ce-7b4acda64703",4,"break","result","pair166","The president broke the promise.","The doctor broke the news.",0,100,3185
"452edfc3-6d3e-437e-87ce-7b4acda64703",4,"kill","result","pair167","The joke killed the evening.","The criminal killed the victim.",1,100,4595
"452edfc3-6d3e-437e-87ce-7b4acda64703",4,"hit","manner","pair151","The arrow hit the target.","The hurricane hit the coastline.",1,100,3801
"452edfc3-6d3e-437e-87ce-7b4acda64703",4,"fold","result","pair154","The founder folded the company.","The cleaner folded the clothes.",0,100,3780
"452edfc3-6d3e-437e-87ce-7b4acda64703",4,"kill","result","pair163","The business killed the competition.","The joke killed the evening.",0,100,4196
"452edfc3-6d3e-437e-87ce-7b4acda64703",4,"break","result","pair152","The doctor broke the news.","The guest broke the plate.",0,100,3148
"452edfc3-6d3e-437e-87ce-7b4acda64703",4,"hit","manner","pair159","The solution hit the inventor.","The child hit the pillow.",1,100,3706
"452edfc3-6d3e-437e-87ce-7b4acda64703",4,"push","manner","pair162","The company pushed the product.","The artwork pushed the boundaries.",0,100,3689
"452edfc3-6d3e-437e-87ce-7b4acda64703",4,"clear","result","pair149","The hiker cleared the obstacle.","The bookkeeper cleared the payment.",0,100,3247
"452edfc3-6d3e-437e-87ce-7b4acda64703",4,"pull","manner","pair168","The business pulled the service.","The worker pulled the lever.",0,100,3453
"452edfc3-6d3e-437e-87ce-7b4acda64703",4,"hit","manner","pair157","The traveler hit the delay.","The solution hit the inventor.",0,100,2975
"452edfc3-6d3e-437e-87ce-7b4acda64703",4,"fill","result","pair158","The donations filled the need.","The waiter filled the glass.",0,100,2825
"452edfc3-6d3e-437e-87ce-7b4acda64703",4,"shoot","manner","pair160","The director shot the scene.","The technician shot the fireworks.",0,100,5712
"452edfc3-6d3e-437e-87ce-7b4acda64703",4,"open","result","pair155","The teacher opened the window.","The farmer opened the gate.",1,100,3076
"452edfc3-6d3e-437e-87ce-7b4acda64703",4,"pull","manner","pair150","The climber pulled the rope.","The worker pulled the lever.",1,100,5718
"452edfc3-6d3e-437e-87ce-7b4acda64703",4,"shoot","manner","pair164","The athlete shot the ball.","The technician shot the fireworks.",1,100,3057
"452edfc3-6d3e-437e-87ce-7b4acda64703",4,"bump","manner","pair161","The dean bumped the meeting.","The ball bumped the couch.",0,100,2966
"452edfc3-6d3e-437e-87ce-7b4acda64703",4,"smear","manner","pair169","The journalist smeared the business.","The article smeared the celebrity.",1,79,4332
"452edfc3-6d3e-437e-87ce-7b4acda64703",4,"cover","result","pair165","The channel covered the story.","The nurse covered the wound.",0,100,2898
"fef85545-b8a3-408d-8323-bdfb5955cd55",4,"shoot","manner","pair164","The athlete shot the ball.","The technician shot the fireworks.",1,78,5317
"fef85545-b8a3-408d-8323-bdfb5955cd55",4,"close","result","pair153","The lawyer closed the case.","The presenter closed the speech.",0,41,7942
"fef85545-b8a3-408d-8323-bdfb5955cd55",4,"pull","manner","pair168","The business pulled the service.","The worker pulled the lever.",0,82,3209
"fef85545-b8a3-408d-8323-bdfb5955cd55",4,"pull","manner","pair150","The climber pulled the rope.","The worker pulled the lever.",1,71,6156
"fef85545-b8a3-408d-8323-bdfb5955cd55",4,"hit","manner","pair157","The traveler hit the delay.","The solution hit the inventor.",0,88,5190
"fef85545-b8a3-408d-8323-bdfb5955cd55",4,"kill","result","pair167","The joke killed the evening.","The criminal killed the victim.",1,89,3801
"fef85545-b8a3-408d-8323-bdfb5955cd55",4,"hit","manner","pair159","The solution hit the inventor.","The child hit the pillow.",1,80,5265
"fef85545-b8a3-408d-8323-bdfb5955cd55",4,"cover","result","pair165","The channel covered the story.","The nurse covered the wound.",0,86,3169
"fef85545-b8a3-408d-8323-bdfb5955cd55",4,"kill","result","pair163","The business killed the competition.","The joke killed the evening.",0,71,16614
"fef85545-b8a3-408d-8323-bdfb5955cd55",4,"break","result","pair152","The doctor broke the news.","The guest broke the plate.",0,82,3786
"fef85545-b8a3-408d-8323-bdfb5955cd55",4,"fold","result","pair154","The founder folded the company.","The cleaner folded the clothes.",0,83,3276
"fef85545-b8a3-408d-8323-bdfb5955cd55",4,"kill","result","pair156","The couple killed the evening.","The criminal killed the victim.",0,86,2376
"fef85545-b8a3-408d-8323-bdfb5955cd55",4,"shoot","manner","pair160","The director shot the scene.","The technician shot the fireworks.",0,72,2932
"fef85545-b8a3-408d-8323-bdfb5955cd55",4,"bump","manner","pair161","The dean bumped the meeting.","The ball bumped the couch.",0,84,5542
"fef85545-b8a3-408d-8323-bdfb5955cd55",4,"open","result","pair155","The teacher opened the window.","The farmer opened the gate.",1,38,21053
"fef85545-b8a3-408d-8323-bdfb5955cd55",4,"fill","result","pair158","The donations filled the need.","The waiter filled the glass.",0,71,2796
"fef85545-b8a3-408d-8323-bdfb5955cd55",4,"push","manner","pair162","The company pushed the product.","The artwork pushed the boundaries.",0,84,3464
"fef85545-b8a3-408d-8323-bdfb5955cd55",4,"hit","manner","pair151","The arrow hit the target.","The hurricane hit the coastline.",1,61,3412
"fef85545-b8a3-408d-8323-bdfb5955cd55",4,"clear","result","pair149","The hiker cleared the obstacle.","The bookkeeper cleared the payment.",0,87,3329
"fef85545-b8a3-408d-8323-bdfb5955cd55",4,"smear","manner","pair169","The journalist smeared the business.","The article smeared the celebrity.",1,84,6794
"fef85545-b8a3-408d-8323-bdfb5955cd55",4,"break","result","pair166","The president broke the promise.","The doctor broke the news.",0,72,3487
"7cfd6676-e7d1-4351-b5c0-ebd482981541",1,"fill","result","pair062","The festival filled the weekend.","The waiter filled the glass.",1,100,6320
"7cfd6676-e7d1-4351-b5c0-ebd482981541",1,"bump","manner","pair058","The teacher bumped the deadline.","The dean bumped the meeting.",1,63,4823
"7cfd6676-e7d1-4351-b5c0-ebd482981541",1,"shoot","manner","pair063","The photographer shot the wedding.","The athlete shot the ball.",0,100,2839
"7cfd6676-e7d1-4351-b5c0-ebd482981541",1,"close","result","pair052","The author closed the chapter.","The presenter closed the speech.",1,50,5807
"7cfd6676-e7d1-4351-b5c0-ebd482981541",1,"kill","result","pair049","The team killed the rivals.","The mistake killed the proposal.",0,100,21959
"7cfd6676-e7d1-4351-b5c0-ebd482981541",1,"hit","manner","pair060","The traveler hit the delay.","The batter hit the ball.",0,100,3711
"7cfd6676-e7d1-4351-b5c0-ebd482981541",1,"clear","result","pair055","The hiker cleared the obstacle.","The worker cleared the rubble.",0,72,6975
"7cfd6676-e7d1-4351-b5c0-ebd482981541",1,"hit","manner","pair056","The idea hit the researcher.","The batter hit the ball.",1,100,3215
"7cfd6676-e7d1-4351-b5c0-ebd482981541",1,"break","result","pair048","The burglar broke the window.","The guest broke the plate.",1,91,3623
"7cfd6676-e7d1-4351-b5c0-ebd482981541",1,"pull","manner","pair061","The regulators pulled the product.","The climber pulled the rope.",0,95,3216
"7cfd6676-e7d1-4351-b5c0-ebd482981541",1,"bump","manner","pair064","The waiter bumped the table.","The ball bumped the couch.",0,96,3224
"7cfd6676-e7d1-4351-b5c0-ebd482981541",1,"kill","result","pair057","The traveler killed the afternoon.","The team killed the rivals.",0,99,6127
"7cfd6676-e7d1-4351-b5c0-ebd482981541",1,"fill","result","pair066","The love filled the void.","The festival filled the weekend.",0,98,3320
"7cfd6676-e7d1-4351-b5c0-ebd482981541",1,"push","manner","pair059","The company pushed the product.","The shopper pushed the cart.",0,100,2799
"7cfd6676-e7d1-4351-b5c0-ebd482981541",1,"smear","manner","pair051","The article smeared the celebrity.","The baker smeared the frosting.",0,100,2640
"7cfd6676-e7d1-4351-b5c0-ebd482981541",1,"fold","result","pair050","The founder folded the company.","The chef folded the eggs.",0,98,3207
"7cfd6676-e7d1-4351-b5c0-ebd482981541",1,"cover","result","pair065","The snow covered the footprints.","The nurse covered the wound.",1,100,2575
"7cfd6676-e7d1-4351-b5c0-ebd482981541",1,"hit","manner","pair054","The arrow hit the target.","The child hit the pillow.",0,100,3335
"7cfd6676-e7d1-4351-b5c0-ebd482981541",1,"break","result","pair053","The president broke the promise.","The guest broke the plate.",0,100,2495
"f4d4cefb-ecca-4ced-8998-6d027b8d7c9a",2,"clear","result","pair131","The hiker cleared the obstacle.","The waiter cleared the table.",0,99,3781
"f4d4cefb-ecca-4ced-8998-6d027b8d7c9a",2,"fill","result","pair140","The love filled the void.","The donations filled the need.",1,100,8110
"f4d4cefb-ecca-4ced-8998-6d027b8d7c9a",2,"shoot","manner","pair142","The photographer shot the wedding.","The hunter shot the deer.",0,100,3802
"f4d4cefb-ecca-4ced-8998-6d027b8d7c9a",2,"break","result","pair135","The journalist broke the story.","The guest broke the plate.",0,100,4044
"f4d4cefb-ecca-4ced-8998-6d027b8d7c9a",2,"kill","result","pair144","The traveler killed the afternoon.","The business killed the competition.",0,100,4438
"f4d4cefb-ecca-4ced-8998-6d027b8d7c9a",2,"hit","manner","pair139","The idea hit the researcher.","The child hit the pillow.",1,100,3208
"f4d4cefb-ecca-4ced-8998-6d027b8d7c9a",2,"break","result","pair143","The president broke the promise.","The burglar broke the window.",0,100,3399
"f4d4cefb-ecca-4ced-8998-6d027b8d7c9a",2,"bump","manner","pair148","The waiter bumped the table.","The gardener bumped the statue.",1,99,4596
"f4d4cefb-ecca-4ced-8998-6d027b8d7c9a",2,"close","result","pair147","The lawyer closed the case.","The chauffeur closed the door.",0,100,3883
"f4d4cefb-ecca-4ced-8998-6d027b8d7c9a",2,"kill","result","pair146","The criminal killed the victim.","The cat killed the mouse.",1,52,3923
"f4d4cefb-ecca-4ced-8998-6d027b8d7c9a",2,"hit","manner","pair138","The traveler hit the delay.","The child hit the pillow.",0,100,5395
"f4d4cefb-ecca-4ced-8998-6d027b8d7c9a",2,"fill","result","pair133","The festival filled the weekend.","The farmer filled the bucket.",1,100,3384
"f4d4cefb-ecca-4ced-8998-6d027b8d7c9a",2,"pull","manner","pair130","The regulators pulled the product.","The advertisement pulled the customers.",0,100,3483
"f4d4cefb-ecca-4ced-8998-6d027b8d7c9a",2,"hit","manner","pair145","The arrow hit the target.","The idea hit the researcher.",0,100,4101
"f4d4cefb-ecca-4ced-8998-6d027b8d7c9a",2,"fold","result","pair141","The founder folded the company.","The baker folded the flour.",0,100,4567
"f4d4cefb-ecca-4ced-8998-6d027b8d7c9a",2,"kill","result","pair132","The business killed the competition.","The cat killed the mouse.",0,100,3177
"f4d4cefb-ecca-4ced-8998-6d027b8d7c9a",2,"push","manner","pair137","The company pushed the product.","The pilot pushed the button.",0,100,4329
"f4d4cefb-ecca-4ced-8998-6d027b8d7c9a",2,"cover","result","pair134","The channel covered the story.","The insurance covered the damage.",0,100,3182
"f4d4cefb-ecca-4ced-8998-6d027b8d7c9a",2,"smear","manner","pair136","The journalist smeared the business.","The artist smeared the paint.",0,100,3548
"7a1bde96-7bb5-40f9-8dfb-7d73372d9330",13,"hit","manner","pair073","The arrow hit the target.","The solution hit the inventor.",0,100,5411
"7a1bde96-7bb5-40f9-8dfb-7d73372d9330",13,"pull","manner","pair083","The regulators pulled the product.","The scandal pulled the reporters.",0,100,8802
"7a1bde96-7bb5-40f9-8dfb-7d73372d9330",13,"bump","manner","pair079","The dean bumped the meeting.","The driver bumped the curb.",0,100,3441
"7a1bde96-7bb5-40f9-8dfb-7d73372d9330",13,"hit","manner","pair076","The solution hit the inventor.","The batter hit the ball.",1,100,3393
"7a1bde96-7bb5-40f9-8dfb-7d73372d9330",13,"cover","result","pair078","The channel covered the story.","The policy covered the accident.",0,100,4853
"7a1bde96-7bb5-40f9-8dfb-7d73372d9330",13,"break","result","pair069","The president broke the promise.","The journalist broke the story.",0,100,4119
"7a1bde96-7bb5-40f9-8dfb-7d73372d9330",13,"kill","result","pair077","The business killed the competition.","The criminal killed the victim.",0,100,3018
"7a1bde96-7bb5-40f9-8dfb-7d73372d9330",13,"hit","manner","pair074","The traveler hit the delay.","The idea hit the researcher.",0,100,4932
"7a1bde96-7bb5-40f9-8dfb-7d73372d9330",13,"close","result","pair075","The lawyer closed the case.","The baker closed the oven.",0,100,2045
"7a1bde96-7bb5-40f9-8dfb-7d73372d9330",13,"kill","result","pair081","The couple killed the evening.","The cat killed the mouse.",0,100,3068
"7a1bde96-7bb5-40f9-8dfb-7d73372d9330",13,"clear","result","pair070","The hiker cleared the obstacle.","The officer cleared the request.",0,100,4137
"7a1bde96-7bb5-40f9-8dfb-7d73372d9330",13,"break","result","pair082","The journalist broke the story.","The burglar broke the window.",0,100,3965
"7a1bde96-7bb5-40f9-8dfb-7d73372d9330",13,"fill","result","pair084","The festival filled the weekend.","The secretary filled the schedule.",1,100,3123
"7a1bde96-7bb5-40f9-8dfb-7d73372d9330",13,"smear","manner","pair068","The journalist smeared the business.","The baker smeared the frosting.",0,100,7971
"7a1bde96-7bb5-40f9-8dfb-7d73372d9330",13,"shoot","manner","pair080","The photographer shot the wedding.","The robber shot the victim.",0,100,2150
"7a1bde96-7bb5-40f9-8dfb-7d73372d9330",13,"fold","result","pair072","The founder folded the company.","The child folded the paper.",0,100,2306
"7a1bde96-7bb5-40f9-8dfb-7d73372d9330",13,"kill","result","pair071","The joke killed the evening.","The cat killed the mouse.",1,100,2934
"7a1bde96-7bb5-40f9-8dfb-7d73372d9330",13,"push","manner","pair067","The company pushed the product.","The athlete pushed the limit.",0,100,2632
"1a6544a2-f696-4aa6-bc4d-4168dd6f4e03",14,"cover","result","pair165","The channel covered the story.","The nurse covered the wound.",0,100,3782
"1a6544a2-f696-4aa6-bc4d-4168dd6f4e03",14,"fill","result","pair158","The donations filled the need.","The waiter filled the glass.",0,64,4400
"1a6544a2-f696-4aa6-bc4d-4168dd6f4e03",14,"close","result","pair153","The lawyer closed the case.","The presenter closed the speech.",0,59,3982
"1a6544a2-f696-4aa6-bc4d-4168dd6f4e03",14,"smear","manner","pair169","The journalist smeared the business.","The article smeared the celebrity.",1,75,4533
"1a6544a2-f696-4aa6-bc4d-4168dd6f4e03",14,"push","manner","pair162","The company pushed the product.","The artwork pushed the boundaries.",0,95,3884
"1a6544a2-f696-4aa6-bc4d-4168dd6f4e03",14,"open","result","pair155","The teacher opened the window.","The farmer opened the gate.",1,67,3752
"1a6544a2-f696-4aa6-bc4d-4168dd6f4e03",14,"clear","result","pair149","The hiker cleared the obstacle.","The bookkeeper cleared the payment.",0,60,5514
"1a6544a2-f696-4aa6-bc4d-4168dd6f4e03",14,"kill","result","pair156","The couple killed the evening.","The criminal killed the victim.",0,100,3983
"1a6544a2-f696-4aa6-bc4d-4168dd6f4e03",14,"hit","manner","pair157","The traveler hit the delay.","The solution hit the inventor.",0,93,4916
"1a6544a2-f696-4aa6-bc4d-4168dd6f4e03",14,"kill","result","pair163","The business killed the competition.","The joke killed the evening.",0,59,4717
"1a6544a2-f696-4aa6-bc4d-4168dd6f4e03",14,"shoot","manner","pair160","The director shot the scene.","The technician shot the fireworks.",0,57,6598
"1a6544a2-f696-4aa6-bc4d-4168dd6f4e03",14,"kill","result","pair167","The joke killed the evening.","The criminal killed the victim.",1,100,3103
"1a6544a2-f696-4aa6-bc4d-4168dd6f4e03",14,"hit","manner","pair159","The solution hit the inventor.","The child hit the pillow.",1,100,6400
"1a6544a2-f696-4aa6-bc4d-4168dd6f4e03",14,"fold","result","pair154","The founder folded the company.","The cleaner folded the clothes.",0,78,5133
"1a6544a2-f696-4aa6-bc4d-4168dd6f4e03",14,"break","result","pair152","The doctor broke the news.","The guest broke the plate.",0,100,3170
"1a6544a2-f696-4aa6-bc4d-4168dd6f4e03",14,"bump","manner","pair161","The dean bumped the meeting.","The ball bumped the couch.",0,100,3813
"1a6544a2-f696-4aa6-bc4d-4168dd6f4e03",14,"break","result","pair166","The president broke the promise.","The doctor broke the news.",0,82,3317
"1a6544a2-f696-4aa6-bc4d-4168dd6f4e03",14,"shoot","manner","pair164","The athlete shot the ball.","The technician shot the fireworks.",1,67,3351
"1a6544a2-f696-4aa6-bc4d-4168dd6f4e03",14,"pull","manner","pair168","The business pulled the service.","The worker pulled the lever.",0,75,5433
"1a6544a2-f696-4aa6-bc4d-4168dd6f4e03",14,"hit","manner","pair151","The arrow hit the target.","The hurricane hit the coastline.",1,61,3551
"1a6544a2-f696-4aa6-bc4d-4168dd6f4e03",14,"pull","manner","pair150","The climber pulled the rope.","The worker pulled the lever.",1,37,4351
"e7d6bf11-8c67-47d6-8158-ae40afe2587f",3,"fold","result","pair072","The founder folded the company.","The child folded the paper.",0,100,4382
"e7d6bf11-8c67-47d6-8158-ae40afe2587f",3,"close","result","pair075","The lawyer closed the case.","The baker closed the oven.",0,100,4105
"e7d6bf11-8c67-47d6-8158-ae40afe2587f",3,"kill","result","pair071","The joke killed the evening.","The cat killed the mouse.",1,100,4043
"e7d6bf11-8c67-47d6-8158-ae40afe2587f",3,"bump","manner","pair079","The dean bumped the meeting.","The driver bumped the curb.",0,100,4008
"e7d6bf11-8c67-47d6-8158-ae40afe2587f",3,"cover","result","pair078","The channel covered the story.","The policy covered the accident.",0,100,4645
"e7d6bf11-8c67-47d6-8158-ae40afe2587f",3,"break","result","pair069","The president broke the promise.","The journalist broke the story.",0,100,4609
"e7d6bf11-8c67-47d6-8158-ae40afe2587f",3,"shoot","manner","pair080","The photographer shot the wedding.","The robber shot the victim.",0,100,2830
"e7d6bf11-8c67-47d6-8158-ae40afe2587f",3,"push","manner","pair067","The company pushed the product.","The athlete pushed the limit.",0,100,2830
"e7d6bf11-8c67-47d6-8158-ae40afe2587f",3,"smear","manner","pair068","The journalist smeared the business.","The baker smeared the frosting.",0,100,2976
"e7d6bf11-8c67-47d6-8158-ae40afe2587f",3,"pull","manner","pair083","The regulators pulled the product.","The scandal pulled the reporters.",0,100,3535
"e7d6bf11-8c67-47d6-8158-ae40afe2587f",3,"break","result","pair082","The journalist broke the story.","The burglar broke the window.",0,100,1985
"e7d6bf11-8c67-47d6-8158-ae40afe2587f",3,"hit","manner","pair073","The arrow hit the target.","The solution hit the inventor.",0,100,2569
"e7d6bf11-8c67-47d6-8158-ae40afe2587f",3,"hit","manner","pair074","The traveler hit the delay.","The idea hit the researcher.",0,100,3039
"e7d6bf11-8c67-47d6-8158-ae40afe2587f",3,"hit","manner","pair076","The solution hit the inventor.","The batter hit the ball.",1,100,3232
"e7d6bf11-8c67-47d6-8158-ae40afe2587f",3,"fill","result","pair084","The festival filled the weekend.","The secretary filled the schedule.",1,100,2817
"e7d6bf11-8c67-47d6-8158-ae40afe2587f",3,"kill","result","pair077","The business killed the competition.","The criminal killed the victim.",0,100,3274
"e7d6bf11-8c67-47d6-8158-ae40afe2587f",3,"kill","result","pair081","The couple killed the evening.","The cat killed the mouse.",0,100,3883
"e7d6bf11-8c67-47d6-8158-ae40afe2587f",3,"clear","result","pair070","The hiker cleared the obstacle.","The officer cleared the request.",0,100,2721
"6c438eff-2b97-45a7-89b0-e70352250227",12,"shoot","manner","pair142","The photographer shot the wedding.","The hunter shot the deer.",0,61,2527
"6c438eff-2b97-45a7-89b0-e70352250227",12,"kill","result","pair146","The criminal killed the victim.","The cat killed the mouse.",1,52,2893
"6c438eff-2b97-45a7-89b0-e70352250227",12,"bump","manner","pair148","The waiter bumped the table.","The gardener bumped the statue.",1,51,1829
"6c438eff-2b97-45a7-89b0-e70352250227",12,"hit","manner","pair139","The idea hit the researcher.","The child hit the pillow.",1,54,2703
"6c438eff-2b97-45a7-89b0-e70352250227",12,"break","result","pair143","The president broke the promise.","The burglar broke the window.",0,67,2401
"6c438eff-2b97-45a7-89b0-e70352250227",12,"hit","manner","pair145","The arrow hit the target.","The idea hit the researcher.",0,56,2871
"6c438eff-2b97-45a7-89b0-e70352250227",12,"fold","result","pair141","The founder folded the company.","The baker folded the flour.",0,77,2688
"6c438eff-2b97-45a7-89b0-e70352250227",12,"push","manner","pair137","The company pushed the product.","The pilot pushed the button.",0,80,2279
"6c438eff-2b97-45a7-89b0-e70352250227",12,"kill","result","pair144","The traveler killed the afternoon.","The business killed the competition.",0,67,2046
"6c438eff-2b97-45a7-89b0-e70352250227",12,"hit","manner","pair138","The traveler hit the delay.","The child hit the pillow.",0,79,8140
"6c438eff-2b97-45a7-89b0-e70352250227",12,"fill","result","pair140","The love filled the void.","The donations filled the need.",1,54,2406
"6c438eff-2b97-45a7-89b0-e70352250227",12,"kill","result","pair132","The business killed the competition.","The cat killed the mouse.",0,75,1773
"6c438eff-2b97-45a7-89b0-e70352250227",12,"cover","result","pair134","The channel covered the story.","The insurance covered the damage.",0,58,1841
"6c438eff-2b97-45a7-89b0-e70352250227",12,"close","result","pair147","The lawyer closed the case.","The chauffeur closed the door.",0,71,2207
"6c438eff-2b97-45a7-89b0-e70352250227",12,"pull","manner","pair130","The regulators pulled the product.","The advertisement pulled the customers.",0,47,2176
"6c438eff-2b97-45a7-89b0-e70352250227",12,"clear","result","pair131","The hiker cleared the obstacle.","The waiter cleared the table.",0,61,1738
"6c438eff-2b97-45a7-89b0-e70352250227",12,"break","result","pair135","The journalist broke the story.","The guest broke the plate.",0,52,1992
"6c438eff-2b97-45a7-89b0-e70352250227",12,"fill","result","pair133","The festival filled the weekend.","The farmer filled the bucket.",1,54,2430
"6c438eff-2b97-45a7-89b0-e70352250227",12,"smear","manner","pair136","The journalist smeared the business.","The artist smeared the paint.",0,63,2752
"386eb8da-5450-41a0-8323-615a1ac26ced",3,"break","result","pair069","The president broke the promise.","The journalist broke the story.",0,100,4160
"386eb8da-5450-41a0-8323-615a1ac26ced",3,"bump","manner","pair079","The dean bumped the meeting.","The driver bumped the curb.",0,93,4745
"386eb8da-5450-41a0-8323-615a1ac26ced",3,"hit","manner","pair074","The traveler hit the delay.","The idea hit the researcher.",0,95,31737
"386eb8da-5450-41a0-8323-615a1ac26ced",3,"fold","result","pair072","The founder folded the company.","The child folded the paper.",0,97,5975
"386eb8da-5450-41a0-8323-615a1ac26ced",3,"push","manner","pair067","The company pushed the product.","The athlete pushed the limit.",0,56,7342
"386eb8da-5450-41a0-8323-615a1ac26ced",3,"kill","result","pair081","The couple killed the evening.","The cat killed the mouse.",0,100,16215
"386eb8da-5450-41a0-8323-615a1ac26ced",3,"hit","manner","pair073","The arrow hit the target.","The solution hit the inventor.",0,75,6122
"386eb8da-5450-41a0-8323-615a1ac26ced",3,"cover","result","pair078","The channel covered the story.","The policy covered the accident.",0,58,8357
"386eb8da-5450-41a0-8323-615a1ac26ced",3,"kill","result","pair077","The business killed the competition.","The criminal killed the victim.",0,99,5591
"386eb8da-5450-41a0-8323-615a1ac26ced",3,"break","result","pair082","The journalist broke the story.","The burglar broke the window.",0,100,4264
"386eb8da-5450-41a0-8323-615a1ac26ced",3,"pull","manner","pair083","The regulators pulled the product.","The scandal pulled the reporters.",0,100,14450
"386eb8da-5450-41a0-8323-615a1ac26ced",3,"close","result","pair075","The lawyer closed the case.","The baker closed the oven.",0,82,3904
"386eb8da-5450-41a0-8323-615a1ac26ced",3,"clear","result","pair070","The hiker cleared the obstacle.","The officer cleared the request.",0,59,4380
"386eb8da-5450-41a0-8323-615a1ac26ced",3,"hit","manner","pair076","The solution hit the inventor.","The batter hit the ball.",1,71,9412
"386eb8da-5450-41a0-8323-615a1ac26ced",3,"kill","result","pair071","The joke killed the evening.","The cat killed the mouse.",1,100,5128
"386eb8da-5450-41a0-8323-615a1ac26ced",3,"shoot","manner","pair080","The photographer shot the wedding.","The robber shot the victim.",0,100,4172
"386eb8da-5450-41a0-8323-615a1ac26ced",3,"fill","result","pair084","The festival filled the weekend.","The secretary filled the schedule.",1,67,6567
"386eb8da-5450-41a0-8323-615a1ac26ced",3,"smear","manner","pair068","The journalist smeared the business.","The baker smeared the frosting.",0,95,5724
"edb0f7c0-030b-4261-9f19-9b39aca697fa",2,"hit","manner","pair139","The idea hit the researcher.","The child hit the pillow.",1,70,4596
"edb0f7c0-030b-4261-9f19-9b39aca697fa",2,"fill","result","pair140","The love filled the void.","The donations filled the need.",1,29,7176
"edb0f7c0-030b-4261-9f19-9b39aca697fa",2,"break","result","pair143","The president broke the promise.","The burglar broke the window.",0,37,6760
"edb0f7c0-030b-4261-9f19-9b39aca697fa",2,"break","result","pair135","The journalist broke the story.","The guest broke the plate.",0,70,7167
"edb0f7c0-030b-4261-9f19-9b39aca697fa",2,"close","result","pair147","The lawyer closed the case.","The chauffeur closed the door.",0,51,4921
"edb0f7c0-030b-4261-9f19-9b39aca697fa",2,"clear","result","pair131","The hiker cleared the obstacle.","The waiter cleared the table.",0,14,4722
"edb0f7c0-030b-4261-9f19-9b39aca697fa",2,"cover","result","pair134","The channel covered the story.","The insurance covered the damage.",0,46,4251
"edb0f7c0-030b-4261-9f19-9b39aca697fa",2,"pull","manner","pair130","The regulators pulled the product.","The advertisement pulled the customers.",0,68,5632
"edb0f7c0-030b-4261-9f19-9b39aca697fa",2,"kill","result","pair144","The traveler killed the afternoon.","The business killed the competition.",0,42,6712
"edb0f7c0-030b-4261-9f19-9b39aca697fa",2,"bump","manner","pair148","The waiter bumped the table.","The gardener bumped the statue.",1,8,4254
"edb0f7c0-030b-4261-9f19-9b39aca697fa",2,"fold","result","pair141","The founder folded the company.","The baker folded the flour.",0,90,9843
"edb0f7c0-030b-4261-9f19-9b39aca697fa",2,"push","manner","pair137","The company pushed the product.","The pilot pushed the button.",0,62,5197
"edb0f7c0-030b-4261-9f19-9b39aca697fa",2,"smear","manner","pair136","The journalist smeared the business.","The artist smeared the paint.",0,76,4035
"edb0f7c0-030b-4261-9f19-9b39aca697fa",2,"hit","manner","pair138","The traveler hit the delay.","The child hit the pillow.",0,71,5779
"edb0f7c0-030b-4261-9f19-9b39aca697fa",2,"shoot","manner","pair142","The photographer shot the wedding.","The hunter shot the deer.",0,88,4214
"edb0f7c0-030b-4261-9f19-9b39aca697fa",2,"kill","result","pair132","The business killed the competition.","The cat killed the mouse.",0,73,4432
"edb0f7c0-030b-4261-9f19-9b39aca697fa",2,"kill","result","pair146","The criminal killed the victim.","The cat killed the mouse.",1,33,5147
"edb0f7c0-030b-4261-9f19-9b39aca697fa",2,"hit","manner","pair145","The arrow hit the target.","The idea hit the researcher.",0,49,5256
"edb0f7c0-030b-4261-9f19-9b39aca697fa",2,"fill","result","pair133","The festival filled the weekend.","The farmer filled the bucket.",1,49,4077
"838793ef-5061-46db-be8a-35f71675bbe4",12,"kill","result","pair144","The traveler killed the afternoon.","The business killed the competition.",0,71,9255
"838793ef-5061-46db-be8a-35f71675bbe4",12,"bump","manner","pair148","The waiter bumped the table.","The gardener bumped the statue.",1,10,5423
"838793ef-5061-46db-be8a-35f71675bbe4",12,"kill","result","pair146","The criminal killed the victim.","The cat killed the mouse.",1,98,7303
"838793ef-5061-46db-be8a-35f71675bbe4",12,"close","result","pair147","The lawyer closed the case.","The chauffeur closed the door.",0,92,6351
"838793ef-5061-46db-be8a-35f71675bbe4",12,"clear","result","pair131","The hiker cleared the obstacle.","The waiter cleared the table.",0,35,5799
"838793ef-5061-46db-be8a-35f71675bbe4",12,"hit","manner","pair138","The traveler hit the delay.","The child hit the pillow.",0,100,6087
"838793ef-5061-46db-be8a-35f71675bbe4",12,"hit","manner","pair139","The idea hit the researcher.","The child hit the pillow.",1,100,4319
"838793ef-5061-46db-be8a-35f71675bbe4",12,"pull","manner","pair130","The regulators pulled the product.","The advertisement pulled the customers.",0,100,5599
"838793ef-5061-46db-be8a-35f71675bbe4",12,"cover","result","pair134","The channel covered the story.","The insurance covered the damage.",0,100,13191
"838793ef-5061-46db-be8a-35f71675bbe4",12,"fill","result","pair133","The festival filled the weekend.","The farmer filled the bucket.",1,100,2991
"838793ef-5061-46db-be8a-35f71675bbe4",12,"hit","manner","pair145","The arrow hit the target.","The idea hit the researcher.",0,43,7063
"838793ef-5061-46db-be8a-35f71675bbe4",12,"kill","result","pair132","The business killed the competition.","The cat killed the mouse.",0,100,3711
"838793ef-5061-46db-be8a-35f71675bbe4",12,"fill","result","pair140","The love filled the void.","The donations filled the need.",1,40,5895
"838793ef-5061-46db-be8a-35f71675bbe4",12,"break","result","pair135","The journalist broke the story.","The guest broke the plate.",0,100,2679
"838793ef-5061-46db-be8a-35f71675bbe4",12,"shoot","manner","pair142","The photographer shot the wedding.","The hunter shot the deer.",0,100,2575
"838793ef-5061-46db-be8a-35f71675bbe4",12,"break","result","pair143","The president broke the promise.","The burglar broke the window.",0,100,3095
"838793ef-5061-46db-be8a-35f71675bbe4",12,"fold","result","pair141","The founder folded the company.","The baker folded the flour.",0,100,4247
"838793ef-5061-46db-be8a-35f71675bbe4",12,"push","manner","pair137","The company pushed the product.","The pilot pushed the button.",0,100,2911
"838793ef-5061-46db-be8a-35f71675bbe4",12,"smear","manner","pair136","The journalist smeared the business.","The artist smeared the paint.",0,100,3967
"fe6e165f-a1cf-401e-ac13-247b9652508e",11,"kill","result","pair049","The team killed the rivals.","The mistake killed the proposal.",0,70,2428
"fe6e165f-a1cf-401e-ac13-247b9652508e",11,"kill","result","pair057","The traveler killed the afternoon.","The team killed the rivals.",0,81,2464
"fe6e165f-a1cf-401e-ac13-247b9652508e",11,"fill","result","pair066","The love filled the void.","The festival filled the weekend.",0,83,3195
"fe6e165f-a1cf-401e-ac13-247b9652508e",11,"shoot","manner","pair063","The photographer shot the wedding.","The athlete shot the ball.",0,80,2296
"fe6e165f-a1cf-401e-ac13-247b9652508e",11,"clear","result","pair055","The hiker cleared the obstacle.","The worker cleared the rubble.",0,71,2278
"fe6e165f-a1cf-401e-ac13-247b9652508e",11,"pull","manner","pair061","The regulators pulled the product.","The climber pulled the rope.",0,77,1464
"fe6e165f-a1cf-401e-ac13-247b9652508e",11,"bump","manner","pair058","The teacher bumped the deadline.","The dean bumped the meeting.",1,80,5644
"fe6e165f-a1cf-401e-ac13-247b9652508e",11,"hit","manner","pair054","The arrow hit the target.","The child hit the pillow.",0,74,2217
"fe6e165f-a1cf-401e-ac13-247b9652508e",11,"hit","manner","pair060","The traveler hit the delay.","The batter hit the ball.",0,67,1447
"fe6e165f-a1cf-401e-ac13-247b9652508e",11,"bump","manner","pair064","The waiter bumped the table.","The ball bumped the couch.",0,52,1148
"fe6e165f-a1cf-401e-ac13-247b9652508e",11,"smear","manner","pair051","The article smeared the celebrity.","The baker smeared the frosting.",0,74,2263
"fe6e165f-a1cf-401e-ac13-247b9652508e",11,"hit","manner","pair056","The idea hit the researcher.","The batter hit the ball.",1,71,1513
"fe6e165f-a1cf-401e-ac13-247b9652508e",11,"push","manner","pair059","The company pushed the product.","The shopper pushed the cart.",0,51,3629
"fe6e165f-a1cf-401e-ac13-247b9652508e",11,"fill","result","pair062","The festival filled the weekend.","The waiter filled the glass.",1,55,2429
"fe6e165f-a1cf-401e-ac13-247b9652508e",11,"break","result","pair053","The president broke the promise.","The guest broke the plate.",0,69,1380
"fe6e165f-a1cf-401e-ac13-247b9652508e",11,"close","result","pair052","The author closed the chapter.","The presenter closed the speech.",1,58,1548
"fe6e165f-a1cf-401e-ac13-247b9652508e",11,"fold","result","pair050","The founder folded the company.","The chef folded the eggs.",0,68,1679
"fe6e165f-a1cf-401e-ac13-247b9652508e",11,"break","result","pair048","The burglar broke the window.","The guest broke the plate.",1,63,1780
"fe6e165f-a1cf-401e-ac13-247b9652508e",11,"cover","result","pair065","The snow covered the footprints.","The nurse covered the wound.",1,41,1146
"a5135cb6-2b62-4bb0-bcb4-94f1ddb1023f",15,"break","result","pair012","The president broke the promise.","The company broke the law.",1,41,4623
"a5135cb6-2b62-4bb0-bcb4-94f1ddb1023f",15,"fold","result","pair017","The baker folded the flour.","The chef folded the eggs.",1,24,7176
"a5135cb6-2b62-4bb0-bcb4-94f1ddb1023f",15,"clear","result","pair011","The waiter cleared the table.","The worker cleared the rubble.",1,28,6644
"a5135cb6-2b62-4bb0-bcb4-94f1ddb1023f",15,"shoot","manner","pair002","The hunter shot the deer.","The technician shot the fireworks.",0,46,6831
"a5135cb6-2b62-4bb0-bcb4-94f1ddb1023f",15,"push","manner","pair018","The politician pushed the policy.","The shopper pushed the cart.",0,59,3642
"a5135cb6-2b62-4bb0-bcb4-94f1ddb1023f",15,"clear","result","pair005","The horse cleared the jump.","The worker cleared the rubble.",0,64,4466
"a5135cb6-2b62-4bb0-bcb4-94f1ddb1023f",15,"pull","manner","pair004","The business pulled the service.","The climber pulled the rope.",0,70,4069
"a5135cb6-2b62-4bb0-bcb4-94f1ddb1023f",15,"pull","manner","pair014","The advertisement pulled the customers.","The worker pulled the lever.",0,62,4365
"a5135cb6-2b62-4bb0-bcb4-94f1ddb1023f",15,"fold","result","pair006","The manager folded the project.","The chef folded the eggs.",0,67,3504
"a5135cb6-2b62-4bb0-bcb4-94f1ddb1023f",15,"kill","result","pair022","The mistake killed the proposal.","The cat killed the mouse.",1,63,3612
"a5135cb6-2b62-4bb0-bcb4-94f1ddb1023f",15,"push","manner","pair019","The pilot pushed the button.","The shopper pushed the cart.",1,45,6658
"a5135cb6-2b62-4bb0-bcb4-94f1ddb1023f",15,"hit","manner","pair010","The solution hit the inventor.","The idea hit the researcher.",1,17,6744
"a5135cb6-2b62-4bb0-bcb4-94f1ddb1023f",15,"open","result","pair016","The chairperson opened the meeting.","The farmer opened the gate.",0,57,3287
"a5135cb6-2b62-4bb0-bcb4-94f1ddb1023f",15,"close","result","pair013","The lawyer closed the case.","The author closed the chapter.",0,48,7272
"a5135cb6-2b62-4bb0-bcb4-94f1ddb1023f",15,"cover","result","pair023","The channel covered the story.","The snow covered the footprints.",0,63,4187
"a5135cb6-2b62-4bb0-bcb4-94f1ddb1023f",15,"hit","manner","pair021","The investor hit the goal.","The batter hit the ball.",0,55,4023
"a5135cb6-2b62-4bb0-bcb4-94f1ddb1023f",15,"hit","manner","pair009","The traveler hit the delay.","The hurricane hit the coastline.",1,65,5929
"a5135cb6-2b62-4bb0-bcb4-94f1ddb1023f",15,"break","result","pair020","The doctor broke the news.","The burglar broke the window.",0,60,3565
"a5135cb6-2b62-4bb0-bcb4-94f1ddb1023f",15,"shoot","manner","pair001","The director shot the scene.","The athlete shot the ball.",0,57,3614
"a5135cb6-2b62-4bb0-bcb4-94f1ddb1023f",15,"bump","manner","pair007","The dean bumped the meeting.","The gardener bumped the statue.",1,62,5285
"a5135cb6-2b62-4bb0-bcb4-94f1ddb1023f",15,"kill","result","pair015","The couple killed the evening.","The joke killed the evening.",0,31,4100
"a5135cb6-2b62-4bb0-bcb4-94f1ddb1023f",15,"kill","result","pair003","The business killed the competition.","The mistake killed the proposal.",0,50,4935
"a5135cb6-2b62-4bb0-bcb4-94f1ddb1023f",15,"fill","result","pair008","The donations filled the need.","The farmer filled the bucket.",0,59,4887
"8d158c3d-bddc-462c-a814-a22302175ce7",9,"kill","result","pair038","The couple killed the evening.","The traveler killed the afternoon.",1,0,4463
"8d158c3d-bddc-462c-a814-a22302175ce7",9,"bump","manner","pair033","The teacher bumped the deadline.","The gardener bumped the statue.",1,100,3461
"8d158c3d-bddc-462c-a814-a22302175ce7",9,"fill","result","pair025","The secretary filled the schedule.","The waiter filled the glass.",1,37,6269
"8d158c3d-bddc-462c-a814-a22302175ce7",9,"close","result","pair037","The executive closed the deal.","The author closed the chapter.",0,96,4876
"8d158c3d-bddc-462c-a814-a22302175ce7",9,"pull","manner","pair040","The scandal pulled the reporters.","The advertisement pulled the customers.",1,48,5345
"8d158c3d-bddc-462c-a814-a22302175ce7",9,"hit","manner","pair035","The investor hit the goal.","The hurricane hit the coastline.",1,90,3156
"8d158c3d-bddc-462c-a814-a22302175ce7",9,"break","result","pair031","The company broke the law.","The journalist broke the story.",0,100,3048
"8d158c3d-bddc-462c-a814-a22302175ce7",9,"shoot","manner","pair047","The robber shot the victim.","The hunter shot the deer.",1,0,2437
"8d158c3d-bddc-462c-a814-a22302175ce7",9,"cover","result","pair045","The writer covered the election.","The snow covered the footprints.",0,100,3882
"8d158c3d-bddc-462c-a814-a22302175ce7",9,"fill","result","pair030","The love filled the void.","The farmer filled the bucket.",0,20,3880
"8d158c3d-bddc-462c-a814-a22302175ce7",9,"close","result","pair036","The author closed the chapter.","The chauffeur closed the door.",1,100,2491
"8d158c3d-bddc-462c-a814-a22302175ce7",9,"smear","manner","pair024","The baker smeared the frosting.","The artist smeared the paint.",1,17,7266
"8d158c3d-bddc-462c-a814-a22302175ce7",9,"open","result","pair027","The consultant opened the discussion.","The chairperson opened the meeting.",1,0,9023
"8d158c3d-bddc-462c-a814-a22302175ce7",9,"kill","result","pair041","The team killed the rivals.","The criminal killed the victim.",0,100,3050
"8d158c3d-bddc-462c-a814-a22302175ce7",9,"cover","result","pair032","The snow covered the footprints.","The insurance covered the damage.",0,100,3127
"8d158c3d-bddc-462c-a814-a22302175ce7",9,"bump","manner","pair028","The gardener bumped the statue.","The ball bumped the couch.",0,4,2906
"8d158c3d-bddc-462c-a814-a22302175ce7",9,"fold","result","pair043","The manager folded the project.","The founder folded the company.",1,53,3492
"8d158c3d-bddc-462c-a814-a22302175ce7",9,"kill","result","pair039","The traveler killed the afternoon.","The joke killed the evening.",0,52,4580
"8d158c3d-bddc-462c-a814-a22302175ce7",9,"push","manner","pair044","The artwork pushed the boundaries.","The pilot pushed the button.",0,100,4685
"8d158c3d-bddc-462c-a814-a22302175ce7",9,"fold","result","pair042","The cleaner folded the clothes.","The baker folded the flour.",0,28,3426
"8d158c3d-bddc-462c-a814-a22302175ce7",9,"clear","result","pair026","The horse cleared the jump.","The hiker cleared the obstacle.",1,0,2764
"8d158c3d-bddc-462c-a814-a22302175ce7",9,"push","manner","pair046","The politician pushed the policy.","The company pushed the product.",1,0,2718
"8d158c3d-bddc-462c-a814-a22302175ce7",9,"clear","result","pair034","The bookkeeper cleared the payment.","The waiter cleared the table.",0,95,3205
"8d158c3d-bddc-462c-a814-a22302175ce7",9,"hit","manner","pair029","The hurricane hit the coastline.","The solution hit the inventor.",0,100,3334
"802b00b3-e3eb-419b-9641-5b91f2c41820",1,"bump","manner","pair058","The teacher bumped the deadline.","The dean bumped the meeting.",1,50,38886
"802b00b3-e3eb-419b-9641-5b91f2c41820",1,"fold","result","pair050","The founder folded the company.","The chef folded the eggs.",0,94,3578
"802b00b3-e3eb-419b-9641-5b91f2c41820",1,"fill","result","pair066","The love filled the void.","The festival filled the weekend.",0,7,4260
"802b00b3-e3eb-419b-9641-5b91f2c41820",1,"clear","result","pair055","The hiker cleared the obstacle.","The worker cleared the rubble.",0,82,6019
"802b00b3-e3eb-419b-9641-5b91f2c41820",1,"kill","result","pair057","The traveler killed the afternoon.","The team killed the rivals.",0,92,7587
"802b00b3-e3eb-419b-9641-5b91f2c41820",1,"push","manner","pair059","The company pushed the product.","The shopper pushed the cart.",0,88,2089
"802b00b3-e3eb-419b-9641-5b91f2c41820",1,"bump","manner","pair064","The waiter bumped the table.","The ball bumped the couch.",0,67,9347
"802b00b3-e3eb-419b-9641-5b91f2c41820",1,"break","result","pair048","The burglar broke the window.","The guest broke the plate.",1,27,5082
"802b00b3-e3eb-419b-9641-5b91f2c41820",1,"hit","manner","pair056","The idea hit the researcher.","The batter hit the ball.",1,96,3607
"802b00b3-e3eb-419b-9641-5b91f2c41820",1,"close","result","pair052","The author closed the chapter.","The presenter closed the speech.",1,3,3733
"802b00b3-e3eb-419b-9641-5b91f2c41820",1,"pull","manner","pair061","The regulators pulled the product.","The climber pulled the rope.",0,96,2817
"802b00b3-e3eb-419b-9641-5b91f2c41820",1,"smear","manner","pair051","The article smeared the celebrity.","The baker smeared the frosting.",0,95,2164
"802b00b3-e3eb-419b-9641-5b91f2c41820",1,"hit","manner","pair060","The traveler hit the delay.","The batter hit the ball.",0,95,3235
"802b00b3-e3eb-419b-9641-5b91f2c41820",1,"break","result","pair053","The president broke the promise.","The guest broke the plate.",0,93,2250
"802b00b3-e3eb-419b-9641-5b91f2c41820",1,"cover","result","pair065","The snow covered the footprints.","The nurse covered the wound.",1,44,7354
"802b00b3-e3eb-419b-9641-5b91f2c41820",1,"hit","manner","pair054","The arrow hit the target.","The child hit the pillow.",0,43,3222
"802b00b3-e3eb-419b-9641-5b91f2c41820",1,"kill","result","pair049","The team killed the rivals.","The mistake killed the proposal.",0,61,7112
"802b00b3-e3eb-419b-9641-5b91f2c41820",1,"fill","result","pair062","The festival filled the weekend.","The waiter filled the glass.",1,68,4448
"802b00b3-e3eb-419b-9641-5b91f2c41820",1,"shoot","manner","pair063","The photographer shot the wedding.","The athlete shot the ball.",0,83,6032
"954a6beb-bc19-4832-8cd5-ea4d418c59ab",1,"break","result","pair053","The president broke the promise.","The guest broke the plate.",0,74,4951
"954a6beb-bc19-4832-8cd5-ea4d418c59ab",1,"break","result","pair048","The burglar broke the window.","The guest broke the plate.",1,23,3089
"954a6beb-bc19-4832-8cd5-ea4d418c59ab",1,"hit","manner","pair054","The arrow hit the target.","The child hit the pillow.",0,25,2231
"954a6beb-bc19-4832-8cd5-ea4d418c59ab",1,"shoot","manner","pair063","The photographer shot the wedding.","The athlete shot the ball.",0,70,3515
"954a6beb-bc19-4832-8cd5-ea4d418c59ab",1,"kill","result","pair049","The team killed the rivals.","The mistake killed the proposal.",0,72,4206
"954a6beb-bc19-4832-8cd5-ea4d418c59ab",1,"fill","result","pair062","The festival filled the weekend.","The waiter filled the glass.",1,76,4296
"954a6beb-bc19-4832-8cd5-ea4d418c59ab",1,"bump","manner","pair064","The waiter bumped the table.","The ball bumped the couch.",0,22,4551
"954a6beb-bc19-4832-8cd5-ea4d418c59ab",1,"kill","result","pair057","The traveler killed the afternoon.","The team killed the rivals.",0,96,4923
"954a6beb-bc19-4832-8cd5-ea4d418c59ab",1,"fill","result","pair066","The love filled the void.","The festival filled the weekend.",0,74,4971
"954a6beb-bc19-4832-8cd5-ea4d418c59ab",1,"close","result","pair052","The author closed the chapter.","The presenter closed the speech.",1,30,3670
"954a6beb-bc19-4832-8cd5-ea4d418c59ab",1,"hit","manner","pair056","The idea hit the researcher.","The batter hit the ball.",1,80,3269
"954a6beb-bc19-4832-8cd5-ea4d418c59ab",1,"hit","manner","pair060","The traveler hit the delay.","The batter hit the ball.",0,21,4955
"954a6beb-bc19-4832-8cd5-ea4d418c59ab",1,"push","manner","pair059","The company pushed the product.","The shopper pushed the cart.",0,25,2956
"954a6beb-bc19-4832-8cd5-ea4d418c59ab",1,"fold","result","pair050","The founder folded the company.","The chef folded the eggs.",0,77,4549
"954a6beb-bc19-4832-8cd5-ea4d418c59ab",1,"bump","manner","pair058","The teacher bumped the deadline.","The dean bumped the meeting.",1,26,3318
"954a6beb-bc19-4832-8cd5-ea4d418c59ab",1,"cover","result","pair065","The snow covered the footprints.","The nurse covered the wound.",1,72,12167
"954a6beb-bc19-4832-8cd5-ea4d418c59ab",1,"clear","result","pair055","The hiker cleared the obstacle.","The worker cleared the rubble.",0,14,3814
"954a6beb-bc19-4832-8cd5-ea4d418c59ab",1,"pull","manner","pair061","The regulators pulled the product.","The climber pulled the rope.",0,19,2761
"954a6beb-bc19-4832-8cd5-ea4d418c59ab",1,"smear","manner","pair051","The article smeared the celebrity.","The baker smeared the frosting.",0,76,4339
"18db2b01-8096-4303-a852-cc79a999207f",16,"bump","manner","pair193","The dean bumped the meeting.","The waiter bumped the table.",1,91,12742
"18db2b01-8096-4303-a852-cc79a999207f",16,"cover","result","pair187","The writer covered the election.","The insurance covered the damage.",0,28,5753
"18db2b01-8096-4303-a852-cc79a999207f",16,"hit","manner","pair174","The traveler hit the delay.","The arrow hit the target.",1,90,3791
"18db2b01-8096-4303-a852-cc79a999207f",16,"push","manner","pair170","The athlete pushed the limit.","The shopper pushed the cart.",0,91,3377
"18db2b01-8096-4303-a852-cc79a999207f",16,"clear","result","pair178","The horse cleared the jump.","The waiter cleared the table.",0,90,3911
"18db2b01-8096-4303-a852-cc79a999207f",16,"shoot","manner","pair184","The hunter shot the deer.","The athlete shot the ball.",0,90,4695
"18db2b01-8096-4303-a852-cc79a999207f",16,"hit","manner","pair191","The hurricane hit the coastline.","The batter hit the ball.",0,14,3611
"18db2b01-8096-4303-a852-cc79a999207f",16,"cover","result","pair192","The policy covered the accident.","The insurance covered the damage.",1,6,4950
"18db2b01-8096-4303-a852-cc79a999207f",16,"kill","result","pair182","The mistake killed the proposal.","The criminal killed the victim.",1,92,3891
"18db2b01-8096-4303-a852-cc79a999207f",16,"pull","manner","pair175","The business pulled the service.","The advertisement pulled the customers.",0,93,5476
"18db2b01-8096-4303-a852-cc79a999207f",16,"fill","result","pair186","The donations filled the need.","The secretary filled the schedule.",0,96,4469
"18db2b01-8096-4303-a852-cc79a999207f",16,"clear","result","pair177","The officer cleared the request.","The worker cleared the rubble.",0,92,4179
"18db2b01-8096-4303-a852-cc79a999207f",16,"kill","result","pair188","The business killed the competition.","The team killed the rivals.",1,8,4786
"18db2b01-8096-4303-a852-cc79a999207f",16,"close","result","pair176","The executive closed the deal.","The chauffeur closed the door.",0,93,3338
"18db2b01-8096-4303-a852-cc79a999207f",16,"shoot","manner","pair181","The director shot the scene.","The hunter shot the deer.",0,97,3025
"18db2b01-8096-4303-a852-cc79a999207f",16,"push","manner","pair180","The politician pushed the policy.","The pilot pushed the button.",0,94,8528
"18db2b01-8096-4303-a852-cc79a999207f",16,"close","result","pair185","The baker closed the oven.","The chauffeur closed the door.",1,13,3923
"18db2b01-8096-4303-a852-cc79a999207f",16,"kill","result","pair171","The couple killed the evening.","The mistake killed the proposal.",0,86,10134
"18db2b01-8096-4303-a852-cc79a999207f",16,"pull","manner","pair189","The advertisement pulled the customers.","The climber pulled the rope.",0,94,3040
"18db2b01-8096-4303-a852-cc79a999207f",16,"fold","result","pair190","The manager folded the project.","The baker folded the flour.",0,92,3136
"18db2b01-8096-4303-a852-cc79a999207f",16,"hit","manner","pair179","The investor hit the goal.","The child hit the pillow.",0,91,2545
"18db2b01-8096-4303-a852-cc79a999207f",16,"break","result","pair172","The doctor broke the news.","The journalist broke the story.",1,8,2640
"18db2b01-8096-4303-a852-cc79a999207f",16,"open","result","pair183","The chairperson opened the meeting.","The teacher opened the window.",0,90,5907
"18db2b01-8096-4303-a852-cc79a999207f",16,"fold","result","pair173","The child folded the paper.","The chef folded the eggs.",0,9,3443
"ed2cdde6-a03e-4e56-a288-9c668098a02d",13,"hit","manner","pair073","The arrow hit the target.","The solution hit the inventor.",0,69,7087
"ed2cdde6-a03e-4e56-a288-9c668098a02d",13,"pull","manner","pair083","The regulators pulled the product.","The scandal pulled the reporters.",0,58,8767
"ed2cdde6-a03e-4e56-a288-9c668098a02d",13,"bump","manner","pair079","The dean bumped the meeting.","The driver bumped the curb.",0,85,6087
"ed2cdde6-a03e-4e56-a288-9c668098a02d",13,"fill","result","pair084","The festival filled the weekend.","The secretary filled the schedule.",1,18,13215
"ed2cdde6-a03e-4e56-a288-9c668098a02d",13,"break","result","pair082","The journalist broke the story.","The burglar broke the window.",0,77,4191
"ed2cdde6-a03e-4e56-a288-9c668098a02d",13,"smear","manner","pair068","The journalist smeared the business.","The baker smeared the frosting.",0,86,3832
"ed2cdde6-a03e-4e56-a288-9c668098a02d",13,"shoot","manner","pair080","The photographer shot the wedding.","The robber shot the victim.",0,98,5543
"ed2cdde6-a03e-4e56-a288-9c668098a02d",13,"push","manner","pair067","The company pushed the product.","The athlete pushed the limit.",0,34,8991
"ed2cdde6-a03e-4e56-a288-9c668098a02d",13,"kill","result","pair071","The joke killed the evening.","The cat killed the mouse.",1,100,4223
"ed2cdde6-a03e-4e56-a288-9c668098a02d",13,"hit","manner","pair074","The traveler hit the delay.","The idea hit the researcher.",0,90,5103
"ed2cdde6-a03e-4e56-a288-9c668098a02d",13,"fold","result","pair072","The founder folded the company.","The child folded the paper.",0,91,5783
"ed2cdde6-a03e-4e56-a288-9c668098a02d",13,"kill","result","pair081","The couple killed the evening.","The cat killed the mouse.",0,93,5152
"ed2cdde6-a03e-4e56-a288-9c668098a02d",13,"hit","manner","pair076","The solution hit the inventor.","The batter hit the ball.",1,96,3480
"ed2cdde6-a03e-4e56-a288-9c668098a02d",13,"kill","result","pair077","The business killed the competition.","The criminal killed the victim.",0,98,4583
"ed2cdde6-a03e-4e56-a288-9c668098a02d",13,"clear","result","pair070","The hiker cleared the obstacle.","The officer cleared the request.",0,81,3247
"ed2cdde6-a03e-4e56-a288-9c668098a02d",13,"break","result","pair069","The president broke the promise.","The journalist broke the story.",0,19,4472
"ed2cdde6-a03e-4e56-a288-9c668098a02d",13,"close","result","pair075","The lawyer closed the case.","The baker closed the oven.",0,90,3775
"ed2cdde6-a03e-4e56-a288-9c668098a02d",13,"cover","result","pair078","The channel covered the story.","The policy covered the accident.",0,4,4367
"4a4cac5c-3b47-49c2-8688-faeee0cc78fb",18,"hit","manner","pair206","The hurricane hit the coastline.","The idea hit the researcher.",0,100,4383
"4a4cac5c-3b47-49c2-8688-faeee0cc78fb",18,"cover","result","pair205","The writer covered the election.","The nurse covered the wound.",0,100,3375
"4a4cac5c-3b47-49c2-8688-faeee0cc78fb",18,"kill","result","pair194","The couple killed the evening.","The business killed the competition.",0,81,8183
"4a4cac5c-3b47-49c2-8688-faeee0cc78fb",18,"push","manner","pair208","The politician pushed the policy.","The artwork pushed the boundaries.",0,70,9967
"4a4cac5c-3b47-49c2-8688-faeee0cc78fb",18,"clear","result","pair202","The horse cleared the jump.","The bookkeeper cleared the payment.",0,100,3863
"4a4cac5c-3b47-49c2-8688-faeee0cc78fb",18,"shoot","manner","pair200","The robber shot the victim.","The athlete shot the ball.",0,100,3615
"4a4cac5c-3b47-49c2-8688-faeee0cc78fb",18,"fold","result","pair213","The manager folded the project.","The cleaner folded the clothes.",0,100,4167
"4a4cac5c-3b47-49c2-8688-faeee0cc78fb",18,"break","result","pair209","The company broke the law.","The burglar broke the window.",0,100,5783
"4a4cac5c-3b47-49c2-8688-faeee0cc78fb",18,"close","result","pair197","The executive closed the deal.","The presenter closed the speech.",0,73,7951
"4a4cac5c-3b47-49c2-8688-faeee0cc78fb",18,"hit","manner","pair203","The investor hit the goal.","The solution hit the inventor.",0,100,7505
"4a4cac5c-3b47-49c2-8688-faeee0cc78fb",18,"kill","result","pair195","The team killed the rivals.","The cat killed the mouse.",0,100,4800
"4a4cac5c-3b47-49c2-8688-faeee0cc78fb",18,"close","result","pair207","The presenter closed the speech.","The baker closed the oven.",1,100,6375
"4a4cac5c-3b47-49c2-8688-faeee0cc78fb",18,"push","manner","pair199","The artwork pushed the boundaries.","The shopper pushed the cart.",0,100,5263
"4a4cac5c-3b47-49c2-8688-faeee0cc78fb",18,"open","result","pair210","The consultant opened the discussion.","The teacher opened the window.",0,100,9951
"4a4cac5c-3b47-49c2-8688-faeee0cc78fb",18,"bump","manner","pair217","The teacher bumped the deadline.","The ball bumped the couch.",0,100,4880
"4a4cac5c-3b47-49c2-8688-faeee0cc78fb",18,"pull","manner","pair204","The business pulled the service.","The regulators pulled the product.",1,77,7215
"4a4cac5c-3b47-49c2-8688-faeee0cc78fb",18,"cover","result","pair211","The nurse covered the wound.","The policy covered the accident.",0,95,5735
"4a4cac5c-3b47-49c2-8688-faeee0cc78fb",18,"fill","result","pair196","The farmer filled the bucket.","The waiter filled the glass.",1,57,8192
"4a4cac5c-3b47-49c2-8688-faeee0cc78fb",18,"pull","manner","pair214","The scandal pulled the reporters.","The climber pulled the rope.",0,96,20887
"4a4cac5c-3b47-49c2-8688-faeee0cc78fb",18,"fill","result","pair218","The love filled the void.","The waiter filled the glass.",0,93,3591
"4a4cac5c-3b47-49c2-8688-faeee0cc78fb",18,"clear","result","pair215","The bookkeeper cleared the payment.","The worker cleared the rubble.",0,91,3375
"4a4cac5c-3b47-49c2-8688-faeee0cc78fb",18,"kill","result","pair212","The traveler killed the afternoon.","The criminal killed the victim.",0,95,5430
"4a4cac5c-3b47-49c2-8688-faeee0cc78fb",18,"shoot","manner","pair216","The director shot the scene.","The photographer shot the wedding.",1,22,6511
"4a4cac5c-3b47-49c2-8688-faeee0cc78fb",18,"bump","manner","pair201","The gardener bumped the statue.","The driver bumped the curb.",0,49,9870
"4a4cac5c-3b47-49c2-8688-faeee0cc78fb",18,"fold","result","pair198","The cleaner folded the clothes.","The chef folded the eggs.",0,90,5550
"4b0597a0-3599-4498-bd70-001abc851832",0,"hit","manner","pair126","The arrow hit the target.","The batter hit the ball.",0,45,6465
"4b0597a0-3599-4498-bd70-001abc851832",0,"smear","manner","pair117","The article smeared the celebrity.","The artist smeared the paint.",0,96,5123
"4b0597a0-3599-4498-bd70-001abc851832",0,"cover","result","pair128","The snow covered the footprints.","The policy covered the accident.",0,88,4421
"4b0597a0-3599-4498-bd70-001abc851832",0,"close","result","pair118","The author closed the chapter.","The baker closed the oven.",1,79,4372
"4b0597a0-3599-4498-bd70-001abc851832",0,"cover","result","pair121","The writer covered the election.","The channel covered the story.",1,19,5577
"4b0597a0-3599-4498-bd70-001abc851832",0,"fill","result","pair120","The love filled the void.","The secretary filled the schedule.",0,96,5475
"4b0597a0-3599-4498-bd70-001abc851832",0,"bump","manner","pair129","The waiter bumped the table.","The driver bumped the curb.",0,28,5985
"4b0597a0-3599-4498-bd70-001abc851832",0,"kill","result","pair127","The traveler killed the afternoon.","The mistake killed the proposal.",0,52,8856
"4b0597a0-3599-4498-bd70-001abc851832",0,"clear","result","pair114","The bookkeeper cleared the payment.","The officer cleared the request.",1,43,6545
"4b0597a0-3599-4498-bd70-001abc851832",0,"kill","result","pair123","The team killed the rivals.","The joke killed the evening.",0,60,5713
"4b0597a0-3599-4498-bd70-001abc851832",0,"break","result","pair110","The company broke the law.","The doctor broke the news.",0,99,4828
"4b0597a0-3599-4498-bd70-001abc851832",0,"hit","manner","pair122","The investor hit the goal.","The arrow hit the target.",1,60,5203
"4b0597a0-3599-4498-bd70-001abc851832",0,"hit","manner","pair125","The child hit the pillow.","The batter hit the ball.",1,41,5346
"4b0597a0-3599-4498-bd70-001abc851832",0,"bump","manner","pair116","The teacher bumped the deadline.","The waiter bumped the table.",1,92,4163
"4b0597a0-3599-4498-bd70-001abc851832",0,"fold","result","pair113","The cleaner folded the clothes.","The child folded the paper.",1,46,6011
"4b0597a0-3599-4498-bd70-001abc851832",0,"push","manner","pair112","The artwork pushed the boundaries.","The athlete pushed the limit.",1,44,4858
"4b0597a0-3599-4498-bd70-001abc851832",0,"pull","manner","pair124","The regulators pulled the product.","The worker pulled the lever.",0,85,4872
"4b0597a0-3599-4498-bd70-001abc851832",0,"fill","result","pair111","The secretary filled the schedule.","The farmer filled the bucket.",1,85,4269
"4b0597a0-3599-4498-bd70-001abc851832",0,"shoot","manner","pair119","The photographer shot the wedding.","The technician shot the fireworks.",0,86,5070
"4b0597a0-3599-4498-bd70-001abc851832",0,"close","result","pair115","The executive closed the deal.","The lawyer closed the case.",1,44,4373
"7c995f4c-a58f-4b86-802e-474c617cbdcd",10,"pull","manner","pair124","The regulators pulled the product.","The worker pulled the lever.",0,100,4687
"7c995f4c-a58f-4b86-802e-474c617cbdcd",10,"fill","result","pair120","The love filled the void.","The secretary filled the schedule.",0,100,5770
"7c995f4c-a58f-4b86-802e-474c617cbdcd",10,"bump","manner","pair116","The teacher bumped the deadline.","The waiter bumped the table.",1,99,5956
"7c995f4c-a58f-4b86-802e-474c617cbdcd",10,"fold","result","pair113","The cleaner folded the clothes.","The child folded the paper.",1,33,3790
"7c995f4c-a58f-4b86-802e-474c617cbdcd",10,"shoot","manner","pair119","The photographer shot the wedding.","The technician shot the fireworks.",0,100,4749
"7c995f4c-a58f-4b86-802e-474c617cbdcd",10,"break","result","pair110","The company broke the law.","The doctor broke the news.",0,100,3300
"7c995f4c-a58f-4b86-802e-474c617cbdcd",10,"hit","manner","pair122","The investor hit the goal.","The arrow hit the target.",1,37,4604
"7c995f4c-a58f-4b86-802e-474c617cbdcd",10,"bump","manner","pair129","The waiter bumped the table.","The driver bumped the curb.",0,96,4349
"7c995f4c-a58f-4b86-802e-474c617cbdcd",10,"cover","result","pair128","The snow covered the footprints.","The policy covered the accident.",0,100,4938
"7c995f4c-a58f-4b86-802e-474c617cbdcd",10,"kill","result","pair127","The traveler killed the afternoon.","The mistake killed the proposal.",0,7,18566
"7c995f4c-a58f-4b86-802e-474c617cbdcd",10,"hit","manner","pair125","The child hit the pillow.","The batter hit the ball.",1,64,4226
"7c995f4c-a58f-4b86-802e-474c617cbdcd",10,"push","manner","pair112","The artwork pushed the boundaries.","The athlete pushed the limit.",1,52,5300
"7c995f4c-a58f-4b86-802e-474c617cbdcd",10,"cover","result","pair121","The writer covered the election.","The channel covered the story.",1,2,7704
"7c995f4c-a58f-4b86-802e-474c617cbdcd",10,"close","result","pair118","The author closed the chapter.","The baker closed the oven.",1,99,2957
"7c995f4c-a58f-4b86-802e-474c617cbdcd",10,"clear","result","pair114","The bookkeeper cleared the payment.","The officer cleared the request.",1,5,7067
"7c995f4c-a58f-4b86-802e-474c617cbdcd",10,"kill","result","pair123","The team killed the rivals.","The joke killed the evening.",0,90,3042
"7c995f4c-a58f-4b86-802e-474c617cbdcd",10,"hit","manner","pair126","The arrow hit the target.","The batter hit the ball.",0,17,3833
"7c995f4c-a58f-4b86-802e-474c617cbdcd",10,"smear","manner","pair117","The article smeared the celebrity.","The artist smeared the paint.",0,94,3840
"7c995f4c-a58f-4b86-802e-474c617cbdcd",10,"close","result","pair115","The executive closed the deal.","The lawyer closed the case.",1,13,4815
"7c995f4c-a58f-4b86-802e-474c617cbdcd",10,"fill","result","pair111","The secretary filled the schedule.","The farmer filled the bucket.",1,98,3695
"8959ab66-566d-4819-9f44-13cc6ca45038",12,"break","result","pair135","The journalist broke the story.","The guest broke the plate.",0,100,5323
"8959ab66-566d-4819-9f44-13cc6ca45038",12,"clear","result","pair131","The hiker cleared the obstacle.","The waiter cleared the table.",0,74,7762
"8959ab66-566d-4819-9f44-13cc6ca45038",12,"fold","result","pair141","The founder folded the company.","The baker folded the flour.",0,100,7681
"8959ab66-566d-4819-9f44-13cc6ca45038",12,"shoot","manner","pair142","The photographer shot the wedding.","The hunter shot the deer.",0,100,3066
"8959ab66-566d-4819-9f44-13cc6ca45038",12,"bump","manner","pair148","The waiter bumped the table.","The gardener bumped the statue.",1,4,7895
"8959ab66-566d-4819-9f44-13cc6ca45038",12,"pull","manner","pair130","The regulators pulled the product.","The advertisement pulled the customers.",0,100,6478
"8959ab66-566d-4819-9f44-13cc6ca45038",12,"cover","result","pair134","The channel covered the story.","The insurance covered the damage.",0,100,4371
"8959ab66-566d-4819-9f44-13cc6ca45038",12,"hit","manner","pair138","The traveler hit the delay.","The child hit the pillow.",0,100,4784
"8959ab66-566d-4819-9f44-13cc6ca45038",12,"kill","result","pair132","The business killed the competition.","The cat killed the mouse.",0,100,3411
"8959ab66-566d-4819-9f44-13cc6ca45038",12,"hit","manner","pair145","The arrow hit the target.","The idea hit the researcher.",0,99,5121
"8959ab66-566d-4819-9f44-13cc6ca45038",12,"kill","result","pair144","The traveler killed the afternoon.","The business killed the competition.",0,99,10948
"8959ab66-566d-4819-9f44-13cc6ca45038",12,"hit","manner","pair139","The idea hit the researcher.","The child hit the pillow.",1,100,7012
"8959ab66-566d-4819-9f44-13cc6ca45038",12,"push","manner","pair137","The company pushed the product.","The pilot pushed the button.",0,99,3726
"8959ab66-566d-4819-9f44-13cc6ca45038",12,"close","result","pair147","The lawyer closed the case.","The chauffeur closed the door.",0,100,4612
"8959ab66-566d-4819-9f44-13cc6ca45038",12,"break","result","pair143","The president broke the promise.","The burglar broke the window.",0,100,3778
"8959ab66-566d-4819-9f44-13cc6ca45038",12,"smear","manner","pair136","The journalist smeared the business.","The artist smeared the paint.",0,100,4386
"8959ab66-566d-4819-9f44-13cc6ca45038",12,"fill","result","pair133","The festival filled the weekend.","The farmer filled the bucket.",1,100,5076
"8959ab66-566d-4819-9f44-13cc6ca45038",12,"kill","result","pair146","The criminal killed the victim.","The cat killed the mouse.",1,49,7146
"8959ab66-566d-4819-9f44-13cc6ca45038",12,"fill","result","pair140","The love filled the void.","The donations filled the need.",1,100,7671
"aaccda52-9523-40a9-bf0a-2e5c7977b83c",7,"open","result","pair096","The consultant opened the discussion.","The farmer opened the gate.",0,69,2857
"aaccda52-9523-40a9-bf0a-2e5c7977b83c",7,"bump","manner","pair099","The ball bumped the couch.","The driver bumped the curb.",1,66,2416
"aaccda52-9523-40a9-bf0a-2e5c7977b83c",7,"hit","manner","pair108","The traveler hit the delay.","The investor hit the goal.",1,78,4571
"aaccda52-9523-40a9-bf0a-2e5c7977b83c",7,"bump","manner","pair103","The teacher bumped the deadline.","The driver bumped the curb.",0,82,2849
"aaccda52-9523-40a9-bf0a-2e5c7977b83c",7,"clear","result","pair095","The horse cleared the jump.","The officer cleared the request.",0,76,3674
"aaccda52-9523-40a9-bf0a-2e5c7977b83c",7,"cover","result","pair098","The writer covered the election.","The policy covered the accident.",0,69,3730
"aaccda52-9523-40a9-bf0a-2e5c7977b83c",7,"fold","result","pair091","The child folded the paper.","The baker folded the flour.",0,82,2681
"aaccda52-9523-40a9-bf0a-2e5c7977b83c",7,"cover","result","pair105","The nurse covered the wound.","The insurance covered the damage.",0,75,2280
"aaccda52-9523-40a9-bf0a-2e5c7977b83c",7,"hit","manner","pair087","The hurricane hit the coastline.","The child hit the pillow.",0,86,3777
"aaccda52-9523-40a9-bf0a-2e5c7977b83c",7,"pull","manner","pair097","The business pulled the service.","The scandal pulled the reporters.",0,78,1767
"aaccda52-9523-40a9-bf0a-2e5c7977b83c",7,"shoot","manner","pair089","The director shot the scene.","The robber shot the victim.",0,81,2065
"aaccda52-9523-40a9-bf0a-2e5c7977b83c",7,"clear","result","pair085","The officer cleared the request.","The waiter cleared the table.",0,81,3690
"aaccda52-9523-40a9-bf0a-2e5c7977b83c",7,"fold","result","pair104","The manager folded the project.","The child folded the paper.",0,83,2160
"aaccda52-9523-40a9-bf0a-2e5c7977b83c",7,"shoot","manner","pair106","The robber shot the victim.","The technician shot the fireworks.",0,69,2968
"aaccda52-9523-40a9-bf0a-2e5c7977b83c",7,"close","result","pair107","The presenter closed the speech.","The chauffeur closed the door.",1,74,2753
"aaccda52-9523-40a9-bf0a-2e5c7977b83c",7,"push","manner","pair094","The athlete pushed the limit.","The pilot pushed the button.",0,84,2985
"aaccda52-9523-40a9-bf0a-2e5c7977b83c",7,"push","manner","pair088","The politician pushed the policy.","The athlete pushed the limit.",0,92,3288
"aaccda52-9523-40a9-bf0a-2e5c7977b83c",7,"hit","manner","pair093","The investor hit the goal.","The idea hit the researcher.",0,65,4093
"aaccda52-9523-40a9-bf0a-2e5c7977b83c",7,"pull","manner","pair092","The scandal pulled the reporters.","The worker pulled the lever.",0,79,4122
"aaccda52-9523-40a9-bf0a-2e5c7977b83c",7,"close","result","pair102","The executive closed the deal.","The baker closed the oven.",0,75,2512
"aaccda52-9523-40a9-bf0a-2e5c7977b83c",7,"kill","result","pair101","The traveler killed the afternoon.","The cat killed the mouse.",0,74,3008
"aaccda52-9523-40a9-bf0a-2e5c7977b83c",7,"fill","result","pair086","The donations filled the need.","The festival filled the weekend.",0,78,1856
"aaccda52-9523-40a9-bf0a-2e5c7977b83c",7,"break","result","pair100","The company broke the law.","The guest broke the plate.",0,24,3344
"aaccda52-9523-40a9-bf0a-2e5c7977b83c",7,"kill","result","pair109","The mistake killed the proposal.","The joke killed the evening.",1,63,3193
"aaccda52-9523-40a9-bf0a-2e5c7977b83c",7,"kill","result","pair090","The couple killed the evening.","The team killed the rivals.",0,66,2296
"fbcfdea8-165e-4f1d-a247-9d514be1054e",6,"kill","result","pair188","The business killed the competition.","The team killed the rivals.",1,72,4238
"fbcfdea8-165e-4f1d-a247-9d514be1054e",6,"bump","manner","pair193","The dean bumped the meeting.","The waiter bumped the table.",1,83,4406
"fbcfdea8-165e-4f1d-a247-9d514be1054e",6,"fold","result","pair190","The manager folded the project.","The baker folded the flour.",0,85,5504
"fbcfdea8-165e-4f1d-a247-9d514be1054e",6,"cover","result","pair192","The policy covered the accident.","The insurance covered the damage.",1,1,16046
"fbcfdea8-165e-4f1d-a247-9d514be1054e",6,"push","manner","pair180","The politician pushed the policy.","The pilot pushed the button.",0,82,3449
"fbcfdea8-165e-4f1d-a247-9d514be1054e",6,"pull","manner","pair189","The advertisement pulled the customers.","The climber pulled the rope.",0,74,10794
"fbcfdea8-165e-4f1d-a247-9d514be1054e",6,"close","result","pair176","The executive closed the deal.","The chauffeur closed the door.",0,80,4866
"fbcfdea8-165e-4f1d-a247-9d514be1054e",6,"fold","result","pair173","The child folded the paper.","The chef folded the eggs.",0,81,3825
"fbcfdea8-165e-4f1d-a247-9d514be1054e",6,"pull","manner","pair175","The business pulled the service.","The advertisement pulled the customers.",0,51,9273
"fbcfdea8-165e-4f1d-a247-9d514be1054e",6,"push","manner","pair170","The athlete pushed the limit.","The shopper pushed the cart.",0,68,6694
"fbcfdea8-165e-4f1d-a247-9d514be1054e",6,"shoot","manner","pair184","The hunter shot the deer.","The athlete shot the ball.",0,75,2815
"fbcfdea8-165e-4f1d-a247-9d514be1054e",6,"cover","result","pair187","The writer covered the election.","The insurance covered the damage.",0,70,5172
"fbcfdea8-165e-4f1d-a247-9d514be1054e",6,"close","result","pair185","The baker closed the oven.","The chauffeur closed the door.",1,6,2596
"fbcfdea8-165e-4f1d-a247-9d514be1054e",6,"fill","result","pair186","The donations filled the need.","The secretary filled the schedule.",0,54,5103
"fbcfdea8-165e-4f1d-a247-9d514be1054e",6,"kill","result","pair182","The mistake killed the proposal.","The criminal killed the victim.",1,84,4763
"fbcfdea8-165e-4f1d-a247-9d514be1054e",6,"kill","result","pair171","The couple killed the evening.","The mistake killed the proposal.",0,53,6312
"fbcfdea8-165e-4f1d-a247-9d514be1054e",6,"hit","manner","pair191","The hurricane hit the coastline.","The batter hit the ball.",0,22,5872
"fbcfdea8-165e-4f1d-a247-9d514be1054e",6,"shoot","manner","pair181","The director shot the scene.","The hunter shot the deer.",0,76,3234
"fbcfdea8-165e-4f1d-a247-9d514be1054e",6,"hit","manner","pair179","The investor hit the goal.","The child hit the pillow.",0,57,3163
"fbcfdea8-165e-4f1d-a247-9d514be1054e",6,"break","result","pair172","The doctor broke the news.","The journalist broke the story.",1,4,4024
"fbcfdea8-165e-4f1d-a247-9d514be1054e",6,"open","result","pair183","The chairperson opened the meeting.","The teacher opened the window.",0,72,5084
"fbcfdea8-165e-4f1d-a247-9d514be1054e",6,"hit","manner","pair174","The traveler hit the delay.","The arrow hit the target.",1,44,5182
"fbcfdea8-165e-4f1d-a247-9d514be1054e",6,"clear","result","pair178","The horse cleared the jump.","The waiter cleared the table.",0,57,4259
"fbcfdea8-165e-4f1d-a247-9d514be1054e",6,"clear","result","pair177","The officer cleared the request.","The worker cleared the rubble.",0,60,7760
"ef6209c2-f275-4ba6-8765-15df3618d119",13,"cover","result","pair078","The channel covered the story.","The policy covered the accident.",0,80,10672
"ef6209c2-f275-4ba6-8765-15df3618d119",13,"push","manner","pair067","The company pushed the product.","The athlete pushed the limit.",0,82,7363
"ef6209c2-f275-4ba6-8765-15df3618d119",13,"hit","manner","pair076","The solution hit the inventor.","The batter hit the ball.",1,86,6263
"ef6209c2-f275-4ba6-8765-15df3618d119",13,"clear","result","pair070","The hiker cleared the obstacle.","The officer cleared the request.",0,87,7274
"ef6209c2-f275-4ba6-8765-15df3618d119",13,"hit","manner","pair073","The arrow hit the target.","The solution hit the inventor.",0,86,6728
"ef6209c2-f275-4ba6-8765-15df3618d119",13,"bump","manner","pair079","The dean bumped the meeting.","The driver bumped the curb.",0,86,10948
"ef6209c2-f275-4ba6-8765-15df3618d119",13,"break","result","pair069","The president broke the promise.","The journalist broke the story.",0,88,6244
"ef6209c2-f275-4ba6-8765-15df3618d119",13,"hit","manner","pair074","The traveler hit the delay.","The idea hit the researcher.",0,91,13595
"ef6209c2-f275-4ba6-8765-15df3618d119",13,"pull","manner","pair083","The regulators pulled the product.","The scandal pulled the reporters.",0,83,8444
"ef6209c2-f275-4ba6-8765-15df3618d119",13,"kill","result","pair081","The couple killed the evening.","The cat killed the mouse.",0,87,5515
"ef6209c2-f275-4ba6-8765-15df3618d119",13,"close","result","pair075","The lawyer closed the case.","The baker closed the oven.",0,89,7440
"ef6209c2-f275-4ba6-8765-15df3618d119",13,"fill","result","pair084","The festival filled the weekend.","The secretary filled the schedule.",1,77,6030
"ef6209c2-f275-4ba6-8765-15df3618d119",13,"fold","result","pair072","The founder folded the company.","The child folded the paper.",0,91,3922
"ef6209c2-f275-4ba6-8765-15df3618d119",13,"break","result","pair082","The journalist broke the story.","The burglar broke the window.",0,88,5158
"ef6209c2-f275-4ba6-8765-15df3618d119",13,"shoot","manner","pair080","The photographer shot the wedding.","The robber shot the victim.",0,92,7786
"ef6209c2-f275-4ba6-8765-15df3618d119",13,"kill","result","pair071","The joke killed the evening.","The cat killed the mouse.",1,90,5607
"ef6209c2-f275-4ba6-8765-15df3618d119",13,"smear","manner","pair068","The journalist smeared the business.","The baker smeared the frosting.",0,88,6064
"ef6209c2-f275-4ba6-8765-15df3618d119",13,"kill","result","pair077","The business killed the competition.","The criminal killed the victim.",0,74,8558
"40b5d506-7b2b-4c17-946c-d025d020dc3e",3,"push","manner","pair067","The company pushed the product.","The athlete pushed the limit.",0,70,4584
"40b5d506-7b2b-4c17-946c-d025d020dc3e",3,"fold","result","pair072","The founder folded the company.","The child folded the paper.",0,89,4529
"40b5d506-7b2b-4c17-946c-d025d020dc3e",3,"clear","result","pair070","The hiker cleared the obstacle.","The officer cleared the request.",0,57,3634
"40b5d506-7b2b-4c17-946c-d025d020dc3e",3,"break","result","pair082","The journalist broke the story.","The burglar broke the window.",0,84,2774
"40b5d506-7b2b-4c17-946c-d025d020dc3e",3,"hit","manner","pair074","The traveler hit the delay.","The idea hit the researcher.",0,75,5751
"40b5d506-7b2b-4c17-946c-d025d020dc3e",3,"kill","result","pair071","The joke killed the evening.","The cat killed the mouse.",1,92,3625
"40b5d506-7b2b-4c17-946c-d025d020dc3e",3,"break","result","pair069","The president broke the promise.","The journalist broke the story.",0,89,3592
"40b5d506-7b2b-4c17-946c-d025d020dc3e",3,"kill","result","pair081","The couple killed the evening.","The cat killed the mouse.",0,80,3298
"40b5d506-7b2b-4c17-946c-d025d020dc3e",3,"bump","manner","pair079","The dean bumped the meeting.","The driver bumped the curb.",0,73,3136
"40b5d506-7b2b-4c17-946c-d025d020dc3e",3,"close","result","pair075","The lawyer closed the case.","The baker closed the oven.",0,85,2998
"40b5d506-7b2b-4c17-946c-d025d020dc3e",3,"kill","result","pair077","The business killed the competition.","The criminal killed the victim.",0,88,7088
"40b5d506-7b2b-4c17-946c-d025d020dc3e",3,"shoot","manner","pair080","The photographer shot the wedding.","The robber shot the victim.",0,94,5588
"40b5d506-7b2b-4c17-946c-d025d020dc3e",3,"smear","manner","pair068","The journalist smeared the business.","The baker smeared the frosting.",0,89,3436
"40b5d506-7b2b-4c17-946c-d025d020dc3e",3,"hit","manner","pair076","The solution hit the inventor.","The batter hit the ball.",1,82,5850
"40b5d506-7b2b-4c17-946c-d025d020dc3e",3,"fill","result","pair084","The festival filled the weekend.","The secretary filled the schedule.",1,56,2443
"40b5d506-7b2b-4c17-946c-d025d020dc3e",3,"pull","manner","pair083","The regulators pulled the product.","The scandal pulled the reporters.",0,47,4499
"40b5d506-7b2b-4c17-946c-d025d020dc3e",3,"cover","result","pair078","The channel covered the story.","The policy covered the accident.",0,45,4073
"40b5d506-7b2b-4c17-946c-d025d020dc3e",3,"hit","manner","pair073","The arrow hit the target.","The solution hit the inventor.",0,54,4001
"c8cbd0ab-4c0b-444c-8e94-0e3601107b7a",11,"clear","result","pair055","The hiker cleared the obstacle.","The worker cleared the rubble.",0,95,6615
"c8cbd0ab-4c0b-444c-8e94-0e3601107b7a",11,"bump","manner","pair058","The teacher bumped the deadline.","The dean bumped the meeting.",1,32,12175
"c8cbd0ab-4c0b-444c-8e94-0e3601107b7a",11,"pull","manner","pair061","The regulators pulled the product.","The climber pulled the rope.",0,98,4415
"c8cbd0ab-4c0b-444c-8e94-0e3601107b7a",11,"push","manner","pair059","The company pushed the product.","The shopper pushed the cart.",0,90,7949
"c8cbd0ab-4c0b-444c-8e94-0e3601107b7a",11,"hit","manner","pair056","The idea hit the researcher.","The batter hit the ball.",1,91,4415
"c8cbd0ab-4c0b-444c-8e94-0e3601107b7a",11,"break","result","pair053","The president broke the promise.","The guest broke the plate.",0,94,6383
"c8cbd0ab-4c0b-444c-8e94-0e3601107b7a",11,"hit","manner","pair054","The arrow hit the target.","The child hit the pillow.",0,46,6750
"c8cbd0ab-4c0b-444c-8e94-0e3601107b7a",11,"close","result","pair052","The author closed the chapter.","The presenter closed the speech.",1,7,9921
"c8cbd0ab-4c0b-444c-8e94-0e3601107b7a",11,"break","result","pair048","The burglar broke the window.","The guest broke the plate.",1,30,6216
"c8cbd0ab-4c0b-444c-8e94-0e3601107b7a",11,"fold","result","pair050","The founder folded the company.","The chef folded the eggs.",0,89,7800
"c8cbd0ab-4c0b-444c-8e94-0e3601107b7a",11,"kill","result","pair049","The team killed the rivals.","The mistake killed the proposal.",0,55,10834
"c8cbd0ab-4c0b-444c-8e94-0e3601107b7a",11,"fill","result","pair066","The love filled the void.","The festival filled the weekend.",0,39,8550
"c8cbd0ab-4c0b-444c-8e94-0e3601107b7a",11,"fill","result","pair062","The festival filled the weekend.","The waiter filled the glass.",1,51,6199
"c8cbd0ab-4c0b-444c-8e94-0e3601107b7a",11,"hit","manner","pair060","The traveler hit the delay.","The batter hit the ball.",0,88,4935
"c8cbd0ab-4c0b-444c-8e94-0e3601107b7a",11,"bump","manner","pair064","The waiter bumped the table.","The ball bumped the couch.",0,23,9583
"c8cbd0ab-4c0b-444c-8e94-0e3601107b7a",11,"cover","result","pair065","The snow covered the footprints.","The nurse covered the wound.",1,38,4749
"c8cbd0ab-4c0b-444c-8e94-0e3601107b7a",11,"smear","manner","pair051","The article smeared the celebrity.","The baker smeared the frosting.",0,83,4749
"c8cbd0ab-4c0b-444c-8e94-0e3601107b7a",11,"shoot","manner","pair063","The photographer shot the wedding.","The athlete shot the ball.",0,47,7383
"c8cbd0ab-4c0b-444c-8e94-0e3601107b7a",11,"kill","result","pair057","The traveler killed the afternoon.","The team killed the rivals.",0,67,6133
"4f16e417-26e3-4cdf-854c-df191bdbe076",16,"hit","manner","pair179","The investor hit the goal.","The child hit the pillow.",0,100,5066
"4f16e417-26e3-4cdf-854c-df191bdbe076",16,"cover","result","pair192","The policy covered the accident.","The insurance covered the damage.",1,1,7748
"4f16e417-26e3-4cdf-854c-df191bdbe076",16,"hit","manner","pair191","The hurricane hit the coastline.","The batter hit the ball.",0,100,4880
"4f16e417-26e3-4cdf-854c-df191bdbe076",16,"clear","result","pair177","The officer cleared the request.","The worker cleared the rubble.",0,100,5667
"4f16e417-26e3-4cdf-854c-df191bdbe076",16,"close","result","pair176","The executive closed the deal.","The chauffeur closed the door.",0,100,4849
"4f16e417-26e3-4cdf-854c-df191bdbe076",16,"kill","result","pair182","The mistake killed the proposal.","The criminal killed the victim.",1,100,5581
"4f16e417-26e3-4cdf-854c-df191bdbe076",16,"shoot","manner","pair184","The hunter shot the deer.","The athlete shot the ball.",0,95,9832
"4f16e417-26e3-4cdf-854c-df191bdbe076",16,"fold","result","pair190","The manager folded the project.","The baker folded the flour.",0,100,4600
"4f16e417-26e3-4cdf-854c-df191bdbe076",16,"push","manner","pair170","The athlete pushed the limit.","The shopper pushed the cart.",0,93,4482
"4f16e417-26e3-4cdf-854c-df191bdbe076",16,"pull","manner","pair189","The advertisement pulled the customers.","The climber pulled the rope.",0,100,4813
"4f16e417-26e3-4cdf-854c-df191bdbe076",16,"fold","result","pair173","The child folded the paper.","The chef folded the eggs.",0,88,6732
"4f16e417-26e3-4cdf-854c-df191bdbe076",16,"kill","result","pair188","The business killed the competition.","The team killed the rivals.",1,29,8983
"4f16e417-26e3-4cdf-854c-df191bdbe076",16,"bump","manner","pair193","The dean bumped the meeting.","The waiter bumped the table.",1,100,4133
"4f16e417-26e3-4cdf-854c-df191bdbe076",16,"open","result","pair183","The chairperson opened the meeting.","The teacher opened the window.",0,100,5082
"4f16e417-26e3-4cdf-854c-df191bdbe076",16,"close","result","pair185","The baker closed the oven.","The chauffeur closed the door.",1,71,8981
"4f16e417-26e3-4cdf-854c-df191bdbe076",16,"push","manner","pair180","The politician pushed the policy.","The pilot pushed the button.",0,100,3966
"4f16e417-26e3-4cdf-854c-df191bdbe076",16,"clear","result","pair178","The horse cleared the jump.","The waiter cleared the table.",0,100,4364
"4f16e417-26e3-4cdf-854c-df191bdbe076",16,"cover","result","pair187","The writer covered the election.","The insurance covered the damage.",0,100,4381
"4f16e417-26e3-4cdf-854c-df191bdbe076",16,"hit","manner","pair174","The traveler hit the delay.","The arrow hit the target.",1,100,3516
"4f16e417-26e3-4cdf-854c-df191bdbe076",16,"shoot","manner","pair181","The director shot the scene.","The hunter shot the deer.",0,100,3781
"4f16e417-26e3-4cdf-854c-df191bdbe076",16,"pull","manner","pair175","The business pulled the service.","The advertisement pulled the customers.",0,100,6765
"4f16e417-26e3-4cdf-854c-df191bdbe076",16,"break","result","pair172","The doctor broke the news.","The journalist broke the story.",1,2,6350
"4f16e417-26e3-4cdf-854c-df191bdbe076",16,"kill","result","pair171","The couple killed the evening.","The mistake killed the proposal.",0,80,8631
"4f16e417-26e3-4cdf-854c-df191bdbe076",16,"fill","result","pair186","The donations filled the need.","The secretary filled the schedule.",0,100,5916
"acb4d333-dad1-47eb-8c82-17f8a7996cd1",19,"kill","result","pair039","The traveler killed the afternoon.","The joke killed the evening.",0,72,10338
"acb4d333-dad1-47eb-8c82-17f8a7996cd1",19,"cover","result","pair032","The snow covered the footprints.","The insurance covered the damage.",0,75,4328
"acb4d333-dad1-47eb-8c82-17f8a7996cd1",19,"hit","manner","pair035","The investor hit the goal.","The hurricane hit the coastline.",1,23,6460
"acb4d333-dad1-47eb-8c82-17f8a7996cd1",19,"fold","result","pair042","The cleaner folded the clothes.","The baker folded the flour.",0,17,5215
"acb4d333-dad1-47eb-8c82-17f8a7996cd1",19,"pull","manner","pair040","The scandal pulled the reporters.","The advertisement pulled the customers.",1,0,10041
"acb4d333-dad1-47eb-8c82-17f8a7996cd1",19,"bump","manner","pair033","The teacher bumped the deadline.","The gardener bumped the statue.",1,90,8181
"acb4d333-dad1-47eb-8c82-17f8a7996cd1",19,"push","manner","pair044","The artwork pushed the boundaries.","The pilot pushed the button.",0,82,4413
"acb4d333-dad1-47eb-8c82-17f8a7996cd1",19,"close","result","pair037","The executive closed the deal.","The author closed the chapter.",0,10,6239
"acb4d333-dad1-47eb-8c82-17f8a7996cd1",19,"close","result","pair036","The author closed the chapter.","The chauffeur closed the door.",1,88,5822
"acb4d333-dad1-47eb-8c82-17f8a7996cd1",19,"clear","result","pair034","The bookkeeper cleared the payment.","The waiter cleared the table.",0,91,4406
"acb4d333-dad1-47eb-8c82-17f8a7996cd1",19,"bump","manner","pair028","The gardener bumped the statue.","The ball bumped the couch.",0,5,7745
"acb4d333-dad1-47eb-8c82-17f8a7996cd1",19,"fill","result","pair030","The love filled the void.","The farmer filled the bucket.",0,91,3286
"acb4d333-dad1-47eb-8c82-17f8a7996cd1",19,"fold","result","pair043","The manager folded the project.","The founder folded the company.",1,4,5542
"acb4d333-dad1-47eb-8c82-17f8a7996cd1",19,"kill","result","pair041","The team killed the rivals.","The criminal killed the victim.",0,86,4652
"acb4d333-dad1-47eb-8c82-17f8a7996cd1",19,"hit","manner","pair029","The hurricane hit the coastline.","The solution hit the inventor.",0,45,3705
"acb4d333-dad1-47eb-8c82-17f8a7996cd1",19,"push","manner","pair046","The politician pushed the policy.","The company pushed the product.",1,5,7122
"acb4d333-dad1-47eb-8c82-17f8a7996cd1",19,"clear","result","pair026","The horse cleared the jump.","The hiker cleared the obstacle.",1,0,6339
"acb4d333-dad1-47eb-8c82-17f8a7996cd1",19,"kill","result","pair038","The couple killed the evening.","The traveler killed the afternoon.",1,3,3998
"acb4d333-dad1-47eb-8c82-17f8a7996cd1",19,"break","result","pair031","The company broke the law.","The journalist broke the story.",0,88,4673
"acb4d333-dad1-47eb-8c82-17f8a7996cd1",19,"fill","result","pair025","The secretary filled the schedule.","The waiter filled the glass.",1,95,5390
"acb4d333-dad1-47eb-8c82-17f8a7996cd1",19,"open","result","pair027","The consultant opened the discussion.","The chairperson opened the meeting.",1,6,6466
"acb4d333-dad1-47eb-8c82-17f8a7996cd1",19,"cover","result","pair045","The writer covered the election.","The snow covered the footprints.",0,89,3321
"acb4d333-dad1-47eb-8c82-17f8a7996cd1",19,"smear","manner","pair024","The baker smeared the frosting.","The artist smeared the paint.",1,3,3955
"acb4d333-dad1-47eb-8c82-17f8a7996cd1",19,"shoot","manner","pair047","The robber shot the victim.","The hunter shot the deer.",1,5,5448
"1de902ee-ff05-43b4-b141-fc8428ca08da",10,"kill","result","pair123","The team killed the rivals.","The joke killed the evening.",0,84,8491
"1de902ee-ff05-43b4-b141-fc8428ca08da",10,"fold","result","pair113","The cleaner folded the clothes.","The child folded the paper.",1,32,3160
"1de902ee-ff05-43b4-b141-fc8428ca08da",10,"bump","manner","pair116","The teacher bumped the deadline.","The waiter bumped the table.",1,76,4630
"1de902ee-ff05-43b4-b141-fc8428ca08da",10,"clear","result","pair114","The bookkeeper cleared the payment.","The officer cleared the request.",1,24,2110
"1de902ee-ff05-43b4-b141-fc8428ca08da",10,"cover","result","pair128","The snow covered the footprints.","The policy covered the accident.",0,23,2872
"1de902ee-ff05-43b4-b141-fc8428ca08da",10,"fill","result","pair120","The love filled the void.","The secretary filled the schedule.",0,79,1579
"1de902ee-ff05-43b4-b141-fc8428ca08da",10,"close","result","pair118","The author closed the chapter.","The baker closed the oven.",1,23,2509
"1de902ee-ff05-43b4-b141-fc8428ca08da",10,"kill","result","pair127","The traveler killed the afternoon.","The mistake killed the proposal.",0,82,4090
"1de902ee-ff05-43b4-b141-fc8428ca08da",10,"hit","manner","pair125","The child hit the pillow.","The batter hit the ball.",1,81,4568
"1de902ee-ff05-43b4-b141-fc8428ca08da",10,"smear","manner","pair117","The article smeared the celebrity.","The artist smeared the paint.",0,84,1768
"1de902ee-ff05-43b4-b141-fc8428ca08da",10,"close","result","pair115","The executive closed the deal.","The lawyer closed the case.",1,79,1829
"1de902ee-ff05-43b4-b141-fc8428ca08da",10,"hit","manner","pair126","The arrow hit the target.","The batter hit the ball.",0,57,1810
"1de902ee-ff05-43b4-b141-fc8428ca08da",10,"bump","manner","pair129","The waiter bumped the table.","The driver bumped the curb.",0,29,1692
"1de902ee-ff05-43b4-b141-fc8428ca08da",10,"push","manner","pair112","The artwork pushed the boundaries.","The athlete pushed the limit.",1,78,1756
"1de902ee-ff05-43b4-b141-fc8428ca08da",10,"break","result","pair110","The company broke the law.","The doctor broke the news.",0,28,2246
"1de902ee-ff05-43b4-b141-fc8428ca08da",10,"shoot","manner","pair119","The photographer shot the wedding.","The technician shot the fireworks.",0,85,2131
"1de902ee-ff05-43b4-b141-fc8428ca08da",10,"pull","manner","pair124","The regulators pulled the product.","The worker pulled the lever.",0,23,2147
"1de902ee-ff05-43b4-b141-fc8428ca08da",10,"hit","manner","pair122","The investor hit the goal.","The arrow hit the target.",1,18,1697
"1de902ee-ff05-43b4-b141-fc8428ca08da",10,"fill","result","pair111","The secretary filled the schedule.","The farmer filled the bucket.",1,91,4394
"1de902ee-ff05-43b4-b141-fc8428ca08da",10,"cover","result","pair121","The writer covered the election.","The channel covered the story.",1,0,6969
"6ea973d5-a395-4b84-8d1d-e4f6034cd382",19,"hit","manner","pair035","The investor hit the goal.","The hurricane hit the coastline.",1,100,6369
"6ea973d5-a395-4b84-8d1d-e4f6034cd382",19,"clear","result","pair034","The bookkeeper cleared the payment.","The waiter cleared the table.",0,100,5523
"6ea973d5-a395-4b84-8d1d-e4f6034cd382",19,"kill","result","pair039","The traveler killed the afternoon.","The joke killed the evening.",0,79,10453
"6ea973d5-a395-4b84-8d1d-e4f6034cd382",19,"push","manner","pair046","The politician pushed the policy.","The company pushed the product.",1,15,6563
"6ea973d5-a395-4b84-8d1d-e4f6034cd382",19,"close","result","pair037","The executive closed the deal.","The author closed the chapter.",0,100,7709
"6ea973d5-a395-4b84-8d1d-e4f6034cd382",19,"bump","manner","pair028","The gardener bumped the statue.","The ball bumped the couch.",0,4,4911
"6ea973d5-a395-4b84-8d1d-e4f6034cd382",19,"kill","result","pair041","The team killed the rivals.","The criminal killed the victim.",0,100,4555
"6ea973d5-a395-4b84-8d1d-e4f6034cd382",19,"break","result","pair031","The company broke the law.","The journalist broke the story.",0,100,5165
"6ea973d5-a395-4b84-8d1d-e4f6034cd382",19,"clear","result","pair026","The horse cleared the jump.","The hiker cleared the obstacle.",1,38,12263
"6ea973d5-a395-4b84-8d1d-e4f6034cd382",19,"shoot","manner","pair047","The robber shot the victim.","The hunter shot the deer.",1,68,6087
"6ea973d5-a395-4b84-8d1d-e4f6034cd382",19,"fold","result","pair043","The manager folded the project.","The founder folded the company.",1,22,6965
"6ea973d5-a395-4b84-8d1d-e4f6034cd382",19,"kill","result","pair038","The couple killed the evening.","The traveler killed the afternoon.",1,12,6687
"6ea973d5-a395-4b84-8d1d-e4f6034cd382",19,"hit","manner","pair029","The hurricane hit the coastline.","The solution hit the inventor.",0,99,4333
"6ea973d5-a395-4b84-8d1d-e4f6034cd382",19,"bump","manner","pair033","The teacher bumped the deadline.","The gardener bumped the statue.",1,99,4973
"6ea973d5-a395-4b84-8d1d-e4f6034cd382",19,"push","manner","pair044","The artwork pushed the boundaries.","The pilot pushed the button.",0,99,6160
"6ea973d5-a395-4b84-8d1d-e4f6034cd382",19,"open","result","pair027","The consultant opened the discussion.","The chairperson opened the meeting.",1,0,6107
"6ea973d5-a395-4b84-8d1d-e4f6034cd382",19,"fold","result","pair042","The cleaner folded the clothes.","The baker folded the flour.",0,50,5893
"6ea973d5-a395-4b84-8d1d-e4f6034cd382",19,"pull","manner","pair040","The scandal pulled the reporters.","The advertisement pulled the customers.",1,37,8183
"6ea973d5-a395-4b84-8d1d-e4f6034cd382",19,"cover","result","pair032","The snow covered the footprints.","The insurance covered the damage.",0,100,4881
"6ea973d5-a395-4b84-8d1d-e4f6034cd382",19,"cover","result","pair045","The writer covered the election.","The snow covered the footprints.",0,100,4889
"6ea973d5-a395-4b84-8d1d-e4f6034cd382",19,"close","result","pair036","The author closed the chapter.","The chauffeur closed the door.",1,100,5343
"6ea973d5-a395-4b84-8d1d-e4f6034cd382",19,"fill","result","pair030","The love filled the void.","The farmer filled the bucket.",0,100,6469
"6ea973d5-a395-4b84-8d1d-e4f6034cd382",19,"smear","manner","pair024","The baker smeared the frosting.","The artist smeared the paint.",1,61,9551
"6ea973d5-a395-4b84-8d1d-e4f6034cd382",19,"fill","result","pair025","The secretary filled the schedule.","The waiter filled the glass.",1,96,3461
"f2cebb64-e8d9-4be5-814a-3b993e0dd029",3,"smear","manner","pair068","The journalist smeared the business.","The baker smeared the frosting.",0,96,4558
"f2cebb64-e8d9-4be5-814a-3b993e0dd029",3,"hit","manner","pair076","The solution hit the inventor.","The batter hit the ball.",1,95,41813
"f2cebb64-e8d9-4be5-814a-3b993e0dd029",3,"close","result","pair075","The lawyer closed the case.","The baker closed the oven.",0,95,4483
"f2cebb64-e8d9-4be5-814a-3b993e0dd029",3,"push","manner","pair067","The company pushed the product.","The athlete pushed the limit.",0,78,6857
"f2cebb64-e8d9-4be5-814a-3b993e0dd029",3,"shoot","manner","pair080","The photographer shot the wedding.","The robber shot the victim.",0,96,3636
"f2cebb64-e8d9-4be5-814a-3b993e0dd029",3,"bump","manner","pair079","The dean bumped the meeting.","The driver bumped the curb.",0,98,4918
"f2cebb64-e8d9-4be5-814a-3b993e0dd029",3,"hit","manner","pair074","The traveler hit the delay.","The idea hit the researcher.",0,93,8460
"f2cebb64-e8d9-4be5-814a-3b993e0dd029",3,"break","result","pair069","The president broke the promise.","The journalist broke the story.",0,95,7502
"f2cebb64-e8d9-4be5-814a-3b993e0dd029",3,"break","result","pair082","The journalist broke the story.","The burglar broke the window.",0,99,3492
"f2cebb64-e8d9-4be5-814a-3b993e0dd029",3,"kill","result","pair077","The business killed the competition.","The criminal killed the victim.",0,86,5030
"f2cebb64-e8d9-4be5-814a-3b993e0dd029",3,"pull","manner","pair083","The regulators pulled the product.","The scandal pulled the reporters.",0,95,3768
"f2cebb64-e8d9-4be5-814a-3b993e0dd029",3,"fill","result","pair084","The festival filled the weekend.","The secretary filled the schedule.",1,38,7971
"f2cebb64-e8d9-4be5-814a-3b993e0dd029",3,"hit","manner","pair073","The arrow hit the target.","The solution hit the inventor.",0,96,4556
"f2cebb64-e8d9-4be5-814a-3b993e0dd029",3,"fold","result","pair072","The founder folded the company.","The child folded the paper.",0,95,5612
"f2cebb64-e8d9-4be5-814a-3b993e0dd029",3,"cover","result","pair078","The channel covered the story.","The policy covered the accident.",0,95,8574
"f2cebb64-e8d9-4be5-814a-3b993e0dd029",3,"kill","result","pair081","The couple killed the evening.","The cat killed the mouse.",0,96,5607
"f2cebb64-e8d9-4be5-814a-3b993e0dd029",3,"kill","result","pair071","The joke killed the evening.","The cat killed the mouse.",1,95,3142
"f2cebb64-e8d9-4be5-814a-3b993e0dd029",3,"clear","result","pair070","The hiker cleared the obstacle.","The officer cleared the request.",0,78,5345
"e27ee16b-b08c-42fe-b740-e9af674ceca8",11,"cover","result","pair065","The snow covered the footprints.","The nurse covered the wound.",1,93,6288
"e27ee16b-b08c-42fe-b740-e9af674ceca8",11,"push","manner","pair059","The company pushed the product.","The shopper pushed the cart.",0,100,8478
"e27ee16b-b08c-42fe-b740-e9af674ceca8",11,"close","result","pair052","The author closed the chapter.","The presenter closed the speech.",1,40,11303
"e27ee16b-b08c-42fe-b740-e9af674ceca8",11,"kill","result","pair049","The team killed the rivals.","The mistake killed the proposal.",0,94,9718
"e27ee16b-b08c-42fe-b740-e9af674ceca8",11,"shoot","manner","pair063","The photographer shot the wedding.","The athlete shot the ball.",0,89,8662
"e27ee16b-b08c-42fe-b740-e9af674ceca8",11,"bump","manner","pair064","The waiter bumped the table.","The ball bumped the couch.",0,27,8927
"e27ee16b-b08c-42fe-b740-e9af674ceca8",11,"hit","manner","pair054","The arrow hit the target.","The child hit the pillow.",0,25,6854
"e27ee16b-b08c-42fe-b740-e9af674ceca8",11,"bump","manner","pair058","The teacher bumped the deadline.","The dean bumped the meeting.",1,11,11462
"e27ee16b-b08c-42fe-b740-e9af674ceca8",11,"kill","result","pair057","The traveler killed the afternoon.","The team killed the rivals.",0,76,12560
"e27ee16b-b08c-42fe-b740-e9af674ceca8",11,"smear","manner","pair051","The article smeared the celebrity.","The baker smeared the frosting.",0,82,8640
"e27ee16b-b08c-42fe-b740-e9af674ceca8",11,"pull","manner","pair061","The regulators pulled the product.","The climber pulled the rope.",0,93,6025
"e27ee16b-b08c-42fe-b740-e9af674ceca8",11,"break","result","pair053","The president broke the promise.","The guest broke the plate.",0,81,7290
"e27ee16b-b08c-42fe-b740-e9af674ceca8",11,"hit","manner","pair060","The traveler hit the delay.","The batter hit the ball.",0,87,9573
"e27ee16b-b08c-42fe-b740-e9af674ceca8",11,"fold","result","pair050","The founder folded the company.","The chef folded the eggs.",0,94,7869
"e27ee16b-b08c-42fe-b740-e9af674ceca8",11,"hit","manner","pair056","The idea hit the researcher.","The batter hit the ball.",1,78,7246
"e27ee16b-b08c-42fe-b740-e9af674ceca8",11,"fill","result","pair066","The love filled the void.","The festival filled the weekend.",0,98,7667
"e27ee16b-b08c-42fe-b740-e9af674ceca8",11,"clear","result","pair055","The hiker cleared the obstacle.","The worker cleared the rubble.",0,94,10484
"e27ee16b-b08c-42fe-b740-e9af674ceca8",11,"fill","result","pair062","The festival filled the weekend.","The waiter filled the glass.",1,80,7154
"e27ee16b-b08c-42fe-b740-e9af674ceca8",11,"break","result","pair048","The burglar broke the window.","The guest broke the plate.",1,80,5625
"e7a1b71f-2ad0-49e8-bb15-f77809ce2275",6,"fill","result","pair186","The donations filled the need.","The secretary filled the schedule.",0,72,5690
"e7a1b71f-2ad0-49e8-bb15-f77809ce2275",6,"pull","manner","pair189","The advertisement pulled the customers.","The climber pulled the rope.",0,85,7075
"e7a1b71f-2ad0-49e8-bb15-f77809ce2275",6,"kill","result","pair188","The business killed the competition.","The team killed the rivals.",1,10,10359
"e7a1b71f-2ad0-49e8-bb15-f77809ce2275",6,"push","manner","pair180","The politician pushed the policy.","The pilot pushed the button.",0,96,6036
"e7a1b71f-2ad0-49e8-bb15-f77809ce2275",6,"push","manner","pair170","The athlete pushed the limit.","The shopper pushed the cart.",0,93,4707
"e7a1b71f-2ad0-49e8-bb15-f77809ce2275",6,"cover","result","pair187","The writer covered the election.","The insurance covered the damage.",0,96,3826
"e7a1b71f-2ad0-49e8-bb15-f77809ce2275",6,"cover","result","pair192","The policy covered the accident.","The insurance covered the damage.",1,3,11112
"e7a1b71f-2ad0-49e8-bb15-f77809ce2275",6,"clear","result","pair178","The horse cleared the jump.","The waiter cleared the table.",0,92,4046
"e7a1b71f-2ad0-49e8-bb15-f77809ce2275",6,"pull","manner","pair175","The business pulled the service.","The advertisement pulled the customers.",0,82,8283
"e7a1b71f-2ad0-49e8-bb15-f77809ce2275",6,"hit","manner","pair174","The traveler hit the delay.","The arrow hit the target.",1,91,28173
"e7a1b71f-2ad0-49e8-bb15-f77809ce2275",6,"open","result","pair183","The chairperson opened the meeting.","The teacher opened the window.",0,92,4395
"e7a1b71f-2ad0-49e8-bb15-f77809ce2275",6,"fold","result","pair190","The manager folded the project.","The baker folded the flour.",0,91,4409
"e7a1b71f-2ad0-49e8-bb15-f77809ce2275",6,"hit","manner","pair191","The hurricane hit the coastline.","The batter hit the ball.",0,84,3556
"e7a1b71f-2ad0-49e8-bb15-f77809ce2275",6,"shoot","manner","pair184","The hunter shot the deer.","The athlete shot the ball.",0,84,4220
"e7a1b71f-2ad0-49e8-bb15-f77809ce2275",6,"clear","result","pair177","The officer cleared the request.","The worker cleared the rubble.",0,81,5104
"e7a1b71f-2ad0-49e8-bb15-f77809ce2275",6,"shoot","manner","pair181","The director shot the scene.","The hunter shot the deer.",0,93,5752
"e7a1b71f-2ad0-49e8-bb15-f77809ce2275",6,"break","result","pair172","The doctor broke the news.","The journalist broke the story.",1,39,6896
"e7a1b71f-2ad0-49e8-bb15-f77809ce2275",6,"hit","manner","pair179","The investor hit the goal.","The child hit the pillow.",0,86,4348
"e7a1b71f-2ad0-49e8-bb15-f77809ce2275",6,"fold","result","pair173","The child folded the paper.","The chef folded the eggs.",0,90,4935
"e7a1b71f-2ad0-49e8-bb15-f77809ce2275",6,"close","result","pair185","The baker closed the oven.","The chauffeur closed the door.",1,73,3826
"e7a1b71f-2ad0-49e8-bb15-f77809ce2275",6,"kill","result","pair171","The couple killed the evening.","The mistake killed the proposal.",0,95,7919
"e7a1b71f-2ad0-49e8-bb15-f77809ce2275",6,"close","result","pair176","The executive closed the deal.","The chauffeur closed the door.",0,91,6231
"e7a1b71f-2ad0-49e8-bb15-f77809ce2275",6,"bump","manner","pair193","The dean bumped the meeting.","The waiter bumped the table.",1,86,3855
"e7a1b71f-2ad0-49e8-bb15-f77809ce2275",6,"kill","result","pair182","The mistake killed the proposal.","The criminal killed the victim.",1,84,3320
"ed0d445c-7dbe-444f-9628-33c1242f48f7",11,"fill","result","pair062","The festival filled the weekend.","The waiter filled the glass.",1,87,4238
"ed0d445c-7dbe-444f-9628-33c1242f48f7",11,"break","result","pair048","The burglar broke the window.","The guest broke the plate.",1,0,3843
"ed0d445c-7dbe-444f-9628-33c1242f48f7",11,"close","result","pair052","The author closed the chapter.","The presenter closed the speech.",1,0,6507
"ed0d445c-7dbe-444f-9628-33c1242f48f7",11,"fold","result","pair050","The founder folded the company.","The chef folded the eggs.",0,100,4427
"ed0d445c-7dbe-444f-9628-33c1242f48f7",11,"kill","result","pair057","The traveler killed the afternoon.","The team killed the rivals.",0,83,4903
"ed0d445c-7dbe-444f-9628-33c1242f48f7",11,"hit","manner","pair056","The idea hit the researcher.","The batter hit the ball.",1,100,10522
"ed0d445c-7dbe-444f-9628-33c1242f48f7",11,"smear","manner","pair051","The article smeared the celebrity.","The baker smeared the frosting.",0,100,4525
"ed0d445c-7dbe-444f-9628-33c1242f48f7",11,"kill","result","pair049","The team killed the rivals.","The mistake killed the proposal.",0,50,6537
"ed0d445c-7dbe-444f-9628-33c1242f48f7",11,"hit","manner","pair060","The traveler hit the delay.","The batter hit the ball.",0,77,3842
"ed0d445c-7dbe-444f-9628-33c1242f48f7",11,"bump","manner","pair058","The teacher bumped the deadline.","The dean bumped the meeting.",1,0,3561
"ed0d445c-7dbe-444f-9628-33c1242f48f7",11,"pull","manner","pair061","The regulators pulled the product.","The climber pulled the rope.",0,100,4725
"ed0d445c-7dbe-444f-9628-33c1242f48f7",11,"shoot","manner","pair063","The photographer shot the wedding.","The athlete shot the ball.",0,100,4610
"ed0d445c-7dbe-444f-9628-33c1242f48f7",11,"bump","manner","pair064","The waiter bumped the table.","The ball bumped the couch.",0,0,22183
"ed0d445c-7dbe-444f-9628-33c1242f48f7",11,"break","result","pair053","The president broke the promise.","The guest broke the plate.",0,68,4495
"ed0d445c-7dbe-444f-9628-33c1242f48f7",11,"hit","manner","pair054","The arrow hit the target.","The child hit the pillow.",0,44,5056
"ed0d445c-7dbe-444f-9628-33c1242f48f7",11,"clear","result","pair055","The hiker cleared the obstacle.","The worker cleared the rubble.",0,81,4588
"ed0d445c-7dbe-444f-9628-33c1242f48f7",11,"cover","result","pair065","The snow covered the footprints.","The nurse covered the wound.",1,47,7100
"ed0d445c-7dbe-444f-9628-33c1242f48f7",11,"fill","result","pair066","The love filled the void.","The festival filled the weekend.",0,0,4571
"ed0d445c-7dbe-444f-9628-33c1242f48f7",11,"push","manner","pair059","The company pushed the product.","The shopper pushed the cart.",0,100,5245
"ec54f7b4-3bce-4da7-8466-6f3c8d61b716",18,"close","result","pair207","The presenter closed the speech.","The baker closed the oven.",1,72,7599
"ec54f7b4-3bce-4da7-8466-6f3c8d61b716",18,"fold","result","pair213","The manager folded the project.","The cleaner folded the clothes.",0,95,5998
"ec54f7b4-3bce-4da7-8466-6f3c8d61b716",18,"kill","result","pair195","The team killed the rivals.","The cat killed the mouse.",0,95,3515
"ec54f7b4-3bce-4da7-8466-6f3c8d61b716",18,"shoot","manner","pair200","The robber shot the victim.","The athlete shot the ball.",0,98,5448
"ec54f7b4-3bce-4da7-8466-6f3c8d61b716",18,"pull","manner","pair214","The scandal pulled the reporters.","The climber pulled the rope.",0,98,5898
"ec54f7b4-3bce-4da7-8466-6f3c8d61b716",18,"bump","manner","pair201","The gardener bumped the statue.","The driver bumped the curb.",0,3,8133
"ec54f7b4-3bce-4da7-8466-6f3c8d61b716",18,"kill","result","pair212","The traveler killed the afternoon.","The criminal killed the victim.",0,99,5798
"ec54f7b4-3bce-4da7-8466-6f3c8d61b716",18,"clear","result","pair202","The horse cleared the jump.","The bookkeeper cleared the payment.",0,92,4631
"ec54f7b4-3bce-4da7-8466-6f3c8d61b716",18,"hit","manner","pair203","The investor hit the goal.","The solution hit the inventor.",0,97,5401
"ec54f7b4-3bce-4da7-8466-6f3c8d61b716",18,"close","result","pair197","The executive closed the deal.","The presenter closed the speech.",0,70,11016
"ec54f7b4-3bce-4da7-8466-6f3c8d61b716",18,"pull","manner","pair204","The business pulled the service.","The regulators pulled the product.",1,6,6282
"ec54f7b4-3bce-4da7-8466-6f3c8d61b716",18,"clear","result","pair215","The bookkeeper cleared the payment.","The worker cleared the rubble.",0,91,4732
"ec54f7b4-3bce-4da7-8466-6f3c8d61b716",18,"push","manner","pair199","The artwork pushed the boundaries.","The shopper pushed the cart.",0,100,9915
"ec54f7b4-3bce-4da7-8466-6f3c8d61b716",18,"kill","result","pair194","The couple killed the evening.","The business killed the competition.",0,93,4649
"ec54f7b4-3bce-4da7-8466-6f3c8d61b716",18,"push","manner","pair208","The politician pushed the policy.","The artwork pushed the boundaries.",0,35,13782
"ec54f7b4-3bce-4da7-8466-6f3c8d61b716",18,"fill","result","pair196","The farmer filled the bucket.","The waiter filled the glass.",1,6,5332
"ec54f7b4-3bce-4da7-8466-6f3c8d61b716",18,"fold","result","pair198","The cleaner folded the clothes.","The chef folded the eggs.",0,83,11517
"ec54f7b4-3bce-4da7-8466-6f3c8d61b716",18,"shoot","manner","pair216","The director shot the scene.","The photographer shot the wedding.",1,4,5115
"ec54f7b4-3bce-4da7-8466-6f3c8d61b716",18,"open","result","pair210","The consultant opened the discussion.","The teacher opened the window.",0,97,6315
"ec54f7b4-3bce-4da7-8466-6f3c8d61b716",18,"fill","result","pair218","The love filled the void.","The waiter filled the glass.",0,100,3465
"ec54f7b4-3bce-4da7-8466-6f3c8d61b716",18,"bump","manner","pair217","The teacher bumped the deadline.","The ball bumped the couch.",0,98,3615
"ec54f7b4-3bce-4da7-8466-6f3c8d61b716",18,"cover","result","pair211","The nurse covered the wound.","The policy covered the accident.",0,94,6066
"ec54f7b4-3bce-4da7-8466-6f3c8d61b716",18,"hit","manner","pair206","The hurricane hit the coastline.","The idea hit the researcher.",0,94,4999
"ec54f7b4-3bce-4da7-8466-6f3c8d61b716",18,"cover","result","pair205","The writer covered the election.","The nurse covered the wound.",0,100,4815
"ec54f7b4-3bce-4da7-8466-6f3c8d61b716",18,"break","result","pair209","The company broke the law.","The burglar broke the window.",0,71,8049
"698ce198-02e4-4c1a-856f-32128e1e39b0",14,"clear","result","pair149","The hiker cleared the obstacle.","The bookkeeper cleared the payment.",0,84,9231
"698ce198-02e4-4c1a-856f-32128e1e39b0",14,"smear","manner","pair169","The journalist smeared the business.","The article smeared the celebrity.",1,57,9146
"698ce198-02e4-4c1a-856f-32128e1e39b0",14,"hit","manner","pair157","The traveler hit the delay.","The solution hit the inventor.",0,100,5582
"698ce198-02e4-4c1a-856f-32128e1e39b0",14,"bump","manner","pair161","The dean bumped the meeting.","The ball bumped the couch.",0,100,4256
"698ce198-02e4-4c1a-856f-32128e1e39b0",14,"open","result","pair155","The teacher opened the window.","The farmer opened the gate.",1,92,5577
"698ce198-02e4-4c1a-856f-32128e1e39b0",14,"fill","result","pair158","The donations filled the need.","The waiter filled the glass.",0,91,17347
"698ce198-02e4-4c1a-856f-32128e1e39b0",14,"close","result","pair153","The lawyer closed the case.","The presenter closed the speech.",0,46,9233
"698ce198-02e4-4c1a-856f-32128e1e39b0",14,"hit","manner","pair151","The arrow hit the target.","The hurricane hit the coastline.",1,98,6564
"698ce198-02e4-4c1a-856f-32128e1e39b0",14,"pull","manner","pair150","The climber pulled the rope.","The worker pulled the lever.",1,94,6502
"698ce198-02e4-4c1a-856f-32128e1e39b0",14,"hit","manner","pair159","The solution hit the inventor.","The child hit the pillow.",1,100,3720
"698ce198-02e4-4c1a-856f-32128e1e39b0",14,"kill","result","pair167","The joke killed the evening.","The criminal killed the victim.",1,100,4060
"698ce198-02e4-4c1a-856f-32128e1e39b0",14,"push","manner","pair162","The company pushed the product.","The artwork pushed the boundaries.",0,86,4494
"698ce198-02e4-4c1a-856f-32128e1e39b0",14,"cover","result","pair165","The channel covered the story.","The nurse covered the wound.",0,100,3794
"698ce198-02e4-4c1a-856f-32128e1e39b0",14,"shoot","manner","pair164","The athlete shot the ball.","The technician shot the fireworks.",1,100,5464
"698ce198-02e4-4c1a-856f-32128e1e39b0",14,"shoot","manner","pair160","The director shot the scene.","The technician shot the fireworks.",0,97,4238
"698ce198-02e4-4c1a-856f-32128e1e39b0",14,"break","result","pair166","The president broke the promise.","The doctor broke the news.",0,97,7244
"698ce198-02e4-4c1a-856f-32128e1e39b0",14,"kill","result","pair156","The couple killed the evening.","The criminal killed the victim.",0,100,3430
"698ce198-02e4-4c1a-856f-32128e1e39b0",14,"break","result","pair152","The doctor broke the news.","The guest broke the plate.",0,100,3246
"698ce198-02e4-4c1a-856f-32128e1e39b0",14,"fold","result","pair154","The founder folded the company.","The cleaner folded the clothes.",0,100,9092
"698ce198-02e4-4c1a-856f-32128e1e39b0",14,"pull","manner","pair168","The business pulled the service.","The worker pulled the lever.",0,98,2981
"698ce198-02e4-4c1a-856f-32128e1e39b0",14,"kill","result","pair163","The business killed the competition.","The joke killed the evening.",0,100,4150
"17e6cc92-1cf6-4651-9a7c-8fd3a88cc37a",10,"smear","manner","pair117","The article smeared the celebrity.","The artist smeared the paint.",0,94,21847
"17e6cc92-1cf6-4651-9a7c-8fd3a88cc37a",10,"cover","result","pair128","The snow covered the footprints.","The policy covered the accident.",0,69,50735
"17e6cc92-1cf6-4651-9a7c-8fd3a88cc37a",10,"cover","result","pair121","The writer covered the election.","The channel covered the story.",1,11,76059
"17e6cc92-1cf6-4651-9a7c-8fd3a88cc37a",10,"close","result","pair118","The author closed the chapter.","The baker closed the oven.",1,37,138587
"17e6cc92-1cf6-4651-9a7c-8fd3a88cc37a",10,"fill","result","pair120","The love filled the void.","The secretary filled the schedule.",0,73,111528
"17e6cc92-1cf6-4651-9a7c-8fd3a88cc37a",10,"fold","result","pair113","The cleaner folded the clothes.","The child folded the paper.",1,13,30857
"17e6cc92-1cf6-4651-9a7c-8fd3a88cc37a",10,"clear","result","pair114","The bookkeeper cleared the payment.","The officer cleared the request.",1,11,19056
"17e6cc92-1cf6-4651-9a7c-8fd3a88cc37a",10,"close","result","pair115","The executive closed the deal.","The lawyer closed the case.",1,0,18930
"17e6cc92-1cf6-4651-9a7c-8fd3a88cc37a",10,"kill","result","pair123","The team killed the rivals.","The joke killed the evening.",0,100,13027
"17e6cc92-1cf6-4651-9a7c-8fd3a88cc37a",10,"bump","manner","pair129","The waiter bumped the table.","The driver bumped the curb.",0,11,13757
"17e6cc92-1cf6-4651-9a7c-8fd3a88cc37a",10,"pull","manner","pair124","The regulators pulled the product.","The worker pulled the lever.",0,25,5398
"17e6cc92-1cf6-4651-9a7c-8fd3a88cc37a",10,"hit","manner","pair126","The arrow hit the target.","The batter hit the ball.",0,0,4712
"17e6cc92-1cf6-4651-9a7c-8fd3a88cc37a",10,"push","manner","pair112","The artwork pushed the boundaries.","The athlete pushed the limit.",1,25,5218
"17e6cc92-1cf6-4651-9a7c-8fd3a88cc37a",10,"hit","manner","pair122","The investor hit the goal.","The arrow hit the target.",1,5,7005
"17e6cc92-1cf6-4651-9a7c-8fd3a88cc37a",10,"hit","manner","pair125","The child hit the pillow.","The batter hit the ball.",1,5,21182
"17e6cc92-1cf6-4651-9a7c-8fd3a88cc37a",10,"shoot","manner","pair119","The photographer shot the wedding.","The technician shot the fireworks.",0,83,4632
"17e6cc92-1cf6-4651-9a7c-8fd3a88cc37a",10,"fill","result","pair111","The secretary filled the schedule.","The farmer filled the bucket.",1,92,11685
"17e6cc92-1cf6-4651-9a7c-8fd3a88cc37a",10,"break","result","pair110","The company broke the law.","The doctor broke the news.",0,100,5376
"17e6cc92-1cf6-4651-9a7c-8fd3a88cc37a",10,"bump","manner","pair116","The teacher bumped the deadline.","The waiter bumped the table.",1,83,4699
"17e6cc92-1cf6-4651-9a7c-8fd3a88cc37a",10,"kill","result","pair127","The traveler killed the afternoon.","The mistake killed the proposal.",0,98,7029
"449234d1-8b1c-43ee-854a-5e36789b7f6e",10,"pull","manner","pair124","The regulators pulled the product.","The worker pulled the lever.",0,85,5793
"449234d1-8b1c-43ee-854a-5e36789b7f6e",10,"kill","result","pair123","The team killed the rivals.","The joke killed the evening.",0,100,5170
"449234d1-8b1c-43ee-854a-5e36789b7f6e",10,"clear","result","pair114","The bookkeeper cleared the payment.","The officer cleared the request.",1,26,5540
"449234d1-8b1c-43ee-854a-5e36789b7f6e",10,"break","result","pair110","The company broke the law.","The doctor broke the news.",0,98,3629
"449234d1-8b1c-43ee-854a-5e36789b7f6e",10,"fold","result","pair113","The cleaner folded the clothes.","The child folded the paper.",1,72,5358
"449234d1-8b1c-43ee-854a-5e36789b7f6e",10,"close","result","pair118","The author closed the chapter.","The baker closed the oven.",1,97,4669
"449234d1-8b1c-43ee-854a-5e36789b7f6e",10,"close","result","pair115","The executive closed the deal.","The lawyer closed the case.",1,56,5307
"449234d1-8b1c-43ee-854a-5e36789b7f6e",10,"fill","result","pair120","The love filled the void.","The secretary filled the schedule.",0,100,14147
"449234d1-8b1c-43ee-854a-5e36789b7f6e",10,"smear","manner","pair117","The article smeared the celebrity.","The artist smeared the paint.",0,98,8624
"449234d1-8b1c-43ee-854a-5e36789b7f6e",10,"hit","manner","pair126","The arrow hit the target.","The batter hit the ball.",0,47,17112
"449234d1-8b1c-43ee-854a-5e36789b7f6e",10,"hit","manner","pair122","The investor hit the goal.","The arrow hit the target.",1,97,3626
"449234d1-8b1c-43ee-854a-5e36789b7f6e",10,"cover","result","pair121","The writer covered the election.","The channel covered the story.",1,23,13492
"449234d1-8b1c-43ee-854a-5e36789b7f6e",10,"kill","result","pair127","The traveler killed the afternoon.","The mistake killed the proposal.",0,48,5014
"449234d1-8b1c-43ee-854a-5e36789b7f6e",10,"bump","manner","pair129","The waiter bumped the table.","The driver bumped the curb.",0,95,5438
"449234d1-8b1c-43ee-854a-5e36789b7f6e",10,"hit","manner","pair125","The child hit the pillow.","The batter hit the ball.",1,70,5771
"449234d1-8b1c-43ee-854a-5e36789b7f6e",10,"push","manner","pair112","The artwork pushed the boundaries.","The athlete pushed the limit.",1,36,4943
"449234d1-8b1c-43ee-854a-5e36789b7f6e",10,"cover","result","pair128","The snow covered the footprints.","The policy covered the accident.",0,99,3729
"449234d1-8b1c-43ee-854a-5e36789b7f6e",10,"bump","manner","pair116","The teacher bumped the deadline.","The waiter bumped the table.",1,97,4361
"449234d1-8b1c-43ee-854a-5e36789b7f6e",10,"fill","result","pair111","The secretary filled the schedule.","The farmer filled the bucket.",1,97,3191
"449234d1-8b1c-43ee-854a-5e36789b7f6e",10,"shoot","manner","pair119","The photographer shot the wedding.","The technician shot the fireworks.",0,70,4165
"ca47af63-e956-4b16-9344-0bea590e3c5d",6,"pull","manner","pair189","The advertisement pulled the customers.","The climber pulled the rope.",0,54,12629
"ca47af63-e956-4b16-9344-0bea590e3c5d",6,"clear","result","pair177","The officer cleared the request.","The worker cleared the rubble.",0,60,8895
"ca47af63-e956-4b16-9344-0bea590e3c5d",6,"hit","manner","pair191","The hurricane hit the coastline.","The batter hit the ball.",0,51,9118
"ca47af63-e956-4b16-9344-0bea590e3c5d",6,"bump","manner","pair193","The dean bumped the meeting.","The waiter bumped the table.",1,100,3753
"ca47af63-e956-4b16-9344-0bea590e3c5d",6,"shoot","manner","pair184","The hunter shot the deer.","The athlete shot the ball.",0,100,4157
"ca47af63-e956-4b16-9344-0bea590e3c5d",6,"push","manner","pair180","The politician pushed the policy.","The pilot pushed the button.",0,91,5655
"ca47af63-e956-4b16-9344-0bea590e3c5d",6,"cover","result","pair187","The writer covered the election.","The insurance covered the damage.",0,100,5647
"ca47af63-e956-4b16-9344-0bea590e3c5d",6,"close","result","pair185","The baker closed the oven.","The chauffeur closed the door.",1,0,7833
"ca47af63-e956-4b16-9344-0bea590e3c5d",6,"fold","result","pair190","The manager folded the project.","The baker folded the flour.",0,100,7863
"ca47af63-e956-4b16-9344-0bea590e3c5d",6,"fold","result","pair173","The child folded the paper.","The chef folded the eggs.",0,66,8103
"ca47af63-e956-4b16-9344-0bea590e3c5d",6,"pull","manner","pair175","The business pulled the service.","The advertisement pulled the customers.",0,100,7656
"ca47af63-e956-4b16-9344-0bea590e3c5d",6,"kill","result","pair171","The couple killed the evening.","The mistake killed the proposal.",0,100,3201
"ca47af63-e956-4b16-9344-0bea590e3c5d",6,"kill","result","pair182","The mistake killed the proposal.","The criminal killed the victim.",1,100,16867
"ca47af63-e956-4b16-9344-0bea590e3c5d",6,"hit","manner","pair179","The investor hit the goal.","The child hit the pillow.",0,100,4405
"ca47af63-e956-4b16-9344-0bea590e3c5d",6,"close","result","pair176","The executive closed the deal.","The chauffeur closed the door.",0,100,7692
"ca47af63-e956-4b16-9344-0bea590e3c5d",6,"cover","result","pair192","The policy covered the accident.","The insurance covered the damage.",1,0,7015
"ca47af63-e956-4b16-9344-0bea590e3c5d",6,"kill","result","pair188","The business killed the competition.","The team killed the rivals.",1,100,4094
"ca47af63-e956-4b16-9344-0bea590e3c5d",6,"break","result","pair172","The doctor broke the news.","The journalist broke the story.",1,0,7200
"ca47af63-e956-4b16-9344-0bea590e3c5d",6,"clear","result","pair178","The horse cleared the jump.","The waiter cleared the table.",0,100,6579
"ca47af63-e956-4b16-9344-0bea590e3c5d",6,"push","manner","pair170","The athlete pushed the limit.","The shopper pushed the cart.",0,100,2971
"ca47af63-e956-4b16-9344-0bea590e3c5d",6,"hit","manner","pair174","The traveler hit the delay.","The arrow hit the target.",1,100,3957
"ca47af63-e956-4b16-9344-0bea590e3c5d",6,"open","result","pair183","The chairperson opened the meeting.","The teacher opened the window.",0,100,4203
"ca47af63-e956-4b16-9344-0bea590e3c5d",6,"shoot","manner","pair181","The director shot the scene.","The hunter shot the deer.",0,100,6606
"ca47af63-e956-4b16-9344-0bea590e3c5d",6,"fill","result","pair186","The donations filled the need.","The secretary filled the schedule.",0,60,8917
"a480bba3-0f52-450f-96f2-9c679eb61179",1,"close","result","pair052","The author closed the chapter.","The presenter closed the speech.",1,16,15556
"a480bba3-0f52-450f-96f2-9c679eb61179",1,"pull","manner","pair061","The regulators pulled the product.","The climber pulled the rope.",0,18,7253
"a480bba3-0f52-450f-96f2-9c679eb61179",1,"kill","result","pair057","The traveler killed the afternoon.","The team killed the rivals.",0,57,13382
"a480bba3-0f52-450f-96f2-9c679eb61179",1,"smear","manner","pair051","The article smeared the celebrity.","The baker smeared the frosting.",0,39,13087
"a480bba3-0f52-450f-96f2-9c679eb61179",1,"bump","manner","pair058","The teacher bumped the deadline.","The dean bumped the meeting.",1,34,10925
"a480bba3-0f52-450f-96f2-9c679eb61179",1,"hit","manner","pair060","The traveler hit the delay.","The batter hit the ball.",0,79,5671
"a480bba3-0f52-450f-96f2-9c679eb61179",1,"clear","result","pair055","The hiker cleared the obstacle.","The worker cleared the rubble.",0,34,7248
"a480bba3-0f52-450f-96f2-9c679eb61179",1,"bump","manner","pair064","The waiter bumped the table.","The ball bumped the couch.",0,46,10124
"a480bba3-0f52-450f-96f2-9c679eb61179",1,"fill","result","pair066","The love filled the void.","The festival filled the weekend.",0,28,18584
"a480bba3-0f52-450f-96f2-9c679eb61179",1,"break","result","pair053","The president broke the promise.","The guest broke the plate.",0,55,8625
"a480bba3-0f52-450f-96f2-9c679eb61179",1,"fill","result","pair062","The festival filled the weekend.","The waiter filled the glass.",1,43,15260
"a480bba3-0f52-450f-96f2-9c679eb61179",1,"shoot","manner","pair063","The photographer shot the wedding.","The athlete shot the ball.",0,61,6697
"a480bba3-0f52-450f-96f2-9c679eb61179",1,"break","result","pair048","The burglar broke the window.","The guest broke the plate.",1,33,7187
"a480bba3-0f52-450f-96f2-9c679eb61179",1,"hit","manner","pair056","The idea hit the researcher.","The batter hit the ball.",1,73,8961
"a480bba3-0f52-450f-96f2-9c679eb61179",1,"fold","result","pair050","The founder folded the company.","The chef folded the eggs.",0,38,6295
"a480bba3-0f52-450f-96f2-9c679eb61179",1,"push","manner","pair059","The company pushed the product.","The shopper pushed the cart.",0,49,4034
"a480bba3-0f52-450f-96f2-9c679eb61179",1,"kill","result","pair049","The team killed the rivals.","The mistake killed the proposal.",0,61,7185
"a480bba3-0f52-450f-96f2-9c679eb61179",1,"cover","result","pair065","The snow covered the footprints.","The nurse covered the wound.",1,79,9107
"a480bba3-0f52-450f-96f2-9c679eb61179",1,"hit","manner","pair054","The arrow hit the target.","The child hit the pillow.",0,75,6133
"fdfbfbac-fb5c-4f4b-8d8f-db8b9b8369d9",18,"close","result","pair197","The executive closed the deal.","The presenter closed the speech.",0,81,3812
"fdfbfbac-fb5c-4f4b-8d8f-db8b9b8369d9",18,"push","manner","pair199","The artwork pushed the boundaries.","The shopper pushed the cart.",0,81,5804
"fdfbfbac-fb5c-4f4b-8d8f-db8b9b8369d9",18,"fold","result","pair198","The cleaner folded the clothes.","The chef folded the eggs.",0,90,3453
"fdfbfbac-fb5c-4f4b-8d8f-db8b9b8369d9",18,"close","result","pair207","The presenter closed the speech.","The baker closed the oven.",1,82,3678
"fdfbfbac-fb5c-4f4b-8d8f-db8b9b8369d9",18,"bump","manner","pair217","The teacher bumped the deadline.","The ball bumped the couch.",0,71,4802
"fdfbfbac-fb5c-4f4b-8d8f-db8b9b8369d9",18,"kill","result","pair195","The team killed the rivals.","The cat killed the mouse.",0,85,2936
"fdfbfbac-fb5c-4f4b-8d8f-db8b9b8369d9",18,"hit","manner","pair206","The hurricane hit the coastline.","The idea hit the researcher.",0,75,3723
"fdfbfbac-fb5c-4f4b-8d8f-db8b9b8369d9",18,"hit","manner","pair203","The investor hit the goal.","The solution hit the inventor.",0,59,3409
"fdfbfbac-fb5c-4f4b-8d8f-db8b9b8369d9",18,"break","result","pair209","The company broke the law.","The burglar broke the window.",0,57,3352
"fdfbfbac-fb5c-4f4b-8d8f-db8b9b8369d9",18,"cover","result","pair211","The nurse covered the wound.","The policy covered the accident.",0,67,4544
"fdfbfbac-fb5c-4f4b-8d8f-db8b9b8369d9",18,"pull","manner","pair204","The business pulled the service.","The regulators pulled the product.",1,5,6198
"fdfbfbac-fb5c-4f4b-8d8f-db8b9b8369d9",18,"fill","result","pair196","The farmer filled the bucket.","The waiter filled the glass.",1,15,6164
"fdfbfbac-fb5c-4f4b-8d8f-db8b9b8369d9",18,"pull","manner","pair214","The scandal pulled the reporters.","The climber pulled the rope.",0,70,8572
"fdfbfbac-fb5c-4f4b-8d8f-db8b9b8369d9",18,"cover","result","pair205","The writer covered the election.","The nurse covered the wound.",0,63,3374
"fdfbfbac-fb5c-4f4b-8d8f-db8b9b8369d9",18,"kill","result","pair212","The traveler killed the afternoon.","The criminal killed the victim.",0,70,3261
"fdfbfbac-fb5c-4f4b-8d8f-db8b9b8369d9",18,"bump","manner","pair201","The gardener bumped the statue.","The driver bumped the curb.",0,21,3486
"fdfbfbac-fb5c-4f4b-8d8f-db8b9b8369d9",18,"open","result","pair210","The consultant opened the discussion.","The teacher opened the window.",0,79,3127
"fdfbfbac-fb5c-4f4b-8d8f-db8b9b8369d9",18,"clear","result","pair215","The bookkeeper cleared the payment.","The worker cleared the rubble.",0,71,3846
"fdfbfbac-fb5c-4f4b-8d8f-db8b9b8369d9",18,"kill","result","pair194","The couple killed the evening.","The business killed the competition.",0,39,7728
"fdfbfbac-fb5c-4f4b-8d8f-db8b9b8369d9",18,"push","manner","pair208","The politician pushed the policy.","The artwork pushed the boundaries.",0,83,5658
"fdfbfbac-fb5c-4f4b-8d8f-db8b9b8369d9",18,"fill","result","pair218","The love filled the void.","The waiter filled the glass.",0,24,4511
"fdfbfbac-fb5c-4f4b-8d8f-db8b9b8369d9",18,"fold","result","pair213","The manager folded the project.","The cleaner folded the clothes.",0,85,3341
"fdfbfbac-fb5c-4f4b-8d8f-db8b9b8369d9",18,"clear","result","pair202","The horse cleared the jump.","The bookkeeper cleared the payment.",0,79,2721
"fdfbfbac-fb5c-4f4b-8d8f-db8b9b8369d9",18,"shoot","manner","pair200","The robber shot the victim.","The athlete shot the ball.",0,49,7121
"fdfbfbac-fb5c-4f4b-8d8f-db8b9b8369d9",18,"shoot","manner","pair216","The director shot the scene.","The photographer shot the wedding.",1,10,6175
"38b9675c-0d4b-4d2f-a7ac-be135ddf6354",16,"fill","result","pair186","The donations filled the need.","The secretary filled the schedule.",0,45,27960
"38b9675c-0d4b-4d2f-a7ac-be135ddf6354",16,"break","result","pair172","The doctor broke the news.","The journalist broke the story.",1,41,4633
"38b9675c-0d4b-4d2f-a7ac-be135ddf6354",16,"shoot","manner","pair181","The director shot the scene.","The hunter shot the deer.",0,79,5571
"38b9675c-0d4b-4d2f-a7ac-be135ddf6354",16,"bump","manner","pair193","The dean bumped the meeting.","The waiter bumped the table.",1,60,7074
"38b9675c-0d4b-4d2f-a7ac-be135ddf6354",16,"kill","result","pair182","The mistake killed the proposal.","The criminal killed the victim.",1,78,6690
"38b9675c-0d4b-4d2f-a7ac-be135ddf6354",16,"shoot","manner","pair184","The hunter shot the deer.","The athlete shot the ball.",0,44,7624
"38b9675c-0d4b-4d2f-a7ac-be135ddf6354",16,"push","manner","pair170","The athlete pushed the limit.","The shopper pushed the cart.",0,67,4835
"38b9675c-0d4b-4d2f-a7ac-be135ddf6354",16,"cover","result","pair187","The writer covered the election.","The insurance covered the damage.",0,60,7133
"38b9675c-0d4b-4d2f-a7ac-be135ddf6354",16,"hit","manner","pair179","The investor hit the goal.","The child hit the pillow.",0,98,8587
"38b9675c-0d4b-4d2f-a7ac-be135ddf6354",16,"open","result","pair183","The chairperson opened the meeting.","The teacher opened the window.",0,63,4129
"38b9675c-0d4b-4d2f-a7ac-be135ddf6354",16,"push","manner","pair180","The politician pushed the policy.","The pilot pushed the button.",0,61,5087
"38b9675c-0d4b-4d2f-a7ac-be135ddf6354",16,"pull","manner","pair189","The advertisement pulled the customers.","The climber pulled the rope.",0,64,6636
"38b9675c-0d4b-4d2f-a7ac-be135ddf6354",16,"hit","manner","pair174","The traveler hit the delay.","The arrow hit the target.",1,61,6900
"38b9675c-0d4b-4d2f-a7ac-be135ddf6354",16,"close","result","pair185","The baker closed the oven.","The chauffeur closed the door.",1,40,5475
"38b9675c-0d4b-4d2f-a7ac-be135ddf6354",16,"cover","result","pair192","The policy covered the accident.","The insurance covered the damage.",1,11,5730
"38b9675c-0d4b-4d2f-a7ac-be135ddf6354",16,"hit","manner","pair191","The hurricane hit the coastline.","The batter hit the ball.",0,55,4529
"38b9675c-0d4b-4d2f-a7ac-be135ddf6354",16,"kill","result","pair171","The couple killed the evening.","The mistake killed the proposal.",0,61,4861
"38b9675c-0d4b-4d2f-a7ac-be135ddf6354",16,"pull","manner","pair175","The business pulled the service.","The advertisement pulled the customers.",0,36,7905
"38b9675c-0d4b-4d2f-a7ac-be135ddf6354",16,"kill","result","pair188","The business killed the competition.","The team killed the rivals.",1,54,5737
"38b9675c-0d4b-4d2f-a7ac-be135ddf6354",16,"clear","result","pair177","The officer cleared the request.","The worker cleared the rubble.",0,61,4912
"38b9675c-0d4b-4d2f-a7ac-be135ddf6354",16,"fold","result","pair173","The child folded the paper.","The chef folded the eggs.",0,48,4943
"38b9675c-0d4b-4d2f-a7ac-be135ddf6354",16,"close","result","pair176","The executive closed the deal.","The chauffeur closed the door.",0,71,5117
"38b9675c-0d4b-4d2f-a7ac-be135ddf6354",16,"fold","result","pair190","The manager folded the project.","The baker folded the flour.",0,66,4919
"38b9675c-0d4b-4d2f-a7ac-be135ddf6354",16,"clear","result","pair178","The horse cleared the jump.","The waiter cleared the table.",0,58,4972
"02fd7ba9-f35b-4fd0-84cd-ee46782b3e21",3,"kill","result","pair071","The joke killed the evening.","The cat killed the mouse.",1,100,5361
"02fd7ba9-f35b-4fd0-84cd-ee46782b3e21",3,"hit","manner","pair074","The traveler hit the delay.","The idea hit the researcher.",0,52,17717
"02fd7ba9-f35b-4fd0-84cd-ee46782b3e21",3,"cover","result","pair078","The channel covered the story.","The policy covered the accident.",0,73,6596
"02fd7ba9-f35b-4fd0-84cd-ee46782b3e21",3,"shoot","manner","pair080","The photographer shot the wedding.","The robber shot the victim.",0,100,5277
"02fd7ba9-f35b-4fd0-84cd-ee46782b3e21",3,"break","result","pair069","The president broke the promise.","The journalist broke the story.",0,100,8272
"02fd7ba9-f35b-4fd0-84cd-ee46782b3e21",3,"close","result","pair075","The lawyer closed the case.","The baker closed the oven.",0,100,4500
"02fd7ba9-f35b-4fd0-84cd-ee46782b3e21",3,"fill","result","pair084","The festival filled the weekend.","The secretary filled the schedule.",1,100,7141
"02fd7ba9-f35b-4fd0-84cd-ee46782b3e21",3,"break","result","pair082","The journalist broke the story.","The burglar broke the window.",0,100,5904
"02fd7ba9-f35b-4fd0-84cd-ee46782b3e21",3,"smear","manner","pair068","The journalist smeared the business.","The baker smeared the frosting.",0,91,6549
"02fd7ba9-f35b-4fd0-84cd-ee46782b3e21",3,"push","manner","pair067","The company pushed the product.","The athlete pushed the limit.",0,100,4388
"02fd7ba9-f35b-4fd0-84cd-ee46782b3e21",3,"hit","manner","pair076","The solution hit the inventor.","The batter hit the ball.",1,79,5986
"02fd7ba9-f35b-4fd0-84cd-ee46782b3e21",3,"pull","manner","pair083","The regulators pulled the product.","The scandal pulled the reporters.",0,61,14907
"02fd7ba9-f35b-4fd0-84cd-ee46782b3e21",3,"clear","result","pair070","The hiker cleared the obstacle.","The officer cleared the request.",0,100,5393
"02fd7ba9-f35b-4fd0-84cd-ee46782b3e21",3,"kill","result","pair081","The couple killed the evening.","The cat killed the mouse.",0,94,4734
"02fd7ba9-f35b-4fd0-84cd-ee46782b3e21",3,"hit","manner","pair073","The arrow hit the target.","The solution hit the inventor.",0,62,6074
"02fd7ba9-f35b-4fd0-84cd-ee46782b3e21",3,"kill","result","pair077","The business killed the competition.","The criminal killed the victim.",0,58,5942
"02fd7ba9-f35b-4fd0-84cd-ee46782b3e21",3,"bump","manner","pair079","The dean bumped the meeting.","The driver bumped the curb.",0,100,5940
"02fd7ba9-f35b-4fd0-84cd-ee46782b3e21",3,"fold","result","pair072","The founder folded the company.","The child folded the paper.",0,79,11170
"24ebd3aa-e1ed-4e05-aa62-bec7ca3279ac",11,"smear","manner","pair051","The article smeared the celebrity.","The baker smeared the frosting.",0,100,4832
"24ebd3aa-e1ed-4e05-aa62-bec7ca3279ac",11,"bump","manner","pair058","The teacher bumped the deadline.","The dean bumped the meeting.",1,20,6038
"24ebd3aa-e1ed-4e05-aa62-bec7ca3279ac",11,"fill","result","pair062","The festival filled the weekend.","The waiter filled the glass.",1,100,5383
"24ebd3aa-e1ed-4e05-aa62-bec7ca3279ac",11,"shoot","manner","pair063","The photographer shot the wedding.","The athlete shot the ball.",0,67,4995
"24ebd3aa-e1ed-4e05-aa62-bec7ca3279ac",11,"break","result","pair048","The burglar broke the window.","The guest broke the plate.",1,86,4311
"24ebd3aa-e1ed-4e05-aa62-bec7ca3279ac",11,"hit","manner","pair060","The traveler hit the delay.","The batter hit the ball.",0,95,6513
"24ebd3aa-e1ed-4e05-aa62-bec7ca3279ac",11,"bump","manner","pair064","The waiter bumped the table.","The ball bumped the couch.",0,65,8055
"24ebd3aa-e1ed-4e05-aa62-bec7ca3279ac",11,"kill","result","pair057","The traveler killed the afternoon.","The team killed the rivals.",0,100,5923
"24ebd3aa-e1ed-4e05-aa62-bec7ca3279ac",11,"push","manner","pair059","The company pushed the product.","The shopper pushed the cart.",0,100,8052
"24ebd3aa-e1ed-4e05-aa62-bec7ca3279ac",11,"hit","manner","pair056","The idea hit the researcher.","The batter hit the ball.",1,100,4712
"24ebd3aa-e1ed-4e05-aa62-bec7ca3279ac",11,"close","result","pair052","The author closed the chapter.","The presenter closed the speech.",1,26,9523
"24ebd3aa-e1ed-4e05-aa62-bec7ca3279ac",11,"pull","manner","pair061","The regulators pulled the product.","The climber pulled the rope.",0,100,4760
"24ebd3aa-e1ed-4e05-aa62-bec7ca3279ac",11,"fill","result","pair066","The love filled the void.","The festival filled the weekend.",0,100,4422
"24ebd3aa-e1ed-4e05-aa62-bec7ca3279ac",11,"hit","manner","pair054","The arrow hit the target.","The child hit the pillow.",0,74,5841
"24ebd3aa-e1ed-4e05-aa62-bec7ca3279ac",11,"clear","result","pair055","The hiker cleared the obstacle.","The worker cleared the rubble.",0,46,7465
"24ebd3aa-e1ed-4e05-aa62-bec7ca3279ac",11,"break","result","pair053","The president broke the promise.","The guest broke the plate.",0,100,7633
"24ebd3aa-e1ed-4e05-aa62-bec7ca3279ac",11,"cover","result","pair065","The snow covered the footprints.","The nurse covered the wound.",1,47,5176
"24ebd3aa-e1ed-4e05-aa62-bec7ca3279ac",11,"fold","result","pair050","The founder folded the company.","The chef folded the eggs.",0,100,4678
"24ebd3aa-e1ed-4e05-aa62-bec7ca3279ac",11,"kill","result","pair049","The team killed the rivals.","The mistake killed the proposal.",0,86,6327
"3c44849c-589b-4f34-becd-b88c9b5885b8",10,"bump","manner","pair116","The teacher bumped the deadline.","The waiter bumped the table.",1,85,4147
"3c44849c-589b-4f34-becd-b88c9b5885b8",10,"cover","result","pair128","The snow covered the footprints.","The policy covered the accident.",0,100,6100
"3c44849c-589b-4f34-becd-b88c9b5885b8",10,"close","result","pair118","The author closed the chapter.","The baker closed the oven.",1,84,4446
"3c44849c-589b-4f34-becd-b88c9b5885b8",10,"close","result","pair115","The executive closed the deal.","The lawyer closed the case.",1,55,7309
"3c44849c-589b-4f34-becd-b88c9b5885b8",10,"smear","manner","pair117","The article smeared the celebrity.","The artist smeared the paint.",0,74,5320
"3c44849c-589b-4f34-becd-b88c9b5885b8",10,"pull","manner","pair124","The regulators pulled the product.","The worker pulled the lever.",0,83,9238
"3c44849c-589b-4f34-becd-b88c9b5885b8",10,"hit","manner","pair125","The child hit the pillow.","The batter hit the ball.",1,89,2541
"3c44849c-589b-4f34-becd-b88c9b5885b8",10,"break","result","pair110","The company broke the law.","The doctor broke the news.",0,88,2958
"3c44849c-589b-4f34-becd-b88c9b5885b8",10,"hit","manner","pair126","The arrow hit the target.","The batter hit the ball.",0,65,4602
"3c44849c-589b-4f34-becd-b88c9b5885b8",10,"fold","result","pair113","The cleaner folded the clothes.","The child folded the paper.",1,63,4505
"3c44849c-589b-4f34-becd-b88c9b5885b8",10,"push","manner","pair112","The artwork pushed the boundaries.","The athlete pushed the limit.",1,59,15539
"3c44849c-589b-4f34-becd-b88c9b5885b8",10,"kill","result","pair123","The team killed the rivals.","The joke killed the evening.",0,71,3460
"3c44849c-589b-4f34-becd-b88c9b5885b8",10,"fill","result","pair111","The secretary filled the schedule.","The farmer filled the bucket.",1,62,20976
"3c44849c-589b-4f34-becd-b88c9b5885b8",10,"hit","manner","pair122","The investor hit the goal.","The arrow hit the target.",1,56,3129
"3c44849c-589b-4f34-becd-b88c9b5885b8",10,"shoot","manner","pair119","The photographer shot the wedding.","The technician shot the fireworks.",0,54,3327
"3c44849c-589b-4f34-becd-b88c9b5885b8",10,"cover","result","pair121","The writer covered the election.","The channel covered the story.",1,35,5232
"3c44849c-589b-4f34-becd-b88c9b5885b8",10,"bump","manner","pair129","The waiter bumped the table.","The driver bumped the curb.",0,55,3677
"3c44849c-589b-4f34-becd-b88c9b5885b8",10,"kill","result","pair127","The traveler killed the afternoon.","The mistake killed the proposal.",0,81,4380
"3c44849c-589b-4f34-becd-b88c9b5885b8",10,"fill","result","pair120","The love filled the void.","The secretary filled the schedule.",0,86,3346
"3c44849c-589b-4f34-becd-b88c9b5885b8",10,"clear","result","pair114","The bookkeeper cleared the payment.","The officer cleared the request.",1,69,6206
"3a4439ba-8d58-455e-8c10-752021e771bc",4,"clear","result","pair149","The hiker cleared the obstacle.","The bookkeeper cleared the payment.",0,49,8110
"3a4439ba-8d58-455e-8c10-752021e771bc",4,"shoot","manner","pair160","The director shot the scene.","The technician shot the fireworks.",0,66,6968
"3a4439ba-8d58-455e-8c10-752021e771bc",4,"close","result","pair153","The lawyer closed the case.","The presenter closed the speech.",0,18,9000
"3a4439ba-8d58-455e-8c10-752021e771bc",4,"fill","result","pair158","The donations filled the need.","The waiter filled the glass.",0,24,5844
"3a4439ba-8d58-455e-8c10-752021e771bc",4,"open","result","pair155","The teacher opened the window.","The farmer opened the gate.",1,0,5938
"3a4439ba-8d58-455e-8c10-752021e771bc",4,"kill","result","pair156","The couple killed the evening.","The criminal killed the victim.",0,97,7294
"3a4439ba-8d58-455e-8c10-752021e771bc",4,"pull","manner","pair168","The business pulled the service.","The worker pulled the lever.",0,47,7141
"3a4439ba-8d58-455e-8c10-752021e771bc",4,"hit","manner","pair159","The solution hit the inventor.","The child hit the pillow.",1,95,8167
"3a4439ba-8d58-455e-8c10-752021e771bc",4,"break","result","pair152","The doctor broke the news.","The guest broke the plate.",0,85,3796
"3a4439ba-8d58-455e-8c10-752021e771bc",4,"fold","result","pair154","The founder folded the company.","The cleaner folded the clothes.",0,100,8819
"3a4439ba-8d58-455e-8c10-752021e771bc",4,"kill","result","pair167","The joke killed the evening.","The criminal killed the victim.",1,30,5452
"3a4439ba-8d58-455e-8c10-752021e771bc",4,"bump","manner","pair161","The dean bumped the meeting.","The ball bumped the couch.",0,100,42739
"3a4439ba-8d58-455e-8c10-752021e771bc",4,"smear","manner","pair169","The journalist smeared the business.","The article smeared the celebrity.",1,3,63107
"3a4439ba-8d58-455e-8c10-752021e771bc",4,"break","result","pair166","The president broke the promise.","The doctor broke the news.",0,100,5215
"3a4439ba-8d58-455e-8c10-752021e771bc",4,"shoot","manner","pair164","The athlete shot the ball.","The technician shot the fireworks.",1,15,4597
"3a4439ba-8d58-455e-8c10-752021e771bc",4,"pull","manner","pair150","The climber pulled the rope.","The worker pulled the lever.",1,2,6676
"3a4439ba-8d58-455e-8c10-752021e771bc",4,"cover","result","pair165","The channel covered the story.","The nurse covered the wound.",0,94,7906
"3a4439ba-8d58-455e-8c10-752021e771bc",4,"hit","manner","pair157","The traveler hit the delay.","The solution hit the inventor.",0,76,5519
"3a4439ba-8d58-455e-8c10-752021e771bc",4,"push","manner","pair162","The company pushed the product.","The artwork pushed the boundaries.",0,67,4849
"3a4439ba-8d58-455e-8c10-752021e771bc",4,"hit","manner","pair151","The arrow hit the target.","The hurricane hit the coastline.",1,75,22968
"3a4439ba-8d58-455e-8c10-752021e771bc",4,"kill","result","pair163","The business killed the competition.","The joke killed the evening.",0,73,5982
"46e17160-290d-42d3-b253-a929802eb6e0",12,"hit","manner","pair139","The idea hit the researcher.","The child hit the pillow.",1,100,6887
"46e17160-290d-42d3-b253-a929802eb6e0",12,"cover","result","pair134","The channel covered the story.","The insurance covered the damage.",0,85,8681
"46e17160-290d-42d3-b253-a929802eb6e0",12,"hit","manner","pair145","The arrow hit the target.","The idea hit the researcher.",0,99,6163
"46e17160-290d-42d3-b253-a929802eb6e0",12,"clear","result","pair131","The hiker cleared the obstacle.","The waiter cleared the table.",0,100,9554
"46e17160-290d-42d3-b253-a929802eb6e0",12,"push","manner","pair137","The company pushed the product.","The pilot pushed the button.",0,100,9077
"46e17160-290d-42d3-b253-a929802eb6e0",12,"close","result","pair147","The lawyer closed the case.","The chauffeur closed the door.",0,100,23857
"46e17160-290d-42d3-b253-a929802eb6e0",12,"kill","result","pair144","The traveler killed the afternoon.","The business killed the competition.",0,20,7976
"46e17160-290d-42d3-b253-a929802eb6e0",12,"kill","result","pair132","The business killed the competition.","The cat killed the mouse.",0,57,3971
"46e17160-290d-42d3-b253-a929802eb6e0",12,"shoot","manner","pair142","The photographer shot the wedding.","The hunter shot the deer.",0,100,4057
"46e17160-290d-42d3-b253-a929802eb6e0",12,"break","result","pair143","The president broke the promise.","The burglar broke the window.",0,29,5059
"46e17160-290d-42d3-b253-a929802eb6e0",12,"fold","result","pair141","The founder folded the company.","The baker folded the flour.",0,100,8573
"46e17160-290d-42d3-b253-a929802eb6e0",12,"kill","result","pair146","The criminal killed the victim.","The cat killed the mouse.",1,17,6115
"46e17160-290d-42d3-b253-a929802eb6e0",12,"fill","result","pair140","The love filled the void.","The donations filled the need.",1,77,5661
"46e17160-290d-42d3-b253-a929802eb6e0",12,"hit","manner","pair138","The traveler hit the delay.","The child hit the pillow.",0,92,5703
"46e17160-290d-42d3-b253-a929802eb6e0",12,"bump","manner","pair148","The waiter bumped the table.","The gardener bumped the statue.",1,37,5507
"46e17160-290d-42d3-b253-a929802eb6e0",12,"break","result","pair135","The journalist broke the story.","The guest broke the plate.",0,85,3891
"46e17160-290d-42d3-b253-a929802eb6e0",12,"fill","result","pair133","The festival filled the weekend.","The farmer filled the bucket.",1,88,10649
"46e17160-290d-42d3-b253-a929802eb6e0",12,"smear","manner","pair136","The journalist smeared the business.","The artist smeared the paint.",0,85,5204
"46e17160-290d-42d3-b253-a929802eb6e0",12,"pull","manner","pair130","The regulators pulled the product.","The advertisement pulled the customers.",0,30,9123
"21138c7f-2db0-4522-b5ff-00d7502882e3",13,"smear","manner","pair068","The journalist smeared the business.","The baker smeared the frosting.",0,100,21298
"21138c7f-2db0-4522-b5ff-00d7502882e3",13,"break","result","pair069","The president broke the promise.","The journalist broke the story.",0,95,5334
"21138c7f-2db0-4522-b5ff-00d7502882e3",13,"hit","manner","pair073","The arrow hit the target.","The solution hit the inventor.",0,79,19448
"21138c7f-2db0-4522-b5ff-00d7502882e3",13,"hit","manner","pair074","The traveler hit the delay.","The idea hit the researcher.",0,89,9666
"21138c7f-2db0-4522-b5ff-00d7502882e3",13,"shoot","manner","pair080","The photographer shot the wedding.","The robber shot the victim.",0,100,6232
"21138c7f-2db0-4522-b5ff-00d7502882e3",13,"cover","result","pair078","The channel covered the story.","The policy covered the accident.",0,87,4866
"21138c7f-2db0-4522-b5ff-00d7502882e3",13,"kill","result","pair081","The couple killed the evening.","The cat killed the mouse.",0,100,3424
"21138c7f-2db0-4522-b5ff-00d7502882e3",13,"pull","manner","pair083","The regulators pulled the product.","The scandal pulled the reporters.",0,96,5605
"21138c7f-2db0-4522-b5ff-00d7502882e3",13,"break","result","pair082","The journalist broke the story.","The burglar broke the window.",0,98,2650
"21138c7f-2db0-4522-b5ff-00d7502882e3",13,"fold","result","pair072","The founder folded the company.","The child folded the paper.",0,99,4805
"21138c7f-2db0-4522-b5ff-00d7502882e3",13,"kill","result","pair077","The business killed the competition.","The criminal killed the victim.",0,96,3351
"21138c7f-2db0-4522-b5ff-00d7502882e3",13,"bump","manner","pair079","The dean bumped the meeting.","The driver bumped the curb.",0,95,7291
"21138c7f-2db0-4522-b5ff-00d7502882e3",13,"close","result","pair075","The lawyer closed the case.","The baker closed the oven.",0,97,3085
"21138c7f-2db0-4522-b5ff-00d7502882e3",13,"push","manner","pair067","The company pushed the product.","The athlete pushed the limit.",0,100,5471
"21138c7f-2db0-4522-b5ff-00d7502882e3",13,"fill","result","pair084","The festival filled the weekend.","The secretary filled the schedule.",1,12,5540
"21138c7f-2db0-4522-b5ff-00d7502882e3",13,"kill","result","pair071","The joke killed the evening.","The cat killed the mouse.",1,99,3633
"21138c7f-2db0-4522-b5ff-00d7502882e3",13,"clear","result","pair070","The hiker cleared the obstacle.","The officer cleared the request.",0,100,3886
"21138c7f-2db0-4522-b5ff-00d7502882e3",13,"hit","manner","pair076","The solution hit the inventor.","The batter hit the ball.",1,96,6973
"5f0f1347-58b8-440a-9088-d42b1ed17aa2",4,"open","result","pair155","The teacher opened the window.","The farmer opened the gate.",1,97,5075
"5f0f1347-58b8-440a-9088-d42b1ed17aa2",4,"kill","result","pair167","The joke killed the evening.","The criminal killed the victim.",1,92,4294
"5f0f1347-58b8-440a-9088-d42b1ed17aa2",4,"smear","manner","pair169","The journalist smeared the business.","The article smeared the celebrity.",1,56,6952
"5f0f1347-58b8-440a-9088-d42b1ed17aa2",4,"break","result","pair166","The president broke the promise.","The doctor broke the news.",0,91,5536
"5f0f1347-58b8-440a-9088-d42b1ed17aa2",4,"shoot","manner","pair160","The director shot the scene.","The technician shot the fireworks.",0,90,7755
"5f0f1347-58b8-440a-9088-d42b1ed17aa2",4,"pull","manner","pair168","The business pulled the service.","The worker pulled the lever.",0,88,4707
"5f0f1347-58b8-440a-9088-d42b1ed17aa2",4,"cover","result","pair165","The channel covered the story.","The nurse covered the wound.",0,89,5992
"5f0f1347-58b8-440a-9088-d42b1ed17aa2",4,"hit","manner","pair157","The traveler hit the delay.","The solution hit the inventor.",0,85,4197
"5f0f1347-58b8-440a-9088-d42b1ed17aa2",4,"close","result","pair153","The lawyer closed the case.","The presenter closed the speech.",0,42,5351
"5f0f1347-58b8-440a-9088-d42b1ed17aa2",4,"bump","manner","pair161","The dean bumped the meeting.","The ball bumped the couch.",0,87,5100
"5f0f1347-58b8-440a-9088-d42b1ed17aa2",4,"pull","manner","pair150","The climber pulled the rope.","The worker pulled the lever.",1,66,4117
"5f0f1347-58b8-440a-9088-d42b1ed17aa2",4,"push","manner","pair162","The company pushed the product.","The artwork pushed the boundaries.",0,80,4412
"5f0f1347-58b8-440a-9088-d42b1ed17aa2",4,"hit","manner","pair151","The arrow hit the target.","The hurricane hit the coastline.",1,100,6851
"5f0f1347-58b8-440a-9088-d42b1ed17aa2",4,"hit","manner","pair159","The solution hit the inventor.","The child hit the pillow.",1,65,6472
"5f0f1347-58b8-440a-9088-d42b1ed17aa2",4,"clear","result","pair149","The hiker cleared the obstacle.","The bookkeeper cleared the payment.",0,73,4365
"5f0f1347-58b8-440a-9088-d42b1ed17aa2",4,"kill","result","pair156","The couple killed the evening.","The criminal killed the victim.",0,66,4277
"5f0f1347-58b8-440a-9088-d42b1ed17aa2",4,"fold","result","pair154","The founder folded the company.","The cleaner folded the clothes.",0,85,4334
"5f0f1347-58b8-440a-9088-d42b1ed17aa2",4,"kill","result","pair163","The business killed the competition.","The joke killed the evening.",0,100,6037
"5f0f1347-58b8-440a-9088-d42b1ed17aa2",4,"shoot","manner","pair164","The athlete shot the ball.","The technician shot the fireworks.",1,25,5888
"5f0f1347-58b8-440a-9088-d42b1ed17aa2",4,"break","result","pair152","The doctor broke the news.","The guest broke the plate.",0,82,3861
"5f0f1347-58b8-440a-9088-d42b1ed17aa2",4,"fill","result","pair158","The donations filled the need.","The waiter filled the glass.",0,71,4397
"1b9254d1-1790-43ee-b14e-e619cb4fd570",16,"fold","result","pair173","The child folded the paper.","The chef folded the eggs.",0,37,8278
"1b9254d1-1790-43ee-b14e-e619cb4fd570",16,"kill","result","pair171","The couple killed the evening.","The mistake killed the proposal.",0,4,14560
"1b9254d1-1790-43ee-b14e-e619cb4fd570",16,"break","result","pair172","The doctor broke the news.","The journalist broke the story.",1,14,5379
"1b9254d1-1790-43ee-b14e-e619cb4fd570",16,"pull","manner","pair189","The advertisement pulled the customers.","The climber pulled the rope.",0,80,6121
"1b9254d1-1790-43ee-b14e-e619cb4fd570",16,"open","result","pair183","The chairperson opened the meeting.","The teacher opened the window.",0,74,4096
"1b9254d1-1790-43ee-b14e-e619cb4fd570",16,"fill","result","pair186","The donations filled the need.","The secretary filled the schedule.",0,90,10777
"1b9254d1-1790-43ee-b14e-e619cb4fd570",16,"cover","result","pair192","The policy covered the accident.","The insurance covered the damage.",1,5,6721
"1b9254d1-1790-43ee-b14e-e619cb4fd570",16,"push","manner","pair170","The athlete pushed the limit.","The shopper pushed the cart.",0,86,9245
"1b9254d1-1790-43ee-b14e-e619cb4fd570",16,"hit","manner","pair179","The investor hit the goal.","The child hit the pillow.",0,84,4096
"1b9254d1-1790-43ee-b14e-e619cb4fd570",16,"close","result","pair176","The executive closed the deal.","The chauffeur closed the door.",0,85,5572
"1b9254d1-1790-43ee-b14e-e619cb4fd570",16,"pull","manner","pair175","The business pulled the service.","The advertisement pulled the customers.",0,81,10603
"1b9254d1-1790-43ee-b14e-e619cb4fd570",16,"kill","result","pair188","The business killed the competition.","The team killed the rivals.",1,4,6371
"1b9254d1-1790-43ee-b14e-e619cb4fd570",16,"hit","manner","pair191","The hurricane hit the coastline.","The batter hit the ball.",0,42,4920
"1b9254d1-1790-43ee-b14e-e619cb4fd570",16,"bump","manner","pair193","The dean bumped the meeting.","The waiter bumped the table.",1,5,6680
"1b9254d1-1790-43ee-b14e-e619cb4fd570",16,"push","manner","pair180","The politician pushed the policy.","The pilot pushed the button.",0,74,3771
"1b9254d1-1790-43ee-b14e-e619cb4fd570",16,"clear","result","pair178","The horse cleared the jump.","The waiter cleared the table.",0,88,6229
"1b9254d1-1790-43ee-b14e-e619cb4fd570",16,"close","result","pair185","The baker closed the oven.","The chauffeur closed the door.",1,2,5488
"1b9254d1-1790-43ee-b14e-e619cb4fd570",16,"hit","manner","pair174","The traveler hit the delay.","The arrow hit the target.",1,90,5930
"1b9254d1-1790-43ee-b14e-e619cb4fd570",16,"shoot","manner","pair181","The director shot the scene.","The hunter shot the deer.",0,85,4013
"1b9254d1-1790-43ee-b14e-e619cb4fd570",16,"fold","result","pair190","The manager folded the project.","The baker folded the flour.",0,84,6572
"1b9254d1-1790-43ee-b14e-e619cb4fd570",16,"cover","result","pair187","The writer covered the election.","The insurance covered the damage.",0,87,7811
"1b9254d1-1790-43ee-b14e-e619cb4fd570",16,"clear","result","pair177","The officer cleared the request.","The worker cleared the rubble.",0,85,9146
"1b9254d1-1790-43ee-b14e-e619cb4fd570",16,"kill","result","pair182","The mistake killed the proposal.","The criminal killed the victim.",1,86,4738
"1b9254d1-1790-43ee-b14e-e619cb4fd570",16,"shoot","manner","pair184","The hunter shot the deer.","The athlete shot the ball.",0,12,3097
"a58df607-f0d9-4956-aced-a33657caa6da",8,"open","result","pair210","The consultant opened the discussion.","The teacher opened the window.",0,100,5303
"a58df607-f0d9-4956-aced-a33657caa6da",8,"clear","result","pair215","The bookkeeper cleared the payment.","The worker cleared the rubble.",0,100,4787
"a58df607-f0d9-4956-aced-a33657caa6da",8,"cover","result","pair205","The writer covered the election.","The nurse covered the wound.",0,100,3439
"a58df607-f0d9-4956-aced-a33657caa6da",8,"fill","result","pair218","The love filled the void.","The waiter filled the glass.",0,100,5130
"a58df607-f0d9-4956-aced-a33657caa6da",8,"kill","result","pair212","The traveler killed the afternoon.","The criminal killed the victim.",0,100,4945
"a58df607-f0d9-4956-aced-a33657caa6da",8,"shoot","manner","pair216","The director shot the scene.","The photographer shot the wedding.",1,4,7852
"a58df607-f0d9-4956-aced-a33657caa6da",8,"break","result","pair209","The company broke the law.","The burglar broke the window.",0,100,3121
"a58df607-f0d9-4956-aced-a33657caa6da",8,"bump","manner","pair217","The teacher bumped the deadline.","The ball bumped the couch.",0,100,4333
"a58df607-f0d9-4956-aced-a33657caa6da",8,"pull","manner","pair204","The business pulled the service.","The regulators pulled the product.",1,20,6269
"a58df607-f0d9-4956-aced-a33657caa6da",8,"fold","result","pair213","The manager folded the project.","The cleaner folded the clothes.",0,100,5341
"a58df607-f0d9-4956-aced-a33657caa6da",8,"shoot","manner","pair200","The robber shot the victim.","The athlete shot the ball.",0,100,3913
"a58df607-f0d9-4956-aced-a33657caa6da",8,"clear","result","pair202","The horse cleared the jump.","The bookkeeper cleared the payment.",0,100,3961
"a58df607-f0d9-4956-aced-a33657caa6da",8,"bump","manner","pair201","The gardener bumped the statue.","The driver bumped the curb.",0,15,5513
"a58df607-f0d9-4956-aced-a33657caa6da",8,"kill","result","pair194","The couple killed the evening.","The business killed the competition.",0,3,5967
"a58df607-f0d9-4956-aced-a33657caa6da",8,"hit","manner","pair206","The hurricane hit the coastline.","The idea hit the researcher.",0,100,5335
"a58df607-f0d9-4956-aced-a33657caa6da",8,"hit","manner","pair203","The investor hit the goal.","The solution hit the inventor.",0,100,6463
"a58df607-f0d9-4956-aced-a33657caa6da",8,"push","manner","pair208","The politician pushed the policy.","The artwork pushed the boundaries.",0,100,8629
"a58df607-f0d9-4956-aced-a33657caa6da",8,"close","result","pair197","The executive closed the deal.","The presenter closed the speech.",0,100,6309
"a58df607-f0d9-4956-aced-a33657caa6da",8,"cover","result","pair211","The nurse covered the wound.","The policy covered the accident.",0,100,4666
"a58df607-f0d9-4956-aced-a33657caa6da",8,"fill","result","pair196","The farmer filled the bucket.","The waiter filled the glass.",1,0,3053
"a58df607-f0d9-4956-aced-a33657caa6da",8,"kill","result","pair195","The team killed the rivals.","The cat killed the mouse.",0,100,3929
"a58df607-f0d9-4956-aced-a33657caa6da",8,"pull","manner","pair214","The scandal pulled the reporters.","The climber pulled the rope.",0,100,6520
"a58df607-f0d9-4956-aced-a33657caa6da",8,"fold","result","pair198","The cleaner folded the clothes.","The chef folded the eggs.",0,23,2799
"a58df607-f0d9-4956-aced-a33657caa6da",8,"push","manner","pair199","The artwork pushed the boundaries.","The shopper pushed the cart.",0,100,4159
"a58df607-f0d9-4956-aced-a33657caa6da",8,"close","result","pair207","The presenter closed the speech.","The baker closed the oven.",1,100,3995
"825d185e-bc37-456c-9331-eec763a574ec",5,"hit","manner","pair021","The investor hit the goal.","The batter hit the ball.",0,87,4688
"825d185e-bc37-456c-9331-eec763a574ec",5,"shoot","manner","pair001","The director shot the scene.","The athlete shot the ball.",0,84,5043
"825d185e-bc37-456c-9331-eec763a574ec",5,"break","result","pair012","The president broke the promise.","The company broke the law.",1,21,9514
"825d185e-bc37-456c-9331-eec763a574ec",5,"push","manner","pair018","The politician pushed the policy.","The shopper pushed the cart.",0,90,4436
"825d185e-bc37-456c-9331-eec763a574ec",5,"open","result","pair016","The chairperson opened the meeting.","The farmer opened the gate.",0,81,5223
"825d185e-bc37-456c-9331-eec763a574ec",5,"hit","manner","pair010","The solution hit the inventor.","The idea hit the researcher.",1,1,5466
"825d185e-bc37-456c-9331-eec763a574ec",5,"clear","result","pair005","The horse cleared the jump.","The worker cleared the rubble.",0,95,5021
"825d185e-bc37-456c-9331-eec763a574ec",5,"fold","result","pair006","The manager folded the project.","The chef folded the eggs.",0,99,5166
"825d185e-bc37-456c-9331-eec763a574ec",5,"clear","result","pair011","The waiter cleared the table.","The worker cleared the rubble.",1,3,3672
"825d185e-bc37-456c-9331-eec763a574ec",5,"hit","manner","pair009","The traveler hit the delay.","The hurricane hit the coastline.",1,58,8183
"825d185e-bc37-456c-9331-eec763a574ec",5,"close","result","pair013","The lawyer closed the case.","The author closed the chapter.",0,57,6709
"825d185e-bc37-456c-9331-eec763a574ec",5,"shoot","manner","pair002","The hunter shot the deer.","The technician shot the fireworks.",0,95,6763
"825d185e-bc37-456c-9331-eec763a574ec",5,"bump","manner","pair007","The dean bumped the meeting.","The gardener bumped the statue.",1,87,4403
"825d185e-bc37-456c-9331-eec763a574ec",5,"fold","result","pair017","The baker folded the flour.","The chef folded the eggs.",1,2,3405
"825d185e-bc37-456c-9331-eec763a574ec",5,"kill","result","pair015","The couple killed the evening.","The joke killed the evening.",0,94,5912
"825d185e-bc37-456c-9331-eec763a574ec",5,"fill","result","pair008","The donations filled the need.","The farmer filled the bucket.",0,89,4288
"825d185e-bc37-456c-9331-eec763a574ec",5,"push","manner","pair019","The pilot pushed the button.","The shopper pushed the cart.",1,33,5401
"825d185e-bc37-456c-9331-eec763a574ec",5,"kill","result","pair003","The business killed the competition.","The mistake killed the proposal.",0,40,8629
"825d185e-bc37-456c-9331-eec763a574ec",5,"cover","result","pair023","The channel covered the story.","The snow covered the footprints.",0,95,4784
"825d185e-bc37-456c-9331-eec763a574ec",5,"kill","result","pair022","The mistake killed the proposal.","The cat killed the mouse.",1,83,5901
"825d185e-bc37-456c-9331-eec763a574ec",5,"break","result","pair020","The doctor broke the news.","The burglar broke the window.",0,99,3122
"825d185e-bc37-456c-9331-eec763a574ec",5,"pull","manner","pair004","The business pulled the service.","The climber pulled the rope.",0,100,3962
"825d185e-bc37-456c-9331-eec763a574ec",5,"pull","manner","pair014","The advertisement pulled the customers.","The worker pulled the lever.",0,99,4419
"3d71b35b-d444-4bdc-9f72-123dbadbaf8d",8,"cover","result","pair205","The writer covered the election.","The nurse covered the wound.",0,76,7705
"3d71b35b-d444-4bdc-9f72-123dbadbaf8d",8,"bump","manner","pair217","The teacher bumped the deadline.","The ball bumped the couch.",0,99,6013
"3d71b35b-d444-4bdc-9f72-123dbadbaf8d",8,"bump","manner","pair201","The gardener bumped the statue.","The driver bumped the curb.",0,42,8037
"3d71b35b-d444-4bdc-9f72-123dbadbaf8d",8,"pull","manner","pair214","The scandal pulled the reporters.","The climber pulled the rope.",0,87,10989
"3d71b35b-d444-4bdc-9f72-123dbadbaf8d",8,"pull","manner","pair204","The business pulled the service.","The regulators pulled the product.",1,42,7329
"3d71b35b-d444-4bdc-9f72-123dbadbaf8d",8,"fold","result","pair198","The cleaner folded the clothes.","The chef folded the eggs.",0,47,11171
"3d71b35b-d444-4bdc-9f72-123dbadbaf8d",8,"kill","result","pair195","The team killed the rivals.","The cat killed the mouse.",0,93,4816
"3d71b35b-d444-4bdc-9f72-123dbadbaf8d",8,"kill","result","pair194","The couple killed the evening.","The business killed the competition.",0,84,6499
"3d71b35b-d444-4bdc-9f72-123dbadbaf8d",8,"shoot","manner","pair200","The robber shot the victim.","The athlete shot the ball.",0,89,4894
"3d71b35b-d444-4bdc-9f72-123dbadbaf8d",8,"close","result","pair207","The presenter closed the speech.","The baker closed the oven.",1,93,3333
"3d71b35b-d444-4bdc-9f72-123dbadbaf8d",8,"clear","result","pair202","The horse cleared the jump.","The bookkeeper cleared the payment.",0,96,4603
"3d71b35b-d444-4bdc-9f72-123dbadbaf8d",8,"kill","result","pair212","The traveler killed the afternoon.","The criminal killed the victim.",0,98,4913
"3d71b35b-d444-4bdc-9f72-123dbadbaf8d",8,"shoot","manner","pair216","The director shot the scene.","The photographer shot the wedding.",1,14,5291
"3d71b35b-d444-4bdc-9f72-123dbadbaf8d",8,"hit","manner","pair206","The hurricane hit the coastline.","The idea hit the researcher.",0,90,3986
"3d71b35b-d444-4bdc-9f72-123dbadbaf8d",8,"cover","result","pair211","The nurse covered the wound.","The policy covered the accident.",0,91,5005
"3d71b35b-d444-4bdc-9f72-123dbadbaf8d",8,"close","result","pair197","The executive closed the deal.","The presenter closed the speech.",0,94,6237
"3d71b35b-d444-4bdc-9f72-123dbadbaf8d",8,"open","result","pair210","The consultant opened the discussion.","The teacher opened the window.",0,92,6079
"3d71b35b-d444-4bdc-9f72-123dbadbaf8d",8,"push","manner","pair199","The artwork pushed the boundaries.","The shopper pushed the cart.",0,92,6022
"3d71b35b-d444-4bdc-9f72-123dbadbaf8d",8,"fill","result","pair196","The farmer filled the bucket.","The waiter filled the glass.",1,29,6797
"3d71b35b-d444-4bdc-9f72-123dbadbaf8d",8,"hit","manner","pair203","The investor hit the goal.","The solution hit the inventor.",0,43,7620
"3d71b35b-d444-4bdc-9f72-123dbadbaf8d",8,"clear","result","pair215","The bookkeeper cleared the payment.","The worker cleared the rubble.",0,97,4220
"3d71b35b-d444-4bdc-9f72-123dbadbaf8d",8,"fold","result","pair213","The manager folded the project.","The cleaner folded the clothes.",0,95,3837
"3d71b35b-d444-4bdc-9f72-123dbadbaf8d",8,"push","manner","pair208","The politician pushed the policy.","The artwork pushed the boundaries.",0,97,7406
"3d71b35b-d444-4bdc-9f72-123dbadbaf8d",8,"break","result","pair209","The company broke the law.","The burglar broke the window.",0,98,3556
"3d71b35b-d444-4bdc-9f72-123dbadbaf8d",8,"fill","result","pair218","The love filled the void.","The waiter filled the glass.",0,95,5292
"798a94d5-2be5-472d-bd91-77575c9d4410",9,"push","manner","pair046","The politician pushed the policy.","The company pushed the product.",1,47,6669
"798a94d5-2be5-472d-bd91-77575c9d4410",9,"kill","result","pair038","The couple killed the evening.","The traveler killed the afternoon.",1,35,7152
"798a94d5-2be5-472d-bd91-77575c9d4410",9,"bump","manner","pair033","The teacher bumped the deadline.","The gardener bumped the statue.",1,58,6215
"798a94d5-2be5-472d-bd91-77575c9d4410",9,"push","manner","pair044","The artwork pushed the boundaries.","The pilot pushed the button.",0,72,10670
"798a94d5-2be5-472d-bd91-77575c9d4410",9,"bump","manner","pair028","The gardener bumped the statue.","The ball bumped the couch.",0,53,7450
"798a94d5-2be5-472d-bd91-77575c9d4410",9,"kill","result","pair041","The team killed the rivals.","The criminal killed the victim.",0,82,5739
"798a94d5-2be5-472d-bd91-77575c9d4410",9,"clear","result","pair026","The horse cleared the jump.","The hiker cleared the obstacle.",1,44,5134
"798a94d5-2be5-472d-bd91-77575c9d4410",9,"pull","manner","pair040","The scandal pulled the reporters.","The advertisement pulled the customers.",1,44,7609
"798a94d5-2be5-472d-bd91-77575c9d4410",9,"close","result","pair037","The executive closed the deal.","The author closed the chapter.",0,63,5985
"798a94d5-2be5-472d-bd91-77575c9d4410",9,"break","result","pair031","The company broke the law.","The journalist broke the story.",0,69,7858
"798a94d5-2be5-472d-bd91-77575c9d4410",9,"shoot","manner","pair047","The robber shot the victim.","The hunter shot the deer.",1,52,11420
"798a94d5-2be5-472d-bd91-77575c9d4410",9,"smear","manner","pair024","The baker smeared the frosting.","The artist smeared the paint.",1,41,9610
"798a94d5-2be5-472d-bd91-77575c9d4410",9,"fold","result","pair043","The manager folded the project.","The founder folded the company.",1,60,5868
"798a94d5-2be5-472d-bd91-77575c9d4410",9,"fill","result","pair030","The love filled the void.","The farmer filled the bucket.",0,79,4327
"798a94d5-2be5-472d-bd91-77575c9d4410",9,"cover","result","pair032","The snow covered the footprints.","The insurance covered the damage.",0,29,4128
"798a94d5-2be5-472d-bd91-77575c9d4410",9,"close","result","pair036","The author closed the chapter.","The chauffeur closed the door.",1,69,5716
"798a94d5-2be5-472d-bd91-77575c9d4410",9,"hit","manner","pair029","The hurricane hit the coastline.","The solution hit the inventor.",0,85,10602
"798a94d5-2be5-472d-bd91-77575c9d4410",9,"clear","result","pair034","The bookkeeper cleared the payment.","The waiter cleared the table.",0,79,4617
"798a94d5-2be5-472d-bd91-77575c9d4410",9,"open","result","pair027","The consultant opened the discussion.","The chairperson opened the meeting.",1,22,7795
"798a94d5-2be5-472d-bd91-77575c9d4410",9,"cover","result","pair045","The writer covered the election.","The snow covered the footprints.",0,73,3696
"798a94d5-2be5-472d-bd91-77575c9d4410",9,"fill","result","pair025","The secretary filled the schedule.","The waiter filled the glass.",1,86,3235
"798a94d5-2be5-472d-bd91-77575c9d4410",9,"fold","result","pair042","The cleaner folded the clothes.","The baker folded the flour.",0,67,6854
"798a94d5-2be5-472d-bd91-77575c9d4410",9,"hit","manner","pair035","The investor hit the goal.","The hurricane hit the coastline.",1,92,3262
"798a94d5-2be5-472d-bd91-77575c9d4410",9,"kill","result","pair039","The traveler killed the afternoon.","The joke killed the evening.",0,67,5906
"8fe1e2eb-3fb6-4acd-9b34-2ef11fa84463",6,"pull","manner","pair189","The advertisement pulled the customers.","The climber pulled the rope.",0,75,25351
"8fe1e2eb-3fb6-4acd-9b34-2ef11fa84463",6,"close","result","pair185","The baker closed the oven.","The chauffeur closed the door.",1,62,10404
"8fe1e2eb-3fb6-4acd-9b34-2ef11fa84463",6,"shoot","manner","pair181","The director shot the scene.","The hunter shot the deer.",0,64,51960
"8fe1e2eb-3fb6-4acd-9b34-2ef11fa84463",6,"kill","result","pair182","The mistake killed the proposal.","The criminal killed the victim.",1,74,9671
"8fe1e2eb-3fb6-4acd-9b34-2ef11fa84463",6,"push","manner","pair180","The politician pushed the policy.","The pilot pushed the button.",0,75,10776
"8fe1e2eb-3fb6-4acd-9b34-2ef11fa84463",6,"clear","result","pair178","The horse cleared the jump.","The waiter cleared the table.",0,47,18001
"8fe1e2eb-3fb6-4acd-9b34-2ef11fa84463",6,"open","result","pair183","The chairperson opened the meeting.","The teacher opened the window.",0,69,4277
"8fe1e2eb-3fb6-4acd-9b34-2ef11fa84463",6,"bump","manner","pair193","The dean bumped the meeting.","The waiter bumped the table.",1,84,18169
"8fe1e2eb-3fb6-4acd-9b34-2ef11fa84463",6,"fill","result","pair186","The donations filled the need.","The secretary filled the schedule.",0,94,17111
"8fe1e2eb-3fb6-4acd-9b34-2ef11fa84463",6,"cover","result","pair192","The policy covered the accident.","The insurance covered the damage.",1,15,21383
"8fe1e2eb-3fb6-4acd-9b34-2ef11fa84463",6,"close","result","pair176","The executive closed the deal.","The chauffeur closed the door.",0,57,15907
"8fe1e2eb-3fb6-4acd-9b34-2ef11fa84463",6,"shoot","manner","pair184","The hunter shot the deer.","The athlete shot the ball.",0,43,19436
"8fe1e2eb-3fb6-4acd-9b34-2ef11fa84463",6,"hit","manner","pair191","The hurricane hit the coastline.","The batter hit the ball.",0,62,166034
"8fe1e2eb-3fb6-4acd-9b34-2ef11fa84463",6,"pull","manner","pair175","The business pulled the service.","The advertisement pulled the customers.",0,64,8638
"8fe1e2eb-3fb6-4acd-9b34-2ef11fa84463",6,"kill","result","pair171","The couple killed the evening.","The mistake killed the proposal.",0,48,19394
"8fe1e2eb-3fb6-4acd-9b34-2ef11fa84463",6,"kill","result","pair188","The business killed the competition.","The team killed the rivals.",1,54,26035
"8fe1e2eb-3fb6-4acd-9b34-2ef11fa84463",6,"hit","manner","pair174","The traveler hit the delay.","The arrow hit the target.",1,53,3582
"8fe1e2eb-3fb6-4acd-9b34-2ef11fa84463",6,"push","manner","pair170","The athlete pushed the limit.","The shopper pushed the cart.",0,58,2698
"8fe1e2eb-3fb6-4acd-9b34-2ef11fa84463",6,"clear","result","pair177","The officer cleared the request.","The worker cleared the rubble.",0,57,4500
"8fe1e2eb-3fb6-4acd-9b34-2ef11fa84463",6,"hit","manner","pair179","The investor hit the goal.","The child hit the pillow.",0,78,49899
"8fe1e2eb-3fb6-4acd-9b34-2ef11fa84463",6,"fold","result","pair190","The manager folded the project.","The baker folded the flour.",0,76,6630
"8fe1e2eb-3fb6-4acd-9b34-2ef11fa84463",6,"fold","result","pair173","The child folded the paper.","The chef folded the eggs.",0,67,2918
"8fe1e2eb-3fb6-4acd-9b34-2ef11fa84463",6,"cover","result","pair187","The writer covered the election.","The insurance covered the damage.",0,71,3778
"8fe1e2eb-3fb6-4acd-9b34-2ef11fa84463",6,"break","result","pair172","The doctor broke the news.","The journalist broke the story.",1,61,5551
"e1ff3f47-f134-47cc-bd22-10f573e6e8e6",12,"shoot","manner","pair142","The photographer shot the wedding.","The hunter shot the deer.",0,100,4142
"e1ff3f47-f134-47cc-bd22-10f573e6e8e6",12,"pull","manner","pair130","The regulators pulled the product.","The advertisement pulled the customers.",0,100,3470
"e1ff3f47-f134-47cc-bd22-10f573e6e8e6",12,"cover","result","pair134","The channel covered the story.","The insurance covered the damage.",0,100,2660
"e1ff3f47-f134-47cc-bd22-10f573e6e8e6",12,"hit","manner","pair138","The traveler hit the delay.","The child hit the pillow.",0,100,2531
"e1ff3f47-f134-47cc-bd22-10f573e6e8e6",12,"kill","result","pair146","The criminal killed the victim.","The cat killed the mouse.",1,35,4436
"e1ff3f47-f134-47cc-bd22-10f573e6e8e6",12,"clear","result","pair131","The hiker cleared the obstacle.","The waiter cleared the table.",0,100,3032
"e1ff3f47-f134-47cc-bd22-10f573e6e8e6",12,"kill","result","pair144","The traveler killed the afternoon.","The business killed the competition.",0,100,3270
"e1ff3f47-f134-47cc-bd22-10f573e6e8e6",12,"hit","manner","pair139","The idea hit the researcher.","The child hit the pillow.",1,100,4942
"e1ff3f47-f134-47cc-bd22-10f573e6e8e6",12,"hit","manner","pair145","The arrow hit the target.","The idea hit the researcher.",0,100,3347
"e1ff3f47-f134-47cc-bd22-10f573e6e8e6",12,"fill","result","pair133","The festival filled the weekend.","The farmer filled the bucket.",1,87,5918
"e1ff3f47-f134-47cc-bd22-10f573e6e8e6",12,"push","manner","pair137","The company pushed the product.","The pilot pushed the button.",0,100,3643
"e1ff3f47-f134-47cc-bd22-10f573e6e8e6",12,"close","result","pair147","The lawyer closed the case.","The chauffeur closed the door.",0,100,6368
"e1ff3f47-f134-47cc-bd22-10f573e6e8e6",12,"break","result","pair143","The president broke the promise.","The burglar broke the window.",0,100,3902
"e1ff3f47-f134-47cc-bd22-10f573e6e8e6",12,"fold","result","pair141","The founder folded the company.","The baker folded the flour.",0,86,5995
"e1ff3f47-f134-47cc-bd22-10f573e6e8e6",12,"smear","manner","pair136","The journalist smeared the business.","The artist smeared the paint.",0,100,31497
"e1ff3f47-f134-47cc-bd22-10f573e6e8e6",12,"kill","result","pair132","The business killed the competition.","The cat killed the mouse.",0,100,2674
"e1ff3f47-f134-47cc-bd22-10f573e6e8e6",12,"bump","manner","pair148","The waiter bumped the table.","The gardener bumped the statue.",1,23,5738
"e1ff3f47-f134-47cc-bd22-10f573e6e8e6",12,"fill","result","pair140","The love filled the void.","The donations filled the need.",1,39,5348
"e1ff3f47-f134-47cc-bd22-10f573e6e8e6",12,"break","result","pair135","The journalist broke the story.","The guest broke the plate.",0,100,3648
"0d7af80b-06a5-4b9d-9131-5ffc697e5c85",1,"pull","manner","pair061","The regulators pulled the product.","The climber pulled the rope.",0,22,8807
"0d7af80b-06a5-4b9d-9131-5ffc697e5c85",1,"smear","manner","pair051","The article smeared the celebrity.","The baker smeared the frosting.",0,98,4033
"0d7af80b-06a5-4b9d-9131-5ffc697e5c85",1,"break","result","pair048","The burglar broke the window.","The guest broke the plate.",1,98,24869
"0d7af80b-06a5-4b9d-9131-5ffc697e5c85",1,"shoot","manner","pair063","The photographer shot the wedding.","The athlete shot the ball.",0,99,5561
"0d7af80b-06a5-4b9d-9131-5ffc697e5c85",1,"push","manner","pair059","The company pushed the product.","The shopper pushed the cart.",0,49,7767
"0d7af80b-06a5-4b9d-9131-5ffc697e5c85",1,"fold","result","pair050","The founder folded the company.","The chef folded the eggs.",0,99,39901
"0d7af80b-06a5-4b9d-9131-5ffc697e5c85",1,"kill","result","pair057","The traveler killed the afternoon.","The team killed the rivals.",0,100,4200
"0d7af80b-06a5-4b9d-9131-5ffc697e5c85",1,"close","result","pair052","The author closed the chapter.","The presenter closed the speech.",1,17,3719
"0d7af80b-06a5-4b9d-9131-5ffc697e5c85",1,"fill","result","pair066","The love filled the void.","The festival filled the weekend.",0,96,5528
"0d7af80b-06a5-4b9d-9131-5ffc697e5c85",1,"clear","result","pair055","The hiker cleared the obstacle.","The worker cleared the rubble.",0,3,7595
"0d7af80b-06a5-4b9d-9131-5ffc697e5c85",1,"fill","result","pair062","The festival filled the weekend.","The waiter filled the glass.",1,99,3713
"0d7af80b-06a5-4b9d-9131-5ffc697e5c85",1,"hit","manner","pair056","The idea hit the researcher.","The batter hit the ball.",1,100,5827
"0d7af80b-06a5-4b9d-9131-5ffc697e5c85",1,"break","result","pair053","The president broke the promise.","The guest broke the plate.",0,100,31222
"0d7af80b-06a5-4b9d-9131-5ffc697e5c85",1,"hit","manner","pair054","The arrow hit the target.","The child hit the pillow.",0,99,4545
"0d7af80b-06a5-4b9d-9131-5ffc697e5c85",1,"bump","manner","pair058","The teacher bumped the deadline.","The dean bumped the meeting.",1,93,9173
"0d7af80b-06a5-4b9d-9131-5ffc697e5c85",1,"hit","manner","pair060","The traveler hit the delay.","The batter hit the ball.",0,99,3788
"0d7af80b-06a5-4b9d-9131-5ffc697e5c85",1,"kill","result","pair049","The team killed the rivals.","The mistake killed the proposal.",0,99,4623
"0d7af80b-06a5-4b9d-9131-5ffc697e5c85",1,"bump","manner","pair064","The waiter bumped the table.","The ball bumped the couch.",0,99,4623
"0d7af80b-06a5-4b9d-9131-5ffc697e5c85",1,"cover","result","pair065","The snow covered the footprints.","The nurse covered the wound.",1,100,4145
"81e3e617-c552-4477-aa8b-48fea8c45ded",7,"hit","manner","pair093","The investor hit the goal.","The idea hit the researcher.",0,81,10126
"81e3e617-c552-4477-aa8b-48fea8c45ded",7,"clear","result","pair085","The officer cleared the request.","The waiter cleared the table.",0,88,9875
"81e3e617-c552-4477-aa8b-48fea8c45ded",7,"cover","result","pair105","The nurse covered the wound.","The insurance covered the damage.",0,49,10896
"81e3e617-c552-4477-aa8b-48fea8c45ded",7,"cover","result","pair098","The writer covered the election.","The policy covered the accident.",0,99,10812
"81e3e617-c552-4477-aa8b-48fea8c45ded",7,"bump","manner","pair103","The teacher bumped the deadline.","The driver bumped the curb.",0,95,7701
"81e3e617-c552-4477-aa8b-48fea8c45ded",7,"kill","result","pair101","The traveler killed the afternoon.","The cat killed the mouse.",0,97,6075
"81e3e617-c552-4477-aa8b-48fea8c45ded",7,"hit","manner","pair087","The hurricane hit the coastline.","The child hit the pillow.",0,95,8215
"81e3e617-c552-4477-aa8b-48fea8c45ded",7,"push","manner","pair094","The athlete pushed the limit.","The pilot pushed the button.",0,88,8660
"81e3e617-c552-4477-aa8b-48fea8c45ded",7,"break","result","pair100","The company broke the law.","The guest broke the plate.",0,99,7027
"81e3e617-c552-4477-aa8b-48fea8c45ded",7,"close","result","pair102","The executive closed the deal.","The baker closed the oven.",0,99,6104
"81e3e617-c552-4477-aa8b-48fea8c45ded",7,"shoot","manner","pair089","The director shot the scene.","The robber shot the victim.",0,99,6218
"81e3e617-c552-4477-aa8b-48fea8c45ded",7,"hit","manner","pair108","The traveler hit the delay.","The investor hit the goal.",1,97,5795
"81e3e617-c552-4477-aa8b-48fea8c45ded",7,"shoot","manner","pair106","The robber shot the victim.","The technician shot the fireworks.",0,98,6725
"81e3e617-c552-4477-aa8b-48fea8c45ded",7,"kill","result","pair109","The mistake killed the proposal.","The joke killed the evening.",1,19,15699
"81e3e617-c552-4477-aa8b-48fea8c45ded",7,"kill","result","pair090","The couple killed the evening.","The team killed the rivals.",0,79,10063
"81e3e617-c552-4477-aa8b-48fea8c45ded",7,"close","result","pair107","The presenter closed the speech.","The chauffeur closed the door.",1,83,5405
"81e3e617-c552-4477-aa8b-48fea8c45ded",7,"pull","manner","pair097","The business pulled the service.","The scandal pulled the reporters.",0,92,8342
"81e3e617-c552-4477-aa8b-48fea8c45ded",7,"fill","result","pair086","The donations filled the need.","The festival filled the weekend.",0,89,9010
"81e3e617-c552-4477-aa8b-48fea8c45ded",7,"pull","manner","pair092","The scandal pulled the reporters.","The worker pulled the lever.",0,93,7594
"81e3e617-c552-4477-aa8b-48fea8c45ded",7,"push","manner","pair088","The politician pushed the policy.","The athlete pushed the limit.",0,87,11596
"81e3e617-c552-4477-aa8b-48fea8c45ded",7,"open","result","pair096","The consultant opened the discussion.","The farmer opened the gate.",0,66,7705
"81e3e617-c552-4477-aa8b-48fea8c45ded",7,"fold","result","pair104","The manager folded the project.","The child folded the paper.",0,95,10232
"81e3e617-c552-4477-aa8b-48fea8c45ded",7,"clear","result","pair095","The horse cleared the jump.","The officer cleared the request.",0,91,6618
"81e3e617-c552-4477-aa8b-48fea8c45ded",7,"bump","manner","pair099","The ball bumped the couch.","The driver bumped the curb.",1,86,11514
"81e3e617-c552-4477-aa8b-48fea8c45ded",7,"fold","result","pair091","The child folded the paper.","The baker folded the flour.",0,57,8764
"9086a504-aaf9-4f88-810d-5f8d3d1027a6",19,"cover","result","pair045","The writer covered the election.","The snow covered the footprints.",0,100,4139
"9086a504-aaf9-4f88-810d-5f8d3d1027a6",19,"close","result","pair036","The author closed the chapter.","The chauffeur closed the door.",1,100,3200
"9086a504-aaf9-4f88-810d-5f8d3d1027a6",19,"clear","result","pair026","The horse cleared the jump.","The hiker cleared the obstacle.",1,53,6097
"9086a504-aaf9-4f88-810d-5f8d3d1027a6",19,"bump","manner","pair028","The gardener bumped the statue.","The ball bumped the couch.",0,89,7488
"9086a504-aaf9-4f88-810d-5f8d3d1027a6",19,"bump","manner","pair033","The teacher bumped the deadline.","The gardener bumped the statue.",1,95,29014
"9086a504-aaf9-4f88-810d-5f8d3d1027a6",19,"push","manner","pair044","The artwork pushed the boundaries.","The pilot pushed the button.",0,93,2295
"9086a504-aaf9-4f88-810d-5f8d3d1027a6",19,"hit","manner","pair035","The investor hit the goal.","The hurricane hit the coastline.",1,91,3568
"9086a504-aaf9-4f88-810d-5f8d3d1027a6",19,"kill","result","pair039","The traveler killed the afternoon.","The joke killed the evening.",0,87,5959
"9086a504-aaf9-4f88-810d-5f8d3d1027a6",19,"hit","manner","pair029","The hurricane hit the coastline.","The solution hit the inventor.",0,93,4393
"9086a504-aaf9-4f88-810d-5f8d3d1027a6",19,"cover","result","pair032","The snow covered the footprints.","The insurance covered the damage.",0,98,3552
"9086a504-aaf9-4f88-810d-5f8d3d1027a6",19,"pull","manner","pair040","The scandal pulled the reporters.","The advertisement pulled the customers.",1,52,3660
"9086a504-aaf9-4f88-810d-5f8d3d1027a6",19,"fold","result","pair042","The cleaner folded the clothes.","The baker folded the flour.",0,97,3008
"9086a504-aaf9-4f88-810d-5f8d3d1027a6",19,"break","result","pair031","The company broke the law.","The journalist broke the story.",0,97,3676
"9086a504-aaf9-4f88-810d-5f8d3d1027a6",19,"fill","result","pair030","The love filled the void.","The farmer filled the bucket.",0,98,4694
"9086a504-aaf9-4f88-810d-5f8d3d1027a6",19,"clear","result","pair034","The bookkeeper cleared the payment.","The waiter cleared the table.",0,98,2472
"9086a504-aaf9-4f88-810d-5f8d3d1027a6",19,"fold","result","pair043","The manager folded the project.","The founder folded the company.",1,96,2581
"9086a504-aaf9-4f88-810d-5f8d3d1027a6",19,"fill","result","pair025","The secretary filled the schedule.","The waiter filled the glass.",1,100,3299
"9086a504-aaf9-4f88-810d-5f8d3d1027a6",19,"close","result","pair037","The executive closed the deal.","The author closed the chapter.",0,68,3367
"9086a504-aaf9-4f88-810d-5f8d3d1027a6",19,"kill","result","pair038","The couple killed the evening.","The traveler killed the afternoon.",1,100,3084
"9086a504-aaf9-4f88-810d-5f8d3d1027a6",19,"smear","manner","pair024","The baker smeared the frosting.","The artist smeared the paint.",1,100,3379
"9086a504-aaf9-4f88-810d-5f8d3d1027a6",19,"shoot","manner","pair047","The robber shot the victim.","The hunter shot the deer.",1,100,3171
"9086a504-aaf9-4f88-810d-5f8d3d1027a6",19,"kill","result","pair041","The team killed the rivals.","The criminal killed the victim.",0,100,3338
"9086a504-aaf9-4f88-810d-5f8d3d1027a6",19,"open","result","pair027","The consultant opened the discussion.","The chairperson opened the meeting.",1,61,5853
"9086a504-aaf9-4f88-810d-5f8d3d1027a6",19,"push","manner","pair046","The politician pushed the policy.","The company pushed the product.",1,100,3002
"af57f3b2-9982-42e0-b2ae-721680e04af5",1,"kill","result","pair057","The traveler killed the afternoon.","The team killed the rivals.",0,57,6217
"af57f3b2-9982-42e0-b2ae-721680e04af5",1,"bump","manner","pair058","The teacher bumped the deadline.","The dean bumped the meeting.",1,64,2945
"af57f3b2-9982-42e0-b2ae-721680e04af5",1,"fold","result","pair050","The founder folded the company.","The chef folded the eggs.",0,61,7837
"af57f3b2-9982-42e0-b2ae-721680e04af5",1,"break","result","pair048","The burglar broke the window.","The guest broke the plate.",1,61,3299
"af57f3b2-9982-42e0-b2ae-721680e04af5",1,"break","result","pair053","The president broke the promise.","The guest broke the plate.",0,96,9945
"af57f3b2-9982-42e0-b2ae-721680e04af5",1,"bump","manner","pair064","The waiter bumped the table.","The ball bumped the couch.",0,96,5258
"af57f3b2-9982-42e0-b2ae-721680e04af5",1,"hit","manner","pair060","The traveler hit the delay.","The batter hit the ball.",0,36,4897
"af57f3b2-9982-42e0-b2ae-721680e04af5",1,"cover","result","pair065","The snow covered the footprints.","The nurse covered the wound.",1,43,2372
"af57f3b2-9982-42e0-b2ae-721680e04af5",1,"kill","result","pair049","The team killed the rivals.","The mistake killed the proposal.",0,99,55812
"af57f3b2-9982-42e0-b2ae-721680e04af5",1,"fill","result","pair066","The love filled the void.","The festival filled the weekend.",0,97,3958
"af57f3b2-9982-42e0-b2ae-721680e04af5",1,"fill","result","pair062","The festival filled the weekend.","The waiter filled the glass.",1,63,4655
"af57f3b2-9982-42e0-b2ae-721680e04af5",1,"hit","manner","pair054","The arrow hit the target.","The child hit the pillow.",0,50,2278
"af57f3b2-9982-42e0-b2ae-721680e04af5",1,"pull","manner","pair061","The regulators pulled the product.","The climber pulled the rope.",0,10,3158
"af57f3b2-9982-42e0-b2ae-721680e04af5",1,"close","result","pair052","The author closed the chapter.","The presenter closed the speech.",1,3,3479
"af57f3b2-9982-42e0-b2ae-721680e04af5",1,"smear","manner","pair051","The article smeared the celebrity.","The baker smeared the frosting.",0,91,39138
"af57f3b2-9982-42e0-b2ae-721680e04af5",1,"push","manner","pair059","The company pushed the product.","The shopper pushed the cart.",0,87,3751
"af57f3b2-9982-42e0-b2ae-721680e04af5",1,"hit","manner","pair056","The idea hit the researcher.","The batter hit the ball.",1,91,2750
"af57f3b2-9982-42e0-b2ae-721680e04af5",1,"shoot","manner","pair063","The photographer shot the wedding.","The athlete shot the ball.",0,88,3543
"af57f3b2-9982-42e0-b2ae-721680e04af5",1,"clear","result","pair055","The hiker cleared the obstacle.","The worker cleared the rubble.",0,5,39740
"71ac9d07-9104-44f4-994d-dda5408af1b2",7,"hit","manner","pair108","The traveler hit the delay.","The investor hit the goal.",1,49,12399
"71ac9d07-9104-44f4-994d-dda5408af1b2",7,"shoot","manner","pair106","The robber shot the victim.","The technician shot the fireworks.",0,29,10582
"71ac9d07-9104-44f4-994d-dda5408af1b2",7,"kill","result","pair109","The mistake killed the proposal.","The joke killed the evening.",1,23,15248
"71ac9d07-9104-44f4-994d-dda5408af1b2",7,"open","result","pair096","The consultant opened the discussion.","The farmer opened the gate.",0,31,10648
"71ac9d07-9104-44f4-994d-dda5408af1b2",7,"pull","manner","pair097","The business pulled the service.","The scandal pulled the reporters.",0,49,11349
"71ac9d07-9104-44f4-994d-dda5408af1b2",7,"cover","result","pair098","The writer covered the election.","The policy covered the accident.",0,59,9182
"71ac9d07-9104-44f4-994d-dda5408af1b2",7,"shoot","manner","pair089","The director shot the scene.","The robber shot the victim.",0,78,5882
"71ac9d07-9104-44f4-994d-dda5408af1b2",7,"fold","result","pair091","The child folded the paper.","The baker folded the flour.",0,30,6232
"71ac9d07-9104-44f4-994d-dda5408af1b2",7,"close","result","pair107","The presenter closed the speech.","The chauffeur closed the door.",1,68,7415
"71ac9d07-9104-44f4-994d-dda5408af1b2",7,"hit","manner","pair087","The hurricane hit the coastline.","The child hit the pillow.",0,86,9499
"71ac9d07-9104-44f4-994d-dda5408af1b2",7,"clear","result","pair085","The officer cleared the request.","The waiter cleared the table.",0,28,5699
"71ac9d07-9104-44f4-994d-dda5408af1b2",7,"hit","manner","pair093","The investor hit the goal.","The idea hit the researcher.",0,31,15398
"71ac9d07-9104-44f4-994d-dda5408af1b2",7,"kill","result","pair101","The traveler killed the afternoon.","The cat killed the mouse.",0,77,7648
"71ac9d07-9104-44f4-994d-dda5408af1b2",7,"fill","result","pair086","The donations filled the need.","The festival filled the weekend.",0,63,18649
"71ac9d07-9104-44f4-994d-dda5408af1b2",7,"fold","result","pair104","The manager folded the project.","The child folded the paper.",0,86,11866
"71ac9d07-9104-44f4-994d-dda5408af1b2",7,"kill","result","pair090","The couple killed the evening.","The team killed the rivals.",0,82,9481
"71ac9d07-9104-44f4-994d-dda5408af1b2",7,"clear","result","pair095","The horse cleared the jump.","The officer cleared the request.",0,80,25582
"71ac9d07-9104-44f4-994d-dda5408af1b2",7,"break","result","pair100","The company broke the law.","The guest broke the plate.",0,76,10082
"71ac9d07-9104-44f4-994d-dda5408af1b2",7,"push","manner","pair088","The politician pushed the policy.","The athlete pushed the limit.",0,31,26999
"71ac9d07-9104-44f4-994d-dda5408af1b2",7,"close","result","pair102","The executive closed the deal.","The baker closed the oven.",0,70,9515
"71ac9d07-9104-44f4-994d-dda5408af1b2",7,"pull","manner","pair092","The scandal pulled the reporters.","The worker pulled the lever.",0,45,11350
"71ac9d07-9104-44f4-994d-dda5408af1b2",7,"cover","result","pair105","The nurse covered the wound.","The insurance covered the damage.",0,56,8399
"71ac9d07-9104-44f4-994d-dda5408af1b2",7,"bump","manner","pair099","The ball bumped the couch.","The driver bumped the curb.",1,1,6899
"71ac9d07-9104-44f4-994d-dda5408af1b2",7,"push","manner","pair094","The athlete pushed the limit.","The pilot pushed the button.",0,33,7899
"71ac9d07-9104-44f4-994d-dda5408af1b2",7,"bump","manner","pair103","The teacher bumped the deadline.","The driver bumped the curb.",0,64,6850
"4e89418c-8333-4510-916b-61bcfec75a28",9,"fold","result","pair042","The cleaner folded the clothes.","The baker folded the flour.",0,100,5314
"4e89418c-8333-4510-916b-61bcfec75a28",9,"smear","manner","pair024","The baker smeared the frosting.","The artist smeared the paint.",1,100,8966
"4e89418c-8333-4510-916b-61bcfec75a28",9,"fill","result","pair025","The secretary filled the schedule.","The waiter filled the glass.",1,100,4228
"4e89418c-8333-4510-916b-61bcfec75a28",9,"close","result","pair037","The executive closed the deal.","The author closed the chapter.",0,51,9071
"4e89418c-8333-4510-916b-61bcfec75a28",9,"clear","result","pair026","The horse cleared the jump.","The hiker cleared the obstacle.",1,98,5788
"4e89418c-8333-4510-916b-61bcfec75a28",9,"bump","manner","pair028","The gardener bumped the statue.","The ball bumped the couch.",0,100,6478
"4e89418c-8333-4510-916b-61bcfec75a28",9,"pull","manner","pair040","The scandal pulled the reporters.","The advertisement pulled the customers.",1,100,6093
"4e89418c-8333-4510-916b-61bcfec75a28",9,"cover","result","pair032","The snow covered the footprints.","The insurance covered the damage.",0,100,5522
"4e89418c-8333-4510-916b-61bcfec75a28",9,"kill","result","pair038","The couple killed the evening.","The traveler killed the afternoon.",1,60,6629
"4e89418c-8333-4510-916b-61bcfec75a28",9,"shoot","manner","pair047","The robber shot the victim.","The hunter shot the deer.",1,64,6838
"4e89418c-8333-4510-916b-61bcfec75a28",9,"push","manner","pair046","The politician pushed the policy.","The company pushed the product.",1,41,7116
"4e89418c-8333-4510-916b-61bcfec75a28",9,"clear","result","pair034","The bookkeeper cleared the payment.","The waiter cleared the table.",0,100,4001
"4e89418c-8333-4510-916b-61bcfec75a28",9,"open","result","pair027","The consultant opened the discussion.","The chairperson opened the meeting.",1,89,8785
"4e89418c-8333-4510-916b-61bcfec75a28",9,"kill","result","pair041","The team killed the rivals.","The criminal killed the victim.",0,52,7655
"4e89418c-8333-4510-916b-61bcfec75a28",9,"hit","manner","pair029","The hurricane hit the coastline.","The solution hit the inventor.",0,100,8178
"4e89418c-8333-4510-916b-61bcfec75a28",9,"close","result","pair036","The author closed the chapter.","The chauffeur closed the door.",1,100,4318
"4e89418c-8333-4510-916b-61bcfec75a28",9,"kill","result","pair039","The traveler killed the afternoon.","The joke killed the evening.",0,100,5036
"4e89418c-8333-4510-916b-61bcfec75a28",9,"cover","result","pair045","The writer covered the election.","The snow covered the footprints.",0,100,6138
"4e89418c-8333-4510-916b-61bcfec75a28",9,"fill","result","pair030","The love filled the void.","The farmer filled the bucket.",0,77,4859
"4e89418c-8333-4510-916b-61bcfec75a28",9,"break","result","pair031","The company broke the law.","The journalist broke the story.",0,100,3731
"4e89418c-8333-4510-916b-61bcfec75a28",9,"hit","manner","pair035","The investor hit the goal.","The hurricane hit the coastline.",1,100,3369
"4e89418c-8333-4510-916b-61bcfec75a28",9,"fold","result","pair043","The manager folded the project.","The founder folded the company.",1,10,6665
"4e89418c-8333-4510-916b-61bcfec75a28",9,"bump","manner","pair033","The teacher bumped the deadline.","The gardener bumped the statue.",1,100,4699
"4e89418c-8333-4510-916b-61bcfec75a28",9,"push","manner","pair044","The artwork pushed the boundaries.","The pilot pushed the button.",0,100,3477
"6233f93e-4fc1-432b-9d87-4bc7ef22b762",5,"clear","result","pair011","The waiter cleared the table.","The worker cleared the rubble.",1,5,6095
"6233f93e-4fc1-432b-9d87-4bc7ef22b762",5,"open","result","pair016","The chairperson opened the meeting.","The farmer opened the gate.",0,100,3746
"6233f93e-4fc1-432b-9d87-4bc7ef22b762",5,"pull","manner","pair014","The advertisement pulled the customers.","The worker pulled the lever.",0,100,4686
"6233f93e-4fc1-432b-9d87-4bc7ef22b762",5,"break","result","pair012","The president broke the promise.","The company broke the law.",1,6,6786
"6233f93e-4fc1-432b-9d87-4bc7ef22b762",5,"shoot","manner","pair001","The director shot the scene.","The athlete shot the ball.",0,100,3581
"6233f93e-4fc1-432b-9d87-4bc7ef22b762",5,"hit","manner","pair009","The traveler hit the delay.","The hurricane hit the coastline.",1,100,3019
"6233f93e-4fc1-432b-9d87-4bc7ef22b762",5,"clear","result","pair005","The horse cleared the jump.","The worker cleared the rubble.",0,100,3470
"6233f93e-4fc1-432b-9d87-4bc7ef22b762",5,"bump","manner","pair007","The dean bumped the meeting.","The gardener bumped the statue.",1,100,3774
"6233f93e-4fc1-432b-9d87-4bc7ef22b762",5,"kill","result","pair003","The business killed the competition.","The mistake killed the proposal.",0,40,7975
"6233f93e-4fc1-432b-9d87-4bc7ef22b762",5,"shoot","manner","pair002","The hunter shot the deer.","The technician shot the fireworks.",0,100,4549
"6233f93e-4fc1-432b-9d87-4bc7ef22b762",5,"kill","result","pair015","The couple killed the evening.","The joke killed the evening.",0,100,5823
"6233f93e-4fc1-432b-9d87-4bc7ef22b762",5,"pull","manner","pair004","The business pulled the service.","The climber pulled the rope.",0,100,4305
"6233f93e-4fc1-432b-9d87-4bc7ef22b762",5,"cover","result","pair023","The channel covered the story.","The snow covered the footprints.",0,100,11491
"6233f93e-4fc1-432b-9d87-4bc7ef22b762",5,"kill","result","pair022","The mistake killed the proposal.","The cat killed the mouse.",1,100,2900
"6233f93e-4fc1-432b-9d87-4bc7ef22b762",5,"push","manner","pair019","The pilot pushed the button.","The shopper pushed the cart.",1,100,4013
"6233f93e-4fc1-432b-9d87-4bc7ef22b762",5,"fold","result","pair006","The manager folded the project.","The chef folded the eggs.",0,100,2716
"6233f93e-4fc1-432b-9d87-4bc7ef22b762",5,"hit","manner","pair010","The solution hit the inventor.","The idea hit the researcher.",1,0,4618
"6233f93e-4fc1-432b-9d87-4bc7ef22b762",5,"push","manner","pair018","The politician pushed the policy.","The shopper pushed the cart.",0,100,2871
"6233f93e-4fc1-432b-9d87-4bc7ef22b762",5,"close","result","pair013","The lawyer closed the case.","The author closed the chapter.",0,53,3552
"6233f93e-4fc1-432b-9d87-4bc7ef22b762",5,"break","result","pair020","The doctor broke the news.","The burglar broke the window.",0,100,2747
"6233f93e-4fc1-432b-9d87-4bc7ef22b762",5,"fill","result","pair008","The donations filled the need.","The farmer filled the bucket.",0,100,4373
"6233f93e-4fc1-432b-9d87-4bc7ef22b762",5,"hit","manner","pair021","The investor hit the goal.","The batter hit the ball.",0,100,2861
"6233f93e-4fc1-432b-9d87-4bc7ef22b762",5,"fold","result","pair017","The baker folded the flour.","The chef folded the eggs.",1,0,3922
"93ebf065-2a4d-4cd8-b0a6-167ff1bc9417",14,"break","result","pair166","The president broke the promise.","The doctor broke the news.",0,71,9318
"93ebf065-2a4d-4cd8-b0a6-167ff1bc9417",14,"fill","result","pair158","The donations filled the need.","The waiter filled the glass.",0,72,8622
"93ebf065-2a4d-4cd8-b0a6-167ff1bc9417",14,"hit","manner","pair151","The arrow hit the target.","The hurricane hit the coastline.",1,31,6372
"93ebf065-2a4d-4cd8-b0a6-167ff1bc9417",14,"cover","result","pair165","The channel covered the story.","The nurse covered the wound.",0,68,6720
"93ebf065-2a4d-4cd8-b0a6-167ff1bc9417",14,"bump","manner","pair161","The dean bumped the meeting.","The ball bumped the couch.",0,57,9085
"93ebf065-2a4d-4cd8-b0a6-167ff1bc9417",14,"close","result","pair153","The lawyer closed the case.","The presenter closed the speech.",0,17,7202
"93ebf065-2a4d-4cd8-b0a6-167ff1bc9417",14,"break","result","pair152","The doctor broke the news.","The guest broke the plate.",0,69,4855
"93ebf065-2a4d-4cd8-b0a6-167ff1bc9417",14,"pull","manner","pair168","The business pulled the service.","The worker pulled the lever.",0,36,1959
"93ebf065-2a4d-4cd8-b0a6-167ff1bc9417",14,"kill","result","pair167","The joke killed the evening.","The criminal killed the victim.",1,34,5657
"93ebf065-2a4d-4cd8-b0a6-167ff1bc9417",14,"shoot","manner","pair164","The athlete shot the ball.","The technician shot the fireworks.",1,55,5193
"93ebf065-2a4d-4cd8-b0a6-167ff1bc9417",14,"fold","result","pair154","The founder folded the company.","The cleaner folded the clothes.",0,38,2915
"93ebf065-2a4d-4cd8-b0a6-167ff1bc9417",14,"shoot","manner","pair160","The director shot the scene.","The technician shot the fireworks.",0,66,5908
"93ebf065-2a4d-4cd8-b0a6-167ff1bc9417",14,"kill","result","pair156","The couple killed the evening.","The criminal killed the victim.",0,77,5724
"93ebf065-2a4d-4cd8-b0a6-167ff1bc9417",14,"push","manner","pair162","The company pushed the product.","The artwork pushed the boundaries.",0,22,8379
"93ebf065-2a4d-4cd8-b0a6-167ff1bc9417",14,"clear","result","pair149","The hiker cleared the obstacle.","The bookkeeper cleared the payment.",0,61,8784
"93ebf065-2a4d-4cd8-b0a6-167ff1bc9417",14,"hit","manner","pair157","The traveler hit the delay.","The solution hit the inventor.",0,40,3136
"93ebf065-2a4d-4cd8-b0a6-167ff1bc9417",14,"open","result","pair155","The teacher opened the window.","The farmer opened the gate.",1,36,10570
"93ebf065-2a4d-4cd8-b0a6-167ff1bc9417",14,"pull","manner","pair150","The climber pulled the rope.","The worker pulled the lever.",1,30,2769
"93ebf065-2a4d-4cd8-b0a6-167ff1bc9417",14,"smear","manner","pair169","The journalist smeared the business.","The article smeared the celebrity.",1,73,3214
"93ebf065-2a4d-4cd8-b0a6-167ff1bc9417",14,"kill","result","pair163","The business killed the competition.","The joke killed the evening.",0,65,3262
"93ebf065-2a4d-4cd8-b0a6-167ff1bc9417",14,"hit","manner","pair159","The solution hit the inventor.","The child hit the pillow.",1,55,8631
"16e151f3-a85c-4cbb-b93b-ee6afa67ddc3",19,"kill","result","pair039","The traveler killed the afternoon.","The joke killed the evening.",0,55,6436
"16e151f3-a85c-4cbb-b93b-ee6afa67ddc3",19,"cover","result","pair045","The writer covered the election.","The snow covered the footprints.",0,68,6573
"16e151f3-a85c-4cbb-b93b-ee6afa67ddc3",19,"fill","result","pair030","The love filled the void.","The farmer filled the bucket.",0,78,4637
"16e151f3-a85c-4cbb-b93b-ee6afa67ddc3",19,"fold","result","pair042","The cleaner folded the clothes.","The baker folded the flour.",0,81,5702
"16e151f3-a85c-4cbb-b93b-ee6afa67ddc3",19,"clear","result","pair026","The horse cleared the jump.","The hiker cleared the obstacle.",1,82,4628
"16e151f3-a85c-4cbb-b93b-ee6afa67ddc3",19,"cover","result","pair032","The snow covered the footprints.","The insurance covered the damage.",0,80,4246
"16e151f3-a85c-4cbb-b93b-ee6afa67ddc3",19,"bump","manner","pair028","The gardener bumped the statue.","The ball bumped the couch.",0,85,5212
"16e151f3-a85c-4cbb-b93b-ee6afa67ddc3",19,"smear","manner","pair024","The baker smeared the frosting.","The artist smeared the paint.",1,73,7821
"16e151f3-a85c-4cbb-b93b-ee6afa67ddc3",19,"push","manner","pair046","The politician pushed the policy.","The company pushed the product.",1,72,5516
"16e151f3-a85c-4cbb-b93b-ee6afa67ddc3",19,"bump","manner","pair033","The teacher bumped the deadline.","The gardener bumped the statue.",1,73,3695
"16e151f3-a85c-4cbb-b93b-ee6afa67ddc3",19,"pull","manner","pair040","The scandal pulled the reporters.","The advertisement pulled the customers.",1,85,8548
"16e151f3-a85c-4cbb-b93b-ee6afa67ddc3",19,"hit","manner","pair029","The hurricane hit the coastline.","The solution hit the inventor.",0,79,4477
"16e151f3-a85c-4cbb-b93b-ee6afa67ddc3",19,"break","result","pair031","The company broke the law.","The journalist broke the story.",0,83,4981
"16e151f3-a85c-4cbb-b93b-ee6afa67ddc3",19,"fill","result","pair025","The secretary filled the schedule.","The waiter filled the glass.",1,89,4299
"16e151f3-a85c-4cbb-b93b-ee6afa67ddc3",19,"shoot","manner","pair047","The robber shot the victim.","The hunter shot the deer.",1,47,5815
"16e151f3-a85c-4cbb-b93b-ee6afa67ddc3",19,"open","result","pair027","The consultant opened the discussion.","The chairperson opened the meeting.",1,76,5126
"16e151f3-a85c-4cbb-b93b-ee6afa67ddc3",19,"fold","result","pair043","The manager folded the project.","The founder folded the company.",1,86,3948
"16e151f3-a85c-4cbb-b93b-ee6afa67ddc3",19,"hit","manner","pair035","The investor hit the goal.","The hurricane hit the coastline.",1,85,4047
"16e151f3-a85c-4cbb-b93b-ee6afa67ddc3",19,"clear","result","pair034","The bookkeeper cleared the payment.","The waiter cleared the table.",0,82,4118
"16e151f3-a85c-4cbb-b93b-ee6afa67ddc3",19,"push","manner","pair044","The artwork pushed the boundaries.","The pilot pushed the button.",0,82,4085
"16e151f3-a85c-4cbb-b93b-ee6afa67ddc3",19,"kill","result","pair038","The couple killed the evening.","The traveler killed the afternoon.",1,84,4415
"16e151f3-a85c-4cbb-b93b-ee6afa67ddc3",19,"kill","result","pair041","The team killed the rivals.","The criminal killed the victim.",0,89,3531
"16e151f3-a85c-4cbb-b93b-ee6afa67ddc3",19,"close","result","pair036","The author closed the chapter.","The chauffeur closed the door.",1,86,6372
"16e151f3-a85c-4cbb-b93b-ee6afa67ddc3",19,"close","result","pair037","The executive closed the deal.","The author closed the chapter.",0,85,4695
"ef055ffd-a1d8-40a5-8f3d-12124095edf3",18,"kill","result","pair195","The team killed the rivals.","The cat killed the mouse.",0,100,4000
"ef055ffd-a1d8-40a5-8f3d-12124095edf3",18,"hit","manner","pair206","The hurricane hit the coastline.","The idea hit the researcher.",0,100,5160
"ef055ffd-a1d8-40a5-8f3d-12124095edf3",18,"cover","result","pair205","The writer covered the election.","The nurse covered the wound.",0,100,3924
"ef055ffd-a1d8-40a5-8f3d-12124095edf3",18,"hit","manner","pair203","The investor hit the goal.","The solution hit the inventor.",0,100,3465
"ef055ffd-a1d8-40a5-8f3d-12124095edf3",18,"break","result","pair209","The company broke the law.","The burglar broke the window.",0,100,3555
"ef055ffd-a1d8-40a5-8f3d-12124095edf3",18,"clear","result","pair202","The horse cleared the jump.","The bookkeeper cleared the payment.",0,100,3595
"ef055ffd-a1d8-40a5-8f3d-12124095edf3",18,"fill","result","pair218","The love filled the void.","The waiter filled the glass.",0,100,3542
"ef055ffd-a1d8-40a5-8f3d-12124095edf3",18,"shoot","manner","pair216","The director shot the scene.","The photographer shot the wedding.",1,100,4271
"ef055ffd-a1d8-40a5-8f3d-12124095edf3",18,"fold","result","pair198","The cleaner folded the clothes.","The chef folded the eggs.",0,100,3048
"ef055ffd-a1d8-40a5-8f3d-12124095edf3",18,"pull","manner","pair214","The scandal pulled the reporters.","The climber pulled the rope.",0,100,5197
"ef055ffd-a1d8-40a5-8f3d-12124095edf3",18,"kill","result","pair212","The traveler killed the afternoon.","The criminal killed the victim.",0,99,3616
"ef055ffd-a1d8-40a5-8f3d-12124095edf3",18,"open","result","pair210","The consultant opened the discussion.","The teacher opened the window.",0,100,4796
"ef055ffd-a1d8-40a5-8f3d-12124095edf3",18,"kill","result","pair194","The couple killed the evening.","The business killed the competition.",0,100,3196
"ef055ffd-a1d8-40a5-8f3d-12124095edf3",18,"bump","manner","pair201","The gardener bumped the statue.","The driver bumped the curb.",0,100,4789
"ef055ffd-a1d8-40a5-8f3d-12124095edf3",18,"close","result","pair197","The executive closed the deal.","The presenter closed the speech.",0,100,2920
"ef055ffd-a1d8-40a5-8f3d-12124095edf3",18,"pull","manner","pair204","The business pulled the service.","The regulators pulled the product.",1,100,2927
"ef055ffd-a1d8-40a5-8f3d-12124095edf3",18,"shoot","manner","pair200","The robber shot the victim.","The athlete shot the ball.",0,100,4073
"ef055ffd-a1d8-40a5-8f3d-12124095edf3",18,"fill","result","pair196","The farmer filled the bucket.","The waiter filled the glass.",1,0,7507
"ef055ffd-a1d8-40a5-8f3d-12124095edf3",18,"close","result","pair207","The presenter closed the speech.","The baker closed the oven.",1,100,3488
"ef055ffd-a1d8-40a5-8f3d-12124095edf3",18,"fold","result","pair213","The manager folded the project.","The cleaner folded the clothes.",0,100,3223
"ef055ffd-a1d8-40a5-8f3d-12124095edf3",18,"clear","result","pair215","The bookkeeper cleared the payment.","The worker cleared the rubble.",0,100,4565
"ef055ffd-a1d8-40a5-8f3d-12124095edf3",18,"push","manner","pair199","The artwork pushed the boundaries.","The shopper pushed the cart.",0,100,3830
"ef055ffd-a1d8-40a5-8f3d-12124095edf3",18,"bump","manner","pair217","The teacher bumped the deadline.","The ball bumped the couch.",0,100,3887
"ef055ffd-a1d8-40a5-8f3d-12124095edf3",18,"cover","result","pair211","The nurse covered the wound.","The policy covered the accident.",0,100,3081
"ef055ffd-a1d8-40a5-8f3d-12124095edf3",18,"push","manner","pair208","The politician pushed the policy.","The artwork pushed the boundaries.",0,100,3453
"da4d7749-4b36-44c7-abc8-e02c61155caf",13,"close","result","pair075","The lawyer closed the case.","The baker closed the oven.",0,92,10201
"da4d7749-4b36-44c7-abc8-e02c61155caf",13,"bump","manner","pair079","The dean bumped the meeting.","The driver bumped the curb.",0,89,12779
"da4d7749-4b36-44c7-abc8-e02c61155caf",13,"break","result","pair069","The president broke the promise.","The journalist broke the story.",0,4,13018
"da4d7749-4b36-44c7-abc8-e02c61155caf",13,"shoot","manner","pair080","The photographer shot the wedding.","The robber shot the victim.",0,94,11930
"da4d7749-4b36-44c7-abc8-e02c61155caf",13,"push","manner","pair067","The company pushed the product.","The athlete pushed the limit.",0,75,18892
"da4d7749-4b36-44c7-abc8-e02c61155caf",13,"smear","manner","pair068","The journalist smeared the business.","The baker smeared the frosting.",0,87,21988
"da4d7749-4b36-44c7-abc8-e02c61155caf",13,"kill","result","pair071","The joke killed the evening.","The cat killed the mouse.",1,97,6110
"da4d7749-4b36-44c7-abc8-e02c61155caf",13,"pull","manner","pair083","The regulators pulled the product.","The scandal pulled the reporters.",0,88,12513
"da4d7749-4b36-44c7-abc8-e02c61155caf",13,"kill","result","pair077","The business killed the competition.","The criminal killed the victim.",0,95,9718
"da4d7749-4b36-44c7-abc8-e02c61155caf",13,"cover","result","pair078","The channel covered the story.","The policy covered the accident.",0,17,19660
"da4d7749-4b36-44c7-abc8-e02c61155caf",13,"hit","manner","pair074","The traveler hit the delay.","The idea hit the researcher.",0,87,43657
"da4d7749-4b36-44c7-abc8-e02c61155caf",13,"fold","result","pair072","The founder folded the company.","The child folded the paper.",0,89,7054
"da4d7749-4b36-44c7-abc8-e02c61155caf",13,"kill","result","pair081","The couple killed the evening.","The cat killed the mouse.",0,93,5426
"da4d7749-4b36-44c7-abc8-e02c61155caf",13,"break","result","pair082","The journalist broke the story.","The burglar broke the window.",0,100,5340
"da4d7749-4b36-44c7-abc8-e02c61155caf",13,"hit","manner","pair076","The solution hit the inventor.","The batter hit the ball.",1,96,8269
"da4d7749-4b36-44c7-abc8-e02c61155caf",13,"fill","result","pair084","The festival filled the weekend.","The secretary filled the schedule.",1,88,9712
"da4d7749-4b36-44c7-abc8-e02c61155caf",13,"clear","result","pair070","The hiker cleared the obstacle.","The officer cleared the request.",0,93,7563
"da4d7749-4b36-44c7-abc8-e02c61155caf",13,"hit","manner","pair073","The arrow hit the target.","The solution hit the inventor.",0,94,9642
"8b8e997e-8707-470d-822a-448bb6a061af",7,"fold","result","pair104","The manager folded the project.","The child folded the paper.",0,100,4294
"8b8e997e-8707-470d-822a-448bb6a061af",7,"push","manner","pair088","The politician pushed the policy.","The athlete pushed the limit.",0,100,4607
"8b8e997e-8707-470d-822a-448bb6a061af",7,"pull","manner","pair097","The business pulled the service.","The scandal pulled the reporters.",0,100,4627
"8b8e997e-8707-470d-822a-448bb6a061af",7,"cover","result","pair105","The nurse covered the wound.","The insurance covered the damage.",0,100,5160
"8b8e997e-8707-470d-822a-448bb6a061af",7,"bump","manner","pair103","The teacher bumped the deadline.","The driver bumped the curb.",0,100,4463
"8b8e997e-8707-470d-822a-448bb6a061af",7,"push","manner","pair094","The athlete pushed the limit.","The pilot pushed the button.",0,100,4423
"8b8e997e-8707-470d-822a-448bb6a061af",7,"close","result","pair102","The executive closed the deal.","The baker closed the oven.",0,100,3688
"8b8e997e-8707-470d-822a-448bb6a061af",7,"fill","result","pair086","The donations filled the need.","The festival filled the weekend.",0,77,6524
"8b8e997e-8707-470d-822a-448bb6a061af",7,"kill","result","pair109","The mistake killed the proposal.","The joke killed the evening.",1,0,4655
"8b8e997e-8707-470d-822a-448bb6a061af",7,"hit","manner","pair093","The investor hit the goal.","The idea hit the researcher.",0,18,9498
"8b8e997e-8707-470d-822a-448bb6a061af",7,"break","result","pair100","The company broke the law.","The guest broke the plate.",0,100,4245
"8b8e997e-8707-470d-822a-448bb6a061af",7,"clear","result","pair085","The officer cleared the request.","The waiter cleared the table.",0,100,3615
"8b8e997e-8707-470d-822a-448bb6a061af",7,"close","result","pair107","The presenter closed the speech.","The chauffeur closed the door.",1,100,3488
"8b8e997e-8707-470d-822a-448bb6a061af",7,"kill","result","pair090","The couple killed the evening.","The team killed the rivals.",0,13,4837
"8b8e997e-8707-470d-822a-448bb6a061af",7,"kill","result","pair101","The traveler killed the afternoon.","The cat killed the mouse.",0,100,3584
"8b8e997e-8707-470d-822a-448bb6a061af",7,"open","result","pair096","The consultant opened the discussion.","The farmer opened the gate.",0,100,4941
"8b8e997e-8707-470d-822a-448bb6a061af",7,"shoot","manner","pair106","The robber shot the victim.","The technician shot the fireworks.",0,28,5207
"8b8e997e-8707-470d-822a-448bb6a061af",7,"clear","result","pair095","The horse cleared the jump.","The officer cleared the request.",0,100,4348
"8b8e997e-8707-470d-822a-448bb6a061af",7,"bump","manner","pair099","The ball bumped the couch.","The driver bumped the curb.",1,1,4672
"8b8e997e-8707-470d-822a-448bb6a061af",7,"cover","result","pair098","The writer covered the election.","The policy covered the accident.",0,0,3879
"8b8e997e-8707-470d-822a-448bb6a061af",7,"fold","result","pair091","The child folded the paper.","The baker folded the flour.",0,9,2753
"8b8e997e-8707-470d-822a-448bb6a061af",7,"hit","manner","pair108","The traveler hit the delay.","The investor hit the goal.",1,33,4230
"8b8e997e-8707-470d-822a-448bb6a061af",7,"pull","manner","pair092","The scandal pulled the reporters.","The worker pulled the lever.",0,100,3671
"8b8e997e-8707-470d-822a-448bb6a061af",7,"hit","manner","pair087","The hurricane hit the coastline.","The child hit the pillow.",0,100,3066
"8b8e997e-8707-470d-822a-448bb6a061af",7,"shoot","manner","pair089","The director shot the scene.","The robber shot the victim.",0,100,4835
"148501a2-b437-4fc8-b539-32d898ef2619",3,"fill","result","pair084","The festival filled the weekend.","The secretary filled the schedule.",1,52,5400
"148501a2-b437-4fc8-b539-32d898ef2619",3,"fold","result","pair072","The founder folded the company.","The child folded the paper.",0,93,4558
"148501a2-b437-4fc8-b539-32d898ef2619",3,"smear","manner","pair068","The journalist smeared the business.","The baker smeared the frosting.",0,96,5262
"148501a2-b437-4fc8-b539-32d898ef2619",3,"kill","result","pair081","The couple killed the evening.","The cat killed the mouse.",0,88,4294
"148501a2-b437-4fc8-b539-32d898ef2619",3,"kill","result","pair077","The business killed the competition.","The criminal killed the victim.",0,91,3767
"148501a2-b437-4fc8-b539-32d898ef2619",3,"clear","result","pair070","The hiker cleared the obstacle.","The officer cleared the request.",0,91,3272
"148501a2-b437-4fc8-b539-32d898ef2619",3,"break","result","pair069","The president broke the promise.","The journalist broke the story.",0,69,4430
"148501a2-b437-4fc8-b539-32d898ef2619",3,"bump","manner","pair079","The dean bumped the meeting.","The driver bumped the curb.",0,85,9976
"148501a2-b437-4fc8-b539-32d898ef2619",3,"hit","manner","pair076","The solution hit the inventor.","The batter hit the ball.",1,96,4520
"148501a2-b437-4fc8-b539-32d898ef2619",3,"push","manner","pair067","The company pushed the product.","The athlete pushed the limit.",0,89,5441
"148501a2-b437-4fc8-b539-32d898ef2619",3,"break","result","pair082","The journalist broke the story.","The burglar broke the window.",0,86,2367
"148501a2-b437-4fc8-b539-32d898ef2619",3,"hit","manner","pair073","The arrow hit the target.","The solution hit the inventor.",0,86,2679
"148501a2-b437-4fc8-b539-32d898ef2619",3,"cover","result","pair078","The channel covered the story.","The policy covered the accident.",0,86,7136
"148501a2-b437-4fc8-b539-32d898ef2619",3,"hit","manner","pair074","The traveler hit the delay.","The idea hit the researcher.",0,91,4799
"148501a2-b437-4fc8-b539-32d898ef2619",3,"pull","manner","pair083","The regulators pulled the product.","The scandal pulled the reporters.",0,86,6239
"148501a2-b437-4fc8-b539-32d898ef2619",3,"shoot","manner","pair080","The photographer shot the wedding.","The robber shot the victim.",0,97,2967
"148501a2-b437-4fc8-b539-32d898ef2619",3,"kill","result","pair071","The joke killed the evening.","The cat killed the mouse.",1,88,3019
"148501a2-b437-4fc8-b539-32d898ef2619",3,"close","result","pair075","The lawyer closed the case.","The baker closed the oven.",0,82,2903
"73b139af-089e-4bd4-a56d-fbd5a39c9b5d",15,"cover","result","pair023","The channel covered the story.","The snow covered the footprints.",0,78,4385
"73b139af-089e-4bd4-a56d-fbd5a39c9b5d",15,"kill","result","pair022","The mistake killed the proposal.","The cat killed the mouse.",1,77,5112
"73b139af-089e-4bd4-a56d-fbd5a39c9b5d",15,"clear","result","pair011","The waiter cleared the table.","The worker cleared the rubble.",1,7,4210
"73b139af-089e-4bd4-a56d-fbd5a39c9b5d",15,"shoot","manner","pair001","The director shot the scene.","The athlete shot the ball.",0,51,5511
"73b139af-089e-4bd4-a56d-fbd5a39c9b5d",15,"pull","manner","pair004","The business pulled the service.","The climber pulled the rope.",0,81,4900
"73b139af-089e-4bd4-a56d-fbd5a39c9b5d",15,"close","result","pair013","The lawyer closed the case.","The author closed the chapter.",0,71,13994
"73b139af-089e-4bd4-a56d-fbd5a39c9b5d",15,"hit","manner","pair021","The investor hit the goal.","The batter hit the ball.",0,75,3735
"73b139af-089e-4bd4-a56d-fbd5a39c9b5d",15,"clear","result","pair005","The horse cleared the jump.","The worker cleared the rubble.",0,61,3444
"73b139af-089e-4bd4-a56d-fbd5a39c9b5d",15,"pull","manner","pair014","The advertisement pulled the customers.","The worker pulled the lever.",0,57,4007
"73b139af-089e-4bd4-a56d-fbd5a39c9b5d",15,"break","result","pair012","The president broke the promise.","The company broke the law.",1,62,4294
"73b139af-089e-4bd4-a56d-fbd5a39c9b5d",15,"hit","manner","pair010","The solution hit the inventor.","The idea hit the researcher.",1,7,7685
"73b139af-089e-4bd4-a56d-fbd5a39c9b5d",15,"shoot","manner","pair002","The hunter shot the deer.","The technician shot the fireworks.",0,92,4233
"73b139af-089e-4bd4-a56d-fbd5a39c9b5d",15,"fold","result","pair006","The manager folded the project.","The chef folded the eggs.",0,74,3851
"73b139af-089e-4bd4-a56d-fbd5a39c9b5d",15,"bump","manner","pair007","The dean bumped the meeting.","The gardener bumped the statue.",1,72,3877
"73b139af-089e-4bd4-a56d-fbd5a39c9b5d",15,"fold","result","pair017","The baker folded the flour.","The chef folded the eggs.",1,3,4283
"73b139af-089e-4bd4-a56d-fbd5a39c9b5d",15,"push","manner","pair018","The politician pushed the policy.","The shopper pushed the cart.",0,82,4579
"73b139af-089e-4bd4-a56d-fbd5a39c9b5d",15,"push","manner","pair019","The pilot pushed the button.","The shopper pushed the cart.",1,0,3993
"73b139af-089e-4bd4-a56d-fbd5a39c9b5d",15,"fill","result","pair008","The donations filled the need.","The farmer filled the bucket.",0,75,3525
"73b139af-089e-4bd4-a56d-fbd5a39c9b5d",15,"open","result","pair016","The chairperson opened the meeting.","The farmer opened the gate.",0,70,3603
"73b139af-089e-4bd4-a56d-fbd5a39c9b5d",15,"kill","result","pair015","The couple killed the evening.","The joke killed the evening.",0,47,3570
"73b139af-089e-4bd4-a56d-fbd5a39c9b5d",15,"hit","manner","pair009","The traveler hit the delay.","The hurricane hit the coastline.",1,73,3863
"73b139af-089e-4bd4-a56d-fbd5a39c9b5d",15,"break","result","pair020","The doctor broke the news.","The burglar broke the window.",0,88,4039
"73b139af-089e-4bd4-a56d-fbd5a39c9b5d",15,"kill","result","pair003","The business killed the competition.","The mistake killed the proposal.",0,50,4002
"ddc3b475-c744-4826-8cbd-9ad954c06fde",16,"hit","manner","pair174","The traveler hit the delay.","The arrow hit the target.",1,100,8623
"ddc3b475-c744-4826-8cbd-9ad954c06fde",16,"bump","manner","pair193","The dean bumped the meeting.","The waiter bumped the table.",1,100,5031
"ddc3b475-c744-4826-8cbd-9ad954c06fde",16,"hit","manner","pair191","The hurricane hit the coastline.","The batter hit the ball.",0,98,9795
"ddc3b475-c744-4826-8cbd-9ad954c06fde",16,"kill","result","pair188","The business killed the competition.","The team killed the rivals.",1,7,18321
"ddc3b475-c744-4826-8cbd-9ad954c06fde",16,"cover","result","pair192","The policy covered the accident.","The insurance covered the damage.",1,0,9905
"ddc3b475-c744-4826-8cbd-9ad954c06fde",16,"break","result","pair172","The doctor broke the news.","The journalist broke the story.",1,57,32851
"ddc3b475-c744-4826-8cbd-9ad954c06fde",16,"pull","manner","pair189","The advertisement pulled the customers.","The climber pulled the rope.",0,100,4663
"ddc3b475-c744-4826-8cbd-9ad954c06fde",16,"pull","manner","pair175","The business pulled the service.","The advertisement pulled the customers.",0,94,20352
"ddc3b475-c744-4826-8cbd-9ad954c06fde",16,"clear","result","pair178","The horse cleared the jump.","The waiter cleared the table.",0,100,4711
"ddc3b475-c744-4826-8cbd-9ad954c06fde",16,"shoot","manner","pair184","The hunter shot the deer.","The athlete shot the ball.",0,72,11835
"ddc3b475-c744-4826-8cbd-9ad954c06fde",16,"clear","result","pair177","The officer cleared the request.","The worker cleared the rubble.",0,100,6554
"ddc3b475-c744-4826-8cbd-9ad954c06fde",16,"kill","result","pair182","The mistake killed the proposal.","The criminal killed the victim.",1,100,7593
"ddc3b475-c744-4826-8cbd-9ad954c06fde",16,"kill","result","pair171","The couple killed the evening.","The mistake killed the proposal.",0,71,11907
"ddc3b475-c744-4826-8cbd-9ad954c06fde",16,"cover","result","pair187","The writer covered the election.","The insurance covered the damage.",0,98,10155
"ddc3b475-c744-4826-8cbd-9ad954c06fde",16,"shoot","manner","pair181","The director shot the scene.","The hunter shot the deer.",0,100,5391
"ddc3b475-c744-4826-8cbd-9ad954c06fde",16,"push","manner","pair170","The athlete pushed the limit.","The shopper pushed the cart.",0,100,4779
"ddc3b475-c744-4826-8cbd-9ad954c06fde",16,"hit","manner","pair179","The investor hit the goal.","The child hit the pillow.",0,100,3938
"ddc3b475-c744-4826-8cbd-9ad954c06fde",16,"open","result","pair183","The chairperson opened the meeting.","The teacher opened the window.",0,99,6443
"ddc3b475-c744-4826-8cbd-9ad954c06fde",16,"push","manner","pair180","The politician pushed the policy.","The pilot pushed the button.",0,100,5321
"ddc3b475-c744-4826-8cbd-9ad954c06fde",16,"close","result","pair176","The executive closed the deal.","The chauffeur closed the door.",0,100,6373
"ddc3b475-c744-4826-8cbd-9ad954c06fde",16,"fold","result","pair173","The child folded the paper.","The chef folded the eggs.",0,40,10055
"ddc3b475-c744-4826-8cbd-9ad954c06fde",16,"fill","result","pair186","The donations filled the need.","The secretary filled the schedule.",0,53,9655
"ddc3b475-c744-4826-8cbd-9ad954c06fde",16,"close","result","pair185","The baker closed the oven.","The chauffeur closed the door.",1,27,16539
"ddc3b475-c744-4826-8cbd-9ad954c06fde",16,"fold","result","pair190","The manager folded the project.","The baker folded the flour.",0,100,7274
"cbb6ab45-072e-4013-a308-7e39764ac685",18,"kill","result","pair212","The traveler killed the afternoon.","The criminal killed the victim.",0,96,7599
"cbb6ab45-072e-4013-a308-7e39764ac685",18,"pull","manner","pair214","The scandal pulled the reporters.","The climber pulled the rope.",0,70,6843
"cbb6ab45-072e-4013-a308-7e39764ac685",18,"pull","manner","pair204","The business pulled the service.","The regulators pulled the product.",1,14,7752
"cbb6ab45-072e-4013-a308-7e39764ac685",18,"bump","manner","pair217","The teacher bumped the deadline.","The ball bumped the couch.",0,92,13209
"cbb6ab45-072e-4013-a308-7e39764ac685",18,"push","manner","pair208","The politician pushed the policy.","The artwork pushed the boundaries.",0,50,8705
"cbb6ab45-072e-4013-a308-7e39764ac685",18,"kill","result","pair194","The couple killed the evening.","The business killed the competition.",0,87,7571
"cbb6ab45-072e-4013-a308-7e39764ac685",18,"open","result","pair210","The consultant opened the discussion.","The teacher opened the window.",0,81,6317
"cbb6ab45-072e-4013-a308-7e39764ac685",18,"clear","result","pair202","The horse cleared the jump.","The bookkeeper cleared the payment.",0,85,5725
"cbb6ab45-072e-4013-a308-7e39764ac685",18,"cover","result","pair205","The writer covered the election.","The nurse covered the wound.",0,93,7951
"cbb6ab45-072e-4013-a308-7e39764ac685",18,"hit","manner","pair206","The hurricane hit the coastline.","The idea hit the researcher.",0,84,4595
"cbb6ab45-072e-4013-a308-7e39764ac685",18,"kill","result","pair195","The team killed the rivals.","The cat killed the mouse.",0,82,4985
"cbb6ab45-072e-4013-a308-7e39764ac685",18,"shoot","manner","pair200","The robber shot the victim.","The athlete shot the ball.",0,95,4215
"cbb6ab45-072e-4013-a308-7e39764ac685",18,"break","result","pair209","The company broke the law.","The burglar broke the window.",0,90,5582
"cbb6ab45-072e-4013-a308-7e39764ac685",18,"shoot","manner","pair216","The director shot the scene.","The photographer shot the wedding.",1,9,7679
"cbb6ab45-072e-4013-a308-7e39764ac685",18,"fold","result","pair213","The manager folded the project.","The cleaner folded the clothes.",0,86,9614
"cbb6ab45-072e-4013-a308-7e39764ac685",18,"fill","result","pair196","The farmer filled the bucket.","The waiter filled the glass.",1,8,6713
"cbb6ab45-072e-4013-a308-7e39764ac685",18,"hit","manner","pair203","The investor hit the goal.","The solution hit the inventor.",0,84,8099
"cbb6ab45-072e-4013-a308-7e39764ac685",18,"close","result","pair207","The presenter closed the speech.","The baker closed the oven.",1,95,7432
"cbb6ab45-072e-4013-a308-7e39764ac685",18,"fill","result","pair218","The love filled the void.","The waiter filled the glass.",0,94,6068
"cbb6ab45-072e-4013-a308-7e39764ac685",18,"push","manner","pair199","The artwork pushed the boundaries.","The shopper pushed the cart.",0,96,3519
"cbb6ab45-072e-4013-a308-7e39764ac685",18,"close","result","pair197","The executive closed the deal.","The presenter closed the speech.",0,18,6417
"cbb6ab45-072e-4013-a308-7e39764ac685",18,"clear","result","pair215","The bookkeeper cleared the payment.","The worker cleared the rubble.",0,96,5105
"cbb6ab45-072e-4013-a308-7e39764ac685",18,"fold","result","pair198","The cleaner folded the clothes.","The chef folded the eggs.",0,62,15126
"cbb6ab45-072e-4013-a308-7e39764ac685",18,"cover","result","pair211","The nurse covered the wound.","The policy covered the accident.",0,98,4274
"cbb6ab45-072e-4013-a308-7e39764ac685",18,"bump","manner","pair201","The gardener bumped the statue.","The driver bumped the curb.",0,6,5422
"3aed7415-d85a-44f7-86c0-2487eb8a4c2d",2,"shoot","manner","pair142","The photographer shot the wedding.","The hunter shot the deer.",0,91,3729
"3aed7415-d85a-44f7-86c0-2487eb8a4c2d",2,"hit","manner","pair139","The idea hit the researcher.","The child hit the pillow.",1,86,3033
"3aed7415-d85a-44f7-86c0-2487eb8a4c2d",2,"hit","manner","pair138","The traveler hit the delay.","The child hit the pillow.",0,88,3048
"3aed7415-d85a-44f7-86c0-2487eb8a4c2d",2,"fold","result","pair141","The founder folded the company.","The baker folded the flour.",0,84,3055
"3aed7415-d85a-44f7-86c0-2487eb8a4c2d",2,"fill","result","pair140","The love filled the void.","The donations filled the need.",1,82,4275
"3aed7415-d85a-44f7-86c0-2487eb8a4c2d",2,"hit","manner","pair145","The arrow hit the target.","The idea hit the researcher.",0,88,2792
"3aed7415-d85a-44f7-86c0-2487eb8a4c2d",2,"fill","result","pair133","The festival filled the weekend.","The farmer filled the bucket.",1,88,3190
"3aed7415-d85a-44f7-86c0-2487eb8a4c2d",2,"break","result","pair135","The journalist broke the story.","The guest broke the plate.",0,84,2919
"3aed7415-d85a-44f7-86c0-2487eb8a4c2d",2,"pull","manner","pair130","The regulators pulled the product.","The advertisement pulled the customers.",0,66,4101
"3aed7415-d85a-44f7-86c0-2487eb8a4c2d",2,"push","manner","pair137","The company pushed the product.","The pilot pushed the button.",0,86,5545
"3aed7415-d85a-44f7-86c0-2487eb8a4c2d",2,"close","result","pair147","The lawyer closed the case.","The chauffeur closed the door.",0,89,1990
"3aed7415-d85a-44f7-86c0-2487eb8a4c2d",2,"cover","result","pair134","The channel covered the story.","The insurance covered the damage.",0,85,3819
"3aed7415-d85a-44f7-86c0-2487eb8a4c2d",2,"clear","result","pair131","The hiker cleared the obstacle.","The waiter cleared the table.",0,83,3218
"3aed7415-d85a-44f7-86c0-2487eb8a4c2d",2,"bump","manner","pair148","The waiter bumped the table.","The gardener bumped the statue.",1,88,2382
"3aed7415-d85a-44f7-86c0-2487eb8a4c2d",2,"kill","result","pair132","The business killed the competition.","The cat killed the mouse.",0,93,3338
"3aed7415-d85a-44f7-86c0-2487eb8a4c2d",2,"break","result","pair143","The president broke the promise.","The burglar broke the window.",0,86,4911
"3aed7415-d85a-44f7-86c0-2487eb8a4c2d",2,"kill","result","pair146","The criminal killed the victim.","The cat killed the mouse.",1,91,2363
"3aed7415-d85a-44f7-86c0-2487eb8a4c2d",2,"smear","manner","pair136","The journalist smeared the business.","The artist smeared the paint.",0,90,3101
"3aed7415-d85a-44f7-86c0-2487eb8a4c2d",2,"kill","result","pair144","The traveler killed the afternoon.","The business killed the competition.",0,86,2400
"8d68506a-13b4-447a-afc5-0f68d91987bb",15,"break","result","pair012","The president broke the promise.","The company broke the law.",1,30,3554
"8d68506a-13b4-447a-afc5-0f68d91987bb",15,"break","result","pair020","The doctor broke the news.","The burglar broke the window.",0,94,2696
"8d68506a-13b4-447a-afc5-0f68d91987bb",15,"shoot","manner","pair002","The hunter shot the deer.","The technician shot the fireworks.",0,95,3145
"8d68506a-13b4-447a-afc5-0f68d91987bb",15,"kill","result","pair003","The business killed the competition.","The mistake killed the proposal.",0,64,7739
"8d68506a-13b4-447a-afc5-0f68d91987bb",15,"pull","manner","pair014","The advertisement pulled the customers.","The worker pulled the lever.",0,84,3563
"8d68506a-13b4-447a-afc5-0f68d91987bb",15,"push","manner","pair019","The pilot pushed the button.","The shopper pushed the cart.",1,94,3977
"8d68506a-13b4-447a-afc5-0f68d91987bb",15,"fill","result","pair008","The donations filled the need.","The farmer filled the bucket.",0,95,3094
"8d68506a-13b4-447a-afc5-0f68d91987bb",15,"hit","manner","pair009","The traveler hit the delay.","The hurricane hit the coastline.",1,84,5439
"8d68506a-13b4-447a-afc5-0f68d91987bb",15,"cover","result","pair023","The channel covered the story.","The snow covered the footprints.",0,94,14672
"8d68506a-13b4-447a-afc5-0f68d91987bb",15,"hit","manner","pair010","The solution hit the inventor.","The idea hit the researcher.",1,27,8240
"8d68506a-13b4-447a-afc5-0f68d91987bb",15,"fold","result","pair017","The baker folded the flour.","The chef folded the eggs.",1,20,5331
"8d68506a-13b4-447a-afc5-0f68d91987bb",15,"close","result","pair013","The lawyer closed the case.","The author closed the chapter.",0,67,4195
"8d68506a-13b4-447a-afc5-0f68d91987bb",15,"shoot","manner","pair001","The director shot the scene.","The athlete shot the ball.",0,92,17861
"8d68506a-13b4-447a-afc5-0f68d91987bb",15,"fold","result","pair006","The manager folded the project.","The chef folded the eggs.",0,94,2733
"8d68506a-13b4-447a-afc5-0f68d91987bb",15,"open","result","pair016","The chairperson opened the meeting.","The farmer opened the gate.",0,90,2992
"8d68506a-13b4-447a-afc5-0f68d91987bb",15,"push","manner","pair018","The politician pushed the policy.","The shopper pushed the cart.",0,92,17278
"8d68506a-13b4-447a-afc5-0f68d91987bb",15,"pull","manner","pair004","The business pulled the service.","The climber pulled the rope.",0,92,4029
"8d68506a-13b4-447a-afc5-0f68d91987bb",15,"kill","result","pair022","The mistake killed the proposal.","The cat killed the mouse.",1,84,3281
"8d68506a-13b4-447a-afc5-0f68d91987bb",15,"kill","result","pair015","The couple killed the evening.","The joke killed the evening.",0,43,3548
"8d68506a-13b4-447a-afc5-0f68d91987bb",15,"bump","manner","pair007","The dean bumped the meeting.","The gardener bumped the statue.",1,90,3179
"8d68506a-13b4-447a-afc5-0f68d91987bb",15,"clear","result","pair005","The horse cleared the jump.","The worker cleared the rubble.",0,92,2671
"8d68506a-13b4-447a-afc5-0f68d91987bb",15,"clear","result","pair011","The waiter cleared the table.","The worker cleared the rubble.",1,81,4627
"8d68506a-13b4-447a-afc5-0f68d91987bb",15,"hit","manner","pair021","The investor hit the goal.","The batter hit the ball.",0,92,6520
"d49f2ec4-3b80-46a9-90ae-cd0dbc724281",13,"hit","manner","pair073","The arrow hit the target.","The solution hit the inventor.",0,20,5991
"d49f2ec4-3b80-46a9-90ae-cd0dbc724281",13,"shoot","manner","pair080","The photographer shot the wedding.","The robber shot the victim.",0,24,5530
"d49f2ec4-3b80-46a9-90ae-cd0dbc724281",13,"kill","result","pair071","The joke killed the evening.","The cat killed the mouse.",1,69,5764
"d49f2ec4-3b80-46a9-90ae-cd0dbc724281",13,"hit","manner","pair074","The traveler hit the delay.","The idea hit the researcher.",0,88,5159
"d49f2ec4-3b80-46a9-90ae-cd0dbc724281",13,"fill","result","pair084","The festival filled the weekend.","The secretary filled the schedule.",1,71,5287
"d49f2ec4-3b80-46a9-90ae-cd0dbc724281",13,"close","result","pair075","The lawyer closed the case.","The baker closed the oven.",0,70,4995
"d49f2ec4-3b80-46a9-90ae-cd0dbc724281",13,"break","result","pair082","The journalist broke the story.","The burglar broke the window.",0,51,5935
"d49f2ec4-3b80-46a9-90ae-cd0dbc724281",13,"pull","manner","pair083","The regulators pulled the product.","The scandal pulled the reporters.",0,69,7515
"d49f2ec4-3b80-46a9-90ae-cd0dbc724281",13,"break","result","pair069","The president broke the promise.","The journalist broke the story.",0,24,17416
"d49f2ec4-3b80-46a9-90ae-cd0dbc724281",13,"bump","manner","pair079","The dean bumped the meeting.","The driver bumped the curb.",0,76,3786
"d49f2ec4-3b80-46a9-90ae-cd0dbc724281",13,"push","manner","pair067","The company pushed the product.","The athlete pushed the limit.",0,67,6785
"d49f2ec4-3b80-46a9-90ae-cd0dbc724281",13,"hit","manner","pair076","The solution hit the inventor.","The batter hit the ball.",1,64,6936
"d49f2ec4-3b80-46a9-90ae-cd0dbc724281",13,"smear","manner","pair068","The journalist smeared the business.","The baker smeared the frosting.",0,51,6030
"d49f2ec4-3b80-46a9-90ae-cd0dbc724281",13,"kill","result","pair081","The couple killed the evening.","The cat killed the mouse.",0,40,5273
"d49f2ec4-3b80-46a9-90ae-cd0dbc724281",13,"kill","result","pair077","The business killed the competition.","The criminal killed the victim.",0,71,5348
"d49f2ec4-3b80-46a9-90ae-cd0dbc724281",13,"fold","result","pair072","The founder folded the company.","The child folded the paper.",0,71,4235
"d49f2ec4-3b80-46a9-90ae-cd0dbc724281",13,"clear","result","pair070","The hiker cleared the obstacle.","The officer cleared the request.",0,39,20047
"d49f2ec4-3b80-46a9-90ae-cd0dbc724281",13,"cover","result","pair078","The channel covered the story.","The policy covered the accident.",0,18,5727
"dae54550-5a60-4e26-b67b-a0f443ad22ab",18,"fold","result","pair213","The manager folded the project.","The cleaner folded the clothes.",0,100,9589
"dae54550-5a60-4e26-b67b-a0f443ad22ab",18,"clear","result","pair202","The horse cleared the jump.","The bookkeeper cleared the payment.",0,100,10133
"dae54550-5a60-4e26-b67b-a0f443ad22ab",18,"push","manner","pair199","The artwork pushed the boundaries.","The shopper pushed the cart.",0,100,17065
"dae54550-5a60-4e26-b67b-a0f443ad22ab",18,"fold","result","pair198","The cleaner folded the clothes.","The chef folded the eggs.",0,100,12331
"dae54550-5a60-4e26-b67b-a0f443ad22ab",18,"kill","result","pair212","The traveler killed the afternoon.","The criminal killed the victim.",0,100,16173
"dae54550-5a60-4e26-b67b-a0f443ad22ab",18,"shoot","manner","pair216","The director shot the scene.","The photographer shot the wedding.",1,38,13397
"dae54550-5a60-4e26-b67b-a0f443ad22ab",18,"kill","result","pair195","The team killed the rivals.","The cat killed the mouse.",0,100,9401
"dae54550-5a60-4e26-b67b-a0f443ad22ab",18,"pull","manner","pair204","The business pulled the service.","The regulators pulled the product.",1,50,17445
"dae54550-5a60-4e26-b67b-a0f443ad22ab",18,"push","manner","pair208","The politician pushed the policy.","The artwork pushed the boundaries.",0,100,13197
"dae54550-5a60-4e26-b67b-a0f443ad22ab",18,"shoot","manner","pair200","The robber shot the victim.","The athlete shot the ball.",0,100,9081
"dae54550-5a60-4e26-b67b-a0f443ad22ab",18,"pull","manner","pair214","The scandal pulled the reporters.","The climber pulled the rope.",0,100,11913
"dae54550-5a60-4e26-b67b-a0f443ad22ab",18,"hit","manner","pair203","The investor hit the goal.","The solution hit the inventor.",0,93,11417
"dae54550-5a60-4e26-b67b-a0f443ad22ab",18,"cover","result","pair211","The nurse covered the wound.","The policy covered the accident.",0,19,14037
"dae54550-5a60-4e26-b67b-a0f443ad22ab",18,"bump","manner","pair201","The gardener bumped the statue.","The driver bumped the curb.",0,96,15865
"dae54550-5a60-4e26-b67b-a0f443ad22ab",18,"fill","result","pair218","The love filled the void.","The waiter filled the glass.",0,68,12533
"dae54550-5a60-4e26-b67b-a0f443ad22ab",18,"kill","result","pair194","The couple killed the evening.","The business killed the competition.",0,100,12431
"dae54550-5a60-4e26-b67b-a0f443ad22ab",18,"open","result","pair210","The consultant opened the discussion.","The teacher opened the window.",0,100,13529
"dae54550-5a60-4e26-b67b-a0f443ad22ab",18,"cover","result","pair205","The writer covered the election.","The nurse covered the wound.",0,100,8661
"dae54550-5a60-4e26-b67b-a0f443ad22ab",18,"hit","manner","pair206","The hurricane hit the coastline.","The idea hit the researcher.",0,100,14353
"dae54550-5a60-4e26-b67b-a0f443ad22ab",18,"bump","manner","pair217","The teacher bumped the deadline.","The ball bumped the couch.",0,100,10291
"dae54550-5a60-4e26-b67b-a0f443ad22ab",18,"clear","result","pair215","The bookkeeper cleared the payment.","The worker cleared the rubble.",0,100,12155
"dae54550-5a60-4e26-b67b-a0f443ad22ab",18,"close","result","pair197","The executive closed the deal.","The presenter closed the speech.",0,80,9711
"dae54550-5a60-4e26-b67b-a0f443ad22ab",18,"fill","result","pair196","The farmer filled the bucket.","The waiter filled the glass.",1,12,9325
"dae54550-5a60-4e26-b67b-a0f443ad22ab",18,"break","result","pair209","The company broke the law.","The burglar broke the window.",0,65,11381
"dae54550-5a60-4e26-b67b-a0f443ad22ab",18,"close","result","pair207","The presenter closed the speech.","The baker closed the oven.",1,35,12563
"27ba1f17-bfa1-49a2-94a3-1b80447b2427",0,"cover","result","pair128","The snow covered the footprints.","The policy covered the accident.",0,95,17743
"27ba1f17-bfa1-49a2-94a3-1b80447b2427",0,"bump","manner","pair129","The waiter bumped the table.","The driver bumped the curb.",0,2,6823
"27ba1f17-bfa1-49a2-94a3-1b80447b2427",0,"fill","result","pair120","The love filled the void.","The secretary filled the schedule.",0,86,9752
"27ba1f17-bfa1-49a2-94a3-1b80447b2427",0,"hit","manner","pair125","The child hit the pillow.","The batter hit the ball.",1,67,5625
"27ba1f17-bfa1-49a2-94a3-1b80447b2427",0,"hit","manner","pair126","The arrow hit the target.","The batter hit the ball.",0,7,23562
"27ba1f17-bfa1-49a2-94a3-1b80447b2427",0,"kill","result","pair123","The team killed the rivals.","The joke killed the evening.",0,82,8022
"27ba1f17-bfa1-49a2-94a3-1b80447b2427",0,"shoot","manner","pair119","The photographer shot the wedding.","The technician shot the fireworks.",0,92,10205
"27ba1f17-bfa1-49a2-94a3-1b80447b2427",0,"kill","result","pair127","The traveler killed the afternoon.","The mistake killed the proposal.",0,92,8037
"27ba1f17-bfa1-49a2-94a3-1b80447b2427",0,"close","result","pair115","The executive closed the deal.","The lawyer closed the case.",1,2,6056
"27ba1f17-bfa1-49a2-94a3-1b80447b2427",0,"break","result","pair110","The company broke the law.","The doctor broke the news.",0,74,34164
"27ba1f17-bfa1-49a2-94a3-1b80447b2427",0,"fill","result","pair111","The secretary filled the schedule.","The farmer filled the bucket.",1,30,2181
"27ba1f17-bfa1-49a2-94a3-1b80447b2427",0,"bump","manner","pair116","The teacher bumped the deadline.","The waiter bumped the table.",1,94,4200
"27ba1f17-bfa1-49a2-94a3-1b80447b2427",0,"push","manner","pair112","The artwork pushed the boundaries.","The athlete pushed the limit.",1,22,5564
"27ba1f17-bfa1-49a2-94a3-1b80447b2427",0,"cover","result","pair121","The writer covered the election.","The channel covered the story.",1,90,2162
"27ba1f17-bfa1-49a2-94a3-1b80447b2427",0,"smear","manner","pair117","The article smeared the celebrity.","The artist smeared the paint.",0,84,2382
"27ba1f17-bfa1-49a2-94a3-1b80447b2427",0,"close","result","pair118","The author closed the chapter.","The baker closed the oven.",1,94,7842
"27ba1f17-bfa1-49a2-94a3-1b80447b2427",0,"pull","manner","pair124","The regulators pulled the product.","The worker pulled the lever.",0,93,4108
"27ba1f17-bfa1-49a2-94a3-1b80447b2427",0,"clear","result","pair114","The bookkeeper cleared the payment.","The officer cleared the request.",1,8,5790
"27ba1f17-bfa1-49a2-94a3-1b80447b2427",0,"hit","manner","pair122","The investor hit the goal.","The arrow hit the target.",1,31,14718
"27ba1f17-bfa1-49a2-94a3-1b80447b2427",0,"fold","result","pair113","The cleaner folded the clothes.","The child folded the paper.",1,59,22713
"afd35915-d13c-47eb-a316-1558f90f5164",16,"kill","result","pair188","The business killed the competition.","The team killed the rivals.",1,10,6564
"afd35915-d13c-47eb-a316-1558f90f5164",16,"fill","result","pair186","The donations filled the need.","The secretary filled the schedule.",0,93,7832
"afd35915-d13c-47eb-a316-1558f90f5164",16,"pull","manner","pair175","The business pulled the service.","The advertisement pulled the customers.",0,52,10749
"afd35915-d13c-47eb-a316-1558f90f5164",16,"push","manner","pair180","The politician pushed the policy.","The pilot pushed the button.",0,96,10132
"afd35915-d13c-47eb-a316-1558f90f5164",16,"cover","result","pair192","The policy covered the accident.","The insurance covered the damage.",1,0,5614
"afd35915-d13c-47eb-a316-1558f90f5164",16,"clear","result","pair178","The horse cleared the jump.","The waiter cleared the table.",0,98,10616
"afd35915-d13c-47eb-a316-1558f90f5164",16,"shoot","manner","pair184","The hunter shot the deer.","The athlete shot the ball.",0,81,5032
"afd35915-d13c-47eb-a316-1558f90f5164",16,"cover","result","pair187","The writer covered the election.","The insurance covered the damage.",0,97,4431
"afd35915-d13c-47eb-a316-1558f90f5164",16,"hit","manner","pair179","The investor hit the goal.","The child hit the pillow.",0,100,4299
"afd35915-d13c-47eb-a316-1558f90f5164",16,"push","manner","pair170","The athlete pushed the limit.","The shopper pushed the cart.",0,99,5548
"afd35915-d13c-47eb-a316-1558f90f5164",16,"kill","result","pair171","The couple killed the evening.","The mistake killed the proposal.",0,95,6400
"afd35915-d13c-47eb-a316-1558f90f5164",16,"kill","result","pair182","The mistake killed the proposal.","The criminal killed the victim.",1,100,5599
"afd35915-d13c-47eb-a316-1558f90f5164",16,"break","result","pair172","The doctor broke the news.","The journalist broke the story.",1,76,3748
"afd35915-d13c-47eb-a316-1558f90f5164",16,"close","result","pair176","The executive closed the deal.","The chauffeur closed the door.",0,99,6582
"afd35915-d13c-47eb-a316-1558f90f5164",16,"fold","result","pair173","The child folded the paper.","The chef folded the eggs.",0,82,7298
"afd35915-d13c-47eb-a316-1558f90f5164",16,"bump","manner","pair193","The dean bumped the meeting.","The waiter bumped the table.",1,93,9232
"afd35915-d13c-47eb-a316-1558f90f5164",16,"clear","result","pair177","The officer cleared the request.","The worker cleared the rubble.",0,88,4598
"afd35915-d13c-47eb-a316-1558f90f5164",16,"hit","manner","pair191","The hurricane hit the coastline.","The batter hit the ball.",0,91,5498
"afd35915-d13c-47eb-a316-1558f90f5164",16,"pull","manner","pair189","The advertisement pulled the customers.","The climber pulled the rope.",0,83,6132
"afd35915-d13c-47eb-a316-1558f90f5164",16,"fold","result","pair190","The manager folded the project.","The baker folded the flour.",0,81,4565
"afd35915-d13c-47eb-a316-1558f90f5164",16,"shoot","manner","pair181","The director shot the scene.","The hunter shot the deer.",0,100,4065
"afd35915-d13c-47eb-a316-1558f90f5164",16,"open","result","pair183","The chairperson opened the meeting.","The teacher opened the window.",0,98,7897
"afd35915-d13c-47eb-a316-1558f90f5164",16,"close","result","pair185","The baker closed the oven.","The chauffeur closed the door.",1,100,3097
"afd35915-d13c-47eb-a316-1558f90f5164",16,"hit","manner","pair174","The traveler hit the delay.","The arrow hit the target.",1,99,3148
"5a0dae37-2901-4278-b541-d86f538b347e",13,"fold","result","pair072","The founder folded the company.","The child folded the paper.",0,100,7842
"5a0dae37-2901-4278-b541-d86f538b347e",13,"push","manner","pair067","The company pushed the product.","The athlete pushed the limit.",0,100,6750
"5a0dae37-2901-4278-b541-d86f538b347e",13,"break","result","pair069","The president broke the promise.","The journalist broke the story.",0,100,6038
"5a0dae37-2901-4278-b541-d86f538b347e",13,"clear","result","pair070","The hiker cleared the obstacle.","The officer cleared the request.",0,100,8275
"5a0dae37-2901-4278-b541-d86f538b347e",13,"hit","manner","pair074","The traveler hit the delay.","The idea hit the researcher.",0,100,11623
"5a0dae37-2901-4278-b541-d86f538b347e",13,"pull","manner","pair083","The regulators pulled the product.","The scandal pulled the reporters.",0,100,8146
"5a0dae37-2901-4278-b541-d86f538b347e",13,"shoot","manner","pair080","The photographer shot the wedding.","The robber shot the victim.",0,100,6076
"5a0dae37-2901-4278-b541-d86f538b347e",13,"hit","manner","pair076","The solution hit the inventor.","The batter hit the ball.",1,100,11119
"5a0dae37-2901-4278-b541-d86f538b347e",13,"fill","result","pair084","The festival filled the weekend.","The secretary filled the schedule.",1,100,10024
"5a0dae37-2901-4278-b541-d86f538b347e",13,"kill","result","pair077","The business killed the competition.","The criminal killed the victim.",0,100,5214
"5a0dae37-2901-4278-b541-d86f538b347e",13,"close","result","pair075","The lawyer closed the case.","The baker closed the oven.",0,100,5435
"5a0dae37-2901-4278-b541-d86f538b347e",13,"break","result","pair082","The journalist broke the story.","The burglar broke the window.",0,100,6224
"5a0dae37-2901-4278-b541-d86f538b347e",13,"kill","result","pair071","The joke killed the evening.","The cat killed the mouse.",1,100,5381
"5a0dae37-2901-4278-b541-d86f538b347e",13,"bump","manner","pair079","The dean bumped the meeting.","The driver bumped the curb.",0,100,6077
"5a0dae37-2901-4278-b541-d86f538b347e",13,"cover","result","pair078","The channel covered the story.","The policy covered the accident.",0,100,10453
"5a0dae37-2901-4278-b541-d86f538b347e",13,"smear","manner","pair068","The journalist smeared the business.","The baker smeared the frosting.",0,100,8747
"5a0dae37-2901-4278-b541-d86f538b347e",13,"hit","manner","pair073","The arrow hit the target.","The solution hit the inventor.",0,100,6158
"5a0dae37-2901-4278-b541-d86f538b347e",13,"kill","result","pair081","The couple killed the evening.","The cat killed the mouse.",0,100,6811
"a25baca5-d73f-44eb-b788-16ddf2044ba4",17,"hit","manner","pair108","The traveler hit the delay.","The investor hit the goal.",1,92,15132
"a25baca5-d73f-44eb-b788-16ddf2044ba4",17,"bump","manner","pair099","The ball bumped the couch.","The driver bumped the curb.",1,39,7798
"a25baca5-d73f-44eb-b788-16ddf2044ba4",17,"hit","manner","pair087","The hurricane hit the coastline.","The child hit the pillow.",0,89,4348
"a25baca5-d73f-44eb-b788-16ddf2044ba4",17,"shoot","manner","pair106","The robber shot the victim.","The technician shot the fireworks.",0,70,6082
"a25baca5-d73f-44eb-b788-16ddf2044ba4",17,"pull","manner","pair092","The scandal pulled the reporters.","The worker pulled the lever.",0,80,6748
"a25baca5-d73f-44eb-b788-16ddf2044ba4",17,"hit","manner","pair093","The investor hit the goal.","The idea hit the researcher.",0,62,18049
"a25baca5-d73f-44eb-b788-16ddf2044ba4",17,"fold","result","pair104","The manager folded the project.","The child folded the paper.",0,18,5798
"a25baca5-d73f-44eb-b788-16ddf2044ba4",17,"fill","result","pair086","The donations filled the need.","The festival filled the weekend.",0,78,5865
"a25baca5-d73f-44eb-b788-16ddf2044ba4",17,"pull","manner","pair097","The business pulled the service.","The scandal pulled the reporters.",0,69,15398
"a25baca5-d73f-44eb-b788-16ddf2044ba4",17,"clear","result","pair095","The horse cleared the jump.","The officer cleared the request.",0,89,5698
"a25baca5-d73f-44eb-b788-16ddf2044ba4",17,"push","manner","pair094","The athlete pushed the limit.","The pilot pushed the button.",0,80,4898
"a25baca5-d73f-44eb-b788-16ddf2044ba4",17,"shoot","manner","pair089","The director shot the scene.","The robber shot the victim.",0,75,4897
"a25baca5-d73f-44eb-b788-16ddf2044ba4",17,"break","result","pair100","The company broke the law.","The guest broke the plate.",0,78,5082
"a25baca5-d73f-44eb-b788-16ddf2044ba4",17,"clear","result","pair085","The officer cleared the request.","The waiter cleared the table.",0,45,9248
"a25baca5-d73f-44eb-b788-16ddf2044ba4",17,"kill","result","pair090","The couple killed the evening.","The team killed the rivals.",0,31,6649
"a25baca5-d73f-44eb-b788-16ddf2044ba4",17,"close","result","pair107","The presenter closed the speech.","The chauffeur closed the door.",1,75,8581
"a25baca5-d73f-44eb-b788-16ddf2044ba4",17,"cover","result","pair105","The nurse covered the wound.","The insurance covered the damage.",0,74,5782
"a25baca5-d73f-44eb-b788-16ddf2044ba4",17,"fold","result","pair091","The child folded the paper.","The baker folded the flour.",0,75,4515
"a25baca5-d73f-44eb-b788-16ddf2044ba4",17,"close","result","pair102","The executive closed the deal.","The baker closed the oven.",0,68,5114
"a25baca5-d73f-44eb-b788-16ddf2044ba4",17,"open","result","pair096","The consultant opened the discussion.","The farmer opened the gate.",0,65,5615
"a25baca5-d73f-44eb-b788-16ddf2044ba4",17,"push","manner","pair088","The politician pushed the policy.","The athlete pushed the limit.",0,31,5882
"a25baca5-d73f-44eb-b788-16ddf2044ba4",17,"kill","result","pair109","The mistake killed the proposal.","The joke killed the evening.",1,32,6078
"a25baca5-d73f-44eb-b788-16ddf2044ba4",17,"cover","result","pair098","The writer covered the election.","The policy covered the accident.",0,73,8198
"a25baca5-d73f-44eb-b788-16ddf2044ba4",17,"bump","manner","pair103","The teacher bumped the deadline.","The driver bumped the curb.",0,76,4915
"a25baca5-d73f-44eb-b788-16ddf2044ba4",17,"kill","result","pair101","The traveler killed the afternoon.","The cat killed the mouse.",0,72,7149
"9d81f5e4-116b-495d-8223-2489378f3079",8,"cover","result","pair211","The nurse covered the wound.","The policy covered the accident.",0,100,5062
"9d81f5e4-116b-495d-8223-2489378f3079",8,"hit","manner","pair203","The investor hit the goal.","The solution hit the inventor.",0,20,4527
"9d81f5e4-116b-495d-8223-2489378f3079",8,"close","result","pair207","The presenter closed the speech.","The baker closed the oven.",1,81,5807
"9d81f5e4-116b-495d-8223-2489378f3079",8,"pull","manner","pair214","The scandal pulled the reporters.","The climber pulled the rope.",0,36,6010
"9d81f5e4-116b-495d-8223-2489378f3079",8,"open","result","pair210","The consultant opened the discussion.","The teacher opened the window.",0,39,20233
"9d81f5e4-116b-495d-8223-2489378f3079",8,"kill","result","pair212","The traveler killed the afternoon.","The criminal killed the victim.",0,82,6529
"9d81f5e4-116b-495d-8223-2489378f3079",8,"push","manner","pair199","The artwork pushed the boundaries.","The shopper pushed the cart.",0,87,18475
"9d81f5e4-116b-495d-8223-2489378f3079",8,"kill","result","pair194","The couple killed the evening.","The business killed the competition.",0,36,4814
"9d81f5e4-116b-495d-8223-2489378f3079",8,"bump","manner","pair217","The teacher bumped the deadline.","The ball bumped the couch.",0,40,3864
"9d81f5e4-116b-495d-8223-2489378f3079",8,"push","manner","pair208","The politician pushed the policy.","The artwork pushed the boundaries.",0,30,4294
"9d81f5e4-116b-495d-8223-2489378f3079",8,"clear","result","pair202","The horse cleared the jump.","The bookkeeper cleared the payment.",0,83,3709
"9d81f5e4-116b-495d-8223-2489378f3079",8,"break","result","pair209","The company broke the law.","The burglar broke the window.",0,55,7321
"9d81f5e4-116b-495d-8223-2489378f3079",8,"clear","result","pair215","The bookkeeper cleared the payment.","The worker cleared the rubble.",0,86,4461
"9d81f5e4-116b-495d-8223-2489378f3079",8,"cover","result","pair205","The writer covered the election.","The nurse covered the wound.",0,85,11885
"9d81f5e4-116b-495d-8223-2489378f3079",8,"close","result","pair197","The executive closed the deal.","The presenter closed the speech.",0,18,4166
"9d81f5e4-116b-495d-8223-2489378f3079",8,"fill","result","pair218","The love filled the void.","The waiter filled the glass.",0,35,4239
"9d81f5e4-116b-495d-8223-2489378f3079",8,"fold","result","pair198","The cleaner folded the clothes.","The chef folded the eggs.",0,59,4317
"9d81f5e4-116b-495d-8223-2489378f3079",8,"shoot","manner","pair200","The robber shot the victim.","The athlete shot the ball.",0,80,5099
"9d81f5e4-116b-495d-8223-2489378f3079",8,"pull","manner","pair204","The business pulled the service.","The regulators pulled the product.",1,9,3433
"9d81f5e4-116b-495d-8223-2489378f3079",8,"fill","result","pair196","The farmer filled the bucket.","The waiter filled the glass.",1,19,3975
"9d81f5e4-116b-495d-8223-2489378f3079",8,"kill","result","pair195","The team killed the rivals.","The cat killed the mouse.",0,89,4453
"9d81f5e4-116b-495d-8223-2489378f3079",8,"fold","result","pair213","The manager folded the project.","The cleaner folded the clothes.",0,77,3374
"9d81f5e4-116b-495d-8223-2489378f3079",8,"hit","manner","pair206","The hurricane hit the coastline.","The idea hit the researcher.",0,100,3659
"9d81f5e4-116b-495d-8223-2489378f3079",8,"shoot","manner","pair216","The director shot the scene.","The photographer shot the wedding.",1,14,3986
"9d81f5e4-116b-495d-8223-2489378f3079",8,"bump","manner","pair201","The gardener bumped the statue.","The driver bumped the curb.",0,5,5108
"e75c63f2-2c5e-4c36-8cee-1cf522b7734f",7,"kill","result","pair109","The mistake killed the proposal.","The joke killed the evening.",1,82,6432
"e75c63f2-2c5e-4c36-8cee-1cf522b7734f",7,"bump","manner","pair099","The ball bumped the couch.","The driver bumped the curb.",1,59,5863
"e75c63f2-2c5e-4c36-8cee-1cf522b7734f",7,"fill","result","pair086","The donations filled the need.","The festival filled the weekend.",0,83,4096
"e75c63f2-2c5e-4c36-8cee-1cf522b7734f",7,"fold","result","pair104","The manager folded the project.","The child folded the paper.",0,85,4432
"e75c63f2-2c5e-4c36-8cee-1cf522b7734f",7,"fold","result","pair091","The child folded the paper.","The baker folded the flour.",0,84,2591
"e75c63f2-2c5e-4c36-8cee-1cf522b7734f",7,"kill","result","pair090","The couple killed the evening.","The team killed the rivals.",0,85,3063
"e75c63f2-2c5e-4c36-8cee-1cf522b7734f",7,"push","manner","pair088","The politician pushed the policy.","The athlete pushed the limit.",0,79,3184
"e75c63f2-2c5e-4c36-8cee-1cf522b7734f",7,"hit","manner","pair093","The investor hit the goal.","The idea hit the researcher.",0,64,4919
"e75c63f2-2c5e-4c36-8cee-1cf522b7734f",7,"cover","result","pair105","The nurse covered the wound.","The insurance covered the damage.",0,75,3824
"e75c63f2-2c5e-4c36-8cee-1cf522b7734f",7,"kill","result","pair101","The traveler killed the afternoon.","The cat killed the mouse.",0,77,3310
"e75c63f2-2c5e-4c36-8cee-1cf522b7734f",7,"shoot","manner","pair106","The robber shot the victim.","The technician shot the fireworks.",0,88,3119
"e75c63f2-2c5e-4c36-8cee-1cf522b7734f",7,"clear","result","pair085","The officer cleared the request.","The waiter cleared the table.",0,77,4792
"e75c63f2-2c5e-4c36-8cee-1cf522b7734f",7,"clear","result","pair095","The horse cleared the jump.","The officer cleared the request.",0,87,2872
"e75c63f2-2c5e-4c36-8cee-1cf522b7734f",7,"close","result","pair102","The executive closed the deal.","The baker closed the oven.",0,88,3599
"e75c63f2-2c5e-4c36-8cee-1cf522b7734f",7,"hit","manner","pair087","The hurricane hit the coastline.","The child hit the pillow.",0,91,3759
"e75c63f2-2c5e-4c36-8cee-1cf522b7734f",7,"open","result","pair096","The consultant opened the discussion.","The farmer opened the gate.",0,88,2999
"e75c63f2-2c5e-4c36-8cee-1cf522b7734f",7,"cover","result","pair098","The writer covered the election.","The policy covered the accident.",0,88,4031
"e75c63f2-2c5e-4c36-8cee-1cf522b7734f",7,"hit","manner","pair108","The traveler hit the delay.","The investor hit the goal.",1,84,3431
"e75c63f2-2c5e-4c36-8cee-1cf522b7734f",7,"push","manner","pair094","The athlete pushed the limit.","The pilot pushed the button.",0,88,2887
"e75c63f2-2c5e-4c36-8cee-1cf522b7734f",7,"bump","manner","pair103","The teacher bumped the deadline.","The driver bumped the curb.",0,88,4360
"e75c63f2-2c5e-4c36-8cee-1cf522b7734f",7,"pull","manner","pair092","The scandal pulled the reporters.","The worker pulled the lever.",0,89,4727
"e75c63f2-2c5e-4c36-8cee-1cf522b7734f",7,"shoot","manner","pair089","The director shot the scene.","The robber shot the victim.",0,88,3095
"e75c63f2-2c5e-4c36-8cee-1cf522b7734f",7,"pull","manner","pair097","The business pulled the service.","The scandal pulled the reporters.",0,26,5592
"e75c63f2-2c5e-4c36-8cee-1cf522b7734f",7,"close","result","pair107","The presenter closed the speech.","The chauffeur closed the door.",1,77,3015
"e75c63f2-2c5e-4c36-8cee-1cf522b7734f",7,"break","result","pair100","The company broke the law.","The guest broke the plate.",0,87,4215
"bbf1e186-30ec-42c0-99b2-8f7cbd498fb2",11,"fill","result","pair062","The festival filled the weekend.","The waiter filled the glass.",1,100,3549
"bbf1e186-30ec-42c0-99b2-8f7cbd498fb2",11,"hit","manner","pair056","The idea hit the researcher.","The batter hit the ball.",1,99,2349
"bbf1e186-30ec-42c0-99b2-8f7cbd498fb2",11,"pull","manner","pair061","The regulators pulled the product.","The climber pulled the rope.",0,97,3401
"bbf1e186-30ec-42c0-99b2-8f7cbd498fb2",11,"clear","result","pair055","The hiker cleared the obstacle.","The worker cleared the rubble.",0,100,2247
"bbf1e186-30ec-42c0-99b2-8f7cbd498fb2",11,"kill","result","pair049","The team killed the rivals.","The mistake killed the proposal.",0,56,4014
"bbf1e186-30ec-42c0-99b2-8f7cbd498fb2",11,"close","result","pair052","The author closed the chapter.","The presenter closed the speech.",1,42,2232
"bbf1e186-30ec-42c0-99b2-8f7cbd498fb2",11,"bump","manner","pair064","The waiter bumped the table.","The ball bumped the couch.",0,81,3299
"bbf1e186-30ec-42c0-99b2-8f7cbd498fb2",11,"smear","manner","pair051","The article smeared the celebrity.","The baker smeared the frosting.",0,62,1615
"bbf1e186-30ec-42c0-99b2-8f7cbd498fb2",11,"hit","manner","pair054","The arrow hit the target.","The child hit the pillow.",0,52,2042
"bbf1e186-30ec-42c0-99b2-8f7cbd498fb2",11,"shoot","manner","pair063","The photographer shot the wedding.","The athlete shot the ball.",0,72,2616
"bbf1e186-30ec-42c0-99b2-8f7cbd498fb2",11,"kill","result","pair057","The traveler killed the afternoon.","The team killed the rivals.",0,67,1818
"bbf1e186-30ec-42c0-99b2-8f7cbd498fb2",11,"break","result","pair048","The burglar broke the window.","The guest broke the plate.",1,91,2814
"bbf1e186-30ec-42c0-99b2-8f7cbd498fb2",11,"break","result","pair053","The president broke the promise.","The guest broke the plate.",0,90,2998
"bbf1e186-30ec-42c0-99b2-8f7cbd498fb2",11,"push","manner","pair059","The company pushed the product.","The shopper pushed the cart.",0,91,2650
"bbf1e186-30ec-42c0-99b2-8f7cbd498fb2",11,"hit","manner","pair060","The traveler hit the delay.","The batter hit the ball.",0,100,2448
"bbf1e186-30ec-42c0-99b2-8f7cbd498fb2",11,"cover","result","pair065","The snow covered the footprints.","The nurse covered the wound.",1,84,1215
"bbf1e186-30ec-42c0-99b2-8f7cbd498fb2",11,"fold","result","pair050","The founder folded the company.","The chef folded the eggs.",0,52,1565
"bbf1e186-30ec-42c0-99b2-8f7cbd498fb2",11,"bump","manner","pair058","The teacher bumped the deadline.","The dean bumped the meeting.",1,51,1079
"bbf1e186-30ec-42c0-99b2-8f7cbd498fb2",11,"fill","result","pair066","The love filled the void.","The festival filled the weekend.",0,11,4131
"b707ce07-7087-45bb-960d-7b3e9fafa68b",14,"kill","result","pair156","The couple killed the evening.","The criminal killed the victim.",0,89,4454
"b707ce07-7087-45bb-960d-7b3e9fafa68b",14,"clear","result","pair149","The hiker cleared the obstacle.","The bookkeeper cleared the payment.",0,87,7892
"b707ce07-7087-45bb-960d-7b3e9fafa68b",14,"open","result","pair155","The teacher opened the window.","The farmer opened the gate.",1,9,4222
"b707ce07-7087-45bb-960d-7b3e9fafa68b",14,"break","result","pair152","The doctor broke the news.","The guest broke the plate.",0,94,3787
"b707ce07-7087-45bb-960d-7b3e9fafa68b",14,"bump","manner","pair161","The dean bumped the meeting.","The ball bumped the couch.",0,88,4170
"b707ce07-7087-45bb-960d-7b3e9fafa68b",14,"cover","result","pair165","The channel covered the story.","The nurse covered the wound.",0,100,3786
"b707ce07-7087-45bb-960d-7b3e9fafa68b",14,"smear","manner","pair169","The journalist smeared the business.","The article smeared the celebrity.",1,0,5472
"b707ce07-7087-45bb-960d-7b3e9fafa68b",14,"shoot","manner","pair164","The athlete shot the ball.","The technician shot the fireworks.",1,52,10129
"b707ce07-7087-45bb-960d-7b3e9fafa68b",14,"pull","manner","pair150","The climber pulled the rope.","The worker pulled the lever.",1,0,4454
"b707ce07-7087-45bb-960d-7b3e9fafa68b",14,"pull","manner","pair168","The business pulled the service.","The worker pulled the lever.",0,98,3637
"b707ce07-7087-45bb-960d-7b3e9fafa68b",14,"kill","result","pair163","The business killed the competition.","The joke killed the evening.",0,72,6006
"b707ce07-7087-45bb-960d-7b3e9fafa68b",14,"kill","result","pair167","The joke killed the evening.","The criminal killed the victim.",1,100,3335
"b707ce07-7087-45bb-960d-7b3e9fafa68b",14,"push","manner","pair162","The company pushed the product.","The artwork pushed the boundaries.",0,100,3371
"b707ce07-7087-45bb-960d-7b3e9fafa68b",14,"shoot","manner","pair160","The director shot the scene.","The technician shot the fireworks.",0,100,19973
"b707ce07-7087-45bb-960d-7b3e9fafa68b",14,"fill","result","pair158","The donations filled the need.","The waiter filled the glass.",0,100,3034
"b707ce07-7087-45bb-960d-7b3e9fafa68b",14,"hit","manner","pair157","The traveler hit the delay.","The solution hit the inventor.",0,78,7253
"b707ce07-7087-45bb-960d-7b3e9fafa68b",14,"hit","manner","pair159","The solution hit the inventor.","The child hit the pillow.",1,100,3639
"b707ce07-7087-45bb-960d-7b3e9fafa68b",14,"fold","result","pair154","The founder folded the company.","The cleaner folded the clothes.",0,91,4538
"b707ce07-7087-45bb-960d-7b3e9fafa68b",14,"close","result","pair153","The lawyer closed the case.","The presenter closed the speech.",0,13,4255
"b707ce07-7087-45bb-960d-7b3e9fafa68b",14,"hit","manner","pair151","The arrow hit the target.","The hurricane hit the coastline.",1,84,3469
"b707ce07-7087-45bb-960d-7b3e9fafa68b",14,"break","result","pair166","The president broke the promise.","The doctor broke the news.",0,100,3704
"45933352-6ff0-478c-b906-425835cafe77",8,"kill","result","pair194","The couple killed the evening.","The business killed the competition.",0,7,15629
"45933352-6ff0-478c-b906-425835cafe77",8,"hit","manner","pair203","The investor hit the goal.","The solution hit the inventor.",0,52,22113
"45933352-6ff0-478c-b906-425835cafe77",8,"pull","manner","pair204","The business pulled the service.","The regulators pulled the product.",1,27,10883
"45933352-6ff0-478c-b906-425835cafe77",8,"pull","manner","pair214","The scandal pulled the reporters.","The climber pulled the rope.",0,44,10348
"45933352-6ff0-478c-b906-425835cafe77",8,"cover","result","pair205","The writer covered the election.","The nurse covered the wound.",0,6,9511
"45933352-6ff0-478c-b906-425835cafe77",8,"bump","manner","pair217","The teacher bumped the deadline.","The ball bumped the couch.",0,86,12685
"45933352-6ff0-478c-b906-425835cafe77",8,"push","manner","pair208","The politician pushed the policy.","The artwork pushed the boundaries.",0,88,21978
"45933352-6ff0-478c-b906-425835cafe77",8,"clear","result","pair215","The bookkeeper cleared the payment.","The worker cleared the rubble.",0,33,17064
"45933352-6ff0-478c-b906-425835cafe77",8,"close","result","pair207","The presenter closed the speech.","The baker closed the oven.",1,76,33728
"45933352-6ff0-478c-b906-425835cafe77",8,"bump","manner","pair201","The gardener bumped the statue.","The driver bumped the curb.",0,11,9283
"45933352-6ff0-478c-b906-425835cafe77",8,"kill","result","pair195","The team killed the rivals.","The cat killed the mouse.",0,83,11881
"45933352-6ff0-478c-b906-425835cafe77",8,"cover","result","pair211","The nurse covered the wound.","The policy covered the accident.",0,44,26646
"45933352-6ff0-478c-b906-425835cafe77",8,"fold","result","pair213","The manager folded the project.","The cleaner folded the clothes.",0,46,13263
"45933352-6ff0-478c-b906-425835cafe77",8,"fold","result","pair198","The cleaner folded the clothes.","The chef folded the eggs.",0,2,14015
"45933352-6ff0-478c-b906-425835cafe77",8,"fill","result","pair218","The love filled the void.","The waiter filled the glass.",0,76,19037
"45933352-6ff0-478c-b906-425835cafe77",8,"clear","result","pair202","The horse cleared the jump.","The bookkeeper cleared the payment.",0,50,18313
"45933352-6ff0-478c-b906-425835cafe77",8,"hit","manner","pair206","The hurricane hit the coastline.","The idea hit the researcher.",0,76,27586
"45933352-6ff0-478c-b906-425835cafe77",8,"break","result","pair209","The company broke the law.","The burglar broke the window.",0,63,13732
"45933352-6ff0-478c-b906-425835cafe77",8,"open","result","pair210","The consultant opened the discussion.","The teacher opened the window.",0,29,28529
"45933352-6ff0-478c-b906-425835cafe77",8,"kill","result","pair212","The traveler killed the afternoon.","The criminal killed the victim.",0,77,8921
"45933352-6ff0-478c-b906-425835cafe77",8,"shoot","manner","pair216","The director shot the scene.","The photographer shot the wedding.",1,0,7387
"45933352-6ff0-478c-b906-425835cafe77",8,"fill","result","pair196","The farmer filled the bucket.","The waiter filled the glass.",1,0,7849
"45933352-6ff0-478c-b906-425835cafe77",8,"push","manner","pair199","The artwork pushed the boundaries.","The shopper pushed the cart.",0,67,9715
"45933352-6ff0-478c-b906-425835cafe77",8,"close","result","pair197","The executive closed the deal.","The presenter closed the speech.",0,18,32278
"45933352-6ff0-478c-b906-425835cafe77",8,"shoot","manner","pair200","The robber shot the victim.","The athlete shot the ball.",0,52,7049
"a212a767-ac04-49af-ac0e-ef064c9ef69c",6,"hit","manner","pair179","The investor hit the goal.","The child hit the pillow.",0,77,6586
"a212a767-ac04-49af-ac0e-ef064c9ef69c",6,"pull","manner","pair175","The business pulled the service.","The advertisement pulled the customers.",0,78,8641
"a212a767-ac04-49af-ac0e-ef064c9ef69c",6,"push","manner","pair180","The politician pushed the policy.","The pilot pushed the button.",0,84,11501
"a212a767-ac04-49af-ac0e-ef064c9ef69c",6,"shoot","manner","pair184","The hunter shot the deer.","The athlete shot the ball.",0,69,5587
"a212a767-ac04-49af-ac0e-ef064c9ef69c",6,"kill","result","pair171","The couple killed the evening.","The mistake killed the proposal.",0,35,8687
"a212a767-ac04-49af-ac0e-ef064c9ef69c",6,"close","result","pair185","The baker closed the oven.","The chauffeur closed the door.",1,16,5549
"a212a767-ac04-49af-ac0e-ef064c9ef69c",6,"hit","manner","pair191","The hurricane hit the coastline.","The batter hit the ball.",0,75,8072
"a212a767-ac04-49af-ac0e-ef064c9ef69c",6,"fold","result","pair173","The child folded the paper.","The chef folded the eggs.",0,73,4340
"a212a767-ac04-49af-ac0e-ef064c9ef69c",6,"cover","result","pair187","The writer covered the election.","The insurance covered the damage.",0,95,7317
"a212a767-ac04-49af-ac0e-ef064c9ef69c",6,"clear","result","pair177","The officer cleared the request.","The worker cleared the rubble.",0,80,3581
"a212a767-ac04-49af-ac0e-ef064c9ef69c",6,"bump","manner","pair193","The dean bumped the meeting.","The waiter bumped the table.",1,80,3704
"a212a767-ac04-49af-ac0e-ef064c9ef69c",6,"fill","result","pair186","The donations filled the need.","The secretary filled the schedule.",0,52,8127
"a212a767-ac04-49af-ac0e-ef064c9ef69c",6,"clear","result","pair178","The horse cleared the jump.","The waiter cleared the table.",0,95,3611
"a212a767-ac04-49af-ac0e-ef064c9ef69c",6,"break","result","pair172","The doctor broke the news.","The journalist broke the story.",1,2,4994
"a212a767-ac04-49af-ac0e-ef064c9ef69c",6,"pull","manner","pair189","The advertisement pulled the customers.","The climber pulled the rope.",0,96,9687
"a212a767-ac04-49af-ac0e-ef064c9ef69c",6,"hit","manner","pair174","The traveler hit the delay.","The arrow hit the target.",1,91,3384
"a212a767-ac04-49af-ac0e-ef064c9ef69c",6,"close","result","pair176","The executive closed the deal.","The chauffeur closed the door.",0,95,4781
"a212a767-ac04-49af-ac0e-ef064c9ef69c",6,"open","result","pair183","The chairperson opened the meeting.","The teacher opened the window.",0,96,9849
"a212a767-ac04-49af-ac0e-ef064c9ef69c",6,"shoot","manner","pair181","The director shot the scene.","The hunter shot the deer.",0,98,5409
"a212a767-ac04-49af-ac0e-ef064c9ef69c",6,"push","manner","pair170","The athlete pushed the limit.","The shopper pushed the cart.",0,78,4263
"a212a767-ac04-49af-ac0e-ef064c9ef69c",6,"fold","result","pair190","The manager folded the project.","The baker folded the flour.",0,97,5916
"a212a767-ac04-49af-ac0e-ef064c9ef69c",6,"cover","result","pair192","The policy covered the accident.","The insurance covered the damage.",1,0,5715
"a212a767-ac04-49af-ac0e-ef064c9ef69c",6,"kill","result","pair182","The mistake killed the proposal.","The criminal killed the victim.",1,54,3647
"a212a767-ac04-49af-ac0e-ef064c9ef69c",6,"kill","result","pair188","The business killed the competition.","The team killed the rivals.",1,50,5565
"d07064cd-e1db-4a73-893d-d4a0a02ceaf6",8,"fill","result","pair218","The love filled the void.","The waiter filled the glass.",0,32,11675
"d07064cd-e1db-4a73-893d-d4a0a02ceaf6",8,"kill","result","pair195","The team killed the rivals.","The cat killed the mouse.",0,8,5397
"d07064cd-e1db-4a73-893d-d4a0a02ceaf6",8,"bump","manner","pair217","The teacher bumped the deadline.","The ball bumped the couch.",0,79,5725
"d07064cd-e1db-4a73-893d-d4a0a02ceaf6",8,"cover","result","pair211","The nurse covered the wound.","The policy covered the accident.",0,49,6329
"d07064cd-e1db-4a73-893d-d4a0a02ceaf6",8,"clear","result","pair215","The bookkeeper cleared the payment.","The worker cleared the rubble.",0,48,7191
"d07064cd-e1db-4a73-893d-d4a0a02ceaf6",8,"pull","manner","pair214","The scandal pulled the reporters.","The climber pulled the rope.",0,48,6081
"d07064cd-e1db-4a73-893d-d4a0a02ceaf6",8,"fill","result","pair196","The farmer filled the bucket.","The waiter filled the glass.",1,9,3411
"d07064cd-e1db-4a73-893d-d4a0a02ceaf6",8,"close","result","pair197","The executive closed the deal.","The presenter closed the speech.",0,49,9505
"d07064cd-e1db-4a73-893d-d4a0a02ceaf6",8,"open","result","pair210","The consultant opened the discussion.","The teacher opened the window.",0,65,11097
"d07064cd-e1db-4a73-893d-d4a0a02ceaf6",8,"break","result","pair209","The company broke the law.","The burglar broke the window.",0,65,5815
"d07064cd-e1db-4a73-893d-d4a0a02ceaf6",8,"pull","manner","pair204","The business pulled the service.","The regulators pulled the product.",1,4,5349
"d07064cd-e1db-4a73-893d-d4a0a02ceaf6",8,"kill","result","pair194","The couple killed the evening.","The business killed the competition.",0,47,5647
"d07064cd-e1db-4a73-893d-d4a0a02ceaf6",8,"shoot","manner","pair216","The director shot the scene.","The photographer shot the wedding.",1,7,4332
"d07064cd-e1db-4a73-893d-d4a0a02ceaf6",8,"push","manner","pair199","The artwork pushed the boundaries.","The shopper pushed the cart.",0,75,3685
"d07064cd-e1db-4a73-893d-d4a0a02ceaf6",8,"clear","result","pair202","The horse cleared the jump.","The bookkeeper cleared the payment.",0,67,5583
"d07064cd-e1db-4a73-893d-d4a0a02ceaf6",8,"bump","manner","pair201","The gardener bumped the statue.","The driver bumped the curb.",0,13,4493
"d07064cd-e1db-4a73-893d-d4a0a02ceaf6",8,"fold","result","pair213","The manager folded the project.","The cleaner folded the clothes.",0,94,3693
"d07064cd-e1db-4a73-893d-d4a0a02ceaf6",8,"kill","result","pair212","The traveler killed the afternoon.","The criminal killed the victim.",0,88,6327
"d07064cd-e1db-4a73-893d-d4a0a02ceaf6",8,"push","manner","pair208","The politician pushed the policy.","The artwork pushed the boundaries.",0,81,5349
"d07064cd-e1db-4a73-893d-d4a0a02ceaf6",8,"hit","manner","pair206","The hurricane hit the coastline.","The idea hit the researcher.",0,32,6135
"d07064cd-e1db-4a73-893d-d4a0a02ceaf6",8,"cover","result","pair205","The writer covered the election.","The nurse covered the wound.",0,73,4253
"d07064cd-e1db-4a73-893d-d4a0a02ceaf6",8,"fold","result","pair198","The cleaner folded the clothes.","The chef folded the eggs.",0,11,6897
"d07064cd-e1db-4a73-893d-d4a0a02ceaf6",8,"hit","manner","pair203","The investor hit the goal.","The solution hit the inventor.",0,75,9163
"d07064cd-e1db-4a73-893d-d4a0a02ceaf6",8,"shoot","manner","pair200","The robber shot the victim.","The athlete shot the ball.",0,75,4413
"d07064cd-e1db-4a73-893d-d4a0a02ceaf6",8,"close","result","pair207","The presenter closed the speech.","The baker closed the oven.",1,89,5919
"892adff0-9750-4913-bd2b-f0a5f53c86f0",8,"clear","result","pair202","The horse cleared the jump.","The bookkeeper cleared the payment.",0,67,8213
"892adff0-9750-4913-bd2b-f0a5f53c86f0",8,"cover","result","pair211","The nurse covered the wound.","The policy covered the accident.",0,83,8946
"892adff0-9750-4913-bd2b-f0a5f53c86f0",8,"hit","manner","pair203","The investor hit the goal.","The solution hit the inventor.",0,53,7815
"892adff0-9750-4913-bd2b-f0a5f53c86f0",8,"fill","result","pair218","The love filled the void.","The waiter filled the glass.",0,17,7074
"892adff0-9750-4913-bd2b-f0a5f53c86f0",8,"shoot","manner","pair216","The director shot the scene.","The photographer shot the wedding.",1,0,7720
"892adff0-9750-4913-bd2b-f0a5f53c86f0",8,"shoot","manner","pair200","The robber shot the victim.","The athlete shot the ball.",0,84,6337
"892adff0-9750-4913-bd2b-f0a5f53c86f0",8,"hit","manner","pair206","The hurricane hit the coastline.","The idea hit the researcher.",0,90,5710
"892adff0-9750-4913-bd2b-f0a5f53c86f0",8,"fill","result","pair196","The farmer filled the bucket.","The waiter filled the glass.",1,1,5275
"892adff0-9750-4913-bd2b-f0a5f53c86f0",8,"pull","manner","pair214","The scandal pulled the reporters.","The climber pulled the rope.",0,97,8253
"892adff0-9750-4913-bd2b-f0a5f53c86f0",8,"push","manner","pair208","The politician pushed the policy.","The artwork pushed the boundaries.",0,87,9450
"892adff0-9750-4913-bd2b-f0a5f53c86f0",8,"bump","manner","pair201","The gardener bumped the statue.","The driver bumped the curb.",0,0,5314
"892adff0-9750-4913-bd2b-f0a5f53c86f0",8,"push","manner","pair199","The artwork pushed the boundaries.","The shopper pushed the cart.",0,77,12577
"892adff0-9750-4913-bd2b-f0a5f53c86f0",8,"break","result","pair209","The company broke the law.","The burglar broke the window.",0,73,4915
"892adff0-9750-4913-bd2b-f0a5f53c86f0",8,"kill","result","pair195","The team killed the rivals.","The cat killed the mouse.",0,88,9935
"892adff0-9750-4913-bd2b-f0a5f53c86f0",8,"fold","result","pair213","The manager folded the project.","The cleaner folded the clothes.",0,84,6299
"892adff0-9750-4913-bd2b-f0a5f53c86f0",8,"clear","result","pair215","The bookkeeper cleared the payment.","The worker cleared the rubble.",0,96,8452
"892adff0-9750-4913-bd2b-f0a5f53c86f0",8,"close","result","pair207","The presenter closed the speech.","The baker closed the oven.",1,100,6354
"892adff0-9750-4913-bd2b-f0a5f53c86f0",8,"pull","manner","pair204","The business pulled the service.","The regulators pulled the product.",1,8,5675
"892adff0-9750-4913-bd2b-f0a5f53c86f0",8,"cover","result","pair205","The writer covered the election.","The nurse covered the wound.",0,94,5754
"892adff0-9750-4913-bd2b-f0a5f53c86f0",8,"open","result","pair210","The consultant opened the discussion.","The teacher opened the window.",0,92,4846
"892adff0-9750-4913-bd2b-f0a5f53c86f0",8,"fold","result","pair198","The cleaner folded the clothes.","The chef folded the eggs.",0,99,8742
"892adff0-9750-4913-bd2b-f0a5f53c86f0",8,"close","result","pair197","The executive closed the deal.","The presenter closed the speech.",0,59,6592
"892adff0-9750-4913-bd2b-f0a5f53c86f0",8,"kill","result","pair212","The traveler killed the afternoon.","The criminal killed the victim.",0,96,6324
"892adff0-9750-4913-bd2b-f0a5f53c86f0",8,"bump","manner","pair217","The teacher bumped the deadline.","The ball bumped the couch.",0,84,4756
"892adff0-9750-4913-bd2b-f0a5f53c86f0",8,"kill","result","pair194","The couple killed the evening.","The business killed the competition.",0,66,6907
"ae4555b0-fd02-4bd7-a634-ac6851ca4f63",10,"pull","manner","pair124","The regulators pulled the product.","The worker pulled the lever.",0,100,4085
"ae4555b0-fd02-4bd7-a634-ac6851ca4f63",10,"bump","manner","pair116","The teacher bumped the deadline.","The waiter bumped the table.",1,100,3851
"ae4555b0-fd02-4bd7-a634-ac6851ca4f63",10,"fill","result","pair120","The love filled the void.","The secretary filled the schedule.",0,100,5324
"ae4555b0-fd02-4bd7-a634-ac6851ca4f63",10,"clear","result","pair114","The bookkeeper cleared the payment.","The officer cleared the request.",1,100,4955
"ae4555b0-fd02-4bd7-a634-ac6851ca4f63",10,"break","result","pair110","The company broke the law.","The doctor broke the news.",0,100,5087
"ae4555b0-fd02-4bd7-a634-ac6851ca4f63",10,"hit","manner","pair126","The arrow hit the target.","The batter hit the ball.",0,100,3194
"ae4555b0-fd02-4bd7-a634-ac6851ca4f63",10,"shoot","manner","pair119","The photographer shot the wedding.","The technician shot the fireworks.",0,100,3405
"ae4555b0-fd02-4bd7-a634-ac6851ca4f63",10,"bump","manner","pair129","The waiter bumped the table.","The driver bumped the curb.",0,100,4140
"ae4555b0-fd02-4bd7-a634-ac6851ca4f63",10,"fold","result","pair113","The cleaner folded the clothes.","The child folded the paper.",1,100,4189
"ae4555b0-fd02-4bd7-a634-ac6851ca4f63",10,"close","result","pair115","The executive closed the deal.","The lawyer closed the case.",1,100,8015
"ae4555b0-fd02-4bd7-a634-ac6851ca4f63",10,"smear","manner","pair117","The article smeared the celebrity.","The artist smeared the paint.",0,100,3852
"ae4555b0-fd02-4bd7-a634-ac6851ca4f63",10,"kill","result","pair127","The traveler killed the afternoon.","The mistake killed the proposal.",0,100,10270
"ae4555b0-fd02-4bd7-a634-ac6851ca4f63",10,"kill","result","pair123","The team killed the rivals.","The joke killed the evening.",0,100,3703
"ae4555b0-fd02-4bd7-a634-ac6851ca4f63",10,"fill","result","pair111","The secretary filled the schedule.","The farmer filled the bucket.",1,100,5847
"ae4555b0-fd02-4bd7-a634-ac6851ca4f63",10,"close","result","pair118","The author closed the chapter.","The baker closed the oven.",1,100,4062
"ae4555b0-fd02-4bd7-a634-ac6851ca4f63",10,"cover","result","pair121","The writer covered the election.","The channel covered the story.",1,100,7436
"ae4555b0-fd02-4bd7-a634-ac6851ca4f63",10,"cover","result","pair128","The snow covered the footprints.","The policy covered the accident.",0,100,4375
"ae4555b0-fd02-4bd7-a634-ac6851ca4f63",10,"hit","manner","pair122","The investor hit the goal.","The arrow hit the target.",1,100,4985
"ae4555b0-fd02-4bd7-a634-ac6851ca4f63",10,"hit","manner","pair125","The child hit the pillow.","The batter hit the ball.",1,100,3828
"ae4555b0-fd02-4bd7-a634-ac6851ca4f63",10,"push","manner","pair112","The artwork pushed the boundaries.","The athlete pushed the limit.",1,100,8297
"a8e3c9b7-ddec-4fb9-bb90-6f8045786855",9,"hit","manner","pair029","The hurricane hit the coastline.","The solution hit the inventor.",0,92,5473
"a8e3c9b7-ddec-4fb9-bb90-6f8045786855",9,"cover","result","pair045","The writer covered the election.","The snow covered the footprints.",0,92,8349
"a8e3c9b7-ddec-4fb9-bb90-6f8045786855",9,"pull","manner","pair040","The scandal pulled the reporters.","The advertisement pulled the customers.",1,26,10885
"a8e3c9b7-ddec-4fb9-bb90-6f8045786855",9,"cover","result","pair032","The snow covered the footprints.","The insurance covered the damage.",0,72,5345
"a8e3c9b7-ddec-4fb9-bb90-6f8045786855",9,"kill","result","pair039","The traveler killed the afternoon.","The joke killed the evening.",0,81,7172
"a8e3c9b7-ddec-4fb9-bb90-6f8045786855",9,"kill","result","pair041","The team killed the rivals.","The criminal killed the victim.",0,96,6501
"a8e3c9b7-ddec-4fb9-bb90-6f8045786855",9,"bump","manner","pair033","The teacher bumped the deadline.","The gardener bumped the statue.",1,84,5927
"a8e3c9b7-ddec-4fb9-bb90-6f8045786855",9,"bump","manner","pair028","The gardener bumped the statue.","The ball bumped the couch.",0,76,5825
"a8e3c9b7-ddec-4fb9-bb90-6f8045786855",9,"clear","result","pair034","The bookkeeper cleared the payment.","The waiter cleared the table.",0,36,6331
"a8e3c9b7-ddec-4fb9-bb90-6f8045786855",9,"fill","result","pair025","The secretary filled the schedule.","The waiter filled the glass.",1,72,6820
"a8e3c9b7-ddec-4fb9-bb90-6f8045786855",9,"kill","result","pair038","The couple killed the evening.","The traveler killed the afternoon.",1,23,6765
"a8e3c9b7-ddec-4fb9-bb90-6f8045786855",9,"fill","result","pair030","The love filled the void.","The farmer filled the bucket.",0,49,5119
"a8e3c9b7-ddec-4fb9-bb90-6f8045786855",9,"open","result","pair027","The consultant opened the discussion.","The chairperson opened the meeting.",1,3,7788
"a8e3c9b7-ddec-4fb9-bb90-6f8045786855",9,"break","result","pair031","The company broke the law.","The journalist broke the story.",0,99,3576
"a8e3c9b7-ddec-4fb9-bb90-6f8045786855",9,"push","manner","pair046","The politician pushed the policy.","The company pushed the product.",1,11,5626
"a8e3c9b7-ddec-4fb9-bb90-6f8045786855",9,"clear","result","pair026","The horse cleared the jump.","The hiker cleared the obstacle.",1,10,3644
"a8e3c9b7-ddec-4fb9-bb90-6f8045786855",9,"close","result","pair036","The author closed the chapter.","The chauffeur closed the door.",1,90,5601
"a8e3c9b7-ddec-4fb9-bb90-6f8045786855",9,"hit","manner","pair035","The investor hit the goal.","The hurricane hit the coastline.",1,96,2863
"a8e3c9b7-ddec-4fb9-bb90-6f8045786855",9,"push","manner","pair044","The artwork pushed the boundaries.","The pilot pushed the button.",0,98,3809
"a8e3c9b7-ddec-4fb9-bb90-6f8045786855",9,"smear","manner","pair024","The baker smeared the frosting.","The artist smeared the paint.",1,11,9027
"a8e3c9b7-ddec-4fb9-bb90-6f8045786855",9,"fold","result","pair043","The manager folded the project.","The founder folded the company.",1,10,7501
"a8e3c9b7-ddec-4fb9-bb90-6f8045786855",9,"fold","result","pair042","The cleaner folded the clothes.","The baker folded the flour.",0,61,8064
"a8e3c9b7-ddec-4fb9-bb90-6f8045786855",9,"shoot","manner","pair047","The robber shot the victim.","The hunter shot the deer.",1,50,4358
"a8e3c9b7-ddec-4fb9-bb90-6f8045786855",9,"close","result","pair037","The executive closed the deal.","The author closed the chapter.",0,90,4968
"286b7e54-fc5e-44fd-bd4b-c6127f93b64e",13,"smear","manner","pair068","The journalist smeared the business.","The baker smeared the frosting.",0,100,10126
"286b7e54-fc5e-44fd-bd4b-c6127f93b64e",13,"cover","result","pair078","The channel covered the story.","The policy covered the accident.",0,78,4930
"286b7e54-fc5e-44fd-bd4b-c6127f93b64e",13,"break","result","pair082","The journalist broke the story.","The burglar broke the window.",0,100,5557
"286b7e54-fc5e-44fd-bd4b-c6127f93b64e",13,"hit","manner","pair074","The traveler hit the delay.","The idea hit the researcher.",0,50,6670
"286b7e54-fc5e-44fd-bd4b-c6127f93b64e",13,"close","result","pair075","The lawyer closed the case.","The baker closed the oven.",0,85,6879
"286b7e54-fc5e-44fd-bd4b-c6127f93b64e",13,"shoot","manner","pair080","The photographer shot the wedding.","The robber shot the victim.",0,100,4040
"286b7e54-fc5e-44fd-bd4b-c6127f93b64e",13,"fill","result","pair084","The festival filled the weekend.","The secretary filled the schedule.",1,0,4260
"286b7e54-fc5e-44fd-bd4b-c6127f93b64e",13,"kill","result","pair077","The business killed the competition.","The criminal killed the victim.",0,100,3922
"286b7e54-fc5e-44fd-bd4b-c6127f93b64e",13,"bump","manner","pair079","The dean bumped the meeting.","The driver bumped the curb.",0,100,3693
"286b7e54-fc5e-44fd-bd4b-c6127f93b64e",13,"hit","manner","pair076","The solution hit the inventor.","The batter hit the ball.",1,100,4056
"286b7e54-fc5e-44fd-bd4b-c6127f93b64e",13,"push","manner","pair067","The company pushed the product.","The athlete pushed the limit.",0,100,4168
"286b7e54-fc5e-44fd-bd4b-c6127f93b64e",13,"clear","result","pair070","The hiker cleared the obstacle.","The officer cleared the request.",0,100,4737
"286b7e54-fc5e-44fd-bd4b-c6127f93b64e",13,"pull","manner","pair083","The regulators pulled the product.","The scandal pulled the reporters.",0,100,15289
"286b7e54-fc5e-44fd-bd4b-c6127f93b64e",13,"kill","result","pair071","The joke killed the evening.","The cat killed the mouse.",1,100,4467
"286b7e54-fc5e-44fd-bd4b-c6127f93b64e",13,"hit","manner","pair073","The arrow hit the target.","The solution hit the inventor.",0,43,4936
"286b7e54-fc5e-44fd-bd4b-c6127f93b64e",13,"fold","result","pair072","The founder folded the company.","The child folded the paper.",0,100,3596
"286b7e54-fc5e-44fd-bd4b-c6127f93b64e",13,"break","result","pair069","The president broke the promise.","The journalist broke the story.",0,87,5744
"286b7e54-fc5e-44fd-bd4b-c6127f93b64e",13,"kill","result","pair081","The couple killed the evening.","The cat killed the mouse.",0,97,4858
"b819c671-e5c0-4b7e-9bea-af8ae842e1e9",17,"clear","result","pair085","The officer cleared the request.","The waiter cleared the table.",0,50,5968
"b819c671-e5c0-4b7e-9bea-af8ae842e1e9",17,"push","manner","pair088","The politician pushed the policy.","The athlete pushed the limit.",0,52,3951
"b819c671-e5c0-4b7e-9bea-af8ae842e1e9",17,"close","result","pair107","The presenter closed the speech.","The chauffeur closed the door.",1,51,4137
"b819c671-e5c0-4b7e-9bea-af8ae842e1e9",17,"fill","result","pair086","The donations filled the need.","The festival filled the weekend.",0,52,4872
"b819c671-e5c0-4b7e-9bea-af8ae842e1e9",17,"bump","manner","pair099","The ball bumped the couch.","The driver bumped the curb.",1,47,5253
"b819c671-e5c0-4b7e-9bea-af8ae842e1e9",17,"close","result","pair102","The executive closed the deal.","The baker closed the oven.",0,53,3119
"b819c671-e5c0-4b7e-9bea-af8ae842e1e9",17,"open","result","pair096","The consultant opened the discussion.","The farmer opened the gate.",0,49,7321
"b819c671-e5c0-4b7e-9bea-af8ae842e1e9",17,"fold","result","pair104","The manager folded the project.","The child folded the paper.",0,72,5106
"b819c671-e5c0-4b7e-9bea-af8ae842e1e9",17,"shoot","manner","pair089","The director shot the scene.","The robber shot the victim.",0,77,5603
"b819c671-e5c0-4b7e-9bea-af8ae842e1e9",17,"fold","result","pair091","The child folded the paper.","The baker folded the flour.",0,75,4895
"b819c671-e5c0-4b7e-9bea-af8ae842e1e9",17,"pull","manner","pair092","The scandal pulled the reporters.","The worker pulled the lever.",0,71,4025
"b819c671-e5c0-4b7e-9bea-af8ae842e1e9",17,"cover","result","pair098","The writer covered the election.","The policy covered the accident.",0,78,3718
"b819c671-e5c0-4b7e-9bea-af8ae842e1e9",17,"pull","manner","pair097","The business pulled the service.","The scandal pulled the reporters.",0,71,3559
"b819c671-e5c0-4b7e-9bea-af8ae842e1e9",17,"cover","result","pair105","The nurse covered the wound.","The insurance covered the damage.",0,30,5930
"b819c671-e5c0-4b7e-9bea-af8ae842e1e9",17,"hit","manner","pair108","The traveler hit the delay.","The investor hit the goal.",1,74,7859
"b819c671-e5c0-4b7e-9bea-af8ae842e1e9",17,"kill","result","pair109","The mistake killed the proposal.","The joke killed the evening.",1,44,3224
"b819c671-e5c0-4b7e-9bea-af8ae842e1e9",17,"clear","result","pair095","The horse cleared the jump.","The officer cleared the request.",0,54,5394
"b819c671-e5c0-4b7e-9bea-af8ae842e1e9",17,"push","manner","pair094","The athlete pushed the limit.","The pilot pushed the button.",0,68,24197
"b819c671-e5c0-4b7e-9bea-af8ae842e1e9",17,"kill","result","pair090","The couple killed the evening.","The team killed the rivals.",0,65,2451
"b819c671-e5c0-4b7e-9bea-af8ae842e1e9",17,"kill","result","pair101","The traveler killed the afternoon.","The cat killed the mouse.",0,70,4545
"b819c671-e5c0-4b7e-9bea-af8ae842e1e9",17,"break","result","pair100","The company broke the law.","The guest broke the plate.",0,47,3541
"b819c671-e5c0-4b7e-9bea-af8ae842e1e9",17,"hit","manner","pair087","The hurricane hit the coastline.","The child hit the pillow.",0,76,3559
"b819c671-e5c0-4b7e-9bea-af8ae842e1e9",17,"bump","manner","pair103","The teacher bumped the deadline.","The driver bumped the curb.",0,52,3036
"b819c671-e5c0-4b7e-9bea-af8ae842e1e9",17,"shoot","manner","pair106","The robber shot the victim.","The technician shot the fireworks.",0,54,7226
"b819c671-e5c0-4b7e-9bea-af8ae842e1e9",17,"hit","manner","pair093","The investor hit the goal.","The idea hit the researcher.",0,60,3526
"c5b629b5-6c5e-4308-9a28-1398e7572d7b",19,"bump","manner","pair028","The gardener bumped the statue.","The ball bumped the couch.",0,32,4373
"c5b629b5-6c5e-4308-9a28-1398e7572d7b",19,"smear","manner","pair024","The baker smeared the frosting.","The artist smeared the paint.",1,0,2797
"c5b629b5-6c5e-4308-9a28-1398e7572d7b",19,"cover","result","pair032","The snow covered the footprints.","The insurance covered the damage.",0,36,4902
"c5b629b5-6c5e-4308-9a28-1398e7572d7b",19,"close","result","pair037","The executive closed the deal.","The author closed the chapter.",0,0,3268
"c5b629b5-6c5e-4308-9a28-1398e7572d7b",19,"push","manner","pair046","The politician pushed the policy.","The company pushed the product.",1,84,3027
"c5b629b5-6c5e-4308-9a28-1398e7572d7b",19,"fill","result","pair025","The secretary filled the schedule.","The waiter filled the glass.",1,24,3767
"c5b629b5-6c5e-4308-9a28-1398e7572d7b",19,"fill","result","pair030","The love filled the void.","The farmer filled the bucket.",0,30,5619
"c5b629b5-6c5e-4308-9a28-1398e7572d7b",19,"kill","result","pair038","The couple killed the evening.","The traveler killed the afternoon.",1,0,4225
"c5b629b5-6c5e-4308-9a28-1398e7572d7b",19,"clear","result","pair034","The bookkeeper cleared the payment.","The waiter cleared the table.",0,46,3840
"c5b629b5-6c5e-4308-9a28-1398e7572d7b",19,"push","manner","pair044","The artwork pushed the boundaries.","The pilot pushed the button.",0,84,6441
"c5b629b5-6c5e-4308-9a28-1398e7572d7b",19,"bump","manner","pair033","The teacher bumped the deadline.","The gardener bumped the statue.",1,76,3552
"c5b629b5-6c5e-4308-9a28-1398e7572d7b",19,"kill","result","pair039","The traveler killed the afternoon.","The joke killed the evening.",0,37,4536
"c5b629b5-6c5e-4308-9a28-1398e7572d7b",19,"clear","result","pair026","The horse cleared the jump.","The hiker cleared the obstacle.",1,5,3730
"c5b629b5-6c5e-4308-9a28-1398e7572d7b",19,"fold","result","pair043","The manager folded the project.","The founder folded the company.",1,33,6119
"c5b629b5-6c5e-4308-9a28-1398e7572d7b",19,"shoot","manner","pair047","The robber shot the victim.","The hunter shot the deer.",1,0,4202
"c5b629b5-6c5e-4308-9a28-1398e7572d7b",19,"cover","result","pair045","The writer covered the election.","The snow covered the footprints.",0,52,7613
"c5b629b5-6c5e-4308-9a28-1398e7572d7b",19,"hit","manner","pair029","The hurricane hit the coastline.","The solution hit the inventor.",0,7,2842
"c5b629b5-6c5e-4308-9a28-1398e7572d7b",19,"hit","manner","pair035","The investor hit the goal.","The hurricane hit the coastline.",1,56,4021
"c5b629b5-6c5e-4308-9a28-1398e7572d7b",19,"pull","manner","pair040","The scandal pulled the reporters.","The advertisement pulled the customers.",1,23,4903
"c5b629b5-6c5e-4308-9a28-1398e7572d7b",19,"kill","result","pair041","The team killed the rivals.","The criminal killed the victim.",0,12,8207
"c5b629b5-6c5e-4308-9a28-1398e7572d7b",19,"fold","result","pair042","The cleaner folded the clothes.","The baker folded the flour.",0,1,3035
"c5b629b5-6c5e-4308-9a28-1398e7572d7b",19,"open","result","pair027","The consultant opened the discussion.","The chairperson opened the meeting.",1,0,3269
"c5b629b5-6c5e-4308-9a28-1398e7572d7b",19,"break","result","pair031","The company broke the law.","The journalist broke the story.",0,79,2458
"c5b629b5-6c5e-4308-9a28-1398e7572d7b",19,"close","result","pair036","The author closed the chapter.","The chauffeur closed the door.",1,44,3782
"151b4347-e105-47ab-9787-3b8b39e13c98",17,"bump","manner","pair099","The ball bumped the couch.","The driver bumped the curb.",1,78,11253
"151b4347-e105-47ab-9787-3b8b39e13c98",17,"hit","manner","pair087","The hurricane hit the coastline.","The child hit the pillow.",0,100,5949
"151b4347-e105-47ab-9787-3b8b39e13c98",17,"hit","manner","pair093","The investor hit the goal.","The idea hit the researcher.",0,100,6514
"151b4347-e105-47ab-9787-3b8b39e13c98",17,"push","manner","pair088","The politician pushed the policy.","The athlete pushed the limit.",0,100,8345
"151b4347-e105-47ab-9787-3b8b39e13c98",17,"hit","manner","pair108","The traveler hit the delay.","The investor hit the goal.",1,100,6903
"151b4347-e105-47ab-9787-3b8b39e13c98",17,"clear","result","pair095","The horse cleared the jump.","The officer cleared the request.",0,100,4851
"151b4347-e105-47ab-9787-3b8b39e13c98",17,"pull","manner","pair092","The scandal pulled the reporters.","The worker pulled the lever.",0,100,6375
"151b4347-e105-47ab-9787-3b8b39e13c98",17,"clear","result","pair085","The officer cleared the request.","The waiter cleared the table.",0,100,5200
"151b4347-e105-47ab-9787-3b8b39e13c98",17,"fill","result","pair086","The donations filled the need.","The festival filled the weekend.",0,100,4621
"151b4347-e105-47ab-9787-3b8b39e13c98",17,"fold","result","pair091","The child folded the paper.","The baker folded the flour.",0,100,4591
"151b4347-e105-47ab-9787-3b8b39e13c98",17,"break","result","pair100","The company broke the law.","The guest broke the plate.",0,100,5809
"151b4347-e105-47ab-9787-3b8b39e13c98",17,"close","result","pair102","The executive closed the deal.","The baker closed the oven.",0,100,5354
"151b4347-e105-47ab-9787-3b8b39e13c98",17,"push","manner","pair094","The athlete pushed the limit.","The pilot pushed the button.",0,100,4597
"151b4347-e105-47ab-9787-3b8b39e13c98",17,"shoot","manner","pair089","The director shot the scene.","The robber shot the victim.",0,100,4099
"151b4347-e105-47ab-9787-3b8b39e13c98",17,"kill","result","pair090","The couple killed the evening.","The team killed the rivals.",0,100,10110
"151b4347-e105-47ab-9787-3b8b39e13c98",17,"bump","manner","pair103","The teacher bumped the deadline.","The driver bumped the curb.",0,100,6422
"151b4347-e105-47ab-9787-3b8b39e13c98",17,"cover","result","pair105","The nurse covered the wound.","The insurance covered the damage.",0,100,4826
"151b4347-e105-47ab-9787-3b8b39e13c98",17,"pull","manner","pair097","The business pulled the service.","The scandal pulled the reporters.",0,100,6877
"151b4347-e105-47ab-9787-3b8b39e13c98",17,"fold","result","pair104","The manager folded the project.","The child folded the paper.",0,100,4061
"151b4347-e105-47ab-9787-3b8b39e13c98",17,"cover","result","pair098","The writer covered the election.","The policy covered the accident.",0,99,5325
"151b4347-e105-47ab-9787-3b8b39e13c98",17,"kill","result","pair101","The traveler killed the afternoon.","The cat killed the mouse.",0,100,4863
"151b4347-e105-47ab-9787-3b8b39e13c98",17,"shoot","manner","pair106","The robber shot the victim.","The technician shot the fireworks.",0,100,5198
"151b4347-e105-47ab-9787-3b8b39e13c98",17,"close","result","pair107","The presenter closed the speech.","The chauffeur closed the door.",1,100,4113
"151b4347-e105-47ab-9787-3b8b39e13c98",17,"kill","result","pair109","The mistake killed the proposal.","The joke killed the evening.",1,80,8068
"151b4347-e105-47ab-9787-3b8b39e13c98",17,"open","result","pair096","The consultant opened the discussion.","The farmer opened the gate.",0,100,5192
"4158b949-962a-4363-8540-3e752fe0df1f",17,"shoot","manner","pair106","The robber shot the victim.","The technician shot the fireworks.",0,100,5129
"4158b949-962a-4363-8540-3e752fe0df1f",17,"kill","result","pair090","The couple killed the evening.","The team killed the rivals.",0,93,7411
"4158b949-962a-4363-8540-3e752fe0df1f",17,"clear","result","pair095","The horse cleared the jump.","The officer cleared the request.",0,75,8043
"4158b949-962a-4363-8540-3e752fe0df1f",17,"fold","result","pair091","The child folded the paper.","The baker folded the flour.",0,36,6227
"4158b949-962a-4363-8540-3e752fe0df1f",17,"hit","manner","pair087","The hurricane hit the coastline.","The child hit the pillow.",0,100,5693
"4158b949-962a-4363-8540-3e752fe0df1f",17,"hit","manner","pair093","The investor hit the goal.","The idea hit the researcher.",0,73,4814
"4158b949-962a-4363-8540-3e752fe0df1f",17,"pull","manner","pair097","The business pulled the service.","The scandal pulled the reporters.",0,69,11246
"4158b949-962a-4363-8540-3e752fe0df1f",17,"close","result","pair102","The executive closed the deal.","The baker closed the oven.",0,92,5467
"4158b949-962a-4363-8540-3e752fe0df1f",17,"kill","result","pair109","The mistake killed the proposal.","The joke killed the evening.",1,20,6593
"4158b949-962a-4363-8540-3e752fe0df1f",17,"fill","result","pair086","The donations filled the need.","The festival filled the weekend.",0,90,10400
"4158b949-962a-4363-8540-3e752fe0df1f",17,"break","result","pair100","The company broke the law.","The guest broke the plate.",0,100,6883
"4158b949-962a-4363-8540-3e752fe0df1f",17,"bump","manner","pair103","The teacher bumped the deadline.","The driver bumped the curb.",0,90,6510
"4158b949-962a-4363-8540-3e752fe0df1f",17,"pull","manner","pair092","The scandal pulled the reporters.","The worker pulled the lever.",0,96,9051
"4158b949-962a-4363-8540-3e752fe0df1f",17,"cover","result","pair105","The nurse covered the wound.","The insurance covered the damage.",0,90,10850
"4158b949-962a-4363-8540-3e752fe0df1f",17,"shoot","manner","pair089","The director shot the scene.","The robber shot the victim.",0,100,7851
"4158b949-962a-4363-8540-3e752fe0df1f",17,"open","result","pair096","The consultant opened the discussion.","The farmer opened the gate.",0,68,8095
"4158b949-962a-4363-8540-3e752fe0df1f",17,"bump","manner","pair099","The ball bumped the couch.","The driver bumped the curb.",1,62,8728
"4158b949-962a-4363-8540-3e752fe0df1f",17,"push","manner","pair094","The athlete pushed the limit.","The pilot pushed the button.",0,100,5560
"4158b949-962a-4363-8540-3e752fe0df1f",17,"push","manner","pair088","The politician pushed the policy.","The athlete pushed the limit.",0,100,9189
"4158b949-962a-4363-8540-3e752fe0df1f",17,"hit","manner","pair108","The traveler hit the delay.","The investor hit the goal.",1,100,5472
"4158b949-962a-4363-8540-3e752fe0df1f",17,"clear","result","pair085","The officer cleared the request.","The waiter cleared the table.",0,88,7089
"4158b949-962a-4363-8540-3e752fe0df1f",17,"kill","result","pair101","The traveler killed the afternoon.","The cat killed the mouse.",0,81,5529
"4158b949-962a-4363-8540-3e752fe0df1f",17,"close","result","pair107","The presenter closed the speech.","The chauffeur closed the door.",1,75,6265
"4158b949-962a-4363-8540-3e752fe0df1f",17,"fold","result","pair104","The manager folded the project.","The child folded the paper.",0,90,7708
"4158b949-962a-4363-8540-3e752fe0df1f",17,"cover","result","pair098","The writer covered the election.","The policy covered the accident.",0,100,8088
"5d8446bd-3daf-46b7-8e1c-a2d8e57e4f3f",2,"shoot","manner","pair142","The photographer shot the wedding.","The hunter shot the deer.",0,100,3617
"5d8446bd-3daf-46b7-8e1c-a2d8e57e4f3f",2,"cover","result","pair134","The channel covered the story.","The insurance covered the damage.",0,100,3371
"5d8446bd-3daf-46b7-8e1c-a2d8e57e4f3f",2,"fill","result","pair133","The festival filled the weekend.","The farmer filled the bucket.",1,89,4900
"5d8446bd-3daf-46b7-8e1c-a2d8e57e4f3f",2,"kill","result","pair132","The business killed the competition.","The cat killed the mouse.",0,57,7059
"5d8446bd-3daf-46b7-8e1c-a2d8e57e4f3f",2,"fill","result","pair140","The love filled the void.","The donations filled the need.",1,62,5001
"5d8446bd-3daf-46b7-8e1c-a2d8e57e4f3f",2,"fold","result","pair141","The founder folded the company.","The baker folded the flour.",0,100,2773
"5d8446bd-3daf-46b7-8e1c-a2d8e57e4f3f",2,"hit","manner","pair145","The arrow hit the target.","The idea hit the researcher.",0,82,5765
"5d8446bd-3daf-46b7-8e1c-a2d8e57e4f3f",2,"hit","manner","pair138","The traveler hit the delay.","The child hit the pillow.",0,68,4646
"5d8446bd-3daf-46b7-8e1c-a2d8e57e4f3f",2,"break","result","pair135","The journalist broke the story.","The guest broke the plate.",0,100,2665
"5d8446bd-3daf-46b7-8e1c-a2d8e57e4f3f",2,"bump","manner","pair148","The waiter bumped the table.","The gardener bumped the statue.",1,33,12614
"5d8446bd-3daf-46b7-8e1c-a2d8e57e4f3f",2,"break","result","pair143","The president broke the promise.","The burglar broke the window.",0,82,4475
"5d8446bd-3daf-46b7-8e1c-a2d8e57e4f3f",2,"smear","manner","pair136","The journalist smeared the business.","The artist smeared the paint.",0,100,4995
"5d8446bd-3daf-46b7-8e1c-a2d8e57e4f3f",2,"kill","result","pair146","The criminal killed the victim.","The cat killed the mouse.",1,49,5516
"5d8446bd-3daf-46b7-8e1c-a2d8e57e4f3f",2,"kill","result","pair144","The traveler killed the afternoon.","The business killed the competition.",0,54,6513
"5d8446bd-3daf-46b7-8e1c-a2d8e57e4f3f",2,"close","result","pair147","The lawyer closed the case.","The chauffeur closed the door.",0,92,5765
"5d8446bd-3daf-46b7-8e1c-a2d8e57e4f3f",2,"push","manner","pair137","The company pushed the product.","The pilot pushed the button.",0,100,4800
"5d8446bd-3daf-46b7-8e1c-a2d8e57e4f3f",2,"hit","manner","pair139","The idea hit the researcher.","The child hit the pillow.",1,90,4837
"5d8446bd-3daf-46b7-8e1c-a2d8e57e4f3f",2,"clear","result","pair131","The hiker cleared the obstacle.","The waiter cleared the table.",0,75,12180
"5d8446bd-3daf-46b7-8e1c-a2d8e57e4f3f",2,"pull","manner","pair130","The regulators pulled the product.","The advertisement pulled the customers.",0,88,4815
"c909ea9e-1f6e-474f-b7f7-514f6046a2d8",8,"clear","result","pair202","The horse cleared the jump.","The bookkeeper cleared the payment.",0,91,4747
"c909ea9e-1f6e-474f-b7f7-514f6046a2d8",8,"cover","result","pair205","The writer covered the election.","The nurse covered the wound.",0,87,5235
"c909ea9e-1f6e-474f-b7f7-514f6046a2d8",8,"fill","result","pair218","The love filled the void.","The waiter filled the glass.",0,88,4312
"c909ea9e-1f6e-474f-b7f7-514f6046a2d8",8,"kill","result","pair195","The team killed the rivals.","The cat killed the mouse.",0,53,13200
"c909ea9e-1f6e-474f-b7f7-514f6046a2d8",8,"kill","result","pair212","The traveler killed the afternoon.","The criminal killed the victim.",0,78,6346
"c909ea9e-1f6e-474f-b7f7-514f6046a2d8",8,"push","manner","pair199","The artwork pushed the boundaries.","The shopper pushed the cart.",0,97,3756
"c909ea9e-1f6e-474f-b7f7-514f6046a2d8",8,"pull","manner","pair214","The scandal pulled the reporters.","The climber pulled the rope.",0,95,5100
"c909ea9e-1f6e-474f-b7f7-514f6046a2d8",8,"fill","result","pair196","The farmer filled the bucket.","The waiter filled the glass.",1,19,5654
"c909ea9e-1f6e-474f-b7f7-514f6046a2d8",8,"shoot","manner","pair200","The robber shot the victim.","The athlete shot the ball.",0,94,4440
"c909ea9e-1f6e-474f-b7f7-514f6046a2d8",8,"cover","result","pair211","The nurse covered the wound.","The policy covered the accident.",0,89,4657
"c909ea9e-1f6e-474f-b7f7-514f6046a2d8",8,"shoot","manner","pair216","The director shot the scene.","The photographer shot the wedding.",1,11,6810
"c909ea9e-1f6e-474f-b7f7-514f6046a2d8",8,"bump","manner","pair201","The gardener bumped the statue.","The driver bumped the curb.",0,16,7980
"c909ea9e-1f6e-474f-b7f7-514f6046a2d8",8,"pull","manner","pair204","The business pulled the service.","The regulators pulled the product.",1,9,10928
"c909ea9e-1f6e-474f-b7f7-514f6046a2d8",8,"kill","result","pair194","The couple killed the evening.","The business killed the competition.",0,72,8632
"c909ea9e-1f6e-474f-b7f7-514f6046a2d8",8,"close","result","pair207","The presenter closed the speech.","The baker closed the oven.",1,94,7418
"c909ea9e-1f6e-474f-b7f7-514f6046a2d8",8,"break","result","pair209","The company broke the law.","The burglar broke the window.",0,92,3728
"c909ea9e-1f6e-474f-b7f7-514f6046a2d8",8,"fold","result","pair213","The manager folded the project.","The cleaner folded the clothes.",0,97,6344
"c909ea9e-1f6e-474f-b7f7-514f6046a2d8",8,"fold","result","pair198","The cleaner folded the clothes.","The chef folded the eggs.",0,34,6795
"c909ea9e-1f6e-474f-b7f7-514f6046a2d8",8,"hit","manner","pair206","The hurricane hit the coastline.","The idea hit the researcher.",0,60,6577
"c909ea9e-1f6e-474f-b7f7-514f6046a2d8",8,"clear","result","pair215","The bookkeeper cleared the payment.","The worker cleared the rubble.",0,61,4305
"c909ea9e-1f6e-474f-b7f7-514f6046a2d8",8,"bump","manner","pair217","The teacher bumped the deadline.","The ball bumped the couch.",0,92,5790
"c909ea9e-1f6e-474f-b7f7-514f6046a2d8",8,"push","manner","pair208","The politician pushed the policy.","The artwork pushed the boundaries.",0,96,6038
"c909ea9e-1f6e-474f-b7f7-514f6046a2d8",8,"close","result","pair197","The executive closed the deal.","The presenter closed the speech.",0,66,9329
"c909ea9e-1f6e-474f-b7f7-514f6046a2d8",8,"hit","manner","pair203","The investor hit the goal.","The solution hit the inventor.",0,73,6675
"c909ea9e-1f6e-474f-b7f7-514f6046a2d8",8,"open","result","pair210","The consultant opened the discussion.","The teacher opened the window.",0,67,5070
"c66cabd7-f5d8-43fc-8cf1-b405f5629bdf",6,"hit","manner","pair179","The investor hit the goal.","The child hit the pillow.",0,93,7432
"c66cabd7-f5d8-43fc-8cf1-b405f5629bdf",6,"cover","result","pair192","The policy covered the accident.","The insurance covered the damage.",1,3,9271
"c66cabd7-f5d8-43fc-8cf1-b405f5629bdf",6,"pull","manner","pair175","The business pulled the service.","The advertisement pulled the customers.",0,79,8407
"c66cabd7-f5d8-43fc-8cf1-b405f5629bdf",6,"fill","result","pair186","The donations filled the need.","The secretary filled the schedule.",0,65,7774
"c66cabd7-f5d8-43fc-8cf1-b405f5629bdf",6,"hit","manner","pair191","The hurricane hit the coastline.","The batter hit the ball.",0,85,7790
"c66cabd7-f5d8-43fc-8cf1-b405f5629bdf",6,"open","result","pair183","The chairperson opened the meeting.","The teacher opened the window.",0,81,14063
"c66cabd7-f5d8-43fc-8cf1-b405f5629bdf",6,"clear","result","pair177","The officer cleared the request.","The worker cleared the rubble.",0,77,5183
"c66cabd7-f5d8-43fc-8cf1-b405f5629bdf",6,"break","result","pair172","The doctor broke the news.","The journalist broke the story.",1,16,8094
"c66cabd7-f5d8-43fc-8cf1-b405f5629bdf",6,"clear","result","pair178","The horse cleared the jump.","The waiter cleared the table.",0,98,6430
"c66cabd7-f5d8-43fc-8cf1-b405f5629bdf",6,"kill","result","pair182","The mistake killed the proposal.","The criminal killed the victim.",1,84,9271
"c66cabd7-f5d8-43fc-8cf1-b405f5629bdf",6,"kill","result","pair171","The couple killed the evening.","The mistake killed the proposal.",0,78,8455
"c66cabd7-f5d8-43fc-8cf1-b405f5629bdf",6,"pull","manner","pair189","The advertisement pulled the customers.","The climber pulled the rope.",0,92,6534
"c66cabd7-f5d8-43fc-8cf1-b405f5629bdf",6,"close","result","pair176","The executive closed the deal.","The chauffeur closed the door.",0,79,8583
"c66cabd7-f5d8-43fc-8cf1-b405f5629bdf",6,"push","manner","pair170","The athlete pushed the limit.","The shopper pushed the cart.",0,75,8871
"c66cabd7-f5d8-43fc-8cf1-b405f5629bdf",6,"kill","result","pair188","The business killed the competition.","The team killed the rivals.",1,17,9088
"c66cabd7-f5d8-43fc-8cf1-b405f5629bdf",6,"bump","manner","pair193","The dean bumped the meeting.","The waiter bumped the table.",1,86,8183
"c66cabd7-f5d8-43fc-8cf1-b405f5629bdf",6,"fold","result","pair190","The manager folded the project.","The baker folded the flour.",0,89,4055
"c66cabd7-f5d8-43fc-8cf1-b405f5629bdf",6,"shoot","manner","pair184","The hunter shot the deer.","The athlete shot the ball.",0,78,5359
"c66cabd7-f5d8-43fc-8cf1-b405f5629bdf",6,"close","result","pair185","The baker closed the oven.","The chauffeur closed the door.",1,17,8959
"c66cabd7-f5d8-43fc-8cf1-b405f5629bdf",6,"shoot","manner","pair181","The director shot the scene.","The hunter shot the deer.",0,94,4639
"c66cabd7-f5d8-43fc-8cf1-b405f5629bdf",6,"hit","manner","pair174","The traveler hit the delay.","The arrow hit the target.",1,94,3558
"c66cabd7-f5d8-43fc-8cf1-b405f5629bdf",6,"fold","result","pair173","The child folded the paper.","The chef folded the eggs.",0,14,5296
"c66cabd7-f5d8-43fc-8cf1-b405f5629bdf",6,"push","manner","pair180","The politician pushed the policy.","The pilot pushed the button.",0,88,5695
"c66cabd7-f5d8-43fc-8cf1-b405f5629bdf",6,"cover","result","pair187","The writer covered the election.","The insurance covered the damage.",0,72,5711
"28522a45-bde0-4486-a534-a942e03abfbe",13,"cover","result","pair078","The channel covered the story.","The policy covered the accident.",0,19,14800
"28522a45-bde0-4486-a534-a942e03abfbe",13,"fill","result","pair084","The festival filled the weekend.","The secretary filled the schedule.",1,79,67131
"28522a45-bde0-4486-a534-a942e03abfbe",13,"close","result","pair075","The lawyer closed the case.","The baker closed the oven.",0,17,13140
"28522a45-bde0-4486-a534-a942e03abfbe",13,"kill","result","pair077","The business killed the competition.","The criminal killed the victim.",0,85,5465
"28522a45-bde0-4486-a534-a942e03abfbe",13,"push","manner","pair067","The company pushed the product.","The athlete pushed the limit.",0,70,4980
"28522a45-bde0-4486-a534-a942e03abfbe",13,"smear","manner","pair068","The journalist smeared the business.","The baker smeared the frosting.",0,30,7857
"28522a45-bde0-4486-a534-a942e03abfbe",13,"fold","result","pair072","The founder folded the company.","The child folded the paper.",0,82,13184
"28522a45-bde0-4486-a534-a942e03abfbe",13,"break","result","pair069","The president broke the promise.","The journalist broke the story.",0,66,13339
"28522a45-bde0-4486-a534-a942e03abfbe",13,"hit","manner","pair074","The traveler hit the delay.","The idea hit the researcher.",0,59,14143
"28522a45-bde0-4486-a534-a942e03abfbe",13,"hit","manner","pair073","The arrow hit the target.","The solution hit the inventor.",0,16,12229
"28522a45-bde0-4486-a534-a942e03abfbe",13,"hit","manner","pair076","The solution hit the inventor.","The batter hit the ball.",1,71,9819
"28522a45-bde0-4486-a534-a942e03abfbe",13,"pull","manner","pair083","The regulators pulled the product.","The scandal pulled the reporters.",0,73,5780
"28522a45-bde0-4486-a534-a942e03abfbe",13,"bump","manner","pair079","The dean bumped the meeting.","The driver bumped the curb.",0,31,42044
"28522a45-bde0-4486-a534-a942e03abfbe",13,"break","result","pair082","The journalist broke the story.","The burglar broke the window.",0,88,5065
"28522a45-bde0-4486-a534-a942e03abfbe",13,"kill","result","pair071","The joke killed the evening.","The cat killed the mouse.",1,78,6031
"28522a45-bde0-4486-a534-a942e03abfbe",13,"kill","result","pair081","The couple killed the evening.","The cat killed the mouse.",0,85,10528
"28522a45-bde0-4486-a534-a942e03abfbe",13,"shoot","manner","pair080","The photographer shot the wedding.","The robber shot the victim.",0,89,5903
"28522a45-bde0-4486-a534-a942e03abfbe",13,"clear","result","pair070","The hiker cleared the obstacle.","The officer cleared the request.",0,15,5311
"333c798a-1546-4caf-b529-99b404c8ba37",7,"kill","result","pair109","The mistake killed the proposal.","The joke killed the evening.",1,100,5720
"333c798a-1546-4caf-b529-99b404c8ba37",7,"hit","manner","pair108","The traveler hit the delay.","The investor hit the goal.",1,100,2520
"333c798a-1546-4caf-b529-99b404c8ba37",7,"pull","manner","pair097","The business pulled the service.","The scandal pulled the reporters.",0,69,4164
"333c798a-1546-4caf-b529-99b404c8ba37",7,"fold","result","pair104","The manager folded the project.","The child folded the paper.",0,100,5182
"333c798a-1546-4caf-b529-99b404c8ba37",7,"hit","manner","pair087","The hurricane hit the coastline.","The child hit the pillow.",0,100,4227
"333c798a-1546-4caf-b529-99b404c8ba37",7,"close","result","pair102","The executive closed the deal.","The baker closed the oven.",0,100,4706
"333c798a-1546-4caf-b529-99b404c8ba37",7,"kill","result","pair101","The traveler killed the afternoon.","The cat killed the mouse.",0,100,4153
"333c798a-1546-4caf-b529-99b404c8ba37",7,"pull","manner","pair092","The scandal pulled the reporters.","The worker pulled the lever.",0,100,3729
"333c798a-1546-4caf-b529-99b404c8ba37",7,"close","result","pair107","The presenter closed the speech.","The chauffeur closed the door.",1,100,4007
"333c798a-1546-4caf-b529-99b404c8ba37",7,"push","manner","pair088","The politician pushed the policy.","The athlete pushed the limit.",0,85,3020
"333c798a-1546-4caf-b529-99b404c8ba37",7,"cover","result","pair098","The writer covered the election.","The policy covered the accident.",0,100,1945
"333c798a-1546-4caf-b529-99b404c8ba37",7,"shoot","manner","pair106","The robber shot the victim.","The technician shot the fireworks.",0,100,6104
"333c798a-1546-4caf-b529-99b404c8ba37",7,"shoot","manner","pair089","The director shot the scene.","The robber shot the victim.",0,100,2986
"333c798a-1546-4caf-b529-99b404c8ba37",7,"push","manner","pair094","The athlete pushed the limit.","The pilot pushed the button.",0,100,2687
"333c798a-1546-4caf-b529-99b404c8ba37",7,"open","result","pair096","The consultant opened the discussion.","The farmer opened the gate.",0,100,5057
"333c798a-1546-4caf-b529-99b404c8ba37",7,"fill","result","pair086","The donations filled the need.","The festival filled the weekend.",0,100,2697
"333c798a-1546-4caf-b529-99b404c8ba37",7,"kill","result","pair090","The couple killed the evening.","The team killed the rivals.",0,100,4276
"333c798a-1546-4caf-b529-99b404c8ba37",7,"hit","manner","pair093","The investor hit the goal.","The idea hit the researcher.",0,100,8438
"333c798a-1546-4caf-b529-99b404c8ba37",7,"bump","manner","pair099","The ball bumped the couch.","The driver bumped the curb.",1,93,7135
"333c798a-1546-4caf-b529-99b404c8ba37",7,"clear","result","pair095","The horse cleared the jump.","The officer cleared the request.",0,100,2562
"333c798a-1546-4caf-b529-99b404c8ba37",7,"fold","result","pair091","The child folded the paper.","The baker folded the flour.",0,43,3650
"333c798a-1546-4caf-b529-99b404c8ba37",7,"cover","result","pair105","The nurse covered the wound.","The insurance covered the damage.",0,100,3625
"333c798a-1546-4caf-b529-99b404c8ba37",7,"bump","manner","pair103","The teacher bumped the deadline.","The driver bumped the curb.",0,100,3104
"333c798a-1546-4caf-b529-99b404c8ba37",7,"break","result","pair100","The company broke the law.","The guest broke the plate.",0,85,5373
"333c798a-1546-4caf-b529-99b404c8ba37",7,"clear","result","pair085","The officer cleared the request.","The waiter cleared the table.",0,100,3006
"f57bc7f4-a41e-4054-b473-eaa8e910383f",18,"clear","result","pair215","The bookkeeper cleared the payment.","The worker cleared the rubble.",0,85,14400
"f57bc7f4-a41e-4054-b473-eaa8e910383f",18,"hit","manner","pair206","The hurricane hit the coastline.","The idea hit the researcher.",0,100,3566
"f57bc7f4-a41e-4054-b473-eaa8e910383f",18,"clear","result","pair202","The horse cleared the jump.","The bookkeeper cleared the payment.",0,100,3615
"f57bc7f4-a41e-4054-b473-eaa8e910383f",18,"cover","result","pair211","The nurse covered the wound.","The policy covered the accident.",0,91,6788
"f57bc7f4-a41e-4054-b473-eaa8e910383f",18,"kill","result","pair195","The team killed the rivals.","The cat killed the mouse.",0,52,9704
"f57bc7f4-a41e-4054-b473-eaa8e910383f",18,"pull","manner","pair214","The scandal pulled the reporters.","The climber pulled the rope.",0,84,4134
"f57bc7f4-a41e-4054-b473-eaa8e910383f",18,"hit","manner","pair203","The investor hit the goal.","The solution hit the inventor.",0,71,6238
"f57bc7f4-a41e-4054-b473-eaa8e910383f",18,"pull","manner","pair204","The business pulled the service.","The regulators pulled the product.",1,92,11889
"f57bc7f4-a41e-4054-b473-eaa8e910383f",18,"kill","result","pair212","The traveler killed the afternoon.","The criminal killed the victim.",0,100,3653
"f57bc7f4-a41e-4054-b473-eaa8e910383f",18,"fold","result","pair213","The manager folded the project.","The cleaner folded the clothes.",0,71,5784
"f57bc7f4-a41e-4054-b473-eaa8e910383f",18,"close","result","pair207","The presenter closed the speech.","The baker closed the oven.",1,100,2982
"f57bc7f4-a41e-4054-b473-eaa8e910383f",18,"open","result","pair210","The consultant opened the discussion.","The teacher opened the window.",0,90,3503
"f57bc7f4-a41e-4054-b473-eaa8e910383f",18,"push","manner","pair199","The artwork pushed the boundaries.","The shopper pushed the cart.",0,97,4776
"f57bc7f4-a41e-4054-b473-eaa8e910383f",18,"cover","result","pair205","The writer covered the election.","The nurse covered the wound.",0,100,3726
"f57bc7f4-a41e-4054-b473-eaa8e910383f",18,"break","result","pair209","The company broke the law.","The burglar broke the window.",0,21,4063
"f57bc7f4-a41e-4054-b473-eaa8e910383f",18,"bump","manner","pair201","The gardener bumped the statue.","The driver bumped the curb.",0,44,5469
"f57bc7f4-a41e-4054-b473-eaa8e910383f",18,"fill","result","pair218","The love filled the void.","The waiter filled the glass.",0,100,4935
"f57bc7f4-a41e-4054-b473-eaa8e910383f",18,"push","manner","pair208","The politician pushed the policy.","The artwork pushed the boundaries.",0,93,3510
"f57bc7f4-a41e-4054-b473-eaa8e910383f",18,"close","result","pair197","The executive closed the deal.","The presenter closed the speech.",0,20,8061
"f57bc7f4-a41e-4054-b473-eaa8e910383f",18,"shoot","manner","pair200","The robber shot the victim.","The athlete shot the ball.",0,86,3990
"f57bc7f4-a41e-4054-b473-eaa8e910383f",18,"kill","result","pair194","The couple killed the evening.","The business killed the competition.",0,86,4422
"f57bc7f4-a41e-4054-b473-eaa8e910383f",18,"bump","manner","pair217","The teacher bumped the deadline.","The ball bumped the couch.",0,99,4389
"f57bc7f4-a41e-4054-b473-eaa8e910383f",18,"shoot","manner","pair216","The director shot the scene.","The photographer shot the wedding.",1,26,4846
"f57bc7f4-a41e-4054-b473-eaa8e910383f",18,"fold","result","pair198","The cleaner folded the clothes.","The chef folded the eggs.",0,82,4150
"f57bc7f4-a41e-4054-b473-eaa8e910383f",18,"fill","result","pair196","The farmer filled the bucket.","The waiter filled the glass.",1,43,4072
"a622c69f-7131-4476-848f-47ad684c4f34",12,"close","result","pair147","The lawyer closed the case.","The chauffeur closed the door.",0,34,5444
"a622c69f-7131-4476-848f-47ad684c4f34",12,"smear","manner","pair136","The journalist smeared the business.","The artist smeared the paint.",0,82,5496
"a622c69f-7131-4476-848f-47ad684c4f34",12,"hit","manner","pair139","The idea hit the researcher.","The child hit the pillow.",1,93,7121
"a622c69f-7131-4476-848f-47ad684c4f34",12,"fill","result","pair133","The festival filled the weekend.","The farmer filled the bucket.",1,11,6503
"a622c69f-7131-4476-848f-47ad684c4f34",12,"push","manner","pair137","The company pushed the product.","The pilot pushed the button.",0,89,4695
"a622c69f-7131-4476-848f-47ad684c4f34",12,"pull","manner","pair130","The regulators pulled the product.","The advertisement pulled the customers.",0,93,6380
"a622c69f-7131-4476-848f-47ad684c4f34",12,"cover","result","pair134","The channel covered the story.","The insurance covered the damage.",0,21,7796
"a622c69f-7131-4476-848f-47ad684c4f34",12,"shoot","manner","pair142","The photographer shot the wedding.","The hunter shot the deer.",0,100,6484
"a622c69f-7131-4476-848f-47ad684c4f34",12,"hit","manner","pair138","The traveler hit the delay.","The child hit the pillow.",0,96,4303
"a622c69f-7131-4476-848f-47ad684c4f34",12,"clear","result","pair131","The hiker cleared the obstacle.","The waiter cleared the table.",0,94,5345
"a622c69f-7131-4476-848f-47ad684c4f34",12,"break","result","pair135","The journalist broke the story.","The guest broke the plate.",0,100,3921
"a622c69f-7131-4476-848f-47ad684c4f34",12,"kill","result","pair146","The criminal killed the victim.","The cat killed the mouse.",1,4,4895
"a622c69f-7131-4476-848f-47ad684c4f34",12,"fill","result","pair140","The love filled the void.","The donations filled the need.",1,9,5103
"a622c69f-7131-4476-848f-47ad684c4f34",12,"kill","result","pair132","The business killed the competition.","The cat killed the mouse.",0,95,4281
"a622c69f-7131-4476-848f-47ad684c4f34",12,"bump","manner","pair148","The waiter bumped the table.","The gardener bumped the statue.",1,4,3989
"a622c69f-7131-4476-848f-47ad684c4f34",12,"hit","manner","pair145","The arrow hit the target.","The idea hit the researcher.",0,93,7284
"a622c69f-7131-4476-848f-47ad684c4f34",12,"break","result","pair143","The president broke the promise.","The burglar broke the window.",0,55,5187
"a622c69f-7131-4476-848f-47ad684c4f34",12,"kill","result","pair144","The traveler killed the afternoon.","The business killed the competition.",0,14,6725
"a622c69f-7131-4476-848f-47ad684c4f34",12,"fold","result","pair141","The founder folded the company.","The baker folded the flour.",0,100,5770
"70f506f2-cf60-4c71-9f61-8a6e44c189d6",8,"kill","result","pair194","The couple killed the evening.","The business killed the competition.",0,91,7377
"70f506f2-cf60-4c71-9f61-8a6e44c189d6",8,"clear","result","pair215","The bookkeeper cleared the payment.","The worker cleared the rubble.",0,89,7951
"70f506f2-cf60-4c71-9f61-8a6e44c189d6",8,"pull","manner","pair214","The scandal pulled the reporters.","The climber pulled the rope.",0,91,8318
"70f506f2-cf60-4c71-9f61-8a6e44c189d6",8,"close","result","pair197","The executive closed the deal.","The presenter closed the speech.",0,64,10300
"70f506f2-cf60-4c71-9f61-8a6e44c189d6",8,"shoot","manner","pair216","The director shot the scene.","The photographer shot the wedding.",1,16,5490
"70f506f2-cf60-4c71-9f61-8a6e44c189d6",8,"push","manner","pair208","The politician pushed the policy.","The artwork pushed the boundaries.",0,36,6934
"70f506f2-cf60-4c71-9f61-8a6e44c189d6",8,"cover","result","pair205","The writer covered the election.","The nurse covered the wound.",0,97,6530
"70f506f2-cf60-4c71-9f61-8a6e44c189d6",8,"fold","result","pair213","The manager folded the project.","The cleaner folded the clothes.",0,87,7525
"70f506f2-cf60-4c71-9f61-8a6e44c189d6",8,"push","manner","pair199","The artwork pushed the boundaries.","The shopper pushed the cart.",0,89,5097
"70f506f2-cf60-4c71-9f61-8a6e44c189d6",8,"pull","manner","pair204","The business pulled the service.","The regulators pulled the product.",1,3,5248
"70f506f2-cf60-4c71-9f61-8a6e44c189d6",8,"fold","result","pair198","The cleaner folded the clothes.","The chef folded the eggs.",0,55,4678
"70f506f2-cf60-4c71-9f61-8a6e44c189d6",8,"hit","manner","pair203","The investor hit the goal.","The solution hit the inventor.",0,91,6491
"70f506f2-cf60-4c71-9f61-8a6e44c189d6",8,"cover","result","pair211","The nurse covered the wound.","The policy covered the accident.",0,65,5388
"70f506f2-cf60-4c71-9f61-8a6e44c189d6",8,"kill","result","pair212","The traveler killed the afternoon.","The criminal killed the victim.",0,93,5999
"70f506f2-cf60-4c71-9f61-8a6e44c189d6",8,"bump","manner","pair201","The gardener bumped the statue.","The driver bumped the curb.",0,1,7626
"70f506f2-cf60-4c71-9f61-8a6e44c189d6",8,"close","result","pair207","The presenter closed the speech.","The baker closed the oven.",1,90,4979
"70f506f2-cf60-4c71-9f61-8a6e44c189d6",8,"fill","result","pair196","The farmer filled the bucket.","The waiter filled the glass.",1,1,6598
"70f506f2-cf60-4c71-9f61-8a6e44c189d6",8,"hit","manner","pair206","The hurricane hit the coastline.","The idea hit the researcher.",0,94,4997
"70f506f2-cf60-4c71-9f61-8a6e44c189d6",8,"clear","result","pair202","The horse cleared the jump.","The bookkeeper cleared the payment.",0,35,5331
"70f506f2-cf60-4c71-9f61-8a6e44c189d6",8,"bump","manner","pair217","The teacher bumped the deadline.","The ball bumped the couch.",0,92,5082
"70f506f2-cf60-4c71-9f61-8a6e44c189d6",8,"fill","result","pair218","The love filled the void.","The waiter filled the glass.",0,44,5686
"70f506f2-cf60-4c71-9f61-8a6e44c189d6",8,"open","result","pair210","The consultant opened the discussion.","The teacher opened the window.",0,10,5629
"70f506f2-cf60-4c71-9f61-8a6e44c189d6",8,"shoot","manner","pair200","The robber shot the victim.","The athlete shot the ball.",0,93,4343
"70f506f2-cf60-4c71-9f61-8a6e44c189d6",8,"kill","result","pair195","The team killed the rivals.","The cat killed the mouse.",0,72,4924
"70f506f2-cf60-4c71-9f61-8a6e44c189d6",8,"break","result","pair209","The company broke the law.","The burglar broke the window.",0,7,7535
"46345140-3328-45fc-acc7-c817181865b4",9,"open","result","pair027","The consultant opened the discussion.","The chairperson opened the meeting.",1,35,4441
"46345140-3328-45fc-acc7-c817181865b4",9,"hit","manner","pair035","The investor hit the goal.","The hurricane hit the coastline.",1,95,3602
"46345140-3328-45fc-acc7-c817181865b4",9,"fill","result","pair025","The secretary filled the schedule.","The waiter filled the glass.",1,79,4217
"46345140-3328-45fc-acc7-c817181865b4",9,"bump","manner","pair028","The gardener bumped the statue.","The ball bumped the couch.",0,77,2990
"46345140-3328-45fc-acc7-c817181865b4",9,"kill","result","pair038","The couple killed the evening.","The traveler killed the afternoon.",1,82,2669
"46345140-3328-45fc-acc7-c817181865b4",9,"fold","result","pair043","The manager folded the project.","The founder folded the company.",1,34,4953
"46345140-3328-45fc-acc7-c817181865b4",9,"pull","manner","pair040","The scandal pulled the reporters.","The advertisement pulled the customers.",1,94,4324
"46345140-3328-45fc-acc7-c817181865b4",9,"smear","manner","pair024","The baker smeared the frosting.","The artist smeared the paint.",1,73,3419
"46345140-3328-45fc-acc7-c817181865b4",9,"hit","manner","pair029","The hurricane hit the coastline.","The solution hit the inventor.",0,92,4429
"46345140-3328-45fc-acc7-c817181865b4",9,"clear","result","pair034","The bookkeeper cleared the payment.","The waiter cleared the table.",0,69,3422
"46345140-3328-45fc-acc7-c817181865b4",9,"cover","result","pair045","The writer covered the election.","The snow covered the footprints.",0,92,3743
"46345140-3328-45fc-acc7-c817181865b4",9,"fold","result","pair042","The cleaner folded the clothes.","The baker folded the flour.",0,79,2743
"46345140-3328-45fc-acc7-c817181865b4",9,"clear","result","pair026","The horse cleared the jump.","The hiker cleared the obstacle.",1,46,4887
"46345140-3328-45fc-acc7-c817181865b4",9,"close","result","pair037","The executive closed the deal.","The author closed the chapter.",0,75,4892
"46345140-3328-45fc-acc7-c817181865b4",9,"fill","result","pair030","The love filled the void.","The farmer filled the bucket.",0,39,4111
"46345140-3328-45fc-acc7-c817181865b4",9,"cover","result","pair032","The snow covered the footprints.","The insurance covered the damage.",0,76,3419
"46345140-3328-45fc-acc7-c817181865b4",9,"close","result","pair036","The author closed the chapter.","The chauffeur closed the door.",1,79,2488
"46345140-3328-45fc-acc7-c817181865b4",9,"push","manner","pair046","The politician pushed the policy.","The company pushed the product.",1,66,4461
"46345140-3328-45fc-acc7-c817181865b4",9,"shoot","manner","pair047","The robber shot the victim.","The hunter shot the deer.",1,48,2919
"46345140-3328-45fc-acc7-c817181865b4",9,"push","manner","pair044","The artwork pushed the boundaries.","The pilot pushed the button.",0,84,3285
"46345140-3328-45fc-acc7-c817181865b4",9,"bump","manner","pair033","The teacher bumped the deadline.","The gardener bumped the statue.",1,73,1927
"46345140-3328-45fc-acc7-c817181865b4",9,"kill","result","pair039","The traveler killed the afternoon.","The joke killed the evening.",0,84,3274
"46345140-3328-45fc-acc7-c817181865b4",9,"kill","result","pair041","The team killed the rivals.","The criminal killed the victim.",0,60,2911
"46345140-3328-45fc-acc7-c817181865b4",9,"break","result","pair031","The company broke the law.","The journalist broke the story.",0,86,3373
"1ba00837-eb38-4d92-bd40-874855695ec3",8,"kill","result","pair194","The couple killed the evening.","The business killed the competition.",0,100,6730
"1ba00837-eb38-4d92-bd40-874855695ec3",8,"push","manner","pair199","The artwork pushed the boundaries.","The shopper pushed the cart.",0,100,4166
"1ba00837-eb38-4d92-bd40-874855695ec3",8,"pull","manner","pair204","The business pulled the service.","The regulators pulled the product.",1,0,7679
"1ba00837-eb38-4d92-bd40-874855695ec3",8,"kill","result","pair212","The traveler killed the afternoon.","The criminal killed the victim.",0,100,4230
"1ba00837-eb38-4d92-bd40-874855695ec3",8,"shoot","manner","pair200","The robber shot the victim.","The athlete shot the ball.",0,100,4046
"1ba00837-eb38-4d92-bd40-874855695ec3",8,"pull","manner","pair214","The scandal pulled the reporters.","The climber pulled the rope.",0,95,6765
"1ba00837-eb38-4d92-bd40-874855695ec3",8,"clear","result","pair215","The bookkeeper cleared the payment.","The worker cleared the rubble.",0,100,4328
"1ba00837-eb38-4d92-bd40-874855695ec3",8,"shoot","manner","pair216","The director shot the scene.","The photographer shot the wedding.",1,0,5964
"1ba00837-eb38-4d92-bd40-874855695ec3",8,"break","result","pair209","The company broke the law.","The burglar broke the window.",0,100,5412
"1ba00837-eb38-4d92-bd40-874855695ec3",8,"hit","manner","pair203","The investor hit the goal.","The solution hit the inventor.",0,100,5062
"1ba00837-eb38-4d92-bd40-874855695ec3",8,"bump","manner","pair217","The teacher bumped the deadline.","The ball bumped the couch.",0,100,4896
"1ba00837-eb38-4d92-bd40-874855695ec3",8,"kill","result","pair195","The team killed the rivals.","The cat killed the mouse.",0,100,6031
"1ba00837-eb38-4d92-bd40-874855695ec3",8,"clear","result","pair202","The horse cleared the jump.","The bookkeeper cleared the payment.",0,100,4385
"1ba00837-eb38-4d92-bd40-874855695ec3",8,"close","result","pair207","The presenter closed the speech.","The baker closed the oven.",1,100,6197
"1ba00837-eb38-4d92-bd40-874855695ec3",8,"cover","result","pair211","The nurse covered the wound.","The policy covered the accident.",0,100,4362
"1ba00837-eb38-4d92-bd40-874855695ec3",8,"close","result","pair197","The executive closed the deal.","The presenter closed the speech.",0,100,6596
"1ba00837-eb38-4d92-bd40-874855695ec3",8,"cover","result","pair205","The writer covered the election.","The nurse covered the wound.",0,98,3614
"1ba00837-eb38-4d92-bd40-874855695ec3",8,"fold","result","pair213","The manager folded the project.","The cleaner folded the clothes.",0,100,5926
"1ba00837-eb38-4d92-bd40-874855695ec3",8,"fold","result","pair198","The cleaner folded the clothes.","The chef folded the eggs.",0,87,5001
"1ba00837-eb38-4d92-bd40-874855695ec3",8,"bump","manner","pair201","The gardener bumped the statue.","The driver bumped the curb.",0,0,5646
"1ba00837-eb38-4d92-bd40-874855695ec3",8,"fill","result","pair218","The love filled the void.","The waiter filled the glass.",0,98,4146
"1ba00837-eb38-4d92-bd40-874855695ec3",8,"hit","manner","pair206","The hurricane hit the coastline.","The idea hit the researcher.",0,100,18660
"1ba00837-eb38-4d92-bd40-874855695ec3",8,"open","result","pair210","The consultant opened the discussion.","The teacher opened the window.",0,100,4258
"1ba00837-eb38-4d92-bd40-874855695ec3",8,"push","manner","pair208","The politician pushed the policy.","The artwork pushed the boundaries.",0,100,4560
"1ba00837-eb38-4d92-bd40-874855695ec3",8,"fill","result","pair196","The farmer filled the bucket.","The waiter filled the glass.",1,0,13383
"48a5acd8-f359-496e-a972-345980e54316",2,"close","result","pair147","The lawyer closed the case.","The chauffeur closed the door.",0,84,5884
"48a5acd8-f359-496e-a972-345980e54316",2,"kill","result","pair144","The traveler killed the afternoon.","The business killed the competition.",0,78,5414
"48a5acd8-f359-496e-a972-345980e54316",2,"kill","result","pair132","The business killed the competition.","The cat killed the mouse.",0,100,12242
"48a5acd8-f359-496e-a972-345980e54316",2,"bump","manner","pair148","The waiter bumped the table.","The gardener bumped the statue.",1,0,7149
"48a5acd8-f359-496e-a972-345980e54316",2,"clear","result","pair131","The hiker cleared the obstacle.","The waiter cleared the table.",0,91,5483
"48a5acd8-f359-496e-a972-345980e54316",2,"hit","manner","pair138","The traveler hit the delay.","The child hit the pillow.",0,93,4967
"48a5acd8-f359-496e-a972-345980e54316",2,"kill","result","pair146","The criminal killed the victim.","The cat killed the mouse.",1,0,4366
"48a5acd8-f359-496e-a972-345980e54316",2,"push","manner","pair137","The company pushed the product.","The pilot pushed the button.",0,77,5882
"48a5acd8-f359-496e-a972-345980e54316",2,"shoot","manner","pair142","The photographer shot the wedding.","The hunter shot the deer.",0,96,3582
"48a5acd8-f359-496e-a972-345980e54316",2,"fill","result","pair140","The love filled the void.","The donations filled the need.",1,64,12450
"48a5acd8-f359-496e-a972-345980e54316",2,"fill","result","pair133","The festival filled the weekend.","The farmer filled the bucket.",1,100,4399
"48a5acd8-f359-496e-a972-345980e54316",2,"cover","result","pair134","The channel covered the story.","The insurance covered the damage.",0,9,4666
"48a5acd8-f359-496e-a972-345980e54316",2,"smear","manner","pair136","The journalist smeared the business.","The artist smeared the paint.",0,73,5750
"48a5acd8-f359-496e-a972-345980e54316",2,"hit","manner","pair145","The arrow hit the target.","The idea hit the researcher.",0,45,8233
"48a5acd8-f359-496e-a972-345980e54316",2,"break","result","pair135","The journalist broke the story.","The guest broke the plate.",0,89,3466
"48a5acd8-f359-496e-a972-345980e54316",2,"hit","manner","pair139","The idea hit the researcher.","The child hit the pillow.",1,93,3432
"48a5acd8-f359-496e-a972-345980e54316",2,"pull","manner","pair130","The regulators pulled the product.","The advertisement pulled the customers.",0,9,5900
"48a5acd8-f359-496e-a972-345980e54316",2,"fold","result","pair141","The founder folded the company.","The baker folded the flour.",0,100,3732
"48a5acd8-f359-496e-a972-345980e54316",2,"break","result","pair143","The president broke the promise.","The burglar broke the window.",0,99,3700
"c97d7b0b-cfad-4ffc-b427-c9d25d3a7d08",14,"pull","manner","pair168","The business pulled the service.","The worker pulled the lever.",0,86,4163
"c97d7b0b-cfad-4ffc-b427-c9d25d3a7d08",14,"hit","manner","pair157","The traveler hit the delay.","The solution hit the inventor.",0,82,5646
"c97d7b0b-cfad-4ffc-b427-c9d25d3a7d08",14,"fold","result","pair154","The founder folded the company.","The cleaner folded the clothes.",0,83,4512
"c97d7b0b-cfad-4ffc-b427-c9d25d3a7d08",14,"hit","manner","pair151","The arrow hit the target.","The hurricane hit the coastline.",1,87,4154
"c97d7b0b-cfad-4ffc-b427-c9d25d3a7d08",14,"kill","result","pair167","The joke killed the evening.","The criminal killed the victim.",1,89,3588
"c97d7b0b-cfad-4ffc-b427-c9d25d3a7d08",14,"hit","manner","pair159","The solution hit the inventor.","The child hit the pillow.",1,91,2705
"c97d7b0b-cfad-4ffc-b427-c9d25d3a7d08",14,"clear","result","pair149","The hiker cleared the obstacle.","The bookkeeper cleared the payment.",0,87,2827
"c97d7b0b-cfad-4ffc-b427-c9d25d3a7d08",14,"open","result","pair155","The teacher opened the window.","The farmer opened the gate.",1,87,2768
"c97d7b0b-cfad-4ffc-b427-c9d25d3a7d08",14,"fill","result","pair158","The donations filled the need.","The waiter filled the glass.",0,93,4368
"c97d7b0b-cfad-4ffc-b427-c9d25d3a7d08",14,"break","result","pair152","The doctor broke the news.","The guest broke the plate.",0,95,3009
"c97d7b0b-cfad-4ffc-b427-c9d25d3a7d08",14,"kill","result","pair156","The couple killed the evening.","The criminal killed the victim.",0,96,5746
"c97d7b0b-cfad-4ffc-b427-c9d25d3a7d08",14,"smear","manner","pair169","The journalist smeared the business.","The article smeared the celebrity.",1,55,6092
"c97d7b0b-cfad-4ffc-b427-c9d25d3a7d08",14,"break","result","pair166","The president broke the promise.","The doctor broke the news.",0,98,2885
"c97d7b0b-cfad-4ffc-b427-c9d25d3a7d08",14,"pull","manner","pair150","The climber pulled the rope.","The worker pulled the lever.",1,93,2647
"c97d7b0b-cfad-4ffc-b427-c9d25d3a7d08",14,"kill","result","pair163","The business killed the competition.","The joke killed the evening.",0,94,4784
"c97d7b0b-cfad-4ffc-b427-c9d25d3a7d08",14,"shoot","manner","pair160","The director shot the scene.","The technician shot the fireworks.",0,95,2764
"c97d7b0b-cfad-4ffc-b427-c9d25d3a7d08",14,"close","result","pair153","The lawyer closed the case.","The presenter closed the speech.",0,93,2803
"c97d7b0b-cfad-4ffc-b427-c9d25d3a7d08",14,"push","manner","pair162","The company pushed the product.","The artwork pushed the boundaries.",0,96,3689
"c97d7b0b-cfad-4ffc-b427-c9d25d3a7d08",14,"bump","manner","pair161","The dean bumped the meeting.","The ball bumped the couch.",0,99,2895
"c97d7b0b-cfad-4ffc-b427-c9d25d3a7d08",14,"shoot","manner","pair164","The athlete shot the ball.","The technician shot the fireworks.",1,98,2246
"c97d7b0b-cfad-4ffc-b427-c9d25d3a7d08",14,"cover","result","pair165","The channel covered the story.","The nurse covered the wound.",0,92,2338
"50d73515-9d3c-4a14-bbe6-f91282103f82",5,"clear","result","pair005","The horse cleared the jump.","The worker cleared the rubble.",0,93,7401
"50d73515-9d3c-4a14-bbe6-f91282103f82",5,"kill","result","pair015","The couple killed the evening.","The joke killed the evening.",0,77,6965
"50d73515-9d3c-4a14-bbe6-f91282103f82",5,"open","result","pair016","The chairperson opened the meeting.","The farmer opened the gate.",0,100,5405
"50d73515-9d3c-4a14-bbe6-f91282103f82",5,"kill","result","pair003","The business killed the competition.","The mistake killed the proposal.",0,91,8644
"50d73515-9d3c-4a14-bbe6-f91282103f82",5,"hit","manner","pair021","The investor hit the goal.","The batter hit the ball.",0,96,9840
"50d73515-9d3c-4a14-bbe6-f91282103f82",5,"hit","manner","pair009","The traveler hit the delay.","The hurricane hit the coastline.",1,100,4832
"50d73515-9d3c-4a14-bbe6-f91282103f82",5,"push","manner","pair018","The politician pushed the policy.","The shopper pushed the cart.",0,99,7964
"50d73515-9d3c-4a14-bbe6-f91282103f82",5,"clear","result","pair011","The waiter cleared the table.","The worker cleared the rubble.",1,43,10628
"50d73515-9d3c-4a14-bbe6-f91282103f82",5,"fill","result","pair008","The donations filled the need.","The farmer filled the bucket.",0,88,8319
"50d73515-9d3c-4a14-bbe6-f91282103f82",5,"shoot","manner","pair001","The director shot the scene.","The athlete shot the ball.",0,97,4854
"50d73515-9d3c-4a14-bbe6-f91282103f82",5,"kill","result","pair022","The mistake killed the proposal.","The cat killed the mouse.",1,92,5042
"50d73515-9d3c-4a14-bbe6-f91282103f82",5,"hit","manner","pair010","The solution hit the inventor.","The idea hit the researcher.",1,65,7736
"50d73515-9d3c-4a14-bbe6-f91282103f82",5,"break","result","pair012","The president broke the promise.","The company broke the law.",1,54,5706
"50d73515-9d3c-4a14-bbe6-f91282103f82",5,"break","result","pair020","The doctor broke the news.","The burglar broke the window.",0,97,4263
"50d73515-9d3c-4a14-bbe6-f91282103f82",5,"pull","manner","pair004","The business pulled the service.","The climber pulled the rope.",0,92,5101
"50d73515-9d3c-4a14-bbe6-f91282103f82",5,"fold","result","pair006","The manager folded the project.","The chef folded the eggs.",0,97,5270
"50d73515-9d3c-4a14-bbe6-f91282103f82",5,"close","result","pair013","The lawyer closed the case.","The author closed the chapter.",0,89,9998
"50d73515-9d3c-4a14-bbe6-f91282103f82",5,"fold","result","pair017","The baker folded the flour.","The chef folded the eggs.",1,14,6305
"50d73515-9d3c-4a14-bbe6-f91282103f82",5,"push","manner","pair019","The pilot pushed the button.","The shopper pushed the cart.",1,23,7218
"50d73515-9d3c-4a14-bbe6-f91282103f82",5,"bump","manner","pair007","The dean bumped the meeting.","The gardener bumped the statue.",1,94,5002
"50d73515-9d3c-4a14-bbe6-f91282103f82",5,"pull","manner","pair014","The advertisement pulled the customers.","The worker pulled the lever.",0,96,5681
"50d73515-9d3c-4a14-bbe6-f91282103f82",5,"cover","result","pair023","The channel covered the story.","The snow covered the footprints.",0,98,6232
"50d73515-9d3c-4a14-bbe6-f91282103f82",5,"shoot","manner","pair002","The hunter shot the deer.","The technician shot the fireworks.",0,93,4550
"5b3bef9d-7924-4431-a039-0218e991795f",11,"break","result","pair048","The burglar broke the window.","The guest broke the plate.",1,76,8337
"5b3bef9d-7924-4431-a039-0218e991795f",11,"hit","manner","pair060","The traveler hit the delay.","The batter hit the ball.",0,97,9170
"5b3bef9d-7924-4431-a039-0218e991795f",11,"hit","manner","pair056","The idea hit the researcher.","The batter hit the ball.",1,97,11032
"5b3bef9d-7924-4431-a039-0218e991795f",11,"bump","manner","pair064","The waiter bumped the table.","The ball bumped the couch.",0,36,8164
"5b3bef9d-7924-4431-a039-0218e991795f",11,"pull","manner","pair061","The regulators pulled the product.","The climber pulled the rope.",0,100,6146
"5b3bef9d-7924-4431-a039-0218e991795f",11,"push","manner","pair059","The company pushed the product.","The shopper pushed the cart.",0,97,6816
"5b3bef9d-7924-4431-a039-0218e991795f",11,"hit","manner","pair054","The arrow hit the target.","The child hit the pillow.",0,91,6437
"5b3bef9d-7924-4431-a039-0218e991795f",11,"kill","result","pair049","The team killed the rivals.","The mistake killed the proposal.",0,95,6299
"5b3bef9d-7924-4431-a039-0218e991795f",11,"smear","manner","pair051","The article smeared the celebrity.","The baker smeared the frosting.",0,100,8401
"5b3bef9d-7924-4431-a039-0218e991795f",11,"fill","result","pair062","The festival filled the weekend.","The waiter filled the glass.",1,100,6283
"5b3bef9d-7924-4431-a039-0218e991795f",11,"bump","manner","pair058","The teacher bumped the deadline.","The dean bumped the meeting.",1,45,5888
"5b3bef9d-7924-4431-a039-0218e991795f",11,"kill","result","pair057","The traveler killed the afternoon.","The team killed the rivals.",0,100,5451
"5b3bef9d-7924-4431-a039-0218e991795f",11,"fill","result","pair066","The love filled the void.","The festival filled the weekend.",0,64,6580
"5b3bef9d-7924-4431-a039-0218e991795f",11,"close","result","pair052","The author closed the chapter.","The presenter closed the speech.",1,24,6064
"5b3bef9d-7924-4431-a039-0218e991795f",11,"fold","result","pair050","The founder folded the company.","The chef folded the eggs.",0,100,4784
"5b3bef9d-7924-4431-a039-0218e991795f",11,"clear","result","pair055","The hiker cleared the obstacle.","The worker cleared the rubble.",0,97,7690
"5b3bef9d-7924-4431-a039-0218e991795f",11,"shoot","manner","pair063","The photographer shot the wedding.","The athlete shot the ball.",0,100,4983
"5b3bef9d-7924-4431-a039-0218e991795f",11,"break","result","pair053","The president broke the promise.","The guest broke the plate.",0,100,3944
"5b3bef9d-7924-4431-a039-0218e991795f",11,"cover","result","pair065","The snow covered the footprints.","The nurse covered the wound.",1,50,4243
"5750080f-77ee-49be-ada6-afb5861fdd56",16,"open","result","pair183","The chairperson opened the meeting.","The teacher opened the window.",0,72,15206
"5750080f-77ee-49be-ada6-afb5861fdd56",16,"shoot","manner","pair184","The hunter shot the deer.","The athlete shot the ball.",0,87,11215
"5750080f-77ee-49be-ada6-afb5861fdd56",16,"fold","result","pair190","The manager folded the project.","The baker folded the flour.",0,84,8848
"5750080f-77ee-49be-ada6-afb5861fdd56",16,"shoot","manner","pair181","The director shot the scene.","The hunter shot the deer.",0,93,14372
"5750080f-77ee-49be-ada6-afb5861fdd56",16,"fill","result","pair186","The donations filled the need.","The secretary filled the schedule.",0,32,16702
"5750080f-77ee-49be-ada6-afb5861fdd56",16,"pull","manner","pair175","The business pulled the service.","The advertisement pulled the customers.",0,100,9922
"5750080f-77ee-49be-ada6-afb5861fdd56",16,"hit","manner","pair191","The hurricane hit the coastline.","The batter hit the ball.",0,11,18155
"5750080f-77ee-49be-ada6-afb5861fdd56",16,"push","manner","pair180","The politician pushed the policy.","The pilot pushed the button.",0,100,17303
"5750080f-77ee-49be-ada6-afb5861fdd56",16,"fold","result","pair173","The child folded the paper.","The chef folded the eggs.",0,26,12488
"5750080f-77ee-49be-ada6-afb5861fdd56",16,"bump","manner","pair193","The dean bumped the meeting.","The waiter bumped the table.",1,23,13388
"5750080f-77ee-49be-ada6-afb5861fdd56",16,"hit","manner","pair174","The traveler hit the delay.","The arrow hit the target.",1,99,17821
"5750080f-77ee-49be-ada6-afb5861fdd56",16,"cover","result","pair187","The writer covered the election.","The insurance covered the damage.",0,82,15809
"5750080f-77ee-49be-ada6-afb5861fdd56",16,"break","result","pair172","The doctor broke the news.","The journalist broke the story.",1,0,11890
"5750080f-77ee-49be-ada6-afb5861fdd56",16,"hit","manner","pair179","The investor hit the goal.","The child hit the pillow.",0,86,7039
"5750080f-77ee-49be-ada6-afb5861fdd56",16,"close","result","pair176","The executive closed the deal.","The chauffeur closed the door.",0,94,9075
"5750080f-77ee-49be-ada6-afb5861fdd56",16,"clear","result","pair177","The officer cleared the request.","The worker cleared the rubble.",0,70,17921
"5750080f-77ee-49be-ada6-afb5861fdd56",16,"kill","result","pair171","The couple killed the evening.","The mistake killed the proposal.",0,0,7239
"5750080f-77ee-49be-ada6-afb5861fdd56",16,"kill","result","pair182","The mistake killed the proposal.","The criminal killed the victim.",1,94,8795
"5750080f-77ee-49be-ada6-afb5861fdd56",16,"clear","result","pair178","The horse cleared the jump.","The waiter cleared the table.",0,89,6866
"5750080f-77ee-49be-ada6-afb5861fdd56",16,"cover","result","pair192","The policy covered the accident.","The insurance covered the damage.",1,0,11238
"5750080f-77ee-49be-ada6-afb5861fdd56",16,"kill","result","pair188","The business killed the competition.","The team killed the rivals.",1,100,6407
"5750080f-77ee-49be-ada6-afb5861fdd56",16,"close","result","pair185","The baker closed the oven.","The chauffeur closed the door.",1,0,5798
"5750080f-77ee-49be-ada6-afb5861fdd56",16,"pull","manner","pair189","The advertisement pulled the customers.","The climber pulled the rope.",0,16,12812
"5750080f-77ee-49be-ada6-afb5861fdd56",16,"push","manner","pair170","The athlete pushed the limit.","The shopper pushed the cart.",0,100,9876
"6fa95efe-0524-47c6-90e0-1fbf1ec26784",0,"break","result","pair110","The company broke the law.","The doctor broke the news.",0,98,5026
"6fa95efe-0524-47c6-90e0-1fbf1ec26784",0,"kill","result","pair127","The traveler killed the afternoon.","The mistake killed the proposal.",0,86,16301
"6fa95efe-0524-47c6-90e0-1fbf1ec26784",0,"hit","manner","pair122","The investor hit the goal.","The arrow hit the target.",1,0,8803
"6fa95efe-0524-47c6-90e0-1fbf1ec26784",0,"fold","result","pair113","The cleaner folded the clothes.","The child folded the paper.",1,0,7542
"6fa95efe-0524-47c6-90e0-1fbf1ec26784",0,"fill","result","pair120","The love filled the void.","The secretary filled the schedule.",0,38,9645
"6fa95efe-0524-47c6-90e0-1fbf1ec26784",0,"hit","manner","pair126","The arrow hit the target.","The batter hit the ball.",0,5,4894
"6fa95efe-0524-47c6-90e0-1fbf1ec26784",0,"smear","manner","pair117","The article smeared the celebrity.","The artist smeared the paint.",0,86,7067
"6fa95efe-0524-47c6-90e0-1fbf1ec26784",0,"close","result","pair118","The author closed the chapter.","The baker closed the oven.",1,89,13503
"6fa95efe-0524-47c6-90e0-1fbf1ec26784",0,"clear","result","pair114","The bookkeeper cleared the payment.","The officer cleared the request.",1,92,6600
"6fa95efe-0524-47c6-90e0-1fbf1ec26784",0,"pull","manner","pair124","The regulators pulled the product.","The worker pulled the lever.",0,91,4090
"6fa95efe-0524-47c6-90e0-1fbf1ec26784",0,"cover","result","pair128","The snow covered the footprints.","The policy covered the accident.",0,96,7925
"6fa95efe-0524-47c6-90e0-1fbf1ec26784",0,"bump","manner","pair129","The waiter bumped the table.","The driver bumped the curb.",0,0,4585
"6fa95efe-0524-47c6-90e0-1fbf1ec26784",0,"hit","manner","pair125","The child hit the pillow.","The batter hit the ball.",1,2,4017
"6fa95efe-0524-47c6-90e0-1fbf1ec26784",0,"cover","result","pair121","The writer covered the election.","The channel covered the story.",1,1,7042
"6fa95efe-0524-47c6-90e0-1fbf1ec26784",0,"push","manner","pair112","The artwork pushed the boundaries.","The athlete pushed the limit.",1,31,7629
"6fa95efe-0524-47c6-90e0-1fbf1ec26784",0,"fill","result","pair111","The secretary filled the schedule.","The farmer filled the bucket.",1,31,6164
"6fa95efe-0524-47c6-90e0-1fbf1ec26784",0,"shoot","manner","pair119","The photographer shot the wedding.","The technician shot the fireworks.",0,91,5980
"6fa95efe-0524-47c6-90e0-1fbf1ec26784",0,"kill","result","pair123","The team killed the rivals.","The joke killed the evening.",0,95,14757
"6fa95efe-0524-47c6-90e0-1fbf1ec26784",0,"close","result","pair115","The executive closed the deal.","The lawyer closed the case.",1,2,8106
"6fa95efe-0524-47c6-90e0-1fbf1ec26784",0,"bump","manner","pair116","The teacher bumped the deadline.","The waiter bumped the table.",1,97,3666
"75c810b1-7796-474f-83c9-7b54e58c1046",3,"close","result","pair075","The lawyer closed the case.","The baker closed the oven.",0,70,5071
"75c810b1-7796-474f-83c9-7b54e58c1046",3,"hit","manner","pair074","The traveler hit the delay.","The idea hit the researcher.",0,98,5092
"75c810b1-7796-474f-83c9-7b54e58c1046",3,"kill","result","pair071","The joke killed the evening.","The cat killed the mouse.",1,39,4473
"75c810b1-7796-474f-83c9-7b54e58c1046",3,"pull","manner","pair083","The regulators pulled the product.","The scandal pulled the reporters.",0,80,5069
"75c810b1-7796-474f-83c9-7b54e58c1046",3,"hit","manner","pair073","The arrow hit the target.","The solution hit the inventor.",0,62,4333
"75c810b1-7796-474f-83c9-7b54e58c1046",3,"bump","manner","pair079","The dean bumped the meeting.","The driver bumped the curb.",0,98,3845
"75c810b1-7796-474f-83c9-7b54e58c1046",3,"clear","result","pair070","The hiker cleared the obstacle.","The officer cleared the request.",0,94,3694
"75c810b1-7796-474f-83c9-7b54e58c1046",3,"fold","result","pair072","The founder folded the company.","The child folded the paper.",0,100,4044
"75c810b1-7796-474f-83c9-7b54e58c1046",3,"shoot","manner","pair080","The photographer shot the wedding.","The robber shot the victim.",0,99,8525
"75c810b1-7796-474f-83c9-7b54e58c1046",3,"fill","result","pair084","The festival filled the weekend.","The secretary filled the schedule.",1,34,3524
"75c810b1-7796-474f-83c9-7b54e58c1046",3,"break","result","pair082","The journalist broke the story.","The burglar broke the window.",0,99,3444
"75c810b1-7796-474f-83c9-7b54e58c1046",3,"hit","manner","pair076","The solution hit the inventor.","The batter hit the ball.",1,87,3794
"75c810b1-7796-474f-83c9-7b54e58c1046",3,"smear","manner","pair068","The journalist smeared the business.","The baker smeared the frosting.",0,91,3386
"75c810b1-7796-474f-83c9-7b54e58c1046",3,"kill","result","pair077","The business killed the competition.","The criminal killed the victim.",0,87,4717
"75c810b1-7796-474f-83c9-7b54e58c1046",3,"push","manner","pair067","The company pushed the product.","The athlete pushed the limit.",0,89,3434
"75c810b1-7796-474f-83c9-7b54e58c1046",3,"kill","result","pair081","The couple killed the evening.","The cat killed the mouse.",0,95,2906
"75c810b1-7796-474f-83c9-7b54e58c1046",3,"break","result","pair069","The president broke the promise.","The journalist broke the story.",0,92,4654
"75c810b1-7796-474f-83c9-7b54e58c1046",3,"cover","result","pair078","The channel covered the story.","The policy covered the accident.",0,30,6948
"f2a71336-054b-4e56-bdaf-1c41107175fb",14,"push","manner","pair162","The company pushed the product.","The artwork pushed the boundaries.",0,81,11136
"f2a71336-054b-4e56-bdaf-1c41107175fb",14,"bump","manner","pair161","The dean bumped the meeting.","The ball bumped the couch.",0,93,11280
"f2a71336-054b-4e56-bdaf-1c41107175fb",14,"kill","result","pair163","The business killed the competition.","The joke killed the evening.",0,89,11749
"f2a71336-054b-4e56-bdaf-1c41107175fb",14,"fold","result","pair154","The founder folded the company.","The cleaner folded the clothes.",0,96,8858
"f2a71336-054b-4e56-bdaf-1c41107175fb",14,"kill","result","pair167","The joke killed the evening.","The criminal killed the victim.",1,91,8391
"f2a71336-054b-4e56-bdaf-1c41107175fb",14,"hit","manner","pair157","The traveler hit the delay.","The solution hit the inventor.",0,100,13653
"f2a71336-054b-4e56-bdaf-1c41107175fb",14,"fill","result","pair158","The donations filled the need.","The waiter filled the glass.",0,94,7468
"f2a71336-054b-4e56-bdaf-1c41107175fb",14,"pull","manner","pair168","The business pulled the service.","The worker pulled the lever.",0,99,6966
"f2a71336-054b-4e56-bdaf-1c41107175fb",14,"smear","manner","pair169","The journalist smeared the business.","The article smeared the celebrity.",1,98,7324
"f2a71336-054b-4e56-bdaf-1c41107175fb",14,"hit","manner","pair151","The arrow hit the target.","The hurricane hit the coastline.",1,97,6378
"f2a71336-054b-4e56-bdaf-1c41107175fb",14,"pull","manner","pair150","The climber pulled the rope.","The worker pulled the lever.",1,36,10357
"f2a71336-054b-4e56-bdaf-1c41107175fb",14,"break","result","pair152","The doctor broke the news.","The guest broke the plate.",0,95,7084
"f2a71336-054b-4e56-bdaf-1c41107175fb",14,"hit","manner","pair159","The solution hit the inventor.","The child hit the pillow.",1,94,6509
"f2a71336-054b-4e56-bdaf-1c41107175fb",14,"cover","result","pair165","The channel covered the story.","The nurse covered the wound.",0,100,7360
"f2a71336-054b-4e56-bdaf-1c41107175fb",14,"shoot","manner","pair164","The athlete shot the ball.","The technician shot the fireworks.",1,99,6988
"f2a71336-054b-4e56-bdaf-1c41107175fb",14,"clear","result","pair149","The hiker cleared the obstacle.","The bookkeeper cleared the payment.",0,100,6235
"f2a71336-054b-4e56-bdaf-1c41107175fb",14,"open","result","pair155","The teacher opened the window.","The farmer opened the gate.",1,99,4495
"f2a71336-054b-4e56-bdaf-1c41107175fb",14,"close","result","pair153","The lawyer closed the case.","The presenter closed the speech.",0,99,6915
"f2a71336-054b-4e56-bdaf-1c41107175fb",14,"kill","result","pair156","The couple killed the evening.","The criminal killed the victim.",0,100,5454
"f2a71336-054b-4e56-bdaf-1c41107175fb",14,"shoot","manner","pair160","The director shot the scene.","The technician shot the fireworks.",0,96,5982
"f2a71336-054b-4e56-bdaf-1c41107175fb",14,"break","result","pair166","The president broke the promise.","The doctor broke the news.",0,99,7516
"e77b7963-3795-4cbc-9c7e-72370686e03e",6,"open","result","pair183","The chairperson opened the meeting.","The teacher opened the window.",0,63,18519
"e77b7963-3795-4cbc-9c7e-72370686e03e",6,"cover","result","pair187","The writer covered the election.","The insurance covered the damage.",0,77,15405
"e77b7963-3795-4cbc-9c7e-72370686e03e",6,"shoot","manner","pair181","The director shot the scene.","The hunter shot the deer.",0,98,8094
"e77b7963-3795-4cbc-9c7e-72370686e03e",6,"kill","result","pair188","The business killed the competition.","The team killed the rivals.",1,1,9540
"e77b7963-3795-4cbc-9c7e-72370686e03e",6,"break","result","pair172","The doctor broke the news.","The journalist broke the story.",1,0,7476
"e77b7963-3795-4cbc-9c7e-72370686e03e",6,"close","result","pair185","The baker closed the oven.","The chauffeur closed the door.",1,17,9186
"e77b7963-3795-4cbc-9c7e-72370686e03e",6,"close","result","pair176","The executive closed the deal.","The chauffeur closed the door.",0,90,6967
"e77b7963-3795-4cbc-9c7e-72370686e03e",6,"clear","result","pair178","The horse cleared the jump.","The waiter cleared the table.",0,89,18297
"e77b7963-3795-4cbc-9c7e-72370686e03e",6,"hit","manner","pair174","The traveler hit the delay.","The arrow hit the target.",1,75,11123
"e77b7963-3795-4cbc-9c7e-72370686e03e",6,"bump","manner","pair193","The dean bumped the meeting.","The waiter bumped the table.",1,99,7862
"e77b7963-3795-4cbc-9c7e-72370686e03e",6,"kill","result","pair182","The mistake killed the proposal.","The criminal killed the victim.",1,100,10019
"e77b7963-3795-4cbc-9c7e-72370686e03e",6,"hit","manner","pair191","The hurricane hit the coastline.","The batter hit the ball.",0,100,7024
"e77b7963-3795-4cbc-9c7e-72370686e03e",6,"push","manner","pair180","The politician pushed the policy.","The pilot pushed the button.",0,100,6234
"e77b7963-3795-4cbc-9c7e-72370686e03e",6,"cover","result","pair192","The policy covered the accident.","The insurance covered the damage.",1,0,6019
"e77b7963-3795-4cbc-9c7e-72370686e03e",6,"push","manner","pair170","The athlete pushed the limit.","The shopper pushed the cart.",0,92,5470
"e77b7963-3795-4cbc-9c7e-72370686e03e",6,"pull","manner","pair175","The business pulled the service.","The advertisement pulled the customers.",0,90,8558
"e77b7963-3795-4cbc-9c7e-72370686e03e",6,"fold","result","pair190","The manager folded the project.","The baker folded the flour.",0,100,5518
"e77b7963-3795-4cbc-9c7e-72370686e03e",6,"clear","result","pair177","The officer cleared the request.","The worker cleared the rubble.",0,90,7187
"e77b7963-3795-4cbc-9c7e-72370686e03e",6,"fold","result","pair173","The child folded the paper.","The chef folded the eggs.",0,100,6682
"e77b7963-3795-4cbc-9c7e-72370686e03e",6,"fill","result","pair186","The donations filled the need.","The secretary filled the schedule.",0,60,11870
"e77b7963-3795-4cbc-9c7e-72370686e03e",6,"kill","result","pair171","The couple killed the evening.","The mistake killed the proposal.",0,4,8142
"e77b7963-3795-4cbc-9c7e-72370686e03e",6,"shoot","manner","pair184","The hunter shot the deer.","The athlete shot the ball.",0,96,5695
"e77b7963-3795-4cbc-9c7e-72370686e03e",6,"hit","manner","pair179","The investor hit the goal.","The child hit the pillow.",0,84,4814
"e77b7963-3795-4cbc-9c7e-72370686e03e",6,"pull","manner","pair189","The advertisement pulled the customers.","The climber pulled the rope.",0,30,7803
"3fb9664d-8c8b-4571-a637-b3dd62bdc74d",2,"close","result","pair147","The lawyer closed the case.","The chauffeur closed the door.",0,66,10886
"3fb9664d-8c8b-4571-a637-b3dd62bdc74d",2,"hit","manner","pair139","The idea hit the researcher.","The child hit the pillow.",1,90,6807
"3fb9664d-8c8b-4571-a637-b3dd62bdc74d",2,"break","result","pair135","The journalist broke the story.","The guest broke the plate.",0,91,5564
"3fb9664d-8c8b-4571-a637-b3dd62bdc74d",2,"clear","result","pair131","The hiker cleared the obstacle.","The waiter cleared the table.",0,79,7073
"3fb9664d-8c8b-4571-a637-b3dd62bdc74d",2,"hit","manner","pair138","The traveler hit the delay.","The child hit the pillow.",0,85,11239
"3fb9664d-8c8b-4571-a637-b3dd62bdc74d",2,"kill","result","pair132","The business killed the competition.","The cat killed the mouse.",0,39,16067
"3fb9664d-8c8b-4571-a637-b3dd62bdc74d",2,"fold","result","pair141","The founder folded the company.","The baker folded the flour.",0,75,6518
"3fb9664d-8c8b-4571-a637-b3dd62bdc74d",2,"kill","result","pair146","The criminal killed the victim.","The cat killed the mouse.",1,30,9048
"3fb9664d-8c8b-4571-a637-b3dd62bdc74d",2,"cover","result","pair134","The channel covered the story.","The insurance covered the damage.",0,46,12584
"3fb9664d-8c8b-4571-a637-b3dd62bdc74d",2,"pull","manner","pair130","The regulators pulled the product.","The advertisement pulled the customers.",0,33,8119
"3fb9664d-8c8b-4571-a637-b3dd62bdc74d",2,"push","manner","pair137","The company pushed the product.","The pilot pushed the button.",0,54,10173
"3fb9664d-8c8b-4571-a637-b3dd62bdc74d",2,"fill","result","pair140","The love filled the void.","The donations filled the need.",1,39,6850
"3fb9664d-8c8b-4571-a637-b3dd62bdc74d",2,"break","result","pair143","The president broke the promise.","The burglar broke the window.",0,41,23467
"3fb9664d-8c8b-4571-a637-b3dd62bdc74d",2,"bump","manner","pair148","The waiter bumped the table.","The gardener bumped the statue.",1,70,6172
"3fb9664d-8c8b-4571-a637-b3dd62bdc74d",2,"kill","result","pair144","The traveler killed the afternoon.","The business killed the competition.",0,71,5984
"3fb9664d-8c8b-4571-a637-b3dd62bdc74d",2,"hit","manner","pair145","The arrow hit the target.","The idea hit the researcher.",0,50,8573
"3fb9664d-8c8b-4571-a637-b3dd62bdc74d",2,"shoot","manner","pair142","The photographer shot the wedding.","The hunter shot the deer.",0,83,13107
"3fb9664d-8c8b-4571-a637-b3dd62bdc74d",2,"fill","result","pair133","The festival filled the weekend.","The farmer filled the bucket.",1,88,5602
"3fb9664d-8c8b-4571-a637-b3dd62bdc74d",2,"smear","manner","pair136","The journalist smeared the business.","The artist smeared the paint.",0,45,13602
"d2c392b9-7cce-4818-a051-7ec9c3259d0d",11,"pull","manner","pair061","The regulators pulled the product.","The climber pulled the rope.",0,100,4160
"d2c392b9-7cce-4818-a051-7ec9c3259d0d",11,"hit","manner","pair056","The idea hit the researcher.","The batter hit the ball.",1,100,4120
"d2c392b9-7cce-4818-a051-7ec9c3259d0d",11,"hit","manner","pair054","The arrow hit the target.","The child hit the pillow.",0,86,10704
"d2c392b9-7cce-4818-a051-7ec9c3259d0d",11,"smear","manner","pair051","The article smeared the celebrity.","The baker smeared the frosting.",0,100,7268
"d2c392b9-7cce-4818-a051-7ec9c3259d0d",11,"clear","result","pair055","The hiker cleared the obstacle.","The worker cleared the rubble.",0,88,5933
"d2c392b9-7cce-4818-a051-7ec9c3259d0d",11,"push","manner","pair059","The company pushed the product.","The shopper pushed the cart.",0,90,11080
"d2c392b9-7cce-4818-a051-7ec9c3259d0d",11,"cover","result","pair065","The snow covered the footprints.","The nurse covered the wound.",1,100,3394
"d2c392b9-7cce-4818-a051-7ec9c3259d0d",11,"fill","result","pair066","The love filled the void.","The festival filled the weekend.",0,100,7966
"d2c392b9-7cce-4818-a051-7ec9c3259d0d",11,"bump","manner","pair058","The teacher bumped the deadline.","The dean bumped the meeting.",1,0,8299
"d2c392b9-7cce-4818-a051-7ec9c3259d0d",11,"fill","result","pair062","The festival filled the weekend.","The waiter filled the glass.",1,100,3954
"d2c392b9-7cce-4818-a051-7ec9c3259d0d",11,"hit","manner","pair060","The traveler hit the delay.","The batter hit the ball.",0,100,3234
"d2c392b9-7cce-4818-a051-7ec9c3259d0d",11,"kill","result","pair057","The traveler killed the afternoon.","The team killed the rivals.",0,78,6190
"d2c392b9-7cce-4818-a051-7ec9c3259d0d",11,"fold","result","pair050","The founder folded the company.","The chef folded the eggs.",0,100,3777
"d2c392b9-7cce-4818-a051-7ec9c3259d0d",11,"bump","manner","pair064","The waiter bumped the table.","The ball bumped the couch.",0,20,12759
"d2c392b9-7cce-4818-a051-7ec9c3259d0d",11,"break","result","pair048","The burglar broke the window.","The guest broke the plate.",1,89,5510
"d2c392b9-7cce-4818-a051-7ec9c3259d0d",11,"kill","result","pair049","The team killed the rivals.","The mistake killed the proposal.",0,25,5279
"d2c392b9-7cce-4818-a051-7ec9c3259d0d",11,"break","result","pair053","The president broke the promise.","The guest broke the plate.",0,78,5071
"d2c392b9-7cce-4818-a051-7ec9c3259d0d",11,"shoot","manner","pair063","The photographer shot the wedding.","The athlete shot the ball.",0,96,3530
"d2c392b9-7cce-4818-a051-7ec9c3259d0d",11,"close","result","pair052","The author closed the chapter.","The presenter closed the speech.",1,34,4649
"d73424be-f053-4e24-ae8a-5e9ea3ea2f38",4,"bump","manner","pair161","The dean bumped the meeting.","The ball bumped the couch.",0,99,8980
"d73424be-f053-4e24-ae8a-5e9ea3ea2f38",4,"pull","manner","pair168","The business pulled the service.","The worker pulled the lever.",0,50,4417
"d73424be-f053-4e24-ae8a-5e9ea3ea2f38",4,"kill","result","pair167","The joke killed the evening.","The criminal killed the victim.",1,100,4244
"d73424be-f053-4e24-ae8a-5e9ea3ea2f38",4,"open","result","pair155","The teacher opened the window.","The farmer opened the gate.",1,100,5727
"d73424be-f053-4e24-ae8a-5e9ea3ea2f38",4,"fold","result","pair154","The founder folded the company.","The cleaner folded the clothes.",0,96,4342
"d73424be-f053-4e24-ae8a-5e9ea3ea2f38",4,"close","result","pair153","The lawyer closed the case.","The presenter closed the speech.",0,40,6899
"d73424be-f053-4e24-ae8a-5e9ea3ea2f38",4,"smear","manner","pair169","The journalist smeared the business.","The article smeared the celebrity.",1,88,9681
"d73424be-f053-4e24-ae8a-5e9ea3ea2f38",4,"clear","result","pair149","The hiker cleared the obstacle.","The bookkeeper cleared the payment.",0,92,2162
"d73424be-f053-4e24-ae8a-5e9ea3ea2f38",4,"break","result","pair152","The doctor broke the news.","The guest broke the plate.",0,95,1936
"d73424be-f053-4e24-ae8a-5e9ea3ea2f38",4,"push","manner","pair162","The company pushed the product.","The artwork pushed the boundaries.",0,87,2018
"d73424be-f053-4e24-ae8a-5e9ea3ea2f38",4,"hit","manner","pair157","The traveler hit the delay.","The solution hit the inventor.",0,80,2130
"d73424be-f053-4e24-ae8a-5e9ea3ea2f38",4,"cover","result","pair165","The channel covered the story.","The nurse covered the wound.",0,66,4339
"d73424be-f053-4e24-ae8a-5e9ea3ea2f38",4,"fill","result","pair158","The donations filled the need.","The waiter filled the glass.",0,82,3023
"d73424be-f053-4e24-ae8a-5e9ea3ea2f38",4,"pull","manner","pair150","The climber pulled the rope.","The worker pulled the lever.",1,53,3092
"d73424be-f053-4e24-ae8a-5e9ea3ea2f38",4,"shoot","manner","pair164","The athlete shot the ball.","The technician shot the fireworks.",1,78,2860
"d73424be-f053-4e24-ae8a-5e9ea3ea2f38",4,"kill","result","pair156","The couple killed the evening.","The criminal killed the victim.",0,86,2132
"d73424be-f053-4e24-ae8a-5e9ea3ea2f38",4,"break","result","pair166","The president broke the promise.","The doctor broke the news.",0,78,1973
"d73424be-f053-4e24-ae8a-5e9ea3ea2f38",4,"kill","result","pair163","The business killed the competition.","The joke killed the evening.",0,86,2317
"d73424be-f053-4e24-ae8a-5e9ea3ea2f38",4,"hit","manner","pair151","The arrow hit the target.","The hurricane hit the coastline.",1,52,2592
"d73424be-f053-4e24-ae8a-5e9ea3ea2f38",4,"shoot","manner","pair160","The director shot the scene.","The technician shot the fireworks.",0,74,2074
"d73424be-f053-4e24-ae8a-5e9ea3ea2f38",4,"hit","manner","pair159","The solution hit the inventor.","The child hit the pillow.",1,47,2330
"2051e977-8406-4ff3-97cd-63e7ef1b934d",15,"close","result","pair013","The lawyer closed the case.","The author closed the chapter.",0,10,7935
"2051e977-8406-4ff3-97cd-63e7ef1b934d",15,"kill","result","pair003","The business killed the competition.","The mistake killed the proposal.",0,7,6495
"2051e977-8406-4ff3-97cd-63e7ef1b934d",15,"hit","manner","pair010","The solution hit the inventor.","The idea hit the researcher.",1,1,7310
"2051e977-8406-4ff3-97cd-63e7ef1b934d",15,"open","result","pair016","The chairperson opened the meeting.","The farmer opened the gate.",0,71,5178
"2051e977-8406-4ff3-97cd-63e7ef1b934d",15,"kill","result","pair015","The couple killed the evening.","The joke killed the evening.",0,11,6491
"2051e977-8406-4ff3-97cd-63e7ef1b934d",15,"fold","result","pair017","The baker folded the flour.","The chef folded the eggs.",1,6,4988
"2051e977-8406-4ff3-97cd-63e7ef1b934d",15,"fold","result","pair006","The manager folded the project.","The chef folded the eggs.",0,74,3580
"2051e977-8406-4ff3-97cd-63e7ef1b934d",15,"push","manner","pair018","The politician pushed the policy.","The shopper pushed the cart.",0,76,3763
"2051e977-8406-4ff3-97cd-63e7ef1b934d",15,"clear","result","pair011","The waiter cleared the table.","The worker cleared the rubble.",1,0,6710
"2051e977-8406-4ff3-97cd-63e7ef1b934d",15,"kill","result","pair022","The mistake killed the proposal.","The cat killed the mouse.",1,59,4279
"2051e977-8406-4ff3-97cd-63e7ef1b934d",15,"break","result","pair012","The president broke the promise.","The company broke the law.",1,25,11927
"2051e977-8406-4ff3-97cd-63e7ef1b934d",15,"hit","manner","pair021","The investor hit the goal.","The batter hit the ball.",0,65,3759
"2051e977-8406-4ff3-97cd-63e7ef1b934d",15,"shoot","manner","pair001","The director shot the scene.","The athlete shot the ball.",0,70,3198
"2051e977-8406-4ff3-97cd-63e7ef1b934d",15,"push","manner","pair019","The pilot pushed the button.","The shopper pushed the cart.",1,10,5992
"2051e977-8406-4ff3-97cd-63e7ef1b934d",15,"pull","manner","pair014","The advertisement pulled the customers.","The worker pulled the lever.",0,86,5922
"2051e977-8406-4ff3-97cd-63e7ef1b934d",15,"fill","result","pair008","The donations filled the need.","The farmer filled the bucket.",0,59,6711
"2051e977-8406-4ff3-97cd-63e7ef1b934d",15,"hit","manner","pair009","The traveler hit the delay.","The hurricane hit the coastline.",1,68,61141
"2051e977-8406-4ff3-97cd-63e7ef1b934d",15,"clear","result","pair005","The horse cleared the jump.","The worker cleared the rubble.",0,82,4716
"2051e977-8406-4ff3-97cd-63e7ef1b934d",15,"break","result","pair020","The doctor broke the news.","The burglar broke the window.",0,72,3262
"2051e977-8406-4ff3-97cd-63e7ef1b934d",15,"bump","manner","pair007","The dean bumped the meeting.","The gardener bumped the statue.",1,76,3422
"2051e977-8406-4ff3-97cd-63e7ef1b934d",15,"shoot","manner","pair002","The hunter shot the deer.","The technician shot the fireworks.",0,74,3840
"2051e977-8406-4ff3-97cd-63e7ef1b934d",15,"cover","result","pair023","The channel covered the story.","The snow covered the footprints.",0,68,2904
"2051e977-8406-4ff3-97cd-63e7ef1b934d",15,"pull","manner","pair004","The business pulled the service.","The climber pulled the rope.",0,72,2795
"3b5d2f66-a24a-4cc8-a2a1-e9f0f287649f",0,"break","result","pair110","The company broke the law.","The doctor broke the news.",0,95,7177
"3b5d2f66-a24a-4cc8-a2a1-e9f0f287649f",0,"smear","manner","pair117","The article smeared the celebrity.","The artist smeared the paint.",0,97,6713
"3b5d2f66-a24a-4cc8-a2a1-e9f0f287649f",0,"kill","result","pair127","The traveler killed the afternoon.","The mistake killed the proposal.",0,41,14271
"3b5d2f66-a24a-4cc8-a2a1-e9f0f287649f",0,"fill","result","pair120","The love filled the void.","The secretary filled the schedule.",0,89,6346
"3b5d2f66-a24a-4cc8-a2a1-e9f0f287649f",0,"bump","manner","pair116","The teacher bumped the deadline.","The waiter bumped the table.",1,89,4834
"3b5d2f66-a24a-4cc8-a2a1-e9f0f287649f",0,"push","manner","pair112","The artwork pushed the boundaries.","The athlete pushed the limit.",1,9,14788
"3b5d2f66-a24a-4cc8-a2a1-e9f0f287649f",0,"hit","manner","pair125","The child hit the pillow.","The batter hit the ball.",1,21,6194
"3b5d2f66-a24a-4cc8-a2a1-e9f0f287649f",0,"hit","manner","pair126","The arrow hit the target.","The batter hit the ball.",0,3,3777
"3b5d2f66-a24a-4cc8-a2a1-e9f0f287649f",0,"bump","manner","pair129","The waiter bumped the table.","The driver bumped the curb.",0,15,9382
"3b5d2f66-a24a-4cc8-a2a1-e9f0f287649f",0,"fold","result","pair113","The cleaner folded the clothes.","The child folded the paper.",1,16,8665
"3b5d2f66-a24a-4cc8-a2a1-e9f0f287649f",0,"shoot","manner","pair119","The photographer shot the wedding.","The technician shot the fireworks.",0,94,5648
"3b5d2f66-a24a-4cc8-a2a1-e9f0f287649f",0,"clear","result","pair114","The bookkeeper cleared the payment.","The officer cleared the request.",1,28,8386
"3b5d2f66-a24a-4cc8-a2a1-e9f0f287649f",0,"close","result","pair115","The executive closed the deal.","The lawyer closed the case.",1,48,10894
"3b5d2f66-a24a-4cc8-a2a1-e9f0f287649f",0,"hit","manner","pair122","The investor hit the goal.","The arrow hit the target.",1,80,4737
"3b5d2f66-a24a-4cc8-a2a1-e9f0f287649f",0,"cover","result","pair128","The snow covered the footprints.","The policy covered the accident.",0,94,5551
"3b5d2f66-a24a-4cc8-a2a1-e9f0f287649f",0,"close","result","pair118","The author closed the chapter.","The baker closed the oven.",1,84,5736
"3b5d2f66-a24a-4cc8-a2a1-e9f0f287649f",0,"cover","result","pair121","The writer covered the election.","The channel covered the story.",1,12,4060
"3b5d2f66-a24a-4cc8-a2a1-e9f0f287649f",0,"pull","manner","pair124","The regulators pulled the product.","The worker pulled the lever.",0,88,8941
"3b5d2f66-a24a-4cc8-a2a1-e9f0f287649f",0,"fill","result","pair111","The secretary filled the schedule.","The farmer filled the bucket.",1,87,7592
"3b5d2f66-a24a-4cc8-a2a1-e9f0f287649f",0,"kill","result","pair123","The team killed the rivals.","The joke killed the evening.",0,35,10637
"655269ff-610c-47f7-bf99-2a85ecae7fe6",15,"hit","manner","pair021","The investor hit the goal.","The batter hit the ball.",0,75,5792
"655269ff-610c-47f7-bf99-2a85ecae7fe6",15,"clear","result","pair011","The waiter cleared the table.","The worker cleared the rubble.",1,89,7576
"655269ff-610c-47f7-bf99-2a85ecae7fe6",15,"push","manner","pair019","The pilot pushed the button.","The shopper pushed the cart.",1,65,8080
"655269ff-610c-47f7-bf99-2a85ecae7fe6",15,"shoot","manner","pair001","The director shot the scene.","The athlete shot the ball.",0,85,6056
"655269ff-610c-47f7-bf99-2a85ecae7fe6",15,"cover","result","pair023","The channel covered the story.","The snow covered the footprints.",0,98,6330
"655269ff-610c-47f7-bf99-2a85ecae7fe6",15,"bump","manner","pair007","The dean bumped the meeting.","The gardener bumped the statue.",1,99,6991
"655269ff-610c-47f7-bf99-2a85ecae7fe6",15,"kill","result","pair003","The business killed the competition.","The mistake killed the proposal.",0,86,14037
"655269ff-610c-47f7-bf99-2a85ecae7fe6",15,"kill","result","pair022","The mistake killed the proposal.","The cat killed the mouse.",1,93,9979
"655269ff-610c-47f7-bf99-2a85ecae7fe6",15,"hit","manner","pair010","The solution hit the inventor.","The idea hit the researcher.",1,6,9424
"655269ff-610c-47f7-bf99-2a85ecae7fe6",15,"pull","manner","pair014","The advertisement pulled the customers.","The worker pulled the lever.",0,85,16670
"655269ff-610c-47f7-bf99-2a85ecae7fe6",15,"push","manner","pair018","The politician pushed the policy.","The shopper pushed the cart.",0,98,5619
"655269ff-610c-47f7-bf99-2a85ecae7fe6",15,"break","result","pair012","The president broke the promise.","The company broke the law.",1,43,13907
"655269ff-610c-47f7-bf99-2a85ecae7fe6",15,"fold","result","pair017","The baker folded the flour.","The chef folded the eggs.",1,1,8056
"655269ff-610c-47f7-bf99-2a85ecae7fe6",15,"hit","manner","pair009","The traveler hit the delay.","The hurricane hit the coastline.",1,100,9064
"655269ff-610c-47f7-bf99-2a85ecae7fe6",15,"shoot","manner","pair002","The hunter shot the deer.","The technician shot the fireworks.",0,100,8622
"655269ff-610c-47f7-bf99-2a85ecae7fe6",15,"pull","manner","pair004","The business pulled the service.","The climber pulled the rope.",0,74,5284
"655269ff-610c-47f7-bf99-2a85ecae7fe6",15,"fill","result","pair008","The donations filled the need.","The farmer filled the bucket.",0,52,6148
"655269ff-610c-47f7-bf99-2a85ecae7fe6",15,"close","result","pair013","The lawyer closed the case.","The author closed the chapter.",0,0,9873
"655269ff-610c-47f7-bf99-2a85ecae7fe6",15,"kill","result","pair015","The couple killed the evening.","The joke killed the evening.",0,24,11999
"655269ff-610c-47f7-bf99-2a85ecae7fe6",15,"clear","result","pair005","The horse cleared the jump.","The worker cleared the rubble.",0,100,5585
"655269ff-610c-47f7-bf99-2a85ecae7fe6",15,"break","result","pair020","The doctor broke the news.","The burglar broke the window.",0,99,15033
"655269ff-610c-47f7-bf99-2a85ecae7fe6",15,"fold","result","pair006","The manager folded the project.","The chef folded the eggs.",0,96,6747
"655269ff-610c-47f7-bf99-2a85ecae7fe6",15,"open","result","pair016","The chairperson opened the meeting.","The farmer opened the gate.",0,100,5485
"0f408219-f341-4de4-8c46-650d7e00eefd",19,"kill","result","pair039","The traveler killed the afternoon.","The joke killed the evening.",0,85,5384
"0f408219-f341-4de4-8c46-650d7e00eefd",19,"fill","result","pair030","The love filled the void.","The farmer filled the bucket.",0,81,4560
"0f408219-f341-4de4-8c46-650d7e00eefd",19,"hit","manner","pair029","The hurricane hit the coastline.","The solution hit the inventor.",0,82,4875
"0f408219-f341-4de4-8c46-650d7e00eefd",19,"shoot","manner","pair047","The robber shot the victim.","The hunter shot the deer.",1,77,10116
"0f408219-f341-4de4-8c46-650d7e00eefd",19,"open","result","pair027","The consultant opened the discussion.","The chairperson opened the meeting.",1,10,10294
"0f408219-f341-4de4-8c46-650d7e00eefd",19,"pull","manner","pair040","The scandal pulled the reporters.","The advertisement pulled the customers.",1,22,8476
"0f408219-f341-4de4-8c46-650d7e00eefd",19,"cover","result","pair045","The writer covered the election.","The snow covered the footprints.",0,84,4762
"0f408219-f341-4de4-8c46-650d7e00eefd",19,"fill","result","pair025","The secretary filled the schedule.","The waiter filled the glass.",1,85,4741
"0f408219-f341-4de4-8c46-650d7e00eefd",19,"smear","manner","pair024","The baker smeared the frosting.","The artist smeared the paint.",1,65,9333
"0f408219-f341-4de4-8c46-650d7e00eefd",19,"bump","manner","pair033","The teacher bumped the deadline.","The gardener bumped the statue.",1,80,5671
"0f408219-f341-4de4-8c46-650d7e00eefd",19,"clear","result","pair026","The horse cleared the jump.","The hiker cleared the obstacle.",1,78,7316
"0f408219-f341-4de4-8c46-650d7e00eefd",19,"fold","result","pair043","The manager folded the project.","The founder folded the company.",1,31,11159
"0f408219-f341-4de4-8c46-650d7e00eefd",19,"close","result","pair036","The author closed the chapter.","The chauffeur closed the door.",1,82,4090
"0f408219-f341-4de4-8c46-650d7e00eefd",19,"push","manner","pair046","The politician pushed the policy.","The company pushed the product.",1,77,6548
"0f408219-f341-4de4-8c46-650d7e00eefd",19,"close","result","pair037","The executive closed the deal.","The author closed the chapter.",0,85,4803
"0f408219-f341-4de4-8c46-650d7e00eefd",19,"push","manner","pair044","The artwork pushed the boundaries.","The pilot pushed the button.",0,86,4191
"0f408219-f341-4de4-8c46-650d7e00eefd",19,"hit","manner","pair035","The investor hit the goal.","The hurricane hit the coastline.",1,85,4804
"0f408219-f341-4de4-8c46-650d7e00eefd",19,"cover","result","pair032","The snow covered the footprints.","The insurance covered the damage.",0,87,3936
"0f408219-f341-4de4-8c46-650d7e00eefd",19,"kill","result","pair038","The couple killed the evening.","The traveler killed the afternoon.",1,82,4834
"0f408219-f341-4de4-8c46-650d7e00eefd",19,"bump","manner","pair028","The gardener bumped the statue.","The ball bumped the couch.",0,83,7243
"0f408219-f341-4de4-8c46-650d7e00eefd",19,"fold","result","pair042","The cleaner folded the clothes.","The baker folded the flour.",0,83,4863
"0f408219-f341-4de4-8c46-650d7e00eefd",19,"kill","result","pair041","The team killed the rivals.","The criminal killed the victim.",0,34,8782
"0f408219-f341-4de4-8c46-650d7e00eefd",19,"break","result","pair031","The company broke the law.","The journalist broke the story.",0,86,4620
"0f408219-f341-4de4-8c46-650d7e00eefd",19,"clear","result","pair034","The bookkeeper cleared the payment.","The waiter cleared the table.",0,87,7702
"ef309b44-6ff7-4264-8d45-16d20b0aa30e",0,"clear","result","pair114","The bookkeeper cleared the payment.","The officer cleared the request.",1,100,4783
"ef309b44-6ff7-4264-8d45-16d20b0aa30e",0,"bump","manner","pair116","The teacher bumped the deadline.","The waiter bumped the table.",1,100,4077
"ef309b44-6ff7-4264-8d45-16d20b0aa30e",0,"hit","manner","pair122","The investor hit the goal.","The arrow hit the target.",1,75,7425
"ef309b44-6ff7-4264-8d45-16d20b0aa30e",0,"fill","result","pair120","The love filled the void.","The secretary filled the schedule.",0,80,4593
"ef309b44-6ff7-4264-8d45-16d20b0aa30e",0,"smear","manner","pair117","The article smeared the celebrity.","The artist smeared the paint.",0,86,4657
"ef309b44-6ff7-4264-8d45-16d20b0aa30e",0,"fill","result","pair111","The secretary filled the schedule.","The farmer filled the bucket.",1,87,6153
"ef309b44-6ff7-4264-8d45-16d20b0aa30e",0,"shoot","manner","pair119","The photographer shot the wedding.","The technician shot the fireworks.",0,99,4210
"ef309b44-6ff7-4264-8d45-16d20b0aa30e",0,"pull","manner","pair124","The regulators pulled the product.","The worker pulled the lever.",0,98,3426
"ef309b44-6ff7-4264-8d45-16d20b0aa30e",0,"bump","manner","pair129","The waiter bumped the table.","The driver bumped the curb.",0,84,3332
"ef309b44-6ff7-4264-8d45-16d20b0aa30e",0,"close","result","pair118","The author closed the chapter.","The baker closed the oven.",1,74,4689
"ef309b44-6ff7-4264-8d45-16d20b0aa30e",0,"close","result","pair115","The executive closed the deal.","The lawyer closed the case.",1,11,5239
"ef309b44-6ff7-4264-8d45-16d20b0aa30e",0,"kill","result","pair127","The traveler killed the afternoon.","The mistake killed the proposal.",0,89,5752
"ef309b44-6ff7-4264-8d45-16d20b0aa30e",0,"break","result","pair110","The company broke the law.","The doctor broke the news.",0,87,4320
"ef309b44-6ff7-4264-8d45-16d20b0aa30e",0,"hit","manner","pair125","The child hit the pillow.","The batter hit the ball.",1,96,5211
"ef309b44-6ff7-4264-8d45-16d20b0aa30e",0,"kill","result","pair123","The team killed the rivals.","The joke killed the evening.",0,98,5940
"ef309b44-6ff7-4264-8d45-16d20b0aa30e",0,"push","manner","pair112","The artwork pushed the boundaries.","The athlete pushed the limit.",1,86,3501
"ef309b44-6ff7-4264-8d45-16d20b0aa30e",0,"cover","result","pair121","The writer covered the election.","The channel covered the story.",1,15,4094
"ef309b44-6ff7-4264-8d45-16d20b0aa30e",0,"cover","result","pair128","The snow covered the footprints.","The policy covered the accident.",0,83,5416
"ef309b44-6ff7-4264-8d45-16d20b0aa30e",0,"hit","manner","pair126","The arrow hit the target.","The batter hit the ball.",0,27,4871
"ef309b44-6ff7-4264-8d45-16d20b0aa30e",0,"fold","result","pair113","The cleaner folded the clothes.","The child folded the paper.",1,97,8269
"be5b679e-a2dc-44b1-a8d3-34ba1fa2328b",1,"push","manner","pair059","The company pushed the product.","The shopper pushed the cart.",0,50,8123
"be5b679e-a2dc-44b1-a8d3-34ba1fa2328b",1,"fold","result","pair050","The founder folded the company.","The chef folded the eggs.",0,93,7260
"be5b679e-a2dc-44b1-a8d3-34ba1fa2328b",1,"bump","manner","pair064","The waiter bumped the table.","The ball bumped the couch.",0,14,7761
"be5b679e-a2dc-44b1-a8d3-34ba1fa2328b",1,"clear","result","pair055","The hiker cleared the obstacle.","The worker cleared the rubble.",0,91,9884
"be5b679e-a2dc-44b1-a8d3-34ba1fa2328b",1,"fill","result","pair066","The love filled the void.","The festival filled the weekend.",0,76,8647
"be5b679e-a2dc-44b1-a8d3-34ba1fa2328b",1,"hit","manner","pair054","The arrow hit the target.","The child hit the pillow.",0,94,5840
"be5b679e-a2dc-44b1-a8d3-34ba1fa2328b",1,"break","result","pair048","The burglar broke the window.","The guest broke the plate.",1,33,5937
"be5b679e-a2dc-44b1-a8d3-34ba1fa2328b",1,"pull","manner","pair061","The regulators pulled the product.","The climber pulled the rope.",0,99,7250
"be5b679e-a2dc-44b1-a8d3-34ba1fa2328b",1,"hit","manner","pair060","The traveler hit the delay.","The batter hit the ball.",0,81,7101
"be5b679e-a2dc-44b1-a8d3-34ba1fa2328b",1,"kill","result","pair049","The team killed the rivals.","The mistake killed the proposal.",0,39,7979
"be5b679e-a2dc-44b1-a8d3-34ba1fa2328b",1,"fill","result","pair062","The festival filled the weekend.","The waiter filled the glass.",1,25,4275
"be5b679e-a2dc-44b1-a8d3-34ba1fa2328b",1,"close","result","pair052","The author closed the chapter.","The presenter closed the speech.",1,53,7102
"be5b679e-a2dc-44b1-a8d3-34ba1fa2328b",1,"cover","result","pair065","The snow covered the footprints.","The nurse covered the wound.",1,48,6225
"be5b679e-a2dc-44b1-a8d3-34ba1fa2328b",1,"smear","manner","pair051","The article smeared the celebrity.","The baker smeared the frosting.",0,100,4490
"be5b679e-a2dc-44b1-a8d3-34ba1fa2328b",1,"break","result","pair053","The president broke the promise.","The guest broke the plate.",0,93,4485
"be5b679e-a2dc-44b1-a8d3-34ba1fa2328b",1,"hit","manner","pair056","The idea hit the researcher.","The batter hit the ball.",1,99,5228
"be5b679e-a2dc-44b1-a8d3-34ba1fa2328b",1,"bump","manner","pair058","The teacher bumped the deadline.","The dean bumped the meeting.",1,20,4086
"be5b679e-a2dc-44b1-a8d3-34ba1fa2328b",1,"shoot","manner","pair063","The photographer shot the wedding.","The athlete shot the ball.",0,78,4904
"be5b679e-a2dc-44b1-a8d3-34ba1fa2328b",1,"kill","result","pair057","The traveler killed the afternoon.","The team killed the rivals.",0,75,4058
"a2334747-2607-44d7-95c5-8faf108539d3",7,"hit","manner","pair108","The traveler hit the delay.","The investor hit the goal.",1,94,6533
"a2334747-2607-44d7-95c5-8faf108539d3",7,"close","result","pair107","The presenter closed the speech.","The chauffeur closed the door.",1,67,4472
"a2334747-2607-44d7-95c5-8faf108539d3",7,"cover","result","pair098","The writer covered the election.","The policy covered the accident.",0,97,7802
"a2334747-2607-44d7-95c5-8faf108539d3",7,"hit","manner","pair087","The hurricane hit the coastline.","The child hit the pillow.",0,80,6496
"a2334747-2607-44d7-95c5-8faf108539d3",7,"bump","manner","pair099","The ball bumped the couch.","The driver bumped the curb.",1,42,5015
"a2334747-2607-44d7-95c5-8faf108539d3",7,"shoot","manner","pair089","The director shot the scene.","The robber shot the victim.",0,100,5107
"a2334747-2607-44d7-95c5-8faf108539d3",7,"fold","result","pair091","The child folded the paper.","The baker folded the flour.",0,95,4400
"a2334747-2607-44d7-95c5-8faf108539d3",7,"kill","result","pair109","The mistake killed the proposal.","The joke killed the evening.",1,5,7446
"a2334747-2607-44d7-95c5-8faf108539d3",7,"push","manner","pair094","The athlete pushed the limit.","The pilot pushed the button.",0,91,5298
"a2334747-2607-44d7-95c5-8faf108539d3",7,"close","result","pair102","The executive closed the deal.","The baker closed the oven.",0,100,4164
"a2334747-2607-44d7-95c5-8faf108539d3",7,"shoot","manner","pair106","The robber shot the victim.","The technician shot the fireworks.",0,100,5029
"a2334747-2607-44d7-95c5-8faf108539d3",7,"pull","manner","pair092","The scandal pulled the reporters.","The worker pulled the lever.",0,100,4910
"a2334747-2607-44d7-95c5-8faf108539d3",7,"clear","result","pair095","The horse cleared the jump.","The officer cleared the request.",0,100,5281
"a2334747-2607-44d7-95c5-8faf108539d3",7,"fill","result","pair086","The donations filled the need.","The festival filled the weekend.",0,44,6921
"a2334747-2607-44d7-95c5-8faf108539d3",7,"kill","result","pair101","The traveler killed the afternoon.","The cat killed the mouse.",0,95,6651
"a2334747-2607-44d7-95c5-8faf108539d3",7,"fold","result","pair104","The manager folded the project.","The child folded the paper.",0,79,11290
"a2334747-2607-44d7-95c5-8faf108539d3",7,"break","result","pair100","The company broke the law.","The guest broke the plate.",0,100,4621
"a2334747-2607-44d7-95c5-8faf108539d3",7,"push","manner","pair088","The politician pushed the policy.","The athlete pushed the limit.",0,98,7174
"a2334747-2607-44d7-95c5-8faf108539d3",7,"pull","manner","pair097","The business pulled the service.","The scandal pulled the reporters.",0,11,8792
"a2334747-2607-44d7-95c5-8faf108539d3",7,"cover","result","pair105","The nurse covered the wound.","The insurance covered the damage.",0,98,4890
"a2334747-2607-44d7-95c5-8faf108539d3",7,"hit","manner","pair093","The investor hit the goal.","The idea hit the researcher.",0,97,4363
"a2334747-2607-44d7-95c5-8faf108539d3",7,"kill","result","pair090","The couple killed the evening.","The team killed the rivals.",0,99,4678
"a2334747-2607-44d7-95c5-8faf108539d3",7,"open","result","pair096","The consultant opened the discussion.","The farmer opened the gate.",0,30,4136
"a2334747-2607-44d7-95c5-8faf108539d3",7,"clear","result","pair085","The officer cleared the request.","The waiter cleared the table.",0,48,4327
"a2334747-2607-44d7-95c5-8faf108539d3",7,"bump","manner","pair103","The teacher bumped the deadline.","The driver bumped the curb.",0,93,5035
"e67ecb53-5238-4704-ad3f-9b5cff9fc0ad",4,"pull","manner","pair150","The climber pulled the rope.","The worker pulled the lever.",1,40,7449
"e67ecb53-5238-4704-ad3f-9b5cff9fc0ad",4,"close","result","pair153","The lawyer closed the case.","The presenter closed the speech.",0,24,6510
"e67ecb53-5238-4704-ad3f-9b5cff9fc0ad",4,"shoot","manner","pair160","The director shot the scene.","The technician shot the fireworks.",0,87,4477
"e67ecb53-5238-4704-ad3f-9b5cff9fc0ad",4,"fold","result","pair154","The founder folded the company.","The cleaner folded the clothes.",0,93,8372
"e67ecb53-5238-4704-ad3f-9b5cff9fc0ad",4,"hit","manner","pair157","The traveler hit the delay.","The solution hit the inventor.",0,91,15198
"e67ecb53-5238-4704-ad3f-9b5cff9fc0ad",4,"hit","manner","pair159","The solution hit the inventor.","The child hit the pillow.",1,87,5163
"e67ecb53-5238-4704-ad3f-9b5cff9fc0ad",4,"kill","result","pair167","The joke killed the evening.","The criminal killed the victim.",1,89,4838
"e67ecb53-5238-4704-ad3f-9b5cff9fc0ad",4,"break","result","pair166","The president broke the promise.","The doctor broke the news.",0,88,5918
"e67ecb53-5238-4704-ad3f-9b5cff9fc0ad",4,"push","manner","pair162","The company pushed the product.","The artwork pushed the boundaries.",0,79,4922
"e67ecb53-5238-4704-ad3f-9b5cff9fc0ad",4,"hit","manner","pair151","The arrow hit the target.","The hurricane hit the coastline.",1,89,5132
"e67ecb53-5238-4704-ad3f-9b5cff9fc0ad",4,"kill","result","pair163","The business killed the competition.","The joke killed the evening.",0,90,5592
"e67ecb53-5238-4704-ad3f-9b5cff9fc0ad",4,"break","result","pair152","The doctor broke the news.","The guest broke the plate.",0,86,4079
"e67ecb53-5238-4704-ad3f-9b5cff9fc0ad",4,"smear","manner","pair169","The journalist smeared the business.","The article smeared the celebrity.",1,9,6395
"e67ecb53-5238-4704-ad3f-9b5cff9fc0ad",4,"kill","result","pair156","The couple killed the evening.","The criminal killed the victim.",0,87,5396
"e67ecb53-5238-4704-ad3f-9b5cff9fc0ad",4,"fill","result","pair158","The donations filled the need.","The waiter filled the glass.",0,53,6067
"e67ecb53-5238-4704-ad3f-9b5cff9fc0ad",4,"pull","manner","pair168","The business pulled the service.","The worker pulled the lever.",0,96,4853
"e67ecb53-5238-4704-ad3f-9b5cff9fc0ad",4,"shoot","manner","pair164","The athlete shot the ball.","The technician shot the fireworks.",1,17,7423
"e67ecb53-5238-4704-ad3f-9b5cff9fc0ad",4,"cover","result","pair165","The channel covered the story.","The nurse covered the wound.",0,79,5359
"e67ecb53-5238-4704-ad3f-9b5cff9fc0ad",4,"bump","manner","pair161","The dean bumped the meeting.","The ball bumped the couch.",0,51,5162
"e67ecb53-5238-4704-ad3f-9b5cff9fc0ad",4,"open","result","pair155","The teacher opened the window.","The farmer opened the gate.",1,72,6942
"e67ecb53-5238-4704-ad3f-9b5cff9fc0ad",4,"clear","result","pair149","The hiker cleared the obstacle.","The bookkeeper cleared the payment.",0,96,5063
"0557f5c0-25e1-402a-a13d-0c72fbda692a",16,"hit","manner","pair191","The hurricane hit the coastline.","The batter hit the ball.",0,33,7204
"0557f5c0-25e1-402a-a13d-0c72fbda692a",16,"hit","manner","pair179","The investor hit the goal.","The child hit the pillow.",0,30,5226
"0557f5c0-25e1-402a-a13d-0c72fbda692a",16,"fold","result","pair173","The child folded the paper.","The chef folded the eggs.",0,10,4812
"0557f5c0-25e1-402a-a13d-0c72fbda692a",16,"bump","manner","pair193","The dean bumped the meeting.","The waiter bumped the table.",1,27,5342
"0557f5c0-25e1-402a-a13d-0c72fbda692a",16,"push","manner","pair180","The politician pushed the policy.","The pilot pushed the button.",0,80,6287
"0557f5c0-25e1-402a-a13d-0c72fbda692a",16,"clear","result","pair178","The horse cleared the jump.","The waiter cleared the table.",0,16,5364
"0557f5c0-25e1-402a-a13d-0c72fbda692a",16,"shoot","manner","pair184","The hunter shot the deer.","The athlete shot the ball.",0,10,8143
"0557f5c0-25e1-402a-a13d-0c72fbda692a",16,"cover","result","pair192","The policy covered the accident.","The insurance covered the damage.",1,20,5826
"0557f5c0-25e1-402a-a13d-0c72fbda692a",16,"pull","manner","pair189","The advertisement pulled the customers.","The climber pulled the rope.",0,17,5202
"0557f5c0-25e1-402a-a13d-0c72fbda692a",16,"kill","result","pair182","The mistake killed the proposal.","The criminal killed the victim.",1,61,8882
"0557f5c0-25e1-402a-a13d-0c72fbda692a",16,"clear","result","pair177","The officer cleared the request.","The worker cleared the rubble.",0,27,5410
"0557f5c0-25e1-402a-a13d-0c72fbda692a",16,"pull","manner","pair175","The business pulled the service.","The advertisement pulled the customers.",0,9,5725
"0557f5c0-25e1-402a-a13d-0c72fbda692a",16,"hit","manner","pair174","The traveler hit the delay.","The arrow hit the target.",1,28,4486
"0557f5c0-25e1-402a-a13d-0c72fbda692a",16,"close","result","pair185","The baker closed the oven.","The chauffeur closed the door.",1,21,4001
"0557f5c0-25e1-402a-a13d-0c72fbda692a",16,"kill","result","pair171","The couple killed the evening.","The mistake killed the proposal.",0,47,5625
"0557f5c0-25e1-402a-a13d-0c72fbda692a",16,"cover","result","pair187","The writer covered the election.","The insurance covered the damage.",0,12,3208
"0557f5c0-25e1-402a-a13d-0c72fbda692a",16,"push","manner","pair170","The athlete pushed the limit.","The shopper pushed the cart.",0,23,4963
"0557f5c0-25e1-402a-a13d-0c72fbda692a",16,"fill","result","pair186","The donations filled the need.","The secretary filled the schedule.",0,27,5271
"0557f5c0-25e1-402a-a13d-0c72fbda692a",16,"open","result","pair183","The chairperson opened the meeting.","The teacher opened the window.",0,12,2877
"0557f5c0-25e1-402a-a13d-0c72fbda692a",16,"kill","result","pair188","The business killed the competition.","The team killed the rivals.",1,39,5217
"0557f5c0-25e1-402a-a13d-0c72fbda692a",16,"close","result","pair176","The executive closed the deal.","The chauffeur closed the door.",0,18,3301
"0557f5c0-25e1-402a-a13d-0c72fbda692a",16,"break","result","pair172","The doctor broke the news.","The journalist broke the story.",1,7,3038
"0557f5c0-25e1-402a-a13d-0c72fbda692a",16,"fold","result","pair190","The manager folded the project.","The baker folded the flour.",0,8,3870
"0557f5c0-25e1-402a-a13d-0c72fbda692a",16,"shoot","manner","pair181","The director shot the scene.","The hunter shot the deer.",0,4,4278
"7c07f531-4394-4934-95dd-79d053c544e2",14,"kill","result","pair163","The business killed the competition.","The joke killed the evening.",0,67,10469
"7c07f531-4394-4934-95dd-79d053c544e2",14,"pull","manner","pair168","The business pulled the service.","The worker pulled the lever.",0,89,4580
"7c07f531-4394-4934-95dd-79d053c544e2",14,"close","result","pair153","The lawyer closed the case.","The presenter closed the speech.",0,8,11011
"7c07f531-4394-4934-95dd-79d053c544e2",14,"break","result","pair166","The president broke the promise.","The doctor broke the news.",0,88,3124
"7c07f531-4394-4934-95dd-79d053c544e2",14,"kill","result","pair156","The couple killed the evening.","The criminal killed the victim.",0,89,9458
"7c07f531-4394-4934-95dd-79d053c544e2",14,"open","result","pair155","The teacher opened the window.","The farmer opened the gate.",1,12,3923
"7c07f531-4394-4934-95dd-79d053c544e2",14,"kill","result","pair167","The joke killed the evening.","The criminal killed the victim.",1,98,7870
"7c07f531-4394-4934-95dd-79d053c544e2",14,"bump","manner","pair161","The dean bumped the meeting.","The ball bumped the couch.",0,96,3795
"7c07f531-4394-4934-95dd-79d053c544e2",14,"shoot","manner","pair164","The athlete shot the ball.","The technician shot the fireworks.",1,90,4003
"7c07f531-4394-4934-95dd-79d053c544e2",14,"clear","result","pair149","The hiker cleared the obstacle.","The bookkeeper cleared the payment.",0,86,3309
"7c07f531-4394-4934-95dd-79d053c544e2",14,"fold","result","pair154","The founder folded the company.","The cleaner folded the clothes.",0,92,6566
"7c07f531-4394-4934-95dd-79d053c544e2",14,"fill","result","pair158","The donations filled the need.","The waiter filled the glass.",0,100,7483
"7c07f531-4394-4934-95dd-79d053c544e2",14,"pull","manner","pair150","The climber pulled the rope.","The worker pulled the lever.",1,25,9504
"7c07f531-4394-4934-95dd-79d053c544e2",14,"hit","manner","pair151","The arrow hit the target.","The hurricane hit the coastline.",1,65,8647
"7c07f531-4394-4934-95dd-79d053c544e2",14,"cover","result","pair165","The channel covered the story.","The nurse covered the wound.",0,94,4396
"7c07f531-4394-4934-95dd-79d053c544e2",14,"break","result","pair152","The doctor broke the news.","The guest broke the plate.",0,100,4922
"7c07f531-4394-4934-95dd-79d053c544e2",14,"hit","manner","pair157","The traveler hit the delay.","The solution hit the inventor.",0,91,5315
"7c07f531-4394-4934-95dd-79d053c544e2",14,"smear","manner","pair169","The journalist smeared the business.","The article smeared the celebrity.",1,14,5514
"7c07f531-4394-4934-95dd-79d053c544e2",14,"shoot","manner","pair160","The director shot the scene.","The technician shot the fireworks.",0,91,3745
"7c07f531-4394-4934-95dd-79d053c544e2",14,"hit","manner","pair159","The solution hit the inventor.","The child hit the pillow.",1,100,8171
"7c07f531-4394-4934-95dd-79d053c544e2",14,"push","manner","pair162","The company pushed the product.","The artwork pushed the boundaries.",0,96,4049
"f5e7c057-7f87-49f4-a275-36f69df6074c",6,"open","result","pair183","The chairperson opened the meeting.","The teacher opened the window.",0,83,7712
"f5e7c057-7f87-49f4-a275-36f69df6074c",6,"push","manner","pair180","The politician pushed the policy.","The pilot pushed the button.",0,38,6562
"f5e7c057-7f87-49f4-a275-36f69df6074c",6,"pull","manner","pair189","The advertisement pulled the customers.","The climber pulled the rope.",0,39,4528
"f5e7c057-7f87-49f4-a275-36f69df6074c",6,"fill","result","pair186","The donations filled the need.","The secretary filled the schedule.",0,49,6231
"f5e7c057-7f87-49f4-a275-36f69df6074c",6,"shoot","manner","pair184","The hunter shot the deer.","The athlete shot the ball.",0,55,3514
"f5e7c057-7f87-49f4-a275-36f69df6074c",6,"kill","result","pair171","The couple killed the evening.","The mistake killed the proposal.",0,38,7736
"f5e7c057-7f87-49f4-a275-36f69df6074c",6,"kill","result","pair188","The business killed the competition.","The team killed the rivals.",1,38,5711
"f5e7c057-7f87-49f4-a275-36f69df6074c",6,"hit","manner","pair179","The investor hit the goal.","The child hit the pillow.",0,41,5584
"f5e7c057-7f87-49f4-a275-36f69df6074c",6,"pull","manner","pair175","The business pulled the service.","The advertisement pulled the customers.",0,44,3798
"f5e7c057-7f87-49f4-a275-36f69df6074c",6,"fold","result","pair190","The manager folded the project.","The baker folded the flour.",0,55,2348
"f5e7c057-7f87-49f4-a275-36f69df6074c",6,"bump","manner","pair193","The dean bumped the meeting.","The waiter bumped the table.",1,46,2866
"f5e7c057-7f87-49f4-a275-36f69df6074c",6,"hit","manner","pair191","The hurricane hit the coastline.","The batter hit the ball.",0,38,3213
"f5e7c057-7f87-49f4-a275-36f69df6074c",6,"shoot","manner","pair181","The director shot the scene.","The hunter shot the deer.",0,67,3066
"f5e7c057-7f87-49f4-a275-36f69df6074c",6,"close","result","pair176","The executive closed the deal.","The chauffeur closed the door.",0,64,2000
"f5e7c057-7f87-49f4-a275-36f69df6074c",6,"hit","manner","pair174","The traveler hit the delay.","The arrow hit the target.",1,34,3035
"f5e7c057-7f87-49f4-a275-36f69df6074c",6,"clear","result","pair177","The officer cleared the request.","The worker cleared the rubble.",0,57,2697
"f5e7c057-7f87-49f4-a275-36f69df6074c",6,"cover","result","pair187","The writer covered the election.","The insurance covered the damage.",0,46,2363
"f5e7c057-7f87-49f4-a275-36f69df6074c",6,"clear","result","pair178","The horse cleared the jump.","The waiter cleared the table.",0,56,2732
"f5e7c057-7f87-49f4-a275-36f69df6074c",6,"cover","result","pair192","The policy covered the accident.","The insurance covered the damage.",1,46,2850
"f5e7c057-7f87-49f4-a275-36f69df6074c",6,"close","result","pair185","The baker closed the oven.","The chauffeur closed the door.",1,53,3185
"f5e7c057-7f87-49f4-a275-36f69df6074c",6,"break","result","pair172","The doctor broke the news.","The journalist broke the story.",1,65,2802
"f5e7c057-7f87-49f4-a275-36f69df6074c",6,"push","manner","pair170","The athlete pushed the limit.","The shopper pushed the cart.",0,62,2697
"f5e7c057-7f87-49f4-a275-36f69df6074c",6,"kill","result","pair182","The mistake killed the proposal.","The criminal killed the victim.",1,44,2331
"f5e7c057-7f87-49f4-a275-36f69df6074c",6,"fold","result","pair173","The child folded the paper.","The chef folded the eggs.",0,39,2533
"ece94473-4ec6-4a36-bbae-adc148ca68d7",19,"clear","result","pair026","The horse cleared the jump.","The hiker cleared the obstacle.",1,23,3867
"ece94473-4ec6-4a36-bbae-adc148ca68d7",19,"clear","result","pair034","The bookkeeper cleared the payment.","The waiter cleared the table.",0,95,6548
"ece94473-4ec6-4a36-bbae-adc148ca68d7",19,"open","result","pair027","The consultant opened the discussion.","The chairperson opened the meeting.",1,13,5649
"ece94473-4ec6-4a36-bbae-adc148ca68d7",19,"shoot","manner","pair047","The robber shot the victim.","The hunter shot the deer.",1,76,4264
"ece94473-4ec6-4a36-bbae-adc148ca68d7",19,"break","result","pair031","The company broke the law.","The journalist broke the story.",0,90,3481
"ece94473-4ec6-4a36-bbae-adc148ca68d7",19,"push","manner","pair046","The politician pushed the policy.","The company pushed the product.",1,29,4184
"ece94473-4ec6-4a36-bbae-adc148ca68d7",19,"fill","result","pair025","The secretary filled the schedule.","The waiter filled the glass.",1,77,4299
"ece94473-4ec6-4a36-bbae-adc148ca68d7",19,"pull","manner","pair040","The scandal pulled the reporters.","The advertisement pulled the customers.",1,73,4065
"ece94473-4ec6-4a36-bbae-adc148ca68d7",19,"kill","result","pair041","The team killed the rivals.","The criminal killed the victim.",0,100,9982
"ece94473-4ec6-4a36-bbae-adc148ca68d7",19,"close","result","pair037","The executive closed the deal.","The author closed the chapter.",0,5,6199
"ece94473-4ec6-4a36-bbae-adc148ca68d7",19,"cover","result","pair032","The snow covered the footprints.","The insurance covered the damage.",0,88,3666
"ece94473-4ec6-4a36-bbae-adc148ca68d7",19,"close","result","pair036","The author closed the chapter.","The chauffeur closed the door.",1,8,3616
"ece94473-4ec6-4a36-bbae-adc148ca68d7",19,"push","manner","pair044","The artwork pushed the boundaries.","The pilot pushed the button.",0,99,4899
"ece94473-4ec6-4a36-bbae-adc148ca68d7",19,"fold","result","pair043","The manager folded the project.","The founder folded the company.",1,10,4332
"ece94473-4ec6-4a36-bbae-adc148ca68d7",19,"hit","manner","pair029","The hurricane hit the coastline.","The solution hit the inventor.",0,95,3633
"ece94473-4ec6-4a36-bbae-adc148ca68d7",19,"bump","manner","pair033","The teacher bumped the deadline.","The gardener bumped the statue.",1,95,4049
"ece94473-4ec6-4a36-bbae-adc148ca68d7",19,"hit","manner","pair035","The investor hit the goal.","The hurricane hit the coastline.",1,98,6683
"ece94473-4ec6-4a36-bbae-adc148ca68d7",19,"kill","result","pair038","The couple killed the evening.","The traveler killed the afternoon.",1,6,4132
"ece94473-4ec6-4a36-bbae-adc148ca68d7",19,"cover","result","pair045","The writer covered the election.","The snow covered the footprints.",0,94,5166
"ece94473-4ec6-4a36-bbae-adc148ca68d7",19,"kill","result","pair039","The traveler killed the afternoon.","The joke killed the evening.",0,8,4649
"ece94473-4ec6-4a36-bbae-adc148ca68d7",19,"fold","result","pair042","The cleaner folded the clothes.","The baker folded the flour.",0,56,5432
"ece94473-4ec6-4a36-bbae-adc148ca68d7",19,"bump","manner","pair028","The gardener bumped the statue.","The ball bumped the couch.",0,5,4131
"ece94473-4ec6-4a36-bbae-adc148ca68d7",19,"fill","result","pair030","The love filled the void.","The farmer filled the bucket.",0,10,3382
"ece94473-4ec6-4a36-bbae-adc148ca68d7",19,"smear","manner","pair024","The baker smeared the frosting.","The artist smeared the paint.",1,6,3150
"2c721c91-497b-4cd1-9dd2-9f18dfecd29b",5,"break","result","pair020","The doctor broke the news.","The burglar broke the window.",0,95,5033
"2c721c91-497b-4cd1-9dd2-9f18dfecd29b",5,"pull","manner","pair014","The advertisement pulled the customers.","The worker pulled the lever.",0,99,10352
"2c721c91-497b-4cd1-9dd2-9f18dfecd29b",5,"shoot","manner","pair001","The director shot the scene.","The athlete shot the ball.",0,99,7443
"2c721c91-497b-4cd1-9dd2-9f18dfecd29b",5,"open","result","pair016","The chairperson opened the meeting.","The farmer opened the gate.",0,97,5277
"2c721c91-497b-4cd1-9dd2-9f18dfecd29b",5,"fold","result","pair017","The baker folded the flour.","The chef folded the eggs.",1,53,8169
"2c721c91-497b-4cd1-9dd2-9f18dfecd29b",5,"hit","manner","pair021","The investor hit the goal.","The batter hit the ball.",0,88,9775
"2c721c91-497b-4cd1-9dd2-9f18dfecd29b",5,"push","manner","pair019","The pilot pushed the button.","The shopper pushed the cart.",1,84,7426
"2c721c91-497b-4cd1-9dd2-9f18dfecd29b",5,"shoot","manner","pair002","The hunter shot the deer.","The technician shot the fireworks.",0,93,6051
"2c721c91-497b-4cd1-9dd2-9f18dfecd29b",5,"fold","result","pair006","The manager folded the project.","The chef folded the eggs.",0,96,5412
"2c721c91-497b-4cd1-9dd2-9f18dfecd29b",5,"bump","manner","pair007","The dean bumped the meeting.","The gardener bumped the statue.",1,93,6744
"2c721c91-497b-4cd1-9dd2-9f18dfecd29b",5,"clear","result","pair005","The horse cleared the jump.","The worker cleared the rubble.",0,98,5531
"2c721c91-497b-4cd1-9dd2-9f18dfecd29b",5,"kill","result","pair015","The couple killed the evening.","The joke killed the evening.",0,96,5641
"2c721c91-497b-4cd1-9dd2-9f18dfecd29b",5,"close","result","pair013","The lawyer closed the case.","The author closed the chapter.",0,81,10390
"2c721c91-497b-4cd1-9dd2-9f18dfecd29b",5,"break","result","pair012","The president broke the promise.","The company broke the law.",1,83,5404
"2c721c91-497b-4cd1-9dd2-9f18dfecd29b",5,"kill","result","pair022","The mistake killed the proposal.","The cat killed the mouse.",1,89,6412
"2c721c91-497b-4cd1-9dd2-9f18dfecd29b",5,"clear","result","pair011","The waiter cleared the table.","The worker cleared the rubble.",1,69,4645
"2c721c91-497b-4cd1-9dd2-9f18dfecd29b",5,"hit","manner","pair009","The traveler hit the delay.","The hurricane hit the coastline.",1,86,6547
"2c721c91-497b-4cd1-9dd2-9f18dfecd29b",5,"hit","manner","pair010","The solution hit the inventor.","The idea hit the researcher.",1,31,11241
"2c721c91-497b-4cd1-9dd2-9f18dfecd29b",5,"cover","result","pair023","The channel covered the story.","The snow covered the footprints.",0,97,9704
"2c721c91-497b-4cd1-9dd2-9f18dfecd29b",5,"push","manner","pair018","The politician pushed the policy.","The shopper pushed the cart.",0,93,4700
"2c721c91-497b-4cd1-9dd2-9f18dfecd29b",5,"kill","result","pair003","The business killed the competition.","The mistake killed the proposal.",0,78,4387
"2c721c91-497b-4cd1-9dd2-9f18dfecd29b",5,"fill","result","pair008","The donations filled the need.","The farmer filled the bucket.",0,79,5317
"2c721c91-497b-4cd1-9dd2-9f18dfecd29b",5,"pull","manner","pair004","The business pulled the service.","The climber pulled the rope.",0,89,9665
"e67af8e5-9423-49e1-ba00-d9eae98f9fc6",18,"close","result","pair197","The executive closed the deal.","The presenter closed the speech.",0,100,5713
"e67af8e5-9423-49e1-ba00-d9eae98f9fc6",18,"push","manner","pair208","The politician pushed the policy.","The artwork pushed the boundaries.",0,100,4700
"e67af8e5-9423-49e1-ba00-d9eae98f9fc6",18,"clear","result","pair202","The horse cleared the jump.","The bookkeeper cleared the payment.",0,100,4464
"e67af8e5-9423-49e1-ba00-d9eae98f9fc6",18,"kill","result","pair212","The traveler killed the afternoon.","The criminal killed the victim.",0,100,9697
"e67af8e5-9423-49e1-ba00-d9eae98f9fc6",18,"clear","result","pair215","The bookkeeper cleared the payment.","The worker cleared the rubble.",0,100,4488
"e67af8e5-9423-49e1-ba00-d9eae98f9fc6",18,"shoot","manner","pair216","The director shot the scene.","The photographer shot the wedding.",1,90,9144
"e67af8e5-9423-49e1-ba00-d9eae98f9fc6",18,"break","result","pair209","The company broke the law.","The burglar broke the window.",0,100,3328
"e67af8e5-9423-49e1-ba00-d9eae98f9fc6",18,"fill","result","pair218","The love filled the void.","The waiter filled the glass.",0,100,3869
"e67af8e5-9423-49e1-ba00-d9eae98f9fc6",18,"bump","manner","pair201","The gardener bumped the statue.","The driver bumped the curb.",0,87,5849
"e67af8e5-9423-49e1-ba00-d9eae98f9fc6",18,"hit","manner","pair203","The investor hit the goal.","The solution hit the inventor.",0,100,5050
"e67af8e5-9423-49e1-ba00-d9eae98f9fc6",18,"cover","result","pair205","The writer covered the election.","The nurse covered the wound.",0,100,4520
"e67af8e5-9423-49e1-ba00-d9eae98f9fc6",18,"close","result","pair207","The presenter closed the speech.","The baker closed the oven.",1,100,5228
"e67af8e5-9423-49e1-ba00-d9eae98f9fc6",18,"pull","manner","pair204","The business pulled the service.","The regulators pulled the product.",1,100,4675
"e67af8e5-9423-49e1-ba00-d9eae98f9fc6",18,"push","manner","pair199","The artwork pushed the boundaries.","The shopper pushed the cart.",0,100,3857
"e67af8e5-9423-49e1-ba00-d9eae98f9fc6",18,"open","result","pair210","The consultant opened the discussion.","The teacher opened the window.",0,100,3463
"e67af8e5-9423-49e1-ba00-d9eae98f9fc6",18,"cover","result","pair211","The nurse covered the wound.","The policy covered the accident.",0,100,8257
"e67af8e5-9423-49e1-ba00-d9eae98f9fc6",18,"kill","result","pair195","The team killed the rivals.","The cat killed the mouse.",0,100,3431
"e67af8e5-9423-49e1-ba00-d9eae98f9fc6",18,"shoot","manner","pair200","The robber shot the victim.","The athlete shot the ball.",0,100,5534
"e67af8e5-9423-49e1-ba00-d9eae98f9fc6",18,"bump","manner","pair217","The teacher bumped the deadline.","The ball bumped the couch.",0,100,4418
"e67af8e5-9423-49e1-ba00-d9eae98f9fc6",18,"fill","result","pair196","The farmer filled the bucket.","The waiter filled the glass.",1,89,6594
"e67af8e5-9423-49e1-ba00-d9eae98f9fc6",18,"hit","manner","pair206","The hurricane hit the coastline.","The idea hit the researcher.",0,100,3915
"e67af8e5-9423-49e1-ba00-d9eae98f9fc6",18,"fold","result","pair213","The manager folded the project.","The cleaner folded the clothes.",0,100,4050
"e67af8e5-9423-49e1-ba00-d9eae98f9fc6",18,"kill","result","pair194","The couple killed the evening.","The business killed the competition.",0,100,3905
"e67af8e5-9423-49e1-ba00-d9eae98f9fc6",18,"pull","manner","pair214","The scandal pulled the reporters.","The climber pulled the rope.",0,100,16512
"e67af8e5-9423-49e1-ba00-d9eae98f9fc6",18,"fold","result","pair198","The cleaner folded the clothes.","The chef folded the eggs.",0,100,3229
"b99f3d96-2be4-4a01-ba5b-81fae4e6fe39",0,"fold","result","pair113","The cleaner folded the clothes.","The child folded the paper.",1,39,5447
"b99f3d96-2be4-4a01-ba5b-81fae4e6fe39",0,"shoot","manner","pair119","The photographer shot the wedding.","The technician shot the fireworks.",0,66,5715
"b99f3d96-2be4-4a01-ba5b-81fae4e6fe39",0,"push","manner","pair112","The artwork pushed the boundaries.","The athlete pushed the limit.",1,34,4431
"b99f3d96-2be4-4a01-ba5b-81fae4e6fe39",0,"bump","manner","pair129","The waiter bumped the table.","The driver bumped the curb.",0,65,5916
"b99f3d96-2be4-4a01-ba5b-81fae4e6fe39",0,"hit","manner","pair122","The investor hit the goal.","The arrow hit the target.",1,45,6684
"b99f3d96-2be4-4a01-ba5b-81fae4e6fe39",0,"cover","result","pair121","The writer covered the election.","The channel covered the story.",1,17,9948
"b99f3d96-2be4-4a01-ba5b-81fae4e6fe39",0,"pull","manner","pair124","The regulators pulled the product.","The worker pulled the lever.",0,72,5116
"b99f3d96-2be4-4a01-ba5b-81fae4e6fe39",0,"hit","manner","pair126","The arrow hit the target.","The batter hit the ball.",0,42,6381
"b99f3d96-2be4-4a01-ba5b-81fae4e6fe39",0,"smear","manner","pair117","The article smeared the celebrity.","The artist smeared the paint.",0,81,4398
"b99f3d96-2be4-4a01-ba5b-81fae4e6fe39",0,"fill","result","pair120","The love filled the void.","The secretary filled the schedule.",0,92,5299
"b99f3d96-2be4-4a01-ba5b-81fae4e6fe39",0,"hit","manner","pair125","The child hit the pillow.","The batter hit the ball.",1,82,3397
"b99f3d96-2be4-4a01-ba5b-81fae4e6fe39",0,"cover","result","pair128","The snow covered the footprints.","The policy covered the accident.",0,92,4596
"b99f3d96-2be4-4a01-ba5b-81fae4e6fe39",0,"close","result","pair115","The executive closed the deal.","The lawyer closed the case.",1,51,6917
"b99f3d96-2be4-4a01-ba5b-81fae4e6fe39",0,"kill","result","pair127","The traveler killed the afternoon.","The mistake killed the proposal.",0,81,5981
"b99f3d96-2be4-4a01-ba5b-81fae4e6fe39",0,"clear","result","pair114","The bookkeeper cleared the payment.","The officer cleared the request.",1,79,9950
"b99f3d96-2be4-4a01-ba5b-81fae4e6fe39",0,"kill","result","pair123","The team killed the rivals.","The joke killed the evening.",0,87,4248
"b99f3d96-2be4-4a01-ba5b-81fae4e6fe39",0,"bump","manner","pair116","The teacher bumped the deadline.","The waiter bumped the table.",1,88,33965
"b99f3d96-2be4-4a01-ba5b-81fae4e6fe39",0,"fill","result","pair111","The secretary filled the schedule.","The farmer filled the bucket.",1,100,4381
"b99f3d96-2be4-4a01-ba5b-81fae4e6fe39",0,"break","result","pair110","The company broke the law.","The doctor broke the news.",0,99,5382
"b99f3d96-2be4-4a01-ba5b-81fae4e6fe39",0,"close","result","pair118","The author closed the chapter.","The baker closed the oven.",1,96,4064
"85416ba5-e102-41f8-a0e3-60cd3d699612",3,"kill","result","pair081","The couple killed the evening.","The cat killed the mouse.",0,98,5337
"85416ba5-e102-41f8-a0e3-60cd3d699612",3,"smear","manner","pair068","The journalist smeared the business.","The baker smeared the frosting.",0,100,5526
"85416ba5-e102-41f8-a0e3-60cd3d699612",3,"bump","manner","pair079","The dean bumped the meeting.","The driver bumped the curb.",0,42,4609
"85416ba5-e102-41f8-a0e3-60cd3d699612",3,"kill","result","pair071","The joke killed the evening.","The cat killed the mouse.",1,99,8244
"85416ba5-e102-41f8-a0e3-60cd3d699612",3,"close","result","pair075","The lawyer closed the case.","The baker closed the oven.",0,100,6423
"85416ba5-e102-41f8-a0e3-60cd3d699612",3,"clear","result","pair070","The hiker cleared the obstacle.","The officer cleared the request.",0,100,11229
"85416ba5-e102-41f8-a0e3-60cd3d699612",3,"push","manner","pair067","The company pushed the product.","The athlete pushed the limit.",0,84,6961
"85416ba5-e102-41f8-a0e3-60cd3d699612",3,"hit","manner","pair074","The traveler hit the delay.","The idea hit the researcher.",0,94,4477
"85416ba5-e102-41f8-a0e3-60cd3d699612",3,"fill","result","pair084","The festival filled the weekend.","The secretary filled the schedule.",1,100,7966
"85416ba5-e102-41f8-a0e3-60cd3d699612",3,"shoot","manner","pair080","The photographer shot the wedding.","The robber shot the victim.",0,99,6175
"85416ba5-e102-41f8-a0e3-60cd3d699612",3,"pull","manner","pair083","The regulators pulled the product.","The scandal pulled the reporters.",0,88,5476
"85416ba5-e102-41f8-a0e3-60cd3d699612",3,"break","result","pair082","The journalist broke the story.","The burglar broke the window.",0,99,5105
"85416ba5-e102-41f8-a0e3-60cd3d699612",3,"kill","result","pair077","The business killed the competition.","The criminal killed the victim.",0,98,5476
"85416ba5-e102-41f8-a0e3-60cd3d699612",3,"cover","result","pair078","The channel covered the story.","The policy covered the accident.",0,99,5555
"85416ba5-e102-41f8-a0e3-60cd3d699612",3,"break","result","pair069","The president broke the promise.","The journalist broke the story.",0,99,4727
"85416ba5-e102-41f8-a0e3-60cd3d699612",3,"fold","result","pair072","The founder folded the company.","The child folded the paper.",0,90,4901
"85416ba5-e102-41f8-a0e3-60cd3d699612",3,"hit","manner","pair073","The arrow hit the target.","The solution hit the inventor.",0,93,8782
"85416ba5-e102-41f8-a0e3-60cd3d699612",3,"hit","manner","pair076","The solution hit the inventor.","The batter hit the ball.",1,93,11127
"3b7e82ad-510f-4528-bb3b-34a7baaddff1",9,"kill","result","pair041","The team killed the rivals.","The criminal killed the victim.",0,10,9878
"3b7e82ad-510f-4528-bb3b-34a7baaddff1",9,"open","result","pair027","The consultant opened the discussion.","The chairperson opened the meeting.",1,17,6360
"3b7e82ad-510f-4528-bb3b-34a7baaddff1",9,"fill","result","pair025","The secretary filled the schedule.","The waiter filled the glass.",1,75,6088
"3b7e82ad-510f-4528-bb3b-34a7baaddff1",9,"bump","manner","pair033","The teacher bumped the deadline.","The gardener bumped the statue.",1,74,7936
"3b7e82ad-510f-4528-bb3b-34a7baaddff1",9,"clear","result","pair034","The bookkeeper cleared the payment.","The waiter cleared the table.",0,74,4680
"3b7e82ad-510f-4528-bb3b-34a7baaddff1",9,"fold","result","pair043","The manager folded the project.","The founder folded the company.",1,72,8404
"3b7e82ad-510f-4528-bb3b-34a7baaddff1",9,"bump","manner","pair028","The gardener bumped the statue.","The ball bumped the couch.",0,65,11114
"3b7e82ad-510f-4528-bb3b-34a7baaddff1",9,"kill","result","pair039","The traveler killed the afternoon.","The joke killed the evening.",0,71,5342
"3b7e82ad-510f-4528-bb3b-34a7baaddff1",9,"cover","result","pair032","The snow covered the footprints.","The insurance covered the damage.",0,71,3464
"3b7e82ad-510f-4528-bb3b-34a7baaddff1",9,"hit","manner","pair029","The hurricane hit the coastline.","The solution hit the inventor.",0,74,3108
"3b7e82ad-510f-4528-bb3b-34a7baaddff1",9,"push","manner","pair046","The politician pushed the policy.","The company pushed the product.",1,75,42162
"3b7e82ad-510f-4528-bb3b-34a7baaddff1",9,"fill","result","pair030","The love filled the void.","The farmer filled the bucket.",0,84,11553
"3b7e82ad-510f-4528-bb3b-34a7baaddff1",9,"fold","result","pair042","The cleaner folded the clothes.","The baker folded the flour.",0,78,3822
"3b7e82ad-510f-4528-bb3b-34a7baaddff1",9,"cover","result","pair045","The writer covered the election.","The snow covered the footprints.",0,73,4149
"3b7e82ad-510f-4528-bb3b-34a7baaddff1",9,"clear","result","pair026","The horse cleared the jump.","The hiker cleared the obstacle.",1,77,4854
"3b7e82ad-510f-4528-bb3b-34a7baaddff1",9,"pull","manner","pair040","The scandal pulled the reporters.","The advertisement pulled the customers.",1,73,2829
"3b7e82ad-510f-4528-bb3b-34a7baaddff1",9,"break","result","pair031","The company broke the law.","The journalist broke the story.",0,71,4140
"3b7e82ad-510f-4528-bb3b-34a7baaddff1",9,"shoot","manner","pair047","The robber shot the victim.","The hunter shot the deer.",1,79,19868
"3b7e82ad-510f-4528-bb3b-34a7baaddff1",9,"hit","manner","pair035","The investor hit the goal.","The hurricane hit the coastline.",1,75,3779
"3b7e82ad-510f-4528-bb3b-34a7baaddff1",9,"close","result","pair037","The executive closed the deal.","The author closed the chapter.",0,80,2757
"3b7e82ad-510f-4528-bb3b-34a7baaddff1",9,"push","manner","pair044","The artwork pushed the boundaries.","The pilot pushed the button.",0,80,5033
"3b7e82ad-510f-4528-bb3b-34a7baaddff1",9,"kill","result","pair038","The couple killed the evening.","The traveler killed the afternoon.",1,70,24337
"3b7e82ad-510f-4528-bb3b-34a7baaddff1",9,"smear","manner","pair024","The baker smeared the frosting.","The artist smeared the paint.",1,76,4062
"3b7e82ad-510f-4528-bb3b-34a7baaddff1",9,"close","result","pair036","The author closed the chapter.","The chauffeur closed the door.",1,80,4935
"df788367-78cd-415f-be04-040ab6888d0a",14,"kill","result","pair163","The business killed the competition.","The joke killed the evening.",0,92,6574
"df788367-78cd-415f-be04-040ab6888d0a",14,"kill","result","pair156","The couple killed the evening.","The criminal killed the victim.",0,43,2190
"df788367-78cd-415f-be04-040ab6888d0a",14,"hit","manner","pair159","The solution hit the inventor.","The child hit the pillow.",1,39,37032
"df788367-78cd-415f-be04-040ab6888d0a",14,"clear","result","pair149","The hiker cleared the obstacle.","The bookkeeper cleared the payment.",0,55,2509
"df788367-78cd-415f-be04-040ab6888d0a",14,"shoot","manner","pair164","The athlete shot the ball.","The technician shot the fireworks.",1,31,3591
"df788367-78cd-415f-be04-040ab6888d0a",14,"open","result","pair155","The teacher opened the window.","The farmer opened the gate.",1,28,6175
"df788367-78cd-415f-be04-040ab6888d0a",14,"break","result","pair152","The doctor broke the news.","The guest broke the plate.",0,31,2828
"df788367-78cd-415f-be04-040ab6888d0a",14,"bump","manner","pair161","The dean bumped the meeting.","The ball bumped the couch.",0,22,2236
"df788367-78cd-415f-be04-040ab6888d0a",14,"close","result","pair153","The lawyer closed the case.","The presenter closed the speech.",0,65,2238
"df788367-78cd-415f-be04-040ab6888d0a",14,"fill","result","pair158","The donations filled the need.","The waiter filled the glass.",0,30,2221
"df788367-78cd-415f-be04-040ab6888d0a",14,"smear","manner","pair169","The journalist smeared the business.","The article smeared the celebrity.",1,70,3473
"df788367-78cd-415f-be04-040ab6888d0a",14,"break","result","pair166","The president broke the promise.","The doctor broke the news.",0,35,3827
"df788367-78cd-415f-be04-040ab6888d0a",14,"fold","result","pair154","The founder folded the company.","The cleaner folded the clothes.",0,35,2405
"df788367-78cd-415f-be04-040ab6888d0a",14,"shoot","manner","pair160","The director shot the scene.","The technician shot the fireworks.",0,51,2582
"df788367-78cd-415f-be04-040ab6888d0a",14,"hit","manner","pair151","The arrow hit the target.","The hurricane hit the coastline.",1,36,3576
"df788367-78cd-415f-be04-040ab6888d0a",14,"push","manner","pair162","The company pushed the product.","The artwork pushed the boundaries.",0,43,2150
"df788367-78cd-415f-be04-040ab6888d0a",14,"cover","result","pair165","The channel covered the story.","The nurse covered the wound.",0,49,2341
"df788367-78cd-415f-be04-040ab6888d0a",14,"kill","result","pair167","The joke killed the evening.","The criminal killed the victim.",1,42,1977
"df788367-78cd-415f-be04-040ab6888d0a",14,"hit","manner","pair157","The traveler hit the delay.","The solution hit the inventor.",0,43,2610
"df788367-78cd-415f-be04-040ab6888d0a",14,"pull","manner","pair150","The climber pulled the rope.","The worker pulled the lever.",1,30,1721
"df788367-78cd-415f-be04-040ab6888d0a",14,"pull","manner","pair168","The business pulled the service.","The worker pulled the lever.",0,44,1869
"e856f9d3-c8a6-418c-aa25-66b78cc650b3",4,"hit","manner","pair159","The solution hit the inventor.","The child hit the pillow.",1,85,6137
"e856f9d3-c8a6-418c-aa25-66b78cc650b3",4,"open","result","pair155","The teacher opened the window.","The farmer opened the gate.",1,24,5606
"e856f9d3-c8a6-418c-aa25-66b78cc650b3",4,"hit","manner","pair151","The arrow hit the target.","The hurricane hit the coastline.",1,6,4113
"e856f9d3-c8a6-418c-aa25-66b78cc650b3",4,"clear","result","pair149","The hiker cleared the obstacle.","The bookkeeper cleared the payment.",0,59,9149
"e856f9d3-c8a6-418c-aa25-66b78cc650b3",4,"fill","result","pair158","The donations filled the need.","The waiter filled the glass.",0,86,5206
"e856f9d3-c8a6-418c-aa25-66b78cc650b3",4,"bump","manner","pair161","The dean bumped the meeting.","The ball bumped the couch.",0,25,996
"e856f9d3-c8a6-418c-aa25-66b78cc650b3",4,"hit","manner","pair157","The traveler hit the delay.","The solution hit the inventor.",0,70,5051
"e856f9d3-c8a6-418c-aa25-66b78cc650b3",4,"close","result","pair153","The lawyer closed the case.","The presenter closed the speech.",0,17,4749
"e856f9d3-c8a6-418c-aa25-66b78cc650b3",4,"pull","manner","pair150","The climber pulled the rope.","The worker pulled the lever.",1,14,6885
"e856f9d3-c8a6-418c-aa25-66b78cc650b3",4,"cover","result","pair165","The channel covered the story.","The nurse covered the wound.",0,9,7295
"e856f9d3-c8a6-418c-aa25-66b78cc650b3",4,"kill","result","pair156","The couple killed the evening.","The criminal killed the victim.",0,69,3435
"e856f9d3-c8a6-418c-aa25-66b78cc650b3",4,"shoot","manner","pair160","The director shot the scene.","The technician shot the fireworks.",0,16,1351
"e856f9d3-c8a6-418c-aa25-66b78cc650b3",4,"pull","manner","pair168","The business pulled the service.","The worker pulled the lever.",0,37,2837
"e856f9d3-c8a6-418c-aa25-66b78cc650b3",4,"push","manner","pair162","The company pushed the product.","The artwork pushed the boundaries.",0,77,2908
"e856f9d3-c8a6-418c-aa25-66b78cc650b3",4,"kill","result","pair163","The business killed the competition.","The joke killed the evening.",0,70,2589
"e856f9d3-c8a6-418c-aa25-66b78cc650b3",4,"break","result","pair152","The doctor broke the news.","The guest broke the plate.",0,74,3931
"e856f9d3-c8a6-418c-aa25-66b78cc650b3",4,"fold","result","pair154","The founder folded the company.","The cleaner folded the clothes.",0,60,1169
"e856f9d3-c8a6-418c-aa25-66b78cc650b3",4,"kill","result","pair167","The joke killed the evening.","The criminal killed the victim.",1,40,1202
"e856f9d3-c8a6-418c-aa25-66b78cc650b3",4,"shoot","manner","pair164","The athlete shot the ball.","The technician shot the fireworks.",1,61,3813
"e856f9d3-c8a6-418c-aa25-66b78cc650b3",4,"smear","manner","pair169","The journalist smeared the business.","The article smeared the celebrity.",1,18,1440
"e856f9d3-c8a6-418c-aa25-66b78cc650b3",4,"break","result","pair166","The president broke the promise.","The doctor broke the news.",0,6,3317
"a7ffbc24-6a7b-47b3-a2a5-14c8053390ac",11,"pull","manner","pair061","The regulators pulled the product.","The climber pulled the rope.",0,100,6551
"a7ffbc24-6a7b-47b3-a2a5-14c8053390ac",11,"bump","manner","pair058","The teacher bumped the deadline.","The dean bumped the meeting.",1,18,8392
"a7ffbc24-6a7b-47b3-a2a5-14c8053390ac",11,"hit","manner","pair060","The traveler hit the delay.","The batter hit the ball.",0,98,5560
"a7ffbc24-6a7b-47b3-a2a5-14c8053390ac",11,"close","result","pair052","The author closed the chapter.","The presenter closed the speech.",1,50,4694
"a7ffbc24-6a7b-47b3-a2a5-14c8053390ac",11,"fill","result","pair066","The love filled the void.","The festival filled the weekend.",0,87,5303
"a7ffbc24-6a7b-47b3-a2a5-14c8053390ac",11,"kill","result","pair049","The team killed the rivals.","The mistake killed the proposal.",0,53,7132
"a7ffbc24-6a7b-47b3-a2a5-14c8053390ac",11,"hit","manner","pair056","The idea hit the researcher.","The batter hit the ball.",1,93,3396
"a7ffbc24-6a7b-47b3-a2a5-14c8053390ac",11,"cover","result","pair065","The snow covered the footprints.","The nurse covered the wound.",1,48,7384
"a7ffbc24-6a7b-47b3-a2a5-14c8053390ac",11,"break","result","pair053","The president broke the promise.","The guest broke the plate.",0,88,3238
"a7ffbc24-6a7b-47b3-a2a5-14c8053390ac",11,"push","manner","pair059","The company pushed the product.","The shopper pushed the cart.",0,82,5810
"a7ffbc24-6a7b-47b3-a2a5-14c8053390ac",11,"kill","result","pair057","The traveler killed the afternoon.","The team killed the rivals.",0,77,7335
"a7ffbc24-6a7b-47b3-a2a5-14c8053390ac",11,"fill","result","pair062","The festival filled the weekend.","The waiter filled the glass.",1,100,4154
"a7ffbc24-6a7b-47b3-a2a5-14c8053390ac",11,"shoot","manner","pair063","The photographer shot the wedding.","The athlete shot the ball.",0,32,8085
"a7ffbc24-6a7b-47b3-a2a5-14c8053390ac",11,"fold","result","pair050","The founder folded the company.","The chef folded the eggs.",0,100,4427
"a7ffbc24-6a7b-47b3-a2a5-14c8053390ac",11,"bump","manner","pair064","The waiter bumped the table.","The ball bumped the couch.",0,11,5502
"a7ffbc24-6a7b-47b3-a2a5-14c8053390ac",11,"hit","manner","pair054","The arrow hit the target.","The child hit the pillow.",0,27,5939
"a7ffbc24-6a7b-47b3-a2a5-14c8053390ac",11,"clear","result","pair055","The hiker cleared the obstacle.","The worker cleared the rubble.",0,2,4465
"a7ffbc24-6a7b-47b3-a2a5-14c8053390ac",11,"smear","manner","pair051","The article smeared the celebrity.","The baker smeared the frosting.",0,97,3773
"a7ffbc24-6a7b-47b3-a2a5-14c8053390ac",11,"break","result","pair048","The burglar broke the window.","The guest broke the plate.",1,8,4362
"e26e5d88-fa33-4c78-b156-eab598d1641e",2,"shoot","manner","pair142","The photographer shot the wedding.","The hunter shot the deer.",0,100,6416
"e26e5d88-fa33-4c78-b156-eab598d1641e",2,"break","result","pair135","The journalist broke the story.","The guest broke the plate.",0,100,8186
"e26e5d88-fa33-4c78-b156-eab598d1641e",2,"hit","manner","pair145","The arrow hit the target.","The idea hit the researcher.",0,100,12150
"e26e5d88-fa33-4c78-b156-eab598d1641e",2,"hit","manner","pair138","The traveler hit the delay.","The child hit the pillow.",0,100,47075
"e26e5d88-fa33-4c78-b156-eab598d1641e",2,"push","manner","pair137","The company pushed the product.","The pilot pushed the button.",0,100,10510
"e26e5d88-fa33-4c78-b156-eab598d1641e",2,"kill","result","pair144","The traveler killed the afternoon.","The business killed the competition.",0,100,12247
"e26e5d88-fa33-4c78-b156-eab598d1641e",2,"hit","manner","pair139","The idea hit the researcher.","The child hit the pillow.",1,100,9740
"e26e5d88-fa33-4c78-b156-eab598d1641e",2,"smear","manner","pair136","The journalist smeared the business.","The artist smeared the paint.",0,100,40340
"e26e5d88-fa33-4c78-b156-eab598d1641e",2,"pull","manner","pair130","The regulators pulled the product.","The advertisement pulled the customers.",0,100,12281
"e26e5d88-fa33-4c78-b156-eab598d1641e",2,"close","result","pair147","The lawyer closed the case.","The chauffeur closed the door.",0,100,5831
"e26e5d88-fa33-4c78-b156-eab598d1641e",2,"fold","result","pair141","The founder folded the company.","The baker folded the flour.",0,100,6735
"e26e5d88-fa33-4c78-b156-eab598d1641e",2,"break","result","pair143","The president broke the promise.","The burglar broke the window.",0,100,5164
"e26e5d88-fa33-4c78-b156-eab598d1641e",2,"kill","result","pair146","The criminal killed the victim.","The cat killed the mouse.",1,1,5597
"e26e5d88-fa33-4c78-b156-eab598d1641e",2,"fill","result","pair133","The festival filled the weekend.","The farmer filled the bucket.",1,100,6934
"e26e5d88-fa33-4c78-b156-eab598d1641e",2,"bump","manner","pair148","The waiter bumped the table.","The gardener bumped the statue.",1,100,9842
"e26e5d88-fa33-4c78-b156-eab598d1641e",2,"fill","result","pair140","The love filled the void.","The donations filled the need.",1,49,26017
"e26e5d88-fa33-4c78-b156-eab598d1641e",2,"clear","result","pair131","The hiker cleared the obstacle.","The waiter cleared the table.",0,100,7033
"e26e5d88-fa33-4c78-b156-eab598d1641e",2,"cover","result","pair134","The channel covered the story.","The insurance covered the damage.",0,100,7303
"e26e5d88-fa33-4c78-b156-eab598d1641e",2,"kill","result","pair132","The business killed the competition.","The cat killed the mouse.",0,100,16108
"6f7be8e6-d3c2-45f7-bfe3-313a27976533",1,"close","result","pair052","The author closed the chapter.","The presenter closed the speech.",1,49,10639
"6f7be8e6-d3c2-45f7-bfe3-313a27976533",1,"push","manner","pair059","The company pushed the product.","The shopper pushed the cart.",0,65,11230
"6f7be8e6-d3c2-45f7-bfe3-313a27976533",1,"fill","result","pair066","The love filled the void.","The festival filled the weekend.",0,27,9769
"6f7be8e6-d3c2-45f7-bfe3-313a27976533",1,"break","result","pair053","The president broke the promise.","The guest broke the plate.",0,68,6362
"6f7be8e6-d3c2-45f7-bfe3-313a27976533",1,"clear","result","pair055","The hiker cleared the obstacle.","The worker cleared the rubble.",0,65,5788
"6f7be8e6-d3c2-45f7-bfe3-313a27976533",1,"cover","result","pair065","The snow covered the footprints.","The nurse covered the wound.",1,20,9194
"6f7be8e6-d3c2-45f7-bfe3-313a27976533",1,"fold","result","pair050","The founder folded the company.","The chef folded the eggs.",0,31,11396
"6f7be8e6-d3c2-45f7-bfe3-313a27976533",1,"bump","manner","pair064","The waiter bumped the table.","The ball bumped the couch.",0,18,6289
"6f7be8e6-d3c2-45f7-bfe3-313a27976533",1,"break","result","pair048","The burglar broke the window.","The guest broke the plate.",1,73,7969
"6f7be8e6-d3c2-45f7-bfe3-313a27976533",1,"smear","manner","pair051","The article smeared the celebrity.","The baker smeared the frosting.",0,25,7649
"6f7be8e6-d3c2-45f7-bfe3-313a27976533",1,"hit","manner","pair056","The idea hit the researcher.","The batter hit the ball.",1,8,6064
"6f7be8e6-d3c2-45f7-bfe3-313a27976533",1,"bump","manner","pair058","The teacher bumped the deadline.","The dean bumped the meeting.",1,44,19852
"6f7be8e6-d3c2-45f7-bfe3-313a27976533",1,"pull","manner","pair061","The regulators pulled the product.","The climber pulled the rope.",0,49,25241
"6f7be8e6-d3c2-45f7-bfe3-313a27976533",1,"kill","result","pair057","The traveler killed the afternoon.","The team killed the rivals.",0,67,6639
"6f7be8e6-d3c2-45f7-bfe3-313a27976533",1,"hit","manner","pair054","The arrow hit the target.","The child hit the pillow.",0,27,7691
"6f7be8e6-d3c2-45f7-bfe3-313a27976533",1,"kill","result","pair049","The team killed the rivals.","The mistake killed the proposal.",0,66,8493
"6f7be8e6-d3c2-45f7-bfe3-313a27976533",1,"shoot","manner","pair063","The photographer shot the wedding.","The athlete shot the ball.",0,58,7385
"6f7be8e6-d3c2-45f7-bfe3-313a27976533",1,"hit","manner","pair060","The traveler hit the delay.","The batter hit the ball.",0,52,6061
"6f7be8e6-d3c2-45f7-bfe3-313a27976533",1,"fill","result","pair062","The festival filled the weekend.","The waiter filled the glass.",1,27,5129
"4e5d73eb-c37a-4c15-a3e4-f2611a714687",0,"hit","manner","pair122","The investor hit the goal.","The arrow hit the target.",1,23,3896
"4e5d73eb-c37a-4c15-a3e4-f2611a714687",0,"kill","result","pair123","The team killed the rivals.","The joke killed the evening.",0,26,5918
"4e5d73eb-c37a-4c15-a3e4-f2611a714687",0,"kill","result","pair127","The traveler killed the afternoon.","The mistake killed the proposal.",0,49,15499
"4e5d73eb-c37a-4c15-a3e4-f2611a714687",0,"cover","result","pair128","The snow covered the footprints.","The policy covered the accident.",0,84,20886
"4e5d73eb-c37a-4c15-a3e4-f2611a714687",0,"shoot","manner","pair119","The photographer shot the wedding.","The technician shot the fireworks.",0,17,5580
"4e5d73eb-c37a-4c15-a3e4-f2611a714687",0,"fill","result","pair120","The love filled the void.","The secretary filled the schedule.",0,84,4610
"4e5d73eb-c37a-4c15-a3e4-f2611a714687",0,"fill","result","pair111","The secretary filled the schedule.","The farmer filled the bucket.",1,91,3971
"4e5d73eb-c37a-4c15-a3e4-f2611a714687",0,"close","result","pair115","The executive closed the deal.","The lawyer closed the case.",1,3,3681
"4e5d73eb-c37a-4c15-a3e4-f2611a714687",0,"bump","manner","pair116","The teacher bumped the deadline.","The waiter bumped the table.",1,97,4305
"4e5d73eb-c37a-4c15-a3e4-f2611a714687",0,"clear","result","pair114","The bookkeeper cleared the payment.","The officer cleared the request.",1,68,6986
"4e5d73eb-c37a-4c15-a3e4-f2611a714687",0,"hit","manner","pair126","The arrow hit the target.","The batter hit the ball.",0,4,3205
"4e5d73eb-c37a-4c15-a3e4-f2611a714687",0,"hit","manner","pair125","The child hit the pillow.","The batter hit the ball.",1,22,4936
"4e5d73eb-c37a-4c15-a3e4-f2611a714687",0,"close","result","pair118","The author closed the chapter.","The baker closed the oven.",1,19,4417
"4e5d73eb-c37a-4c15-a3e4-f2611a714687",0,"pull","manner","pair124","The regulators pulled the product.","The worker pulled the lever.",0,78,3996
"4e5d73eb-c37a-4c15-a3e4-f2611a714687",0,"smear","manner","pair117","The article smeared the celebrity.","The artist smeared the paint.",0,89,4450
"4e5d73eb-c37a-4c15-a3e4-f2611a714687",0,"fold","result","pair113","The cleaner folded the clothes.","The child folded the paper.",1,18,4121
"4e5d73eb-c37a-4c15-a3e4-f2611a714687",0,"break","result","pair110","The company broke the law.","The doctor broke the news.",0,85,3655
"4e5d73eb-c37a-4c15-a3e4-f2611a714687",0,"bump","manner","pair129","The waiter bumped the table.","The driver bumped the curb.",0,13,3890
"4e5d73eb-c37a-4c15-a3e4-f2611a714687",0,"push","manner","pair112","The artwork pushed the boundaries.","The athlete pushed the limit.",1,14,3832
"4e5d73eb-c37a-4c15-a3e4-f2611a714687",0,"cover","result","pair121","The writer covered the election.","The channel covered the story.",1,94,3976
"9d31e4f6-f6a2-4258-8115-ebfe11a6946b",2,"cover","result","pair134","The channel covered the story.","The insurance covered the damage.",0,96,5889
"9d31e4f6-f6a2-4258-8115-ebfe11a6946b",2,"smear","manner","pair136","The journalist smeared the business.","The artist smeared the paint.",0,100,5518
"9d31e4f6-f6a2-4258-8115-ebfe11a6946b",2,"hit","manner","pair139","The idea hit the researcher.","The child hit the pillow.",1,74,4552
"9d31e4f6-f6a2-4258-8115-ebfe11a6946b",2,"fold","result","pair141","The founder folded the company.","The baker folded the flour.",0,100,5353
"9d31e4f6-f6a2-4258-8115-ebfe11a6946b",2,"push","manner","pair137","The company pushed the product.","The pilot pushed the button.",0,81,4032
"9d31e4f6-f6a2-4258-8115-ebfe11a6946b",2,"hit","manner","pair138","The traveler hit the delay.","The child hit the pillow.",0,85,4366
"9d31e4f6-f6a2-4258-8115-ebfe11a6946b",2,"clear","result","pair131","The hiker cleared the obstacle.","The waiter cleared the table.",0,62,5710
"9d31e4f6-f6a2-4258-8115-ebfe11a6946b",2,"shoot","manner","pair142","The photographer shot the wedding.","The hunter shot the deer.",0,100,4536
"9d31e4f6-f6a2-4258-8115-ebfe11a6946b",2,"break","result","pair135","The journalist broke the story.","The guest broke the plate.",0,95,3326
"9d31e4f6-f6a2-4258-8115-ebfe11a6946b",2,"break","result","pair143","The president broke the promise.","The burglar broke the window.",0,100,4054
"9d31e4f6-f6a2-4258-8115-ebfe11a6946b",2,"hit","manner","pair145","The arrow hit the target.","The idea hit the researcher.",0,50,3556
"9d31e4f6-f6a2-4258-8115-ebfe11a6946b",2,"bump","manner","pair148","The waiter bumped the table.","The gardener bumped the statue.",1,15,5561
"9d31e4f6-f6a2-4258-8115-ebfe11a6946b",2,"kill","result","pair144","The traveler killed the afternoon.","The business killed the competition.",0,93,4260
"9d31e4f6-f6a2-4258-8115-ebfe11a6946b",2,"pull","manner","pair130","The regulators pulled the product.","The advertisement pulled the customers.",0,100,5554
"9d31e4f6-f6a2-4258-8115-ebfe11a6946b",2,"close","result","pair147","The lawyer closed the case.","The chauffeur closed the door.",0,79,3727
"9d31e4f6-f6a2-4258-8115-ebfe11a6946b",2,"fill","result","pair140","The love filled the void.","The donations filled the need.",1,11,5724
"9d31e4f6-f6a2-4258-8115-ebfe11a6946b",2,"fill","result","pair133","The festival filled the weekend.","The farmer filled the bucket.",1,98,4789
"9d31e4f6-f6a2-4258-8115-ebfe11a6946b",2,"kill","result","pair146","The criminal killed the victim.","The cat killed the mouse.",1,6,6344
"9d31e4f6-f6a2-4258-8115-ebfe11a6946b",2,"kill","result","pair132","The business killed the competition.","The cat killed the mouse.",0,59,4773
"01766b12-b420-4f66-9a47-c70c6815185e",15,"break","result","pair020","The doctor broke the news.","The burglar broke the window.",0,87,3733
"01766b12-b420-4f66-9a47-c70c6815185e",15,"clear","result","pair005","The horse cleared the jump.","The worker cleared the rubble.",0,76,3119
"01766b12-b420-4f66-9a47-c70c6815185e",15,"push","manner","pair019","The pilot pushed the button.","The shopper pushed the cart.",1,77,2750
"01766b12-b420-4f66-9a47-c70c6815185e",15,"kill","result","pair003","The business killed the competition.","The mistake killed the proposal.",0,74,3045
"01766b12-b420-4f66-9a47-c70c6815185e",15,"fold","result","pair017","The baker folded the flour.","The chef folded the eggs.",1,74,3372
"01766b12-b420-4f66-9a47-c70c6815185e",15,"bump","manner","pair007","The dean bumped the meeting.","The gardener bumped the statue.",1,71,1714
"01766b12-b420-4f66-9a47-c70c6815185e",15,"hit","manner","pair021","The investor hit the goal.","The batter hit the ball.",0,73,3175
"01766b12-b420-4f66-9a47-c70c6815185e",15,"hit","manner","pair009","The traveler hit the delay.","The hurricane hit the coastline.",1,67,2854
"01766b12-b420-4f66-9a47-c70c6815185e",15,"push","manner","pair018","The politician pushed the policy.","The shopper pushed the cart.",0,75,2581
"01766b12-b420-4f66-9a47-c70c6815185e",15,"shoot","manner","pair001","The director shot the scene.","The athlete shot the ball.",0,68,2096
"01766b12-b420-4f66-9a47-c70c6815185e",15,"cover","result","pair023","The channel covered the story.","The snow covered the footprints.",0,76,2041
"01766b12-b420-4f66-9a47-c70c6815185e",15,"close","result","pair013","The lawyer closed the case.","The author closed the chapter.",0,74,1551
"01766b12-b420-4f66-9a47-c70c6815185e",15,"hit","manner","pair010","The solution hit the inventor.","The idea hit the researcher.",1,73,1512
"01766b12-b420-4f66-9a47-c70c6815185e",15,"open","result","pair016","The chairperson opened the meeting.","The farmer opened the gate.",0,75,1601
"01766b12-b420-4f66-9a47-c70c6815185e",15,"break","result","pair012","The president broke the promise.","The company broke the law.",1,68,3897
"01766b12-b420-4f66-9a47-c70c6815185e",15,"fold","result","pair006","The manager folded the project.","The chef folded the eggs.",0,75,2098
"01766b12-b420-4f66-9a47-c70c6815185e",15,"pull","manner","pair014","The advertisement pulled the customers.","The worker pulled the lever.",0,77,1698
"01766b12-b420-4f66-9a47-c70c6815185e",15,"shoot","manner","pair002","The hunter shot the deer.","The technician shot the fireworks.",0,78,3124
"01766b12-b420-4f66-9a47-c70c6815185e",15,"clear","result","pair011","The waiter cleared the table.","The worker cleared the rubble.",1,80,1805
"01766b12-b420-4f66-9a47-c70c6815185e",15,"pull","manner","pair004","The business pulled the service.","The climber pulled the rope.",0,74,2224
"01766b12-b420-4f66-9a47-c70c6815185e",15,"fill","result","pair008","The donations filled the need.","The farmer filled the bucket.",0,78,2026
"01766b12-b420-4f66-9a47-c70c6815185e",15,"kill","result","pair015","The couple killed the evening.","The joke killed the evening.",0,79,2264
"01766b12-b420-4f66-9a47-c70c6815185e",15,"kill","result","pair022","The mistake killed the proposal.","The cat killed the mouse.",1,77,2134
"93e5d10d-ce97-4151-a852-835a09dede45",9,"pull","manner","pair040","The scandal pulled the reporters.","The advertisement pulled the customers.",1,85,11656
"93e5d10d-ce97-4151-a852-835a09dede45",9,"fold","result","pair043","The manager folded the project.","The founder folded the company.",1,80,7531
"93e5d10d-ce97-4151-a852-835a09dede45",9,"break","result","pair031","The company broke the law.","The journalist broke the story.",0,83,5411
"93e5d10d-ce97-4151-a852-835a09dede45",9,"push","manner","pair044","The artwork pushed the boundaries.","The pilot pushed the button.",0,89,6391
"93e5d10d-ce97-4151-a852-835a09dede45",9,"kill","result","pair041","The team killed the rivals.","The criminal killed the victim.",0,82,7185
"93e5d10d-ce97-4151-a852-835a09dede45",9,"open","result","pair027","The consultant opened the discussion.","The chairperson opened the meeting.",1,18,4845
"93e5d10d-ce97-4151-a852-835a09dede45",9,"smear","manner","pair024","The baker smeared the frosting.","The artist smeared the paint.",1,86,6491
"93e5d10d-ce97-4151-a852-835a09dede45",9,"push","manner","pair046","The politician pushed the policy.","The company pushed the product.",1,84,21206
"93e5d10d-ce97-4151-a852-835a09dede45",9,"hit","manner","pair029","The hurricane hit the coastline.","The solution hit the inventor.",0,79,7177
"93e5d10d-ce97-4151-a852-835a09dede45",9,"kill","result","pair038","The couple killed the evening.","The traveler killed the afternoon.",1,86,11358
"93e5d10d-ce97-4151-a852-835a09dede45",9,"bump","manner","pair028","The gardener bumped the statue.","The ball bumped the couch.",0,84,9322
"93e5d10d-ce97-4151-a852-835a09dede45",9,"shoot","manner","pair047","The robber shot the victim.","The hunter shot the deer.",1,86,5519
"93e5d10d-ce97-4151-a852-835a09dede45",9,"bump","manner","pair033","The teacher bumped the deadline.","The gardener bumped the statue.",1,91,5279
"93e5d10d-ce97-4151-a852-835a09dede45",9,"fold","result","pair042","The cleaner folded the clothes.","The baker folded the flour.",0,86,8024
"93e5d10d-ce97-4151-a852-835a09dede45",9,"hit","manner","pair035","The investor hit the goal.","The hurricane hit the coastline.",1,85,5852
"93e5d10d-ce97-4151-a852-835a09dede45",9,"clear","result","pair026","The horse cleared the jump.","The hiker cleared the obstacle.",1,87,5242
"93e5d10d-ce97-4151-a852-835a09dede45",9,"clear","result","pair034","The bookkeeper cleared the payment.","The waiter cleared the table.",0,88,43311
"93e5d10d-ce97-4151-a852-835a09dede45",9,"close","result","pair037","The executive closed the deal.","The author closed the chapter.",0,89,3486
"93e5d10d-ce97-4151-a852-835a09dede45",9,"fill","result","pair030","The love filled the void.","The farmer filled the bucket.",0,82,2181
"93e5d10d-ce97-4151-a852-835a09dede45",9,"close","result","pair036","The author closed the chapter.","The chauffeur closed the door.",1,87,2574
"93e5d10d-ce97-4151-a852-835a09dede45",9,"kill","result","pair039","The traveler killed the afternoon.","The joke killed the evening.",0,87,1423
"93e5d10d-ce97-4151-a852-835a09dede45",9,"fill","result","pair025","The secretary filled the schedule.","The waiter filled the glass.",1,85,1931
"93e5d10d-ce97-4151-a852-835a09dede45",9,"cover","result","pair045","The writer covered the election.","The snow covered the footprints.",0,87,1603
"93e5d10d-ce97-4151-a852-835a09dede45",9,"cover","result","pair032","The snow covered the footprints.","The insurance covered the damage.",0,84,1812
"4c04dc37-19bb-4271-a0ae-75bd2bff584a",19,"fold","result","pair042","The cleaner folded the clothes.","The baker folded the flour.",0,31,14515
"4c04dc37-19bb-4271-a0ae-75bd2bff584a",19,"pull","manner","pair040","The scandal pulled the reporters.","The advertisement pulled the customers.",1,17,7654
"4c04dc37-19bb-4271-a0ae-75bd2bff584a",19,"push","manner","pair046","The politician pushed the policy.","The company pushed the product.",1,18,13195
"4c04dc37-19bb-4271-a0ae-75bd2bff584a",19,"hit","manner","pair035","The investor hit the goal.","The hurricane hit the coastline.",1,100,4478
"4c04dc37-19bb-4271-a0ae-75bd2bff584a",19,"cover","result","pair045","The writer covered the election.","The snow covered the footprints.",0,100,6823
"4c04dc37-19bb-4271-a0ae-75bd2bff584a",19,"close","result","pair037","The executive closed the deal.","The author closed the chapter.",0,100,8092
"4c04dc37-19bb-4271-a0ae-75bd2bff584a",19,"shoot","manner","pair047","The robber shot the victim.","The hunter shot the deer.",1,4,6999
"4c04dc37-19bb-4271-a0ae-75bd2bff584a",19,"clear","result","pair034","The bookkeeper cleared the payment.","The waiter cleared the table.",0,74,10486
"4c04dc37-19bb-4271-a0ae-75bd2bff584a",19,"kill","result","pair038","The couple killed the evening.","The traveler killed the afternoon.",1,9,6549
"4c04dc37-19bb-4271-a0ae-75bd2bff584a",19,"smear","manner","pair024","The baker smeared the frosting.","The artist smeared the paint.",1,8,6038
"4c04dc37-19bb-4271-a0ae-75bd2bff584a",19,"close","result","pair036","The author closed the chapter.","The chauffeur closed the door.",1,100,4674
"4c04dc37-19bb-4271-a0ae-75bd2bff584a",19,"bump","manner","pair028","The gardener bumped the statue.","The ball bumped the couch.",0,6,4719
"4c04dc37-19bb-4271-a0ae-75bd2bff584a",19,"fold","result","pair043","The manager folded the project.","The founder folded the company.",1,2,5192
"4c04dc37-19bb-4271-a0ae-75bd2bff584a",19,"clear","result","pair026","The horse cleared the jump.","The hiker cleared the obstacle.",1,5,4496
"4c04dc37-19bb-4271-a0ae-75bd2bff584a",19,"cover","result","pair032","The snow covered the footprints.","The insurance covered the damage.",0,100,4873
"4c04dc37-19bb-4271-a0ae-75bd2bff584a",19,"fill","result","pair030","The love filled the void.","The farmer filled the bucket.",0,100,7519
"4c04dc37-19bb-4271-a0ae-75bd2bff584a",19,"open","result","pair027","The consultant opened the discussion.","The chairperson opened the meeting.",1,13,10511
"4c04dc37-19bb-4271-a0ae-75bd2bff584a",19,"break","result","pair031","The company broke the law.","The journalist broke the story.",0,100,6411
"4c04dc37-19bb-4271-a0ae-75bd2bff584a",19,"fill","result","pair025","The secretary filled the schedule.","The waiter filled the glass.",1,100,7330
"4c04dc37-19bb-4271-a0ae-75bd2bff584a",19,"push","manner","pair044","The artwork pushed the boundaries.","The pilot pushed the button.",0,100,6418
"4c04dc37-19bb-4271-a0ae-75bd2bff584a",19,"hit","manner","pair029","The hurricane hit the coastline.","The solution hit the inventor.",0,100,3995
"4c04dc37-19bb-4271-a0ae-75bd2bff584a",19,"bump","manner","pair033","The teacher bumped the deadline.","The gardener bumped the statue.",1,100,4238
"4c04dc37-19bb-4271-a0ae-75bd2bff584a",19,"kill","result","pair041","The team killed the rivals.","The criminal killed the victim.",0,51,10374
"4c04dc37-19bb-4271-a0ae-75bd2bff584a",19,"kill","result","pair039","The traveler killed the afternoon.","The joke killed the evening.",0,36,5543
"f9196409-0321-4952-81fc-81437ef3a92a",17,"cover","result","pair105","The nurse covered the wound.","The insurance covered the damage.",0,96,10742
"f9196409-0321-4952-81fc-81437ef3a92a",17,"pull","manner","pair092","The scandal pulled the reporters.","The worker pulled the lever.",0,100,9246
"f9196409-0321-4952-81fc-81437ef3a92a",17,"bump","manner","pair103","The teacher bumped the deadline.","The driver bumped the curb.",0,54,6824
"f9196409-0321-4952-81fc-81437ef3a92a",17,"fold","result","pair104","The manager folded the project.","The child folded the paper.",0,100,7202
"f9196409-0321-4952-81fc-81437ef3a92a",17,"shoot","manner","pair089","The director shot the scene.","The robber shot the victim.",0,95,7005
"f9196409-0321-4952-81fc-81437ef3a92a",17,"kill","result","pair101","The traveler killed the afternoon.","The cat killed the mouse.",0,91,5053
"f9196409-0321-4952-81fc-81437ef3a92a",17,"shoot","manner","pair106","The robber shot the victim.","The technician shot the fireworks.",0,90,5796
"f9196409-0321-4952-81fc-81437ef3a92a",17,"fill","result","pair086","The donations filled the need.","The festival filled the weekend.",0,93,10192
"f9196409-0321-4952-81fc-81437ef3a92a",17,"hit","manner","pair087","The hurricane hit the coastline.","The child hit the pillow.",0,93,4686
"f9196409-0321-4952-81fc-81437ef3a92a",17,"close","result","pair107","The presenter closed the speech.","The chauffeur closed the door.",1,94,23747
"f9196409-0321-4952-81fc-81437ef3a92a",17,"pull","manner","pair097","The business pulled the service.","The scandal pulled the reporters.",0,95,4018
"f9196409-0321-4952-81fc-81437ef3a92a",17,"kill","result","pair109","The mistake killed the proposal.","The joke killed the evening.",1,5,9661
"f9196409-0321-4952-81fc-81437ef3a92a",17,"hit","manner","pair108","The traveler hit the delay.","The investor hit the goal.",1,97,4514
"f9196409-0321-4952-81fc-81437ef3a92a",17,"hit","manner","pair093","The investor hit the goal.","The idea hit the researcher.",0,4,7629
"f9196409-0321-4952-81fc-81437ef3a92a",17,"close","result","pair102","The executive closed the deal.","The baker closed the oven.",0,89,4548
"f9196409-0321-4952-81fc-81437ef3a92a",17,"push","manner","pair088","The politician pushed the policy.","The athlete pushed the limit.",0,91,19062
"f9196409-0321-4952-81fc-81437ef3a92a",17,"open","result","pair096","The consultant opened the discussion.","The farmer opened the gate.",0,85,5692
"f9196409-0321-4952-81fc-81437ef3a92a",17,"push","manner","pair094","The athlete pushed the limit.","The pilot pushed the button.",0,88,6050
"f9196409-0321-4952-81fc-81437ef3a92a",17,"clear","result","pair085","The officer cleared the request.","The waiter cleared the table.",0,89,6765
"f9196409-0321-4952-81fc-81437ef3a92a",17,"bump","manner","pair099","The ball bumped the couch.","The driver bumped the curb.",1,95,3789
"f9196409-0321-4952-81fc-81437ef3a92a",17,"break","result","pair100","The company broke the law.","The guest broke the plate.",0,92,5809
"f9196409-0321-4952-81fc-81437ef3a92a",17,"clear","result","pair095","The horse cleared the jump.","The officer cleared the request.",0,87,2908
"f9196409-0321-4952-81fc-81437ef3a92a",17,"kill","result","pair090","The couple killed the evening.","The team killed the rivals.",0,92,3427
"f9196409-0321-4952-81fc-81437ef3a92a",17,"fold","result","pair091","The child folded the paper.","The baker folded the flour.",0,90,4285
"f9196409-0321-4952-81fc-81437ef3a92a",17,"cover","result","pair098","The writer covered the election.","The policy covered the accident.",0,51,9195
"a09e32e2-b9f1-4754-9f25-c47619a71a60",4,"kill","result","pair156","The couple killed the evening.","The criminal killed the victim.",0,95,5687
"a09e32e2-b9f1-4754-9f25-c47619a71a60",4,"break","result","pair166","The president broke the promise.","The doctor broke the news.",0,94,4447
"a09e32e2-b9f1-4754-9f25-c47619a71a60",4,"open","result","pair155","The teacher opened the window.","The farmer opened the gate.",1,2,5430
"a09e32e2-b9f1-4754-9f25-c47619a71a60",4,"fold","result","pair154","The founder folded the company.","The cleaner folded the clothes.",0,99,4802
"a09e32e2-b9f1-4754-9f25-c47619a71a60",4,"kill","result","pair167","The joke killed the evening.","The criminal killed the victim.",1,87,5197
"a09e32e2-b9f1-4754-9f25-c47619a71a60",4,"shoot","manner","pair160","The director shot the scene.","The technician shot the fireworks.",0,84,5401
"a09e32e2-b9f1-4754-9f25-c47619a71a60",4,"shoot","manner","pair164","The athlete shot the ball.","The technician shot the fireworks.",1,14,7612
"a09e32e2-b9f1-4754-9f25-c47619a71a60",4,"kill","result","pair163","The business killed the competition.","The joke killed the evening.",0,16,9345
"a09e32e2-b9f1-4754-9f25-c47619a71a60",4,"push","manner","pair162","The company pushed the product.","The artwork pushed the boundaries.",0,90,5310
"a09e32e2-b9f1-4754-9f25-c47619a71a60",4,"clear","result","pair149","The hiker cleared the obstacle.","The bookkeeper cleared the payment.",0,32,10704
"a09e32e2-b9f1-4754-9f25-c47619a71a60",4,"bump","manner","pair161","The dean bumped the meeting.","The ball bumped the couch.",0,91,5997
"a09e32e2-b9f1-4754-9f25-c47619a71a60",4,"pull","manner","pair168","The business pulled the service.","The worker pulled the lever.",0,100,6400
"a09e32e2-b9f1-4754-9f25-c47619a71a60",4,"hit","manner","pair151","The arrow hit the target.","The hurricane hit the coastline.",1,5,3814
"a09e32e2-b9f1-4754-9f25-c47619a71a60",4,"break","result","pair152","The doctor broke the news.","The guest broke the plate.",0,92,3658
"a09e32e2-b9f1-4754-9f25-c47619a71a60",4,"hit","manner","pair157","The traveler hit the delay.","The solution hit the inventor.",0,5,12051
"a09e32e2-b9f1-4754-9f25-c47619a71a60",4,"fill","result","pair158","The donations filled the need.","The waiter filled the glass.",0,29,6937
"a09e32e2-b9f1-4754-9f25-c47619a71a60",4,"close","result","pair153","The lawyer closed the case.","The presenter closed the speech.",0,0,3035
"a09e32e2-b9f1-4754-9f25-c47619a71a60",4,"cover","result","pair165","The channel covered the story.","The nurse covered the wound.",0,79,4251
"a09e32e2-b9f1-4754-9f25-c47619a71a60",4,"hit","manner","pair159","The solution hit the inventor.","The child hit the pillow.",1,100,4667
"a09e32e2-b9f1-4754-9f25-c47619a71a60",4,"smear","manner","pair169","The journalist smeared the business.","The article smeared the celebrity.",1,0,8120
"a09e32e2-b9f1-4754-9f25-c47619a71a60",4,"pull","manner","pair150","The climber pulled the rope.","The worker pulled the lever.",1,0,4602
"0adc898a-904f-4940-aed4-abe34a630841",18,"fill","result","pair196","The farmer filled the bucket.","The waiter filled the glass.",1,67,1809
"0adc898a-904f-4940-aed4-abe34a630841",18,"clear","result","pair202","The horse cleared the jump.","The bookkeeper cleared the payment.",0,64,1637
"0adc898a-904f-4940-aed4-abe34a630841",18,"kill","result","pair212","The traveler killed the afternoon.","The criminal killed the victim.",0,58,1690
"0adc898a-904f-4940-aed4-abe34a630841",18,"cover","result","pair211","The nurse covered the wound.","The policy covered the accident.",0,70,2028
"0adc898a-904f-4940-aed4-abe34a630841",18,"bump","manner","pair201","The gardener bumped the statue.","The driver bumped the curb.",0,72,4390
"0adc898a-904f-4940-aed4-abe34a630841",18,"kill","result","pair195","The team killed the rivals.","The cat killed the mouse.",0,67,2444
"0adc898a-904f-4940-aed4-abe34a630841",18,"shoot","manner","pair200","The robber shot the victim.","The athlete shot the ball.",0,66,5058
"0adc898a-904f-4940-aed4-abe34a630841",18,"cover","result","pair205","The writer covered the election.","The nurse covered the wound.",0,38,1773
"0adc898a-904f-4940-aed4-abe34a630841",18,"fold","result","pair198","The cleaner folded the clothes.","The chef folded the eggs.",0,45,1568
"0adc898a-904f-4940-aed4-abe34a630841",18,"bump","manner","pair217","The teacher bumped the deadline.","The ball bumped the couch.",0,53,1578
"0adc898a-904f-4940-aed4-abe34a630841",18,"push","manner","pair199","The artwork pushed the boundaries.","The shopper pushed the cart.",0,44,2372
"0adc898a-904f-4940-aed4-abe34a630841",18,"shoot","manner","pair216","The director shot the scene.","The photographer shot the wedding.",1,68,2341
"0adc898a-904f-4940-aed4-abe34a630841",18,"push","manner","pair208","The politician pushed the policy.","The artwork pushed the boundaries.",0,64,1764
"0adc898a-904f-4940-aed4-abe34a630841",18,"hit","manner","pair203","The investor hit the goal.","The solution hit the inventor.",0,35,1540
"0adc898a-904f-4940-aed4-abe34a630841",18,"fold","result","pair213","The manager folded the project.","The cleaner folded the clothes.",0,75,2503
"0adc898a-904f-4940-aed4-abe34a630841",18,"break","result","pair209","The company broke the law.","The burglar broke the window.",0,70,2240
"0adc898a-904f-4940-aed4-abe34a630841",18,"hit","manner","pair206","The hurricane hit the coastline.","The idea hit the researcher.",0,75,5024
"0adc898a-904f-4940-aed4-abe34a630841",18,"clear","result","pair215","The bookkeeper cleared the payment.","The worker cleared the rubble.",0,69,2560
"0adc898a-904f-4940-aed4-abe34a630841",18,"pull","manner","pair214","The scandal pulled the reporters.","The climber pulled the rope.",0,71,1795
"0adc898a-904f-4940-aed4-abe34a630841",18,"close","result","pair197","The executive closed the deal.","The presenter closed the speech.",0,71,2866
"0adc898a-904f-4940-aed4-abe34a630841",18,"kill","result","pair194","The couple killed the evening.","The business killed the competition.",0,45,1871
"0adc898a-904f-4940-aed4-abe34a630841",18,"open","result","pair210","The consultant opened the discussion.","The teacher opened the window.",0,54,3342
"0adc898a-904f-4940-aed4-abe34a630841",18,"close","result","pair207","The presenter closed the speech.","The baker closed the oven.",1,72,1829
"0adc898a-904f-4940-aed4-abe34a630841",18,"pull","manner","pair204","The business pulled the service.","The regulators pulled the product.",1,38,1945
"0adc898a-904f-4940-aed4-abe34a630841",18,"fill","result","pair218","The love filled the void.","The waiter filled the glass.",0,62,1685
"09ed4d8f-4af7-4345-9c8d-c4b77d97daea",2,"shoot","manner","pair142","The photographer shot the wedding.","The hunter shot the deer.",0,100,4313
"09ed4d8f-4af7-4345-9c8d-c4b77d97daea",2,"bump","manner","pair148","The waiter bumped the table.","The gardener bumped the statue.",1,31,4275
"09ed4d8f-4af7-4345-9c8d-c4b77d97daea",2,"push","manner","pair137","The company pushed the product.","The pilot pushed the button.",0,92,4505
"09ed4d8f-4af7-4345-9c8d-c4b77d97daea",2,"fold","result","pair141","The founder folded the company.","The baker folded the flour.",0,100,33189
"09ed4d8f-4af7-4345-9c8d-c4b77d97daea",2,"hit","manner","pair145","The arrow hit the target.","The idea hit the researcher.",0,90,5122
"09ed4d8f-4af7-4345-9c8d-c4b77d97daea",2,"pull","manner","pair130","The regulators pulled the product.","The advertisement pulled the customers.",0,92,5829
"09ed4d8f-4af7-4345-9c8d-c4b77d97daea",2,"fill","result","pair140","The love filled the void.","The donations filled the need.",1,86,17901
"09ed4d8f-4af7-4345-9c8d-c4b77d97daea",2,"smear","manner","pair136","The journalist smeared the business.","The artist smeared the paint.",0,99,9976
"09ed4d8f-4af7-4345-9c8d-c4b77d97daea",2,"kill","result","pair132","The business killed the competition.","The cat killed the mouse.",0,87,12578
"09ed4d8f-4af7-4345-9c8d-c4b77d97daea",2,"fill","result","pair133","The festival filled the weekend.","The farmer filled the bucket.",1,92,15416
"09ed4d8f-4af7-4345-9c8d-c4b77d97daea",2,"hit","manner","pair139","The idea hit the researcher.","The child hit the pillow.",1,94,4600
"09ed4d8f-4af7-4345-9c8d-c4b77d97daea",2,"break","result","pair135","The journalist broke the story.","The guest broke the plate.",0,78,4916
"09ed4d8f-4af7-4345-9c8d-c4b77d97daea",2,"kill","result","pair144","The traveler killed the afternoon.","The business killed the competition.",0,92,10288
"09ed4d8f-4af7-4345-9c8d-c4b77d97daea",2,"kill","result","pair146","The criminal killed the victim.","The cat killed the mouse.",1,18,3737
"09ed4d8f-4af7-4345-9c8d-c4b77d97daea",2,"clear","result","pair131","The hiker cleared the obstacle.","The waiter cleared the table.",0,72,28332
"09ed4d8f-4af7-4345-9c8d-c4b77d97daea",2,"break","result","pair143","The president broke the promise.","The burglar broke the window.",0,79,7767
"09ed4d8f-4af7-4345-9c8d-c4b77d97daea",2,"cover","result","pair134","The channel covered the story.","The insurance covered the damage.",0,59,33825
"09ed4d8f-4af7-4345-9c8d-c4b77d97daea",2,"hit","manner","pair138","The traveler hit the delay.","The child hit the pillow.",0,89,4710
"09ed4d8f-4af7-4345-9c8d-c4b77d97daea",2,"close","result","pair147","The lawyer closed the case.","The chauffeur closed the door.",0,92,4353
"5647561c-abcb-40f1-86c0-1afbb89f0000",10,"break","result","pair110","The company broke the law.","The doctor broke the news.",0,99,6962
"5647561c-abcb-40f1-86c0-1afbb89f0000",10,"push","manner","pair112","The artwork pushed the boundaries.","The athlete pushed the limit.",1,49,44514
"5647561c-abcb-40f1-86c0-1afbb89f0000",10,"hit","manner","pair125","The child hit the pillow.","The batter hit the ball.",1,49,7536
"5647561c-abcb-40f1-86c0-1afbb89f0000",10,"shoot","manner","pair119","The photographer shot the wedding.","The technician shot the fireworks.",0,67,7054
"5647561c-abcb-40f1-86c0-1afbb89f0000",10,"pull","manner","pair124","The regulators pulled the product.","The worker pulled the lever.",0,87,10698
"5647561c-abcb-40f1-86c0-1afbb89f0000",10,"fill","result","pair111","The secretary filled the schedule.","The farmer filled the bucket.",1,34,12777
"5647561c-abcb-40f1-86c0-1afbb89f0000",10,"kill","result","pair127","The traveler killed the afternoon.","The mistake killed the proposal.",0,81,19521
"5647561c-abcb-40f1-86c0-1afbb89f0000",10,"close","result","pair118","The author closed the chapter.","The baker closed the oven.",1,32,74321
"5647561c-abcb-40f1-86c0-1afbb89f0000",10,"smear","manner","pair117","The article smeared the celebrity.","The artist smeared the paint.",0,52,9696
"5647561c-abcb-40f1-86c0-1afbb89f0000",10,"hit","manner","pair122","The investor hit the goal.","The arrow hit the target.",1,7,10786
"5647561c-abcb-40f1-86c0-1afbb89f0000",10,"bump","manner","pair129","The waiter bumped the table.","The driver bumped the curb.",0,5,6158
"5647561c-abcb-40f1-86c0-1afbb89f0000",10,"fold","result","pair113","The cleaner folded the clothes.","The child folded the paper.",1,53,7586
"5647561c-abcb-40f1-86c0-1afbb89f0000",10,"close","result","pair115","The executive closed the deal.","The lawyer closed the case.",1,5,7116
"5647561c-abcb-40f1-86c0-1afbb89f0000",10,"hit","manner","pair126","The arrow hit the target.","The batter hit the ball.",0,0,8128
"5647561c-abcb-40f1-86c0-1afbb89f0000",10,"clear","result","pair114","The bookkeeper cleared the payment.","The officer cleared the request.",1,51,8069
"5647561c-abcb-40f1-86c0-1afbb89f0000",10,"cover","result","pair121","The writer covered the election.","The channel covered the story.",1,5,82544
"5647561c-abcb-40f1-86c0-1afbb89f0000",10,"kill","result","pair123","The team killed the rivals.","The joke killed the evening.",0,81,14194
"5647561c-abcb-40f1-86c0-1afbb89f0000",10,"fill","result","pair120","The love filled the void.","The secretary filled the schedule.",0,51,4238
"5647561c-abcb-40f1-86c0-1afbb89f0000",10,"bump","manner","pair116","The teacher bumped the deadline.","The waiter bumped the table.",1,96,8756
"5647561c-abcb-40f1-86c0-1afbb89f0000",10,"cover","result","pair128","The snow covered the footprints.","The policy covered the accident.",0,94,6169
"442c56b3-b6f2-40eb-9505-da1fdf9deeb6",0,"close","result","pair115","The executive closed the deal.","The lawyer closed the case.",1,49,5691
"442c56b3-b6f2-40eb-9505-da1fdf9deeb6",0,"hit","manner","pair125","The child hit the pillow.","The batter hit the ball.",1,50,7314
"442c56b3-b6f2-40eb-9505-da1fdf9deeb6",0,"smear","manner","pair117","The article smeared the celebrity.","The artist smeared the paint.",0,92,7768
"442c56b3-b6f2-40eb-9505-da1fdf9deeb6",0,"fold","result","pair113","The cleaner folded the clothes.","The child folded the paper.",1,47,4451
"442c56b3-b6f2-40eb-9505-da1fdf9deeb6",0,"shoot","manner","pair119","The photographer shot the wedding.","The technician shot the fireworks.",0,86,6106
"442c56b3-b6f2-40eb-9505-da1fdf9deeb6",0,"pull","manner","pair124","The regulators pulled the product.","The worker pulled the lever.",0,72,4512
"442c56b3-b6f2-40eb-9505-da1fdf9deeb6",0,"cover","result","pair128","The snow covered the footprints.","The policy covered the accident.",0,88,6207
"442c56b3-b6f2-40eb-9505-da1fdf9deeb6",0,"fill","result","pair111","The secretary filled the schedule.","The farmer filled the bucket.",1,77,4416
"442c56b3-b6f2-40eb-9505-da1fdf9deeb6",0,"cover","result","pair121","The writer covered the election.","The channel covered the story.",1,33,8032
"442c56b3-b6f2-40eb-9505-da1fdf9deeb6",0,"kill","result","pair127","The traveler killed the afternoon.","The mistake killed the proposal.",0,75,6670
"442c56b3-b6f2-40eb-9505-da1fdf9deeb6",0,"hit","manner","pair126","The arrow hit the target.","The batter hit the ball.",0,69,5949
"442c56b3-b6f2-40eb-9505-da1fdf9deeb6",0,"break","result","pair110","The company broke the law.","The doctor broke the news.",0,79,5856
"442c56b3-b6f2-40eb-9505-da1fdf9deeb6",0,"bump","manner","pair129","The waiter bumped the table.","The driver bumped the curb.",0,75,6344
"442c56b3-b6f2-40eb-9505-da1fdf9deeb6",0,"close","result","pair118","The author closed the chapter.","The baker closed the oven.",1,78,4498
"442c56b3-b6f2-40eb-9505-da1fdf9deeb6",0,"bump","manner","pair116","The teacher bumped the deadline.","The waiter bumped the table.",1,89,4511
"442c56b3-b6f2-40eb-9505-da1fdf9deeb6",0,"clear","result","pair114","The bookkeeper cleared the payment.","The officer cleared the request.",1,51,4663
"442c56b3-b6f2-40eb-9505-da1fdf9deeb6",0,"push","manner","pair112","The artwork pushed the boundaries.","The athlete pushed the limit.",1,51,5665
"442c56b3-b6f2-40eb-9505-da1fdf9deeb6",0,"fill","result","pair120","The love filled the void.","The secretary filled the schedule.",0,88,5631
"442c56b3-b6f2-40eb-9505-da1fdf9deeb6",0,"kill","result","pair123","The team killed the rivals.","The joke killed the evening.",0,66,7162
"442c56b3-b6f2-40eb-9505-da1fdf9deeb6",0,"hit","manner","pair122","The investor hit the goal.","The arrow hit the target.",1,75,3977
"0297d1a3-2fe8-4e38-948a-901c9ec5553f",14,"bump","manner","pair161","The dean bumped the meeting.","The ball bumped the couch.",0,100,4201
"0297d1a3-2fe8-4e38-948a-901c9ec5553f",14,"hit","manner","pair159","The solution hit the inventor.","The child hit the pillow.",1,81,5218
"0297d1a3-2fe8-4e38-948a-901c9ec5553f",14,"break","result","pair166","The president broke the promise.","The doctor broke the news.",0,85,6426
"0297d1a3-2fe8-4e38-948a-901c9ec5553f",14,"fold","result","pair154","The founder folded the company.","The cleaner folded the clothes.",0,82,6679
"0297d1a3-2fe8-4e38-948a-901c9ec5553f",14,"hit","manner","pair151","The arrow hit the target.","The hurricane hit the coastline.",1,46,5896
"0297d1a3-2fe8-4e38-948a-901c9ec5553f",14,"clear","result","pair149","The hiker cleared the obstacle.","The bookkeeper cleared the payment.",0,93,4984
"0297d1a3-2fe8-4e38-948a-901c9ec5553f",14,"kill","result","pair167","The joke killed the evening.","The criminal killed the victim.",1,73,5046
"0297d1a3-2fe8-4e38-948a-901c9ec5553f",14,"break","result","pair152","The doctor broke the news.","The guest broke the plate.",0,84,4066
"0297d1a3-2fe8-4e38-948a-901c9ec5553f",14,"push","manner","pair162","The company pushed the product.","The artwork pushed the boundaries.",0,35,6176
"0297d1a3-2fe8-4e38-948a-901c9ec5553f",14,"smear","manner","pair169","The journalist smeared the business.","The article smeared the celebrity.",1,0,5225
"0297d1a3-2fe8-4e38-948a-901c9ec5553f",14,"kill","result","pair156","The couple killed the evening.","The criminal killed the victim.",0,77,3856
"0297d1a3-2fe8-4e38-948a-901c9ec5553f",14,"pull","manner","pair150","The climber pulled the rope.","The worker pulled the lever.",1,49,11359
"0297d1a3-2fe8-4e38-948a-901c9ec5553f",14,"pull","manner","pair168","The business pulled the service.","The worker pulled the lever.",0,24,3555
"0297d1a3-2fe8-4e38-948a-901c9ec5553f",14,"shoot","manner","pair160","The director shot the scene.","The technician shot the fireworks.",0,28,4674
"0297d1a3-2fe8-4e38-948a-901c9ec5553f",14,"kill","result","pair163","The business killed the competition.","The joke killed the evening.",0,24,5845
"0297d1a3-2fe8-4e38-948a-901c9ec5553f",14,"hit","manner","pair157","The traveler hit the delay.","The solution hit the inventor.",0,43,3752
"0297d1a3-2fe8-4e38-948a-901c9ec5553f",14,"cover","result","pair165","The channel covered the story.","The nurse covered the wound.",0,71,3700
"0297d1a3-2fe8-4e38-948a-901c9ec5553f",14,"fill","result","pair158","The donations filled the need.","The waiter filled the glass.",0,73,5200
"0297d1a3-2fe8-4e38-948a-901c9ec5553f",14,"open","result","pair155","The teacher opened the window.","The farmer opened the gate.",1,64,3368
"0297d1a3-2fe8-4e38-948a-901c9ec5553f",14,"close","result","pair153","The lawyer closed the case.","The presenter closed the speech.",0,19,4907
"0297d1a3-2fe8-4e38-948a-901c9ec5553f",14,"shoot","manner","pair164","The athlete shot the ball.","The technician shot the fireworks.",1,79,4894
"3824ee04-e183-4093-abdb-7633dd6e1be1",19,"hit","manner","pair029","The hurricane hit the coastline.","The solution hit the inventor.",0,100,5872
"3824ee04-e183-4093-abdb-7633dd6e1be1",19,"bump","manner","pair028","The gardener bumped the statue.","The ball bumped the couch.",0,14,4205
"3824ee04-e183-4093-abdb-7633dd6e1be1",19,"kill","result","pair039","The traveler killed the afternoon.","The joke killed the evening.",0,4,4099
"3824ee04-e183-4093-abdb-7633dd6e1be1",19,"kill","result","pair038","The couple killed the evening.","The traveler killed the afternoon.",1,2,3747
"3824ee04-e183-4093-abdb-7633dd6e1be1",19,"bump","manner","pair033","The teacher bumped the deadline.","The gardener bumped the statue.",1,100,3905
"3824ee04-e183-4093-abdb-7633dd6e1be1",19,"push","manner","pair046","The politician pushed the policy.","The company pushed the product.",1,1,9748
"3824ee04-e183-4093-abdb-7633dd6e1be1",19,"close","result","pair037","The executive closed the deal.","The author closed the chapter.",0,49,5264
"3824ee04-e183-4093-abdb-7633dd6e1be1",19,"clear","result","pair034","The bookkeeper cleared the payment.","The waiter cleared the table.",0,99,3824
"3824ee04-e183-4093-abdb-7633dd6e1be1",19,"cover","result","pair032","The snow covered the footprints.","The insurance covered the damage.",0,100,3648
"3824ee04-e183-4093-abdb-7633dd6e1be1",19,"shoot","manner","pair047","The robber shot the victim.","The hunter shot the deer.",1,0,3299
"3824ee04-e183-4093-abdb-7633dd6e1be1",19,"open","result","pair027","The consultant opened the discussion.","The chairperson opened the meeting.",1,4,4190
"3824ee04-e183-4093-abdb-7633dd6e1be1",19,"kill","result","pair041","The team killed the rivals.","The criminal killed the victim.",0,88,6415
"3824ee04-e183-4093-abdb-7633dd6e1be1",19,"cover","result","pair045","The writer covered the election.","The snow covered the footprints.",0,80,4192
"3824ee04-e183-4093-abdb-7633dd6e1be1",19,"hit","manner","pair035","The investor hit the goal.","The hurricane hit the coastline.",1,48,2581
"3824ee04-e183-4093-abdb-7633dd6e1be1",19,"fold","result","pair043","The manager folded the project.","The founder folded the company.",1,7,5747
"3824ee04-e183-4093-abdb-7633dd6e1be1",19,"smear","manner","pair024","The baker smeared the frosting.","The artist smeared the paint.",1,1,3300
"3824ee04-e183-4093-abdb-7633dd6e1be1",19,"fill","result","pair030","The love filled the void.","The farmer filled the bucket.",0,37,4890
"3824ee04-e183-4093-abdb-7633dd6e1be1",19,"push","manner","pair044","The artwork pushed the boundaries.","The pilot pushed the button.",0,92,5889
"3824ee04-e183-4093-abdb-7633dd6e1be1",19,"close","result","pair036","The author closed the chapter.","The chauffeur closed the door.",1,52,3814
"3824ee04-e183-4093-abdb-7633dd6e1be1",19,"clear","result","pair026","The horse cleared the jump.","The hiker cleared the obstacle.",1,10,3780
"3824ee04-e183-4093-abdb-7633dd6e1be1",19,"break","result","pair031","The company broke the law.","The journalist broke the story.",0,90,3514
"3824ee04-e183-4093-abdb-7633dd6e1be1",19,"fill","result","pair025","The secretary filled the schedule.","The waiter filled the glass.",1,98,3865
"3824ee04-e183-4093-abdb-7633dd6e1be1",19,"pull","manner","pair040","The scandal pulled the reporters.","The advertisement pulled the customers.",1,91,4057
"3824ee04-e183-4093-abdb-7633dd6e1be1",19,"fold","result","pair042","The cleaner folded the clothes.","The baker folded the flour.",0,47,5271
"f3b83974-3803-4e81-a7de-4a56157c70a5",0,"smear","manner","pair117","The article smeared the celebrity.","The artist smeared the paint.",0,94,8020
"f3b83974-3803-4e81-a7de-4a56157c70a5",0,"shoot","manner","pair119","The photographer shot the wedding.","The technician shot the fireworks.",0,78,4143
"f3b83974-3803-4e81-a7de-4a56157c70a5",0,"cover","result","pair121","The writer covered the election.","The channel covered the story.",1,36,8403
"f3b83974-3803-4e81-a7de-4a56157c70a5",0,"pull","manner","pair124","The regulators pulled the product.","The worker pulled the lever.",0,100,4075
"f3b83974-3803-4e81-a7de-4a56157c70a5",0,"fold","result","pair113","The cleaner folded the clothes.","The child folded the paper.",1,36,4391
"f3b83974-3803-4e81-a7de-4a56157c70a5",0,"close","result","pair118","The author closed the chapter.","The baker closed the oven.",1,70,4475
"f3b83974-3803-4e81-a7de-4a56157c70a5",0,"fill","result","pair120","The love filled the void.","The secretary filled the schedule.",0,87,3675
"f3b83974-3803-4e81-a7de-4a56157c70a5",0,"kill","result","pair127","The traveler killed the afternoon.","The mistake killed the proposal.",0,44,6256
"f3b83974-3803-4e81-a7de-4a56157c70a5",0,"push","manner","pair112","The artwork pushed the boundaries.","The athlete pushed the limit.",1,29,4724
"f3b83974-3803-4e81-a7de-4a56157c70a5",0,"break","result","pair110","The company broke the law.","The doctor broke the news.",0,93,3243
"f3b83974-3803-4e81-a7de-4a56157c70a5",0,"cover","result","pair128","The snow covered the footprints.","The policy covered the accident.",0,76,3742
"f3b83974-3803-4e81-a7de-4a56157c70a5",0,"bump","manner","pair116","The teacher bumped the deadline.","The waiter bumped the table.",1,100,3875
"f3b83974-3803-4e81-a7de-4a56157c70a5",0,"hit","manner","pair126","The arrow hit the target.","The batter hit the ball.",0,29,4739
"f3b83974-3803-4e81-a7de-4a56157c70a5",0,"fill","result","pair111","The secretary filled the schedule.","The farmer filled the bucket.",1,96,4324
"f3b83974-3803-4e81-a7de-4a56157c70a5",0,"close","result","pair115","The executive closed the deal.","The lawyer closed the case.",1,10,3476
"f3b83974-3803-4e81-a7de-4a56157c70a5",0,"kill","result","pair123","The team killed the rivals.","The joke killed the evening.",0,64,5506
"f3b83974-3803-4e81-a7de-4a56157c70a5",0,"hit","manner","pair122","The investor hit the goal.","The arrow hit the target.",1,73,3257
"f3b83974-3803-4e81-a7de-4a56157c70a5",0,"hit","manner","pair125","The child hit the pillow.","The batter hit the ball.",1,41,2896
"f3b83974-3803-4e81-a7de-4a56157c70a5",0,"clear","result","pair114","The bookkeeper cleared the payment.","The officer cleared the request.",1,44,2877
"f3b83974-3803-4e81-a7de-4a56157c70a5",0,"bump","manner","pair129","The waiter bumped the table.","The driver bumped the curb.",0,33,3060
"fe8c5380-1495-4358-8780-e410032a219c",6,"fold","result","pair190","The manager folded the project.","The baker folded the flour.",0,85,5749
"fe8c5380-1495-4358-8780-e410032a219c",6,"hit","manner","pair174","The traveler hit the delay.","The arrow hit the target.",1,100,4253
"fe8c5380-1495-4358-8780-e410032a219c",6,"pull","manner","pair175","The business pulled the service.","The advertisement pulled the customers.",0,40,16664
"fe8c5380-1495-4358-8780-e410032a219c",6,"fold","result","pair173","The child folded the paper.","The chef folded the eggs.",0,100,4533
"fe8c5380-1495-4358-8780-e410032a219c",6,"clear","result","pair178","The horse cleared the jump.","The waiter cleared the table.",0,100,5901
"fe8c5380-1495-4358-8780-e410032a219c",6,"fill","result","pair186","The donations filled the need.","The secretary filled the schedule.",0,100,4742
"fe8c5380-1495-4358-8780-e410032a219c",6,"pull","manner","pair189","The advertisement pulled the customers.","The climber pulled the rope.",0,100,4885
"fe8c5380-1495-4358-8780-e410032a219c",6,"close","result","pair185","The baker closed the oven.","The chauffeur closed the door.",1,85,5725
"fe8c5380-1495-4358-8780-e410032a219c",6,"kill","result","pair188","The business killed the competition.","The team killed the rivals.",1,2,10179
"fe8c5380-1495-4358-8780-e410032a219c",6,"hit","manner","pair179","The investor hit the goal.","The child hit the pillow.",0,100,4830
"fe8c5380-1495-4358-8780-e410032a219c",6,"open","result","pair183","The chairperson opened the meeting.","The teacher opened the window.",0,56,27283
"fe8c5380-1495-4358-8780-e410032a219c",6,"push","manner","pair180","The politician pushed the policy.","The pilot pushed the button.",0,92,4989
"fe8c5380-1495-4358-8780-e410032a219c",6,"cover","result","pair187","The writer covered the election.","The insurance covered the damage.",0,100,5117
"fe8c5380-1495-4358-8780-e410032a219c",6,"clear","result","pair177","The officer cleared the request.","The worker cleared the rubble.",0,76,10003
"fe8c5380-1495-4358-8780-e410032a219c",6,"push","manner","pair170","The athlete pushed the limit.","The shopper pushed the cart.",0,100,5102
"fe8c5380-1495-4358-8780-e410032a219c",6,"shoot","manner","pair184","The hunter shot the deer.","The athlete shot the ball.",0,70,8452
"fe8c5380-1495-4358-8780-e410032a219c",6,"break","result","pair172","The doctor broke the news.","The journalist broke the story.",1,94,4021
"fe8c5380-1495-4358-8780-e410032a219c",6,"cover","result","pair192","The policy covered the accident.","The insurance covered the damage.",1,7,7573
"fe8c5380-1495-4358-8780-e410032a219c",6,"shoot","manner","pair181","The director shot the scene.","The hunter shot the deer.",0,66,4533
"fe8c5380-1495-4358-8780-e410032a219c",6,"bump","manner","pair193","The dean bumped the meeting.","The waiter bumped the table.",1,100,6181
"fe8c5380-1495-4358-8780-e410032a219c",6,"kill","result","pair171","The couple killed the evening.","The mistake killed the proposal.",0,81,4597
"fe8c5380-1495-4358-8780-e410032a219c",6,"close","result","pair176","The executive closed the deal.","The chauffeur closed the door.",0,56,3949
"fe8c5380-1495-4358-8780-e410032a219c",6,"kill","result","pair182","The mistake killed the proposal.","The criminal killed the victim.",1,76,5405
"fe8c5380-1495-4358-8780-e410032a219c",6,"hit","manner","pair191","The hurricane hit the coastline.","The batter hit the ball.",0,92,6581
"e383b024-e6d7-4432-8023-32efae931bf2",12,"pull","manner","pair130","The regulators pulled the product.","The advertisement pulled the customers.",0,10,6003
"e383b024-e6d7-4432-8023-32efae931bf2",12,"break","result","pair143","The president broke the promise.","The burglar broke the window.",0,10,20126
"e383b024-e6d7-4432-8023-32efae931bf2",12,"smear","manner","pair136","The journalist smeared the business.","The artist smeared the paint.",0,85,9783
"e383b024-e6d7-4432-8023-32efae931bf2",12,"hit","manner","pair138","The traveler hit the delay.","The child hit the pillow.",0,83,2679
"e383b024-e6d7-4432-8023-32efae931bf2",12,"kill","result","pair132","The business killed the competition.","The cat killed the mouse.",0,15,3521
"e383b024-e6d7-4432-8023-32efae931bf2",12,"push","manner","pair137","The company pushed the product.","The pilot pushed the button.",0,11,2520
"e383b024-e6d7-4432-8023-32efae931bf2",12,"cover","result","pair134","The channel covered the story.","The insurance covered the damage.",0,8,4614
"e383b024-e6d7-4432-8023-32efae931bf2",12,"hit","manner","pair139","The idea hit the researcher.","The child hit the pillow.",1,82,7632
"e383b024-e6d7-4432-8023-32efae931bf2",12,"fill","result","pair133","The festival filled the weekend.","The farmer filled the bucket.",1,85,2907
"e383b024-e6d7-4432-8023-32efae931bf2",12,"kill","result","pair144","The traveler killed the afternoon.","The business killed the competition.",0,77,5002
"e383b024-e6d7-4432-8023-32efae931bf2",12,"fold","result","pair141","The founder folded the company.","The baker folded the flour.",0,10,4764
"e383b024-e6d7-4432-8023-32efae931bf2",12,"hit","manner","pair145","The arrow hit the target.","The idea hit the researcher.",0,36,5048
"e383b024-e6d7-4432-8023-32efae931bf2",12,"break","result","pair135","The journalist broke the story.","The guest broke the plate.",0,11,5512
"e383b024-e6d7-4432-8023-32efae931bf2",12,"clear","result","pair131","The hiker cleared the obstacle.","The waiter cleared the table.",0,86,2953
"e383b024-e6d7-4432-8023-32efae931bf2",12,"fill","result","pair140","The love filled the void.","The donations filled the need.",1,81,2161
"e383b024-e6d7-4432-8023-32efae931bf2",12,"bump","manner","pair148","The waiter bumped the table.","The gardener bumped the statue.",1,7,2715
"e383b024-e6d7-4432-8023-32efae931bf2",12,"shoot","manner","pair142","The photographer shot the wedding.","The hunter shot the deer.",0,10,3535
"e383b024-e6d7-4432-8023-32efae931bf2",12,"close","result","pair147","The lawyer closed the case.","The chauffeur closed the door.",0,87,2632
"e383b024-e6d7-4432-8023-32efae931bf2",12,"kill","result","pair146","The criminal killed the victim.","The cat killed the mouse.",1,6,4231
"b7e7c7dc-54c6-481b-ad75-70ef9d4cfe99",12,"pull","manner","pair130","The regulators pulled the product.","The advertisement pulled the customers.",0,79,8881
"b7e7c7dc-54c6-481b-ad75-70ef9d4cfe99",12,"close","result","pair147","The lawyer closed the case.","The chauffeur closed the door.",0,73,7418
"b7e7c7dc-54c6-481b-ad75-70ef9d4cfe99",12,"kill","result","pair132","The business killed the competition.","The cat killed the mouse.",0,70,8317
"b7e7c7dc-54c6-481b-ad75-70ef9d4cfe99",12,"bump","manner","pair148","The waiter bumped the table.","The gardener bumped the statue.",1,7,7486
"b7e7c7dc-54c6-481b-ad75-70ef9d4cfe99",12,"break","result","pair135","The journalist broke the story.","The guest broke the plate.",0,68,7879
"b7e7c7dc-54c6-481b-ad75-70ef9d4cfe99",12,"cover","result","pair134","The channel covered the story.","The insurance covered the damage.",0,67,9720
"b7e7c7dc-54c6-481b-ad75-70ef9d4cfe99",12,"clear","result","pair131","The hiker cleared the obstacle.","The waiter cleared the table.",0,51,9774
"b7e7c7dc-54c6-481b-ad75-70ef9d4cfe99",12,"kill","result","pair144","The traveler killed the afternoon.","The business killed the competition.",0,46,8042
"b7e7c7dc-54c6-481b-ad75-70ef9d4cfe99",12,"fill","result","pair140","The love filled the void.","The donations filled the need.",1,13,9092
"b7e7c7dc-54c6-481b-ad75-70ef9d4cfe99",12,"kill","result","pair146","The criminal killed the victim.","The cat killed the mouse.",1,10,7194
"b7e7c7dc-54c6-481b-ad75-70ef9d4cfe99",12,"hit","manner","pair145","The arrow hit the target.","The idea hit the researcher.",0,44,6226
"b7e7c7dc-54c6-481b-ad75-70ef9d4cfe99",12,"shoot","manner","pair142","The photographer shot the wedding.","The hunter shot the deer.",0,60,7712
"b7e7c7dc-54c6-481b-ad75-70ef9d4cfe99",12,"hit","manner","pair139","The idea hit the researcher.","The child hit the pillow.",1,66,7417
"b7e7c7dc-54c6-481b-ad75-70ef9d4cfe99",12,"fold","result","pair141","The founder folded the company.","The baker folded the flour.",0,73,8225
"b7e7c7dc-54c6-481b-ad75-70ef9d4cfe99",12,"smear","manner","pair136","The journalist smeared the business.","The artist smeared the paint.",0,70,6917
"b7e7c7dc-54c6-481b-ad75-70ef9d4cfe99",12,"break","result","pair143","The president broke the promise.","The burglar broke the window.",0,69,5326
"b7e7c7dc-54c6-481b-ad75-70ef9d4cfe99",12,"push","manner","pair137","The company pushed the product.","The pilot pushed the button.",0,73,8169
"b7e7c7dc-54c6-481b-ad75-70ef9d4cfe99",12,"hit","manner","pair138","The traveler hit the delay.","The child hit the pillow.",0,73,7507
"b7e7c7dc-54c6-481b-ad75-70ef9d4cfe99",12,"fill","result","pair133","The festival filled the weekend.","The farmer filled the bucket.",1,80,7224
"9b8ca8b5-4879-4471-a8f7-d3473227f02a",5,"cover","result","pair023","The channel covered the story.","The snow covered the footprints.",0,100,3693
"9b8ca8b5-4879-4471-a8f7-d3473227f02a",5,"fold","result","pair017","The baker folded the flour.","The chef folded the eggs.",1,15,7493
"9b8ca8b5-4879-4471-a8f7-d3473227f02a",5,"break","result","pair012","The president broke the promise.","The company broke the law.",1,40,9208
"9b8ca8b5-4879-4471-a8f7-d3473227f02a",5,"shoot","manner","pair002","The hunter shot the deer.","The technician shot the fireworks.",0,62,4013
"9b8ca8b5-4879-4471-a8f7-d3473227f02a",5,"open","result","pair016","The chairperson opened the meeting.","The farmer opened the gate.",0,99,20004
"9b8ca8b5-4879-4471-a8f7-d3473227f02a",5,"fold","result","pair006","The manager folded the project.","The chef folded the eggs.",0,99,4485
"9b8ca8b5-4879-4471-a8f7-d3473227f02a",5,"hit","manner","pair021","The investor hit the goal.","The batter hit the ball.",0,82,9059
"9b8ca8b5-4879-4471-a8f7-d3473227f02a",5,"shoot","manner","pair001","The director shot the scene.","The athlete shot the ball.",0,93,6022
"9b8ca8b5-4879-4471-a8f7-d3473227f02a",5,"push","manner","pair018","The politician pushed the policy.","The shopper pushed the cart.",0,99,6891
"9b8ca8b5-4879-4471-a8f7-d3473227f02a",5,"break","result","pair020","The doctor broke the news.","The burglar broke the window.",0,99,28541
"9b8ca8b5-4879-4471-a8f7-d3473227f02a",5,"bump","manner","pair007","The dean bumped the meeting.","The gardener bumped the statue.",1,78,6765
"9b8ca8b5-4879-4471-a8f7-d3473227f02a",5,"clear","result","pair011","The waiter cleared the table.","The worker cleared the rubble.",1,33,3878
"9b8ca8b5-4879-4471-a8f7-d3473227f02a",5,"pull","manner","pair014","The advertisement pulled the customers.","The worker pulled the lever.",0,94,16396
"9b8ca8b5-4879-4471-a8f7-d3473227f02a",5,"kill","result","pair003","The business killed the competition.","The mistake killed the proposal.",0,73,7496
"9b8ca8b5-4879-4471-a8f7-d3473227f02a",5,"hit","manner","pair010","The solution hit the inventor.","The idea hit the researcher.",1,23,4861
"9b8ca8b5-4879-4471-a8f7-d3473227f02a",5,"push","manner","pair019","The pilot pushed the button.","The shopper pushed the cart.",1,47,6534
"9b8ca8b5-4879-4471-a8f7-d3473227f02a",5,"kill","result","pair022","The mistake killed the proposal.","The cat killed the mouse.",1,89,4680
"9b8ca8b5-4879-4471-a8f7-d3473227f02a",5,"pull","manner","pair004","The business pulled the service.","The climber pulled the rope.",0,88,14406
"9b8ca8b5-4879-4471-a8f7-d3473227f02a",5,"hit","manner","pair009","The traveler hit the delay.","The hurricane hit the coastline.",1,50,41669
"9b8ca8b5-4879-4471-a8f7-d3473227f02a",5,"kill","result","pair015","The couple killed the evening.","The joke killed the evening.",0,61,6124
"9b8ca8b5-4879-4471-a8f7-d3473227f02a",5,"close","result","pair013","The lawyer closed the case.","The author closed the chapter.",0,28,73046
"9b8ca8b5-4879-4471-a8f7-d3473227f02a",5,"clear","result","pair005","The horse cleared the jump.","The worker cleared the rubble.",0,91,9024
"9b8ca8b5-4879-4471-a8f7-d3473227f02a",5,"fill","result","pair008","The donations filled the need.","The farmer filled the bucket.",0,67,5959
"9e6bde67-6440-4160-b0b5-f353a519c0c2",5,"push","manner","pair018","The politician pushed the policy.","The shopper pushed the cart.",0,17,38325
"9e6bde67-6440-4160-b0b5-f353a519c0c2",5,"fold","result","pair006","The manager folded the project.","The chef folded the eggs.",0,73,12178
"9e6bde67-6440-4160-b0b5-f353a519c0c2",5,"kill","result","pair015","The couple killed the evening.","The joke killed the evening.",0,12,9682
"9e6bde67-6440-4160-b0b5-f353a519c0c2",5,"shoot","manner","pair001","The director shot the scene.","The athlete shot the ball.",0,22,8782
"9e6bde67-6440-4160-b0b5-f353a519c0c2",5,"fold","result","pair017","The baker folded the flour.","The chef folded the eggs.",1,27,2439
"9e6bde67-6440-4160-b0b5-f353a519c0c2",5,"pull","manner","pair014","The advertisement pulled the customers.","The worker pulled the lever.",0,25,2582
"9e6bde67-6440-4160-b0b5-f353a519c0c2",5,"push","manner","pair019","The pilot pushed the button.","The shopper pushed the cart.",1,23,3689
"9e6bde67-6440-4160-b0b5-f353a519c0c2",5,"break","result","pair012","The president broke the promise.","The company broke the law.",1,8,2721
"9e6bde67-6440-4160-b0b5-f353a519c0c2",5,"pull","manner","pair004","The business pulled the service.","The climber pulled the rope.",0,19,2785
"9e6bde67-6440-4160-b0b5-f353a519c0c2",5,"close","result","pair013","The lawyer closed the case.","The author closed the chapter.",0,26,3627
"9e6bde67-6440-4160-b0b5-f353a519c0c2",5,"kill","result","pair022","The mistake killed the proposal.","The cat killed the mouse.",1,31,4130
"9e6bde67-6440-4160-b0b5-f353a519c0c2",5,"shoot","manner","pair002","The hunter shot the deer.","The technician shot the fireworks.",0,33,3635
"9e6bde67-6440-4160-b0b5-f353a519c0c2",5,"fill","result","pair008","The donations filled the need.","The farmer filled the bucket.",0,38,2787
"9e6bde67-6440-4160-b0b5-f353a519c0c2",5,"hit","manner","pair009","The traveler hit the delay.","The hurricane hit the coastline.",1,35,3132
"9e6bde67-6440-4160-b0b5-f353a519c0c2",5,"clear","result","pair005","The horse cleared the jump.","The worker cleared the rubble.",0,34,2969
"9e6bde67-6440-4160-b0b5-f353a519c0c2",5,"hit","manner","pair021","The investor hit the goal.","The batter hit the ball.",0,45,4332
"9e6bde67-6440-4160-b0b5-f353a519c0c2",5,"kill","result","pair003","The business killed the competition.","The mistake killed the proposal.",0,14,3819
"9e6bde67-6440-4160-b0b5-f353a519c0c2",5,"hit","manner","pair010","The solution hit the inventor.","The idea hit the researcher.",1,53,2513
"9e6bde67-6440-4160-b0b5-f353a519c0c2",5,"clear","result","pair011","The waiter cleared the table.","The worker cleared the rubble.",1,38,23115
"9e6bde67-6440-4160-b0b5-f353a519c0c2",5,"bump","manner","pair007","The dean bumped the meeting.","The gardener bumped the statue.",1,58,3331
"9e6bde67-6440-4160-b0b5-f353a519c0c2",5,"break","result","pair020","The doctor broke the news.","The burglar broke the window.",0,8,2077
"9e6bde67-6440-4160-b0b5-f353a519c0c2",5,"cover","result","pair023","The channel covered the story.","The snow covered the footprints.",0,0,3392
"9e6bde67-6440-4160-b0b5-f353a519c0c2",5,"open","result","pair016","The chairperson opened the meeting.","The farmer opened the gate.",0,14,3227
"81645dfc-3e82-41d2-a776-1ee9e59872bd",10,"fill","result","pair111","The secretary filled the schedule.","The farmer filled the bucket.",1,100,5267
"81645dfc-3e82-41d2-a776-1ee9e59872bd",10,"kill","result","pair127","The traveler killed the afternoon.","The mistake killed the proposal.",0,78,12094
"81645dfc-3e82-41d2-a776-1ee9e59872bd",10,"bump","manner","pair129","The waiter bumped the table.","The driver bumped the curb.",0,100,4906
"81645dfc-3e82-41d2-a776-1ee9e59872bd",10,"fold","result","pair113","The cleaner folded the clothes.","The child folded the paper.",1,91,46913
"81645dfc-3e82-41d2-a776-1ee9e59872bd",10,"close","result","pair118","The author closed the chapter.","The baker closed the oven.",1,100,4558
"81645dfc-3e82-41d2-a776-1ee9e59872bd",10,"hit","manner","pair122","The investor hit the goal.","The arrow hit the target.",1,49,8532
"81645dfc-3e82-41d2-a776-1ee9e59872bd",10,"clear","result","pair114","The bookkeeper cleared the payment.","The officer cleared the request.",1,100,4605
"81645dfc-3e82-41d2-a776-1ee9e59872bd",10,"kill","result","pair123","The team killed the rivals.","The joke killed the evening.",0,97,15492
"81645dfc-3e82-41d2-a776-1ee9e59872bd",10,"hit","manner","pair125","The child hit the pillow.","The batter hit the ball.",1,100,3749
"81645dfc-3e82-41d2-a776-1ee9e59872bd",10,"bump","manner","pair116","The teacher bumped the deadline.","The waiter bumped the table.",1,100,5822
"81645dfc-3e82-41d2-a776-1ee9e59872bd",10,"fill","result","pair120","The love filled the void.","The secretary filled the schedule.",0,100,4914
"81645dfc-3e82-41d2-a776-1ee9e59872bd",10,"pull","manner","pair124","The regulators pulled the product.","The worker pulled the lever.",0,9,7279
"81645dfc-3e82-41d2-a776-1ee9e59872bd",10,"push","manner","pair112","The artwork pushed the boundaries.","The athlete pushed the limit.",1,100,4258
"81645dfc-3e82-41d2-a776-1ee9e59872bd",10,"cover","result","pair121","The writer covered the election.","The channel covered the story.",1,53,6321
"81645dfc-3e82-41d2-a776-1ee9e59872bd",10,"shoot","manner","pair119","The photographer shot the wedding.","The technician shot the fireworks.",0,100,3915
"81645dfc-3e82-41d2-a776-1ee9e59872bd",10,"hit","manner","pair126","The arrow hit the target.","The batter hit the ball.",0,99,3314
"81645dfc-3e82-41d2-a776-1ee9e59872bd",10,"close","result","pair115","The executive closed the deal.","The lawyer closed the case.",1,100,3426
"81645dfc-3e82-41d2-a776-1ee9e59872bd",10,"break","result","pair110","The company broke the law.","The doctor broke the news.",0,100,3159
"81645dfc-3e82-41d2-a776-1ee9e59872bd",10,"cover","result","pair128","The snow covered the footprints.","The policy covered the accident.",0,100,4245
"81645dfc-3e82-41d2-a776-1ee9e59872bd",10,"smear","manner","pair117","The article smeared the celebrity.","The artist smeared the paint.",0,100,3413
"d0413232-cd9d-46c9-9a7d-b030a894c96d",17,"push","manner","pair088","The politician pushed the policy.","The athlete pushed the limit.",0,83,5362
"d0413232-cd9d-46c9-9a7d-b030a894c96d",17,"pull","manner","pair092","The scandal pulled the reporters.","The worker pulled the lever.",0,85,8402
"d0413232-cd9d-46c9-9a7d-b030a894c96d",17,"fold","result","pair091","The child folded the paper.","The baker folded the flour.",0,46,4642
"d0413232-cd9d-46c9-9a7d-b030a894c96d",17,"clear","result","pair085","The officer cleared the request.","The waiter cleared the table.",0,82,7568
"d0413232-cd9d-46c9-9a7d-b030a894c96d",17,"push","manner","pair094","The athlete pushed the limit.","The pilot pushed the button.",0,73,4827
"d0413232-cd9d-46c9-9a7d-b030a894c96d",17,"cover","result","pair098","The writer covered the election.","The policy covered the accident.",0,73,5996
"d0413232-cd9d-46c9-9a7d-b030a894c96d",17,"kill","result","pair109","The mistake killed the proposal.","The joke killed the evening.",1,37,4994
"d0413232-cd9d-46c9-9a7d-b030a894c96d",17,"bump","manner","pair103","The teacher bumped the deadline.","The driver bumped the curb.",0,79,3919
"d0413232-cd9d-46c9-9a7d-b030a894c96d",17,"close","result","pair102","The executive closed the deal.","The baker closed the oven.",0,85,10261
"d0413232-cd9d-46c9-9a7d-b030a894c96d",17,"shoot","manner","pair106","The robber shot the victim.","The technician shot the fireworks.",0,70,5677
"d0413232-cd9d-46c9-9a7d-b030a894c96d",17,"cover","result","pair105","The nurse covered the wound.","The insurance covered the damage.",0,76,9920
"d0413232-cd9d-46c9-9a7d-b030a894c96d",17,"clear","result","pair095","The horse cleared the jump.","The officer cleared the request.",0,79,3857
"d0413232-cd9d-46c9-9a7d-b030a894c96d",17,"break","result","pair100","The company broke the law.","The guest broke the plate.",0,69,7752
"d0413232-cd9d-46c9-9a7d-b030a894c96d",17,"hit","manner","pair087","The hurricane hit the coastline.","The child hit the pillow.",0,51,6629
"d0413232-cd9d-46c9-9a7d-b030a894c96d",17,"hit","manner","pair108","The traveler hit the delay.","The investor hit the goal.",1,48,5611
"d0413232-cd9d-46c9-9a7d-b030a894c96d",17,"open","result","pair096","The consultant opened the discussion.","The farmer opened the gate.",0,74,4325
"d0413232-cd9d-46c9-9a7d-b030a894c96d",17,"pull","manner","pair097","The business pulled the service.","The scandal pulled the reporters.",0,79,5009
"d0413232-cd9d-46c9-9a7d-b030a894c96d",17,"kill","result","pair101","The traveler killed the afternoon.","The cat killed the mouse.",0,87,4237
"d0413232-cd9d-46c9-9a7d-b030a894c96d",17,"kill","result","pair090","The couple killed the evening.","The team killed the rivals.",0,68,4025
"d0413232-cd9d-46c9-9a7d-b030a894c96d",17,"fill","result","pair086","The donations filled the need.","The festival filled the weekend.",0,43,8400
"d0413232-cd9d-46c9-9a7d-b030a894c96d",17,"close","result","pair107","The presenter closed the speech.","The chauffeur closed the door.",1,86,3571
"d0413232-cd9d-46c9-9a7d-b030a894c96d",17,"shoot","manner","pair089","The director shot the scene.","The robber shot the victim.",0,85,3051
"d0413232-cd9d-46c9-9a7d-b030a894c96d",17,"bump","manner","pair099","The ball bumped the couch.","The driver bumped the curb.",1,21,4747
"d0413232-cd9d-46c9-9a7d-b030a894c96d",17,"fold","result","pair104","The manager folded the project.","The child folded the paper.",0,62,5327
"d0413232-cd9d-46c9-9a7d-b030a894c96d",17,"hit","manner","pair093","The investor hit the goal.","The idea hit the researcher.",0,40,7713
"0baebc73-d1f1-45aa-bc38-ca46cf134612",10,"break","result","pair110","The company broke the law.","The doctor broke the news.",0,84,9889
"0baebc73-d1f1-45aa-bc38-ca46cf134612",10,"kill","result","pair127","The traveler killed the afternoon.","The mistake killed the proposal.",0,3,4772
"0baebc73-d1f1-45aa-bc38-ca46cf134612",10,"smear","manner","pair117","The article smeared the celebrity.","The artist smeared the paint.",0,73,6446
"0baebc73-d1f1-45aa-bc38-ca46cf134612",10,"hit","manner","pair125","The child hit the pillow.","The batter hit the ball.",1,2,4682
"0baebc73-d1f1-45aa-bc38-ca46cf134612",10,"cover","result","pair121","The writer covered the election.","The channel covered the story.",1,2,7795
"0baebc73-d1f1-45aa-bc38-ca46cf134612",10,"clear","result","pair114","The bookkeeper cleared the payment.","The officer cleared the request.",1,10,6855
"0baebc73-d1f1-45aa-bc38-ca46cf134612",10,"hit","manner","pair126","The arrow hit the target.","The batter hit the ball.",0,8,3791
"0baebc73-d1f1-45aa-bc38-ca46cf134612",10,"close","result","pair115","The executive closed the deal.","The lawyer closed the case.",1,79,4938
"0baebc73-d1f1-45aa-bc38-ca46cf134612",10,"shoot","manner","pair119","The photographer shot the wedding.","The technician shot the fireworks.",0,99,5585
"0baebc73-d1f1-45aa-bc38-ca46cf134612",10,"fold","result","pair113","The cleaner folded the clothes.","The child folded the paper.",1,10,5507
"0baebc73-d1f1-45aa-bc38-ca46cf134612",10,"cover","result","pair128","The snow covered the footprints.","The policy covered the accident.",0,75,6266
"0baebc73-d1f1-45aa-bc38-ca46cf134612",10,"bump","manner","pair116","The teacher bumped the deadline.","The waiter bumped the table.",1,100,6270
"0baebc73-d1f1-45aa-bc38-ca46cf134612",10,"push","manner","pair112","The artwork pushed the boundaries.","The athlete pushed the limit.",1,41,7075
"0baebc73-d1f1-45aa-bc38-ca46cf134612",10,"bump","manner","pair129","The waiter bumped the table.","The driver bumped the curb.",0,4,7847
"0baebc73-d1f1-45aa-bc38-ca46cf134612",10,"hit","manner","pair122","The investor hit the goal.","The arrow hit the target.",1,9,4069
"0baebc73-d1f1-45aa-bc38-ca46cf134612",10,"pull","manner","pair124","The regulators pulled the product.","The worker pulled the lever.",0,98,4054
"0baebc73-d1f1-45aa-bc38-ca46cf134612",10,"fill","result","pair120","The love filled the void.","The secretary filled the schedule.",0,87,6482
"0baebc73-d1f1-45aa-bc38-ca46cf134612",10,"kill","result","pair123","The team killed the rivals.","The joke killed the evening.",0,53,6006
"0baebc73-d1f1-45aa-bc38-ca46cf134612",10,"close","result","pair118","The author closed the chapter.","The baker closed the oven.",1,97,4784
"0baebc73-d1f1-45aa-bc38-ca46cf134612",10,"fill","result","pair111","The secretary filled the schedule.","The farmer filled the bucket.",1,92,4723
"480a8b9d-8f7b-4e31-80cd-25694fe1b56e",19,"fill","result","pair030","The love filled the void.","The farmer filled the bucket.",0,61,7077
"480a8b9d-8f7b-4e31-80cd-25694fe1b56e",19,"smear","manner","pair024","The baker smeared the frosting.","The artist smeared the paint.",1,20,4995
"480a8b9d-8f7b-4e31-80cd-25694fe1b56e",19,"fold","result","pair043","The manager folded the project.","The founder folded the company.",1,35,5391
"480a8b9d-8f7b-4e31-80cd-25694fe1b56e",19,"bump","manner","pair028","The gardener bumped the statue.","The ball bumped the couch.",0,46,5913
"480a8b9d-8f7b-4e31-80cd-25694fe1b56e",19,"clear","result","pair026","The horse cleared the jump.","The hiker cleared the obstacle.",1,53,5352
"480a8b9d-8f7b-4e31-80cd-25694fe1b56e",19,"cover","result","pair045","The writer covered the election.","The snow covered the footprints.",0,88,7776
"480a8b9d-8f7b-4e31-80cd-25694fe1b56e",19,"push","manner","pair044","The artwork pushed the boundaries.","The pilot pushed the button.",0,60,5086
"480a8b9d-8f7b-4e31-80cd-25694fe1b56e",19,"kill","result","pair041","The team killed the rivals.","The criminal killed the victim.",0,90,6391
"480a8b9d-8f7b-4e31-80cd-25694fe1b56e",19,"hit","manner","pair029","The hurricane hit the coastline.","The solution hit the inventor.",0,45,4591
"480a8b9d-8f7b-4e31-80cd-25694fe1b56e",19,"hit","manner","pair035","The investor hit the goal.","The hurricane hit the coastline.",1,54,2819
"480a8b9d-8f7b-4e31-80cd-25694fe1b56e",19,"kill","result","pair038","The couple killed the evening.","The traveler killed the afternoon.",1,36,2819
"480a8b9d-8f7b-4e31-80cd-25694fe1b56e",19,"fold","result","pair042","The cleaner folded the clothes.","The baker folded the flour.",0,10,6210
"480a8b9d-8f7b-4e31-80cd-25694fe1b56e",19,"bump","manner","pair033","The teacher bumped the deadline.","The gardener bumped the statue.",1,94,29464
"480a8b9d-8f7b-4e31-80cd-25694fe1b56e",19,"fill","result","pair025","The secretary filled the schedule.","The waiter filled the glass.",1,24,3187
"480a8b9d-8f7b-4e31-80cd-25694fe1b56e",19,"open","result","pair027","The consultant opened the discussion.","The chairperson opened the meeting.",1,65,3271
"480a8b9d-8f7b-4e31-80cd-25694fe1b56e",19,"push","manner","pair046","The politician pushed the policy.","The company pushed the product.",1,38,2414
"480a8b9d-8f7b-4e31-80cd-25694fe1b56e",19,"kill","result","pair039","The traveler killed the afternoon.","The joke killed the evening.",0,11,5043
"480a8b9d-8f7b-4e31-80cd-25694fe1b56e",19,"clear","result","pair034","The bookkeeper cleared the payment.","The waiter cleared the table.",0,52,3811
"480a8b9d-8f7b-4e31-80cd-25694fe1b56e",19,"cover","result","pair032","The snow covered the footprints.","The insurance covered the damage.",0,52,2210
"480a8b9d-8f7b-4e31-80cd-25694fe1b56e",19,"pull","manner","pair040","The scandal pulled the reporters.","The advertisement pulled the customers.",1,71,2687
"480a8b9d-8f7b-4e31-80cd-25694fe1b56e",19,"shoot","manner","pair047","The robber shot the victim.","The hunter shot the deer.",1,56,6151
"480a8b9d-8f7b-4e31-80cd-25694fe1b56e",19,"close","result","pair036","The author closed the chapter.","The chauffeur closed the door.",1,35,2950
"480a8b9d-8f7b-4e31-80cd-25694fe1b56e",19,"break","result","pair031","The company broke the law.","The journalist broke the story.",0,39,2275
"480a8b9d-8f7b-4e31-80cd-25694fe1b56e",19,"close","result","pair037","The executive closed the deal.","The author closed the chapter.",0,40,3969
"59aa9049-63bd-4b29-be26-6257231f2495",14,"break","result","pair166","The president broke the promise.","The doctor broke the news.",0,86,4624
"59aa9049-63bd-4b29-be26-6257231f2495",14,"fill","result","pair158","The donations filled the need.","The waiter filled the glass.",0,84,7347
"59aa9049-63bd-4b29-be26-6257231f2495",14,"kill","result","pair156","The couple killed the evening.","The criminal killed the victim.",0,77,116788
"59aa9049-63bd-4b29-be26-6257231f2495",14,"fold","result","pair154","The founder folded the company.","The cleaner folded the clothes.",0,77,5970
"59aa9049-63bd-4b29-be26-6257231f2495",14,"clear","result","pair149","The hiker cleared the obstacle.","The bookkeeper cleared the payment.",0,74,6585
"59aa9049-63bd-4b29-be26-6257231f2495",14,"shoot","manner","pair160","The director shot the scene.","The technician shot the fireworks.",0,83,4451
"59aa9049-63bd-4b29-be26-6257231f2495",14,"hit","manner","pair159","The solution hit the inventor.","The child hit the pillow.",1,91,4875
"59aa9049-63bd-4b29-be26-6257231f2495",14,"shoot","manner","pair164","The athlete shot the ball.","The technician shot the fireworks.",1,60,5315
"59aa9049-63bd-4b29-be26-6257231f2495",14,"pull","manner","pair150","The climber pulled the rope.","The worker pulled the lever.",1,57,5539
"59aa9049-63bd-4b29-be26-6257231f2495",14,"open","result","pair155","The teacher opened the window.","The farmer opened the gate.",1,65,4677
"59aa9049-63bd-4b29-be26-6257231f2495",14,"pull","manner","pair168","The business pulled the service.","The worker pulled the lever.",0,97,5548
"59aa9049-63bd-4b29-be26-6257231f2495",14,"smear","manner","pair169","The journalist smeared the business.","The article smeared the celebrity.",1,59,5647
"59aa9049-63bd-4b29-be26-6257231f2495",14,"cover","result","pair165","The channel covered the story.","The nurse covered the wound.",0,100,4423
"59aa9049-63bd-4b29-be26-6257231f2495",14,"close","result","pair153","The lawyer closed the case.","The presenter closed the speech.",0,57,10195
"59aa9049-63bd-4b29-be26-6257231f2495",14,"kill","result","pair167","The joke killed the evening.","The criminal killed the victim.",1,100,3776
"59aa9049-63bd-4b29-be26-6257231f2495",14,"hit","manner","pair157","The traveler hit the delay.","The solution hit the inventor.",0,94,3342
"59aa9049-63bd-4b29-be26-6257231f2495",14,"break","result","pair152","The doctor broke the news.","The guest broke the plate.",0,100,3584
"59aa9049-63bd-4b29-be26-6257231f2495",14,"hit","manner","pair151","The arrow hit the target.","The hurricane hit the coastline.",1,56,6723
"59aa9049-63bd-4b29-be26-6257231f2495",14,"push","manner","pair162","The company pushed the product.","The artwork pushed the boundaries.",0,87,75190
"59aa9049-63bd-4b29-be26-6257231f2495",14,"kill","result","pair163","The business killed the competition.","The joke killed the evening.",0,65,12382
"59aa9049-63bd-4b29-be26-6257231f2495",14,"bump","manner","pair161","The dean bumped the meeting.","The ball bumped the couch.",0,81,4705
"a002f873-0296-4761-aefe-b12ae2d9f220",7,"pull","manner","pair092","The scandal pulled the reporters.","The worker pulled the lever.",0,30,11982
"a002f873-0296-4761-aefe-b12ae2d9f220",7,"kill","result","pair109","The mistake killed the proposal.","The joke killed the evening.",1,4,10499
"a002f873-0296-4761-aefe-b12ae2d9f220",7,"clear","result","pair085","The officer cleared the request.","The waiter cleared the table.",0,28,20598
"a002f873-0296-4761-aefe-b12ae2d9f220",7,"bump","manner","pair103","The teacher bumped the deadline.","The driver bumped the curb.",0,66,5564
"a002f873-0296-4761-aefe-b12ae2d9f220",7,"clear","result","pair095","The horse cleared the jump.","The officer cleared the request.",0,67,16897
"a002f873-0296-4761-aefe-b12ae2d9f220",7,"close","result","pair102","The executive closed the deal.","The baker closed the oven.",0,32,4698
"a002f873-0296-4761-aefe-b12ae2d9f220",7,"break","result","pair100","The company broke the law.","The guest broke the plate.",0,75,7298
"a002f873-0296-4761-aefe-b12ae2d9f220",7,"fill","result","pair086","The donations filled the need.","The festival filled the weekend.",0,42,8832
"a002f873-0296-4761-aefe-b12ae2d9f220",7,"fold","result","pair091","The child folded the paper.","The baker folded the flour.",0,39,4565
"a002f873-0296-4761-aefe-b12ae2d9f220",7,"fold","result","pair104","The manager folded the project.","The child folded the paper.",0,35,4898
"a002f873-0296-4761-aefe-b12ae2d9f220",7,"cover","result","pair105","The nurse covered the wound.","The insurance covered the damage.",0,32,8231
"a002f873-0296-4761-aefe-b12ae2d9f220",7,"hit","manner","pair108","The traveler hit the delay.","The investor hit the goal.",1,60,54751
"a002f873-0296-4761-aefe-b12ae2d9f220",7,"pull","manner","pair097","The business pulled the service.","The scandal pulled the reporters.",0,67,5032
"a002f873-0296-4761-aefe-b12ae2d9f220",7,"close","result","pair107","The presenter closed the speech.","The chauffeur closed the door.",1,50,5931
"a002f873-0296-4761-aefe-b12ae2d9f220",7,"push","manner","pair094","The athlete pushed the limit.","The pilot pushed the button.",0,62,4799
"a002f873-0296-4761-aefe-b12ae2d9f220",7,"push","manner","pair088","The politician pushed the policy.","The athlete pushed the limit.",0,68,5348
"a002f873-0296-4761-aefe-b12ae2d9f220",7,"kill","result","pair090","The couple killed the evening.","The team killed the rivals.",0,70,9665
"a002f873-0296-4761-aefe-b12ae2d9f220",7,"cover","result","pair098","The writer covered the election.","The policy covered the accident.",0,52,3717
"a002f873-0296-4761-aefe-b12ae2d9f220",7,"hit","manner","pair087","The hurricane hit the coastline.","The child hit the pillow.",0,72,7329
"a002f873-0296-4761-aefe-b12ae2d9f220",7,"hit","manner","pair093","The investor hit the goal.","The idea hit the researcher.",0,92,11482
"a002f873-0296-4761-aefe-b12ae2d9f220",7,"bump","manner","pair099","The ball bumped the couch.","The driver bumped the curb.",1,30,8381
"a002f873-0296-4761-aefe-b12ae2d9f220",7,"open","result","pair096","The consultant opened the discussion.","The farmer opened the gate.",0,20,8532
"a002f873-0296-4761-aefe-b12ae2d9f220",7,"shoot","manner","pair089","The director shot the scene.","The robber shot the victim.",0,78,4666
"a002f873-0296-4761-aefe-b12ae2d9f220",7,"kill","result","pair101","The traveler killed the afternoon.","The cat killed the mouse.",0,55,5665
"a002f873-0296-4761-aefe-b12ae2d9f220",7,"shoot","manner","pair106","The robber shot the victim.","The technician shot the fireworks.",0,33,4332
"7fb09028-fb69-4159-9286-c2517fc2415a",15,"close","result","pair013","The lawyer closed the case.","The author closed the chapter.",0,61,3736
"7fb09028-fb69-4159-9286-c2517fc2415a",15,"push","manner","pair019","The pilot pushed the button.","The shopper pushed the cart.",1,83,6771
"7fb09028-fb69-4159-9286-c2517fc2415a",15,"clear","result","pair005","The horse cleared the jump.","The worker cleared the rubble.",0,68,6680
"7fb09028-fb69-4159-9286-c2517fc2415a",15,"bump","manner","pair007","The dean bumped the meeting.","The gardener bumped the statue.",1,77,4922
"7fb09028-fb69-4159-9286-c2517fc2415a",15,"open","result","pair016","The chairperson opened the meeting.","The farmer opened the gate.",0,71,5835
"7fb09028-fb69-4159-9286-c2517fc2415a",15,"pull","manner","pair014","The advertisement pulled the customers.","The worker pulled the lever.",0,73,5525
"7fb09028-fb69-4159-9286-c2517fc2415a",15,"fold","result","pair006","The manager folded the project.","The chef folded the eggs.",0,71,4466
"7fb09028-fb69-4159-9286-c2517fc2415a",15,"kill","result","pair022","The mistake killed the proposal.","The cat killed the mouse.",1,74,3940
"7fb09028-fb69-4159-9286-c2517fc2415a",15,"push","manner","pair018","The politician pushed the policy.","The shopper pushed the cart.",0,73,10475
"7fb09028-fb69-4159-9286-c2517fc2415a",15,"hit","manner","pair009","The traveler hit the delay.","The hurricane hit the coastline.",1,61,10940
"7fb09028-fb69-4159-9286-c2517fc2415a",15,"clear","result","pair011","The waiter cleared the table.","The worker cleared the rubble.",1,34,4541
"7fb09028-fb69-4159-9286-c2517fc2415a",15,"kill","result","pair015","The couple killed the evening.","The joke killed the evening.",0,16,5509
"7fb09028-fb69-4159-9286-c2517fc2415a",15,"pull","manner","pair004","The business pulled the service.","The climber pulled the rope.",0,71,2979
"7fb09028-fb69-4159-9286-c2517fc2415a",15,"shoot","manner","pair002","The hunter shot the deer.","The technician shot the fireworks.",0,31,5038
"7fb09028-fb69-4159-9286-c2517fc2415a",15,"shoot","manner","pair001","The director shot the scene.","The athlete shot the ball.",0,60,5293
"7fb09028-fb69-4159-9286-c2517fc2415a",15,"fill","result","pair008","The donations filled the need.","The farmer filled the bucket.",0,34,7089
"7fb09028-fb69-4159-9286-c2517fc2415a",15,"break","result","pair020","The doctor broke the news.","The burglar broke the window.",0,70,2977
"7fb09028-fb69-4159-9286-c2517fc2415a",15,"fold","result","pair017","The baker folded the flour.","The chef folded the eggs.",1,20,3223
"7fb09028-fb69-4159-9286-c2517fc2415a",15,"break","result","pair012","The president broke the promise.","The company broke the law.",1,37,5530
"7fb09028-fb69-4159-9286-c2517fc2415a",15,"kill","result","pair003","The business killed the competition.","The mistake killed the proposal.",0,62,5507
"7fb09028-fb69-4159-9286-c2517fc2415a",15,"hit","manner","pair021","The investor hit the goal.","The batter hit the ball.",0,69,9649
"7fb09028-fb69-4159-9286-c2517fc2415a",15,"hit","manner","pair010","The solution hit the inventor.","The idea hit the researcher.",1,15,7121
"7fb09028-fb69-4159-9286-c2517fc2415a",15,"cover","result","pair023","The channel covered the story.","The snow covered the footprints.",0,48,6780
"b99f6614-fb53-41d2-b9ae-b3d83e0ae8f4",1,"hit","manner","pair060","The traveler hit the delay.","The batter hit the ball.",0,97,5531
"b99f6614-fb53-41d2-b9ae-b3d83e0ae8f4",1,"hit","manner","pair056","The idea hit the researcher.","The batter hit the ball.",1,95,7409
"b99f6614-fb53-41d2-b9ae-b3d83e0ae8f4",1,"fill","result","pair062","The festival filled the weekend.","The waiter filled the glass.",1,92,5784
"b99f6614-fb53-41d2-b9ae-b3d83e0ae8f4",1,"kill","result","pair057","The traveler killed the afternoon.","The team killed the rivals.",0,3,6226
"b99f6614-fb53-41d2-b9ae-b3d83e0ae8f4",1,"fill","result","pair066","The love filled the void.","The festival filled the weekend.",0,4,6997
"b99f6614-fb53-41d2-b9ae-b3d83e0ae8f4",1,"hit","manner","pair054","The arrow hit the target.","The child hit the pillow.",0,91,4229
"b99f6614-fb53-41d2-b9ae-b3d83e0ae8f4",1,"bump","manner","pair058","The teacher bumped the deadline.","The dean bumped the meeting.",1,4,5355
"b99f6614-fb53-41d2-b9ae-b3d83e0ae8f4",1,"break","result","pair048","The burglar broke the window.","The guest broke the plate.",1,3,4180
"b99f6614-fb53-41d2-b9ae-b3d83e0ae8f4",1,"shoot","manner","pair063","The photographer shot the wedding.","The athlete shot the ball.",0,93,4271
"b99f6614-fb53-41d2-b9ae-b3d83e0ae8f4",1,"fold","result","pair050","The founder folded the company.","The chef folded the eggs.",0,94,5495
"b99f6614-fb53-41d2-b9ae-b3d83e0ae8f4",1,"pull","manner","pair061","The regulators pulled the product.","The climber pulled the rope.",0,93,9417
"b99f6614-fb53-41d2-b9ae-b3d83e0ae8f4",1,"push","manner","pair059","The company pushed the product.","The shopper pushed the cart.",0,97,4879
"b99f6614-fb53-41d2-b9ae-b3d83e0ae8f4",1,"close","result","pair052","The author closed the chapter.","The presenter closed the speech.",1,13,5201
"b99f6614-fb53-41d2-b9ae-b3d83e0ae8f4",1,"cover","result","pair065","The snow covered the footprints.","The nurse covered the wound.",1,21,5263
"b99f6614-fb53-41d2-b9ae-b3d83e0ae8f4",1,"break","result","pair053","The president broke the promise.","The guest broke the plate.",0,91,3470
"b99f6614-fb53-41d2-b9ae-b3d83e0ae8f4",1,"smear","manner","pair051","The article smeared the celebrity.","The baker smeared the frosting.",0,91,4511
"b99f6614-fb53-41d2-b9ae-b3d83e0ae8f4",1,"kill","result","pair049","The team killed the rivals.","The mistake killed the proposal.",0,11,3039
"b99f6614-fb53-41d2-b9ae-b3d83e0ae8f4",1,"bump","manner","pair064","The waiter bumped the table.","The ball bumped the couch.",0,6,4314
"b99f6614-fb53-41d2-b9ae-b3d83e0ae8f4",1,"clear","result","pair055","The hiker cleared the obstacle.","The worker cleared the rubble.",0,90,4665
"c08b3bda-0a1d-4d3f-9548-cd40db7e8f1c",18,"hit","manner","pair206","The hurricane hit the coastline.","The idea hit the researcher.",0,88,5743
"c08b3bda-0a1d-4d3f-9548-cd40db7e8f1c",18,"clear","result","pair215","The bookkeeper cleared the payment.","The worker cleared the rubble.",0,83,5079
"c08b3bda-0a1d-4d3f-9548-cd40db7e8f1c",18,"bump","manner","pair217","The teacher bumped the deadline.","The ball bumped the couch.",0,81,6526
"c08b3bda-0a1d-4d3f-9548-cd40db7e8f1c",18,"kill","result","pair212","The traveler killed the afternoon.","The criminal killed the victim.",0,88,5736
"c08b3bda-0a1d-4d3f-9548-cd40db7e8f1c",18,"pull","manner","pair214","The scandal pulled the reporters.","The climber pulled the rope.",0,86,9862
"c08b3bda-0a1d-4d3f-9548-cd40db7e8f1c",18,"push","manner","pair208","The politician pushed the policy.","The artwork pushed the boundaries.",0,51,4616
"c08b3bda-0a1d-4d3f-9548-cd40db7e8f1c",18,"fold","result","pair213","The manager folded the project.","The cleaner folded the clothes.",0,85,8984
"c08b3bda-0a1d-4d3f-9548-cd40db7e8f1c",18,"fill","result","pair218","The love filled the void.","The waiter filled the glass.",0,66,5854
"c08b3bda-0a1d-4d3f-9548-cd40db7e8f1c",18,"close","result","pair207","The presenter closed the speech.","The baker closed the oven.",1,67,3264
"c08b3bda-0a1d-4d3f-9548-cd40db7e8f1c",18,"kill","result","pair195","The team killed the rivals.","The cat killed the mouse.",0,46,5743
"c08b3bda-0a1d-4d3f-9548-cd40db7e8f1c",18,"fill","result","pair196","The farmer filled the bucket.","The waiter filled the glass.",1,34,41687
"c08b3bda-0a1d-4d3f-9548-cd40db7e8f1c",18,"shoot","manner","pair216","The director shot the scene.","The photographer shot the wedding.",1,18,4718
"c08b3bda-0a1d-4d3f-9548-cd40db7e8f1c",18,"cover","result","pair205","The writer covered the election.","The nurse covered the wound.",0,64,3896
"c08b3bda-0a1d-4d3f-9548-cd40db7e8f1c",18,"shoot","manner","pair200","The robber shot the victim.","The athlete shot the ball.",0,65,5135
"c08b3bda-0a1d-4d3f-9548-cd40db7e8f1c",18,"kill","result","pair194","The couple killed the evening.","The business killed the competition.",0,37,5158
"c08b3bda-0a1d-4d3f-9548-cd40db7e8f1c",18,"cover","result","pair211","The nurse covered the wound.","The policy covered the accident.",0,44,6703
"c08b3bda-0a1d-4d3f-9548-cd40db7e8f1c",18,"fold","result","pair198","The cleaner folded the clothes.","The chef folded the eggs.",0,30,3215
"c08b3bda-0a1d-4d3f-9548-cd40db7e8f1c",18,"pull","manner","pair204","The business pulled the service.","The regulators pulled the product.",1,27,4271
"c08b3bda-0a1d-4d3f-9548-cd40db7e8f1c",18,"break","result","pair209","The company broke the law.","The burglar broke the window.",0,29,4999
"c08b3bda-0a1d-4d3f-9548-cd40db7e8f1c",18,"hit","manner","pair203","The investor hit the goal.","The solution hit the inventor.",0,61,4135
"c08b3bda-0a1d-4d3f-9548-cd40db7e8f1c",18,"bump","manner","pair201","The gardener bumped the statue.","The driver bumped the curb.",0,41,3679
"c08b3bda-0a1d-4d3f-9548-cd40db7e8f1c",18,"clear","result","pair202","The horse cleared the jump.","The bookkeeper cleared the payment.",0,76,3223
"c08b3bda-0a1d-4d3f-9548-cd40db7e8f1c",18,"push","manner","pair199","The artwork pushed the boundaries.","The shopper pushed the cart.",0,86,4279
"c08b3bda-0a1d-4d3f-9548-cd40db7e8f1c",18,"close","result","pair197","The executive closed the deal.","The presenter closed the speech.",0,41,4520
"c08b3bda-0a1d-4d3f-9548-cd40db7e8f1c",18,"open","result","pair210","The consultant opened the discussion.","The teacher opened the window.",0,48,3119
"4d0f6b1c-9caa-4f86-ac4a-521ee027c0b5",7,"fill","result","pair086","The donations filled the need.","The festival filled the weekend.",0,50,9706
"4d0f6b1c-9caa-4f86-ac4a-521ee027c0b5",7,"fold","result","pair104","The manager folded the project.","The child folded the paper.",0,100,7555
"4d0f6b1c-9caa-4f86-ac4a-521ee027c0b5",7,"cover","result","pair098","The writer covered the election.","The policy covered the accident.",0,100,17667
"4d0f6b1c-9caa-4f86-ac4a-521ee027c0b5",7,"bump","manner","pair099","The ball bumped the couch.","The driver bumped the curb.",1,0,9052
"4d0f6b1c-9caa-4f86-ac4a-521ee027c0b5",7,"push","manner","pair094","The athlete pushed the limit.","The pilot pushed the button.",0,100,8719
"4d0f6b1c-9caa-4f86-ac4a-521ee027c0b5",7,"hit","manner","pair087","The hurricane hit the coastline.","The child hit the pillow.",0,100,18695
"4d0f6b1c-9caa-4f86-ac4a-521ee027c0b5",7,"close","result","pair107","The presenter closed the speech.","The chauffeur closed the door.",1,100,9239
"4d0f6b1c-9caa-4f86-ac4a-521ee027c0b5",7,"hit","manner","pair093","The investor hit the goal.","The idea hit the researcher.",0,0,34962
"4d0f6b1c-9caa-4f86-ac4a-521ee027c0b5",7,"shoot","manner","pair089","The director shot the scene.","The robber shot the victim.",0,100,6940
"4d0f6b1c-9caa-4f86-ac4a-521ee027c0b5",7,"kill","result","pair090","The couple killed the evening.","The team killed the rivals.",0,0,9706
"4d0f6b1c-9caa-4f86-ac4a-521ee027c0b5",7,"clear","result","pair085","The officer cleared the request.","The waiter cleared the table.",0,100,11218
"4d0f6b1c-9caa-4f86-ac4a-521ee027c0b5",7,"pull","manner","pair097","The business pulled the service.","The scandal pulled the reporters.",0,0,9271
"4d0f6b1c-9caa-4f86-ac4a-521ee027c0b5",7,"fold","result","pair091","The child folded the paper.","The baker folded the flour.",0,100,13835
"4d0f6b1c-9caa-4f86-ac4a-521ee027c0b5",7,"bump","manner","pair103","The teacher bumped the deadline.","The driver bumped the curb.",0,100,8288
"4d0f6b1c-9caa-4f86-ac4a-521ee027c0b5",7,"hit","manner","pair108","The traveler hit the delay.","The investor hit the goal.",1,0,9022
"4d0f6b1c-9caa-4f86-ac4a-521ee027c0b5",7,"open","result","pair096","The consultant opened the discussion.","The farmer opened the gate.",0,100,8757
"4d0f6b1c-9caa-4f86-ac4a-521ee027c0b5",7,"cover","result","pair105","The nurse covered the wound.","The insurance covered the damage.",0,100,5807
"4d0f6b1c-9caa-4f86-ac4a-521ee027c0b5",7,"shoot","manner","pair106","The robber shot the victim.","The technician shot the fireworks.",0,100,6523
"4d0f6b1c-9caa-4f86-ac4a-521ee027c0b5",7,"pull","manner","pair092","The scandal pulled the reporters.","The worker pulled the lever.",0,100,41172
"4d0f6b1c-9caa-4f86-ac4a-521ee027c0b5",7,"push","manner","pair088","The politician pushed the policy.","The athlete pushed the limit.",0,0,12385
"4d0f6b1c-9caa-4f86-ac4a-521ee027c0b5",7,"break","result","pair100","The company broke the law.","The guest broke the plate.",0,100,6523
"4d0f6b1c-9caa-4f86-ac4a-521ee027c0b5",7,"clear","result","pair095","The horse cleared the jump.","The officer cleared the request.",0,100,9469
"4d0f6b1c-9caa-4f86-ac4a-521ee027c0b5",7,"kill","result","pair109","The mistake killed the proposal.","The joke killed the evening.",1,0,6624
"4d0f6b1c-9caa-4f86-ac4a-521ee027c0b5",7,"kill","result","pair101","The traveler killed the afternoon.","The cat killed the mouse.",0,100,6673
"4d0f6b1c-9caa-4f86-ac4a-521ee027c0b5",7,"close","result","pair102","The executive closed the deal.","The baker closed the oven.",0,100,6390
"1b8309e3-2504-4db4-8003-6db9bf43e78e",4,"fold","result","pair154","The founder folded the company.","The cleaner folded the clothes.",0,100,6185
"1b8309e3-2504-4db4-8003-6db9bf43e78e",4,"kill","result","pair163","The business killed the competition.","The joke killed the evening.",0,100,3710
"1b8309e3-2504-4db4-8003-6db9bf43e78e",4,"shoot","manner","pair164","The athlete shot the ball.","The technician shot the fireworks.",1,100,4424
"1b8309e3-2504-4db4-8003-6db9bf43e78e",4,"hit","manner","pair151","The arrow hit the target.","The hurricane hit the coastline.",1,100,4560
"1b8309e3-2504-4db4-8003-6db9bf43e78e",4,"break","result","pair152","The doctor broke the news.","The guest broke the plate.",0,100,5416
"1b8309e3-2504-4db4-8003-6db9bf43e78e",4,"push","manner","pair162","The company pushed the product.","The artwork pushed the boundaries.",0,0,4904
"1b8309e3-2504-4db4-8003-6db9bf43e78e",4,"pull","manner","pair168","The business pulled the service.","The worker pulled the lever.",0,0,6155
"1b8309e3-2504-4db4-8003-6db9bf43e78e",4,"fill","result","pair158","The donations filled the need.","The waiter filled the glass.",0,100,3282
"1b8309e3-2504-4db4-8003-6db9bf43e78e",4,"kill","result","pair167","The joke killed the evening.","The criminal killed the victim.",1,0,1469
"1b8309e3-2504-4db4-8003-6db9bf43e78e",4,"hit","manner","pair157","The traveler hit the delay.","The solution hit the inventor.",0,0,4672
"1b8309e3-2504-4db4-8003-6db9bf43e78e",4,"open","result","pair155","The teacher opened the window.","The farmer opened the gate.",1,100,2437
"1b8309e3-2504-4db4-8003-6db9bf43e78e",4,"close","result","pair153","The lawyer closed the case.","The presenter closed the speech.",0,100,2308
"1b8309e3-2504-4db4-8003-6db9bf43e78e",4,"shoot","manner","pair160","The director shot the scene.","The technician shot the fireworks.",0,0,1941
"1b8309e3-2504-4db4-8003-6db9bf43e78e",4,"cover","result","pair165","The channel covered the story.","The nurse covered the wound.",0,100,2583
"1b8309e3-2504-4db4-8003-6db9bf43e78e",4,"smear","manner","pair169","The journalist smeared the business.","The article smeared the celebrity.",1,0,1774
"1b8309e3-2504-4db4-8003-6db9bf43e78e",4,"hit","manner","pair159","The solution hit the inventor.","The child hit the pillow.",1,0,2040
"1b8309e3-2504-4db4-8003-6db9bf43e78e",4,"pull","manner","pair150","The climber pulled the rope.","The worker pulled the lever.",1,0,2270
"1b8309e3-2504-4db4-8003-6db9bf43e78e",4,"bump","manner","pair161","The dean bumped the meeting.","The ball bumped the couch.",0,99,6238
"1b8309e3-2504-4db4-8003-6db9bf43e78e",4,"break","result","pair166","The president broke the promise.","The doctor broke the news.",0,7,1887
"1b8309e3-2504-4db4-8003-6db9bf43e78e",4,"kill","result","pair156","The couple killed the evening.","The criminal killed the victim.",0,0,1857
"1b8309e3-2504-4db4-8003-6db9bf43e78e",4,"clear","result","pair149","The hiker cleared the obstacle.","The bookkeeper cleared the payment.",0,6,1731
"1b5181c8-7839-48b5-b41b-f1f59cb51ed8",0,"kill","result","pair127","The traveler killed the afternoon.","The mistake killed the proposal.",0,91,4697
"1b5181c8-7839-48b5-b41b-f1f59cb51ed8",0,"break","result","pair110","The company broke the law.","The doctor broke the news.",0,85,5585
"1b5181c8-7839-48b5-b41b-f1f59cb51ed8",0,"bump","manner","pair129","The waiter bumped the table.","The driver bumped the curb.",0,46,5413
"1b5181c8-7839-48b5-b41b-f1f59cb51ed8",0,"hit","manner","pair122","The investor hit the goal.","The arrow hit the target.",1,54,7722
"1b5181c8-7839-48b5-b41b-f1f59cb51ed8",0,"close","result","pair115","The executive closed the deal.","The lawyer closed the case.",1,21,19937
"1b5181c8-7839-48b5-b41b-f1f59cb51ed8",0,"shoot","manner","pair119","The photographer shot the wedding.","The technician shot the fireworks.",0,89,4218
"1b5181c8-7839-48b5-b41b-f1f59cb51ed8",0,"fill","result","pair111","The secretary filled the schedule.","The farmer filled the bucket.",1,89,4446
"1b5181c8-7839-48b5-b41b-f1f59cb51ed8",0,"kill","result","pair123","The team killed the rivals.","The joke killed the evening.",0,90,4211
"1b5181c8-7839-48b5-b41b-f1f59cb51ed8",0,"hit","manner","pair125","The child hit the pillow.","The batter hit the ball.",1,60,4957
"1b5181c8-7839-48b5-b41b-f1f59cb51ed8",0,"push","manner","pair112","The artwork pushed the boundaries.","The athlete pushed the limit.",1,66,6299
"1b5181c8-7839-48b5-b41b-f1f59cb51ed8",0,"pull","manner","pair124","The regulators pulled the product.","The worker pulled the lever.",0,90,5291
"1b5181c8-7839-48b5-b41b-f1f59cb51ed8",0,"clear","result","pair114","The bookkeeper cleared the payment.","The officer cleared the request.",1,43,5568
"1b5181c8-7839-48b5-b41b-f1f59cb51ed8",0,"cover","result","pair121","The writer covered the election.","The channel covered the story.",1,41,3966
"1b5181c8-7839-48b5-b41b-f1f59cb51ed8",0,"fold","result","pair113","The cleaner folded the clothes.","The child folded the paper.",1,91,5747
"1b5181c8-7839-48b5-b41b-f1f59cb51ed8",0,"smear","manner","pair117","The article smeared the celebrity.","The artist smeared the paint.",0,88,5324
"1b5181c8-7839-48b5-b41b-f1f59cb51ed8",0,"bump","manner","pair116","The teacher bumped the deadline.","The waiter bumped the table.",1,86,9365
"1b5181c8-7839-48b5-b41b-f1f59cb51ed8",0,"fill","result","pair120","The love filled the void.","The secretary filled the schedule.",0,83,4639
"1b5181c8-7839-48b5-b41b-f1f59cb51ed8",0,"hit","manner","pair126","The arrow hit the target.","The batter hit the ball.",0,33,6866
"1b5181c8-7839-48b5-b41b-f1f59cb51ed8",0,"close","result","pair118","The author closed the chapter.","The baker closed the oven.",1,83,4038
"1b5181c8-7839-48b5-b41b-f1f59cb51ed8",0,"cover","result","pair128","The snow covered the footprints.","The policy covered the accident.",0,88,5764
"c05d63cf-135b-457b-860f-bad28089b419",9,"fill","result","pair025","The secretary filled the schedule.","The waiter filled the glass.",1,54,8031
"c05d63cf-135b-457b-860f-bad28089b419",9,"clear","result","pair026","The horse cleared the jump.","The hiker cleared the obstacle.",1,1,16764
"c05d63cf-135b-457b-860f-bad28089b419",9,"hit","manner","pair029","The hurricane hit the coastline.","The solution hit the inventor.",0,100,5430
"c05d63cf-135b-457b-860f-bad28089b419",9,"close","result","pair037","The executive closed the deal.","The author closed the chapter.",0,66,4281
"c05d63cf-135b-457b-860f-bad28089b419",9,"shoot","manner","pair047","The robber shot the victim.","The hunter shot the deer.",1,3,8698
"c05d63cf-135b-457b-860f-bad28089b419",9,"push","manner","pair044","The artwork pushed the boundaries.","The pilot pushed the button.",0,92,20484
"c05d63cf-135b-457b-860f-bad28089b419",9,"kill","result","pair041","The team killed the rivals.","The criminal killed the victim.",0,8,2779
"c05d63cf-135b-457b-860f-bad28089b419",9,"cover","result","pair032","The snow covered the footprints.","The insurance covered the damage.",0,78,5300
"c05d63cf-135b-457b-860f-bad28089b419",9,"fill","result","pair030","The love filled the void.","The farmer filled the bucket.",0,50,5531
"c05d63cf-135b-457b-860f-bad28089b419",9,"open","result","pair027","The consultant opened the discussion.","The chairperson opened the meeting.",1,4,4798
"c05d63cf-135b-457b-860f-bad28089b419",9,"push","manner","pair046","The politician pushed the policy.","The company pushed the product.",1,23,7382
"c05d63cf-135b-457b-860f-bad28089b419",9,"fold","result","pair042","The cleaner folded the clothes.","The baker folded the flour.",0,52,3931
"c05d63cf-135b-457b-860f-bad28089b419",9,"bump","manner","pair028","The gardener bumped the statue.","The ball bumped the couch.",0,50,7066
"c05d63cf-135b-457b-860f-bad28089b419",9,"hit","manner","pair035","The investor hit the goal.","The hurricane hit the coastline.",1,52,8414
"c05d63cf-135b-457b-860f-bad28089b419",9,"clear","result","pair034","The bookkeeper cleared the payment.","The waiter cleared the table.",0,32,6764
"c05d63cf-135b-457b-860f-bad28089b419",9,"cover","result","pair045","The writer covered the election.","The snow covered the footprints.",0,98,6917
"c05d63cf-135b-457b-860f-bad28089b419",9,"fold","result","pair043","The manager folded the project.","The founder folded the company.",1,4,5332
"c05d63cf-135b-457b-860f-bad28089b419",9,"bump","manner","pair033","The teacher bumped the deadline.","The gardener bumped the statue.",1,96,5815
"c05d63cf-135b-457b-860f-bad28089b419",9,"kill","result","pair038","The couple killed the evening.","The traveler killed the afternoon.",1,3,5566
"c05d63cf-135b-457b-860f-bad28089b419",9,"break","result","pair031","The company broke the law.","The journalist broke the story.",0,64,5063
"c05d63cf-135b-457b-860f-bad28089b419",9,"kill","result","pair039","The traveler killed the afternoon.","The joke killed the evening.",0,4,6317
"c05d63cf-135b-457b-860f-bad28089b419",9,"close","result","pair036","The author closed the chapter.","The chauffeur closed the door.",1,90,4732
"c05d63cf-135b-457b-860f-bad28089b419",9,"smear","manner","pair024","The baker smeared the frosting.","The artist smeared the paint.",1,4,4664
"c05d63cf-135b-457b-860f-bad28089b419",9,"pull","manner","pair040","The scandal pulled the reporters.","The advertisement pulled the customers.",1,24,6348
"ea87dbd1-2bb2-4721-b439-fb3030784670",10,"push","manner","pair112","The artwork pushed the boundaries.","The athlete pushed the limit.",1,0,5149
"ea87dbd1-2bb2-4721-b439-fb3030784670",10,"fill","result","pair120","The love filled the void.","The secretary filled the schedule.",0,100,6999
"ea87dbd1-2bb2-4721-b439-fb3030784670",10,"cover","result","pair121","The writer covered the election.","The channel covered the story.",1,5,5715
"ea87dbd1-2bb2-4721-b439-fb3030784670",10,"fold","result","pair113","The cleaner folded the clothes.","The child folded the paper.",1,37,5533
"ea87dbd1-2bb2-4721-b439-fb3030784670",10,"hit","manner","pair125","The child hit the pillow.","The batter hit the ball.",1,42,3483
"ea87dbd1-2bb2-4721-b439-fb3030784670",10,"hit","manner","pair126","The arrow hit the target.","The batter hit the ball.",0,25,5983
"ea87dbd1-2bb2-4721-b439-fb3030784670",10,"break","result","pair110","The company broke the law.","The doctor broke the news.",0,93,5349
"ea87dbd1-2bb2-4721-b439-fb3030784670",10,"clear","result","pair114","The bookkeeper cleared the payment.","The officer cleared the request.",1,98,6716
"ea87dbd1-2bb2-4721-b439-fb3030784670",10,"close","result","pair115","The executive closed the deal.","The lawyer closed the case.",1,5,5482
"ea87dbd1-2bb2-4721-b439-fb3030784670",10,"bump","manner","pair129","The waiter bumped the table.","The driver bumped the curb.",0,19,4932
"ea87dbd1-2bb2-4721-b439-fb3030784670",10,"smear","manner","pair117","The article smeared the celebrity.","The artist smeared the paint.",0,97,4215
"ea87dbd1-2bb2-4721-b439-fb3030784670",10,"kill","result","pair123","The team killed the rivals.","The joke killed the evening.",0,41,4650
"ea87dbd1-2bb2-4721-b439-fb3030784670",10,"shoot","manner","pair119","The photographer shot the wedding.","The technician shot the fireworks.",0,92,4398
"ea87dbd1-2bb2-4721-b439-fb3030784670",10,"bump","manner","pair116","The teacher bumped the deadline.","The waiter bumped the table.",1,95,3082
"ea87dbd1-2bb2-4721-b439-fb3030784670",10,"close","result","pair118","The author closed the chapter.","The baker closed the oven.",1,91,3232
"ea87dbd1-2bb2-4721-b439-fb3030784670",10,"cover","result","pair128","The snow covered the footprints.","The policy covered the accident.",0,100,5183
"ea87dbd1-2bb2-4721-b439-fb3030784670",10,"pull","manner","pair124","The regulators pulled the product.","The worker pulled the lever.",0,98,5066
"ea87dbd1-2bb2-4721-b439-fb3030784670",10,"kill","result","pair127","The traveler killed the afternoon.","The mistake killed the proposal.",0,99,6615
"ea87dbd1-2bb2-4721-b439-fb3030784670",10,"hit","manner","pair122","The investor hit the goal.","The arrow hit the target.",1,99,4499
"ea87dbd1-2bb2-4721-b439-fb3030784670",10,"fill","result","pair111","The secretary filled the schedule.","The farmer filled the bucket.",1,100,4897
"63600c46-13d0-410f-ae7c-0be9b56a6e46",11,"bump","manner","pair058","The teacher bumped the deadline.","The dean bumped the meeting.",1,0,7435
"63600c46-13d0-410f-ae7c-0be9b56a6e46",11,"cover","result","pair065","The snow covered the footprints.","The nurse covered the wound.",1,0,6956
"63600c46-13d0-410f-ae7c-0be9b56a6e46",11,"smear","manner","pair051","The article smeared the celebrity.","The baker smeared the frosting.",0,100,5022
"63600c46-13d0-410f-ae7c-0be9b56a6e46",11,"hit","manner","pair060","The traveler hit the delay.","The batter hit the ball.",0,100,11557
"63600c46-13d0-410f-ae7c-0be9b56a6e46",11,"shoot","manner","pair063","The photographer shot the wedding.","The athlete shot the ball.",0,50,8271
"63600c46-13d0-410f-ae7c-0be9b56a6e46",11,"close","result","pair052","The author closed the chapter.","The presenter closed the speech.",1,0,4332
"63600c46-13d0-410f-ae7c-0be9b56a6e46",11,"fill","result","pair062","The festival filled the weekend.","The waiter filled the glass.",1,71,4450
"63600c46-13d0-410f-ae7c-0be9b56a6e46",11,"kill","result","pair057","The traveler killed the afternoon.","The team killed the rivals.",0,51,8657
"63600c46-13d0-410f-ae7c-0be9b56a6e46",11,"fold","result","pair050","The founder folded the company.","The chef folded the eggs.",0,100,4703
"63600c46-13d0-410f-ae7c-0be9b56a6e46",11,"bump","manner","pair064","The waiter bumped the table.","The ball bumped the couch.",0,0,4363
"63600c46-13d0-410f-ae7c-0be9b56a6e46",11,"break","result","pair053","The president broke the promise.","The guest broke the plate.",0,100,4843
"63600c46-13d0-410f-ae7c-0be9b56a6e46",11,"push","manner","pair059","The company pushed the product.","The shopper pushed the cart.",0,100,4186
"63600c46-13d0-410f-ae7c-0be9b56a6e46",11,"hit","manner","pair056","The idea hit the researcher.","The batter hit the ball.",1,100,4880
"63600c46-13d0-410f-ae7c-0be9b56a6e46",11,"kill","result","pair049","The team killed the rivals.","The mistake killed the proposal.",0,91,6915
"63600c46-13d0-410f-ae7c-0be9b56a6e46",11,"pull","manner","pair061","The regulators pulled the product.","The climber pulled the rope.",0,100,8526
"63600c46-13d0-410f-ae7c-0be9b56a6e46",11,"fill","result","pair066","The love filled the void.","The festival filled the weekend.",0,50,3999
"63600c46-13d0-410f-ae7c-0be9b56a6e46",11,"hit","manner","pair054","The arrow hit the target.","The child hit the pillow.",0,0,10267
"63600c46-13d0-410f-ae7c-0be9b56a6e46",11,"clear","result","pair055","The hiker cleared the obstacle.","The worker cleared the rubble.",0,81,4587
"63600c46-13d0-410f-ae7c-0be9b56a6e46",11,"break","result","pair048","The burglar broke the window.","The guest broke the plate.",1,0,9958
"f0946aa8-5d18-4188-b921-1c851c5274af",15,"pull","manner","pair004","The business pulled the service.","The climber pulled the rope.",0,100,10818
"f0946aa8-5d18-4188-b921-1c851c5274af",15,"kill","result","pair022","The mistake killed the proposal.","The cat killed the mouse.",1,100,9718
"f0946aa8-5d18-4188-b921-1c851c5274af",15,"fold","result","pair017","The baker folded the flour.","The chef folded the eggs.",1,2,4092
"f0946aa8-5d18-4188-b921-1c851c5274af",15,"open","result","pair016","The chairperson opened the meeting.","The farmer opened the gate.",0,96,4366
"f0946aa8-5d18-4188-b921-1c851c5274af",15,"fold","result","pair006","The manager folded the project.","The chef folded the eggs.",0,97,3476
"f0946aa8-5d18-4188-b921-1c851c5274af",15,"shoot","manner","pair001","The director shot the scene.","The athlete shot the ball.",0,96,4416
"f0946aa8-5d18-4188-b921-1c851c5274af",15,"break","result","pair020","The doctor broke the news.","The burglar broke the window.",0,98,3669
"f0946aa8-5d18-4188-b921-1c851c5274af",15,"close","result","pair013","The lawyer closed the case.","The author closed the chapter.",0,36,15838
"f0946aa8-5d18-4188-b921-1c851c5274af",15,"hit","manner","pair021","The investor hit the goal.","The batter hit the ball.",0,98,4733
"f0946aa8-5d18-4188-b921-1c851c5274af",15,"clear","result","pair011","The waiter cleared the table.","The worker cleared the rubble.",1,21,3769
"f0946aa8-5d18-4188-b921-1c851c5274af",15,"pull","manner","pair014","The advertisement pulled the customers.","The worker pulled the lever.",0,99,4887
"f0946aa8-5d18-4188-b921-1c851c5274af",15,"fill","result","pair008","The donations filled the need.","The farmer filled the bucket.",0,94,4006
"f0946aa8-5d18-4188-b921-1c851c5274af",15,"bump","manner","pair007","The dean bumped the meeting.","The gardener bumped the statue.",1,97,3829
"f0946aa8-5d18-4188-b921-1c851c5274af",15,"push","manner","pair018","The politician pushed the policy.","The shopper pushed the cart.",0,96,4366
"f0946aa8-5d18-4188-b921-1c851c5274af",15,"hit","manner","pair010","The solution hit the inventor.","The idea hit the researcher.",1,5,4557
"f0946aa8-5d18-4188-b921-1c851c5274af",15,"cover","result","pair023","The channel covered the story.","The snow covered the footprints.",0,96,6008
"f0946aa8-5d18-4188-b921-1c851c5274af",15,"shoot","manner","pair002","The hunter shot the deer.","The technician shot the fireworks.",0,93,7207
"f0946aa8-5d18-4188-b921-1c851c5274af",15,"push","manner","pair019","The pilot pushed the button.","The shopper pushed the cart.",1,15,4634
"f0946aa8-5d18-4188-b921-1c851c5274af",15,"break","result","pair012","The president broke the promise.","The company broke the law.",1,11,5195
"f0946aa8-5d18-4188-b921-1c851c5274af",15,"clear","result","pair005","The horse cleared the jump.","The worker cleared the rubble.",0,91,4521
"f0946aa8-5d18-4188-b921-1c851c5274af",15,"hit","manner","pair009","The traveler hit the delay.","The hurricane hit the coastline.",1,93,4941
"f0946aa8-5d18-4188-b921-1c851c5274af",15,"kill","result","pair015","The couple killed the evening.","The joke killed the evening.",0,90,6615
"f0946aa8-5d18-4188-b921-1c851c5274af",15,"kill","result","pair003","The business killed the competition.","The mistake killed the proposal.",0,91,8566
"d66b6903-84df-4776-9a7e-bb5b05131f86",16,"fold","result","pair190","The manager folded the project.","The baker folded the flour.",0,83,7169
"d66b6903-84df-4776-9a7e-bb5b05131f86",16,"fill","result","pair186","The donations filled the need.","The secretary filled the schedule.",0,89,6943
"d66b6903-84df-4776-9a7e-bb5b05131f86",16,"cover","result","pair187","The writer covered the election.","The insurance covered the damage.",0,93,10654
"d66b6903-84df-4776-9a7e-bb5b05131f86",16,"kill","result","pair171","The couple killed the evening.","The mistake killed the proposal.",0,26,10364
"d66b6903-84df-4776-9a7e-bb5b05131f86",16,"push","manner","pair170","The athlete pushed the limit.","The shopper pushed the cart.",0,81,4767
"d66b6903-84df-4776-9a7e-bb5b05131f86",16,"hit","manner","pair191","The hurricane hit the coastline.","The batter hit the ball.",0,82,4254
"d66b6903-84df-4776-9a7e-bb5b05131f86",16,"hit","manner","pair179","The investor hit the goal.","The child hit the pillow.",0,88,4262
"d66b6903-84df-4776-9a7e-bb5b05131f86",16,"open","result","pair183","The chairperson opened the meeting.","The teacher opened the window.",0,40,7675
"d66b6903-84df-4776-9a7e-bb5b05131f86",16,"kill","result","pair188","The business killed the competition.","The team killed the rivals.",1,71,7246
"d66b6903-84df-4776-9a7e-bb5b05131f86",16,"pull","manner","pair175","The business pulled the service.","The advertisement pulled the customers.",0,59,14441
"d66b6903-84df-4776-9a7e-bb5b05131f86",16,"close","result","pair176","The executive closed the deal.","The chauffeur closed the door.",0,100,4993
"d66b6903-84df-4776-9a7e-bb5b05131f86",16,"clear","result","pair178","The horse cleared the jump.","The waiter cleared the table.",0,100,4660
"d66b6903-84df-4776-9a7e-bb5b05131f86",16,"hit","manner","pair174","The traveler hit the delay.","The arrow hit the target.",1,100,3202
"d66b6903-84df-4776-9a7e-bb5b05131f86",16,"clear","result","pair177","The officer cleared the request.","The worker cleared the rubble.",0,75,7247
"d66b6903-84df-4776-9a7e-bb5b05131f86",16,"shoot","manner","pair184","The hunter shot the deer.","The athlete shot the ball.",0,100,6989
"d66b6903-84df-4776-9a7e-bb5b05131f86",16,"cover","result","pair192","The policy covered the accident.","The insurance covered the damage.",1,0,6842
"d66b6903-84df-4776-9a7e-bb5b05131f86",16,"pull","manner","pair189","The advertisement pulled the customers.","The climber pulled the rope.",0,100,5453
"d66b6903-84df-4776-9a7e-bb5b05131f86",16,"close","result","pair185","The baker closed the oven.","The chauffeur closed the door.",1,6,5017
"d66b6903-84df-4776-9a7e-bb5b05131f86",16,"bump","manner","pair193","The dean bumped the meeting.","The waiter bumped the table.",1,100,3607
"d66b6903-84df-4776-9a7e-bb5b05131f86",16,"kill","result","pair182","The mistake killed the proposal.","The criminal killed the victim.",1,100,4643
"d66b6903-84df-4776-9a7e-bb5b05131f86",16,"shoot","manner","pair181","The director shot the scene.","The hunter shot the deer.",0,100,3491
"d66b6903-84df-4776-9a7e-bb5b05131f86",16,"push","manner","pair180","The politician pushed the policy.","The pilot pushed the button.",0,100,5096
"d66b6903-84df-4776-9a7e-bb5b05131f86",16,"fold","result","pair173","The child folded the paper.","The chef folded the eggs.",0,0,4885
"d66b6903-84df-4776-9a7e-bb5b05131f86",16,"break","result","pair172","The doctor broke the news.","The journalist broke the story.",1,81,12887
"2a1b6665-9a87-482d-8403-a221cd74b164",16,"close","result","pair185","The baker closed the oven.","The chauffeur closed the door.",1,54,5601
"2a1b6665-9a87-482d-8403-a221cd74b164",16,"fold","result","pair190","The manager folded the project.","The baker folded the flour.",0,57,2994
"2a1b6665-9a87-482d-8403-a221cd74b164",16,"push","manner","pair170","The athlete pushed the limit.","The shopper pushed the cart.",0,48,24676
"2a1b6665-9a87-482d-8403-a221cd74b164",16,"cover","result","pair192","The policy covered the accident.","The insurance covered the damage.",1,52,6213
"2a1b6665-9a87-482d-8403-a221cd74b164",16,"fill","result","pair186","The donations filled the need.","The secretary filled the schedule.",0,49,3513
"2a1b6665-9a87-482d-8403-a221cd74b164",16,"cover","result","pair187","The writer covered the election.","The insurance covered the damage.",0,76,3499
"2a1b6665-9a87-482d-8403-a221cd74b164",16,"kill","result","pair188","The business killed the competition.","The team killed the rivals.",1,57,2606
"2a1b6665-9a87-482d-8403-a221cd74b164",16,"kill","result","pair182","The mistake killed the proposal.","The criminal killed the victim.",1,57,3320
"2a1b6665-9a87-482d-8403-a221cd74b164",16,"clear","result","pair178","The horse cleared the jump.","The waiter cleared the table.",0,59,19674
"2a1b6665-9a87-482d-8403-a221cd74b164",16,"bump","manner","pair193","The dean bumped the meeting.","The waiter bumped the table.",1,69,18870
"2a1b6665-9a87-482d-8403-a221cd74b164",16,"open","result","pair183","The chairperson opened the meeting.","The teacher opened the window.",0,71,2327
"2a1b6665-9a87-482d-8403-a221cd74b164",16,"hit","manner","pair179","The investor hit the goal.","The child hit the pillow.",0,68,2411
"2a1b6665-9a87-482d-8403-a221cd74b164",16,"hit","manner","pair191","The hurricane hit the coastline.","The batter hit the ball.",0,75,3932
"2a1b6665-9a87-482d-8403-a221cd74b164",16,"clear","result","pair177","The officer cleared the request.","The worker cleared the rubble.",0,28,3295
"2a1b6665-9a87-482d-8403-a221cd74b164",16,"close","result","pair176","The executive closed the deal.","The chauffeur closed the door.",0,31,3598
"2a1b6665-9a87-482d-8403-a221cd74b164",16,"fold","result","pair173","The child folded the paper.","The chef folded the eggs.",0,23,3978
"2a1b6665-9a87-482d-8403-a221cd74b164",16,"shoot","manner","pair181","The director shot the scene.","The hunter shot the deer.",0,29,2349
"2a1b6665-9a87-482d-8403-a221cd74b164",16,"kill","result","pair171","The couple killed the evening.","The mistake killed the proposal.",0,30,3016
"2a1b6665-9a87-482d-8403-a221cd74b164",16,"break","result","pair172","The doctor broke the news.","The journalist broke the story.",1,30,2311
"2a1b6665-9a87-482d-8403-a221cd74b164",16,"pull","manner","pair175","The business pulled the service.","The advertisement pulled the customers.",0,30,2115
"2a1b6665-9a87-482d-8403-a221cd74b164",16,"pull","manner","pair189","The advertisement pulled the customers.","The climber pulled the rope.",0,32,2374
"2a1b6665-9a87-482d-8403-a221cd74b164",16,"push","manner","pair180","The politician pushed the policy.","The pilot pushed the button.",0,38,2218
"2a1b6665-9a87-482d-8403-a221cd74b164",16,"shoot","manner","pair184","The hunter shot the deer.","The athlete shot the ball.",0,30,3046
"2a1b6665-9a87-482d-8403-a221cd74b164",16,"hit","manner","pair174","The traveler hit the delay.","The arrow hit the target.",1,23,4699
