sentence_id,sentence_text,wh_word,wh_lemma,wh_pos,wh_feats,wh_position,gap_position,gap_word,gap_lemma,gap_pos,linear_distance,deprel,deprel_subtype,enhanced_deps,num_enhanced_deps,intervening_clauses,direction
9,It reminds me too much of the ARVN officers who were secretly working for the other side in Vietnam.,who,who,PRON,PronType=Rel,10,13,working,work,VERB,3,nsubj,NONE,9:ref,1,0,forward
14,"(Kut is in southeastern Iraq and has an overwhelmingly Shiite population, who are on the lookout for Baathist saboteurs and willingly turn them in.",who,who,PRON,PronType=Rel,14,18,lookout,lookout,NOUN,4,nsubj,NONE,12:ref,1,0,forward
21,"Guerrillas near Hawijah launched an attack that left 6 dead, including 4 Iraqi soldiers.",that,that,PRON,PronType=Rel,7,8,left,leave,VERB,1,nsubj,NONE,6:ref,1,0,forward
30,"Chalabi has been increasingly marginalized within Iraq, however, despite his ties of clientelage with Washington and Tehran.",however,however,ADV,_,9,5,marginalized,marginalize,VERB,4,advmod,NONE,5:advmod,1,0,backward
41,"Baghdadis don't venture much out of their neighbourhoods any more, you never know where you might get stuck.",where,where,ADV,PronType=Int,16,19,get,get,VERB,3,advmod,NONE,19:advmod,1,0,forward
45,"Yesterday there were tens of them putting road blocks on our street and setting up mortars, they only come out in the open when Americans leave the area, then they start firing mortars indiscriminately and shooting their AK-47's in the air.",when,when,ADV,PronType=Int,25,27,leave,leave,VERB,2,advmod,NONE,27:advmod,1,0,forward
46,"They are setting the road blocks at the exact same positions they were during the war last year, which indicates they are the same people.",which,which,PRON,PronType=Rel,20,21,indicates,indicate,VERB,1,nsubj,NONE,3:ref,1,0,forward
47,"And there is nothing we can do about it really, people who are suggesting that we go out and fight them are living in dream land.",who,who,PRON,PronType=Rel,13,15,suggesting,suggest,VERB,2,nsubj,NONE,12:ref,1,0,forward
48,"Even the IP and ICDC have abandoned the neighbourhood, and those are trained and armed, so don't expect scared civilians to do anything except to hide inside and pray a helicopter or a tank doesn't bomb them, and also how are American soldiers going to distinguish the brave and valiant civilians from the Fedayeen?",how,how,ADV,PronType=Int,45,49,going,go,VERB,4,advmod,NONE,49:advmod,1,0,forward
50,"Most people haven't gone to work the last few days, although it seems that the rest of Baghdad is 'normal' (if you can define what normal is).",what,what,PRON,PronType=Rel,30,29,define,define,VERB,1,obj,NONE,29:obj,1,0,backward
51,"There are rumours about preparations by slum dwellers for another looting spree against banks, governmental and public property similar to the one that took place last April, and I have already overheard youngsters in my neighbourhood joking about it and saying things like ""This time we will be the first to loot, we didn't get anything the last time"".",that,that,PRON,PronType=Rel,24,25,took,take,VERB,1,nsubj,NONE,23:ref,1,0,forward
53,"What irritates me is this sudden false 'solidarity' between Sunni and Shi'ite clerics, we all know that they would be glad to get at each others throats when they have the chance, and Shia clerics were describing Fallujan insurgents as 'Ba'athists', 'Saddamites', 'Wahhabis', and 'terrorists' just a few days ago.",What,what,PRON,PronType=Rel,1,9,solidarity,solidarity,NOUN,8,nsubj,NONE,2:nsubj;9:nsubj,2,1,forward
53,"What irritates me is this sudden false 'solidarity' between Sunni and Shi'ite clerics, we all know that they would be glad to get at each others throats when they have the chance, and Shia clerics were describing Fallujan insurgents as 'Ba'athists', 'Saddamites', 'Wahhabis', and 'terrorists' just a few days ago.",when,when,ADV,PronType=Int,32,34,have,have,VERB,2,advmod,NONE,34:advmod,1,0,forward
54,So what happened?,what,what,PRON,PronType=Int,2,3,happened,happen,VERB,1,nsubj,NONE,3:nsubj,1,0,forward
59,"He did once make an unforgivable error when he mentioned that Fallujan militants were shooting at the Marines from the roofs of mosques and houses in Hay Al-Golan, but of course that is okay for Al-Jazeera.",when,when,ADV,PronType=Int,8,10,mentioned,mention,VERB,2,advmod,NONE,10:advmod,1,0,forward
60,Someone who called himself Abu Hafs from the Ibn Al-Khattab Brigades (another new group) was on Al-Jazeera describing the enormous casualties among the Marines and he sweared that American soldiers were mutilating the bodies of dead insurgents.,who,who,PRON,PronType=Rel,2,3,called,call,VERB,1,nsubj,NONE,1:ref,1,0,forward
63,"Azzaman newspaper mentioned an announcement signed by Abdul Aziz bin Muqrin, an Al-Qaeda operative in Saudi Arabia on an Islamic website 'the voice of Jihad', in which he stated that ""although mutilating dead bodies is not originally permitted in Islam, but in this case it is allowed if Muslims use it against infidels to deter them from committing criminal actions"".",which,which,PRON,PronType=Rel,33,35,stated,state,VERB,2,obl,NONE,5:ref,1,0,forward
64,"He added that ""America does not understand anything except the language of force and retaliation, they were kicked out of Somalia in humiliation after that soldier was dragged in Mogadishu for the whole world to see"", and that ""the day will come when the dead bodies of Americans and Jews would be dragged, defiled, and stepped on in the Arabian peninsula together with their agents and supporters"".",when,when,ADV,PronType=Int,48,58,dragged,drag,VERB,10,advmod,NONE,58:advmod,1,0,forward
66,"We all know what happened, but even to this day, there are many different versions and opinions on how it happened and what effect Chernobyl will have on the health of people affected by the fallout.",what,what,PRON,PronType=Int,4,5,happened,happen,VERB,1,nsubj,NONE,5:nsubj,1,0,forward
66,"We all know what happened, but even to this day, there are many different versions and opinions on how it happened and what effect Chernobyl will have on the health of people affected by the fallout.",how,how,ADV,PronType=Int,21,23,happened,happen,VERB,2,advmod,NONE,23:advmod,1,0,forward
66,"We all know what happened, but even to this day, there are many different versions and opinions on how it happened and what effect Chernobyl will have on the health of people affected by the fallout.",what,what,DET,PronType=Int,25,26,effect,effect,NOUN,1,det,NONE,26:det,1,0,forward
70,It is a time to learn what happened and how it may affect the future.,what,what,PRON,PronType=Int,7,8,happened,happen,VERB,1,nsubj,NONE,8:nsubj,1,0,forward
70,It is a time to learn what happened and how it may affect the future.,how,how,ADV,PronType=Int,10,13,affect,affect,VERB,3,advmod,NONE,13:advmod,1,0,forward
72,This was heavily promoted by the Australasian Radiation Protection Society in a press release titled THE MYTHS OF CHERNOBYL which contained the following:,which,which,PRON,PronType=Rel,20,21,contained,contain,VERB,1,nsubj,NONE,14:ref,1,0,forward
76,"In the last decade, there has been a real and significant increase in childhood and, to a certain extent, adult carcinoma of the thyroid in contaminated regions of the former Soviet Union (Wi940) which should be attributed to the Chernobyl accident until proven otherwise.",which,which,PRON,PronType=Rel,39,42,attributed,attribute,VERB,3,nsubj:pass,pass,13:ref,1,0,forward
77,The prestigious IAEA (International Atomic Energy Agency) published an early report on Chernobyl which was based on information from Russian sources and stated that there was no significant health effects.,which,which,PRON,PronType=Rel,16,18,based,base,VERB,2,nsubj:pass,pass,13:ref,1,0,forward
78,"However, in April 2001, the IAEA published Fifteen Years after the Chernobyl Accident - Lessons learned. which contradict the earlier reports.",However,however,ADV,_,1,9,published,publish,VERB,8,advmod,NONE,9:advmod,1,1,forward
78,"However, in April 2001, the IAEA published Fifteen Years after the Chernobyl Accident - Lessons learned. which contradict the earlier reports.",which,which,PRON,PronType=Rel,20,21,contradict,contradict,VERB,1,nsubj,NONE,17:ref,1,0,forward
80,"The dramatic increase in radiation-induced thyroid cancers in children and adolescents in Belarus, Russia, and Ukraine, which have been observed since 1991, continues to this day.",which,which,PRON,PronType=Rel,22,25,observed,observe,VERB,3,nsubj:pass,pass,3:ref,1,0,forward
83,"As a parent, I can well imagine how painful it must be for those families whose children are succumbing to radiation poisoning.",how,how,ADV,PronType=Int,9,10,painful,painful,ADJ,1,advmod,NONE,10:advmod,1,0,forward
83,"As a parent, I can well imagine how painful it must be for those families whose children are succumbing to radiation poisoning.",whose,whose,PRON,Poss=Yes|PronType=Rel,17,18,children,child,NOUN,1,nmod:poss,poss,16:ref,1,0,forward
88,These links present the many viewpoints that existed and still exist about the disaster called Chernobyl:,that,that,PRON,PronType=Rel,7,8,existed,exist,VERB,1,nsubj,NONE,6:ref,1,0,forward
115,I would be interested in hearing what conclusions you reached and what you found that was most convincing.,what,what,DET,PronType=Int,7,8,conclusions,conclusion,NOUN,1,det,NONE,8:det,1,0,forward
115,I would be interested in hearing what conclusions you reached and what you found that was most convincing.,what,what,PRON,PronType=Int,12,14,found,find,VERB,2,obj,NONE,14:obj;18:nsubj,2,0,forward
115,I would be interested in hearing what conclusions you reached and what you found that was most convincing.,that,that,PRON,PronType=Rel,15,18,convincing,convincing,ADJ,3,nsubj,NONE,12:ref,1,0,forward
117,As a child in the 50's I had a lot of glandular problems and they treated it with radiation therapy (primitive at best!) and stopped when a lesion on my neck started enlarging--they said it was not CA but stopped the treatments....,when,when,ADV,PronType=Int,29,35,started,start,VERB,6,advmod,NONE,35:advmod,1,0,forward
118,Remember the old shoe sizing machines that was a form of radiation xray?,that,that,PRON,PronType=Rel,7,10,form,form,NOUN,3,nsubj,NONE,6:ref,1,0,forward
120,Don't have to mention what radiation has done and is still doing to Hirsohima & Nagaski folks--there can be no doubts about the effects of radiation in Chernobyl.......,what,what,PRON,PronType=Int,6,9,done,do,VERB,3,obj,NONE,9:obj,1,0,forward
122,"One of them is the Rest and Recuperation Program, wherein a child can come to the US for a few weeks in the summer.",wherein,wherein,ADV,PronType=Rel,11,15,come,come,VERB,4,advmod,NONE,9:ref,1,0,forward
124,S. and I have an acquaintance who has hosted several of these children for many years; to see these little ones breaks the heart.,who,who,PRON,PronType=Rel,7,9,hosted,host,VERB,2,nsubj,NONE,6:ref,1,0,forward
128,What do the new al-Qaeda videotape and audio speeches of Bin Laden and Ayman al-Zawahiri tell us about the hopes of the remaining top leadership of the organization?,What,what,PRON,PronType=Int,1,20,tell,tell,VERB,19,obj,NONE,20:obj,1,0,forward
131,"These are 1) Assassinate or overthrow Gen. Pervez Musharraf, the Pakistani military ""president"" who had made a coup in 1999 and has thrown in his lot with the United States against the Taliban and al-Qaeda.",who,who,PRON,PronType=Rel,18,20,made,make,VERB,2,nsubj,NONE,16:ref,1,0,forward
133,"His military intelligence has captured major figures like Abu Zubayda and Khalid Shaykh Muhammad, as well as nearly 500 other al-Qaeda operatives, over 400 of whom the Pakistanis have turned over to the US.",whom,whom,PRON,PronType=Rel,30,28,400,400,NUM,2,nmod,NONE,25:ref,1,0,backward
134,"Musharraf held elections in October of 2002, in which center-right parties did well, but in which nearly 20 percent of parliament seats went to the fundamentalist religious party coalition, MMA.",which,which,PRON,PronType=Rel,10,15,did,do,VERB,5,obl,NONE,3:ref,1,0,forward
134,"Musharraf held elections in October of 2002, in which center-right parties did well, but in which nearly 20 percent of parliament seats went to the fundamentalist religious party coalition, MMA.",which,which,PRON,PronType=Rel,20,27,went,go,VERB,7,obl,NONE,3:ref,1,0,forward
135,"MMA also captured the Northwest Frontier Province, which probably shelters Bin Laden and al-Zawahiri, and is in a joint government of Baluchistan Province, also on the Afghanistan border.",which,which,PRON,PronType=Rel,9,11,shelters,shelter,VERB,2,nsubj,NONE,7:ref,1,0,forward
137,"They would thereby gain control of a major base for terrorist operations, which is also a nuclear power.",which,which,PRON,PronType=Rel,14,19,power,power,NOUN,5,nsubj,NONE,9:ref,1,0,forward
140,Response: The US must do whatever it can to strengthen the legitimacy of the Pakistani government.,whatever,whatever,PRON,PronType=Rel,7,6,do,do,VERB,1,obj,NONE,6:obj,1,0,backward
141,"On the one hand, it should pressure Musharraf to take off his uniform and run for president in a fair election, and to repeal the contentious ""Legal Framework Order"" that essentially perpetuates his dictatorship.",that,that,PRON,PronType=Rel,34,36,perpetuates,perpetuate,VERB,2,nsubj,NONE,32:ref,1,0,forward
142,"On the other, restrictions should be lifted on the mainstream Muslim League-N and Pakistan People's Party, who can defeat the MMA in fair elections if not hogtied by the secret police.",who,who,PRON,PronType=Rel,22,24,defeat,defeat,VERB,2,nsubj,NONE,13:ref,1,0,forward
151,"Sharon's hard line has worked in tandem with Hamas's terrorism to ratchet up tensions further and further, which spill over into the Muslim world and serve as a recruiting tool for al-Qaeda in its search for agents willing to hit the United States.",which,which,PRON,PronType=Rel,21,22,spill,spill,VERB,1,nsubj,NONE,16:ref,1,0,forward
164,"The problem with this argument is that Bush lacked the experience necessary to be president when he ran in 2000, so this sort of cheap shot just hoists him by his own petard.",when,when,ADV,PronType=Int,16,18,ran,run,VERB,2,advmod,NONE,18:advmod,1,0,forward
176,"""Can you name the general who is in charge of Pakistan?""",who,who,PRON,PronType=Rel,7,10,charge,charge,NOUN,3,nsubj,NONE,6:ref,1,0,forward
177,"Hiller asked, inquiring about Gen. Pervaiz Musharraf, who seized control of the country October 12.",who,who,PRON,PronType=Rel,10,11,seized,seize,VERB,1,nsubj,NONE,7:ref,1,0,forward
184,"""Further, I find it even more disturbing that he made these comments about a nation that just last year tested nuclear weapons -- shortly after voicing his public opposition to the Comprehensive Test Ban Treaty.",that,that,PRON,PronType=Rel,18,22,tested,test,VERB,4,nsubj,NONE,17:ref,1,1,forward
187,"Not only did Bush not know who General Pervez Musharraf was, he seems to have confused coup-making with ""taking office,"" and moreover went on to suggest that the overthrow of an elected prime minister and the installation in power of the Pakistan military, then the world's strongest supporter of the Taliban, would bring ""stability!""",who,who,PRON,PronType=Int,7,6,know,know,VERB,1,ccomp,NONE,6:ccomp,1,0,backward
189,I can't tell you how ominous I found Bush's performance in that interview.,how,how,ADV,PronType=Int,6,7,ominous,ominous,ADJ,1,advmod,NONE,7:advmod,1,0,forward
191,"He obviously had no idea what he was talking about, though he demonstrated a number of ill-fated instincts.",what,what,PRON,PronType=Int,6,9,talking,talk,VERB,3,obl,NONE,9:obl:about,1,0,forward
194,He couldn't tell when things were becoming more unstable as opposed to less.,when,when,ADV,PronType=Int,5,8,becoming,become,VERB,3,advmod,NONE,8:advmod,1,0,forward
197,"This was the body that Bush proclaimed was bringing ""stability"" to the region in fall of 1999.",that,that,PRON,PronType=Rel,5,9,bringing,bring,VERB,4,nsubj,NONE,4:ref,1,1,forward
200,"Indeed, given how Bush has rampaged around the world alienating allies and ignoring vital conflicts with the potential to blow back on the US, one might well argue that Edwards knows more now than Bush does.",how,how,ADV,PronType=Int,4,7,rampaged,rampage,VERB,3,advmod,NONE,7:advmod,1,0,forward
208,"Israel, however, is much closer to Iraq and is likely to suffer from Iraqi instability much more acutely than will the United States.",however,however,ADV,_,3,7,closer,close,ADJ,4,advmod,NONE,7:advmod,1,0,forward
210,"Have they, however, actually weakened Israeli security?",however,however,ADV,_,4,7,weakened,weaken,VERB,3,advmod,NONE,7:advmod,1,0,forward
215,"It is estimated to have some 5,000 armed fighters, and they have pursued attacks against Israeli forces to compel them to withdraw from the Shebaa Farms, a sliver of Syrian territory that Israel annexed after the 1967 war.",that,that,PRON,PronType=Rel,34,36,annexed,annex,VERB,2,obj,NONE,30:ref,1,0,forward
218,The Palestinians who have been willing to kill themselves to end the Israeli occupation of the Gaza Strip and the West Bank were not driven by economic considerations.,who,who,PRON,PronType=Rel,3,6,willing,willing,ADJ,3,nsubj,NONE,2:ref,1,0,forward
224,"If it is hard to see how Baathist Iraq posed any real threat to Israel, it is not so difficult to see a menace in the current instability.",how,how,ADV,PronType=Int,7,10,posed,pose,VERB,3,advmod,NONE,10:advmod,1,0,forward
227,"The US chose to ally itself with such groups as the Supreme Council for the Islamic Revolution in Iraq, whose 15,000-strong Badr Corps paramilitary was trained by the Iranian Revolutionary Guards.",whose,whose,PRON,Poss=Yes|PronType=Rel,21,27,paramilitary,paramilitary,NOUN,6,nmod:poss,poss,13:ref,1,0,forward
229,"The more radical Shiites, who generally follow the theocratic notions of Iran's Ayatollah Ruhollah Khomeini, routinely chant and demonstrate against Israel.",who,who,PRON,PronType=Rel,6,8,follow,follow,VERB,2,nsubj,NONE,4:ref,1,0,forward
231,"Worse for Israel, the assassination drew a denunciation even from the moderate and cautious Grand Ayatollah Ali Sistani, who wields enormous moral authority over Iraqi Shiites.",who,who,PRON,PronType=Rel,21,22,wields,wield,VERB,1,nsubj,NONE,18:ref,1,0,forward
236,"Iraqi cities such as Fallujah and Ramadi were on the truck route from Amman to Baghdad, and so came under the influence of the Salafi movement, which is popular in Jordan.",which,which,PRON,PronType=Rel,29,31,popular,popular,ADJ,2,nsubj,NONE,27:ref,1,0,forward
239,An Iraq in which armed fundamentalist and nationalist militias proliferate is inevitably a security worry for Israel.,which,which,PRON,PronType=Rel,4,10,proliferate,proliferate,VERB,6,obl,NONE,2:ref,1,0,forward
242,"Israel's security interests are best served by peace with its neighbors, which can only be achieved by trading land for peace with the Palestinians.",which,which,PRON,PronType=Rel,14,18,achieved,achieve,VERB,4,nsubj:pass,pass,9:ref,1,0,forward
250,And this has already drawn protests from the Tamil National Alliance (TNA) which was backed by the LTTE in the April general elections held in Sri Lanka.,which,which,PRON,PronType=Rel,15,17,backed,back,VERB,2,nsubj:pass,pass,11:ref,1,0,forward
251,"Apart from the 1,200 Indian lives lost in 1987, the Indian peacekeeping force was immensely unpopular not only in Tamil Nadu and the Jaffna peninsula but also among the Sinhalese majority who considered it a violation of their country's sovereignty.",who,who,PRON,PronType=Rel,33,34,considered,consider,VERB,1,nsubj,NONE,32:ref,1,0,forward
255,"While India is ready to enter into a ""defense cooperation agreement"" with Sri Lanka, it is wary of being drawn into any military involvement in the island nation's two decades-old civil war that has seen violent strife between ethnic Tamils and the Sinhalese majority - leaving over 60,000 dead on both sides.",that,that,PRON,PronType=Rel,39,41,seen,see,VERB,2,nsubj,NONE,38:ref,1,0,forward
256,And that explains the delay in the signing of a formal defense agreement that was at the heart of Sri Lankan President Chandrika Kumaratunga's four-day visit to India recently.,that,that,PRON,PronType=Rel,14,18,heart,heart,NOUN,4,nsubj,NONE,13:ref,1,0,forward
263,Kumaratunga's India tour preceded a three-day visit to Sri Lanka by Norwegian Foreign Minister Jan Petersen in a new bid to revive the peace talks that were supposed to follow a ceasefire that Oslo successfully brokered in February 2002.,that,that,PRON,PronType=Rel,29,31,supposed,suppose,VERB,2,nsubj:pass,pass,28:ref,1,0,forward
263,Kumaratunga's India tour preceded a three-day visit to Sri Lanka by Norwegian Foreign Minister Jan Petersen in a new bid to revive the peace talks that were supposed to follow a ceasefire that Oslo successfully brokered in February 2002.,that,that,PRON,PronType=Rel,36,39,brokered,broker,VERB,3,obj,NONE,35:ref,1,0,forward
268,A veteran of India's military intervention in the Jaffna peninsula to help implement the 1987 Indo-Sri Lanka Peace Accord - which ambitiously provided for the disarming of the formidable LTTE - Kalkat said the new defense deal would essentially be a reiteration of the older one minus its military commitment.,which,which,PRON,PronType=Rel,24,26,provided,provide,VERB,2,nsubj,NONE,22:ref,1,0,forward
269,"Kalkat, who currently chairs the independent US-based International Council on Conflict Resolution, said despite the failure of the Indian army to disarm or even subdue the Tigers, India remained the only power capable of influencing the course of the current peace talks.",who,who,PRON,PronType=Rel,3,5,chairs,chair,VERB,2,nsubj,NONE,1:ref,1,0,forward
273,"However, differences between India and LTTE soon surfaced and led to clashes between Tiger guerrillas and the Indian peace keeping force.",However,however,ADV,_,1,9,surfaced,surface,VERB,8,advmod,NONE,9:advmod,1,0,forward
277,"Japan's special envoy, Yasushi Akashi, who called for tangible progress in the peace process before the money would be released, came back from visits to Colombo and Kilinochchi in early November a frustrated man.",who,who,PRON,PronType=Rel,9,10,called,call,VERB,1,nsubj,NONE,4:ref,1,0,forward
281,And this has already drawn protests from the Tamil National Alliance (TNA) which was backed by the LTTE in the April general elections held in Sri Lanka.,which,which,PRON,PronType=Rel,15,17,backed,back,VERB,2,nsubj:pass,pass,11:ref,1,0,forward
285,"Apart from the 1,200 Indian lives lost in 1987, the Indian peacekeeping force was immensely unpopular not only in Tamil Nadu and the Jaffna peninsula but also among the Sinhalese majority who considered it a violation of their country's sovereignty.",who,who,PRON,PronType=Rel,33,34,considered,consider,VERB,1,nsubj,NONE,32:ref,1,0,forward
287,"In any case, Kalkat puts it succinctly: ""There cannot be a military option to what is a political situation.""",what,what,PRON,PronType=Rel,19,17,option,option,NOUN,2,nmod,NONE,17:nmod:to;23:nsubj,2,0,backward
289,"Unreported by the international media, the Valley of Kashmir has seen an ethnic and cultural genocide that has resulted in the fleeing from the valley of almost all the Hindu families who have been living there since human habitation was first recorded.",that,that,PRON,PronType=Rel,18,20,resulted,result,VERB,2,nsubj,NONE,17:ref,1,0,forward
289,"Unreported by the international media, the Valley of Kashmir has seen an ethnic and cultural genocide that has resulted in the fleeing from the valley of almost all the Hindu families who have been living there since human habitation was first recorded.",who,who,PRON,PronType=Rel,33,36,living,live,VERB,3,nsubj,NONE,32:ref,1,0,forward
290,"Over nine dozen temples that had served the Hindu population have been destroyed, with some used as building material and others as urinals.",that,that,PRON,PronType=Rel,5,7,served,serve,VERB,2,nsubj,NONE,4:ref,1,0,forward
294,"While most U.S. secretaries of state -- save perhaps Dean Rusk -- have gobbled up credit for outcomes that they had little to do with, few have been as brazen as Colin Powell.",that,that,PRON,PronType=Rel,19,24,do,do,VERB,5,obl,NONE,18:ref,1,2,forward
295,"Two years ago, Pakistani President Pervez Musharraf was surprised when the leader of the main Islamist alliance -- Maulana Fazlur Rahman -- visited India and issued a series of highly conciliatory statements.",when,when,ADV,PronType=Int,11,24,visited,visit,VERB,13,advmod,NONE,24:advmod,1,0,forward
299,"Realists, and this even includes members of the U.S. Democratic foreign policy establishment such as Strobe Talbott, who have long sought to divest India of its defensive capability against another nuclear power in Asia, understand the only feasible solution for Kashmir is the acceptance of the status quo.",who,who,PRON,PronType=Rel,20,23,sought,seek,VERB,3,nsubj,NONE,7:ref,1,0,forward
300,India keeps what it has while Pakistan and China (which was gifted a slice of the territory three decades ago) do likewise.,what,what,PRON,PronType=Int,3,5,has,have,VERB,2,obj,NONE,5:obj,1,0,forward
300,India keeps what it has while Pakistan and China (which was gifted a slice of the territory three decades ago) do likewise.,which,which,PRON,PronType=Rel,11,13,gifted,gift,VERB,2,nsubj:pass,pass,9:ref,1,0,forward
301,"Simultaneously, New Delhi would ensure a degree of autonomy for the state that would help cut popular support off from jihadis attempting to convert Kashmir into a second Afghanistan.",that,that,PRON,PronType=Rel,14,16,help,help,VERB,2,nsubj,NONE,8:ref,1,0,forward
302,"Bill Clinton understood this at the end of his term in office yet, under Colin Powell (who appears to have an affinity for generals active in politics), the pendulum of U.S. policy has once again swung toward a quixotic effort to prize at least the Valley of Kashmir loose from India.",who,who,PRON,PronType=Rel,19,20,appears,appear,VERB,1,nsubj,NONE,16:ref,1,0,forward
303,"This, Pakistan's lobbyist in Washington Christina Rocca has been told, is the ""minimum"" that the Pakistan army will accept.",that,that,PRON,PronType=Rel,19,24,accept,accept,VERB,5,obj,NONE,17:ref,1,0,forward
304,It is also far more than what any administration in New Delhi can deliver.,what,what,PRON,PronType=Rel,7,5,more,more,ADJ,2,obl,NONE,5:obl:than;14:obj,2,0,backward
306,"With luck, the Kashmir Valley can attract investment from the Middle East and other locations where Muslims are dominant and become a tourist, education and services haven within India.",where,where,ADV,PronType=Rel,17,20,dominant,dominant,ADJ,3,advmod,NONE,16:ref,1,0,forward
307,"The overwhelming majority of Muslims in Kashmir would be happy with such an outcome, except for the tiny jihadi segment patronized by the U.S. State Department and the Pakistan Army, which would like to even the score with India for their catastrophic defeat in Bangladesh in 1971.",which,which,PRON,PronType=Rel,33,35,like,like,VERB,2,nsubj,NONE,21:ref,1,0,forward
308,"Unreported by the international media, the Valley of Kashmir has seen an ethnic and cultural genocide that has resulted in the fleeing from the valley of almost all the Hindu families who have been living there since human habitation was first recorded.",that,that,PRON,PronType=Rel,18,20,resulted,result,VERB,2,nsubj,NONE,17:ref,1,0,forward
308,"Unreported by the international media, the Valley of Kashmir has seen an ethnic and cultural genocide that has resulted in the fleeing from the valley of almost all the Hindu families who have been living there since human habitation was first recorded.",who,who,PRON,PronType=Rel,33,36,living,live,VERB,3,nsubj,NONE,32:ref,1,0,forward
309,"Over nine dozen temples that had served the Hindu population have been destroyed, with some used as building material and others as urinals.",that,that,PRON,PronType=Rel,5,7,served,serve,VERB,2,nsubj,NONE,4:ref,1,0,forward
312,"Despite Sept. 11, the United States still supports the Kashmir groups that back jihad as part of the price Washington is paying to keep Pervez Musharraf happy.",that,that,PRON,PronType=Rel,13,14,back,back,VERB,1,nsubj,NONE,12:ref,1,0,forward
313,"Unfortunately for them, the general has decided to take seriously Colin Powell's frequent boasts that it was on his nudging that the Indians made conciliatory gestures toward Islamabad.",that,that,PRON,PronType=Rel,23,26,made,make,VERB,3,obl,NONE,22:ref,1,0,forward
314,"The U.S. State Department and the misnamed think tanks that follow its lead have held numerous conferences on Kashmir and, in most of them, the solution that has emerged is a valley prized loose from Indian control and under its own version of Ibrahim Rugova.",that,that,PRON,PronType=Rel,10,11,follow,follow,VERB,1,nsubj,NONE,9:ref,1,0,forward
314,"The U.S. State Department and the misnamed think tanks that follow its lead have held numerous conferences on Kashmir and, in most of them, the solution that has emerged is a valley prized loose from Indian control and under its own version of Ibrahim Rugova.",that,that,PRON,PronType=Rel,29,31,emerged,emerge,VERB,2,nsubj,NONE,28:ref,1,0,forward
315,"That India is not Yugoslavia and that the ""foreigner-led"" Indian National Congress can least afford to ignore Indian nationalism, has not struck the conferees, among whom have been several Indian ""scholars"" and ""analysts"" ready to say and endorse anything for the sake of a free trip to New York or Vienna.",whom,whom,PRON,PronType=Rel,32,29,conferees,conferee,NOUN,3,acl:relcl,relcl,29:acl:relcl,1,0,backward
316,"Despite many wrinkles, India remains a part-democracy and merely signing on to a piece of paper that calls for an independent Kashmir does not get you into the trouble that writing an op-ed piece against Sonia Gandhi or Atal Behari Vajpayee would instantly.",that,that,PRON,PronType=Rel,20,21,calls,call,VERB,1,nsubj,NONE,17:ref,1,0,forward
316,"Despite many wrinkles, India remains a part-democracy and merely signing on to a piece of paper that calls for an independent Kashmir does not get you into the trouble that writing an op-ed piece against Sonia Gandhi or Atal Behari Vajpayee would instantly.",that,that,PRON,PronType=Rel,33,47,would,would,AUX,14,obl,NONE,32:ref,1,0,forward
317,"It was the business community in India that stepped in after Vajpayee indulged in an empty bout of saber rattling in 2002, pointing out that the only beneficiary of the mythical perception that war -- especially nuclear war -- was around the corner in the subcontinent was China.",that,that,PRON,PronType=Rel,8,9,stepped,step,VERB,1,nsubj,NONE,5:ref,1,0,forward
318,"The reason for this is that India is emerging as an alternative investment destination to China, hence the favor that the generals in Islamabad do to their trusty supplier of nukes and missiles by creating a scare about war involving India when in fact the real flashpoints are the Taiwan Straits and North Korea.",that,that,PRON,PronType=Rel,21,26,do,do,VERB,5,obj,NONE,20:ref,1,0,forward
318,"The reason for this is that India is emerging as an alternative investment destination to China, hence the favor that the generals in Islamabad do to their trusty supplier of nukes and missiles by creating a scare about war involving India when in fact the real flashpoints are the Taiwan Straits and North Korea.",when,when,ADV,PronType=Int,43,52,Straits,Strait,PROPN,9,advmod,NONE,52:advmod,1,0,forward
319,"Since then, India has talked peace while always signaling that only the status quo would be acceptable as a final settlement: a line of action that is followed in the case of disputes with China as well.",that,that,PRON,PronType=Rel,28,30,followed,follow,VERB,2,nsubj:pass,pass,25:ref,1,0,forward
321,"Once the Manmohan Singh government shows that it has little appetite for suicide, Musharraf will face the moment of truth: accept the inevitable, or once again ramp up the insurgency and spawn a fresh lot of killers that can hit not merely Mumbai and New Delhi but London and Chicago as well.",that,that,PRON,PronType=Rel,41,43,hit,hit,VERB,2,nsubj,NONE,40:ref,1,0,forward
322,The one country that has shown that it understands the realities in South Asia is China.,that,that,PRON,PronType=Rel,4,6,shown,show,VERB,2,nsubj,NONE,3:ref,1,0,forward
323,"Under President Hu Jintao, Beijing has opened out to New Delhi and Prime Minister Wen Jiabao is expected to visit early next year, making friends by formally accepting Sikkim as part of India and backing India as a permanent member of the U.N. Security Council -- thus leaving Washington as the only one of the ""permanent five"" that has not yet done so.",that,that,PRON,PronType=Rel,62,66,done,do,VERB,4,nsubj,NONE,55:ref,1,0,forward
329,"Four whole months, after which he took advantage of a little-known, little-invoked regulation that allowed him to desert his ""band of brothers"".",which,which,PRON,PronType=Rel,6,8,took,take,VERB,2,obl,NONE,3:ref,1,0,forward
329,"Four whole months, after which he took advantage of a little-known, little-invoked regulation that allowed him to desert his ""band of brothers"".",that,that,PRON,PronType=Rel,20,21,allowed,allow,VERB,1,nsubj,NONE,19:ref,1,0,forward
330,"We also know how Dan Rather libeled George Bush and impugned his service in the Texas Air National Guard on a ""60 Minutes II"" report based largely on forged documents.",how,how,ADV,PronType=Int,4,7,libeled,libel,VERB,3,advmod,NONE,7:advmod,1,0,forward
341,What follows is the text of an e-mail sent to me by a friend of mine (thanks to Dave Manzano).,What,what,PRON,PronType=Rel,1,5,text,text,NOUN,4,nsubj,NONE,2:nsubj;5:nsubj,2,1,forward
346,What do you really know about George W. Bush’s time in the Air National Guard?,What,what,PRON,PronType=Int,1,5,know,know,VERB,4,obj,NONE,5:obj,1,0,forward
351,"So just for the record, here, in full, is what Bush did:",what,what,PRON,PronType=Int,13,15,did,do,VERB,2,obj,NONE,15:obj,1,0,forward
373,"That brings the story to May 1972 — the time that has been the focus of so many news reports — when Bush “deserted” (according to anti-Bush filmmaker Michael Moore) or went “AWOL” (according to Terry McAuliffe, chairman of the Democratic National Committee).",that,that,PRON,PronType=Rel,11,15,focus,focus,NOUN,4,nsubj,NONE,10:ref,1,0,forward
373,"That brings the story to May 1972 — the time that has been the focus of so many news reports — when Bush “deserted” (according to anti-Bush filmmaker Michael Moore) or went “AWOL” (according to Terry McAuliffe, chairman of the Democratic National Committee).",when,when,ADV,PronType=Int,22,25,deserted,desert,VERB,3,advmod,NONE,25:advmod,1,0,forward
376,"Requests like that weren’t unusual, says retired Col. William Campenni, who flew with Bush in 1970 and 1971.",who,who,PRON,PronType=Rel,14,15,flew,fly,VERB,1,nsubj,NONE,11:ref,1,0,forward
387,"By that time, however, he had accumulated enough points in each year to cover six years of service.",however,however,ADV,_,5,9,accumulated,accumulate,VERB,4,advmod,NONE,9:advmod,1,0,forward
389,A 1970 evaluation said Bush “clearly stands out as a top notch fighter interceptor pilot” and was “a natural leader whom his contemporaries look to for leadership.”,whom,whom,PRON,PronType=Rel,24,27,look,look,VERB,3,obl,NONE,23:ref,1,0,forward
390,A 1971 evaluation called Bush “an exceptionally fine young officer and pilot” who “continually flies intercept missions with the unit to increase his proficiency even further.”,who,who,PRON,PronType=Rel,15,18,flies,fly,VERB,3,nsubj,NONE,11:ref,1,0,forward
396,"The Kerry camp blames Bush for the Swift boat veterans’ attack, but anyone who has spent much time talking to the Swifties gets the sense that they are doing it entirely for their own reasons.",who,who,PRON,PronType=Rel,16,18,spent,spend,VERB,2,nsubj,NONE,15:ref,1,0,forward
409,"The interim government has promised security measures that would reduce the violence on the day of elections, but I fail to see how they will be able to protect all 5,000 (or so) balloting centres.",that,that,PRON,PronType=Rel,8,10,reduce,reduce,VERB,2,nsubj,NONE,7:ref,1,0,forward
409,"The interim government has promised security measures that would reduce the violence on the day of elections, but I fail to see how they will be able to protect all 5,000 (or so) balloting centres.",how,how,ADV,PronType=Int,24,28,able,able,ADJ,4,advmod,NONE,28:advmod,1,0,forward
413,"One minister reportedly handed out 100 dollar 'gifts' to journalists attending a press conference for Allawi, a practice that brings back bad memories to many Iraqis.",that,that,PRON,PronType=Rel,22,23,brings,bring,VERB,1,nsubj,NONE,21:ref,1,0,forward
415,"Indeed, Sistani's agents all over the country have been quite active in educating Iraqi Shia on the merits of elections, which has led to the assassination of at least two of them.",which,which,PRON,PronType=Rel,24,26,led,lead,VERB,2,nsubj,NONE,13:ref,1,0,forward
417,"Again there is no official written statement from Sistani's office confirming this allegation, which I think is intentional.",which,which,PRON,PronType=Rel,16,20,intentional,intentional,ADJ,4,nsubj,NONE,3:ref,1,1,forward
419,"Chalabi describing Sha'lan as a ""Ba'athist"" and a ""former double agent for Saddam and the CIA"", while Sha'lan dismisses Chalabi as a ""thief"" and an ""Iranian stooge who longs for his own origins by defending Iran"".",who,who,PRON,PronType=Rel,36,37,longs,long,VERB,1,nsubj,NONE,35:ref,1,0,forward
423,"Hazim Al-Sha'lan, by the way, is the son of the late Sheikh of Al-Khaza'il in Diwaniya and has the potential to replace former information minister, M.S. Al-Sahaf, in his nonsensical media statements, which can be passed as jokes.",which,which,PRON,PronType=Rel,44,47,passed,pass,VERB,3,nsubj:pass,pass,42:ref,1,0,forward
429,Its support base is much larger than what it seems.,what,what,PRON,PronType=Rel,8,6,larger,large,ADJ,2,obl,NONE,6:obl:than;10:xcomp,2,0,backward
433,"I had an interesting conversation with a middle-aged taxi driver who used to live in Fallujah and is now at relatives in Amiriya, Baghdad.",who,who,PRON,PronType=Rel,13,14,used,use,VERB,1,nsubj,NONE,12:ref,1,0,forward
434,"After asking me which tribe I belong to (thus assessing my sectarian background) he started hurling abuses at the Shia, calling them Persians, Majoos (fire worshippers), rabid dogs and a handful of other descriptions that I can't mention here.",which,which,DET,PronType=Int,4,5,tribe,tribe,NOUN,1,det,NONE,5:det,1,0,forward
434,"After asking me which tribe I belong to (thus assessing my sectarian background) he started hurling abuses at the Shia, calling them Persians, Majoos (fire worshippers), rabid dogs and a handful of other descriptions that I can't mention here.",that,that,PRON,PronType=Rel,42,46,mention,mention,VERB,4,obj,NONE,41:ref,1,0,forward
436,I didn't argue with him but I asked him what he believed would be a viable solution to this mess.,what,what,PRON,PronType=Int,11,18,solution,solution,NOUN,7,nsubj,NONE,18:nsubj,1,1,forward
440,"Leaving aside the fact that this views conflicts with other historical examples in the region, Sunnis have never offered an alternative choice, which eventually leads one to guess that the opinion held by the Fallujan taxi driver above is precisely what they are planning to implement.",which,which,PRON,PronType=Rel,25,27,leads,lead,VERB,2,nsubj,NONE,20:ref,1,0,forward
440,"Leaving aside the fact that this views conflicts with other historical examples in the region, Sunnis have never offered an alternative choice, which eventually leads one to guess that the opinion held by the Fallujan taxi driver above is precisely what they are planning to implement.",what,what,PRON,PronType=Rel,43,30,guess,guess,VERB,13,ccomp,NONE,30:ccomp;48:obj,2,2,backward
441,I had another conversation some months ago with a retired Ba'athist old-timer who claimed that Ba'athists have the means to stage a third coup d'etat and return to power within 10 hours of an American withdrawal.,who,who,PRON,PronType=Rel,15,16,claimed,claim,VERB,1,nsubj,NONE,14:ref,1,0,forward
445,"But I also see that as a fatal misconception, which is doing Sunnis harm, because I don't believe the US is going anywhere so soon.",which,which,PRON,PronType=Rel,11,13,doing,do,VERB,2,nsubj,NONE,9:ref,1,0,forward
446,"Any government that assumes power after the elections also realises this, so not even Sistani is going to call the US to withdraw its troops, despite what he is saying now, not until they are ensured the insurgency is out of the picture, or that they have an alternative foreign power (in this case Iran) to back them up.",that,that,PRON,PronType=Rel,3,4,assumes,assume,VERB,1,nsubj,NONE,2:ref,1,0,forward
446,"Any government that assumes power after the elections also realises this, so not even Sistani is going to call the US to withdraw its troops, despite what he is saying now, not until they are ensured the insurgency is out of the picture, or that they have an alternative foreign power (in this case Iran) to back them up.",what,what,PRON,PronType=Rel,29,18,going,go,VERB,11,obl,NONE,18:obl:despite;32:obj,2,4,backward
455,"Another bad step was the recent arrest of Sheikh Hassan Al-Lihabi, of the Lihaib tribe which is scattered between the governorates of Al-Anbar, Mosul and Salah Al-Din.",which,which,PRON,PronType=Rel,19,21,scattered,scatter,VERB,2,nsubj:pass,pass,18:ref,1,0,forward
459,Both have shared this country for the last 14 centuries and there is no possible way that one can live without the other.,that,that,PRON,PronType=Rel,17,20,live,live,VERB,3,obl:unmarked,unmarked,16:ref,1,0,forward
473,"Posada should have told any inquisitive journalist at his doorstep something like Meiring told the single American reporter who bothered following his bloody trail from the Philippines, that ""If this harms me in any way, you will find my power then, and you'll find out who I am.""",who,who,PRON,PronType=Rel,19,20,bothered,bother,VERB,1,nsubj,NONE,18:ref,1,0,forward
473,"Posada should have told any inquisitive journalist at his doorstep something like Meiring told the single American reporter who bothered following his bloody trail from the Philippines, that ""If this harms me in any way, you will find my power then, and you'll find out who I am.""",who,who,PRON,PronType=Int,51,49,find,find,VERB,2,ccomp,NONE,49:ccomp,1,0,backward
476,"Meiring's crimes are fresh, and wave the false flag which is the ""War on Terror.""",which,which,PRON,PronType=Rel,12,16,War,war,NOUN,4,nsubj,NONE,11:ref,1,0,forward
477,"They happened in the Philippines which, like Pakistan, is an important and vulnerable node for the business which intelligence agencies and terrorist organizations conduct with each other.",which,which,PRON,PronType=Rel,6,16,node,node,NOUN,10,nsubj,NONE,5:ref,1,0,forward
477,"They happened in the Philippines which, like Pakistan, is an important and vulnerable node for the business which intelligence agencies and terrorist organizations conduct with each other.",which,which,PRON,PronType=Rel,20,26,conduct,conduct,VERB,6,obj,NONE,19:ref,1,0,forward
479,"The bombings implicated Muslims, and exacerbated regional tensions which the Bush regime and its friends wearing the brass in the Philippine military sought to exploit.",which,which,PRON,PronType=Rel,10,26,exploit,exploit,VERB,16,obj,NONE,9:ref,1,3,forward
480,"Posada's crimes, on the other hand, must seem like ancient history, especially to a people who don't know their history.",who,who,PRON,PronType=Rel,20,23,know,know,VERB,3,nsubj,NONE,19:ref,1,0,forward
481,"And to those who don't even know their crimes, not even that.",who,who,PRON,PronType=Rel,4,8,know,know,VERB,4,nsubj,NONE,3:ref,1,0,forward
483,"I doubt he will be extradited to Venezuela, which is the only way that question could be answered with a Yes.",which,which,PRON,PronType=Rel,10,14,way,way,NOUN,4,nsubj,NONE,6:ref,1,0,forward
497,"I've read the book- it's a first person memoir with the ring of truth, especially since so much of the wider context has confirmed the allegations of Contra drug connections that led to Terrell becoming a target for discrediting by the TWIG counterintelligence group that ran interference for the Contra effort, staffed by covert ops types including Ollie North, Robert Owen, Vince Cannistaro and Buck Revell.",that,that,PRON,PronType=Rel,35,36,led,lead,VERB,1,nsubj,NONE,34:ref,1,0,forward
497,"I've read the book- it's a first person memoir with the ring of truth, especially since so much of the wider context has confirmed the allegations of Contra drug connections that led to Terrell becoming a target for discrediting by the TWIG counterintelligence group that ran interference for the Contra effort, staffed by covert ops types including Ollie North, Robert Owen, Vince Cannistaro and Buck Revell.",that,that,PRON,PronType=Rel,49,50,ran,run,VERB,1,nsubj,NONE,48:ref,1,0,forward
498,Peter Dale Scott includes an account of how Terrell's whistleblowing was stifled by them in his book Cocaine Politics.,how,how,ADV,PronType=Int,8,13,stifled,stifle,VERB,5,advmod,NONE,13:advmod,1,0,forward
501,They needed someone that could convince the jury they had been able to see all relevant documents in CIA files on Wilson.,that,that,PRON,PronType=Rel,4,6,convince,convince,VERB,2,nsubj,NONE,3:ref,1,0,forward
502,Wilson was claiming that he had been working for the CIA when he sold the C-4 to Quaddaffi.,when,when,ADV,PronType=Int,12,14,sold,sell,VERB,2,advmod,NONE,14:advmod,1,0,forward
506,"Third ranking CIA officer, Briggs signed a declaration on February 3rd, 1983, that on November 8th, 1982, he had authorized a search of CIA records ""for any material that in any way pertains to Edwin P. Wilson, or the various allegations concerning his activities after February 28th, 1971, when he retired from the CIA.""",that,that,PRON,PronType=Rel,35,39,pertains,pertain,VERB,4,nsubj,NONE,34:ref,1,0,forward
506,"Third ranking CIA officer, Briggs signed a declaration on February 3rd, 1983, that on November 8th, 1982, he had authorized a search of CIA records ""for any material that in any way pertains to Edwin P. Wilson, or the various allegations concerning his activities after February 28th, 1971, when he retired from the CIA.""",when,when,ADV,PronType=Rel,58,60,retired,retire,VERB,2,advmod,NONE,54:ref,1,0,forward
518,Police said Bernard confessed to detectives that he had sex with a young girl in November 2002 and admitted to knowing about sexual acts involving children and a dog that occurred at Hosanna Church.,that,that,PRON,PronType=Rel,30,31,occurred,occur,VERB,1,nsubj,NONE,24:ref,1,0,forward
520,"On Monday, Louis Lamonica, 45, the former pastor of Hosanna Church, was booked with two counts of aggravated rape and one count of crime against nature after he walked in to the Livingston Parish Sheriff's Office and said he could implicate others in a situation at the church that reportedly occurred two years ago.",that,that,PRON,PronType=Rel,54,56,occurred,occur,VERB,2,nsubj,NONE,50:ref,1,0,forward
529,"I don't know how others feel, but I'm definitely looking into immigration to Canada as an option.",how,how,ADV,PronType=Int,5,7,feel,feel,VERB,2,advmod,NONE,7:advmod,1,0,forward
532,Please check out my who let the dog out blog.,who,who,PRON,PronType=Int,5,6,let,let,VERB,1,nsubj,NONE,6:nsubj,1,0,forward
547,How Would You Like To Know How YOU Can Live In A Beautiful NEW House That Is Custom-Designed To YOUR Specifications.........And At NO COST To You?,How,how,ADV,PronType=Int,1,4,Like,like,VERB,3,advmod,NONE,4:advmod,1,0,forward
547,How Would You Like To Know How YOU Can Live In A Beautiful NEW House That Is Custom-Designed To YOUR Specifications.........And At NO COST To You?,How,how,ADV,PronType=Int,7,10,Live,live,VERB,3,advmod,NONE,10:advmod,1,0,forward
547,How Would You Like To Know How YOU Can Live In A Beautiful NEW House That Is Custom-Designed To YOUR Specifications.........And At NO COST To You?,That,that,PRON,PronType=Rel,16,20,Designed,design,VERB,4,nsubj:pass,pass,15:ref,1,1,forward
549,And It's Not Hard To Do.... IF You Know HOW.,HOW,how,ADV,PronType=Int,12,11,Know,know,VERB,1,advmod,NONE,11:advmod,1,0,backward
561,But the news of the Arakan rebels is just the tip of the iceberg when it comes to growing concern in New Delhi over the security of the Andaman Islands.,when,when,ADV,PronType=Int,15,17,comes,come,VERB,2,advmod,NONE,17:advmod,1,0,forward
563,"It has also become an arms depot of the Liberation Tigers of Tamil Eelam (LTTE), who operate almost freely in the Andaman Sea.",who,who,PRON,PronType=Rel,19,20,operate,operate,VERB,1,nsubj,NONE,11:ref,1,0,forward
564,"Information pointing in this direction came to light after the December 26 tsunami, which took a heavy toll on the Andamans.",which,which,PRON,PronType=Rel,15,16,took,take,VERB,1,nsubj,NONE,13:ref,1,0,forward
565,"Correspondents who flocked in to cover the tsunami found they also had another story - the miserable security situation surrounding the Indian navy's Far Eastern Naval Command, now being established along with India's ""blue water navy"".",who,who,PRON,PronType=Rel,2,3,flocked,flock,VERB,1,nsubj,NONE,1:ref,1,0,forward
568,"While the Indian army has become rock-solid in the western front, and has developed the capability of withstanding any Pakistani adventure in that sector, it has become highly vulnerable in its eastern sector, where its enemy is not a national army but a multitude of secessionist, terrorist and drug-running militants operating between Southeast Asia and northeastern India through Bangladesh.",where,where,ADV,PronType=Rel,39,46,army,army,NOUN,7,advmod,NONE,37:ref,1,0,forward
569,"The Andaman Sea is a major conduit for this traffic, and the 572 large and small islands that constitute the Andaman and Nicobar group are a natural transit base.",that,that,PRON,PronType=Rel,19,20,constitute,constitute,VERB,1,nsubj,NONE,18:ref,1,0,forward
571,"Since the ""Sea Tigers"" of the LTTE, better known as the Tamil Tigers, are the ones who rule the Andaman Sea: they carry the arms and drugs for their own use and also to deliver to rebels in Aceh and all along the east coast of Africa.",who,who,PRON,PronType=Rel,21,22,rule,rule,VERB,1,nsubj,NONE,20:ref,1,0,forward
577,"A large number of them are Bangladeshis, who like millions of their countrymen have left their densely populated homeland to settle elsewhere.",who,who,PRON,PronType=Rel,9,16,left,leave,VERB,7,nsubj,NONE,7:ref,1,0,forward
582,"Considering the islands' huge strategic importance, it is amazing how lax New Delhi has been.",how,how,ADV,PronType=Int,12,13,lax,lax,ADJ,1,advmod,NONE,13:advmod,1,0,forward
583,"These islands sit aside the vital sea lanes of the Strait of Malacca, through which 300 tankers and merchant ships pass daily, bringing in oil for the Far East and Southeast Asia.",which,which,PRON,PronType=Rel,16,22,pass,pass,VERB,6,obl,NONE,11:ref,1,0,forward
592,"This formidable enemy, which gave the Indian army a black eye in the mid-1980s, has been operating in northeastern India and in the Andaman Sea for a long time.",which,which,PRON,PronType=Rel,5,6,gave,give,VERB,1,nsubj,NONE,3:ref,1,0,forward
612,The real threat to the Andaman Islands is the steady building-up of ports and conduits that serve the Tamil Tigers and a host of less-strong militant groups.,that,that,PRON,PronType=Rel,18,19,serve,serve,VERB,1,nsubj,NONE,15:ref,1,0,forward
617,"A pattern of arrests and seizures indicate that arms are brought by the LTTE from Laos, Cambodia and Thailand into Chittagong, from where they are transported northward by land to Bhutan.",where,where,ADV,PronType=Rel,25,28,transported,transport,VERB,3,obl,NONE,22:ref,1,0,forward
622,"The Ten Degree Channel divides the Andamans, which are the larger and more heavily populated northern islands, from the 20 or so Nicobar Islands in the south.",which,which,PRON,PronType=Rel,9,18,islands,island,NOUN,9,nsubj,NONE,7:ref,1,0,forward
623,"On South Andaman, the most heavily populated island, is Port Blair, which is the capital and the only large town in the entire archipelago.",which,which,PRON,PronType=Rel,15,18,capital,capital,NOUN,3,nsubj,NONE,13:ref,1,0,forward
628,Islamabad accuses New Delhi of using its consulates in Kandahar and Jalalabad to train Balochi insurgents who are active in Pakistani Balochistan.,who,who,PRON,PronType=Rel,17,19,active,active,ADJ,2,nsubj,NONE,16:ref,1,0,forward
640,"Since September 11, Pakistan has been repeatedly accused by Afghan and Western leaders of harbouring Taliban extremists who had pledged to disrupt the elections, but at the highest level the US has avoided criticising President Pervaiz Musharraf on the grounds that he is helping the US catch Al Qaeda elements inside Pakistan.",who,who,PRON,PronType=Rel,19,21,pledged,pledge,VERB,2,nsubj,NONE,18:ref,1,0,forward
641,"That changed on September 22 when President George W. Bush, Musharraf and Karzai held a three way meeting in New York on the sidelines of the UN General Assembly.",when,when,ADV,PronType=Int,6,15,held,hold,VERB,9,advmod,NONE,15:advmod,1,0,forward
642,The meeting was pushed together by the CIA and the US Defence Department who were desperately anxious to secure a peaceful election in Afghanistan and the non-interference of alleged Pakistani backed Taliban.,who,who,PRON,PronType=Rel,14,17,anxious,anxious,ADJ,3,nsubj,NONE,8:ref,1,0,forward
648,"‘’It was the first time that Bush totally focused on the Taliban threat rather than Al Qaeda with the Pakistanis,’’ says a Western diplomat.",that,that,PRON,PronType=Rel,7,10,focused,focus,VERB,3,obl:unmarked,unmarked,6:ref,1,0,forward
655,However Pakistani officials insist that the decision was unconnected to the tripartite meeting.,However,however,ADV,_,1,4,insist,insist,VERB,3,advmod,NONE,4:advmod,1,0,forward
657,However there were visible signs of a crackdown on the Pakistan side.,However,however,ADV,_,1,3,were,be,VERB,2,advmod,NONE,3:advmod,1,0,forward
658,"‘’Pakistan now has a large force deployed in Baluchistan which was not there before,’’ says Lt. General David Barno.",which,which,PRON,PronType=Rel,11,14,there,there,ADV,3,nsubj,NONE,7:ref,1,0,forward
660,Also several days before the elections Pakistan closed the border crossing point at Chaman in Baluchistan which is a key entry point for the Taliban into Afghanistan.,which,which,PRON,PronType=Rel,17,22,point,point,NOUN,5,nsubj,NONE,12:ref,1,0,forward
661,However US military officers say regular army officers - many of them Pashtun - leading units of the Frontier Corps who are on the border remain deeply sympathetic to the Taliban and the mullahs of the JUI.,However,however,ADV,_,1,5,say,say,VERB,4,advmod,NONE,5:advmod,1,0,forward
661,However US military officers say regular army officers - many of them Pashtun - leading units of the Frontier Corps who are on the border remain deeply sympathetic to the Taliban and the mullahs of the JUI.,who,who,PRON,PronType=Rel,21,25,border,border,NOUN,4,nsubj,NONE,16:ref,1,0,forward
662,At the same time the US remains oblivious of the serious problems and political fallout which the army is facing in its operations in Waziristan.,which,which,PRON,PronType=Rel,16,20,facing,face,VERB,4,obj,NONE,12:ref,1,0,forward
667,"Moreover there are now major covert attempts under way to try and bring back to Kabul leading Taliban commanders, who have been living quietly in Pakistan and have taken no part in the Taliban insurgency.",who,who,PRON,PronType=Rel,21,24,living,live,VERB,3,nsubj,NONE,19:ref,1,0,forward
668,"With the Taliban failure to disrupt the Afghan elections, the militants are even more isolated from the mainstream Taliban who want to return home.",who,who,PRON,PronType=Rel,21,22,want,want,VERB,1,nsubj,NONE,20:ref,1,0,forward
675,Islamabad accuses New Delhi of using its consulates in Kandahar and Jalalabad to train Balochi insurgents who are active in Pakistani Balochistan.,who,who,PRON,PronType=Rel,17,19,active,active,ADJ,2,nsubj,NONE,16:ref,1,0,forward
682,"In a major regional shift reflecting the newly strengthened position of Karzai, Iran, Russia and India which have traditionally backed the Tajik dominated former Northern Alliance made strenuous efforts to convince presidential candidate Younis Qanooni to strike a deal with Karzai before the elections and not to oppose Karzai.",which,which,PRON,PronType=Rel,19,22,backed,back,VERB,3,nsubj,NONE,14:ref,1,0,forward
685,However since the elections Iranian influence has proved critical in convincing the Hazara Shia candidate Mohammed Mohaqeq to accept the results of the elections and later convincing Qanooni to do the same.,However,however,ADV,_,1,8,proved,prove,VERB,7,advmod,NONE,8:advmod,1,0,forward
687,However powerful hardliners in Tehran may be trying to undermine that strategy and a new issue is likely to deepen the rift with the moderates.,However,however,ADV,_,1,8,trying,try,VERB,7,advmod,NONE,8:advmod,1,0,forward
689,"The enhanced US presence in western Afghanistan was only made possible after the ousting of Ismail Khan, the warlord and Governor of Herat province last month, who was a close ally of Iranian hardliners.",who,who,PRON,PronType=Rel,29,33,ally,ally,NOUN,4,nsubj,NONE,14:ref,1,0,forward
693,However General Barno insists the US presence poses no threat to Iran.,However,however,ADV,_,1,4,insists,insist,VERB,3,advmod,NONE,4:advmod,1,0,forward
697,"So far what they have done together has been good for us and that’s how we would like to keep it’’, says Karzai.",what,what,PRON,PronType=Rel,3,10,good,good,ADJ,7,nsubj,NONE,6:obj;10:nsubj,2,1,forward
697,"So far what they have done together has been good for us and that’s how we would like to keep it’’, says Karzai.",how,how,ADV,PronType=Rel,16,10,good,good,ADJ,6,conj,NONE,10:conj:and;21:xcomp,2,0,backward
704,The debate that a handful of Texas multi-millionnaires close to the Bush family have cleverly manufactured over John Kerry's war record is absurd in every way.,that,that,PRON,PronType=Rel,3,16,manufactured,manufacture,VERB,13,obj,NONE,2:ref,1,0,forward
705,The charges that they have put some vets up to making against Kerry are false and can be demonstrated by the historical record to be false .,that,that,PRON,PronType=Rel,3,11,making,make,VERB,8,obj,NONE,2:ref,1,2,forward
709,The true absurdity of the entire situation is easily appreciated when we consider that George W. Bush never showed any bravery at all at any point in his life.,when,when,ADV,PronType=Int,11,13,consider,consider,VERB,2,advmod,NONE,13:advmod,1,0,forward
712,"(And, a piece of shrapnel in the forearm that caused only a minor wound would have killed had it hit an eye and gone into the brain; the shrapnel being in your body demonstrates you were in mortal danger and didn't absent yourself from it.",that,that,PRON,PronType=Rel,11,12,caused,cause,VERB,1,nsubj,NONE,5:ref,1,0,forward
716,What was Bush doing with his youth?,What,what,PRON,PronType=Int,1,4,doing,do,VERB,3,obj,NONE,4:obj,1,0,forward
727,"His delight in killing people became a campaign issue in 2000 when he seemed, in one debate, to enjoy the prospect of executing wrong-doers a little too much.",when,when,ADV,PronType=Int,12,14,seemed,seem,VERB,2,advmod,NONE,14:advmod,1,0,forward
731,"Even for those who later abstain, ""visual-spatial abilities, abstraction, problem solving , and short-term memory, are the slowest to recover.""",who,who,PRON,PronType=Rel,4,6,abstain,abstain,VERB,2,nsubj,NONE,3:ref,1,0,forward
732,"That he managed to get on the wagon (though with that pretzel incident, you wonder how firmly) is laudable.",how,how,ADV,PronType=Int,18,19,firmly,firmly,ADV,1,advmod,NONE,19:advmod,1,0,forward
737,"This little-noted interview with Blount's nephew Murph Archibald, which appeared on National Public Radio's ""All Things Considered on March 30, 2004, gives a devastating insight into what it was like to have to suffer through Bush in that period.",which,which,PRON,PronType=Rel,13,14,appeared,appear,VERB,1,nsubj,NONE,5:ref,1,0,forward
737,"This little-noted interview with Blount's nephew Murph Archibald, which appeared on National Public Radio's ""All Things Considered on March 30, 2004, gives a devastating insight into what it was like to have to suffer through Bush in that period.",what,what,PRON,PronType=Int,35,33,insight,insight,NOUN,2,acl,NONE,33:acl,1,1,backward
740,"For weeks, reporters scoured Alabama in search of pilots or anyone who might have remembered seeing Mr. Bush at the time he was serving in the National Guard there.",who,who,PRON,PronType=Rel,13,16,remembered,remember,VERB,3,nsubj,NONE,12:ref,1,0,forward
741,"There is one place in Alabama where Mr. Bush was present nearly every day: the headquarters in Montgomery of US Senate candidate Winton ""Red"" Blount.",where,where,ADV,PronType=Rel,7,11,present,present,ADJ,4,advmod,NONE,4:ref,1,0,forward
761,"But throughout Alabama, there were Republicans and Democrats who wanted to help Red Blount.",who,who,PRON,PronType=Rel,10,11,wanted,want,VERB,1,nsubj,NONE,7:ref,1,0,forward
762,It was the young Texan's job to find out what each county leader needed in the way of campaign supplies and get those supplies to them.,what,what,PRON,PronType=Int,11,15,needed,need,VERB,4,obj,NONE,15:obj,1,0,forward
763,"Groom says this job helped Mr. Bush understand how even in a statewide Senate campaign, politics are local.",how,how,ADV,PronType=Int,9,19,local,local,ADJ,10,advmod,NONE,19:advmod,1,0,forward
770,My overall impression was that he didn't seem as interested in the campaign as the other people who were working at the state headquarters.,who,who,PRON,PronType=Rel,19,21,working,work,VERB,2,nsubj,NONE,18:ref,1,0,forward
775,"In fact, when I broached the subject with him, he simply changed the subject.",when,when,ADV,PronType=Int,4,6,broached,broach,VERB,2,advmod,NONE,6:advmod,1,0,forward
780,"In fact, he left the house he rented in such disrepair--with damage to the walls and a chandelier destroyed--that the Montgomery family who owned it still grumble about the unpaid repair bill.",who,who,PRON,PronType=Rel,28,29,owned,own,VERB,1,nsubj,NONE,27:ref,1,0,forward
785,GOODWYN: Archibald says the frequency with which Mr. Bush discussed the subject was off-putting to him.,which,which,PRON,PronType=Rel,8,11,discussed,discuss,VERB,3,obl,NONE,6:ref,1,0,forward
789,"GOODWYN: According to Archibald, Mr. Bush would also sometimes tell stories about his days at Yale in New Haven, and how whenever he got pulled over for erratic driving, he was let go after the officers discovered he was the grandson of a Connecticut US senator.",how,how,ADV,PronType=Int,24,36,let,let,VERB,12,advmod,NONE,36:advmod,1,1,forward
789,"GOODWYN: According to Archibald, Mr. Bush would also sometimes tell stories about his days at Yale in New Haven, and how whenever he got pulled over for erratic driving, he was let go after the officers discovered he was the grandson of a Connecticut US senator.",whenever,whenever,ADV,PronType=Rel,25,36,let,let,VERB,11,advmod,NONE,28:advmod;36:advmod,2,1,forward
790,"Archibald, a middle-class Alabama boy--who, by the way, is now a registered Democrat--didn't like that story.",who,who,PRON,PronType=Rel,10,20,Democrat,Democrat,PROPN,10,nsubj,NONE,8:ref,1,0,forward
791,"Mr. ARCHIBALD: He told us whenever he was stopped, as soon as the law enforcement found out that he was the grandson of Prescott Bush, they would let him go.",whenever,whenever,ADV,PronType=Rel,7,31,let,let,VERB,24,advmod,NONE,10:advmod;31:advmod,2,5,forward
798,It should not be left in the hands of a man who spent his life like this.,who,who,PRON,PronType=Rel,12,13,spent,spend,VERB,1,nsubj,NONE,11:ref,1,0,forward
799,When the cities are on fire with the burning flesh of men,When,when,ADV,PronType=Int,1,6,fire,fire,NOUN,5,advmod,NONE,6:advmod,1,0,forward
816,"But air traffic controllers in Baghdad have no record of the flights, which supposedly took off between July 2004 and July 2005.",which,which,PRON,PronType=Rel,14,16,took,take,VERB,2,nsubj,NONE,12:ref,1,0,forward
821,This year a newspaper claimed two UK firms were involved in a deal in which thousands of guns for Iraqi forces were re-routed to al-Qaeda.,which,which,PRON,PronType=Rel,15,23,re-routed,re-route,VERB,8,obl,NONE,13:ref,1,0,forward
824,"But then, even to talk of an ""administration"" may be misdirection at this point, given how little representative government means in the United States these days, and how much of ""national security"" has been privatized into a global gangland of drugs and guns.",how,how,ADV,PronType=Int,20,21,little,little,ADJ,1,advmod,NONE,21:advmod,1,0,forward
824,"But then, even to talk of an ""administration"" may be misdirection at this point, given how little representative government means in the United States these days, and how much of ""national security"" has been privatized into a global gangland of drugs and guns.",how,how,ADV,PronType=Int,33,34,much,much,ADJ,1,advmod,NONE,34:advmod,1,0,forward
825,"Like the tens of billions of dollars that have been ""lost"" in Iraq, planeloads of arms don't just ""vanish""; not when the Pentagon contracts the work to an international criminal of Bout's untouchable stature.",that,that,PRON,PronType=Rel,8,12,lost,lose,VERB,4,nsubj:pass,pass,3:ref,1,0,forward
825,"Like the tens of billions of dollars that have been ""lost"" in Iraq, planeloads of arms don't just ""vanish""; not when the Pentagon contracts the work to an international criminal of Bout's untouchable stature.",when,when,ADV,PronType=Int,28,31,contracts,contract,VERB,3,advmod,NONE,31:advmod,1,0,forward
826,"But Bout's name isn't likely to be mentioned in whatever coverage this story receives, before it sinks like so many others beneath the media's frothing triviality.",whatever,whatever,DET,PronType=Rel,12,13,coverage,coverage,NOUN,1,det,NONE,13:det,1,0,forward
833,"An altar cloth was draped over her half-naked body, which was posed as if she had been sexually assaulted.",which,which,PRON,PronType=Rel,13,15,posed,pose,VERB,2,nsubj:pass,pass,11:ref,1,0,forward
834,"""It was about how he could humiliate her the most,"" prosecutor Dean Mandros said in closing arguments.",how,how,ADV,PronType=Int,5,8,humiliate,humiliate,VERB,3,advmod,NONE,8:advmod,1,0,forward
836,"After the sentencing one of Robinson's tearful supporters ""turned to Claudia Vercellotti, a local leader of the Survivors Network for Those Abused by Priests [SNAP], who had helped reopen the case, and told her, 'I hope you rot in hell!'""",who,who,PRON,PronType=Rel,32,34,helped,help,VERB,2,nsubj,NONE,13:ref,1,0,forward
838,"More than ever, police and prosecutors have the tools and the will to go after horrific crimes, even when the defendants are seemingly powerful individuals or institutions .",when,when,ADV,PronType=Int,21,27,individuals,individual,NOUN,6,advmod,NONE,27:advmod,1,0,forward
839,"When victims and witnesses stay silent, nothing changes.",When,when,ADV,PronType=Int,1,5,stay,stay,VERB,4,advmod,NONE,5:advmod,1,0,forward
840,"When victims and witnesses speak up, at least sometimes a child is protected, the truth is exposed, and justice is done.",When,when,ADV,PronType=Int,1,5,speak,speak,VERB,4,advmod,NONE,5:advmod,1,0,forward
843,"Dekalb County Police Chief Louis Graham...the man who reopened the investigations last year, is mysteriously stepping down.",who,who,PRON,PronType=Rel,10,11,reopened,reopen,VERB,1,nsubj,NONE,9:ref,1,0,forward
844,"And of all the people who the county is getting to find a replacement...is none other than Lee Brown, the original supervisor of the Atlanta PD, who was in office during the murders and the subsequent investigation.",who,who,PRON,PronType=Rel,6,10,getting,get,VERB,4,obj,NONE,5:ref,1,0,forward
844,"And of all the people who the county is getting to find a replacement...is none other than Lee Brown, the original supervisor of the Atlanta PD, who was in office during the murders and the subsequent investigation.",who,who,PRON,PronType=Rel,31,34,office,office,NOUN,3,nsubj,NONE,25:ref,1,0,forward
850,That's still the domain of those who don't.,who,who,PRON,PronType=Rel,8,9,do,do,VERB,1,nsubj,NONE,7:ref,1,0,forward
857,"Now, FLDS leader Warren Jeffs has been added to the FBI's list of ""Ten Most Wanted Fugitives,"" a move that caps law enforcement's dramatic change of approach toward the polygamous group in recent years...[because of] the impact that the group's practices, law enforcement officials say, are having on the most vulnerable within the sect, particularly children and women.",that,that,PRON,PronType=Rel,25,26,caps,cap,VERB,1,nsubj,NONE,24:ref,1,0,forward
857,"Now, FLDS leader Warren Jeffs has been added to the FBI's list of ""Ten Most Wanted Fugitives,"" a move that caps law enforcement's dramatic change of approach toward the polygamous group in recent years...[because of] the impact that the group's practices, law enforcement officials say, are having on the most vulnerable within the sect, particularly children and women.",that,that,PRON,PronType=Rel,48,60,having,have,VERB,12,obj,NONE,47:ref,1,0,forward
858,"When the FLDS under Mr. Jeffs (and his father before him) grew to some 10,000 followers in several southwestern communities with estimated assets of $110 million; when it became clear that government officials, school authorities, and police in those communities had become intertwined with the sect; when ex-members increasingly reported child and sexual abuse charges (mainly involving underage girls forced to marry older men); and when the sect began to use secluded compounds, state and federal authorities started to crack down more vigorously.",When,when,ADV,PronType=Int,1,14,grew,grow,VERB,13,advmod,NONE,14:advmod,1,0,forward
858,"When the FLDS under Mr. Jeffs (and his father before him) grew to some 10,000 followers in several southwestern communities with estimated assets of $110 million; when it became clear that government officials, school authorities, and police in those communities had become intertwined with the sect; when ex-members increasingly reported child and sexual abuse charges (mainly involving underage girls forced to marry older men); and when the sect began to use secluded compounds, state and federal authorities started to crack down more vigorously.",when,when,ADV,PronType=Int,31,33,became,become,VERB,2,advmod,NONE,33:advmod,1,0,forward
858,"When the FLDS under Mr. Jeffs (and his father before him) grew to some 10,000 followers in several southwestern communities with estimated assets of $110 million; when it became clear that government officials, school authorities, and police in those communities had become intertwined with the sect; when ex-members increasingly reported child and sexual abuse charges (mainly involving underage girls forced to marry older men); and when the sect began to use secluded compounds, state and federal authorities started to crack down more vigorously.",when,when,ADV,PronType=Int,54,57,reported,report,VERB,3,advmod,NONE,57:advmod,1,0,forward
858,"When the FLDS under Mr. Jeffs (and his father before him) grew to some 10,000 followers in several southwestern communities with estimated assets of $110 million; when it became clear that government officials, school authorities, and police in those communities had become intertwined with the sect; when ex-members increasingly reported child and sexual abuse charges (mainly involving underage girls forced to marry older men); and when the sect began to use secluded compounds, state and federal authorities started to crack down more vigorously.",when,when,ADV,PronType=Int,76,79,began,begin,VERB,3,advmod,NONE,79:advmod,1,0,forward
865,"""The black race is the people through which the devil has always been able to bring evil unto the earth,"" Jeffs has said as cited by the Southern Poverty Law Center's ""Intelligence Report.""",which,which,PRON,PronType=Rel,9,15,able,able,ADJ,6,obl,NONE,7:ref,1,0,forward
866,"An editorial in the church-owned Deseret Morning News in Salt Lake City earlier this year acknowledged that ""the state's history, a conservative belief in free choice, and an unwillingness to stir up a hornet's nest in the national media have likely all contributed to the kid-glove approach lawmakers and law-enforcement officers have taken when dealing with polygamous communities.""",when,when,ADV,PronType=Int,65,66,dealing,deal,VERB,1,advmod,NONE,66:advmod,1,0,forward
868,"Maybe I'm missing something here, but how, exactly, does one 'Loose' 200,000 AK47's?",how,how,ADV,PronType=Int,9,16,Loose,lose,VERB,7,advmod,NONE,16:advmod,1,0,forward
878,Funny how some things are squirelled away by well-meaning prosecutors...,how,how,ADV,PronType=Int,2,6,squirelled,squirrel,VERB,4,advmod,NONE,6:advmod,1,0,forward
880,I read of a case not long ago when some people were trying to get a polygamous judge taken off the bench for not obeying state law.,when,when,ADV,PronType=Int,9,13,trying,try,VERB,4,advmod,NONE,13:advmod,1,0,forward
881,Of course law enforcement has dragged it's feet when members are taking part in the activity themselves.,when,when,ADV,PronType=Int,9,12,taking,take,VERB,3,advmod,NONE,12:advmod,1,0,forward
882,Personally I don't give a damn what adults do to one another as long as there is no abuse invovled.,what,what,PRON,PronType=Int,8,10,do,do,VERB,2,obj,NONE,10:obj,1,0,forward
883,It is the marrying off of young girls to older men often close relatives that enfurates me.,that,that,PRON,PronType=Rel,15,16,enfurates,infuriate,VERB,1,nsubj,NONE,4:ref,1,0,forward
892,One member actually was convicted of beating his teen daughter unconcious when she ran away from 'marriage' to her father's own brother.,when,when,ADV,PronType=Int,12,14,ran,run,VERB,2,advmod,NONE,14:advmod,1,0,forward
898,What's a few dead soldiers in comparison to keeping all those defense contractors awash in all that tax cash?,What,what,PRON,PronType=Int,1,6,soldiers,soldier,NOUN,5,nsubj,NONE,6:nsubj,1,0,forward
910,"Most of the girls I was meeting had grown up in Mujahedeen schools in Ashraf, where they lived separated from their parents.",where,where,ADV,PronType=Rel,17,19,lived,live,VERB,2,advmod,NONE,13:ref,1,0,forward
912,"When Iraq invaded Kuwait, many of these girls were transported to Jordan and then smuggled to various countries -- Germany, France, Canada, Denmark, England, the United States -- where they were raised by guardians who were usually Mujahedeen supporters.",When,when,ADV,PronType=Int,1,3,invaded,invade,VERB,2,advmod,NONE,3:advmod,1,0,forward
912,"When Iraq invaded Kuwait, many of these girls were transported to Jordan and then smuggled to various countries -- Germany, France, Canada, Denmark, England, the United States -- where they were raised by guardians who were usually Mujahedeen supporters.",where,where,ADV,PronType=Rel,35,38,raised,raise,VERB,3,advmod,NONE,19:ref,1,0,forward
912,"When Iraq invaded Kuwait, many of these girls were transported to Jordan and then smuggled to various countries -- Germany, France, Canada, Denmark, England, the United States -- where they were raised by guardians who were usually Mujahedeen supporters.",who,who,PRON,PronType=Rel,41,45,supporters,supporter,NOUN,4,nsubj,NONE,40:ref,1,0,forward
913,"When they were 18 or 19, many of them decided to come back to Iraq and fill the ranks of the youngest Mujahedeen generation.",When,when,ADV,PronType=Int,1,4,18,18,NUM,3,advmod,NONE,4:advmod,1,0,forward
916,"Afshari, who was posted in Germany and was responsible for receiving Mujahedeen children during the gulf war, said that when the German government tried to absorb Mujahedeen children into their education system, the Mujahedeen refused.",who,who,PRON,PronType=Rel,3,5,posted,post,VERB,2,nsubj:pass,pass,1:ref,1,0,forward
916,"Afshari, who was posted in Germany and was responsible for receiving Mujahedeen children during the gulf war, said that when the German government tried to absorb Mujahedeen children into their education system, the Mujahedeen refused.",when,when,ADV,PronType=Int,22,26,tried,try,VERB,4,advmod,NONE,26:advmod,1,0,forward
920,Which may explain the pattern to their stories: a journey to self-empowerment and the enlightenment of self-sacrifice inspired by the light and wisdom of Maryam and Massoud.,Which,which,PRON,PronType=Rel,1,3,explain,explain,VERB,2,nsubj,NONE,3:nsubj,1,0,forward
922,"One has to wonder whether the bright fellows in our government and military who set up the deals with these people don't know what they are, don't care, or know perfectly well.",who,who,PRON,PronType=Rel,14,15,set,set,VERB,1,nsubj,NONE,8:ref,1,0,forward
922,"One has to wonder whether the bright fellows in our government and military who set up the deals with these people don't know what they are, don't care, or know perfectly well.",what,what,PRON,PronType=Int,25,24,know,know,VERB,1,ccomp,NONE,24:ccomp,1,0,backward
935,"But more and more, as metal evolves into a huge international music that belongs to everyone, it has gotten to be something weirder.",that,that,PRON,PronType=Rel,14,15,belongs,belong,VERB,1,nsubj,NONE,13:ref,1,0,forward
939,The people who carry out these underground arms/drugs/sex trafficking deals are trauma based mind controlled slaves.,who,who,PRON,PronType=Rel,3,4,carry,carry,VERB,1,nsubj,NONE,2:ref,1,0,forward
947,How are chants of death and suicide ... morality.,How,how,ADV,PronType=Int,1,9,morality,morality,NOUN,8,advmod,NONE,9:advmod,1,0,forward
949,"And were the Columbine killers acting out this ""real morality"" when they indescriminately murdered their classmates.",when,when,ADV,PronType=Int,13,16,murdered,murder,VERB,3,advmod,NONE,16:advmod,1,0,forward
955,I think the jury's still out on exactly who did the brainwashing when in regard to the Columbine killers.,who,who,PRON,PronType=Int,10,11,did,do,VERB,1,nsubj,NONE,11:nsubj,1,0,forward
955,I think the jury's still out on exactly who did the brainwashing when in regard to the Columbine killers.,when,when,ADV,PronType=Int,14,11,did,do,VERB,3,advmod,NONE,11:advmod,1,0,backward
956,"Perhaps we should look at the death metal phenomenon less as an invitation to violence than as a couter-cultural response to the over hypocrisy of a large percentage of the 'Church-Morality' crowd, which gives a lot of lip service to loving thy neighbor, but doesn't apply that love very far beyond their own congregation.",which,which,PRON,PronType=Rel,38,39,gives,give,VERB,1,nsubj,NONE,28:ref,1,0,forward
962,We're entering into some interesting and perhaps previously unexplored socio-political-spiritual territory here that may require further examination and serious introspection.,that,that,PRON,PronType=Rel,16,18,require,require,VERB,2,nsubj,NONE,14:ref,1,0,forward
972,"Here is a thought: When the appartently cognitively functional take actions that seem senseless and incompetent, it is a most certain sign that they have ulterior or hidden motives.",When,when,ADV,PronType=Int,6,11,take,take,VERB,5,advmod,NONE,11:advmod,1,0,forward
972,"Here is a thought: When the appartently cognitively functional take actions that seem senseless and incompetent, it is a most certain sign that they have ulterior or hidden motives.",that,that,PRON,PronType=Rel,13,14,seem,seem,VERB,1,nsubj,NONE,12:ref,1,0,forward
979,One man's relentless search for his missing son led him to uncover one of the most shocking crimes in post-war Italy - a tale of satanism and violence that has gripped the country for more than a year.,that,that,PRON,PronType=Rel,30,32,gripped,grip,VERB,2,nsubj,NONE,25:ref,1,0,forward
986,No one can contradict me when I say that heavy metal and satanism are closely linked,when,when,ADV,PronType=Int,6,8,say,say,VERB,2,advmod,NONE,8:advmod,1,0,forward
988,"It emerged that Chiara, the girl who disappeared with Fabio, had a collection of satanic literature and paraphernalia in her bedroom.",who,who,PRON,PronType=Rel,8,9,disappeared,disappear,VERB,1,nsubj,NONE,7:ref,1,0,forward
990,"""No one can contradict me when I say that heavy metal and satanism are closely linked.",when,when,ADV,PronType=Int,7,9,say,say,VERB,2,advmod,NONE,9:advmod,1,0,forward
999,"(I know, ignorant question) Then why call them, or any other phonies 'Christians', even if they themselves claim the appellation.",why,why,ADV,PronType=Int,9,10,call,call,VERB,1,advmod,NONE,10:advmod,1,0,forward
1002,So why even credit their claims?,why,why,ADV,PronType=Int,2,4,credit,credit,VERB,2,advmod,NONE,4:advmod,1,0,forward
1005,We need to be more 'rigorous' about how we perceive these people.,how,how,ADV,PronType=Int,10,12,perceive,perceive,VERB,2,advmod,NONE,12:advmod,1,0,forward
1006,"See them as they are, not for what they claim to be.",what,what,PRON,PronType=Rel,9,5,are,be,AUX,4,conj,NONE,1:obl:for;5:conj:not;11:xcomp,3,0,backward
1015,"When the apparently cognitively functional take actions that seem senseless and incompetent, it is a most certain sign that they have ulterior or hidden motives.",When,when,ADV,PronType=Int,1,6,take,take,VERB,5,advmod,NONE,6:advmod,1,0,forward
1015,"When the apparently cognitively functional take actions that seem senseless and incompetent, it is a most certain sign that they have ulterior or hidden motives.",that,that,PRON,PronType=Rel,8,9,seem,seem,VERB,1,nsubj,NONE,7:ref,1,0,forward
1020,"Seems as if there is a clear distinction being made between the 'imaginary' Whore of Babalon and the actually Whore of Babylon, which is this global system.",which,which,PRON,PronType=Rel,26,30,system,system,NOUN,4,nsubj,NONE,22:ref,1,0,forward
1026,"so, enemy, what's your point?",what,what,PRON,PronType=Int,5,8,point,point,NOUN,3,nsubj,NONE,8:nsubj,1,0,forward
1027,Why don't you state it?,Why,why,ADV,PronType=Int,1,5,state,state,VERB,4,advmod,NONE,5:advmod,1,0,forward
1042,Reporting from the town where Susan Polk's trial is going on.,where,where,ADV,PronType=Rel,5,11,going,go,VERB,6,advmod,NONE,4:ref,1,0,forward
1049,I resisted asking any questions that would have required either of them to think.,that,that,PRON,PronType=Rel,6,9,required,require,VERB,3,nsubj,NONE,5:ref,1,0,forward
1056,"As I read the letter, I considered the vast contrast between mind and morality of whoever wrote it, vs. that of the mind of the man who once said ""Bring it on!""",whoever,whoever,PRON,PronType=Rel,17,13,mind,mind,NOUN,4,nmod,NONE,13:nmod:of;18:nsubj,2,0,backward
1056,"As I read the letter, I considered the vast contrast between mind and morality of whoever wrote it, vs. that of the mind of the man who once said ""Bring it on!""",who,who,PRON,PronType=Rel,29,31,said,say,VERB,2,nsubj,NONE,28:ref,1,0,forward
1063,"They have been accumulating for years, and basically give the president to sieze the government whenever he feels like it.",whenever,whenever,ADV,PronType=Rel,17,14,sieze,seize,VERB,3,advmod,NONE,14:advmod;19:advmod,2,0,backward
1064,But who would do a thing like that.... hey wait a minute,who,who,PRON,PronType=Int,2,4,do,do,VERB,2,nsubj,NONE,4:nsubj,1,0,forward
1065,==Why did Bush revoke Executive Order 13011 today?,Why,why,ADV,PronType=Int,2,5,revoke,revoke,VERB,3,advmod,NONE,5:advmod,1,0,forward
1070,I can't believe there are no serious metal fans who frequent RI.,who,who,PRON,PronType=Rel,11,12,frequent,frequent,VERB,1,nsubj,NONE,10:ref,1,0,forward
1087,"I just get hung up on 'Christians', as they're the dominant form where I come from.",where,where,ADV,PronType=Int,17,19,come,come,VERB,2,advmod,NONE,19:advmod,1,0,forward
1091,I do get my hackles up a bit when people haul out the old 'Rock-N-Roll made them do it' argument.,when,when,ADV,PronType=Int,9,11,haul,haul,VERB,2,advmod,NONE,11:advmod,1,0,forward
1092,"Whie I don't subscribe to the notion that the things we watch or listen to have no effect on our behavior (which I think is patently rediculous), it does bother me when people single out a specific group of people to pin the blame on.",which,which,PRON,PronType=Rel,24,29,rediculous,ridiculous,ADJ,5,nsubj,NONE,8:ref,1,1,forward
1092,"Whie I don't subscribe to the notion that the things we watch or listen to have no effect on our behavior (which I think is patently rediculous), it does bother me when people single out a specific group of people to pin the blame on.",when,when,ADV,PronType=Int,36,38,single,single,VERB,2,advmod,NONE,38:advmod,1,0,forward
1094,"Again, I think the problem is people who sink to far into their own egos, and begin to take their personal metaphors a bit too literaly.",who,who,PRON,PronType=Rel,9,10,sink,sink,VERB,1,nsubj,NONE,8:ref,1,0,forward
1097,"I have nothing but respect for people who adhear to non-violence, forgiveness, and charity, but it's important to remember that Christians (or 'Smartwolves') do not have a monopoly on that particular lifestyle.",who,who,PRON,PronType=Rel,8,9,adhear,adhere,VERB,1,nsubj,NONE,7:ref,1,0,forward
1106,"""As you know, I usually provide the scientific and technological ""entertainment"" in our meetings, but, on this occasion, our Chairman suggested that I present my own personal view on events in the part of the world from which I come.",which,which,PRON,PronType=Rel,45,47,come,come,VERB,2,obl,NONE,43:ref,1,0,forward
1108,"My perspective is entirely based on what I see, on what I read and on the fact that my family has lived in this region for almost 200 years.",what,what,PRON,PronType=Int,7,9,see,see,VERB,2,obj,NONE,9:obj,1,0,forward
1108,"My perspective is entirely based on what I see, on what I read and on the fact that my family has lived in this region for almost 200 years.",what,what,PRON,PronType=Int,12,14,read,read,VERB,2,obj,NONE,14:obj,1,0,forward
1109,"You may regard my views as those of the proverbial taxi driver, which you are supposed to question, when you visit a country.",which,which,PRON,PronType=Rel,14,19,question,question,VERB,5,obj,NONE,7:ref,1,2,forward
1109,"You may regard my views as those of the proverbial taxi driver, which you are supposed to question, when you visit a country.",when,when,ADV,PronType=Int,21,23,visit,visit,VERB,2,advmod,NONE,23:advmod,1,0,forward
1111,"However, I will touch upon it only in passing.",However,however,ADV,_,1,5,touch,touch,VERB,4,advmod,NONE,5:advmod,1,0,forward
1113,"I refer to the entire area between Pakistan and Morocco, which is predominantly Arab, predominantly Moslem, but includes many non-Arab and also significant non-Moslem minorities.",which,which,PRON,PronType=Rel,12,15,Arab,Arab,ADJ,3,nsubj,NONE,6:ref,1,0,forward
1114,Why do I put aside Israel and its own immediate neighborhood?,Why,why,ADV,PronType=Int,1,4,put,put,VERB,3,advmod,NONE,4:advmod,1,0,forward
1115,"Because Israel and any problems related to it, in spite of what you might read or hear in the world media, is not the central issue, and has never been the central issue in the upheaval in the region.",what,what,PRON,PronType=Int,13,16,read,read,VERB,3,obj,NONE,16:obj,1,0,forward
1116,"Yes, there is a 100 year-old Israeli-Arab conflict, but it is not where the main show is.",where,where,ADV,PronType=Rel,19,4,is,be,VERB,15,conj,NONE,4:conj:but,1,1,backward
1117,The millions who died in the Iran-Iraq war had nothing to do with Israel.,who,who,PRON,PronType=Rel,3,4,died,die,VERB,1,nsubj,NONE,2:ref,1,0,forward
1118,"The mass murder happening right now in Sudan, where the Arab Moslem regime is massacring its black Christian citizens, has nothing to do with Israel.",where,where,ADV,PronType=Rel,10,16,massacring,massacre,VERB,6,advmod,NONE,8:ref,1,0,forward
1132,"According to a report prepared by a committee of Arab intellectuals and published under the auspices of the U.N., the number of books translated by the entire Arab world is much smaller than what little Greece alone translates.",what,what,PRON,PronType=Rel,35,33,smaller,small,ADJ,2,obl,NONE,33:obl:than;39:obj,2,0,backward
1135,"And all of this is happening in a region, which only 30 years ago, was believed to be the next wealthy part of the world, and in a Moslem area, which developed, at some point in history, one of the most advanced cultures in the world.",which,which,PRON,PronType=Rel,11,18,believed,believe,VERB,7,nsubj:pass,pass,9:ref,1,1,forward
1135,"And all of this is happening in a region, which only 30 years ago, was believed to be the next wealthy part of the world, and in a Moslem area, which developed, at some point in history, one of the most advanced cultures in the world.",which,which,PRON,PronType=Rel,35,36,developed,develop,VERB,1,nsubj,NONE,33:ref,1,0,forward
1138,"A word about the millions of decent, honest, good people who are either devout Moslems or are not very religious but grew up in Moslem families: They are double victims of an outside world, which now develops Islamophobia, and of their own environment which breaks their heart by being totally dysfunctional.",who,who,PRON,PronType=Rel,13,17,Moslems,Moslem,PROPN,4,nsubj,NONE,12:ref,1,0,forward
1138,"A word about the millions of decent, honest, good people who are either devout Moslems or are not very religious but grew up in Moslem families: They are double victims of an outside world, which now develops Islamophobia, and of their own environment which breaks their heart by being totally dysfunctional.",which,which,PRON,PronType=Rel,39,41,develops,develop,VERB,2,nsubj,NONE,37:ref,1,0,forward
1138,"A word about the millions of decent, honest, good people who are either devout Moslems or are not very religious but grew up in Moslem families: They are double victims of an outside world, which now develops Islamophobia, and of their own environment which breaks their heart by being totally dysfunctional.",which,which,PRON,PronType=Rel,49,50,breaks,break,VERB,1,nsubj,NONE,48:ref,1,0,forward
1142,"The events of the last few years have amplified four issues, which have always existed, but have never been as rampant as in the present upheaval in the region.",which,which,PRON,PronType=Rel,13,16,existed,exist,VERB,3,nsubj,NONE,11:ref,1,0,forward
1152,More people die from AIDS in one day in Africa than all the Russians who died in the hands of Chechnya-based Moslem suicide murderers since that conflict started.,who,who,PRON,PronType=Rel,15,16,died,die,VERB,1,nsubj,NONE,14:ref,1,0,forward
1153,Saddam killed every month more people than all those who died from suicide murders since the Coalition occupation of Iraq.,who,who,PRON,PronType=Rel,10,11,died,die,VERB,1,nsubj,NONE,9:ref,1,0,forward
1154,So what is all the fuss about suicide killings?,what,what,PRON,PronType=Int,2,6,fuss,fuss,NOUN,4,nsubj,NONE,6:nsubj,1,0,forward
1166,Who could stop a suicide murder in the midst of the crowded line waiting to be checked by the airport metal detector?,Who,who,PRON,PronType=Int,1,3,stop,stop,VERB,2,nsubj,NONE,3:nsubj,1,0,forward
1173,What is behind the suicide murders?,What,what,PRON,PronType=Int,1,6,murders,murder,NOUN,5,nsubj,NONE,6:nsubj,1,0,forward
1190,"The only way to fight this new ""popular"" weapon is identical to the only way in which you fight organized crime or pirates on the high seas: the offensive way.",which,which,PRON,PronType=Rel,19,21,fight,fight,VERB,2,obl,NONE,17:ref,1,0,forward
1208,"But the norms of politics and diplomacy are childish, in comparison with the level of incitement and total absolute deliberate fabrications, which have reached new heights in the region we are talking about.",which,which,PRON,PronType=Rel,24,26,reached,reach,VERB,2,nsubj,NONE,22:ref,1,0,forward
1210,"You all remember the Iraqi Minister of Information, Mr. Mouhamad Said al-Sahaf and his press conferences when the US forces were already inside Baghdad.",when,when,ADV,PronType=Int,20,27,Baghdad,Baghdad,PROPN,7,advmod,NONE,27:advmod,1,0,forward
1218,"When these same leaders make other statements, the Western media report them as if they could be true.",When,when,ADV,PronType=Int,1,5,make,make,VERB,4,advmod,NONE,5:advmod,1,0,forward
1219,"It is a daily occurrence that the same people who finance, arm and dispatch suicide murderers, condemn the act in English in front of western TV cameras, talking to a world audience, which even partly believes them.",who,who,PRON,PronType=Rel,10,11,finance,finance,VERB,1,nsubj,NONE,9:ref,1,0,forward
1219,"It is a daily occurrence that the same people who finance, arm and dispatch suicide murderers, condemn the act in English in front of western TV cameras, talking to a world audience, which even partly believes them.",which,which,PRON,PronType=Rel,37,40,believes,believe,VERB,3,nsubj,NONE,35:ref,1,0,forward
1221,"Incitement by Arab TV, accompanied by horror pictures of mutilated bodies, has become a powerful weapon of those who lie, distort and want to destroy everything.",who,who,PRON,PronType=Rel,21,22,lie,lie,VERB,1,nsubj,NONE,20:ref,1,0,forward
1232,"There is a new game in town: The actual murderer is called ""the military wing"", the one who pays him, equips him and sends him is now called ""the political wing"" and the head of the operation is called the ""spiritual leader"".",who,who,PRON,PronType=Rel,22,23,pays,pay,VERB,1,nsubj,NONE,21:ref,1,0,forward
1236,"It was Joseph Goebbels who said that if you repeat a lie often enough, people will believe it.",who,who,PRON,PronType=Rel,5,6,said,say,VERB,1,nsubj,NONE,3:ref,1,0,forward
1239,"Huge amounts of money, which could have solved many social problems in this dysfunctional part of the world, are channeled into three concentric spheres supporting death and murder.",which,which,PRON,PronType=Rel,6,9,solved,solve,VERB,3,nsubj,NONE,2:ref,1,0,forward
1244,"They are surrounded by a second wider circle of direct supporters, planners, commanders, preachers, all of whom make a living, usually a very comfortable living, by serving as terror infrastructure.",whom,whom,PRON,PronType=Rel,21,19,all,all,DET,2,nmod,NONE,11:ref,1,0,backward
1245,"Finally, we find the third circle of so-called religious, educational and welfare organizations, which actually do some good, feed the hungry and provide some schooling, but brainwash a new generation with hatred, lies and ignorance.",which,which,PRON,PronType=Rel,19,21,do,do,VERB,2,nsubj,NONE,7:ref,1,0,forward
1247,"It is this circle that makes sure that women remain inferior, that democracy is unthinkable and that exposure to the outside world is minimal.",that,that,PRON,PronType=Rel,5,6,makes,make,VERB,1,nsubj,NONE,4:ref,1,0,forward
1248,"It is also that circle that leads the way in blaming everybody outside the Moslem world, for the miseries of the region.",that,that,PRON,PronType=Rel,6,7,leads,lead,VERB,1,nsubj,NONE,5:ref,1,0,forward
1249,"The outer circle is largely financed by Saudi Arabia, but also by donations from certain Moslem communities in the United States and Europe and, to a smaller extent, by donations of European Governments to various NGO's and by certain United Nations organizations, whose goals may be noble, but they are infested and exploited by agents of the outer circle.",whose,whose,PRON,Poss=Yes|PronType=Rel,47,48,goals,goal,NOUN,1,nmod:poss,poss,45:ref,1,0,forward
1250,"The Saudi regime, of course, will be the next victim of major terror, when the inner circle will explode into the outer circle.",when,when,ADV,PronType=Int,17,22,explode,explode,VERB,5,advmod,NONE,22:advmod,1,0,forward
1252,"Figuratively speaking, this outer circle is the guardian, which makes sure that the people look and listen inwards to the inner circle of terror and incitement, rather than to the world outside.",which,which,PRON,PronType=Rel,11,12,makes,make,VERB,1,nsubj,NONE,9:ref,1,0,forward
1259,"Mrs. Arafat, who lives in Paris with her daughter, receives tens of thousands of dollars per month from the allegedly bankrupt Palestinian Authority, while a typical local ringleader of the Al-Aksa brigade, reporting to Arafat, receives only a cash payment of a couple of hundred dollars, for performing murders at the retail level.",who,who,PRON,PronType=Rel,4,5,lives,live,VERB,1,nsubj,NONE,2:ref,1,0,forward
1264,Every student of political science debates how you prevent an anti-democratic force from winning a democratic election and abolishing democracy.,how,how,ADV,PronType=Int,7,9,prevent,prevent,VERB,2,advmod,NONE,9:advmod,1,0,forward
1268,"Does free speech protect you when you shout ""fire"" in a crowded theater?",when,when,ADV,PronType=Int,6,8,shout,shout,VERB,2,advmod,NONE,8:advmod,1,0,forward
1272,"Do you raid a mosque, which serves as a terrorist ammunition storage?",which,which,PRON,PronType=Rel,7,8,serves,serve,VERB,1,nsubj,NONE,5:ref,1,0,forward
1274,Do you storm a church taken over by terrorists who took the priests hostages?,who,who,PRON,PronType=Rel,10,11,took,take,VERB,1,nsubj,NONE,9:ref,1,0,forward
1279,"Do you shoot an arch-murderer who deliberately moves from one location to another, always surrounded by children?",who,who,PRON,PronType=Rel,6,8,moves,move,VERB,2,nsubj,NONE,5:ref,1,0,forward
1281,What do you do?,What,what,PRON,PronType=Int,1,4,do,do,VERB,3,obj,NONE,4:obj,1,0,forward
1285,"I leave it to you as homework to figure out what Spain or France would have done, in such a situation.",what,what,PRON,PronType=Int,11,17,done,do,VERB,6,obj,NONE,17:obj,1,0,forward
1288,"In the same way that no country has a law against cannibals eating its prime minister, because such an act is unthinkable, international law does not address killers shooting from hospitals, mosques and ambulances, while being protected by their Government or society.",that,that,PRON,PronType=Rel,5,8,has,have,VERB,3,obl:unmarked,unmarked,4:ref,1,0,forward
1289,"International law does not know how to handle someone who sends children to throw stones, stands behind them and shoots with immunity and cannot be arrested because he is sheltered by a Government.",how,how,ADV,PronType=Int,6,8,handle,handle,VERB,2,advmod,NONE,8:advmod,1,1,forward
1289,"International law does not know how to handle someone who sends children to throw stones, stands behind them and shoots with immunity and cannot be arrested because he is sheltered by a Government.",who,who,PRON,PronType=Rel,10,11,sends,send,VERB,1,nsubj,NONE,9:ref,1,0,forward
1290,"International law does not know how to deal with a leader of murderers who is royally and comfortably hosted by a country, which pretends to condemn his acts or just claims to be too weak to arrest him.",how,how,ADV,PronType=Int,6,8,deal,deal,VERB,2,advmod,NONE,8:advmod,1,1,forward
1290,"International law does not know how to deal with a leader of murderers who is royally and comfortably hosted by a country, which pretends to condemn his acts or just claims to be too weak to arrest him.",who,who,PRON,PronType=Rel,14,19,hosted,host,VERB,5,nsubj:pass,pass,11:ref,1,0,forward
1290,"International law does not know how to deal with a leader of murderers who is royally and comfortably hosted by a country, which pretends to condemn his acts or just claims to be too weak to arrest him.",which,which,PRON,PronType=Rel,24,25,pretends,pretend,VERB,1,nsubj,NONE,22:ref,1,0,forward
1291,"The amazing thing is that all of these crooks demand protection under international law, and define all those who attack them as ""war criminals,"" with some Western media repeating the allegations.",who,who,PRON,PronType=Rel,20,21,attack,attack,VERB,1,nsubj,NONE,19:ref,1,0,forward
1297,What can we do about it?,What,what,PRON,PronType=Int,1,4,do,do,VERB,3,obj,NONE,4:obj,1,0,forward
1302,"Here we need financial starvation of the organizing elite, more power to women, more education, counter-propaganda, boycott whenever feasible and access to Western media, internet and the international scene.",whenever,whenever,ADV,PronType=Rel,22,21,boycott,boycott,NOUN,1,advmod,NONE,21:advmod;23:advmod,2,0,backward
1305,"When you have a malignant tumor, you may remove the tumor itself surgically.",When,when,ADV,PronType=Int,1,3,have,have,VERB,2,advmod,NONE,3:advmod,1,0,forward
1321,It has an ideology which claims supremacy over Western culture.,which,which,PRON,PronType=Rel,5,6,claims,claim,VERB,1,nsubj,NONE,4:ref,1,0,forward
1326,"Iran sponsors Syrian terrorism, it is certainly behind much of the action in Iraq, it is fully funding the Hezbollah and, through it, the Palestinian Hamas and Islamic Jihad; it performed acts of terror at least in Europe and in South America and probably also in Uzbekistan and Saudi Arabia and it truly leads a multi-national terror consortium, which includes, as minor players, Syria, Lebanon and certain Shiite elements in Iraq.",which,which,PRON,PronType=Rel,65,66,includes,include,VERB,1,nsubj,NONE,63:ref,1,0,forward
1330,"When it serves their business needs, all of them collaborate beautifully.",When,when,ADV,PronType=Int,1,3,serves,serve,VERB,2,advmod,NONE,3:advmod,1,0,forward
1331,"It is crucial to stop Saudi and other financial support of the outer circle, which is the fertile breeding ground of terror.",which,which,PRON,PronType=Rel,16,21,ground,ground,NOUN,5,nsubj,NONE,14:ref,1,0,forward
1333,"It is also important to act decisively against the campaign of lies and fabrications and to monitor those Western media who collaborate with it out of naivety, financial interests or ignorance.",who,who,PRON,PronType=Rel,21,22,collaborate,collaborate,VERB,1,nsubj,NONE,20:ref,1,0,forward
1337,What matters is that the terrorists believe that they caused the result and that they won by driving Spain out of Iraq.,What,what,PRON,PronType=Rel,1,7,believe,believe,VERB,6,nsubj:outer,outer,2:nsubj;7:nsubj:outer,2,2,forward
1338,"The Spanish story will surely end up being extremely costly to other European countries, including France, who is now expelling inciting preachers and forbidding veils and including others who sent troops to Iraq.",who,who,PRON,PronType=Rel,19,22,expelling,expel,VERB,3,nsubj,NONE,17:ref,1,0,forward
1338,"The Spanish story will surely end up being extremely costly to other European countries, including France, who is now expelling inciting preachers and forbidding veils and including others who sent troops to Iraq.",who,who,PRON,PronType=Rel,31,32,sent,send,VERB,1,nsubj,NONE,30:ref,1,0,forward
1342,"If democracy is just free elections, it is likely that the most fanatic regime will be elected, the one whose incitement and fabrications are the most inflammatory.",whose,whose,PRON,Poss=Yes|PronType=Rel,22,23,incitement,incitement,NOUN,1,nmod:poss,poss,21:ref,1,0,forward
1345,"On the other hand, a certain transition democracy, as in Jordan, may be a better temporary solution, paving the way for the real thing, perhaps in the same way that an immediate sudden democracy did not work in Russia and would not have worked in China.",that,that,PRON,PronType=Rel,35,42,work,work,VERB,7,obl:unmarked,unmarked,34:ref,1,0,forward
1353,A key question is how they acquired the anthrax strain first isolated by the Texas Veterinary Medical Diagnostic Lab in 1980.,how,how,ADV,PronType=Int,5,7,acquired,acquire,VERB,2,advmod,NONE,7:advmod,1,0,forward
1354,"According to senior counter terrorism officials, both here and abroad, among the supporters of these militant islamists were people who blended into society and were available to act when another part of the network requested it.",who,who,PRON,PronType=Rel,22,23,blended,blend,VERB,1,nsubj,NONE,21:ref,1,0,forward
1354,"According to senior counter terrorism officials, both here and abroad, among the supporters of these militant islamists were people who blended into society and were available to act when another part of the network requested it.",when,when,ADV,PronType=Int,31,37,requested,request,VERB,6,advmod,NONE,37:advmod,1,0,forward
1358,"An early September 2003 Newsweek article included a rumor by a Taliban source that at a meeting in April 2003 Bin Laden was planning an ""unbelievable"" biological attack, the plans for which had suffered a setback upon the arrest of Khalid Shaikh Mohammed (""KSM"").",which,which,PRON,PronType=Rel,35,33,plans,plan,NOUN,2,nmod,NONE,30:ref,1,0,backward
1363,"On August 9, 2004, it was announced that in the Spring of 2001, a man named El-Shukrijumah, also known as Jafar the Pilot, who was part of a ""second wave,"" had been casing New York City helicopters.",who,who,PRON,PronType=Rel,31,33,part,part,NOUN,2,nsubj,NONE,18:ref,1,0,forward
1371,"""The Prophet's guidance,"" says Michael Scheuer, an al-Qaeda analyst who recently retired from the CIA and once headed its Bin Laden unit, ""was always, Before you attack someone, warn them very clearly..."" The anthrax mailings followed the pattern of letters they sent in January 1997 to newspaper branches in Washington, D.C. and New York City, as well as symbolic targets.",who,who,PRON,PronType=Rel,17,19,retired,retire,VERB,2,nsubj,NONE,16:ref,1,0,forward
1374,"What your morning paper did not tell you, however, was that the CIA seized a similar disc from Ayman Zawahiri's right-hand, Ahmed Salama Mabruk, 5 years earlier.",What,what,PRON,PronType=Rel,1,16,seized,seize,VERB,15,nsubj:outer,outer,7:obj;16:nsubj:outer,2,2,forward
1374,"What your morning paper did not tell you, however, was that the CIA seized a similar disc from Ayman Zawahiri's right-hand, Ahmed Salama Mabruk, 5 years earlier.",however,however,ADV,_,10,16,seized,seize,VERB,6,advmod,NONE,16:advmod,1,1,forward
1377,There is a risk that observers underestimate the time that Al Qaeda has had to make progress in such recruitment and research and development.,that,that,PRON,PronType=Rel,10,14,had,have,VERB,4,obj,NONE,9:ref,1,0,forward
1380,"There is an e-mail by Moussaoui, however, dated July 31, 2001 indicating that he sought to take a crop dusting course that was to last up to 6 months.",however,however,ADV,_,8,2,is,be,VERB,6,advmod,NONE,2:advmod,1,0,backward
1380,"There is an e-mail by Moussaoui, however, dated July 31, 2001 indicating that he sought to take a crop dusting course that was to last up to 6 months.",that,that,PRON,PronType=Rel,25,28,last,last,VERB,3,nsubj,NONE,24:ref,1,1,forward
1382,"Although Ramzi Binalshibh provided him $14,000 in July, accused September 11 conspirator Zacarias Moussaoui told his trial judge that he had an al Qaeda mission that would have come after the terrorist attacks.",that,that,PRON,PronType=Rel,28,31,come,come,VERB,3,nsubj,NONE,27:ref,1,0,forward
1385,"Al Qaeda's regional operative, Hambali, who was at a key January 2000 meeting and supervised Sufaat, has been captured.",who,who,PRON,PronType=Rel,9,16,meeting,meeting,NOUN,7,nsubj,NONE,5:ref,1,1,forward
1388,It was as part of that surveillance in early 2001 that Jafar the Pilot studied tourist helicopters in the NYC area.,that,that,PRON,PronType=Rel,11,15,studied,study,VERB,4,obl,NONE,4:ref,1,0,forward
1389,"Sufaat, according to both KSM and Hambali, did not have the virulent US Army Ames strain that would be used.",that,that,PRON,PronType=Rel,19,22,used,use,VERB,3,nsubj:pass,pass,18:ref,1,0,forward
1390,That would require someone who had access to the strain.,who,who,PRON,PronType=Rel,5,6,had,have,VERB,1,nsubj,NONE,4:ref,1,0,forward
1391,"But if experience is any guide, nothing would stand in the way of Dr. Ayman Zawahiri's decade-long quest to weaponize and use anthrax against US targets that was described by one confidante to an Egyptian newspaper reporter.",that,that,PRON,PronType=Rel,31,33,described,describe,VERB,2,nsubj:pass,pass,22:ref,1,0,forward
1395,"""What we know is that he's always said it was a religious obligation to have the same weapons as their enemies,"" former CIA OBL unit counter terrorism chief Michael Scheuer has said.",What,what,PRON,PronType=Rel,2,10,said,say,VERB,8,nsubj:outer,outer,4:obj;10:nsubj:outer,2,2,forward
1396,"The Wall Street Journal reported that a computer used by Zawahiri contains a June 1999 memo that ""said the program should seek cover and talent in educational institutions, which it said were 'more beneficial to us and allow easy access to specialists, which will greatly benefit us in the first stage, God willing.' ''",that,that,PRON,PronType=Rel,17,19,said,say,VERB,2,nsubj,NONE,16:ref,1,0,forward
1396,"The Wall Street Journal reported that a computer used by Zawahiri contains a June 1999 memo that ""said the program should seek cover and talent in educational institutions, which it said were 'more beneficial to us and allow easy access to specialists, which will greatly benefit us in the first stage, God willing.' ''",which,which,PRON,PronType=Rel,31,37,beneficial,beneficial,ADJ,6,nsubj,NONE,29:ref,1,1,forward
1396,"The Wall Street Journal reported that a computer used by Zawahiri contains a June 1999 memo that ""said the program should seek cover and talent in educational institutions, which it said were 'more beneficial to us and allow easy access to specialists, which will greatly benefit us in the first stage, God willing.' ''",which,which,PRON,PronType=Rel,47,50,benefit,benefit,VERB,3,nsubj,NONE,43:ref,1,0,forward
1400,A key question is how they acquired the anthrax strain first isolated by the Texas Veterinary Medical Diagnostic Lab in 1980.,how,how,ADV,PronType=Int,5,7,acquired,acquire,VERB,2,advmod,NONE,7:advmod,1,0,forward
1401,"According to senior counter terrorism officials, both here and abroad, among the supporters of these militant islamists were people who blended into society and were available to act when another part of the network requested it.",who,who,PRON,PronType=Rel,22,23,blended,blend,VERB,1,nsubj,NONE,21:ref,1,0,forward
1401,"According to senior counter terrorism officials, both here and abroad, among the supporters of these militant islamists were people who blended into society and were available to act when another part of the network requested it.",when,when,ADV,PronType=Int,31,37,requested,request,VERB,6,advmod,NONE,37:advmod,1,0,forward
1408,"Wherever he is, authorities need to focus on the traceable connection between him and those he or Atef recruited.",Wherever,wherever,ADV,PronType=Int,1,6,need,need,VERB,5,advcl,NONE,6:advcl,1,0,forward
1409,"In October 2001, did the FBI profilers know of the draft message Khalid Mohammed had on the seized laptop (from 1995) that was signed ""Khalid Sheik Bojinka""?",that,that,PRON,PronType=Rel,25,27,signed,sign,VERB,2,nsubj:pass,pass,13:ref,1,0,forward
1415,"The same week, the WTC head testified that while they had not received any briefing on the use of planes, they had taken steps to prepare for an attack using anthrax based on intelligence that had been received.",that,that,PRON,PronType=Rel,37,40,received,receive,VERB,3,nsubj:pass,pass,36:ref,1,0,forward
1416,"Al Qaeda has had anthrax, the raw seed product in its unweaponized form, since at least 1997, when it was purchased by Bin Laden through the Moro Islamic Liberation Front (""Moro Front"" or ""MILF"").",when,when,ADV,PronType=Rel,21,24,purchased,purchase,VERB,3,advmod,NONE,19:ref,1,0,forward
1422,A recently released islamist who had been a close associate of Zawahiri said that Zawahiri spent a decade and had made 15 separate attempts to recruit the necessary expertise to weaponize anthrax in Russia and the Middle East.,who,who,PRON,PronType=Rel,5,10,associate,associate,NOUN,5,nsubj,NONE,4:ref,1,0,forward
1424,"There was lax control over the distribution of the Ames strain that was used, especially in light of the fact that transfers were not even required to be recorded prior to 1997.",that,that,PRON,PronType=Rel,12,14,used,use,VERB,2,nsubj:pass,pass,11:ref,1,0,forward
1425,"Significantly, the individual who isolated it nearly a quarter century ago (now retired), upon being contacted, does not even report that he necessarily sent the only copy of the strain to Ft. Detrick.",who,who,PRON,PronType=Rel,5,6,isolated,isolate,VERB,1,nsubj,NONE,4:ref,1,0,forward
1427,"In Fall 2004, MSNBC, relying on an unnamed FBI spokesperson, reports that the FBI has narrowed the pool of labs known to have had Ames that was a match from 16 to 4 but cannot rule out that it was made overseas.",that,that,PRON,PronType=Rel,29,32,match,match,NOUN,3,nsubj,NONE,28:ref,1,0,forward
1434,"It is far simpler, however, to achieve a trillion spore concentration in the production of a few grams than in industrial processing typical of a state sponsored lab.",however,however,ADV,_,6,4,simpler,simple,ADJ,2,advmod,NONE,4:advmod,1,0,backward
1436,"The reported finding at Dugway undermines the argument of both the ""bomb Iraq"" crowd and the liberals focused on Dr. Steve Hatfill who object to US biodefense research because they view it as being useful for offensive purposes.",who,who,PRON,PronType=Rel,25,26,object,object,VERB,1,nsubj,NONE,19:ref,1,0,forward
1446,"Zacarias Moussaoui, who had a crop dusting manual when he was arrested, stayed at Sufaat's condominium in 2000 when he was trying to arrange for flight lessons in Malaysia.",who,who,PRON,PronType=Rel,4,5,had,have,VERB,1,nsubj,NONE,1:ref,1,0,forward
1446,"Zacarias Moussaoui, who had a crop dusting manual when he was arrested, stayed at Sufaat's condominium in 2000 when he was trying to arrange for flight lessons in Malaysia.",when,when,ADV,PronType=Int,10,13,arrested,arrest,VERB,3,advmod,NONE,13:advmod,1,0,forward
1446,"Zacarias Moussaoui, who had a crop dusting manual when he was arrested, stayed at Sufaat's condominium in 2000 when he was trying to arrange for flight lessons in Malaysia.",when,when,ADV,PronType=Int,22,25,trying,try,VERB,3,advmod,NONE,25:advmod,1,0,forward
1453,"Newsweek reported that a ""second wave"" involving biological attacks had been thwarted upon the arrest of Al Qaeda members who had been intended to provide logistical support.",who,who,PRON,PronType=Rel,22,25,intended,intend,VERB,3,nsubj:pass,pass,21:ref,1,0,forward
1457,"Yet all you read about at the time was the arrest of the son Ahmed Abdul Qadoos, who receives a stipend from the UN for being officially low-IQ due to lead poisoning.",who,who,PRON,PronType=Rel,19,20,receives,receive,VERB,1,nsubj,NONE,14:ref,1,0,forward
1458,"It was Khalid Mohammed who told authorities about Aafia Siddiqui, who has a PhD from Brandeis in neurology.",who,who,PRON,PronType=Rel,5,6,told,tell,VERB,1,nsubj,NONE,3:ref,1,0,forward
1458,"It was Khalid Mohammed who told authorities about Aafia Siddiqui, who has a PhD from Brandeis in neurology.",who,who,PRON,PronType=Rel,12,13,has,have,VERB,1,nsubj,NONE,9:ref,1,0,forward
1460,"If mistaken, how did those reports first come about?",how,how,ADV,PronType=Int,4,9,come,come,VERB,5,advmod,NONE,9:advmod,1,0,forward
1477,"There still is a very hot pursuit of the ""Atta-level"" Floridian, Adnan El Shukrijumah, who Siddiqui is thought to have known and been assisting.",who,who,PRON,PronType=Rel,21,27,known,know,VERB,6,obj,NONE,15:ref,1,2,forward
1481,He allegedly was at one or more meetings in the Summer of 2001 in Pakistan at which KSM and Sufaat were present.,which,which,PRON,PronType=Rel,17,22,present,present,ADJ,5,obl,NONE,8:ref,1,0,forward
1482,"He may have been seen in Hamilton, Canada -- along with Egyptian al-Maati, who apparently also has received pilot training.",who,who,PRON,PronType=Rel,18,22,received,receive,VERB,4,nsubj,NONE,14:ref,1,0,forward
1490,"Iraq, however, remains a possible source of the Ames.",however,however,ADV,_,3,5,remains,remain,VERB,2,advmod,NONE,5:advmod,1,0,forward
1492,"(His conclusion may have been based on the fake mobile biolab plans foisted upon the US by the Chalabi associate ""Curveball"", which Alibek divined to be identical to Russian mobile lab design).",which,which,PRON,PronType=Rel,26,28,divined,divine,VERB,2,obj,NONE,13:ref,1,0,forward
1504,"In late September 2001, it was announced that the President was seeking a blanket waiver that would lift all restrictions on aid to military and security units in connection with pursuing the militant islamists.",that,that,PRON,PronType=Rel,17,19,lift,lift,VERB,2,nsubj,NONE,16:ref,1,0,forward
1513,"Most of the ""talking heads"" on television, however, knew only that Daschle and Leahy were liberal democrats and did not know anything of Al Qaeda beyond what they read in the US newspapers.",however,however,ADV,_,11,13,knew,know,VERB,2,advmod,NONE,13:advmod,1,0,forward
1513,"Most of the ""talking heads"" on television, however, knew only that Daschle and Leahy were liberal democrats and did not know anything of Al Qaeda beyond what they read in the US newspapers.",what,what,PRON,PronType=Int,31,33,read,read,VERB,2,obj,NONE,33:obj,1,0,forward
1516,"The media has tended to overlook the fact that when the FBI uses the word ""domestic"" the word includes a US-based, highly-educated supporter of the militant islamists.",when,when,ADV,PronType=Int,10,13,uses,use,VERB,3,advmod,NONE,13:advmod,1,0,forward
1526,The purpose of the letter bombs -- which resulted in minimal casualty -- was to send a message.,which,which,PRON,PronType=Rel,8,9,resulted,result,VERB,1,nsubj,NONE,6:ref,1,0,forward
1532,"Two bombs were also sent to Leavenworth, where a key WTC 1993 defendant was imprisoned, addressed to ""Parole Officer.""",where,where,ADV,PronType=Rel,9,16,imprisoned,imprison,VERB,7,advmod,NONE,7:ref,1,1,forward
1542,"According to the controversial ""Feith memo,"" which summarized purported intelligence showing an Iraqi/Al Qaeda connection, Osama Bin Laden had asked Iraqi intelligence for technical assistance in sending letter bombs a half year before the Al Hayat letters were sent.",which,which,PRON,PronType=Rel,10,11,summarized,summarize,VERB,1,nsubj,NONE,7:ref,1,0,forward
1549,"In the very interview in which they admitted 9/11, and described the codes used for the four targets for the planes, the masterminds admitted to the Jenny code, the code for representing the date 9/11, and used the symbolism of the ""Green Birds.""",which,which,PRON,PronType=Rel,6,8,admitted,admit,VERB,2,obl,NONE,4:ref,1,0,forward
1551,"A FAQ on the Azzam Publications website explained that ""In the Hearts of Green Birds"" refers to what is inside.",what,what,PRON,PronType=Rel,20,18,refers,refer,VERB,2,obl,NONE,18:obl:to;22:nsubj,2,0,backward
1553,"A May 2001 letter that Zawahiri sent to Egyptian Islamic Jihad members abroad establish that Zawahiri used ""school"" as a code word for the Egyptian militant islamists in his correspondence.",that,that,PRON,PronType=Rel,5,7,sent,send,VERB,2,obj,NONE,4:ref,1,0,forward
1558,"The sender probably is announcing that he is of either Egyptian Islamic Jihad, Egyptian Islamic Group or Jihad-al Qaeda, which is actually the full name of the group after the merger of the Egyptian Islamic Jihad and al Qaeda.",which,which,PRON,PronType=Rel,24,29,name,name,NOUN,5,nsubj,NONE,19:ref,1,0,forward
1559,"At the Darunta complex where jihadis trained, recruits would wear green uniforms, except for Friday when they were washed.",where,where,ADV,PronType=Rel,5,7,trained,train,VERB,2,advmod,NONE,4:ref,1,0,forward
1559,"At the Darunta complex where jihadis trained, recruits would wear green uniforms, except for Friday when they were washed.",when,when,ADV,PronType=Rel,18,21,washed,wash,VERB,3,advmod,NONE,17:ref,1,0,forward
1560,In a Hadith the Messenger of Allah explains that the souls of the martyrs are in the hearts of green birds that fly wherever they please in the Paradise.,that,that,PRON,PronType=Rel,22,23,fly,fly,VERB,1,nsubj,NONE,21:ref,1,0,forward
1560,In a Hadith the Messenger of Allah explains that the souls of the martyrs are in the hearts of green birds that fly wherever they please in the Paradise.,wherever,wherever,ADV,PronType=Rel,24,23,fly,fly,VERB,1,advmod,NONE,23:advmod;26:advmod,2,0,backward
1562,The public information mostly relates to those suspected sleepers who have been detained or who are at large and are being sought.,who,who,PRON,PronType=Rel,10,13,detained,detain,VERB,3,nsubj:pass,pass,9:ref,1,0,forward
1562,The public information mostly relates to those suspected sleepers who have been detained or who are at large and are being sought.,who,who,PRON,PronType=Rel,15,18,large,large,ADJ,3,nsubj,NONE,9:ref,1,0,forward
1565,What mosques exactly did they visit and who did they meet?,What,what,DET,PronType=Int,1,2,mosques,mosque,NOUN,1,det,NONE,2:det,1,0,forward
1565,What mosques exactly did they visit and who did they meet?,who,who,PRON,PronType=Int,8,11,meet,meet,VERB,3,obj,NONE,11:obj,1,0,forward
1566,"Whatever your political persuasion, the FBI and CIA deserve our support.",Whatever,whatever,PRON,PronType=Int,1,10,deserve,deserve,VERB,9,advcl,NONE,10:advcl,1,0,forward
1568,"First, the nature of such an investigation is that we lack sufficient information to second-guess (or even know) what the FBI is doing.",what,what,PRON,PronType=Int,24,28,doing,do,VERB,4,obj,NONE,28:obj,1,0,forward
1580,"The judge, frustrated by the apparent lack of progress, encouraged that the parties reach a negotiated compromise that would permit some limited discovery to proceed (and the judge has directed that the government to file an Answer to the Complaint).",that,that,PRON,PronType=Rel,20,22,permit,permit,VERB,2,nsubj,NONE,19:ref,1,0,forward
1582,"Given the regrettable leaks that he was under suspicion, it is only fair that the FBI leak with equal enthusiasm the fact that Dr. Hatfill has now been dropped as a suspect if and when that proves to be the case.",when,when,ADV,PronType=Int,36,34,if,if,SCONJ,2,conj,NONE,34:conj:and;38:advmod,2,0,backward
1587,"He will make sure that we do not request FX and inflation (CPI,PPI, etc.) curves when only one of the curves will actually be used in the valuation process and to determine which inflation index is needed.",when,when,ADV,PronType=Int,21,30,used,use,VERB,9,advmod,NONE,30:advmod,1,0,forward
1587,"He will make sure that we do not request FX and inflation (CPI,PPI, etc.) curves when only one of the curves will actually be used in the valuation process and to determine which inflation index is needed.",which,which,DET,PronType=Int,38,40,index,index,NOUN,2,det,NONE,40:det,1,0,forward
1590,"For now, this is the list of countries for which we will probably need the FX and/or inflation curves.",which,which,PRON,PronType=Rel,11,15,need,need,VERB,4,obl,NONE,9:ref,1,0,forward
1608,Please send us the list of the curves that you will need to revalue our international assets for the August Board meeting.,that,that,PRON,PronType=Rel,9,12,need,need,VERB,3,obj,NONE,8:ref,1,0,forward
1616,"Just a quick message to follow up on the email that I sent you recently inviting you to speak at our forthcoming congress, Risk 2001 Australia, which is taking place in Sydney on 20 & 21 August 2001.",that,that,PRON,PronType=Rel,11,13,sent,send,VERB,2,obj,NONE,10:ref,1,0,forward
1616,"Just a quick message to follow up on the email that I sent you recently inviting you to speak at our forthcoming congress, Risk 2001 Australia, which is taking place in Sydney on 20 & 21 August 2001.",which,which,PRON,PronType=Rel,29,31,taking,take,VERB,2,nsubj,NONE,23:ref,1,0,forward
1638,"However, when we were talking about this position, Mike compared Sara to Elena.",However,however,ADV,_,1,12,compared,compare,VERB,11,advmod,NONE,12:advmod,1,1,forward
1638,"However, when we were talking about this position, Mike compared Sara to Elena.",when,when,ADV,PronType=Int,3,6,talking,talk,VERB,3,advmod,NONE,6:advmod,1,0,forward
1654,"We save $21,000 in real money this way, the cash refund Sun is giving Enron for our other server, using a box that wasn't being used by anyone.",that,that,PRON,PronType=Rel,26,30,used,use,VERB,4,nsubj:pass,pass,25:ref,1,0,forward
1663,I would have interest in meeting if you can present unique investment opportunities that I don't have access to now.,that,that,PRON,PronType=Rel,14,19,access,access,NOUN,5,nmod,NONE,13:ref,1,1,forward
1674,"However, with my natural long, I'm not looking to really trade around the position.",However,however,ADV,_,1,11,looking,look,VERB,10,advmod,NONE,11:advmod,1,0,forward
1676,I have price targets of where I would like to lighten up exposure to ENE and will use calls to implement the stategy.,where,where,ADV,PronType=Rel,6,4,targets,target,NOUN,2,nmod,NONE,4:nmod:of;11:advmod,2,0,backward
1696,Who cares??????,Who,who,PRON,PronType=Int,1,2,cares,care,VERB,1,nsubj,NONE,2:nsubj,1,0,forward
1716,What do you guys think.,What,what,PRON,PronType=Int,1,5,think,think,VERB,4,obj,NONE,5:obj,1,0,forward
1726,What do you guys think.,What,what,PRON,PronType=Int,1,5,think,think,VERB,4,obj,NONE,5:obj,1,0,forward
1737,"I understand all of those comparisons, however, the reality is if we lose Dean (which we will if we don't pay 65k + 10k), we will end up hiring a replacement at 75-80k.",however,however,ADV,_,8,35,end,end,VERB,27,advmod,NONE,35:advmod,1,5,forward
1737,"I understand all of those comparisons, however, the reality is if we lose Dean (which we will if we don't pay 65k + 10k), we will end up hiring a replacement at 75-80k.",which,which,PRON,PronType=Rel,18,15,lose,lose,VERB,3,advcl:relcl,relcl,15:advcl:relcl,1,0,backward
1743,Juan communicated some numbers to me and when reviewing this request would like to ask you to consider the following:,when,when,ADV,PronType=Int,8,9,reviewing,review,VERB,1,advmod,NONE,9:advmod,1,0,forward
1758,"Secondly, he will still out price performers that you have in the same job group that are excellent and strong performers respectively eg. Paul Thomas, Jason Choate, Todd DeCook and Peter Makkai.",that,that,PRON,PronType=Rel,9,11,have,have,VERB,2,obj,NONE,8:ref,1,0,forward
1758,"Secondly, he will still out price performers that you have in the same job group that are excellent and strong performers respectively eg. Paul Thomas, Jason Choate, Todd DeCook and Peter Makkai.",that,that,PRON,PronType=Rel,17,22,performers,performer,NOUN,5,nsubj,NONE,8:ref,1,0,forward
1773,The conference will also discuss what it will take in legislative action and regulatory initiative to achieve an efficient regime for ensuring that the nation has a reliable grid and regional trading system.,what,what,PRON,PronType=Int,6,9,take,take,VERB,3,obj,NONE,9:obj,1,0,forward
1777,Who has the 2000 tax return file for 969?,Who,who,PRON,PronType=Int,1,2,has,have,VERB,1,nsubj,NONE,2:nsubj,1,0,forward
1789,How do you feel about taking on another company?,How,how,ADV,PronType=Int,1,4,feel,feel,VERB,3,advmod,NONE,4:advmod,1,0,forward
1800,Can you recommend where these companies each fit within the new organization?,where,where,ADV,PronType=Int,4,8,fit,fit,VERB,4,advmod,NONE,8:advmod,1,0,forward
1804,I have a few entities that may need to change groups or be assigned to a group.,that,that,PRON,PronType=Rel,6,8,need,need,VERB,2,nsubj,NONE,5:ref,1,0,forward
1833,Maybe this one should also go to them as the only tax which may have to be provided would be foreign tax.,which,which,PRON,PronType=Rel,13,15,have,have,VERB,2,nsubj,NONE,12:ref,1,0,forward
1845,How do you feel about taking on another company?,How,how,ADV,PronType=Int,1,4,feel,feel,VERB,3,advmod,NONE,4:advmod,1,0,forward
1856,Can you recommend where these companies each fit within the new organization?,where,where,ADV,PronType=Int,4,8,fit,fit,VERB,4,advmod,NONE,8:advmod,1,0,forward
1871,My concept is that overtime I would like to own one of all the following artists and they are all depending when I find something that we really like.,when,when,ADV,PronType=Int,23,25,find,find,VERB,2,advmod,NONE,25:advmod,1,0,forward
1871,My concept is that overtime I would like to own one of all the following artists and they are all depending when I find something that we really like.,that,that,PRON,PronType=Rel,27,30,like,like,VERB,3,obj,NONE,26:ref,1,0,forward
1873,They are kind of in rank order but as I stated if I find the piece that I like we will purchase it.,that,that,PRON,PronType=Rel,17,19,like,like,VERB,2,obj,NONE,16:ref,1,0,forward
1892,"By the way, I am interested in re-looking at a Picasso (although we have 2) that your gallery had a couple of years ago.",that,that,PRON,PronType=Rel,19,22,had,have,VERB,3,obj,NONE,12:ref,1,0,forward
1907,We'll find time when things settle down.,when,when,ADV,PronType=Int,5,7,settle,settle,VERB,2,advmod,NONE,7:advmod,1,0,forward
1917,"PS Your brother told me he went to 3 bowl games (when I found out that two of them were the galleryfurniture.com bowl and that one in Shreveport (I can't remember the name of it)) I realized he is a very, very sick college football fan.",when,when,ADV,PronType=Int,13,15,found,find,VERB,2,advmod,NONE,15:advmod,1,0,forward
1919,Please leave as a word document and make any changes and additions that you think necessary.,that,that,PRON,PronType=Rel,13,15,think,think,VERB,2,obj,NONE,10:ref,1,0,forward
1932,"PS Your brother told me he went to 3 bowl games (when I found out that two of them were the galleryfurniture.com bowl and that one in Shreveport (I can't remember the name of it)) I realized he is a very, very sick college football fan.",when,when,ADV,PronType=Int,13,15,found,find,VERB,2,advmod,NONE,15:advmod,1,0,forward
1935,"San Antonio, wow what a let down from the other cities.",what,what,DET,PronType=Int,5,8,down,down,NOUN,3,det:predet,predet,8:det:predet,1,0,forward
1941,"This Friday - Michael goes for a visit at St. Francis, which may be his new school (so far, so good).",which,which,PRON,PronType=Rel,13,18,school,school,NOUN,5,nsubj,NONE,11:ref,1,0,forward
1943,"Most Fridays I'm going to TRY to pick Michael up since I'm away so much, which means leaving by 445 or so.",which,which,PRON,PronType=Rel,19,20,means,mean,VERB,1,nsubj,NONE,9:ref,1,0,forward
1957,"Do we want to attach a draft of the Development Agreement, and condition the final deal on agreeing to terms substantially the same as what's in the draft?",what,what,PRON,PronType=Int,26,30,draft,draft,NOUN,4,nsubj,NONE,30:nsubj,1,0,forward
1960,"I'm looking for the confidentiality agreement, which may be in Bart's files (haven't checked closely yet).",which,which,PRON,PronType=Rel,9,15,files,file,NOUN,6,nsubj,NONE,7:ref,1,0,forward
1969,"Do we want to attach a draft of the Development Agreement, and condition the final deal on agreeing to terms substantially the same as what's in the draft?",what,what,PRON,PronType=Int,26,30,draft,draft,NOUN,4,nsubj,NONE,30:nsubj,1,0,forward
1972,"I'm looking for the confidentiality agreement, which may be in Bart's files (haven't checked closely yet).",which,which,PRON,PronType=Rel,9,15,files,file,NOUN,6,nsubj,NONE,7:ref,1,0,forward
1976,"On the issue of the contracts, the draft says that the $170m is paid when the EPC contract is signed.",when,when,ADV,PronType=Int,18,23,signed,sign,VERB,5,advmod,NONE,23:advmod,1,0,forward
1980,"1. The pricing that we have given CRRA is specific to FuelCell Energy and would not be meaningful without listing the manufacturer (i.e., ONSI would be a lot more money).",that,that,PRON,PronType=Rel,5,8,given,give,VERB,3,obj,NONE,4:ref,1,0,forward
1986,"Based on how CRRA reacts, I would make an ultimate determination if the agreement needs to be attached to the LOI.",how,how,ADV,PronType=Int,3,5,reacts,react,VERB,2,advmod,NONE,5:advmod,1,0,forward
1994,What are we going to get her?,What,what,PRON,PronType=Int,1,6,get,get,VERB,5,obj,NONE,6:obj,1,1,forward
2002,Your mama is so fat: When she hauls ass she has to make two trips.,When,when,ADV,PronType=Int,7,9,hauls,haul,VERB,2,advmod,NONE,9:advmod,1,0,forward
2003,When she dances she makes the band skip.,When,when,ADV,PronType=Int,1,3,dances,dance,VERB,2,advmod,NONE,3:advmod,1,0,forward
2004,When she was diagnosed with the flesh eating disease the doctor gave her 13 years to live.,When,when,ADV,PronType=Int,1,4,diagnosed,diagnose,VERB,3,advmod,NONE,4:advmod,1,0,forward
2007,When she goes to the zoo the elephants throw her peanuts.,When,when,ADV,PronType=Int,1,3,goes,go,VERB,2,advmod,NONE,3:advmod,1,0,forward
2012,"Yo mama`s so fat, all the restaurants in town have signs that say: ""Maximum Occupancy: 240 Patrons OR Yo Mama"" Yo mama`s so fat, when she ran away, they had to use all four sides of the milk carton.",that,that,PRON,PronType=Rel,14,15,say,say,VERB,1,nsubj,NONE,13:ref,1,0,forward
2012,"Yo mama`s so fat, all the restaurants in town have signs that say: ""Maximum Occupancy: 240 Patrons OR Yo Mama"" Yo mama`s so fat, when she ran away, they had to use all four sides of the milk carton.",when,when,ADV,PronType=Int,33,35,ran,run,VERB,2,advmod,NONE,35:advmod,1,0,forward
2014,"Yo mama`s so fat, when she gets in an elevator, it HAS to go down.",when,when,ADV,PronType=Int,7,9,gets,get,VERB,2,advmod,NONE,9:advmod,1,0,forward
2026,I told him I told you to call him back and at least hear what he has to say.,what,what,PRON,PronType=Rel,15,14,hear,hear,VERB,1,obj,NONE,14:obj;19:obj,2,0,backward
2027,He said they are looking for people and based on what I told him an interview was a formality.,what,what,PRON,PronType=Rel,11,19,formality,formality,NOUN,8,obl,NONE,13:obj;19:obl:on,2,1,forward
2029,Is that Microwave that you gave Dan really expensive?,that,that,PRON,PronType=Rel,4,6,gave,give,VERB,2,obj,NONE,3:ref,1,0,forward
2090,We are in the final stages of this process - where we draft a cover letter for John which will introduce this for inclusion within Globalflash ( the Enron Europe newsletter ),where,where,ADV,PronType=Rel,11,13,draft,draft,VERB,2,advmod,NONE,9:ref,1,0,forward
2090,We are in the final stages of this process - where we draft a cover letter for John which will introduce this for inclusion within Globalflash ( the Enron Europe newsletter ),which,which,PRON,PronType=Rel,19,21,introduce,introduce,VERB,2,nsubj,NONE,16:ref,1,0,forward
2094,"Meagan does have a couple of big things on the weekend in January -- National Charity League Senior Presentation (big dance that she and I are committed to help with), the Bearkadette Ball and a winter party for Cotillion.",that,that,PRON,PronType=Rel,23,30,help,help,VERB,7,obl,NONE,22:ref,1,2,forward
2104,How does late January sound to you.,How,how,ADV,PronType=Int,1,5,sound,sound,VERB,4,advmod,NONE,5:advmod,1,0,forward
2110,"Is there an article to be included in an Enron publication and in addition a letter to be sent under John's name (if so, to whom will the letter be sent)?",whom,whom,PRON,PronType=Int,29,34,sent,send,VERB,5,obl,NONE,34:obl:to,1,0,forward
2112,"With regard to a global message, I think that one of the key points around fundamental operating standards are that they are intended to be global in nature, applied to every commodity and every location where we engage in trading activities.",where,where,ADV,PronType=Rel,38,40,engage,engage,VERB,2,advmod,NONE,37:ref,1,0,forward
2118,"I don't believe that we are quite at the point that we can say that all business controllers worldwide have reviewed, understand and have implemented these standards.",that,that,PRON,PronType=Rel,12,15,say,say,VERB,3,obl:unmarked,unmarked,11:ref,1,0,forward
2123,So I question whether or not you want to publish info about fundamental standards that we can not yet report against.,that,that,PRON,PronType=Rel,15,20,report,report,VERB,5,obl,NONE,14:ref,1,0,forward
2124,Would a more appropriate time be after the Global Operations Controller meeting in October when we should have worldwide buy-in and commitment to these standards and (hopefully) our first draft of a meaningful exception report?,when,when,ADV,PronType=Rel,15,18,have,have,VERB,3,advmod,NONE,12:ref,1,0,forward
2134,Do you have a view on how we might be able to achieve this goal?,how,how,ADV,PronType=Int,7,11,able,able,ADJ,4,advmod,NONE,11:advmod,1,0,forward
2157,"Given the short notice, we will politely decline to participate at the hearing on Monday, but will let the good Senator know that, in general, we intend to engage actively in the process and plan to help California find a solution that works for everybody.",that,that,PRON,PronType=Rel,46,47,works,work,VERB,1,nsubj,NONE,45:ref,1,0,forward
2165,"There are still four important issues, however:",however,however,ADV,_,8,2,are,be,VERB,6,advmod,NONE,2:advmod,1,0,backward
2171,HR has already purchased a tool called CONFIRMIT that can execute anonymous surveys.,that,that,PRON,PronType=Rel,9,11,execute,execute,VERB,2,nsubj,NONE,6:ref,1,0,forward
2176,They are hoping Corp will foot the bill for a pilot which will allow them to fully test this tool before implementing it company-wide.,which,which,PRON,PronType=Rel,12,14,allow,allow,VERB,2,nsubj,NONE,11:ref,1,0,forward
2181,"Do we have a sense for how many we can reach, how many we can't and where they are?",how,how,ADV,PronType=Int,7,8,many,many,ADJ,1,advmod,NONE,8:advmod,1,0,forward
2181,"Do we have a sense for how many we can reach, how many we can't and where they are?",how,how,ADV,PronType=Int,13,14,many,many,ADJ,1,advmod,NONE,14:advmod,1,0,forward
2181,"Do we have a sense for how many we can reach, how many we can't and where they are?",where,where,ADV,PronType=Int,19,11,reach,reach,VERB,8,conj,NONE,5:acl:for;11:conj:and,2,0,backward
2182,Are whole offices (eg Tokyo) unreachable or is it only those who have home offices?,who,who,PRON,PronType=Rel,14,15,have,have,VERB,1,nsubj,NONE,13:ref,1,0,forward
2194,"Paul Kaufman has asked me to set a conference call to review the FERC Meeting that was held Thursday, Nov. 9th.",that,that,PRON,PronType=Rel,16,18,held,hold,VERB,2,nsubj:pass,pass,15:ref,1,0,forward
2205,the deal number is 814014-why can't you see this?,why,why,ADV,PronType=Int,7,11,see,see,VERB,4,advmod,NONE,11:advmod,1,0,forward
2217,Actually-upon second look the deal number is 814014-why can't you see this?,why,why,ADV,PronType=Int,12,16,see,see,VERB,4,advmod,NONE,16:advmod,1,0,forward
2226,Can you please confirm which price is correct and make the change in Sitara if necessary?,which,which,DET,PronType=Int,5,6,price,price,NOUN,1,det,NONE,6:det,1,0,forward
2238,actually -for volumes flowing out of bondad-which is deal number 763736 price is bondad gda;for blanco-deal number 759933-price is nonbondad gda,which,which,PRON,PronType=Rel,10,13,number,number,NOUN,3,nsubj,NONE,8:ref,1,0,forward
2241,Can you please confirm which price is correct and make the change in Sitara if necessary?,which,which,DET,PronType=Int,5,6,price,price,NOUN,1,det,NONE,6:det,1,0,forward
2258,actually -for volumes flowing out of bondad-which is deal number 763736 price is bondad gda;for blanco-deal number 759933-price is nonbondad gda,which,which,PRON,PronType=Rel,10,13,number,number,NOUN,3,nsubj,NONE,8:ref,1,0,forward
2261,Can you please confirm which price is correct and make the change in Sitara if necessary?,which,which,DET,PronType=Int,5,6,price,price,NOUN,1,det,NONE,6:det,1,0,forward
2281,When are we going to get NetMeeting going ?,When,when,ADV,PronType=Int,1,4,going,go,VERB,3,advmod,NONE,4:advmod,1,0,forward
2300,This email and any files transmitted with it from the ElPaso Corporation are confidential and intended solely for the use of the individual or entity to whom they are addressed.,whom,whom,PRON,PronType=Rel,27,30,addressed,address,VERB,3,obl,NONE,23:ref,1,0,forward
2310,I'm still trying to find out what it will take to move gas on and ENA tabs agreement.,what,what,PRON,PronType=Int,8,11,take,take,VERB,3,obj,NONE,11:obj,1,0,forward
2318,"By the way, Cullen and Dykman is sending copies of what we are doing to Melanie Gray.",what,what,PRON,PronType=Rel,12,10,copies,copy,NOUN,2,nmod,NONE,10:nmod:of;15:obj,2,0,backward
2321,This document has been modified with the changes that were in the mark-up you faxed to Toni Donohue here a few hours ago.,that,that,PRON,PronType=Rel,9,15,up,up,NOUN,6,nsubj,NONE,8:ref,1,0,forward
2329,"This email may contain material that is confidential, privileged and/or attorney work product for the sole use of the intended recipient(s).",that,that,PRON,PronType=Rel,6,8,confidential,confidential,ADJ,2,nsubj,NONE,5:ref,1,0,forward
2340,"Can you tell the free world just what enabled women here to achieve this reversal of roles?""",what,what,PRON,PronType=Int,8,9,enabled,enable,VERB,1,nsubj,NONE,9:nsubj,1,0,forward
2357,"I didn't feel guilty about the garage sale, that's why I was annoyed - being notified at 10:00 at night GRRRRRRR.",why,why,ADV,PronType=Rel,13,4,feel,feel,VERB,9,parataxis,NONE,4:parataxis;16:advmod,2,1,backward
2368,"We thought you might like to know who your colleagues find interesting, so we've provided a sampling of the suggestions below.",who,who,PRON,PronType=Int,8,11,find,find,VERB,3,obj,NONE,11:obj;12:nsubj:xsubj,2,0,forward
2381,"If you have any contacts who could help us get in touch with these guest speakers, please let us know at ethink@enron.com.",who,who,PRON,PronType=Rel,6,8,help,help,VERB,2,nsubj,NONE,5:ref,1,0,forward
2433,How can we arrange it?,How,how,ADV,PronType=Int,1,4,arrange,arrange,VERB,3,advmod,NONE,4:advmod,1,0,forward
2443,I shall invite some people who work on electricity in my group to join me.,who,who,PRON,PronType=Rel,6,7,work,work,VERB,1,nsubj,NONE,5:ref,1,0,forward
2451,How is the site doing?,How,how,ADV,PronType=Int,1,5,doing,do,VERB,4,advmod,NONE,5:advmod,1,0,forward
2455,I'm very proud of what we've done.,what,what,PRON,PronType=Rel,6,4,proud,proud,ADJ,2,obl,NONE,4:obl:of;9:obj,2,0,backward
2465,"Please, let me know what time would work for you.",what,what,DET,PronType=Int,6,7,time,time,NOUN,1,det,NONE,7:det,1,0,forward
2472,what do you think?,what,what,PRON,PronType=Int,1,4,think,think,VERB,3,obj,NONE,4:obj,1,0,forward
2486,I am going to find out how much line we currently have available... you probably already have this.,how,how,ADV,PronType=Int,7,8,much,much,ADJ,1,advmod,NONE,8:advmod,1,0,forward
2487,"We should allocate a piece to Global which would solve the problem of other Cargill people using the line, putting us over the limit, without me knowing...",which,which,PRON,PronType=Rel,8,10,solve,solve,VERB,2,nsubj,NONE,3:ref,1,0,forward
2512,I wanted to follow up with you regarding the creation and approval of ISDA Confirmations for the following equity trades that I understand Laurel had discussed with you previously.,that,that,PRON,PronType=Rel,21,26,discussed,discuss,VERB,5,obj,NONE,20:ref,1,1,forward
2521,"""Other Provisions: On each Payment Date, [ENA] shall pay [a fee of] [an amount equal to] USD{38,000?], which amount shall be subject to the netting provisions of the [Master Agreement - how do you refer to the agreement?]""",which,which,DET,PronType=Rel,32,33,amount,amount,NOUN,1,det,NONE,33:det,1,0,forward
2521,"""Other Provisions: On each Payment Date, [ENA] shall pay [a fee of] [an amount equal to] USD{38,000?], which amount shall be subject to the netting provisions of the [Master Agreement - how do you refer to the agreement?]""",how,how,ADV,PronType=Int,47,50,refer,refer,VERB,3,advmod,NONE,50:advmod,1,0,forward
2528,What person(s) in London prepares credit for the English and Singapore financial transactions?,What,what,DET,PronType=Int,1,2,person,person,NOUN,1,det,NONE,2:det,1,0,forward
2542,"The change is mainly on the Settlement Date text, which instead of ""...Two business days after the date of the Transaction..."" shall read as follow:",which,which,PRON,PronType=Rel,11,28,read,read,VERB,17,nsubj,NONE,9:ref,1,1,forward
2544,"A currency Transaction with Enron Europe Finance & Trading Limited (""EEFTL"") as agent for Risk Management & Trading Corp. under which either (A) for the case in which Counterparty submits an offer to buy from EEFTL, Counterparty shall receive the Base Currency Amount and shall pay the Foreign Currency Amount, or (B) for the case in which Counterparty submits an offer to sell to EEFTL, Counterparty shall pay the Base Currency Amount and shall receive the Foreign Currency Amount.",which,which,PRON,PronType=Rel,25,46,receive,receive,VERB,21,obl,NONE,3:ref,1,3,forward
2544,"A currency Transaction with Enron Europe Finance & Trading Limited (""EEFTL"") as agent for Risk Management & Trading Corp. under which either (A) for the case in which Counterparty submits an offer to buy from EEFTL, Counterparty shall receive the Base Currency Amount and shall pay the Foreign Currency Amount, or (B) for the case in which Counterparty submits an offer to sell to EEFTL, Counterparty shall pay the Base Currency Amount and shall receive the Foreign Currency Amount.",which,which,PRON,PronType=Rel,34,36,submits,submit,VERB,2,obl,NONE,32:ref,1,0,forward
2544,"A currency Transaction with Enron Europe Finance & Trading Limited (""EEFTL"") as agent for Risk Management & Trading Corp. under which either (A) for the case in which Counterparty submits an offer to buy from EEFTL, Counterparty shall receive the Base Currency Amount and shall pay the Foreign Currency Amount, or (B) for the case in which Counterparty submits an offer to sell to EEFTL, Counterparty shall pay the Base Currency Amount and shall receive the Foreign Currency Amount.",which,which,PRON,PronType=Rel,67,69,submits,submit,VERB,2,obl,NONE,65:ref,1,0,forward
2550,The unit of measure against which the price is quoted shall be US Dollars.,which,which,PRON,PronType=Rel,6,10,quoted,quote,VERB,4,obl,NONE,2:ref,1,0,forward
2554,I need to have a form filled out that says I don't have health insurance coverage through Enron.,that,that,PRON,PronType=Rel,9,10,says,say,VERB,1,nsubj,NONE,6:ref,1,0,forward
2555,Can you find out who I need to send it to in HR?,who,who,PRON,PronType=Int,5,7,need,need,VERB,2,obj,NONE,7:obj;9:nsubj:xsubj,2,0,forward
2566,"I was planning to be on vacation anyway, but I may have some accessibility challenges in Ft. Worth which I would not have had otherwise.",which,which,PRON,PronType=Rel,20,25,had,have,VERB,5,obj,NONE,16:ref,1,0,forward
2582,"I was planning to be on vacation anyway, but I may have some accessibility challenges in Ft. Worth which I would not have had otherwise.",which,which,PRON,PronType=Rel,20,25,had,have,VERB,5,obj,NONE,16:ref,1,0,forward
2599,"Yes, but this time it is his carotid artery - the one that transports blood to the brain.",that,that,PRON,PronType=Rel,14,15,transports,transport,VERB,1,nsubj,NONE,13:ref,1,0,forward
2610,"I was planning to be on vacation anyway, but I may have some accessibility challenges in Ft. Worth which I would not have had otherwise.",which,which,PRON,PronType=Rel,20,25,had,have,VERB,5,obj,NONE,16:ref,1,0,forward
2621,The ones that I made changes to are in red.,that,that,PRON,PronType=Rel,3,5,made,make,VERB,2,obl,NONE,2:ref,1,0,forward
2656,Peggy Banczak is the ENA lawyer who handles Mexico.,who,who,PRON,PronType=Rel,7,8,handles,handle,VERB,1,nsubj,NONE,6:ref,1,0,forward
2675,"As we are living in an age where intellectual capital is so valuable, it is important for every young person to obtain the very best possible education they can.",where,where,ADV,PronType=Rel,8,13,valuable,valuable,ADJ,5,advmod,NONE,7:ref,1,0,forward
2685,"I am looking forward to seeing Ginger ""Rees"" Copeland when she comes to Houston.",when,when,ADV,PronType=Int,12,14,comes,come,VERB,2,advmod,NONE,14:advmod,1,0,forward
2699,"In the next week or so, we'll be sending around a discussion paper which we hope crystallizes the issues, and we will try to talk to as many of you as possible before the meeting to go through it.",which,which,PRON,PronType=Rel,16,19,crystallizes,crystallize,VERB,3,nsubj,NONE,15:ref,1,1,forward
2701,"There are three possible dates for the meeting, which I suggest be in two parts -- first, a meeting among the panel only from 5:00-6:30 p.m., and then a dinner with Chairman Levitt from 6:30-8:30 p.m.",which,which,PRON,PronType=Rel,10,16,parts,part,NOUN,6,nsubj,NONE,8:ref,1,1,forward
2703,Could you please let us know which of these would be possible for you:,which,which,PRON,PronType=Int,7,12,possible,possible,ADJ,5,nsubj,NONE,12:nsubj,1,0,forward
2711,Ken said to go ahead and equip it with what you think it should have.,what,what,PRON,PronType=Rel,10,7,equip,equip,VERB,3,obl,NONE,7:obl:with;15:obj,2,0,backward
2712,Please let me know when he can expect to receive it.,when,when,ADV,PronType=Int,5,8,expect,expect,VERB,3,advmod,NONE,8:advmod,1,0,forward
2720,"Unfortunately, Mr. Lay will be in San Jose, CA participating in a conference, where he is a speaker, on June 14.",where,where,ADV,PronType=Rel,17,21,speaker,speaker,NOUN,4,advmod,NONE,15:ref,1,0,forward
2724,Recently Charles Miller and David Dewhurst sent you an invitation to a reception which they are hosting on Wed. 6/14 at 5:00 PM to be held at the Houston Petroleum Club.,which,which,PRON,PronType=Rel,14,17,hosting,host,VERB,3,obj,NONE,13:ref,1,0,forward
2735,"By return email, please verify that you received this message and let us know if there is another email address that you prefer us to use.",that,that,PRON,PronType=Rel,22,27,use,use,VERB,5,obj,NONE,21:ref,1,2,forward
2741,"Although this email and any attachments are believed to be free of any virus or other defect that might affect any computer system into which it is received and opened, it is the responsibility of the recipient to ensure that it is virus free and no responsibility is accepted by Century Development or any of its affiliates for any loss or damage arising in any way from its use.",that,that,PRON,PronType=Rel,18,20,affect,affect,VERB,2,nsubj,NONE,14:ref,1,0,forward
2741,"Although this email and any attachments are believed to be free of any virus or other defect that might affect any computer system into which it is received and opened, it is the responsibility of the recipient to ensure that it is virus free and no responsibility is accepted by Century Development or any of its affiliates for any loss or damage arising in any way from its use.",which,which,PRON,PronType=Rel,25,28,received,receive,VERB,3,obl,NONE,23:ref,1,0,forward
2751,Could you tell me what deal tickets you are seeing?,what,what,DET,PronType=Int,5,7,tickets,ticket,NOUN,2,det,NONE,7:det,1,0,forward
2793,She still has some sort of scholarship but I am not for sure how much it pays.,how,how,ADV,PronType=Int,14,15,much,much,ADJ,1,advmod,NONE,15:advmod,1,0,forward
2809,I am half way through the first and you can borrow it when I am through.,when,when,ADV,PronType=Int,13,16,through,through,ADV,3,advmod,NONE,16:advmod,1,0,forward
2818,What's happening?,What,what,PRON,PronType=Int,1,3,happening,happen,VERB,2,nsubj,NONE,3:nsubj,1,0,forward
2823,What do you think?,What,what,PRON,PronType=Int,1,4,think,think,VERB,3,obj,NONE,4:obj,1,0,forward
2824,"If that's ok, how do you want your name to show up on the title and what address should I use?",how,how,ADV,PronType=Int,6,13,show,show,VERB,7,advmod,NONE,13:advmod,1,1,forward
2824,"If that's ok, how do you want your name to show up on the title and what address should I use?",what,what,DET,PronType=Int,19,20,address,address,NOUN,1,det,NONE,20:det,1,0,forward
2826,How many of Dad's shares do you have?,How,how,ADV,PronType=Int,1,2,many,many,ADJ,1,advmod,NONE,2:advmod,1,0,forward
2836,I believe that Doug told me the extra was for the cashout that was not invoiced.,that,that,PRON,PronType=Rel,13,16,invoiced,invoice,VERB,3,nsubj:pass,pass,12:ref,1,0,forward
2872,Let me know what you think.,what,what,PRON,PronType=Int,4,6,think,think,VERB,2,obj,NONE,6:obj,1,0,forward
2884,"Otherwise, we can see who we can scare up at the office, or you can have Laura sign and I'll initial later.",who,who,PRON,PronType=Int,6,9,scare,scare,VERB,3,obj,NONE,9:obj,1,0,forward
2885,Which do you prefer?,Which,which,PRON,PronType=Int,1,4,prefer,prefer,VERB,3,obj,NONE,4:obj,1,0,forward
2888,"If not, is there someone else that will?",that,that,PRON,PronType=Rel,8,9,will,will,AUX,1,nsubj,NONE,6:ref,1,0,forward
2898,"However, he did suggest a couple slight revisions to protect Enron's interests.",However,however,ADV,_,1,5,suggest,suggest,VERB,4,advmod,NONE,5:advmod,1,0,forward
2899,1) Highlighting that information will only be provided that is related to enovate and 2) that each designated representative should sign an appropriate confidentiality agreement.,that,that,PRON,PronType=Rel,10,12,related,related,ADJ,2,nsubj,NONE,5:ref,1,0,forward
2901,"My goal, however optimistic, is to execute the risk policy by the end of today.",however,however,ADV,PronType=Int,4,5,optimistic,optimistic,ADJ,1,advmod,NONE,5:advmod,1,0,forward
2914,Let me know what you think.,what,what,PRON,PronType=Int,4,6,think,think,VERB,2,obj,NONE,6:obj,1,0,forward
2924,It is less complicated for me to initial and fax than to track down someone who doesn't know anything about it and get them to initial it.,who,who,PRON,PronType=Rel,16,19,know,know,VERB,3,nsubj,NONE,15:ref,1,0,forward
2925,"I can print it here, initial it, and fax it to whomever you want.",whomever,whomever,PRON,PronType=Rel,14,11,fax,fax,VERB,3,obl,NONE,11:obl:to;16:xcomp,2,0,backward
2927,"She is very conscientious about what she signs, and who initials what.",what,what,PRON,PronType=Int,6,8,signs,sign,VERB,2,obj,NONE,8:obj,1,0,forward
2927,"She is very conscientious about what she signs, and who initials what.",who,who,PRON,PronType=Int,11,12,initials,initial,VERB,1,nsubj,NONE,12:nsubj,1,0,forward
2927,"She is very conscientious about what she signs, and who initials what.",what,what,PRON,PronType=Int,13,12,initials,initial,VERB,1,obj,NONE,12:obj,1,0,backward
2929,Where and to whom do you want it faxed?,Where,where,ADV,PronType=Int,1,9,faxed,fax,VERB,8,advmod,NONE,9:advmod,1,0,forward
2929,Where and to whom do you want it faxed?,whom,whom,PRON,PronType=Int,4,1,Where,where,ADV,3,conj,NONE,1:conj:and;9:obl:to,2,0,backward
2934,Let me know which is easier and we can coordinate.,which,which,PRON,PronType=Int,4,6,easier,easy,ADJ,2,nsubj,NONE,6:nsubj,1,0,forward
2941,"Otherwise, we can see who we can scare up at the office, or you can have Laura sign and I'll initial later.",who,who,PRON,PronType=Int,6,9,scare,scare,VERB,3,obj,NONE,9:obj,1,0,forward
2942,Which do you prefer?,Which,which,PRON,PronType=Int,1,4,prefer,prefer,VERB,3,obj,NONE,4:obj,1,0,forward
2945,"If not, is there someone else that will?",that,that,PRON,PronType=Rel,8,9,will,will,AUX,1,nsubj,NONE,6:ref,1,0,forward
2955,"However, he did suggest a couple slight revisions to protect Enron's interests.",However,however,ADV,_,1,5,suggest,suggest,VERB,4,advmod,NONE,5:advmod,1,0,forward
2956,1) Highlighting that information will only be provided that is related to enovate and 2) that each designated representative should sign an appropriate confidentiality agreement.,that,that,PRON,PronType=Rel,10,12,related,related,ADJ,2,nsubj,NONE,5:ref,1,0,forward
2958,"My goal, however optimistic, is to execute the risk policy by the end of today.",however,however,ADV,PronType=Int,4,5,optimistic,optimistic,ADJ,1,advmod,NONE,5:advmod,1,0,forward
2971,Let me know what you think.,what,what,PRON,PronType=Int,4,6,think,think,VERB,2,obj,NONE,6:obj,1,0,forward
2991,"We played a new version of Uno called ""African Uno"" that was complex, fast and at times, physically challenging.",that,that,PRON,PronType=Rel,13,15,complex,complex,ADJ,2,nsubj,NONE,5:ref,1,0,forward
2993,It was incredible what a good player Alena was.,what,what,DET,PronType=Int,4,7,player,player,NOUN,3,det:predet,predet,7:det:predet,1,0,forward
2994,She had her cards memorized as well as everyone elses (when you play you'll see why you can know everyone elses hands!).,when,when,ADV,PronType=Int,13,15,play,play,VERB,2,advmod,NONE,15:advmod,1,0,forward
2994,She had her cards memorized as well as everyone elses (when you play you'll see why you can know everyone elses hands!).,why,why,ADV,PronType=Int,19,22,know,know,VERB,3,advmod,NONE,22:advmod,1,0,forward
2997,"Then, also, he's got so much stuff in there right now, that I don't know how he's going to fit baby stuff.",how,how,ADV,PronType=Int,21,24,going,go,VERB,3,advmod,NONE,24:advmod,1,0,forward
2998,They would only give him a 6 month lease when he renewed his lease last month because they don't want 3 people in that small apartment.,when,when,ADV,PronType=Int,10,12,renewed,renew,VERB,2,advmod,NONE,12:advmod,1,0,forward
3015,"I don't understand, what do you mean by ""log in an email""?",what,what,PRON,PronType=Int,6,9,mean,mean,VERB,3,obj,NONE,9:obj,1,0,forward
3021,Why didn't Craig show Ma his appartment?,Why,why,ADV,PronType=Int,1,5,show,show,VERB,4,advmod,NONE,5:advmod,1,0,forward
3022,What do you think about your phone ocnversation with Unlce Ben (he was almost shocked)?,What,what,PRON,PronType=Int,1,4,think,think,VERB,3,obj,NONE,4:obj,1,0,forward
3057,Our concern is that we don't want any trading related defaults to ever trigger a default under a loan transaction which has a swap as a component.,which,which,PRON,PronType=Rel,22,23,has,have,VERB,1,nsubj,NONE,21:ref,1,0,forward
3063,"With respect to First Union National Bank, the draft we were working from was so old that they agreed to look at our current form of agreement which was sent to them on 11/8/00 for review.",which,which,PRON,PronType=Rel,29,31,sent,send,VERB,2,nsubj:pass,pass,26:ref,1,0,forward
3068,can you please give me an update on where you are in the negotiations of the ISDA with the following counterparties and confirm which Enron entity you are negotiating on behalf of.,where,where,ADV,PronType=Int,9,7,update,update,NOUN,2,acl,NONE,7:acl:on,1,1,backward
3068,can you please give me an update on where you are in the negotiations of the ISDA with the following counterparties and confirm which Enron entity you are negotiating on behalf of.,which,which,DET,PronType=Int,24,26,entity,entity,NOUN,2,det,NONE,26:det,1,0,forward
3075,"The referenced TAGG # was entered as a 'New Counterparty', can you please let me know what counterparty this is so we can correctly assess the counterparty exposure.",what,what,DET,PronType=Int,20,21,counterparty,counterparty,NOUN,1,det,NONE,21:det,1,0,forward
3081,"As much fun as they are, I figured we would probably do some different things than what you have planned for them.",what,what,PRON,PronType=Rel,18,15,different,different,ADJ,3,obl,NONE,15:obl:than;21:obj,2,0,backward
3086,"Hopefully, if we're still dating come December, you and Chuck can meet him when you come back to visit.",when,when,ADV,PronType=Int,17,19,come,come,VERB,2,advmod,NONE,19:advmod,1,0,forward
3087,"I'm planning on dragging him to at least one of the U.T. games, I just have to find out when he wants to go (as well as properly prepare him for the Scott/Kelley/Parks/Wild Card gang and the full-day affair that is a U.T. game).",when,when,ADV,PronType=Int,22,24,wants,want,VERB,2,advmod,NONE,24:advmod,1,0,forward
3087,"I'm planning on dragging him to at least one of the U.T. games, I just have to find out when he wants to go (as well as properly prepare him for the Scott/Kelley/Parks/Wild Card gang and the full-day affair that is a U.T. game).",that,that,PRON,PronType=Rel,51,55,game,game,NOUN,4,nsubj,NONE,50:ref,1,0,forward
3095,How are you doing?,How,how,ADV,PronType=Int,1,4,doing,do,VERB,3,advmod,NONE,4:advmod,1,0,forward
3100,"In any case, we have had some more time to do some exploring (and shopping), so we have some good ideas about what to do if you come.",what,what,PRON,PronType=Int,27,29,do,do,VERB,2,obj,NONE,29:obj,1,1,forward
3101,"I think that we will stay in Korea when your parents come and do the whole base thing (which will take only a few minutes, actually), but are considering going to China or somewhere during part of Thanksgiving.",when,when,ADV,PronType=Int,9,12,come,come,VERB,3,advmod,NONE,12:advmod,1,0,forward
3101,"I think that we will stay in Korea when your parents come and do the whole base thing (which will take only a few minutes, actually), but are considering going to China or somewhere during part of Thanksgiving.",which,which,PRON,PronType=Rel,20,22,take,take,VERB,2,nsubj,NONE,14:ref,1,0,forward
3102,We'll do whatever you want want if you still are coming!,whatever,whatever,PRON,PronType=Rel,4,3,do,do,VERB,1,obj,NONE,3:obj;7:obj,2,0,backward
3103,Let us know the latest with Ted and also with what's going on in Houston.,what,what,PRON,PronType=Rel,11,7,Ted,Ted,PROPN,4,conj,NONE,5:obl:with;7:conj:and;13:nsubj,3,0,backward
3112,I'd forgotten how blown away I was by some of the songs the first time I saw it in NY.,how,how,ADV,PronType=Int,4,5,blown,blow,VERB,1,advmod,NONE,5:advmod,1,0,forward
3137,"However, having driven with you on several occasions I feel confident you will be able to pass the test with flying colors.",However,however,ADV,_,1,11,feel,feel,VERB,10,advmod,NONE,11:advmod,1,1,forward
3140,Now back to what's really important...you.,what,what,PRON,PronType=Rel,4,2,back,back,ADV,2,obl,NONE,2:obl:to;7:nsubj,2,0,backward
3149,How's life on 32 today -- well that's enough about you let's talk more about me.,How,how,ADV,PronType=Int,1,11,enough,enough,ADJ,10,parataxis,NONE,11:parataxis,1,1,forward
3162,This e-mail is sent by a law firm and contains information that may be privileged and confidential.,that,that,PRON,PronType=Rel,12,15,privileged,privileged,ADJ,3,nsubj,NONE,11:ref,1,0,forward
3193,I think it's a good idea since the provisional application is on file - Travis is the internal lawyer who has taken care of the patent application so he will have better ideas for where the words should be placed and appropriate look and feel (I would guess near the copyright notice and roughly equivalent size).,who,who,PRON,PronType=Rel,21,23,taken,take,VERB,2,nsubj,NONE,20:ref,1,0,forward
3193,I think it's a good idea since the provisional application is on file - Travis is the internal lawyer who has taken care of the patent application so he will have better ideas for where the words should be placed and appropriate look and feel (I would guess near the copyright notice and roughly equivalent size).,where,where,ADV,PronType=Int,36,41,placed,place,VERB,5,advmod,NONE,41:advmod,1,0,forward
3220,Just wanted to know were we stand on the ETA and PA for Argentina?,were,where,ADV,PronType=Int|Typo=Yes,5,7,stand,stand,VERB,2,advmod,NONE,7:advmod,1,0,forward
3223,"If you need more, there is a proposal from the documentation committee for a new alternative for calculating termination amounts (we heard about it in Amsterdam) that I think will be particularly attractive to the energy markets.",that,that,PRON,PronType=Rel,30,36,attractive,attractive,ADJ,6,nsubj,NONE,9:ref,1,1,forward
3224,I don't know where this stands officially (I haven't heard any developments since Amsterdam) but I can find out from Bob Pickle if you want.,where,where,ADV,PronType=Int,5,7,stands,stand,VERB,2,advmod,NONE,7:advmod,1,0,forward
3259,Ineos is an English company which has a majority of its operations in the US.,which,which,PRON,PronType=Rel,6,7,has,have,VERB,1,nsubj,NONE,5:ref,1,0,forward
3306,"These three little ones don't realize how lucky they are to have such a nice Dad, but I'm sure they'll find out soon.",how,how,ADV,PronType=Int,8,9,lucky,lucky,ADJ,1,advmod,NONE,9:advmod,1,0,forward
3333,I am following up regarding the status of our comments to the form of guaranty for Pemex that you provided to Lucy Ortiz.,that,that,PRON,PronType=Rel,18,20,provided,provide,VERB,2,obj,NONE,13:ref,1,0,forward
3338,"Attached are an original and blacklined copy of your form of guaranty, which reflect our comments.",which,which,PRON,PronType=Rel,14,15,reflect,reflect,VERB,1,nsubj,NONE,4:ref,1,0,forward
3355,"Any credit concerns can be discussed with Dennis Goldmann, who can be reached at 315-460-3349.",who,who,PRON,PronType=Rel,11,14,reached,reach,VERB,3,nsubj:pass,pass,8:ref,1,0,forward
3362,Did you get a chance to find those GTC's for ENA that you can forward this way?,that,that,PRON,PronType=Rel,12,15,forward,forward,VERB,3,obj,NONE,11:ref,1,0,forward
3371,"I just got of the phone with Hai and he told me how to make an adjustment on a day to day basis in regards to incorrect liquidations but he also explained this is just to make the daily P&L #'s right, if nothing were done the month end P&L would still somehow work out because adjustments would be made.",how,how,ADV,PronType=Int,13,15,make,make,VERB,2,advmod,NONE,15:advmod,1,1,forward
3373,If this is the case I would like someone to walk me through June to see if the numbers did really work themselves out as there was a large swing in second order on June 29 that was not adjusted for.,that,that,PRON,PronType=Rel,37,40,adjusted,adjust,VERB,3,nsubj:pass,pass,30:ref,1,0,forward
3376,"Evidently, this a problem that Stacey White has been aware of for a couple of months now.",that,that,PRON,PronType=Rel,6,11,aware,aware,ADJ,5,obl,NONE,5:ref,1,0,forward
3381,I believe that there might be a sign-flipping problem for PUTS that 's causing this whole issue.,that,that,PRON,PronType=Rel,14,16,causing,cause,VERB,2,nsubj,NONE,11:ref,1,0,forward
3394,"I just got of the phone with Hai and he told me how to make an adjustment on a day to day basis in regards to incorrect liquidations but he also explained this is just to make the daily P&L #'s right, if nothing were done the month end P&L would still somehow work out because adjustments would be made.",how,how,ADV,PronType=Int,13,15,make,make,VERB,2,advmod,NONE,15:advmod,1,1,forward
3396,If this is the case I would like someone to walk me through June to see if the numbers did really work themselves out as there was a large swing in second order on June 29 that was not adjusted for.,that,that,PRON,PronType=Rel,37,40,adjusted,adjust,VERB,3,nsubj:pass,pass,30:ref,1,0,forward
3399,"Evidently, this a problem that Stacey White has been aware of for a couple of months now.",that,that,PRON,PronType=Rel,6,11,aware,aware,ADJ,5,obl,NONE,5:ref,1,0,forward
3404,I believe that there might be a sign-flipping problem for PUTS that 's causing this whole issue.,that,that,PRON,PronType=Rel,14,16,causing,cause,VERB,2,nsubj,NONE,11:ref,1,0,forward
3417,We're gearing up for our 2001/02 recruiting campaign and we think your experience will help us define what works best and what can be improved in our process.,what,what,PRON,PronType=Int,21,22,works,work,VERB,1,nsubj,NONE,22:nsubj,1,0,forward
3417,We're gearing up for our 2001/02 recruiting campaign and we think your experience will help us define what works best and what can be improved in our process.,what,what,PRON,PronType=Int,25,28,improved,improve,VERB,3,nsubj:pass,pass,28:nsubj:pass,1,0,forward
3419,"However, if you can wait til 2:00pm to eat, go ahead and grab something and expense it!",However,however,ADV,_,1,13,go,go,VERB,12,advmod,NONE,13:advmod,1,5,forward
3431,Attached is the revised draft paper that reflects our conference call with Bob Fagan earlier this week.,that,that,PRON,PronType=Rel,7,8,reflects,reflect,VERB,1,nsubj,NONE,6:ref,1,0,forward
3433,"Also, would those of you who have not responded to me via email confirming your acceptance of the terms upon which our four companies have agreed to assume cost responsibility for the TCA work on this.",who,who,PRON,PronType=Rel,7,10,responded,respond,VERB,3,nsubj,NONE,4:ref,1,0,forward
3433,"Also, would those of you who have not responded to me via email confirming your acceptance of the terms upon which our four companies have agreed to assume cost responsibility for the TCA work on this.",which,which,PRON,PronType=Rel,22,27,agreed,agree,VERB,5,obl,NONE,20:ref,1,0,forward
3460,A formal invitation will follow to those who respond.,who,who,PRON,PronType=Rel,8,9,respond,respond,VERB,1,nsubj,NONE,7:ref,1,0,forward
3470,I'll believe it when I see it.,when,when,ADV,PronType=Int,5,7,see,see,VERB,2,advmod,NONE,7:advmod,1,0,forward
3485,Let me know what schedule works for you.,what,what,DET,PronType=Int,4,5,schedule,schedule,NOUN,1,det,NONE,5:det,1,0,forward
3504,"All the outside participants will be prompted to enter their access code, which is 600-480.",which,which,PRON,PronType=Rel,14,16,600-480,600-480,NUM,2,nsubj,NONE,12:ref,1,0,forward
3512,"Attached for your review are copies of the settlement documents that were filed today in the Gas Industry Restructuring/Natural Gas Strategy proceeding, including the Motion for Approval of the Comprehensive Settlement that is supported by thirty signatories to the Comprehensive Settlement, the Comprehensive Settlement document itself, and the various appendices to the settlement.?",that,that,PRON,PronType=Rel,11,13,filed,file,VERB,2,nsubj:pass,pass,10:ref,1,0,forward
3512,"Attached for your review are copies of the settlement documents that were filed today in the Gas Industry Restructuring/Natural Gas Strategy proceeding, including the Motion for Approval of the Comprehensive Settlement that is supported by thirty signatories to the Comprehensive Settlement, the Comprehensive Settlement document itself, and the various appendices to the settlement.?",that,that,PRON,PronType=Rel,35,37,supported,support,VERB,2,nsubj:pass,pass,28:ref,1,0,forward
3515,Additional printed copies should be available within the next day or so and I will make them available to all of you - just let me know how many copies you need.,how,how,ADV,PronType=Int,28,29,many,many,ADJ,1,advmod,NONE,29:advmod,1,0,forward
3516,I would like to thank all of the parties who participated in this settlement process.?,who,who,PRON,PronType=Rel,10,11,participated,participate,VERB,1,nsubj,NONE,9:ref,1,0,forward
3518,"We now have a settlement before the Commission that includes ratepayer advocates, commercial and industrial customers, electric generators, marketers, shippers, independent storage providers,? gas suppliers,? producers, utilities, aggregators, pipeline companies, wholesale customers, municipalities, and retail mass marketers, among others.?",that,that,PRON,PronType=Rel,9,10,includes,include,VERB,1,nsubj,NONE,8:ref,1,0,forward
3561,"Therefore, any trade mark registration that incorporates the word ONLINE as a suffix in the way that you use it will not enable its owner to prevent others from using the word ONLINE.",that,that,PRON,PronType=Rel,7,8,incorporates,incorporate,VERB,1,nsubj,NONE,6:ref,1,0,forward
3561,"Therefore, any trade mark registration that incorporates the word ONLINE as a suffix in the way that you use it will not enable its owner to prevent others from using the word ONLINE.",that,that,PRON,PronType=Rel,18,20,use,use,VERB,2,obl:unmarked,unmarked,17:ref,1,0,forward
3562,"Given the above, if you have adequate protection for the word ENRON (which covers the services that you offer on-line as well as your core activities), I'd say that another application for the words ENRON ONLINE is probably unnecessary.",which,which,PRON,PronType=Rel,15,16,covers,cover,VERB,1,nsubj,NONE,12:ref,1,0,forward
3562,"Given the above, if you have adequate protection for the word ENRON (which covers the services that you offer on-line as well as your core activities), I'd say that another application for the words ENRON ONLINE is probably unnecessary.",that,that,PRON,PronType=Rel,19,21,offer,offer,VERB,2,obj,NONE,18:ref,1,0,forward
3563,"However, if you use a particular logo for the on-line service, that should be registered.",However,however,ADV,_,1,19,registered,register,VERB,18,advmod,NONE,19:advmod,1,2,forward
3575,"I assume this is akin to why McDonald's trademarks ""Mc""Everything?",why,why,ADV,PronType=Int,7,10,trademarks,trademark,VERB,3,advmod,NONE,10:advmod,1,0,forward
3592,"Jurisdictions which are are approved to trade credit derivatives: Finland, Germany, Norway, Sweden, Switzerland, the U.K, and the U.S..",which,which,PRON,PronType=Rel,2,5,approved,approve,VERB,3,nsubj:pass,pass,1:ref,1,0,forward
3593,"Jurisdictions which are not approved to trade credit derivatives include: Austria, Belgium, Canada, Croatia, Czech Republic, Denmark, France, Gibraltar, Ireland, Italy, Poland, Portugal, Romania, Scotland, Singapore, Slovenia, Spain, and The Netherlands.",which,which,PRON,PronType=Rel,2,5,approved,approve,VERB,3,nsubj:pass,pass,1:ref,1,0,forward
3608,Why does it always have to be my deals...?!!!,Why,why,ADV,PronType=Int,1,5,have,have,VERB,4,advmod,NONE,5:advmod,1,0,forward
3613,"We have received the amendment to the BC Gas ISDA Master executed by BC Gas, which adds the Canadian Securities Representation, so we don't have to add the rep into every confirm.",which,which,PRON,PronType=Rel,17,18,adds,add,VERB,1,nsubj,NONE,5:ref,1,0,forward
3624,"When you have a minute, I'll give me a call and I'll come around and show you how to unfreeze the panel.",When,when,ADV,PronType=Int,1,3,have,have,VERB,2,advmod,NONE,3:advmod,1,0,forward
3624,"When you have a minute, I'll give me a call and I'll come around and show you how to unfreeze the panel.",how,how,ADV,PronType=Int,21,23,unfreeze,unfreeze,VERB,2,advmod,NONE,23:advmod,1,1,forward
3625,"I spoke to Edmund to get the scoop on what we are going to be doing on the confirms for Credit Derivatives, and he said that his current understanding is that all of the confirms will be done out of London.",what,what,PRON,PronType=Int,10,16,doing,do,VERB,6,obj,NONE,16:obj,1,2,forward
3677,"Despite the best efforts of IT, continuing problems with the AS400 application, a better understanding of the inconsistency between stock reconciliation reports, and concerns over the useability of the outright stock screen enquiry are such that I am currently not confident of delivering sufficient accurate information to AA to satisfy their audit requirements - which at a macro level is the transparent audit trail between stock and forward positions to full accounting values.",which,which,PRON,PronType=Rel,58,67,trail,trail,NOUN,9,nsubj,NONE,56:ref,1,0,forward
3682,an outline of the internal balance sheet review process described in my earlier note which must now be reprioritised and rescoped ( see MO work ),which,which,PRON,PronType=Rel,15,19,reprioritised,reprioritise,VERB,4,nsubj:pass,pass,9:ref,1,0,forward
3683,The creation of an incentive payment pool ( possibly via personal best awards ) for key Metals staff who continue to work exceptionally unsociable hours to meet the above stated objectives,who,who,PRON,PronType=Rel,19,20,continue,continue,VERB,1,nsubj,NONE,18:ref,1,0,forward
3684,The signoff for additional permanent 'Enron' headcount who will 'duplicate' certain key position control processes ultimately replacing some existing Traffic staff,who,who,PRON,PronType=Rel,10,13,duplicate,duplicate,VERB,3,nsubj,NONE,9:ref,1,0,forward
3687,"However, this difference may need to be adjusted for following a final review and signoff of system p&l values with traders.",However,however,ADV,_,1,6,need,need,VERB,5,advmod,NONE,6:advmod,1,0,forward
3688,The recall of all OBSF stock in early April and retention on balance sheet ( reduced where economically viable ) until positions are fully reconciled and repeatable daily signoff process can be instigated.,where,where,ADV,PronType=Int,17,19,viable,viable,ADJ,2,advmod,NONE,19:advmod,1,0,forward
3692,detailed position analysis of all OBSF contracts that must be reconciled to Barclays documentation,that,that,PRON,PronType=Rel,8,11,reconciled,reconcile,VERB,3,nsubj:pass,pass,7:ref,1,0,forward
3702,"Complexities surrounding the operation of the Off Balance Sheet Facility (""OBSF"") which commenced two weeks before the year end.",which,which,PRON,PronType=Rel,16,17,commenced,commence,VERB,1,nsubj,NONE,10:ref,1,0,forward
3704,"The discovery of a number of 'bugs' within the AS400 Merchanting code, arising from the release of OBSF designed functionality, which compounded the operational burden of supporting the OBSF.",which,which,PRON,PronType=Rel,25,26,compounded,compound,VERB,1,nsubj,NONE,19:ref,1,0,forward
3713,"The necessary report functionality should be available within the AS400, however contingencies have been initiated to build tactical VBA/excel reports outside of the AS400 but using AS400 data downloads.",however,however,ADV,_,12,16,initiated,initiate,VERB,4,advmod,NONE,16:advmod,1,0,forward
3716,A full internal balance sheet review will be completed within the Q1 audit timetable which incorporates,which,which,PRON,PronType=Rel,15,16,incorporates,incorporate,VERB,1,nsubj,NONE,14:ref,1,0,forward
3718,"Inspection of certain of the above inventory balances, by third party inspectors, where there is an expectation that circularisation replies will not be received on a timely basis",where,where,ADV,PronType=Int,15,17,is,be,VERB,2,advmod,NONE,17:advmod,1,0,forward
3721,Full reconciliation of contracts within the OBSF to Barclays documentation ( thereby substantiating existence of stock that we have option to purchase ) and to AS400 Barclays account,that,that,PRON,PronType=Rel,17,22,purchase,purchase,VERB,5,obj,NONE,16:ref,1,2,forward
3722,"A risk based debtors review - matching to source documentation, where applicable, and any subsequent post quarter end cash movements",where,where,ADV,PronType=Int,12,13,applicable,applicable,ADJ,1,advmod,NONE,13:advmod,1,0,forward
3733,"I understand how competitive the process has become, but I felt that with my work experiences, recommendations, personality, extracurricular activities, etc. that this would compensate for my disability.",how,how,ADV,PronType=Int,3,8,become,become,VERB,5,advmod,NONE,8:advmod,1,1,forward
3735,"I am still certain that the School is the best place for getting a great graduate-level education, so I want you to know that I am going to do whatever it takes to get in next year.",whatever,whatever,PRON,PronType=Int,33,35,takes,take,VERB,2,obj,NONE,35:obj,1,0,forward
3749,"I am still sure that UT is the place for getting an excellent graduate-level education, so I want you to know that I am going to do whatever it takes to get in next year.",whatever,whatever,PRON,PronType=Int,31,33,takes,take,VERB,2,obj,NONE,33:obj,1,0,forward
3764,"I am still sure that UT is the place for getting an excellent graduate-level education, so I want you to know that I am going to do what ever it takes to get in next year.",what,whatever,PRON,PronType=Rel|Typo=Yes,31,30,do,do,VERB,1,obj,NONE,30:obj;34:obj,2,0,backward
3783,Please send me an excel spreadsheet which depicts the value that you see associated with the heat rate spread option.,which,which,PRON,PronType=Rel,7,8,depicts,depict,VERB,1,nsubj,NONE,6:ref,1,0,forward
3783,Please send me an excel spreadsheet which depicts the value that you see associated with the heat rate spread option.,that,that,PRON,PronType=Rel,11,13,see,see,VERB,2,obj,NONE,10:ref,1,0,forward
3784,I want to make sure that I understand exactly how you propose valuing the transaction and how this value would be booked.,how,how,ADV,PronType=Int,10,12,propose,propose,VERB,2,advmod,NONE,12:advmod,1,0,forward
3784,I want to make sure that I understand exactly how you propose valuing the transaction and how this value would be booked.,how,how,ADV,PronType=Int,17,22,booked,book,VERB,5,advmod,NONE,22:advmod,1,0,forward
3787,What power curve are we valuing the deal against - PJM East or West Hub?,What,what,DET,PronType=Int,1,3,curve,curve,NOUN,2,det,NONE,3:det,1,0,forward
3788,Please send me the current fuel curve that you are converting to $/MWh to value the deal?,that,that,PRON,PronType=Rel,8,11,converting,convert,VERB,3,obj,NONE,7:ref,1,0,forward
3789,What volatilities are you using to value the options - monthly volatilities or intra-day volatilities or a blend of the two (if blending please show me what formula you using to blend the two vols)?,What,what,DET,PronType=Int,1,2,volatilities,volatility,NOUN,1,det,NONE,2:det,1,0,forward
3789,What volatilities are you using to value the options - monthly volatilities or intra-day volatilities or a blend of the two (if blending please show me what formula you using to blend the two vols)?,what,what,DET,PronType=Int,28,29,formula,formula,NOUN,1,det,NONE,29:det,1,0,forward
3790,"What expiration date are you using, i.e.: for monthly call options the 15th of the relevant month, and for daily options?",What,what,DET,PronType=Int,1,3,date,date,NOUN,2,det,NONE,3:det,1,0,forward
3791,"What correlation are you assuming, 15% flat for twenty years?",What,what,DET,PronType=Int,1,2,correlation,correlation,NOUN,1,det,NONE,2:det,1,0,forward
3799,"Furthermore, I would like to reiterate that RAC's goal, prior to quoting any credit reserve, is to be 100% confident that: (i) the methodology that is being employed is consistent among the internal groups; and (ii) the inherent value of the price risk management contracts matches.",that,that,PRON,PronType=Rel,33,36,employed,employ,VERB,3,nsubj:pass,pass,32:ref,1,0,forward
3804,"Article 6 of the Gallup Compression Services Agreement (which I am sending to you separately) with ECS obligates ECS to ""work in good faith with CDEC"" to establish an automated system that would automatically have alerted us to peak loading conditions on CDEC's system.",which,which,PRON,PronType=Rel,10,13,sending,send,VERB,3,obj,NONE,8:ref,1,0,forward
3804,"Article 6 of the Gallup Compression Services Agreement (which I am sending to you separately) with ECS obligates ECS to ""work in good faith with CDEC"" to establish an automated system that would automatically have alerted us to peak loading conditions on CDEC's system.",that,that,PRON,PronType=Rel,36,40,alerted,alert,VERB,4,nsubj,NONE,35:ref,1,0,forward
3805,"We had a pretty good idea when we signed the contract that ECS would not be able to complete that by the contract start date, so we negotiated a fall back plan under which ECS is obligated to ""assist [Transwestern] in developing a manual system to accomplish the same result and will hold harmless and keep [Transwestern] whole for all cost and expenses"" associated with the manual system.",when,when,ADV,PronType=Int,7,9,signed,sign,VERB,2,advmod,NONE,9:advmod,1,0,forward
3805,"We had a pretty good idea when we signed the contract that ECS would not be able to complete that by the contract start date, so we negotiated a fall back plan under which ECS is obligated to ""assist [Transwestern] in developing a manual system to accomplish the same result and will hold harmless and keep [Transwestern] whole for all cost and expenses"" associated with the manual system.",which,which,PRON,PronType=Rel,35,38,obligated,obligate,VERB,3,obl,NONE,33:ref,1,0,forward
3806,"We will fight with them about who owes the $200k that James mentions below based on their failure to ""assist"" us in managing the cost.",who,who,PRON,PronType=Int,7,8,owes,owe,VERB,1,nsubj,NONE,8:nsubj,1,0,forward
3806,"We will fight with them about who owes the $200k that James mentions below based on their failure to ""assist"" us in managing the cost.",that,that,PRON,PronType=Rel,13,15,mentions,mention,VERB,2,obj,NONE,10:ref,1,0,forward
3808,Do we have someone who is watching this out there?,who,who,PRON,PronType=Rel,5,7,watching,watch,VERB,2,nsubj,NONE,4:ref,1,0,forward
3809,"We are running so full tilt on TW that we may not have as much flexibiltiy to manage this situation as we expected, but let me know what we can do.",what,what,PRON,PronType=Int,29,32,do,do,VERB,3,obj,NONE,32:obj,1,0,forward
3810,James had heard that one hold up was the absence of a confidentiality agreement--I guess between ECS and Transwestern--that would permit ECS to communicate to us the details on how to access teh key info. from CDEC.,that,that,PRON,PronType=Rel,23,25,permit,permit,VERB,2,nsubj,NONE,14:ref,1,0,forward
3810,James had heard that one hold up was the absence of a confidentiality agreement--I guess between ECS and Transwestern--that would permit ECS to communicate to us the details on how to access teh key info. from CDEC.,how,how,ADV,PronType=Int,34,36,access,access,VERB,2,advmod,NONE,36:advmod,1,1,forward
3811,"That sounds like a BS excuse from ECS, but it that's what they are saying, let me know and we can figure out a solution.",what,what,PRON,PronType=Rel,14,19,let,let,VERB,5,advcl,NONE,17:obj;19:advcl:if,2,1,forward
3818,"We have not received access to this information which has resulted so far in additional electric cost of $200,987.33 for the period of July through September.",which,which,PRON,PronType=Rel,9,11,resulted,result,VERB,2,nsubj,NONE,8:ref,1,0,forward
3819,"Additional cost will be incurred for the remainder of this year, that I have not been able to review yet.",that,that,PRON,PronType=Rel,13,20,review,review,VERB,7,obj,NONE,2:ref,1,2,forward
3822,"They are deemed to be on notice that they had alternate point rights (its in the tariff) and if they wanted to submit a bid that had a different rate for primaries and alternates, they could have done so.",that,that,PRON,PronType=Rel,29,30,had,have,VERB,1,nsubj,NONE,28:ref,1,0,forward
3836,"However, as you will see, the questions I thought of got kinda long- but I think we need answers for all of them.",However,however,ADV,_,1,13,got,get,VERB,12,advmod,NONE,13:advmod,1,3,forward
3866,"Lee Huber made the same request last year and we gave her the chair (she only wanted one, however).",however,however,ADV,_,21,18,wanted,want,VERB,3,advmod,NONE,18:advmod,1,0,backward
3871,"This particular chair is designed to help with back problems, which she has.",which,which,PRON,PronType=Rel,12,14,has,have,VERB,2,obj,NONE,10:ref,1,0,forward
3880,"Lee Huber made the same request last year and we gave her the chair (she only wanted one, however).",however,however,ADV,_,21,18,wanted,want,VERB,3,advmod,NONE,18:advmod,1,0,backward
3885,"This particular chair is designed to help with back problems, which she has.",which,which,PRON,PronType=Rel,12,14,has,have,VERB,2,obj,NONE,10:ref,1,0,forward
3890,I believe you got a copy of the John Sommer letter to producers dated Jan 6 that MKM's spies intercepted.,that,that,PRON,PronType=Rel,17,21,intercepted,intercept,VERB,4,obj,NONE,11:ref,1,0,forward
3894,Stan may also bring the letter up orally next time he's on the phonne with Gibson or Kyle as an example of how not to handle this situation.,how,how,ADV,PronType=Int,24,27,handle,handle,VERB,3,advmod,NONE,27:advmod,1,1,forward
3896,What a hoss.,What,what,DET,PronType=Int,1,3,hoss,hoss,NOUN,2,det:predet,predet,3:det:predet,1,0,forward
3900,Who is responsible for completing all paperwork for entering a new market?,Who,who,PRON,PronType=Int,1,3,responsible,responsible,ADJ,2,nsubj,NONE,3:nsubj,1,0,forward
3902,There have been some issues with getting everything coordinated lately and I wanted to make sure that we knew who was on point.,who,who,PRON,PronType=Int,20,23,point,point,NOUN,3,nsubj,NONE,23:nsubj,1,0,forward
3912,"However, we have reserved a block of rooms at the nearby Wyndham Hotel.",However,however,ADV,_,1,5,reserved,reserve,VERB,4,advmod,NONE,5:advmod,1,0,forward
3938,Can we visit about what went on with Ursula at the PRC meeting when you catch up?,what,what,PRON,PronType=Int,5,6,went,go,VERB,1,nsubj,NONE,6:nsubj,1,0,forward
3938,Can we visit about what went on with Ursula at the PRC meeting when you catch up?,when,when,ADV,PronType=Int,14,16,catch,catch,VERB,2,advmod,NONE,16:advmod,1,0,forward
3952,"The commission is definitely more responsive to market participants that are articulating the issue, providing specific examples and proposing the solution.",that,that,PRON,PronType=Rel,10,12,articulating,articulate,VERB,2,nsubj,NONE,9:ref,1,0,forward
3954,Those who show up with complaints but cannot point to specifics are virtually ignored.,who,who,PRON,PronType=Rel,2,3,show,show,VERB,1,nsubj,NONE,1:ref,1,0,forward
3955,"Those who show up and complain, but are not participating in the working groups and the daily Ercot phone calls, board meetings, etc. are ignored.",who,who,PRON,PronType=Rel,2,3,show,show,VERB,1,nsubj,NONE,1:ref,1,0,forward
3969,Can we find another time that works for us to meet?,that,that,PRON,PronType=Rel,6,7,works,work,VERB,1,nsubj,NONE,5:ref,1,0,forward
3976,Enron needs to use this situation to quickly get our viewpoints up into the PUCT and ERCOT ISO on what is driving these problems and our proposed fixes.,what,what,PRON,PronType=Int,20,22,driving,drive,VERB,2,nsubj,NONE,22:nsubj,1,0,forward
3979,Let's get them to support constructive solutions that will make a real difference.,that,that,PRON,PronType=Rel,9,11,make,make,VERB,2,nsubj,NONE,8:ref,1,0,forward
3980,"Jean and Thane, I think that we need a FORMAL PLAN on what to do over the next 3 - 6 months to leverage this situation.",what,what,PRON,PronType=Int,14,16,do,do,VERB,2,obj,NONE,16:obj,1,1,forward
3987,"As an outgrowth of the meeting Leslie and I had with Scott and Hunter a couple of weeks ago, we have begun work to develop an electronic tool that would allow us to provide ongoing summaries of FERC gas activities, and possibly electric activities, in a format that can be linked to the Fundamentals intranet site used by the traders.",that,that,PRON,PronType=Rel,30,32,allow,allow,VERB,2,nsubj,NONE,29:ref,1,0,forward
3987,"As an outgrowth of the meeting Leslie and I had with Scott and Hunter a couple of weeks ago, we have begun work to develop an electronic tool that would allow us to provide ongoing summaries of FERC gas activities, and possibly electric activities, in a format that can be linked to the Fundamentals intranet site used by the traders.",that,that,PRON,PronType=Rel,51,54,linked,link,VERB,3,nsubj:pass,pass,50:ref,1,0,forward
3988,"We envision a format that would provide a brief summary and analysis of the order, filing, etc. with a link to the source document as well for those who would like more detailed information.",that,that,PRON,PronType=Rel,5,7,provide,provide,VERB,2,nsubj,NONE,4:ref,1,0,forward
3988,"We envision a format that would provide a brief summary and analysis of the order, filing, etc. with a link to the source document as well for those who would like more detailed information.",who,who,PRON,PronType=Rel,31,33,like,like,VERB,2,nsubj,NONE,30:ref,1,0,forward
3991,"In the meantime, could you please provide a contact on your side with whom we could discuss technical issues?",whom,whom,PRON,PronType=Rel,15,18,discuss,discuss,VERB,3,obl,NONE,10:ref,1,0,forward
3992,What do I need to do?,What,what,PRON,PronType=Int,1,6,do,do,VERB,5,obj,NONE,6:obj,1,1,forward
3996,I am forwarding for your attention the resume of Peter Percell who has an extensive experience in modeling physical flows of natural gas in pipeline systems.,who,who,PRON,PronType=Rel,12,13,has,have,VERB,1,nsubj,NONE,10:ref,1,0,forward
4006,I am looking for a position that can utilize my software development and mathematical skills.,that,that,PRON,PronType=Rel,7,9,utilize,utilize,VERB,2,nsubj,NONE,6:ref,1,0,forward
4010,"Also, please let me know, by email, the names and contact information of other managers within Enron who might benefit from having someone with my qualifications in their group.",who,who,PRON,PronType=Rel,21,23,benefit,benefit,VERB,2,nsubj,NONE,18:ref,1,0,forward
4036,Please let me know what time would work for you.,what,what,DET,PronType=Int,5,6,time,time,NOUN,1,det,NONE,6:det,1,0,forward
4043,I have recently been made aware of a help desk analyst job#0000108806 that has become available in your department.,that,that,PRON,PronType=Rel,15,17,become,become,VERB,2,nsubj,NONE,12:ref,1,0,forward
4052,I have recently been made aware of a help desk analyst job#0000108806 that has become available in your department.,that,that,PRON,PronType=Rel,15,17,become,become,VERB,2,nsubj,NONE,12:ref,1,0,forward
4116,Please indicate below whether or not you plan to attend this meeting and through what medium.,what,what,DET,PronType=Int,15,16,medium,medium,NOUN,1,det,NONE,16:det,1,0,forward
4130,When the company is set up in the EOL database we link the company to the Parent and reference the CP ID.,When,when,ADV,PronType=Int,1,5,set,set,VERB,4,advmod,NONE,5:advmod,1,0,forward
4132,Let me know if this is the appropriate steps that you would like to see.,that,that,PRON,PronType=Rel,10,15,see,see,VERB,5,obj,NONE,9:ref,1,2,forward
4168,"Payment shall be made, against the receipt of the required documents outlined in the General Terms and Conditions, in the Contractual Currency by telegraphic transfer no later than 30 calendar days after the date on which the Commodity is released to Buyer.",which,which,PRON,PronType=Rel,38,42,released,release,VERB,4,obl,NONE,36:ref,1,0,forward
4170,"The price is quoted in US Dollars per unit of volume, which will be the Contractual Currency.",which,which,PRON,PronType=Rel,13,18,Currency,currency,NOUN,5,nsubj,NONE,7:ref,1,0,forward
4172,The unit of measure against which the price is quoted shall be net tons (2000 lbs) and the quantity shown shall be in net tons per month.,which,which,PRON,PronType=Rel,6,10,quoted,quote,VERB,4,obl,NONE,2:ref,1,0,forward
4200,My suggestion is that Global Counterparty use the same name that the customer has signed on the EnronOnline Password Application -- my understanding is that the EnronOnline team returns inappropriate Applications to the customer until they are correctly completed.,that,that,PRON,PronType=Rel,11,15,signed,sign,VERB,4,obj,NONE,10:ref,1,0,forward
4217,GCP procedure is to create Counterparty names that reflect either the Tradename / Division name or Parent Name -- not both simultaneously.,that,that,PRON,PronType=Rel,8,9,reflect,reflect,VERB,1,nsubj,NONE,7:ref,1,0,forward
4225,When the company is set up in the EOL database we link the company to the Parent and reference the CP ID.,When,when,ADV,PronType=Int,1,5,set,set,VERB,4,advmod,NONE,5:advmod,1,0,forward
4227,Let me know if this is the appropriate steps that you would like to see.,that,that,PRON,PronType=Rel,10,15,see,see,VERB,5,obj,NONE,9:ref,1,2,forward
4269,What do you think?,What,what,PRON,PronType=Int,1,4,think,think,VERB,3,obj,NONE,4:obj,1,0,forward
4272,Please send me an email response about whether you and Michelle Cash are OK with what he's written.,what,what,PRON,PronType=Int,16,19,written,write,VERB,3,obj,NONE,19:obj,1,0,forward
4273,"After that, what do we do?",what,what,PRON,PronType=Int,4,7,do,do,VERB,3,obj,NONE,7:obj,1,0,forward
4283,"We're formatting one this week, and we'll send it when it's done.",when,when,ADV,PronType=Int,13,16,done,done,ADJ,3,advmod,NONE,16:advmod,1,0,forward
4296,I agree with what the concern is below.,what,what,PRON,PronType=Int,4,2,agree,agree,VERB,2,advcl,NONE,2:advcl:with,1,1,backward
4299,Please let me know what type of statement I should make back to the customer.,what,what,DET,PronType=Int,5,6,type,type,NOUN,1,det,NONE,6:det,1,0,forward
4316,"For example, I am concerned when I buy the monthly bus passes and I have to fill in my SS number.",when,when,ADV,PronType=Int,7,9,buy,buy,VERB,2,advmod,NONE,9:advmod,1,0,forward
4317,"I do not feel secure at all to see my SS in so many databases at Enron, especially when some databases are from third-parties (out-sourcing).",when,when,ADV,PronType=Int,20,27,parties,party,NOUN,7,advmod,NONE,27:advmod,1,0,forward
4319,Please let me know how your organization can help the Enron employees feel safer about the safeguard of their SS number.,how,how,ADV,PronType=Int,5,9,help,help,VERB,4,advmod,NONE,9:advmod,1,0,forward
4326,The Leads who are responsible for Associates are as follows:,who,who,PRON,PronType=Rel,3,5,responsible,responsible,ADJ,2,nsubj,NONE,2:ref,1,0,forward
4346,Those who are not assigned an associate may also allocate points (a max of 150) at the meeting based on contribution to your areas for the first review period.,who,who,PRON,PronType=Rel,2,5,assigned,assign,VERB,3,nsubj:pass,pass,1:ref,1,0,forward
4362,I am vacation until the 22nd but Per is up to speed and I would like to make sure that you keep up with him and any HR / Legal activity that may occur.,that,that,PRON,PronType=Rel,32,34,occur,occur,VERB,2,nsubj,NONE,31:ref,1,0,forward
4365,"Let's discuss exactly what is involved here -- confidentiality, etc.",what,what,PRON,PronType=Int,5,7,involved,involve,VERB,2,nsubj:pass,pass,7:nsubj:pass,1,0,forward
4375,HBS will shadow Enron and a number of other companies over the next five years to assess how we react to market changes and to see how we morph during this time period.,how,how,ADV,PronType=Int,18,20,react,react,VERB,2,advmod,NONE,20:advmod,1,0,forward
4375,HBS will shadow Enron and a number of other companies over the next five years to assess how we react to market changes and to see how we morph during this time period.,how,how,ADV,PronType=Int,27,29,morph,morph,VERB,2,advmod,NONE,29:advmod,1,0,forward
4402,Please advise as to who his replacement is and their report date.,who,who,PRON,PronType=Int,5,2,advise,advise,VERB,3,advcl,NONE,2:advcl:as_to,1,1,backward
4411,Can you tell us where.,where,where,ADV,PronType=Int,5,3,tell,tell,VERB,2,advmod,NONE,3:advmod,1,0,backward
4418,Have you decided who will be assisting tax-wise for these two countries?,who,who,PRON,PronType=Int,4,7,assisting,assist,VERB,3,nsubj,NONE,7:nsubj,1,0,forward
4432,"How about Friday, Sept. 17, at 9 am (Houston time) which is 11 am (Sao Paulo) time?",which,which,PRON,PronType=Rel,15,17,11,11,NUM,2,nsubj,NONE,9:ref,1,0,forward
4451,This call has been changed to 3 pm (Houston time) which is 5 pm (Sao Paulo time).,which,which,PRON,PronType=Rel,13,15,5,5,NUM,2,nsubj,NONE,7:ref,1,0,forward
4472,"Can we reschedule the phone call for 9 am (Houston) which is 11 am (Sao Paulo) on Friday, Sept. 17?",which,which,PRON,PronType=Rel,13,15,11,11,NUM,2,nsubj,NONE,8:ref,1,0,forward
4475,"The conference call has been rescheduled for Friday, Sept. 17 at 9 am (Houston) which is 11 am (Sao Paulo).",which,which,PRON,PronType=Rel,18,20,11,11,NUM,2,nsubj,NONE,13:ref,1,0,forward
4482,I am currently working on guidelines for Argentina which will address both physical and financial trading.,which,which,PRON,PronType=Rel,9,11,address,address,VERB,2,nsubj,NONE,6:ref,1,0,forward
4485,I'm not exactly certain as to what you are looking for.,what,what,PRON,PronType=Int,8,11,looking,look,VERB,3,obl,NONE,11:obl:for,1,0,forward
4486,Obviously the foreign offices have issues that may not apply in the US (although LA. is about as close as you can get to a third world country).,that,that,PRON,PronType=Rel,7,10,apply,apply,VERB,3,nsubj,NONE,6:ref,1,0,forward
4487,One thing that doesn't show up in the attachment is the swap eligibility issue.,that,that,PRON,PronType=Rel,3,6,show,show,VERB,3,nsubj,NONE,2:ref,1,0,forward
4488,Let me know how I can help further.,how,how,ADV,PronType=Int,4,7,help,help,VERB,3,advmod,NONE,7:advmod,1,0,forward
4503,Joe asked that you fax the revised gtee wording that has been agreed (I believe it was our agreeing to reduce the claim period from 15 days down to 5) and the new l/c wording (drops the 2 day period to replace an l/c with a different bank if the first refuses to pay).,that,that,PRON,PronType=Rel,10,13,agreed,agree,VERB,3,nsubj:pass,pass,9:ref,1,0,forward
4512,To what do I owe this small pleasure?,what,what,PRON,PronType=Int,2,5,owe,owe,VERB,3,obl,NONE,5:obl:to,1,0,forward
4514,Where are you living these days?,Where,where,ADV,PronType=Int,1,4,living,live,VERB,3,advmod,NONE,4:advmod,1,0,forward
4560,Please review the attached memo to verify that I have identified all of the products that you are interested in trading in Brazil.,that,that,PRON,PronType=Rel,16,21,trading,trade,VERB,5,obj,NONE,15:ref,1,2,forward
4566,"Parties, attached is the promised ruling that provides procedural guidance for the hearings on 12/27 and 12/28.",that,that,PRON,PronType=Rel,8,9,provides,provide,VERB,1,nsubj,NONE,7:ref,1,0,forward
4654,"In which case, the only cost to Enron is the internal cost incurred to understand better the risks of getting fingered.",which,which,DET,PronType=Rel,2,3,case,case,NOUN,1,det,NONE,3:det,1,0,forward
4697,Just like what happened in Enron's initial VPP program they are find more interest in oil drilling projects rather than natural gas projects.,what,what,PRON,PronType=Rel,3,13,find,find,VERB,10,obl,NONE,4:nsubj;13:obl:like,2,1,forward
4698,"They are currently working on a bid (due 1/31) for the Medusa project which involves Murphy (operator), Agip and Callon in Mississippi Canyon Blocks #538 and #582.",which,which,PRON,PronType=Rel,16,17,involves,involve,VERB,1,nsubj,NONE,15:ref,1,0,forward
4702,Peggy is finding out where WD #143 pumps to onshore.,where,where,ADV,PronType=Int,5,9,pumps,pump,VERB,4,advmod,NONE,9:advmod,1,0,forward
4705,"It is far too early to expect Murphy to enter into a physical or financial contract, but Tom hopes to get us first and/or last look from Murphy when the time is right.",when,when,ADV,PronType=Int,32,36,right,right,ADJ,4,advmod,NONE,36:advmod,1,0,forward
4712,We typically only book deals when everything is signed off.,when,when,ADV,PronType=Int,6,9,signed,sign,VERB,3,advmod,NONE,9:advmod,1,0,forward
4718,"the primary reason we need these things is for the scenario where a muni does a derivative deal with an open-ended downside, loses $50 million, and then claims that it was not a valid contract.",where,where,ADV,PronType=Rel,12,15,does,do,VERB,3,advmod,NONE,11:ref,1,0,forward
4742,I'm not sure how I would have handled it.,how,how,ADV,PronType=Int,5,9,handled,handle,VERB,4,advmod,NONE,9:advmod,1,0,forward
4743,How's school going?,How,how,ADV,PronType=Int,1,4,going,go,VERB,3,advmod,NONE,4:advmod,1,0,forward
4747,What happened?,What,what,PRON,PronType=Int,1,2,happened,happen,VERB,1,nsubj,NONE,2:nsubj,1,0,forward
4753,Which I then realized I missed.,Which,which,PRON,PronType=Rel,1,6,missed,miss,VERB,5,obj,NONE,6:obj,1,0,forward
4755,I asked her if she had any relatives that would want to know of her whereabouts.,that,that,PRON,PronType=Rel,9,11,want,want,VERB,2,nsubj,NONE,8:ref,1,0,forward
4758,"A bus that runs through UofH arrived and I almost got on without her, but I couldn't do it.",that,that,PRON,PronType=Rel,3,4,runs,run,VERB,1,nsubj,NONE,2:ref,1,0,forward
4763,I told the bus driver where to drop her off.,where,where,ADV,PronType=Int,6,8,drop,drop,VERB,2,advmod,NONE,8:advmod,1,1,forward
4765,And I was relieved when Nicki called to let me know she was home safe.,when,when,ADV,PronType=Int,5,7,called,call,VERB,2,advmod,NONE,7:advmod,1,0,forward
4773,Is there anyone else in EGM that could participate?,that,that,PRON,PronType=Rel,7,9,participate,participate,VERB,2,nsubj,NONE,3:ref,1,0,forward
4780,The Analyst and Associate Programs recognize we have many Analyst needs that need to be addressed immediately.,that,that,PRON,PronType=Rel,12,13,need,need,VERB,1,nsubj,NONE,11:ref,1,0,forward
4787,"In addition, we will need the groups that have current needs to commit to taking one or more of these Analysts should they be extended an offer.",that,that,PRON,PronType=Rel,9,10,have,have,VERB,1,nsubj,NONE,8:ref,1,0,forward
4791,Where does our 50% (the 1.65 million dollars) show up?,Where,where,ADV,PronType=Int,1,12,show,show,VERB,11,advmod,NONE,12:advmod,1,0,forward
4797,This deviation shows that Eco definitely has a significant amount of option value which can be exploited with quick reactions and favourable market movements.,which,which,PRON,PronType=Rel,14,17,exploited,exploit,VERB,3,nsubj:pass,pass,10:ref,1,0,forward
4817,8. Where is the defined term Govt Authority used?,Where,where,ADV,PronType=Int,3,10,used,use,VERB,7,advmod,NONE,10:advmod,1,0,forward
4822,"11. In Events of Default, clause (a) refers to a dispute section which I'm not sure exists.",which,which,PRON,PronType=Rel,17,22,exists,exist,VERB,5,nsubj,NONE,16:ref,1,1,forward
4831,I have attempted to incorporate the changes that Jim has incorporated in our long form power agreement which ENA has suggested to date into the short form.,that,that,PRON,PronType=Rel,8,11,incorporated,incorporate,VERB,3,obj,NONE,7:ref,1,0,forward
4831,I have attempted to incorporate the changes that Jim has incorporated in our long form power agreement which ENA has suggested to date into the short form.,which,which,PRON,PronType=Rel,18,21,suggested,suggest,VERB,3,obj,NONE,7:ref,1,0,forward
4854,Our letter of credit person would be more comfortable if we deleted all of the language that makes the LC transferable.,that,that,PRON,PronType=Rel,17,18,makes,make,VERB,1,nsubj,NONE,16:ref,1,0,forward
4861,I understand that we are still reviewing the attachment that lists the open transactions.,that,that,PRON,PronType=Rel,10,11,lists,list,VERB,1,nsubj,NONE,9:ref,1,0,forward
4862,How are you making out on the revised version of the LOC?,How,how,ADV,PronType=Int,1,4,making,make,VERB,3,advmod,NONE,4:advmod,1,0,forward
4877,Here's everything that flows from 5/1/01 forward.,that,that,PRON,PronType=Rel,4,5,flows,flow,VERB,1,nsubj,NONE,3:ref,1,0,forward
4888,Does Attachment A to the Select EEI Master need to be updated or is the version that you sent to me the current version?,that,that,PRON,PronType=Rel,17,19,sent,send,VERB,2,obj,NONE,16:ref,1,0,forward
4894,"I spoke to Bob Bruce this morning - we're all set on the language in the Schedule to the ISDA, and there is a minor credit/billing issue in Paragraph 13 related to the timing of transfer of interest on collateral that Val will discuss with Ed as well.",that,that,PRON,PronType=Rel,45,48,discuss,discuss,VERB,3,obj,NONE,31:ref,1,0,forward
4895,"As far as the EEI goes, the only remaining issue that I'm aware of (aside from finalizing the LOC) is whether we've finished coordinating the Attachment containing the list of prior transactions.",that,that,PRON,PronType=Rel,12,15,aware,aware,ADJ,3,obl,NONE,11:ref,1,0,forward
4928,Our credit person doesn't understand why the transferability language needs to be eliminated.,why,why,ADV,PronType=Int,7,11,needs,need,VERB,4,advmod,NONE,11:advmod,1,0,forward
4929,It simply refers to the same ICC publication for the transfer process that governs the letter of credit generally.,that,that,PRON,PronType=Rel,13,14,governs,govern,VERB,1,nsubj,NONE,12:ref,1,0,forward
4930,Is there some specific concern that we can address?,that,that,PRON,PronType=Rel,6,9,address,address,VERB,3,obj,NONE,5:ref,1,0,forward
4941,I wanted you all to have a look at what we believe is the final draft.,what,what,PRON,PronType=Rel,10,8,look,look,NOUN,2,nmod,NONE,8:nmod:at;16:nsubj,2,0,backward
4944,"You will notice that Questar has requested a ""Payment Plan"" that details when they will pay Transwestern for the interconnect due to the recent Enron events.",that,that,PRON,PronType=Rel,13,14,details,detail,VERB,1,nsubj,NONE,11:ref,1,0,forward
4944,"You will notice that Questar has requested a ""Payment Plan"" that details when they will pay Transwestern for the interconnect due to the recent Enron events.",when,when,ADV,PronType=Int,15,18,pay,pay,VERB,3,advmod,NONE,18:advmod,1,0,forward
4946,"Also, you will notice this interconnect may not be subject to the CIAC tax gross up, but to protect ourselves, we have added language in Para 3.2 that protects us financially if the IRS ever comes back to determine that this interconnect is subject to the CIAC tax.",that,that,PRON,PronType=Rel,31,32,protects,protect,VERB,1,nsubj,NONE,27:ref,1,0,forward
4956,"As you look at this, if for some reason we cannot obtain ElPaso ROW, we will have to look at Plan B which would be to put the metering on our ROW.",which,which,PRON,PronType=Rel,26,30,put,put,VERB,4,nsubj:outer,outer,24:ref,1,1,forward
4958,"If you think that May 1 may be difficult due to receiving the parts/materials on a timely basis because of the issues that vendors may have with us because of recent Enron events, please let me know.",that,that,PRON,PronType=Rel,25,28,have,have,VERB,3,obj,NONE,24:ref,1,0,forward
4962,"Has a location, Theirs or TW land/ROW, been settled and when is the required in-service date?",when,when,ADV,PronType=Int,15,13,settled,settle,VERB,2,conj,NONE,13:conj:and,1,0,backward
4967,I wanted you all to have a look at what we believe is the final draft.,what,what,PRON,PronType=Rel,10,8,look,look,NOUN,2,nmod,NONE,8:nmod:at;16:nsubj,2,0,backward
4970,"You will notice that Questar has requested a ""Payment Plan"" that details when they will pay Transwestern for the interconnect due to the recent Enron events.",that,that,PRON,PronType=Rel,13,14,details,detail,VERB,1,nsubj,NONE,11:ref,1,0,forward
4970,"You will notice that Questar has requested a ""Payment Plan"" that details when they will pay Transwestern for the interconnect due to the recent Enron events.",when,when,ADV,PronType=Int,15,18,pay,pay,VERB,3,advmod,NONE,18:advmod,1,0,forward
4972,"Also, you will notice this interconnect may not be subject to the CIAC tax gross up, but to protect ourselves, we have added language in Para 3.that protects us financially if the IRS ever comes back to determine that this interconnect is subject to the CIAC tax.",that,that,PRON,PronType=Rel,31,32,protects,protect,VERB,1,nsubj,NONE,27:ref,1,0,forward
4990,"I was in a meeting last week and this was discussed (I don't remember if you were there or not) but I'm thinking that you may have already proceeded ahead for implementation which is great, thanks!",which,which,PRON,PronType=Rel,37,39,great,great,ADJ,2,nsubj,NONE,33:ref,1,0,forward
4993,How much notification would you like to give the TW customers before implementing the new TW Hotline phone number?,How,how,ADV,PronType=Int,1,2,much,much,ADJ,1,advmod,NONE,2:advmod,1,0,forward
4994,"We can do a Popup notification along with changing the number on the Web page, we can also put out a Critical message which will send an Email to customers.",which,which,PRON,PronType=Rel,25,27,send,send,VERB,2,nsubj,NONE,24:ref,1,0,forward
5002,The new TW Hotline was implemented Monday which included customer notification in the form of a Popup message in TMS and a Critical Notice which sent an Email.,which,which,PRON,PronType=Rel,8,9,included,include,VERB,1,nsubj,NONE,6:ref,1,0,forward
5002,The new TW Hotline was implemented Monday which included customer notification in the form of a Popup message in TMS and a Critical Notice which sent an Email.,which,which,PRON,PronType=Rel,25,26,sent,send,VERB,1,nsubj,NONE,24:ref,1,0,forward
5007,"I was in a meeting last week and this was discussed (I don't remember if you were there or not) but I'm thinking that you may have already proceeded ahead for implementation which is great, thanks!",which,which,PRON,PronType=Rel,37,39,great,great,ADJ,2,nsubj,NONE,33:ref,1,0,forward
5010,How much notification would you like to give the TW customers before implementing the new TW Hotline phone number?,How,how,ADV,PronType=Int,1,2,much,much,ADJ,1,advmod,NONE,2:advmod,1,0,forward
5011,"We can do a Popup notification along with changing the number on the Web page, we can also put out a Critical message which will send an Email to customers.",which,which,PRON,PronType=Rel,25,27,send,send,VERB,2,nsubj,NONE,24:ref,1,0,forward
5041,Please review and let me know what you think.,what,what,PRON,PronType=Int,7,9,think,think,VERB,2,obj,NONE,9:obj,1,0,forward
5048,It will also require someone who is fairly mature in their own spiritual journey.,who,who,PRON,PronType=Rel,6,9,mature,mature,ADJ,3,nsubj,NONE,5:ref,1,0,forward
5049,If you know someone who might fit the bill ask them to contact me and/or send me their resume.,who,who,PRON,PronType=Rel,5,7,fit,fit,VERB,2,nsubj,NONE,4:ref,1,0,forward
5063,Daniels is not set up for prepayments as they bill off an invoice and the main office and accounting had to create an invoice for a chromatograph that had not been delivered.,that,that,PRON,PronType=Rel,28,32,delivered,deliver,VERB,4,nsubj:pass,pass,27:ref,1,0,forward
5073,"As you look at this, if for some reason we cannot obtain ElPaso ROW, we will have to look at Plan B which would be to put the metering on our ROW.",which,which,PRON,PronType=Rel,26,30,put,put,VERB,4,nsubj:outer,outer,24:ref,1,1,forward
5075,"If you think that May 1 may be difficult due to receiving the parts/materials on a timely basis because of the issues that vendors may have with us because of recent Enron events, please let me know.",that,that,PRON,PronType=Rel,25,28,have,have,VERB,3,obj,NONE,24:ref,1,0,forward
5080,"My concern is that between now and then Dunn, the AG have the time and resources to make a heckuvalot of mischief, which could be detrimental to generators/marketers' claims.",which,which,PRON,PronType=Rel,25,28,detrimental,detrimental,ADJ,3,nsubj,NONE,19:ref,1,0,forward
5081,Investors are asking what Edison intends for QFs and generators--asking about haircuts in particular--and Edison is side-stepping the questions.,what,what,PRON,PronType=Int,4,6,intends,intend,VERB,2,obj,NONE,6:obj,1,0,forward
5084,You know when the meeting with schedulers will be?,when,when,ADV,PronType=Int,3,2,know,know,VERB,1,ccomp,NONE,2:ccomp,1,0,backward
5085,"I apologize, I'm on the road and haven't heard when that will be.",when,when,ADV,PronType=Int,13,16,be,be,AUX,3,advmod,NONE,16:advmod,1,0,forward
5092,"They're holding ""workshops"" on how it will all work soon.",how,how,ADV,PronType=Int,8,12,work,work,VERB,4,advmod,NONE,12:advmod,1,0,forward
5102,A state Senate committee is set today to start serving 16 subpoenas on electricity producers and officials who manage California's energy grid to determine whether they acted in concert to manipulate energy prices.,who,who,PRON,PronType=Rel,18,19,manage,manage,VERB,1,nsubj,NONE,15:ref,1,0,forward
5104,"Lawmakers and consumer groups allege that the events - directed by the man who heads the state's energy grid - fueled the California energy crisis, pushed the state into the power-buying business and helped make billions of dollars for power producers.",who,who,PRON,PronType=Rel,14,15,heads,head,VERB,1,nsubj,NONE,13:ref,1,0,forward
5105,"The central question behind the palace coup is whether Terry Winter, the president of the Independent System Operator, acted alone when he took steps to remove key price caps designed to limit the amount power generators could charge.",when,when,ADV,PronType=Int,23,25,took,take,VERB,2,advmod,NONE,25:advmod,1,0,forward
5106,"Winter defied his own board and Gov. Gray Davis when he filed a 50-page request to remove the caps, records and interviews show.",when,when,ADV,PronType=Int,10,12,filed,file,VERB,2,advmod,NONE,12:advmod,1,0,forward
5107,"""I don't know how these events could have taken place without some concerted effort,"" said Dunn.",how,how,ADV,PronType=Int,6,11,taken,take,VERB,5,advmod,NONE,11:advmod,1,0,forward
5110,"""The governor believes it was the defining moment, when what was a mounting problem turned into an instant crisis,"" Maviglio said.",when,when,ADV,PronType=Int,11,17,turned,turn,VERB,6,advmod,NONE,17:advmod,1,1,forward
5110,"""The governor believes it was the defining moment, when what was a mounting problem turned into an instant crisis,"" Maviglio said.",what,what,PRON,PronType=Rel,12,17,turned,turn,VERB,5,nsubj,NONE,16:nsubj;17:nsubj,2,1,forward
5117,What became known as the palace coup began on Oct. 26 when ISO board members voted for severe restrictions on the amount of money electricity producers could charge for power.,What,what,PRON,PronType=Rel,1,8,began,begin,VERB,7,nsubj,NONE,2:nsubj;3:nsubj:xsubj;8:nsubj,3,2,forward
5117,What became known as the palace coup began on Oct. 26 when ISO board members voted for severe restrictions on the amount of money electricity producers could charge for power.,when,when,ADV,PronType=Int,12,16,voted,vote,VERB,4,advmod,NONE,16:advmod,1,0,forward
5119,"""They (electricity generators) grinned and beared the $750 price cap, but this new plan by ISO was too much,"" said Dunn, whose committee has been investigating since March.",whose,whose,PRON,Poss=Yes|PronType=Rel,30,31,committee,committee,NOUN,1,nmod:poss,poss,28:ref,1,0,forward
5125,"He said the main aim of the subpoenas will be to determine whether collusion occurred to ""fix"" prices, which would violate federal trade laws.",which,which,PRON,PronType=Rel,22,24,violate,violate,VERB,2,nsubj,NONE,18:ref,1,0,forward
5129,What was left in place was a $250 price cap established five months earlier.,What,what,PRON,PronType=Rel,1,11,cap,cap,NOUN,10,nsubj,NONE,3:nsubj:pass;11:nsubj,2,1,forward
5131,"They began to withhold power from California, and on Dec. 7 the ISO declared its first Stage 3 emergency and braced for blackouts, which were narrowly averted.",which,which,PRON,PronType=Rel,26,29,averted,avert,VERB,3,nsubj:pass,pass,24:ref,1,0,forward
5132,What followed the next day is considered by the governor and Dunn to be the pivotal moment of the energy crisis.,What,what,PRON,PronType=Rel,1,7,considered,consider,VERB,6,nsubj:pass,pass,2:nsubj;7:nsubj:pass;17:nsubj:xsubj,3,2,forward
5133,"Winter, who in his position as president and chief operating officer of the ISO, submitted a 50-page emergency request, asking federal officials to abolish the $250 price cap.",who,who,PRON,PronType=Rel,3,17,submitted,submit,VERB,14,nsubj,NONE,1:ref,1,0,forward
5135,"Neither the ISO board, which had established the price cap, nor the governor learned of Winter's actions until the cap had been removed.",which,which,PRON,PronType=Rel,6,8,established,establish,VERB,2,nsubj,NONE,4:ref,1,0,forward
5136,"In fact, the attorney who helped draft the emergency request, Charles Robinson, was in a meeting with representatives of the governor and ISO board members just hours before the filing was made.",who,who,PRON,PronType=Rel,6,7,helped,help,VERB,1,nsubj,NONE,5:ref,1,0,forward
5140,"""The ISO staff sat in a meeting with the governor's key energy advisers with poker faces, not saying a word about something that was going on at the exact same moment,'' Maviglio said.",that,that,PRON,PronType=Rel,26,28,going,go,VERB,2,nsubj,NONE,25:ref,1,0,forward
5147,Instead they followed the skyrocketing price of natural gas - which is used to run power plants to generate electricity.,which,which,PRON,PronType=Rel,11,13,used,use,VERB,2,nsubj:pass,pass,9:ref,1,0,forward
5152,"Jan Smutney-Jones, who was the ISO board chairman at the time and executive director of a group that represents power generators, said Winter did not consult him about eliminating the price cap.",who,who,PRON,PronType=Rel,6,11,chairman,chairman,NOUN,5,nsubj,NONE,1:ref,1,0,forward
5152,"Jan Smutney-Jones, who was the ISO board chairman at the time and executive director of a group that represents power generators, said Winter did not consult him about eliminating the price cap.",that,that,PRON,PronType=Rel,21,22,represents,represent,VERB,1,nsubj,NONE,20:ref,1,0,forward
5155,"""He did what he thought had to be done at the time to keep the power flowing.""",what,what,PRON,PronType=Rel,4,3,did,do,VERB,1,obj,NONE,3:obj;7:nsubj;10:nsubj:xsubj,3,0,backward
5160,"""They (ISO management) did what any independent system operator would do.""",what,what,PRON,PronType=Rel,8,7,did,do,VERB,1,obj,NONE,7:obj;14:obj,2,0,backward
5161,What Dunn's committee hopes to learn is why all these events transpired.,What,what,PRON,PronType=Rel,1,9,why,why,ADV,8,nsubj,NONE,7:obj;9:nsubj,2,3,forward
5163,"""We don't know why he did what he did, but we are eager to find out,"" Dunn said.",why,why,ADV,PronType=Int,6,8,did,do,VERB,2,advmod,NONE,8:advmod,1,0,forward
5163,"""We don't know why he did what he did, but we are eager to find out,"" Dunn said.",what,what,PRON,PronType=Rel,9,8,did,do,VERB,1,obj,NONE,8:obj;11:obj,2,0,backward
5171,Any news on how SCE and SDG&E will move forward?,how,how,ADV,PronType=Int,4,9,move,move,VERB,5,advmod,NONE,9:advmod,1,0,forward
5187,"There is nothing wrong with a REAL negotiation, but nothing particularly helpful about generating one that s just for show.",that,that,PRON,PronType=Rel,17,21,show,show,NOUN,4,nsubj,NONE,16:ref,1,0,forward
5190,"As I have told RNR, I think we should advise Duke in writing that its IP is not in conformity with the contract, sinceit is in the alternative, and that our IP is hence the only one that will be before the arbitrators (since Duke clearly cannot change it's ineffective IP at this stage, having already seen ours).",that,that,PRON,PronType=Rel,42,47,arbitrators,arbitrator,NOUN,5,nsubj,NONE,41:ref,1,0,forward
5192,What say ye?,What,what,PRON,PronType=Int,1,2,say,say,VERB,1,obj,NONE,2:obj,1,0,forward
5197,"In addition, could you look over the list below to see if there are any additional employees in your group that spent time on ECP, so we can ensure we bill all of our used resources to ECP.",that,that,PRON,PronType=Rel,22,23,spent,spend,VERB,1,nsubj,NONE,18:ref,1,0,forward
5212,How does this look?,How,how,ADV,PronType=Int,1,4,look,look,VERB,3,advmod,NONE,4:advmod,1,0,forward
5221,"Justin, I have no knowledge of any bad faith actins Enron has pending inTexas but I will call Richard Sanders who manages domestic litgation here.",who,who,PRON,PronType=Rel,23,24,manages,manage,VERB,1,nsubj,NONE,21:ref,1,0,forward
5229,I guess the questions on which I should like your steer are: (a) Do you have a particular sensitivity about the reference to bad faith proceedings made by United India?,which,which,PRON,PronType=Rel,6,9,like,like,VERB,3,obl,NONE,4:ref,1,0,forward
5234,"Not when I was there, but I wasn't there the whole time.",when,when,ADV,PronType=Int,2,5,there,there,ADV,3,advmod,NONE,5:advmod,1,0,forward
5250,"As I mentioned, please let me know when it is ready, and I will send someone to pick it up.",when,when,ADV,PronType=Int,9,12,ready,ready,ADJ,3,advmod,NONE,12:advmod,1,0,forward
5273,Richard - please let me know what we need to do next to file suit.,what,what,PRON,PronType=Int,7,11,do,do,VERB,4,obj,NONE,11:obj,1,2,forward
5286,Richard - please let me know what we need to do next to file suit.,what,what,PRON,PronType=Int,7,11,do,do,VERB,4,obj,NONE,11:obj,1,2,forward
5293,I passed along to Liz Austin your request regarding pleadings A&K has filed setting forth the Trustee's position in connection with the enforcement/nonenforcement of the power contracts and what remedies the Trustee is seeking.,what,what,DET,PronType=Int,32,33,remedies,remedy,NOUN,1,det,NONE,33:det,1,0,forward
5317,"The real purpose of my call, however, is related to the services we will provide to support the aspirational statements of the Protocol.",however,however,ADV,_,8,11,related,related,ADJ,3,advmod,NONE,11:advmod,1,0,forward
5318,I am a member of the design group that has been developing the American Arbitration Association's dispute management systems and services for eCommerce B2B transactions.?,that,that,PRON,PronType=Rel,9,12,developing,develop,VERB,3,nsubj,NONE,8:ref,1,0,forward
5323,The real focus of the meeting will be on how we should build these services to meet the needs of businesses operating in B2B marketplaces.?,how,how,ADV,PronType=Int,10,13,build,build,VERB,3,advmod,NONE,13:advmod,1,0,forward
5324,We are very concerned with providing services that are relevant to that environment.,that,that,PRON,PronType=Rel,8,10,relevant,relevant,ADJ,2,nsubj,NONE,7:ref,1,0,forward
5326,"Please let me know what is possible, and feel free to give me a call if you have any questions (978-376-9004).",what,what,PRON,PronType=Int,5,7,possible,possible,ADJ,2,nsubj,NONE,7:nsubj,1,0,forward
5345,A team of San Diego's best anti-trust and class action attorneys has been assembled to take on the electric generators and marketers in California state court in an effort to return the electricity overcharges that have battered San Diego and the rest of California this year.,that,that,PRON,PronType=Rel,36,38,battered,batter,VERB,2,nsubj,NONE,35:ref,1,0,forward
5357,"How can I say such an abomination, ask you?",How,how,ADV,PronType=Int,1,4,say,say,VERB,3,advmod,NONE,4:advmod,1,0,forward
5358,"Look around you and notice all the mind numbing trailor trash cretins out there who should not be procreating, yet they do.",who,who,PRON,PronType=Rel,15,19,procreating,procreate,VERB,4,nsubj,NONE,12:ref,1,0,forward
5359,These are the people who keep Jerry springer on the air.,who,who,PRON,PronType=Rel,5,6,keep,keep,VERB,1,nsubj,NONE,4:ref,1,0,forward
5360,"These are the kids who will destroy society, because of the crapfest the American family has become under the post hippie culture, you heard again.",who,who,PRON,PronType=Rel,5,7,destroy,destroy,VERB,2,nsubj,NONE,4:ref,1,0,forward
5362,"Not so, Kids are what kids are and will do what they do.",what,what,PRON,PronType=Rel,6,2,so,so,ADV,4,parataxis,NONE,2:parataxis,1,0,backward
5362,"Not so, Kids are what kids are and will do what they do.",what,what,PRON,PronType=Rel,12,11,do,do,VERB,1,obj,NONE,11:obj;14:obj,2,0,backward
5365,"It's the bad parents out there who fuck up their lives and dont seem to understand that once you decide to have kids, it is indeed time to grow up and be a responsible role model for those kids.",who,who,PRON,PronType=Rel,8,9,fuck,fuck,VERB,1,nsubj,NONE,5:ref,1,0,forward
5367,"And this is a direct result of the Politically correct, permissive, time out granting bullshit liberal culture that has caused this.",that,that,PRON,PronType=Rel,20,22,caused,cause,VERB,2,nsubj,NONE,19:ref,1,0,forward
5368,"When you blame it all on society, there's noone to to take responsibility and all of a sudden you have generation of fucked up kids who are likley smoking, drinking, doing drugs, fucking the neighbor or some internet perv just because you are too lazy to see waht they're doing.",When,when,ADV,PronType=Int,1,3,blame,blame,VERB,2,advmod,NONE,3:advmod,1,0,forward
5368,"When you blame it all on society, there's noone to to take responsibility and all of a sudden you have generation of fucked up kids who are likley smoking, drinking, doing drugs, fucking the neighbor or some internet perv just because you are too lazy to see waht they're doing.",who,who,PRON,PronType=Rel,28,31,smoking,smoke,VERB,3,nsubj,NONE,27:ref,1,0,forward
5368,"When you blame it all on society, there's noone to to take responsibility and all of a sudden you have generation of fucked up kids who are likley smoking, drinking, doing drugs, fucking the neighbor or some internet perv just because you are too lazy to see waht they're doing.",waht,what,PRON,PronType=Int|Typo=Yes,53,56,doing,do,VERB,3,obj,NONE,56:obj,1,0,forward
5374,"You made a choice to be a mommy, you dont get a break until they move out, thats the choice that you madea and that's life.",that,that,PRON,PronType=Rel,25,27,madea,make,VERB,2,obj,NONE,24:ref,1,0,forward
5377,"Another time I'll segueway into all the fun work related instances where ""Mommies"" get out of doing work and hiding behind childcare as the reason.",where,where,ADV,PronType=Int,13,17,get,get,VERB,4,advmod,NONE,17:advmod,1,0,forward
5382,It looks like NASA is ready to sour again after it's devastating loss from the Columbia accident which occurred nearly two years ago.,which,which,PRON,PronType=Rel,18,19,occurred,occur,VERB,1,nsubj,NONE,17:ref,1,0,forward
5384,"The most important question isn't whether Discovery is technically ready to fly with new safety features and emergency procedures, but whether the agency itself has learned from the crucial errors most common to Challenger and Columbia, errors that grew out of a management culture that discouraged criticism and sacrificed safety for image-puffing and budget-cutting.",that,that,PRON,PronType=Rel,41,42,grew,grow,VERB,1,nsubj,NONE,40:ref,1,0,forward
5384,"The most important question isn't whether Discovery is technically ready to fly with new safety features and emergency procedures, but whether the agency itself has learned from the crucial errors most common to Challenger and Columbia, errors that grew out of a management culture that discouraged criticism and sacrificed safety for image-puffing and budget-cutting.",that,that,PRON,PronType=Rel,48,49,discouraged,discourage,VERB,1,nsubj,NONE,47:ref,1,0,forward
5386,"Seeing another ""Columbia"" incident can be quite frightening (I woke up to it early in the morning when I was in Texas).",when,when,ADV,PronType=Int,21,25,Texas,Texas,PROPN,4,advmod,NONE,25:advmod,1,0,forward
5387,We don't need another incident as exploring the cosmos is something that keeps our imagination going as a species.,that,that,PRON,PronType=Rel,13,14,keeps,keep,VERB,1,nsubj,NONE,12:ref,1,0,forward
5389,"You do have to give NASA credit on some things as they have eliminated the ""fear of reporting failure"" culture that probably led to the lack of reporting defects on the Columbia shuttle.",that,that,PRON,PronType=Rel,23,25,led,lead,VERB,2,nsubj,NONE,22:ref,1,0,forward
5412,When the healthy treat the sick with scorn and intolerance it brings us all down.,When,when,ADV,PronType=Int,1,4,treat,treat,VERB,3,advmod,NONE,4:advmod,1,0,forward
5413,"When those lucky enough not to have Herpes create a climate of shame and indignity for those of us who do, not only are they hurting us, but they are hurting themselves.",When,when,ADV,PronType=Int,1,9,create,create,VERB,8,advmod,NONE,9:advmod,1,2,forward
5413,"When those lucky enough not to have Herpes create a climate of shame and indignity for those of us who do, not only are they hurting us, but they are hurting themselves.",who,who,PRON,PronType=Rel,20,21,do,do,VERB,1,nsubj,NONE,17:ref,1,0,forward
5415,What you project will always come back to either reward or haunt you.,What,what,PRON,PronType=Rel,1,6,come,come,VERB,5,nsubj,NONE,3:obj;6:nsubj,2,1,forward
5417,Jesus said that what you do the least of the people you do to him.,what,what,PRON,PronType=Rel,4,13,do,do,VERB,9,obj,NONE,6:obj;13:obj,2,1,forward
5418,What are you doing to the least of the people?,What,what,PRON,PronType=Int,1,4,doing,do,VERB,3,obj,NONE,4:obj,1,0,forward
5420,"Remember that what you do to yourself affects me and everybody else, remember that what you do to me and anyone else shapes your destiny.",what,what,PRON,PronType=Rel,3,8,affects,affect,VERB,5,nsubj,NONE,5:obj;8:nsubj,2,1,forward
5420,"Remember that what you do to yourself affects me and everybody else, remember that what you do to me and anyone else shapes your destiny.",what,what,PRON,PronType=Rel,16,24,shapes,shape,VERB,8,nsubj,NONE,18:obj;24:nsubj,2,1,forward
5421,"No matter what progress we make as individuals in becoming healthier, we will never achieve real health until we collectively decide to create a healthier reality.",what,what,DET,PronType=Int,3,4,progress,progress,NOUN,1,det,NONE,4:det,1,0,forward
5432,What are you searching for?,What,what,PRON,PronType=Int,1,4,searching,search,VERB,3,obl,NONE,4:obl:for,1,0,forward
5437,"Whether you are looking for a part-time income to help pay off your debts or you are looking for the freedom offered by working from home on a full time basis, Agel is the vehicle that can make that happen.",that,that,PRON,PronType=Rel,39,41,make,make,VERB,2,nsubj,NONE,38:ref,1,0,forward
5454,Agel has created a new compensation structure that is truly revolutionary.,that,that,PRON,PronType=Rel,8,11,revolutionary,revolutionary,ADJ,3,nsubj,NONE,7:ref,1,0,forward
5462,The Agel compensation plan includes the principles that ensure that promise can be fulfilled for those who work at it.,that,that,PRON,PronType=Rel,8,9,ensure,ensure,VERB,1,nsubj,NONE,7:ref,1,0,forward
5462,The Agel compensation plan includes the principles that ensure that promise can be fulfilled for those who work at it.,who,who,PRON,PronType=Rel,17,18,work,work,VERB,1,nsubj,NONE,16:ref,1,0,forward
5467,"You will discover: · How to Create the Security of Residual Income; · Why Agel is the Best Vehicle to Live Your Dreams; · The Amazing Scientific Breakthrough Behind the Products; · How the ""Quadra-Plan"" Builds Bigger Bonus Checks Faster; · The Support System in Place to Help You Build Stronger; and · The Secret to Lock in a ""Legacy"" Position!",How,how,ADV,PronType=Int,6,8,Create,create,VERB,2,advmod,NONE,8:advmod,1,1,forward
5467,"You will discover: · How to Create the Security of Residual Income; · Why Agel is the Best Vehicle to Live Your Dreams; · The Amazing Scientific Breakthrough Behind the Products; · How the ""Quadra-Plan"" Builds Bigger Bonus Checks Faster; · The Support System in Place to Help You Build Stronger; and · The Secret to Lock in a ""Legacy"" Position!",Why,why,ADV,PronType=Int,16,21,Vehicle,vehicle,NOUN,5,advmod,NONE,21:advmod,1,0,forward
5467,"You will discover: · How to Create the Security of Residual Income; · Why Agel is the Best Vehicle to Live Your Dreams; · The Amazing Scientific Breakthrough Behind the Products; · How the ""Quadra-Plan"" Builds Bigger Bonus Checks Faster; · The Support System in Place to Help You Build Stronger; and · The Secret to Lock in a ""Legacy"" Position!",How,how,ADV,PronType=Int,37,44,Builds,build,VERB,7,advmod,NONE,44:advmod,1,0,forward
5480,"We now present the kaoshikii dance, which is excellent before and after yoga postures.",which,which,PRON,PronType=Rel,8,10,excellent,excellent,ADJ,2,nsubj,NONE,6:ref,1,0,forward
5485,Kaoshikii is a dance which was invented in 1978 by Shrii Shrii A'nandamu'rti.,which,which,PRON,PronType=Rel,5,7,invented,invent,VERB,2,nsubj:pass,pass,4:ref,1,0,forward
5526,"When the dancers start the step with the beat of ""dhin, dhin..."", the mental ideation should also be kept.",When,when,ADV,PronType=Int,1,4,start,start,VERB,3,advmod,NONE,4:advmod,1,0,forward
5528,"The two hands when upraised and folded together represent: ""Now I am trying to establish a link with Parama Purus'a (Supreme Consciousness).""",when,when,ADV,PronType=Int,4,5,upraised,upraise,VERB,1,advmod,NONE,5:advmod,1,0,forward
5530,"Bending to the left indicates: ""I know how to fulfil Your demands.""",how,how,ADV,PronType=Int,10,12,fulfil,fulfil,VERB,2,advmod,NONE,12:advmod,1,1,forward
5532,"Bending backward represents: ""I am ready to face all obstacles that may come.""",that,that,PRON,PronType=Rel,13,15,come,come,VERB,2,nsubj,NONE,12:ref,1,0,forward
5537,"Dr. Eric Fortier, 34, of Gatineau, Que., used a pocket knife to attack a polar bear on Baffin Island, just south of the Arctic Circle, to save two friends who were being mauled.",who,who,PRON,PronType=Rel,36,39,mauled,maul,VERB,3,nsubj:pass,pass,35:ref,1,0,forward
5538,"""All of the research and all of the preparation I did leading up to the trip gave no indication that there were bears in the Soper [River] valley where we were canoeing,"" Dr. Fortier said.",where,where,ADV,PronType=Rel,32,35,canoeing,canoe,VERB,3,advmod,NONE,31:ref,1,0,forward
5539,"Dr. Fortier, an orthodontist, learned there was at least one polar bear in the central region of Baffin Island in July 2001 when he felt what he thought was a dog leaning on his tent wall.",when,when,ADV,PronType=Int,25,27,felt,feel,VERB,2,advmod,NONE,27:advmod,1,0,forward
5539,"Dr. Fortier, an orthodontist, learned there was at least one polar bear in the central region of Baffin Island in July 2001 when he felt what he thought was a dog leaning on his tent wall.",what,what,PRON,PronType=Rel,28,27,felt,feel,VERB,1,obj,NONE,27:obj;33:nsubj,2,0,backward
5548,"Dr. Fortier threw a large rock at the bear, distracting it and allowing Parenteau to escape but it then turned on 25-year-old Patricia Doyon, who was in the same tent.",who,who,PRON,PronType=Rel,31,36,tent,tent,NOUN,5,nsubj,NONE,28:ref,1,0,forward
5555,"Both Mr. Parenteau and Ms. Doyon, however, were bleeding badly.",however,however,ADV,_,8,11,bleeding,bleed,VERB,3,advmod,NONE,11:advmod,1,0,forward
5560,"The bronze medal is given to people who ""risk their lives to an extraordinary degree while saving or attempting to save the lives of others.""",who,who,PRON,PronType=Rel,8,10,risk,risk,VERB,2,nsubj,NONE,7:ref,1,0,forward
5561,"The other Canadian recipient of the medal was Ronald Joseph Crawford, 42, of Hamilton, who was killed Aug. 4, 2002, while trying to defend a Hamilton sandwich shop owner from a robber wielding a knife.",who,who,PRON,PronType=Rel,18,20,killed,kill,VERB,2,nsubj:pass,pass,9:ref,1,0,forward
5563,U.S. industrialist Andrew Carnegie started a hero fund in 1904 after being inspired by rescue stories from a mine disaster that killed 181 people.,that,that,PRON,PronType=Rel,21,22,killed,kill,VERB,1,nsubj,NONE,20:ref,1,0,forward
5583,"When Sabeer Bhatia came up with the business plan for the mail service, he tried all kinds of names ending in 'mail' and finally settled for hotmail as it included the letters ""html"" - the programming language used to write web pages.",When,when,ADV,PronType=Int,1,4,came,come,VERB,3,advmod,NONE,4:advmod,1,0,forward
5593,Coined by Bill Gates to represent the company that was devoted to MICROcomputer SOFTware.,that,that,PRON,PronType=Rel,9,11,devoted,devoted,ADJ,2,nsubj,NONE,8:ref,1,0,forward
5596,Founder Paul Galvin came up with this name when his company started manufacturing radios for cars.,when,when,ADV,PronType=Int,9,12,started,start,VERB,3,advmod,NONE,12:advmod,1,0,forward
5602,The project eventually was terminated but Larry and Bob decided to finish what they started and bring it to the world.,what,what,PRON,PronType=Rel,13,12,finish,finish,VERB,1,obj,NONE,12:obj;15:obj,2,0,backward
5612,It represents a person who is repulsive in appearance and action and is barely human.,who,who,PRON,PronType=Rel,5,7,repulsive,repulsive,ADJ,2,nsubj,NONE,4:ref,1,0,forward
5617,"There are already several forums around the net focused on discussing Guild Wars, so why create a new one?",why,why,ADV,PronType=Int,16,17,create,create,VERB,1,advmod,NONE,17:advmod,1,0,forward
5618,I say why not?,why,why,ADV,PronType=Int,3,4,not,not,PART,1,advmod,NONE,4:advmod,1,0,forward
5633,"Oh well, I'll get it when it comes out in Febuary.",when,when,ADV,PronType=Int,8,10,comes,come,VERB,2,advmod,NONE,10:advmod,1,0,forward
5635,BUT they stated that they will take as long as it takes to work out all the bugs so who really know how long.,who,who,PRON,PronType=Int,20,22,know,know,VERB,2,nsubj,NONE,22:nsubj,1,0,forward
5635,BUT they stated that they will take as long as it takes to work out all the bugs so who really know how long.,how,how,ADV,PronType=Int,23,24,long,long,ADV,1,advmod,NONE,24:advmod,1,0,forward
5636,as far as pre order go to and they have a list of major retailers that carry it there are also a few websites that you could order it off of.,that,that,PRON,PronType=Rel,16,17,carry,carry,VERB,1,nsubj,NONE,15:ref,1,0,forward
5636,as far as pre order go to and they have a list of major retailers that carry it there are also a few websites that you could order it off of.,that,that,PRON,PronType=Rel,25,28,order,order,VERB,3,obl,NONE,24:ref,1,0,forward
5638,"I was kind of curious, what exactly is Guild Wars?",what,what,PRON,PronType=Int,7,5,curious,curious,ADJ,2,ccomp,NONE,5:ccomp,1,0,backward
5650,We are a consortium of legit honorable guilds that was established in 1997 for DI and we are now adding GW to the list of games played.,that,that,PRON,PronType=Rel,9,11,established,establish,VERB,2,nsubj:pass,pass,4:ref,1,0,forward
5652,It was formed to allow many different guilds who were all strictly honorable to come together as a family and allow them many people to game with.,who,who,PRON,PronType=Rel,9,13,honorable,honorable,ADJ,4,nsubj,NONE,8:ref,1,0,forward
5654,We are also a group who is looking for members for our own select guild called ULGG of GW...which is a part of the alliance with the same name.,who,who,PRON,PronType=Rel,6,8,looking,look,VERB,2,nsubj,NONE,5:ref,1,0,forward
5654,We are also a group who is looking for members for our own select guild called ULGG of GW...which is a part of the alliance with the same name.,which,which,PRON,PronType=Rel,21,24,part,part,NOUN,3,nsubj,NONE,15:ref,1,0,forward
5665,I will inform when we are up and running again.,when,when,ADV,PronType=Int,4,7,up,up,ADV,3,advmod,NONE,7:advmod,1,0,forward
5676,We are the enemy in what has become a domestic war against ourselves.,what,what,PRON,PronType=Rel,6,4,enemy,enemy,NOUN,2,nmod,NONE,4:nmod:in;8:nsubj,2,0,backward
5678,You who like the tough talk of Tough on Crime?,who,who,PRON,PronType=Rel,2,3,like,like,VERB,1,nsubj,NONE,1:ref,1,0,forward
5679,You who watch as budgets are cut in education and health care while you militarize a police force?,who,who,PRON,PronType=Rel,2,3,watch,watch,VERB,1,nsubj,NONE,1:ref,1,0,forward
5681,And what is there to show for it?,what,what,PRON,PronType=Int,2,3,is,be,VERB,1,nsubj,NONE,3:nsubj,1,0,forward
5686,"More like a cohesive society with a shared sense of purpose, who can identify Us and Them?",who,who,PRON,PronType=Rel,13,15,identify,identify,VERB,2,nsubj,NONE,5:ref,1,0,forward
5690,"Please know that I have yet to meet a convict who wants their child to be a thief, an addict, a dealer, a prostitute, or a violent individual.",who,who,PRON,PronType=Rel,11,12,wants,want,VERB,1,nsubj,NONE,10:ref,1,0,forward
5691,"Most of us still have hope for ourselves even when stuck in the darkest dilemmas, ruts and catch-22s.",when,when,ADV,PronType=Int,10,11,stuck,stuck,ADJ,1,advmod,NONE,11:advmod,1,0,forward
5699,Do you have the heart to face monumental failures while bravely struggling beyond where we are now?,where,where,ADV,PronType=Rel,14,12,struggling,struggle,VERB,2,obl,NONE,12:obl:beyond,1,0,backward
5700,"I know that some of you are, and that some of us are, and this is what gives me hope.",what,what,PRON,PronType=Rel,19,2,know,know,VERB,17,conj,NONE,2:conj:and;20:nsubj,2,3,backward
5702,"It is never over, especially when a real solution, a real treatment for our sickness, is yet to begin.",when,when,ADV,PronType=Int,7,22,begin,begin,VERB,15,advmod,NONE,22:advmod,1,1,forward
5710,"Subject: Where can I get the necessary software to get a ""smart"" mail system running on my machine that will take advantage of the postings in comp.mail.maps? (E.g., pathalias, smail, etc.)",Where,where,ADV,PronType=Int,3,6,get,get,VERB,3,advmod,NONE,6:advmod,1,0,forward
5710,"Subject: Where can I get the necessary software to get a ""smart"" mail system running on my machine that will take advantage of the postings in comp.mail.maps? (E.g., pathalias, smail, etc.)",that,that,PRON,PronType=Rel,22,24,take,take,VERB,2,nsubj,NONE,17:ref,1,0,forward
5712,"If sites next to you don't have what you want, contact your nearest comp.sources.unix archive, or the moderator.",what,what,PRON,PronType=Rel,9,8,have,have,VERB,1,obj,NONE,8:obj;11:obj,2,0,backward
5715,"Subject: What is ""food for the NSA line-eater""?",What,what,PRON,PronType=Int,3,6,food,food,NOUN,3,nsubj,NONE,6:nsubj,1,0,forward
5726,"I came to know of you in my search for a reliable and reputable person to handle a very confidential business transaction, which involves the transfer of a huge sum of money to an account requiring maximum confidence.",which,which,PRON,PronType=Rel,24,25,involves,involve,VERB,1,nsubj,NONE,22:ref,1,0,forward
5727,I am writing you in absolute confidence primarily to seek your assistance in acquiring oil funds that are presently trapped in the republic of Iraq.,that,that,PRON,PronType=Rel,17,20,trapped,trap,VERB,3,nsubj:pass,pass,16:ref,1,0,forward
5728,"My partners and I solicit your assistance in completing a transaction begun by my father, who has long been actively engaged in the extraction of petroleum in the United States of America, and bravely served his country as director of the United States Central Intelligence Agency.",who,who,PRON,PronType=Rel,17,22,engaged,engage,VERB,5,nsubj:pass,pass,15:ref,1,0,forward
5730,"This unsuccessful venture was soon followed by a falling-out with his Iraqi partner, who sought to acquire additional oil revenue sources in the neighboring emirate of Kuwait, a wholly-owned U.S.-British subsidiary.",who,who,PRON,PronType=Rel,17,18,sought,seek,VERB,1,nsubj,NONE,15:ref,1,0,forward
5735,"Unfortunately, our partners from 1991 are not willing to shoulder the burden of this new venture, which in its upcoming phase may cost the sum of 100 billion to 200 billion dollars ($100,000,000,000 - $200,000,000,000), both in the initial acquisition and in long-term management.",which,which,PRON,PronType=Rel,19,25,cost,cost,VERB,6,nsubj,NONE,17:ref,1,0,forward
5738,"Our distinguished colleagues in this business transaction include the sitting vice-president of the United States of America, Richard Cheney, who is an original partner in the Iraq venture and former head of the Halliburton oil company, and Condoleeza Rice, whose professional dedication to the venture was demonstrated in the naming of a Chevron oil tanker after her.",who,who,PRON,PronType=Rel,22,26,partner,partner,NOUN,4,nsubj,NONE,11:ref,1,0,forward
5738,"Our distinguished colleagues in this business transaction include the sitting vice-president of the United States of America, Richard Cheney, who is an original partner in the Iraq venture and former head of the Halliburton oil company, and Condoleeza Rice, whose professional dedication to the venture was demonstrated in the naming of a Chevron oil tanker after her.",whose,whose,PRON,Poss=Yes|PronType=Rel,44,46,dedication,dedication,NOUN,2,nmod:poss,poss,41:ref,1,0,forward
5758,"Amid worsening conditions, officials plan to evacuate a New Orleans stadium where up to 20,000 people took shelter.",where,where,ADV,PronType=Rel,13,18,took,take,VERB,5,advmod,NONE,12:ref,1,0,forward
5766,She had to hack her way through the ceiling of her beauty shop as flood waters rose in the city of half a million people - much of which lies below sea level.,which,which,PRON,PronType=Rel,29,27,much,much,ADJ,2,nmod,NONE,20:ref,1,0,backward
5775,"""Some sections of the city which are dry now could see nine or 10 feet (some 3m) of water,"" he said.",which,which,PRON,PronType=Rel,7,9,dry,dry,ADJ,2,nsubj,NONE,3:ref,1,0,forward
5786,"""I can only imagine that this is what Hiroshima looked like 60 years ago,"" said Mississippi Governor Haley Barbour after viewing the destruction from the air.",what,what,PRON,PronType=Rel,9,5,imagine,imagine,VERB,4,ccomp,NONE,5:ccomp;11:obl:like,2,1,backward
5787,"Survivors are being found all the time, including two children who lost their parents.",who,who,PRON,PronType=Rel,12,13,lost,lose,VERB,1,nsubj,NONE,11:ref,1,0,forward
5790,"In Biloxi, 30 people were reported dead in one block of flats which was hit by a 9m (30ft) ""storm surge"".",which,which,PRON,PronType=Rel,14,16,hit,hit,VERB,2,nsubj:pass,pass,11:ref,1,0,forward
5796,"President George W Bush, who has cut his holiday two days short, has called on Americans to donate to the Red Cross or other organisations.",who,who,PRON,PronType=Rel,6,8,cut,cut,VERB,2,nsubj,NONE,2:ref,1,0,forward
5812,How much money does the USA give NASA per year?,How,how,ADV,PronType=Int,1,2,much,much,ADJ,1,advmod,NONE,2:advmod,1,0,forward
5818,This is a $200 million increase over what NASA received for fiscal year 2004.,what,what,PRON,PronType=Rel,9,7,increase,increase,NOUN,2,nmod,NONE,7:nmod:over;11:obj,2,0,backward
5834,"""The Senate Appropriations Committee used a somewhat controversial technique Tuesday to increase NASA's fiscal year 2005 budget by $200 million over what President Bush requested.",what,what,PRON,PronType=Int,25,28,requested,request,VERB,3,obj,NONE,28:obj,1,0,forward
5835,"The committee voted to give NASA $16.4 billion in 2005, about $200 million more than what the President requested and over $1 billion more than what House appropriators approved in July.""",what,what,PRON,PronType=Rel,19,17,more,more,ADJ,2,obl,NONE,17:obl:than;22:obj,2,0,backward
5835,"The committee voted to give NASA $16.4 billion in 2005, about $200 million more than what the President requested and over $1 billion more than what House appropriators approved in July.""",what,what,PRON,PronType=Rel,30,28,more,more,ADJ,2,obl,NONE,28:obl:than;33:obj,2,0,backward
5847,"Also, from their own webpage, reasons why NASA is important, in a 5th grade format.",why,why,ADV,PronType=Rel,9,12,important,important,ADJ,3,advmod,NONE,8:ref,1,0,forward
5848,I guess if you are someone not familiar with how NASA benefits our society I can see how one might form the opinion of yheggy-ga.,how,how,ADV,PronType=Int,10,12,benefits,benefit,VERB,2,advmod,NONE,12:advmod,1,0,forward
5848,I guess if you are someone not familiar with how NASA benefits our society I can see how one might form the opinion of yheggy-ga.,how,how,ADV,PronType=Int,18,21,form,form,VERB,3,advmod,NONE,21:advmod,1,0,forward
5849,"Let me put it this way - If you have watched TV recently, crossed a modern bridge, flown in an airplane, recieved any form of modern medicine, did any mathematics, drove a car, used a cellular phone, etc. then you have somehow directly reaped the rewards which NASA has returned to us.",which,which,PRON,PronType=Rel,54,57,returned,return,VERB,3,obj,NONE,53:ref,1,0,forward
5866,"In quick summary, Beyond Control, a local band in our area, is sponoring a benefit for a cancer victim whose benefits have run out.",whose,whose,PRON,Poss=Yes|PronType=Rel,23,24,benefits,benefit,NOUN,1,nmod:poss,poss,22:ref,1,0,forward
5867,"That band is involved in a local competition which promises a $5000 first prize, which they would like to win in order to donate it to the benefit fund which they have started.",which,which,PRON,PronType=Rel,9,10,promises,promise,VERB,1,nsubj,NONE,8:ref,1,0,forward
5867,"That band is involved in a local competition which promises a $5000 first prize, which they would like to win in order to donate it to the benefit fund which they have started.",which,which,PRON,PronType=Rel,17,22,win,win,VERB,5,obj,NONE,15:ref,1,2,forward
5867,"That band is involved in a local competition which promises a $5000 first prize, which they would like to win in order to donate it to the benefit fund which they have started.",which,which,PRON,PronType=Rel,32,35,started,start,VERB,3,obj,NONE,31:ref,1,0,forward
5869,"What we are trying to do is solicit votes for the band, in order to put them in first place.",What,what,PRON,PronType=Rel,1,8,solicit,solicit,VERB,7,nsubj:outer,outer,6:obj;8:nsubj:outer,2,3,forward
5885,I am sending you some info that I have passed along regarding the effort to win the cash for the fund raising benefit.,that,that,PRON,PronType=Rel,7,10,passed,pass,VERB,3,obj,NONE,6:ref,1,0,forward
5905,"Abby Freeman is our good friend who has non-Hodgkin lymphoma, and she needs your help!",who,who,PRON,PronType=Rel,7,8,has,have,VERB,1,nsubj,NONE,6:ref,1,0,forward
5907,"Abby has three wonderful young children, and friends who love her and need her.",who,who,PRON,PronType=Rel,10,11,love,love,VERB,1,nsubj,NONE,9:ref,1,0,forward
5912,"Bands, food, and prizes are sponsored by Beyond Control, who will be competing in the Band of the Year Contest at the River Front Festival in Cuyahoga Falls on July 1.",who,who,PRON,PronType=Rel,13,16,competing,compete,VERB,3,nsubj,NONE,11:ref,1,0,forward
5913,"The winner of this competition will receive $5000, which Beyond Control hopes to win in order to donate it to the Abby Freeman fund.",which,which,PRON,PronType=Rel,11,16,win,win,VERB,5,obj,NONE,8:ref,1,2,forward
5923,"The connection, however, lies in an order issued last year by President Hu Jintao to seek secure oil supplies abroad - preferably ones which could not be stopped by America in case of conflict over Taiwan.",however,however,ADV,_,4,6,lies,lie,VERB,2,advmod,NONE,6:advmod,1,0,forward
5923,"The connection, however, lies in an order issued last year by President Hu Jintao to seek secure oil supplies abroad - preferably ones which could not be stopped by America in case of conflict over Taiwan.",which,which,PRON,PronType=Rel,26,30,stopped,stop,VERB,4,nsubj:pass,pass,25:ref,1,0,forward
5924,"The submarine incident was put down to a ""technical error"" by the Chinese government, which apologised to Japan.",which,which,PRON,PronType=Rel,18,19,apologised,apologise,VERB,1,nsubj,NONE,16:ref,1,0,forward
5926,The Brazil trade deal included funding for a joint oil-drilling and pipeline programme at a cost that experts said would add up to three times the cost of simply buying oil on the market.,that,that,PRON,PronType=Rel,19,23,add,add,VERB,4,nsubj,NONE,18:ref,1,1,forward
5927,"The West, however, has paid little attention to these developments.",however,however,ADV,_,4,7,paid,pay,VERB,3,advmod,NONE,7:advmod,1,0,forward
5930,"It has invested $3 billion in the African country's oil industry, which supplies it with seven per cent of its needs.",which,which,PRON,PronType=Rel,15,16,supplies,supply,VERB,1,nsubj,NONE,13:ref,1,0,forward
5932,"A week before, China's second biggest state oil firm had signed a $70 billion deal for oilfield and natural gas development with Iran, which already supplies 13 per cent of China's needs.",which,which,PRON,PronType=Rel,28,30,supplies,supply,VERB,2,nsubj,NONE,26:ref,1,0,forward
5938,"Since President Hu ordered state-owned oil firms to ""go abroad"" to ensure supply, they have begun drilling for gas in the East China Sea, just west of the line that Japan regards as its border.",that,that,PRON,PronType=Rel,36,38,regards,regard,VERB,2,obj,NONE,35:ref,1,0,forward
5941,China is furious that Japan has outbid it in their battle to determine the route of the pipeline that Russia intends to build to the Far East.,that,that,PRON,PronType=Rel,19,23,build,build,VERB,4,obj,NONE,18:ref,1,2,forward
5943,"China wanted an overland route through its own territory, which would give it ultimate control if hostilities broke out.",which,which,PRON,PronType=Rel,11,13,give,give,VERB,2,nsubj,NONE,5:ref,1,0,forward
5944,"Increasingly, analysts are saying that China's efforts have gone beyond what is safe or even in its own interests.",what,what,PRON,PronType=Rel,13,11,gone,go,VERB,2,obl,NONE,11:obl:beyond;15:nsubj;21:nsubj,3,0,backward
5949,"""If China's economy falters, which, in my view, appears increasingly likely, then commodity prices will plummet, and with them, the value of the assets that produce them,"" Jason Kindopp, Eurasia's lead China analyst, said.",which,which,PRON,PronType=Rel,8,14,appears,appear,VERB,6,nsubj,NONE,6:ref,1,0,forward
5949,"""If China's economy falters, which, in my view, appears increasingly likely, then commodity prices will plummet, and with them, the value of the assets that produce them,"" Jason Kindopp, Eurasia's lead China analyst, said.",that,that,PRON,PronType=Rel,33,34,produce,produce,VERB,1,nsubj,NONE,32:ref,1,0,forward
5950,"""Beijing may end up in a early 1990s Japan situation, where it is forced to sell recently purchased overseas assets for a fraction of what it paid for them.""",where,where,ADV,PronType=Rel,13,16,forced,force,VERB,3,advmod,NONE,11:ref,1,0,forward
5950,"""Beijing may end up in a early 1990s Japan situation, where it is forced to sell recently purchased overseas assets for a fraction of what it paid for them.""",what,what,PRON,PronType=Rel,27,25,fraction,fraction,NOUN,2,nmod,NONE,25:nmod:of;29:obj,2,0,backward
5953,"""It marks the first time in recent years that China has promised to wield its veto power in the UN Security Council against a petition initiated by the United States and backed by France and Great Britain.""",that,that,PRON,PronType=Rel,10,13,promised,promise,VERB,3,obl:unmarked,unmarked,6:ref,1,0,forward
5959,Meditation has to do with what is called ideation.,what,what,PRON,PronType=Rel,6,4,do,do,VERB,2,obl,NONE,4:obl:with;8:nsubj:pass;9:nsubj:xsubj,3,0,backward
5960,It is always good to stick to a formal intense meditation practice like the one for beginners described in the MP3 file that follows after the visualisations.,that,that,PRON,PronType=Rel,23,24,follows,follow,VERB,1,nsubj,NONE,22:ref,1,0,forward
5978,You want to merge your mind with the greater universal Mind that surrounds you.,that,that,PRON,PronType=Rel,12,13,surrounds,surround,VERB,1,nsubj,NONE,11:ref,1,0,forward
5990,You want to bring something back with you from your deep space experience where you sensed your mind merging with the universal Mind.,where,where,ADV,PronType=Rel,14,16,sensed,sense,VERB,2,advmod,NONE,13:ref,1,0,forward
5995,"Now feel yourself returning to where you sit ... move your hands and feet a little, stretch them.",where,where,ADV,PronType=Rel,6,4,returning,return,VERB,2,obl,NONE,4:obl:to;8:advmod,2,0,backward
6023,"From what we hear from the news media, one could easily conclude that all Christians are opposed to gay marriage.",what,what,PRON,PronType=Rel,2,13,conclude,conclude,VERB,11,obl,NONE,4:obj;13:obl:from,2,1,forward
6026,"One of “NCRC4ME’s” major efforts is to collect signatures for the attached “Declaration of Religious Leaders,” which has been and will again be presented to members of the NC legislature.",which,which,PRON,PronType=Rel,23,30,presented,present,VERB,7,nsubj:pass,pass,17:ref,1,0,forward
6027,"It presents the case for marriage equality and states, “We are resolved that the State should not interfere with same-gender couples who choose to marry and share fully and equally in the rights, responsibilities, and commitments of civil marriage.”",who,who,PRON,PronType=Rel,26,27,choose,choose,VERB,1,nsubj,NONE,25:ref,1,0,forward
6032,"(Since the Declaration is written as coming from “religious leaders,” people who don’t consider themselves “religious leaders” can sign as “Supporters of the North Carolina Religious Coalition for Marriage Equality.”)",who,who,PRON,PronType=Rel,16,19,consider,consider,VERB,3,nsubj,NONE,15:ref,1,0,forward
6034,"If you have any questions please feel free to call me (after Sat. the 26th, when I will return from a trip).",when,when,ADV,PronType=Rel,18,21,return,return,VERB,3,advmod,NONE,14:ref,1,0,forward
6043,We become most fully human when we love another person.,when,when,ADV,PronType=Int,6,8,love,love,VERB,2,advmod,NONE,8:advmod,1,0,forward
6050,Denial of the status of marriage to those who would freely accept its responsibilities creates legal and economic inequities and social injustice.,who,who,PRON,PronType=Rel,9,12,accept,accept,VERB,3,nsubj,NONE,8:ref,1,0,forward
6055,"We insist that no one, especially the state, is allowed to coerce people into marriage or bar two consenting adults, whether of the same or differing genders, from forming the family unit that lets them be more fully loving, thus more fully human.",that,that,PRON,PronType=Rel,37,38,lets,let,VERB,1,nsubj,NONE,36:ref,1,0,forward
6057,"However, we draw on our many faith traditions to arrive at a common conviction.",However,however,ADV,_,1,4,draw,draw,VERB,3,advmod,NONE,4:advmod,1,0,forward
6058,"We are resolved that the State should not interfere with same-gender couples who choose to marry and share fully and equally in the rights, responsibilities, and commitments of civil marriage.",who,who,PRON,PronType=Rel,15,16,choose,choose,VERB,1,nsubj,NONE,14:ref,1,0,forward
6061,"Likewise, a denial of state civil recognition dishonors the religious convictions of those communities and clergy who officiate at, and bless, same-gender marriages.",who,who,PRON,PronType=Rel,18,19,officiate,officiate,VERB,1,nsubj,NONE,15:ref,1,0,forward
6067,The One Reason Why All Americans Should Oppose The Nomination Of Samuel Alito,Why,why,ADV,PronType=Rel,4,8,Oppose,oppose,VERB,4,advmod,NONE,3:ref,1,0,forward
6084,"But other people do like the way they think he will vote, and the ones who favor him seem to outnumber the ones who oppose him.",who,who,PRON,PronType=Rel,17,18,favor,favor,VERB,1,nsubj,NONE,16:ref,1,0,forward
6084,"But other people do like the way they think he will vote, and the ones who favor him seem to outnumber the ones who oppose him.",who,who,PRON,PronType=Rel,25,26,oppose,oppose,VERB,1,nsubj,NONE,24:ref,1,0,forward
6088,"There is an old saying that applies in this situation: ""Act in haste, repent at leisure.""",that,that,PRON,PronType=Rel,6,7,applies,apply,VERB,1,nsubj,NONE,5:ref,1,0,forward
6090,"That is what is about to happen with Judge Samuel Alito, in my opinion, because he has one tragic flaw - a very serious blind spot in his thinking - which makes him completely unacceptable for the position of Supreme Court Justice: He does not really agree with the system of ""Checks and Balances"" built into the Constitution, and he is ready to start tearing it down in order to follow the ""Unitary Executive Theory,"" which calls for vastly-increased Presidential Power at the expense of Congress and the Supreme Court.",which,which,PRON,PronType=Rel,33,34,makes,make,VERB,1,nsubj,NONE,22:ref,1,0,forward
6090,"That is what is about to happen with Judge Samuel Alito, in my opinion, because he has one tragic flaw - a very serious blind spot in his thinking - which makes him completely unacceptable for the position of Supreme Court Justice: He does not really agree with the system of ""Checks and Balances"" built into the Constitution, and he is ready to start tearing it down in order to follow the ""Unitary Executive Theory,"" which calls for vastly-increased Presidential Power at the expense of Congress and the Supreme Court.",which,which,PRON,PronType=Rel,85,86,calls,call,VERB,1,nsubj,NONE,82:ref,1,0,forward
6095,"But Samuel Alito believes in a little-known Constitutional theory - called the ""Unitary Executive Theory"" - which says that the President should have complete control over the Executive Branch, and that the Executive Branch should be in charge of almost everything that the Government actually does, including the functions of the Independent Agencies which were designed to be free of Presidential control, and the Military, which exists, which is regulated, and which is funded by specific authority given by the Constitution to Congress, not to the President.",which,which,PRON,PronType=Rel,21,22,says,say,VERB,1,nsubj,NONE,11:ref,1,0,forward
6095,"But Samuel Alito believes in a little-known Constitutional theory - called the ""Unitary Executive Theory"" - which says that the President should have complete control over the Executive Branch, and that the Executive Branch should be in charge of almost everything that the Government actually does, including the functions of the Independent Agencies which were designed to be free of Presidential control, and the Military, which exists, which is regulated, and which is funded by specific authority given by the Constitution to Congress, not to the President.",that,that,PRON,PronType=Rel,47,51,does,do,VERB,4,obj,NONE,46:ref,1,0,forward
6095,"But Samuel Alito believes in a little-known Constitutional theory - called the ""Unitary Executive Theory"" - which says that the President should have complete control over the Executive Branch, and that the Executive Branch should be in charge of almost everything that the Government actually does, including the functions of the Independent Agencies which were designed to be free of Presidential control, and the Military, which exists, which is regulated, and which is funded by specific authority given by the Constitution to Congress, not to the President.",which,which,PRON,PronType=Rel,60,62,designed,design,VERB,2,nsubj:pass,pass,59:ref,1,0,forward
6095,"But Samuel Alito believes in a little-known Constitutional theory - called the ""Unitary Executive Theory"" - which says that the President should have complete control over the Executive Branch, and that the Executive Branch should be in charge of almost everything that the Government actually does, including the functions of the Independent Agencies which were designed to be free of Presidential control, and the Military, which exists, which is regulated, and which is funded by specific authority given by the Constitution to Congress, not to the President.",which,which,PRON,PronType=Rel,74,75,exists,exist,VERB,1,nsubj,NONE,72:ref,1,0,forward
6095,"But Samuel Alito believes in a little-known Constitutional theory - called the ""Unitary Executive Theory"" - which says that the President should have complete control over the Executive Branch, and that the Executive Branch should be in charge of almost everything that the Government actually does, including the functions of the Independent Agencies which were designed to be free of Presidential control, and the Military, which exists, which is regulated, and which is funded by specific authority given by the Constitution to Congress, not to the President.",which,which,PRON,PronType=Rel,77,79,regulated,regulate,VERB,2,nsubj:pass,pass,72:ref,1,0,forward
6095,"But Samuel Alito believes in a little-known Constitutional theory - called the ""Unitary Executive Theory"" - which says that the President should have complete control over the Executive Branch, and that the Executive Branch should be in charge of almost everything that the Government actually does, including the functions of the Independent Agencies which were designed to be free of Presidential control, and the Military, which exists, which is regulated, and which is funded by specific authority given by the Constitution to Congress, not to the President.",which,which,PRON,PronType=Rel,82,84,funded,fund,VERB,2,nsubj:pass,pass,72:ref,1,0,forward
6100,"And the President becomes a Dictator, unrestrained by anything in the Constitution, backed up by the Armed Forces, which would be entirely under his personal control.",which,which,PRON,PronType=Rel,22,29,control,control,NOUN,7,nsubj,NONE,20:ref,1,0,forward
6111,"If you want to help, please send them to everyone you know who needs to read them.",who,who,PRON,PronType=Rel,14,15,needs,need,VERB,1,nsubj,NONE,11:ref,1,0,forward
6120,"Country not open or not have fixed strategy = NASA & Company to use ""freeze thawed"" strategy especially when the country has a challenging, growing and ambitious space program.",when,when,ADV,PronType=Int,21,24,has,have,VERB,3,advmod,NONE,24:advmod,1,0,forward
6131,"A pair of military pilots embarked on China's second manned space flight early today, hurtling into orbit on a test mission that could span five days.",that,that,PRON,PronType=Rel,24,26,span,span,VERB,2,nsubj,NONE,23:ref,1,0,forward
6134,His one-day mission vaulted his communist homeland into the elite circle of spacefaring nations - Russia and the United States - that can launch and sustain humans in space.,that,that,PRON,PronType=Rel,24,26,launch,launch,VERB,2,nsubj,NONE,13:ref,1,0,forward
6138,"China's ""is not a fly-by-night program,"" said Joan Johnson-Freese, an expert on national security who follows space developments in the Asian nation at the Naval War College in Newport, R.I.",who,who,PRON,PronType=Rel,26,27,follows,follow,VERB,1,nsubj,NONE,22:ref,1,0,forward
6140,"They want a program that will be a success,"" Johnson-Freese said.",that,that,PRON,PronType=Rel,5,9,success,success,NOUN,4,nsubj,NONE,4:ref,1,0,forward
6143,"China's overtures to join the U.S.-led effort to develop the 16-nation international space station have been thwarted for more than a decade over a range of issues, including the Asian country's human rights policies and worries it could acquire technologies that could pose a security threat.",that,that,PRON,PronType=Rel,48,50,pose,pose,VERB,2,nsubj,NONE,47:ref,1,0,forward
6148,"He stressed, however, that NASA would not follow this week's Chinese mission through formal channels.",however,however,ADV,_,4,2,stressed,stress,VERB,2,advmod,NONE,2:advmod,1,0,backward
6151,"The first phase, she said, will demonstrate the capability of a multi-compartment spacecraft that will leave a test module in orbit when the two fliers return to Earth.",that,that,PRON,PronType=Rel,16,18,leave,leave,VERB,2,nsubj,NONE,15:ref,1,0,forward
6151,"The first phase, she said, will demonstrate the capability of a multi-compartment spacecraft that will leave a test module in orbit when the two fliers return to Earth.",when,when,ADV,PronType=Int,24,28,return,return,VERB,4,advmod,NONE,28:advmod,1,0,forward
6163,"The two developments, he said, could eventually enable China's space program to mature to the point that experts could assemble and launch from Earth's orbit a spacecraft capable of circling the moon with astronauts and returning home.",that,that,PRON,PronType=Rel,20,23,assemble,assemble,VERB,3,obl:unmarked,unmarked,19:ref,1,0,forward
6168,"Recently, I read an email that reported the horrific nightmare Civet Cats go through by sick losers who put them in sheds and heat the inside of the sheds up to 110 degrees with fires, so that they can periodically scrape the sweat off of their genitals and sell it to corrupt corporations who use it to prolong the scent of perfumes.",that,that,PRON,PronType=Rel,7,8,reported,report,VERB,1,nsubj,NONE,6:ref,1,0,forward
6168,"Recently, I read an email that reported the horrific nightmare Civet Cats go through by sick losers who put them in sheds and heat the inside of the sheds up to 110 degrees with fires, so that they can periodically scrape the sweat off of their genitals and sell it to corrupt corporations who use it to prolong the scent of perfumes.",who,who,PRON,PronType=Rel,19,20,put,put,VERB,1,nsubj,NONE,18:ref,1,0,forward
6168,"Recently, I read an email that reported the horrific nightmare Civet Cats go through by sick losers who put them in sheds and heat the inside of the sheds up to 110 degrees with fires, so that they can periodically scrape the sweat off of their genitals and sell it to corrupt corporations who use it to prolong the scent of perfumes.",who,who,PRON,PronType=Rel,56,57,use,use,VERB,1,nsubj,NONE,55:ref,1,0,forward
6169,"The animals eventually die, which is because these demons are so GREEDY, they want as much of their ""product"" as they can get, instead of letting the cats go after a point, as an act of humanity, mercy, love.",which,which,PRON,PronType=Rel,6,13,GREEDY,greedy,ADJ,7,nsubj:outer,outer,4:ref,1,1,forward
6170,"Below I pasted the email text, and it has a link to a website that automatically plays this song the author of the email created.",that,that,PRON,PronType=Rel,16,18,plays,play,VERB,2,nsubj,NONE,15:ref,1,0,forward
6171,"It has cat's ""Meowing"" for the vocals, and you might really find yourself in those furnaces, feeling and thinking those terrible feelings and thoughts that these cats do before they die.",that,that,PRON,PronType=Rel,30,33,do,do,AUX,3,obj,NONE,27:ref,1,0,forward
6175,"If I love cats so much, why aren't I DOING something???",why,why,ADV,PronType=Int,8,12,DOING,do,VERB,4,advmod,NONE,12:advmod,1,0,forward
6176,I don't want to appear before God on judgment day and have to explain why I didn't do anything like this in my life.,why,why,ADV,PronType=Int,16,20,do,do,VERB,4,advmod,NONE,20:advmod,1,0,forward
6180,"I read the Civet Cat story from a little while ago, and tonight, when my Mom emailed me about it, I re-read it, and went to the website with the song the author of the email created.",when,when,ADV,PronType=Int,16,19,emailed,email,VERB,3,advmod,NONE,19:advmod,1,0,forward
6181,"Well, sure enough, when I heard the cats ""Meowing,"" I imagined the hellish moments these poor beautiful creatures of God were living, what went on in their tiny, sweet little minds, and decided that I want to do something about this torture.",when,when,ADV,PronType=Int,6,8,heard,hear,VERB,2,advmod,NONE,8:advmod,1,0,forward
6181,"Well, sure enough, when I heard the cats ""Meowing,"" I imagined the hellish moments these poor beautiful creatures of God were living, what went on in their tiny, sweet little minds, and decided that I want to do something about this torture.",what,what,PRON,PronType=Int,29,30,went,go,VERB,1,nsubj,NONE,30:nsubj,1,0,forward
6183,"I think for starters, myself and those of you who believe in God could say a special prayer for them.",who,who,PRON,PronType=Rel,11,12,believe,believe,VERB,1,nsubj,NONE,8:ref,1,0,forward
6185,I've pasted the email for those who haven't seen or would like to re-read it.,who,who,PRON,PronType=Rel,8,11,seen,see,VERB,3,nsubj,NONE,7:ref,1,0,forward
6186,It's also got the website where the song has been uploaded.,where,where,ADV,PronType=Rel,7,12,uploaded,upload,VERB,5,advmod,NONE,6:ref,1,0,forward
6188,And what am I DOING about it?,what,what,PRON,PronType=Int,2,5,DOING,do,VERB,3,obj,NONE,5:obj,1,0,forward
6194,"I'm not sure if any of you know much about civet cats, but to brief those who might not know, I will quote James Rachels, author of World Hunger and Moral Obligation among many other animal rights-related books and articles.",who,who,PRON,PronType=Rel,19,22,know,know,VERB,3,nsubj,NONE,18:ref,1,0,forward
6197,"If anyone wants the complete article, email me, as it is a very good article which no meat-eater can read and not sense their own hypocrisy.",which,which,PRON,PronType=Rel,18,24,read,read,VERB,6,obj,NONE,17:ref,1,0,forward
6200,"Civet cats are trapped and placed in small cages inside darkened sheds, where the temperature is kept up to 110 F by fires.",where,where,ADV,PronType=Rel,14,18,kept,keep,VERB,4,advmod,NONE,12:ref,1,0,forward
6202,What justifies this extraordinary mistreatment?,What,what,PRON,PronType=Int,1,2,justifies,justify,VERB,1,nsubj,NONE,2:nsubj,1,0,forward
6203,These animals have the misfortune to produce a substance that is useful in the manufacture of perfume.,that,that,PRON,PronType=Rel,10,12,useful,useful,ADJ,2,nsubj,NONE,9:ref,1,0,forward
6204,"Musk, which is scraped from their genitals once a day for as long as they can surv ive, makes the scent of perfume last a bit longer after each application.",which,which,PRON,PronType=Rel,3,5,scraped,scrape,VERB,2,nsubj:pass,pass,1:ref,1,0,forward
6215,"I was already a vegetarian when I read it a little more than a year ago, but it was one of the bigger factors for me in going completely vegan.",when,when,ADV,PronType=Int,6,8,read,read,VERB,2,advmod,NONE,8:advmod,1,0,forward
6231,WELL GUESS WHAT!!!,WHAT,what,PRON,PronType=Int,3,2,GUESS,guess,VERB,1,obj,NONE,2:obj,1,0,backward
6240,"Let me tell you how this works and most important, why it works..........",how,how,ADV,PronType=Int,5,7,works,work,VERB,2,advmod,NONE,7:advmod,1,0,forward
6240,"Let me tell you how this works and most important, why it works..........",why,why,ADV,PronType=Int,12,14,works,work,VERB,2,advmod,NONE,14:advmod,1,0,forward
6259,"However, the money made from the mailing lists is secondary to income which is made from people like you and me asking to be included in that list.",However,however,ADV,_,1,11,secondary,secondary,ADJ,10,advmod,NONE,11:advmod,1,1,forward
6259,"However, the money made from the mailing lists is secondary to income which is made from people like you and me asking to be included in that list.",which,which,PRON,PronType=Rel,14,16,made,make,VERB,2,nsubj:pass,pass,13:ref,1,0,forward
6266,What you are doing is creating a service.,What,what,PRON,PronType=Rel,1,6,creating,create,VERB,5,nsubj:outer,outer,4:obj;6:nsubj:outer,2,1,forward
6277,"STEP TWO:Now take the #1 name off the list that you see above, move the other names up (six becomes 5, 5 becomes 4, and etc.) and add YOUR NAME as number 6 on the list.",that,that,PRON,PronType=Rel,13,15,see,see,VERB,2,obj,NONE,12:ref,1,0,forward
6285,"Keep a copy of these steps for yourself and whenever you need money, you can use it again, and again.",whenever,whenever,ADV,PronType=Rel,10,17,use,use,VERB,7,advmod,NONE,12:advmod;17:advmod,2,1,forward
6288,"If you were of integrity, the program will continue and the money that so many others have received will come your way.",that,that,PRON,PronType=Rel,14,19,received,receive,VERB,5,obj,NONE,13:ref,1,0,forward
6293,Your name will move up the list geometrically so that when your name reaches the #1 position you will be receiving thousands of dollars in CASH!!!,when,when,ADV,PronType=Int,11,14,reaches,reach,VERB,3,advmod,NONE,14:advmod,1,0,forward
6294,What an opportunity for only $6.00 ( $1.00 for each of the first six people listed above),What,what,DET,PronType=Int,1,3,opportunity,opportunity,NOUN,2,det:predet,predet,3:det:predet,1,0,forward
6296,*****DIRECTIONS FOR HOW TO POST TO NEWS GROUPS!!!*****,HOW,how,ADV,PronType=Int,4,6,POST,post,VERB,2,advmod,NONE,6:advmod,1,1,forward
6309,"Fill in the subject, this will be the header that everyone sees as they scroll through the list of postings in a particular group, click the post message button.",that,that,PRON,PronType=Rel,11,13,sees,see,VERB,2,obj,NONE,10:ref,1,0,forward
6315,Blue Planet: Who's afraid of Big Bad Wolf?,Who,who,PRON,PronType=Int,4,6,afraid,afraid,PROPN,2,nsubj,NONE,6:nsubj,1,0,forward
6322,"Western sheep and cattle ranchers, on whose behalf this extermination campaign was conducted, gratefully dusted their hands of the wolf and wrote him off as a job well done.",whose,whose,PRON,Poss=Yes|PronType=Rel,8,9,behalf,behalf,NOUN,1,nmod:poss,poss,5:ref,1,0,forward
6326,"In the 1960s, a group shooting a movie in the Wyoming park reportedly imported some captive wolves, then released them when their shooting was done.",when,when,ADV,PronType=Int,23,27,done,done,ADJ,4,advmod,NONE,27:advmod,1,0,forward
6333,"These wolf packs have flourished, and now there are an estimated 850 wolves roaming the northern Rockies, where merely 10 years ago there were none.",where,where,ADV,PronType=Rel,20,26,were,be,VERB,6,advmod,NONE,18:ref,1,1,forward
6334,"One compelling argument for reintroduction was the wolf acts as a keystone predator, an animal that affects the populations, behavior and ecology of a wide variety of species within its range.",that,that,PRON,PronType=Rel,17,18,affects,affect,VERB,1,nsubj,NONE,16:ref,1,0,forward
6336,"OSU forestry professors William Ripple and Robert Beschta have found that wolves actually promote stream-bank stabilization, although they have given the phenomenon the unfortunate name of ""the ecology of fear"" -- something that smacks of the horrible PR resulting from the wolf's relationships with Riding Hood and the Three Pigs.",that,that,PRON,PronType=Rel,38,39,smacks,smack,VERB,1,nsubj,NONE,37:ref,1,0,forward
6337,"They explained that elk in Yellowstone used to browse unmolested on young aspen and willow growing near the banks of streams, a behavior that prevented the saplings from reaching mature stages and increased the possibility of soil erosion.",that,that,PRON,PronType=Rel,25,26,prevented,prevent,VERB,1,nsubj,NONE,24:ref,1,0,forward
6338,"Since reintroduction, however, Ripple and Beschta have found, fear of the wolves apparently has discouraged the elk from spending too much time at stream banks -- where they are out in the open -- and munching on the saplings.",however,however,ADV,_,4,10,found,find,VERB,6,advmod,NONE,10:advmod,1,0,forward
6338,"Since reintroduction, however, Ripple and Beschta have found, fear of the wolves apparently has discouraged the elk from spending too much time at stream banks -- where they are out in the open -- and munching on the saplings.",where,where,ADV,PronType=Rel,30,33,out,out,ADV,3,advmod,NONE,28:ref,1,0,forward
6341,"An area that used to be bald as a billiard ball is now a sea of willow.""",that,that,PRON,PronType=Rel,3,4,used,use,VERB,1,nsubj,NONE,2:ref,1,0,forward
6344,"Where there had been only one beaver colony in the park's northern range before the wolves returned, now there are nine.",Where,where,ADV,PronType=Int,1,4,been,be,VERB,3,advmod,NONE,4:advmod,1,0,forward
6346,"""There's a lot of impact on plants and they say, 'Who cares?'",Who,who,PRON,PronType=Int,15,16,cares,care,VERB,1,nsubj,NONE,16:nsubj,1,0,forward
6348,"Since wolf recovery, streamside plants, willows and cottonwoods provide food for other critters -- beavers, a whole variety of avian species, berry-producing shrubs that bears can use.",that,that,PRON,PronType=Rel,30,33,use,use,VERB,3,obj,NONE,29:ref,1,0,forward
6354,"""I'm pretty suspicious of making broad generalizations,"" however, he cautioned.",however,however,ADV,_,12,5,suspicious,suspicious,ADJ,7,advmod,NONE,5:advmod,1,2,backward
6370,"They even occasionally attack people, which wolves do not -- despite the propaganda from the Brothers Grimm.",which,which,PRON,PronType=Rel,7,4,attack,attack,VERB,3,advcl:relcl,relcl,4:advcl:relcl,1,0,backward
6377,"Bangs said these animals are not equipped to survive in the wild, however, and they all almost certainly have died.",however,however,ADV,_,14,7,equipped,equip,VERB,7,advmod,NONE,7:advmod,1,2,backward
6378,"He said after 10 years of DNA testing on northern Rockies wolves, scientists have not found a single strain that did not belong to one of the wolves the agency released -- or their descendants.",that,that,PRON,PronType=Rel,21,24,belong,belong,VERB,3,nsubj,NONE,20:ref,1,0,forward
6386,"Scientists can argue all they want about how many degrees Celsius -- or Fahrenheit -- the planet is warming and what the trend portends, but meanwhile Earth's plants, insects and animals are not waiting for the outcome.",how,how,ADV,PronType=Int,8,9,many,many,ADJ,1,advmod,NONE,9:advmod,1,0,forward
6386,"Scientists can argue all they want about how many degrees Celsius -- or Fahrenheit -- the planet is warming and what the trend portends, but meanwhile Earth's plants, insects and animals are not waiting for the outcome.",what,what,PRON,PronType=Int,21,24,portends,portend,VERB,3,obj,NONE,24:obj,1,0,forward
6387,They already are altering their patterns of behavior in response to what is happening.,what,what,PRON,PronType=Rel,12,10,response,response,NOUN,2,nmod,NONE,10:nmod:to;14:nsubj,2,0,backward
6388,"It turns out one of the surest barometers of the warming climate is the response of the non-human natural world to changing conditions, and biologists who study the responses have been aware for some years the biosphere is acknowledging global warming.",who,who,PRON,PronType=Rel,27,28,study,study,VERB,1,nsubj,NONE,26:ref,1,0,forward
6399,Pew researchers looked at about 40 studies that could provide an assessment of whether climate was affecting biology.,that,that,PRON,PronType=Rel,8,10,provide,provide,VERB,2,nsubj,NONE,7:ref,1,0,forward
6403,"Parmesan has spent much of her career studying the checkerspot butterfly, which migrates between Mexico and southern California.",which,which,PRON,PronType=Rel,13,14,migrates,migrate,VERB,1,nsubj,NONE,11:ref,1,0,forward
6406,"""There have been large numbers of population extinctions in Mexico and southern California in areas where the habitat is still acceptable.""",where,where,ADV,PronType=Rel,17,22,acceptable,acceptable,ADJ,5,advmod,NONE,16:ref,1,0,forward
6407,"According to Parmesan's earlier studies, one extinction event, for instance, was triggered when a checkerspot population migrated north prematurely, relying on a warming temperature signal, then was caught in a severe snowstorm in its northern habitat.",when,when,ADV,PronType=Int,17,21,migrated,migrate,VERB,4,advmod,NONE,21:advmod,1,0,forward
6427,"This applies especially in the high Arctic where the ice cover is expected to diminish substantially with the effect that the surface absorption of solar radiation will greatly increase.""",where,where,ADV,PronType=Rel,8,13,expected,expect,VERB,5,advmod,NONE,7:ref,1,0,forward
6431,"The important commercial species that probably would benefit from warming include cod, haddock, saithe, herring, blue whiting and several types of flatfish and crustaceans -- such as the Norway lobster.",that,that,PRON,PronType=Rel,5,8,benefit,benefit,VERB,3,nsubj,NONE,4:ref,1,0,forward
6432,"Important species that probably would decline include shrimp, capelin, Greenland halibut and some varieties of flatfish.",that,that,PRON,PronType=Rel,3,6,decline,decline,VERB,3,nsubj,NONE,2:ref,1,0,forward
6436,"The problem is whether one cares what happens to the polar bears, checkerspot butterflies and other unconsumables.",what,what,PRON,PronType=Int,7,8,happens,happen,VERB,1,nsubj,NONE,8:nsubj,1,0,forward
6439,"This tug-of-war over calculating economic values is the one that ultimately will have to be decided by humans, because animals and plants can adjust only so much.",that,that,PRON,PronType=Rel,14,17,have,have,VERB,3,nsubj,NONE,13:ref,1,0,forward
6440,"""When dandelions have set the mark of May on Wisconsin pastures, it is time to listen for the final proof of spring,"" wrote Aldo Leopold in ""A Sand County Almanac.""",When,when,ADV,PronType=Int,2,5,set,set,VERB,3,advmod,NONE,5:advmod,1,0,forward
6449,How has Katrina changed the US?,How,how,ADV,PronType=Int,1,4,changed,change,VERB,3,advmod,NONE,4:advmod,1,0,forward
6450,What will be the lasting effects of Hurricane Katrina and what can be learnt from the response?,What,what,PRON,PronType=Int,1,6,effects,effect,NOUN,5,nsubj,NONE,6:nsubj,1,0,forward
6450,What will be the lasting effects of Hurricane Katrina and what can be learnt from the response?,what,what,PRON,PronType=Int,11,14,learnt,learn,VERB,3,nsubj:pass,pass,14:nsubj:pass,1,0,forward
6453,"Meanwhile, President George W Bush has said he will lead an inquiry into how the disaster was handled.",how,how,ADV,PronType=Int,15,19,handled,handle,VERB,4,advmod,NONE,19:advmod,1,0,forward
6454,How has Katrina changed the US?,How,how,ADV,PronType=Int,1,4,changed,change,VERB,3,advmod,NONE,4:advmod,1,0,forward
6460,"""As an American, I would like to take this opportunity to tell all the 'USA and Bush Bashers' that I am appalled at the number of 'allies' that are using this disaster as their podium to spread their useless opinions.",that,that,PRON,PronType=Rel,34,36,using,use,VERB,2,nsubj,NONE,32:ref,1,0,forward
6461,"What you see in New Orleans is a perfect example of the downfalls of the welfare system, a form of socialism that many in this country know is the true problem.",What,what,PRON,PronType=Rel,1,10,example,example,NOUN,9,nsubj,NONE,3:obj;10:nsubj,2,1,forward
6461,"What you see in New Orleans is a perfect example of the downfalls of the welfare system, a form of socialism that many in this country know is the true problem.",that,that,PRON,PronType=Rel,23,32,problem,problem,NOUN,9,nsubj,NONE,20:ref,1,1,forward
6464,"It is the welfare society that was New Orleans.""",that,that,PRON,PronType=Rel,6,9,Orleans,Orleans,PROPN,3,nsubj,NONE,5:ref,1,0,forward
6470,"""I do not feel it has changed the US citizens which is what was needed, even now the majority want ""Gas"" despite the fact they are polluting the world more than any other country in the world and refuse to stop, perhaps this natural disaster, which let's face it looks like a product of Global Warming, will change their views, why not pick things up with your hands and walk with your legs, other people in the world do it, ""Gas"" is not the be all and end all!""",which,which,PRON,PronType=Rel,12,14,what,what,PRON,2,nsubj,NONE,8:ref,1,0,forward
6470,"""I do not feel it has changed the US citizens which is what was needed, even now the majority want ""Gas"" despite the fact they are polluting the world more than any other country in the world and refuse to stop, perhaps this natural disaster, which let's face it looks like a product of Global Warming, will change their views, why not pick things up with your hands and walk with your legs, other people in the world do it, ""Gas"" is not the be all and end all!""",what,what,PRON,PronType=Rel,14,8,changed,change,VERB,6,advcl:relcl,relcl,8:advcl:relcl;16:nsubj:pass,2,0,backward
6470,"""I do not feel it has changed the US citizens which is what was needed, even now the majority want ""Gas"" despite the fact they are polluting the world more than any other country in the world and refuse to stop, perhaps this natural disaster, which let's face it looks like a product of Global Warming, will change their views, why not pick things up with your hands and walk with your legs, other people in the world do it, ""Gas"" is not the be all and end all!""",which,which,PRON,PronType=Rel,52,57,looks,look,VERB,5,nsubj,NONE,50:ref,1,1,forward
6470,"""I do not feel it has changed the US citizens which is what was needed, even now the majority want ""Gas"" despite the fact they are polluting the world more than any other country in the world and refuse to stop, perhaps this natural disaster, which let's face it looks like a product of Global Warming, will change their views, why not pick things up with your hands and walk with your legs, other people in the world do it, ""Gas"" is not the be all and end all!""",why,why,ADV,PronType=Int,70,72,pick,pick,VERB,2,advmod,NONE,72:advmod,1,0,forward
6481,It is always interesting what spin the press will take.,what,what,DET,PronType=Int,5,6,spin,spin,NOUN,1,det,NONE,6:det,1,0,forward
6483,I don't believe that folks who believe that America is the land of opportunity will change their views from this recent news.,who,who,PRON,PronType=Rel,7,8,believe,believe,VERB,1,nsubj,NONE,6:ref,1,0,forward
6484,I have a friend who came here from Bulgaria after winning a green card in a lottery.,who,who,PRON,PronType=Rel,5,6,came,come,VERB,1,nsubj,NONE,4:ref,1,0,forward
6488,The countries which are giving to America to aid are a great example of the seed that America has sown through the years with other nations.,which,which,PRON,PronType=Rel,3,5,giving,give,VERB,2,nsubj,NONE,2:ref,1,0,forward
6488,The countries which are giving to America to aid are a great example of the seed that America has sown through the years with other nations.,that,that,PRON,PronType=Rel,17,20,sown,sow,VERB,3,obj,NONE,16:ref,1,0,forward
6491,"When not in Texas, I lived in LA and San Francisco.",When,when,ADV,PronType=Int,1,4,Texas,Texas,PROPN,3,advmod,NONE,4:advmod,1,0,forward
6492,"There is a lot of racial diversity in all of these places... and I've vacationed through the south... visited my folks when they lived in Mississippi, and where they live now and are in the racial minority being white (less than 20%) in northeastern Arkansas.",when,when,ADV,PronType=Int,25,27,lived,live,VERB,2,advmod,NONE,27:advmod,1,0,forward
6492,"There is a lot of racial diversity in all of these places... and I've vacationed through the south... visited my folks when they lived in Mississippi, and where they live now and are in the racial minority being white (less than 20%) in northeastern Arkansas.",where,where,ADV,PronType=Int,32,34,live,live,VERB,2,advmod,NONE,34:advmod,1,0,forward
6493,"The fact is, when I began traveling for business to New England, when I first visited my in-laws in Montana and Idaho, I was shocked at the lack of racial diversity.",when,when,ADV,PronType=Int,5,7,began,begin,VERB,2,advmod,NONE,7:advmod,1,0,forward
6493,"The fact is, when I began traveling for business to New England, when I first visited my in-laws in Montana and Idaho, I was shocked at the lack of racial diversity.",when,when,ADV,PronType=Int,15,18,visited,visit,VERB,3,advmod,NONE,18:advmod,1,0,forward
6494,"I didn't expect to react that way, but when I was looking around my workplace in Nashua, New Hampshire, and everyone else looked pretty much like me, it was really very eerie.",when,when,ADV,PronType=Int,11,14,looking,look,VERB,3,advmod,NONE,14:advmod,1,0,forward
6495,"So, yes, America has pockets that are more diverse than others.",that,that,PRON,PronType=Rel,8,11,diverse,diverse,ADJ,3,nsubj,NONE,7:ref,1,0,forward
6497,"Unfortunately, those left behind to be filmed, where those without transportation or means.",where,be,AUX,Mood=Ind|Number=Plur|Person=3|Tense=Past|Typo=Yes|VerbForm=Fin,10,11,those,that,PRON,1,cop,NONE,11:cop,1,0,forward
6500,"However, New Orleans also had many affluent people, people who left town early as they had the means.",However,however,ADV,_,1,6,had,have,VERB,5,advmod,NONE,6:advmod,1,0,forward
6500,"However, New Orleans also had many affluent people, people who left town early as they had the means.",who,who,PRON,PronType=Rel,12,13,left,leave,VERB,1,nsubj,NONE,11:ref,1,0,forward
6502,I suspect it will not change greatly... but you never know how much stock people put in the news.,how,how,ADV,PronType=Int,13,14,much,much,ADJ,1,advmod,NONE,14:advmod,1,0,forward
6505,"The 1.25 million people who have been housed in stadiums and convention centers across Texas will begin to populate Houston, Dallas, San Antonio and Galveston, and the surrounding areas.",who,who,PRON,PronType=Rel,5,8,housed,house,VERB,3,nsubj:pass,pass,4:ref,1,0,forward
6507,I'm interested in what America will look like in 5 years.,what,what,PRON,PronType=Int,5,8,look,look,VERB,3,obl,NONE,8:obl:like,1,0,forward
6509,Or will the nearly year-round snow be too much for those who have never experienced snow in their lives?,who,who,PRON,PronType=Rel,14,17,experienced,experience,VERB,3,nsubj,NONE,13:ref,1,0,forward
6511,Will businesses that were new in 2005 have become a household name due to their efforts in rebuilding the gulf coast?,that,that,PRON,PronType=Rel,3,5,new,new,ADJ,2,nsubj,NONE,2:ref,1,0,forward
6512,What will the federal government do to prevent inflation in the housing and building market?,What,what,PRON,PronType=Int,1,6,do,do,VERB,5,obj,NONE,6:obj,1,0,forward
6519,I rarely listen to the news or to what politicians or lawyers say because so many tell lies that none have credibility so what's the point?,what,what,PRON,PronType=Rel,9,6,news,news,NOUN,3,conj,NONE,3:obl:to;6:conj:or;13:obj,3,0,backward
6519,I rarely listen to the news or to what politicians or lawyers say because so many tell lies that none have credibility so what's the point?,what,what,PRON,PronType=Int,24,21,have,have,VERB,3,parataxis,NONE,17:ccomp;21:parataxis,2,0,backward
6520,What I know is that I have a close friend who's aunt disappeared in New Orleans.,What,what,PRON,PronType=Rel,1,7,have,have,VERB,6,nsubj:outer,outer,3:obj;7:nsubj:outer,2,2,forward
6520,What I know is that I have a close friend who's aunt disappeared in New Orleans.,who's,whose,PRON,Poss=Yes|PronType=Rel|Typo=Yes,11,12,aunt,aunt,NOUN,1,nmod:poss,poss,10:ref,1,0,forward
6526,What I saw was dozens of school buses submerged that could have been used to evacuate people who had no transportation.,What,what,PRON,PronType=Rel,1,5,dozens,dozen,NOUN,4,nsubj,NONE,3:obj;5:nsubj,2,1,forward
6526,What I saw was dozens of school buses submerged that could have been used to evacuate people who had no transportation.,that,that,PRON,PronType=Rel,10,14,used,use,VERB,4,nsubj:pass,pass,8:ref,1,0,forward
6526,What I saw was dozens of school buses submerged that could have been used to evacuate people who had no transportation.,who,who,PRON,PronType=Rel,18,19,had,have,VERB,1,nsubj,NONE,17:ref,1,0,forward
6527,"What I heard was the Mayor of New Orleans, saying that he didn't order the buses or anything else to be used because he was waiting on someone else to tell him what to do.",What,what,PRON,PronType=Rel,1,11,saying,say,VERB,10,nsubj:outer,outer,3:obj;11:nsubj:outer,2,1,forward
6527,"What I heard was the Mayor of New Orleans, saying that he didn't order the buses or anything else to be used because he was waiting on someone else to tell him what to do.",what,what,PRON,PronType=Int,35,37,do,do,VERB,2,obj,NONE,37:obj,1,1,forward
6528,When common sense takes a back seat to politics and legal mumbo jumbo what have we become?,When,when,ADV,PronType=Int,1,4,takes,take,VERB,3,advmod,NONE,4:advmod,1,0,forward
6528,When common sense takes a back seat to politics and legal mumbo jumbo what have we become?,what,what,PRON,PronType=Int,14,17,become,become,VERB,3,xcomp,NONE,17:xcomp,1,0,forward
6533,"I guess if you have a schtick that is a resounding success once, you can't help but trot it out every time your act is going sour.",that,that,PRON,PronType=Rel,8,12,success,success,NOUN,4,nsubj,NONE,7:ref,1,0,forward
6534,"Meanwhile, every pocket that can be lined is golden and the poor are shunted off radar yet again.",that,that,PRON,PronType=Rel,5,8,lined,line,VERB,3,nsubj:pass,pass,4:ref,1,0,forward
6535,"The gall of it all is that Bush is stumping for more money to build more refineries, when what he should do is pour money into making the US independent of OPEC or crude oil all together.",when,when,ADV,PronType=Int,19,25,pour,pour,VERB,6,advmod,NONE,25:advmod,1,1,forward
6535,"The gall of it all is that Bush is stumping for more money to build more refineries, when what he should do is pour money into making the US independent of OPEC or crude oil all together.",what,what,PRON,PronType=Rel,20,25,pour,pour,VERB,5,nsubj:outer,outer,23:obj;25:nsubj:outer,2,1,forward
6536,"We have the technology; if you are going to spend billions of dollars touting ""FREEDOM"" why not spend those billions making all of us free?",why,why,ADV,PronType=Int,19,21,spend,spend,VERB,2,advmod,NONE,21:advmod,1,0,forward
6537,"Free of polution, free of oil dependency, and free of big business that is bleeding us dry for the short term good (theirs).",that,that,PRON,PronType=Rel,15,17,bleeding,bleed,VERB,2,nsubj,NONE,14:ref,1,0,forward
6539,In the meanwhile there are still broken families that should have been safe in the home of the brave.,that,that,PRON,PronType=Rel,9,13,safe,safe,ADJ,4,nsubj,NONE,8:ref,1,0,forward
6540,For those who believe....................,who,who,PRON,PronType=Rel,3,4,believe,believe,VERB,1,nsubj,NONE,2:ref,1,0,forward
6552,"With hard work and focus, you will attain at least one important aspiration that has been on your agenda for a long time.",that,that,PRON,PronType=Rel,15,20,agenda,agenda,NOUN,5,nsubj,NONE,14:ref,1,0,forward
6560,You now have it in you to create the kind of life for yourself that you want.,that,that,PRON,PronType=Rel,15,17,want,want,VERB,2,obj,NONE,10:ref,1,0,forward
6567,Enjoy the restful periods when you can.,when,when,ADV,PronType=Int,5,7,can,can,AUX,2,advmod,NONE,7:advmod,1,0,forward
6574,"The most difficult thing might be deciding which path means the most to you, and where to put your focus.",which,which,DET,PronType=Int,8,9,path,path,NOUN,1,det,NONE,9:det,1,0,forward
6574,"The most difficult thing might be deciding which path means the most to you, and where to put your focus.",where,where,ADV,PronType=Int,17,19,put,put,VERB,2,advmod,NONE,19:advmod,1,1,forward
6590,"With beneficent Jupiter in your sign, this is definitely your year, especially where your social life is concerned.",where,where,ADV,PronType=Int,15,20,concerned,concerned,ADJ,5,advmod,NONE,20:advmod,1,0,forward
6594,"The one department of life that may not quite be as hopeful as you'd like could be your career, where advancement may be slow and satisfaction rare.",that,that,PRON,PronType=Rel,6,12,hopeful,hopeful,ADJ,6,nsubj,NONE,3:ref,1,0,forward
6594,"The one department of life that may not quite be as hopeful as you'd like could be your career, where advancement may be slow and satisfaction rare.",where,where,ADV,PronType=Rel,22,26,slow,slow,ADJ,4,advmod,NONE,20:ref,1,0,forward
6611,You'll find practical ways of increasing your effectiveness in the world by gaining new skills that allow you to live more abundantly.,that,that,PRON,PronType=Rel,17,18,allow,allow,VERB,1,nsubj,NONE,16:ref,1,0,forward
6612,"By the second half of the year, you will finally feel welcome relief from the tight financial binds that have hindered you over the past two years.",that,that,PRON,PronType=Rel,20,22,hindered,hinder,VERB,2,nsubj,NONE,19:ref,1,0,forward
6646,The mysterious RAPHAEL Holinshed was named for the mysterious Neoplatonic Italian painter RAPHAEL Sanzio who painted _St.George Fighting the Dragon_ (1504-06),who,who,PRON,PronType=Rel,15,16,painted,paint,VERB,1,nsubj,NONE,12:ref,1,0,forward
6675,"A Spanish refugee, ANTONIO PEREZ, visited England in 1593 and became acquainted with Francis & ANTHONY Bacon, with whom for a time he seems to have been on terms of intimacy, which did not last very long, for the Spaniard developed so much affectation & bombast that he became unpopular in Court circles.",whom,whom,PRON,PronType=Rel,22,32,terms,term,NOUN,10,nmod,NONE,18:ref,1,2,forward
6675,"A Spanish refugee, ANTONIO PEREZ, visited England in 1593 and became acquainted with Francis & ANTHONY Bacon, with whom for a time he seems to have been on terms of intimacy, which did not last very long, for the Spaniard developed so much affectation & bombast that he became unpopular in Court circles.",which,which,PRON,PronType=Rel,36,39,last,last,VERB,3,nsubj,NONE,32:ref,1,0,forward
6687,"True, but two in England that we know of were a part of the Essex entourage: Dr. Lopez, who had been physician to Essex' step-father, the Earl of Leicester, had apparently treated the young Essex for some socially unacceptable ailment, and Antonio Perez, who was a guest at Essex House in the early 1590's.",that,that,PRON,PronType=Rel,7,9,know,know,VERB,2,obl,NONE,4:ref,1,0,forward
6687,"True, but two in England that we know of were a part of the Essex entourage: Dr. Lopez, who had been physician to Essex' step-father, the Earl of Leicester, had apparently treated the young Essex for some socially unacceptable ailment, and Antonio Perez, who was a guest at Essex House in the early 1590's.",who,who,PRON,PronType=Rel,22,25,physician,physician,NOUN,3,nsubj,NONE,20:ref,1,0,forward
6687,"True, but two in England that we know of were a part of the Essex entourage: Dr. Lopez, who had been physician to Essex' step-father, the Earl of Leicester, had apparently treated the young Essex for some socially unacceptable ailment, and Antonio Perez, who was a guest at Essex House in the early 1590's.",who,who,PRON,PronType=Rel,54,57,guest,guest,NOUN,3,nsubj,NONE,51:ref,1,0,forward
6694,"Lopez's 1561 book ""Libro de la invencion liberal y arte del Juego del Acedraz"" became THE classic on Chess openings, including the one that bears his name.",that,that,PRON,PronType=Rel,28,29,bears,bear,VERB,1,nsubj,NONE,27:ref,1,0,forward
6724,"<<""I have told you, friend,"" said the curate, ""that this is done to divert our idle thoughts; and as in well-ordered states games of CHESS, fives, and billiards are allowed for the diversion of those who do not care, or are not obliged, or are unable to work, so books of this kind are allowed to be printed, on the supposition that, what indeed is the truth, there can be nobody so ignorant as to take any of them for true stories;>>",who,who,PRON,PronType=Rel,48,51,care,care,VERB,3,nsubj,NONE,47:ref,1,0,forward
6724,"<<""I have told you, friend,"" said the curate, ""that this is done to divert our idle thoughts; and as in well-ordered states games of CHESS, fives, and billiards are allowed for the diversion of those who do not care, or are not obliged, or are unable to work, so books of this kind are allowed to be printed, on the supposition that, what indeed is the truth, there can be nobody so ignorant as to take any of them for true stories;>>",what,what,PRON,PronType=Int,80,84,truth,truth,NOUN,4,nsubj,NONE,84:nsubj,1,0,forward
6725,"<<""Well then,"" said Don Quixote, ""the same thing happens in the comedy and life of this world, where some play emperors, others popes, and, in short, all the characters that can be brought into a play; but when it is over, that is to say when life ends, death strips them all of the garments that distinguish one from the other, and all are equal in the grave.""",where,where,ADV,PronType=Rel,25,27,play,play,VERB,2,advmod,NONE,18:ref,1,0,forward
6725,"<<""Well then,"" said Don Quixote, ""the same thing happens in the comedy and life of this world, where some play emperors, others popes, and, in short, all the characters that can be brought into a play; but when it is over, that is to say when life ends, death strips them all of the garments that distinguish one from the other, and all are equal in the grave.""",that,that,PRON,PronType=Rel,41,44,brought,bring,VERB,3,nsubj:pass,pass,40:ref,1,0,forward
6725,"<<""Well then,"" said Don Quixote, ""the same thing happens in the comedy and life of this world, where some play emperors, others popes, and, in short, all the characters that can be brought into a play; but when it is over, that is to say when life ends, death strips them all of the garments that distinguish one from the other, and all are equal in the grave.""",when,when,ADV,PronType=Int,50,53,over,over,ADV,3,advmod,NONE,53:advmod,1,0,forward
6725,"<<""Well then,"" said Don Quixote, ""the same thing happens in the comedy and life of this world, where some play emperors, others popes, and, in short, all the characters that can be brought into a play; but when it is over, that is to say when life ends, death strips them all of the garments that distinguish one from the other, and all are equal in the grave.""",when,when,ADV,PronType=Int,59,61,ends,end,VERB,2,advmod,NONE,61:advmod,1,0,forward
6725,"<<""Well then,"" said Don Quixote, ""the same thing happens in the comedy and life of this world, where some play emperors, others popes, and, in short, all the characters that can be brought into a play; but when it is over, that is to say when life ends, death strips them all of the garments that distinguish one from the other, and all are equal in the grave.""",that,that,PRON,PronType=Rel,70,71,distinguish,distinguish,VERB,1,nsubj,NONE,69:ref,1,0,forward
6726,"""A fine comparison!"" said Sancho; ""though not so new but that I have heard it many and many a time, as well as that other one of the game of CHESS; how, so long as the game lasts, each piece has its own particular office, and when the game is finished they are all mixed, jumbled up and shaken together, and stowed away in the bag, which is much like ending life in the grave.""",how,how,ADV,PronType=Int,39,50,has,have,VERB,11,advmod,NONE,50:advmod,1,2,forward
6726,"""A fine comparison!"" said Sancho; ""though not so new but that I have heard it many and many a time, as well as that other one of the game of CHESS; how, so long as the game lasts, each piece has its own particular office, and when the game is finished they are all mixed, jumbled up and shaken together, and stowed away in the bag, which is much like ending life in the grave.""",when,when,ADV,PronType=Int,57,61,finished,finish,VERB,4,advmod,NONE,61:advmod,1,0,forward
6726,"""A fine comparison!"" said Sancho; ""though not so new but that I have heard it many and many a time, as well as that other one of the game of CHESS; how, so long as the game lasts, each piece has its own particular office, and when the game is finished they are all mixed, jumbled up and shaken together, and stowed away in the bag, which is much like ending life in the grave.""",which,which,PRON,PronType=Rel,80,84,ending,end,VERB,4,nsubj:outer,outer,74:ref,1,1,forward
6728,"""Ay,"" said Sancho; ""it must be that some of your worship's shrewdness sticks to me; land that, of itself, is barren and dry, will come to yield good fruit if you dung it and till it>>",that,that,PRON,PronType=Rel,24,30,barren,barren,ADJ,6,nsubj,NONE,23:ref,1,0,forward
6736,"He could bear no longer that expressionless and motionless stare, which seemed to have a sort of impenetrable emptiness like the black depth of an abyss.",which,which,PRON,PronType=Rel,12,13,seemed,seem,VERB,1,nsubj,NONE,10:ref,1,0,forward
6741,"At night, however, he slept alone, and the avenger might find him.",however,however,ADV,_,4,7,slept,sleep,VERB,3,advmod,NONE,7:advmod,1,0,forward
6742,"On a certain evening, which had been prearranged, I sent my friend final instructions, for the man was forever on the alert and continually changed his room.",which,which,PRON,PronType=Rel,6,9,prearranged,prearrange,VERB,3,nsubj:pass,pass,4:ref,1,0,forward
6743,I was to see that the doors were open and the signal of a green or white light in a window which faced the drive was to give notice if all was safe or if the attempt had better be postponed.,which,which,PRON,PronType=Rel,22,23,faced,face,VERB,1,nsubj,NONE,21:ref,1,0,forward
6748,Then and there they would have plunged their knives into me could they have seen how to escape the consequences of the deed.,how,how,ADV,PronType=Int,16,18,escape,escape,VERB,2,advmod,NONE,18:advmod,1,1,forward
6752,I swear that he might have twisted it off had I understood what it would mean to Garcia.,what,what,PRON,PronType=Rel,13,12,understood,understand,VERB,1,obj,NONE,12:obj;16:obj,2,0,backward
6753,"Lopez addressed the note which I had written, sealed it with his sleeve-link, and sent it by the hand of the servant, Jose.",which,which,PRON,PronType=Rel,5,8,written,write,VERB,3,obj,NONE,4:ref,1,0,forward
6754,"How they murdered him I do not know, save that it was Murillo's hand who struck him down, for Lopez had remained to guard me.",How,how,ADV,PronType=Int,1,3,murdered,murder,VERB,2,advmod,NONE,3:advmod,1,0,forward
6754,"How they murdered him I do not know, save that it was Murillo's hand who struck him down, for Lopez had remained to guard me.",who,who,PRON,PronType=Rel,17,18,struck,strike,VERB,1,nsubj,NONE,16:ref,1,0,forward
6755,I believe he must have waited among the gorse bushes through which the path winds and struck him down as he passed.,which,which,PRON,PronType=Rel,12,15,winds,wind,VERB,3,obl,NONE,10:ref,1,0,forward
6762,"The Rock revolution came from the nation that allows a church to be changed to a pub or to a dance room or to a recording studio full of drug addicts, homosexuals and lunatics (as that of George Martin, ally of the Beatles).",that,that,PRON,PronType=Rel,8,9,allows,allow,VERB,1,nsubj,NONE,7:ref,1,0,forward
6763,"It came from the nation whose king Enrique VIII adulterated the Bible so that divorce could be allowed and in this way be able to give loose rein to the many divorces from his wives and subsequent murdering of the same ones and to whom God provided a wife with six fingers as abomination (Anne Boleyn)...once again 6, number of the Beast....",whose,whose,PRON,Poss=Yes|PronType=Rel,6,7,king,king,NOUN,1,nmod:poss,poss,5:ref,1,0,forward
6763,"It came from the nation whose king Enrique VIII adulterated the Bible so that divorce could be allowed and in this way be able to give loose rein to the many divorces from his wives and subsequent murdering of the same ones and to whom God provided a wife with six fingers as abomination (Anne Boleyn)...once again 6, number of the Beast....",whom,whom,PRON,PronType=Rel,45,47,provided,provide,VERB,2,obl,NONE,47:obl:to,1,0,forward
6765,"As the epithet of the government of Satan on that nation, the center of London, the so well-known Piccadilly Circus, takes it's name from an old brothel (the ""Piccadilla House"" which means ""The House of Sin""), disappeared nowadays.",which,which,PRON,PronType=Rel,39,40,means,mean,VERB,1,nsubj,NONE,37:ref,1,0,forward
6769,"The same demons that made captain Smith say ""Not even God can sink my ship"" spoke from antichrist John Lennon (from Liverpool, base port to the Titanic) saying: ""Christianity is on the go.",that,that,PRON,PronType=Rel,4,5,made,make,VERB,1,nsubj,NONE,3:ref,1,0,forward
6772,That was the day that GOD'S CURSE fell upon the world of Rock.,that,that,PRON,PronType=Rel,5,9,fell,fall,VERB,4,obl:unmarked,unmarked,4:ref,1,0,forward
6775,"John Lennon's divorce followed, as well as his entering the world of black magic, as deeply as to buy the apartment. where the ""Rosemary's baby"" had been filmed, previous property of Roman Polansky, and in that same apartment John Lennon had a room upholstered with black silk where he used to do his black magic operations.",where,where,ADV,PronType=Rel,26,35,filmed,film,VERB,9,advmod,NONE,24:ref,1,0,forward
6775,"John Lennon's divorce followed, as well as his entering the world of black magic, as deeply as to buy the apartment. where the ""Rosemary's baby"" had been filmed, previous property of Roman Polansky, and in that same apartment John Lennon had a room upholstered with black silk where he used to do his black magic operations.",where,where,ADV,PronType=Int,57,59,used,use,VERB,2,advmod,NONE,59:advmod,1,0,forward
6776,"Came the disintegration of the Beatles' minds with LSD which has caused, among others, schizophrenic lyrics such as ""I am the Walrus"" and incoherent schizophrenic musical expositions like ""Revolution number 9"".",which,which,PRON,PronType=Rel,11,13,caused,cause,VERB,2,nsubj,NONE,10:ref,1,0,forward
6777,"At the same time, the devil acted through his other main puppets with ""Sympathy for the devil"" that was when the pact of the Rolling Stones with Satan took the life of the founder of the group, the guitarist Brian Jones (who refused to be a puppet of the devil), murdered by people sent by Mick Jagger, another assassin.",when,when,ADV,PronType=Rel,23,8,acted,act,VERB,15,parataxis,NONE,8:parataxis;32:advmod,2,0,backward
6777,"At the same time, the devil acted through his other main puppets with ""Sympathy for the devil"" that was when the pact of the Rolling Stones with Satan took the life of the founder of the group, the guitarist Brian Jones (who refused to be a puppet of the devil), murdered by people sent by Mick Jagger, another assassin.",who,who,PRON,PronType=Rel,47,48,refused,refuse,VERB,1,nsubj,NONE,37:ref,1,0,forward
6778,"Antichrist John Lennon followed the Devil's strategy writing lyrics such as ""God is a concept by which we measure our pain...I don't believe in Jesus, etc., etc.,"" (God) and ""and no religions too..."" (Imagine).",which,which,PRON,PronType=Rel,19,21,measure,measure,VERB,2,obl,NONE,17:ref,1,0,forward
6779,"Antichrist John Lennon wanted to compete with Jesus Christ, and so he grew a beard and started to make a bogus role of Christ together with Yoko Ono at the Amsterdam Hilton hotel proclaiming ""Peace"", being then when he was visited by the Canadian journalist who ridiculized and admonished him wanting to know about what Lennon meant when he wrote in the lyrics of ""The ballad of John and Yoko"": ""the way things are going, they're going to crucify me..."", The CURSE OF GOD upon John Lennon carried on with all type of miseries and distresses which made Lennon give the interview to the ""Rolling Stone"" magazine (today condensed in the ""Lennon remembers"" book) where he speaks about how bad thing were going for him blaming ""whatever is up there"" for it (referring to God).",when,when,ADV,PronType=Rel,42,45,visited,visit,VERB,3,advmod,NONE,41:ref,1,0,forward
6779,"Antichrist John Lennon wanted to compete with Jesus Christ, and so he grew a beard and started to make a bogus role of Christ together with Yoko Ono at the Amsterdam Hilton hotel proclaiming ""Peace"", being then when he was visited by the Canadian journalist who ridiculized and admonished him wanting to know about what Lennon meant when he wrote in the lyrics of ""The ballad of John and Yoko"": ""the way things are going, they're going to crucify me..."", The CURSE OF GOD upon John Lennon carried on with all type of miseries and distresses which made Lennon give the interview to the ""Rolling Stone"" magazine (today condensed in the ""Lennon remembers"" book) where he speaks about how bad thing were going for him blaming ""whatever is up there"" for it (referring to God).",who,who,PRON,PronType=Rel,50,51,ridiculized,ridicule,VERB,1,nsubj,NONE,49:ref,1,0,forward
6779,"Antichrist John Lennon wanted to compete with Jesus Christ, and so he grew a beard and started to make a bogus role of Christ together with Yoko Ono at the Amsterdam Hilton hotel proclaiming ""Peace"", being then when he was visited by the Canadian journalist who ridiculized and admonished him wanting to know about what Lennon meant when he wrote in the lyrics of ""The ballad of John and Yoko"": ""the way things are going, they're going to crucify me..."", The CURSE OF GOD upon John Lennon carried on with all type of miseries and distresses which made Lennon give the interview to the ""Rolling Stone"" magazine (today condensed in the ""Lennon remembers"" book) where he speaks about how bad thing were going for him blaming ""whatever is up there"" for it (referring to God).",what,what,PRON,PronType=Int,59,61,meant,mean,VERB,2,obj,NONE,61:obj,1,0,forward
6779,"Antichrist John Lennon wanted to compete with Jesus Christ, and so he grew a beard and started to make a bogus role of Christ together with Yoko Ono at the Amsterdam Hilton hotel proclaiming ""Peace"", being then when he was visited by the Canadian journalist who ridiculized and admonished him wanting to know about what Lennon meant when he wrote in the lyrics of ""The ballad of John and Yoko"": ""the way things are going, they're going to crucify me..."", The CURSE OF GOD upon John Lennon carried on with all type of miseries and distresses which made Lennon give the interview to the ""Rolling Stone"" magazine (today condensed in the ""Lennon remembers"" book) where he speaks about how bad thing were going for him blaming ""whatever is up there"" for it (referring to God).",when,when,ADV,PronType=Int,62,64,wrote,write,VERB,2,advmod,NONE,64:advmod,1,0,forward
6779,"Antichrist John Lennon wanted to compete with Jesus Christ, and so he grew a beard and started to make a bogus role of Christ together with Yoko Ono at the Amsterdam Hilton hotel proclaiming ""Peace"", being then when he was visited by the Canadian journalist who ridiculized and admonished him wanting to know about what Lennon meant when he wrote in the lyrics of ""The ballad of John and Yoko"": ""the way things are going, they're going to crucify me..."", The CURSE OF GOD upon John Lennon carried on with all type of miseries and distresses which made Lennon give the interview to the ""Rolling Stone"" magazine (today condensed in the ""Lennon remembers"" book) where he speaks about how bad thing were going for him blaming ""whatever is up there"" for it (referring to God).",which,which,PRON,PronType=Rel,110,111,made,make,VERB,1,nsubj,NONE,101:ref,1,0,forward
6779,"Antichrist John Lennon wanted to compete with Jesus Christ, and so he grew a beard and started to make a bogus role of Christ together with Yoko Ono at the Amsterdam Hilton hotel proclaiming ""Peace"", being then when he was visited by the Canadian journalist who ridiculized and admonished him wanting to know about what Lennon meant when he wrote in the lyrics of ""The ballad of John and Yoko"": ""the way things are going, they're going to crucify me..."", The CURSE OF GOD upon John Lennon carried on with all type of miseries and distresses which made Lennon give the interview to the ""Rolling Stone"" magazine (today condensed in the ""Lennon remembers"" book) where he speaks about how bad thing were going for him blaming ""whatever is up there"" for it (referring to God).",where,where,ADV,PronType=Rel,134,136,speaks,speak,VERB,2,advmod,NONE,115:ref,1,0,forward
6779,"Antichrist John Lennon wanted to compete with Jesus Christ, and so he grew a beard and started to make a bogus role of Christ together with Yoko Ono at the Amsterdam Hilton hotel proclaiming ""Peace"", being then when he was visited by the Canadian journalist who ridiculized and admonished him wanting to know about what Lennon meant when he wrote in the lyrics of ""The ballad of John and Yoko"": ""the way things are going, they're going to crucify me..."", The CURSE OF GOD upon John Lennon carried on with all type of miseries and distresses which made Lennon give the interview to the ""Rolling Stone"" magazine (today condensed in the ""Lennon remembers"" book) where he speaks about how bad thing were going for him blaming ""whatever is up there"" for it (referring to God).",how,how,ADV,PronType=Int,138,139,bad,bad,ADV,1,advmod,NONE,139:advmod,1,0,forward
6779,"Antichrist John Lennon wanted to compete with Jesus Christ, and so he grew a beard and started to make a bogus role of Christ together with Yoko Ono at the Amsterdam Hilton hotel proclaiming ""Peace"", being then when he was visited by the Canadian journalist who ridiculized and admonished him wanting to know about what Lennon meant when he wrote in the lyrics of ""The ballad of John and Yoko"": ""the way things are going, they're going to crucify me..."", The CURSE OF GOD upon John Lennon carried on with all type of miseries and distresses which made Lennon give the interview to the ""Rolling Stone"" magazine (today condensed in the ""Lennon remembers"" book) where he speaks about how bad thing were going for him blaming ""whatever is up there"" for it (referring to God).",whatever,whatever,PRON,PronType=Rel,147,145,blaming,blame,VERB,2,obj,NONE,145:obj;150:nsubj,2,0,backward
6782,"After George Harrison, said arrogantly in a video filmed in his studio at Henley on Thames: ""I want to talk about the divinity of man"", he was given throat cancer by GOD because of those words, which made metastasis and carried on to final death..",which,which,PRON,PronType=Rel,43,44,made,make,VERB,1,nsubj,NONE,35:ref,1,0,forward
6783,"To Paul McCartney whose company's logo was a person toying with the planets as if he was a god, and who was being very much deluded in his ego trip by the fact that he was made ""Sir"" (when in England even the road sweeper is made Sir, as long as he produces money for the nation), GOD provided cancer to the wife.",whose,whose,PRON,Poss=Yes|PronType=Rel,4,5,company,company,NOUN,1,nmod:poss,poss,2:ref,1,0,forward
6783,"To Paul McCartney whose company's logo was a person toying with the planets as if he was a god, and who was being very much deluded in his ego trip by the fact that he was made ""Sir"" (when in England even the road sweeper is made Sir, as long as he produces money for the nation), GOD provided cancer to the wife.",who,who,PRON,PronType=Rel,23,28,deluded,delude,VERB,5,nsubj:pass,pass,2:ref,1,0,forward
6783,"To Paul McCartney whose company's logo was a person toying with the planets as if he was a god, and who was being very much deluded in his ego trip by the fact that he was made ""Sir"" (when in England even the road sweeper is made Sir, as long as he produces money for the nation), GOD provided cancer to the wife.",when,when,ADV,PronType=Int,44,52,made,make,VERB,8,advmod,NONE,52:advmod,1,0,forward
6784,"The advertising farce of how much he loved Linda (woman whose quality he did not deserve), was exposed when it was known that Paul had an affair with Heather Mills, Linda's intimate friend, with whom McCartney went on a trip to New York and to whom he bought things and presents, while he was still mourning for his ""dear Linda"".",how,how,ADV,PronType=Int,5,6,much,much,ADV,1,advmod,NONE,6:advmod,1,0,forward
6784,"The advertising farce of how much he loved Linda (woman whose quality he did not deserve), was exposed when it was known that Paul had an affair with Heather Mills, Linda's intimate friend, with whom McCartney went on a trip to New York and to whom he bought things and presents, while he was still mourning for his ""dear Linda"".",whose,whose,PRON,Poss=Yes|PronType=Rel,12,13,quality,quality,NOUN,1,nmod:poss,poss,11:ref,1,0,forward
6784,"The advertising farce of how much he loved Linda (woman whose quality he did not deserve), was exposed when it was known that Paul had an affair with Heather Mills, Linda's intimate friend, with whom McCartney went on a trip to New York and to whom he bought things and presents, while he was still mourning for his ""dear Linda"".",when,when,ADV,PronType=Int,22,25,known,know,VERB,3,advmod,NONE,25:advmod,1,0,forward
6784,"The advertising farce of how much he loved Linda (woman whose quality he did not deserve), was exposed when it was known that Paul had an affair with Heather Mills, Linda's intimate friend, with whom McCartney went on a trip to New York and to whom he bought things and presents, while he was still mourning for his ""dear Linda"".",whom,whom,PRON,PronType=Rel,41,43,went,go,VERB,2,obl,NONE,32:ref,1,0,forward
6784,"The advertising farce of how much he loved Linda (woman whose quality he did not deserve), was exposed when it was known that Paul had an affair with Heather Mills, Linda's intimate friend, with whom McCartney went on a trip to New York and to whom he bought things and presents, while he was still mourning for his ""dear Linda"".",whom,whom,PRON,PronType=Rel,52,54,bought,buy,VERB,2,obl,NONE,32:ref;54:obl:to,2,0,forward
6788,"The early days were the days of competition between Paul and his wife and John and his wife and he knew he had to compete with ugly John for the leadership of the band in front of their wives and having Yoko Ono made him aware of his lack of virility and repressed homosexuality, he grew the beard that we see in the ""Let it Be"" film and started to show pictures of naked women in the same film, doing every effort he could to be seen as a man....",that,that,PRON,PronType=Rel,60,62,see,see,VERB,2,obj,NONE,59:ref,1,0,forward
6789,"It is easy to note the uneasiness of McCartney when he sings: ""I've got a feeling, a feeling I can't hide..."" in front of Yoko in the film.",when,when,ADV,PronType=Int,10,12,sings,sing,VERB,2,advmod,NONE,12:advmod,1,0,forward
6790,(He already had the traumas that his previous girlfriend Jane Asher had caused him when she made him aware of his little manliness and effeminate manners).,that,that,PRON,PronType=Rel,7,14,caused,cause,VERB,7,obj,NONE,6:ref,1,0,forward
6790,(He already had the traumas that his previous girlfriend Jane Asher had caused him when she made him aware of his little manliness and effeminate manners).,when,when,ADV,PronType=Int,16,18,made,make,VERB,2,advmod,NONE,18:advmod,1,0,forward
6792,This is something that his ego trip of lucky bad musician could not face anymore....,that,that,PRON,PronType=Rel,4,14,face,face,VERB,10,obj,NONE,3:ref,1,0,forward
6794,"Besides being a murderer, John Lennon had sexual intercourse with homosexual Brian Epstein to get him interested in going to see the band at the Cavern, trauma from which he never recovered.",which,which,PRON,PronType=Rel,31,34,recovered,recover,VERB,3,obl,NONE,29:ref,1,0,forward
6795,"Because of the trauma that his homosexual relation with Brian Epstein had left him, he made lyrics such as: ""You can wear a collar and a tie, one thing you can't hide is when you're crippled inside"" and gave declarations to the ""Rolling Stone"" magazine saying that ""sometimes he wore Texan boots to feel more secure as a man"".",that,that,PRON,PronType=Rel,5,13,left,leave,VERB,8,obj,NONE,4:ref,1,0,forward
6795,"Because of the trauma that his homosexual relation with Brian Epstein had left him, he made lyrics such as: ""You can wear a collar and a tie, one thing you can't hide is when you're crippled inside"" and gave declarations to the ""Rolling Stone"" magazine saying that ""sometimes he wore Texan boots to feel more secure as a man"".",when,when,ADV,PronType=Rel,39,25,wear,wear,VERB,14,parataxis,NONE,25:parataxis;42:advmod,2,1,backward
6798,That rejection got to the point that George Harrison kicked Yoko Ono in the Apple studios during the filming of Let it Be.,that,that,PRON,PronType=Rel,7,10,kicked,kick,VERB,3,obl:unmarked,unmarked,6:ref,1,0,forward
6799,"When John asked George while they were having lunch about how things were going for Paul after his separation from the Beatles and George replied that he was number one in the Swedish hit parade, John said in a despective manner: ""ah!!.. in Sweden.."", as if Sweden was an inferior place or something alike.",When,when,ADV,PronType=Int,1,3,asked,ask,VERB,2,advmod,NONE,3:advmod,1,0,forward
6799,"When John asked George while they were having lunch about how things were going for Paul after his separation from the Beatles and George replied that he was number one in the Swedish hit parade, John said in a despective manner: ""ah!!.. in Sweden.."", as if Sweden was an inferior place or something alike.",how,how,ADV,PronType=Int,11,14,going,go,VERB,3,advmod,NONE,14:advmod,1,0,forward
6800,"In the Beatles' song ""Get Back"" they advise black Joe to ""get back to where you once belonged"", as if England was not a place for black people.",where,where,ADV,PronType=Rel,19,17,back,back,ADV,2,obl,NONE,17:obl:to;22:advmod,2,0,backward
6802,The Jewish marriage living to the right of George's house said that he is an arrogant person who does never return a greeting.,who,who,PRON,PronType=Rel,19,22,return,return,VERB,3,nsubj,NONE,18:ref,1,0,forward
6805,"It is interesting to note that this company was made bankrupt by the British cinema industry due to the despotism and pedantry of George Harrison, who believed that the cinema industry would have worshiped him.",who,who,PRON,PronType=Rel,27,28,believed,believe,VERB,1,nsubj,NONE,24:ref,1,0,forward
6806,Their chauvinisms got to the point that even they themselves hated each other.,that,that,PRON,PronType=Rel,7,11,hated,hate,VERB,4,obl:unmarked,unmarked,6:ref,1,1,forward
6809,"George Harrison said in a video that ""Oasis is a very untalented band and they shouldn't be playing at all"", all of it being the truth, but the Beatles is also a band of very poor musicians, if musicians at all, who could only play a couple of elementary guitar chords and who are as untalented as Oasis.",who,who,PRON,PronType=Rel,49,52,play,play,VERB,3,nsubj,NONE,42:ref,1,0,forward
6809,"George Harrison said in a video that ""Oasis is a very untalented band and they shouldn't be playing at all"", all of it being the truth, but the Beatles is also a band of very poor musicians, if musicians at all, who could only play a couple of elementary guitar chords and who are as untalented as Oasis.",who,who,PRON,PronType=Rel,60,63,untalented,untalented,ADJ,3,nsubj,NONE,42:ref,1,0,forward
6812,"Paul McCartney said recently that he believes in using magic, and he does lots of charity, thinking that in this way he will compensate for the CURSE OF GOD that is upon him and that took his wife's life because of his Satanism and involvement in black magic.",that,that,PRON,PronType=Rel,32,35,him,he,PRON,3,nsubj,NONE,29:ref,1,0,forward
6812,"Paul McCartney said recently that he believes in using magic, and he does lots of charity, thinking that in this way he will compensate for the CURSE OF GOD that is upon him and that took his wife's life because of his Satanism and involvement in black magic.",that,that,PRON,PronType=Rel,37,38,took,take,VERB,1,nsubj,NONE,29:ref,1,0,forward
6817,"The fact that bad apprentice musicians such as the Beatles and the Rolling Stones achieved such a giant fame that not even the real quality musicians could achieve, was because the forces of Satan were behind everything, supporting the process.",that,that,PRON,PronType=Rel,20,28,achieve,achieve,VERB,8,obj,NONE,19:ref,1,0,forward
6818,"This mentally ill humanity, destroyed families, twisted moral values, manifest or repressed homosexuality in human beings, anti natural feminism rebellion, drug addiction, corrupt social outlines, mad youths without direction, non respect to hierarchies, convulsed nations, misanthropy, misogyny, paedophilia, irrational and feeble lasciviousness and all other type of existent aberrations, are due to the vast manoeuvre that Satan executed through his main marionettes the Beatles and the Rolling Stones, from the Devil's Island.",that,that,PRON,PronType=Rel,70,72,executed,execute,VERB,2,obj,NONE,69:ref,1,0,forward
6819,"If you wonder why there is misery and curse in your house, it is because you own some L.P, CD or another article related to the CURSED BY GOD Beatles and Rolling Stones.",why,why,ADV,PronType=Int,4,6,is,be,VERB,2,advmod,NONE,6:advmod,1,0,forward
6833,"""The Berlin daily Der Tagesspiegel this week,"" continued UPI, ""quoted 'NATO intelligence sources' who claimed that the NATO allies had been informed that the United States is currently investigating all possibilities of bringing the mullah-led regime into line, including military options.",who,who,PRON,PronType=Rel,21,22,claimed,claim,VERB,1,nsubj,NONE,19:ref,1,0,forward
6838,Both Dawa and SCIRI have umbilical connections to the fundamentalist Shi'ite leadership in Iran that go back decades.,that,that,PRON,PronType=Rel,15,16,go,go,VERB,1,nsubj,NONE,7:ref,1,0,forward
6842,"Much of the violence aimed at American forces is coming from disgruntled Sunni factions that have their own militias, believe the last elections were a sham, and hold little political power in the government.",that,that,PRON,PronType=Rel,15,16,have,have,VERB,1,nsubj,NONE,14:ref,1,0,forward
6848,While Iran's conventional army is not what it was during the heyday of the Iran-Iraq war - their armaments have deteriorated and the veterans of that last war have retired - the nation enjoys substantial military strength nonetheless.,what,what,PRON,PronType=Rel,8,37,enjoys,enjoy,VERB,29,advcl,NONE,37:advcl:while,1,1,forward
6852,"""Iran is now the only regional military power that poses a significant conventional military threat to Gulf stability,"" continued the CSIS report.",that,that,PRON,PronType=Rel,10,11,poses,pose,VERB,1,nsubj,NONE,9:ref,1,0,forward
6858,"Even the small navy that Iran puts to sea is capable enough to harass shipping, and several cases of small boat operations against oil well heads in the Gulf during that period made it clear small asymmetrical tactics of the Iranian Navy could be quite effective.""",that,that,PRON,PronType=Rel,5,7,puts,put,VERB,2,obj,NONE,4:ref,1,0,forward
6860,"The CSIS report cites numerous areas where Iran has funded modernization including the most troublesome aspect, anti-shipping cruise missiles: 'Iran has obtained new anti-ship missiles and missile patrol craft from China, midget submarines from North Korea, submarines from Russia, and modern mines.'""",where,where,ADV,PronType=Rel,7,10,funded,fund,VERB,3,advmod,NONE,6:ref,1,0,forward
6861,"It is Iran's missile armaments that pose the greatest concern for American forces in the Gulf, especially for the US Navy.",that,that,PRON,PronType=Rel,7,8,pose,pose,VERB,1,nsubj,NONE,6:ref,1,0,forward
6862,Iran's coast facing the Persian Gulf is a looming wall of mountains that look down upon any naval forces arrayed in those waters.,that,that,PRON,PronType=Rel,14,15,look,look,VERB,1,nsubj,NONE,13:ref,1,0,forward
6863,"The Gulf itself only has one exit, the Strait of Hormuz, which is also dominated by the mountainous Iranian coastline.",which,which,PRON,PronType=Rel,14,17,dominated,dominate,VERB,3,nsubj:pass,pass,10:ref,1,0,forward
6873,"Recall that it was two Exocets that ripped the USS Stark to shreds in 1987, killing 37 sailors.",that,that,PRON,PronType=Rel,7,8,ripped,rip,VERB,1,nsubj,NONE,6:ref,1,0,forward
6876,"Sailing with the Roosevelt is the Tarawa Expeditionary Strike Force, which includes the USS Tarawa, the USS Austin, and the USS Pearl Harbor.",which,which,PRON,PronType=Rel,12,13,includes,include,VERB,1,nsubj,NONE,10:ref,1,0,forward
6882,"The occupation of Iraq has become a guerrilla war, a siege that has lasted more than a thousand days.",that,that,PRON,PronType=Rel,13,15,lasted,last,VERB,2,nsubj,NONE,12:ref,1,0,forward
6886,"This was a specific reaction to the American invasion of Iraq, and a reaction to America's condemnation of Syria after the death of Lebanese Prime Minister Rafik Hariri, which was widely seen as an assassination ordered from Damascus.",which,which,PRON,PronType=Rel,32,35,seen,see,VERB,3,nsubj:pass,pass,24:ref,1,0,forward
6901,"China is seeking the construction of a pipeline from Iran to the Caspian Sea, where it would link with another planned pipeline running from Kazakhstan to China.",where,where,ADV,PronType=Rel,16,19,link,link,VERB,3,advmod,NONE,14:ref,1,0,forward
6915,"""The hardest blow on Americans,"" concluded Roberts, ""will fall when China does revalue its currency.",when,when,ADV,PronType=Int,15,18,revalue,revalue,VERB,3,advmod,NONE,18:advmod,1,0,forward
6916,"When China's currency ceases to be undervalued, American shoppers in Wal-Mart, where 70 percent of the goods on the shelves are made in China, will think they are in Neiman Marcus.",When,when,ADV,PronType=Int,1,5,ceases,cease,VERB,4,advmod,NONE,5:advmod,1,0,forward
6916,"When China's currency ceases to be undervalued, American shoppers in Wal-Mart, where 70 percent of the goods on the shelves are made in China, will think they are in Neiman Marcus.",where,where,ADV,PronType=Rel,17,27,made,make,VERB,10,advmod,NONE,15:ref,1,0,forward
6925,"The last three years of the Iraq occupation, however, have sapped this confidence.",however,however,ADV,_,10,13,sapped,sap,VERB,3,advmod,NONE,13:advmod,1,0,forward
6928,Soldiers with vital training and know-how are refusing to re-enlist.,how,how,NOUN,Number=Sing,8,4,training,training,NOUN,4,conj,NONE,1:nmod:with;4:conj:and,2,0,backward
6938,The question must be put as directly as possible: what manner of maniac would undertake a path so fraught with peril and potential economic catastrophe?,what,what,DET,PronType=Int,11,12,manner,manner,NOUN,1,det,NONE,12:det,1,0,forward
6939,"It is difficult to imagine a justification for any action that could envelop the United States in a military and economic conflict with Iraq, Iran, Syria and China simultaneously.",that,that,PRON,PronType=Rel,11,13,envelop,envelop,VERB,2,nsubj,NONE,10:ref,1,0,forward
6944,"The dangers implicit in any attack upon that nation, however, seem to significantly offset whatever gains could be made in the so-called ""War on Terror.""",however,however,ADV,_,11,13,seem,seem,VERB,2,advmod,NONE,13:advmod,1,0,forward
6944,"The dangers implicit in any attack upon that nation, however, seem to significantly offset whatever gains could be made in the so-called ""War on Terror.""",whatever,whatever,DET,PronType=Rel,17,18,gains,gain,NOUN,1,det,NONE,18:det,1,0,forward
6946,What manner of maniac would undertake such a dangerous course?,What,what,DET,PronType=Int,1,2,manner,manner,NOUN,1,det,NONE,2:det,1,0,forward
6949,Recall the multiple terror threats lobbed out by the administration whenever damaging political news appeared in the media.,whenever,whenever,ADV,PronType=Rel,11,6,lobbed,lob,VERB,5,advmod,NONE,6:advmod;15:advmod,2,0,backward
6953,"What kind of political cover would be gained from an attack on Iran, and from the diversion of attention to that attack?",What,what,DET,PronType=Int,1,2,kind,kind,NOUN,1,det,NONE,2:det,1,0,forward
6960,"By Graydon Carter (excepted from ""What We've Lost"", published by Little Brown)",What,what,PRON,PronType=Int,8,11,Lost,lose,VERB,3,obj,NONE,11:obj,1,0,forward
6963,408 - Number of species that could be extinct by 2050 if the global-warming trend continues.,that,that,PRON,PronType=Rel,6,9,extinct,extinct,ADJ,3,nsubj,NONE,5:ref,1,0,forward
6967,"68 - Number of days after taking office that Bush decided Not to ratify the Kyoto Protocol, the international treaty to reduce greenhouse gases by roughly 5.2 per cent below 1990 levels by 2012.",that,that,PRON,PronType=Rel,9,11,decided,decide,VERB,2,obl:unmarked,unmarked,5:ref,1,0,forward
6971,53 - Number of days after taking office that Bush reneged on his campaign promise to regulate carbon dioxide emissions from power plants.,that,that,PRON,PronType=Rel,9,11,reneged,renege,VERB,2,obl:unmarked,unmarked,5:ref,1,0,forward
6976,"31 - Number of Bush administration appointees who are alumni of the energy industry (includes four cabinet secretaries, the six most powerful White House officials, and more than 20 other high-level appointees).",who,who,PRON,PronType=Rel,8,10,alumni,alumnus,NOUN,2,nsubj,NONE,7:ref,1,0,forward
6977,"50= Approximate number of policy changes and regulation rollbacks injurious to the environment that have been announced by the Bush administration on Fridays after 5pm, a time that makes it all but impossible for news organisations to relay the information to the widest possible audience.",that,that,PRON,PronType=Rel,15,18,announced,announce,VERB,3,nsubj:pass,pass,7:ref,1,0,forward
6977,"50= Approximate number of policy changes and regulation rollbacks injurious to the environment that have been announced by the Bush administration on Fridays after 5pm, a time that makes it all but impossible for news organisations to relay the information to the widest possible audience.",that,that,PRON,PronType=Rel,31,32,makes,make,VERB,1,nsubj,NONE,30:ref,1,0,forward
6981,$6.1m - Amount the EPA historically valued each human life when conducting economic analyses of proposed regulations.,when,when,ADV,PronType=Int,13,14,conducting,conduct,VERB,1,advmod,NONE,14:advmod,1,0,forward
6982,$3.7m - Amount the EPA valued each human life when conducting analyses of proposed regulations during the Bush administration.,when,when,ADV,PronType=Int,12,13,conducting,conduct,VERB,1,advmod,NONE,13:advmod,1,0,forward
6985,6 - Number of months before 11 September that Cheney's Energy Task Force investigated Iraq's oil reserves.,that,that,PRON,PronType=Rel,9,15,investigated,investigate,VERB,6,obl:unmarked,unmarked,5:ref,1,0,forward
6986,2 - Percentage of the world's population that is British.,that,that,PRON,PronType=Rel,9,11,British,British,ADJ,2,nsubj,NONE,3:ref,1,0,forward
6988,5 - Percentage of the world's population that is American.,that,that,PRON,PronType=Rel,9,11,American,American,ADJ,2,nsubj,NONE,3:ref,1,0,forward
6991,"24,000 - Estimated number of premature deaths that will occur under Bush's Clear Skies initiative.",that,that,PRON,PronType=Rel,8,10,occur,occur,VERB,2,nsubj,NONE,7:ref,1,0,forward
6996,270 - Estimated number of court decisions citing federal Negligence in endangered-species protection that remained unheeded during the first year of the Bush administration.,that,that,PRON,PronType=Rel,16,17,remained,remain,VERB,1,nsubj,NONE,7:ref,1,0,forward
6997,100 - Percentage of those decisions that Bush then decided to allow the government to ignore indefinitely.,that,that,PRON,PronType=Rel,7,16,ignore,ignore,VERB,9,obj,NONE,3:ref,1,4,forward
6998,"50- Percentage of screened workers at Ground Zero who now suffer from long-term health problems, almost half of whom don't have health insurance.",who,who,PRON,PronType=Rel,10,12,suffer,suffer,VERB,2,nsubj,NONE,6:ref,1,0,forward
6998,"50- Percentage of screened workers at Ground Zero who now suffer from long-term health problems, almost half of whom don't have health insurance.",whom,whom,PRON,PronType=Rel,23,21,half,half,NOUN,2,nmod,NONE,6:ref,1,0,backward
6999,78 - Percentage of workers at Ground Zero who now suffer from lung ailments.,who,who,PRON,PronType=Rel,9,11,suffer,suffer,VERB,2,nsubj,NONE,3:ref,1,0,forward
7000,"88 - Percentage of workers at Ground Zero who Now suffer from ear, nose, or throat problems.",who,who,PRON,PronType=Rel,9,11,suffer,suffer,VERB,2,nsubj,NONE,3:ref,1,0,forward
7001,"22 - Asbestos levels at Ground Zero were 22 times higher than the levels in Libby, Montana, where the W R Grace mine produced one of the worst Superfund disasters in US history.",where,where,ADV,PronType=Rel,20,26,produced,produce,VERB,6,advmod,NONE,16:ref,1,0,forward
7002,1 - Number of Bush administration public statements on National security issued between 20 January 2001 and 10 September 2001 that mentioned al-Qa'ida.,that,that,PRON,PronType=Rel,21,22,mentioned,mention,VERB,1,nsubj,NONE,8:ref,1,0,forward
7003,104 - Number of Bush administration public statements on National security and defense in the same period that mentioned Iraq or Saddam Hussein.,that,that,PRON,PronType=Rel,18,19,mentioned,mention,VERB,1,nsubj,NONE,8:ref,1,0,forward
7004,101 - Number of Bush administration public statements on National security and defense in the same period that mentioned missile defence.,that,that,PRON,PronType=Rel,18,19,mentioned,mention,VERB,1,nsubj,NONE,8:ref,1,0,forward
7005,65 - Number of Bush administration public statements on National security and defense in the same period that mentioned weapons of mass destruction.,that,that,PRON,PronType=Rel,18,19,mentioned,mention,VERB,1,nsubj,NONE,8:ref,1,0,forward
7007,73 - Number of times that Bush mentioned terrorism or terrorists in his three State of the Union addresses.,that,that,PRON,PronType=Rel,6,8,mentioned,mention,VERB,2,obl:unmarked,unmarked,5:ref,1,0,forward
7012,79 - Percentage of the 11 September hijackers who came from Saudi Arabia.,who,who,PRON,PronType=Rel,9,10,came,come,VERB,1,nsubj,NONE,3:ref,1,0,forward
7013,"3 = Number of 11 September hijackers whose entry visas came through special US-Saudi ""Visa Express"" programme.",whose,whose,PRON,Poss=Yes|PronType=Rel,8,10,visas,visa,NOUN,2,nmod:poss,poss,7:ref,1,0,forward
7015,"14 - Number of Immigration and Naturalisation Service (INS) agents assigned to track down 1,200 known illegal immigrants in the United States from countries where al-Qa'ida is active.",where,where,ADV,PronType=Rel,27,32,active,active,ADJ,5,advmod,NONE,26:ref,1,0,forward
7019,$50m - Amount granted to the commission that looked into the Columbia space shuttle crash.,that,that,PRON,PronType=Rel,10,11,looked,look,VERB,1,nsubj,NONE,9:ref,1,0,forward
7023,"1972 - Year that Bush walked away from his pilot duties in the Texas National Guard, Nearly two years before his six-year obligation was up.",that,that,PRON,PronType=Rel,4,6,walked,walk,VERB,2,obl:unmarked,unmarked,3:ref,1,0,forward
7024,"$3,500 - Reward a group of veterans offered in 2000 for anyone who could confirm Bush's Alabama guard service.",who,who,PRON,PronType=Rel,14,16,confirm,confirm,VERB,2,nsubj,NONE,13:ref,1,0,forward
7025,600-700 - Number of guardsmen who were in Bush's unit during that period.,who,who,PRON,PronType=Rel,8,13,unit,unit,NOUN,5,nsubj,NONE,7:ref,1,0,forward
7026,0 - Number of guardsmen from that period who came forward with information about Bush's guard service.,who,who,PRON,PronType=Rel,9,10,came,come,VERB,1,nsubj,NONE,5:ref,1,0,forward
7027,"0 - Number of minutes that President Bush, Vice-President Dick Cheney, the Defence Secretary, Donald Rumsfeld, the assistant Defence Secretary, Paul Wolfowitz, the former chairman of the Defence Policy Board, Richard Perle, and the White House Chief of Staff, Karl Rove - the main proponents of the war in Iraq -served in combat (combined).",that,that,PRON,PronType=Rel,6,63,served,serve,VERB,57,obl:unmarked,unmarked,5:ref,1,0,forward
7028,0 - Number of principal civilian or Pentagon staff members who planned the war who have immediate family members serving in uniform in Iraq.,who,who,PRON,PronType=Rel,11,12,planned,plan,VERB,1,nsubj,NONE,10:ref,1,0,forward
7028,0 - Number of principal civilian or Pentagon staff members who planned the war who have immediate family members serving in uniform in Iraq.,who,who,PRON,PronType=Rel,15,16,have,have,VERB,1,nsubj,NONE,10:ref,1,0,forward
7029,8 - Number of members of the US Senate and House of Representatives who have a child serving in the military.,who,who,PRON,PronType=Rel,14,15,have,have,VERB,1,nsubj,NONE,5:ref,1,0,forward
7030,"10 - Number of days that the Pentagon spent investigating a soldier who had called the President ""a joke"" in a letter to the editor of a Newspaper.",that,that,PRON,PronType=Rel,6,9,spent,spend,VERB,3,obj,NONE,5:ref,1,0,forward
7030,"10 - Number of days that the Pentagon spent investigating a soldier who had called the President ""a joke"" in a letter to the editor of a Newspaper.",who,who,PRON,PronType=Rel,13,15,called,call,VERB,2,nsubj,NONE,12:ref,1,0,forward
7033,2 - Number of Nations that George Bush has attacked and taken over since coming into office.,that,that,PRON,PronType=Rel,6,10,attacked,attack,VERB,4,obj,NONE,5:ref,1,0,forward
7035,43 - Percentage of the entire world's military spending that the US spends on defence.,that,that,PRON,PronType=Rel,11,14,spends,spend,VERB,3,obj,NONE,3:ref,1,0,forward
7039,"1983 - The year in which Donald Rumsfeld, Ronald Reagan's special envoy to the Middle East, gave Saddam Hussein a pair of golden spurs as a gift.",which,which,PRON,PronType=Rel,6,20,gave,give,VERB,14,obl,NONE,4:ref,1,0,forward
7040,"2.5 - Number of hours after Rumsfeld learnt that Osama bin Laden was a suspect in the 11 September attacks that he brought up reasons to ""hit"" Iraq.",that,that,PRON,PronType=Rel,21,23,brought,bring,VERB,2,obl:unmarked,unmarked,5:ref,1,0,forward
7042,"10m - Estimated number of people worldwide who took to the streets on 21 February 2003, in opposition to the invasion of Iraq, the largest simultaneous protest in world history.",who,who,PRON,PronType=Rel,9,10,took,take,VERB,1,nsubj,NONE,7:ref,1,0,forward
7047,"2000 - Year that Cheney said his policy as CEO of Halliburton oil services company was ""we wouldn't do anything in Iraq"".",that,that,PRON,PronType=Rel,4,6,said,say,VERB,2,obl:unmarked,unmarked,3:ref,1,0,forward
7052,35 - Number of countries to which the United States suspended military assistance after they failed to sign agreements giving Americans immunity from prosecution before the International Criminal Court.,which,which,PRON,PronType=Rel,7,11,suspended,suspend,VERB,4,obl,NONE,5:ref,1,0,forward
7055,55 - Percentage of the Iraqi workforce who were unemployed before the war.,who,who,PRON,PronType=Rel,8,10,unemployed,unemployed,ADJ,2,nsubj,NONE,3:ref,1,0,forward
7056,80 - Percentage of the Iraqi workforce who are unemployed a Year after the war.,who,who,PRON,PronType=Rel,8,10,unemployed,unemployed,ADJ,2,nsubj,NONE,3:ref,1,0,forward
7059,0 - Number of coffins of dead soldiers returning home that the Bush administration has permitted to be photographed.,that,that,PRON,PronType=Rel,11,16,permitted,permit,VERB,5,obj,NONE,5:ref,1,0,forward
7060,0 - Number of memorial services for the returned dead that Bush has attended since the beginning of the war.,that,that,PRON,PronType=Rel,11,14,attended,attend,VERB,3,obj,NONE,6:ref,1,0,forward
7064,62 - Percentage of gas masks that army investigators discovered did Not work properly in autumn 2002.,that,that,PRON,PronType=Rel,7,13,work,work,VERB,6,nsubj,NONE,3:ref,1,1,forward
7065,90 - Percentage of detectors which give early warning of a biological weapons attack found to be defective.,which,which,PRON,PronType=Rel,6,7,give,give,VERB,1,nsubj,NONE,5:ref,1,0,forward
7074,76 - Percentage of 215 cities surveyed by the US Conference of Mayors in early 2004 that had yet to receive a dime in federal homeland security assistance for their first-response units.,that,that,PRON,PronType=Rel,17,18,had,have,VERB,1,nsubj,NONE,3:ref,1,0,forward
7075,5 - Number of major US airports at the beginning of 2004 that the Transportation Security Administration admitted were Not fully screening baggage electronically.,that,that,PRON,PronType=Rel,13,22,screening,screen,VERB,9,nsubj,NONE,7:ref,1,1,forward
7076,"22,600 - Number of planes carrying unscreened cargo that fly into New York each month.",that,that,PRON,PronType=Rel,9,10,fly,fly,VERB,1,nsubj,NONE,5:ref,1,0,forward
7077,"5 - Estimated Percentage of US air cargo that is screened, including cargo transported on passenger planes.",that,that,PRON,PronType=Rel,9,11,screened,screen,VERB,2,nsubj:pass,pass,4:ref,1,0,forward
7078,95 - Percentage of foreign goods that arrive in the United States by sea.,that,that,PRON,PronType=Rel,7,8,arrive,arrive,VERB,1,nsubj,NONE,3:ref,1,0,forward
7084,100 - Number of US chemical plants where a terrorist act could endanger the lives of more than one million people.,where,where,ADV,PronType=Rel,8,13,endanger,endanger,VERB,5,advmod,NONE,7:ref,1,0,forward
7085,"0 - Number of new drugs or vaccines against ""priority pathogens"" listed by the Centres for Disease Control that have been developed and introduced since 11 September 2001.",that,that,PRON,PronType=Rel,21,24,developed,develop,VERB,3,nsubj:pass,pass,6:ref,1,0,forward
7090,10 - Number of fellow members from the Yale secret society Skull and Bones that Bush has named to important positions (including the Associate Attorney General Robert McCallum Jr. and SEC chief Bill Donaldson).,that,that,PRON,PronType=Rel,15,18,named,name,VERB,3,obj,NONE,6:ref,1,0,forward
7091,79 - Number of Bush's initial 189 appointees who also served in his father's administration.,who,who,PRON,PronType=Rel,10,12,served,serve,VERB,2,nsubj,NONE,9:ref,1,0,forward
7096,"Pioneers were assigned numbers, which were included on all cheques, enabling the campaign to keep track of who raised how much.)",which,which,PRON,PronType=Rel,6,8,included,include,VERB,2,nsubj:pass,pass,4:ref,1,0,forward
7096,"Pioneers were assigned numbers, which were included on all cheques, enabling the campaign to keep track of who raised how much.)",who,who,PRON,PronType=Int,20,21,raised,raise,VERB,1,nsubj,NONE,21:nsubj,1,0,forward
7096,"Pioneers were assigned numbers, which were included on all cheques, enabling the campaign to keep track of who raised how much.)",how,how,ADV,PronType=Int,22,23,much,much,ADJ,1,advmod,NONE,23:advmod,1,0,forward
7098,4.7m - Number of bankruptcies that were declared during Bush's first three years in office.,that,that,PRON,PronType=Rel,7,9,declared,declare,VERB,2,nsubj:pass,pass,6:ref,1,0,forward
7101,$5.6t - Projected national surplus forecast by the end of the decade when Bush took office in 2001.,when,when,ADV,PronType=Int,15,17,took,take,VERB,2,advmod,NONE,17:advmod,1,0,forward
7104,87 - Percentage of American families in April 2004 who say they have felt no benefit from Bush's tax cuts.,who,who,PRON,PronType=Rel,10,11,say,say,VERB,1,nsubj,NONE,3:ref,1,0,forward
7105,39 - Percentage of tax cuts that will go to the top 1 per cent of American families when fully phased in.,that,that,PRON,PronType=Rel,7,9,go,go,VERB,2,nsubj,NONE,3:ref,1,0,forward
7105,39 - Percentage of tax cuts that will go to the top 1 per cent of American families when fully phased in.,when,when,ADV,PronType=Int,19,21,phased,phase,VERB,2,advmod,NONE,21:advmod,1,0,forward
7106,49 - Percentage of Americans in April 2004 who found that their taxes had actually gone up since Bush took office.,who,who,PRON,PronType=Rel,9,10,found,find,VERB,1,nsubj,NONE,3:ref,1,0,forward
7107,88 - Percentage of American families who will save less than $100 on their 2006 federal taxes as a result of 2003 cut in capital gains and dividends taxes.,who,who,PRON,PronType=Rel,7,9,save,save,VERB,2,nsubj,NONE,3:ref,1,0,forward
7111,2.3m - Number of Americans who lost their jobs during first three Years of the Bush administration.,who,who,PRON,PronType=Rel,7,8,lost,lose,VERB,1,nsubj,NONE,6:ref,1,0,forward
7116,"35m - Number of Americans that the government defines as ""food insecure,"" in other words, hungry.",that,that,PRON,PronType=Rel,7,10,defines,define,VERB,3,obj,NONE,6:ref,1,0,forward
7117,$300m - Amount cut from the federal programme that provides subsidies to poor families so they can heat their homes.,that,that,PRON,PronType=Rel,11,12,provides,provide,VERB,1,nsubj,NONE,10:ref,1,0,forward
7125,"30 - Length of time in months between Enron's collapse and Lay (whom the President called ""Kenny Boy"") still not being charged with a crime.",whom,whom,PRON,PronType=Rel,15,18,called,call,VERB,3,obj,NONE,13:ref,1,0,forward
7128,46 - Percentage of Republican federal judges when Bush came to office.,when,when,ADV,PronType=Int,8,10,came,come,VERB,2,advmod,NONE,10:advmod,1,0,forward
7130,33 - Percentage of the $15bn Bush pledged to fight Aids in Africa that must go to abstinence-only programmes.,that,that,PRON,PronType=Rel,16,18,go,go,VERB,2,nsubj,NONE,3:ref,1,0,forward
7132,"680 - Number of suspected al-Qa'ida members that the United States admits are detained at Guantánamo Bay, Cuba.",that,that,PRON,PronType=Rel,10,16,detained,detain,VERB,6,nsubj:pass,pass,9:ref,1,1,forward
7139,2.4m - Number of Americans who lost their health insurance during Bush's first year in office.,who,who,PRON,PronType=Rel,7,8,lost,lose,VERB,1,nsubj,NONE,6:ref,1,0,forward
7146,85- Percentage of Indonesians who had an unfavourable image of the United States in 2003.,who,who,PRON,PronType=Rel,6,7,had,have,VERB,1,nsubj,NONE,3:ref,1,0,forward
7148,90 - Percentage of Americans who approved of the way Bush was handling his job as president on 26 September 2001.,who,who,PRON,PronType=Rel,6,7,approved,approve,VERB,1,nsubj,NONE,3:ref,1,0,forward
7149,67 - Percentage of Americans who approved of the way Bush was handling his job as president on 26 September 2002.,who,who,PRON,PronType=Rel,6,7,approved,approve,VERB,1,nsubj,NONE,3:ref,1,0,forward
7150,"54 - Percentage of Americans who approved of the way Bush was handling his job as president on 30 September, 2003.",who,who,PRON,PronType=Rel,6,7,approved,approve,VERB,1,nsubj,NONE,3:ref,1,0,forward
7151,50 - Percentage of Americans who approved of the way Bush was handling his job as president on 15 October 2003.,who,who,PRON,PronType=Rel,6,7,approved,approve,VERB,1,nsubj,NONE,3:ref,1,0,forward
7152,49 - Percentage of Americans who approved of the way Bush was handling his job as president in May 2004.,who,who,PRON,PronType=Rel,6,7,approved,approve,VERB,1,nsubj,NONE,3:ref,1,0,forward
7159,No fool when it comes to the press,when,when,ADV,PronType=Int,3,5,comes,come,VERB,2,advmod,NONE,5:advmod,1,0,forward
7160,"11 - Number of press conferences during his first three years in office in which Bush referred to questions as being ""trick"" ones.",which,which,PRON,PronType=Rel,15,17,referred,refer,VERB,2,obl,NONE,6:ref,1,0,forward
7162,3 - Number of companies that control the US voting technology market.,that,that,PRON,PronType=Rel,6,7,control,control,VERB,1,nsubj,NONE,5:ref,1,0,forward
7163,"52 - Percentage of votes cast during the 2002 midterm elections that were recorded by Election Systems & Software, the largest voting-technology firm, a big Republican donor.",that,that,PRON,PronType=Rel,12,14,recorded,record,VERB,2,nsubj:pass,pass,3:ref,1,0,forward
7164,29 - Percentage of votes that will be cast via computer voting machines that don't produce a paper record.,that,that,PRON,PronType=Rel,6,9,cast,cast,VERB,3,nsubj:pass,pass,3:ref,1,0,forward
7164,29 - Percentage of votes that will be cast via computer voting machines that don't produce a paper record.,that,that,PRON,PronType=Rel,14,17,produce,produce,VERB,3,nsubj,NONE,13:ref,1,0,forward
7168,$200m - Amount that the Bush-Cheney 2004 campaign expects to raise by November 2004.,that,that,PRON,PronType=Rel,6,15,raise,raise,VERB,9,obj,NONE,5:ref,1,2,forward
7169,"268 Number of Bush-Cheney fund-raisers who had earned Pioneer status (by raising $100,000 each) as of March 2004.",who,who,PRON,PronType=Rel,10,12,earned,earn,VERB,2,nsubj,NONE,9:ref,1,0,forward
7170,"187 - Number of Bush-Cheney fund-raisers who had earned Ranger status (by raising $200,000 each) as of March 2004.",who,who,PRON,PronType=Rel,11,13,earned,earn,VERB,2,nsubj,NONE,10:ref,1,0,forward
7172,85 - Percentage of Americans who can't Name the Chief Justice of the United States.,who,who,PRON,PronType=Rel,6,9,Name,name,VERB,3,nsubj,NONE,3:ref,1,0,forward
7173,69 - Percentage of Americans who believed the White House's claims in September 2003 that Saddam Hussein was personally involved in the 11 September attacks.,who,who,PRON,PronType=Rel,6,7,believed,believe,VERB,1,nsubj,NONE,3:ref,1,0,forward
7174,"34 - Percentage of Americans who believed in June 2003 that Saddam's ""weapons of mass destruction"" had been found.",who,who,PRON,PronType=Rel,6,7,believed,believe,VERB,1,nsubj,NONE,3:ref,1,0,forward
7175,22- Percentage of Americans who believed in May 2003 that Saddam had used his WMDs on US forces.,who,who,PRON,PronType=Rel,6,7,believed,believe,VERB,1,nsubj,NONE,3:ref,1,0,forward
7176,"85 - Percentage of American young adults who cannot find Afghanistan, Iraq, or Israel on a map.",who,who,PRON,PronType=Rel,8,11,find,find,VERB,3,nsubj,NONE,3:ref,1,0,forward
7177,30 - Percentage of American young adults who cannot find the Pacific Ocean on a map.,who,who,PRON,PronType=Rel,8,11,find,find,VERB,3,nsubj,NONE,3:ref,1,0,forward
7178,75 - Percentage of American young adults who don't know the population of the United States.,who,who,PRON,PronType=Rel,8,11,know,know,VERB,3,nsubj,NONE,3:ref,1,0,forward
7179,53 - Percentage of Canadian young adults who don't know the population of the United States.,who,who,PRON,PronType=Rel,8,11,know,know,VERB,3,nsubj,NONE,3:ref,1,0,forward
7180,11 - Percentage of American young adults who cannot find the United States on a map.,who,who,PRON,PronType=Rel,8,11,find,find,VERB,3,nsubj,NONE,3:ref,1,0,forward
7181,"30 - Percentage of Americans who believe that ""politics and government are too complicated to understand.""",who,who,PRON,PronType=Rel,6,7,believe,believe,VERB,1,nsubj,NONE,3:ref,1,0,forward
7183,70m - Estimated number of Americans who describe themselves as Evangelicals who accept Jesus Christ as their personal saviour and who interpret the Bible as the direct word of God.,who,who,PRON,PronType=Rel,8,9,describe,describe,VERB,1,nsubj,NONE,7:ref,1,0,forward
7183,70m - Estimated number of Americans who describe themselves as Evangelicals who accept Jesus Christ as their personal saviour and who interpret the Bible as the direct word of God.,who,who,PRON,PronType=Rel,13,14,accept,accept,VERB,1,nsubj,NONE,12:ref,1,0,forward
7183,70m - Estimated number of Americans who describe themselves as Evangelicals who accept Jesus Christ as their personal saviour and who interpret the Bible as the direct word of God.,who,who,PRON,PronType=Rel,22,23,interpret,interpret,VERB,1,nsubj,NONE,12:ref,1,0,forward
7184,23m - Number of Evangelicals who voted for Bush in 2000.,who,who,PRON,PronType=Rel,7,8,voted,vote,VERB,1,nsubj,NONE,6:ref,1,0,forward
7185,50m- Number of voters in total who voted for Bush in 2000.,who,who,PRON,PronType=Rel,9,10,voted,vote,VERB,1,nsubj,NONE,6:ref,1,0,forward
7186,46 - Percentage of voters who describe themselves as born-again Christians.,who,who,PRON,PronType=Rel,6,7,describe,describe,VERB,1,nsubj,NONE,3:ref,1,0,forward
7187,"5 - Number of states that do not use the word ""evolution"" in public school science courses.",that,that,PRON,PronType=Rel,6,9,use,use,VERB,3,nsubj,NONE,5:ref,1,0,forward
7198,Can somebody give me the names some collages that do post 18 (degrees or foundation degrees) in either:,that,that,PRON,PronType=Rel,9,10,do,do,VERB,1,nsubj,NONE,8:ref,1,0,forward
7201,No one employs people from Hartpury because of what they received on work experience.,what,what,PRON,PronType=Rel,9,3,employs,employ,VERB,6,obl,NONE,3:obl:because_of;11:obj,2,0,backward
7208,"They'll give you a comprehensive list of all the universities that do the courses you want, plus all the information you need to apply.",that,that,PRON,PronType=Rel,12,13,do,do,VERB,1,nsubj,NONE,11:ref,1,0,forward
7209,"Besides from Pacquiao, what else is The Philipines famous for?",what,what,PRON,PronType=Int,5,10,famous,famous,ADJ,5,obl,NONE,10:obl:for,1,0,forward
7211,"You shouldn't ask this question it's intimidating, if i tell you what people knows about Philippines you will blush, thank god many thinks i'm japanese just because of the way i keep myself, the way i talk and treat people, and the way i dress, so if you don't want nasty, insulting answers especially from those undesirable migrants like puttagenius, caloy, gro science, and irene.",what,what,PRON,PronType=Int,15,17,knows,know,VERB,2,obj,NONE,17:obj,1,0,forward
7212,In fact Philippines is famous to accept people like these people i mentioned whose not filipinos but helping the Philippines to plunge in the pit as they are the rot of the country.,who,who,PRON,PronType=Rel,14,17,filipinos,Filipino,PROPN,3,nsubj,NONE,11:ref,1,0,forward
7216,"I've been given the opportunity to live in Limerick, Ireland, next year as part of my course..if you know about Limerick, what are the pros and cons?",what,what,PRON,PronType=Int,28,4,given,give,VERB,24,parataxis,NONE,4:parataxis,1,5,backward
7218,"The L.I.T is so close to Moyross, yet again the ppl who talk sh*t about Moyross still go there.",who,who,PRON,PronType=Rel,13,14,talk,talk,VERB,1,nsubj,NONE,12:ref,1,0,forward
7230,"you are best to either recover to the standard ROM, or find one that doesn't crash.",that,that,PRON,PronType=Rel,15,18,crash,crash,VERB,3,nsubj,NONE,14:ref,1,0,forward
7242,and how big are they?,how,how,ADV,PronType=Int,2,3,big,big,ADJ,1,advmod,NONE,3:advmod,1,0,forward
7245,when i watched werewolf in london ( great film) that was the only time i saw the yorkshire moors.,when,when,ADV,PronType=Int,1,3,watched,watch,VERB,2,advmod,NONE,3:advmod,1,0,forward
7249,"They can also be very beautiful when the purple heather is out, and they are habitat to much wildlife and many species of wildflowers.",when,when,ADV,PronType=Int,7,12,out,out,ADV,5,advmod,NONE,12:advmod,1,0,forward
7250,I have a western pleasure appy thats really heavy on her left lead at the lope?,that,that,PRON,PronType=Rel,7,10,heavy,heavy,ADJ,3,nsubj,NONE,6:ref,1,0,forward
7253,"How could I work with her to get off her four hand,get balance, and lope smoothly and slowly??",How,how,ADV,PronType=Int,1,4,work,work,VERB,3,advmod,NONE,4:advmod,1,0,forward
7254,"Put on a pair of spurs and before she makes that trot step, it's in the feeling when you feel her think trot, tick her with the spur and lift with your body to keep her moving.",when,when,ADV,PronType=Int,20,22,feel,feel,VERB,2,advmod,NONE,22:advmod,1,0,forward
7259,how has ur experience with it?,how,how,ADV,PronType=Int,1,2,has,have,AUX,1,advmod,NONE,2:advmod,1,0,forward
7272,just want to ask..i have an nikon dslr..im wondering why if i zoom my picture zoom like almost 200-300percent..i can see some dead pixel...is there something wrong with my camera body?,why,why,ADV,PronType=Int,15,31,see,see,VERB,16,advmod,NONE,31:advmod,1,3,forward
7275,please help me..and what should i do to fix this problem?,what,what,PRON,PronType=Int,6,9,do,do,VERB,3,obj,NONE,9:obj,1,0,forward
7282,"There should be a Pixel Mapping function in the menu that will get rid of them, most sensors have a few dead and flipped pixels, some only show up on long exposures.",that,that,PRON,PronType=Rel,11,13,get,get,VERB,2,nsubj,NONE,7:ref,1,0,forward
7302,Not necessarily the restaurant but what you order when you get there and what time you go.,what,what,PRON,PronType=Rel,6,4,restaurant,restaurant,NOUN,2,conj,NONE,4:conj:but;8:obj,2,0,backward
7302,Not necessarily the restaurant but what you order when you get there and what time you go.,when,when,ADV,PronType=Int,9,11,get,get,VERB,2,advmod,NONE,11:advmod,1,0,forward
7302,Not necessarily the restaurant but what you order when you get there and what time you go.,what,what,DET,PronType=Rel,14,15,time,time,NOUN,1,det,NONE,15:det,1,0,forward
7308,Not that there is anything wrong with that because they also employ local people that live and shop in the area.,that,that,PRON,PronType=Rel,15,16,live,live,VERB,1,nsubj,NONE,14:ref,1,0,forward
7327,And after 4 days when it dried it was very fragile!,when,when,ADV,PronType=Int,5,7,dried,dry,VERB,2,advmod,NONE,7:advmod,1,0,forward
7330,2. What kind of paint do I use to paint the giraffe?,What,what,DET,PronType=Int,3,4,kind,kind,NOUN,1,det,NONE,4:det,1,0,forward
7340,if so how quick will she adapt to a litter box inside?,how,how,ADV,PronType=Int,3,4,quick,quick,ADV,1,advmod,NONE,4:advmod,1,0,forward
7349,What cleaners should I use for dusting around my parakeet?,What,what,DET,PronType=Int,1,2,cleaners,cleaner,NOUN,1,det,NONE,2:det,1,0,forward
7350,What cleaners can I use to dust around my budgie.,What,what,DET,PronType=Int,1,2,cleaners,cleaner,NOUN,1,det,NONE,2:det,1,0,forward
7352,"If not, what is?",what,what,PRON,PronType=Int,4,5,is,be,AUX,1,nsubj,NONE,5:nsubj,1,0,forward
7354,"If you must use a cleaner, pledge should be fine if the area that you keep your parakeet in is well ventilated.",that,that,PRON,PronType=Rel,15,17,keep,keep,VERB,2,obl,NONE,14:ref,1,0,forward
7358,Even a cotton cloth (I like diapers) that is barely damp w water will work fine.,that,that,PRON,PronType=Rel,10,13,damp,damp,ADJ,3,nsubj,NONE,4:ref,1,0,forward
7360,"I use Miracle Cloth, they're fantastic, just don't use fabric softener or dryer sheets when cleaning them, it ruins their ""grabbing"" ability.",when,when,ADV,PronType=Int,19,20,cleaning,clean,VERB,1,advmod,NONE,20:advmod,1,0,forward
7364,"I'm not gonna say who, they are on now.",who,who,PRON,PronType=Int,7,6,say,say,VERB,1,obj,NONE,6:obj,1,0,backward
7373,how did you know.,how,how,ADV,PronType=Int,1,4,know,know,VERB,3,advmod,NONE,4:advmod,1,0,forward
7375,I'm mostly joking when I talk about suicide and really I'm not that stupid I just get in stupid situations D:,when,when,ADV,PronType=Int,5,7,talk,talk,VERB,2,advmod,NONE,7:advmod,1,0,forward
7376,iguzwhat lol,what,what,PRON,PronType=Int,3,2,guz,guz,VERB,1,obj,NONE,2:obj,1,0,backward
7379,EDIT: I love how she says it's not callum but doesn't deny it's me....i think we all know who she's talking about...,how,how,ADV,PronType=Int,5,7,says,say,VERB,2,advmod,NONE,7:advmod,1,0,forward
7379,EDIT: I love how she says it's not callum but doesn't deny it's me....i think we all know who she's talking about...,who,who,PRON,PronType=Int,25,28,talking,talk,VERB,3,obl,NONE,28:obl:about,1,0,forward
7381,EDIT: How did I know...,How,how,ADV,PronType=Int,3,6,know,know,VERB,3,advmod,NONE,6:advmod,1,0,forward
7387,Yes obviously the USB is region free which means you can use it anywhere.,which,which,PRON,PronType=Rel,8,9,means,mean,VERB,1,nsubj,NONE,7:ref,1,0,forward
7393,I have many friends that have laptops bought in the UK that use them here,that,that,PRON,PronType=Rel,5,6,have,have,VERB,1,nsubj,NONE,4:ref,1,0,forward
7393,I have many friends that have laptops bought in the UK that use them here,that,that,PRON,PronType=Rel,12,13,use,use,VERB,1,nsubj,NONE,4:ref,1,0,forward
7395,How do I take care of my newborn baby fish?,How,how,ADV,PronType=Int,1,4,take,take,VERB,3,advmod,NONE,4:advmod,1,0,forward
7396,"I am nervous that my other fish will eat them, and I don't know what to feed them!",what,what,PRON,PronType=Int,17,19,feed,feed,VERB,2,obj,NONE,19:obj,1,1,forward
7403,what kind of newborn fish you have?,what,what,DET,PronType=Int,1,2,kind,kind,NOUN,1,det,NONE,2:det,1,0,forward
7410,& I wanna know what food has the game pieces.,what,what,DET,PronType=Int,6,7,food,food,NOUN,1,det,NONE,7:det,1,0,forward
7411,And what food has EXTRA game pieces.,what,what,DET,PronType=Int,2,3,food,food,NOUN,1,det,NONE,3:det,1,0,forward
7413,When most of the food or drinks I got only included two!,When,when,ADV,PronType=Int,1,11,included,include,VERB,10,advmod,NONE,11:advmod,1,1,forward
7414,"So can somebody please list ALL of the food that includes the game pieces, and the number of game pieces you get with THAT FOOD!",that,that,PRON,PronType=Rel,10,11,includes,include,VERB,1,nsubj,NONE,9:ref,1,0,forward
7416,"The person who best explains this, and helps me out the best with my question will be REWARDED WITH TEN POINTS!!!!!!!",who,who,PRON,PronType=Rel,3,5,explains,explain,VERB,2,nsubj,NONE,2:ref,1,0,forward
7434,bit of a stupid question but do the spikes/spines (whatever you call them) on their side and face area ever go hard.,whatever,whatever,PRON,PronType=Rel,13,9,spikes,spike,NOUN,4,appos,NONE,9:appos;15:xcomp,2,0,backward
7442,I'm assuming it's to scare off predators / like how they will puff up their neck spikes to make them look bigger to predators or enemies.,how,how,ADV,PronType=Int,12,15,puff,puff,VERB,3,advmod,NONE,15:advmod,1,0,forward
7445,what is a kimberwick bit used for?,what,what,PRON,PronType=Int,1,6,used,use,VERB,5,obl,NONE,6:obl:for,1,0,forward
7446,"Used as a help for horses that are quite strong pullers while hacking, hunting and doing cross country.",that,that,PRON,PronType=Rel,7,11,pullers,puller,NOUN,4,nsubj,NONE,6:ref,1,0,forward
7448,"It is not as precise as a pelham bit because it only uses one rein, though the modern ones have two or three slots on which to put the reins.",which,which,PRON,PronType=Rel,27,29,put,put,VERB,2,obl,NONE,25:ref,1,1,forward
7450,Useful for younger kids who do not have big enough hands or the ability to handle two reins independently.,who,who,PRON,PronType=Rel,5,8,have,have,VERB,3,nsubj,NONE,4:ref,1,0,forward
7451,For horses that are strong pullers.,that,that,PRON,PronType=Rel,3,6,pullers,puller,NOUN,3,nsubj,NONE,2:ref,1,0,forward
7453,It's nice for horses that need a little more than a snaffle.,that,that,PRON,PronType=Rel,6,7,need,need,VERB,1,nsubj,NONE,5:ref,1,0,forward
7456,How long to save up for a canon t3i?,How,how,ADV,PronType=Int,1,2,long,long,ADV,1,advmod,NONE,2:advmod,1,0,forward
7463,Can someone cunclude how long it might take me to save up for the canan t3i or some extra tips to save/gain money? :O,how,how,ADV,PronType=Int,4,5,long,long,ADV,1,advmod,NONE,5:advmod,1,0,forward
7467,"It's around $100 less, which means you get the same camera but quicker!",which,which,PRON,PronType=Rel,8,9,means,mean,VERB,1,nsubj,NONE,6:ref,1,0,forward
7470,"If you can't even do basic math, you'll never figure out how to use a DSLR camera properly.",how,how,ADV,PronType=Int,15,17,use,use,VERB,2,advmod,NONE,17:advmod,1,1,forward
7474,"took a bit of searching to discover that POP is probably PoP - plaster of Paris and yes plaster of Paris will slow way down if it is not exposed to air - in fact, if you are building up plaster (""the way you would icing"") to do sculpting, which is rather uncommon, you keep the set plaster damp in order to add more unset plaster or you have to wet the area where you will be adding plaster ""mud""",which,which,PRON,PronType=Rel,56,59,uncommon,uncommon,ADJ,3,nsubj,NONE,40:ref,1,0,forward
7474,"took a bit of searching to discover that POP is probably PoP - plaster of Paris and yes plaster of Paris will slow way down if it is not exposed to air - in fact, if you are building up plaster (""the way you would icing"") to do sculpting, which is rather uncommon, you keep the set plaster damp in order to add more unset plaster or you have to wet the area where you will be adding plaster ""mud""",where,where,ADV,PronType=Rel,81,85,adding,add,VERB,4,advmod,NONE,80:ref,1,0,forward
7477,"- it dries out, losing the water that is soaked into the set structure",that,that,PRON,PronType=Rel,9,11,soaked,soak,VERB,2,nsubj:pass,pass,8:ref,1,0,forward
7478,"For example, a set plaster mold that is to be used for clay slip casting must be dry - it gets wet pulling the water out of the slip - while a set plaster mold used for molding wax must be soaking or damp wet http://www.mikegigi.com/castgobl.htm#LGGOBPROJ",that,that,PRON,PronType=Rel,8,12,used,use,VERB,4,nsubj:pass,pass,7:ref,1,1,forward
7480,I'm getting a dwarf Hamster tomorrow And i was just talking to my Mom and she said that we have to take out the wheel at night because it would disturb her sleep But i told her no because i said their energetic at night at my room is right next door to hers But i heard their are wheels that dont make noise at all what would be the price of it?,that,that,PRON,PronType=Rel,63,66,make,make,VERB,3,nsubj,NONE,62:ref,1,0,forward
7480,I'm getting a dwarf Hamster tomorrow And i was just talking to my Mom and she said that we have to take out the wheel at night because it would disturb her sleep But i told her no because i said their energetic at night at my room is right next door to hers But i heard their are wheels that dont make noise at all what would be the price of it?,what,what,PRON,PronType=Int,70,3,getting,get,VERB,67,parataxis,NONE,3:parataxis,1,13,backward
7481,"I'm quite sure , you don't even have to buy another , all you need to do , is to pour some oil on the wheel , or even put some rubber on it's edges , the part that is making the noise .",that,that,PRON,PronType=Rel,41,43,making,make,VERB,2,nsubj,NONE,40:ref,1,0,forward
7486,I have a dwarf hamster who HATES his wheel and doesn't use it -,who,who,PRON,PronType=Rel,6,7,HATES,hate,VERB,1,nsubj,NONE,5:ref,1,0,forward
7491,How can I change my boarding station against the ticket I booked a month back from counter?,How,how,ADV,PronType=Int,1,4,change,change,VERB,3,advmod,NONE,4:advmod,1,0,forward
7493,Does your train pass Asansol when starting from Howrah?,when,when,ADV,PronType=Int,6,7,starting,start,VERB,1,advmod,NONE,7:advmod,1,0,forward
7496,In Calcutta there is a Foreigner's reservation office where they speak English very well.,where,where,ADV,PronType=Rel,10,12,speak,speak,VERB,2,advmod,NONE,9:ref,1,0,forward
7497,I don't remember near which station it is though.,which,which,DET,PronType=Int,6,7,station,station,NOUN,1,det,NONE,7:det,1,0,forward
7506,"my name is Josalyn Leainne Creek and i'm 19 years old and i graduated from high in May adn of this year and i love animals and i'm great at working and i had drama in my last job which was mcallister's deli and i', a mormon and i hvae changed to be a better person that pwople are wanting to hirier and i'm willing to work whenever you need me but i go to church on every sunday and i have a doctor's appointment this thursday at 2;30 and i hope you h=guys hirier me because i work very hard and i dont care about how much you guys pay and i've been looking for a job ever since i have graduated and i hate drama",which,which,PRON,PronType=Rel,42,46,deli,Deli,PROPN,4,nsubj,NONE,41:ref,1,0,forward
7506,"my name is Josalyn Leainne Creek and i'm 19 years old and i graduated from high in May adn of this year and i love animals and i'm great at working and i had drama in my last job which was mcallister's deli and i', a mormon and i hvae changed to be a better person that pwople are wanting to hirier and i'm willing to work whenever you need me but i go to church on every sunday and i have a doctor's appointment this thursday at 2;30 and i hope you h=guys hirier me because i work very hard and i dont care about how much you guys pay and i've been looking for a job ever since i have graduated and i hate drama",that,that,PRON,PronType=Rel,61,66,hirier,hire,VERB,5,obj,NONE,60:ref,1,2,forward
7506,"my name is Josalyn Leainne Creek and i'm 19 years old and i graduated from high in May adn of this year and i love animals and i'm great at working and i had drama in my last job which was mcallister's deli and i', a mormon and i hvae changed to be a better person that pwople are wanting to hirier and i'm willing to work whenever you need me but i go to church on every sunday and i have a doctor's appointment this thursday at 2;30 and i hope you h=guys hirier me because i work very hard and i dont care about how much you guys pay and i've been looking for a job ever since i have graduated and i hate drama",whenever,whenever,ADV,PronType=Rel,73,72,work,work,VERB,1,advmod,NONE,72:advmod;75:advmod,2,0,backward
7506,"my name is Josalyn Leainne Creek and i'm 19 years old and i graduated from high in May adn of this year and i love animals and i'm great at working and i had drama in my last job which was mcallister's deli and i', a mormon and i hvae changed to be a better person that pwople are wanting to hirier and i'm willing to work whenever you need me but i go to church on every sunday and i have a doctor's appointment this thursday at 2;30 and i hope you h=guys hirier me because i work very hard and i dont care about how much you guys pay and i've been looking for a job ever since i have graduated and i hate drama",how,how,ADV,PronType=Int,114,115,much,much,ADJ,1,advmod,NONE,115:advmod,1,0,forward
7515,"I applied to get a student visa to study in Canada, I received one that is valid until October of 2015.",that,that,PRON,PronType=Rel,16,18,valid,valid,ADJ,2,nsubj,NONE,15:ref,1,0,forward
7516,"Problem is, for some reason, the visa process took longer than it should, thus I missed school this semester (visa was issued to me about 25 days after school started so I couldn't attend), now I no longer want to go into that school (because they only would accept me again on September of 2012), I found a school that accepted me for may 2012, can I use the same visa that was issued to me?",that,that,PRON,PronType=Rel,70,71,accepted,accept,VERB,1,nsubj,NONE,69:ref,1,0,forward
7516,"Problem is, for some reason, the visa process took longer than it should, thus I missed school this semester (visa was issued to me about 25 days after school started so I couldn't attend), now I no longer want to go into that school (because they only would accept me again on September of 2012), I found a school that accepted me for may 2012, can I use the same visa that was issued to me?",that,that,PRON,PronType=Rel,83,85,issued,issue,VERB,2,nsubj:pass,pass,82:ref,1,0,forward
7518,"(in the visa itself, it does not mention anything about which school I m suppose to attend, and problem is, the embassy here in DC are not too nice and would never answer ANY questions....) any advice please?",which,which,DET,PronType=Int,13,14,school,school,NOUN,1,det,NONE,14:det,1,0,forward
7521,How Do you Prevent A Dwarf Hamster Escaping From The Cage?,How,how,ADV,PronType=Int,1,4,Prevent,prevent,VERB,3,advmod,NONE,4:advmod,1,0,forward
7524,I've never had a dwarf hamster but I've had the same problem with my pet rat I put some chicken wiring around it the I got from home depot and now it can't out.,the,that,PRON,PronType=Rel|Typo=Yes,26,28,got,get,VERB,2,obj,NONE,23:ref,1,0,forward
7527,This is the cage I have whhich is pretty much IMPOSSIBLE to escape from:,whhich,which,PRON,PronType=Rel|Typo=Yes,7,11,IMPOSSIBLE,impossible,ADJ,4,nsubj,NONE,4:ref,1,0,forward
7544,"My parents do not like me, They constantly reassure me that they will throw me out of home when I turn 18.",when,when,ADV,PronType=Int,20,22,turn,turn,VERB,2,advmod,NONE,22:advmod,1,0,forward
7556,You can always beg for spare change when you get hungry.,when,when,ADV,PronType=Int,8,10,get,get,VERB,2,advmod,NONE,10:advmod,1,0,forward
7565,"In Vietnam, when a baby was born, they must be named ""first name"" according to that of their fathers.",when,when,ADV,PronType=Int,4,8,born,bear,VERB,4,advmod,NONE,8:advmod,1,0,forward
7572,I'm not sure where her first name is from...,where,where,ADV,PronType=Int,5,4,sure,sure,ADJ,1,ccomp,NONE,4:ccomp,1,0,backward
7574,"I have 2 phones running on the same line and the ADSL which is connected to one of the phones and the filter, I'm still getting a buzzing noise even when I have disconnected the other phone without one.",which,which,PRON,PronType=Rel,13,15,connected,connect,VERB,2,nsubj:pass,pass,12:ref,1,0,forward
7574,"I have 2 phones running on the same line and the ADSL which is connected to one of the phones and the filter, I'm still getting a buzzing noise even when I have disconnected the other phone without one.",when,when,ADV,PronType=Int,33,36,disconnected,disconnect,VERB,3,advmod,NONE,36:advmod,1,0,forward
7575,Why is it stil doing this even though I don't have the other phone connected?,Why,why,ADV,PronType=Int,1,5,doing,do,VERB,4,advmod,NONE,5:advmod,1,0,forward
7580,"You need either a filter for each device except the DSL modem, or a whole home filter which filters all the jacks, except the one which the DSL modem connects.",which,which,PRON,PronType=Rel,19,20,filters,filter,VERB,1,nsubj,NONE,18:ref,1,0,forward
7580,"You need either a filter for each device except the DSL modem, or a whole home filter which filters all the jacks, except the one which the DSL modem connects.",which,which,PRON,PronType=Rel,28,32,connects,connect,VERB,4,obj,NONE,27:ref,1,0,forward
7583,What do other Holga owners do when they need to change film when they are traveling?,What,what,PRON,PronType=Int,1,6,do,do,VERB,5,obj,NONE,6:obj,1,0,forward
7583,What do other Holga owners do when they need to change film when they are traveling?,when,when,ADV,PronType=Int,7,9,need,need,VERB,2,advmod,NONE,9:advmod,1,0,forward
7583,What do other Holga owners do when they need to change film when they are traveling?,when,when,ADV,PronType=Int,13,16,traveling,travel,VERB,3,advmod,NONE,16:advmod,1,0,forward
7587,It's light proof and makes sure you get no problems when opening the camera.,when,when,ADV,PronType=Int,12,13,opening,open,VERB,1,advmod,NONE,13:advmod,1,0,forward
7589,It's really difficult to find a place that is absolutely dark and accessible to you when you're outside.,that,that,PRON,PronType=Rel,9,12,dark,dark,ADJ,3,nsubj,NONE,8:ref,1,0,forward
7589,It's really difficult to find a place that is absolutely dark and accessible to you when you're outside.,when,when,ADV,PronType=Int,17,20,outside,outside,ADV,3,advmod,NONE,20:advmod,1,0,forward
7594,I have a few how to videos for DIY 35mm film in a 120 camera on my YouTube channel:,how,how,ADV,PronType=Int,5,6,to,to,PART,1,advmod,NONE,6:advmod,1,0,forward
7600,My argument is it's art and therefore should not be censored he's making us censor it who's right,who,who,PRON,PronType=Int,19,21,right,right,ADJ,2,nsubj,NONE,21:nsubj,1,0,forward
7604,You don't think is was because of female nudes considering the nearly naked girls/women seen at pools and beaches and the completely naked manikins that show up in store windows in malls during changes in display?,that,that,PRON,PronType=Rel,28,29,show,show,VERB,1,nsubj,NONE,27:ref,1,0,forward
7606,Your teacher knows what goes on in your community and wants to keep her job.,what,what,PRON,PronType=Int,4,5,goes,go,VERB,1,nsubj,NONE,5:nsubj,1,0,forward
7607,Let her do it - argue when you are of age and can battle the other adults in your community - skipping of course telling your boss he/she is a prudish ignoramus because you want to keep your job.,when,when,ADV,PronType=Int,7,11,age,age,NOUN,4,advmod,NONE,11:advmod,1,0,forward
7617,I have weighed those options and found the three that I have chosen to be more my wife and my own taste.,that,that,PRON,PronType=Rel,10,13,chosen,choose,VERB,3,obj,NONE,9:ref,1,0,forward
7621,I have never eaten at the ones you have listed nor do I know of anyone who has.,who,who,PRON,PronType=Rel,17,18,has,have,VERB,1,nsubj,NONE,16:ref,1,0,forward
7628,"If space is minimal, or you are keeping him in there to be kept away from other pets, then I can understand why you would choose to keep him there.",why,why,ADV,PronType=Int,25,28,choose,choose,VERB,3,advmod,NONE,28:advmod,1,0,forward
7631,"When you take a warm shower and build up steam, his cage will collect water, the bedding will absorb much of it, and will not be able to absorb the urine quite as it should.",When,when,ADV,PronType=Int,1,3,take,take,VERB,2,advmod,NONE,3:advmod,1,0,forward
7639,What place or town would be most interesting to visit for european?,What,what,DET,PronType=Int,1,2,place,place,NOUN,1,det,NONE,2:det,1,0,forward
7660,what do I feed it?,what,what,PRON,PronType=Int,1,4,feed,feed,VERB,3,obj,NONE,4:obj,1,0,forward
7662,"It's pure white, no marks or streaks or anything, I don't know what type of bird it is, probably a dove?",what,what,DET,PronType=Int,17,18,type,type,NOUN,1,det,NONE,18:det,1,0,forward
7663,What should I feed it?,What,what,PRON,PronType=Int,1,4,feed,feed,VERB,3,obj,NONE,4:obj,1,0,forward
7677,how do i get to paris cdg airport to paris montparnasse?,how,how,ADV,PronType=Int,1,4,get,get,VERB,3,advmod,NONE,4:advmod,1,0,forward
7681,if not what transfers should i get on?,what,what,DET,PronType=Int,3,4,transfers,transfer,NOUN,1,det,NONE,4:det,1,0,forward
7684,"In the airport, follow the signs that say ""Paris by train"".",that,that,PRON,PronType=Rel,8,9,say,say,VERB,1,nsubj,NONE,7:ref,1,0,forward
7704,Any programs that you use please list :) Thx,that,that,PRON,PronType=Rel,3,5,use,use,VERB,2,obj,NONE,2:ref,1,0,forward
7706,"It will give you a lot more power, as well as control over how your black and white photo looks:",how,how,ADV,PronType=Int,15,21,looks,look,VERB,6,advmod,NONE,21:advmod,1,0,forward
7717,"depends what you want from ""B&W""... many programs will use a generic B&W...",what,what,PRON,PronType=Int,2,4,want,want,VERB,2,obj,NONE,4:obj,1,0,forward
7718,try something like photoscape which has different options...,which,which,PRON,PronType=Rel,5,6,has,have,VERB,1,nsubj,NONE,4:ref,1,0,forward
7725,You need to check with one of the major hospital that performance this procedure like Bumrungard Hospital or Yanhee Hospital.,that,that,PRON,PronType=Rel,11,12,performance,perform,VERB,1,nsubj,NONE,10:ref,1,0,forward
7728,"When you have invasive surgery you could also get infections, accidental nicks and cuts that cause other problems too!",When,when,ADV,PronType=Int,1,3,have,have,VERB,2,advmod,NONE,3:advmod,1,0,forward
7728,"When you have invasive surgery you could also get infections, accidental nicks and cuts that cause other problems too!",that,that,PRON,PronType=Rel,16,17,cause,cause,VERB,1,nsubj,NONE,13:ref,1,0,forward
7731,Maybe having an experienced doctor might be better than some guy that is cheaper but less experienced!,that,that,PRON,PronType=Rel,12,14,cheaper,cheap,ADJ,2,nsubj,NONE,11:ref,1,0,forward
7737,When I open a can of meat with gravy he licks off the gravy and lets the meat lay.,When,when,ADV,PronType=Int,1,3,open,open,VERB,2,advmod,NONE,3:advmod,1,0,forward
7740,"If you knew what kind of ""meat"" they put in canned cat food you'd understand this.",what,what,DET,PronType=Int,4,5,kind,kind,NOUN,1,det,NONE,5:det,1,0,forward
7741,I've had a lot of cats who refused to eat the canned food.,who,who,PRON,PronType=Rel,8,9,refused,refuse,VERB,1,nsubj,NONE,5:ref,1,0,forward
7742,When you read the label its easy to understand why.,When,when,ADV,PronType=Int,1,3,read,read,VERB,2,advmod,NONE,3:advmod,1,0,forward
7742,When you read the label its easy to understand why.,why,why,ADV,PronType=Int,11,10,understand,understand,VERB,1,advmod,NONE,10:advmod,1,0,backward
7757,"I love how it really depends on how good a horse your horse really is, not how talented he is.",how,how,ADV,PronType=Int,3,6,depends,depend,VERB,3,advmod,NONE,6:advmod,1,0,forward
7757,"I love how it really depends on how good a horse your horse really is, not how talented he is.",how,how,ADV,PronType=Int,8,9,good,good,ADJ,1,advmod,NONE,9:advmod,1,0,forward
7757,"I love how it really depends on how good a horse your horse really is, not how talented he is.",how,how,ADV,PronType=Int,18,19,talented,talented,ADJ,1,advmod,NONE,19:advmod,1,0,forward
7760,"It doesn't matter how graceful your horse is, or how high he can jump, or how well he does a sliding stop.",how,how,ADV,PronType=Int,5,6,graceful,graceful,ADJ,1,advmod,NONE,6:advmod,1,0,forward
7760,"It doesn't matter how graceful your horse is, or how high he can jump, or how well he does a sliding stop.",how,how,ADV,PronType=Int,12,13,high,high,ADV,1,advmod,NONE,13:advmod,1,0,forward
7760,"It doesn't matter how graceful your horse is, or how high he can jump, or how well he does a sliding stop.",how,how,ADV,PronType=Int,19,20,well,well,ADV,1,advmod,NONE,20:advmod,1,0,forward
7761,"What matters is how well trained he is, and how good your bond it.",What,what,PRON,PronType=Rel,1,6,trained,train,VERB,5,nsubj:outer,outer,2:nsubj;6:nsubj:outer,2,1,forward
7761,"What matters is how well trained he is, and how good your bond it.",how,how,ADV,PronType=Int,4,5,well,well,ADV,1,advmod,NONE,5:advmod,1,0,forward
7761,"What matters is how well trained he is, and how good your bond it.",how,how,ADV,PronType=Int,11,12,good,good,ADJ,1,advmod,NONE,12:advmod,1,0,forward
7762,That is another reason why I like competitive trail riding also.,why,why,ADV,PronType=Rel,5,7,like,like,VERB,2,advmod,NONE,4:ref,1,0,forward
7766,"Those are just a few reasons why I love trail riding, competitive or not.",why,why,ADV,PronType=Rel,7,9,love,love,VERB,2,advmod,NONE,6:ref,1,0,forward
7767,"Same, when I'm galloping in an open space like that I can just forget everything.",when,when,ADV,PronType=Int,3,6,galloping,gallop,VERB,3,advmod,NONE,6:advmod,1,0,forward
7778,"I have a few questions, first I want to start a sump filter, but I have no idea on how the water intake and water return would work.",how,how,ADV,PronType=Int,22,30,work,work,VERB,8,advmod,NONE,30:advmod,1,0,forward
7779,How would I need to set a sump for this 10 gallon?,How,how,ADV,PronType=Int,1,6,set,set,VERB,5,advmod,NONE,6:advmod,1,1,forward
7782,Unless the tank has a built in overflow box (which I'm certain it doesn't) then you have to get one of those hang on back overflow boxes so that you can install a sump.,which,which,PRON,PronType=Rel,11,14,certain,certain,ADJ,3,ccomp,NONE,4:ref,1,0,forward
7784,"On the other end of the sump, you would have a small return pump with a hose that puts the water back into your tank.",that,that,PRON,PronType=Rel,19,20,puts,put,VERB,1,nsubj,NONE,18:ref,1,0,forward
7786,"The Hydor SlimSkim Nano is a good nano protein skimmer, it's an in-tank design that could easily sit in your sump.",that,that,PRON,PronType=Rel,19,22,sit,sit,VERB,3,nsubj,NONE,18:ref,1,0,forward
7788,From what I understand they're pretty much the same thing.,what,what,PRON,PronType=Rel,2,11,thing,thing,NOUN,9,obl,NONE,4:obj;11:obl:from,2,1,forward
7789,"Some of the major differences I see is the HD video, longer battery life, and faster processor that the NOOK Tablet boasts.",that,that,PRON,PronType=Rel,20,24,boasts,boast,VERB,4,obj,NONE,19:ref,1,0,forward
7792,I just want an e-reader that does a little bit more than just read.,that,that,PRON,PronType=Rel,6,7,does,do,VERB,1,nsubj,NONE,5:ref,1,0,forward
7793,"Yes, I know about the Kindle Fire but that's not what I want (: Does it make sense to shell out the extra fifty dollars?",what,what,PRON,PronType=Rel,13,4,know,know,VERB,9,conj,NONE,4:conj:but;15:obj,2,0,backward
7797,"When I found out them came up with the Nook Tablet, I was pretty disappointed though, because I bought my Nook color for the same darn price!",When,when,ADV,PronType=Int,1,3,found,find,VERB,2,advmod,NONE,3:advmod,1,0,forward
7809,"I want to take him somewhere where there's going to be awesome burgers/american food, atmosphere (preferably a tavern/pub style would be nice), good service, and all around a great time. =)",where,where,ADV,PronType=Rel,7,10,going,go,VERB,3,advmod,NONE,6:ref,1,0,forward
7810,I'm looking for suggestions from anyone who knows the philly area and the where to's.,who,who,PRON,PronType=Rel,8,9,knows,know,VERB,1,nsubj,NONE,7:ref,1,0,forward
7810,I'm looking for suggestions from anyone who knows the philly area and the where to's.,where,where,NOUN,Number=Sing,15,16,to's,to,NOUN,1,compound,NONE,16:compound,1,0,forward
7822,How to start a new fish tank?,How,how,ADV,PronType=Int,1,3,start,start,VERB,2,advmod,NONE,3:advmod,1,1,forward
7823,I'm getting a 10 gallon for my betta tomorrow and I just want to know how to properly set it up.,how,how,ADV,PronType=Int,17,20,set,set,VERB,3,advmod,NONE,20:advmod,1,1,forward
7825,Any and all suggestions on what I need to do and buy will help.,what,what,PRON,PronType=Int,6,10,do,do,VERB,4,obj,NONE,10:obj;12:obj,2,2,forward
7827,When you get the tank make sure you wash the inside (with plain water) then you wash the gravel (with only water too) take out all the stuff that is floating on top.,When,when,ADV,PronType=Int,1,3,get,get,VERB,2,advmod,NONE,3:advmod,1,0,forward
7827,When you get the tank make sure you wash the inside (with plain water) then you wash the gravel (with only water too) take out all the stuff that is floating on top.,that,that,PRON,PronType=Rel,33,35,floating,float,VERB,2,nsubj,NONE,32:ref,1,0,forward
7834,"ask the people selling you the fish how you should set it up,they would know",how,how,ADV,PronType=Int,8,11,set,set,VERB,3,advmod,NONE,11:advmod,1,0,forward
7841,I would like to learn how,how,how,ADV,PronType=Int,6,5,learn,learn,VERB,1,advmod,NONE,5:advmod,1,0,backward
7848,"While they are extremely accurate, laser sights do not operate well when drunk or high because the beam often does not show up on the target.",when,when,ADV,PronType=Int,13,14,drunk,drunk,ADJ,1,advmod,NONE,14:advmod,1,0,forward
7862,You have two screws that attach the sight to the wang.,that,that,PRON,PronType=Rel,5,6,attach,attach,VERB,1,nsubj,NONE,4:ref,1,0,forward
7864,Flip the switch and adjust your laser sight according to the directions in the owner manual that comes with the laser sight.,that,that,PRON,PronType=Rel,17,18,comes,come,VERB,1,nsubj,NONE,16:ref,1,0,forward
7868,"He was so eager to go in the nest and feed the baby and she always would go right away in the nest after him and give him a fight right there, were the baby was too.",were,where,ADV,PronType=Rel|Typo=Yes,34,32,there,there,ADV,2,advmod,NONE,32:advmod,1,0,backward
7875,When the male gets his titts out the female gets mad with him knowing he can't produce milk.,When,when,ADV,PronType=Int,1,4,gets,get,VERB,3,advmod,NONE,4:advmod,1,0,forward
7877,If the baby is feathered yet - which I'm sure he is mostly - he should be fine.,which,which,PRON,PronType=Rel,8,11,sure,sure,ADJ,3,ccomp,NONE,5:ref,1,0,forward
7881,"Ok maybe that isn't the right question, but my question is can you text from a united states number when your in canada, can you send texts to another united states number?",when,when,ADV,PronType=Int,22,26,canada,Canada,PROPN,4,advmod,NONE,26:advmod,1,0,forward
7884,I hope somebody understands what I mean,what,what,PRON,PronType=Int,5,7,mean,mean,VERB,2,obj,NONE,7:obj,1,0,forward
7886,However not in all cases.,However,however,ADV,_,1,5,cases,case,NOUN,4,advmod,NONE,5:advmod,1,0,forward
7888,"They will, however, cost a bunch.",however,however,ADV,_,4,6,cost,cost,VERB,2,advmod,NONE,6:advmod,1,0,forward
7898,$ometime$ it is hard to explain that you are making an INTERNATIONAL call and all of the phone companie$involved what $ome of your money.,what,want,VERB,Mood=Ind|Number=Plur|Person=3|Tense=Pres|Typo=Yes|VerbForm=Fin,21,10,making,make,VERB,11,conj,NONE,6:ccomp;10:conj:and,2,1,backward
7905,"Why, how can i build up realtion ship with him he is also not useing the thing that he runs on and he wakes up walks around and goes to sleep again ???",Why,why,ADV,PronType=Int,1,3,how,how,ADV,2,advmod,NONE,3:advmod,1,0,forward
7905,"Why, how can i build up realtion ship with him he is also not useing the thing that he runs on and he wakes up walks around and goes to sleep again ???",how,how,ADV,PronType=Int,3,6,build,build,VERB,3,advmod,NONE,6:advmod,1,0,forward
7905,"Why, how can i build up realtion ship with him he is also not useing the thing that he runs on and he wakes up walks around and goes to sleep again ???",that,that,PRON,PronType=Rel,19,21,runs,run,VERB,2,obl,NONE,18:ref,1,0,forward
7922,So I just needed to know if it is a suitable place to live in and in what ways.,what,what,DET,PronType=Int,18,19,ways,way,NOUN,1,det,NONE,19:det,1,0,forward
7924,"I'd be happy if someone helps, especially someone who has been to Fujairah or lives there. :)",who,who,PRON,PronType=Rel,11,15,Fujairah,Fujairah,PROPN,4,nsubj,NONE,10:ref,1,0,forward
7934,Visited Fujairah when in Dubai.,when,when,ADV,PronType=Int,3,5,Dubai,Dubai,PROPN,2,advmod,NONE,5:advmod,1,0,forward
7941,I'm a little afraid when i buy PS3 or X-BOX then a newer version comes out.,when,when,ADV,PronType=Int,6,8,buy,buy,VERB,2,advmod,NONE,8:advmod,1,0,forward
7943,Wii U has been announced as well as the PS4 however the PS4 is only in development while the Wii U should be out next year.,however,however,ADV,_,11,17,development,development,NOUN,6,advmod,NONE,17:advmod,1,0,forward
7945,No matter when you buy you will get a newer version.,when,when,ADV,PronType=Int,3,5,buy,buy,VERB,2,advmod,NONE,5:advmod,1,0,forward
7946,"I feel X-BOX is a very smooth system i own it like 3 years, its very compatible to previous versions and mostly important i was very comfortable with the User Interface and the JOYSTICK....coz you dont wana hold a joystick that gives you discomfort.",that,that,PRON,PronType=Rel,49,50,gives,give,VERB,1,nsubj,NONE,48:ref,1,0,forward
7951,"I do know they have already announced a new wii though and I don't know what Sony has said about playstation but again, if you get an Xbox (which I personally think is the best anyways) you should be set for a while.",what,what,PRON,PronType=Int,17,20,said,say,VERB,3,obj,NONE,20:obj,1,0,forward
7951,"I do know they have already announced a new wii though and I don't know what Sony has said about playstation but again, if you get an Xbox (which I personally think is the best anyways) you should be set for a while.",which,which,PRON,PronType=Rel,32,38,best,good,ADJ,6,nsubj,NONE,30:ref,1,1,forward
7955,"I did an internet search to ascertain how long cats can live, however different sources give wildly different lifespans.",how,how,ADV,PronType=Int,8,9,long,long,ADV,1,advmod,NONE,9:advmod,1,0,forward
7955,"I did an internet search to ascertain how long cats can live, however different sources give wildly different lifespans.",however,however,ADV,_,14,17,give,give,VERB,3,advmod,NONE,17:advmod,1,0,forward
7957,In your experience how long do cats do cats typically live?,how,how,ADV,PronType=Int,4,5,long,long,ADV,1,advmod,NONE,5:advmod,1,0,forward
7961,Indoor cats that are well cared for typically live 11-15 years.,that,that,PRON,PronType=Rel,3,6,cared,care,VERB,3,nsubj:pass,pass,2:ref,1,0,forward
7966,"By comparison, outdoor cats have a life expectancy of 3-7 years depending on how many predators are in the local environment.",how,how,ADV,PronType=Int,17,18,many,many,ADJ,1,advmod,NONE,18:advmod,1,0,forward
7967,"According to a couple sources, the world record for the oldest cat was a cat in Devon, England who reportedly live to the age of 36.",who,who,PRON,PronType=Rel,21,23,live,live,VERB,2,nsubj,NONE,16:ref,1,0,forward
7968,I knew a cat that died in its sleep aged 21.,that,that,PRON,PronType=Rel,5,6,died,die,VERB,1,nsubj,NONE,4:ref,1,0,forward
7971,"I thought that I had gained my cockatiel's trust, but now he's not coming to me when I open his cage.",when,when,ADV,PronType=Int,20,22,open,open,VERB,2,advmod,NONE,22:advmod,1,0,forward
7972,What do I do?,What,what,PRON,PronType=Int,1,4,do,do,VERB,3,obj,NONE,4:obj,1,0,forward
7985,"like my dogs, they really like me and trust me, but when I open the door to get them outside, they run from me, they know I'm going to take them outside and they don't like it.",when,when,ADV,PronType=Int,14,16,open,open,VERB,2,advmod,NONE,16:advmod,1,0,forward
7986,"the bird must know that when you open the cage door it means that you will put him in the cage, and birds don't usually like cages.",when,when,ADV,PronType=Int,6,8,open,open,VERB,2,advmod,NONE,8:advmod,1,0,forward
7988,How to make a breyer horse stable?,How,how,ADV,PronType=Int,1,3,make,make,VERB,2,advmod,NONE,3:advmod,1,1,forward
7990,My breyers need stables or barns though.....and I need directions and materials on how to make them.,how,how,ADV,PronType=Int,16,18,make,make,VERB,2,advmod,NONE,18:advmod,1,1,forward
7992,And I need to know where to buy the materials.,where,where,ADV,PronType=Int,6,8,buy,buy,VERB,2,advmod,NONE,8:advmod,1,1,forward
7995,NOTE:If i see a answer that i love i will make my best right there and then,that,that,PRON,PronType=Rel,8,10,love,love,VERB,2,obj,NONE,7:ref,1,0,forward
7998,"figure out how many stalls you want, then measure square cube sections for length and width of horse,",how,how,ADV,PronType=Int,3,4,many,many,ADJ,1,advmod,NONE,4:advmod,1,0,forward
8000,"there are many small details, that you would have to work on as you go for doors and windows and roof,",that,that,PRON,PronType=Rel,7,12,work,work,VERB,5,obl,NONE,5:ref,1,2,forward
8010,How can i get my kitten to stop biting when he plays?,How,how,ADV,PronType=Int,1,4,get,get,VERB,3,advmod,NONE,4:advmod,1,0,forward
8010,How can i get my kitten to stop biting when he plays?,when,when,ADV,PronType=Int,10,12,plays,play,VERB,2,advmod,NONE,12:advmod,1,0,forward
8011,I have a kitten who just turned 3 months today.,who,who,PRON,PronType=Rel,5,7,turned,turn,VERB,2,nsubj,NONE,4:ref,1,0,forward
8012,"He's a good kitty, just when he plays he bites REALLY hard.",when,when,ADV,PronType=Int,8,10,plays,play,VERB,2,advmod,NONE,10:advmod,1,0,forward
8014,And when I move it I guess he figures I'm playing. x.x,when,when,ADV,PronType=Int,2,4,move,move,VERB,2,advmod,NONE,4:advmod,1,0,forward
8024,"When i put him off of my bed, he jumps back on and same thing.",When,when,ADV,PronType=Int,1,3,put,put,VERB,2,advmod,NONE,3:advmod,1,0,forward
8026,maybe buy him toys that he can play with that give him a way to use his energy up,that,that,PRON,PronType=Rel,5,8,play,play,VERB,3,obl,NONE,4:ref,1,0,forward
8026,maybe buy him toys that he can play with that give him a way to use his energy up,that,that,PRON,PronType=Rel,10,11,give,give,VERB,1,nsubj,NONE,4:ref,1,0,forward
8028,"lots of them, feather ones work best, also when he bites you in the morning put him down off your bed, to show him that you will not tolerate that, he will get it, hes also probably teething, so toys are your best bet",when,when,ADV,PronType=Int,11,13,bites,bite,VERB,2,advmod,NONE,13:advmod,1,0,forward
8029,Which rat cage is better?,Which,which,DET,PronType=Int,1,3,cage,cage,NOUN,2,det,NONE,3:det,1,0,forward
8031,(Apart from the wire flooring which i am going to cover) Which of these two cages is better:,which,which,PRON,PronType=Rel,7,12,cover,cover,VERB,5,obj,NONE,6:ref,1,2,forward
8031,(Apart from the wire flooring which i am going to cover) Which of these two cages is better:,Which,which,PRON,PronType=Int,14,20,better,good,ADJ,6,nsubj,NONE,20:nsubj,1,0,forward
8061,they will move if they get too warm-it's not like a heat rock which you should avoid at all costs.,which,which,PRON,PronType=Rel,17,20,avoid,avoid,VERB,3,obj,NONE,16:ref,1,0,forward
8069,What are good places to eat brunch at? ?,What,what,PRON,PronType=Int,1,4,places,place,NOUN,3,nsubj,NONE,4:nsubj,1,0,forward
8107,"SOLAS (Safety Of Life At Sea), which is an international maritime treaty, came about in response to the tragedy of the Titanic.",which,which,PRON,PronType=Rel,10,15,treaty,treaty,NOUN,5,nsubj,NONE,1:ref,1,0,forward
8115,"Edit: Also I forgot to mention earlier, most (if not all) cruise ships also practice lifeboat drills weekly, and it is not uncommon to see them to actually launch the lifeboats into the water as part of their drill when you are in port.",when,when,ADV,PronType=Int,45,49,port,port,NOUN,4,advmod,NONE,49:advmod,1,0,forward
8122,I'll be in Okinawa for about a week so I was wondering what are some fun things I could do?,what,what,PRON,PronType=Int,14,13,wondering,wonder,VERB,1,ccomp,NONE,13:ccomp,1,0,backward
8124,Besides the obvious tourist spots which I already have planned for.,which,which,PRON,PronType=Rel,6,10,planned,plan,VERB,4,obl,NONE,5:ref,1,0,forward
8126,"Are there any good venues that showcase underground bands, or just a venue at all?",that,that,PRON,PronType=Rel,6,7,showcase,showcase,VERB,1,nsubj,NONE,5:ref,1,0,forward
8130,"Otherwise, you can do what you can do in other parts or Japan, like shopping, eating, etc.",what,what,PRON,PronType=Rel,6,5,do,do,VERB,1,obj,NONE,5:obj;9:obj,2,0,backward
8138,"There's the market in Naha, which is great.",which,which,PRON,PronType=Rel,8,10,great,great,ADJ,2,nsubj,NONE,4:ref,1,0,forward
8148,"I was playing a video game that has a m16 Vietnam model, and in the game it's 3-shot burst.",that,that,PRON,PronType=Rel,7,8,has,have,VERB,1,nsubj,NONE,6:ref,1,0,forward
8151,1) what thes difference between a modern m16 and Vietnam m16?,what,what,PRON,PronType=Int,3,5,difference,difference,NOUN,2,nsubj,NONE,5:nsubj,1,0,forward
8154,He also ordered that the receiver not get a (I think chrome) coating that helped keep the gun from jamming.,that,that,PRON,PronType=Rel,16,17,helped,help,VERB,1,nsubj,NONE,15:ref,1,0,forward
8155,"Than the troops being issued the weapon were told it was self-cleaning, which it wasn't.",which,which,PRON,PronType=Rel,16,14,cleaning,clean,VERB,2,advcl:relcl,relcl,14:advcl:relcl,1,0,backward
8158,The screw-up was the kind of things you have happen when you have bean-counters (and McNamara was nothing if not a bean-counter) instead of soldiers in charge of the military.,when,when,ADV,PronType=Int,13,15,have,have,VERB,2,advmod,NONE,15:advmod,1,0,forward
8176,However the CBD is closed of to the public as a lot of it is still rubble and stuff and hasn't been cleared away yet.,However,however,ADV,_,1,5,closed,close,VERB,4,advmod,NONE,5:advmod,1,0,forward
8177,"I'm sure that you can find some hotels that are running in the christchurch area, but if not then there would be some in close by towns.",that,that,PRON,PronType=Rel,10,12,running,run,VERB,2,nsubj,NONE,9:ref,1,0,forward
8178,"Despite the aftershocks I would recommend going to Christchurch, just for the experience and then you can see first hand how things get effected by earthquakes.",how,how,ADV,PronType=Int,22,25,effected,effect,VERB,3,advmod,NONE,25:advmod,1,0,forward
8188,What size horse do i need?,What,what,DET,PronType=Int,1,2,size,size,NOUN,1,det,NONE,2:det,1,0,forward
8189,"Im around 5'2 - 5'4 , 11 years old and im wondering what size horse i'll need that i wont grow out of quickly?",what,what,DET,PronType=Int,19,20,size,size,NOUN,1,det,NONE,20:det,1,0,forward
8189,"Im around 5'2 - 5'4 , 11 years old and im wondering what size horse i'll need that i wont grow out of quickly?",that,that,PRON,PronType=Rel,25,30,out,out,ADP,5,obl,NONE,21:ref,1,1,forward
8192,"I would say it really depends on your riding ability, what disciplines you are interested in doing, or plan on doing, etc.",what,what,DET,PronType=Int,12,13,disciplines,discipline,NOUN,1,det,NONE,13:det,1,0,forward
8195,"I got my horse when I was 12 and I was already 5'9-5'10, thankfully I stopped growing when I hit 5'11"" but my horse is about 16.2 or 16.3hh, TB.",when,when,ADV,PronType=Int,5,8,12,12,NUM,3,advmod,NONE,8:advmod,1,0,forward
8195,"I got my horse when I was 12 and I was already 5'9-5'10, thankfully I stopped growing when I hit 5'11"" but my horse is about 16.2 or 16.3hh, TB.",when,when,ADV,PronType=Int,25,27,hit,hit,VERB,2,advmod,NONE,27:advmod,1,0,forward
8200,"You just want to be sure you can groom and saddle sufficiently and the horse itself is calm enough so that whatever size it is, you can handle it.",whatever,whatever,DET,PronType=Int,22,23,size,size,NOUN,1,det,NONE,23:det,1,0,forward
8203,"Anything smaller you will grow out, anything bigger will be too big and difficult to control and manage, especially when riding.",when,when,ADV,PronType=Int,22,23,riding,ride,VERB,1,advmod,NONE,23:advmod,1,0,forward
8208,"The centre of the falls is known locally as ‘Garganta Del Diablo’ (The Devil’s Throat), where the huge volume of water sends a constant mist of spray into the air.",where,where,ADV,PronType=Rel,22,28,sends,send,VERB,6,advmod,NONE,11:ref,1,0,forward
8210,"However, save some of your shots for the rest of the falls, as in total there are around 270 cascades that spread out over nearly 2 miles of the Iguazu River.",However,however,ADV,_,1,3,save,save,VERB,2,advmod,NONE,3:advmod,1,0,forward
8210,"However, save some of your shots for the rest of the falls, as in total there are around 270 cascades that spread out over nearly 2 miles of the Iguazu River.",that,that,PRON,PronType=Rel,23,24,spread,spread,VERB,1,nsubj,NONE,22:ref,1,0,forward
8212,"The nearest towns to the site are Puerto Iguazu in Argentina, about 12 miles from the falls, and Foz do Iguaçu in Brazil, which is equally close.",which,which,PRON,PronType=Rel,27,30,close,close,ADJ,3,nsubj,NONE,21:ref,1,0,forward
8213,"Both towns have airports that are served regularly from the larger cities such as Sao Paulo, Rio de Janeiro and Buenos Aires.",that,that,PRON,PronType=Rel,5,7,served,serve,VERB,2,nsubj:pass,pass,4:ref,1,0,forward
8216,"Foz on the Brazilian side is the larger town, however both are geared up to cater for visitors to the Waterfalls and National Parks, and so offer a range of accommodation for all budgets.",however,however,ADV,_,11,14,geared,gear,VERB,3,advmod,NONE,14:advmod,1,0,forward
8219,I am going to try and study aboard but idk where I can go I cannot decide where do you think would be the best place to go?,where,where,ADV,PronType=Int,11,14,go,go,VERB,3,advmod,NONE,14:advmod,1,0,forward
8219,I am going to try and study aboard but idk where I can go I cannot decide where do you think would be the best place to go?,where,where,ADV,PronType=Int,19,22,think,think,VERB,3,ccomp,NONE,22:ccomp,1,0,forward
8220,where would you go?,where,where,ADV,PronType=Int,1,4,go,go,VERB,3,advmod,NONE,4:advmod,1,0,forward
8232,"However, outside Paris everybody is wonderful.",However,however,ADV,_,1,7,wonderful,wonderful,ADJ,6,advmod,NONE,7:advmod,1,0,forward
8238,"However, if you're allowed another option and you want a small-town feel, then head to Edinburgh, Scotland.",However,however,ADV,_,1,19,head,head,VERB,18,advmod,NONE,19:advmod,1,2,forward
8264,"There is no such thing as a BTA or ""Basic Travel Allowance""-this is 100% a scam-as the first poster said,cut off any and all contact with this person-they are NOT who or what they are claiming to be.",who,who,PRON,PronType=Rel,42,2,is,be,VERB,40,parataxis,NONE,2:parataxis;47:xcomp,2,3,backward
8264,"There is no such thing as a BTA or ""Basic Travel Allowance""-this is 100% a scam-as the first poster said,cut off any and all contact with this person-they are NOT who or what they are claiming to be.",what,what,PRON,PronType=Rel,44,42,who,who,PRON,2,conj,NONE,42:conj:or,1,0,backward
8267,How can i make my Jack Dempsey reproduce?,How,how,ADV,PronType=Int,1,4,make,make,VERB,3,advmod,NONE,4:advmod,1,0,forward
8268,i have a Mature male and female they are together a lot but never laid eggs as far as i know can anyone help me figure out how to make them mate,how,how,ADV,PronType=Int,28,30,make,make,VERB,2,advmod,NONE,30:advmod,1,1,forward
8278,"The difference is what they need to live, VS what's ideal for them.",what,what,PRON,PronType=Rel,11,4,what,what,PRON,7,obl,NONE,4:obl:versus;13:nsubj,2,3,backward
8279,"Get that right, and they will mate when THEY are ready.",when,when,ADV,PronType=Int,9,12,ready,ready,ADJ,3,advmod,NONE,12:advmod,1,0,forward
8284,Bredders take the one that in not very interested and put it alone in a breeeding tank for 3-5 days.,that,that,PRON,PronType=Rel,5,9,interested,interested,ADJ,4,nsubj,NONE,4:ref,1,0,forward
8290,"When the males aggressive behavior stops, it is ready to spawn.",When,when,ADV,PronType=Int,1,7,stops,stop,VERB,6,advmod,NONE,7:advmod,1,0,forward
8295,When she was spayed the vet had a hard time because she only has one uterine horn and he said this could mean she only has on kidney.,When,when,ADV,PronType=Int,1,4,spayed,spay,VERB,3,advmod,NONE,4:advmod,1,0,forward
8301,What could be the issue and can I try some home remedies first?,What,what,PRON,PronType=Int,1,5,issue,issue,NOUN,4,nsubj,NONE,5:nsubj,1,0,forward
8302,I love her and want to help her but I don't know when I'll be able to take her to to vet :( please help.,when,when,ADV,PronType=Int,14,18,able,able,ADJ,4,advmod,NONE,18:advmod,1,0,forward
8308,"Given the chance your cat may only have one kidney, I would think the worst case scenario would be kidney disease, which untreated can lead to possible renal failure.",which,which,PRON,PronType=Rel,24,27,lead,lead,VERB,3,nsubj,NONE,22:ref,1,1,forward
8311,Seizures will occur when the toxins that the kidney normally filters out are released into the blood stream.,when,when,ADV,PronType=Int,4,14,released,release,VERB,10,advmod,NONE,14:advmod,1,1,forward
8311,Seizures will occur when the toxins that the kidney normally filters out are released into the blood stream.,that,that,PRON,PronType=Rel,7,11,filters,filter,VERB,4,obj,NONE,6:ref,1,0,forward
8318,"HOWEVER ... that same web page also states that ""The current pass mark is 67.",HOWEVER,however,ADV,_,1,8,states,state,VERB,7,advmod,NONE,8:advmod,1,0,forward
8327,Here is what they posted there,what,what,PRON,PronType=Rel,3,1,Here,here,ADV,2,nsubj,NONE,1:nsubj;5:obj,2,0,backward
8337,"Why have a ""minimum "" if it is going to be ignored ?",Why,why,ADV,PronType=Int,1,2,have,have,VERB,1,advmod,NONE,2:advmod,1,0,forward
8340,I'm mad and don't know what to do!,what,what,PRON,PronType=Int,8,10,do,do,VERB,2,obj,NONE,10:obj,1,1,forward
8358,"And, having only two days makes you realize what you have with your family.",what,what,PRON,PronType=Rel,10,9,realize,realize,VERB,1,obj,NONE,9:obj;12:obj,2,0,backward
8366,"1) The Italian Renaissance began the opening phase of the Renaissance, a period of great cultural change and achievement in Europe that spanned the period from the end of the 13th century to about 1600, marking the transition between Medieval and Early Modern Europe.",that,that,PRON,PronType=Rel,24,25,spanned,span,VERB,1,nsubj,NONE,15:ref,1,0,forward
8367,"The term renaissance is in essence a modern one that came into currency in the 19th century, in the work of historians such as Jacob Burckhardt.",that,that,PRON,PronType=Rel,10,11,came,come,VERB,1,nsubj,NONE,9:ref,1,0,forward
8368,"Although the origins of a movement that was confined largely to the literate culture of intellectual endeavor and patronage can be traced to the earlier part of the 14th century, many aspects of Italian culture and society remained largely Medieval; the Renaissance did not come into full swing until the end of the century.",that,that,PRON,PronType=Rel,7,9,confined,confine,VERB,2,nsubj:pass,pass,6:ref,1,0,forward
8369,"The word renaissance (Rinascimento in Italian) means “rebirth”, and the era is best known for the renewed interest in the culture of classical antiquity after the period that Renaissance humanists labelled the Dark Ages.",that,that,PRON,PronType=Rel,33,36,labelled,label,VERB,3,obj,NONE,32:ref,1,0,forward
8377,"I'm American and I am going to the UK for the first time, what should I expect?",what,what,PRON,PronType=Int,16,19,expect,expect,VERB,3,obj,NONE,19:obj,1,0,forward
8378,I just need to talk to an another american who has gone to the UK before so that I know what expect when arriving at the airport and with going through visa process and everything.,who,who,PRON,PronType=Rel,10,12,gone,go,VERB,2,nsubj,NONE,9:ref,1,0,forward
8378,I just need to talk to an another american who has gone to the UK before so that I know what expect when arriving at the airport and with going through visa process and everything.,what,what,PRON,PronType=Int,21,22,expect,expect,VERB,1,nsubj,NONE,22:nsubj,1,0,forward
8378,I just need to talk to an another american who has gone to the UK before so that I know what expect when arriving at the airport and with going through visa process and everything.,when,when,ADV,PronType=Int,23,24,arriving,arrive,VERB,1,advmod,NONE,24:advmod,1,0,forward
8385,i have talked to some people that say that a medical exam is an invasion of privacy and other say its a routine thing when entering another country.,that,that,PRON,PronType=Rel,7,8,say,say,VERB,1,nsubj,NONE,6:ref,1,0,forward
8385,i have talked to some people that say that a medical exam is an invasion of privacy and other say its a routine thing when entering another country.,when,when,ADV,PronType=Int,26,27,entering,enter,VERB,1,advmod,NONE,27:advmod,1,0,forward
8386,I honestly have no idea what to expect or prepare for and calling in to get professional advice from either of the embassies costs by the minute- which I really don't have the money for.,what,what,PRON,PronType=Int,6,8,expect,expect,VERB,2,obj,NONE,8:obj;10:obl:for,2,1,forward
8386,I honestly have no idea what to expect or prepare for and calling in to get professional advice from either of the embassies costs by the minute- which I really don't have the money for.,which,which,PRON,PronType=Rel,29,36,money,money,NOUN,7,nmod,NONE,13:ref,1,1,forward
8387,I'm really worried cause I have no idea who to talk to and want everything to go smoothly.,who,who,PRON,PronType=Int,10,12,talk,talk,VERB,2,obl,NONE,12:obl:to,1,1,forward
8392,"Above is the link to the Department of State travel website, which will give you all the info that you need, including passport information.",which,which,PRON,PronType=Rel,13,15,give,give,VERB,2,nsubj,NONE,4:ref,1,0,forward
8392,"Above is the link to the Department of State travel website, which will give you all the info that you need, including passport information.",that,that,PRON,PronType=Rel,20,22,need,need,VERB,2,obj,NONE,19:ref,1,0,forward
8394,I never stayed more than two weeks at a time when I visited the U.K.,when,when,ADV,PronType=Int,11,13,visited,visit,VERB,2,advmod,NONE,13:advmod,1,0,forward
8397,I am not sure how well you planned this trip.,how,how,ADV,PronType=Int,5,6,well,well,ADV,1,advmod,NONE,6:advmod,1,0,forward
8402,What would you get if you cross a sussex male and a silkie female?,What,what,PRON,PronType=Int,1,4,get,get,VERB,3,obj,NONE,4:obj,1,0,forward
8403,i had a sussex male and a pekin female i bought 2 silkies what would the sussex female and the silkie females would make ?,what,what,PRON,PronType=Int,14,24,make,make,VERB,10,obj,NONE,24:obj,1,0,forward
8407,You don't say what color Silkie or Sussex you are dealing with so I can't say what color your chicks would be likely to be.,what,what,DET,PronType=Int,5,6,color,color,NOUN,1,det,NONE,6:det,1,0,forward
8407,You don't say what color Silkie or Sussex you are dealing with so I can't say what color your chicks would be likely to be.,what,what,DET,PronType=Int,19,20,color,color,NOUN,1,det,NONE,20:det,1,0,forward
8408,"However, I can say what features they would/could have.",However,however,ADV,_,1,5,say,say,VERB,4,advmod,NONE,5:advmod,1,0,forward
8408,"However, I can say what features they would/could have.",what,what,DET,PronType=Int,6,7,features,feature,NOUN,1,det,NONE,7:det,1,0,forward
8413,"Skin Color: Silkies have black skin color, which is dominate.",which,which,PRON,PronType=Rel,10,12,dominate,dominate,ADJ,2,nsubj,NONE,8:ref,1,0,forward
8414,Sussex have White Skin which could be recessive or dominate.,which,which,PRON,PronType=Rel,5,8,recessive,recessive,ADJ,3,nsubj,NONE,4:ref,1,0,forward
8420,"Comb Type: Silkies have walnut combs which is actually genetically two comb types (Rose and Pea) single is also there, but is recessive.",which,which,PRON,PronType=Rel,8,14,types,type,NOUN,6,nsubj,NONE,7:ref,1,0,forward
8430,What do you think of these photos?,What,what,PRON,PronType=Int,1,4,think,think,VERB,3,obj,NONE,4:obj,1,0,forward
8432,What do you think of these photos?,What,what,PRON,PronType=Int,1,4,think,think,VERB,3,obj,NONE,4:obj,1,0,forward
8434,deleting a question where you dont like the answer won't get you better answers... i refer to my previous answer:,where,where,ADV,PronType=Rel,4,8,like,like,VERB,4,advmod,NONE,3:ref,1,0,forward
8442,There are also some distracting background elements like the light fixture and what looks like a door handle on the left.,what,what,PRON,PronType=Rel,13,11,fixture,fixture,NOUN,2,conj,NONE,7:nmod:like;11:conj:and;14:nsubj,3,0,backward
8443,"In the standing photo (from the front) there is a corner of a rug creeping in, some kind of box in the lower right corner and what looks like a power cord.",what,what,PRON,PronType=Rel,30,13,corner,corner,NOUN,17,conj,NONE,11:nsubj;13:conj:and;31:nsubj,3,1,backward
8447,"My suggestion is to pay close attention to what's going on in the background and if possible, stand on a chair, get on the ground, do whatever you need to do to get rid of distracting elements.",what,what,PRON,PronType=Rel,9,5,pay,pay,VERB,4,obl,NONE,5:obl:to;11:nsubj,2,0,backward
8447,"My suggestion is to pay close attention to what's going on in the background and if possible, stand on a chair, get on the ground, do whatever you need to do to get rid of distracting elements.",whatever,whatever,PRON,PronType=Rel,31,30,do,do,VERB,1,obj,NONE,30:obj;35:obj,2,0,backward
8452,In all my travels I’ve never seen anything like it and am often met with an odd look when I explain them to foreigners.,when,when,ADV,PronType=Int,20,22,explain,explain,VERB,2,advmod,NONE,22:advmod,1,0,forward
8455,The wake also included the night sit were friends and family sit up through the night with the remains.,were,where,ADV,PronType=Rel|Typo=Yes,8,12,sit,sit,VERB,4,advmod,NONE,7:ref,1,0,forward
8460,"The Pioneers was an organization started at the end of the 19th century which pushed and supported the ideal of temperance (abstaining from alcohol), in an attempt to deal with the massive issue of alcoholism that Ireland was gripped by.",which,which,PRON,PronType=Rel,14,15,pushed,push,VERB,1,nsubj,NONE,5:ref,1,0,forward
8460,"The Pioneers was an organization started at the end of the 19th century which pushed and supported the ideal of temperance (abstaining from alcohol), in an attempt to deal with the massive issue of alcoholism that Ireland was gripped by.",that,that,PRON,PronType=Rel,39,42,gripped,grip,VERB,3,obl:agent,agent,36:ref,1,0,forward
8471,"I heard that a company (here is a link: http://news.yahoo.com/nestl-purina-releases-commercial-aimed-dogs-183443091.html ) is trying to make a dog food commercial aimed at dogs, complete with squeaky chew-toy sounds, and high pitched sounds that humans can't hear.",that,that,PRON,PronType=Rel,38,42,hear,hear,VERB,4,obj,NONE,37:ref,1,0,forward
8479,"Well, T.V. is a series of flickering pictures that are streamed together to make a moving picture.",that,that,PRON,PronType=Rel,10,12,streamed,stream,VERB,2,nsubj:pass,pass,6:ref,1,0,forward
8480,"The pictures are broadcast at a rate of about 60Hz, which is how fast they need to move for us to see them as a moving, flawless picture.",which,which,PRON,PronType=Rel,13,16,fast,fast,ADV,3,nsubj,NONE,11:ref,1,0,forward
8480,"The pictures are broadcast at a rate of about 60Hz, which is how fast they need to move for us to see them as a moving, flawless picture.",how,how,ADV,PronType=Rel,15,16,fast,fast,ADV,1,advmod,NONE,16:advmod,1,0,forward
8487,How much should I be looking at for horse transportation?,How,how,ADV,PronType=Int,1,2,much,much,ADJ,1,advmod,NONE,2:advmod,1,0,forward
8488,"I need one horse transported to shows throughout the 2012 show season, and the location is about 3 hours away from where I live.",where,where,ADV,PronType=Rel,23,21,away,away,ADV,2,obl,NONE,21:obl:from;25:advmod,2,0,backward
8489,"The place where I'm boarding is not likely to want to take me this far, and I do not have any ways of hauling him myself.",where,where,ADV,PronType=Rel,3,6,boarding,board,VERB,3,advmod,NONE,2:ref,1,0,forward
8491,"If they ask how much I'm willing to pay, what is a good price range?",how,how,ADV,PronType=Int,4,5,much,much,ADJ,1,advmod,NONE,5:advmod,1,0,forward
8492,I saw a site that charges $0.70 per mile.,that,that,PRON,PronType=Rel,5,6,charges,charge,VERB,1,nsubj,NONE,4:ref,1,0,forward
8494,"Impossible to say, but I guess you would have to work out fuel consumption for the particular vehicle that they are using and pay a proportion of that, and some on top for the driver's time and effort, unless you are able to share transport with another or more, that would keep the costs down.",that,that,PRON,PronType=Rel,20,23,using,use,VERB,3,obj,NONE,19:ref,1,0,forward
8495,Remember that you get what you pay for.,what,what,PRON,PronType=Rel,5,4,get,get,VERB,1,obj,NONE,4:obj;7:obl:for,2,0,backward
8497,"Some people are willing to take your horse, but they really have old trailers that are not the safest in the world.",that,that,PRON,PronType=Rel,16,20,safest,safe,ADJ,4,nsubj,NONE,15:ref,1,0,forward
8500,He was dehydrated when he got there and lost weight.,when,when,ADV,PronType=Int,4,6,got,get,VERB,2,advmod,NONE,6:advmod,1,0,forward
8501,"Since then, I now use a professional horse hauling service with people who ride with my horse to keep an eye on him, stop every few hours for water, and their trailers all have super smooth suspension.",who,who,PRON,PronType=Rel,14,15,ride,ride,VERB,1,nsubj,NONE,13:ref,1,0,forward
8502,All horses I've had delivered to me since then are happy and healthy when they arrive.,when,when,ADV,PronType=Int,15,17,arrive,arrive,VERB,2,advmod,NONE,17:advmod,1,0,forward
8504,"Even though you may not want to use them, it will give you some idea of what it might cost and what is fair.",what,what,PRON,PronType=Int,18,21,cost,cost,VERB,3,obj,NONE,21:obj,1,0,forward
8504,"Even though you may not want to use them, it will give you some idea of what it might cost and what is fair.",what,what,PRON,PronType=Int,23,25,fair,fair,ADJ,2,nsubj,NONE,25:nsubj,1,0,forward
8510,First of if i went alone on a regular cabin how much would you estimate it would be just a guess.,how,how,ADV,PronType=Int,11,12,much,much,ADJ,1,advmod,NONE,12:advmod,1,0,forward
8514,1. Here's a site that lists world cruises including prices.,that,that,PRON,PronType=Rel,7,8,lists,list,VERB,1,nsubj,NONE,6:ref,1,0,forward
8516,"Prices listed, however, are usually based on two people in a cabin, and you will likely face some high ""single supplement"" costs in addition.",however,however,ADV,_,4,8,based,base,VERB,4,advmod,NONE,8:advmod,1,0,forward
8526,"HOWEVER: you will pay as if there are 2 people in the cabin, even if it is just you.",HOWEVER,however,ADV,_,1,5,pay,pay,VERB,4,advmod,NONE,5:advmod,1,0,forward
8531,"There has been a large Asian presence in the SF Bay Area for a long time--the Chinatown here was the largest population of chinese outside of China, there were lots of Japanese who'd been displaced during WWII.",who,who,PRON,PronType=Rel,36,39,displaced,displace,VERB,3,nsubj:pass,pass,35:ref,1,0,forward
8535,"So, the Bay Area has been fairly mixed ethnically for a long time--caucasians may have seemed to be a large populous but that's because most tourists back then were caucasian and many of the hippies were caucasians so that's who the photographers took pictures of.",who,who,PRON,PronType=Rel,45,34,caucasian,Caucasian,ADJ,11,parataxis,NONE,34:parataxis;49:nmod:of,2,0,backward
8546,San Francisco was settled in the 19th and 20th century by mainly European immigrants except for some Asian workers who were manual laborers.,who,who,PRON,PronType=Rel,20,23,laborers,laborer,NOUN,3,nsubj,NONE,19:ref,1,0,forward
8551,EDIT: My memory may not be good so you might get a more accurate answer from someone else who remembers the time.,who,who,PRON,PronType=Rel,20,21,remembers,remember,VERB,1,nsubj,NONE,18:ref,1,0,forward
8554,We also own two chickens that are kept in a run behind out garage/barn thing.,that,that,PRON,PronType=Rel,6,8,kept,keep,VERB,2,nsubj:pass,pass,5:ref,1,0,forward
8555,"There is already a little dog house that I would turn into a little rabbit hutch being kept back there and I was thinking about keeping the rabbit in the run with the chickens, but keeping the chickens in the coop and the rabbit in the hutch at night.",that,that,PRON,PronType=Rel,8,11,turn,turn,VERB,3,obj,NONE,7:ref,1,0,forward
8556,"However, in the day time would it be okay for the rabbit to hop around along with the chickens?",However,however,ADV,_,1,10,okay,okay,ADJ,9,advmod,NONE,10:advmod,1,0,forward
8557,"We feed the chickens scraps of veggies and fruits throughout the day, but it's nothing that a rabbit wouldn't be able to digest just fine.",that,that,PRON,PronType=Rel,18,26,digest,digest,VERB,8,obj,NONE,17:ref,1,2,forward
8575,what am I doing wrong,what,what,PRON,PronType=Int,1,4,doing,do,VERB,3,obj,NONE,4:obj,1,0,forward
8582,"Pewter is perfect for what you are doing, and it melts on a stove top.",what,what,PRON,PronType=Rel,5,3,perfect,perfect,ADJ,2,obl,NONE,3:obl:for;8:obj,2,0,backward
8585,"I bet you also did take charcoal as it is used for barbecue which does not get as hot as real coal (e.g. for blacksmithing one needs coal, not barbecue charcoal).",which,which,PRON,PronType=Rel,14,17,get,get,VERB,3,nsubj,NONE,7:ref,1,0,forward
8589,"Brass melts at just under 2000F which is a bright yellow heat, not red hot.",which,which,PRON,PronType=Rel,8,13,heat,heat,NOUN,5,nsubj,NONE,7:ref,1,0,forward
8595,They could not find any cafes or food shops that provided Halal prepared foods.,that,that,PRON,PronType=Rel,10,11,provided,provide,VERB,1,nsubj,NONE,6:ref,1,0,forward
8597,"Even if you buy a cake in a bakers you can not be too what happens in the kitchen, for example the cake may have been sliced using a knife used for preparing ham.",what,what,PRON,PronType=Int,16,17,happens,happen,VERB,1,nsubj,NONE,17:nsubj,1,0,forward
8600,We all enjoy buying a snack when visiting a town or attraction while on holiday.,when,when,ADV,PronType=Int,7,8,visiting,visit,VERB,1,advmod,NONE,8:advmod,1,0,forward
8604,"When I went to Bosnia, all the meat was Halal.",When,when,ADV,PronType=Int,1,3,went,go,VERB,2,advmod,NONE,3:advmod,1,0,forward
8605,"I will not eat halal meat, so guess what, I opted for foods which weren't a meat dish, there were plenty of other options.",what,what,PRON,PronType=Int,10,9,guess,guess,VERB,1,obj,NONE,9:obj,1,0,backward
8605,"I will not eat halal meat, so guess what, I opted for foods which weren't a meat dish, there were plenty of other options.",which,which,PRON,PronType=Rel,16,21,dish,dish,NOUN,5,nsubj,NONE,15:ref,1,0,forward
8607,"When you go to another country, you live by their way of life and their laws, if you don't like it, you know how to get back out the country (but I guess our benefits system is too much to throw away, huh).",When,when,ADV,PronType=Int,1,3,go,go,VERB,2,advmod,NONE,3:advmod,1,0,forward
8607,"When you go to another country, you live by their way of life and their laws, if you don't like it, you know how to get back out the country (but I guess our benefits system is too much to throw away, huh).",how,how,ADV,PronType=Int,28,30,get,get,VERB,2,advmod,NONE,30:advmod,1,1,forward
8613,We can't dictate what business wants to open where.,what,what,DET,PronType=Int,5,6,business,business,NOUN,1,det,NONE,6:det,1,0,forward
8613,We can't dictate what business wants to open where.,where,where,ADV,PronType=Int,10,9,open,open,VERB,1,advmod,NONE,9:advmod,1,0,backward
8615,How to convince my parents to let me get a Ball python?,How,how,ADV,PronType=Int,1,3,convince,convince,VERB,2,advmod,NONE,3:advmod,1,1,forward
8617,When I ask my mom she says she will never let a snake in her house.,When,when,ADV,PronType=Int,1,3,ask,ask,VERB,2,advmod,NONE,3:advmod,1,0,forward
8621,Maybe if they see how much time and effort you've devoted to researching the animal they'll reconsider.,how,how,ADV,PronType=Int,5,6,much,much,ADJ,1,advmod,NONE,6:advmod,1,0,forward
8624,Once you've buttered them up a bit try to get them to the pet store and ask one of the employees to handle the snake showing your mom how gentle and harmless they can be.,how,how,ADV,PronType=Int,30,31,gentle,gentle,ADJ,1,advmod,NONE,31:advmod,1,0,forward
8626,"My wife was TERRIFIED of snakes when we first met, I introduced her to one out my baby corn snakes and she fell in love with it.",when,when,ADV,PronType=Int,7,10,met,meet,VERB,3,advmod,NONE,10:advmod,1,0,forward
8637,"If you can find a pet at a shelter, or that a friend needs to get rid of because they're moving or whatever, you might be able to talk your parents into ""giving it a good home"" where you might not be able to talk them into buying a new pet.",that,that,PRON,PronType=Rel,12,18,rid,rid,ADJ,6,obl,NONE,6:ref,1,2,forward
8637,"If you can find a pet at a shelter, or that a friend needs to get rid of because they're moving or whatever, you might be able to talk your parents into ""giving it a good home"" where you might not be able to talk them into buying a new pet.",whatever,whatever,PRON,PronType=Int,25,9,shelter,shelter,NOUN,16,conj,NONE,4:obl:at;9:conj:or,2,4,backward
8637,"If you can find a pet at a shelter, or that a friend needs to get rid of because they're moving or whatever, you might be able to talk your parents into ""giving it a good home"" where you might not be able to talk them into buying a new pet.",where,where,ADV,PronType=Int,43,48,able,able,ADJ,5,advmod,NONE,48:advmod,1,0,forward
8641,"My Snake's meal is TOO big, what can I do?",what,what,PRON,PronType=Int,9,12,do,do,VERB,3,obj,NONE,12:obj,1,0,forward
8646,"So my true question comes to this, how can I knock the rat out?",how,how,ADV,PronType=Int,9,12,knock,knock,VERB,3,advmod,NONE,12:advmod,1,0,forward
8651,"iw ould just stick him in the tank and let your snake have a nice hunt for once, snakes jaws detach for this sort of this thing, so why not give her a good hunt, but if you do want him knock him id just throw him against the wall or something,, lol i dont know, i agree with you though throw him, haha",why,why,ADV,PronType=Int,31,33,give,give,VERB,2,advmod,NONE,33:advmod,1,0,forward
8661,My opinion - take it for what it's worth… :-),what,what,PRON,PronType=Int,7,10,worth,worth,ADJ,3,obj,NONE,10:obj,1,0,forward
8669,"But, you could live where ever you fancy takes you.",where,wherever,ADV,PronType=Rel|Typo=Yes,6,5,live,live,VERB,1,advmod,NONE,5:advmod;10:advmod,2,0,backward
8670,"For obvious reasons, knowing how extremely difficult it is to drive a car in the city, you should probably try to be near the subway system.",how,how,ADV,PronType=Int,6,8,difficult,difficult,ADJ,2,advmod,NONE,8:advmod,1,0,forward
8672,Being an American guarantees you no favours when it come to going to Canada.,when,when,ADV,PronType=Int,8,10,come,come,VERB,2,advmod,NONE,10:advmod,1,0,forward
8685,Whatever you do ...............DO NOT try to come here with out legal permission.,Whatever,whatever,PRON,PronType=Int,1,3,do,do,VERB,2,obj,NONE,3:obj,1,0,forward
8691,How to train my puppy ?,How,how,ADV,PronType=Int,1,3,train,train,VERB,2,advmod,NONE,3:advmod,1,1,forward
8695,And he is not following me when I was walking.,when,when,ADV,PronType=Int,7,10,walking,walk,VERB,3,advmod,NONE,10:advmod,1,0,forward
8697,Is there any way can let him know how to walk with leash ?,how,how,ADV,PronType=Int,9,11,walk,walk,VERB,2,advmod,NONE,11:advmod,1,1,forward
8700,How to prevent this ?,How,how,ADV,PronType=Int,1,3,prevent,prevent,VERB,2,advmod,NONE,3:advmod,1,1,forward
8701,"Last thing is every time I sit on a chair or something higher than him, he will try to jump on, if he can't, he will bark all the time until I let him get on, what should I do with this ?",what,what,PRON,PronType=Int,42,45,do,do,VERB,3,obj,NONE,45:obj,1,0,forward
8705,You need to purchase what is called a shoulder point harness.,what,what,PRON,PronType=Rel,5,4,purchase,purchase,VERB,1,obj,NONE,4:obj;7:obj;11:nsubj:xsubj,3,0,backward
8708,"When he swivels his head to go for it anyway, tell him sharp ""UH UH"" gently correct him with a small tug and continue your walk.",When,when,ADV,PronType=Int,1,3,swivels,swivel,VERB,2,advmod,NONE,3:advmod,1,0,forward
8718,why dont you get some treats that he loves and only give him them when he does something right.,why,why,ADV,PronType=Int,1,5,get,get,VERB,4,advmod,NONE,5:advmod,1,0,forward
8718,why dont you get some treats that he loves and only give him them when he does something right.,that,that,PRON,PronType=Rel,8,10,loves,love,VERB,2,obj,NONE,7:ref,1,0,forward
8718,why dont you get some treats that he loves and only give him them when he does something right.,when,when,ADV,PronType=Int,16,18,does,do,VERB,2,advmod,NONE,18:advmod,1,0,forward
8720,"try to train him to heel, which means to walk round you before he needs to go on a leash, and he may do that.",which,which,PRON,PronType=Rel,8,9,means,mean,VERB,1,nsubj,NONE,6:ref,1,0,forward
8722,What sort of Hotel could I expect to find in New Delhi/Agra/Varanasi for rs500 per night?,What,what,DET,PronType=Int,1,2,sort,sort,NOUN,1,det,NONE,2:det,1,0,forward
8724,I'm looking to visit India with some mates at the beginning of February next year and I am wandering what standard of accommodation we could get for Rs 500 per person per night.,what,what,DET,PronType=Int,21,22,standard,standard,NOUN,1,det,NONE,22:det,1,0,forward
8726,This would be on a walk-in basis as we want to have the freedom of finding a place that looks good (Not relying on pictures from the internet) and is in a spot we like.,that,that,PRON,PronType=Rel,21,22,looks,look,VERB,1,nsubj,NONE,20:ref,1,0,forward
8739,"Also, while travelling ask people where they've been and if they have any hotel recommendations.",where,where,ADV,PronType=Int,7,5,ask,ask,VERB,2,ccomp,NONE,5:ccomp,1,0,backward
8756,which one out of these makes the best pet?,which,which,DET,PronType=Int,1,2,one,one,NOUN,1,det,NONE,2:det,1,0,forward
8758,and why is the one a better pet?,why,why,ADV,PronType=Int,2,8,pet,pet,NOUN,6,advmod,NONE,8:advmod,1,0,forward
8765,"Depends on what you want in a pet, to be honest.",what,what,PRON,PronType=Int,3,5,want,want,VERB,2,obj,NONE,5:obj,1,0,forward
8766,"Also depends on the space you have, how much time you can handle the pet, how much money you can spend, etc.",how,how,ADV,PronType=Int,9,10,much,much,ADJ,1,advmod,NONE,10:advmod,1,0,forward
8766,"Also depends on the space you have, how much time you can handle the pet, how much money you can spend, etc.",how,how,ADV,PronType=Int,18,19,much,much,ADJ,1,advmod,NONE,19:advmod,1,0,forward
8776,"I could handle my mice, but they where skittish and preferred their cage.",where,be,AUX,Mood=Ind|Number=Plur|Person=3|Tense=Past|Typo=Yes|VerbForm=Fin,9,10,skittish,skittish,ADJ,1,cop,NONE,10:cop,1,0,forward
8777,I've never met a hamster that didn't bite me.,that,that,PRON,PronType=Rel,7,10,bite,bite,VERB,3,nsubj,NONE,6:ref,1,0,forward
8786,They will whistle when they hear you as an encouragement for you to give them a treat like leaf lettuce.,when,when,ADV,PronType=Int,4,6,hear,hear,VERB,2,advmod,NONE,6:advmod,1,0,forward
8804,Make sure there are plenty of litter boxes that are cleaned often.,that,that,PRON,PronType=Rel,9,11,cleaned,clean,VERB,2,nsubj:pass,pass,8:ref,1,0,forward
8816,Try to go in there with the right frame of mind and enjoy them for what they are.,what,what,PRON,PronType=Rel,16,13,enjoy,enjoy,VERB,3,obl,NONE,13:obl:for,1,0,backward
8817,"If you still don't enjoy the kittens, see what other opportunities are available.",what,what,DET,PronType=Int,11,13,opportunities,opportunity,NOUN,2,det,NONE,13:det,1,0,forward
8834,"Two years later when I got around to filling for his birth certificate, I find out he was never registered.",when,when,ADV,PronType=Int,4,6,got,get,VERB,2,advmod,NONE,6:advmod,1,0,forward
8839,"You just need basic information, and answer a few questions like what hospital was the child born at/who was the doctor....",what,what,DET,PronType=Int,13,14,hospital,hospital,NOUN,1,det,NONE,14:det,1,0,forward
8839,"You just need basic information, and answer a few questions like what hospital was the child born at/who was the doctor....",who,who,PRON,PronType=Int,21,24,doctor,doctor,NOUN,3,nsubj,NONE,24:nsubj,1,0,forward
8850,I add that in because there have been some people who have tried to claim citizenship by sending for their birth certificate when they were never really born in Canada or to Canadian parents.,who,who,PRON,PronType=Rel,11,13,tried,try,VERB,2,nsubj,NONE,10:ref,1,0,forward
8850,I add that in because there have been some people who have tried to claim citizenship by sending for their birth certificate when they were never really born in Canada or to Canadian parents.,when,when,ADV,PronType=Int,23,28,born,bear,VERB,5,advmod,NONE,28:advmod,1,0,forward
8851,When a child is born in Canada the birth is registered before the baby can leave the hospital.,When,when,ADV,PronType=Int,1,5,born,bear,VERB,4,advmod,NONE,5:advmod,1,0,forward
8853,Each provincial government has a website that lists the process for that Province so depending upon where you were born you can google it.,that,that,PRON,PronType=Rel,7,8,lists,list,VERB,1,nsubj,NONE,6:ref,1,0,forward
8853,Each provincial government has a website that lists the process for that Province so depending upon where you were born you can google it.,where,where,ADV,PronType=Int,17,20,born,bear,VERB,3,advmod,NONE,20:advmod,1,0,forward
8856,i want to know which you liked better and WHY?,which,which,PRON,PronType=Int,5,7,liked,like,VERB,2,obj,NONE,7:obj,1,0,forward
8856,i want to know which you liked better and WHY?,WHY,why,ADV,PronType=Int,10,7,liked,like,VERB,3,conj,NONE,4:ccomp;7:conj:and,2,0,backward
8857,include which one had:,which,which,DET,PronType=Int,2,3,one,one,NOUN,1,det,NONE,3:det,1,0,forward
8862,please specify which royal or carnival ship (:,which,which,DET,PronType=Int,3,7,ship,ship,NOUN,4,det,NONE,7:det,1,0,forward
8863,Carnival and Royal Caribbean are two popular cruise lines that have strong followings.,that,that,PRON,PronType=Rel,10,11,have,have,VERB,1,nsubj,NONE,9:ref,1,0,forward
8866,Explore which cruise may fit your needs the best.,which,which,DET,PronType=Int,2,3,cruise,cruise,NOUN,1,det,NONE,3:det,1,0,forward
8871,We loved most of the locations that both of the ships visited and don't believe that this should be a distinguishing factor on deciding between the cruise lines.,that,that,PRON,PronType=Rel,7,12,visited,visit,VERB,5,obj,NONE,6:ref,1,0,forward
8880,We did have one waiter that complained some on one of our trips on the Mariner.,that,that,PRON,PronType=Rel,6,7,complained,complain,VERB,1,nsubj,NONE,5:ref,1,0,forward
8882,Pools The Mariner of the Seas and Liberty both had salt water pools - which most cruise ships have.,which,which,PRON,PronType=Rel,15,19,have,have,VERB,4,obj,NONE,13:ref,1,0,forward
8885,"If you have kids, this would be something that they would definitely enjoy.",that,that,PRON,PronType=Rel,10,14,enjoy,enjoy,VERB,4,obj,NONE,9:ref,1,0,forward
8888,Usually you can't go wrong when getting a spa treatment......,when,when,ADV,PronType=Int,7,8,getting,get,VERB,1,advmod,NONE,8:advmod,1,0,forward
8893,What countries are the best to travel to?,What,what,DET,PronType=Int,1,2,countries,country,NOUN,1,det,NONE,2:det,1,0,forward
8894,I really want to travel when I leave school!,when,when,ADV,PronType=Int,6,8,leave,leave,VERB,2,advmod,NONE,8:advmod,1,0,forward
8895,Where in the states could I go?,Where,where,ADV,PronType=Int,1,7,go,go,VERB,6,advmod,NONE,7:advmod,1,0,forward
8898,How long should I go for to each place?,How,how,ADV,PronType=Int,1,2,long,long,ADV,1,advmod,NONE,2:advmod,1,0,forward
8900,&Also how much money would I need?,how,how,ADV,PronType=Int,3,4,much,much,ADJ,1,advmod,NONE,4:advmod,1,0,forward
8903,"I mean when I graduate & yes, college, sorry for the typo.",when,when,ADV,PronType=Int,3,5,graduate,graduate,VERB,2,advmod,NONE,5:advmod,1,0,forward
8905,Not the smartest move to take off on a worldly adventure if you've never traveled before and you don't put where you would be traveling from.,where,where,ADV,PronType=Int,23,27,traveling,travel,VERB,4,advmod,NONE,27:advmod,1,0,forward
8910,What do you like to do?,What,what,PRON,PronType=Int,1,6,do,do,VERB,5,obj,NONE,6:obj,1,1,forward
8926,Does your budget limit you to how long you can stay in each place?,how,how,ADV,PronType=Int,7,8,long,long,ADV,1,advmod,NONE,8:advmod,1,0,forward
8928,"Once you have a budget or an amount in the bank then you'll be able to figure out where you can go, for how long you can go and what you can do when you're there.",where,where,ADV,PronType=Int,20,23,go,go,VERB,3,advmod,NONE,23:advmod,1,0,forward
8928,"Once you have a budget or an amount in the bank then you'll be able to figure out where you can go, for how long you can go and what you can do when you're there.",how,how,ADV,PronType=Int,26,27,long,long,ADV,1,advmod,NONE,27:advmod,1,0,forward
8928,"Once you have a budget or an amount in the bank then you'll be able to figure out where you can go, for how long you can go and what you can do when you're there.",what,what,PRON,PronType=Int,32,35,do,do,VERB,3,obj,NONE,35:obj,1,0,forward
8928,"Once you have a budget or an amount in the bank then you'll be able to figure out where you can go, for how long you can go and what you can do when you're there.",when,when,ADV,PronType=Int,36,39,there,there,ADV,3,advmod,NONE,39:advmod,1,0,forward
8932,You can't beat the price for what you get.,what,what,PRON,PronType=Rel,8,6,price,price,NOUN,2,nmod,NONE,6:nmod:for;10:obj,2,0,backward
8938,How do you make your cat adjust to a new house?,How,how,ADV,PronType=Int,1,4,make,make,VERB,3,advmod,NONE,4:advmod,1,0,forward
8942,How could we make it settle in a new house.,How,how,ADV,PronType=Int,1,4,make,make,VERB,3,advmod,NONE,4:advmod,1,0,forward
8944,"territory is very important to cats, and they are very nervous when they go into a new place - a new house could be full of predators, or unknown menaces - well at least he thinks so.",when,when,ADV,PronType=Int,13,15,go,go,VERB,2,advmod,NONE,15:advmod,1,0,forward
8946,"then, he can have a place to retreat to when he feels scared.",when,when,ADV,PronType=Int,11,13,feels,feel,VERB,2,advmod,NONE,13:advmod,1,0,forward
8947,"you will need to get his box and bowls, and whatever blanket and toys are his, and smell like home, and put him in a room.",whatever,whatever,DET,PronType=Int,12,13,blanket,blanket,NOUN,1,det,NONE,13:det,1,0,forward
8952,"he will reassure himself that no other animal is in there, and that no other animal will come in - he is afraid that he is in someone else's territory when he is in a new house.",when,when,ADV,PronType=Int,33,39,house,house,NOUN,6,advmod,NONE,39:advmod,1,0,forward
8959,"remember to visit with him while he is in the room, and tell him how good he is.",how,how,ADV,PronType=Int,16,17,good,good,ADJ,1,advmod,NONE,17:advmod,1,0,forward
8963,Let her explore when we moved my cat had to explore the entire house before she felt comfortable.,when,when,ADV,PronType=Int,4,6,moved,move,VERB,2,advmod,NONE,6:advmod,1,0,forward
8974,How do I train him to feel comfortable in his crate?,How,how,ADV,PronType=Int,1,4,train,train,VERB,3,advmod,NONE,4:advmod,1,0,forward
8978,I have a 9 month old German Shepherd that I raised from a puppy.,that,that,PRON,PronType=Rel,9,11,raised,raise,VERB,2,obj,NONE,8:ref,1,0,forward
8982,I just dont know how to do it with a grown dog.,how,how,ADV,PronType=Int,6,8,do,do,VERB,2,advmod,NONE,8:advmod,1,1,forward
8984,"...but basically, what I do is the same thing I did with my puppy...lots of patience, lots of time, lots of praise, lots of treats, and lots of repition....Right?",what,what,PRON,PronType=Rel,5,11,thing,thing,NOUN,6,nsubj,NONE,7:obj;11:nsubj,2,1,forward
8993,"When the dog is ok with this, then open the door and walk around the crate, leave the door open all the time.",When,when,ADV,PronType=Int,1,5,ok,ok,ADJ,4,advmod,NONE,5:advmod,1,0,forward
8995,Let your dog go in when he wants to for no reason.,when,when,ADV,PronType=Int,6,8,wants,want,VERB,2,advmod,NONE,8:advmod,1,0,forward
8999,Open the door and let him out and see how he acts.,how,how,ADV,PronType=Int,10,12,acts,act,VERB,2,advmod,NONE,12:advmod,1,0,forward
9005,"Have patience with him, you just got him and who knows how he was treated before you brought him home.",who,who,PRON,PronType=Int,11,12,knows,know,VERB,1,nsubj,NONE,12:nsubj,1,0,forward
9005,"Have patience with him, you just got him and who knows how he was treated before you brought him home.",how,how,ADV,PronType=Int,13,16,treated,treat,VERB,3,advmod,NONE,16:advmod,1,0,forward
9006,where can I find the best tours to the Mekong Delta at reasonable prices?,where,where,ADV,PronType=Int,1,4,find,find,VERB,3,advmod,NONE,4:advmod,1,0,forward
9017,I did an overnight in a home stay that was sweet and the water market was wonderful.,that,that,PRON,PronType=Rel,9,11,sweet,sweet,ADJ,2,nsubj,NONE,4:ref,1,0,forward
9018,I don't remember the exact cost but remember thinking how inexpensive it was.,how,how,ADV,PronType=Int,11,12,inexpensive,inexpensive,ADJ,1,advmod,NONE,12:advmod,1,0,forward
9031,If you're adventurous you can take a bus or water taxi to My Tho (near where we live) or Can Tho.,where,where,ADV,PronType=Rel,18,14,My,My,PROPN,4,nmod,NONE,14:nmod:near;20:advmod,2,0,backward
9033,Most of the tourists that I've come across buy tours along the My Tho waterfront.,that,that,PRON,PronType=Rel,5,8,come,come,VERB,3,obl,NONE,4:ref,1,0,forward
9034,"You take a boat across the river, then spend a day biking, eating at a local restaurant, buying souvenirs and doing other things that are geared towards tourists.",that,that,PRON,PronType=Rel,27,29,geared,gear,VERB,2,nsubj:pass,pass,26:ref,1,0,forward
9041,Have a good trip where-ever you end up.,where-ever,wherever,ADV,PronType=Rel|Typo=Yes,5,1,Have,have,VERB,4,advmod,NONE,1:advmod;7:advmod,2,0,backward
9043,"We had a great time and visited a location where they made coconut candies, visited a local restaurant which was attached to a fish farm, rode in modified quad bikes and had some tropical food at what appeared to be a local hangout.",where,where,ADV,PronType=Rel,10,12,made,make,VERB,2,advmod,NONE,9:ref,1,0,forward
9043,"We had a great time and visited a location where they made coconut candies, visited a local restaurant which was attached to a fish farm, rode in modified quad bikes and had some tropical food at what appeared to be a local hangout.",which,which,PRON,PronType=Rel,20,22,attached,attach,VERB,2,nsubj:pass,pass,19:ref,1,0,forward
9043,"We had a great time and visited a location where they made coconut candies, visited a local restaurant which was attached to a fish farm, rode in modified quad bikes and had some tropical food at what appeared to be a local hangout.",what,what,PRON,PronType=Rel,39,34,had,have,VERB,5,obl,NONE,34:obl:at;40:nsubj;45:nsubj:xsubj,3,0,backward
9046,I got a riding lesson today on one of my boss's fino horses and it made me realize just how unsteady my left leg is.,how,how,ADV,PronType=Int,21,22,unsteady,unsteady,ADJ,1,advmod,NONE,22:advmod,1,0,forward
9052,I also have back problems that transfer into my legs.,that,that,PRON,PronType=Rel,6,7,transfer,transfer,VERB,1,nsubj,NONE,5:ref,1,0,forward
9054,Here is what I do now and it really helps....,what,what,PRON,PronType=Rel,3,1,Here,here,ADV,2,nsubj,NONE,1:nsubj;5:obj,2,0,backward
9055,When I first get on I take 1 leg and pull it back up to touch my butt with my heel and hold it there for 1 lap at a walk around a large dressage arena.,When,when,ADV,PronType=Int,1,4,get,get,VERB,3,advmod,NONE,4:advmod,1,0,forward
9064,When I first started doing it I'd do it every day.,When,when,ADV,PronType=Int,1,4,started,start,VERB,3,advmod,NONE,4:advmod,1,0,forward
9067,what are you having problems with?,what,what,PRON,PronType=Int,1,5,problems,problem,NOUN,4,nmod,NONE,5:nmod:with,1,0,forward
9075,What to feed my dog after gastroenteritis?,What,what,PRON,PronType=Int,1,3,feed,feed,VERB,2,obj,NONE,3:obj,1,1,forward
9085,I have tryed to give him water but he wont take it.. what should i do?,what,what,PRON,PronType=Int,15,18,do,do,VERB,3,obj,NONE,18:obj,1,0,forward
9090,I feel like shit for saying that but after what they have done already i wont be buying grocerys for the next few weeks.,what,what,PRON,PronType=Int,10,13,done,do,VERB,3,obj,NONE,13:obj,1,0,forward
9091,I will give them and call and see what they say.,what,what,PRON,PronType=Int,9,11,say,say,VERB,2,obj,NONE,11:obj,1,0,forward
9098,"However, if they have been vomiting numerous times, then the blood could be due to irritation of the stomach and intestines.",However,however,ADV,_,1,18,irritation,irritation,NOUN,17,advmod,NONE,18:advmod,1,3,forward
9105,"From there you end up with electrolyte imbalances, which can lead to heart and kidney problems.",which,which,PRON,PronType=Rel,10,12,lead,lead,VERB,2,nsubj,NONE,8:ref,1,0,forward
9108,"They should have discussed a bland diet with you, including the frequency of feeding and how much to feed at each sitting.",how,how,ADV,PronType=Int,17,18,much,much,ADJ,1,advmod,NONE,18:advmod,1,0,forward
9117,"My vet told me when a dog is vomiting a lot, it could be a sign of obstruction.",when,when,ADV,PronType=Int,5,9,vomiting,vomit,VERB,4,advmod,NONE,9:advmod,1,0,forward
9120,You should call your vet now and ask them what is normal or not.,what,what,PRON,PronType=Int,10,12,normal,normal,ADJ,2,nsubj,NONE,12:nsubj;14:nsubj,2,0,forward
9122,I would really love to hear what the French or those who had dated the French to say something about this.,what,what,PRON,PronType=Rel,7,6,hear,hear,VERB,1,obj,NONE,6:obj;18:obj,2,0,backward
9122,I would really love to hear what the French or those who had dated the French to say something about this.,who,who,PRON,PronType=Rel,12,14,dated,date,VERB,2,nsubj,NONE,11:ref,1,0,forward
9125,"However, I've read on the internet that the French dating etiquette is totally different.",However,however,ADV,_,1,5,read,read,VERB,4,advmod,NONE,5:advmod,1,0,forward
9127,"In addition, from my understanding one-on-one dates is something that comes much later and not 'straight-away' like us anglo-saxons.",that,that,PRON,PronType=Rel,15,16,comes,come,VERB,1,nsubj,NONE,14:ref,1,0,forward
9132,She is friendly when we see each other on campus.,when,when,ADV,PronType=Int,4,6,see,see,VERB,2,advmod,NONE,6:advmod,1,0,forward
9133,She is also nicer when we are both alone.,when,when,ADV,PronType=Int,5,9,alone,alone,ADJ,4,advmod,NONE,9:advmod,1,0,forward
9134,"However, when we are at parties or when they are people around she seems to ignore me.",However,however,ADV,_,1,15,seems,seem,VERB,14,advmod,NONE,15:advmod,1,1,forward
9134,"However, when we are at parties or when they are people around she seems to ignore me.",when,when,ADV,PronType=Int,3,7,parties,party,NOUN,4,advmod,NONE,7:advmod,1,0,forward
9134,"However, when we are at parties or when they are people around she seems to ignore me.",when,when,ADV,PronType=Int,9,11,are,be,VERB,2,advmod,NONE,11:advmod,1,0,forward
9135,"She also seems to hate it whenever I ask her out on a date, to the point she said stop!",whenever,whenever,ADV,PronType=Rel,7,5,hate,hate,VERB,2,advmod,NONE,5:advmod;9:advmod,2,0,backward
9139,What you have read in the internet is fairly accurate but of course it does not fit all scenarios.,What,what,PRON,PronType=Rel,1,10,accurate,accurate,ADJ,9,nsubj,NONE,4:obj;10:nsubj,2,1,forward
9140,"You are not French for a start, so the ""rules"" or ""customs"" may not apply to you when it comes to entering into a relationship between people from different backgrounds.",when,when,ADV,PronType=Int,23,25,comes,come,VERB,2,advmod,NONE,25:advmod,1,0,forward
9141,From what you say the messages given by this girl are quite clear.,what,what,PRON,PronType=Rel,2,13,clear,clear,ADJ,11,obl,NONE,4:obj;13:obl:from,2,2,forward
9145,"At parties she does not want to be considered in any way attached to you, which is consistent.",which,which,PRON,PronType=Rel,17,19,consistent,consistent,ADJ,2,nsubj,NONE,6:ref,1,0,forward
9146,"Take the messages for what they are: she has no objection in you being pals at uni, but she does not want to take matters further.",what,what,PRON,PronType=Int,5,1,Take,take,VERB,4,advcl,NONE,1:advcl:for,1,1,backward
9150,"What I have to add is that it is normal in France to have mixed gender groups of friends, there's nothing unusual in boys and girls being only friends, which is obviously what this girl wants from you.",What,what,PRON,PronType=Rel,1,10,normal,normal,ADJ,9,nsubj:outer,outer,5:obj;10:nsubj:outer,2,4,forward
9150,"What I have to add is that it is normal in France to have mixed gender groups of friends, there's nothing unusual in boys and girls being only friends, which is obviously what this girl wants from you.",which,which,PRON,PronType=Rel,33,36,what,what,PRON,3,nsubj,NONE,31:ref,1,0,forward
9150,"What I have to add is that it is normal in France to have mixed gender groups of friends, there's nothing unusual in boys and girls being only friends, which is obviously what this girl wants from you.",what,what,PRON,PronType=Rel,36,31,friends,friend,NOUN,5,advcl:relcl,relcl,31:advcl:relcl;39:obj,2,0,backward
9152,If she is nicer when you are alone I'd say it is because in public view she is making sure that people do not think that you might be her boyfriend.,when,when,ADV,PronType=Int,5,8,alone,alone,ADJ,3,advmod,NONE,8:advmod,1,0,forward
9156,Why not just take your chances and do it your way?,Why,why,ADV,PronType=Int,1,4,take,take,VERB,3,advmod,NONE,4:advmod,1,0,forward
9181,How would you know?,How,how,ADV,PronType=Int,1,4,know,know,VERB,3,advmod,NONE,4:advmod,1,0,forward
9186,"Yes things like philosophy and fashion design are interesting, but how many jobs are out there for someone with these qualifications?",how,how,ADV,PronType=Int,12,13,many,many,ADJ,1,advmod,NONE,13:advmod,1,0,forward
9187,"I'm studying to be a teacher, so I know that there will definitely be jobs out there when I'm done.",when,when,ADV,PronType=Int,20,23,done,done,ADJ,3,advmod,NONE,23:advmod,1,0,forward
9191,"And it's not all about how much you earn, cost of living is much higher in many cities in Australia.",how,how,ADV,PronType=Int,7,8,much,much,ADJ,1,advmod,NONE,8:advmod,1,0,forward
9196,And they'll probably add interest to what you've already racked up.,what,what,PRON,PronType=Int,8,12,racked,rack,VERB,4,obj,NONE,12:obj,1,0,forward
9197,And they're working towards being able to extradite people who have left the country to avoid paying it back.,who,who,PRON,PronType=Rel,11,13,left,leave,VERB,2,nsubj,NONE,10:ref,1,0,forward
9201,I guess I'm extremely fortunate that I received a scholarship which paid about 800f my course fees through my degree.,which,which,PRON,PronType=Rel,12,13,paid,pay,VERB,1,nsubj,NONE,11:ref,1,0,forward
9203,There are far too many lazy people out there who think that they can sit around a job will fall in their lap.,who,who,PRON,PronType=Rel,10,11,think,think,VERB,1,nsubj,NONE,7:ref,1,0,forward
9209,It depends on what you hunger for.,what,what,PRON,PronType=Int,4,6,hunger,hunger,VERB,2,obl,NONE,6:obl:for,1,0,forward
9212,why does my baby king snake refuse to eat?,why,why,ADV,PronType=Int,1,7,refuse,refuse,VERB,6,advmod,NONE,7:advmod,1,0,forward
9216,"as far as i know, everything is as good as it can be where his aquarium is concerned.",where,where,ADV,PronType=Int,15,19,concerned,concerned,ADJ,4,advmod,NONE,19:advmod,1,0,forward
9219,(i know that snakes that have problems going to the bathroom won't eat.),that,that,PRON,PronType=Rel,6,7,have,have,VERB,1,nsubj,NONE,5:ref,1,0,forward
9224,i don't know why he won't eat though!,why,why,ADV,PronType=Int,5,9,eat,eat,VERB,4,advmod,NONE,9:advmod,1,0,forward
9226,i have never tried feeding him a pinky that was bigger around than he is.,that,that,PRON,PronType=Rel,9,11,bigger,big,ADJ,2,nsubj,NONE,8:ref,1,0,forward
9234,i am very discouraged and sad and i don't know what to do.,what,what,PRON,PronType=Int,12,14,do,do,VERB,2,obj,NONE,14:obj,1,1,forward
9239,When you feed him how many pinkies do you feed him?,When,when,ADV,PronType=Int,1,3,feed,feed,VERB,2,advmod,NONE,3:advmod,1,0,forward
9239,When you feed him how many pinkies do you feed him?,how,how,ADV,PronType=Int,5,6,many,many,ADJ,1,advmod,NONE,6:advmod,1,0,forward
9242,My boyfriend has one and when she's hungry she attacks the pinkie right away.,when,when,ADV,PronType=Int,6,9,hungry,hungry,ADJ,3,advmod,NONE,9:advmod,1,0,forward
9243,They can smell it so i'm sure he knows what it is and just don't want it.,what,what,PRON,PronType=Int,11,10,knows,know,VERB,1,ccomp,NONE,10:ccomp,1,0,backward
9245,"In the winter, they will usually go deep underground and enter a hibernation-like state called brumation, which is characterized by a slowed metabolism and reduced activity.",which,which,PRON,PronType=Rel,21,23,characterized,characterize,VERB,2,nsubj:pass,pass,19:ref,1,0,forward
9249,"Hibernation is natural, and a necessity for snakes that are going to be bred.",that,that,PRON,PronType=Rel,10,12,going,go,VERB,2,nsubj,NONE,9:ref,1,0,forward
9250,Another thing that can cause a king snake to stop eating is shedding.,that,that,PRON,PronType=Rel,3,5,cause,cause,VERB,2,nsubj,NONE,2:ref,1,0,forward
9251,"You can tell when your king snake is about to shed, because its eyes will get milky looking.",when,when,ADV,PronType=Int,4,9,about,about,ADJ,5,advmod,NONE,9:advmod,1,0,forward
9262,how rough is too rough?,how,how,ADV,PronType=Int,1,2,rough,rough,ADJ,1,advmod,NONE,2:advmod,1,0,forward
9274,giving the new kitten her own small territory will help her to feel safe and will give her a place to go to when scared.,when,when,ADV,PronType=Int,24,25,scared,scared,ADJ,1,advmod,NONE,25:advmod,1,0,forward
9281,"she knows she is invading someone else's territory, but can't help it, and has no where to go.",where,_,X,_,20,19,no,nowhere,ADV,1,goeswith,NONE,19:goeswith,1,0,backward
9284,"when the door opens, he will get that the one room is hers, and he will be OK with that.",when,when,ADV,PronType=Int,1,4,opens,open,VERB,3,advmod,NONE,4:advmod,1,0,forward
9286,your male is hurting her to put her in her place - biting her scruff is dominance and biting the belly is a move cats use when hunting - to pull the guts out of their prey.,when,when,ADV,PronType=Int,27,28,hunting,hunt,VERB,1,advmod,NONE,28:advmod,1,0,forward
9291,"when they play fight, they don't hiss.",when,when,ADV,PronType=Int,1,4,fight,fight,VERB,3,advmod,NONE,4:advmod,1,0,forward
9300,When they start bleeding that means they're really fighting.,When,when,ADV,PronType=Int,1,3,start,start,VERB,2,advmod,NONE,3:advmod,1,0,forward
9303,"The difference is when the cat hisses, that means they are annoyed and they want the other cat to go away.",when,when,ADV,PronType=Int,4,7,hisses,hiss,VERB,3,advmod,NONE,7:advmod,1,0,forward
9305,When they are just jumping at each other and their tails are wagging that means that they are playing.,When,when,ADV,PronType=Int,1,5,jumping,jump,VERB,4,advmod,NONE,5:advmod,1,0,forward
9306,I can see how you get confused though. :),how,how,ADV,PronType=Int,4,6,get,get,VERB,2,advmod,NONE,6:advmod,1,0,forward
9308,When Johnson deployed troops in 1964 he was advised by the military it would take a half-million troops about ten years to pacify South Vietnam.,When,when,ADV,PronType=Int,1,3,deployed,deploy,VERB,2,advmod,NONE,3:advmod,1,0,forward
9311,"This left Westmoreland with few options, so he adapted a Search and Destroy strategy instead of a Clear and Defend strategy which is, in the long run, the preferred method of pacifying an insurgency.",which,which,PRON,PronType=Rel,23,33,method,method,NOUN,10,nsubj,NONE,22:ref,1,0,forward
9313,"The ARVN was not having a big problem with the Local VC (the guerilla movement), they were being challenged by the Main Force VC (which was light infantry) and the North Vietnamese Army (NVA).",which,which,PRON,PronType=Rel,29,32,infantry,infantry,NOUN,3,nsubj,NONE,27:ref,1,0,forward
9314,"When the Americans swept in with their Search and Destroy operations the Communists quickly leaned they could not stand up to the US firepower, and these regular troops were forced to flee the country and take sanctuary across the borders in Laos and Cambodia.",When,when,ADV,PronType=Int,1,4,swept,sweep,VERB,3,advmod,NONE,4:advmod,1,0,forward
9316,"However, Johnson would not let the military cross the borders and clean out the Communist bases.",However,however,ADV,_,1,6,let,let,VERB,5,advmod,NONE,6:advmod,1,0,forward
9320,"However, what they hoped to do during the Tet Offensive was to sneak past the Americans and attack the ARVN in the urban areas where they were deployed doing successful Clear and Defend operations.",However,however,ADV,_,1,14,sneak,sneak,VERB,13,advmod,NONE,14:advmod,1,4,forward
9320,"However, what they hoped to do during the Tet Offensive was to sneak past the Americans and attack the ARVN in the urban areas where they were deployed doing successful Clear and Defend operations.",what,what,PRON,PronType=Rel,3,14,sneak,sneak,VERB,11,nsubj:outer,outer,7:obj;14:nsubj:outer;19:nsubj:outer,3,4,forward
9320,"However, what they hoped to do during the Tet Offensive was to sneak past the Americans and attack the ARVN in the urban areas where they were deployed doing successful Clear and Defend operations.",where,where,ADV,PronType=Rel,26,29,deployed,deploy,VERB,3,advmod,NONE,25:ref,1,0,forward
9323,What happened?,What,what,PRON,PronType=Int,1,2,happened,happen,VERB,1,nsubj,NONE,2:nsubj,1,0,forward
9329,"When give the ultimate choice, they rallied…",When,when,ADV,PronType=Int,1,2,give,give,VERB,1,advmod,NONE,2:advmod,1,0,forward
9335,But Johnson was so obtuse he didn’t understand he had a victory when it was handed to him on a silver platter.,when,when,ADV,PronType=Int,14,17,handed,hand,VERB,3,advmod,NONE,17:advmod,1,0,forward
9337,They screwed up by not accepting his surrender when he offered it.,when,when,ADV,PronType=Int,9,11,offered,offer,VERB,2,advmod,NONE,11:advmod,1,0,forward
9346,There is a very good book on the subject that was written by General Vo Nguyen Giap.,that,that,PRON,PronType=Rel,10,12,written,write,VERB,2,nsubj:pass,pass,6:ref,1,0,forward
9350,I have a basking spot lamp that says it is a double reflector that focuses 35% more light/heat and provides beneficial UVA rays important to the psycholical well-being of him.,that,that,PRON,PronType=Rel,7,8,says,say,VERB,1,nsubj,NONE,6:ref,1,0,forward
9350,I have a basking spot lamp that says it is a double reflector that focuses 35% more light/heat and provides beneficial UVA rays important to the psycholical well-being of him.,that,that,PRON,PronType=Rel,14,15,focuses,focus,VERB,1,nsubj,NONE,13:ref,1,0,forward
9352,I also was wondering how long should this light be on.,how,how,ADV,PronType=Int,5,6,long,long,ADV,1,advmod,NONE,6:advmod,1,0,forward
9361,"UVB will always be a separate bulb from the heat lamp, unless you use a MVB (mercury vapor bulb) which is the only reptile use bulb that will emit both UVB and heat from one bulb.",which,which,PRON,PronType=Rel,23,29,bulb,bulb,NOUN,6,nsubj,NONE,17:ref,1,0,forward
9361,"UVB will always be a separate bulb from the heat lamp, unless you use a MVB (mercury vapor bulb) which is the only reptile use bulb that will emit both UVB and heat from one bulb.",that,that,PRON,PronType=Rel,30,32,emit,emit,VERB,2,nsubj,NONE,29:ref,1,0,forward
9363,"The long tube UVB bulbs are best, like Zoomed's Repsitun model: http://lllreptile.com/store/catalog/reptile-supplies/uvb-fluorescent-lights-mercury-vapor-bulbs/-/zoo-med-24-repti-sun-100-fluorescent-bulb/ Remember to replace UVB bulbs according to the manufacturers recommendation after which time the bulb will no longer produce UVB even if visible light still is.",which,which,DET,PronType=Rel,28,29,time,time,NOUN,1,det,NONE,29:det,1,0,forward
9364,"So, to answer your question, no, if you just have a bulb that says it produces UVA then you do not have ""the sun's rays"" that your bearded needs.",that,that,PRON,PronType=Rel,16,17,says,say,VERB,1,nsubj,NONE,15:ref,1,0,forward
9364,"So, to answer your question, no, if you just have a bulb that says it produces UVA then you do not have ""the sun's rays"" that your bearded needs.",that,that,PRON,PronType=Rel,32,35,needs,need,VERB,3,obj,NONE,30:ref,1,0,forward
9366,The person at Petsmart is very wrong; in fact it is always a good idea to second guess what most pet store employees tell you; they don't have the best track record regarding giving reliable pet care info.,what,what,PRON,PronType=Rel,20,19,guess,guess,VERB,1,obj,NONE,19:obj;25:obj,2,0,backward
9369,"Bearded dragons are sight hunters, they need to see the food move to trigger a feeding response, especially when they are babies.",when,when,ADV,PronType=Int,21,24,babies,baby,NOUN,3,advmod,NONE,24:advmod,1,0,forward
9376,mm it depends on the size of his tank or cage or whatever you have him in..atleast as far as i'm concerned.,whatever,whatever,PRON,PronType=Rel,13,9,tank,tank,NOUN,4,conj,NONE,6:nmod:of;9:conj:or;15:obl:in,3,0,backward
9379,as to what the light provides it gives UV rays..which is important for health in lizards as it is in humans.,what,what,PRON,PronType=Int,3,6,provides,provide,VERB,3,obj,NONE,6:obj,1,0,forward
9379,as to what the light provides it gives UV rays..which is important for health in lizards as it is in humans.,which,which,PRON,PronType=Rel,12,14,important,important,ADJ,2,nsubj,NONE,8:ref,1,0,forward
9381,"Yes, it gives him the ""sun rays"" necessary, that's what UVA is.",what,what,PRON,PronType=Int,15,4,gives,give,VERB,11,parataxis,NONE,4:parataxis,1,0,backward
9384,"Also, Beardies often do not eat food that is not moving, so its anyone's guess whether or not he'll touch the freeze-dried crickets or the processed food.",that,that,PRON,PronType=Rel,9,12,moving,move,VERB,3,nsubj,NONE,8:ref,1,0,forward
9389,"I am making a christmas list for my parents and i was going to ask for a bird and these are the affordable ones that i like, and i was wondering : which would not bite alot, and which are more fun to have as pets AND I NEED TO KNOW WHICH WOULD BE QUIETEST i honestly dont care but my family does !",that,that,PRON,PronType=Rel,25,27,like,like,VERB,2,obj,NONE,24:ref,1,0,forward
9389,"I am making a christmas list for my parents and i was going to ask for a bird and these are the affordable ones that i like, and i was wondering : which would not bite alot, and which are more fun to have as pets AND I NEED TO KNOW WHICH WOULD BE QUIETEST i honestly dont care but my family does !",which,which,PRON,PronType=Int,34,37,bite,bite,VERB,3,nsubj,NONE,37:nsubj,1,0,forward
9389,"I am making a christmas list for my parents and i was going to ask for a bird and these are the affordable ones that i like, and i was wondering : which would not bite alot, and which are more fun to have as pets AND I NEED TO KNOW WHICH WOULD BE QUIETEST i honestly dont care but my family does !",which,which,PRON,PronType=Int,41,44,fun,fun,ADJ,3,nsubj,NONE,44:nsubj,1,0,forward
9389,"I am making a christmas list for my parents and i was going to ask for a bird and these are the affordable ones that i like, and i was wondering : which would not bite alot, and which are more fun to have as pets AND I NEED TO KNOW WHICH WOULD BE QUIETEST i honestly dont care but my family does !",WHICH,which,PRON,PronType=Int,54,57,QUIETEST,quiet,ADJ,3,nsubj,NONE,57:nsubj,1,0,forward
9391,oh and please say y one is better thx!!!!!!,y,why,ADV,Abbr=Yes|PronType=Int,5,8,better,good,ADJ,3,advmod,NONE,8:advmod,1,0,forward
9395,I did the same thing that you did for christmas.,that,that,PRON,PronType=Rel,6,8,did,do,VERB,2,obj,NONE,5:ref,1,0,forward
9403,I want a bird that I can hold and do tricks.,that,that,PRON,PronType=Rel,5,8,hold,hold,VERB,3,obj,NONE,4:ref,1,0,forward
9416,When choosing a parakeet look for a young one.,When,when,ADV,PronType=Int,1,2,choosing,choose,VERB,1,advmod,NONE,2:advmod,1,0,forward
9418,Look for a lot of stripes in their head that starts from the beak and goes back to the back fo the bird.,that,that,PRON,PronType=Rel,10,11,starts,start,VERB,1,nsubj,NONE,4:ref,1,0,forward
9426,"They sometimes dont get along (you know how some girls are lol hahahaahh but for real though, two girls tend to fight a lot.",how,how,ADV,PronType=Int,10,9,know,know,VERB,1,ccomp,NONE,9:ccomp,1,0,backward
9429,If you choose to get a parakeet this is a trick that I used to tame them.,that,that,PRON,PronType=Rel,12,14,used,use,VERB,2,obj,NONE,11:ref,1,0,forward
9430,"However if you plan on getting one, then get more than one at the same time they need company.",However,however,ADV,_,1,10,get,get,VERB,9,advmod,NONE,10:advmod,1,4,forward
9431,My mom told me how to tame them and I was very happy with the results.,how,how,ADV,PronType=Int,5,7,tame,tame,VERB,2,advmod,NONE,7:advmod,1,1,forward
9436,"1) When you get the bird, place him or her or them in the cage.",When,when,ADV,PronType=Int,3,5,get,get,VERB,2,advmod,NONE,5:advmod,1,0,forward
9446,"(do not take away the food dish from the birds, they will associate you as the person who takes away their food)....",who,who,PRON,PronType=Rel,20,21,takes,take,VERB,1,nsubj,NONE,19:ref,1,0,forward
9450,"When they see that you arnt harming them, the will go up on your finger when you say up.",When,when,ADV,PronType=Int,1,3,see,see,VERB,2,advmod,NONE,3:advmod,1,0,forward
9450,"When they see that you arnt harming them, the will go up on your finger when you say up.",when,when,ADV,PronType=Int,18,20,say,say,VERB,2,advmod,NONE,20:advmod,1,0,forward
9455,"After a couple of weeks mines knows when I say shoulder it means ot go on my sholder, when I say up it means to jump up on my finger, when I say up and out it means up on my finger and out of the cage.",when,when,ADV,PronType=Int,8,10,say,say,VERB,2,advmod,NONE,10:advmod,1,0,forward
9455,"After a couple of weeks mines knows when I say shoulder it means ot go on my sholder, when I say up it means to jump up on my finger, when I say up and out it means up on my finger and out of the cage.",when,when,ADV,PronType=Int,20,22,say,say,VERB,2,advmod,NONE,22:advmod,1,0,forward
9455,"After a couple of weeks mines knows when I say shoulder it means ot go on my sholder, when I say up it means to jump up on my finger, when I say up and out it means up on my finger and out of the cage.",when,when,ADV,PronType=Int,33,35,say,say,VERB,2,advmod,NONE,35:advmod,1,0,forward
9456,and when I say go home it means to go in the cage.,when,when,ADV,PronType=Int,2,4,say,say,VERB,2,advmod,NONE,4:advmod,1,0,forward
9460,And thats my reason why you should choose a parakeet over a finch.,why,why,ADV,PronType=Rel,6,9,choose,choose,VERB,3,advmod,NONE,5:ref,1,0,forward
9470,"We don't want it to be too cold (not sure when exactly there fall is... or what the weather is really like there during our autumn months), but we don't feel like we need to go right in the middle of summer either.",when,when,ADV,PronType=Int,13,12,sure,sure,ADJ,1,ccomp,NONE,12:ccomp,1,0,backward
9470,"We don't want it to be too cold (not sure when exactly there fall is... or what the weather is really like there during our autumn months), but we don't feel like we need to go right in the middle of summer either.",what,what,PRON,PronType=Int,20,13,when,when,ADV,7,conj,NONE,12:ccomp;13:conj:or,2,0,backward
9472,Can anyone give me an idea of when the best time for us to go to Ireland would be?,when,when,ADV,PronType=Int,8,6,idea,idea,NOUN,2,acl,NONE,6:acl:of,1,1,backward
9474,One thing you can be sure of about Irish weather is how little you can be sure of.,how,how,ADV,PronType=Int,12,13,little,little,ADJ,1,advmod,NONE,13:advmod,1,0,forward
9480,"The Irish weather works on the ‘four seasons in a day’ principle, which basic­ally means that you can’t predict a thing when it comes to the behaviour of the sky.",which,which,PRON,PronType=Rel,16,18,means,mean,VERB,2,nsubj,NONE,14:ref,1,0,forward
9480,"The Irish weather works on the ‘four seasons in a day’ principle, which basic­ally means that you can’t predict a thing when it comes to the behaviour of the sky.",when,when,ADV,PronType=Int,26,28,comes,come,VERB,2,advmod,NONE,28:advmod,1,0,forward
9481,"Some basic assumptions, however, can be made.",however,however,ADV,_,5,9,made,make,VERB,4,advmod,NONE,9:advmod,1,0,forward
9483,"It is also peak tourist season, which means there are far more people just about everywhere but the most remote corners of the island, and prices are at their highest.",which,which,PRON,PronType=Rel,8,9,means,mean,VERB,1,nsubj,NONE,6:ref,1,0,forward
9489,"Crowds are at their thinnest, but many of the country’s tourist attractions and services close down in October and don’t reopen until Easter, which paradoxically leaves visitors with a more convincing taste of how Ireland is experienced by most of the Irish: it’s cold, grey and dark by 5pm, but there’s always a pub to escape into when the rain starts sheeting down.",which,which,PRON,PronType=Rel,28,30,leaves,leave,VERB,2,nsubj,NONE,24:ref,1,0,forward
9489,"Crowds are at their thinnest, but many of the country’s tourist attractions and services close down in October and don’t reopen until Easter, which paradoxically leaves visitors with a more convincing taste of how Ireland is experienced by most of the Irish: it’s cold, grey and dark by 5pm, but there’s always a pub to escape into when the rain starts sheeting down.",how,how,ADV,PronType=Int,38,41,experienced,experience,VERB,3,advmod,NONE,41:advmod,1,0,forward
9489,"Crowds are at their thinnest, but many of the country’s tourist attractions and services close down in October and don’t reopen until Easter, which paradoxically leaves visitors with a more convincing taste of how Ireland is experienced by most of the Irish: it’s cold, grey and dark by 5pm, but there’s always a pub to escape into when the rain starts sheeting down.",when,when,ADV,PronType=Int,68,71,starts,start,VERB,3,advmod,NONE,71:advmod,1,0,forward
9490,"The thing to do is to bring the right clothing with you, clothes so you can layer up if it is cold and take off layers when it warms up.",when,when,ADV,PronType=Int,28,30,warms,warm,VERB,2,advmod,NONE,30:advmod,1,0,forward
9535,"If you have the room to separate the male(s) & females(s),& feed them well on live foods, (assuming that you are doing weekly 50% water changes) when you put them together they will leave a lot more eggs.",when,when,ADV,PronType=Int,39,41,put,put,VERB,2,advmod,NONE,41:advmod,1,0,forward
9544,Ironically sometimes it is wise to leave the newly picked eggs in fresh tap water with some chlorination to kill microscopic critters that ride in with the eggs.,that,that,PRON,PronType=Rel,23,24,ride,ride,VERB,1,nsubj,NONE,22:ref,1,0,forward
9556,"They include a number of minerals there and you can figure out what percentage of that would be your hardness minerals (calcium, magnesium and iron).",what,what,DET,PronType=Int,13,14,percentage,percentage,NOUN,1,det,NONE,14:det,1,0,forward
9558,However if there is a high level of sodium chloride (common salt) that can break down the chorion (shell) around the egg and allow critters to get in and eat the yoke and embryo.),However,however,ADV,_,1,17,break,break,VERB,16,advmod,NONE,17:advmod,1,2,forward
9559,Ironically sometimes it is wise to newly picked eggs in fresh tap water with some chlorination to kill microscopic critters that ride in with the eggs.,that,that,PRON,PronType=Rel,21,22,ride,ride,VERB,1,nsubj,NONE,20:ref,1,0,forward
9582,"Especially if you are planning to spend couple days with family and kids, which best suit you can select?",which,which,DET,PronType=Int,15,17,suit,suit,NOUN,2,det,NONE,17:det,1,0,forward
9590,"Whatever be the age, you will have the choice of variety of activities to forget about your hectic day-to-day activities.",Whatever,whatever,PRON,PronType=Int,1,8,have,have,VERB,7,advcl,NONE,8:advcl,1,0,forward
9612,"Off season is good, however, the Disney cruises are almost ALWAYS completely booked.",however,however,ADV,_,6,15,booked,book,VERB,9,advmod,NONE,15:advmod,1,0,forward
9615,"We REALLY enjoyed our balcony-- coffee in the mornings, drinks at night, standing outside when docking and leaving port-- however, it is quite a bit more expensive.",when,when,ADV,PronType=Int,18,19,docking,dock,VERB,1,advmod,NONE,19:advmod,1,0,forward
9615,"We REALLY enjoyed our balcony-- coffee in the mornings, drinks at night, standing outside when docking and leaving port-- however, it is quite a bit more expensive.",however,however,ADV,_,24,32,expensive,expensive,ADJ,8,advmod,NONE,32:advmod,1,1,forward
9623,You can also leave notes for the rest of your family (husband) about where you are at any given point.,where,where,ADV,PronType=Int,16,4,leave,leave,VERB,12,advcl,NONE,4:advcl:about,1,1,backward
9624,Cell phones do NOT work on board but they give you a 'walkie-talkie' kind of phone in your room that WILL work onboard.,that,that,PRON,PronType=Rel,24,26,work,work,VERB,2,nsubj,NONE,18:ref,1,0,forward
9625,Each evening you will get a 'magazine' called The Navigator which lists all of the activities for the next day.,which,which,PRON,PronType=Rel,13,14,lists,list,VERB,1,nsubj,NONE,8:ref,1,0,forward
9626,We always took ours to dinner and discussed what things we felt we 'had' to do and which ones we felt like skipping in lieu of just chilling.,what,what,DET,PronType=Int,9,10,things,thing,NOUN,1,det,NONE,10:det,1,0,forward
9626,We always took ours to dinner and discussed what things we felt we 'had' to do and which ones we felt like skipping in lieu of just chilling.,which,which,DET,PronType=Int,20,21,ones,one,NOUN,1,det,NONE,21:det,1,0,forward
9631,We had an inside cabin and it is what I would recommend.,what,what,PRON,PronType=Rel,9,2,had,have,VERB,7,conj,NONE,2:conj:and;12:obj,2,0,backward
9635,There is a splash fountain (no standing water) for little ones still in diapers; Next is a wading pool for those who are potty trained; Then a family pool; Finally there is a pool for adults only with kids not allowed.,who,who,PRON,PronType=Rel,25,28,trained,train,VERB,3,nsubj:pass,pass,24:ref,1,0,forward
9641,Obviously they had a full beverage list including alcohol for adults who wanted it.,who,who,PRON,PronType=Rel,12,13,wanted,want,VERB,1,nsubj,NONE,11:ref,1,0,forward
9653,"He always hugs me when he comes, but he gave me at least 5 tight, long, back rubbing hugs while he was there.",when,when,ADV,PronType=Int,5,7,comes,come,VERB,2,advmod,NONE,7:advmod,1,0,forward
9660,"So, I waited a week to call because I was busy and I wanted to have him come out on a day when I am more available in case we were to hang out after ;)",when,when,ADV,PronType=Rel,24,28,available,available,ADJ,4,advmod,NONE,23:ref,1,0,forward
9673,The only reason I switched away from them in the first place is because my good friend who apprenticed with them was starting out on his own.,who,who,PRON,PronType=Rel,18,19,apprenticed,apprentice,VERB,1,nsubj,NONE,17:ref,1,0,forward
9674,"However, he left my horse without a shoe for TWO WEEKS(now that's what I call a crap farrier).",However,however,ADV,_,1,4,left,leave,VERB,3,advmod,NONE,4:advmod,1,0,forward
9674,"However, he left my horse without a shoe for TWO WEEKS(now that's what I call a crap farrier).",what,what,PRON,PronType=Rel,17,4,left,leave,VERB,13,parataxis,NONE,4:parataxis;19:obj,2,0,backward
9675,"Which, I might add is the same foot that keeps crumbling with the nails.",Which,which,PRON,PronType=Rel,1,9,foot,foot,NOUN,8,nsubj,NONE,9:nsubj,1,0,forward
9675,"Which, I might add is the same foot that keeps crumbling with the nails.",that,that,PRON,PronType=Rel,10,11,keeps,keep,VERB,1,nsubj,NONE,9:ref,1,0,forward
9677,"Ok, calm down, it's not like he's some stranger that came up and groped me lol.",that,that,PRON,PronType=Rel,14,15,came,come,VERB,1,nsubj,NONE,13:ref,1,0,forward
9679,"I am 21, so yeah we were both kids when we knew each other!",when,when,ADV,PronType=Int,11,13,knew,know,VERB,2,advmod,NONE,13:advmod,1,0,forward
9683,"On the other hand, he could very easily just call me and say hey I'm busy right now, I'll call you when I can come out.",when,when,ADV,PronType=Int,26,29,come,come,VERB,3,advmod,NONE,29:advmod,1,0,forward
9700,When I was Younger In my early 20s My farrier was A hottie named Joby..( for those who don't Know I AM A GIRL read my Bio on my Page) dumb as a post about everything But horses..,When,when,ADV,PronType=Int,1,4,Younger,young,ADJ,3,advmod,NONE,4:advmod,1,0,forward
9700,When I was Younger In my early 20s My farrier was A hottie named Joby..( for those who don't Know I AM A GIRL read my Bio on my Page) dumb as a post about everything But horses..,who,who,PRON,PronType=Rel,20,23,Know,know,VERB,3,nsubj,NONE,19:ref,1,0,forward
9702,sorta wonder what it would have been like?,what,what,PRON,PronType=Int,4,3,wonder,wonder,VERB,1,ccomp,NONE,3:ccomp,1,0,backward
9707,Well 6 weeks Later when he came back out He was again working on my mares front Foot and I looked Down and Yeah he had Wholes In his pants In the wrong places I bust out Laughing and He was like what???,when,when,ADV,PronType=Int,5,7,came,come,VERB,2,advmod,NONE,7:advmod,1,0,forward
9707,Well 6 weeks Later when he came back out He was again working on my mares front Foot and I looked Down and Yeah he had Wholes In his pants In the wrong places I bust out Laughing and He was like what???,what,what,PRON,PronType=Int,44,42,was,be,AUX,2,ccomp,NONE,42:ccomp,1,0,backward
9710,But like i said nothing ever came of It.. the next time I saw him He had told Me he had To get married to a girl Who he worked with becuse he knocked Her Up..,Who,who,PRON,PronType=Rel,29,31,worked,work,VERB,2,obl,NONE,28:ref,1,0,forward
9716,"This is, after all, his business, and if he wants you to remain a customer why on earth is he doing shoddy work?",why,why,ADV,PronType=Int,19,24,doing,do,VERB,5,advmod,NONE,24:advmod,1,0,forward
9721,Here's what the owner has said:,what,what,PRON,PronType=Rel,3,1,Here,here,ADV,2,nsubj,NONE,1:nsubj;7:obj,2,0,backward
9722,I have a 5 year old that lost all of his cheek muscle on the right side about 3-4 months ago.,that,that,PRON,PronType=Rel,7,8,lost,lose,VERB,1,nsubj,NONE,6:ref,1,0,forward
9723,"I chalked it up to possible nerve damage, because this is what the vet thought and the other cheek muscle was fine and he had no theeth problems.",what,what,PRON,PronType=Rel,13,2,chalked,chalk,VERB,11,advcl,NONE,2:advcl:because;16:obj,2,1,backward
9730,The only neurological sign that he shows is that he barely drags his toes and sometimes has trouble with his right lead.,that,that,PRON,PronType=Rel,5,7,shows,show,VERB,2,obj,NONE,4:ref,1,0,forward
9732,I CANNOT afford to treat whatever is wrong with him.,whatever,whatever,PRON,PronType=Int,7,9,wrong,wrong,ADJ,2,nsubj,NONE,9:nsubj,1,0,forward
9737,So I might get the horse and see what I can do.,what,what,PRON,PronType=Int,9,12,do,do,VERB,3,obj,NONE,12:obj,1,0,forward
9750,This is a horse that I otherwise wouldn't be able to afford and even if I spend 2K and treatment I come out ahead of his purchase price.,that,that,PRON,PronType=Rel,5,13,afford,afford,VERB,8,obj,NONE,4:ref,1,2,forward
9751,"I posted what the owner as said in paragraph 2 & 3, that is not me to clarify.",what,what,PRON,PronType=Int,3,7,said,say,VERB,4,obj,NONE,7:obj,1,0,forward
9752,She is the one that can't afford to do anything else for him in case he doesn't recover fully.,that,that,PRON,PronType=Rel,5,8,afford,afford,VERB,3,nsubj,NONE,4:ref,1,0,forward
9757,The owner is the one who is unable.,who,who,PRON,PronType=Rel,6,8,unable,unable,ADJ,2,nsubj,NONE,5:ref,1,0,forward
9758,I will also be having my other vet up who's a chiro & acupuncturist to evaluate him for wobblers.,who,who,PRON,PronType=Rel,10,13,chiro,chiro,NOUN,3,nsubj,NONE,8:ref,1,0,forward
9760,"He's only exhibited weight loss and some muscle atrophy, with the slight toe drag and a bit of trouble with the right lead (which could or couldn't be related).",which,which,PRON,PronType=Rel,27,33,related,related,ADJ,6,nsubj,NONE,19:ref,1,0,forward
9769,At the same time I do know people who have had horses come back successfully after EPM.,who,who,PRON,PronType=Rel,9,11,had,have,VERB,2,nsubj,NONE,8:ref,1,0,forward
9775,The chiro/acupuncturist will be there to evaluate the horse for wobblers which is often caused by spinal compression and can be confused with EPM.,which,which,PRON,PronType=Rel,14,17,caused,cause,VERB,3,nsubj:pass,pass,13:ref,1,0,forward
9779,I do think some Y!A users need to work on their reading comprehension as I can't comprehend how taking a horse in as a rescue and getting it qualified medical treatment is abuse.,how,how,ADV,PronType=Int,19,34,abuse,abuse,NOUN,15,advmod,NONE,34:advmod,1,0,forward
9782,If so go for it and I'll give you all the moral support I can as you figure out what is up.,what,what,PRON,PronType=Int,21,23,up,up,ADV,2,nsubj,NONE,23:nsubj,1,0,forward
9792,I can say all of our EPM horses were treated early when they were showing mild signs like Shee gave and all returned to racing.,when,when,ADV,PronType=Int,12,15,showing,show,VERB,3,advmod,NONE,15:advmod,1,0,forward
9794,We've always liked big long trotters that do better on mile tracks then 1/2 mile.,that,that,PRON,PronType=Rel,8,9,do,do,VERB,1,nsubj,NONE,7:ref,1,0,forward
9798,MSU does a lot of EPM studies because of how common it is here.,how,how,ADV,PronType=Rel,10,11,common,common,ADJ,1,advmod,NONE,11:advmod,1,0,forward
9804,Let us know what you decide to do.,what,what,PRON,PronType=Int,4,8,do,do,VERB,4,obj,NONE,8:obj,1,2,forward
9808,"If you have a good repoire (which I'm sure you do) with them, they should be honest on if this horse is fixable to any degree... not really sure what you want to do with him...",which,which,PRON,PronType=Rel,8,11,sure,sure,ADJ,3,ccomp,NONE,3:ref,1,0,forward
9808,"If you have a good repoire (which I'm sure you do) with them, they should be honest on if this horse is fixable to any degree... not really sure what you want to do with him...",what,what,PRON,PronType=Int,35,39,do,do,VERB,4,obj,NONE,39:obj,1,2,forward
9809,"Even if you can figure out what is wrong with this poor poneh, there is always the chance for remission and then relapse so you may have to do deal with again in the future.",what,what,PRON,PronType=Int,7,9,wrong,wrong,ADJ,2,nsubj,NONE,9:nsubj,1,0,forward
9818,"Who knows what the future might hold, and it might be expensive?",Who,who,PRON,PronType=Int,1,2,knows,know,VERB,1,nsubj,NONE,2:nsubj,1,0,forward
9818,"Who knows what the future might hold, and it might be expensive?",what,what,PRON,PronType=Int,3,7,hold,hold,VERB,4,obj,NONE,7:obj,1,0,forward
9821,They did a very bad job with my hair and were extremely rude when I went back to ask them why it didn't work for my hair.,when,when,ADV,PronType=Int,14,16,went,go,VERB,2,advmod,NONE,16:advmod,1,0,forward
9821,They did a very bad job with my hair and were extremely rude when I went back to ask them why it didn't work for my hair.,why,why,ADV,PronType=Int,21,25,work,work,VERB,4,advmod,NONE,25:advmod,1,0,forward
9825,"He didnt prescribe pain meds or other drugs, he used his bodytalk method which is unusual but the results are undeniable.",which,which,PRON,PronType=Rel,16,18,unusual,unusual,ADJ,2,nsubj,NONE,15:ref,1,0,forward
9827,He knows what hes doing.,what,what,PRON,PronType=Int,3,6,doing,do,VERB,3,obj,NONE,6:obj,1,0,forward
9830,Cj and company did all that we ask and 10 times more.,that,that,PRON,PronType=Rel,6,8,ask,ask,VERB,2,obj,NONE,5:ref,1,0,forward
9832,If you need a cater that is affordable and easy to work with they are the ones.,that,that,PRON,PronType=Rel,6,8,affordable,affordable,ADJ,2,nsubj,NONE,5:ref,1,0,forward
9843,Never had a problem with the staff and found them very helpful when something went wrong.,when,when,ADV,PronType=Int,13,15,went,go,VERB,2,advmod,NONE,15:advmod,1,0,forward
9849,The real testament is not in how much she likes your animals but how much they like her.,how,how,ADV,PronType=Int,7,8,much,much,ADV,1,advmod,NONE,8:advmod,1,0,forward
9849,The real testament is not in how much she likes your animals but how much they like her.,how,how,ADV,PronType=Int,14,15,much,much,ADV,1,advmod,NONE,15:advmod,1,0,forward
9875,I will be happy if they can serve when food is piping hot.,when,when,ADV,PronType=Int,9,13,hot,hot,ADJ,4,advmod,NONE,13:advmod,1,0,forward
9886,My infant is content everyday when I drop off and pick up.,when,when,ADV,PronType=Int,7,9,drop,drop,VERB,2,advmod,NONE,9:advmod,1,0,forward
9890,How rare!,How,how,ADV,PronType=Int,1,2,rare,rare,ADJ,1,advmod,NONE,2:advmod,1,0,forward
9914,How else can excellent be described for a business of this sort?,How,how,ADV,PronType=Int,1,6,described,describe,VERB,5,advmod,NONE,6:advmod,1,0,forward
9930,"It has to be one of the nicest pubs that i have been into in a long time, the decor is nice and it has a really nice garden and a lovely decking area.",that,that,PRON,PronType=Rel,10,9,pubs,pub,NOUN,1,acl:relcl,relcl,9:acl:relcl,1,0,backward
9931,Good beer good service and what more could you want.,what,what,PRON,PronType=Int,6,10,want,want,VERB,4,obj,NONE,10:obj,1,0,forward
9950,I am very pleased with the tattoos that I revived from them.,that,that,PRON,PronType=Rel,8,10,revived,revive,VERB,2,obj,NONE,7:ref,1,0,forward
9969,"They close whenever they feel like it, often well before their listed closing time.",whenever,whenever,ADV,PronType=Rel,3,2,close,close,VERB,1,advmod,NONE,2:advmod;5:advmod,2,0,backward
9974,Where else can you go for $10 and recieve this treatment?!,Where,where,ADV,PronType=Int,1,5,go,go,VERB,4,advmod,NONE,5:advmod,1,0,forward
9976,Who can pass up a hot towel and a straight edge neck shave!,Who,who,PRON,PronType=Int,1,3,pass,pass,VERB,2,nsubj,NONE,3:nsubj,1,0,forward
9992,It is the attention to detail and the quality of the work taught at TomiPilates that sets this studio apart from the others.,that,that,PRON,PronType=Rel,16,17,sets,set,VERB,1,nsubj,NONE,4:ref,1,0,forward
9998,"Additionally, when there was confusion (my fault), they left me flowers along with a personalized gift.",when,when,ADV,PronType=Int,3,5,was,be,VERB,2,advmod,NONE,5:advmod,1,0,forward
10008,There are three Starbucks locations that I frequent.,that,that,PRON,PronType=Rel,6,8,frequent,frequent,VERB,2,obj,NONE,5:ref,1,0,forward
10018,"Overall, Joe is a happy camper who has found a great spot.",who,who,PRON,PronType=Rel,8,10,found,find,VERB,2,nsubj,NONE,7:ref,1,0,forward
10028,"Westfield and Rt 1 do it well, WHY CANT U????",WHY,why,ADV,PronType=Int,9,10,CA,can,AUX,1,advmod,NONE,10:advmod,1,0,forward
10032,Nothing compares to a home made product that really stands the test of time. -,that,that,PRON,PronType=Rel,8,10,stands,stand,VERB,2,nsubj,NONE,7:ref,1,0,forward
10068,Theres a reason why Frank mcclelland was named best chef of the north east reigon.,why,why,ADV,PronType=Rel,5,9,named,name,VERB,4,advmod,NONE,4:ref,1,0,forward
10071,The waiting staff is beyond impeccable (they refold your napkin when you go to the bathroom).,when,when,ADV,PronType=Int,12,14,go,go,VERB,2,advmod,NONE,14:advmod,1,0,forward
10073,"I didn't end up buying my car here, but I did think the guy who worked with me was pretty cool - he was willing to budge a little on the price which means a lot to me.",who,who,PRON,PronType=Rel,17,18,worked,work,VERB,1,nsubj,NONE,16:ref,1,0,forward
10073,"I didn't end up buying my car here, but I did think the guy who worked with me was pretty cool - he was willing to budge a little on the price which means a lot to me.",which,which,PRON,PronType=Rel,35,36,means,mean,VERB,1,nsubj,NONE,27:ref,1,0,forward
10077,"Their selection is random, so what they have on a given week might never be available again at the store.",what,what,PRON,PronType=Rel,7,17,available,available,ADJ,10,nsubj,NONE,9:obj;17:nsubj,2,1,forward
10082,I'ma soccer mom so I wasn't sure what I was looking for when it comes to dancewear.,what,what,PRON,PronType=Int,11,14,looking,look,VERB,3,obl,NONE,14:obl:for,1,0,forward
10082,I'ma soccer mom so I wasn't sure what I was looking for when it comes to dancewear.,when,when,ADV,PronType=Int,16,18,comes,come,VERB,2,advmod,NONE,18:advmod,1,0,forward
10083,The staff was very helpful and gave me exactly what I needed for my first time ballerina.,what,what,PRON,PronType=Rel,10,7,gave,give,VERB,3,obj,NONE,7:obj;12:obj,2,0,backward
10090,Thanks for doing such great work on my important pieces of clothing that always look great!,that,that,PRON,PronType=Rel,13,15,look,look,VERB,2,nsubj,NONE,10:ref,1,0,forward
10110,"However, during the test, they did whatever they can to get my test failed.",However,however,ADV,_,1,8,did,do,VERB,7,advmod,NONE,8:advmod,1,0,forward
10110,"However, during the test, they did whatever they can to get my test failed.",whatever,whatever,PRON,PronType=Rel,9,8,did,do,VERB,1,obj,NONE,8:obj,1,0,backward
10117,The dude who grills the retarded dogs is rude.,who,who,PRON,PronType=Rel,3,4,grills,grill,VERB,1,nsubj,NONE,2:ref,1,0,forward
10118,"If this is the best that Tucson has to offer, I am outta here...",that,that,PRON,PronType=Rel,6,10,offer,offer,VERB,4,obj,NONE,5:ref,1,2,forward
10126,What you get is a $13/day charge to access the internet through a slow 512/512kb/s that you can only use to check email etc (Read: No downloading).,What,what,PRON,PronType=Rel,1,10,charge,charge,NOUN,9,nsubj,NONE,3:obj;10:nsubj,2,1,forward
10126,What you get is a $13/day charge to access the internet through a slow 512/512kb/s that you can only use to check email etc (Read: No downloading).,that,that,PRON,PronType=Rel,24,28,use,use,VERB,4,obj,NONE,21:ref,1,0,forward
10151,She continues to help me when needed even if I have a service question.,when,when,ADV,PronType=Int,6,7,needed,need,VERB,1,advmod,NONE,7:advmod,1,0,forward
10152,Since I'm usually at work late Deb has stayed around to help me out when needed.,when,when,ADV,PronType=Int,16,17,needed,need,VERB,1,advmod,NONE,17:advmod,1,0,forward
10157,"Try their weekend ""tastings"" which you can learn about by getting on their weekly email list.",which,which,PRON,PronType=Rel,7,10,learn,learn,VERB,3,obl,NONE,5:ref,1,0,forward
10161,I go every other week for the shallac/gel manicure which is only $25 and it truly lasts 2 weeks!,which,which,PRON,PronType=Rel,12,15,$,$,SYM,3,nsubj,NONE,11:ref,1,0,forward
10181,"Hopless service, at the time of booking my car a lot was promised but delivered not even one tenth of what was promised.",what,what,PRON,PronType=Rel,22,20,tenth,tenth,NOUN,2,nmod,NONE,20:nmod:of;24:nsubj:pass,2,0,backward
10202,went in there and got my dog groomed came home to an uneven dog then took him back to get evened up what a mistake!,what,what,PRON,PronType=Int,23,25,mistake,mistake,NOUN,2,det:predet,predet,25:det:predet,1,0,forward
10203,she didnt even let me finish a sentence without insulting me and telling me how i should have said it!,how,how,ADV,PronType=Int,16,20,said,say,VERB,4,advmod,NONE,20:advmod,1,0,forward
10218,Someone else I found that said they could do it but wanted to charge me more and give me less warranty.,that,that,PRON,PronType=Rel,5,6,said,say,VERB,1,nsubj,NONE,1:ref,1,0,forward
10242,We were very happy how clean looked our windows.,how,how,ADV,PronType=Int,5,6,clean,clean,ADJ,1,advmod,NONE,6:advmod,1,0,forward
10253,I have gone there time and time again whenever I need to get my hair done or when I want a haircut.,whenever,whenever,ADV,PronType=Rel,9,3,gone,go,VERB,6,advmod,NONE,3:advmod;11:advmod,2,1,backward
10253,I have gone there time and time again whenever I need to get my hair done or when I want a haircut.,when,when,ADV,PronType=Int,18,20,want,want,VERB,2,advmod,NONE,20:advmod,1,0,forward
10254,"When I get my hair done there, they use enough hairstyling products while it does not ruin your hair.",When,when,ADV,PronType=Int,1,3,get,get,VERB,2,advmod,NONE,3:advmod,1,0,forward
10258,"No matter what state I am in when I arrive, I always leave feeling better.",what,what,DET,PronType=Int,3,4,state,state,NOUN,1,det,NONE,4:det,1,0,forward
10258,"No matter what state I am in when I arrive, I always leave feeling better.",when,when,ADV,PronType=Int,8,10,arrive,arrive,VERB,2,advmod,NONE,10:advmod,1,0,forward
10262,"What a fantastic store, I love this place.",What,what,DET,PronType=Int,1,4,store,store,NOUN,3,det:predet,predet,4:det:predet,1,0,forward
10263,Not the same old stuff that all the other stores have.,that,that,PRON,PronType=Rel,6,11,have,have,VERB,5,obj,NONE,5:ref,1,0,forward
10265,"They also have the best tea I ever had, not at all like the junk you get at the grocery stores, I stock up when ever there because they are closed in the winter.",when,whenever,ADV,PronType=Rel|Typo=Yes,27,25,stock,stock,VERB,2,advmod,NONE,25:advmod;29:advmod,2,0,backward
10273,"He was prompt, knowledgable, friendly, clean and just an overall great guy who obviously cares about his business.",who,who,PRON,PronType=Rel,16,18,cares,care,VERB,2,nsubj,NONE,15:ref,1,0,forward
10274,I will reccommend his services however/whenever possible!,however,however,ADV,PronType=Rel,6,3,reccommend,recommend,VERB,3,advmod,NONE,3:advmod;9:advmod,2,0,backward
10274,I will reccommend his services however/whenever possible!,whenever,whenever,ADV,PronType=Rel,8,6,however,however,ADV,2,conj,NONE,3:advmod;6:conj;9:advmod,3,0,backward
10277,I tell them: why not just go with these guys?,why,why,ADV,PronType=Int,5,8,go,go,VERB,3,advmod,NONE,8:advmod,1,0,forward
10286,I called them for an estimate and they INSULTED ME WHEN I ASK THEM QUESTIONS.,WHEN,when,ADV,PronType=Int,11,13,ASK,ask,VERB,2,advmod,NONE,13:advmod,1,0,forward
10291,I am hiring them to come once a week now that they got my house to where they can maintain it for only an hour and a half every two weeks!,where,where,ADV,PronType=Rel,17,13,got,get,VERB,4,obl,NONE,13:obl:to;20:advmod,2,0,backward
10293,"Beats having one ""cleaning lady"" who took twice as long and did not do a very through job like the ""maids"" did!",who,who,PRON,PronType=Rel,8,9,took,take,VERB,1,nsubj,NONE,6:ref,1,0,forward
10295,Especially high end keep sake sort of clothing that you just cant find in a lot of stores.,that,that,PRON,PronType=Rel,9,14,find,find,VERB,5,obj,NONE,6:ref,1,0,forward
10298,Afterall she will only be a baby for so long I figure why not enjoy it.,why,why,ADV,PronType=Int,14,16,enjoy,enjoy,VERB,2,advmod,NONE,16:advmod,1,0,forward
10312,I also ordered the Neptune Platter which was awesome... so this place gets 5 out of 5 stars.,which,which,PRON,PronType=Rel,7,9,awesome,awesome,ADJ,2,nsubj,NONE,6:ref,1,0,forward
10319,"Cold, slimy, tasteless however is the same in all languages and foods.",however,however,ADV,_,6,9,same,same,ADJ,3,advmod,NONE,9:advmod,1,0,forward
10321,How do these places stay in business.,How,how,ADV,PronType=Int,1,5,stay,stay,VERB,4,advmod,NONE,5:advmod,1,0,forward
10355,"Got the crab rangoon which was great, tofu with cabbage which was spicy but good and shrimp satay which was also good.",which,which,PRON,PronType=Rel,5,7,great,great,ADJ,2,nsubj,NONE,4:ref,1,0,forward
10355,"Got the crab rangoon which was great, tofu with cabbage which was spicy but good and shrimp satay which was also good.",which,which,PRON,PronType=Rel,12,14,spicy,spicy,ADJ,2,nsubj,NONE,9:ref,1,0,forward
10355,"Got the crab rangoon which was great, tofu with cabbage which was spicy but good and shrimp satay which was also good.",which,which,PRON,PronType=Rel,20,23,good,good,ADJ,3,nsubj,NONE,19:ref,1,0,forward
10357,Bea was really nice and asked how the food was.,how,how,ADV,PronType=Int,7,6,asked,ask,VERB,1,ccomp,NONE,6:ccomp,1,0,backward
10360,"However, I still like this place a lot.",However,however,ADV,_,1,5,like,like,VERB,4,advmod,NONE,5:advmod,1,0,forward
10364,"It used to be fabulous, why did you guys change it??",why,why,ADV,PronType=Int,7,11,change,change,VERB,4,advmod,NONE,11:advmod,1,1,forward
10377,My skylight was making a horrible noise when the wind blew.,when,when,ADV,PronType=Int,8,11,blew,blow,VERB,3,advmod,NONE,11:advmod,1,0,forward
10379,He also inspected my entie roof to see if there was anything else that needed attention.,that,that,PRON,PronType=Rel,14,15,needed,need,VERB,1,nsubj,NONE,12:ref,1,0,forward
10381,"When the next hailstorm blows through, I will not hesitate to contact James at Team Texas Construction.",When,when,ADV,PronType=Int,1,5,blows,blow,VERB,4,advmod,NONE,5:advmod,1,0,forward
10384,To my surprise $20 deposit.... New movies not on shelf..under the counter for Telugu Speaking people only... or people who spend $30 or more groceries..,who,who,PRON,PronType=Rel,25,26,spend,spend,VERB,1,nsubj,NONE,24:ref,1,0,forward
10396,FITNESS UNLIMITED is a second home to a lot of us gym members who work out daily.,who,who,PRON,PronType=Rel,14,15,work,work,VERB,1,nsubj,NONE,11:ref,1,0,forward
10398,This is the most humble gym you will every step into.... if you dare to work on your body don't be surprised when you see how addicting going to FITNESS UNLIMITED can be!!,when,when,ADV,PronType=Int,25,27,see,see,VERB,2,advmod,NONE,27:advmod,1,0,forward
10398,This is the most humble gym you will every step into.... if you dare to work on your body don't be surprised when you see how addicting going to FITNESS UNLIMITED can be!!,how,how,ADV,PronType=Int,28,29,addicting,addicting,ADJ,1,advmod,NONE,29:advmod,1,0,forward
10411,When i say jiu-jitsu or mma i mean it!,When,when,ADV,PronType=Int,1,3,say,say,VERB,2,advmod,NONE,3:advmod,1,0,forward
10413,When you come to ncfa you will see a real instructor that teaches and trains everyday!,When,when,ADV,PronType=Int,1,3,come,come,VERB,2,advmod,NONE,3:advmod,1,0,forward
10413,When you come to ncfa you will see a real instructor that teaches and trains everyday!,that,that,PRON,PronType=Rel,12,13,teaches,teach,VERB,1,nsubj,NONE,11:ref,1,0,forward
10424,How these guys can get away with being so rude with people is mind blowing.,How,how,ADV,PronType=Int,1,5,get,get,VERB,4,advmod,NONE,5:advmod,1,0,forward
10451,But the menu had standard stuff that one would get at a Belgian Tavern.,that,that,PRON,PronType=Rel,7,10,get,get,VERB,3,obj,NONE,6:ref,1,0,forward
10458,Plus she plans a monthly breakfasts and other events at the clubhouse which is a nice added benefit.,which,which,PRON,PronType=Rel,13,18,benefit,benefit,NOUN,5,nsubj,NONE,3:ref,1,0,forward
10462,"One guy is a little surley, but who gives a crap as long as your car's work is outstanding.",who,who,PRON,PronType=Int,9,10,gives,give,VERB,1,nsubj,NONE,10:nsubj,1,0,forward
10467,"A bit pricey, so I didn't go very often, but it was always a treat when I did.",when,when,ADV,PronType=Int,19,21,did,do,AUX,2,advmod,NONE,21:advmod,1,0,forward
10468,The prices were worth what I got.,what,what,PRON,PronType=Rel,5,4,worth,worth,ADJ,1,obj,NONE,4:obj;7:obj,2,0,backward
10472,"What I love most about this place, other than the food, is that eating here makes you feel like you're in a small town rather than Baltimore.",What,what,PRON,PronType=Rel,1,18,makes,make,VERB,17,nsubj:outer,outer,3:obj;18:nsubj:outer,2,2,forward
10478,Don't even get me started on how expensive it is to drink there.,how,how,ADV,PronType=Int,8,9,expensive,expensive,ADJ,1,advmod,NONE,9:advmod,1,0,forward
10485,"I was feeling the need for some fish so I had the salmon which was very good but the steaks looked amazing and if I am in town again, I'll definitely order a steak.",which,which,PRON,PronType=Rel,14,17,good,good,ADJ,3,nsubj,NONE,13:ref,1,0,forward
10490,"They interviewed me, gave me tests in the software I included on my resume, and placed me in a position that I kept for several years.",that,that,PRON,PronType=Rel,23,25,kept,keep,VERB,2,obj,NONE,22:ref,1,0,forward
10509,"I wish I had you as my dentist early on in my life - maybe my teeth would have been a lot better then they are now, However I am glad you are my dentist now.",However,however,ADV,_,29,32,glad,glad,ADJ,3,advmod,NONE,32:advmod,1,0,forward
10521,"I called and asked about the price for hair updo and the receptionist or owner who aswered the phone refused to tell me, or even just give me an approximate price range.",who,who,PRON,PronType=Rel,16,17,aswered,answer,VERB,1,nsubj,NONE,13:ref,1,0,forward
10523,What kind of rude service is that?,What,what,DET,PronType=Int,1,2,kind,kind,NOUN,1,det,NONE,2:det,1,0,forward
10536,Boutique stores dealing in children's clothing/gifts are often outrageously priced (who wants to pay 40 dollars for a newborn onesie?),who,who,PRON,PronType=Int,15,16,wants,want,VERB,1,nsubj,NONE,16:nsubj;18:nsubj:xsubj,2,0,forward
10549,This is an awesome date spot that the area SERIOUSLY needs.,that,that,PRON,PronType=Rel,7,11,needs,need,VERB,4,obj,NONE,6:ref,1,0,forward
10570,I was saddened to see the reviews that claimed World Hats Mart has poor service.,that,that,PRON,PronType=Rel,8,9,claimed,claim,VERB,1,nsubj,NONE,7:ref,1,0,forward
10572,The husband and wife who run this spot are lovely people.,who,who,PRON,PronType=Rel,5,6,run,run,VERB,1,nsubj,NONE,2:ref,1,0,forward
10591,"I generally like the BK over the other fast serving restaurants; however, I regreted to visit this restaurant at my town.",however,however,ADV,_,13,16,regreted,regret,VERB,3,advmod,NONE,16:advmod,1,0,forward
10596,"Don't go, or you will learn how to waste your money.",how,how,ADV,PronType=Int,9,11,waste,waste,VERB,2,advmod,NONE,11:advmod,1,1,forward
10606,Their sense of humour and calmness when dealing with the little ones amazes me every time I walk in.,when,when,ADV,PronType=Int,7,8,dealing,deal,VERB,1,advmod,NONE,8:advmod,1,0,forward
10619,They were very friendly and were able to explain me exactly what was wrong with it.,what,what,PRON,PronType=Int,12,14,wrong,wrong,ADJ,2,nsubj,NONE,14:nsubj,1,0,forward
10633,Both were excellent sales men who put my needs first.,who,who,PRON,PronType=Rel,6,7,put,put,VERB,1,nsubj,NONE,5:ref,1,0,forward
10640,"Stephanie's knowledge of the market and properties in our price range, made us feel secure in our decision to buy when we did.",when,when,ADV,PronType=Int,23,25,did,do,AUX,2,advmod,NONE,25:advmod,1,0,forward
10644,"Firstly, the other reviewer clearly has never been to Nick's, or he would know that Nick only charges $13 for a haircut which is pretty much industry standard.",which,which,PRON,PronType=Rel,27,32,standard,standard,NOUN,5,nsubj,NONE,21:ref,1,0,forward
10647,"Some of the younger kids that work there are a bit sub par, but if you wait for Nick... you'll be good.",that,that,PRON,PronType=Rel,6,7,work,work,VERB,1,nsubj,NONE,5:ref,1,0,forward
10673,"Dave is a patient and methodical teacher, who has a great ear and sensitivity for his students' passion and the direction they want their lessons to take.",who,who,PRON,PronType=Rel,9,10,has,have,VERB,1,nsubj,NONE,7:ref,1,0,forward
10676,"In just 2-3 focused lessons, I'm already now capable of picking up new songs off YouTube guitar how to videos and am even writing my own orginals with confidence!",how,how,ADV,PronType=Int,22,23,to,to,PART,1,advmod,NONE,23:advmod,1,0,forward
10680,Everything was done on a timely manner and things were cleaned and picked up every day when the crew was done.,when,when,ADV,PronType=Int,17,21,done,done,ADJ,4,advmod,NONE,21:advmod,1,0,forward
10681,We also liked the way that Ray checked on the job everyday.,that,that,PRON,PronType=Rel,6,8,checked,check,VERB,2,obl:unmarked,unmarked,5:ref,1,0,forward
10682,And when the job was done every thing was cleaned up and hauled off that same day.,when,when,ADV,PronType=Int,2,6,done,done,ADJ,4,advmod,NONE,6:advmod,1,0,forward
10686,"I FUCKING HATE THIS PLACE EVERY TIME i GO THIS HOT CHICK SHOWS UP AND i MEAN REALLY HOT BUT SHE IS LIKE REAAAALLY DUMB AND THEN THEIR IS THIS OTHER CHICK THAT IS REALY UGLY BUT SHE IS LIKE SUPER SMART SHE COULD BE A SCIENTIST, BUT THEN THEIR IS THIS STONER WHO ALWAYS COMES HERE HIGH AND HE ALWAYS BRINGS HIS FUCKING DOG WHO IS SO HIGH FROM THE SECOND HAND SMOKE I THINK HE IS TRYING TO TALK.",THAT,that,PRON,PronType=Rel,33,36,UGLY,ugly,ADJ,3,nsubj,NONE,32:ref,1,0,forward
10686,"I FUCKING HATE THIS PLACE EVERY TIME i GO THIS HOT CHICK SHOWS UP AND i MEAN REALLY HOT BUT SHE IS LIKE REAAAALLY DUMB AND THEN THEIR IS THIS OTHER CHICK THAT IS REALY UGLY BUT SHE IS LIKE SUPER SMART SHE COULD BE A SCIENTIST, BUT THEN THEIR IS THIS STONER WHO ALWAYS COMES HERE HIGH AND HE ALWAYS BRINGS HIS FUCKING DOG WHO IS SO HIGH FROM THE SECOND HAND SMOKE I THINK HE IS TRYING TO TALK.",WHO,who,PRON,PronType=Rel,55,57,COMES,come,VERB,2,nsubj,NONE,54:ref,1,0,forward
10686,"I FUCKING HATE THIS PLACE EVERY TIME i GO THIS HOT CHICK SHOWS UP AND i MEAN REALLY HOT BUT SHE IS LIKE REAAAALLY DUMB AND THEN THEIR IS THIS OTHER CHICK THAT IS REALY UGLY BUT SHE IS LIKE SUPER SMART SHE COULD BE A SCIENTIST, BUT THEN THEIR IS THIS STONER WHO ALWAYS COMES HERE HIGH AND HE ALWAYS BRINGS HIS FUCKING DOG WHO IS SO HIGH FROM THE SECOND HAND SMOKE I THINK HE IS TRYING TO TALK.",WHO,who,PRON,PronType=Rel,67,70,HIGH,high,ADJ,3,nsubj,NONE,66:ref,1,0,forward
10698,The whole experience shows a hotel managed by what must be a 2 star hotel manager.,what,what,PRON,PronType=Rel,9,7,managed,manage,VERB,2,obl:agent,agent,7:obl:agent;16:nsubj,2,0,backward
10703,"I lived here for two years when the prices were a little lower :) The places are very nice and clean, and in great condition!",when,when,ADV,PronType=Int,7,13,lower,low,ADJ,6,advmod,NONE,13:advmod,1,1,forward
10706,"The only problem that I had in 2 years of living there was that the walls are pretty thin, sometimes I could here my neighbors conversations.",that,that,PRON,PronType=Rel,4,6,had,have,VERB,2,obj,NONE,3:ref,1,0,forward
10714,The service department even gave me a ride home and picked me up when my car was finished.,when,when,ADV,PronType=Int,14,18,finished,finished,ADJ,4,advmod,NONE,18:advmod,1,0,forward
10736,"It is a bustling place where separate parties are seated at the same table (as in many European cafes), but if you are OK with that, the food is very good.",where,where,ADV,PronType=Rel,6,10,seated,seat,VERB,4,advmod,NONE,5:ref,1,0,forward
10744,Chicken saltimboca was excellent and then there's the chocolate mousse that comes straight from heaven.,that,that,PRON,PronType=Rel,12,13,comes,come,VERB,1,nsubj,NONE,11:ref,1,0,forward
10748,The auto mechanics that work for Auto Towing are very friendly and informative and answered any question I had.,that,that,PRON,PronType=Rel,4,5,work,work,VERB,1,nsubj,NONE,3:ref,1,0,forward
10750,"If you are looking for towing services that can offer you a good towed car service, then Auto Towing is the company for you.",that,that,PRON,PronType=Rel,8,10,offer,offer,VERB,2,nsubj,NONE,7:ref,1,0,forward
10754,"Not only were my wife and I very pleased, but I also had the air duct quality tested professionally by the home inspector that I regularly use, before and after United Air Duct performed their work.",that,that,PRON,PronType=Rel,25,28,use,use,VERB,3,obj,NONE,24:ref,1,0,forward
10779,"I am saying when comparing all other hotels in Wildwood, this hotel has everything that we are looking for.",when,when,ADV,PronType=Int,4,5,comparing,compare,VERB,1,advmod,NONE,5:advmod,1,0,forward
10779,"I am saying when comparing all other hotels in Wildwood, this hotel has everything that we are looking for.",that,that,PRON,PronType=Rel,16,19,looking,look,VERB,3,obl,NONE,15:ref,1,0,forward
10780,"It is the hospitality from Tom and staff, that makes it feel like a 5 star hotel in the middle of the beach.",that,that,PRON,PronType=Rel,10,11,makes,make,VERB,1,nsubj,NONE,4:ref,1,0,forward
10784,They are and always will be the nicest people in Sicily that you will meet.,that,that,PRON,PronType=Rel,12,15,meet,meet,VERB,3,obj,NONE,9:ref,1,0,forward
10786,"You will also have the experience of learning the bella Sicilian culture, that I have fallen in luv with.",that,that,PRON,PronType=Rel,14,19,luv,love,NOUN,5,nmod,NONE,12:ref,1,1,forward
10787,I will 4-ever be eternally grateful for their hospitality and luv that my Sicilian family showed me when I was there for 3 years.,that,that,PRON,PronType=Rel,12,16,showed,show,VERB,4,obj,NONE,9:ref,1,0,forward
10787,I will 4-ever be eternally grateful for their hospitality and luv that my Sicilian family showed me when I was there for 3 years.,when,when,ADV,PronType=Int,18,21,there,there,ADV,3,advmod,NONE,21:advmod,1,0,forward
10789,"I've never felt the need to write a review or make a complaint before, but after the way I was spoken to by a member of staff at the kennels (whose name I believe to be Mrs Closs) I would now not recommend this business to anybody.",whose,whose,PRON,Poss=Yes|PronType=Rel,34,35,name,name,NOUN,1,nmod:poss,poss,27:ref,1,0,forward
10791,Nobody should be spoken to like that regardless of how bad their day may have been or what may be going on in their private lives!,how,how,ADV,PronType=Int,10,11,bad,bad,ADJ,1,advmod,NONE,11:advmod,1,0,forward
10791,Nobody should be spoken to like that regardless of how bad their day may have been or what may be going on in their private lives!,what,what,PRON,PronType=Int,18,21,going,go,VERB,3,nsubj,NONE,21:nsubj,1,0,forward
10802,I have also had an 80 yr old that I take of sent to the ER and long stays in the hospital.,that,that,PRON,PronType=Rel,9,11,take,take,VERB,2,obl,NONE,8:ref,1,0,forward
10803,"Yes, we had to wait, but ER is a triage system that takes the most life threatening cases first.",that,that,PRON,PronType=Rel,14,15,takes,take,VERB,1,nsubj,NONE,13:ref,1,0,forward
10812,"Coming from a person who hates the dentist in general, Dr. Taylor was the best!",who,who,PRON,PronType=Rel,5,6,hates,hate,VERB,1,nsubj,NONE,4:ref,1,0,forward
10822,They went the extra mile to repair my cowboy boots-- they had to have a special kind of paper that looked like wood grain to fix the heels.,that,that,PRON,PronType=Rel,21,22,looked,look,VERB,1,nsubj,NONE,18:ref,1,0,forward
10824,I haven't been able to find a shoe repair place in Seattle since that has been able to do it.,that,that,PRON,PronType=Rel,15,18,able,able,ADJ,3,nsubj,NONE,10:ref,1,0,forward
10833,The last time I did that I was suggested to buy oblivion when I told them I was looking for a fps.,when,when,ADV,PronType=Int,13,15,told,tell,VERB,2,advmod,NONE,15:advmod,1,0,forward
10834,I knew what it was and told the guy that it wasn'ta fps.,what,what,PRON,PronType=Int,3,2,knew,know,VERB,1,ccomp,NONE,2:ccomp,1,0,backward
10835,He tried to tell me it was when I told asked him if he knew what fps stood for and he had no clue.,when,when,ADV,PronType=Int,8,11,asked,ask,VERB,3,advmod,NONE,11:advmod,1,0,forward
10835,He tried to tell me it was when I told asked him if he knew what fps stood for and he had no clue.,what,what,PRON,PronType=Int,16,18,stood,stand,VERB,2,obl,NONE,18:obl:for,1,0,forward
10865,"If you want perfectly executed simple dishes that feature a few exquisite ingredients, you'll love Vetri.",that,that,PRON,PronType=Rel,8,9,feature,feature,VERB,1,nsubj,NONE,7:ref,1,0,forward
10877,David is the most helpful and creative photographer that I have used.,that,that,PRON,PronType=Rel,9,12,used,use,VERB,3,obj,NONE,8:ref,1,0,forward
10878,He is willing to do whatever you need from him without hesitation.,whatever,whatever,PRON,PronType=Rel,6,5,do,do,VERB,1,obj,NONE,5:obj;8:obj,2,0,backward
10879,He was patient and adapted when everything didn't go according to schedule on my wedding day.,when,when,ADV,PronType=Int,6,10,go,go,VERB,4,advmod,NONE,10:advmod,1,0,forward
10880,Both the engagement and wedding pictures that he took for us we absolutely amazing.,that,that,PRON,PronType=Rel,7,9,took,take,VERB,2,obj,NONE,6:ref,1,0,forward
10891,Which was very expensive.,Which,which,PRON,PronType=Rel,1,4,expensive,expensive,ADJ,3,nsubj,NONE,4:nsubj,1,0,forward
10895,I have been getting my treatments for a few months now and have seen some results but not up to the standards that I was told I should expect.,that,that,PRON,PronType=Rel,23,29,expect,expect,VERB,6,obj,NONE,22:ref,1,1,forward
10903,They sent over someone who said he knows nothing about curtains and could not show me fabric options or give an estimate.,who,who,PRON,PronType=Rel,5,6,said,say,VERB,1,nsubj,NONE,4:ref,1,0,forward
10904,"When I called the manager to complain, she said she KNEW the guy didn't know about curtains and that the usual lady called in sick hours earlier!",When,when,ADV,PronType=Int,1,3,called,call,VERB,2,advmod,NONE,3:advmod,1,0,forward
10918,I asked why so high and they said it was due to the labor of moving things out of the way.,why,why,ADV,PronType=Int,3,5,high,high,ADJ,2,advmod,NONE,5:advmod,1,0,forward
10923,What an amazing find - this restaurant is a GEM.,What,what,PRON,PronType=Int,1,4,find,find,NOUN,3,det:predet,predet,4:det:predet,1,0,forward
10932,It is the easiest thing that I have ever done and I tell all my friends that they should do it too.,that,that,PRON,PronType=Rel,6,10,done,do,VERB,4,obj,NONE,5:ref,1,0,forward
10949,I would appreciate reviews from anyone who has worked with me before in the mental health setting.,who,who,PRON,PronType=Rel,7,9,worked,work,VERB,2,nsubj,NONE,6:ref,1,0,forward
10954,We took our 7 month old and she laughed and giggled when (very harshly I might add) grabbing and 'kissed' the goats and lambs.,when,when,ADV,PronType=Int,12,20,grabbing,grab,VERB,8,advmod,NONE,20:advmod,1,0,forward
10956,"Among the animals that were available to touch were pony's, camels and EVEN AN OSTRICH!!!",that,that,PRON,PronType=Rel,4,6,available,available,ADJ,2,nsubj,NONE,3:ref,1,0,forward
10971,"The invoice is not detailed, so it is difficult to see what you are paying for.",what,what,PRON,PronType=Int,13,16,paying,pay,VERB,3,obl,NONE,16:obl:for,1,0,forward
10978,"In addition, the clothing is of much better quality than the clothing from hot topic, which is made as cheaply as possible by people living in horrible conditions in Asia.",which,which,PRON,PronType=Rel,18,20,made,make,VERB,2,nsubj:pass,pass,13:ref,1,0,forward
10986,$80 for a dish that has about one small lobster tail and is full of filler vegetables!,that,that,PRON,PronType=Rel,6,7,has,have,VERB,1,nsubj,NONE,5:ref,1,0,forward
10991,"I highly recommend the four-course tasting menu, which gives you plenty of range and food to satisfy your appetite.",which,which,PRON,PronType=Rel,11,12,gives,give,VERB,1,nsubj,NONE,9:ref,1,0,forward
11001,The only problem that I have experienced is the landlord.,that,that,PRON,PronType=Rel,4,7,experienced,experience,VERB,3,obj,NONE,3:ref,1,0,forward
11009,I sincerely wonder if the doctor has a clue about what is going on within his practice.,what,what,PRON,PronType=Rel,11,9,clue,clue,NOUN,2,nmod,NONE,9:nmod:about;13:nsubj,2,0,backward
11025,"The neon lighting sign still said ""on"" yet some guy who seemed to be the oldest of the bunch, more like the drunkest of the bunch told me they'd be open tomorrow.",who,who,PRON,PronType=Rel,13,14,seemed,seem,VERB,1,nsubj,NONE,12:ref,1,0,forward
11030,"While there wasn't too much available for their age (ball pit, bouncy area and a little padded pyramid to climb on), we went right when they opened at 10 am on a winter weekday and ended up being the only ones there, so we were given a little more liberty than we would have if others had been there.",when,when,ADV,PronType=Int,30,32,opened,open,VERB,2,advmod,NONE,32:advmod,1,0,forward
11035,I was about to give up when I met Jason and Neal.,when,when,ADV,PronType=Int,7,9,met,meet,VERB,2,advmod,NONE,9:advmod,1,0,forward
11045,"This is a busy group of hosts they are also running a restaurant, which also must be wonderful - so just ask for what you need, and I'm sure they will do their best to be hospitable.",which,which,PRON,PronType=Rel,15,19,wonderful,wonderful,ADJ,4,nsubj,NONE,13:ref,1,0,forward
11045,"This is a busy group of hosts they are also running a restaurant, which also must be wonderful - so just ask for what you need, and I'm sure they will do their best to be hospitable.",what,what,PRON,PronType=Int,25,27,need,need,VERB,2,obj,NONE,27:obj,1,0,forward
11047,"OMG.. make sure to book a reservation, as this magical place is packed (in a nice way) I love that the owner walks around and cares how his customers feel about their food.",how,how,ADV,PronType=Int,31,34,feel,feel,VERB,3,advmod,NONE,34:advmod,1,0,forward
11058,"Holly is very experienced and talented, and I could tell she new what she was doing right off the bat.",what,what,PRON,PronType=Int,14,17,doing,do,VERB,3,obj,NONE,17:obj,1,0,forward
11065,The family suite was basically two rooms with a small opening between them which worked great for us because we were two families traveling together.,which,which,PRON,PronType=Rel,14,15,worked,work,VERB,1,nsubj,NONE,7:ref,1,0,forward
11068,"I was born and raised in Toronto, which has a huge West Indian (Trinidadian, Jamaican, etc) population.",which,which,PRON,PronType=Rel,9,10,has,have,VERB,1,nsubj,NONE,7:ref,1,0,forward
11074,I felt like I was in heaven when I walked through the majestic fields of this particular farm.,when,when,ADV,PronType=Int,8,10,walked,walk,VERB,2,advmod,NONE,10:advmod,1,0,forward
11083,"I have been eating Pho for almost my entire life and I've always gone to the Pho places in south philly and off the boulevard and even the other one in chinatown, but when i tried this pho place, it blew the other pho houses away!!",when,when,ADV,PronType=Int,36,38,tried,try,VERB,2,advmod,NONE,38:advmod,1,0,forward
11084,"all of the pho places taste the same to me, so what seperates one from the other is the service and the price.",what,what,PRON,PronType=Rel,13,21,service,service,NOUN,8,nsubj,NONE,14:nsubj;21:nsubj;24:nsubj,3,1,forward
11089,"Had a horrible experience with a manager here, Rachel McInnis, she was rude, inconsiderate and did not do the right thing for an item that was marked incorrectly...",that,that,PRON,PronType=Rel,28,30,marked,mark,VERB,2,nsubj:pass,pass,27:ref,1,0,forward
11092,"It's never ok to let a customer walk out unhappy, especially when they are right.",when,when,ADV,PronType=Int,14,17,right,right,ADJ,3,advmod,NONE,17:advmod,1,0,forward
11095,Since this is an alternative therapy I always refer clients to a lisenced therapist when I feel that is appropriate.,when,when,ADV,PronType=Int,15,17,feel,feel,VERB,2,advmod,NONE,17:advmod,1,0,forward
11096,I found her through a colleague one day when one of my clients was in the midst of a panic attack and needed professional help that I am not qualified to provide.,when,when,ADV,PronType=Int,9,17,midst,midst,NOUN,8,advmod,NONE,17:advmod,1,0,forward
11096,I found her through a colleague one day when one of my clients was in the midst of a panic attack and needed professional help that I am not qualified to provide.,that,that,PRON,PronType=Rel,26,32,provide,provide,VERB,6,obj,NONE,25:ref,1,2,forward
11107,"When I arrived at Brickell Honda on 6/4/11, I was greeted and attended to by the Sales Manager, Gustavo Guerra, in a very friendly and professional manner.",When,when,ADV,PronType=Int,1,3,arrived,arrive,VERB,2,advmod,NONE,3:advmod,1,0,forward
11108,I explained to him what I wanted and that I previously went to Braman Honda.,what,what,PRON,PronType=Rel,5,2,explained,explain,VERB,3,obj,NONE,2:obj;7:obj,2,0,backward
11118,Eagle Transmission determined that much of the work the dealer said needed to be done was unneccesary and what needed to be fixed was only $400!!,what,what,PRON,PronType=Rel,19,26,$,$,SYM,7,nsubj,NONE,20:nsubj;23:nsubj:xsubj;26:nsubj,3,3,forward
11131,She probably does not even have 10% of the knowledge that some of the other EXPERIENCED vets do in this area.,that,that,PRON,PronType=Rel,12,19,do,do,VERB,7,obj,NONE,11:ref,1,0,forward
11136,"During the session, he demanded to have my physical address, which I've always kept private as I am enrolled in a witness protection program.",which,which,PRON,PronType=Rel,13,17,kept,keep,VERB,4,obj,NONE,11:ref,1,0,forward
11137,"I believe he is correct in that he needs my physical address for legal reasons, however, he did not adequately explain this during our session.",however,however,ADV,_,17,23,explain,explain,VERB,6,advmod,NONE,23:advmod,1,0,forward
11147,"I would encourage anyone who is thinking of back surgery, to talk about different treatment options first with Dr. de Barros.",who,who,PRON,PronType=Rel,5,7,thinking,think,VERB,2,nsubj,NONE,4:ref,1,0,forward
11148,He really knows what he is talking about and will approach the different options fairly.,what,what,PRON,PronType=Int,4,7,talking,talk,VERB,3,obl,NONE,7:obl:about,1,0,forward
11149,"You can see different treatments that a surgeon can't see, so that you can have several treatment options before you decide what to do.",that,that,PRON,PronType=Rel,6,11,see,see,VERB,5,obj,NONE,5:ref,1,0,forward
11149,"You can see different treatments that a surgeon can't see, so that you can have several treatment options before you decide what to do.",what,what,PRON,PronType=Int,24,26,do,do,VERB,2,obj,NONE,26:obj,1,1,forward
11152,I cannot tell you how often I am complimented on my hair (style AND color)!,how,how,ADV,PronType=Int,6,7,often,often,ADV,1,advmod,NONE,7:advmod,1,0,forward
11153,"I regularly request Kim's business cards as I am often stopped on the street and asked ""Who does your hair...I LOVE it!!!""",Who,who,PRON,PronType=Int,19,20,does,do,VERB,1,nsubj,NONE,20:nsubj,1,0,forward
11155,I am made to feel special when I am in the chair and I have NEVER had a less than amazing cut or color experience.,when,when,ADV,PronType=Int,7,12,chair,chair,NOUN,5,advmod,NONE,12:advmod,1,0,forward
11175,"I am so glad that I called in to see Ana, she is a lovely girl who showed nothing but care and compassion towards me.",who,who,PRON,PronType=Rel,18,19,showed,show,VERB,1,nsubj,NONE,17:ref,1,0,forward
11176,"The flowers were all that I hoped they would be, I have attended several funerals of late unfortunately and the flowers I recieved from Ana outshone them all.",that,that,PRON,PronType=Rel,5,7,hoped,hope,VERB,2,ccomp,NONE,4:ref,1,0,forward
11180,"I'm 22, and my hairdresser was great (and not ""old"" like one of the reviews says) - she really listened to what I wanted and gave me tons of tips on how to style my hair so I could get it to look the way I wanted it to.",what,what,PRON,PronType=Rel,28,26,listened,listen,VERB,2,obl,NONE,26:obl:to;30:obj,2,0,backward
11180,"I'm 22, and my hairdresser was great (and not ""old"" like one of the reviews says) - she really listened to what I wanted and gave me tons of tips on how to style my hair so I could get it to look the way I wanted it to.",how,how,ADV,PronType=Int,38,40,style,style,VERB,2,advmod,NONE,40:advmod,1,1,forward
11210,He had a robe that was made back in the '60s.,that,that,PRON,PronType=Rel,5,7,made,make,VERB,2,nsubj:pass,pass,4:ref,1,0,forward
11212,"It's historical for Sf, so when your aunte comes for a visit, take her there.",when,when,ADV,PronType=Int,8,11,comes,come,VERB,3,advmod,NONE,11:advmod,1,0,forward
11215,ok but just becuse we where on a tight budget.,where,be,AUX,Mood=Ind|Number=Plur|Person=1|Tense=Past|Typo=Yes|VerbForm=Fin,6,10,budget,budget,NOUN,4,cop,NONE,10:cop,1,0,forward
11216,me and my dad where in NJ for a kc chiefs(my home team)vs the NY jets and for game 4 of the world series.,where,be,AUX,Mood=Ind|Number=Plur|Person=1|Tense=Past|Typo=Yes|VerbForm=Fin,5,7,NJ,NJ,PROPN,2,cop,NONE,7:cop,1,0,forward
11225,"I enjoyed speaking with Dan, and learning more about how the springs are sized for these doors.",how,how,ADV,PronType=Int,11,15,sized,size,VERB,4,advmod,NONE,15:advmod,1,0,forward
11244,"Huge selection and, great suggestions from the staff and they refer you to reliable places if they don't have what you need.",what,what,PRON,PronType=Rel,22,21,have,have,VERB,1,obj,NONE,21:obj;24:obj,2,0,backward
11245,"We were expecting a great experience, when we recieved a friendly greeting by the hosts.",when,when,ADV,PronType=Int,8,10,recieved,receive,VERB,2,advmod,NONE,10:advmod,1,0,forward
11258,Don't know where else you can find Purple Hull Peas and some of the other sides.,where,where,ADV,PronType=Int,4,8,find,find,VERB,4,advmod,NONE,8:advmod,1,0,forward
11266,i was looking for a car but did not really know what i wanted and they were very helpful and took the time to first figure out what my needs were and showing me various options to meet those needs.,what,what,PRON,PronType=Int,12,14,wanted,want,VERB,2,obj,NONE,14:obj,1,0,forward
11266,i was looking for a car but did not really know what i wanted and they were very helpful and took the time to first figure out what my needs were and showing me various options to meet those needs.,what,what,PRON,PronType=Int,28,26,figure,figure,VERB,2,ccomp,NONE,26:ccomp,1,0,backward
11282,I shopped it around and they were extremely competitive in pricing and also added nitrogen to my tires which should extend the life and get me better gas mileage.,which,which,PRON,PronType=Rel,19,21,extend,extend,VERB,2,nsubj,NONE,14:ref,1,0,forward
11284,What made it perfect was that they offered transportation so that I would not have to wait there or take time off of work to go back and forth or try to find a ride.,What,what,PRON,PronType=Rel,1,8,offered,offer,VERB,7,nsubj:outer,outer,2:nsubj;8:nsubj:outer,2,3,forward
11286,I also did not feel like they tried to sell me a bunch of services that I did not need.,that,that,PRON,PronType=Rel,16,20,need,need,VERB,4,obj,NONE,15:ref,1,0,forward
11290,They have been extremely helpful whenever I have asked for help.,whenever,whenever,ADV,PronType=Rel,6,5,helpful,helpful,ADJ,1,advmod,NONE,5:advmod;9:advmod,2,0,backward
11297,"Liberty construction shows up and it's two guys...all I get is 100% sales pitch ""We're the best...we're number 50 so we must be doing something right...look at all these certificates that say we're great"".",that,that,PRON,PronType=Rel,42,43,say,say,VERB,1,nsubj,NONE,41:ref,1,0,forward
11298,"Not once did I feel listened to like they actually cared about what I wanted, all they were interested in was me signing a contract right then and there.",what,what,PRON,PronType=Rel,13,11,cared,care,VERB,2,obl,NONE,11:obl:about;15:obj,2,0,backward
11301,Find someone you trust that actually hears you and wants to do the job right.,that,that,PRON,PronType=Rel,5,7,hears,hear,VERB,2,nsubj,NONE,2:ref,1,0,forward
11311,My previous apprehension has been dismissed and I no longer have a sinking feeling when my next appointment is due!,when,when,ADV,PronType=Int,15,20,due,due,ADJ,5,advmod,NONE,20:advmod,1,0,forward
11320,Very affordable (don't call it cheap) and their trimmers were quick and courteous when I got home from work.,when,when,ADV,PronType=Int,17,19,got,get,VERB,2,advmod,NONE,19:advmod,1,0,forward
11333,"i had to call back up there two hours later and the lady (who claimed to be a manager) said my food was on the way, and she didnt offer to compensate me in any kind of way.",who,who,PRON,PronType=Rel,15,16,claimed,claim,VERB,1,nsubj,NONE,13:ref,1,0,forward
11335,"in my opinon this place should be shut down by the health inspector, and anyone who is satisfied with there service and food has never eaten at a real asian restaurant.",who,who,PRON,PronType=Rel,17,19,satisfied,satisfied,ADJ,2,nsubj,NONE,16:ref,1,0,forward
11345,"However, with BNA offering one day of free parking due to construction of the new rental car facility, it may be cheaper to park at BNA.",However,however,ADV,_,1,24,cheaper,cheap,ADJ,23,advmod,NONE,24:advmod,1,2,forward
11368,"They convince lots of people that they are a great store, when in fact they are a very average place at best, they are just another big box store like the others.",when,when,ADV,PronType=Int,13,21,place,place,NOUN,8,advmod,NONE,21:advmod,1,0,forward
11369,"They offer sales that aren't really sales, mislabeled items that make the item sound like a good deal when it isn't, a bad attitude about return items, and on and on.",that,that,PRON,PronType=Rel,4,8,sales,sale,NOUN,4,nsubj,NONE,3:ref,1,0,forward
11369,"They offer sales that aren't really sales, mislabeled items that make the item sound like a good deal when it isn't, a bad attitude about return items, and on and on.",that,that,PRON,PronType=Rel,12,13,make,make,VERB,1,nsubj,NONE,11:ref,1,0,forward
11369,"They offer sales that aren't really sales, mislabeled items that make the item sound like a good deal when it isn't, a bad attitude about return items, and on and on.",when,when,ADV,PronType=Int,21,23,is,be,AUX,2,advmod,NONE,23:advmod,1,0,forward
11381,I guess you get what you pay for.,what,what,PRON,PronType=Rel,5,4,get,get,VERB,1,obj,NONE,4:obj;7:obl:for,2,0,backward
11386,We could hear every single thing that happened outside like it was inside our room.,that,that,PRON,PronType=Rel,7,8,happened,happen,VERB,1,nsubj,NONE,6:ref,1,0,forward
11387,"When I finally found someone at the desk who could speak English, they moved our room, but we still did not receive the single queen we had ""reserved""",When,when,ADV,PronType=Int,1,4,found,find,VERB,3,advmod,NONE,4:advmod,1,0,forward
11387,"When I finally found someone at the desk who could speak English, they moved our room, but we still did not receive the single queen we had ""reserved""",who,who,PRON,PronType=Rel,9,11,speak,speak,VERB,2,nsubj,NONE,5:ref,1,0,forward
11392,They had the work done in about half the time quoted which made me and my wife extremely happy.,which,which,PRON,PronType=Rel,12,13,made,make,VERB,1,nsubj,NONE,2:ref,1,0,forward
11393,We have had nothing but compliments on our bathroom when guest come over- who would have guessed that one?,when,when,ADV,PronType=Int,10,12,come,come,VERB,2,advmod,NONE,12:advmod,1,0,forward
11393,We have had nothing but compliments on our bathroom when guest come over- who would have guessed that one?,who,who,PRON,PronType=Int,15,18,guessed,guess,VERB,3,nsubj,NONE,18:nsubj,1,0,forward
11411,Who knows how much they want me to pay to fix this thing.,Who,who,PRON,PronType=Int,1,2,knows,know,VERB,1,nsubj,NONE,2:nsubj,1,0,forward
11411,Who knows how much they want me to pay to fix this thing.,how,how,ADV,PronType=Int,3,4,much,much,ADJ,1,advmod,NONE,4:advmod,1,0,forward
11424,"I had my wedding luncheon at this BJs restaurant, and it was one of the best choices that I made.",that,that,PRON,PronType=Rel,20,22,made,make,VERB,2,obj,NONE,19:ref,1,0,forward
11428,"Even though we were only supposed to have those specific types of pizza, when guests asked for a different type, it was brought out with no charge to us!",when,when,ADV,PronType=Int,15,17,asked,ask,VERB,2,advmod,NONE,17:advmod,1,0,forward
11434,Sierra was my stylist and i love what she did.,what,what,PRON,PronType=Int,8,10,did,do,VERB,2,obj,NONE,10:obj,1,0,forward
11437,Usually they blow dry it out and i have to wait until i wash it to see what it will look like in its natural state.,what,what,PRON,PronType=Int,18,21,look,look,VERB,3,obl,NONE,21:obl:like,1,0,forward
11438,But she did a fabulous job letting me know what she was doing at all times and styled my hair in a way i could do it at home.,what,what,PRON,PronType=Int,10,13,doing,do,VERB,3,obj,NONE,13:obj,1,0,forward
11445,"After our meal, our server found us a table in the jazz club where we were informed it would be another $10/person to stay and listen to the band, despite the fact we had just finished a dinner there and were intending to enjoy their drink list.",where,where,ADV,PronType=Rel,15,18,informed,inform,VERB,3,advmod,NONE,14:ref,1,0,forward
11450,"I was then moved to another room around the back where the room was dirty, the shower was dirty with other peoples hair in it, the toilet seat was peeling and rough and the bathroom was full of mould.",where,where,ADV,PronType=Rel,11,15,dirty,dirty,ADJ,4,advmod,NONE,7:ref,1,0,forward
11459,How FusionRetail has overcome these issues ?,How,how,ADV,PronType=Int,1,4,overcome,overcome,VERB,3,advmod,NONE,4:advmod,1,0,forward
11462,How long does it take to train new people at work ?,How,how,ADV,PronType=Int,1,2,long,long,ADV,1,advmod,NONE,2:advmod,1,0,forward
11464,How fast your support queries get answered ?,How,how,ADV,PronType=Int,1,2,fast,fast,ADV,1,advmod,NONE,2:advmod,1,0,forward
11468,This is by far the BEST B&B that we have ever stayed at!,that,that,PRON,PronType=Rel,8,12,stayed,stay,VERB,4,obl,NONE,7:ref,1,0,forward
11473,"We can not wait to go back to Santa Fe and to this great B&B...especially my 4 year old, who made friends with Ms. Sue and all the ladies, and has talked about them since we left!",who,who,PRON,PronType=Rel,23,24,made,make,VERB,1,nsubj,NONE,21:ref,1,0,forward
11478,The second vendor charged $55 (less than half of what A&E charges) to come and applied that to the price of the repair service (which A&E does not).,what,what,PRON,PronType=Rel,12,10,half,half,NOUN,2,nmod,NONE,10:nmod:of;14:obj,2,0,backward
11478,The second vendor charged $55 (less than half of what A&E charges) to come and applied that to the price of the repair service (which A&E does not).,which,which,PRON,PronType=Rel,29,19,applied,apply,VERB,10,advcl:relcl,relcl,19:advcl:relcl,1,0,backward
11485,I was in two weeks ago and had the worst pedicure that I have had in my life.,that,that,PRON,PronType=Rel,12,15,had,have,VERB,3,obj,NONE,11:ref,1,0,forward
11492,"None of us will be using their services again, which is a shame.",which,which,PRON,PronType=Rel,11,14,shame,shame,NOUN,3,nsubj,NONE,6:ref,1,0,forward
11496,"The office is shared with a foot doctor and it's very sterile and medical feeling, which I liked.",which,which,PRON,PronType=Rel,18,20,liked,like,VERB,2,obj,NONE,13:ref,1,0,forward
11505,A great breakfast which was included every morning until 9:30am; yummy fresh Parisian croissants.,which,which,PRON,PronType=Rel,4,6,included,include,VERB,2,nsubj:pass,pass,3:ref,1,0,forward
11506,"Comfortable and clean beds, a bit noisy when people were coming in late from a night out, but we didn't mind too much as we were also just coming in from a night out!",when,when,ADV,PronType=Int,9,12,coming,come,VERB,3,advmod,NONE,12:advmod,1,0,forward
11508,It is next to Gare du Nord and a five minute walk to Sacre Coeur which is excellent for shopping.,which,which,PRON,PronType=Rel,16,18,excellent,excellent,ADJ,2,nsubj,NONE,14:ref,1,0,forward
11513,They certainly know what they are doing.,what,what,PRON,PronType=Int,4,7,doing,do,VERB,3,obj,NONE,7:obj,1,0,forward
11521,"All were awesome, & I had a Dogwood Grilled Cheese which was enjoyable with the fine beers.",which,which,PRON,PronType=Rel,12,14,enjoyable,enjoyable,ADJ,2,nsubj,NONE,11:ref,1,0,forward
11529,"Turns out the engine had no oil, and when oil was put it, it would just run out of the filter.",when,when,ADV,PronType=Int,10,13,put,put,VERB,3,advmod,NONE,13:advmod,1,0,forward
11538,"However, they would never drive the car with me in it to prove their findings.",However,however,ADV,_,1,6,drive,drive,VERB,5,advmod,NONE,6:advmod,1,0,forward
11545,"They also claimed not to see anything wrong with the blower fan (a seperate issue), but when I drove the car home I had the same symptoms.",when,when,ADV,PronType=Int,20,22,drove,drive,VERB,2,advmod,NONE,22:advmod,1,0,forward
11551,He is very professional in his position as a director and yet he still made time to be compassionate for what we were all going through.,what,what,PRON,PronType=Rel,21,19,compassionate,compassionate,ADJ,2,obl,NONE,19:obl:for;25:obl:through,2,0,backward
11552,I'm sure its not everyday that a funeral director sees the same family in such a short time.,that,that,PRON,PronType=Rel,9,13,sees,see,VERB,4,obl:unmarked,unmarked,8:ref,1,0,forward
11562,"However, we waited and waited and in the mean time, saw 4 groups of people simply just paraded in without signing there names.",However,however,ADV,_,1,4,waited,wait,VERB,3,advmod,NONE,4:advmod,1,0,forward
11585,"I understand not wanting to put labels like 5.10 on an indoor course, because yes, it is not the same, but some clear understanding of the difficulty of one course to another is nice when you are an intermediate climber looking to improve.",when,when,ADV,PronType=Int,38,43,climber,climber,NOUN,5,advmod,NONE,43:advmod,1,0,forward
11594,"They asked us things that we would have never have thought of, and took extra time to meet with us when we needed it before the wedding.",that,that,PRON,PronType=Rel,5,11,thought,think,VERB,6,obl,NONE,4:ref,1,0,forward
11594,"They asked us things that we would have never have thought of, and took extra time to meet with us when we needed it before the wedding.",when,when,ADV,PronType=Int,22,24,needed,need,VERB,2,advmod,NONE,24:advmod,1,0,forward
11596,"They may look young but don't let that fool you, as their knowledge of music far surpassed what we expected.",what,what,PRON,PronType=Rel,20,19,surpassed,surpass,VERB,1,obj,NONE,19:obj;22:obj,2,0,backward
11597,"I am a music junkie that grew up in the 80's, and my dad worked for a record label in the 1960's.",that,that,PRON,PronType=Rel,6,7,grew,grow,VERB,1,nsubj,NONE,5:ref,1,0,forward
11598,So we didn't expect them to even know some of the requests that we asked that night.,that,that,PRON,PronType=Rel,14,16,asked,ask,VERB,2,obj,NONE,13:ref,1,0,forward
11608,"They made me feel confident in what they would do, and treated me like a member of their own family.",what,what,PRON,PronType=Rel,7,5,confident,confident,ADJ,2,obl,NONE,5:obl:in;10:obj,2,0,backward
11614,"not only is this place too expensive for what it is, its horrible!",what,what,PRON,PronType=Rel,9,7,expensive,expensive,ADJ,2,obl,NONE,7:obl:for,1,0,backward
11625,"My vet even said it was not my fault it was the vet that did the surgery, So I would not recommend getting that program unless you have an extra hundred dollars or so for antibiotics and a vet visit.",that,that,PRON,PronType=Rel,14,15,did,do,VERB,1,nsubj,NONE,13:ref,1,0,forward
11627,Which is so dumb.,Which,which,PRON,PronType=Rel,1,4,dumb,dumb,ADJ,3,nsubj,NONE,4:nsubj,1,0,forward
11635,The office refused my requests to see what they got from BC/BS.,what,what,PRON,PronType=Int,8,10,got,get,VERB,2,obj,NONE,10:obj,1,0,forward
11639,How much could it possibly cost?,How,how,ADV,PronType=Int,1,2,much,much,ADJ,1,advmod,NONE,2:advmod,1,0,forward
11648,I sent a graphic that would have been distorted if printed as it was.,that,that,PRON,PronType=Rel,5,9,distorted,distort,VERB,4,nsubj:pass,pass,4:ref,1,0,forward
11653,I recommend this company to ANYONE and everyone that needs great work done at a reasonable rate!,that,that,PRON,PronType=Rel,9,10,needs,need,VERB,1,nsubj,NONE,6:ref,1,0,forward
11663,"From a moral standpoint,you guys are really gonna take 2,000 bucks from someone that needs that truck to work and support his family when you know its just a piece of scrap metal?",that,that,PRON,PronType=Rel,17,18,needs,need,VERB,1,nsubj,NONE,16:ref,1,0,forward
11663,"From a moral standpoint,you guys are really gonna take 2,000 bucks from someone that needs that truck to work and support his family when you know its just a piece of scrap metal?",when,when,ADV,PronType=Int,27,29,know,know,VERB,2,advmod,NONE,29:advmod,1,0,forward
11672,"Cards, wrapping paper, paper, and an area to sit down and talk with someone to design your own invitations or for whatever else your custom printing needs may be.",whatever,whatever,PRON,PronType=Rel,25,19,design,design,VERB,6,conj,NONE,15:obl:for;19:conj:or,2,0,backward
11680,"On a recent event quote that I had done, they came in thousands of dollars over their local competition.",that,that,PRON,PronType=Rel,6,9,done,do,VERB,3,obj,NONE,5:ref,1,0,forward
11682,I've spoken to vendors who are used by them who had nothing good to say about the company as well and in fact were afraid to quote events against them even though they openly admitted that they felt Canadian Outback was pricing their entertainment out of the market and doing more to hurt their business than help them.,who,who,PRON,PronType=Rel,6,8,used,use,VERB,2,nsubj:pass,pass,5:ref,1,0,forward
11682,I've spoken to vendors who are used by them who had nothing good to say about the company as well and in fact were afraid to quote events against them even though they openly admitted that they felt Canadian Outback was pricing their entertainment out of the market and doing more to hurt their business than help them.,who,who,PRON,PronType=Rel,11,12,had,have,VERB,1,nsubj,NONE,5:ref,1,0,forward
11696,My boyfriend and I were woken up in the middle of the night at our campsite by drunken kids who'd arrived around 1:00 am and were drinking at the springs.,who,who,PRON,PronType=Rel,20,22,arrived,arrive,VERB,2,nsubj,NONE,19:ref,1,0,forward
11697,"When we complained to the management (as we were instructed to do if there were any problems), nothing happened!",When,when,ADV,PronType=Int,1,3,complained,complain,VERB,2,advmod,NONE,3:advmod,1,0,forward
11698,"Then, the next morning, when we, among many other irate guests, asked to speak to the owner, he refused to do so.",when,when,ADV,PronType=Int,7,16,asked,ask,VERB,9,advmod,NONE,16:advmod,1,0,forward
11708,"For those who care, a good proportion of the my class went on to 4-year colleges, many of them ranked in the top 50 of US News.",who,who,PRON,PronType=Rel,3,4,care,care,VERB,1,nsubj,NONE,2:ref,1,0,forward
11724,"They bake bread fresh daily, they don't press their sandwiches which is the way I like it, and the meat is always fresh.",which,which,PRON,PronType=Rel,13,16,way,way,NOUN,3,nsubj,NONE,10:ref,1,0,forward
11727,I cannot describe how delicious the mango and cheese pastries and the omelets are to die for.,how,how,ADV,PronType=Int,5,6,delicious,delicious,ADJ,1,advmod,NONE,6:advmod,1,0,forward
11732,"I've read some of the reviews below and would like to state that yes, like any other doctors office there is sometimes a wait (depending on what other patients are being seen for) and some of the tests and procedures that are ran can be costly (just like they would be for any other medical tests elsewhere if you do not have insurance)...",what,what,PRON,PronType=Int,31,36,seen,see,VERB,5,obl,NONE,36:obl:for,1,0,forward
11732,"I've read some of the reviews below and would like to state that yes, like any other doctors office there is sometimes a wait (depending on what other patients are being seen for) and some of the tests and procedures that are ran can be costly (just like they would be for any other medical tests elsewhere if you do not have insurance)...",that,that,PRON,PronType=Rel,46,48,ran,run,VERB,2,nsubj:pass,pass,43:ref,1,0,forward
11734,I cant speak for them but any tests or appointments they recommend are probably in the best interests of us (the patient) and you have the ability to decline anything that they suggest to you.,that,that,PRON,PronType=Rel,34,36,suggest,suggest,VERB,2,obj,NONE,33:ref,1,0,forward
11736,Not what i expected!,what,what,PRON,PronType=Int,2,4,expected,expect,VERB,2,obj,NONE,4:obj,1,0,forward
11739,"Very frustrating for a restaurant that has 1 rosette and is supposedly renowned for the service... hmm There was no canape's or amuse to keep us occupied, once we complained about the wait they took us something to nibble on but that took us getting out our chairs and wondering round to do that and it was impossible to get anyones attention.",that,that,PRON,PronType=Rel,6,7,has,have,VERB,1,nsubj,NONE,5:ref,1,0,forward
11745,Everyone can get the signature dish with ingredients and spices that they want and have the fun of watching it cook.,that,that,PRON,PronType=Rel,11,13,want,want,VERB,2,obj,NONE,8:ref,1,0,forward
11750,Every time we go they seem to have a different ingredient or two which keeps things interesting.,which,which,PRON,PronType=Rel,14,15,keeps,keep,VERB,1,nsubj,NONE,8:ref,1,0,forward
11754,"It was my birthday and I had a last minute idea to have a bakery cake instead of one pre-made in a convenience store, but the problem was it was the day before Valentines and when many bakeries turned me down for a plain vanilla rectangle cake, Fiona stepped up to the plate and was able to make a fantastic beautiful cake.",when,when,ADV,PronType=Int,38,41,turned,turn,VERB,3,advmod,NONE,41:advmod,1,0,forward
11762,"Before treatment, my food cravings were ""out of control"" which caused me to be stressed out.",which,which,PRON,PronType=Rel,13,14,caused,cause,VERB,1,nsubj,NONE,11:ref,1,0,forward
11769,What I like most about Dr. Liau is that she is very caring.,What,what,PRON,PronType=Rel,1,13,caring,caring,ADJ,12,nsubj:outer,outer,3:obj;13:nsubj:outer,2,2,forward
11777,"The theatre is in an old brick warehouse, which is a block away from the Flying Squirrels stadium.",which,which,PRON,PronType=Rel,10,14,away,away,ADV,4,nsubj,NONE,8:ref,1,1,forward
11778,The owners of Bowtie manged to add something new while preserving what was already there.,what,what,PRON,PronType=Rel,12,11,preserving,preserve,VERB,1,obj,NONE,11:obj;15:nsubj,2,0,backward
11780,"There's plenty of parking, and I've never had an issue with audience members who won't stop talking or answering their cellphones.",who,who,PRON,PronType=Rel,17,20,stop,stop,VERB,3,nsubj,NONE,16:ref,1,0,forward
11794,What a history.,What,what,DET,PronType=Int,1,3,history,history,NOUN,2,det:predet,predet,3:det:predet,1,0,forward
11805,I asked her who she worked with and she just told me ti was the sales manager.,who,who,PRON,PronType=Int,4,6,worked,work,VERB,2,obl,NONE,6:obl:with,1,0,forward
11806,"I took the weekend off and came in and asked for the manager who is Jeff and he remembered her right away even remembered her dog, I was a bit shocked that someone would pay that close attention.",who,who,PRON,PronType=Rel,14,16,Jeff,Jeff,PROPN,2,nsubj,NONE,13:ref,1,0,forward
11809,Jeff and Craig are really good at what they do and know exactly how to treat a customer.,what,what,PRON,PronType=Rel,8,6,good,good,ADJ,2,obl,NONE,6:obl:at;10:obj,2,0,backward
11809,Jeff and Craig are really good at what they do and know exactly how to treat a customer.,how,how,ADV,PronType=Int,14,16,treat,treat,VERB,2,advmod,NONE,16:advmod,1,1,forward
11817,I can rent another machine for like $60 that will give it a finished look.,that,that,PRON,PronType=Rel,10,12,give,give,VERB,2,nsubj,NONE,5:ref,1,0,forward
11821,"Either these people don't know anything about what they are renting, or worse- they are bait and switching.",what,what,PRON,PronType=Int,9,12,renting,rent,VERB,3,obj,NONE,12:obj,1,0,forward
11828,"Whereas my answer to the question ""Where do you get your laundry done?"" used to be, ""At the checkout line at WalMart,"" I can honestly say the answer now is, ""At The Laundry Tub.""",Where,where,ADV,PronType=Int,8,11,get,get,VERB,3,advmod,NONE,11:advmod,1,0,forward
11830,I recently took a rescue puppy to this Clinic and I was SHOCKED at how well Romeo and My family was treated.,how,how,ADV,PronType=Int,15,16,well,well,ADV,1,advmod,NONE,16:advmod,1,0,forward
11832,We have to leave him at the vet for 3 days and I was told to call for check ups as often as I wished that no matter how many times I called I would not annoy them.,how,how,ADV,PronType=Int,29,30,many,many,ADJ,1,advmod,NONE,30:advmod,1,0,forward
11833,lol They where super friendly towards us and treated us like people not walking bags of cash.,where,be,AUX,Mood=Ind|Number=Plur|Person=3|Tense=Past|Typo=Yes|VerbForm=Fin,3,5,friendly,friendly,ADJ,2,cop,NONE,5:cop,1,0,forward
11834,"In this day its rare to find such wonderful people who CARE , Not the kind of want to make cash.",who,who,PRON,PronType=Rel,12,13,CARE,care,VERB,1,nsubj,NONE,11:ref,1,0,forward
11838,Infact I look forward to taking my animals to the vet simply because of how my animals and I are treated.,how,how,ADV,PronType=Rel,16,4,look,look,VERB,12,obl,NONE,4:obl:because_of;22:advmod,2,2,backward
11842,I think they're still in the mindset from when it was only smokers sitting around and drinking... not in any hurry.,when,when,ADV,PronType=Rel,10,8,mindset,mindset,NOUN,2,nmod,NONE,8:nmod:from;15:advmod;18:advmod,3,0,backward
11844,"However, the bartenders/waitresses definately need to be re-trained (if they ever had any to begin with) and learn two things: only chat with customers when other customers are not impatiently waiting and to look around more often to see if people are waiting.",However,however,ADV,_,1,8,need,need,VERB,7,advmod,NONE,8:advmod,1,0,forward
11844,"However, the bartenders/waitresses definately need to be re-trained (if they ever had any to begin with) and learn two things: only chat with customers when other customers are not impatiently waiting and to look around more often to see if people are waiting.",when,when,ADV,PronType=Int,31,37,waiting,wait,VERB,6,advmod,NONE,37:advmod,1,0,forward
11846,"They must also get something to keep take-out warm, so it's not room temperature at best when you get it home.",when,when,ADV,PronType=Int,21,23,get,get,VERB,2,advmod,NONE,23:advmod,1,0,forward
11847,You just have to know what you're getting into when you go.,what,what,PRON,PronType=Int,6,9,getting,get,VERB,3,obl,NONE,9:obl:into,1,0,forward
11847,You just have to know what you're getting into when you go.,when,when,ADV,PronType=Int,11,13,go,go,VERB,2,advmod,NONE,13:advmod,1,0,forward
11852,This is however a very busy shop but there are appointments available & the staff up front will surely make sure you get back in a timely manner.,however,however,ADV,_,3,7,shop,shop,NOUN,4,advmod,NONE,7:advmod,1,0,forward
11856,maybe you should understand how the world works & realize you are just like any other person & not put yourself on a pedestal.,how,how,ADV,PronType=Int,5,8,works,work,VERB,3,advmod,NONE,8:advmod,1,0,forward
11858,When having your car worked on you have to trust the mechanic & this Midas is truly someone you can trust!,When,when,ADV,PronType=Int,1,2,having,have,VERB,1,advmod,NONE,2:advmod,1,0,forward
11861,"The sweet potato tempura roll was actually a great surprise: cheap and delicious, the only thing we tried that I would say was well worth it and a great value (and I never get vegetarian rolls).",that,that,PRON,PronType=Rel,21,27,worth,worth,ADJ,6,nsubj,NONE,18:ref,1,1,forward
11871,"When they sound off, it is a true audio/visual experience.",When,when,ADV,PronType=Int,1,3,sound,sound,VERB,2,advmod,NONE,3:advmod,1,0,forward
11881,"The poor quality starts at the receptionist desk, where the staff is very impatient and lack the efficiency I once loved about the office.",where,where,ADV,PronType=Rel,10,15,impatient,impatient,ADJ,5,advmod,NONE,8:ref,1,0,forward
11887,When the guys arrived (2 hours later than agreed) they told that you have to pay all the tolls they payed coming from Brooklyn and extra $100 for them to drive back from your destination.,When,when,ADV,PronType=Int,1,4,arrived,arrive,VERB,3,advmod,NONE,4:advmod,1,0,forward
11891,"Guess what, was not in the initial agreement as well.",what,what,PRON,PronType=Int,2,1,Guess,guess,VERB,1,obj,NONE,1:obj,1,0,backward
11901,"The pool was supposed to close at 10 and they would have people down there until 11:45 yelling, playing music and do who-knows-what in the dark corners of the pool.",who,who,PRON,PronType=Int,24,26,knows,know,VERB,2,nsubj,NONE,26:nsubj,1,0,forward
11901,"The pool was supposed to close at 10 and they would have people down there until 11:45 yelling, playing music and do who-knows-what in the dark corners of the pool.",what,what,PRON,PronType=Int,28,26,knows,know,VERB,2,obj,NONE,26:obj,1,0,backward
11902,"Then, when we moved out, we cleaned the apartment top to bottom, they came back and tried to charge us for two cleaning fees (and we never got our deposit back) and past utilities (that were already paid, we have check numbers and records of this).",when,when,ADV,PronType=Int,3,5,moved,move,VERB,2,advmod,NONE,5:advmod,1,0,forward
11902,"Then, when we moved out, we cleaned the apartment top to bottom, they came back and tried to charge us for two cleaning fees (and we never got our deposit back) and past utilities (that were already paid, we have check numbers and records of this).",that,that,PRON,PronType=Rel,41,44,paid,pay,VERB,3,nsubj:pass,pass,39:ref,1,0,forward
11903,"Linda is the rudest person you will ever talk to and she sticks up for all of the trashy, rude people that live there, not the nice ones that actually give a crap about respecting others.",that,that,PRON,PronType=Rel,23,24,live,live,VERB,1,nsubj,NONE,22:ref,1,0,forward
11903,"Linda is the rudest person you will ever talk to and she sticks up for all of the trashy, rude people that live there, not the nice ones that actually give a crap about respecting others.",that,that,PRON,PronType=Rel,31,33,give,give,VERB,2,nsubj,NONE,30:ref,1,0,forward
11907,"He was referred to me by a friend, who didn't have the best experience with Ted, but said that Ted was able to make up for his lack of preparedness at the end.",who,who,PRON,PronType=Rel,10,13,have,have,VERB,3,nsubj,NONE,8:ref,1,0,forward
11909,"However, after giving a required $500.00 (NON REFUNDABLE) deposit before seeing any plans or ideas, I was sorry I did.",However,however,ADV,_,1,23,sorry,sorry,ADJ,22,advmod,NONE,23:advmod,1,4,forward
11911,"He brought fabric books, and pictures of furniture only, which all came way over budget.",which,which,PRON,PronType=Rel,12,14,came,come,VERB,2,nsubj,NONE,4:ref,1,0,forward
11920,"When we walked in, the person behind desk said: ""oh well, you must wait, I am in the middle of something.""",When,when,ADV,PronType=Int,1,3,walked,walk,VERB,2,advmod,NONE,3:advmod,1,0,forward
11921,"After a good few minutes, he asked: ""what do you want?""",what,what,PRON,PronType=Int,11,14,want,want,VERB,3,obj,NONE,14:obj,1,0,forward
11926,"When I inquired he rudely replied ""in the morning when things are checked out you'll get it back.""",When,when,ADV,PronType=Int,1,3,inquired,inquire,VERB,2,advmod,NONE,3:advmod,1,0,forward
11926,"When I inquired he rudely replied ""in the morning when things are checked out you'll get it back.""",when,when,ADV,PronType=Int,11,14,checked,check,VERB,3,advmod,NONE,14:advmod,1,0,forward
11945,"In one of the emails I attached the letter from the Vet's that expressed their sympathy, this hotel did nothing.",that,that,PRON,PronType=Rel,14,15,expressed,express,VERB,1,nsubj,NONE,9:ref,1,0,forward
11949,"Ok I am a New Yorker who has been going to school in Oxford, England.",who,who,PRON,PronType=Rel,7,10,going,go,VERB,3,nsubj,NONE,6:ref,1,0,forward
11959,"I dunno how they did it, but Scottish friends--- this is THE REAL DEAL.",how,how,ADV,PronType=Int,5,7,did,do,VERB,2,advmod,NONE,7:advmod,1,0,forward
11961,"That being said, I don't know how their delivery service is.",how,how,ADV,PronType=Int,9,8,know,know,VERB,1,ccomp,NONE,8:ccomp,1,0,backward
11966,"When it came time to pay the bill up front, they would not let me use any of the certificate for a tip (which I have done with any other restaurant I've gotten a gift certificate for.)",When,when,ADV,PronType=Int,1,3,came,come,VERB,2,advmod,NONE,3:advmod,1,0,forward
11966,"When it came time to pay the bill up front, they would not let me use any of the certificate for a tip (which I have done with any other restaurant I've gotten a gift certificate for.)",which,which,PRON,PronType=Rel,26,29,done,do,VERB,3,obj,NONE,29:obj,1,0,forward
11968,"The person went to go check with the manager, who was sitting at a table chatting with her friends who were eating there.",who,who,PRON,PronType=Rel,11,13,sitting,sit,VERB,2,nsubj,NONE,9:ref,1,0,forward
11968,"The person went to go check with the manager, who was sitting at a table chatting with her friends who were eating there.",who,who,PRON,PronType=Rel,21,23,eating,eat,VERB,2,nsubj,NONE,20:ref,1,0,forward
11974,There are other places with food just as good with management that values customers and employees much more.,that,that,PRON,PronType=Rel,12,13,values,value,VERB,1,nsubj,NONE,11:ref,1,0,forward
11982,I HAD TO ASK THE GIRL WHO BROUGHT MY FOOD AND SHE NEVER CAME BACK TO LET ME KNOW.,WHO,who,PRON,PronType=Rel,7,8,BROUGHT,bring,VERB,1,nsubj,NONE,6:ref,1,0,forward
11984,"WHEN YOU FIRST COME IN THE HOSTESS IS NOT VERY FRIENDLY,THERE IS JUST A BUNCH OF WORKERS STANDING THERE.",WHEN,when,ADV,PronType=Int,1,4,COME,come,VERB,3,advmod,NONE,4:advmod,1,0,forward
11986,"I WAS ALSO THERE OF JULY 4TH 2008, WHEN MY DAUGHTERS BUFFALO WINGS CAME OUT WITH A FLY ON IT.",WHEN,when,ADV,PronType=Rel,10,16,CAME,come,VERB,6,advmod,NONE,7:ref,1,0,forward
11998,they do that whole thing where you sandwich the pepperoni between layers of cheese for +32 delicious.,where,where,ADV,PronType=Rel,6,8,sandwich,sandwich,VERB,2,advmod,NONE,5:ref,1,0,forward
12002,This was back between '05 and '09 and I don't remember how many times we've had it delivered.,how,how,ADV,PronType=Int,13,14,many,many,ADJ,1,advmod,NONE,14:advmod,1,0,forward
12011,Fair give and take on both sides until we agreed on a deal that was within my parameters and was fair to both sides.,that,that,PRON,PronType=Rel,14,18,parameters,parameter,NOUN,4,nsubj,NONE,13:ref,1,0,forward
12021,It was a black female that use to work in the office.,that,that,PRON,PronType=Rel,6,7,use,use,VERB,1,nsubj,NONE,5:ref,1,0,forward
12022,She stole the information and gave it to another guy that did all the work.,that,that,PRON,PronType=Rel,11,12,did,do,VERB,1,nsubj,NONE,10:ref,1,0,forward
12031,I lived in one that did not face the parking lot.,that,that,PRON,PronType=Rel,5,8,face,face,VERB,3,nsubj,NONE,4:ref,1,0,forward
12039,"It was 4:50 when a friend told me to call Bud, he would take care of me.",when,when,ADV,PronType=Int,4,7,told,tell,VERB,3,advmod,NONE,7:advmod,1,0,forward
12041,"They tracked down the only tire that fit my BMW330i in Murfreesboro within minutes and secured it, then they came out, took off my tire (it was a runflat - but runflats don't do you any good if they blow out), and brought it to their shop to change the tire.",that,that,PRON,PronType=Rel,7,8,fit,fit,VERB,1,nsubj,NONE,6:ref,1,0,forward
12042,They were back quickly considering how far outside of Murfreesboro we were and had us on our way by 6:30 that evening.,how,how,ADV,PronType=Int,6,7,far,far,ADV,1,advmod,NONE,7:advmod,1,0,forward
12050,"I have never considered this a real problem as I travel without kids and can fend for myself, but when I had to listen to a (non-violent) domestic fight that lasted from 1 AM to 5 AM during my last stay and I found out that the front desk was unmanned during night hours, my choice was to either waste tax payers money by calling for a yet another police dispatch to this hotel, or just get over it.",when,when,ADV,PronType=Int,21,23,had,have,VERB,2,advmod,NONE,23:advmod,1,0,forward
12050,"I have never considered this a real problem as I travel without kids and can fend for myself, but when I had to listen to a (non-violent) domestic fight that lasted from 1 AM to 5 AM during my last stay and I found out that the front desk was unmanned during night hours, my choice was to either waste tax payers money by calling for a yet another police dispatch to this hotel, or just get over it.",that,that,PRON,PronType=Rel,33,34,lasted,last,VERB,1,nsubj,NONE,32:ref,1,0,forward
12055,"He preceded to grab the slice off the countertop and throw it into the trash while yelling at me saying, ""you do not order what you do not know about"" and ""you don't know how pizza is made"".",what,what,PRON,PronType=Rel,27,26,order,order,VERB,1,obj,NONE,26:obj;31:obl:about,2,0,backward
12055,"He preceded to grab the slice off the countertop and throw it into the trash while yelling at me saying, ""you do not order what you do not know about"" and ""you don't know how pizza is made"".",how,how,ADV,PronType=Int,40,43,made,make,VERB,3,advmod,NONE,43:advmod,1,0,forward
12057,"He was in the process of making me a pie and when I got home, the pie was the worst I have ever seen.",when,when,ADV,PronType=Int,12,14,got,get,VERB,2,advmod,NONE,14:advmod,1,0,forward
12059,"I think he did it on purpose because of my simple request for another slice of grandma that wasn't so well-done (actually, burnt).",that,that,PRON,PronType=Rel,18,24,done,done,ADJ,6,nsubj,NONE,15:ref,1,0,forward
12062,That little man who thinks he invented pizza can kiss my *ss.,who,who,PRON,PronType=Rel,4,5,thinks,think,VERB,1,nsubj,NONE,3:ref,1,0,forward
12064,The first thing you notice when you arrive on location is that the waiting line literally goes out the door and spills into the parking lot.,when,when,ADV,PronType=Int,6,8,arrive,arrive,VERB,2,advmod,NONE,8:advmod,1,0,forward
12071,"If you have gotten through ordering, dealing with the rude staff and if you followed the dumb rules, you are finally presented with what you came for..some tacos that are ""ok,"" but definitely not worth putting up with all the hassle.",what,what,PRON,PronType=Rel,26,24,presented,present,VERB,2,obl,NONE,24:obl:with;28:obl:for,2,0,backward
12071,"If you have gotten through ordering, dealing with the rude staff and if you followed the dumb rules, you are finally presented with what you came for..some tacos that are ""ok,"" but definitely not worth putting up with all the hassle.",that,that,PRON,PronType=Rel,33,36,ok,ok,ADJ,3,nsubj,NONE,32:ref,1,0,forward
12075,"We were introduced to Bistro Tallulah by traveler-professional diner who happens to own the Adelphi Hotel and travels the world-- and residing in Paris,London, New York the rest of the year.",who,who,PRON,PronType=Rel,12,13,happens,happen,VERB,1,nsubj,NONE,11:ref,1,0,forward
12080,This chef knows what he is doing.,what,what,PRON,PronType=Int,4,7,doing,do,VERB,3,obj,NONE,7:obj,1,0,forward
12085,I rrly seek the cehf out to introduce myself-- but the second time we went-- i made a point of asking our wait person to introduce my friend and myself to the chef to tell him just how good our meals were.,how,how,ADV,PronType=Int,40,41,good,good,ADJ,1,advmod,NONE,41:advmod,1,0,forward
12095,But then again I was nice to them so that could have been why.,why,why,ADV,PronType=Int,14,6,nice,nice,ADJ,8,parataxis,NONE,6:parataxis,1,0,backward
12099,They don't do certain things that are really annoying about other offices.,that,that,PRON,PronType=Rel,7,10,annoying,annoying,ADJ,3,nsubj,NONE,6:ref,1,0,forward
12116,"Well I was in for a treat when I was greeted by the friendly girls at the counter who asked if my wife and I would like to sit in their ""new"" dining room.",when,when,ADV,PronType=Int,8,11,greeted,greet,VERB,3,advmod,NONE,11:advmod,1,0,forward
12116,"Well I was in for a treat when I was greeted by the friendly girls at the counter who asked if my wife and I would like to sit in their ""new"" dining room.",who,who,PRON,PronType=Rel,19,20,asked,ask,VERB,1,nsubj,NONE,15:ref,1,0,forward
12124,"It's nice to see that even in the economy we can eat a place that has upscale service, amazing atmosphere, and Incredible food, but not break the bank while enjoying it!",that,that,PRON,PronType=Rel,16,17,has,have,VERB,1,nsubj,NONE,15:ref,1,0,forward
12125,Bottom line is that when it's a small privatly owned resturant like this is you can tell that the owners and employees take pride in their product and service.,when,when,ADV,PronType=Int,5,12,resturant,restaurant,NOUN,7,advmod,NONE,12:advmod,1,0,forward
12132,He checked out what I needed to have done told me what needed be fixed before he did any work and did great repair work.,what,what,PRON,PronType=Int,4,6,needed,need,VERB,2,obj,NONE,6:obj;8:obj;9:nsubj:xsubj,3,0,forward
12132,He checked out what I needed to have done told me what needed be fixed before he did any work and did great repair work.,what,what,PRON,PronType=Int,12,13,needed,need,VERB,1,nsubj,NONE,13:nsubj;15:nsubj:xsubj,2,0,forward
12133,"The price was actually lower than what I had anticipated and used to compared to other places, plus he showed me the work he did when I came into pick up the car.",what,what,PRON,PronType=Rel,7,5,lower,low,ADJ,2,obl,NONE,5:obl:than;10:obj;12:obl:to,3,0,backward
12133,"The price was actually lower than what I had anticipated and used to compared to other places, plus he showed me the work he did when I came into pick up the car.",when,when,ADV,PronType=Int,27,29,came,come,VERB,2,advmod,NONE,29:advmod,1,0,forward
12134,"Also, a week after the work, Phet called me up to see how my car was running and to let me know that they had accidentally overcharged me for part of the work and wanted to give me a refund for that amount.",how,how,ADV,PronType=Int,15,19,running,run,VERB,4,advmod,NONE,19:advmod,1,0,forward
12136,"I grew up in a small town where you knew and trusted your mechanic and was really cynical about city auto repair shops since I moved here, but Phet has shown that there really are honest hard working mechanics around.",where,where,ADV,PronType=Rel,8,10,knew,know,VERB,2,advmod,NONE,7:ref,1,0,forward
12144,How has it gone so far?,How,how,ADV,PronType=Int,1,4,gone,go,VERB,3,advmod,NONE,4:advmod,1,0,forward
12145,"Well we have been working with Ulistic for 1.5 months, and have 100 people following our site on Facebook, and our web site, www.designofashion.com has seen a 3 fold increase in traffic, which is significantly beating our expectations - SEO is a process that takes time and to get results this quickly is exceptional.",which,which,PRON,PronType=Rel,37,40,beating,beat,VERB,3,nsubj,NONE,33:ref,1,0,forward
12145,"Well we have been working with Ulistic for 1.5 months, and have 100 people following our site on Facebook, and our web site, www.designofashion.com has seen a 3 fold increase in traffic, which is significantly beating our expectations - SEO is a process that takes time and to get results this quickly is exceptional.",that,that,PRON,PronType=Rel,48,49,takes,take,VERB,1,nsubj,NONE,47:ref,1,0,forward
12150,"The excellent windows have performed without any problems, but that's not why I'm writing my review.",why,why,ADV,PronType=Rel,14,5,performed,perform,VERB,9,conj,NONE,5:conj:but;17:advmod,2,0,backward
12156,"I called Home-Excel the next day to order a replacement screen for the window, and was happily surprised when they said that they weren't even going to charge me for the replacement screen...that it would be covered under their guarentee.",when,when,ADV,PronType=Int,22,24,said,say,VERB,2,advmod,NONE,24:advmod,1,0,forward
12157,"Lo and behold, they replaced the screen (which had to be ordered) yesterday and didn't charge me a dime.",which,which,PRON,PronType=Rel,10,11,had,have,VERB,1,nsubj,NONE,8:ref,1,0,forward
12170,"Security in the hotel seemed to be excellent, but we were never given an explanation as to why someone would open these items.",why,why,ADV,PronType=Int,19,22,open,open,VERB,3,advmod,NONE,22:advmod,1,0,forward
12172,"When we called the front desk about an extremely boisterous crowd in the hall outside our door quite late at night, it seemed to take the hotel staff quite a while to quiet them down.",When,when,ADV,PronType=Int,1,3,called,call,VERB,2,advmod,NONE,3:advmod,1,0,forward
12174,Be Careful Of Who Your Sales Guy Is,Who,who,PRON,PronType=Int,4,2,Careful,careful,ADJ,2,advcl,NONE,2:advcl:of,1,1,backward
12177,It ALL had to do with the sales guy which was a young 22 year old who had admittedly only been working for 2 weeks.,which,which,PRON,PronType=Rel,10,15,year,year,NOUN,5,nsubj,NONE,9:ref,1,0,forward
12177,It ALL had to do with the sales guy which was a young 22 year old who had admittedly only been working for 2 weeks.,who,who,PRON,PronType=Rel,17,22,working,work,VERB,5,nsubj,NONE,15:ref,1,0,forward
12180,"I don't know if the kid had a bad day or what, but I had to sit and apologize about nothing for 10 minutes until he dropped the issue.",what,what,PRON,PronType=Int,13,8,had,have,VERB,5,conj,NONE,4:ccomp;8:conj:or,2,0,backward
12182,I played dumb and asked him questions that I already knew the answers to and he responded with half truths and a few falsehoods.,that,that,PRON,PronType=Rel,8,13,answers,answer,NOUN,5,nmod,NONE,7:ref,1,1,forward
12183,"For instance I asked who owned Mazda and he said with confidence that was GM, which isn't true.",who,who,PRON,PronType=Int,5,6,owned,own,VERB,1,nsubj,NONE,6:nsubj,1,0,forward
12183,"For instance I asked who owned Mazda and he said with confidence that was GM, which isn't true.",which,which,PRON,PronType=Rel,17,20,true,true,ADJ,3,nsubj,NONE,15:ref,1,0,forward
12184,"I mean, I don't care if he doesn't know, but if he pretends to know and tells me BS to my face, there's no way I'm going to trust him when matters turn to the price of the car and financing.",when,when,ADV,PronType=Int,38,40,turn,turn,VERB,2,advmod,NONE,40:advmod,1,0,forward
12190,They also got my friends order mixed up and wanted to charger her $10 more than what she had wanted.,what,what,PRON,PronType=Rel,19,17,more,more,ADJ,2,obl,NONE,17:obl:than;22:obj,2,0,backward
12194,They were abrasive and rude - when they were the ones who messed everything up.,when,when,ADV,PronType=Int,7,11,ones,one,NOUN,4,advmod,NONE,11:advmod,1,0,forward
12194,They were abrasive and rude - when they were the ones who messed everything up.,who,who,PRON,PronType=Rel,12,13,messed,mess,VERB,1,nsubj,NONE,11:ref,1,0,forward
12196,"I dont know how it is possible to make orange chicken, sesame chicken and kung pao chicken as well as cheese puffs taste THAT bad but China Delight accomplished that.",how,how,ADV,PronType=Int,5,8,possible,possible,ADJ,3,advmod,NONE,8:advmod,1,0,forward
12197,The only thing that was edible was the steamed rice and the vegetable lo mein was barely tolerable.,that,that,PRON,PronType=Rel,4,6,edible,edible,ADJ,2,nsubj,NONE,3:ref,1,0,forward
12200,I have no idea how China Delight won number 1 Chinese restaurant in Montgomery - There needs to be a recount on that vote.,how,how,ADV,PronType=Int,5,8,won,win,VERB,3,advmod,NONE,8:advmod,1,0,forward
12206,"We went in for a third visit and they fixed it again, but this time when we picked up the car, the radio and clock did not work.",when,when,ADV,PronType=Int,17,19,picked,pick,VERB,2,advmod,NONE,19:advmod,1,0,forward
12208,"When we expressed our discontent to the manager (that's right, the manager), did he say he would return some money, did he say he would give a discount on our next visit, did he just say ""I'm sorry"".",When,when,ADV,PronType=Int,1,3,expressed,express,VERB,2,advmod,NONE,3:advmod,1,0,forward
12210,He stood there and told us how he wasn't at fault.,how,how,ADV,PronType=Int,7,12,fault,fault,NOUN,5,advmod,NONE,12:advmod,1,0,forward
12211,"It was the fault of the parts supplier, and can we imagine how he felt having to put another 2 hours of work in the car.",how,how,ADV,PronType=Int,14,16,felt,feel,VERB,2,advmod,NONE,16:advmod,1,0,forward
12212,And what did we expect...that he bench test every part.,what,what,PRON,PronType=Int,2,5,expect,expect,VERB,3,obj,NONE,5:obj,1,0,forward
12217,I dropped off a sheet metal piece that I needed copied due to th it was needing to be replaced.,that,that,PRON,PronType=Rel,8,10,needed,need,VERB,2,obj,NONE,7:ref,1,0,forward
12220,I picked it up when it was finished and was charge 30.00.,when,when,ADV,PronType=Int,5,8,finished,finished,ADJ,3,advmod,NONE,8:advmod,1,0,forward
12221,When I got to the job and tried to insert the new piece of metal IT WOULD NOT FIT!!,When,when,ADV,PronType=Int,1,3,got,get,VERB,2,advmod,NONE,3:advmod,1,0,forward
12223,I took the receipt and the metal that did not fit and asked Pomper for my money back.,that,that,PRON,PronType=Rel,8,11,fit,fit,VERB,3,nsubj,NONE,7:ref,1,0,forward
12226,I explained I did not get what I paid for.,what,what,PRON,PronType=Rel,7,6,get,get,VERB,1,obj,NONE,6:obj;9:obl:for,2,0,backward
12232,There are to many people that need our business to have to put up with this unfair treatment!!!!!,that,that,PRON,PronType=Rel,6,7,need,need,VERB,1,nsubj,NONE,5:ref,1,0,forward
12234,When I originally joined in January I only did so because I was told I would be able to cancel the 12 month membership if I was to move away.,When,when,ADV,PronType=Int,1,4,joined,join,VERB,3,advmod,NONE,4:advmod,1,0,forward
12235,I signed up with one of the staff who was very pleasant and professional.,who,who,PRON,PronType=Rel,9,12,pleasant,pleasant,ADJ,3,nsubj,NONE,5:ref,1,0,forward
12240,"The owner was VERY rude, accused me of not reading my contract, and basically told me to shut up when I was trying to ask questions to further understand the process of canceling my membership.",when,when,ADV,PronType=Int,22,25,trying,try,VERB,3,advmod,NONE,25:advmod,1,0,forward
12241,I was able to cancel it but only after paying a $50 fee (which the staff person who signed me up stated I would not have to pay if I had proof of moving) and being spoken to in a very belittling manner.,which,which,PRON,PronType=Rel,16,30,pay,pay,VERB,14,obj,NONE,14:ref,1,4,forward
12241,I was able to cancel it but only after paying a $50 fee (which the staff person who signed me up stated I would not have to pay if I had proof of moving) and being spoken to in a very belittling manner.,who,who,PRON,PronType=Rel,20,21,signed,sign,VERB,1,nsubj,NONE,19:ref,1,0,forward
12255,"What was I supposed to do, say I can't afford you and walk out with crap all over my hair.",What,what,PRON,PronType=Int,1,6,do,do,VERB,5,obj,NONE,6:obj,1,1,forward
12256,I wanted to be very blonde and instead he pulled my root color throughout my whole hair which is a gross mousey brown.,which,which,PRON,PronType=Rel,18,23,brown,brown,NOUN,5,nsubj,NONE,17:ref,1,0,forward
12258,$400 later my jaw dropped when the receptionist told me the total.,when,when,ADV,PronType=Int,7,10,told,tell,VERB,3,advmod,NONE,10:advmod,1,0,forward
12271,"Working with Rod Jacobsen was my first experience working with a CPA, so I did not know what to expect.",what,what,PRON,PronType=Int,19,21,expect,expect,VERB,2,obj,NONE,21:obj,1,1,forward
12273,"However, then I asked to amend my return to apply a credit I had just become eligible for.",However,however,ADV,_,1,5,asked,ask,VERB,4,advmod,NONE,5:advmod,1,0,forward
12274,"I expected to pay for this service, but imagine my surprise when I received a bill for MORE than what I paid to have the original return prepared.",when,when,ADV,PronType=Int,13,15,received,receive,VERB,2,advmod,NONE,15:advmod,1,0,forward
12274,"I expected to pay for this service, but imagine my surprise when I received a bill for MORE than what I paid to have the original return prepared.",what,what,PRON,PronType=Rel,21,19,MORE,more,ADJ,2,obl,NONE,19:obl:than;23:obj,2,0,backward
12275,"Asked why, Rod simply told me that he had to research how to do the amendment (it was an amended to show that I had purchased a home - nothing out of the ordinary, one would think) and that took time to figure out.",why,why,ADV,PronType=Int,2,1,Asked,ask,VERB,1,advmod,NONE,1:advmod,1,0,backward
12275,"Asked why, Rod simply told me that he had to research how to do the amendment (it was an amended to show that I had purchased a home - nothing out of the ordinary, one would think) and that took time to figure out.",how,how,ADV,PronType=Int,13,15,do,do,VERB,2,advmod,NONE,15:advmod,1,1,forward
12278,"However, now that I have come to realize that I am going to owe the IRS $6,000+ despite doing exactly what Rod told me to do, I feel I have to voice my opinion.",However,however,ADV,_,1,32,feel,feel,VERB,31,advmod,NONE,32:advmod,1,13,forward
12278,"However, now that I have come to realize that I am going to owe the IRS $6,000+ despite doing exactly what Rod told me to do, I feel I have to voice my opinion.",what,what,PRON,PronType=Rel,24,22,doing,do,VERB,2,obj,NONE,22:obj;29:obj,2,0,backward
12281,"Well, again, I am now faced with a tax bill of $6,000+, all due on April 15, 2010 and all that Rod has to say to the matter is 'well, you won't have to pay a penalty.'",that,that,PRON,PronType=Rel,27,31,say,say,VERB,4,obj,NONE,26:ref,1,2,forward
12282,"I may not have to pay a penalty, yet, but this is NOT what I had in mind when hired these guys.",what,what,PRON,PronType=Rel,16,4,have,have,VERB,12,conj,NONE,4:conj:but;18:obj,2,2,backward
12282,"I may not have to pay a penalty, yet, but this is NOT what I had in mind when hired these guys.",when,when,ADV,PronType=Int,21,22,hired,hire,VERB,1,advmod,NONE,22:advmod,1,0,forward
12291,"The guy who was cutting me the deals and getting me the furniture quickly, Ahmed, was nice and mostly professional, except the semi-sketchiness.",who,who,PRON,PronType=Rel,3,5,cutting,cut,VERB,2,nsubj,NONE,2:ref,1,0,forward
12293,He also neglected to tell the other person working at the store about a dining room table that I had ordered and that was supposed to be coming in.,that,that,PRON,PronType=Rel,18,21,ordered,order,VERB,3,obj,NONE,17:ref,1,0,forward
12293,He also neglected to tell the other person working at the store about a dining room table that I had ordered and that was supposed to be coming in.,that,that,PRON,PronType=Rel,23,25,supposed,suppose,VERB,2,nsubj:pass,pass,17:ref,1,0,forward
12300,I've had to pester this new guy several times to ask when my table will arrive.,when,when,ADV,PronType=Int,13,17,arrive,arrive,VERB,4,advmod,NONE,17:advmod,1,0,forward
12302,"It has been 3 weeks and I STILL don't have my table (which was NOT cheap, I might add).",which,which,PRON,PronType=Rel,15,18,cheap,cheap,ADJ,3,nsubj,NONE,13:ref,1,0,forward
12303,"Point is: You might be able to get a good deal on some nice furniture -- which I did -- but they're not very communicative and god forbid something goes wrong, you'll have to fight to get it resolved.",which,which,PRON,PronType=Rel,18,9,get,get,VERB,9,advcl:relcl,relcl,9:advcl:relcl,1,0,backward
12312,"I spent $2300 on the bedroom suite, which was complete and excellent condition on the showroom floor.",which,which,PRON,PronType=Rel,10,12,complete,complete,ADJ,2,nsubj,NONE,8:ref,1,0,forward
12314,How do you lose a drawer.,How,how,ADV,PronType=Int,1,4,lose,lose,VERB,3,advmod,NONE,4:advmod,1,0,forward
12330,"Gerry pleasantly said "" since I am already here why don't we give it shot.",why,why,ADV,PronType=Int,10,14,give,give,VERB,4,advmod,NONE,14:advmod,1,0,forward
12340,Well it took us a while to find one that we liked.,that,that,PRON,PronType=Rel,10,12,liked,like,VERB,2,obj,NONE,9:ref,1,0,forward
12343,We just happen to stumble across this little restaurant one day when we had to visit the Bexar County Tax Office off of Bandera Road.,when,when,ADV,PronType=Int,12,14,had,have,VERB,2,advmod,NONE,14:advmod,1,0,forward
12365,"Then he renigged when he read my Health Care Proxy, even though i agreed to be on the ventilator for 2 months following surgery (as he had twice stated i must agree to).",when,when,ADV,PronType=Int,4,6,read,read,VERB,2,advmod,NONE,6:advmod,1,0,forward
12368,"He did not even give me the chance to say i would stay on the ventilator longer, which i would have.",which,which,PRON,PronType=Rel,19,13,stay,stay,VERB,6,advcl:relcl,relcl,13:advcl:relcl,1,0,backward
12375,"Even my PA i went to the other day said ""it must by comforting to have gone to a heart surgeon like him who will do nothing for you"".",who,who,PRON,PronType=Rel,25,27,do,do,VERB,2,nsubj,NONE,22:ref,1,0,forward
12377,"If you want a doctor who will lie to you and say he will operate and then change his mind, and not know what he is talking about when he recommends procedures at other hospitals and says they are what you need, when they will not work for you, go to this doctor...he is the one for you.",who,who,PRON,PronType=Rel,6,8,lie,lie,VERB,2,nsubj,NONE,5:ref,1,0,forward
12377,"If you want a doctor who will lie to you and say he will operate and then change his mind, and not know what he is talking about when he recommends procedures at other hospitals and says they are what you need, when they will not work for you, go to this doctor...he is the one for you.",what,what,PRON,PronType=Int,25,28,talking,talk,VERB,3,obl,NONE,28:obl:about,1,0,forward
12377,"If you want a doctor who will lie to you and say he will operate and then change his mind, and not know what he is talking about when he recommends procedures at other hospitals and says they are what you need, when they will not work for you, go to this doctor...he is the one for you.",when,when,ADV,PronType=Int,30,32,recommends,recommend,VERB,2,advmod,NONE,32:advmod,1,0,forward
12377,"If you want a doctor who will lie to you and say he will operate and then change his mind, and not know what he is talking about when he recommends procedures at other hospitals and says they are what you need, when they will not work for you, go to this doctor...he is the one for you.",what,what,PRON,PronType=Rel,41,38,says,say,VERB,3,ccomp,NONE,38:ccomp;43:obj,2,0,backward
12377,"If you want a doctor who will lie to you and say he will operate and then change his mind, and not know what he is talking about when he recommends procedures at other hospitals and says they are what you need, when they will not work for you, go to this doctor...he is the one for you.",when,when,ADV,PronType=Int,45,49,work,work,VERB,4,advmod,NONE,49:advmod,1,0,forward
12378,What you can learn from the below 'bad experience'.,What,what,PRON,PronType=Int,1,4,learn,learn,VERB,3,obj,NONE,4:obj,1,0,forward
12381,"I've toured this place and was impressed by how clean the place was, and all the options for the dogs.",how,how,ADV,PronType=Int,10,11,clean,clean,ADJ,1,advmod,NONE,11:advmod,1,0,forward
12383,"But I've done hundreds of dog introductions myself (another place, I don't work here), and owners can have unrealistic expectations and views of what they see when their dogs meet other dogs.",what,what,PRON,PronType=Int,30,32,see,see,VERB,2,obj,NONE,32:obj,1,0,forward
12383,"But I've done hundreds of dog introductions myself (another place, I don't work here), and owners can have unrealistic expectations and views of what they see when their dogs meet other dogs.",when,when,ADV,PronType=Int,33,36,meet,meet,VERB,3,advmod,NONE,36:advmod,1,0,forward
12384,Workers who do these introductions look at the interaction objectively; and it's good to see they are able and willing to say no if they feel there would be a problem.,who,who,PRON,PronType=Rel,2,3,do,do,VERB,1,nsubj,NONE,1:ref,1,0,forward
12388,"You were clearly given another alternative by Second Home, to board him - which might have given your dog a chance to come and go from Second Home a couple times, getting used to the place and maybe facilitating another attempt to get into daycare later.",which,which,PRON,PronType=Rel,15,18,given,give,VERB,3,nsubj,NONE,12:ref,1,0,forward
12389,No business is going to push customers away without good reason; so isn't it reasonable to think they might know what they're doing?,what,what,PRON,PronType=Int,23,26,doing,do,VERB,3,obj,NONE,26:obj,1,0,forward
12405,he says: Why you tell me your in WARWICK TOWNSHIP?,Why,why,ADV,PronType=Int,4,6,tell,tell,VERB,2,advmod,NONE,6:advmod,1,0,forward
12415,"Hmmm, she says, Then why are you calling here, we don't go past broad?",why,why,ADV,PronType=Int,7,10,calling,call,VERB,3,advmod,NONE,10:advmod,1,0,forward
12421,Within a week we noticed one of the boards on our gate splitting where a nail had gone in.,where,where,ADV,PronType=Int,14,18,gone,go,VERB,4,advmod,NONE,18:advmod,1,0,forward
12422,We called our representative who assured me he would call the office and have it taken care of.,who,who,PRON,PronType=Rel,5,6,assured,assure,VERB,1,nsubj,NONE,4:ref,1,0,forward
12424,We then called the office and the man we spoke to said he'd send someone out to look at it but couldn't promise when- two weeks came and went and we heard nothing.,when,when,ADV,PronType=Int,26,25,promise,promise,VERB,1,ccomp,NONE,25:ccomp,1,0,backward
12425,"I just called again and was told that workmanship, not wood, is guaranteed for a year- well in my opinion- the wood split due to a nail which is part of workmanship!",which,which,PRON,PronType=Rel,32,34,part,part,NOUN,2,nsubj,NONE,31:ref,1,0,forward
12427,Well- when you pay over $1000 for something you want it to hold up and look good!!!,when,when,ADV,PronType=Int,3,5,pay,pay,VERB,2,advmod,NONE,5:advmod,1,0,forward
12430,I'm very frustrated at this point- it would take all of 10 min for them to come by and replace the one board that is cracked (the crack is deep enough to stick a penny in it and it goes clear through) yet they do not want to take the time to bother with what once WAS a happy customer and has now become a dissatisfied customer.,that,that,PRON,PronType=Rel,26,28,cracked,crack,VERB,2,nsubj:pass,pass,25:ref,1,0,forward
12430,I'm very frustrated at this point- it would take all of 10 min for them to come by and replace the one board that is cracked (the crack is deep enough to stick a penny in it and it goes clear through) yet they do not want to take the time to bother with what once WAS a happy customer and has now become a dissatisfied customer.,what,what,PRON,PronType=Rel,59,57,bother,bother,VERB,2,obl,NONE,57:obl:with;64:nsubj;68:nsubj,3,0,backward
12431,So I figure if they don't want to take the time to fix the fence that they installed then I'll take the time to let everyone I can know about how they treat customers once they have your money!!!,that,that,PRON,PronType=Rel,17,19,installed,install,VERB,2,obj,NONE,16:ref,1,0,forward
12431,So I figure if they don't want to take the time to fix the fence that they installed then I'll take the time to let everyone I can know about how they treat customers once they have your money!!!,how,how,ADV,PronType=Int,33,35,treat,treat,VERB,2,advmod,NONE,35:advmod,1,0,forward
12433,YOU GET WHAT YOU PAY FOR!!!,WHAT,what,PRON,PronType=Rel,3,2,GET,get,VERB,1,obj,NONE,2:obj;5:obl:for,2,0,backward
12434,They came in under a lot of other quotes and now I know why!!!,why,why,ADV,PronType=Int,14,13,know,know,VERB,1,advmod,NONE,13:advmod,1,0,backward
12435,"When the fence was first installed I would have given them five stars, now for their poor customer follow-up and unwillingness to fix the fence they have dropped to a one-star in my opinion!",When,when,ADV,PronType=Int,1,6,installed,install,VERB,5,advmod,NONE,6:advmod,1,0,forward
12438,I then called the 800 number (which was answered) and inquired about last minute rates.,which,which,PRON,PronType=Rel,8,10,answered,answer,VERB,2,nsubj:pass,pass,6:ref,1,0,forward
12439,"They had a room with a $99 rate, which I booked.",which,which,PRON,PronType=Rel,11,13,booked,book,VERB,2,obj,NONE,4:ref,1,0,forward
12441,"The email confirmation (which I read in the car) warned about large suitcases, declaring that we are innkeepers, not longshoreman.",which,which,PRON,PronType=Rel,5,7,read,read,VERB,2,obj,NONE,3:ref,1,0,forward
12443,However upon our arrival no one there (the inn was open).,However,however,ADV,_,1,6,one,one,PRON,5,advmod,NONE,6:advmod,1,0,forward
12456,"(By whom, I don't know.",whom,whom,PRON,PronType=Int,3,8,know,know,VERB,5,obl,NONE,8:obl:by,1,0,forward
12459,"Snacks: uninspired bread, tea backs, and individual coffee things for a machine that didn't exist.",that,that,PRON,PronType=Rel,16,19,exist,exist,VERB,3,nsubj,NONE,15:ref,1,0,forward
12462,"Room was clean, but had a weird, dated, sink/stove combo that didn't work.",that,that,PRON,PronType=Rel,16,19,work,work,VERB,3,nsubj,NONE,15:ref,1,0,forward
12463,Bath was clean except shower stall which had mildew problems.,which,which,PRON,PronType=Rel,7,8,had,have,VERB,1,nsubj,NONE,6:ref,1,0,forward
12471,"The worst thing that can happen for any restaurant like Zahav is to have too many people write hyperbolic reviews making claims that ""everyone"" is going to ""love"" the food, decor and service.",that,that,PRON,PronType=Rel,4,6,happen,happen,VERB,2,nsubj,NONE,3:ref,1,0,forward
12473,"It's an entirely up and down experience, however.",however,however,ADV,_,10,8,experience,experience,NOUN,2,advmod,NONE,8:advmod,1,0,backward
12478,"Then again, for the three of us who dined together, two pieces of flatbread left us fighting for more, and licking the hummus from our fingers (and yes, those two pieces of flatbread did represent a three-person order).",who,who,PRON,PronType=Rel,9,10,dined,dine,VERB,1,nsubj,NONE,6:ref,1,0,forward
12486,"And my--no, I still don't remember what I had.",what,what,PRON,PronType=Int,11,13,had,have,VERB,2,obj,NONE,13:obj,1,0,forward
12487,"Service was average, but nothing special, and restaurants that are supposed to be excellent should do a better job of training their waitstaff to be communicative and friendly, not merely capable.",that,that,PRON,PronType=Rel,11,13,supposed,suppose,VERB,2,nsubj:pass,pass,10:ref,1,0,forward
12490,"PS) When we called for a reservation, we were told that 5:00 and 9:30 were their only openings.",When,when,ADV,PronType=Int,3,5,called,call,VERB,2,advmod,NONE,5:advmod,1,0,forward
12491,"When we arrived at 5, and left circa 7, there were the same 4 or 5 empty tables surrounding us.",When,when,ADV,PronType=Int,1,3,arrived,arrive,VERB,2,advmod,NONE,3:advmod,1,0,forward
12495,They felt like they were going to fall off of me and it was very difficult to see what I would actually look like were I to purchase some of these dresses.,what,what,PRON,PronType=Int,19,23,look,look,VERB,4,obl,NONE,23:obl:like,1,0,forward
12496,I thought it would be a good idea to see how a few that I liked would look like on a model (by looking the dress up online).,how,how,ADV,PronType=Int,11,18,look,look,VERB,7,advmod,NONE,18:advmod,1,1,forward
12496,I thought it would be a good idea to see how a few that I liked would look like on a model (by looking the dress up online).,that,that,PRON,PronType=Rel,14,16,liked,like,VERB,2,obj,NONE,13:ref,1,0,forward
12503,"Whatever type of operation they are running, I'm not interested and if you're smart, you won't be either.",Whatever,whatever,DET,PronType=Int,1,2,type,type,NOUN,1,det,NONE,2:det,1,0,forward
12504,What a waste of TIME.,What,what,PRON,PronType=Int,1,3,waste,waste,NOUN,2,det:predet,predet,3:det:predet,1,0,forward
12505,"Aside from that little *mystery*, one of the sales ladies was quite comfortable telling me how wrong I was about how another dress that I loved compared to one of her dresses that I was trying on.",how,how,ADV,PronType=Int,19,20,wrong,wrong,ADJ,1,advcl,NONE,20:advcl,1,0,forward
12505,"Aside from that little *mystery*, one of the sales ladies was quite comfortable telling me how wrong I was about how another dress that I loved compared to one of her dresses that I was trying on.",how,how,ADV,PronType=Int,24,30,compared,compare,VERB,6,advmod,NONE,30:advmod,1,1,forward
12505,"Aside from that little *mystery*, one of the sales ladies was quite comfortable telling me how wrong I was about how another dress that I loved compared to one of her dresses that I was trying on.",that,that,PRON,PronType=Rel,27,29,loved,love,VERB,2,obj,NONE,26:ref,1,0,forward
12505,"Aside from that little *mystery*, one of the sales ladies was quite comfortable telling me how wrong I was about how another dress that I loved compared to one of her dresses that I was trying on.",that,that,PRON,PronType=Rel,36,39,trying,try,VERB,3,obj,NONE,32:ref,1,0,forward
12506,"Somehow, since she supposedly doesn't know any names of designers/dresses, after I told her the designer and dress name of the one I was comparing, she knew ""exactly which dress"" I was referring to and disagreed with my observation; she said that the bodice did come as low as the one I had on.",which,which,DET,PronType=Int,36,37,dress,dress,NOUN,1,det,NONE,37:det,1,0,forward
12510,"Unless you want to take the ""tell the customer how wrong she is and try and force her into a dress she's obviously not loving"" approach which will likely get you... uh... nowhere.",how,how,ADV,PronType=Int,11,12,wrong,wrong,ADJ,1,advmod,NONE,12:advmod,1,0,forward
12510,"Unless you want to take the ""tell the customer how wrong she is and try and force her into a dress she's obviously not loving"" approach which will likely get you... uh... nowhere.",which,which,PRON,PronType=Rel,30,33,get,get,VERB,3,nsubj,NONE,29:ref,1,0,forward
12513,Not owners that seem like they have something to hide and know nothing about common courtesy and customer service.,that,that,PRON,PronType=Rel,3,4,seem,seem,VERB,1,nsubj,NONE,2:ref,1,0,forward
12518,"I waited about 20 minutes in the store part before anyone was able to assist me and was then told to pull my car into the shop (that is apparently what you are supposed to do, but the big signs pointing you that way are for some reason kept inside the garage, so you don't see them drving up, and they purposely block the front pull-up that all other Sear's use).",what,what,PRON,PronType=Rel,32,2,waited,wait,VERB,30,parataxis,NONE,2:parataxis;37:obj,2,6,backward
12518,"I waited about 20 minutes in the store part before anyone was able to assist me and was then told to pull my car into the shop (that is apparently what you are supposed to do, but the big signs pointing you that way are for some reason kept inside the garage, so you don't see them drving up, and they purposely block the front pull-up that all other Sear's use).",that,that,PRON,PronType=Rel,74,78,use,use,VERB,4,obj,NONE,73:ref,1,0,forward
12524,"The following Friday, I returned with my car to go ahead and replace the other 3 tires, which were worn.",which,which,PRON,PronType=Rel,20,22,worn,worn,ADJ,2,nsubj,NONE,18:ref,1,0,forward
12529,"However, when he printed out the service quote, I could see that it was NOT the correct tire, and was not even an appropriate tire for my car model.",However,however,ADV,_,1,13,see,see,VERB,12,advmod,NONE,13:advmod,1,1,forward
12529,"However, when he printed out the service quote, I could see that it was NOT the correct tire, and was not even an appropriate tire for my car model.",when,when,ADV,PronType=Int,3,5,printed,print,VERB,2,advmod,NONE,5:advmod,1,0,forward
12530,"So I pointed this out to him, at which point he said they only had one of the correct tires in stock.",which,which,DET,PronType=Rel,10,11,point,point,NOUN,1,det,NONE,11:det,1,0,forward
12535,"A few minutes after I left, I was called and informed that ""I"" left my wheel lock (which they should have left in the car).",which,which,PRON,PronType=Rel,22,26,left,leave,VERB,4,obj,NONE,20:ref,1,0,forward
12540,On Monday I called and again it was a big to-do to find anyone who knew anything about it.,who,who,PRON,PronType=Rel,17,18,knew,know,VERB,1,nsubj,NONE,16:ref,1,0,forward
12542,The employees at this Sear's are completely apathetic and there didn't seem to be any sort of management that I could see.,that,that,PRON,PronType=Rel,20,23,see,see,VERB,3,obj,NONE,19:ref,1,0,forward
