"position_id","Word_Unique_ID","Text_ID","Word_Number","Word_Length","Word_POS","Word_In_Sentence_Number","OrthoMatchModel","POSMatchModel","LSA_Response_Match_Score","mean_log_ffd","n_fixations"
"1-2","QID1",1,2,3,"Verb",2,0.390221218,0.870389847,0.78225,5.16765087779779,60
"1-3","QID2",1,3,3,"Adverb",3,0.005514142,0.086807051,0.48025,5.17009578400187,60
"1-4","QID3",1,4,9,"Noun",4,0.005514142,0.06312702,0.106153846,5.21146522623162,75
"1-6","QID5",1,6,5,"Noun",6,0.005514142,0.256842685,0.1925,5.24661876835851,69
"1-7","QID6",1,7,5,"Verb",7,0.005625635,0.817398543,0.313,5.33443679264847,73
"1-8","QID7",1,8,4,"Adverb",8,0.005514142,0.018092951,0.29075,5.27314174140591,68
"1-9","QID8",1,9,6,"Verb",9,0.005514142,0.986296592,0.12875,5.33822860249036,77
"1-11","QID10",1,11,5,"Adjective",11,0.005514142,0.134906151,0.103421053,5.4350072354838,70
"1-12","QID11",1,12,5,"Noun",12,0.048416672,0.941998841,0.1855,5.42924918128453,70
"1-13","QID12",1,13,5,"Noun",13,0.005514142,0.699473367,0.10625,5.38227773163554,75
"1-16","QID15",1,16,7,"Noun",16,0.193416758,0.894493933,0.274615385,5.25611284794579,76
"1-17","QID16",1,17,2,"Verb",17,0.120236188,0.964973399,0.5995,4.86615779385008,38
"1-18","QID17",1,18,11,"Verb",18,0.005514142,0.256842685,0.20775,5.0964998674243,83
"1-20","QID19",1,20,9,"Adjective",20,0.005514142,0.159161123,0.154,5.28686618322094,82
"1-21","QID20",1,21,7,"Noun",21,0.168951935,0.986296592,0.281538462,5.31230392694101,75
"1-23","QID22",1,23,5,"Noun",2,0.005514142,0.846157828,0.117435897,5.38246090779975,74
"1-24","QID23",1,24,7,"Verb",3,0.02554349,0.502697117,0.3605,5.25423166545481,76
"1-25","QID24",1,25,4,"Verb",4,0.267057509,0.964973399,0.6315,5.27860416771044,52
"1-27","QID26",1,27,10,"Noun",6,0.005514142,0.72401138,0.118648649,5.33438036637041,80
"1-29","QID28",1,29,7,"Noun",8,0.096048271,0.404238249,0.231578947,5.32548420611105,73
"1-32","QID31",1,32,3,"Verb",11,0.686208264,0.986296592,0.9045,5.20209855223944,56
"1-33","QID32",1,33,3,"Verb",12,0.193416758,0.797445569,0.43375,5.11460307758251,45
"1-36","QID35",1,36,7,"Verb",15,0.02554349,0.941998841,0.124358974,5.11841177916425,73
"1-38","QID37",1,38,5,"Noun",17,0.048416672,0.894493933,0.148648649,5.31301958482072,70
"1-41","QID40",1,41,5,"Noun",20,0.316280085,0.941998841,0.634782609,5.20834926736613,46
"1-43","QID42",1,43,3,"Verb",2,0.661573841,0.964973399,0.86675,5.35674231877483,55
"1-44","QID43",1,44,6,"Verb",3,0.005514142,0.256842685,0.227,5.26381622063499,70
"1-47","QID46",1,47,5,"Noun",6,0.488907857,0.986296592,0.68375,5.35289882708082,56
"1-48","QID47",1,48,4,"Noun",7,0.02554349,0.06312702,0.47075,5.30918123361582,64
"1-50","QID49",1,50,4,"Verb",9,0.005514142,0.986296592,0.1685,5.41223847385086,62
"1-52","QID51",1,52,6,"Noun",11,0.005514142,0.964973399,0.09,5.38159713546944,72
"1-54","QID53",1,54,5,"Noun",13,0.144550466,0.846157828,0.2295,5.34526664354804,65
"1-57","QID56",1,57,4,"Noun",16,0.930350315,0.986296592,0.96475,5.38134763842266,51
"2-2","QID58",2,2,4,"Noun",2,0.023933028,0.666313313,0.309285714,5.23724960941826,67
"2-3","QID59",2,3,5,"Adverb",3,0.09105163,0.596018749,0.507857143,5.10972804730014,59
"2-5","QID61",2,5,7,"Adjective",5,0.004972087,0.105381991,0.033571429,5.26491158950918,70
"2-6","QID62",2,6,10,"Noun",6,0.005075139,0.682442073,0.028809524,5.43808671575948,83
"2-7","QID63",2,7,7,"Noun",7,0.004972087,0.221193459,0.154047619,5.38310294401455,76
"2-9","QID65",2,9,3,"Verb",9,0.069788653,0.896448725,0.54225,5.28324994253407,36
"2-10","QID66",2,10,9,"Verb",10,0.024445909,0.730174813,0.186097561,5.36933434918868,79
"2-12","QID68",2,12,11,"Adjective",12,0.005045012,0.061381678,0.10975,5.39966574263601,80
"2-13","QID69",2,13,7,"Noun",13,0.005045012,0.965203917,0.119268293,5.29152215803362,77
"2-14","QID70",2,14,5,"Noun",14,0.005045012,0.084481138,0.241463415,5.36859326968975,73
"2-17","QID73",2,17,9,"Noun",17,0.765054917,0.942782217,0.825121951,5.34171904113634,68
"2-20","QID76",2,20,3,"Verb",20,0.260017704,0.919769099,0.594878049,5.21436255930181,45
"2-23","QID79",2,23,9,"Verb",23,0.04673449,0.942782217,0.246097561,5.28907332830592,79
"2-26","QID82",2,26,7,"Noun",26,0.005045012,0.514265739,0.222439024,5.32205931372817,70
"2-28","QID84",2,28,9,"Adverb",28,0.005045012,0.038797623,0.107317073,5.47483973254231,75
"2-29","QID85",2,29,6,"Adjective",29,0.404247252,0.586318243,0.568292683,5.27722207101377,69
"2-31","QID87",2,31,5,"Adjective",31,0.024445909,0.849309179,0.1915,5.23854050509069,68
"2-32","QID88",2,32,5,"Noun",32,0.260017704,0.919769099,0.440243902,5.03162899533204,72
"2-35","QID91",2,35,8,"Noun",35,0.025542959,0.891376168,0.294473684,5.30604182822915,74
"2-37","QID93",2,37,6,"Verb",2,0.005045012,0.610324976,0.102195122,5.3787965425962,75
"2-39","QID95",2,39,4,"Noun",4,0.332076378,0.754084545,0.476585366,5.42413224491414,65
"2-42","QID98",2,42,11,"Adjective",7,0.005045012,0.038797623,0.058780488,5.32608636852574,78
"2-43","QID99",2,43,6,"Noun",8,0.024445909,0.730174813,0.2675,5.35256324209023,63
"2-45","QID101",2,45,5,"Noun",2,0.116782857,0.394174994,0.428780488,5.39893147671707,70
"2-47","QID103",2,47,3,"Verb",4,0.669023219,0.849309179,0.915365854,5.03871509614274,46
"2-48","QID104",2,48,8,"Adverb",5,0.005045012,0.084481138,0.452439024,5.31689082611319,77
"2-50","QID106",2,50,6,"Adjective",7,0.005045012,0.084481138,0.127804878,5.30464826164192,71
"2-51","QID107",2,51,4,"Noun",8,0.164306744,0.490243405,0.33804878,5.20279929609104,54
"2-53","QID109",2,53,5,"Noun",10,0.005216221,0.791881269,0.183658537,5.39018535941274,62
"2-55","QID111",2,55,3,"Verb",12,0.537559185,0.797001844,0.907,5.18652113136571,56
"2-57","QID113",2,57,11,"Verb",14,0.024975722,0.723598475,0.2085,5.31169222999051,79
"2-59","QID115",2,59,6,"Noun",16,0.005115763,0.110484227,0.14625,5.53456848419577,67
"3-2","QID117",3,2,5,"Verb",2,0.005474256,0.853164191,0.300697674,5.24793947659448,68
"3-4","QID119",3,4,12,"Noun",4,0.005474256,0.128662636,0.144186047,5.22873498993421,80
"3-6","QID121",3,6,7,"Noun",6,0.091636515,0.713440346,0.21627907,5.27317849697204,74
"3-9","QID124",3,9,3,"Adverb",9,0.933185986,0.944458211,0.970930233,5.05386014517435,50
"3-10","QID125",3,10,3,"Noun",10,0.254390578,0.876245506,0.393488372,5.35211828699298,31
"3-11","QID126",3,11,4,"Verb",11,0.005474256,0.986696607,0.631162791,5.33438154036412,68
"3-12","QID127",3,12,2,"Verb",12,0.277814842,0.876245506,0.598372093,5.06135917327993,30
"3-14","QID129",3,14,9,"Adjective",14,0.005474256,0.596330274,0.083255814,5.32323765366571,77
"3-15","QID130",3,15,8,"Noun",15,0.137780711,0.966350721,0.349302326,5.33121316360698,76
"3-17","QID132",3,17,9,"Noun",17,0.005474256,0.198195045,0.116744186,5.30346188602695,82
"3-19","QID134",3,19,4,"Verb",19,0.005474256,0.966350721,0.214418605,5.23800993544206,64
"3-21","QID136",3,21,9,"Noun",21,0.005474256,0.174950522,0.171627907,5.3284373367046,72
"3-23","QID138",3,23,5,"Adjective",23,0.091636515,0.105671474,0.460487805,5.35508970040686,62
"3-24","QID139",3,24,5,"Adjective",24,0.005474256,0.221485959,0.23744186,5.2334244996808,65
"3-25","QID140",3,25,8,"Noun",25,0.005474256,0.966350721,0.163953488,5.27062067097672,62
"3-28","QID143",3,28,3,"Adverb",3,0.005474256,0.221485959,0.429534884,5.24327282590861,62
"3-29","QID144",3,29,4,"Adverb",4,0.371673926,0.596330274,0.761860465,5.26685680511937,52
"3-30","QID145",3,30,5,"Adjective",5,0.005474256,0.151766256,0.44372093,5.29095892299737,67
"3-33","QID148",3,33,3,"Noun",8,0.512693406,0.944458211,0.619767442,5.02447908937825,48
"3-34","QID149",3,34,3,"Verb",9,0.005474256,0.986696607,0.669534884,5.2751379861659,44
"3-35","QID150",3,35,4,"Adverb",10,0.005474256,0.105671474,0.512790698,5.23084385109124,66
"3-36","QID151",3,36,2,"Verb",11,0.207619773,0.899205192,0.591395349,5.24346112949485,42
"3-37","QID152",3,37,8,"Verb",12,0.005474256,0.432128311,0.05627907,5.24141451635088,78
"3-40","QID155",3,40,9,"Noun",15,0.005474256,0.361792286,0.154418605,5.35637634755121,83
"3-42","QID157",3,42,5,"Noun",17,0.114646242,0.806764854,0.195813953,5.33468485575067,65
"3-44","QID159",3,44,10,"Noun",19,0.207619773,0.385230204,0.36097561,5.245688971704,65
"3-50","QID165",3,50,5,"Noun",6,0.068819887,0.268169984,0.254651163,5.31935432307787,59
"3-51","QID166",3,51,8,"Verb",7,0.005474256,0.806764854,0.188837209,5.364071468922,71
"3-53","QID168",3,53,10,"Noun",9,0.348190786,0.432128311,0.501794872,5.02853331668994,80
"3-55","QID170",3,55,4,"Noun",11,0.910357222,0.986696607,0.960697674,5.12198592373123,46
"3-56","QID171",3,56,5,"Noun",12,0.024588887,0.082846525,0.172682927,5.34252083160109,65
"3-57","QID172",3,57,4,"Adverb",13,0.024588887,0.03822998,0.593095238,5.26610732885637,68
"3-58","QID173",3,58,7,"Verb",14,0.024588887,0.944458211,0.250238095,5.38322038548188,77
"3-59","QID174",3,59,10,"Adverb",15,0.047414314,0.706566406,0.305609756,5.430832004964,78
"4-2","QID175",4,2,3,"Verb",2,0.207602476,0.760199484,0.477073171,5.16474980009727,69
"4-5","QID178",4,5,3,"Adjective",5,0.024561224,0.151810017,0.19952381,5.20360717321715,58
"4-6","QID179",4,6,6,"Noun",6,0.005454114,0.986713978,0.297142857,5.1190713639955,53
"4-9","QID182",4,9,3,"Verb",9,0.160980569,0.986713978,0.808095238,5.18041739354977,53
"4-10","QID183",4,10,6,"Verb",10,0.005454114,0.408718741,0.111428571,5.17727426573411,70
"4-12","QID185",4,12,9,"Noun",12,0.005454114,0.643247999,0.106666667,5.3086931052641,76
"4-13","QID186",4,13,8,"Noun",13,0.005454114,0.899232663,0.176,5.38157914654254,79
"4-16","QID189",4,16,7,"Noun",16,0.277804071,0.736850458,0.52047619,5.25094073606457,70
"4-18","QID191",4,18,3,"Verb",18,0.005555935,0.03911705,0.594878049,5.25212536139482,55
"4-19","QID192",4,19,4,"Verb",19,0.024561224,0.385273022,0.597619048,5.13507952862209,58
"4-20","QID193",4,20,5,"Verb",20,0.005454114,0.736850458,0.134390244,5.32643507674897,68
"4-25","QID198",4,25,6,"Noun",25,0.005454114,0.432170586,0.097142857,5.29635003941196,76
"4-26","QID199",4,26,5,"Adverb",26,0.024561224,0.03827083,0.469512195,5.40910157717952,70
"4-29","QID202",4,29,5,"Noun",29,0.046311427,0.986713978,0.485238095,5.24691335692257,60
"4-31","QID204",4,31,6,"Noun",31,0.024561224,0.082889476,0.105121951,5.35436574366067,78
"4-32","QID205",4,32,6,"Adjective",32,0.024561224,0.174994363,0.177619048,5.47274083551086,75
"4-33","QID206",4,33,10,"Noun",33,0.024561224,0.944482098,0.174634146,5.41044921444885,77
"4-35","QID208",4,35,7,"Verb",2,0.024561224,0.944482098,0.594047619,5.38304970100077,76
"4-37","QID210",4,37,4,"Adjective",4,0.024561224,0.06033177,0.213809524,5.32254656842925,57
"4-38","QID211",4,38,3,"Noun",5,0.324711871,0.853194481,0.643333333,5.09321690975379,66
"4-40","QID213",4,40,7,"Verb",7,0.114621132,0.54946454,0.364047619,5.27749091258907,76
"4-42","QID215",4,42,6,"Adjective",9,0.024561224,0.221529808,0.27,5.35006365009317,76
"4-43","QID216",4,43,5,"Noun",10,0.024561224,0.783517753,0.296666667,5.2706241012192,65
"4-44","QID217",4,44,3,"Verb",11,0.348186702,0.479085862,0.794047619,5.33058202617542,40
"4-46","QID219",4,46,4,"Verb",13,0.068792034,0.966372194,0.473095238,5.39985737216969,68
"4-47","QID220",4,47,4,"Noun",14,0.091609858,0.151810017,0.18547619,5.27630026777122,51
"4-50","QID223",4,50,7,"Noun",17,0.024561224,0.944482098,0.136,5.26998280973381,67
"4-53","QID226",4,53,6,"Noun",20,0.024561224,0.643247999,0.303333333,5.22052086588979,68
"4-56","QID229",4,56,7,"Noun",23,0.025116318,0.131766115,0.166666667,5.27079919416406,75
"4-57","QID230",4,57,2,"Adverb",24,0.770963279,0.03827083,0.857857143,5.23021230007399,26
"4-58","QID231",4,58,6,"Adverb",25,0.024561224,0.03827083,0.358095238,5.25222737283517,77
"5-2","QID233",5,2,7,"Noun",2,0.005467584,0.985814341,0.143611111,5.28279055426067,79
"5-3","QID234",5,3,8,"Verb",3,0.005467584,0.767222434,0.138461538,5.45209909895505,79
"5-5","QID236",5,5,4,"Verb",5,0.005584771,0.889017026,0.450833333,5.2819688587158,65
"5-8","QID239",5,8,6,"Noun",8,0.10074635,0.985534243,0.505789474,5.21886359273657,56
"5-10","QID241",5,10,3,"Verb",2,0.850397563,0.963114694,0.949210526,5.24679384061321,53
"5-11","QID242",5,11,8,"Adverb",3,0.005584771,0.041940652,0.127894737,5.29366966650512,77
"5-12","QID243",5,12,8,"Verb",4,0.332486821,0.914158427,0.497105263,5.31860053806169,77
"5-14","QID245",5,14,6,"Verb",2,0.10074635,0.812609844,0.638421053,5.31542664696849,75
"5-15","QID246",5,15,3,"Adverb",3,0.54004963,0.938962667,0.855263158,5.04778567149015,43
"5-18","QID249",5,18,5,"Noun",6,0.026574319,0.963114694,0.257631579,5.23638316482408,67
"5-19","QID250",5,19,3,"Verb",7,0.617888793,0.812609844,0.825,5.0523365219971,55
"5-20","QID251",5,20,8,"Verb",8,0.005584771,0.066303128,0.211052632,5.16765585516173,80
"5-22","QID253",5,22,5,"Noun",10,0.617888793,0.786959083,0.680526316,5.26606783699635,65
"5-24","QID255",5,24,4,"Verb",2,0.306581438,0.938962667,0.581052632,5.24518549508392,63
"5-25","QID256",5,25,8,"Verb",3,0.005584771,0.295925408,0.203947368,5.28311354701465,79
"5-28","QID259",5,28,5,"Noun",6,0.005584771,0.914158427,0.103421053,5.33036352353392,54
"5-31","QID262",5,31,7,"Adjective",9,0.005584771,0.018928683,0.457368421,5.29235131351219,71
"5-33","QID264",5,33,3,"Verb",11,0.436229582,0.761253548,0.788947368,5.39409477345645,42
"5-35","QID266",5,35,3,"Verb",13,0.56600178,0.683913931,0.854210526,5.17310285852759,57
"5-37","QID268",5,37,4,"Verb",15,0.026574319,0.963114694,0.459210526,5.33476133079527,47
"5-38","QID269",5,38,5,"Noun",16,0.54004963,0.606373087,0.764210526,5.15722105243863,65
"5-39","QID270",5,39,5,"Adverb",17,0.005584771,0.451070931,0.66,5.09818758730805,56
"5-42","QID273",5,42,3,"Verb",20,0.22900023,0.914158427,0.678947368,5.29208336960039,60
"5-44","QID275",5,44,6,"Verb",22,0.10074635,0.709723121,0.397105263,5.22477328407537,73
"5-53","QID284",5,53,7,"Adjective",31,0.005584771,0.018928683,0.094473684,5.22673345497733,67
"5-54","QID285",5,54,4,"Noun",32,0.126198909,0.985534243,0.237368421,5.36585725088886,44
"5-55","QID286",5,55,6,"Verb",33,0.005584771,0.938962667,0.254736842,5.33542761663487,76
"6-2","QID290",6,2,5,"Noun",2,0.005542654,0.131523359,0.158536585,5.24769838478466,71
"6-3","QID291",6,3,6,"Adverb",3,0.005542654,0.038902133,0.348536585,5.31699642147168,76
"6-4","QID292",6,4,9,"Adjective",4,0.005542654,0.038902133,0.136585366,5.35107448674613,75
"6-9","QID297",6,9,3,"Noun",9,0.005542654,0.778223706,0.169512195,5.27348227650553,46
"6-11","QID299",6,11,6,"Noun",11,0.005542654,0.202747472,0.24097561,5.33655234173788,71
"6-12","QID300",6,12,6,"Verb",12,0.005542654,0.131523359,0.27902439,5.36939448132035,74
"6-14","QID302",6,14,6,"Verb",14,0.005542654,0.896773396,0.388536585,5.40434363346343,72
"6-17","QID305",6,17,8,"Noun",17,0.005542654,0.920107951,0.122439024,5.28224850581337,80
"6-19","QID307",6,19,4,"Verb",19,0.005542654,0.849606227,0.155853659,5.23426101221294,68
"6-23","QID311",6,23,3,"Noun",23,0.070379188,0.849606227,0.235365854,5.19220426811717,46
"6-25","QID313",6,25,3,"Verb",2,0.047360303,0.634531158,0.516829268,5.33914149318711,53
"6-27","QID315",6,27,4,"Verb",4,0.047360303,0.754335362,0.47804878,5.24339944896583,52
"6-30","QID318",6,30,9,"Noun",7,0.070379188,0.896773396,0.210243902,5.29790811606288,75
"6-31","QID319",6,31,3,"Verb",8,0.741363152,0.920107951,0.877560976,5.25838268158968,30
"6-32","QID320",6,32,7,"Verb",9,0.332447596,0.586512831,0.596829268,5.23474513050284,71
"6-37","QID325",6,37,9,"Adverb",14,0.005542654,0.131523359,0.20804878,5.16320825790383,83
"6-38","QID326",6,38,7,"Verb",15,0.005542654,0.986401679,0.452195122,5.34952766197926,80
"6-40","QID328",6,40,5,"Noun",17,0.047360303,0.943133797,0.127317073,5.30154681568387,63
"6-43","QID331",6,43,9,"Noun",20,0.005542654,0.825872259,0.052439024,5.26409406745763,75
"6-44","QID332",6,44,5,"Verb",21,0.025091562,0.849606227,0.545853659,5.36247664373133,58
"6-45","QID333",6,45,2,"Verb",22,0.260422934,0.80207296,0.731707317,5.25663146814666,33
"6-46","QID334",6,46,6,"Verb",23,0.005542654,0.370322014,0.195121951,5.33150964582543,64
"6-49","QID337",6,49,6,"Adjective",26,0.096031153,0.256649482,0.32425,5.36384581598698,67
"6-50","QID338",6,50,4,"Noun",27,0.005652282,0.845965442,0.1445,5.36943964770431,57
"6-52","QID340",6,52,7,"Noun",29,0.048495531,0.797251418,0.3025,5.22457579335965,68
"6-57","QID345",6,57,3,"Noun",34,0.12018039,0.894304452,0.3575,5.49995975648767,41
"7-2","QID347",7,2,6,"Verb",2,0.005396341,0.713475492,0.491904762,5.31046428795899,82
"7-3","QID348",7,3,4,"Verb",3,0.418879207,0.966328058,0.734883721,5.18423321074574,53
"7-5","QID350",7,5,6,"Verb",2,0.024528037,0.986668658,0.60744186,5.28081828097986,72
"7-8","QID353",7,8,9,"Adverb",5,0.024528037,0.038261539,0.343953488,5.26519704281453,72
"7-11","QID356",7,11,8,"Adjective",8,0.047373264,0.061707415,0.282857143,5.29262505173566,73
"7-12","QID357",7,12,8,"Noun",9,0.025054118,0.986410941,0.106666667,5.44782855487606,78
"7-15","QID360",7,15,3,"Verb",12,0.549334432,0.943174756,0.849512195,4.94630798639405,46
"7-16","QID361",7,16,7,"Adjective",13,0.117436366,0.89684224,0.310952381,5.23112682054274,77
"7-19","QID364",7,19,8,"Noun",3,0.005477433,0.89684224,0.247142857,5.35085265343034,75
"7-23","QID368",7,23,5,"Noun",7,0.025054118,0.920163475,0.218809524,5.25994620555007,60
"7-24","QID369",7,24,4,"Verb",8,0.070437341,0.155406167,0.613333333,5.28846215245637,44
"7-25","QID370",7,25,5,"Adjective",9,0.025054118,0.226818099,0.215238095,5.29218008906717,65
"7-26","QID371",7,26,7,"Noun",10,0.025054118,0.920163475,0.356666667,5.35070351123323,74
"7-30","QID375",7,30,6,"Noun",14,0.005477433,0.873332998,0.386829268,5.24271400012248,69
"7-32","QID377",7,32,5,"Noun",16,0.308683806,0.682654705,0.523333333,5.22665649043739,67
"7-35","QID380",7,35,8,"Verb",19,0.164959286,0.82597446,0.783333333,5.10491773575128,75
"7-36","QID381",7,36,3,"Verb",20,0.212737892,0.986410941,0.563571429,5.28036687243889,39
"7-38","QID383",7,38,10,"Noun",22,0.005477433,0.89684224,0.282380952,5.29508472221668,83
"7-42","QID387",7,42,3,"Verb",26,0.284664811,0.986410941,0.734047619,5.16234035520572,40
"7-43","QID388",7,43,4,"Adverb",27,0.025054118,0.039112757,0.570952381,5.30295072632338,55
"7-44","QID389",7,44,4,"Verb",28,0.525258289,0.965586751,0.765,5.18569421430503,44
"7-48","QID393",7,48,3,"Verb",32,0.141155274,0.943174756,0.660238095,5.26577233080354,45
"7-49","QID394",7,49,4,"Adverb",33,0.047373264,0.155406167,0.547857143,5.25189466703861,47
"7-50","QID395",7,50,4,"Verb",34,0.645593942,0.986410941,0.788333333,5.18294200365314,52
"7-51","QID396",7,51,6,"Adverb",35,0.930333833,0.018182739,0.966190476,5.17203157490809,60
"7-54","QID399",7,54,6,"Adjective",38,0.005477433,0.179153367,0.198809524,5.23266974255967,77
"7-55","QID400",7,55,3,"Noun",39,0.005477433,0.849698301,0.158333333,5.36428250523116,59
"7-57","QID402",7,57,4,"Noun",41,0.025054118,0.131741408,0.149285714,5.45995930383883,62
"8-2","QID404",8,2,5,"Adjective",2,0.005227422,0.125690276,0.11,5.23385754419803,75
"8-3","QID405",8,3,4,"Noun",3,0.180024588,0.74272204,0.325813953,5.10817506072461,62
"8-4","QID406",8,4,3,"Verb",4,0.005227422,0.945564058,0.807209302,5.22252489545109,55
"8-5","QID407",8,5,8,"Verb",5,0.005227422,0.986852158,0.208139535,5.18910596706981,71
"8-6","QID408",8,6,4,"Adverb",6,0.005227422,0.193610828,0.599302326,5.29652183209286,56
"8-8","QID410",8,8,5,"Adjective",8,0.363105768,0.74272204,0.584883721,5.25038376089924,66
"8-9","QID411",8,9,5,"Noun",9,0.005227422,0.986852158,0.137906977,5.23840565870536,66
"8-11","QID413",8,11,11,"Noun",11,0.068696575,0.921892416,0.212439024,5.36724462679927,80
"8-12","QID414",8,12,10,"Adverb",12,0.005227422,0.103232353,0.494418605,5.35644739651382,79
"8-15","QID417",8,15,6,"Noun",15,0.045168101,0.901355247,0.174418605,5.19743472110816,72
"8-16","QID418",8,16,2,"Verb",16,0.867213898,0.966955713,0.958139535,4.98403890933943,31
"8-17","QID419",8,17,7,"Verb",17,0.005227422,0.148258171,0.225581395,5.30214061854282,74
"8-19","QID421",8,19,8,"Adjective",19,0.02389134,0.674163341,0.330465116,5.22132744054266,81
"8-20","QID422",8,20,8,"Noun",20,0.271408735,0.697033718,0.661162791,5.25372578334589,72
"8-21","QID423",8,21,4,"Noun",1,0.02389134,0.103232353,0.210697674,5.29354129945042,63
"8-22","QID424",8,22,9,"Noun",2,0.02389134,0.103232353,0.165581395,5.36928907231028,81
"8-23","QID425",8,23,7,"Adverb",3,0.005227422,0.037355283,0.564651163,5.34899311782317,75
"8-24","QID426",8,24,5,"Verb",4,0.202824548,0.923606184,0.50627907,5.36773358299081,62
"8-25","QID427",8,25,4,"Adverb",5,0.546815371,0.78831164,0.841627907,5.26988256067645,46
"8-26","QID428",8,26,5,"Adjective",6,0.005227422,0.058903175,0.431627907,5.3530990523989,63
"8-27","QID429",8,27,7,"Noun",7,0.753251118,0.945564058,0.824418605,5.23754586959331,66
"8-29","QID431",8,29,5,"Noun",9,0.067155303,0.945564058,0.247906977,5.37054420819185,56
"8-31","QID433",8,31,4,"Noun",11,0.067155303,0.923606184,0.190465116,5.16180312344176,55
"8-32","QID434",8,32,3,"Verb",12,0.536082829,0.92183654,0.840697674,5.24594934432857,41
"8-33","QID435",8,33,4,"Verb",13,0.248522943,0.74272204,0.453255814,5.16769350057859,60
"8-35","QID437",8,35,9,"Adjective",15,0.005227422,0.058903175,0.217209302,5.35355865538633,75
"8-36","QID438",8,36,8,"Noun",16,0.248522943,0.901355247,0.451860465,5.38372856046207,74
"8-37","QID439",8,37,9,"Verb",17,0.02389134,0.037355283,0.507209302,5.34770603201239,72
"8-38","QID440",8,38,9,"Adjective",18,0.045168101,0.399224923,0.457674419,5.48190894121798,73
"8-39","QID441",8,39,8,"Noun",19,0.409012516,0.878926563,0.671860465,5.34811903578888,62
"8-42","QID444",8,42,4,"Noun",3,0.638654789,0.901355247,0.720697674,5.24626180691415,47
"8-43","QID445",8,43,7,"Verb",4,0.067155303,0.878926563,0.490930233,5.26954673681427,65
"8-44","QID446",8,44,10,"Adjective",5,0.157269865,0.697033718,0.331395349,5.26626872483706,68
"8-46","QID448",8,46,6,"Verb",7,0.005227422,0.170904987,0.290714286,5.24267799675546,73
"8-47","QID449",8,47,9,"Verb",8,0.02389134,0.986852158,0.249302326,5.1894986821174,75
"8-49","QID451",8,49,6,"Adjective",10,0.11458899,0.082830051,0.244651163,5.36604146831854,67
"8-50","QID452",8,50,4,"Noun",11,0.615702873,0.901355247,0.714883721,5.15618155146877,45
"8-51","QID453",8,51,4,"Noun",12,0.046214961,0.082812396,0.223023256,5.37443452616665,52
"8-52","QID454",8,52,10,"Noun",13,0.02389134,0.125690276,0.131904762,5.35955268837333,77
"8-54","QID456",8,54,4,"Noun",15,0.248522943,0.901355247,0.389069767,5.42747836523902,48
"8-55","QID457",8,55,6,"Noun",16,0.583185289,0.806676682,0.637857143,5.29274962903334,62
"8-56","QID458",8,56,3,"Verb",17,0.111961599,0.945564058,0.67,5.31217430172594,41
"8-57","QID459",8,57,8,"Adjective",18,0.157269865,0.697033718,0.493023256,5.3835795224853,56
"9-2","QID460",9,2,3,"Verb",2,0.096173624,0.986464167,0.427804878,5.16255363628116,60
"9-4","QID462",9,4,10,"Adjective",4,0.005625293,0.625952281,0.164634146,5.23204465457821,77
"9-5","QID463",9,5,9,"Noun",5,0.005625293,0.846361965,0.21804878,5.23182224924803,75
"9-8","QID466",9,8,4,"Verb",8,0.005625293,0.846361965,0.134634146,5.30960085900902,65
"9-12","QID470",9,12,10,"Adjective",12,0.005625293,0.040151714,0.121463415,5.42831285890522,78
"9-13","QID471",9,13,9,"Noun",13,0.025689389,0.942198367,0.215365854,5.40726610218923,74
"9-16","QID474",9,16,7,"Verb",16,0.324274178,0.986181678,0.5695,5.27030500047736,75
"9-18","QID476",9,18,15,"Noun",18,0.005697004,0.566048367,0.2245,5.10655067946887,82
"9-21","QID479",9,21,9,"Noun",21,0.005697004,0.867369705,0.07475,5.44789103554193,82
"9-22","QID480",9,22,6,"Verb",22,0.005830963,0.321915866,0.428,5.55316584952477,77
"9-24","QID482",9,24,4,"Verb",24,0.026244409,0.842520205,0.092,5.32746933904614,64
"9-27","QID485",9,27,10,"Noun",2,0.005697004,0.389396151,0.094,5.45231828591963,77
"9-28","QID486",9,28,3,"Verb",3,0.098517377,0.742398359,0.69575,5.3705776555818,36
"9-29","QID487",9,29,4,"Adverb",4,0.42535516,0.490331374,0.74175,5.35441192478462,70
"9-30","QID488",9,30,4,"Verb",5,0.577109056,0.842520205,0.789,5.04474630935909,50
"9-31","QID489",9,31,5,"Verb",6,0.173248313,0.490331374,0.39425,5.28209653947902,71
"9-32","QID490",9,32,3,"Adverb",7,0.005697004,0.616502728,0.806,5.14391650870599,70
"9-34","QID492",9,34,3,"Noun",9,0.198326799,0.238366354,0.3625,5.25809353719534,64
"9-37","QID495",9,37,8,"Adjective",12,0.005782628,0.141959152,0.147948718,5.33415004665394,78
"9-38","QID496",9,38,4,"Noun",13,0.098517377,0.916607408,0.200512821,5.28911001557087,56
"9-39","QID497",9,39,6,"Adverb",14,0.198326799,0.263478905,0.670769231,5.2679209294571,63
"9-41","QID499",9,41,9,"Noun",2,0.005697004,0.842520205,0.111025641,5.429163476097,80
"9-42","QID500",9,42,2,"Verb",3,0.026244409,0.364180489,0.286923077,5.32138277712638,28
"9-43","QID501",9,43,4,"Adverb",4,0.005697004,0.089106266,0.46025641,5.30114130945904,61
"9-44","QID502",9,44,6,"Adverb",5,0.101079881,0.116577681,0.643947368,5.31595881088199,57
"9-46","QID504",9,46,5,"Verb",7,0.005697004,0.964349497,0.221794872,5.26639910967744,61
"9-48","QID506",9,48,7,"Verb",9,0.026244409,0.089106266,0.251282051,5.32255350496137,75
"9-51","QID509",9,51,2,"Verb",12,0.374795046,0.964349497,0.674358974,5.32894751619816,52
"9-53","QID511",9,53,8,"Adjective",14,0.005697004,0.566048367,0.158205128,5.07297341773621,77
"9-54","QID512",9,54,9,"Noun",15,0.198326799,0.916607408,0.412820513,5.34393445094289,80
"9-55","QID513",9,55,8,"Adverb",16,0.005697004,0.439853902,0.561538462,5.61528573691665,75
"10-2","QID515",10,2,9,"Noun",2,0.005626848,0.772788107,0.097804878,5.33579460301635,82
"10-3","QID516",10,3,8,"Verb",3,0.005517543,0.730421126,0.335853659,5.25977373894932,78
"10-7","QID520",10,7,4,"Noun",7,0.09383016,0.802075924,0.235365854,5.2227873069008,68
"10-8","QID521",10,8,2,"Verb",8,0.141119516,0.873252847,0.568780488,5.28002156007656,39
"10-11","QID524",10,11,4,"Noun",11,0.837272696,0.965559879,0.886829268,5.10209468573978,47
"10-13","QID526",10,13,2,"Verb",2,0.047394638,0.965559879,0.392682927,5.37374186232729,44
"10-15","QID528",10,15,2,"Adverb",4,0.025092148,0.155216703,0.664390244,5.2549176141514,44
"10-16","QID529",10,16,3,"Adverb",5,0.404784842,0.418359739,0.832682927,5.32132989760564,53
"10-17","QID530",10,17,9,"Adjective",6,0.047394638,0.586522878,0.32,5.3059825204371,75
"10-20","QID533",10,20,7,"Verb",9,0.025092148,0.084624958,0.448536585,5.29218660060634,76
"10-21","QID534",10,21,2,"Noun",10,0.005641356,0.017973312,0.200487805,5.12556943632338,50
"10-22","QID535",10,22,7,"Noun",11,0.025092148,0.986399798,0.08825,5.22793754584941,66
"10-25","QID538",10,25,4,"Verb",14,0.380723752,0.920107467,0.665853659,5.24380865817303,61
"10-28","QID541",10,28,4,"Noun",17,0.861070237,0.965559879,0.900731707,5.17676473607129,56
"10-29","QID542",10,29,2,"Verb",18,0.525152444,0.920107467,0.816097561,5.18198366205302,31
"10-30","QID543",10,30,6,"Adverb",19,0.09383016,0.682513498,0.602926829,5.24978200015596,64
"10-33","QID546",10,33,4,"Noun",22,0.645486856,0.920107467,0.78,5.16126234814841,54
"10-36","QID549",10,36,5,"Noun",25,0.070442023,0.418359739,0.260731707,5.30901899385658,62
"10-39","QID552",10,39,2,"Verb",3,0.404784842,0.896773563,0.7635,5.19810641941844,52
"10-41","QID554",10,41,8,"Adjective",5,0.005517543,0.084624958,0.124634146,5.3054145319515,79
"10-42","QID555",10,42,7,"Noun",6,0.005517543,0.965559879,0.245365854,5.10243026310477,74
"10-44","QID557",10,44,6,"Noun",8,0.047394638,0.634539537,0.221219512,5.33617655540471,65
"10-49","QID562",10,49,6,"Noun",13,0.141119516,0.849607761,0.467804878,5.29835691866973,65
"10-50","QID563",10,50,6,"Verb",14,0.025092148,0.896773563,0.416341463,5.27135123288548,63
"10-51","QID564",10,51,2,"Verb",15,0.476999118,0.849607761,0.749268293,5.25948398944793,36
"10-54","QID567",10,54,6,"Noun",18,0.242456018,0.941839169,0.387073171,5.3287447060528,69
"10-55","QID568",10,55,4,"Noun",19,0.861070237,0.986399798,0.917073171,5.52957499475039,51
"11-4","QID571",11,4,3,"Noun",4,0.025401422,0.428722908,0.1115625,5.30756299846203,71
"11-7","QID574",11,7,8,"Noun",7,0.005414075,0.797298462,0.1515,5.26210095274888,73
"11-8","QID575",11,8,11,"Noun",8,0.095888639,0.723868092,0.42025,5.41916798192094,78
"11-10","QID577",11,10,2,"Verb",10,0.464043423,0.772858825,0.704871795,5.16140909938703,31
"11-12","QID579",11,12,7,"Noun",12,0.005414075,0.551800103,0.083,5.33030247456782,80
"11-13","QID580",11,13,6,"Noun",13,0.025401422,0.625613933,0.16475,5.32457596268751,65
"11-14","QID581",11,14,9,"Verb",14,0.005414075,0.207796611,0.2285,5.3217168032668,78
"11-18","QID585",11,18,3,"Verb",2,0.144385679,0.964829554,0.69625,5.30553623266006,50
"11-19","QID586",11,19,4,"Verb",3,0.193247654,0.330351138,0.5945,5.25812533060524,66
"11-20","QID587",11,20,5,"Verb",4,0.005414075,0.797298462,0.36625,5.27389758282696,63
"11-21","QID588",11,21,6,"Verb",5,0.025401422,0.018016376,0.2795,5.43285863677179,78
"11-24","QID591",11,24,6,"Adjective",8,0.005414075,0.207796611,0.103589744,5.39756063752996,77
"11-25","QID592",11,25,6,"Adjective",9,0.005414075,0.134806415,0.259,5.37096008147956,67
"11-26","QID593",11,26,7,"Noun",10,0.04826517,0.986170824,0.17225,5.30808424776932,71
"11-28","QID595",11,28,5,"Adjective",12,0.071901712,0.159059045,0.492,5.31961274558584,50
"11-29","QID596",11,29,9,"Noun",13,0.04826517,0.674774397,0.20125,5.36320736500043,75
"11-32","QID599",11,32,8,"Noun",16,0.291482749,0.699331488,0.462564103,5.23419074809345,78
"11-33","QID600",11,33,7,"Noun",17,0.120073817,0.846008718,0.3655,5.06731537606514,68
"11-35","QID602",11,35,3,"Noun",2,0.005414075,0.870240031,0.098378378,5.33472310304741,59
"11-37","QID604",11,37,7,"Noun",4,0.120073817,0.551800103,0.338571429,5.25667129031217,73
"11-38","QID605",11,38,3,"Verb",5,0.025401422,0.674774397,0.44,5.31673987323537,50
"11-40","QID607",11,40,5,"Verb",7,0.071901712,0.625613933,0.4625,5.28073826891367,64
"11-43","QID610",11,43,6,"Adjective",10,0.005414075,0.453335069,0.36225,5.339558681001,73
"11-44","QID611",11,44,7,"Noun",11,0.365381942,0.986170824,0.52575,5.24802891691588,62
"11-47","QID614",11,47,8,"Noun",14,0.005414075,0.772858825,0.110512821,5.28048161890107,73
"11-48","QID615",11,48,4,"Adjective",15,0.005414075,0.063035933,0.284166667,5.21601632073162,57
"11-49","QID616",11,49,9,"Noun",16,0.242305826,0.986170824,0.456410256,5.35778190866794,80
"11-50","QID617",11,50,2,"Verb",17,0.464043423,0.941850353,0.69725,5.0720253341799,33
"11-51","QID618",11,51,10,"Adjective",18,0.005414075,0.281249057,0.327948718,5.29909653773367,81
"11-53","QID620",11,53,8,"Verb",20,0.005414075,0.91825567,0.113,5.40624435607757,79
"11-54","QID621",11,54,15,"Noun",21,0.005414075,0.305790301,0.19175,5.47567844351695,82
"12-2","QID622",12,2,6,"Noun",2,0.005291269,0.943483868,0.229761905,5.2069864145541,74
"12-3","QID623",12,3,5,"Adverb",3,0.068549782,0.361985775,0.42452381,5.11312175198448,63
"12-4","QID624",12,4,7,"Noun",4,0.005193038,0.128816984,0.272380952,5.22759587907449,76
"12-5","QID625",12,5,6,"Noun",5,0.005193038,0.175113172,0.0755,5.36544226599573,76
"12-6","QID626",12,6,3,"Verb",6,0.046031645,0.922268096,0.484285714,5.31497785390869,53
"12-8","QID628",12,8,11,"Noun",8,0.005193038,0.922268096,0.128571429,5.34484168802919,73
"12-10","QID630",12,10,5,"Verb",10,0.005193038,0.944743802,0.145952381,5.34766954500137,71
"12-12","QID632",12,12,4,"Noun",12,0.160846924,0.986943248,0.287619048,5.44417653047639,58
"12-15","QID635",12,15,5,"Noun",15,0.841014204,0.986943248,0.873333333,5.17353547677846,48
"12-18","QID638",12,18,4,"Noun",18,0.005193038,0.573107804,0.138333333,5.33230645055852,58
"12-20","QID640",12,20,9,"Noun",20,0.005193038,0.922268096,0.122380952,5.12300401657406,81
"12-22","QID642",12,22,6,"Verb",2,0.005193038,0.899488829,0.381904762,5.45175353339561,73
"12-25","QID645",12,25,4,"Noun",5,0.024248103,0.944743802,0.072857143,5.35123170908439,60
"12-27","QID647",12,27,3,"Noun",7,0.606743085,0.899488829,0.816428571,5.38634908725057,53
"12-29","QID649",12,29,5,"Verb",9,0.207502648,0.876526035,0.520952381,5.31967333800977,67
"12-31","QID651",12,31,8,"Verb",11,0.207502648,0.966630021,0.335952381,5.3217932730228,73
"12-33","QID653",12,33,6,"Adjective",13,0.068549782,0.10582137,0.224761905,5.36073566568601,73
"12-34","QID654",12,34,7,"Noun",14,0.324665271,0.986943248,0.518571429,5.03504132775456,62
"12-35","QID655",12,35,7,"Noun",15,0.114441581,0.151924826,0.27047619,5.21684936462446,79
"12-39","QID659",12,39,7,"Adjective",19,0.005193038,0.38542749,0.250952381,5.26250808219948,69
"12-40","QID660",12,40,11,"Noun",20,0.005193038,0.966630021,0.077560976,5.35137758510755,83
"12-42","QID662",12,42,6,"Verb",22,0.465668417,0.986943248,0.720238095,5.37071410750096,78
"12-43","QID663",12,43,2,"Adverb",23,0.005193038,0.151924826,0.906428571,5.23082616117011,25
"12-47","QID667",12,47,4,"Noun",27,0.046031645,0.944743802,0.270238095,5.22854990431128,51
"12-49","QID669",12,49,8,"Adjective",29,0.442154951,0.455793594,0.594761905,5.27632157160989,71
"12-52","QID672",12,52,6,"Noun",32,0.418644635,0.853441099,0.516904762,5.2160736934893,50
"12-53","QID673",12,53,5,"Noun",33,0.005193038,0.944743802,0.195238095,5.30525920746946,75
"13-2","QID674",13,2,6,"Noun",2,0.005608274,0.116311663,0.164864865,5.18596291174033,75
"13-4","QID676",13,4,6,"Adjective",4,0.005608274,0.192844649,0.169210526,5.35183152824128,81
"13-5","QID677",13,5,3,"Noun",5,0.005608274,0.786979545,0.029210526,5.32074725550109,65
"13-6","QID678",13,6,4,"Noun",6,0.10338607,0.595851767,0.319210526,5.29962625070163,70
"13-7","QID679",13,7,5,"Noun",7,0.005608274,0.939097026,0.093421053,5.41573139665825,74
"13-8","QID680",13,8,6,"Noun",8,0.075523346,0.812645019,0.255588235,5.42578269686366,72
"13-13","QID685",13,13,4,"Verb",13,0.005608274,0.606321867,0.177894737,5.38271231828547,47
"13-14","QID686",13,14,4,"Noun",14,0.005850263,0.043968518,0.143421053,5.36452803892947,75
"13-15","QID687",13,15,9,"Verb",15,0.005608274,0.761260694,0.352631579,5.33414848692992,80
"13-16","QID688",13,16,2,"Verb",16,0.306566593,0.939097026,0.597368421,5.13245109281645,48
"13-18","QID690",13,18,6,"Noun",18,0.514061378,0.914269675,0.642631579,5.20286272691685,79
"13-21","QID693",13,21,5,"Verb",3,0.280683307,0.963270699,0.720526316,5.26828873927276,66
"13-22","QID694",13,22,5,"Verb",4,0.514061378,0.963270699,0.771052632,5.25867122530492,56
"13-24","QID696",13,24,5,"Verb",6,0.306566593,0.502770616,0.597894737,5.22449861703386,57
"13-26","QID698",13,26,4,"Verb",8,0.026603113,0.985694275,0.536315789,5.28420975250763,59
"13-28","QID700",13,28,4,"Noun",10,0.026603113,0.632191396,0.099210526,5.38633508473356,60
"13-29","QID701",13,29,4,"Noun",11,0.151791588,0.985694275,0.200263158,5.27392226915668,58
"13-32","QID704",13,32,5,"Verb",14,0.050654493,0.321640932,0.500810811,5.34146733973244,56
"13-34","QID706",13,34,2,"Verb",16,0.228995244,0.985694275,0.603684211,5.23871368199178,28
"13-35","QID707",13,35,4,"Adjective",17,0.228995244,0.52866443,0.543157895,5.3031483353442,62
"13-37","QID709",13,37,6,"Verb",19,0.177464976,0.963270699,0.340526316,5.33367840018487,73
"13-39","QID711",13,39,4,"Verb",21,0.514061378,0.939097026,0.635526316,5.17503555473873,54
"13-41","QID713",13,41,6,"Verb",2,0.005608274,0.914269675,0.219736842,5.27183941833502,65
"13-43","QID715",13,43,11,"Adverb",4,0.075523346,0.116311663,0.416842105,5.28338763073439,74
"13-45","QID717",13,45,3,"Noun",2,0.026603113,0.786979545,0.131315789,5.35480935366283,62
"13-46","QID718",13,46,6,"Noun",3,0.005608274,0.018820462,0.100526316,5.29241712245203,72
"13-48","QID720",13,48,6,"Noun",5,0.005733181,0.937593472,0.049736842,5.36681489547434,71
"13-51","QID723",13,51,5,"Verb",8,0.005608274,0.889106464,0.082631579,5.34331401434485,68
"13-52","QID724",13,52,2,"Verb",9,0.254824103,0.939097026,0.637894737,5.25378063494189,31
"13-53","QID725",13,53,6,"Verb",10,0.005608274,0.580442435,0.167105263,5.44688878917165,75
"13-54","Q2684",13,54,5,"Noun",11,0.026603113,0.06618166,0.283157895,5.4198710590785,64
"14-2","QID726",14,2,7,"Noun",2,0.005713767,0.141923288,0.143947368,5.17363979882222,78
"14-3","QID727",14,3,5,"Adverb",3,0.005589623,0.0647397,0.592307692,5.30162061646259,69
"14-4","QID728",14,4,6,"Verb",4,0.005589623,0.717193994,0.251538462,5.20383336629047,69
"14-5","QID729",14,5,4,"Noun",5,0.005589623,0.238287734,0.156666667,5.43678989611897,67
"14-6","QID730",14,6,5,"Adverb",6,0.050752847,0.066355023,0.499487179,5.32919254210327,71
"14-7","QID731",14,7,6,"Verb",7,0.005589623,0.792500201,0.194102564,5.34856734589145,80
"14-9","QID733",14,9,7,"Noun",9,0.026105768,0.591209316,0.317948718,5.41070400759326,80
"14-10","QID734",14,10,5,"Adverb",10,0.425384817,0.465018355,0.668947368,5.24988267081112,57
"14-11","QID735",14,11,7,"Verb",11,0.073805126,0.792500201,0.381315789,5.30247570914432,72
"14-14","QID738",14,14,10,"Adjective",14,0.005589623,0.113599317,0.076153846,5.32836221434277,73
"14-15","QID739",14,15,7,"Noun",15,0.005589623,0.964290122,0.092162162,5.1598019329915,74
"14-16","QID740",14,16,9,"Noun",16,0.123215413,0.892023565,0.427894737,5.21470263890477,80
"14-17","QID741",14,17,9,"Noun",17,0.026105768,0.465018355,0.25,5.33934688580792,82
"14-18","QID742",14,18,3,"Verb",18,0.374807256,0.940736629,0.638717949,5.28385204315768,38
"14-19","QID743",14,19,6,"Verb",19,0.026105768,0.767436117,0.327435897,5.31222528730673,73
"14-20","QID744",14,20,6,"Noun",20,0.223406332,0.389321419,0.598205128,5.20764419676111,57
"14-22","QID746",14,22,4,"Verb",22,0.005589623,0.940736629,0.362051282,5.27061486214123,56
"14-23","QID747",14,23,2,"Adverb",23,0.551888183,0.565977755,0.870769231,5.1708836345463,35
"14-25","QID749",14,25,6,"Noun",25,0.400092457,0.916544176,0.495945946,5.33627508317802,63
"14-27","QID751",14,27,4,"Verb",27,0.425384817,0.188187957,0.584358974,5.32880309277916,57
"14-28","QID752",14,28,3,"Adverb",28,0.026105768,0.0647397,0.477179487,5.11077240917549,52
"14-30","QID754",14,30,6,"Noun",2,0.005589623,0.263400933,0.145641026,5.44341046248024,77
"14-32","QID756",14,32,4,"Noun",4,0.026105768,0.792500201,0.183684211,5.45159809188594,76
"14-33","QID757",14,33,5,"Noun",5,0.005589623,0.940736629,0.113846154,5.10391718707703,51
"14-34","QID758",14,34,8,"Noun",6,0.005589623,0.0647397,0.117179487,5.27566124680557,80
"14-35","QID759",14,35,2,"Verb",7,0.17317705,0.940736629,0.603846154,5.23058081251981,46
"14-36","QID760",14,36,5,"Verb",8,0.005589623,0.61643317,0.27974359,5.31760910522487,69
"14-37","QID761",14,37,6,"Adjective",9,0.005589623,0.018554487,0.210512821,5.36936746218687,73
"14-38","QID762",14,38,5,"Noun",10,0.779144795,0.986130386,0.841282051,5.24019835326861,62
"14-40","QID764",14,40,9,"Verb",12,0.005589623,0.964290122,0.242820513,5.41680251123578,74
"14-41","QID765",14,41,9,"Noun",13,0.005589623,0.964290122,0.426153846,5.39401941147021,80
"14-43","QID767",14,43,7,"Noun",15,0.501285509,0.940736629,0.625641026,5.25196237352806,67
"14-45","QID769",14,45,2,"Verb",17,0.005589623,0.916544176,0.455128205,5.22456401226392,33
"14-47","QID771",14,47,5,"Noun",19,0.324267706,0.767436117,0.377692308,5.20813257524092,53
"14-49","QID773",14,49,4,"Verb",21,0.703542799,0.0647397,0.805641026,5.27498131332173,51
"14-50","QID774",14,50,3,"Verb",22,0.005589623,0.040992612,0.292051282,5.29420713147729,58
"14-51","QID775",14,51,3,"Adverb",23,0.450682325,0.540740789,0.794871795,5.00554249679628,36
"14-53","Q2685",14,53,8,"Adjective",25,0.026105768,0.188187957,0.121025641,5.08503894534325,78
"15-2","QID777",15,2,8,"Noun",2,0.005777416,0.224282613,0.194857143,5.19159181738094,74
"15-3","QID778",15,3,10,"Verb",3,0.005777416,0.303647506,0.386111111,5.2842013162924,80
"15-5","QID780",15,5,3,"Adjective",5,0.005777416,0.383246438,0.124594595,5.36418626942838,58
"15-6","QID781",15,6,7,"Noun",6,0.052049399,0.833958737,0.17,5.24438540027402,71
"15-9","QID784",15,9,11,"Noun",9,0.077590104,0.937515712,0.426216216,5.35639221002505,81
"15-10","QID785",15,10,5,"Verb",10,0.005777416,0.886186884,0.297297297,5.47061202951436,57
"15-12","QID787",15,12,8,"Verb",12,0.687643339,0.886186884,0.87,5.34103426930273,77
"15-13","QID788",15,13,7,"Verb",13,0.077590104,0.985353532,0.165135135,5.32379028434794,75
"15-15","QID790",15,15,6,"Verb",15,0.005777416,0.25070026,0.336486486,5.36250930119013,74
"15-17","QID792",15,17,8,"Noun",17,0.103510116,0.833958737,0.193513514,5.28881368683765,81
"15-19","QID794",15,19,4,"Noun",19,0.314852263,0.985353532,0.578378378,5.19240771104144,47
"15-21","QID796",15,21,7,"Noun",2,0.005777416,0.833958737,0.284054054,5.25966297512245,76
"15-22","QID797",15,22,4,"Verb",3,0.15591522,0.937515712,0.466756757,5.31652826262777,53
"15-24","QID799",15,24,3,"Verb",5,0.208712967,0.985353532,0.704594595,5.27991825867881,45
"15-25","QID800",15,25,8,"Verb",6,0.005777416,0.25070026,0.249459459,5.35887604442043,77
"15-29","QID804",15,29,6,"Noun",10,0.027346989,0.985353532,0.325135135,5.40971529411191,60
"15-30","QID805",15,30,4,"Verb",11,0.052049399,0.019234735,0.107297297,5.35827025320423,55
"15-32","QID807",15,32,8,"Verb",13,0.005777416,0.781325802,0.298918919,5.32489791923174,73
"15-34","QID809",15,34,7,"Noun",15,0.052049399,0.912023867,0.198378378,5.18101533546617,80
"15-35","QID810",15,35,8,"Noun",1,0.027346989,0.224282613,0.245675676,5.15856461416559,81
"15-36","QID811",15,36,3,"Verb",2,0.235196916,0.833958737,0.611081081,5.28428054195538,35
"15-37","QID812",15,37,8,"Verb",3,0.005777416,0.356696444,0.130810811,5.33948286013848,79
"15-38","QID813",15,38,4,"Noun",4,0.005777416,0.067856161,0.31,5.34777172182509,57
"15-42","QID817",15,42,8,"Adjective",8,0.005777416,0.303647506,0.32027027,5.40059500844905,71
"15-43","QID818",15,43,4,"Noun",9,0.235196916,0.962335391,0.316486486,5.30981072519043,51
"15-45","QID820",15,45,10,"Adverb",11,0.005777416,0.067856161,0.244054054,5.33491420738748,68
"15-46","QID821",15,46,9,"Verb",12,0.027346989,0.937515712,0.136756757,5.47997827412647,68
"15-48","QID823",15,48,7,"Verb",14,0.687643339,0.985353532,0.761621622,5.31933811669068,66
"15-51","QID826",15,51,9,"Adjective",17,0.005777416,0.0428449,0.06027027,5.10315856291665,80
"15-52","QID827",15,52,5,"Adjective",18,0.005777416,0.019234735,0.197837838,5.48088133637665,63
"15-53","Q2686",15,53,4,"Noun",19,0.8201999,0.962335391,0.901351351,5.42641339841496,36
"16-2","QID828",16,2,13,"Noun",2,0.005669738,0.590965376,0.0705,5.22485225140212,82
"16-3","QID829",16,3,2,"Verb",3,0.526528686,0.666596867,0.72875,5.33486567436959,49
"16-4","QID830",16,4,7,"Verb",4,0.005669738,0.138157327,0.41375,5.29433054012363,75
"16-7","QID833",16,7,5,"Noun",7,0.005669738,0.792240971,0.19375,5.25170403068385,72
"16-9","QID835",16,9,7,"Adjective",9,0.005669738,0.018399807,0.1205,5.35186275610832,78
"16-10","QID836",16,10,5,"Noun",10,0.005669738,0.985912253,0.09625,5.31039368929206,68
"16-12","QID838",16,12,3,"Verb",12,0.501232277,0.985912253,0.744102564,5.2733606765395,51
"16-13","QID839",16,13,5,"Verb",13,0.005770395,0.963216132,0.239487179,5.25385666466966,67
"16-15","QID841",16,15,2,"Verb",15,0.073892859,0.138157327,0.789,5.27828119868389,47
"16-16","QID842",16,16,11,"Adjective",16,0.005669738,0.464786045,0.30325,5.33424384624439,77
"16-18","QID844",16,18,10,"Noun",18,0.005669738,0.213007839,0.26275,5.24434165694811,80
"16-19","QID845",16,19,8,"Noun",19,0.005659971,0.985664881,0.08725,5.26255529467201,76
"16-21","QID847",16,21,10,"Noun",21,0.005669738,0.515263448,0.1635,5.45843974847165,77
"16-22","QID848",16,22,12,"Verb",22,0.005669738,0.138157327,0.1545,5.47422060732406,79
"16-24","QID850",16,24,10,"Adjective",24,0.005669738,0.414320009,0.28025,5.34820655017342,75
"16-25","QID851",16,25,9,"Noun",25,0.005669738,0.964039879,0.31875,5.42795804389469,70
"16-27","QID853",16,27,5,"Noun",2,0.005669738,0.767178439,0.13575,5.3309611664662,72
"16-28","QID854",16,28,2,"Verb",3,0.349518436,0.666596867,0.8215,5.29231667929532,38
"16-29","QID855",16,29,9,"Verb",4,0.005669738,0.288330733,0.2365,5.34748868886601,78
"16-31","QID857",16,31,5,"Noun",6,0.073892859,0.187985746,0.237,5.30452830067059,76
"16-34","QID860",16,34,6,"Adjective",9,0.005669738,0.641398523,0.1715,5.24896079183994,66
"16-35","QID861",16,35,11,"Verb",10,0.005669738,0.06455796,0.1725,5.42945423540184,80
"16-36","QID862",16,36,7,"Noun",11,0.049657203,0.867042533,0.30375,5.35622422584228,68
"16-38","QID864",16,38,6,"Noun",2,0.005669738,0.91628243,0.1615,5.36821984636068,76
"16-40","QID866",16,40,3,"Verb",4,0.005669738,0.842193232,0.494871795,5.39312514395462,58
"16-41","QID867",16,41,4,"Verb",5,0.026208516,0.964039879,0.28375,5.31266943706675,53
"16-42","QID868",16,42,2,"Verb",6,0.148208587,0.288330733,0.6115,5.25699950139893,37
"16-43","QID869",16,43,7,"Verb",7,0.026208516,0.263189704,0.20475,5.4344882705258,67
"16-44","QID870",16,44,3,"Adverb",8,0.005776193,0.091047963,0.5765,5.3018558161075,39
"16-47","QID873",16,47,5,"Noun",11,0.049657203,0.891760954,0.182,5.33494155190129,72
"16-49","QID875",16,49,4,"Verb",13,0.005669738,0.138157327,0.2175,5.39959406620607,64
"16-51","QID877",16,51,10,"Noun",15,0.005669738,0.515263448,0.091,5.1871550355107,72
"17-2","QID878",17,2,3,"Verb",2,0.475745934,0.91570929,0.756585366,5.21056536385184,63
"17-3","QID879",17,3,4,"Adverb",3,0.005498962,0.061539845,0.462380952,5.23403591405209,73
"17-4","QID880",17,4,8,"Adjective",4,0.025064301,0.849256849,0.193809524,5.1047238735787,69
"17-6","QID882",17,6,6,"Noun",6,0.047362856,0.226610675,0.293571429,5.24898230616429,67
"17-9","QID885",17,9,6,"Noun",9,0.070407036,0.801770605,0.159268293,5.25780318015151,77
"17-10","QID886",17,10,4,"Noun",10,0.005498962,0.919681089,0.406904762,5.36288680056676,65
"17-11","QID887",17,11,2,"Verb",11,0.476919084,0.965095961,0.894634146,5.36330910461582,34
"17-12","QID888",17,12,4,"Adverb",12,0.005498962,0.370278518,0.59,5.28651283421381,60
"17-13","QID889",17,13,9,"Verb",13,0.117371567,0.442291076,0.36,5.38738678889388,79
"17-16","QID892",17,16,6,"Noun",16,0.025064301,0.849256849,0.220238095,5.44028011823569,80
"17-17","QID893",17,17,5,"Noun",17,0.025064301,0.10801157,0.173902439,5.24145651225729,68
"17-18","QID894",17,18,6,"Noun",1,0.005689188,0.288226176,0.452857143,5.27892947391985,66
"17-19","QID895",17,19,4,"Verb",2,0.42877701,0.87287737,0.862857143,5.07980419817189,71
"17-22","QID898",17,22,6,"Verb",5,0.025064301,0.919681089,0.29952381,5.29839809440979,74
"17-24","QID900",17,24,7,"Noun",7,0.260530942,0.942682933,0.477619048,5.2540921404596,75
"17-26","QID902",17,26,5,"Verb",9,0.025064301,0.919681089,0.338809524,5.30006309810206,74
"17-28","QID904",17,28,5,"Verb",11,0.005694854,0.734990638,0.261666667,5.26213092770105,68
"17-29","QID905",17,29,4,"Noun",1,0.144528975,0.207743884,0.308333333,5.28472281008253,50
"17-30","QID906",17,30,4,"Adverb",2,0.141075811,0.155215074,0.798333333,5.38932200953593,63
"17-31","QID907",17,31,4,"Verb",3,0.621337852,0.896372667,0.924047619,5.28330610242788,65
"17-32","QID908",17,32,8,"Adjective",4,0.005498962,0.13155572,0.24547619,5.10434369343882,68
"17-33","QID909",17,33,9,"Noun",5,0.070407036,0.919681089,0.414390244,5.29271145238223,83
"17-35","QID911",17,35,5,"Adjective",7,0.005600232,0.159017542,0.257073171,5.37335107313732,74
"17-36","QID912",17,36,5,"Noun",8,0.141075811,0.825547006,0.442619048,5.27816703895558,66
"17-38","QID914",17,38,4,"Verb",10,0.266998501,0.772686129,0.612857143,5.26343703586851,53
"17-39","QID915",17,39,2,"Adverb",11,0.549140793,0.58636842,0.876666667,5.28584207242141,28
"17-41","QID917",17,41,4,"Noun",13,0.188720774,0.87287737,0.480714286,5.29539146861873,54
"17-43","QID919",17,43,5,"Noun",15,0.356603065,0.754075161,0.477142857,5.28646722013868,61
"17-44","QID920",17,44,7,"Verb",16,0.005498962,0.178956888,0.336097561,5.34998787523046,71
"17-46","QID922",17,46,7,"Verb",18,0.005498962,0.562362246,0.259761905,5.32300464294059,68
"17-48","QID924",17,48,4,"Adjective",20,0.005498962,0.658336781,0.299047619,5.41002227653173,56
"17-49","QID925",17,49,5,"Noun",21,0.597277495,0.942682933,0.721904762,5.25333474559895,56
"17-51","QID927",17,51,6,"Noun",23,0.380653524,0.965095961,0.518333333,5.27576713596116,78
"18-3","QID2687",18,3,9,"Noun",9,0.005354405,0.039809284,0.3405,5.54611369963071,74
"18-5","QID931",18,5,6,"Noun",5,0.005562402,0.965565238,0.103658537,5.23727292544512,74
"18-8","QID934",18,8,5,"Noun",8,0.005562402,0.562654528,0.13804878,5.17327558370979,70
"18-9","QID935",18,9,3,"Verb",9,0.636857441,0.941831545,0.83,5.23233359215606,46
"18-13","QID939",18,13,3,"Adjective",2,0.005562402,0.250725606,0.14097561,5.44748807274265,56
"18-14","QID940",18,14,5,"Noun",3,0.260733494,0.943149909,0.374102564,5.31044743525643,69
"18-15","QID941",18,15,5,"Verb",4,0.005562402,0.849669118,0.362439024,5.35868599450578,60
"18-19","QID945",18,19,5,"Noun",8,0.005562402,0.873303944,0.037317073,5.32062396790996,71
"18-22","QID948",18,22,6,"Noun",11,0.04748731,0.896813858,0.083658537,5.33377317285779,71
"18-23","QID949",18,23,7,"Verb",12,0.025167566,0.634672445,0.450731707,5.14119502947519,76
"18-25","QID951",18,25,3,"Adverb",14,0.093946526,0.108216893,0.609756098,5.33037801697721,46
"18-26","QID952",18,26,4,"Adverb",15,0.332772481,0.514616098,0.725853659,5.29085216796865,53
"18-28","QID954",18,28,2,"Verb",17,0.260733494,0.943149909,0.618780488,5.25336820712895,42
"18-29","QID955",18,29,9,"Verb",18,0.025167566,0.754437152,0.256585366,5.35443803152168,74
"18-31","QID957",18,31,8,"Noun",20,0.717685339,0.825945589,0.79875,5.3084914335473,80
"18-32","QID958",18,32,4,"Noun",21,0.621547796,0.965565238,0.686829268,5.27345373844809,55
"18-33","QID959",18,33,5,"Noun",22,0.025167566,0.061735335,0.201707317,5.35716525444035,57
"18-34","QID960",18,34,7,"Verb",23,0.165049328,0.943149909,0.593658537,5.33819385293062,75
"18-37","QID963",18,37,4,"Noun",26,0.165049328,0.965565238,0.328536585,5.24684724935551,56
"18-41","QID967",18,41,2,"Verb",30,0.453059732,0.965565238,0.71,5.46040701521155,26
"18-42","QID968",18,42,6,"Verb",31,0.464246288,0.846040083,0.59225,5.21916188662252,75
"18-44","QID970",18,44,7,"Noun",2,0.005666442,0.846156198,0.183902439,5.33079569304024,76
"18-45","QID971",18,45,3,"Verb",3,0.117537102,0.466572875,0.658780488,5.2112860793595,41
"18-46","QID972",18,46,6,"Adjective",4,0.005562402,0.061735335,0.226585366,5.36456162457302,76
"18-47","QID973",18,47,12,"Noun",5,0.141250686,0.943149909,0.451219512,5.32250408892226,80
"18-49","QID975",18,49,7,"Noun",7,0.005562402,0.32255493,0.13804878,5.4488851383586,76
"19-3","QID978",19,3,8,"Adjective",3,0.006249376,0.244529416,0.095526316,5.32384301184574,81
"19-4","QID979",19,4,8,"Noun",4,0.006249376,0.914458573,0.039473684,5.4410225118286,80
"19-5","QID980",19,5,10,"Noun",5,0.006249376,0.042100278,0.140789474,5.49970644623162,81
"19-6","QID981",19,6,4,"Verb",6,0.394631067,0.937848545,0.744210526,5.20919402016463,44
"19-7","QID982",19,7,7,"Verb",7,0.006249376,0.709931556,0.348157895,5.39593202914817,74
"19-9","QID984",19,9,10,"Verb",9,0.006249376,0.939278829,0.106842105,5.42362961165746,76
"19-10","QID985",19,10,2,"Adverb",10,0.005542693,0.119570976,0.687105263,5.25854377836438,24
"19-11","QID986",19,11,3,"Adverb",11,0.177639616,0.347753336,0.588421053,5.3787366449608,57
"19-12","QID987",19,12,5,"Verb",12,0.006249376,0.632426421,0.706052632,5.22153872852407,67
"19-13","QID988",19,13,6,"Verb",13,0.027299405,0.889301086,0.303947368,5.19018554180785,69
"19-14","QID989",19,14,5,"Adverb",14,0.027299405,0.167517974,0.513157895,5.35779771550436,70
"19-15","QID990",19,15,4,"Adjective",15,0.565914261,0.658279513,0.818157895,5.1058218582777,65
"19-16","QID991",19,16,9,"Noun",16,0.006249376,0.066466859,0.17,5.26383508707229,77
"19-17","QID992",19,17,4,"Adjective",17,0.027299405,0.193127806,0.257631579,5.4040686883792,70
"19-18","QID993",19,18,7,"Adjective",18,0.006249376,0.042100278,0.042894737,5.40639958997247,73
"19-19","QID994",19,19,6,"Noun",19,0.027299405,0.939278829,0.224473684,5.38809696075504,67
"19-20","QID995",19,20,7,"Verb",20,0.103769772,0.489831282,0.325263158,5.42094960180225,68
"19-21","QID996",19,21,2,"Adverb",21,0.051215611,0.218803432,0.749736842,5.274184343916,31
"19-22","QID997",19,22,6,"Adjective",22,0.006249376,0.042100278,0.204210526,5.41190066857865,77
"19-24","QID999",19,24,6,"Noun",24,0.006249376,0.939278829,0.552894737,5.52866013335232,66
"19-25","QID1000",19,25,3,"Verb",25,0.367971509,0.860441517,0.755675676,5.18148321538074,40
"19-26","QID1001",19,26,6,"Adjective",26,0.006249376,0.321912346,0.380263158,5.38200763655405,70
"19-28","QID1003",19,28,2,"Verb",28,0.126485696,0.838444636,0.516216216,5.20510515296926,42
"19-29","QID1004",19,29,4,"Adjective",29,0.006249376,0.347753336,0.359189189,5.06782412550223,52
"19-31","QID1006",19,31,9,"Noun",31,0.051215611,0.684115985,0.121052632,5.1419187347783,81
"19-32","QID1007",19,32,8,"Noun",1,0.006386529,0.145728201,0.127105263,5.43074552511302,81
"19-33","QID1008",19,33,6,"Verb",2,0.006249376,0.889301086,0.617368421,5.45912611830563,70
"19-34","QID1009",19,34,4,"Adverb",3,0.027299405,0.116598969,0.404210526,5.32541162512897,63
"19-35","QID1010",19,35,7,"Verb",4,0.101109831,0.939278829,0.319473684,5.30766149669727,68
"19-38","QID1013",19,38,9,"Noun",7,0.203343593,0.863940307,0.349210526,5.39237165144906,75
"19-41","QID1016",19,41,9,"Noun",10,0.006249376,0.838444636,0.092894737,5.28556124837256,68
"19-42","QID1017",19,42,4,"Verb",11,0.280746536,0.939278829,0.685526316,5.22867967282173,32
"19-43","QID1018",19,43,5,"Verb",12,0.006249376,0.985839505,0.350540541,5.26226928110249,71
"19-45","QID1020",19,45,5,"Noun",14,0.006249376,0.425357111,0.128421053,5.33222262566656,72
"19-46","QID1021",19,46,7,"Noun",15,0.462128787,0.632426421,0.668157895,5.04160372465336,75
"19-48","QID1023",19,48,6,"Noun",17,0.975248204,0.985839505,1,5.32119433407417,73
"19-50","QID1025",19,50,4,"Noun",19,0.358403196,0.373610008,0.533684211,5.46272768565068,65
"19-51","Q2688",19,51,11,"Noun",20,0.951306643,0.985839505,0.996578947,5.44453978534702,67
"20-2","QID1026",20,2,3,"Verb",2,0.006040694,0.42896371,0.390512821,5.17310775609012,65
"20-4","QID1028",20,4,4,"Verb",4,0.16897981,0.699570254,0.5905,5.22446898036728,65
"20-8","QID1032",20,8,4,"Verb",8,0.006053572,0.918400036,0.27804878,5.35150962941277,66
"20-9","QID1033",20,9,2,"Adverb",9,0.026733818,0.113615564,0.743414634,5.40681467407743,45
"20-10","QID1034",20,10,4,"Adverb",10,0.026743215,0.089099206,0.64902439,5.3063087060168,71
"20-13","QID1037",20,13,4,"Noun",13,0.051266582,0.914425823,0.304871795,5.26026029733656,51
"20-14","QID1038",20,14,6,"Verb",14,0.052602354,0.093666503,0.586052632,5.34122939659032,68
"20-15","QID1039",20,15,5,"Noun",15,0.051266582,0.296032907,0.39974359,5.23824591345547,64
"20-19","QID1043",20,19,3,"Verb",2,0.747223315,0.939204352,0.915526316,5.32785807117231,53
"20-21","QID1045",20,21,10,"Adjective",4,0.049976478,0.591182886,0.206153846,5.28142940288551,77
"20-22","QID1046",20,22,4,"Noun",5,0.049976478,0.964225743,0.233076923,5.34612771097394,68
"20-23","QID1047",20,23,9,"Verb",6,0.049976478,0.138379588,0.215384615,5.09432368973334,81
"20-25","QID1049",20,25,12,"Adjective",8,0.026665626,0.089057071,0.397435897,5.28817147299365,82
"20-26","QID1050",20,26,10,"Noun",9,0.049976478,0.964225743,0.136666667,5.31978959943684,79
"20-28","QID1052",20,28,3,"Noun",2,0.652650127,0.742287123,0.811025641,5.35042078711556,67
"20-29","QID1053",20,29,3,"Verb",3,0.026665626,0.041028664,0.741794872,5.30606524572556,58
"20-30","QID1054",20,30,4,"Adverb",4,0.049976478,0.465006801,0.592631579,5.32331559205002,63
"20-35","QID1059",20,35,7,"Adjective",3,0.07409439,0.313719505,0.353846154,5.30120391823689,78
"20-36","QID1060",20,36,4,"Noun",4,0.475676286,0.940672283,0.665641026,5.23217829203455,54
"20-38","QID1062",20,38,7,"Noun",6,0.051225931,0.838362538,0.564473684,5.2806405647647,77
"20-40","QID1064",20,40,5,"Noun",8,0.051225931,0.963370759,0.169210526,5.26839795974172,71
"20-41","QID1065",20,41,6,"Verb",9,0.051225931,0.88922184,0.477631579,5.35627532278347,68
"20-42","QID1066",20,42,3,"Adverb",10,0.051225931,0.658190312,0.835526316,5.17961141548999,45
"20-43","QID1067",20,43,5,"Noun",11,0.051225931,0.116497434,0.257105263,5.31551100508173,72
"20-44","QID1068",20,44,4,"Verb",12,0.126483478,0.528819481,0.626842105,5.26265129698277,57
"20-45","QID1069",20,45,5,"Verb",13,0.051225931,0.787107889,0.207368421,5.22800639199238,63
"20-47","QID1071",20,47,9,"Noun",15,0.051225931,0.554708405,0.257631579,5.37519633187692,79
"20-48","QID1072",20,48,3,"Verb",16,0.850192712,0.963370759,0.946578947,5.4753591848655,45
"20-49","QID1073",20,49,5,"Verb",17,0.051225931,0.88922184,0.318684211,5.29610553421604,56
"21-2","QID1074",21,2,4,"Noun",2,0.024255716,0.619671055,0.269047619,5.13638308307715,64
"21-4","QID1076",21,4,2,"Verb",4,0.559622385,0.966258172,0.864047619,5.36162482361152,24
"21-5","QID1077",21,5,9,"Verb",5,0.005202757,0.478938226,0.429268293,5.31092413772408,77
"21-7","QID1079",21,7,5,"Verb",7,0.005202757,0.966258172,0.190238095,5.28820023448433,69
"21-10","QID1082",21,10,9,"Noun",10,0.005202757,0.244701705,0.128809524,5.40010426127231,80
"21-12","QID1084",21,12,8,"Noun",12,0.024255716,0.038119136,0.319761905,5.37909696087322,78
"21-13","QID1085",21,13,8,"Adverb",13,0.005202757,0.198082195,0.15,5.40368637751081,79
"21-16","QID1088",21,16,7,"Noun",3,0.005202757,0.829896694,0.105641026,5.24036233297831,77
"21-17","QID1089",21,17,3,"Verb",4,0.583129935,0.643106888,0.902857143,5.04970283383525,54
"21-18","QID1090",21,18,5,"Adverb",5,0.184112316,0.22137369,0.611428571,5.23838389099674,67
"21-19","QID1091",21,19,8,"Adverb",6,0.005202757,0.017275315,0.360238095,5.3101852795418,74
"21-20","QID1092",21,20,7,"Adjective",7,0.005202757,0.806664644,0.169761905,5.26882656931498,78
"21-22","QID1094",21,22,3,"Noun",9,0.005202757,0.853064731,0.121463415,5.40882526751915,58
"21-25","QID1097",21,25,7,"Noun",12,0.046032619,0.876146501,0.252142857,5.35773579700975,74
"21-27","QID1099",21,27,6,"Adjective",14,0.024255716,0.06017598,0.144358974,5.37990310841624,67
"21-28","QID1100",21,28,7,"Noun",15,0.005202757,0.986615755,0.07047619,5.35250352195399,70
"21-31","QID1103",21,31,9,"Noun",18,0.005202757,0.921884826,0.146190476,5.32464810622493,71
"21-32","QID1104",21,32,9,"Noun",19,0.091388017,0.198082195,0.405714286,5.23127648781685,81
"21-33","QID1105",21,33,2,"Verb",20,0.66936167,0.849607496,0.916904762,5.02114918930758,38
"21-39","QID1111",21,39,12,"Adjective",26,0.005202757,0.017275315,0.105952381,5.34418255382978,81
"21-40","QID1112",21,40,7,"Noun",27,0.024255716,0.944362222,0.126666667,5.40604228288198,73
"21-41","QID1113",21,41,3,"Verb",28,0.559622385,0.666531903,0.885714286,5.2453473630122,30
"21-42","QID1114",21,42,7,"Verb",29,0.005294412,0.586556627,0.076097561,5.3825187514231,72
"21-44","QID1116",21,44,6,"Adjective",31,0.068543614,0.198082195,0.221666667,5.47128714067031,63
"21-45","QID1117",21,45,8,"Noun",32,0.160813534,0.966258172,0.287857143,5.40723430989538,64
"21-48","QID1120",21,48,4,"Adjective",35,0.024779086,0.418381825,0.267380952,5.20219799800986,56
"21-49","QID1121",21,49,8,"Noun",36,0.489086321,0.899106778,0.606666667,5.14647459219277,79
"22-2","QID1122",22,2,4,"Adjective",2,0.067671158,0.239225878,0.627209302,5.22525545336611,70
"22-3","QID1123",22,3,5,"Noun",3,0.005814182,0.037425151,0.111395349,5.25705648817209,66
"22-4","QID1124",22,4,4,"Verb",4,0.005814182,0.376397148,0.320930233,5.3377413715676,70
"22-9","QID1129",22,9,4,"Verb",2,0.024566509,0.967041467,0.769534884,5.3160883774123,60
"22-10","QID1130",22,10,4,"Adverb",3,0.284694281,0.370390813,0.595581395,5.23405152894849,59
"22-11","QID1131",22,11,10,"Noun",4,0.025680727,0.394438388,0.204186047,5.20329650836889,74
"22-12","QID1132",22,12,6,"Noun",5,0.069251171,0.944449748,0.357380952,5.24415063867482,70
"22-14","QID1134",22,14,2,"Adverb",7,0.045763348,0.216438487,0.736744186,5.27221794688031,51
"22-15","QID1135",22,15,4,"Adjective",8,0.045763348,0.125765315,0.361627907,5.34664827649663,65
"22-16","QID1136",22,16,3,"Verb",9,0.067671158,0.765614361,0.723255814,5.28789471930833,45
"22-18","QID1138",22,18,4,"Noun",11,0.045763348,0.967041467,0.158333333,5.19595828591456,50
"22-19","QID1139",22,19,4,"Verb",12,0.340344547,0.811137585,0.551860465,5.17866421114608,60
"22-22","QID1142",22,22,12,"Noun",15,0.005814182,0.83383245,0.290232558,5.02067872211881,81
"22-25","QID1145",22,25,4,"Verb",18,0.112359383,0.945651606,0.668372093,5.25572198485089,53
"22-26","QID1146",22,26,5,"Adverb",19,0.045763348,0.284881331,0.284418605,5.32865317392017,74
"22-27","QID1147",22,27,10,"Verb",20,0.045763348,0.811137585,0.351162791,5.29139721454197,81
"22-29","QID1149",22,29,7,"Noun",2,0.045763348,0.923693769,0.112325581,5.45402264061922,77
"22-30","QID1150",22,30,8,"Verb",3,0.045763348,0.83383245,0.491627907,5.36049603906524,76
"22-31","QID1151",22,31,6,"Adverb",4,0.045763348,0.262041972,0.337906977,5.36954809431655,70
"22-33","QID1153",22,33,4,"Adverb",6,0.067671158,0.148333646,0.595581395,5.21037970129565,55
"22-34","QID1154",22,34,8,"Verb",7,0.046788154,0.525943269,0.284047619,5.22650122238683,73
"22-36","QID1156",22,36,8,"Noun",9,0.04903054,0.986165381,0.090243902,5.18930148077594,80
"22-38","QID1158",22,38,6,"Verb",2,0.094158186,0.778302363,0.544146341,5.38307371053496,72
"22-42","QID1162",22,42,5,"Verb",6,0.049013859,0.478011847,0.2705,5.33551025786547,67
"22-44","QID1164",22,44,5,"Noun",8,0.006148653,0.846024032,0.11075,5.28894548965724,69
"22-48","QID1168",22,48,5,"Noun",12,0.126581929,0.812625293,0.261282051,5.36335136031674,54
"23-3","QID1170",23,3,7,"Noun",3,0.005176744,0.967146435,0.008837209,5.18726916562385,82
"23-4","QID1171",23,4,3,"Verb",4,0.067118521,0.765725229,0.553255814,5.33464568636147,57
"23-8","QID1175",23,8,6,"Noun",8,0.005176744,0.967146435,0.514651163,5.36077831137821,70
"23-9","QID1176",23,9,6,"Noun",9,0.005176744,0.445212154,0.14372093,5.32989547388017,74
"23-11","QID1178",23,11,7,"Noun",11,0.294385799,0.833945763,0.498837209,5.44783003579222,74
"23-12","QID1179",23,12,6,"Noun",12,0.890030655,0.945761264,0.937674419,5.2155372530646,60
"23-13","QID1180",23,13,6,"Verb",13,0.005176744,0.376470117,0.322790698,5.29264632446612,70
"23-15","QID1182",23,15,4,"Adjective",15,0.089442355,0.103339712,0.455348837,5.28809589885059,53
"23-16","QID1183",23,16,8,"Noun",16,0.546964667,0.811250319,0.697906977,5.21719016866909,70
"23-18","QID1185",23,18,6,"Noun",18,0.005176744,0.967146435,0.034186047,5.2127503910206,76
"23-19","QID1186",23,19,3,"Verb",19,0.005176744,0.49105909,0.672325581,5.38940289001202,46
"23-20","QID1187",23,20,5,"Verb",20,0.023832127,0.856578383,0.133255814,5.21240681786003,72
"23-21","QID1188",23,21,2,"Adverb",21,0.005176744,0.262099213,0.77372093,5.22750341424972,42
"23-22","QID1189",23,22,4,"Adverb",22,0.005176744,0.037446514,0.754651163,5.23650227260008,62
"23-25","QID1192",23,25,5,"Noun",25,0.13457542,0.788506695,0.42627907,5.20884190579567,68
"23-26","QID1193",23,26,3,"Verb",26,0.294385799,0.945761264,0.76452381,5.31403340311588,49
"23-27","QID1194",23,27,5,"Verb",27,0.005176744,0.923805661,0.141627907,5.3684330611438,70
"23-28","QID1195",23,28,10,"Adverb",28,0.005334701,0.226830522,0.25,5.37142902623412,81
"23-31","QID1198",23,31,10,"Adjective",31,0.005176744,0.148373765,0.221162791,5.33334425387838,75
"23-32","QID1199",23,32,9,"Noun",32,0.046108536,0.830088876,0.162790698,5.40238007960854,74
"23-33","QID1200",23,33,7,"Verb",33,0.005253412,0.128674097,0.295,5.36754900288405,71
"23-35","QID1202",23,35,4,"Adverb",35,0.005253412,0.01737511,0.252380952,5.33450283119576,55
"23-36","QID1203",23,36,7,"Adjective",36,0.068640851,0.899278854,0.191190476,5.1003263744734,76
"23-37","QID1204",23,37,6,"Noun",37,0.005253412,0.944531103,0.132619048,5.39599853335883,73
"23-39","QID1206",23,39,4,"Verb",39,0.005253412,0.876318778,0.358571429,5.34490167571458,67
"23-40","QID1207",23,40,4,"Adverb",40,0.091493248,0.572934642,0.574285714,5.31364069242586,57
"23-43","QID1210",23,43,6,"Adjective",43,0.005253412,0.105680273,0.10952381,5.34007507544849,74
"23-44","QID1211",23,44,7,"Adjective",44,0.024332842,0.151780351,0.111904762,5.35216585000453,67
"23-45","QID1212",23,45,7,"Noun",45,0.068640851,0.944531103,0.171666667,5.2902307826931,64
"23-46","QID1213",23,46,4,"Noun",46,0.024332842,0.713505693,0.190952381,5.50516813225682,60
"23-48","QID1215",23,48,9,"Noun",48,0.16093993,0.666696454,0.423809524,5.37661309825499,67
"24-2","QID1216",24,2,8,"Noun",2,0.025698948,0.986650251,0.524390244,5.29801157796547,79
"24-3","QID1217",24,3,4,"Verb",3,0.025698948,0.873593407,0.706,5.25261983469377,65
"24-5","QID1219",24,5,4,"Noun",5,0.006053099,0.32278267,0.0935,5.30651693165766,71
"24-7","QID1221",24,7,5,"Verb",7,0.070893466,0.943444744,0.435365854,5.3673505907781,67
"24-8","QID1222",24,8,6,"Noun",8,0.006053099,0.155642719,0.204390244,5.39313145435105,78
"24-9","QID1223",24,9,4,"Verb",9,0.141425305,0.610928339,0.434634146,5.27432018283434,57
"24-10","QID1224",24,10,9,"Adjective",10,0.025698948,0.466812501,0.144390244,5.27878279981974,77
"24-13","QID1227",24,13,9,"Noun",13,0.12066468,0.94219714,0.210512821,5.36151688982903,79
"24-14","QID1228",24,14,4,"Verb",14,0.332789934,0.706855655,0.536829268,5.3276011688789,53
"24-15","QID1229",24,15,6,"Adjective",15,0.070893466,0.778591885,0.206097561,5.19183931992047,76
"24-18","QID1232",24,18,5,"Verb",18,0.070893466,0.986650251,0.294634146,5.17880678672363,69
"24-19","QID1233",24,19,2,"Adverb",19,0.025698948,0.203198895,0.76675,5.05716107452425,41
"24-22","QID1236",24,22,4,"Verb",22,0.236829398,0.965853968,0.49,5.32877902125314,63
"24-24","QID1238",24,24,6,"Noun",24,0.189020858,0.965853968,0.272195122,5.20701383633793,49
"24-26","QID1240",24,26,4,"Adverb",2,0.189020858,0.227054859,0.597317073,5.24849891736761,68
"24-27","QID1241",24,27,4,"Verb",3,0.026239391,0.986373672,0.12275,5.27854250778227,69
"24-31","QID1245",24,31,3,"Adjective",7,0.006137048,0.183741849,0.20275,5.3581763270764,52
"24-32","QID1246",24,32,6,"Noun",8,0.049002527,0.846292172,0.15525,5.34076736100779,73
"24-35","QID1249",24,35,4,"Adjective",11,0.026239391,0.232590015,0.19175,5.26901687702904,60
"24-36","QID1250",24,36,5,"Adjective",12,0.026239391,0.625931649,0.104102564,5.05231275785027,56
"24-37","QID1251",24,37,5,"Noun",13,0.026239391,0.986373672,0.07525,5.30270821177524,65
"24-39","QID1253",24,39,9,"Adjective",15,0.050187675,0.238440975,0.267692308,5.18438317907249,73
"24-40","QID1254",24,40,10,"Noun",16,0.0743198,0.940729016,0.183055556,5.25790359155052,71
"24-41","QID1255",24,41,4,"Verb",17,0.24869613,0.742382633,0.40974359,5.40434788026896,48
"24-42","QID1256",24,42,6,"Noun",18,0.026851249,0.041165077,0.201025641,5.35449059007863,69
"24-43","QID1257",24,43,6,"Verb",19,0.24869613,0.867321098,0.653589744,5.30198525980359,62
"24-44","QID1258",24,44,6,"Adverb",20,0.050187675,0.113770361,0.408205128,5.31124464758861,68
"24-45","QID1259",24,45,7,"Verb",21,0.123560705,0.339037562,0.448461538,5.28978924252229,70
"24-47","QID1261",24,47,7,"Noun",23,0.551764923,0.892031907,0.619230769,5.39657134821497,68
"24-48","Q2689",24,48,5,"Noun",24,0.952586335,0.964274966,0.986153846,5.43666935629044,48
"25-2","QID1262",25,2,6,"Noun",2,0.0056426,0.735763657,0.201315789,5.16882928789481,78
"25-3","QID1263",25,3,4,"Noun",3,0.0056426,0.939344251,0.131315789,5.22334604737828,65
"25-4","QID1264",25,4,4,"Verb",4,0.669804292,0.963507632,0.798421053,5.16016135906959,63
"25-5","QID1265",25,5,4,"Adverb",5,0.0056426,0.270282217,0.492894737,5.27043082300748,62
"25-6","QID1266",25,6,10,"Verb",6,0.0056426,0.554821767,0.256052632,5.28268502720683,77
"25-7","QID1267",25,7,4,"Adverb",7,0.0056426,0.425362753,0.798684211,5.31343107684411,61
"25-8","QID1268",25,8,7,"Adjective",8,0.075587087,0.091352191,0.317894737,5.24662725914242,69
"25-10","QID1270",25,10,6,"Adverb",10,0.643886346,0.019038852,0.897105263,5.19515607790511,68
"25-11","QID1271",25,11,7,"Verb",11,0.075587087,0.141969417,0.31,5.30012734502711,68
"25-13","QID1273",25,13,9,"Noun",13,0.0056426,0.321905857,0.195789474,5.23191423712818,75
"25-15","QID1275",25,15,6,"Verb",15,0.306656551,0.98589878,0.506315789,5.1976640317796,70
"25-16","QID1276",25,16,7,"Adverb",16,0.0056426,0.47714271,0.515789474,5.24589743660517,74
"25-19","QID1279",25,19,5,"Noun",19,0.026655174,0.98589878,0.102105263,5.33674650600494,68
"25-20","QID1280",25,20,6,"Adverb",20,0.0056426,0.019038852,0.373421053,5.33545444031086,72
"25-21","QID1281",25,21,5,"Verb",21,0.050713293,0.939344251,0.125945946,5.35071830577433,67
"25-24","QID1284",25,24,3,"Adjective",24,0.052028183,0.356984831,0.225945946,5.22460527784843,48
"25-25","QID1285",25,25,13,"Noun",25,0.005760589,0.985606034,0.107837838,5.33478670456695,78
"25-26","QID1286",25,26,12,"Adverb",1,0.005867863,0.044158289,0.409444444,5.37661598936007,79
"25-27","QID1287",25,27,6,"Noun",2,0.005760589,0.043101835,0.240540541,5.30949987855127,73
"25-28","QID1288",25,28,4,"Noun",3,0.71423802,0.834266492,0.803513514,5.16521295788584,56
"25-29","QID1289",25,29,5,"Verb",4,0.208703351,0.985606034,0.535675676,5.12481976834358,66
"25-32","QID1292",25,32,5,"Noun",7,0.005760589,0.303933374,0.15027027,5.28065707802495,77
"25-33","QID1293",25,33,9,"Verb",8,0.005760589,0.985606034,0.110540541,5.31063387542458,78
"25-35","QID1295",25,35,8,"Noun",10,0.005760589,0.145687124,0.128918919,5.43413065086413,77
"25-36","QID1296",25,36,5,"Verb",11,0.005760589,0.886494126,0.710540541,5.26308152804065,55
"25-37","QID1297",25,37,2,"Verb",12,0.052028183,0.912329399,0.449459459,5.25977959421098,30
"25-39","QID1299",25,39,5,"Noun",14,0.027324912,0.675780426,0.31972973,5.32333629309943,66
"25-41","QID1301",25,41,7,"Noun",16,0.155901653,0.781632452,0.37,5.28302640913044,72
"25-44","QID1304",25,44,9,"Adjective",19,0.005760589,0.250983478,0.128378378,5.32882818140436,74
"25-46","QID1306",25,46,8,"Verb",21,0.005760589,0.145687124,0.358648649,5.31779804444931,81
"25-48","Q2690",25,48,7,"Noun",23,0.077570597,0.93781713,0.234054054,5.40573837693282,73
"26-2","QID1308",26,2,5,"Adjective",2,0.00563614,0.062008479,0.129285714,5.28190192279882,79
"26-3","QID1309",26,3,4,"Noun",3,0.00563614,0.98676937,0.138536585,5.398588993003,67
"26-4","QID1310",26,4,4,"Verb",4,0.025275876,0.56299192,0.559756098,5.26780741295987,68
"26-5","QID1311",26,5,2,"Verb",5,0.248888718,0.842648291,0.63825,5.2294202185418,49
"26-7","QID1313",26,7,4,"Verb",7,0.00563614,0.754815986,0.427560976,5.2774600973733,70
"26-8","QID1314",26,8,4,"Adjective",8,0.070679699,0.132050148,0.437804878,5.23867529174903,66
"26-10","QID1316",26,10,8,"Adjective",10,0.00563614,0.085117438,0.01902439,5.36844822805169,81
"26-11","QID1317",26,11,8,"Noun",11,0.00563614,0.965986578,0.028536585,5.45816276266044,78
"26-12","QID1318",26,12,4,"Verb",12,0.00563614,0.826344444,0.42804878,5.26994495506821,59
"26-14","QID1320",26,14,10,"Verb",14,0.00563614,0.611020561,0.18,5.32522185282238,81
"26-16","QID1322",26,16,8,"Verb",16,0.00563614,0.15571578,0.118292683,5.34747677747212,77
"26-19","QID1325",26,19,3,"Noun",19,0.047608904,0.897233475,0.110487805,5.24144558722342,69
"26-22","QID1328",26,22,4,"Noun",22,0.094087514,0.873716889,0.228780488,5.19066046481375,47
"26-24","QID1330",26,24,8,"Verb",24,0.00563614,0.965986578,0.348292683,5.31615317713249,79
"26-26","QID1332",26,26,9,"Adjective",26,0.005739552,0.503019798,0.1825,5.34203742115124,78
"26-27","QID1333",26,27,8,"Noun",27,0.00563614,0.897233475,0.175365854,5.37025569420845,77
"26-28","QID1334",26,28,9,"Noun",28,0.047608904,0.826344444,0.263414634,5.37429147390239,74
"26-29","QID1335",26,29,8,"Verb",29,0.00563614,0.203272802,0.363902439,5.48120778498056,71
"26-31","QID1337",26,31,7,"Adverb",31,0.00563614,0.062008479,0.235121951,5.40835521226106,73
"26-32","QID1338",26,32,6,"Verb",32,0.357040533,0.897233475,0.639268293,5.34369967881951,74
"26-34","QID1340",26,34,9,"Verb",34,0.332991866,0.730899031,0.561707317,5.22754973902426,80
"26-36","QID1342",26,36,13,"Noun",36,0.00563614,0.802548177,0.233902439,5.39815737156545,78
"26-38","QID1344",26,38,5,"Verb",38,0.165215639,0.778701713,0.577804878,5.36389734120663,57
"26-39","QID1345",26,39,4,"Verb",39,0.00563614,0.897233475,0.32,5.29796010700206,53
"26-41","QID1347",26,41,5,"Adjective",41,0.047608904,0.085117438,0.74097561,5.2917938598556,51
"26-42","QID1348",26,42,14,"Noun",42,0.00563614,0.965986578,0.26195122,5.36796528085679,75
"26-43","QID1349",26,43,8,"Verb",43,0.284933883,0.018021683,0.395365854,5.31272268203526,66
"26-44","QID1350",26,44,10,"Noun",44,0.00563614,0.85007503,0.33195122,5.20024081696447,72
"26-46","QID1352",26,46,4,"Verb",46,0.141408804,0.49092002,0.392,5.12623680567536,58
"27-2","QID1353",27,2,7,"Adjective",2,0.006130147,0.439361431,0.267179487,5.1621631164972,72
"27-4","QID1355",27,4,4,"Adverb",4,0.006130147,0.23796497,0.672564103,5.25601205418838,66
"27-5","QID1356",27,5,4,"Adverb",5,0.27366012,0.38892858,0.646923077,5.11220811930347,59
"27-6","QID1357",27,6,8,"Adjective",6,0.026663713,0.766786923,0.303589744,5.21237120882461,67
"27-7","QID1358",27,7,2,"Verb",7,0.349336966,0.540263768,0.755384615,5.25656739434092,32
"27-9","QID1360",27,9,8,"Noun",9,0.006130147,0.816813753,0.232894737,5.23862534418293,71
"27-11","QID1362",27,11,8,"Adjective",11,0.006130147,0.040762168,0.177692308,5.31268904597557,80
"27-12","QID1363",27,12,8,"Noun",12,0.098604921,0.963462801,0.313846154,5.29564436909243,76
"27-15","QID1366",27,15,10,"Verb",3,0.006130147,0.040762168,0.124871795,5.35702947514061,79
"27-17","QID1368",27,17,5,"Noun",5,0.006130147,0.841730759,0.126923077,5.30475413457448,71
"27-20","QID1371",27,20,5,"Noun",8,0.475709937,0.841730759,0.575641026,5.10027241824948,60
"27-21","QID1372",27,21,10,"Verb",9,0.006130147,0.064493649,0.308461538,5.38383974037427,81
"27-23","QID1374",27,23,7,"Adjective",11,0.006256468,0.018770168,0.097368421,5.38214225693413,72
"27-24","QID1375",27,24,8,"Adjective",12,0.02731003,0.066110477,0.202368421,5.43484697642499,76
"27-25","QID1376",27,25,4,"Noun",13,0.075976308,0.938448581,0.328421053,5.31633145752855,44
"27-28","QID1379",27,28,4,"Noun",16,0.02731003,0.786502377,0.257631579,5.32535846178076,65
"27-29","QID1380",27,29,5,"Adverb",17,0.02731003,0.091017625,0.399473684,5.30594922927461,59
"27-30","QID1381",27,30,2,"Verb",18,0.25491324,0.837707895,0.807368421,5.30103367325739,39
"27-31","QID1382",27,31,6,"Adverb",19,0.02731003,0.167126439,0.498684211,5.36809295414,70
"27-33","QID1384",27,33,9,"Adjective",21,0.126496489,0.81214088,0.428421053,5.32167949329739,76
"27-35","QID1386",27,35,8,"Noun",23,0.028002917,0.833537922,0.259210526,5.30577636707,79
"27-36","QID1387",27,36,8,"Noun",24,0.152020796,0.760809117,0.358157895,5.14193382010787,75
"27-38","QID1389",27,38,8,"Adverb",26,0.129845259,0.250631584,0.413157895,5.39340996746892,75
"27-39","QID1390",27,39,10,"Adverb",27,0.052557935,0.067842749,0.329210526,5.42239732676337,78
"27-40","QID1391",27,40,5,"Verb",28,0.436179199,0.962609475,0.638684211,5.41043958130668,61
"27-44","QID1395",27,44,7,"Verb",3,0.177646571,0.837704636,0.646578947,5.371331624003,78
"27-45","QID1396",27,45,4,"Verb",4,0.027988743,0.780892626,0.300789474,5.36188247000563,65
"27-46","QID1397",27,46,5,"Adverb",5,0.306611789,0.347302985,0.792368421,5.5574330603987,59
"28-2","QID1398",28,2,4,"Noun",2,0.005958994,0.717244607,0.04825,5.30138658962651,66
"28-3","QID1399",28,3,3,"Verb",3,0.274150334,0.566077312,0.727435897,5.21312882370441,57
"28-4","QID1400",28,4,7,"Verb",4,0.026011873,0.870560049,0.2245,5.27486463070482,70
"28-6","QID1402",28,6,10,"Verb",6,0.026646791,0.742453853,0.295641026,5.35470949465963,78
"28-8","QID1404",28,8,10,"Noun",8,0.005995659,0.439925845,0.130512821,5.28989272278766,81
"28-10","QID1406",28,10,5,"Noun",10,0.299389207,0.940840609,0.601538462,5.26935493170095,55
"28-12","QID1408",28,12,3,"Verb",12,0.006014763,0.373728487,0.537692308,5.38927213210399,55
"28-14","QID1410",28,14,5,"Adjective",14,0.051216982,0.167617165,0.315128205,5.32027310964721,64
"28-15","QID1411",28,15,10,"Noun",15,0.358844195,0.985987127,0.527179487,5.24033449942375,75
"28-16","QID1412",28,16,6,"Adverb",16,0.006014763,0.218907437,0.413076923,5.30583332502218,73
"28-18","QID1414",28,18,7,"Noun",18,0.006014763,0.142093309,0.175641026,5.23910086960665,73
"28-19","QID1415",28,19,10,"Adverb",1,0.006125099,0.119752265,0.424736842,5.37899149184988,79
"28-23","QID1419",28,23,3,"Verb",5,0.773587487,0.985987127,0.88,5.25102591723894,54
"28-24","QID1420",28,24,7,"Verb",6,0.05010395,0.916651624,0.376153846,5.30735607491987,72
"28-26","QID1422",28,26,6,"Noun",8,0.006014763,0.066554909,0.331025641,5.34257020912721,69
"28-27","QID1423",28,27,4,"Noun",9,0.006014763,0.218907437,0.601282051,5.3297752956957,64
"28-28","QID1424",28,28,6,"Verb",10,0.101307025,0.787353112,0.368461538,5.27402185840797,65
"28-29","QID1425",28,29,5,"Verb",11,0.006014763,0.963609892,0.496410256,5.37975627943088,64
"28-32","QID1428",28,32,3,"Noun",14,0.027154754,0.116693103,0.3,5.06244176299687,38
"28-33","QID1429",28,33,9,"Verb",15,0.027154754,0.019148244,0.528461538,5.21621157632951,80
"28-36","QID1432",28,36,8,"Noun",18,0.006014763,0.813017102,0.496923077,5.37595269948819,73
"28-38","QID1434",28,38,5,"Noun",20,0.152313371,0.889471536,0.601538462,5.34177507157246,68
"28-40","QID1436",28,40,5,"Verb",22,0.005995659,0.213375935,0.474358974,5.39103732200236,67
"28-44","QID1440",28,44,8,"Noun",26,0.566519903,0.864037797,0.77,5.37380824275525,72
"28-46","Q2691",28,46,7,"Noun",28,0.101465769,0.939379737,0.690526316,5.41989273146901,59
"29-2","QID1442",29,2,5,"Adjective",2,0.005361906,0.018222593,0.31275,5.26230152279703,75
"29-3","QID1443",29,3,9,"Noun",3,0.005361906,0.724165348,0.0865,5.24101797918061,79
"29-4","QID1444",29,4,10,"Verb",4,0.04818101,0.918557754,0.32575,5.33159503903757,80
"29-5","QID1445",29,5,6,"Noun",5,0.005361906,0.552085706,0.156,5.32150039803797,74
"29-6","QID1446",29,6,6,"Noun",6,0.439256247,0.699627208,0.5535,5.20614053511607,65
"29-8","QID1448",29,8,8,"Adverb",8,0.005361906,0.018222593,0.223333333,5.36440772439646,79
"29-9","QID1449",29,9,8,"Adjective",9,0.025324725,0.773158912,0.242,5.4062982950614,75
"29-10","QID1450",29,10,9,"Noun",10,0.025324725,0.846311924,0.116,5.49479629263488,78
"29-11","QID1451",29,11,3,"Verb",11,0.340625429,0.724165348,0.735,5.30283180973282,38
"29-12","QID1452",29,12,9,"Verb",12,0.005361906,0.281513959,0.255,5.3047238645329,74
"29-15","QID1455",29,15,7,"Noun",15,0.071812841,0.846311924,0.26925,5.10335006130949,72
"29-17","QID1457",29,17,7,"Adjective",17,0.025324725,0.281513959,0.306153846,5.34963898265476,78
"29-18","QID1458",29,18,7,"Adjective",18,0.005361906,0.063274382,0.421282051,5.4323587905366,72
"29-19","QID1459",29,19,9,"Noun",19,0.710502223,0.965117879,0.75825,5.37814606935978,68
"29-20","QID1460",29,20,13,"Noun",20,0.005361906,0.040114744,0.077,5.45408626419976,82
"29-22","QID1462",29,22,14,"Noun",22,0.005361906,0.699627208,0.233421053,5.42979605667456,82
"29-25","QID1465",29,25,9,"Adjective",3,0.005448121,0.041058796,0.295128205,5.21021665582612,74
"29-26","QID1466",29,26,5,"Noun",4,0.627418122,0.892060569,0.78,5.26723563153348,66
"29-28","QID1468",29,28,8,"Noun",6,0.147890326,0.964322718,0.246923077,5.18035732218891,77
"29-29","QID1469",29,29,10,"Noun",7,0.098162712,0.916580088,0.282820513,5.37316425565546,81
"29-34","QID1474",29,34,2,"Adverb",12,0.500959501,0.71723739,0.753589744,5.34252534441183,46
"29-35","QID1475",29,35,3,"Verb",13,0.098162712,0.36416186,0.410512821,5.33512507711648,51
"29-36","QID1476",29,36,6,"Adverb",14,0.025899329,0.238349611,0.215641026,5.31421248529008,66
"29-37","QID1477",29,37,6,"Verb",15,0.005448121,0.742373718,0.081538462,5.46008261842273,68
"29-39","QID1479",29,39,7,"Adjective",17,0.005448121,0.113665847,0.233333333,5.28630060363822,69
"29-40","QID1480",29,40,7,"Noun",18,0.025899329,0.986158096,0.12974359,5.34669927978765,73
"29-42","QID1482",29,42,11,"Noun",20,0.005448121,0.692075234,0.025384615,5.24118863020152,79
"29-44","QID1484",29,44,5,"Noun",22,0.027116541,0.463242255,0.166578947,5.3415654833849,72
"29-45","QID1485",29,45,7,"Noun",23,0.384168926,0.985871581,0.648684211,5.46073100152225,57
"30-2","QID1486",30,2,8,"Noun",2,0.389821829,0.845900793,0.547,5.22170789904061,80
"30-3","QID1487",30,3,3,"Verb",3,0.00543985,0.918120559,0.6265,5.32264248005135,43
"30-5","QID1489",30,5,11,"Adverb",5,0.00543985,0.063038691,0.442,5.28799337500631,80
"30-6","QID1490",30,6,4,"Verb",6,0.00543985,0.89421802,0.2835,5.25762421780373,65
"30-8","QID1492",30,8,4,"Adverb",8,0.00543985,0.039888886,0.350512821,5.36447316666347,59
"30-9","QID1493",30,9,6,"Verb",9,0.09582479,0.941706305,0.4405,5.21315666317422,71
"30-10","QID1494",30,10,5,"Noun",10,0.09582479,0.207792288,0.25425,5.24985560309912,65
"30-11","QID1495",30,11,5,"Noun",11,0.488475741,0.964679381,0.7435,5.10279302835601,44
"30-13","QID1497",30,13,8,"Adverb",13,0.00543985,0.232239471,0.267435897,5.39939610618818,76
"30-14","QID1498",30,14,7,"Verb",14,0.242146054,0.650144602,0.58375,5.25845596876716,72
"30-16","QID1500",30,16,3,"Adjective",16,0.09582479,0.330337757,0.2465,5.21760145578398,60
"30-17","QID1501",30,17,6,"Noun",17,0.00543985,0.964679381,0.13375,5.23264524142104,75
"30-18","QID1502",30,18,5,"Noun",18,0.315910634,0.52714954,0.49275,5.10536260147381,71
"30-19","QID1503",30,19,8,"Verb",19,0.049413732,0.940315187,0.357435897,5.18194673327041,75
"30-22","QID1506",30,22,3,"Verb",3,0.14428304,0.870123433,0.6735,5.18737528131498,51
"30-23","QID1507",30,23,5,"Verb",4,0.00543985,0.699264924,0.14225,5.24363178767482,71
"30-24","QID1508",30,24,3,"Adjective",5,0.00543985,0.15905753,0.124358974,5.30631052578785,46
"30-25","QID1509",30,25,9,"Noun",6,0.119989506,0.870123433,0.402051282,5.3748483523801,77
"30-28","QID1512",30,28,5,"Noun",9,0.853835431,0.940284599,0.929230769,5.26398629982432,65
"30-30","QID1514",30,30,7,"Noun",11,0.005528538,0.565714416,0.23,5.43412664335172,71
"30-31","QID1515",30,31,10,"Noun",12,0.00543985,0.379499091,0.126153846,5.33268394024845,76
"30-34","QID1518",30,34,7,"Noun",15,0.00543985,0.699264924,0.103,5.30128069965597,74
"30-36","QID1520",30,36,10,"Verb",17,0.025412165,0.964679381,0.294102564,5.40092527071646,81
"30-38","QID1522",30,38,5,"Noun",19,0.119989506,0.354912185,0.26175,5.31188105416831,73
"30-39","QID1523",30,39,9,"Verb",20,0.073625393,0.064567234,0.5785,5.27527106702681,72
"30-40","QID1524",30,40,8,"Adjective",21,0.005629184,0.06610645,0.407105263,5.47529139020671,74
"30-42","QID1526",30,42,8,"Noun",23,0.00543985,0.502535873,0.1625,5.46937513765683,72
"30-44","QID1528",30,44,6,"Noun",25,0.365173693,0.650144602,0.508,5.38441692016278,55
"31-2","QID1529",31,2,9,"Verb",2,0.005589838,0.281302217,0.180243902,5.16144529241262,77
"31-4","QID1531",31,4,5,"Verb",4,0.005589838,0.941941434,0.120731707,5.19869640348982,66
"31-8","QID1535",31,8,5,"Noun",8,0.34085595,0.986248804,0.562926829,5.16636056224772,60
"31-9","QID1536",31,9,4,"Noun",9,0.414813065,0.502636893,0.583658537,5.09290331654039,43
"31-11","QID1538",31,11,8,"Adjective",11,0.005589838,0.063070768,0.286341463,5.30673696775855,76
"31-12","QID1539",31,12,9,"Noun",12,0.120255755,0.964918273,0.23875,5.36259796571115,73
"31-13","QID1540",31,13,4,"Verb",13,0.005589838,0.870330312,0.234878049,5.36576564897245,52
"31-14","QID1541",31,14,2,"Adverb",14,0.096082865,0.33040795,0.644634146,5.37838112150331,41
"31-16","QID1543",31,16,4,"Adjective",16,0.005589838,0.134847945,0.181219512,5.31126208239658,67
"31-17","QID1544",31,17,4,"Noun",17,0.005589838,0.986248804,0.440243902,5.23140623216917,55
"31-18","QID1545",31,18,6,"Noun",18,0.906290556,0.964918273,0.946341463,5.25194160123634,76
"31-21","QID1548",31,21,8,"Noun",21,0.242444717,0.986248804,0.617804878,5.25269065411558,72
"31-22","QID1549",31,22,5,"Noun",22,0.857813173,0.986248804,0.908780488,5.19198443251446,44
"31-24","QID1551",31,24,5,"Verb",24,0.005589838,0.941941434,0.291707317,5.24767195006434,66
"31-25","QID1552",31,25,4,"Verb",25,0.096082865,0.918347119,0.544146341,5.29368072931268,55
"31-27","QID1554",31,27,4,"Adjective",27,0.005589838,0.379577389,0.388780488,5.29185566623076,56
"31-29","QID1556",31,29,12,"Noun",29,0.025629211,0.207844107,0.169756098,5.1979144608013,78
"31-31","QID1558",31,31,4,"Verb",31,0.005589838,0.986248804,0.274634146,5.35069335235712,65
"31-32","QID1559",31,32,5,"Adjective",1,0.005678303,0.018409569,0.71804878,5.25917078173384,57
"31-33","QID1560",31,33,9,"Noun",2,0.538174042,0.894434807,0.654634146,5.19883671695126,75
"31-34","QID1561",31,34,6,"Adverb",3,0.005589838,0.063070768,0.26097561,5.31166478232468,63
"31-35","QID1562",31,35,4,"Verb",4,0.833418786,0.986248804,0.896341463,5.0715958710901,66
"31-38","QID1565",31,38,4,"Verb",7,0.34085595,0.478017966,0.576097561,5.22651238896841,57
"31-42","QID1569",31,42,6,"Noun",11,0.193400458,0.964918273,0.472439024,5.26742229750615,73
"31-43","QID1570",31,43,7,"Noun",12,0.298989852,0.916380051,0.417317073,5.39149885682089,76
"31-44","Q2692",31,44,4,"Noun",13,0.025629211,0.625690881,0.08804878,5.43016850614498,48
"32-3","QID1572",32,3,9,"Adjective",3,0.005260062,0.10823696,0.128536585,5.1608464990018,83
"32-4","QID1573",32,4,5,"Noun",4,0.005349488,0.96506707,0.098,5.33291185613393,75
"32-5","QID1574",32,5,7,"Noun",5,0.005349488,0.135005434,0.042820513,5.41401915654414,80
"32-6","QID1575",32,6,3,"Verb",6,0.025308939,0.724110003,0.274,5.23543940908853,49
"32-7","QID1576",32,7,4,"Adverb",7,0.005349488,0.208002402,0.42025,5.22926536796061,61
"32-8","QID1577",32,8,9,"Verb",8,0.09578311,0.870488853,0.314,5.32631215148458,78
"32-11","QID1580",32,11,5,"Noun",11,0.266760316,0.894592721,0.40825,5.3281955004128,60
"32-14","QID1583",32,14,3,"Noun",14,0.784150238,0.942095807,0.9005,5.21244217702126,37
"32-16","QID1585",32,16,5,"Verb",16,0.005349488,0.018178819,0.431794872,5.11172472893399,69
"32-17","QID1586",32,17,10,"Verb",17,0.16867225,0.576643701,0.409,5.16180136253757,81
"32-19","QID1588",32,19,5,"Noun",19,0.833107835,0.894592721,0.8965,5.3378449959486,63
"32-20","QID1589",32,20,3,"Adverb",20,0.953521865,0.96506707,0.9835,5.22854235510757,43
"32-22","QID1591",32,22,10,"Noun",22,0.005349488,0.69957189,0.145384615,5.40830109781949,81
"32-24","QID1593",32,24,8,"Noun",2,0.005349488,0.159260502,0.21,5.36226859625807,83
"32-25","QID1594",32,25,5,"Noun",3,0.005349488,0.086905518,0.16575,5.38268127756508,74
"32-27","QID1596",32,27,3,"Adjective",5,0.005349488,0.11086825,0.1005,5.3914022242026,52
"32-28","QID1597",32,28,10,"Adjective",6,0.005375315,0.110855906,0.119,5.34929031644798,77
"32-29","QID1598",32,29,3,"Noun",7,0.048166078,0.986378232,0.1005,5.3851588887485,52
"32-30","QID1599",32,30,3,"Noun",8,0.005349488,0.724110003,0.08175,5.40565070337525,68
"32-31","QID1600",32,31,2,"Verb",9,0.144275322,0.478176415,0.6945,5.39156284269714,53
"32-33","QID1602",32,33,4,"Adjective",11,0.100560879,0.606510781,0.438108108,5.09373762623779,59
"32-34","QID1603",32,34,6,"Noun",12,0.747121326,0.939273413,0.779473684,5.18748320485231,75
"32-37","QID1606",32,37,5,"Adjective",15,0.74052283,0.755162305,0.853157895,5.10697333575632,60
"32-38","QID1607",32,38,6,"Noun",16,0.975133638,0.985840522,1,5.1328829154108,58
"32-40","QID1609",32,40,2,"Verb",18,0.075322222,0.889288464,0.489736842,5.26253004823477,35
"32-41","QID1610",32,41,10,"Verb",19,0.100560879,0.451174396,0.410526316,5.2996680191875,83
"32-43","Q2693",32,43,11,"Noun",21,0.005378417,0.641612559,0.110512821,5.42533417728391,78
"33-2","QID1612",33,2,8,"Verb",2,0.005339145,0.12889647,0.203414634,5.1858827121853,78
"33-4","QID1614",33,4,7,"Noun",4,0.005339145,0.783754596,0.142857143,5.32610167932908,80
"33-5","QID1615",33,5,7,"Adjective",5,0.024452535,0.060511238,0.086428571,5.37827077962089,77
"33-6","QID1616",33,6,11,"Noun",6,0.005339145,0.966596204,0.099047619,5.36186806119407,80
"33-7","QID1617",33,7,2,"Verb",7,0.887591842,0.922244278,0.965952381,5.24140346276473,26
"33-9","QID1619",33,9,4,"Verb",9,0.005339145,0.944714633,0.235238095,5.25949558240817,64
"33-10","QID1620",33,10,6,"Adverb",10,0.39536037,0.455844386,0.72047619,5.26591395872118,62
"33-11","QID1621",33,11,4,"Verb",11,0.005339145,0.221729158,0.227619048,5.31824913738485,58
"33-13","QID1623",33,13,4,"Noun",13,0.207726181,0.966596204,0.561428571,5.32145261221713,68
"33-15","QID1625",33,15,5,"Verb",15,0.630455193,0.060511238,0.696666667,5.43390043381229,70
"33-17","QID1627",33,17,7,"Adjective",17,0.024452535,0.408932919,0.08,5.19953984834212,76
"33-18","QID1628",33,18,5,"Noun",18,0.046246979,0.966596204,0.161666667,5.32353231393409,77
"33-20","QID1630",33,20,5,"Verb",2,0.005435265,0.442795827,0.245853659,5.26949195057689,74
"33-21","QID1631",33,21,4,"Adverb",3,0.024999908,0.370757948,0.806585366,5.25283270205454,57
"33-23","QID1633",33,23,5,"Noun",5,0.236673049,0.94347657,0.312,5.29476395582638,72
"33-24","QID1634",33,24,5,"Verb",6,0.005435265,0.897137357,0.305365854,5.30155866566255,67
"33-26","QID1636",33,26,7,"Adjective",8,0.024999908,0.227045334,0.16097561,5.3727652762436,73
"33-27","QID1637",33,27,8,"Noun",9,0.380831156,0.965885208,0.467804878,5.33177170914299,68
"33-30","QID1640",33,30,4,"Adjective",12,0.76572401,0.802461981,0.837073171,5.24791063798009,51
"33-34","QID1644",33,34,2,"Adverb",16,0.212719598,0.155628535,0.71195122,5.27900190814461,41
"33-35","QID1645",33,35,7,"Adjective",17,0.005435265,0.920462768,0.405853659,5.23613488561942,68
"33-37","QID1647",33,37,5,"Verb",19,0.047321467,0.155628535,0.486097561,5.31011904819701,64
"33-39","QID1649",33,39,5,"Verb",21,0.005435265,0.017939737,0.33902439,5.14129857884642,65
"33-40","QID1650",33,40,3,"Verb",22,0.57344745,0.920462768,0.759756098,5.23094827673852,51
"33-42","QID1652",33,42,8,"Adjective",24,0.005435265,0.274864132,0.086341463,5.49143946498891,78
"33-43","Q2694",33,43,3,"Noun",25,0.525291426,0.965885208,0.594634146,5.39561398388486,40
"34-4","QID1655",34,4,7,"Noun",4,0.005210384,0.986597611,0.035121951,5.3285289020379,73
"34-5","QID1656",34,5,3,"Verb",5,0.160862423,0.899081658,0.447073171,5.14075019925972,36
"34-6","QID1657",34,6,9,"Adjective",6,0.005210384,0.105515584,0.118809524,5.37046006361546,79
"34-7","QID1658",34,7,8,"Noun",7,0.005210384,0.017237939,0.256428571,5.34421041871504,79
"34-9","QID1660",34,9,6,"Noun",2,0.005210384,0.899081658,0.114615385,5.31905085059346,78
"34-10","QID1661",34,10,4,"Verb",3,0.024271015,0.876120612,0.260952381,5.39628177448107,55
"34-13","QID1664",34,13,10,"Noun",6,0.005210384,0.966236638,0.037027027,5.303659382944,81
"34-14","QID1665",34,14,3,"Verb",7,0.770981108,0.966236638,0.917142857,5.25300485544826,36
"34-17","QID1668",34,17,8,"Noun",10,0.005210384,0.105515584,0.17804878,5.19490268786065,83
"34-19","QID1670",34,19,6,"Adjective",12,0.005210384,0.22133446,0.235609756,5.26527669366218,76
"34-20","QID1671",34,20,10,"Noun",13,0.137619461,0.899081658,0.291707317,5.37577475848071,77
"34-23","QID1674",34,23,9,"Noun",16,0.09142108,0.921860602,0.206904762,5.43699268852035,81
"34-24","QID1675",34,24,6,"Noun",17,0.254313857,0.853038157,0.400952381,5.18447503103686,69
"34-26","QID1677",34,26,6,"Noun",2,0.005210384,0.921860602,0.023333333,5.30832215043231,76
"34-29","QID1680",34,29,8,"Verb",5,0.005210384,0.268020658,0.16,5.29777645241871,77
"34-31","QID1682",34,31,7,"Verb",7,0.324672899,0.921860602,0.482682927,5.21977302335723,78
"34-34","QID1685",34,34,6,"Noun",3,0.160862423,0.572743188,0.303095238,5.25959013317766,70
"34-36","QID1687",34,36,6,"Verb",5,0.114459899,0.876120612,0.247380952,5.43248734512793,76
"34-37","QID1688",34,37,8,"Noun",6,0.114459899,0.338218478,0.216470588,5.34935042870947,74
"34-40","QID1691",34,40,9,"Noun",9,0.005210384,0.876120612,0.132380952,5.37675891140269,73
"34-41","QID1692",34,41,10,"Noun",10,0.653732484,0.986597611,0.737619048,5.48534060366738,70
"35-2","QID1693",35,2,10,"Noun",2,0.005279562,0.754445293,0.03375,5.2326285923906,79
"35-3","QID1694",35,3,4,"Verb",3,0.005279562,0.61068273,0.250243902,5.39413416610427,68
"35-5","QID1696",35,5,5,"Adjective",5,0.005279562,0.298598573,0.075121951,5.31114661657073,68
"35-6","QID1697",35,6,7,"Adjective",6,0.005279562,0.017789518,0.030243902,5.45047618897591,77
"35-7","QID1698",35,7,3,"Noun",7,0.428644077,0.965564213,0.523,5.34869528667337,60
"35-9","QID1700",35,9,4,"Verb",9,0.024777068,0.920139333,0.24,5.28165773629613,67
"35-11","QID1702",35,11,8,"Adjective",11,0.005279562,0.226841789,0.175121951,5.41160300525679,81
"35-12","QID1703",35,12,8,"Noun",12,0.005279562,0.965564213,0.01075,5.44458281583772,73
"35-13","QID1704",35,13,7,"Verb",13,0.005279562,0.108224046,0.351463415,5.49610599699621,73
"35-15","QID1706",35,15,6,"Adverb",15,0.005279562,0.017789518,0.230243902,5.36261967967319,76
"35-17","QID1708",35,17,4,"Noun",17,0.188520297,0.466580831,0.39804878,5.29007211365304,51
"35-19","QID1710",35,19,7,"Verb",19,0.005279562,0.017789518,0.109512195,5.13866473473452,78
"35-20","QID1711",35,20,4,"Noun",20,0.005279562,0.965564213,0.179756098,5.3504828836602,51
"35-22","QID1713",35,22,5,"Adjective",22,0.093540254,0.155435239,0.357804878,5.38961523236565,64
"35-23","QID1714",35,23,5,"Noun",23,0.024777068,0.802163771,0.123414634,5.36752739012618,72
"35-24","QID1715",35,24,7,"Noun",24,0.005279562,0.754445293,0.12195122,5.35076900334402,74
"35-25","QID1716",35,25,6,"Noun",25,0.005279562,0.802163771,0.076097561,5.26774640716077,72
"35-27","QID1718",35,27,3,"Verb",2,0.573098761,0.943151005,0.773658537,5.2987779601759,56
"35-30","QID1721",35,30,3,"Noun",5,0.024777068,0.873309435,0.19804878,5.33448700015749,48
"35-31","QID1722",35,31,6,"Verb",6,0.005279562,0.108224046,0.407560976,5.38828731928489,67
"35-34","QID1725",35,34,7,"Noun",9,0.005279562,0.802163771,0.490243902,5.29268156394699,76
"35-36","QID1727",35,36,7,"Noun",11,0.047081391,0.4425615,0.264878049,5.38125043486251,73
"35-37","QID1728",35,37,5,"Noun",12,0.048207225,0.404286438,0.33375,4.9845985181039,66
"35-38","QID1729",35,38,9,"Verb",13,0.005363322,0.110821829,0.08275,5.2797498829101,79
"35-40","QID1731",35,40,10,"Verb",15,0.024777068,0.017789518,0.071463415,5.44851867104635,75
"35-41","Q2695",35,41,10,"Adverb",16,0.047081391,0.226841789,0.512195122,5.48567747222296,76
"36-2","QID1732",36,2,9,"Noun",2,0.005302595,0.674530517,0.0665,5.29004666254781,82
"36-5","QID1735",36,5,4,"Noun",5,0.005302595,0.797026321,0.151794872,5.25234450041908,72
"36-7","QID1737",36,7,7,"Noun",7,0.005302595,0.477733347,0.14175,5.31966074245179,81
"36-9","QID1739",36,9,4,"Noun",9,0.005302595,0.797026321,0.1085,5.33970151380496,66
"36-12","QID1742",36,12,5,"Noun",12,0.365200556,0.964512252,0.6105,5.20113837489297,59
"36-13","QID1743",36,13,3,"Verb",13,0.145656369,0.580883006,0.63025,5.25199830319555,35
"36-14","QID1744",36,14,9,"Adjective",14,0.005302595,0.20759503,0.2885,5.38049971454801,77
"36-15","QID1745",36,15,6,"Adverb",15,0.005302595,0.01784745,0.626,5.35846416087289,66
"36-17","QID1747",36,17,5,"Verb",17,0.005302595,0.917944696,0.07375,5.13265728959676,63
"36-18","QID1748",36,18,3,"Adjective",18,0.048098648,0.086516946,0.306,5.37606776743558,53
"36-21","QID1751",36,21,5,"Noun",21,0.005302595,0.674530517,0.151,5.15341119114606,73
"36-23","QID1753",36,23,5,"Noun",23,0.005302595,0.917944696,0.186,5.42360266128549,75
"36-28","QID1759",36,28,5,"Adjective",28,0.010960197,0.036046149,0,5.30486896678876,65
"36-29","QID1760",36,29,10,"Noun",29,0.291304113,0.01784745,0.36375,5.37434885230918,80
"36-31","QID1762",36,31,4,"Noun",31,0.011181706,0.01524344,0,5.26717624018013,54
"36-32","QID1763",36,32,4,"Verb",32,0.098111406,0.137965875,0.631025641,5.30420430649053,52
"36-33","QID1764",36,33,4,"Adverb",33,0.005302595,0.379307301,0.58,5.2843569848143,62
"36-34","QID1765",36,34,3,"Verb",34,0.025243654,0.062843221,0.43875,5.26207457033974,51
"36-35","QID1766",36,35,4,"Adverb",35,0.463857483,0.110474532,0.75025,5.05831126582653,52
"36-36","QID1767",36,36,9,"Adjective",36,0.414517795,0.062843221,0.6085,5.2006803670275,80
"36-39","Q2696",36,39,5,"Noun",39,0.364393148,0.037747922,0,5.53811063758955,51
"37-2","QID1770",37,2,8,"Noun",2,0.005110113,0.346351641,0.097317073,5.32075614649889,79
"37-3","QID1771",37,3,5,"Verb",3,0.005291,0.817201055,0.328717949,5.35118004602026,72
"37-6","QID1774",37,6,3,"Noun",6,0.005191904,0.18333222,0.385,5.33534241999902,64
"37-8","QID1776",37,8,6,"Noun",8,0.005191904,0.8459823,0.158,5.27156911999522,72
"37-10","QID1778",37,10,3,"Verb",2,0.222863631,0.641304563,0.694615385,5.28091253148117,58
"37-11","QID1779",37,11,8,"Verb",3,0.005249396,0.263075152,0.184615385,5.33084810089127,77
"37-14","QID1782",37,14,4,"Adjective",6,0.005249396,0.088716324,0.134102564,5.32103151792623,60
"37-17","QID1785",37,17,7,"Noun",3,0.005351474,0.580275313,0.235641026,5.28837226974623,77
"37-19","QID1787",37,19,4,"Noun",5,0.005249396,0.94040385,0.071025641,5.15037677040319,63
"37-22","QID1790",37,22,5,"Noun",8,0.005249396,0.891682316,0.225675676,5.14391993462524,74
"37-24","QID1792",37,24,5,"Verb",10,0.12268119,0.963969877,0.625641026,5.2680221036823,67
"37-25","QID1793",37,25,6,"Verb",11,0.005249396,0.866962092,0.185641026,5.26603677051096,71
"37-28","QID1796",37,28,10,"Noun",14,0.17263767,0.590868591,0.419487179,5.23535199306116,78
"37-30","QID1798",37,30,4,"Noun",16,0.005249396,0.237963588,0.108717949,5.44139235888308,66
"37-31","QID1799",37,31,8,"Adverb",17,0.005249396,0.540401769,0.414102564,5.37020038415085,78
"37-33","QID1801",37,33,7,"Verb",19,0.073281209,0.985852388,0.517179487,5.47865885828984,73
"37-39","QID1807",37,39,7,"Verb",25,0.073281209,0.985852388,0.513589744,5.26263473788245,80
"38-4","QID1810",38,4,5,"Noun",4,0.005365386,0.918156674,0.061,5.14959831393678,70
"38-5","QID1811",38,5,3,"Verb",5,0.04933252,0.963884528,0.585897436,5.30647562829872,50
"38-7","QID1813",38,7,4,"Verb",7,0.005563859,0.985524671,0.397435897,5.25902655583076,63
"38-9","QID1815",38,9,3,"Verb",9,0.098164047,0.742015867,0.844358974,5.30481270554795,49
"38-10","QID1816",38,10,9,"Adjective",10,0.005443025,0.138232098,0.112307692,5.31246640090548,75
"38-11","QID1817",38,11,8,"Adjective",11,0.005443025,0.040902555,0.131025641,5.55903860351548,79
"38-12","QID1818",38,12,10,"Adjective",12,0.005443025,0.018477802,0.160263158,5.4870318143631,80
"38-13","QID1819",38,13,8,"Noun",13,0.273501651,0.963884528,0.451538462,5.33307647273142,70
"38-14","QID1820",38,14,10,"Verb",14,0.005443025,0.138232098,0.286666667,5.44274591485313,75
"38-16","QID1822",38,16,6,"Noun",16,0.025894621,0.088918447,0.418205128,5.25276192767173,71
"38-17","QID1823",38,17,3,"Verb",17,0.778735793,0.916147543,0.92,5.00628505827253,52
"38-18","QID1824",38,18,9,"Verb",18,0.248301257,0.742015867,0.505128205,5.2144634068132,66
"38-20","QID1826",38,20,2,"Verb",2,0.298725596,0.817162812,0.678974359,5.29374518126444,49
"38-21","QID1827",38,21,4,"Adverb",3,0.005443025,0.138232098,0.546153846,5.39859325326694,65
"38-23","QID1829",38,23,3,"Noun",5,0.100707466,0.963279155,0.165641026,5.18650920677297,51
"38-25","QID1831",38,25,7,"Noun",7,0.005443025,0.018477802,0.075128205,5.4259925838933,79
"38-27","QID1833",38,27,7,"Adverb",9,0.005443025,0.040902555,0.16974359,5.46933257096403,78
"38-28","QID1834",38,28,9,"Verb",10,0.122963889,0.866931766,0.301025641,5.36924299469203,75
"38-30","QID1836",38,30,7,"Noun",12,0.122963889,0.891638262,0.368461538,5.35734275605376,65
"38-31","QID1837",38,31,2,"Adverb",13,0.04933252,0.088918447,0.875897436,5.22902124859295,28
"38-32","QID1838",38,32,4,"Adverb",14,0.005443025,0.113485659,0.477435897,5.30945011846504,70
"38-35","QID1841",38,35,3,"Verb",17,0.462061634,0.938865032,0.717297297,5.11896509188434,57
"38-37","QID1843",38,37,7,"Verb",19,0.005546077,0.425076369,0.291052632,5.30651752088232,76
"38-38","QID1844",38,38,3,"Adverb",20,0.026517027,0.091157644,0.613421053,5.38447834437588,55
"38-40","QID1846",38,40,5,"Verb",22,0.254740199,0.888901421,0.393421053,5.52510762528104,53
"39-4","QID1849",39,4,10,"Noun",4,0.00555734,0.113416731,0.05375,5.21117288784332,76
"39-7","QID1852",39,7,10,"Adjective",7,0.00555734,0.891756915,0.27825,5.2974063210986,77
"39-8","QID1853",39,8,8,"Adjective",8,0.00555734,0.040827399,0.1245,5.45345244982683,72
"39-9","QID1854",39,9,5,"Noun",9,0.050732595,0.93899811,0.236666667,5.25936884097345,60
"39-10","QID1855",39,10,4,"Noun",10,0.026674285,0.192806542,0.244615385,5.25739434763241,52
"39-13","QID1858",39,13,3,"Adjective",13,0.48821915,0.863645948,0.617692308,5.27854370249317,47
"39-16","QID1861",39,16,5,"Verb",16,0.075605903,0.83814779,0.421282051,5.22290203473601,63
"39-17","QID1862",39,17,7,"Adjective",17,0.005656634,0.167196741,0.106666667,5.35728076361434,77
"39-18","QID1863",39,18,9,"Noun",18,0.075605903,0.963173299,0.373333333,5.16465945564461,80
"39-22","QID1867",39,22,10,"Noun",22,0.129628845,0.648919845,0.281578947,5.23147037893796,79
"39-23","QID1868",39,23,4,"Verb",23,0.050732595,0.914171483,0.561794872,5.32323725403116,49
"39-24","QID1869",39,24,8,"Noun",24,0.126299233,0.321593215,0.31,5.26140842986976,73
"39-25","QID1870",39,25,3,"Verb",25,0.005656634,0.425040824,0.485897436,5.24829134962194,38
"39-26","QID1871",39,26,5,"Verb",26,0.129634241,0.224269572,0.350769231,5.34887658327225,70
"39-27","QID1872",39,27,6,"Adverb",27,0.005656634,0.295771404,0.516410256,5.27945736655261,60
"39-28","QID1873",39,28,8,"Verb",28,0.026674285,0.116279041,0.356153846,5.37801171460901,77
"39-30","QID1875",39,30,3,"Adjective",30,0.005656634,0.373292223,0.165,5.04253717800781,49
"39-31","QID1876",39,31,12,"Noun",31,0.050732595,0.83814779,0.195384615,5.12790736986634,81
"39-32","QID1877",39,32,4,"Noun",32,0.050732595,0.735417039,0.395,5.38884615674013,62
"39-33","QID1878",39,33,4,"Noun",33,0.669818495,0.914171483,0.754871795,5.23190603846345,36
"39-36","QID1881",39,36,3,"Adjective",3,0.126299233,0.321593215,0.344358974,5.35923142700694,48
"39-37","QID1882",39,37,12,"Noun",4,0.2290934,0.914171483,0.323333333,5.22997177278771,78
"39-38","QID1883",39,38,7,"Noun",5,0.050732595,0.963173299,0.111794872,5.36389020817793,77
"39-39","QID1884",39,39,7,"Verb",6,0.075605903,0.889009825,0.515128205,5.28951119693154,66
"39-40","QID1885",39,40,11,"Adverb",7,0.026674285,0.167196741,0.308974359,5.48031471696468,74
"39-41","QID1886",39,41,6,"Verb",8,0.592029099,0.985607946,0.688974359,5.44874001338901,65
"40-3","QID1888",40,3,7,"Noun",3,0.005515081,0.41440073,0.226756757,5.20108595756045,72
"40-4","QID1889",40,4,4,"Verb",4,0.148034317,0.891893583,0.738461538,5.14238007263133,59
"40-5","QID1890",40,5,4,"Verb",5,0.005515081,0.515355641,0.281538462,5.17639324867401,66
"40-6","QID1891",40,6,4,"Adverb",6,0.678180244,0.891893583,0.923333333,5.1692689027043,58
"40-8","QID1893",40,8,8,"Noun",8,0.005515081,0.616290706,0.065128205,5.34105009906634,78
"40-9","QID1894",40,9,5,"Noun",9,0.952757704,0.986028631,0.98,5.27002040075916,68
"40-10","QID1895",40,10,3,"Verb",10,0.026000344,0.040855325,0.368461538,5.28288744169841,47
"40-13","QID1898",40,13,5,"Noun",13,0.098293246,0.616290706,0.242820513,5.29512780529363,58
"40-14","QID1899",40,14,6,"Verb",14,0.005515081,0.018430404,0.497435897,5.29296434273486,61
"40-16","QID1901",40,16,4,"Verb",16,0.026629631,0.98575028,0.331578947,5.28132268718333,60
"40-17","QID1902",40,17,2,"Adverb",17,0.026629631,0.041841024,0.423421053,5.31749945614571,36
"40-20","QID1905",40,20,4,"Noun",20,0.151856649,0.658100738,0.318947368,4.97677947474167,43
"40-23","QID1908",40,23,5,"Noun",23,0.026629631,0.78703895,0.128648649,5.08648710595409,67
"40-24","QID1909",40,24,4,"Noun",24,0.876142599,0.98575028,0.913684211,5.14784591770233,44
"40-25","QID1910",40,25,6,"Verb",25,0.0056226,0.018836747,0.482105263,5.33099208062466,70
"40-27","QID1912",40,27,6,"Verb",27,0.177536781,0.98575028,0.724736842,5.26862985469848,66
"40-28","QID1913",40,28,4,"Verb",28,0.773358922,0.963334212,0.903421053,5.19082233442759,44
"40-30","QID1915",40,30,8,"Noun",30,0.050689687,0.863803616,0.162105263,5.21356667836669,77
"40-31","QID1916",40,31,7,"Noun",31,0.514206321,0.838302207,0.707894737,5.28746595362308,76
"40-34","QID1919",40,34,8,"Adjective",34,0.0056226,0.399254852,0.358157895,5.36522882017413,78
"40-35","QID1920",40,35,7,"Noun",35,0.103475452,0.985474506,0.295945946,5.30716173905706,69
"40-37","QID1922",40,37,4,"Verb",2,0.026629631,0.399254852,0.123947368,5.38849656634752,54
"40-38","QID1923",40,38,6,"Noun",3,0.026629631,0.041841024,0.235789474,5.08068452457063,76
"40-39","QID1924",40,39,4,"Adverb",4,0.0056226,0.018836747,0.588421053,5.13577566060605,60
"40-40","QID1925",40,40,6,"Verb",5,0.0056226,0.963334212,0.409736842,5.32687669095684,76
"40-41","QID1926",40,41,4,"Verb",6,0.026629631,0.98575028,0.466578947,5.2933898661259,63
"40-42","QID1927",40,42,3,"Adverb",7,0.100812979,0.167259797,0.688157895,5.28099196144834,69
"40-44","QID1929",40,44,8,"Noun",9,0.075566535,0.939161833,0.211842105,5.2211975323533,74
"40-45","QID1930",40,45,3,"Verb",10,0.462287835,0.554603132,0.730526316,5.35839623323971,59
"40-46","QID1931",40,46,4,"Verb",11,0.410380365,0.632242819,0.672894737,5.31493930197359,50
"41-2","QID1932",41,2,7,"Verb",2,0.005531444,0.706650542,0.334878049,5.27082995354543,79
"41-5","QID1935",41,5,4,"Adjective",5,0.005527799,0.281421246,0.15725,5.28091213391335,64
"41-6","QID1936",41,6,8,"Adjective",6,0.005527799,0.04003792,0.0355,5.37946207103739,80
"41-7","QID1937",41,7,5,"Noun",7,0.005527799,0.941985709,0.1095,5.39696973530575,71
"41-8","QID1938",41,8,3,"Noun",8,0.005527799,0.04003792,0.198,5.36444535884596,62
"41-9","QID1939",41,9,6,"Verb",9,0.120251879,0.773018636,0.60375,5.35372008944992,68
"41-11","QID1941",41,11,5,"Noun",11,0.026796868,0.889201455,0.135555556,5.32039530588266,68
"41-12","QID1942",41,12,7,"Noun",12,0.005527799,0.894488995,0.01875,5.53285981141847,75
"41-13","QID1943",41,13,3,"Verb",13,0.005527799,0.797455984,0.5435,5.3211249830868,37
"41-14","QID1944",41,14,2,"Verb",14,0.464212001,0.894488995,0.76725,5.29840831484044,46
"41-16","QID1946",41,16,7,"Adjective",16,0.005621581,0.238248615,0.068461538,5.3653591316555,73
"41-17","QID1947",41,17,6,"Noun",17,0.025562008,0.428896603,0.183589744,5.04454527416683,70
"41-19","QID1949",41,19,5,"Noun",19,0.2670619,0.428896603,0.493,5.33268877135408,75
"41-22","QID1952",41,22,4,"Noun",22,0.291661397,0.724031811,0.4245,5.22993678514872,64
"41-23","QID1953",41,23,3,"Verb",23,0.123248852,0.313666171,0.718717949,5.22594217186601,45
"41-25","QID1955",41,25,11,"Adjective",25,0.120251879,0.256903652,0.365128205,5.28830216685903,83
"41-28","QID1958",41,28,6,"Noun",2,0.005527799,0.986278515,0.1065,5.431477001121,76
"41-29","QID1959",41,29,2,"Verb",3,0.193427524,0.941985709,0.8005,5.30342419091221,25
"41-30","QID1960",41,30,4,"Adverb",4,0.005737052,0.295965505,0.54175,5.31344554954017,62
"41-32","QID1962",41,32,11,"Noun",6,0.100957171,0.914310683,0.568461538,5.21823286403074,79
"41-33","QID1963",41,33,4,"Adjective",7,0.612227194,0.159226668,0.85075,5.1955420657619,58
"41-35","QID1965",41,35,3,"Adverb",9,0.005527799,0.086874554,0.43225,5.25104578407782,35
"41-36","QID1966",41,36,8,"Verb",10,0.048435336,0.404289894,0.34825,5.1962531555589,75
"41-38","QID1968",41,38,10,"Adjective",12,0.005527799,0.527357538,0.12775,5.37925497540132,77
"41-39","QID1969",41,39,4,"Noun",13,0.048435336,0.986278515,0.225,5.30155464988078,64
"41-41","QID1971",41,41,3,"Verb",15,0.005527799,0.918396558,0.5975,5.27249657880069,48
"41-42","QID1972",41,42,4,"Verb",16,0.291661397,0.404289894,0.7215,5.140629923811,53
"41-43","QID1973",41,43,8,"Verb",17,0.193427524,0.918396558,0.29675,5.3439987648122,73
"41-46","QID1976",41,46,8,"Noun",20,0.703455323,0.964181505,0.749487179,5.4532009721806,73
"42-2","QID1977",42,2,5,"Adverb",2,0.005236137,0.131627326,0.545,5.2047327063296,72
"42-3","QID1978",42,3,5,"Verb",3,0.025279576,0.941752463,0.533658537,5.23063630788941,72
"42-5","QID1980",42,5,2,"Verb",5,0.930088735,0.986077348,0.979756098,5.26757543233039,37
"42-6","QID1981",42,6,4,"Adverb",6,0.025279576,0.063069044,0.718536585,5.24923373029325,68
"42-7","QID1982",42,7,6,"Adjective",7,0.005327265,0.018049537,0.092926829,5.32468860662371,79
"42-9","QID1984",42,9,6,"Noun",9,0.005327265,0.305797984,0.083902439,5.38141216974134,77
"42-13","QID1988",42,13,6,"Noun",13,0.005327265,0.625579822,0.197317073,5.39070427015573,74
"42-14","QID1989",42,14,8,"Noun",14,0.168659444,0.699285158,0.462926829,5.24220486511537,69
"42-15","QID1990",42,15,7,"Adjective",1,0.005327265,0.018049537,0.160487805,5.51825376626866,72
"42-16","QID1991",42,16,7,"Noun",2,0.005327265,0.527165312,0.220487805,5.34833091697575,76
"42-19","QID1994",42,19,9,"Adjective",5,0.005327265,0.232261284,0.165853659,5.21320187388497,80
"42-20","QID1995",42,20,9,"Noun",6,0.005327265,0.918162876,0.04804878,5.18291337021526,78
"42-21","QID1996",42,21,3,"Verb",7,0.242184897,0.723817353,0.751219512,5.28041889677846,39
"42-22","QID1997",42,22,4,"Verb",8,0.071773063,0.845932909,0.461463415,5.32929798787334,59
"42-24","QID1999",42,24,10,"Adjective",10,0.005327265,0.159082865,0.1335,5.41480894115823,82
"42-25","QID2000",42,25,5,"Noun",11,0.005327265,0.845932909,0.12902439,5.38210782384086,71
"42-26","QID2001",42,26,5,"Noun",12,0.315985849,0.625579822,0.370487805,5.28799997361781,65
"42-28","QID2003",42,28,11,"Adjective",14,0.005436536,0.414400178,0.207317073,5.48270501550875,76
"42-29","QID2004",42,29,11,"Noun",15,0.005327265,0.89425661,0.045609756,5.46105355837426,79
"42-31","QID2006",42,31,7,"Noun",17,0.291365197,0.379516098,0.383658537,5.3642876353713,69
"42-32","QID2007",42,32,11,"Adverb",18,0.005327265,0.039919846,0.136097561,5.21086193416396,79
"42-33","QID2008",42,33,6,"Verb",19,0.475690102,0.891645304,0.674878049,5.27092451676369,72
"42-35","QID2010",42,35,4,"Verb",21,0.048137777,0.964728706,0.205853659,5.41099270243721,63
"42-36","QID2011",42,36,5,"Noun",22,0.071773063,0.502551572,0.09902439,5.32640312723595,62
"42-39","QID2014",42,39,9,"Noun",25,0.576892623,0.866960148,0.692926829,5.26194867517498,72
"42-40","QID2015",42,40,4,"Verb",26,0.00542779,0.088896291,0.286829268,5.26416141370515,52
"42-41","QID2016",42,41,4,"Noun",27,0.168659444,0.305797984,0.7345,5.3294813111317,57
"42-43","QID2018",42,43,5,"Verb",29,0.005327265,0.379516098,0.264634146,5.29048880798867,63
"42-45","QID2020",42,45,8,"Noun",31,0.025827842,0.891648982,0.060731707,5.39729076873264,74
"42-47","QID2022",42,47,5,"Adjective",33,0.025279576,0.086743715,0.384390244,5.41796857054251,62
"43-2","QID2023",43,2,11,"Noun",2,0.005242433,0.986624099,0.037142857,5.28508663374512,80
"43-3","QID2024",43,3,4,"Verb",3,0.046098184,0.689938139,0.572857143,5.25091935809005,62
"43-4","QID2025",43,4,4,"Verb",4,0.005242433,0.986624099,0.43,5.21449985302189,61
"43-7","QID2028",43,7,4,"Adverb",7,0.047169955,0.346350001,0.46902439,5.36126444014105,67
"43-8","QID2029",43,8,6,"Adjective",8,0.140951354,0.754337307,0.430731707,5.19541098506917,71
"43-9","QID2030",43,9,7,"Verb",1,0.005510032,0.040753997,0.324634146,5.37946300341154,81
"43-11","QID2032",43,11,4,"Noun",3,0.005337144,0.965534677,0.528536585,5.37201028399227,62
"43-13","QID2034",43,13,8,"Noun",5,0.005337144,0.82586595,0.243170732,5.39862765624765,73
"43-16","QID2037",43,16,7,"Adjective",8,0.005337144,0.155215313,0.147560976,5.11643462711928,70
"43-17","QID2038",43,17,5,"Noun",9,0.45284412,0.920087928,0.563902439,5.30805416747228,69
"43-18","QID2039",43,18,6,"Verb",10,0.005337144,0.610539991,0.380243902,5.07496642041227,77
"43-19","QID2040",43,19,6,"Adjective",11,0.005337144,0.107999351,0.204390244,5.33151325285954,73
"43-20","QID2041",43,20,5,"Noun",12,0.005337144,0.986374798,0.354878049,5.29959670986499,68
"43-22","QID2043",43,22,5,"Verb",14,0.024859481,0.017586338,0.280243902,5.46744260679636,68
"43-24","QID2045",43,24,2,"Verb",16,0.070231903,0.986374798,0.432195122,5.1978353921296,29
"43-25","QID2046",43,25,8,"Verb",17,0.308490403,0.920087928,0.449268293,5.42140483621497,78
"43-26","QID2047",43,26,9,"Adverb",18,0.005337144,0.346350001,0.437804878,5.40968432044215,78
"43-27","QID2048",43,27,7,"Adverb",1,0.024859481,0.178963705,0.577560976,5.37564885085945,76
"43-28","QID2049",43,28,8,"Adverb",2,0.005433433,0.039832278,0.404390244,5.44058367008679,75
"43-29","QID2050",43,29,8,"Verb",3,0.005337144,0.442385877,0.337,5.44614903846532,76
"43-31","QID2052",43,31,6,"Noun",5,0.693513076,0.986374798,0.740243902,5.19767317925653,67
"43-33","QID2054",43,33,7,"Verb",7,0.024859481,0.017586338,0.376829268,5.16126251702877,77
"43-35","QID2056",43,35,4,"Noun",9,0.908335809,0.986374798,0.960243902,5.22592981263681,54
"43-36","QID2057",43,36,2,"Verb",10,0.005337144,0.943110111,0.670487805,5.26690176915845,37
"43-38","QID2059",43,38,7,"Noun",12,0.024859481,0.490435464,0.326097561,5.3358806178292,65
"43-41","QID2062",43,41,6,"Verb",15,0.164756623,0.965534677,0.437073171,5.35269787310843,71
"43-42","QID2063",43,42,6,"Noun",16,0.005337144,0.322366567,0.20195122,5.2758346238365,64
"43-44","QID2065",43,44,4,"Verb",18,0.005337144,0.920087928,0.197560976,5.39219107607758,57
"43-45","QID2066",43,45,2,"Adverb",19,0.284469741,0.634543391,0.82902439,5.16133795096926,37
"43-46","QID2067",43,46,7,"Verb",20,0.380631705,0.610539991,0.536097561,5.32093017349802,66
"43-48","QID2069",43,48,9,"Noun",22,0.260467643,0.802069597,0.3995,5.49817289472916,73
"44-3","QID2071",44,3,4,"Noun",3,0.00576992,0.914367546,0.188421053,5.18026344099578,64
"44-5","QID2073",44,5,2,"Verb",5,0.00576992,0.70987157,0.476578947,5.21134091353311,38
"44-6","QID2074",44,6,5,"Verb",6,0.00576992,0.116544116,0.486315789,5.18457569919,67
"44-8","QID2076",44,8,8,"Verb",8,0.00576992,0.141942705,0.263684211,5.26289204563264,73
"44-10","QID2078",44,10,7,"Noun",10,0.00576992,0.889215026,0.160789474,5.29410738803421,75
"44-13","QID2081",44,13,7,"Noun",13,0.332709354,0.939183121,0.578157895,5.21590365499702,69
"44-14","QID2082",44,14,2,"Verb",14,0.901574981,0.985748404,0.966315789,5.22871127083316,27
"44-16","QID2084",44,16,4,"Verb",16,0.00576992,0.963343308,0.169473684,5.37094215534586,64
"44-18","QID2086",44,18,5,"Adjective",18,0.026831158,0.042044417,0.298108108,5.28464896746087,69
"44-20","QID2088",44,20,6,"Adjective",20,0.00576992,0.838367849,0.247631579,5.13974409830517,65
"44-21","QID2089",44,21,10,"Noun",21,0.00576992,0.963343308,0.172368421,5.30095598295295,82
"44-24","QID2092",44,24,15,"Noun",24,0.00576992,0.812780961,0.155675676,5.33786908249819,80
"44-26","QID2094",44,26,9,"Noun",26,0.00576992,0.863859046,0.132631579,5.4412724209998,82
"44-29","QID2097",44,29,9,"Noun",29,0.00576992,0.78712335,0.231052632,5.40811747609839,79
"44-31","QID2099",44,31,2,"Verb",31,0.15203894,0.502973499,0.607631579,5.27410769470483,43
"44-32","QID2100",44,32,3,"Adverb",32,0.15203894,0.296042281,0.542368421,5.24043660550174,46
"44-33","QID2101",44,33,8,"Verb",33,0.005841107,0.436599828,0.298648649,5.23306961117163,77
"44-36","QID2104",44,36,8,"Adjective",36,0.050894859,0.321864015,0.361842105,5.17182038899486,79
"44-37","QID2105",44,37,6,"Noun",37,0.410491693,0.889215026,0.586052632,5.04029670575942,64
"44-40","QID2108",44,40,7,"Verb",40,0.00576992,0.889215026,0.244736842,5.35220051251852,72
"44-43","QID2111",44,43,10,"Verb",43,0.101008831,0.477083011,0.351578947,5.33322353546883,79
"44-45","QID2113",44,45,8,"Verb",45,0.15203894,0.684058341,0.408157895,5.45274091747734,78
"44-47","QID2115",44,47,9,"Noun",47,0.00576992,0.70987157,0.308157895,5.455446180817,69
"45-2","QID2116",45,2,1,"Noun",2,0.005732521,0.187993782,0.11974359,5.16590095635239,44
"45-3","QID2117",45,3,7,"Noun",3,0.539902685,0.735350726,0.618918919,5.118703852503,72
"45-4","QID2118",45,4,5,"Verb",4,0.005840158,0.9140494,0.445128205,5.33672420201504,67
"45-5","QID2119",45,5,6,"Adverb",5,0.005732521,0.138167221,0.448461538,5.30693642152416,70
"45-7","QID2121",45,7,5,"Noun",7,0.828970613,0.963880569,0.902307692,5.22334670587947,51
"45-10","QID2124",45,10,4,"Noun",10,0.952458471,0.985761089,0.978461538,5.22232149290552,49
"45-11","QID2125",45,11,7,"Verb",11,0.073831709,0.363879665,0.352564103,5.38639256216829,74
"45-14","QID2128",45,14,5,"Noun",14,0.198122824,0.940327119,0.295,5.29128885547097,62
"45-16","QID2130",45,16,6,"Adjective",16,0.026241497,0.064569493,0.17,5.39722634505631,67
"45-17","QID2131",45,17,7,"Noun",17,0.126335863,0.963020753,0.293076923,5.24566240412883,76
"45-19","QID2133",45,19,8,"Noun",19,0.436173139,0.838050047,0.616666667,5.26500667548993,80
"45-23","QID2137",45,23,5,"Adjective",2,0.026241497,0.263193871,0.297692308,5.34140304373145,71
"45-24","QID2138",45,24,13,"Noun",3,0.026241497,0.891633535,0.25,5.30795016087173,81
"45-25","QID2139",45,25,4,"Verb",4,0.248397404,0.490007135,0.696666667,5.23629446734221,42
"45-26","QID2140",45,26,7,"Verb",5,0.026241497,0.263193871,0.264210526,5.28396952090238,73
"45-29","QID2143",45,29,6,"Noun",8,0.753596949,0.940327119,0.875,5.28526172980572,75
"45-31","QID2145",45,31,7,"Adjective",2,0.049639639,0.439539642,0.209487179,5.36423716755316,76
"45-32","QID2146",45,32,11,"Noun",3,0.026903259,0.985694755,0.317631579,5.3457340468991,78
"45-33","QID2147",45,33,3,"Verb",4,0.026241497,0.940327119,0.537692308,5.27590456320234,46
"45-36","QID2150",45,36,11,"Noun",7,0.026241497,0.916143192,0.194358974,5.28673011874701,77
"45-38","QID2152",45,38,9,"Noun",9,0.050895509,0.735354261,0.222820513,5.45054890929898,75
"45-42","QID2156",45,42,6,"Noun",13,0.223240055,0.866926507,0.374871795,5.32571082099766,66
"45-43","QID2157",45,43,9,"Verb",14,0.026241497,0.04083077,0.269230769,5.44125729078949,70
"45-45","QID2159",45,45,5,"Noun",16,0.098389736,0.842087933,0.309230769,5.39311219978432,54
"45-47","QID2161",45,47,5,"Noun",18,0.526273026,0.866926507,0.62974359,5.37422528860165,64
"45-49","QID2163",45,49,4,"Verb",20,0.828970613,0.891633535,0.868717949,5.51287327652837,52
"46-2","QID2164",46,2,5,"Noun",2,0.005141085,0.103351238,0.18372093,5.26040251698869,78
"46-3","QID2165",46,3,5,"Verb",3,0.005141085,0.945556072,0.241627907,5.32410668827542,74
"46-7","QID2169",46,7,12,"Adjective",7,0.005141085,0.148378576,0.176976744,5.35742269565122,80
"46-8","QID2170",46,8,7,"Noun",8,0.005141085,0.674253819,0.16372093,5.39228434538328,80
"46-10","QID2172",46,10,13,"Adjective",10,0.005141085,0.081054435,0.176341463,5.36929012322762,81
"46-11","QID2173",46,11,5,"Noun",11,0.202756647,0.923612134,0.416190476,5.34165374787738,57
"46-14","QID2176",46,14,10,"Noun",14,0.867177922,0.966933182,0.935581395,5.25686095349551,76
"46-15","QID2177",46,15,6,"Adjective",15,0.005141085,0.059018602,0.258837209,5.25287767202061,70
"46-16","QID2178",46,16,6,"Adjective",16,0.005141085,0.01708536,0.319767442,5.44768677002062,78
"46-17","QID2179",46,17,5,"Noun",17,0.005141085,0.945556072,0.12547619,5.14977866779429,73
"46-18","QID2180",46,18,4,"Adverb",18,0.005141085,0.037466705,0.529302326,5.2956807655581,67
"46-19","QID2181",46,19,4,"Adjective",19,0.248464898,0.262086278,0.425813953,5.2588754706793,58
"46-20","QID2182",46,20,4,"Noun",20,0.005141085,0.01708536,0.136046512,5.35879513436931,63
"46-22","QID2184",46,22,7,"Verb",22,0.046081028,0.713409275,0.154047619,5.38513879916435,75
"46-24","QID2186",46,24,6,"Noun",24,0.067049839,0.833796863,0.317906977,5.29963006265102,71
"46-25","QID2187",46,25,7,"Noun",25,0.500850465,0.651373887,0.637857143,5.17660355747476,62
"46-27","QID2189",46,27,5,"Adjective",2,0.005141085,0.103351238,0.195813953,5.41429870843438,71
"46-28","QID2190",46,28,6,"Noun",3,0.340121406,0.945556072,0.535581395,5.36632676262686,67
"46-29","QID2191",46,29,7,"Noun",4,0.776089747,0.811110816,0.818139535,5.24034479862355,61
"46-30","QID2192",46,30,11,"Verb",5,0.005141085,0.605582523,0.113953488,5.34452326985759,79
"46-31","QID2193",46,31,7,"Noun",6,0.005141085,0.059018602,0.270930233,5.23842533477261,80
"46-32","QID2194",46,32,7,"Verb",7,0.395101503,0.408705502,0.502093023,5.07518552230897,72
"46-34","QID2196",46,34,7,"Adverb",9,0.005141085,0.12581006,0.350465116,5.29021857621273,76
"46-35","QID2197",46,35,11,"Verb",10,0.114503203,0.666780448,0.182195122,5.3578292066453,78
"46-37","QID2199",46,37,7,"Noun",12,0.067049839,0.901373863,0.190697674,5.43825055363991,71
"46-39","QID2201",46,39,6,"Adjective",14,0.340121406,0.376438137,0.538139535,5.30896934073017,69
"46-40","QID2202",46,40,5,"Noun",15,0.730336798,0.966933182,0.830697674,5.29567302217662,53
"46-43","QID2205",46,43,7,"Noun",18,0.254342864,0.783469515,0.404186047,5.35013827484482,65
"46-45","QID2207",46,45,4,"Adverb",20,0.005141085,0.01708536,0.27,5.28075155472392,57
"46-47","QID2209",46,47,6,"Noun",22,0.753224623,0.833796863,0.818139535,5.33586677221285,74
"46-48","QID2210",46,48,7,"Noun",23,0.912278132,0.945556072,0.948604651,5.15411120563766,63
"47-5","QID2214",47,5,5,"Noun",5,0.005219699,0.9198659,0.147317073,5.29625404097655,67
"47-6","QID2215",47,6,7,"Noun",6,0.117064657,0.73027205,0.24,5.2763463083338,78
"47-8","QID2217",47,8,3,"Verb",8,0.236333805,0.986158466,0.414878049,5.33249472932782,61
"47-9","QID2218",47,9,4,"Adverb",9,0.047000543,0.202733432,0.691463415,5.36055269966181,45
"47-11","QID2220",47,11,5,"Verb",11,0.005219699,0.49034746,0.515609756,5.38205582900724,65
"47-15","QID2224",47,15,9,"Noun",15,0.597183459,0.825683898,0.807560976,5.36847082954928,74
"47-16","QID2225",47,16,3,"Noun",16,0.597183459,0.986158466,0.647073171,5.13097273550228,40
"47-18","QID2227",47,18,4,"Noun",2,0.024696206,0.634422675,0.274634146,5.16781164822904,60
"47-19","QID2228",47,19,3,"Verb",3,0.095728648,0.18327981,0.78,5.27343516224053,36
"47-20","QID2229",47,20,4,"Verb",4,0.005219699,0.965299546,0.258536585,5.12609462175601,69
"47-22","QID2231",47,22,9,"Noun",6,0.070062019,0.084595606,0.128536585,5.16890670169602,79
"47-24","QID2233",47,24,4,"Adverb",8,0.024696206,0.084595606,0.475365854,5.27995501659049,62
"47-25","QID2234",47,25,5,"Adjective",9,0.047000543,0.107971881,0.411707317,5.22026432413139,59
"47-27","QID2236",47,27,3,"Verb",11,0.117064657,0.965299546,0.400731707,5.32218310197748,54
"47-28","QID2237",47,28,2,"Adverb",12,0.954633634,0.965299546,0.984634146,5.197638722497,36
"47-30","QID2239",47,30,5,"Noun",14,0.122934468,0.791966998,0.58025641,5.24888615735357,72
"47-33","QID2242",47,33,4,"Noun",17,0.005314698,0.985870557,0.13475,5.28511579788688,64
"47-36","QID2245",47,36,6,"Noun",20,0.005314698,0.110554727,0.245,5.23245763879531,69
"47-37","QID2246",47,37,5,"Noun",21,0.31595848,0.600826323,0.5685,5.23429882852497,66
"47-40","QID2249",47,40,5,"Noun",24,0.611933066,0.985870557,0.8445,5.20739753562065,73
"47-41","QID2250",47,41,7,"Noun",1,0.00540655,0.137965026,0.19375,5.29250209909471,81
"47-42","QID2251",47,42,7,"Noun",2,0.537928774,0.723641363,0.65325,5.18124489963586,68
"47-43","QID2252",47,43,4,"Verb",3,0.025261741,0.941525965,0.5175,5.31618781082094,56
"47-47","QID2256",47,47,5,"Noun",7,0.611933066,0.89404204,0.75775,5.34877631808816,64
"47-49","QID2258",47,49,12,"Verb",9,0.025261741,0.89404204,0.118571429,5.46965117273639,74
"48-4","QID2261",48,4,6,"Noun",4,0.005740342,0.675670224,0.138108108,5.06340097992727,62
"48-5","QID2262",48,5,6,"Noun",5,0.898865031,0.985519531,0.936756757,5.08740569269178,39
"48-6","QID2263",48,6,9,"Adjective",6,0.005740342,0.093610969,0.071944444,5.36085555316977,82
"48-7","QID2264",48,7,11,"Noun",7,0.005740342,0.985519531,0.165405405,5.37781262226924,79
"48-8","QID2265",48,8,8,"Verb",8,0.027291986,0.985519531,0.477837838,5.52795082104118,81
"48-9","QID2266",48,9,9,"Noun",9,0.005740342,0.198092731,0.233243243,5.47836606663385,74
"48-10","QID2267",48,10,8,"Verb",10,0.005740342,0.019381411,0.479459459,5.47602971991476,76
"48-12","QID2269",48,12,7,"Noun",12,0.820125877,0.9377125,0.903783784,5.35097219069609,69
"48-14","QID2271",48,14,7,"Verb",14,0.027291986,0.962525905,0.174054054,5.28486218151477,69
"48-15","QID2272",48,15,4,"Noun",15,0.005740342,0.463140552,0.058378378,5.4454341145106,62
"48-21","QID2278",48,21,7,"Noun",21,0.974826179,0.985519531,1,5.24929309292305,62
"48-22","QID2279",48,22,10,"Verb",1,0.005740342,0.019381411,0.200540541,5.40095691424356,81
"48-26","QID2283",48,26,6,"Noun",5,0.235120916,0.330342294,0.486756757,5.37384040771817,69
"48-28","QID2285",48,28,9,"Verb",7,0.005740342,0.489721713,0.122972973,5.2922401681224,77
"48-35","QID2292",48,35,7,"Noun",14,0.974826179,0.985519531,1,5.09041351689534,49
"48-36","QID2293",48,36,2,"Verb",15,0.501171043,0.860340936,0.844594595,5.19895567884353,27
"48-38","QID2295",48,38,5,"Noun",17,0.182206676,0.596030988,0.524594595,5.29998701744354,54
"48-39","QID2296",48,39,10,"Adjective",18,0.160121842,0.176459937,0.310833333,5.36159596962282,80
"48-41","QID2298",48,41,2,"Adverb",20,0.005740342,0.019381411,0.292702703,5.34288149578053,43
"48-42","QID2299",48,42,2,"Adverb",21,0.898865031,0.043007402,0.961081081,5.3262779036846,30
"48-44","QID2301",48,44,5,"Noun",23,0.634358452,0.702180419,0.844594595,5.14653154775204,43
"48-46","QID2303",48,46,6,"Noun",25,0.767216933,0.912222704,0.895675676,5.30501725890405,73
"48-49","QID2306",48,49,6,"Noun",28,0.129574671,0.649139068,0.435,5.45268319220138,62
"48-50","QID2307",48,50,6,"Noun",29,0.974826179,0.985519531,1,5.44900070586265,32
"49-2","QID2308",49,2,9,"Noun",2,0.005570242,0.138356367,0.225897436,5.21249486617308,77
"49-3","QID2309",49,3,4,"Noun",3,0.026078689,0.616405486,0.558205128,5.25588124160503,64
"49-4","QID2310",49,4,3,"Verb",4,0.148123432,0.916501075,0.453076923,5.23182947089753,54
"49-5","QID2311",49,5,8,"Verb",5,0.173149196,0.414531946,0.337435897,5.24367491776975,73
"49-8","QID2314",49,8,8,"Noun",8,0.098380273,0.940693052,0.257948718,5.27092502750088,69
"49-11","QID2317",49,11,3,"Noun",11,0.879297,0.9860922,0.927692308,5.31675620366777,46
"49-14","QID2320",49,14,3,"Noun",14,0.073776551,0.9860922,0.212564103,5.3110322243038,59
"49-16","QID2322",49,16,8,"Noun",16,0.151939157,0.425259448,0.230789474,5.39497286415692,76
"49-17","QID2323",49,17,4,"Noun",1,0.005678063,0.14190879,0.290769231,5.28237522713167,54
"49-18","QID2324",49,18,3,"Verb",2,0.779133977,0.916501075,0.9,5.3724796007586,48
"49-19","QID2325",49,19,10,"Verb",3,0.026673675,0.451080144,0.349210526,5.21264296746922,82
"49-22","QID2328",49,22,3,"Noun",6,0.374782901,0.9860922,0.615128205,5.19281588631972,48
"49-23","QID2329",49,23,3,"Verb",7,0.669962756,0.963399703,0.837692308,5.17114907521362,48
"49-25","QID2331",49,25,7,"Adjective",9,0.526567259,0.767399968,0.642051282,5.30077421772086,67
"49-28","QID2334",49,28,3,"Noun",12,0.901656168,0.985845327,0.940526316,5.18163235078396,39
"49-30","QID2336",49,30,6,"Noun",14,0.005664589,0.296022911,0.139210526,5.4297273127027,73
"49-31","QID2337",49,31,5,"Verb",15,0.198239796,0.96424709,0.637435897,5.29254361424026,46
"49-32","QID2338",49,32,3,"Verb",16,0.005570242,0.891981331,0.311794872,5.37091471593537,46
"49-34","QID2340",49,34,5,"Noun",18,0.005570242,0.940693052,0.228717949,5.16519784205075,59
"49-37","QID2343",49,37,8,"Adjective",21,0.005570242,0.041003064,0.307179487,5.29569294626378,77
"49-38","QID2344",49,38,5,"Adjective",22,0.005570242,0.041003064,0.07025641,5.12331892647473,69
"49-39","QID2345",49,39,4,"Noun",23,0.148123432,0.9860922,0.397435897,5.24348376095043,42
"49-43","QID2349",49,43,6,"Noun",27,0.073776551,0.641617614,0.278461538,5.24324328574656,66
"49-44","QID2350",49,44,5,"Verb",28,0.049531778,0.9860922,0.637179487,5.24223352701969,52
"49-45","QID2351",49,45,5,"Adverb",29,0.005570242,0.089032119,0.501025641,5.34508656281962,62
"49-46","QID2352",49,46,2,"Verb",30,0.123187024,0.867263809,0.598684211,5.33018044590675,31
"49-49","QID2355",49,49,8,"Adverb",33,0.005570242,0.018565505,0.295641026,5.32946704608783,76
"49-50","QID2356",49,50,9,"Adjective",34,0.904087347,0.916501075,0.933589744,5.3673994217258,70
"49-51","QID2357",49,51,4,"Noun",35,0.627743253,0.96424709,0.767631579,5.52630407411821,50
"50-3","QID2359",50,3,3,"Adjective",3,0.005062246,0.038139475,0.175714286,5.24672588765844,51
"50-4","QID2360",50,4,5,"Noun",4,0.005062246,0.966330056,0.098095238,5.25877122622128,68
"50-5","QID2361",50,5,3,"Verb",5,0.441935603,0.944433733,0.685,5.29194479847594,53
"50-7","QID2363",50,7,10,"Verb",7,0.583011742,0.921954448,0.71,5.23626577412967,73
"50-9","QID2365",50,9,3,"Verb",9,0.887161642,0.98668104,0.964761905,5.29048137090279,57
"50-10","QID2366",50,10,5,"Verb",10,0.024062821,0.43205335,0.396666667,5.3179396582575,67
"50-12","QID2368",50,12,2,"Verb",12,0.559503042,0.921954448,0.803333333,5.24081941814633,47
"50-15","QID2371",50,15,3,"Adjective",15,0.559503042,0.736764905,0.665238095,5.19758353995962,54
"50-16","QID2372",50,16,4,"Adverb",16,0.005062246,0.105579243,0.497142857,5.33694060538559,58
"50-17","QID2373",50,17,7,"Verb",17,0.045835592,0.596267429,0.172926829,5.29035433441342,72
"50-19","QID2375",50,19,6,"Noun",19,0.005062246,0.760117195,0.205,5.15687018260072,62
"50-21","QID2377",50,21,7,"Noun",21,0.700449982,0.944433733,0.808809524,5.1617065687988,76
"50-23","QID2379",50,23,9,"Verb",23,0.005062246,0.151675599,0.272857143,5.41560795163331,78
"50-26","QID2382",50,26,5,"Adjective",26,0.005144081,0.346402103,0.240487805,5.30238408226466,65
"50-28","QID2384",50,28,6,"Noun",28,0.046859718,0.920145299,0.295121951,5.34701792411312,74
"50-30","QID2386",50,30,7,"Noun",30,0.005062246,0.689990893,0.17047619,5.40306499726131,73
"50-32","QID2388",50,32,3,"Noun",32,0.005062246,0.572814902,0.212380952,5.25711402812776,62
"50-34","QID2390",50,34,3,"Adverb",34,0.005062246,0.151675599,0.496904762,5.33742032316588,52
"50-36","QID2392",50,36,6,"Noun",36,0.005062246,0.783438895,0.085,5.19553576775154,71
"50-38","QID2394",50,38,7,"Noun",38,0.910189043,0.944433733,0.941666667,5.22193912134321,77
"50-42","QID2398",50,42,3,"Noun",42,0.045835592,0.760117195,0.208333333,5.172015013623,43
"50-43","QID2399",50,43,4,"Verb",43,0.572940694,0.778245245,0.848536585,5.24766508535588,55
"50-45","QID2401",50,45,11,"Adverb",45,0.005062246,0.174860868,0.218095238,5.29816989697953,77
"50-46","QID2402",50,46,9,"Adjective",46,0.04688744,0.418415875,0.32547619,5.42597432233225,76
"50-49","QID2405",50,49,5,"Verb",49,0.005062246,0.082753923,0.521666667,5.22990414386333,57
"50-52","QID2408",50,52,3,"Adjective",52,0.700449982,0.806722226,0.768095238,5.31915236524345,41
"50-53","QID2409",50,53,5,"Noun",53,0.864010019,0.98668104,0.91047619,5.48780552751638,49
"51-2","QID2410",51,2,8,"Noun",2,0.005658563,0.912000582,0.118918919,5.33825329983729,76
"51-3","QID2411",51,3,3,"Verb",3,0.005658563,0.595849405,0.429459459,5.33057523615642,56
"51-5","QID2413",51,5,4,"Verb",5,0.005658563,0.912000582,0.467567568,5.2863512154503,58
"51-8","QID2416",51,8,6,"Noun",8,0.005755668,0.095988626,0.228055556,5.36824263520249,75
"51-10","QID2418",51,10,8,"Noun",10,0.077400921,0.409829435,0.235675676,5.29445329927655,70
"51-12","QID2420",51,12,9,"Verb",12,0.005658563,0.042884236,0.112777778,5.4100916835066,78
"51-14","QID2422",51,14,7,"Adjective",14,0.005773855,0.122559461,0.208333333,5.42540164208818,76
"51-15","QID2423",51,15,12,"Noun",15,0.261516161,0.937489561,0.434594595,5.16394469954212,75
"51-16","QID2424",51,16,10,"Adjective",16,0.005658563,0.042884236,0.198378378,5.31021551512523,80
"51-17","QID2425",51,17,9,"Noun",17,0.005658563,0.962307023,0.107027027,5.33552753548815,81
"51-18","QID2426",51,18,3,"Verb",18,0.108883255,0.573218283,0.602571429,5.26419985981122,39
"51-19","QID2427",51,19,10,"Adverb",19,0.005648661,0.095943598,0.161388889,5.38513749633631,78
"51-20","QID2428",51,20,7,"Verb",20,0.005648661,0.639367609,0.248333333,5.42475897569599,75
"51-21","QID2429",51,21,10,"Noun",21,0.005648661,0.176273808,0.221428571,5.41851380122204,82
"51-22","QID2430",51,22,7,"Noun",22,0.105934482,0.802453019,0.339444444,5.31803048535449,75
"51-24","QID2432",51,24,7,"Verb",24,0.005648661,0.935855763,0.168333333,5.36173962726063,68
"51-26","QID2434",51,26,4,"Noun",2,0.005648661,0.339175136,0.201428571,5.32777560438303,69
"51-28","QID2436",51,28,6,"Noun",4,0.02914223,0.762532163,0.283055556,5.18259260196171,63
"51-29","QID2437",51,29,5,"Verb",5,0.005648661,0.961355271,0.346944444,5.43458672070568,62
"51-30","QID2438",51,30,6,"Verb",6,0.005648661,0.019702519,0.26,5.10195150922809,83
"51-32","QID2440",51,32,4,"Verb",8,0.005648661,0.984998557,0.261111111,5.36843793197376,67
"51-34","QID2442",51,34,5,"Noun",10,0.241266244,0.961355271,0.3575,5.28590454662535,69
"51-37","QID2445",51,37,7,"Adjective",13,0.005648661,0.230387289,0.142777778,5.31453260362471,75
"51-38","QID2446",51,38,8,"Noun",14,0.053058613,0.984998557,0.115555556,5.36335582393256,75
"51-41","QID2449",51,41,3,"Noun",17,0.005648661,0.775376996,0.155277778,5.41393301285696,45
"51-44","QID2452",51,44,11,"Noun",20,0.005750172,0.516980056,0.153428571,5.44446925169914,73
"51-45","QID2453",51,45,5,"Verb",21,0.00577872,0.824764074,0.141142857,5.18529267964656,67
"51-46","QID2454",51,46,11,"Noun",22,0.13652275,0.48898928,0.427714286,5.29980579608124,81
"51-48","QID2456",51,48,3,"Verb",24,0.053058613,0.584808049,0.423055556,5.30562362231861,53
"51-49","QID2457",51,49,10,"Verb",25,0.005648661,0.421003396,0.089428571,5.38013411267299,79
"51-51","QID2459",51,51,4,"Noun",27,0.005648661,0.775376996,0.163888889,5.38084140642911,68
"51-54","QID2462",51,54,9,"Noun",30,0.028421893,0.320650572,0.247142857,5.41154535002613,75
"52-2","QID2463",52,2,2,"Verb",2,0.365489254,0.845629968,0.6295,5.2632753965346,45
"52-4","QID2465",52,4,4,"Noun",4,0.005713286,0.576128133,0.1825,5.26469622619201,60
"52-5","QID2466",52,5,6,"Noun",5,0.12031167,0.183211597,0.438,5.18877695820248,69
"52-7","QID2468",52,7,4,"Adverb",7,0.005713286,0.039737184,0.29875,5.30929385057812,57
"52-8","QID2469",52,8,10,"Noun",8,0.005713286,0.74803796,0.09575,5.24185453110204,77
"52-10","QID2471",52,10,7,"Noun",10,0.513475673,0.845629968,0.697567568,5.31151237683275,77
"52-12","QID2473",52,12,4,"Verb",12,0.048600498,0.869852007,0.2335,5.29592458976032,66
"52-14","QID2475",52,14,5,"Verb",2,0.072200571,0.917851426,0.66,5.32446019022176,74
"52-15","QID2476",52,15,4,"Verb",3,0.096154645,0.893946985,0.638,5.22456239263161,47
"52-16","QID2477",52,16,4,"Noun",4,0.005713286,0.110503022,0.14475,5.26047722260916,73
"52-19","QID2480",52,19,8,"Adjective",7,0.005713286,0.207606714,0.25975,5.23523667796679,77
"52-20","QID2481",52,20,6,"Noun",8,0.193424331,0.964425381,0.4985,5.11606842874259,77
"52-22","QID2483",52,22,10,"Noun",10,0.168978749,0.869852007,0.39775,5.33837806983856,78
"52-24","QID2485",52,24,7,"Noun",12,0.976541598,0.98580945,1,5.35405698875764,75
"52-27","QID2488",52,27,6,"Noun",15,0.025767619,0.917851426,0.21575,5.21622817481722,58
"52-30","QID2491",52,30,4,"Verb",18,0.291611918,0.917851426,0.6755,5.21655540489901,58
"52-31","QID2492",52,31,4,"Verb",19,0.025767619,0.845629968,0.44475,5.31707115672728,49
"52-32","QID2493",52,32,5,"Noun",20,0.316222583,0.403880946,0.547,5.3160954339868,63
"52-33","QID2494",52,33,14,"Adverb",21,0.026375128,0.088659146,0.257179487,5.31487017492475,74
"52-38","QID2499",52,38,6,"Verb",26,0.025767619,0.964425381,0.21975,5.40600616547976,75
"52-39","QID2500",52,39,6,"Adjective",27,0.025767619,0.039737184,0.27325,5.26814290224239,71
"52-40","QID2501",52,40,6,"Noun",28,0.439462475,0.917851426,0.563,5.20115988284239,65
"52-42","QID2503",52,42,6,"Noun",30,0.686074038,0.964425381,0.78875,5.30863978011693,65
"52-45","QID2506",52,45,5,"Noun",33,0.636798676,0.845629968,0.77575,5.22513365671556,47
"52-46","QID2507",52,46,3,"Verb",34,0.267021225,0.600725824,0.78375,5.17346060840787,25
"52-47","QID2508",52,47,4,"Adverb",35,0.198298198,0.691447518,0.690769231,5.30787477816593,46
"52-48","QID2509",52,48,9,"Verb",36,0.048600498,0.134632107,0.17975,5.26247506224395,74
"52-49","QID2510",52,49,6,"Adjective",37,0.439462475,0.551524368,0.5975,5.00182387954106,62
"52-50","QID2511",52,50,6,"Noun",38,0.735287753,0.964425381,0.79275,5.28998647857543,75
"52-52","QID2513",52,52,10,"Noun",40,0.829108879,0.915802833,0.856,5.00586124523023,81
"52-54","QID2515",52,54,7,"Noun",42,0.975947775,0.985487405,0.9795,5.61149855604988,67
"53-3","QID2517",53,3,5,"Verb",3,0.374868489,0.986054193,0.6085,5.16651816947563,66
"53-5","QID2519",53,5,6,"Verb",5,0.005844684,0.295923912,0.426052632,5.22600279813984,70
"53-7","QID2521",53,7,7,"Adjective",7,0.005736976,0.238221223,0.134,5.33452714170258,75
"53-9","QID2523",53,9,10,"Verb",9,0.152104877,0.167333711,0.315789474,5.33006107965225,79
"53-10","QID2524",53,10,12,"Noun",10,0.566210392,0.985765134,0.692820513,5.32765767800695,78
"53-11","QID2525",53,11,6,"Adjective",11,0.005930118,0.019323671,0.357948718,5.38705816561181,62
"53-12","QID2526",53,12,6,"Noun",12,0.005835485,0.863832643,0.184615385,5.36156662120781,78
"53-13","QID2527",53,13,4,"Verb",13,0.152104877,0.787074402,0.347692308,5.34203320365724,53
"53-15","QID2529",53,15,7,"Verb",15,0.005835485,0.018905682,0.336666667,5.13771955962815,67
"53-16","QID2530",53,16,5,"Adverb",16,0.005835485,0.091196439,0.328461538,5.32937913689348,69
"53-19","QID2533",53,19,8,"Adjective",19,0.005960585,0.145510548,0.105789474,5.24607737732322,79
"53-20","QID2534",53,20,7,"Noun",20,0.687789853,0.91214893,0.761578947,5.30175578537013,73
"53-21","QID2535",53,21,2,"Verb",21,0.63458756,0.91214893,0.877631579,5.35963910480809,28
"53-22","QID2536",53,22,9,"Adjective",22,0.005960585,0.542809603,0.195526316,5.3860465914184,79
"53-25","QID2539",53,25,3,"Adjective",3,0.027597576,0.622516618,0.265945946,5.34482509247875,61
"53-26","QID2540",53,26,5,"Noun",4,0.421499091,0.93763978,0.552894737,5.269205889372,64
"53-27","QID2541",53,27,5,"Verb",5,0.027597576,0.962455766,0.309210526,5.20675133922151,63
"53-31","QID2545",53,31,3,"Adverb",9,0.027597576,0.303752038,0.472894737,5.36239606512217,50
"53-32","QID2546",53,32,5,"Verb",10,0.341642124,0.019318575,0.636052632,5.29850339468959,69
"53-34","QID2548",53,34,4,"Verb",12,0.28847683,0.962455766,0.526842105,4.98284597627276,49
"53-36","QID2550",53,36,7,"Verb",14,0.21468426,0.666830444,0.386052632,5.12890250176851,77
"53-41","QID2555",53,41,3,"Verb",19,0.31504972,0.88631194,0.623421053,5.30953238907887,51
"53-42","QID2556",53,42,2,"Adverb",20,0.005960585,0.198018135,0.515263158,5.27845249300393,41
"53-43","QID2557",53,43,5,"Adjective",21,0.31504972,0.702105639,0.515,5.24628726152641,67
"53-46","QID2560",53,46,4,"Verb",24,0.208933356,0.93763978,0.546315789,5.26697036460182,59
"53-48","QID2562",53,48,2,"Verb",26,0.899063321,0.962455766,0.950263158,5.14084300538493,35
"53-52","QID2566",53,52,6,"Adverb",30,0.005960585,0.171718871,0.560526316,5.27565179581302,66
"53-54","QID2568",53,54,5,"Adjective",32,0.077842439,0.250803301,0.515263158,5.15541313778866,58
"53-55","QID2569",53,55,2,"Adverb",33,0.554700523,0.067952356,0.936842105,5.39471407581744,40
"53-56","QID2570",53,56,3,"Adverb",34,0.872947376,0.88631194,0.964210526,5.23203844432511,71
"54-3","QID2572",54,3,4,"Noun",3,0.071931566,0.821749629,0.47625,5.21959035762139,65
"54-5","QID2574",54,5,6,"Adjective",5,0.005430992,0.063163491,0.05375,5.22168727779723,71
"54-6","QID2575",54,6,5,"Noun",6,0.005540075,0.591049204,0.15725,5.28251475039104,72
"54-7","QID2576",54,7,7,"Verb",7,0.005430992,0.870291307,0.269,5.43098354236981,77
"54-11","QID2580",54,11,7,"Noun",11,0.005430992,0.986185172,0.084,5.3517477493464,81
"54-13","QID2582",54,13,7,"Adjective",13,0.005430992,0.018129069,0.16,5.38766458146239,77
"54-14","QID2583",54,14,10,"Noun",14,0.005430992,0.601115052,0.2885,5.45723170036058,77
"54-15","QID2584",54,15,5,"Noun",15,0.095920075,0.870291307,0.17225,5.30567269701604,68
"54-18","QID2587",54,18,2,"Adverb",3,0.005540075,0.064681719,0.854358974,5.17524931943499,64
"54-19","QID2588",54,19,5,"Adverb",4,0.049483086,0.040939923,0.258974359,5.3797043187046,69
"54-21","QID2590",54,21,4,"Verb",6,0.005540075,0.916294317,0.265897436,5.12741578883256,58
"54-22","QID2591",54,22,5,"Noun",7,0.223310337,0.313610498,0.431025641,5.02182680744497,47
"54-24","QID2593",54,24,5,"Noun",9,0.005540075,0.964035824,0.143076923,5.41308755070979,74
"54-25","QID2594",54,25,3,"Verb",10,0.026034487,0.666668589,0.212307692,5.28336917431424,53
"54-28","QID2597",54,28,8,"Noun",13,0.026644426,0.041879434,0.284102564,5.46538169172238,81
"54-29","QID2598",54,29,4,"Noun",14,0.098325494,0.138281368,0.318974359,5.34242356153568,55
"54-31","QID2600",54,31,6,"Noun",2,0.005540075,0.842226916,0.127435897,5.36499054068995,76
"54-32","QID2601",54,32,5,"Noun",3,0.049483086,0.138281368,0.148205128,5.2930148544807,61
"54-35","QID2604",54,35,5,"Noun",6,0.879125485,0.940481762,0.903846154,5.12613460159435,56
"54-36","QID2605",54,36,9,"Verb",7,0.073724648,0.842226916,0.187435897,5.14674689670498,83
"54-39","QID2608",54,39,6,"Noun",10,0.026034487,0.964035824,0.176410256,5.35455186073473,73
"54-40","QID2609",54,40,6,"Verb",11,0.026034487,0.389204332,0.276666667,5.30291039085919,72
"54-41","QID2610",54,41,4,"Adjective",12,0.005540075,0.691845873,0.174871795,5.30132747466698,60
"54-43","QID2612",54,43,6,"Adjective",14,0.005540075,0.064681719,0.129230769,5.2321597871964,65
"54-44","QID2613",54,44,6,"Noun",15,0.005540075,0.916294317,0.062051282,5.24301157834046,70
"54-46","QID2615",54,46,6,"Adjective",2,0.29891524,0.064681719,0.391282051,5.35062999006527,69
"54-47","QID2616",54,47,5,"Noun",3,0.049483086,0.691845873,0.225641026,5.3767275101069,56
"54-48","QID2617",54,48,3,"Verb",4,0.049483086,0.641474511,0.601282051,5.28969015010034,43
"54-49","QID2618",54,49,4,"Verb",5,0.005540075,0.338793874,0.312820513,5.36714952997611,54
"54-52","QID2621",54,52,4,"Adjective",8,0.005652869,0.141823626,0.197435897,5.00064407757876,54
"54-53","QID2622",54,53,3,"Noun",9,0.577048603,0.964035824,0.686666667,5.47856230140125,58
"54-55","QID2624",54,55,7,"Verb",11,0.026034487,0.742132565,0.195384615,5.15952192952215,80
"54-56","QID2625",54,56,5,"Noun",12,0.273688085,0.792287194,0.474358974,5.43167044596359,43
"55-3","QID2687",55,3,8,"Adverb",3,0.005354405,0.039809284,0.3405,5.29902156198987,76
"55-4","QID2688",55,4,3,"Verb",4,0.005354405,0.845903168,0.34025,5.24441225213519,60
"55-5","QID2689",55,5,6,"Adverb",5,0.005354405,0.110590378,0.50825,5.342954955114,75
"55-11","QID2695",55,11,5,"Adjective",11,0.119968668,0.551706328,0.34625,5.55603213515352,74
"55-12","QID2696",55,12,7,"Noun",12,0.005354405,0.96472448,0.13475,5.3341133150645,75
"55-15","QID2699",55,15,4,"Adverb",15,0.071802883,0.20771211,0.462,5.33503533791688,72
"55-16","QID2700",55,16,4,"Verb",16,0.005354405,0.96472448,0.4355,5.12260098543544,59
"55-17","QID2701",55,17,4,"Adverb",17,0.005354405,0.062956971,0.6105,5.35657725248898,58
"55-18","QID2702",55,18,6,"Adjective",18,0.242190574,0.28116276,0.60575,5.10587390232233,70
"55-21","QID2705",55,21,6,"Noun",21,0.005354405,0.748278056,0.17325,5.27782424173398,72
"55-23","QID2707",55,23,5,"Adjective",23,0.005354405,0.183312412,0.022,5.41735884292874,71
"55-24","QID2708",55,24,11,"Noun",24,0.248319167,0.940453996,0.29675,5.34790918428299,79
"55-25","QID2709",55,25,4,"Adverb",1,0.005551915,0.090976474,0.49675,5.31608247011655,61
"55-26","QID2710",55,26,8,"Noun",2,0.071802883,0.110590378,0.18575,5.33230200181431,82
"55-27","QID2711",55,27,3,"Verb",3,0.193135834,0.96472448,0.6725,5.3210374205334,43
"55-29","QID2713",55,29,4,"Adverb",5,0.098144416,0.088726982,0.368684211,5.31692254902617,67
"55-30","QID2714",55,30,4,"Adjective",6,0.197975113,0.940325323,0.615641026,5.34435301586531,62
"55-31","QID2715",55,31,3,"Noun",7,0.75360134,0.817103427,0.843589744,5.17276174592289,39
"55-32","QID2716",55,32,4,"Adjective",8,0.005540718,0.041717191,0.308461538,5.38837475576294,46
"55-33","QID2717",55,33,6,"Adverb",9,0.273480706,0.363759664,0.662051282,5.31967183389176,75
"55-35","QID2719",55,35,6,"Verb",11,0.025881462,0.940325323,0.234871795,5.25155486082793,74
"55-37","QID2721",55,37,11,"Noun",13,0.005540718,0.657874991,0.078461538,5.13550021255287,83
"55-40","QID2724",55,40,8,"Adjective",16,0.005435169,0.515133271,0.256923077,5.28055999829362,71
"55-42","QID2726",55,42,6,"Adjective",18,0.126107024,0.914067279,0.426923077,5.30576275816998,70
"55-43","QID2727",55,43,4,"Adjective",19,0.005435169,0.040714917,0.29974359,5.41545540975115,55
"55-44","QID2728",55,44,6,"Adverb",20,0.652672037,0.666458488,0.826923077,5.37343939619699,65
"55-47","QID2731",55,47,2,"Adverb",23,0.026507345,0.090983759,0.688461538,5.34454788778903,38
"55-48","QID2732",55,48,6,"Adverb",24,0.64369914,0.761137489,0.823846154,5.33711483480012,58
"55-49","QID2733",55,49,3,"Verb",25,0.228893603,0.963072045,0.524102564,5.28465810626202,28
"55-51","QID2735",55,51,5,"Verb",27,0.005435169,0.590831282,0.153589744,5.31464316207683,72
"55-53","QID2737",55,53,9,"Adjective",29,0.005435169,0.018306071,0.13,5.26465909476676,78
"55-54","QID2738",55,54,10,"Noun",30,0.049316581,0.963890976,0.303333333,5.14769866822527,80
"55-57","QID2741",55,57,4,"Adverb",33,0.005540718,0.018727402,0.413333333,5.31956994159016,58
"55-58","QID2742",55,58,10,"Adjective",34,0.049316581,0.767033797,0.191025641,5.3465204961617,78
"55-60","QID2744",55,60,10,"Adjective",36,0.005542338,0.786855122,0.055526316,5.47171914629588,79
