"sentence_id","sentence_text","wh_word","wh_lemma","wh_pos","deprel"
9,"It reminds me too much of the ARVN officers who were secretly working for the other side in Vietnam.","who","who","PRON","nsubj"
14,"(Kut is in southeastern Iraq and has an overwhelmingly Shiite population, who are on the lookout for Baathist saboteurs and willingly turn them in.","who","who","PRON","nsubj"
46,"They are setting the road blocks at the exact same positions they were during the war last year, which indicates they are the same people.","which","which","PRON","nsubj"
47,"And there is nothing we can do about it really, people who are suggesting that we go out and fight them are living in dream land.","who","who","PRON","nsubj"
50,"Most people haven't gone to work the last few days, although it seems that the rest of Baghdad is 'normal' (if you can define what normal is).","what","what","PRON","obj"
53,"What irritates me is this sudden false 'solidarity' between Sunni and Shi'ite clerics, we all know that they would be glad to get at each others throats when they have the chance, and Shia clerics were describing Fallujan insurgents as 'Ba'athists', 'Saddamites', 'Wahhabis', and 'terrorists' just a few days ago.","what","what","PRON","nsubj"
54,"So what happened?","what","what","PRON","nsubj"
60,"Someone who called himself Abu Hafs from the Ibn Al-Khattab Brigades (another new group) was on Al-Jazeera describing the enormous casualties among the Marines and he sweared that American soldiers were mutilating the bodies of dead insurgents.","who","who","PRON","nsubj"
66,"We all know what happened, but even to this day, there are many different versions and opinions on how it happened and what effect Chernobyl will have on the health of people affected by the fallout.","what","what","PRON","nsubj"
70,"It is a time to learn what happened and how it may affect the future.","what","what","PRON","nsubj"
72,"This was heavily promoted by the Australasian Radiation Protection Society in a press release titled THE MYTHS OF CHERNOBYL which contained the following:","which","which","PRON","nsubj"
78,"However, in April 2001, the IAEA published Fifteen Years after the Chernobyl Accident - Lessons learned. which contradict the earlier reports.","which","which","PRON","nsubj"
115,"I would be interested in hearing what conclusions you reached and what you found that was most convincing.","what","what","PRON","obj"
120,"Don't have to mention what radiation has done and is still doing to Hirsohima & Nagaski folks--there can be no doubts about the effects of radiation in Chernobyl.......","what","what","PRON","obj"
124,"S. and I have an acquaintance who has hosted several of these children for many years; to see these little ones breaks the heart.","who","who","PRON","nsubj"
128,"What do the new al-Qaeda videotape and audio speeches of Bin Laden and Ayman al-Zawahiri tell us about the hopes of the remaining top leadership of the organization?","what","what","PRON","obj"
131,"These are 1) Assassinate or overthrow Gen. Pervez Musharraf, the Pakistani military ""president"" who had made a coup in 1999 and has thrown in his lot with the United States against the Taliban and al-Qaeda.","who","who","PRON","nsubj"
135,"MMA also captured the Northwest Frontier Province, which probably shelters Bin Laden and al-Zawahiri, and is in a joint government of Baluchistan Province, also on the Afghanistan border.","which","which","PRON","nsubj"
137,"They would thereby gain control of a major base for terrorist operations, which is also a nuclear power.","which","which","PRON","nsubj"
142,"On the other, restrictions should be lifted on the mainstream Muslim League-N and Pakistan People's Party, who can defeat the MMA in fair elections if not hogtied by the secret police.","who","who","PRON","nsubj"
151,"Sharon's hard line has worked in tandem with Hamas's terrorism to ratchet up tensions further and further, which spill over into the Muslim world and serve as a recruiting tool for al-Qaeda in its search for agents willing to hit the United States.","which","which","PRON","nsubj"
176,"""Can you name the general who is in charge of Pakistan?""","who","who","PRON","nsubj"
177,"Hiller asked, inquiring about Gen. Pervaiz Musharraf, who seized control of the country October 12.","who","who","PRON","nsubj"
218,"The Palestinians who have been willing to kill themselves to end the Israeli occupation of the Gaza Strip and the West Bank were not driven by economic considerations.","who","who","PRON","nsubj"
229,"The more radical Shiites, who generally follow the theocratic notions of Iran's Ayatollah Ruhollah Khomeini, routinely chant and demonstrate against Israel.","who","who","PRON","nsubj"
231,"Worse for Israel, the assassination drew a denunciation even from the moderate and cautious Grand Ayatollah Ali Sistani, who wields enormous moral authority over Iraqi Shiites.","who","who","PRON","nsubj"
236,"Iraqi cities such as Fallujah and Ramadi were on the truck route from Amman to Baghdad, and so came under the influence of the Salafi movement, which is popular in Jordan.","which","which","PRON","nsubj"
251,"Apart from the 1,200 Indian lives lost in 1987, the Indian peacekeeping force was immensely unpopular not only in Tamil Nadu and the Jaffna peninsula but also among the Sinhalese majority who considered it a violation of their country's sovereignty.","who","who","PRON","nsubj"
268,"A veteran of India's military intervention in the Jaffna peninsula to help implement the 1987 Indo-Sri Lanka Peace Accord - which ambitiously provided for the disarming of the formidable LTTE - Kalkat said the new defense deal would essentially be a reiteration of the older one minus its military commitment.","which","which","PRON","nsubj"
269,"Kalkat, who currently chairs the independent US-based International Council on Conflict Resolution, said despite the failure of the Indian army to disarm or even subdue the Tigers, India remained the only power capable of influencing the course of the current peace talks.","who","who","PRON","nsubj"
277,"Japan's special envoy, Yasushi Akashi, who called for tangible progress in the peace process before the money would be released, came back from visits to Colombo and Kilinochchi in early November a frustrated man.","who","who","PRON","nsubj"
285,"Apart from the 1,200 Indian lives lost in 1987, the Indian peacekeeping force was immensely unpopular not only in Tamil Nadu and the Jaffna peninsula but also among the Sinhalese majority who considered it a violation of their country's sovereignty.","who","who","PRON","nsubj"
289,"Unreported by the international media, the Valley of Kashmir has seen an ethnic and cultural genocide that has resulted in the fleeing from the valley of almost all the Hindu families who have been living there since human habitation was first recorded.","who","who","PRON","nsubj"
299,"Realists, and this even includes members of the U.S. Democratic foreign policy establishment such as Strobe Talbott, who have long sought to divest India of its defensive capability against another nuclear power in Asia, understand the only feasible solution for Kashmir is the acceptance of the status quo.","who","who","PRON","nsubj"
300,"India keeps what it has while Pakistan and China (which was gifted a slice of the territory three decades ago) do likewise.","what","what","PRON","obj"
302,"Bill Clinton understood this at the end of his term in office yet, under Colin Powell (who appears to have an affinity for generals active in politics), the pendulum of U.S. policy has once again swung toward a quixotic effort to prize at least the Valley of Kashmir loose from India.","who","who","PRON","nsubj"
307,"The overwhelming majority of Muslims in Kashmir would be happy with such an outcome, except for the tiny jihadi segment patronized by the U.S. State Department and the Pakistan Army, which would like to even the score with India for their catastrophic defeat in Bangladesh in 1971.","which","which","PRON","nsubj"
308,"Unreported by the international media, the Valley of Kashmir has seen an ethnic and cultural genocide that has resulted in the fleeing from the valley of almost all the Hindu families who have been living there since human habitation was first recorded.","who","who","PRON","nsubj"
341,"What follows is the text of an e-mail sent to me by a friend of mine (thanks to Dave Manzano).","what","what","PRON","nsubj"
346,"What do you really know about George W. Bush’s time in the Air National Guard?","what","what","PRON","obj"
351,"So just for the record, here, in full, is what Bush did:","what","what","PRON","obj"
376,"Requests like that weren’t unusual, says retired Col. William Campenni, who flew with Bush in 1970 and 1971.","who","who","PRON","nsubj"
390,"A 1971 evaluation called Bush “an exceptionally fine young officer and pilot” who “continually flies intercept missions with the unit to increase his proficiency even further.”","who","who","PRON","nsubj"
396,"The Kerry camp blames Bush for the Swift boat veterans’ attack, but anyone who has spent much time talking to the Swifties gets the sense that they are doing it entirely for their own reasons.","who","who","PRON","nsubj"
415,"Indeed, Sistani's agents all over the country have been quite active in educating Iraqi Shia on the merits of elections, which has led to the assassination of at least two of them.","which","which","PRON","nsubj"
417,"Again there is no official written statement from Sistani's office confirming this allegation, which I think is intentional.","which","which","PRON","nsubj"
419,"Chalabi describing Sha'lan as a ""Ba'athist"" and a ""former double agent for Saddam and the CIA"", while Sha'lan dismisses Chalabi as a ""thief"" and an ""Iranian stooge who longs for his own origins by defending Iran"".","who","who","PRON","nsubj"
433,"I had an interesting conversation with a middle-aged taxi driver who used to live in Fallujah and is now at relatives in Amiriya, Baghdad.","who","who","PRON","nsubj"
436,"I didn't argue with him but I asked him what he believed would be a viable solution to this mess.","what","what","PRON","nsubj"
440,"Leaving aside the fact that this views conflicts with other historical examples in the region, Sunnis have never offered an alternative choice, which eventually leads one to guess that the opinion held by the Fallujan taxi driver above is precisely what they are planning to implement.","which","which","PRON","nsubj"
441,"I had another conversation some months ago with a retired Ba'athist old-timer who claimed that Ba'athists have the means to stage a third coup d'etat and return to power within 10 hours of an American withdrawal.","who","who","PRON","nsubj"
445,"But I also see that as a fatal misconception, which is doing Sunnis harm, because I don't believe the US is going anywhere so soon.","which","which","PRON","nsubj"
473,"Posada should have told any inquisitive journalist at his doorstep something like Meiring told the single American reporter who bothered following his bloody trail from the Philippines, that ""If this harms me in any way, you will find my power then, and you'll find out who I am.""","who","who","PRON","nsubj"
476,"Meiring's crimes are fresh, and wave the false flag which is the ""War on Terror.""","which","which","PRON","nsubj"
479,"The bombings implicated Muslims, and exacerbated regional tensions which the Bush regime and its friends wearing the brass in the Philippine military sought to exploit.","which","which","PRON","obj"
480,"Posada's crimes, on the other hand, must seem like ancient history, especially to a people who don't know their history.","who","who","PRON","nsubj"
481,"And to those who don't even know their crimes, not even that.","who","who","PRON","nsubj"
483,"I doubt he will be extradited to Venezuela, which is the only way that question could be answered with a Yes.","which","which","PRON","nsubj"
532,"Please check out my who let the dog out blog.","who","who","PRON","nsubj"
563,"It has also become an arms depot of the Liberation Tigers of Tamil Eelam (LTTE), who operate almost freely in the Andaman Sea.","who","who","PRON","nsubj"
564,"Information pointing in this direction came to light after the December 26 tsunami, which took a heavy toll on the Andamans.","which","which","PRON","nsubj"
565,"Correspondents who flocked in to cover the tsunami found they also had another story - the miserable security situation surrounding the Indian navy's Far Eastern Naval Command, now being established along with India's ""blue water navy"".","who","who","PRON","nsubj"
571,"Since the ""Sea Tigers"" of the LTTE, better known as the Tamil Tigers, are the ones who rule the Andaman Sea: they carry the arms and drugs for their own use and also to deliver to rebels in Aceh and all along the east coast of Africa.","who","who","PRON","nsubj"
577,"A large number of them are Bangladeshis, who like millions of their countrymen have left their densely populated homeland to settle elsewhere.","who","who","PRON","nsubj"
592,"This formidable enemy, which gave the Indian army a black eye in the mid-1980s, has been operating in northeastern India and in the Andaman Sea for a long time.","which","which","PRON","nsubj"
622,"The Ten Degree Channel divides the Andamans, which are the larger and more heavily populated northern islands, from the 20 or so Nicobar Islands in the south.","which","which","PRON","nsubj"
623,"On South Andaman, the most heavily populated island, is Port Blair, which is the capital and the only large town in the entire archipelago.","which","which","PRON","nsubj"
628,"Islamabad accuses New Delhi of using its consulates in Kandahar and Jalalabad to train Balochi insurgents who are active in Pakistani Balochistan.","who","who","PRON","nsubj"
640,"Since September 11, Pakistan has been repeatedly accused by Afghan and Western leaders of harbouring Taliban extremists who had pledged to disrupt the elections, but at the highest level the US has avoided criticising President Pervaiz Musharraf on the grounds that he is helping the US catch Al Qaeda elements inside Pakistan.","who","who","PRON","nsubj"
642,"The meeting was pushed together by the CIA and the US Defence Department who were desperately anxious to secure a peaceful election in Afghanistan and the non-interference of alleged Pakistani backed Taliban.","who","who","PRON","nsubj"
658,"‘’Pakistan now has a large force deployed in Baluchistan which was not there before,’’ says Lt. General David Barno.","which","which","PRON","nsubj"
660,"Also several days before the elections Pakistan closed the border crossing point at Chaman in Baluchistan which is a key entry point for the Taliban into Afghanistan.","which","which","PRON","nsubj"
661,"However US military officers say regular army officers - many of them Pashtun - leading units of the Frontier Corps who are on the border remain deeply sympathetic to the Taliban and the mullahs of the JUI.","who","who","PRON","nsubj"
662,"At the same time the US remains oblivious of the serious problems and political fallout which the army is facing in its operations in Waziristan.","which","which","PRON","obj"
667,"Moreover there are now major covert attempts under way to try and bring back to Kabul leading Taliban commanders, who have been living quietly in Pakistan and have taken no part in the Taliban insurgency.","who","who","PRON","nsubj"
668,"With the Taliban failure to disrupt the Afghan elections, the militants are even more isolated from the mainstream Taliban who want to return home.","who","who","PRON","nsubj"
675,"Islamabad accuses New Delhi of using its consulates in Kandahar and Jalalabad to train Balochi insurgents who are active in Pakistani Balochistan.","who","who","PRON","nsubj"
682,"In a major regional shift reflecting the newly strengthened position of Karzai, Iran, Russia and India which have traditionally backed the Tajik dominated former Northern Alliance made strenuous efforts to convince presidential candidate Younis Qanooni to strike a deal with Karzai before the elections and not to oppose Karzai.","which","which","PRON","nsubj"
689,"The enhanced US presence in western Afghanistan was only made possible after the ousting of Ismail Khan, the warlord and Governor of Herat province last month, who was a close ally of Iranian hardliners.","who","who","PRON","nsubj"
697,"So far what they have done together has been good for us and that’s how we would like to keep it’’, says Karzai.","what","what","PRON","nsubj"
716,"What was Bush doing with his youth?","what","what","PRON","obj"
731,"Even for those who later abstain, ""visual-spatial abilities, abstraction, problem solving , and short-term memory, are the slowest to recover.""","who","who","PRON","nsubj"
737,"This little-noted interview with Blount's nephew Murph Archibald, which appeared on National Public Radio's ""All Things Considered on March 30, 2004, gives a devastating insight into what it was like to have to suffer through Bush in that period.","which","which","PRON","nsubj"
740,"For weeks, reporters scoured Alabama in search of pilots or anyone who might have remembered seeing Mr. Bush at the time he was serving in the National Guard there.","who","who","PRON","nsubj"
761,"But throughout Alabama, there were Republicans and Democrats who wanted to help Red Blount.","who","who","PRON","nsubj"
762,"It was the young Texan's job to find out what each county leader needed in the way of campaign supplies and get those supplies to them.","what","what","PRON","obj"
770,"My overall impression was that he didn't seem as interested in the campaign as the other people who were working at the state headquarters.","who","who","PRON","nsubj"
780,"In fact, he left the house he rented in such disrepair--with damage to the walls and a chandelier destroyed--that the Montgomery family who owned it still grumble about the unpaid repair bill.","who","who","PRON","nsubj"
790,"Archibald, a middle-class Alabama boy--who, by the way, is now a registered Democrat--didn't like that story.","who","who","PRON","nsubj"
798,"It should not be left in the hands of a man who spent his life like this.","who","who","PRON","nsubj"
816,"But air traffic controllers in Baghdad have no record of the flights, which supposedly took off between July 2004 and July 2005.","which","which","PRON","nsubj"
836,"After the sentencing one of Robinson's tearful supporters ""turned to Claudia Vercellotti, a local leader of the Survivors Network for Those Abused by Priests [SNAP], who had helped reopen the case, and told her, 'I hope you rot in hell!'""","who","who","PRON","nsubj"
843,"Dekalb County Police Chief Louis Graham...the man who reopened the investigations last year, is mysteriously stepping down.","who","who","PRON","nsubj"
850,"That's still the domain of those who don't.","who","who","PRON","nsubj"
882,"Personally I don't give a damn what adults do to one another as long as there is no abuse invovled.","what","what","PRON","obj"
898,"What's a few dead soldiers in comparison to keeping all those defense contractors awash in all that tax cash?","what","what","PRON","nsubj"
912,"When Iraq invaded Kuwait, many of these girls were transported to Jordan and then smuggled to various countries -- Germany, France, Canada, Denmark, England, the United States -- where they were raised by guardians who were usually Mujahedeen supporters.","who","who","PRON","nsubj"
920,"Which may explain the pattern to their stories: a journey to self-empowerment and the enlightenment of self-sacrifice inspired by the light and wisdom of Maryam and Massoud.","which","which","PRON","nsubj"
922,"One has to wonder whether the bright fellows in our government and military who set up the deals with these people don't know what they are, don't care, or know perfectly well.","who","who","PRON","nsubj"
939,"The people who carry out these underground arms/drugs/sex trafficking deals are trauma based mind controlled slaves.","who","who","PRON","nsubj"
955,"I think the jury's still out on exactly who did the brainwashing when in regard to the Columbine killers.","who","who","PRON","nsubj"
956,"Perhaps we should look at the death metal phenomenon less as an invitation to violence than as a couter-cultural response to the over hypocrisy of a large percentage of the 'Church-Morality' crowd, which gives a lot of lip service to loving thy neighbor, but doesn't apply that love very far beyond their own congregation.","which","which","PRON","nsubj"
988,"It emerged that Chiara, the girl who disappeared with Fabio, had a collection of satanic literature and paraphernalia in her bedroom.","who","who","PRON","nsubj"
1020,"Seems as if there is a clear distinction being made between the 'imaginary' Whore of Babalon and the actually Whore of Babylon, which is this global system.","which","which","PRON","nsubj"
1026,"so, enemy, what's your point?","what","what","PRON","nsubj"
1056,"As I read the letter, I considered the vast contrast between mind and morality of whoever wrote it, vs. that of the mind of the man who once said ""Bring it on!""","who","who","PRON","nsubj"
1064,"But who would do a thing like that.... hey wait a minute","who","who","PRON","nsubj"
1070,"I can't believe there are no serious metal fans who frequent RI.","who","who","PRON","nsubj"
1092,"Whie I don't subscribe to the notion that the things we watch or listen to have no effect on our behavior (which I think is patently rediculous), it does bother me when people single out a specific group of people to pin the blame on.","which","which","PRON","nsubj"
1094,"Again, I think the problem is people who sink to far into their own egos, and begin to take their personal metaphors a bit too literaly.","who","who","PRON","nsubj"
1097,"I have nothing but respect for people who adhear to non-violence, forgiveness, and charity, but it's important to remember that Christians (or 'Smartwolves') do not have a monopoly on that particular lifestyle.","who","who","PRON","nsubj"
1109,"You may regard my views as those of the proverbial taxi driver, which you are supposed to question, when you visit a country.","which","which","PRON","obj"
1113,"I refer to the entire area between Pakistan and Morocco, which is predominantly Arab, predominantly Moslem, but includes many non-Arab and also significant non-Moslem minorities.","which","which","PRON","nsubj"
1115,"Because Israel and any problems related to it, in spite of what you might read or hear in the world media, is not the central issue, and has never been the central issue in the upheaval in the region.","what","what","PRON","obj"
1117,"The millions who died in the Iran-Iraq war had nothing to do with Israel.","who","who","PRON","nsubj"
1135,"And all of this is happening in a region, which only 30 years ago, was believed to be the next wealthy part of the world, and in a Moslem area, which developed, at some point in history, one of the most advanced cultures in the world.","which","which","PRON","nsubj"
1142,"The events of the last few years have amplified four issues, which have always existed, but have never been as rampant as in the present upheaval in the region.","which","which","PRON","nsubj"
1152,"More people die from AIDS in one day in Africa than all the Russians who died in the hands of Chechnya-based Moslem suicide murderers since that conflict started.","who","who","PRON","nsubj"
1153,"Saddam killed every month more people than all those who died from suicide murders since the Coalition occupation of Iraq.","who","who","PRON","nsubj"
1154,"So what is all the fuss about suicide killings?","what","what","PRON","nsubj"
1166,"Who could stop a suicide murder in the midst of the crowded line waiting to be checked by the airport metal detector?","who","who","PRON","nsubj"
1173,"What is behind the suicide murders?","what","what","PRON","nsubj"
1208,"But the norms of politics and diplomacy are childish, in comparison with the level of incitement and total absolute deliberate fabrications, which have reached new heights in the region we are talking about.","which","which","PRON","nsubj"
1221,"Incitement by Arab TV, accompanied by horror pictures of mutilated bodies, has become a powerful weapon of those who lie, distort and want to destroy everything.","who","who","PRON","nsubj"
1232,"There is a new game in town: The actual murderer is called ""the military wing"", the one who pays him, equips him and sends him is now called ""the political wing"" and the head of the operation is called the ""spiritual leader"".","who","who","PRON","nsubj"
1236,"It was Joseph Goebbels who said that if you repeat a lie often enough, people will believe it.","who","who","PRON","nsubj"
1239,"Huge amounts of money, which could have solved many social problems in this dysfunctional part of the world, are channeled into three concentric spheres supporting death and murder.","which","which","PRON","nsubj"
1245,"Finally, we find the third circle of so-called religious, educational and welfare organizations, which actually do some good, feed the hungry and provide some schooling, but brainwash a new generation with hatred, lies and ignorance.","which","which","PRON","nsubj"
1252,"Figuratively speaking, this outer circle is the guardian, which makes sure that the people look and listen inwards to the inner circle of terror and incitement, rather than to the world outside.","which","which","PRON","nsubj"
1259,"Mrs. Arafat, who lives in Paris with her daughter, receives tens of thousands of dollars per month from the allegedly bankrupt Palestinian Authority, while a typical local ringleader of the Al-Aksa brigade, reporting to Arafat, receives only a cash payment of a couple of hundred dollars, for performing murders at the retail level.","who","who","PRON","nsubj"
1272,"Do you raid a mosque, which serves as a terrorist ammunition storage?","which","which","PRON","nsubj"
1274,"Do you storm a church taken over by terrorists who took the priests hostages?","who","who","PRON","nsubj"
1279,"Do you shoot an arch-murderer who deliberately moves from one location to another, always surrounded by children?","who","who","PRON","nsubj"
1281,"What do you do?","what","what","PRON","obj"
1285,"I leave it to you as homework to figure out what Spain or France would have done, in such a situation.","what","what","PRON","obj"
1289,"International law does not know how to handle someone who sends children to throw stones, stands behind them and shoots with immunity and cannot be arrested because he is sheltered by a Government.","who","who","PRON","nsubj"
1290,"International law does not know how to deal with a leader of murderers who is royally and comfortably hosted by a country, which pretends to condemn his acts or just claims to be too weak to arrest him.","which","which","PRON","nsubj"
1291,"The amazing thing is that all of these crooks demand protection under international law, and define all those who attack them as ""war criminals,"" with some Western media repeating the allegations.","who","who","PRON","nsubj"
1297,"What can we do about it?","what","what","PRON","obj"
1321,"It has an ideology which claims supremacy over Western culture.","which","which","PRON","nsubj"
1326,"Iran sponsors Syrian terrorism, it is certainly behind much of the action in Iraq, it is fully funding the Hezbollah and, through it, the Palestinian Hamas and Islamic Jihad; it performed acts of terror at least in Europe and in South America and probably also in Uzbekistan and Saudi Arabia and it truly leads a multi-national terror consortium, which includes, as minor players, Syria, Lebanon and certain Shiite elements in Iraq.","which","which","PRON","nsubj"
1331,"It is crucial to stop Saudi and other financial support of the outer circle, which is the fertile breeding ground of terror.","which","which","PRON","nsubj"
1333,"It is also important to act decisively against the campaign of lies and fabrications and to monitor those Western media who collaborate with it out of naivety, financial interests or ignorance.","who","who","PRON","nsubj"
1354,"According to senior counter terrorism officials, both here and abroad, among the supporters of these militant islamists were people who blended into society and were available to act when another part of the network requested it.","who","who","PRON","nsubj"
1363,"On August 9, 2004, it was announced that in the Spring of 2001, a man named El-Shukrijumah, also known as Jafar the Pilot, who was part of a ""second wave,"" had been casing New York City helicopters.","who","who","PRON","nsubj"
1371,"""The Prophet's guidance,"" says Michael Scheuer, an al-Qaeda analyst who recently retired from the CIA and once headed its Bin Laden unit, ""was always, Before you attack someone, warn them very clearly..."" The anthrax mailings followed the pattern of letters they sent in January 1997 to newspaper branches in Washington, D.C. and New York City, as well as symbolic targets.","who","who","PRON","nsubj"
1385,"Al Qaeda's regional operative, Hambali, who was at a key January 2000 meeting and supervised Sufaat, has been captured.","who","who","PRON","nsubj"
1390,"That would require someone who had access to the strain.","who","who","PRON","nsubj"
1401,"According to senior counter terrorism officials, both here and abroad, among the supporters of these militant islamists were people who blended into society and were available to act when another part of the network requested it.","who","who","PRON","nsubj"
1422,"A recently released islamist who had been a close associate of Zawahiri said that Zawahiri spent a decade and had made 15 separate attempts to recruit the necessary expertise to weaponize anthrax in Russia and the Middle East.","who","who","PRON","nsubj"
1425,"Significantly, the individual who isolated it nearly a quarter century ago (now retired), upon being contacted, does not even report that he necessarily sent the only copy of the strain to Ft. Detrick.","who","who","PRON","nsubj"
1436,"The reported finding at Dugway undermines the argument of both the ""bomb Iraq"" crowd and the liberals focused on Dr. Steve Hatfill who object to US biodefense research because they view it as being useful for offensive purposes.","who","who","PRON","nsubj"
1446,"Zacarias Moussaoui, who had a crop dusting manual when he was arrested, stayed at Sufaat's condominium in 2000 when he was trying to arrange for flight lessons in Malaysia.","who","who","PRON","nsubj"
1457,"Yet all you read about at the time was the arrest of the son Ahmed Abdul Qadoos, who receives a stipend from the UN for being officially low-IQ due to lead poisoning.","who","who","PRON","nsubj"
1477,"There still is a very hot pursuit of the ""Atta-level"" Floridian, Adnan El Shukrijumah, who Siddiqui is thought to have known and been assisting.","who","who","PRON","obj"
1482,"He may have been seen in Hamilton, Canada -- along with Egyptian al-Maati, who apparently also has received pilot training.","who","who","PRON","nsubj"
1492,"(His conclusion may have been based on the fake mobile biolab plans foisted upon the US by the Chalabi associate ""Curveball"", which Alibek divined to be identical to Russian mobile lab design).","which","which","PRON","obj"
1513,"Most of the ""talking heads"" on television, however, knew only that Daschle and Leahy were liberal democrats and did not know anything of Al Qaeda beyond what they read in the US newspapers.","what","what","PRON","obj"
1526,"The purpose of the letter bombs -- which resulted in minimal casualty -- was to send a message.","which","which","PRON","nsubj"
1542,"According to the controversial ""Feith memo,"" which summarized purported intelligence showing an Iraqi/Al Qaeda connection, Osama Bin Laden had asked Iraqi intelligence for technical assistance in sending letter bombs a half year before the Al Hayat letters were sent.","which","which","PRON","nsubj"
1558,"The sender probably is announcing that he is of either Egyptian Islamic Jihad, Egyptian Islamic Group or Jihad-al Qaeda, which is actually the full name of the group after the merger of the Egyptian Islamic Jihad and al Qaeda.","which","which","PRON","nsubj"
1562,"The public information mostly relates to those suspected sleepers who have been detained or who are at large and are being sought.","who","who","PRON","nsubj"
1565,"What mosques exactly did they visit and who did they meet?","who","who","PRON","obj"
1568,"First, the nature of such an investigation is that we lack sufficient information to second-guess (or even know) what the FBI is doing.","what","what","PRON","obj"
1616,"Just a quick message to follow up on the email that I sent you recently inviting you to speak at our forthcoming congress, Risk 2001 Australia, which is taking place in Sydney on 20 & 21 August 2001.","which","which","PRON","nsubj"
1696,"Who cares??????","who","who","PRON","nsubj"
1716,"What do you guys think.","what","what","PRON","obj"
1726,"What do you guys think.","what","what","PRON","obj"
1773,"The conference will also discuss what it will take in legislative action and regulatory initiative to achieve an efficient regime for ensuring that the nation has a reliable grid and regional trading system.","what","what","PRON","obj"
1777,"Who has the 2000 tax return file for 969?","who","who","PRON","nsubj"
1833,"Maybe this one should also go to them as the only tax which may have to be provided would be foreign tax.","which","which","PRON","nsubj"
1941,"This Friday - Michael goes for a visit at St. Francis, which may be his new school (so far, so good).","which","which","PRON","nsubj"
1943,"Most Fridays I'm going to TRY to pick Michael up since I'm away so much, which means leaving by 445 or so.","which","which","PRON","nsubj"
1957,"Do we want to attach a draft of the Development Agreement, and condition the final deal on agreeing to terms substantially the same as what's in the draft?","what","what","PRON","nsubj"
1960,"I'm looking for the confidentiality agreement, which may be in Bart's files (haven't checked closely yet).","which","which","PRON","nsubj"
1969,"Do we want to attach a draft of the Development Agreement, and condition the final deal on agreeing to terms substantially the same as what's in the draft?","what","what","PRON","nsubj"
1972,"I'm looking for the confidentiality agreement, which may be in Bart's files (haven't checked closely yet).","which","which","PRON","nsubj"
1994,"What are we going to get her?","what","what","PRON","obj"
2026,"I told him I told you to call him back and at least hear what he has to say.","what","what","PRON","obj"
2090,"We are in the final stages of this process - where we draft a cover letter for John which will introduce this for inclusion within Globalflash ( the Enron Europe newsletter )","which","which","PRON","nsubj"
2176,"They are hoping Corp will foot the bill for a pilot which will allow them to fully test this tool before implementing it company-wide.","which","which","PRON","nsubj"
2182,"Are whole offices (eg Tokyo) unreachable or is it only those who have home offices?","who","who","PRON","nsubj"
2238,"actually -for volumes flowing out of bondad-which is deal number 763736 price is bondad gda;for blanco-deal number 759933-price is nonbondad gda","which","which","PRON","nsubj"
2258,"actually -for volumes flowing out of bondad-which is deal number 763736 price is bondad gda;for blanco-deal number 759933-price is nonbondad gda","which","which","PRON","nsubj"
2310,"I'm still trying to find out what it will take to move gas on and ENA tabs agreement.","what","what","PRON","obj"
2340,"Can you tell the free world just what enabled women here to achieve this reversal of roles?""","what","what","PRON","nsubj"
2368,"We thought you might like to know who your colleagues find interesting, so we've provided a sampling of the suggestions below.","who","who","PRON","obj"
2381,"If you have any contacts who could help us get in touch with these guest speakers, please let us know at ethink@enron.com.","who","who","PRON","nsubj"
2443,"I shall invite some people who work on electricity in my group to join me.","who","who","PRON","nsubj"
2472,"what do you think?","what","what","PRON","obj"
2487,"We should allocate a piece to Global which would solve the problem of other Cargill people using the line, putting us over the limit, without me knowing...","which","which","PRON","nsubj"
2542,"The change is mainly on the Settlement Date text, which instead of ""...Two business days after the date of the Transaction..."" shall read as follow:","which","which","PRON","nsubj"
2566,"I was planning to be on vacation anyway, but I may have some accessibility challenges in Ft. Worth which I would not have had otherwise.","which","which","PRON","obj"
2582,"I was planning to be on vacation anyway, but I may have some accessibility challenges in Ft. Worth which I would not have had otherwise.","which","which","PRON","obj"
2610,"I was planning to be on vacation anyway, but I may have some accessibility challenges in Ft. Worth which I would not have had otherwise.","which","which","PRON","obj"
2656,"Peggy Banczak is the ENA lawyer who handles Mexico.","who","who","PRON","nsubj"
2699,"In the next week or so, we'll be sending around a discussion paper which we hope crystallizes the issues, and we will try to talk to as many of you as possible before the meeting to go through it.","which","which","PRON","nsubj"
2701,"There are three possible dates for the meeting, which I suggest be in two parts -- first, a meeting among the panel only from 5:00-6:30 p.m., and then a dinner with Chairman Levitt from 6:30-8:30 p.m.","which","which","PRON","nsubj"
2703,"Could you please let us know which of these would be possible for you:","which","which","PRON","nsubj"
2724,"Recently Charles Miller and David Dewhurst sent you an invitation to a reception which they are hosting on Wed. 6/14 at 5:00 PM to be held at the Houston Petroleum Club.","which","which","PRON","obj"
2818,"What's happening?","what","what","PRON","nsubj"
2823,"What do you think?","what","what","PRON","obj"
2872,"Let me know what you think.","what","what","PRON","obj"
2884,"Otherwise, we can see who we can scare up at the office, or you can have Laura sign and I'll initial later.","who","who","PRON","obj"
2885,"Which do you prefer?","which","which","PRON","obj"
2914,"Let me know what you think.","what","what","PRON","obj"
2924,"It is less complicated for me to initial and fax than to track down someone who doesn't know anything about it and get them to initial it.","who","who","PRON","nsubj"
2934,"Let me know which is easier and we can coordinate.","which","which","PRON","nsubj"
2941,"Otherwise, we can see who we can scare up at the office, or you can have Laura sign and I'll initial later.","who","who","PRON","obj"
2942,"Which do you prefer?","which","which","PRON","obj"
2971,"Let me know what you think.","what","what","PRON","obj"
3015,"I don't understand, what do you mean by ""log in an email""?","what","what","PRON","obj"
3022,"What do you think about your phone ocnversation with Unlce Ben (he was almost shocked)?","what","what","PRON","obj"
3057,"Our concern is that we don't want any trading related defaults to ever trigger a default under a loan transaction which has a swap as a component.","which","which","PRON","nsubj"
3100,"In any case, we have had some more time to do some exploring (and shopping), so we have some good ideas about what to do if you come.","what","what","PRON","obj"
3101,"I think that we will stay in Korea when your parents come and do the whole base thing (which will take only a few minutes, actually), but are considering going to China or somewhere during part of Thanksgiving.","which","which","PRON","nsubj"
3193,"I think it's a good idea since the provisional application is on file - Travis is the internal lawyer who has taken care of the patent application so he will have better ideas for where the words should be placed and appropriate look and feel (I would guess near the copyright notice and roughly equivalent size).","who","who","PRON","nsubj"
3259,"Ineos is an English company which has a majority of its operations in the US.","which","which","PRON","nsubj"
3338,"Attached are an original and blacklined copy of your form of guaranty, which reflect our comments.","which","which","PRON","nsubj"
3417,"We're gearing up for our 2001/02 recruiting campaign and we think your experience will help us define what works best and what can be improved in our process.","what","what","PRON","nsubj"
3433,"Also, would those of you who have not responded to me via email confirming your acceptance of the terms upon which our four companies have agreed to assume cost responsibility for the TCA work on this.","who","who","PRON","nsubj"
3460,"A formal invitation will follow to those who respond.","who","who","PRON","nsubj"
3504,"All the outside participants will be prompted to enter their access code, which is 600-480.","which","which","PRON","nsubj"
3516,"I would like to thank all of the parties who participated in this settlement process.?","who","who","PRON","nsubj"
3562,"Given the above, if you have adequate protection for the word ENRON (which covers the services that you offer on-line as well as your core activities), I'd say that another application for the words ENRON ONLINE is probably unnecessary.","which","which","PRON","nsubj"
3613,"We have received the amendment to the BC Gas ISDA Master executed by BC Gas, which adds the Canadian Securities Representation, so we don't have to add the rep into every confirm.","which","which","PRON","nsubj"
3625,"I spoke to Edmund to get the scoop on what we are going to be doing on the confirms for Credit Derivatives, and he said that his current understanding is that all of the confirms will be done out of London.","what","what","PRON","obj"
3677,"Despite the best efforts of IT, continuing problems with the AS400 application, a better understanding of the inconsistency between stock reconciliation reports, and concerns over the useability of the outright stock screen enquiry are such that I am currently not confident of delivering sufficient accurate information to AA to satisfy their audit requirements - which at a macro level is the transparent audit trail between stock and forward positions to full accounting values.","which","which","PRON","nsubj"
3683,"The creation of an incentive payment pool ( possibly via personal best awards ) for key Metals staff who continue to work exceptionally unsociable hours to meet the above stated objectives","who","who","PRON","nsubj"
3684,"The signoff for additional permanent 'Enron' headcount who will 'duplicate' certain key position control processes ultimately replacing some existing Traffic staff","who","who","PRON","nsubj"
3702,"Complexities surrounding the operation of the Off Balance Sheet Facility (""OBSF"") which commenced two weeks before the year end.","which","which","PRON","nsubj"
3704,"The discovery of a number of 'bugs' within the AS400 Merchanting code, arising from the release of OBSF designed functionality, which compounded the operational burden of supporting the OBSF.","which","which","PRON","nsubj"
3716,"A full internal balance sheet review will be completed within the Q1 audit timetable which incorporates","which","which","PRON","nsubj"
3764,"I am still sure that UT is the place for getting an excellent graduate-level education, so I want you to know that I am going to do what ever it takes to get in next year.","what","whatever","PRON","obj"
3783,"Please send me an excel spreadsheet which depicts the value that you see associated with the heat rate spread option.","which","which","PRON","nsubj"
3804,"Article 6 of the Gallup Compression Services Agreement (which I am sending to you separately) with ECS obligates ECS to ""work in good faith with CDEC"" to establish an automated system that would automatically have alerted us to peak loading conditions on CDEC's system.","which","which","PRON","obj"
3806,"We will fight with them about who owes the $200k that James mentions below based on their failure to ""assist"" us in managing the cost.","who","who","PRON","nsubj"
3808,"Do we have someone who is watching this out there?","who","who","PRON","nsubj"
3809,"We are running so full tilt on TW that we may not have as much flexibiltiy to manage this situation as we expected, but let me know what we can do.","what","what","PRON","obj"
3818,"We have not received access to this information which has resulted so far in additional electric cost of $200,987.33 for the period of July through September.","which","which","PRON","nsubj"
3871,"This particular chair is designed to help with back problems, which she has.","which","which","PRON","obj"
3885,"This particular chair is designed to help with back problems, which she has.","which","which","PRON","obj"
3900,"Who is responsible for completing all paperwork for entering a new market?","who","who","PRON","nsubj"
3902,"There have been some issues with getting everything coordinated lately and I wanted to make sure that we knew who was on point.","who","who","PRON","nsubj"
3938,"Can we visit about what went on with Ursula at the PRC meeting when you catch up?","what","what","PRON","nsubj"
3954,"Those who show up with complaints but cannot point to specifics are virtually ignored.","who","who","PRON","nsubj"
3955,"Those who show up and complain, but are not participating in the working groups and the daily Ercot phone calls, board meetings, etc. are ignored.","who","who","PRON","nsubj"
3976,"Enron needs to use this situation to quickly get our viewpoints up into the PUCT and ERCOT ISO on what is driving these problems and our proposed fixes.","what","what","PRON","nsubj"
3980,"Jean and Thane, I think that we need a FORMAL PLAN on what to do over the next 3 - 6 months to leverage this situation.","what","what","PRON","obj"
3988,"We envision a format that would provide a brief summary and analysis of the order, filing, etc. with a link to the source document as well for those who would like more detailed information.","who","who","PRON","nsubj"
3992,"What do I need to do?","what","what","PRON","obj"
3996,"I am forwarding for your attention the resume of Peter Percell who has an extensive experience in modeling physical flows of natural gas in pipeline systems.","who","who","PRON","nsubj"
4010,"Also, please let me know, by email, the names and contact information of other managers within Enron who might benefit from having someone with my qualifications in their group.","who","who","PRON","nsubj"
4170,"The price is quoted in US Dollars per unit of volume, which will be the Contractual Currency.","which","which","PRON","nsubj"
4269,"What do you think?","what","what","PRON","obj"
4272,"Please send me an email response about whether you and Michelle Cash are OK with what he's written.","what","what","PRON","obj"
4273,"After that, what do we do?","what","what","PRON","obj"
4326,"The Leads who are responsible for Associates are as follows:","who","who","PRON","nsubj"
4418,"Have you decided who will be assisting tax-wise for these two countries?","who","who","PRON","nsubj"
4432,"How about Friday, Sept. 17, at 9 am (Houston time) which is 11 am (Sao Paulo) time?","which","which","PRON","nsubj"
4451,"This call has been changed to 3 pm (Houston time) which is 5 pm (Sao Paulo time).","which","which","PRON","nsubj"
4472,"Can we reschedule the phone call for 9 am (Houston) which is 11 am (Sao Paulo) on Friday, Sept. 17?","which","which","PRON","nsubj"
4475,"The conference call has been rescheduled for Friday, Sept. 17 at 9 am (Houston) which is 11 am (Sao Paulo).","which","which","PRON","nsubj"
4482,"I am currently working on guidelines for Argentina which will address both physical and financial trading.","which","which","PRON","nsubj"
4698,"They are currently working on a bid (due 1/31) for the Medusa project which involves Murphy (operator), Agip and Callon in Mississippi Canyon Blocks #538 and #582.","which","which","PRON","nsubj"
4747,"What happened?","what","what","PRON","nsubj"
4753,"Which I then realized I missed.","which","which","PRON","obj"
4822,"11. In Events of Default, clause (a) refers to a dispute section which I'm not sure exists.","which","which","PRON","nsubj"
4831,"I have attempted to incorporate the changes that Jim has incorporated in our long form power agreement which ENA has suggested to date into the short form.","which","which","PRON","obj"
4990,"I was in a meeting last week and this was discussed (I don't remember if you were there or not) but I'm thinking that you may have already proceeded ahead for implementation which is great, thanks!","which","which","PRON","nsubj"
4994,"We can do a Popup notification along with changing the number on the Web page, we can also put out a Critical message which will send an Email to customers.","which","which","PRON","nsubj"
5007,"I was in a meeting last week and this was discussed (I don't remember if you were there or not) but I'm thinking that you may have already proceeded ahead for implementation which is great, thanks!","which","which","PRON","nsubj"
5011,"We can do a Popup notification along with changing the number on the Web page, we can also put out a Critical message which will send an Email to customers.","which","which","PRON","nsubj"
5041,"Please review and let me know what you think.","what","what","PRON","obj"
5048,"It will also require someone who is fairly mature in their own spiritual journey.","who","who","PRON","nsubj"
5049,"If you know someone who might fit the bill ask them to contact me and/or send me their resume.","who","who","PRON","nsubj"
5080,"My concern is that between now and then Dunn, the AG have the time and resources to make a heckuvalot of mischief, which could be detrimental to generators/marketers' claims.","which","which","PRON","nsubj"
5081,"Investors are asking what Edison intends for QFs and generators--asking about haircuts in particular--and Edison is side-stepping the questions.","what","what","PRON","obj"
5102,"A state Senate committee is set today to start serving 16 subpoenas on electricity producers and officials who manage California's energy grid to determine whether they acted in concert to manipulate energy prices.","who","who","PRON","nsubj"
5104,"Lawmakers and consumer groups allege that the events - directed by the man who heads the state's energy grid - fueled the California energy crisis, pushed the state into the power-buying business and helped make billions of dollars for power producers.","who","who","PRON","nsubj"
5110,"""The governor believes it was the defining moment, when what was a mounting problem turned into an instant crisis,"" Maviglio said.","what","what","PRON","nsubj"
5117,"What became known as the palace coup began on Oct. 26 when ISO board members voted for severe restrictions on the amount of money electricity producers could charge for power.","what","what","PRON","nsubj"
5125,"He said the main aim of the subpoenas will be to determine whether collusion occurred to ""fix"" prices, which would violate federal trade laws.","which","which","PRON","nsubj"
5129,"What was left in place was a $250 price cap established five months earlier.","what","what","PRON","nsubj"
5133,"Winter, who in his position as president and chief operating officer of the ISO, submitted a 50-page emergency request, asking federal officials to abolish the $250 price cap.","who","who","PRON","nsubj"
5135,"Neither the ISO board, which had established the price cap, nor the governor learned of Winter's actions until the cap had been removed.","which","which","PRON","nsubj"
5136,"In fact, the attorney who helped draft the emergency request, Charles Robinson, was in a meeting with representatives of the governor and ISO board members just hours before the filing was made.","who","who","PRON","nsubj"
5152,"Jan Smutney-Jones, who was the ISO board chairman at the time and executive director of a group that represents power generators, said Winter did not consult him about eliminating the price cap.","who","who","PRON","nsubj"
5155,"""He did what he thought had to be done at the time to keep the power flowing.""","what","what","PRON","obj"
5160,"""They (ISO management) did what any independent system operator would do.""","what","what","PRON","obj"
5161,"What Dunn's committee hopes to learn is why all these events transpired.","what","what","PRON","nsubj"
5163,"""We don't know why he did what he did, but we are eager to find out,"" Dunn said.","what","what","PRON","obj"
5192,"What say ye?","what","what","PRON","obj"
5221,"Justin, I have no knowledge of any bad faith actins Enron has pending inTexas but I will call Richard Sanders who manages domestic litgation here.","who","who","PRON","nsubj"
5273,"Richard - please let me know what we need to do next to file suit.","what","what","PRON","obj"
5286,"Richard - please let me know what we need to do next to file suit.","what","what","PRON","obj"
5326,"Please let me know what is possible, and feel free to give me a call if you have any questions (978-376-9004).","what","what","PRON","nsubj"
5358,"Look around you and notice all the mind numbing trailor trash cretins out there who should not be procreating, yet they do.","who","who","PRON","nsubj"
5359,"These are the people who keep Jerry springer on the air.","who","who","PRON","nsubj"
5360,"These are the kids who will destroy society, because of the crapfest the American family has become under the post hippie culture, you heard again.","who","who","PRON","nsubj"
5362,"Not so, Kids are what kids are and will do what they do.","what","what","PRON","obj"
5365,"It's the bad parents out there who fuck up their lives and dont seem to understand that once you decide to have kids, it is indeed time to grow up and be a responsible role model for those kids.","who","who","PRON","nsubj"
5368,"When you blame it all on society, there's noone to to take responsibility and all of a sudden you have generation of fucked up kids who are likley smoking, drinking, doing drugs, fucking the neighbor or some internet perv just because you are too lazy to see waht they're doing.","who","who","PRON","nsubj"
5382,"It looks like NASA is ready to sour again after it's devastating loss from the Columbia accident which occurred nearly two years ago.","which","which","PRON","nsubj"
5413,"When those lucky enough not to have Herpes create a climate of shame and indignity for those of us who do, not only are they hurting us, but they are hurting themselves.","who","who","PRON","nsubj"
5415,"What you project will always come back to either reward or haunt you.","what","what","PRON","nsubj"
5417,"Jesus said that what you do the least of the people you do to him.","what","what","PRON","obj"
5418,"What are you doing to the least of the people?","what","what","PRON","obj"
5462,"The Agel compensation plan includes the principles that ensure that promise can be fulfilled for those who work at it.","who","who","PRON","nsubj"
5480,"We now present the kaoshikii dance, which is excellent before and after yoga postures.","which","which","PRON","nsubj"
5539,"Dr. Fortier, an orthodontist, learned there was at least one polar bear in the central region of Baffin Island in July 2001 when he felt what he thought was a dog leaning on his tent wall.","what","what","PRON","obj"
5548,"Dr. Fortier threw a large rock at the bear, distracting it and allowing Parenteau to escape but it then turned on 25-year-old Patricia Doyon, who was in the same tent.","who","who","PRON","nsubj"
5560,"The bronze medal is given to people who ""risk their lives to an extraordinary degree while saving or attempting to save the lives of others.""","who","who","PRON","nsubj"
5602,"The project eventually was terminated but Larry and Bob decided to finish what they started and bring it to the world.","what","what","PRON","obj"
5612,"It represents a person who is repulsive in appearance and action and is barely human.","who","who","PRON","nsubj"
5635,"BUT they stated that they will take as long as it takes to work out all the bugs so who really know how long.","who","who","PRON","nsubj"
5652,"It was formed to allow many different guilds who were all strictly honorable to come together as a family and allow them many people to game with.","who","who","PRON","nsubj"
5678,"You who like the tough talk of Tough on Crime?","who","who","PRON","nsubj"
5679,"You who watch as budgets are cut in education and health care while you militarize a police force?","who","who","PRON","nsubj"
5681,"And what is there to show for it?","what","what","PRON","nsubj"
5686,"More like a cohesive society with a shared sense of purpose, who can identify Us and Them?","who","who","PRON","nsubj"
5690,"Please know that I have yet to meet a convict who wants their child to be a thief, an addict, a dealer, a prostitute, or a violent individual.","who","who","PRON","nsubj"
5712,"If sites next to you don't have what you want, contact your nearest comp.sources.unix archive, or the moderator.","what","what","PRON","obj"
5715,"Subject: What is ""food for the NSA line-eater""?","what","what","PRON","nsubj"
5726,"I came to know of you in my search for a reliable and reputable person to handle a very confidential business transaction, which involves the transfer of a huge sum of money to an account requiring maximum confidence.","which","which","PRON","nsubj"
5730,"This unsuccessful venture was soon followed by a falling-out with his Iraqi partner, who sought to acquire additional oil revenue sources in the neighboring emirate of Kuwait, a wholly-owned U.S.-British subsidiary.","who","who","PRON","nsubj"
5735,"Unfortunately, our partners from 1991 are not willing to shoulder the burden of this new venture, which in its upcoming phase may cost the sum of 100 billion to 200 billion dollars ($100,000,000,000 - $200,000,000,000), both in the initial acquisition and in long-term management.","which","which","PRON","nsubj"
5738,"Our distinguished colleagues in this business transaction include the sitting vice-president of the United States of America, Richard Cheney, who is an original partner in the Iraq venture and former head of the Halliburton oil company, and Condoleeza Rice, whose professional dedication to the venture was demonstrated in the naming of a Chevron oil tanker after her.","who","who","PRON","nsubj"
5775,"""Some sections of the city which are dry now could see nine or 10 feet (some 3m) of water,"" he said.","which","which","PRON","nsubj"
5787,"Survivors are being found all the time, including two children who lost their parents.","who","who","PRON","nsubj"
5796,"President George W Bush, who has cut his holiday two days short, has called on Americans to donate to the Red Cross or other organisations.","who","who","PRON","nsubj"
5834,"""The Senate Appropriations Committee used a somewhat controversial technique Tuesday to increase NASA's fiscal year 2005 budget by $200 million over what President Bush requested.","what","what","PRON","obj"
5849,"Let me put it this way - If you have watched TV recently, crossed a modern bridge, flown in an airplane, recieved any form of modern medicine, did any mathematics, drove a car, used a cellular phone, etc. then you have somehow directly reaped the rewards which NASA has returned to us.","which","which","PRON","obj"
5905,"Abby Freeman is our good friend who has non-Hodgkin lymphoma, and she needs your help!","who","who","PRON","nsubj"
5907,"Abby has three wonderful young children, and friends who love her and need her.","who","who","PRON","nsubj"
5912,"Bands, food, and prizes are sponsored by Beyond Control, who will be competing in the Band of the Year Contest at the River Front Festival in Cuyahoga Falls on July 1.","who","who","PRON","nsubj"
5913,"The winner of this competition will receive $5000, which Beyond Control hopes to win in order to donate it to the Abby Freeman fund.","which","which","PRON","obj"
5924,"The submarine incident was put down to a ""technical error"" by the Chinese government, which apologised to Japan.","which","which","PRON","nsubj"
5930,"It has invested $3 billion in the African country's oil industry, which supplies it with seven per cent of its needs.","which","which","PRON","nsubj"
5932,"A week before, China's second biggest state oil firm had signed a $70 billion deal for oilfield and natural gas development with Iran, which already supplies 13 per cent of China's needs.","which","which","PRON","nsubj"
5943,"China wanted an overland route through its own territory, which would give it ultimate control if hostilities broke out.","which","which","PRON","nsubj"
5949,"""If China's economy falters, which, in my view, appears increasingly likely, then commodity prices will plummet, and with them, the value of the assets that produce them,"" Jason Kindopp, Eurasia's lead China analyst, said.","which","which","PRON","nsubj"
6027,"It presents the case for marriage equality and states, “We are resolved that the State should not interfere with same-gender couples who choose to marry and share fully and equally in the rights, responsibilities, and commitments of civil marriage.”","who","who","PRON","nsubj"
6032,"(Since the Declaration is written as coming from “religious leaders,” people who don’t consider themselves “religious leaders” can sign as “Supporters of the North Carolina Religious Coalition for Marriage Equality.”)","who","who","PRON","nsubj"
6050,"Denial of the status of marriage to those who would freely accept its responsibilities creates legal and economic inequities and social injustice.","who","who","PRON","nsubj"
6058,"We are resolved that the State should not interfere with same-gender couples who choose to marry and share fully and equally in the rights, responsibilities, and commitments of civil marriage.","who","who","PRON","nsubj"
6061,"Likewise, a denial of state civil recognition dishonors the religious convictions of those communities and clergy who officiate at, and bless, same-gender marriages.","who","who","PRON","nsubj"
6100,"And the President becomes a Dictator, unrestrained by anything in the Constitution, backed up by the Armed Forces, which would be entirely under his personal control.","which","which","PRON","nsubj"
6111,"If you want to help, please send them to everyone you know who needs to read them.","who","who","PRON","nsubj"
6138,"China's ""is not a fly-by-night program,"" said Joan Johnson-Freese, an expert on national security who follows space developments in the Asian nation at the Naval War College in Newport, R.I.","who","who","PRON","nsubj"
6181,"Well, sure enough, when I heard the cats ""Meowing,"" I imagined the hellish moments these poor beautiful creatures of God were living, what went on in their tiny, sweet little minds, and decided that I want to do something about this torture.","what","what","PRON","nsubj"
6183,"I think for starters, myself and those of you who believe in God could say a special prayer for them.","who","who","PRON","nsubj"
6185,"I've pasted the email for those who haven't seen or would like to re-read it.","who","who","PRON","nsubj"
6188,"And what am I DOING about it?","what","what","PRON","obj"
6194,"I'm not sure if any of you know much about civet cats, but to brief those who might not know, I will quote James Rachels, author of World Hunger and Moral Obligation among many other animal rights-related books and articles.","who","who","PRON","nsubj"
6197,"If anyone wants the complete article, email me, as it is a very good article which no meat-eater can read and not sense their own hypocrisy.","which","which","PRON","obj"
6202,"What justifies this extraordinary mistreatment?","what","what","PRON","nsubj"
6231,"WELL GUESS WHAT!!!","what","what","PRON","obj"
6315,"Blue Planet: Who's afraid of Big Bad Wolf?","who","who","PRON","nsubj"
6346,"""There's a lot of impact on plants and they say, 'Who cares?'","who","who","PRON","nsubj"
6386,"Scientists can argue all they want about how many degrees Celsius -- or Fahrenheit -- the planet is warming and what the trend portends, but meanwhile Earth's plants, insects and animals are not waiting for the outcome.","what","what","PRON","obj"
6388,"It turns out one of the surest barometers of the warming climate is the response of the non-human natural world to changing conditions, and biologists who study the responses have been aware for some years the biosphere is acknowledging global warming.","who","who","PRON","nsubj"
6403,"Parmesan has spent much of her career studying the checkerspot butterfly, which migrates between Mexico and southern California.","which","which","PRON","nsubj"
6436,"The problem is whether one cares what happens to the polar bears, checkerspot butterflies and other unconsumables.","what","what","PRON","nsubj"
6450,"What will be the lasting effects of Hurricane Katrina and what can be learnt from the response?","what","what","PRON","nsubj"
6461,"What you see in New Orleans is a perfect example of the downfalls of the welfare system, a form of socialism that many in this country know is the true problem.","what","what","PRON","nsubj"
6483,"I don't believe that folks who believe that America is the land of opportunity will change their views from this recent news.","who","who","PRON","nsubj"
6484,"I have a friend who came here from Bulgaria after winning a green card in a lottery.","who","who","PRON","nsubj"
6488,"The countries which are giving to America to aid are a great example of the seed that America has sown through the years with other nations.","which","which","PRON","nsubj"
6500,"However, New Orleans also had many affluent people, people who left town early as they had the means.","who","who","PRON","nsubj"
6509,"Or will the nearly year-round snow be too much for those who have never experienced snow in their lives?","who","who","PRON","nsubj"
6512,"What will the federal government do to prevent inflation in the housing and building market?","what","what","PRON","obj"
6527,"What I heard was the Mayor of New Orleans, saying that he didn't order the buses or anything else to be used because he was waiting on someone else to tell him what to do.","what","what","PRON","obj"
6540,"For those who believe....................","who","who","PRON","nsubj"
6646,"The mysterious RAPHAEL Holinshed was named for the mysterious Neoplatonic Italian painter RAPHAEL Sanzio who painted _St.George Fighting the Dragon_ (1504-06)","who","who","PRON","nsubj"
6675,"A Spanish refugee, ANTONIO PEREZ, visited England in 1593 and became acquainted with Francis & ANTHONY Bacon, with whom for a time he seems to have been on terms of intimacy, which did not last very long, for the Spaniard developed so much affectation & bombast that he became unpopular in Court circles.","which","which","PRON","nsubj"
6736,"He could bear no longer that expressionless and motionless stare, which seemed to have a sort of impenetrable emptiness like the black depth of an abyss.","which","which","PRON","nsubj"
6743,"I was to see that the doors were open and the signal of a green or white light in a window which faced the drive was to give notice if all was safe or if the attempt had better be postponed.","which","which","PRON","nsubj"
6752,"I swear that he might have twisted it off had I understood what it would mean to Garcia.","what","what","PRON","obj"
6753,"Lopez addressed the note which I had written, sealed it with his sleeve-link, and sent it by the hand of the servant, Jose.","which","which","PRON","obj"
6754,"How they murdered him I do not know, save that it was Murillo's hand who struck him down, for Lopez had remained to guard me.","who","who","PRON","nsubj"
6765,"As the epithet of the government of Satan on that nation, the center of London, the so well-known Piccadilly Circus, takes it's name from an old brothel (the ""Piccadilla House"" which means ""The House of Sin""), disappeared nowadays.","which","which","PRON","nsubj"
6776,"Came the disintegration of the Beatles' minds with LSD which has caused, among others, schizophrenic lyrics such as ""I am the Walrus"" and incoherent schizophrenic musical expositions like ""Revolution number 9"".","which","which","PRON","nsubj"
6777,"At the same time, the devil acted through his other main puppets with ""Sympathy for the devil"" that was when the pact of the Rolling Stones with Satan took the life of the founder of the group, the guitarist Brian Jones (who refused to be a puppet of the devil), murdered by people sent by Mick Jagger, another assassin.","who","who","PRON","nsubj"
6782,"After George Harrison, said arrogantly in a video filmed in his studio at Henley on Thames: ""I want to talk about the divinity of man"", he was given throat cancer by GOD because of those words, which made metastasis and carried on to final death..","which","which","PRON","nsubj"
6802,"The Jewish marriage living to the right of George's house said that he is an arrogant person who does never return a greeting.","who","who","PRON","nsubj"
6805,"It is interesting to note that this company was made bankrupt by the British cinema industry due to the despotism and pedantry of George Harrison, who believed that the cinema industry would have worshiped him.","who","who","PRON","nsubj"
6833,"""The Berlin daily Der Tagesspiegel this week,"" continued UPI, ""quoted 'NATO intelligence sources' who claimed that the NATO allies had been informed that the United States is currently investigating all possibilities of bringing the mullah-led regime into line, including military options.","who","who","PRON","nsubj"
6876,"Sailing with the Roosevelt is the Tarawa Expeditionary Strike Force, which includes the USS Tarawa, the USS Austin, and the USS Pearl Harbor.","which","which","PRON","nsubj"
6960,"By Graydon Carter (excepted from ""What We've Lost"", published by Little Brown)","what","what","PRON","obj"
6976,"31 - Number of Bush administration appointees who are alumni of the energy industry (includes four cabinet secretaries, the six most powerful White House officials, and more than 20 other high-level appointees).","who","who","PRON","nsubj"
6998,"50- Percentage of screened workers at Ground Zero who now suffer from long-term health problems, almost half of whom don't have health insurance.","who","who","PRON","nsubj"
6999,"78 - Percentage of workers at Ground Zero who now suffer from lung ailments.","who","who","PRON","nsubj"
7000,"88 - Percentage of workers at Ground Zero who Now suffer from ear, nose, or throat problems.","who","who","PRON","nsubj"
7012,"79 - Percentage of the 11 September hijackers who came from Saudi Arabia.","who","who","PRON","nsubj"
7024,"$3,500 - Reward a group of veterans offered in 2000 for anyone who could confirm Bush's Alabama guard service.","who","who","PRON","nsubj"
7025,"600-700 - Number of guardsmen who were in Bush's unit during that period.","who","who","PRON","nsubj"
7026,"0 - Number of guardsmen from that period who came forward with information about Bush's guard service.","who","who","PRON","nsubj"
7029,"8 - Number of members of the US Senate and House of Representatives who have a child serving in the military.","who","who","PRON","nsubj"
7030,"10 - Number of days that the Pentagon spent investigating a soldier who had called the President ""a joke"" in a letter to the editor of a Newspaper.","who","who","PRON","nsubj"
7042,"10m - Estimated number of people worldwide who took to the streets on 21 February 2003, in opposition to the invasion of Iraq, the largest simultaneous protest in world history.","who","who","PRON","nsubj"
7055,"55 - Percentage of the Iraqi workforce who were unemployed before the war.","who","who","PRON","nsubj"
7056,"80 - Percentage of the Iraqi workforce who are unemployed a Year after the war.","who","who","PRON","nsubj"
7065,"90 - Percentage of detectors which give early warning of a biological weapons attack found to be defective.","which","which","PRON","nsubj"
7091,"79 - Number of Bush's initial 189 appointees who also served in his father's administration.","who","who","PRON","nsubj"
7096,"Pioneers were assigned numbers, which were included on all cheques, enabling the campaign to keep track of who raised how much.)","who","who","PRON","nsubj"
7104,"87 - Percentage of American families in April 2004 who say they have felt no benefit from Bush's tax cuts.","who","who","PRON","nsubj"
7106,"49 - Percentage of Americans in April 2004 who found that their taxes had actually gone up since Bush took office.","who","who","PRON","nsubj"
7107,"88 - Percentage of American families who will save less than $100 on their 2006 federal taxes as a result of 2003 cut in capital gains and dividends taxes.","who","who","PRON","nsubj"
7111,"2.3m - Number of Americans who lost their jobs during first three Years of the Bush administration.","who","who","PRON","nsubj"
7139,"2.4m - Number of Americans who lost their health insurance during Bush's first year in office.","who","who","PRON","nsubj"
7146,"85- Percentage of Indonesians who had an unfavourable image of the United States in 2003.","who","who","PRON","nsubj"
7148,"90 - Percentage of Americans who approved of the way Bush was handling his job as president on 26 September 2001.","who","who","PRON","nsubj"
7149,"67 - Percentage of Americans who approved of the way Bush was handling his job as president on 26 September 2002.","who","who","PRON","nsubj"
7150,"54 - Percentage of Americans who approved of the way Bush was handling his job as president on 30 September, 2003.","who","who","PRON","nsubj"
7151,"50 - Percentage of Americans who approved of the way Bush was handling his job as president on 15 October 2003.","who","who","PRON","nsubj"
7152,"49 - Percentage of Americans who approved of the way Bush was handling his job as president in May 2004.","who","who","PRON","nsubj"
7169,"268 Number of Bush-Cheney fund-raisers who had earned Pioneer status (by raising $100,000 each) as of March 2004.","who","who","PRON","nsubj"
7170,"187 - Number of Bush-Cheney fund-raisers who had earned Ranger status (by raising $200,000 each) as of March 2004.","who","who","PRON","nsubj"
7172,"85 - Percentage of Americans who can't Name the Chief Justice of the United States.","who","who","PRON","nsubj"
7173,"69 - Percentage of Americans who believed the White House's claims in September 2003 that Saddam Hussein was personally involved in the 11 September attacks.","who","who","PRON","nsubj"
7174,"34 - Percentage of Americans who believed in June 2003 that Saddam's ""weapons of mass destruction"" had been found.","who","who","PRON","nsubj"
7175,"22- Percentage of Americans who believed in May 2003 that Saddam had used his WMDs on US forces.","who","who","PRON","nsubj"
7176,"85 - Percentage of American young adults who cannot find Afghanistan, Iraq, or Israel on a map.","who","who","PRON","nsubj"
7177,"30 - Percentage of American young adults who cannot find the Pacific Ocean on a map.","who","who","PRON","nsubj"
7178,"75 - Percentage of American young adults who don't know the population of the United States.","who","who","PRON","nsubj"
7179,"53 - Percentage of Canadian young adults who don't know the population of the United States.","who","who","PRON","nsubj"
7180,"11 - Percentage of American young adults who cannot find the United States on a map.","who","who","PRON","nsubj"
7181,"30 - Percentage of Americans who believe that ""politics and government are too complicated to understand.""","who","who","PRON","nsubj"
7184,"23m - Number of Evangelicals who voted for Bush in 2000.","who","who","PRON","nsubj"
7185,"50m- Number of voters in total who voted for Bush in 2000.","who","who","PRON","nsubj"
7186,"46 - Percentage of voters who describe themselves as born-again Christians.","who","who","PRON","nsubj"
7211,"You shouldn't ask this question it's intimidating, if i tell you what people knows about Philippines you will blush, thank god many thinks i'm japanese just because of the way i keep myself, the way i talk and treat people, and the way i dress, so if you don't want nasty, insulting answers especially from those undesirable migrants like puttagenius, caloy, gro science, and irene.","what","what","PRON","obj"
7212,"In fact Philippines is famous to accept people like these people i mentioned whose not filipinos but helping the Philippines to plunge in the pit as they are the rot of the country.","who","who","PRON","nsubj"
7218,"The L.I.T is so close to Moyross, yet again the ppl who talk sh*t about Moyross still go there.","who","who","PRON","nsubj"
7275,"please help me..and what should i do to fix this problem?","what","what","PRON","obj"
7352,"If not, what is?","what","what","PRON","nsubj"
7364,"I'm not gonna say who, they are on now.","who","who","PRON","obj"
7376,"iguzwhat lol","what","what","PRON","obj"
7387,"Yes obviously the USB is region free which means you can use it anywhere.","which","which","PRON","nsubj"
7396,"I am nervous that my other fish will eat them, and I don't know what to feed them!","what","what","PRON","obj"
7416,"The person who best explains this, and helps me out the best with my question will be REWARDED WITH TEN POINTS!!!!!!!","who","who","PRON","nsubj"
7450,"Useful for younger kids who do not have big enough hands or the ability to handle two reins independently.","who","who","PRON","nsubj"
7467,"It's around $100 less, which means you get the same camera but quicker!","which","which","PRON","nsubj"
7474,"took a bit of searching to discover that POP is probably PoP - plaster of Paris and yes plaster of Paris will slow way down if it is not exposed to air - in fact, if you are building up plaster (""the way you would icing"") to do sculpting, which is rather uncommon, you keep the set plaster damp in order to add more unset plaster or you have to wet the area where you will be adding plaster ""mud""","which","which","PRON","nsubj"
7486,"I have a dwarf hamster who HATES his wheel and doesn't use it -","who","who","PRON","nsubj"
7506,"my name is Josalyn Leainne Creek and i'm 19 years old and i graduated from high in May adn of this year and i love animals and i'm great at working and i had drama in my last job which was mcallister's deli and i', a mormon and i hvae changed to be a better person that pwople are wanting to hirier and i'm willing to work whenever you need me but i go to church on every sunday and i have a doctor's appointment this thursday at 2;30 and i hope you h=guys hirier me because i work very hard and i dont care about how much you guys pay and i've been looking for a job ever since i have graduated and i hate drama","which","which","PRON","nsubj"
7583,"What do other Holga owners do when they need to change film when they are traveling?","what","what","PRON","obj"
7600,"My argument is it's art and therefore should not be censored he's making us censor it who's right","who","who","PRON","nsubj"
7606,"Your teacher knows what goes on in your community and wants to keep her job.","what","what","PRON","nsubj"
7621,"I have never eaten at the ones you have listed nor do I know of anyone who has.","who","who","PRON","nsubj"
7660,"what do I feed it?","what","what","PRON","obj"
7663,"What should I feed it?","what","what","PRON","obj"
7717,"depends what you want from ""B&W""... many programs will use a generic B&W...","what","what","PRON","obj"
7718,"try something like photoscape which has different options...","which","which","PRON","nsubj"
7741,"I've had a lot of cats who refused to eat the canned food.","who","who","PRON","nsubj"
7810,"I'm looking for suggestions from anyone who knows the philly area and the where to's.","who","who","PRON","nsubj"
7825,"Any and all suggestions on what I need to do and buy will help.","what","what","PRON","obj"
7884,"I hope somebody understands what I mean","what","what","PRON","obj"
7924,"I'd be happy if someone helps, especially someone who has been to Fujairah or lives there. :)","who","who","PRON","nsubj"
7967,"According to a couple sources, the world record for the oldest cat was a cat in Devon, England who reportedly live to the age of 36.","who","who","PRON","nsubj"
7972,"What do I do?","what","what","PRON","obj"
8011,"I have a kitten who just turned 3 months today.","who","who","PRON","nsubj"
8061,"they will move if they get too warm-it's not like a heat rock which you should avoid at all costs.","which","which","PRON","obj"
8069,"What are good places to eat brunch at? ?","what","what","PRON","nsubj"
8107,"SOLAS (Safety Of Life At Sea), which is an international maritime treaty, came about in response to the tragedy of the Titanic.","which","which","PRON","nsubj"
8130,"Otherwise, you can do what you can do in other parts or Japan, like shopping, eating, etc.","what","what","PRON","obj"
8138,"There's the market in Naha, which is great.","which","which","PRON","nsubj"
8151,"1) what thes difference between a modern m16 and Vietnam m16?","what","what","PRON","nsubj"
8212,"The nearest towns to the site are Puerto Iguazu in Argentina, about 12 miles from the falls, and Foz do Iguaçu in Brazil, which is equally close.","which","which","PRON","nsubj"
8301,"What could be the issue and can I try some home remedies first?","what","what","PRON","nsubj"
8308,"Given the chance your cat may only have one kidney, I would think the worst case scenario would be kidney disease, which untreated can lead to possible renal failure.","which","which","PRON","nsubj"
8327,"Here is what they posted there","what","what","PRON","nsubj"
8340,"I'm mad and don't know what to do!","what","what","PRON","obj"
8358,"And, having only two days makes you realize what you have with your family.","what","what","PRON","obj"
8377,"I'm American and I am going to the UK for the first time, what should I expect?","what","what","PRON","obj"
8386,"I honestly have no idea what to expect or prepare for and calling in to get professional advice from either of the embassies costs by the minute- which I really don't have the money for.","what","what","PRON","obj"
8392,"Above is the link to the Department of State travel website, which will give you all the info that you need, including passport information.","which","which","PRON","nsubj"
8402,"What would you get if you cross a sussex male and a silkie female?","what","what","PRON","obj"
8403,"i had a sussex male and a pekin female i bought 2 silkies what would the sussex female and the silkie females would make ?","what","what","PRON","obj"
8413,"Skin Color: Silkies have black skin color, which is dominate.","which","which","PRON","nsubj"
8414,"Sussex have White Skin which could be recessive or dominate.","which","which","PRON","nsubj"
8420,"Comb Type: Silkies have walnut combs which is actually genetically two comb types (Rose and Pea) single is also there, but is recessive.","which","which","PRON","nsubj"
8430,"What do you think of these photos?","what","what","PRON","obj"
8432,"What do you think of these photos?","what","what","PRON","obj"
8460,"The Pioneers was an organization started at the end of the 19th century which pushed and supported the ideal of temperance (abstaining from alcohol), in an attempt to deal with the massive issue of alcoholism that Ireland was gripped by.","which","which","PRON","nsubj"
8480,"The pictures are broadcast at a rate of about 60Hz, which is how fast they need to move for us to see them as a moving, flawless picture.","which","which","PRON","nsubj"
8495,"Remember that you get what you pay for.","what","what","PRON","obj"
8501,"Since then, I now use a professional horse hauling service with people who ride with my horse to keep an eye on him, stop every few hours for water, and their trailers all have super smooth suspension.","who","who","PRON","nsubj"
8546,"San Francisco was settled in the 19th and 20th century by mainly European immigrants except for some Asian workers who were manual laborers.","who","who","PRON","nsubj"
8551,"EDIT: My memory may not be good so you might get a more accurate answer from someone else who remembers the time.","who","who","PRON","nsubj"
8575,"what am I doing wrong","what","what","PRON","obj"
8585,"I bet you also did take charcoal as it is used for barbecue which does not get as hot as real coal (e.g. for blacksmithing one needs coal, not barbecue charcoal).","which","which","PRON","nsubj"
8589,"Brass melts at just under 2000F which is a bright yellow heat, not red hot.","which","which","PRON","nsubj"
8597,"Even if you buy a cake in a bakers you can not be too what happens in the kitchen, for example the cake may have been sliced using a knife used for preparing ham.","what","what","PRON","nsubj"
8641,"My Snake's meal is TOO big, what can I do?","what","what","PRON","obj"
8661,"My opinion - take it for what it's worth… :-)","what","what","PRON","obj"
8701,"Last thing is every time I sit on a chair or something higher than him, he will try to jump on, if he can't, he will bark all the time until I let him get on, what should I do with this ?","what","what","PRON","obj"
8705,"You need to purchase what is called a shoulder point harness.","what","what","PRON","obj"
8720,"try to train him to heel, which means to walk round you before he needs to go on a leash, and he may do that.","which","which","PRON","nsubj"
8765,"Depends on what you want in a pet, to be honest.","what","what","PRON","obj"
8839,"You just need basic information, and answer a few questions like what hospital was the child born at/who was the doctor....","who","who","PRON","nsubj"
8850,"I add that in because there have been some people who have tried to claim citizenship by sending for their birth certificate when they were never really born in Canada or to Canadian parents.","who","who","PRON","nsubj"
8856,"i want to know which you liked better and WHY?","which","which","PRON","obj"
8882,"Pools The Mariner of the Seas and Liberty both had salt water pools - which most cruise ships have.","which","which","PRON","obj"
8910,"What do you like to do?","what","what","PRON","obj"
8928,"Once you have a budget or an amount in the bank then you'll be able to figure out where you can go, for how long you can go and what you can do when you're there.","what","what","PRON","obj"
8984,"...but basically, what I do is the same thing I did with my puppy...lots of patience, lots of time, lots of praise, lots of treats, and lots of repition....Right?","what","what","PRON","nsubj"
9005,"Have patience with him, you just got him and who knows how he was treated before you brought him home.","who","who","PRON","nsubj"
9054,"Here is what I do now and it really helps....","what","what","PRON","nsubj"
9075,"What to feed my dog after gastroenteritis?","what","what","PRON","obj"
9085,"I have tryed to give him water but he wont take it.. what should i do?","what","what","PRON","obj"
9090,"I feel like shit for saying that but after what they have done already i wont be buying grocerys for the next few weeks.","what","what","PRON","obj"
9091,"I will give them and call and see what they say.","what","what","PRON","obj"
9105,"From there you end up with electrolyte imbalances, which can lead to heart and kidney problems.","which","which","PRON","nsubj"
9120,"You should call your vet now and ask them what is normal or not.","what","what","PRON","nsubj"
9139,"What you have read in the internet is fairly accurate but of course it does not fit all scenarios.","what","what","PRON","nsubj"
9145,"At parties she does not want to be considered in any way attached to you, which is consistent.","which","which","PRON","nsubj"
9150,"What I have to add is that it is normal in France to have mixed gender groups of friends, there's nothing unusual in boys and girls being only friends, which is obviously what this girl wants from you.","which","which","PRON","nsubj"
9196,"And they'll probably add interest to what you've already racked up.","what","what","PRON","obj"
9197,"And they're working towards being able to extradite people who have left the country to avoid paying it back.","who","who","PRON","nsubj"
9201,"I guess I'm extremely fortunate that I received a scholarship which paid about 800f my course fees through my degree.","which","which","PRON","nsubj"
9203,"There are far too many lazy people out there who think that they can sit around a job will fall in their lap.","who","who","PRON","nsubj"
9234,"i am very discouraged and sad and i don't know what to do.","what","what","PRON","obj"
9311,"This left Westmoreland with few options, so he adapted a Search and Destroy strategy instead of a Clear and Defend strategy which is, in the long run, the preferred method of pacifying an insurgency.","which","which","PRON","nsubj"
9313,"The ARVN was not having a big problem with the Local VC (the guerilla movement), they were being challenged by the Main Force VC (which was light infantry) and the North Vietnamese Army (NVA).","which","which","PRON","nsubj"
9323,"What happened?","what","what","PRON","nsubj"
9361,"UVB will always be a separate bulb from the heat lamp, unless you use a MVB (mercury vapor bulb) which is the only reptile use bulb that will emit both UVB and heat from one bulb.","which","which","PRON","nsubj"
9366,"The person at Petsmart is very wrong; in fact it is always a good idea to second guess what most pet store employees tell you; they don't have the best track record regarding giving reliable pet care info.","what","what","PRON","obj"
9446,"(do not take away the food dish from the birds, they will associate you as the person who takes away their food)....","who","who","PRON","nsubj"
9480,"The Irish weather works on the ‘four seasons in a day’ principle, which basic­ally means that you can’t predict a thing when it comes to the behaviour of the sky.","which","which","PRON","nsubj"
9483,"It is also peak tourist season, which means there are far more people just about everywhere but the most remote corners of the island, and prices are at their highest.","which","which","PRON","nsubj"
9489,"Crowds are at their thinnest, but many of the country’s tourist attractions and services close down in October and don’t reopen until Easter, which paradoxically leaves visitors with a more convincing taste of how Ireland is experienced by most of the Irish: it’s cold, grey and dark by 5pm, but there’s always a pub to escape into when the rain starts sheeting down.","which","which","PRON","nsubj"
9625,"Each evening you will get a 'magazine' called The Navigator which lists all of the activities for the next day.","which","which","PRON","nsubj"
9641,"Obviously they had a full beverage list including alcohol for adults who wanted it.","who","who","PRON","nsubj"
9673,"The only reason I switched away from them in the first place is because my good friend who apprenticed with them was starting out on his own.","who","who","PRON","nsubj"
9675,"Which, I might add is the same foot that keeps crumbling with the nails.","which","which","PRON","nsubj"
9700,"When I was Younger In my early 20s My farrier was A hottie named Joby..( for those who don't Know I AM A GIRL read my Bio on my Page) dumb as a post about everything But horses..","who","who","PRON","nsubj"
9721,"Here's what the owner has said:","what","what","PRON","nsubj"
9737,"So I might get the horse and see what I can do.","what","what","PRON","obj"
9751,"I posted what the owner as said in paragraph 2 & 3, that is not me to clarify.","what","what","PRON","obj"
9757,"The owner is the one who is unable.","who","who","PRON","nsubj"
9758,"I will also be having my other vet up who's a chiro & acupuncturist to evaluate him for wobblers.","who","who","PRON","nsubj"
9760,"He's only exhibited weight loss and some muscle atrophy, with the slight toe drag and a bit of trouble with the right lead (which could or couldn't be related).","which","which","PRON","nsubj"
9769,"At the same time I do know people who have had horses come back successfully after EPM.","who","who","PRON","nsubj"
9782,"If so go for it and I'll give you all the moral support I can as you figure out what is up.","what","what","PRON","nsubj"
9804,"Let us know what you decide to do.","what","what","PRON","obj"
9808,"If you have a good repoire (which I'm sure you do) with them, they should be honest on if this horse is fixable to any degree... not really sure what you want to do with him...","what","what","PRON","obj"
9809,"Even if you can figure out what is wrong with this poor poneh, there is always the chance for remission and then relapse so you may have to do deal with again in the future.","what","what","PRON","nsubj"
9825,"He didnt prescribe pain meds or other drugs, he used his bodytalk method which is unusual but the results are undeniable.","which","which","PRON","nsubj"
9827,"He knows what hes doing.","what","what","PRON","obj"
9931,"Good beer good service and what more could you want.","what","what","PRON","obj"
9976,"Who can pass up a hot towel and a straight edge neck shave!","who","who","PRON","nsubj"
10018,"Overall, Joe is a happy camper who has found a great spot.","who","who","PRON","nsubj"
10077,"Their selection is random, so what they have on a given week might never be available again at the store.","what","what","PRON","nsubj"
10083,"The staff was very helpful and gave me exactly what I needed for my first time ballerina.","what","what","PRON","obj"
10117,"The dude who grills the retarded dogs is rude.","who","who","PRON","nsubj"
10126,"What you get is a $13/day charge to access the internet through a slow 512/512kb/s that you can only use to check email etc (Read: No downloading).","what","what","PRON","nsubj"
10161,"I go every other week for the shallac/gel manicure which is only $25 and it truly lasts 2 weeks!","which","which","PRON","nsubj"
10273,"He was prompt, knowledgable, friendly, clean and just an overall great guy who obviously cares about his business.","who","who","PRON","nsubj"
10293,"Beats having one ""cleaning lady"" who took twice as long and did not do a very through job like the ""maids"" did!","who","who","PRON","nsubj"
10312,"I also ordered the Neptune Platter which was awesome... so this place gets 5 out of 5 stars.","which","which","PRON","nsubj"
10384,"To my surprise $20 deposit.... New movies not on shelf..under the counter for Telugu Speaking people only... or people who spend $30 or more groceries..","who","who","PRON","nsubj"
10396,"FITNESS UNLIMITED is a second home to a lot of us gym members who work out daily.","who","who","PRON","nsubj"
10458,"Plus she plans a monthly breakfasts and other events at the clubhouse which is a nice added benefit.","which","which","PRON","nsubj"
10462,"One guy is a little surley, but who gives a crap as long as your car's work is outstanding.","who","who","PRON","nsubj"
10468,"The prices were worth what I got.","what","what","PRON","obj"
10485,"I was feeling the need for some fish so I had the salmon which was very good but the steaks looked amazing and if I am in town again, I'll definitely order a steak.","which","which","PRON","nsubj"
10521,"I called and asked about the price for hair updo and the receptionist or owner who aswered the phone refused to tell me, or even just give me an approximate price range.","who","who","PRON","nsubj"
10536,"Boutique stores dealing in children's clothing/gifts are often outrageously priced (who wants to pay 40 dollars for a newborn onesie?)","who","who","PRON","nsubj"
10572,"The husband and wife who run this spot are lovely people.","who","who","PRON","nsubj"
10619,"They were very friendly and were able to explain me exactly what was wrong with it.","what","what","PRON","nsubj"
10633,"Both were excellent sales men who put my needs first.","who","who","PRON","nsubj"
10644,"Firstly, the other reviewer clearly has never been to Nick's, or he would know that Nick only charges $13 for a haircut which is pretty much industry standard.","which","which","PRON","nsubj"
10673,"Dave is a patient and methodical teacher, who has a great ear and sensitivity for his students' passion and the direction they want their lessons to take.","who","who","PRON","nsubj"
10791,"Nobody should be spoken to like that regardless of how bad their day may have been or what may be going on in their private lives!","what","what","PRON","nsubj"
10812,"Coming from a person who hates the dentist in general, Dr. Taylor was the best!","who","who","PRON","nsubj"
10891,"Which was very expensive.","which","which","PRON","nsubj"
10903,"They sent over someone who said he knows nothing about curtains and could not show me fabric options or give an estimate.","who","who","PRON","nsubj"
10949,"I would appreciate reviews from anyone who has worked with me before in the mental health setting.","who","who","PRON","nsubj"
10991,"I highly recommend the four-course tasting menu, which gives you plenty of range and food to satisfy your appetite.","which","which","PRON","nsubj"
11025,"The neon lighting sign still said ""on"" yet some guy who seemed to be the oldest of the bunch, more like the drunkest of the bunch told me they'd be open tomorrow.","who","who","PRON","nsubj"
11058,"Holly is very experienced and talented, and I could tell she new what she was doing right off the bat.","what","what","PRON","obj"
11065,"The family suite was basically two rooms with a small opening between them which worked great for us because we were two families traveling together.","which","which","PRON","nsubj"
11068,"I was born and raised in Toronto, which has a huge West Indian (Trinidadian, Jamaican, etc) population.","which","which","PRON","nsubj"
11084,"all of the pho places taste the same to me, so what seperates one from the other is the service and the price.","what","what","PRON","nsubj"
11108,"I explained to him what I wanted and that I previously went to Braman Honda.","what","what","PRON","obj"
11118,"Eagle Transmission determined that much of the work the dealer said needed to be done was unneccesary and what needed to be fixed was only $400!!","what","what","PRON","nsubj"
11136,"During the session, he demanded to have my physical address, which I've always kept private as I am enrolled in a witness protection program.","which","which","PRON","obj"
11147,"I would encourage anyone who is thinking of back surgery, to talk about different treatment options first with Dr. de Barros.","who","who","PRON","nsubj"
11149,"You can see different treatments that a surgeon can't see, so that you can have several treatment options before you decide what to do.","what","what","PRON","obj"
11153,"I regularly request Kim's business cards as I am often stopped on the street and asked ""Who does your hair...I LOVE it!!!""","who","who","PRON","nsubj"
11175,"I am so glad that I called in to see Ana, she is a lovely girl who showed nothing but care and compassion towards me.","who","who","PRON","nsubj"
11244,"Huge selection and, great suggestions from the staff and they refer you to reliable places if they don't have what you need.","what","what","PRON","obj"
11266,"i was looking for a car but did not really know what i wanted and they were very helpful and took the time to first figure out what my needs were and showing me various options to meet those needs.","what","what","PRON","obj"
11282,"I shopped it around and they were extremely competitive in pricing and also added nitrogen to my tires which should extend the life and get me better gas mileage.","which","which","PRON","nsubj"
11333,"i had to call back up there two hours later and the lady (who claimed to be a manager) said my food was on the way, and she didnt offer to compensate me in any kind of way.","who","who","PRON","nsubj"
11335,"in my opinon this place should be shut down by the health inspector, and anyone who is satisfied with there service and food has never eaten at a real asian restaurant.","who","who","PRON","nsubj"
11381,"I guess you get what you pay for.","what","what","PRON","obj"
11387,"When I finally found someone at the desk who could speak English, they moved our room, but we still did not receive the single queen we had ""reserved""","who","who","PRON","nsubj"
11392,"They had the work done in about half the time quoted which made me and my wife extremely happy.","which","which","PRON","nsubj"
11393,"We have had nothing but compliments on our bathroom when guest come over- who would have guessed that one?","who","who","PRON","nsubj"
11411,"Who knows how much they want me to pay to fix this thing.","who","who","PRON","nsubj"
11434,"Sierra was my stylist and i love what she did.","what","what","PRON","obj"
11438,"But she did a fabulous job letting me know what she was doing at all times and styled my hair in a way i could do it at home.","what","what","PRON","obj"
11473,"We can not wait to go back to Santa Fe and to this great B&B...especially my 4 year old, who made friends with Ms. Sue and all the ladies, and has talked about them since we left!","who","who","PRON","nsubj"
11492,"None of us will be using their services again, which is a shame.","which","which","PRON","nsubj"
11496,"The office is shared with a foot doctor and it's very sterile and medical feeling, which I liked.","which","which","PRON","obj"
11508,"It is next to Gare du Nord and a five minute walk to Sacre Coeur which is excellent for shopping.","which","which","PRON","nsubj"
11513,"They certainly know what they are doing.","what","what","PRON","obj"
11521,"All were awesome, & I had a Dogwood Grilled Cheese which was enjoyable with the fine beers.","which","which","PRON","nsubj"
11596,"They may look young but don't let that fool you, as their knowledge of music far surpassed what we expected.","what","what","PRON","obj"
11627,"Which is so dumb.","which","which","PRON","nsubj"
11635,"The office refused my requests to see what they got from BC/BS.","what","what","PRON","obj"
11682,"I've spoken to vendors who are used by them who had nothing good to say about the company as well and in fact were afraid to quote events against them even though they openly admitted that they felt Canadian Outback was pricing their entertainment out of the market and doing more to hurt their business than help them.","who","who","PRON","nsubj"
11696,"My boyfriend and I were woken up in the middle of the night at our campsite by drunken kids who'd arrived around 1:00 am and were drinking at the springs.","who","who","PRON","nsubj"
11708,"For those who care, a good proportion of the my class went on to 4-year colleges, many of them ranked in the top 50 of US News.","who","who","PRON","nsubj"
11724,"They bake bread fresh daily, they don't press their sandwiches which is the way I like it, and the meat is always fresh.","which","which","PRON","nsubj"
11736,"Not what i expected!","what","what","PRON","obj"
11750,"Every time we go they seem to have a different ingredient or two which keeps things interesting.","which","which","PRON","nsubj"
11762,"Before treatment, my food cravings were ""out of control"" which caused me to be stressed out.","which","which","PRON","nsubj"
11777,"The theatre is in an old brick warehouse, which is a block away from the Flying Squirrels stadium.","which","which","PRON","nsubj"
11778,"The owners of Bowtie manged to add something new while preserving what was already there.","what","what","PRON","obj"
11780,"There's plenty of parking, and I've never had an issue with audience members who won't stop talking or answering their cellphones.","who","who","PRON","nsubj"
11806,"I took the weekend off and came in and asked for the manager who is Jeff and he remembered her right away even remembered her dog, I was a bit shocked that someone would pay that close attention.","who","who","PRON","nsubj"
11821,"Either these people don't know anything about what they are renting, or worse- they are bait and switching.","what","what","PRON","obj"
11834,"In this day its rare to find such wonderful people who CARE , Not the kind of want to make cash.","who","who","PRON","nsubj"
11891,"Guess what, was not in the initial agreement as well.","what","what","PRON","obj"
11907,"He was referred to me by a friend, who didn't have the best experience with Ted, but said that Ted was able to make up for his lack of preparedness at the end.","who","who","PRON","nsubj"
11911,"He brought fabric books, and pictures of furniture only, which all came way over budget.","which","which","PRON","nsubj"
11921,"After a good few minutes, he asked: ""what do you want?""","what","what","PRON","obj"
11949,"Ok I am a New Yorker who has been going to school in Oxford, England.","who","who","PRON","nsubj"
11966,"When it came time to pay the bill up front, they would not let me use any of the certificate for a tip (which I have done with any other restaurant I've gotten a gift certificate for.)","which","which","PRON","obj"
11982,"I HAD TO ASK THE GIRL WHO BROUGHT MY FOOD AND SHE NEVER CAME BACK TO LET ME KNOW.","who","who","PRON","nsubj"
12055,"He preceded to grab the slice off the countertop and throw it into the trash while yelling at me saying, ""you do not order what you do not know about"" and ""you don't know how pizza is made"".","what","what","PRON","obj"
12062,"That little man who thinks he invented pizza can kiss my *ss.","who","who","PRON","nsubj"
12075,"We were introduced to Bistro Tallulah by traveler-professional diner who happens to own the Adelphi Hotel and travels the world-- and residing in Paris,London, New York the rest of the year.","who","who","PRON","nsubj"
12080,"This chef knows what he is doing.","what","what","PRON","obj"
12116,"Well I was in for a treat when I was greeted by the friendly girls at the counter who asked if my wife and I would like to sit in their ""new"" dining room.","who","who","PRON","nsubj"
12145,"Well we have been working with Ulistic for 1.5 months, and have 100 people following our site on Facebook, and our web site, www.designofashion.com has seen a 3 fold increase in traffic, which is significantly beating our expectations - SEO is a process that takes time and to get results this quickly is exceptional.","which","which","PRON","nsubj"
12157,"Lo and behold, they replaced the screen (which had to be ordered) yesterday and didn't charge me a dime.","which","which","PRON","nsubj"
12194,"They were abrasive and rude - when they were the ones who messed everything up.","who","who","PRON","nsubj"
12212,"And what did we expect...that he bench test every part.","what","what","PRON","obj"
12226,"I explained I did not get what I paid for.","what","what","PRON","obj"
12235,"I signed up with one of the staff who was very pleasant and professional.","who","who","PRON","nsubj"
12255,"What was I supposed to do, say I can't afford you and walk out with crap all over my hair.","what","what","PRON","obj"
12256,"I wanted to be very blonde and instead he pulled my root color throughout my whole hair which is a gross mousey brown.","which","which","PRON","nsubj"
12271,"Working with Rod Jacobsen was my first experience working with a CPA, so I did not know what to expect.","what","what","PRON","obj"
12278,"However, now that I have come to realize that I am going to owe the IRS $6,000+ despite doing exactly what Rod told me to do, I feel I have to voice my opinion.","what","what","PRON","obj"
12291,"The guy who was cutting me the deals and getting me the furniture quickly, Ahmed, was nice and mostly professional, except the semi-sketchiness.","who","who","PRON","nsubj"
12302,"It has been 3 weeks and I STILL don't have my table (which was NOT cheap, I might add).","which","which","PRON","nsubj"
12312,"I spent $2300 on the bedroom suite, which was complete and excellent condition on the showroom floor.","which","which","PRON","nsubj"
12375,"Even my PA i went to the other day said ""it must by comforting to have gone to a heart surgeon like him who will do nothing for you"".","who","who","PRON","nsubj"
12377,"If you want a doctor who will lie to you and say he will operate and then change his mind, and not know what he is talking about when he recommends procedures at other hospitals and says they are what you need, when they will not work for you, go to this doctor...he is the one for you.","who","who","PRON","nsubj"
12378,"What you can learn from the below 'bad experience'.","what","what","PRON","obj"
12383,"But I've done hundreds of dog introductions myself (another place, I don't work here), and owners can have unrealistic expectations and views of what they see when their dogs meet other dogs.","what","what","PRON","obj"
12384,"Workers who do these introductions look at the interaction objectively; and it's good to see they are able and willing to say no if they feel there would be a problem.","who","who","PRON","nsubj"
12388,"You were clearly given another alternative by Second Home, to board him - which might have given your dog a chance to come and go from Second Home a couple times, getting used to the place and maybe facilitating another attempt to get into daycare later.","which","which","PRON","nsubj"
12389,"No business is going to push customers away without good reason; so isn't it reasonable to think they might know what they're doing?","what","what","PRON","obj"
12422,"We called our representative who assured me he would call the office and have it taken care of.","who","who","PRON","nsubj"
12425,"I just called again and was told that workmanship, not wood, is guaranteed for a year- well in my opinion- the wood split due to a nail which is part of workmanship!","which","which","PRON","nsubj"
12433,"YOU GET WHAT YOU PAY FOR!!!","what","what","PRON","obj"
12439,"They had a room with a $99 rate, which I booked.","which","which","PRON","obj"
12441,"The email confirmation (which I read in the car) warned about large suitcases, declaring that we are innkeepers, not longshoreman.","which","which","PRON","obj"
12463,"Bath was clean except shower stall which had mildew problems.","which","which","PRON","nsubj"
12478,"Then again, for the three of us who dined together, two pieces of flatbread left us fighting for more, and licking the hummus from our fingers (and yes, those two pieces of flatbread did represent a three-person order).","who","who","PRON","nsubj"
12486,"And my--no, I still don't remember what I had.","what","what","PRON","obj"
12510,"Unless you want to take the ""tell the customer how wrong she is and try and force her into a dress she's obviously not loving"" approach which will likely get you... uh... nowhere.","which","which","PRON","nsubj"
12524,"The following Friday, I returned with my car to go ahead and replace the other 3 tires, which were worn.","which","which","PRON","nsubj"
12535,"A few minutes after I left, I was called and informed that ""I"" left my wheel lock (which they should have left in the car).","which","which","PRON","obj"
12540,"On Monday I called and again it was a big to-do to find anyone who knew anything about it.","who","who","PRON","nsubj"
