"lemma","gender","syllable_count","syllable_class","ends_in_sibilant","es_attested","s_attested"
"175er","MASC",1,"monosyllabic","False",FALSE,TRUE
"5-Hydroxytryptamin","NEUT",6,"polysyllabic","False",FALSE,TRUE
"a","NEUT",1,"monosyllabic","False",FALSE,TRUE
"A","NEUT",1,"monosyllabic","False",FALSE,TRUE
"ä","NEUT",1,"monosyllabic","False",FALSE,TRUE
"Ä","NEUT",1,"monosyllabic","False",FALSE,TRUE
"a-Schwa","NEUT",2,"polysyllabic","False",FALSE,TRUE
"Aachener","MASC",3,"polysyllabic","False",FALSE,TRUE
"Aak","NEUT",1,"monosyllabic","False",TRUE,TRUE
"Aal","MASC",1,"monosyllabic","False",TRUE,TRUE
"Aalauge","MASC",2,"polysyllabic","False",TRUE,FALSE
"Aalen","NEUT",2,"polysyllabic","False",FALSE,TRUE
"Aalfang","MASC",2,"polysyllabic","False",TRUE,TRUE
"Aalfett","NEUT",2,"polysyllabic","False",TRUE,TRUE
"Aalfischer","MASC",3,"polysyllabic","False",FALSE,TRUE
"Aalkorb","MASC",2,"polysyllabic","False",TRUE,TRUE
"Aalmolch","MASC",2,"polysyllabic","False",TRUE,TRUE
"Aalschwanz","MASC",2,"polysyllabic","True",TRUE,FALSE
"Aalspeer","MASC",2,"polysyllabic","False",TRUE,TRUE
"Aalstechen","NEUT",3,"polysyllabic","False",FALSE,TRUE
"Aalstrich","MASC",2,"polysyllabic","False",TRUE,TRUE
"Aaltierchen","NEUT",2,"polysyllabic","False",FALSE,TRUE
"Aar","MASC",1,"monosyllabic","False",TRUE,TRUE
"Aas","NEUT",1,"monosyllabic","True",TRUE,FALSE
"Aasen","NEUT",2,"polysyllabic","False",FALSE,TRUE
"Aaser","MASC",2,"polysyllabic","False",FALSE,TRUE
"Aasfresser","MASC",3,"polysyllabic","False",FALSE,TRUE
"Aasgeier","MASC",2,"polysyllabic","False",FALSE,TRUE
"Aasgeruch","MASC",3,"polysyllabic","False",TRUE,TRUE
"Aasinsekt","NEUT",3,"polysyllabic","False",TRUE,TRUE
"Aasjäger","MASC",3,"polysyllabic","False",FALSE,TRUE
"Aaskäfer","MASC",3,"polysyllabic","False",FALSE,TRUE
"Aaß","NEUT",1,"monosyllabic","True",TRUE,FALSE
"Aasvogel","MASC",3,"polysyllabic","False",FALSE,TRUE
"Abänderer","MASC",4,"polysyllabic","False",FALSE,TRUE
"Abändern","NEUT",3,"polysyllabic","False",FALSE,TRUE
"Abänderungsantrag","MASC",6,"polysyllabic","False",TRUE,TRUE
"Abänderungsvorschlag","MASC",6,"polysyllabic","False",TRUE,TRUE
"Abandonnieren","NEUT",4,"polysyllabic","False",FALSE,TRUE
"Abarbeiten","NEUT",3,"polysyllabic","False",FALSE,TRUE
"Abaton","NEUT",3,"polysyllabic","False",FALSE,TRUE
"Abätzen","NEUT",3,"polysyllabic","False",FALSE,TRUE
"Abbau","MASC",1,"monosyllabic","False",TRUE,TRUE
"Abbauen","NEUT",2,"polysyllabic","False",FALSE,TRUE
"Abbauort","MASC",2,"polysyllabic","False",TRUE,TRUE
"Abbauprodukt","NEUT",3,"polysyllabic","False",TRUE,TRUE
"Abbauprozess","MASC",3,"polysyllabic","True",TRUE,FALSE
"Abbé","MASC",1,"monosyllabic","False",FALSE,TRUE
"Abbeißen","NEUT",2,"polysyllabic","False",FALSE,TRUE
"Abbeizmittel","NEUT",3,"polysyllabic","False",FALSE,TRUE
"Abbekommen","NEUT",4,"polysyllabic","False",FALSE,TRUE
"Abberufen","NEUT",4,"polysyllabic","False",FALSE,TRUE
"Abbestellen","NEUT",4,"polysyllabic","False",FALSE,TRUE
"Abbezahlen","NEUT",4,"polysyllabic","False",FALSE,TRUE
"Abbiegen","NEUT",2,"polysyllabic","False",FALSE,TRUE
"Abbild","NEUT",2,"polysyllabic","False",TRUE,TRUE
"Abbilden","NEUT",3,"polysyllabic","False",FALSE,TRUE
"Abbildungsfehler","MASC",5,"polysyllabic","False",FALSE,TRUE
"Abbildungsmaßstab","MASC",5,"polysyllabic","False",TRUE,TRUE
"Abbindebeschleuniger","MASC",6,"polysyllabic","False",FALSE,TRUE
"Abbinden","NEUT",3,"polysyllabic","False",FALSE,TRUE
"Abblasen","NEUT",3,"polysyllabic","False",FALSE,TRUE
"Abblaseventil","NEUT",5,"polysyllabic","False",FALSE,TRUE
"Abblättern","NEUT",3,"polysyllabic","False",FALSE,TRUE
"Abblenden","NEUT",3,"polysyllabic","False",FALSE,TRUE
"Abblendlicht","NEUT",3,"polysyllabic","False",TRUE,TRUE
"Abblitzen","NEUT",3,"polysyllabic","False",FALSE,TRUE
"Abblocken","NEUT",3,"polysyllabic","False",FALSE,TRUE
"Abbrand","MASC",2,"polysyllabic","False",FALSE,TRUE
"Abbrechen","NEUT",3,"polysyllabic","False",FALSE,TRUE
"Abbrecher","MASC",3,"polysyllabic","False",FALSE,TRUE
"Abbremsen","NEUT",3,"polysyllabic","False",FALSE,TRUE
"Abbrennen","NEUT",3,"polysyllabic","False",FALSE,TRUE
"Abbringen","NEUT",3,"polysyllabic","False",FALSE,TRUE
"Abbröckeln","NEUT",3,"polysyllabic","False",FALSE,TRUE
"Abbruch","MASC",2,"polysyllabic","False",TRUE,TRUE
"Abbrucharbeiter","MASC",4,"polysyllabic","False",FALSE,TRUE
"Abbruchhaus","NEUT",2,"polysyllabic","True",TRUE,FALSE
"Abbruchunternehmen","NEUT",6,"polysyllabic","False",FALSE,TRUE
"Abbuchen","NEUT",3,"polysyllabic","False",FALSE,TRUE
"Abbügeln","NEUT",3,"polysyllabic","False",FALSE,TRUE
"Abc-Buch","NEUT",2,"polysyllabic","False",TRUE,TRUE
"Abdach","NEUT",2,"polysyllabic","False",TRUE,TRUE
"Abdampf","MASC",2,"polysyllabic","False",TRUE,TRUE
"Abdampfen","NEUT",3,"polysyllabic","False",FALSE,TRUE
"Abdampfentöler","MASC",5,"polysyllabic","False",FALSE,TRUE
"Abdanken","NEUT",3,"polysyllabic","False",FALSE,TRUE
"Abdecken","NEUT",3,"polysyllabic","False",FALSE,TRUE
"Abdecker","MASC",3,"polysyllabic","False",FALSE,TRUE
"Abdestillieren","NEUT",4,"polysyllabic","False",FALSE,TRUE
"Abdichten","NEUT",3,"polysyllabic","False",FALSE,TRUE
"Abdomen","NEUT",3,"polysyllabic","False",FALSE,TRUE
"Abdrehen","NEUT",3,"polysyllabic","False",FALSE,TRUE
"Abdruck","MASC",2,"polysyllabic","False",TRUE,TRUE
"Abecedarium","NEUT",5,"polysyllabic","False",FALSE,TRUE
"Abeillekolibri","MASC",5,"polysyllabic","False",FALSE,TRUE
"Abeisen","NEUT",2,"polysyllabic","False",FALSE,TRUE
"Abend","MASC",2,"polysyllabic","False",TRUE,TRUE
"Abendappell","MASC",4,"polysyllabic","False",FALSE,TRUE
"Abendblatt","NEUT",3,"polysyllabic","False",TRUE,TRUE
"Abendessen","NEUT",4,"polysyllabic","False",FALSE,TRUE
"Abendgebet","NEUT",4,"polysyllabic","False",TRUE,TRUE
"Abendkleid","NEUT",2,"polysyllabic","False",TRUE,TRUE
"Abendkleidchen","NEUT",3,"polysyllabic","False",FALSE,TRUE
"Abendland","NEUT",3,"polysyllabic","False",TRUE,TRUE
"Abendlied","NEUT",2,"polysyllabic","False",TRUE,TRUE
"Abendmahl","NEUT",3,"polysyllabic","False",TRUE,TRUE
"Abendstern","MASC",3,"polysyllabic","False",TRUE,TRUE
"Abenteuer","NEUT",3,"polysyllabic","False",FALSE,TRUE
"Abenteuerfilm","MASC",4,"polysyllabic","False",TRUE,TRUE
"Abenteuerspielplatz","MASC",4,"polysyllabic","True",TRUE,TRUE
"Abenteurer","MASC",3,"polysyllabic","False",FALSE,TRUE
"Aber","NEUT",2,"polysyllabic","False",FALSE,TRUE
"Aberglauben","MASC",3,"polysyllabic","False",FALSE,TRUE
"Aberwitz","MASC",3,"polysyllabic","True",TRUE,FALSE
"Abessiv","MASC",3,"polysyllabic","False",FALSE,TRUE
"Abfackeln","NEUT",3,"polysyllabic","False",FALSE,TRUE
"Abfahren","NEUT",3,"polysyllabic","False",FALSE,TRUE
"Abfall","MASC",2,"polysyllabic","False",FALSE,TRUE
"Abfallbehälter","MASC",5,"polysyllabic","False",FALSE,TRUE
"Abfalleimer","MASC",3,"polysyllabic","False",FALSE,TRUE
"Abfallen","NEUT",3,"polysyllabic","False",FALSE,TRUE
"Abfallkorb","MASC",3,"polysyllabic","False",TRUE,TRUE
"Abfallprodukt","NEUT",4,"polysyllabic","False",FALSE,TRUE
"Abfallstoff","MASC",3,"polysyllabic","False",FALSE,TRUE
"Abfangen","NEUT",3,"polysyllabic","False",FALSE,TRUE
"Abfassen","NEUT",3,"polysyllabic","False",FALSE,TRUE
"Abfedern","NEUT",3,"polysyllabic","False",FALSE,TRUE
"Abfertigen","NEUT",4,"polysyllabic","False",FALSE,TRUE
"Abfertigungsgebäude","NEUT",6,"polysyllabic","False",TRUE,FALSE
"Abfertigungsschalter","MASC",6,"polysyllabic","False",FALSE,TRUE
"Abfeuern","NEUT",2,"polysyllabic","False",FALSE,TRUE
"Abfiltern","NEUT",3,"polysyllabic","False",FALSE,TRUE
"Abfinden","NEUT",3,"polysyllabic","False",FALSE,TRUE
"Abflachen","NEUT",3,"polysyllabic","False",FALSE,TRUE
"Abflaken","NEUT",3,"polysyllabic","False",FALSE,TRUE
"Abfliegen","NEUT",2,"polysyllabic","False",FALSE,TRUE
"Abfliessen","NEUT",2,"polysyllabic","False",FALSE,TRUE
"Abfließen","NEUT",2,"polysyllabic","False",FALSE,TRUE
"Abflug","MASC",2,"polysyllabic","False",TRUE,TRUE
"Abfluss","MASC",2,"polysyllabic","True",TRUE,FALSE
"Abfragen","NEUT",3,"polysyllabic","False",FALSE,TRUE
"Abfräsen","NEUT",3,"polysyllabic","False",FALSE,TRUE
"Abführmittel","NEUT",4,"polysyllabic","False",FALSE,TRUE
"Abgang","MASC",2,"polysyllabic","False",TRUE,TRUE
"Abgänger","MASC",3,"polysyllabic","False",FALSE,TRUE
"Abgas","NEUT",2,"polysyllabic","True",TRUE,FALSE
"Abgaskatalysator","MASC",7,"polysyllabic","False",FALSE,TRUE
"Abgasstrom","MASC",3,"polysyllabic","False",TRUE,TRUE
"Abgeben","NEUT",3,"polysyllabic","False",FALSE,TRUE
"Abgeordnetenhaus","NEUT",4,"polysyllabic","True",TRUE,FALSE
"Abgott","MASC",2,"polysyllabic","False",TRUE,TRUE
"Abgrenzen","NEUT",3,"polysyllabic","False",FALSE,TRUE
"Abgrund","MASC",2,"polysyllabic","False",TRUE,TRUE
"Abguss","MASC",2,"polysyllabic","True",TRUE,FALSE
"Abhacken","NEUT",3,"polysyllabic","False",FALSE,TRUE
"Abhaken","NEUT",3,"polysyllabic","False",FALSE,TRUE
"Abhalten","NEUT",3,"polysyllabic","False",FALSE,TRUE
"Abhang","MASC",2,"polysyllabic","False",TRUE,TRUE
"Abhängen","NEUT",3,"polysyllabic","False",FALSE,TRUE
"Abhauen","NEUT",2,"polysyllabic","False",FALSE,TRUE
"Abheben","NEUT",3,"polysyllabic","False",FALSE,TRUE
"Abholen","NEUT",3,"polysyllabic","False",FALSE,TRUE
"Abholzen","NEUT",3,"polysyllabic","False",FALSE,TRUE
"Abhören","NEUT",3,"polysyllabic","False",FALSE,TRUE
"Abhörverbrecher","MASC",5,"polysyllabic","False",FALSE,TRUE
"Abitur","NEUT",3,"polysyllabic","False",FALSE,TRUE
"Abjagen","NEUT",3,"polysyllabic","False",FALSE,TRUE
"Abkacken","NEUT",3,"polysyllabic","False",FALSE,TRUE
"Abkanzeln","NEUT",3,"polysyllabic","False",FALSE,TRUE
"Abkapseln","NEUT",3,"polysyllabic","False",FALSE,TRUE
"Abkaufen","NEUT",2,"polysyllabic","False",FALSE,TRUE
"Abklären","NEUT",3,"polysyllabic","False",FALSE,TRUE
"Abklatsch","MASC",2,"polysyllabic","True",TRUE,TRUE
"Abknallen","NEUT",3,"polysyllabic","False",FALSE,TRUE
"Abknicken","NEUT",3,"polysyllabic","False",FALSE,TRUE
"Abkommen","NEUT",3,"polysyllabic","False",FALSE,TRUE
"Abkömmling","MASC",3,"polysyllabic","False",FALSE,TRUE
"Abkönnen","NEUT",3,"polysyllabic","False",FALSE,TRUE
"Abkratzen","NEUT",3,"polysyllabic","False",FALSE,TRUE
"Abkühlen","NEUT",3,"polysyllabic","False",FALSE,TRUE
"Abkupfern","NEUT",3,"polysyllabic","False",FALSE,TRUE
"Abkürzen","NEUT",3,"polysyllabic","False",FALSE,TRUE
"Abkürzungsdschungel","MASC",5,"polysyllabic","False",FALSE,TRUE
"Abladen","NEUT",3,"polysyllabic","False",FALSE,TRUE
"Ablagern","NEUT",3,"polysyllabic","False",FALSE,TRUE
"Ablass","MASC",2,"polysyllabic","True",TRUE,FALSE
"Ablassbrief","MASC",2,"polysyllabic","False",TRUE,TRUE
"Ablassen","NEUT",3,"polysyllabic","False",FALSE,TRUE
"Ablaßen","NEUT",3,"polysyllabic","False",FALSE,TRUE
"Ablasshandel","MASC",4,"polysyllabic","False",FALSE,TRUE
"Ablassventil","NEUT",4,"polysyllabic","False",FALSE,TRUE
"Ablativ","MASC",3,"polysyllabic","False",FALSE,TRUE
"Ablauf","MASC",1,"monosyllabic","False",TRUE,TRUE
"Ablaufen","NEUT",2,"polysyllabic","False",FALSE,TRUE
"Ablaugen","NEUT",2,"polysyllabic","False",FALSE,TRUE
"Ablaut","MASC",1,"monosyllabic","False",TRUE,TRUE
"Ableben","NEUT",3,"polysyllabic","False",FALSE,TRUE
"Ablegen","NEUT",3,"polysyllabic","False",FALSE,TRUE
"Ableger","MASC",3,"polysyllabic","False",FALSE,TRUE
"Ablehnen","NEUT",3,"polysyllabic","False",FALSE,TRUE
"Ableiten","NEUT",2,"polysyllabic","False",FALSE,TRUE
"Ableitungsmorphem","NEUT",4,"polysyllabic","False",FALSE,TRUE
"Ablenken","NEUT",3,"polysyllabic","False",FALSE,TRUE
"Ablenkungsmanöver","NEUT",6,"polysyllabic","False",FALSE,TRUE
"Ablesen","NEUT",3,"polysyllabic","False",FALSE,TRUE
"Ablösen","NEUT",3,"polysyllabic","False",FALSE,TRUE
"Abluchsen","NEUT",3,"polysyllabic","False",FALSE,TRUE
"Abmagern","NEUT",3,"polysyllabic","False",FALSE,TRUE
"Abmeiern","NEUT",2,"polysyllabic","False",FALSE,TRUE
"Abmelden","NEUT",3,"polysyllabic","False",FALSE,TRUE
"Abmessen","NEUT",3,"polysyllabic","False",FALSE,TRUE
"Abmeßen","NEUT",3,"polysyllabic","False",FALSE,TRUE
"Abnehmen","NEUT",3,"polysyllabic","False",FALSE,TRUE
"Abnehmer","MASC",3,"polysyllabic","False",FALSE,TRUE
"Abnehmertausch","MASC",3,"polysyllabic","True",FALSE,TRUE
"Abnutzen","NEUT",3,"polysyllabic","False",FALSE,TRUE
"Abo","NEUT",2,"polysyllabic","False",FALSE,TRUE
"Abonnement","NEUT",4,"polysyllabic","False",FALSE,TRUE
"Abonnieren","NEUT",3,"polysyllabic","False",FALSE,TRUE
"Abordnungsgeld","NEUT",4,"polysyllabic","False",FALSE,TRUE
"Abort","MASC",2,"polysyllabic","False",TRUE,TRUE
"Abpfiff","MASC",2,"polysyllabic","False",TRUE,TRUE
"Abräumen","NEUT",2,"polysyllabic","False",FALSE,TRUE
"Abrechnen","NEUT",3,"polysyllabic","False",FALSE,TRUE
"Abreiben","NEUT",2,"polysyllabic","False",FALSE,TRUE
"Abreichern","NEUT",2,"polysyllabic","False",FALSE,TRUE
"Abreisen","NEUT",2,"polysyllabic","False",FALSE,TRUE
"Abreissen","NEUT",2,"polysyllabic","False",FALSE,TRUE
"Abreißen","NEUT",2,"polysyllabic","False",FALSE,TRUE
"Abrieb","MASC",1,"monosyllabic","False",TRUE,TRUE
"Abriegeln","NEUT",2,"polysyllabic","False",FALSE,TRUE
"Abriss","MASC",2,"polysyllabic","True",TRUE,FALSE
"Abrufen","NEUT",3,"polysyllabic","False",FALSE,TRUE
"Abrunden","NEUT",3,"polysyllabic","False",FALSE,TRUE
"Absagen","NEUT",3,"polysyllabic","False",FALSE,TRUE
"Absägen","NEUT",3,"polysyllabic","False",FALSE,TRUE
"Absatteln","NEUT",3,"polysyllabic","False",FALSE,TRUE
"Absättigen","NEUT",4,"polysyllabic","False",FALSE,TRUE
"Absatz","MASC",2,"polysyllabic","True",TRUE,FALSE
"Absatzmarkt","MASC",3,"polysyllabic","False",TRUE,TRUE
"Absatzzeichen","NEUT",3,"polysyllabic","False",FALSE,TRUE
"Absaufen","NEUT",2,"polysyllabic","False",FALSE,TRUE
"Absaugen","NEUT",2,"polysyllabic","False",FALSE,TRUE
"Abschaffen","NEUT",3,"polysyllabic","False",FALSE,TRUE
"Abschälen","NEUT",3,"polysyllabic","False",FALSE,TRUE
"Abschalten","NEUT",3,"polysyllabic","False",FALSE,TRUE
"Abschaum","MASC",1,"monosyllabic","False",TRUE,TRUE
"Abscheiden","NEUT",2,"polysyllabic","False",FALSE,TRUE
"Abschieben","NEUT",2,"polysyllabic","False",FALSE,TRUE
"Abschied","MASC",1,"monosyllabic","False",TRUE,TRUE
"Abschiedsbrief","MASC",1,"monosyllabic","False",TRUE,TRUE
"Abschiedsgeschenk","NEUT",3,"polysyllabic","False",TRUE,TRUE
"Abschießen","NEUT",2,"polysyllabic","False",FALSE,TRUE
"Abschirmen","NEUT",3,"polysyllabic","False",FALSE,TRUE
"Abschlachten","NEUT",3,"polysyllabic","False",FALSE,TRUE
"Abschlag","MASC",2,"polysyllabic","False",TRUE,TRUE
"Abschlagen","NEUT",3,"polysyllabic","False",FALSE,TRUE
"Abschleppen","NEUT",3,"polysyllabic","False",FALSE,TRUE
"Abschleppwagen","MASC",4,"polysyllabic","False",FALSE,TRUE
"Abschliessen","NEUT",2,"polysyllabic","False",FALSE,TRUE
"Abschließen","NEUT",2,"polysyllabic","False",FALSE,TRUE
"Abschluss","MASC",2,"polysyllabic","True",TRUE,FALSE
"Abschlussdeich","MASC",2,"polysyllabic","False",TRUE,TRUE
"Abschlußdeich","MASC",2,"polysyllabic","False",TRUE,TRUE
"Abschmecken","NEUT",3,"polysyllabic","False",FALSE,TRUE
"Abschneiden","NEUT",2,"polysyllabic","False",FALSE,TRUE
"Abschnitt","MASC",2,"polysyllabic","False",TRUE,TRUE
"Abschnittchen","NEUT",3,"polysyllabic","False",FALSE,TRUE
"Abschnittsende","NEUT",4,"polysyllabic","False",TRUE,FALSE
"Abschrecken","NEUT",3,"polysyllabic","False",FALSE,TRUE
"Abschreiben","NEUT",2,"polysyllabic","False",FALSE,TRUE
"Abschub","MASC",2,"polysyllabic","False",TRUE,TRUE
"Abschuss","MASC",2,"polysyllabic","True",TRUE,FALSE
"Abschußring","MASC",3,"polysyllabic","False",FALSE,TRUE
"Abschütten","NEUT",3,"polysyllabic","False",FALSE,TRUE
"Abschweifen","NEUT",2,"polysyllabic","False",FALSE,TRUE
"Abschwören","NEUT",3,"polysyllabic","False",FALSE,TRUE
"Abschwung","MASC",2,"polysyllabic","False",TRUE,TRUE
"Abseiler","MASC",2,"polysyllabic","False",FALSE,TRUE
"Abseitstor","MASC",2,"polysyllabic","False",TRUE,TRUE
"Absenden","NEUT",3,"polysyllabic","False",FALSE,TRUE
"Absender","MASC",3,"polysyllabic","False",FALSE,TRUE
"Absenken","NEUT",3,"polysyllabic","False",FALSE,TRUE
"Absetzen","NEUT",3,"polysyllabic","False",FALSE,TRUE
"Absichern","NEUT",3,"polysyllabic","False",FALSE,TRUE
"Absiedler","MASC",2,"polysyllabic","False",FALSE,TRUE
"Absinken","NEUT",3,"polysyllabic","False",FALSE,TRUE
"Absinth","MASC",2,"polysyllabic","False",TRUE,TRUE
"Absolutadjektiv","NEUT",6,"polysyllabic","False",FALSE,TRUE
"Absolutiv","MASC",4,"polysyllabic","False",FALSE,TRUE
"Absolvieren","NEUT",3,"polysyllabic","False",FALSE,TRUE
"Absorber","MASC",3,"polysyllabic","False",FALSE,TRUE
"Absorptionsgrad","MASC",4,"polysyllabic","False",FALSE,TRUE
"Absorptionsspektrum","NEUT",5,"polysyllabic","False",FALSE,TRUE
"Abspalten","NEUT",3,"polysyllabic","False",FALSE,TRUE
"Abspann","MASC",2,"polysyllabic","False",FALSE,TRUE
"Abspecken","NEUT",3,"polysyllabic","False",FALSE,TRUE
"Absperrhahn","MASC",3,"polysyllabic","False",TRUE,TRUE
"Abspielen","NEUT",2,"polysyllabic","False",FALSE,TRUE
"Absprechen","NEUT",3,"polysyllabic","False",FALSE,TRUE
"Abspringen","NEUT",3,"polysyllabic","False",FALSE,TRUE
"Abspritzen","NEUT",3,"polysyllabic","False",FALSE,TRUE
"Abspritzer","MASC",3,"polysyllabic","False",FALSE,TRUE
"Abstammungsbescheid","MASC",4,"polysyllabic","False",TRUE,FALSE
"Abstand","MASC",2,"polysyllabic","False",TRUE,TRUE
"Abstauben","NEUT",2,"polysyllabic","False",FALSE,TRUE
"Abstechen","NEUT",3,"polysyllabic","False",FALSE,TRUE
"Abstecher","MASC",3,"polysyllabic","False",FALSE,TRUE
"Abstecken","NEUT",3,"polysyllabic","False",FALSE,TRUE
"Absteigen","NEUT",2,"polysyllabic","False",FALSE,TRUE
"Abstellen","NEUT",3,"polysyllabic","False",FALSE,TRUE
"Abstellraum","MASC",2,"polysyllabic","False",TRUE,TRUE
"Absterben","NEUT",3,"polysyllabic","False",FALSE,TRUE
"Abstieg","MASC",1,"monosyllabic","False",TRUE,TRUE
"Abstimmen","NEUT",3,"polysyllabic","False",FALSE,TRUE
"Abstimmungsort","MASC",4,"polysyllabic","False",TRUE,TRUE
"Abstoß","MASC",2,"polysyllabic","True",TRUE,FALSE
"Abstossen","NEUT",3,"polysyllabic","False",FALSE,TRUE
"Abstoßen","NEUT",3,"polysyllabic","False",FALSE,TRUE
"Abstract","MASC",2,"polysyllabic","False",FALSE,TRUE
"Abstrafen","NEUT",3,"polysyllabic","False",FALSE,TRUE
"Abstrahieren","NEUT",3,"polysyllabic","False",FALSE,TRUE
"Abstraktum","NEUT",3,"polysyllabic","False",FALSE,TRUE
"Abstreifen","NEUT",2,"polysyllabic","False",FALSE,TRUE
"Abstrich","MASC",2,"polysyllabic","False",TRUE,TRUE
"Abstumpfen","NEUT",3,"polysyllabic","False",FALSE,TRUE
"Absturz","MASC",2,"polysyllabic","True",TRUE,FALSE
"Abstürzen","NEUT",3,"polysyllabic","False",FALSE,TRUE
"Abstützen","NEUT",3,"polysyllabic","False",FALSE,TRUE
"Abt","MASC",1,"monosyllabic","False",FALSE,TRUE
"Abteil","NEUT",1,"monosyllabic","False",TRUE,TRUE
"Abteilen","NEUT",2,"polysyllabic","False",FALSE,TRUE
"Abteilungsleiter","MASC",3,"polysyllabic","False",FALSE,TRUE
"Abtippen","NEUT",3,"polysyllabic","False",FALSE,TRUE
"Abtöten","NEUT",3,"polysyllabic","False",FALSE,TRUE
"Abtragen","NEUT",3,"polysyllabic","False",FALSE,TRUE
"Abtransport","MASC",3,"polysyllabic","False",FALSE,TRUE
"Abtransportieren","NEUT",4,"polysyllabic","False",FALSE,TRUE
"Abtreiben","NEUT",2,"polysyllabic","False",FALSE,TRUE
"Abtreibungsbefürworter","MASC",6,"polysyllabic","False",FALSE,TRUE
"Abtrennen","NEUT",3,"polysyllabic","False",FALSE,TRUE
"Abtritt","MASC",2,"polysyllabic","False",TRUE,TRUE
"Abtropfsieb","MASC",2,"polysyllabic","False",TRUE,TRUE
"Abtun","NEUT",2,"polysyllabic","False",FALSE,TRUE
"Abwägen","NEUT",3,"polysyllabic","False",FALSE,TRUE
"Abwandern","NEUT",3,"polysyllabic","False",FALSE,TRUE
"Abwarten","NEUT",3,"polysyllabic","False",FALSE,TRUE
"Abwaschen","NEUT",3,"polysyllabic","False",FALSE,TRUE
"Abwasser","NEUT",3,"polysyllabic","False",FALSE,TRUE
"Abwasserkanal","MASC",5,"polysyllabic","False",FALSE,TRUE
"Abwehren","NEUT",3,"polysyllabic","False",FALSE,TRUE
"Abwehrspieler","MASC",3,"polysyllabic","False",FALSE,TRUE
"Abwehrstoff","MASC",3,"polysyllabic","False",TRUE,TRUE
"Abweichen","NEUT",2,"polysyllabic","False",FALSE,TRUE
"Abweichler","MASC",2,"polysyllabic","False",FALSE,TRUE
"Abweisen","NEUT",2,"polysyllabic","False",FALSE,TRUE
"Abwenden","NEUT",3,"polysyllabic","False",FALSE,TRUE
"Abwerben","NEUT",3,"polysyllabic","False",FALSE,TRUE
"Abwerfen","NEUT",3,"polysyllabic","False",FALSE,TRUE
"Abwerten","NEUT",3,"polysyllabic","False",FALSE,TRUE
"Abwesenheitspfleger","MASC",5,"polysyllabic","False",FALSE,TRUE
"Abwickeln","NEUT",3,"polysyllabic","False",FALSE,TRUE
"Abwiegen","NEUT",2,"polysyllabic","False",FALSE,TRUE
"Abwracken","NEUT",3,"polysyllabic","False",FALSE,TRUE
"Abwurf","MASC",2,"polysyllabic","False",TRUE,TRUE
"Abzählreim","MASC",2,"polysyllabic","False",TRUE,TRUE
"Abzeichen","NEUT",2,"polysyllabic","False",FALSE,TRUE
"Abzeichnen","NEUT",2,"polysyllabic","False",FALSE,TRUE
"Abziehen","NEUT",2,"polysyllabic","False",FALSE,TRUE
"Abzocken","NEUT",3,"polysyllabic","False",FALSE,TRUE
"Abzocker","MASC",3,"polysyllabic","False",FALSE,TRUE
"Abzug","MASC",2,"polysyllabic","False",TRUE,TRUE
"Accessoire","NEUT",4,"polysyllabic","False",TRUE,FALSE
"Acetal","NEUT",3,"polysyllabic","False",FALSE,TRUE
"Acetamid","NEUT",4,"polysyllabic","False",FALSE,TRUE
"Acetat","NEUT",3,"polysyllabic","False",FALSE,TRUE
"Acetylen","NEUT",4,"polysyllabic","False",FALSE,TRUE
"Acetylid","NEUT",4,"polysyllabic","False",FALSE,TRUE
"Acetylieren","NEUT",4,"polysyllabic","False",FALSE,TRUE
"Acetylrest","MASC",4,"polysyllabic","False",TRUE,TRUE
"Ach","NEUT",1,"monosyllabic","False",FALSE,TRUE
"Achaier","MASC",2,"polysyllabic","False",FALSE,TRUE
"Achat","MASC",2,"polysyllabic","False",TRUE,TRUE
"Achselchen","NEUT",3,"polysyllabic","False",FALSE,TRUE
"Ächselchen","NEUT",3,"polysyllabic","False",FALSE,TRUE
"Achselstück","NEUT",3,"polysyllabic","False",TRUE,TRUE
"Achselzucken","NEUT",4,"polysyllabic","False",FALSE,TRUE
"Achteck","NEUT",2,"polysyllabic","False",TRUE,TRUE
"Achtelfinale","NEUT",5,"polysyllabic","False",TRUE,FALSE
"Achten","NEUT",2,"polysyllabic","False",FALSE,TRUE
"Ächten","NEUT",2,"polysyllabic","False",FALSE,TRUE
"Achter","MASC",2,"polysyllabic","False",FALSE,TRUE
"Achterdeck","NEUT",3,"polysyllabic","False",FALSE,TRUE
"Achtflächner","MASC",3,"polysyllabic","False",FALSE,TRUE
"Achtundvierzigeck","NEUT",4,"polysyllabic","False",FALSE,TRUE
"Achtzehneck","NEUT",3,"polysyllabic","False",FALSE,TRUE
"Achtzigeck","NEUT",3,"polysyllabic","False",FALSE,TRUE
"Achtziger","MASC",3,"polysyllabic","False",FALSE,TRUE
"Ächzen","NEUT",2,"polysyllabic","False",FALSE,TRUE
"Acker","MASC",2,"polysyllabic","False",FALSE,TRUE
"Ackerbau","MASC",2,"polysyllabic","False",TRUE,TRUE
"Ackermann","MASC",3,"polysyllabic","False",TRUE,TRUE
"Ackern","NEUT",2,"polysyllabic","False",FALSE,TRUE
"Ackerschachtelhalm","MASC",5,"polysyllabic","False",FALSE,TRUE
"Acrylglas","NEUT",3,"polysyllabic","True",TRUE,FALSE
"Actinium","NEUT",3,"polysyllabic","False",FALSE,TRUE
"Actionfilm","MASC",3,"polysyllabic","False",TRUE,TRUE
"Acyloin","NEUT",3,"polysyllabic","False",FALSE,TRUE
"Adamin","NEUT",3,"polysyllabic","False",FALSE,TRUE
"Adamsapfel","MASC",4,"polysyllabic","False",FALSE,TRUE
"Adamskostüm","NEUT",4,"polysyllabic","False",FALSE,TRUE
"Adapter","MASC",3,"polysyllabic","False",FALSE,TRUE
"Adaptieren","NEUT",3,"polysyllabic","False",FALSE,TRUE
"Addieren","NEUT",2,"polysyllabic","False",FALSE,TRUE
"Additiv","NEUT",3,"polysyllabic","False",FALSE,TRUE
"Addukt","NEUT",2,"polysyllabic","False",TRUE,TRUE
"Ade","NEUT",2,"polysyllabic","False",TRUE,FALSE
"Adel","MASC",2,"polysyllabic","False",FALSE,TRUE
"Adeliepinguin","MASC",4,"polysyllabic","False",FALSE,TRUE
"Adeln","NEUT",2,"polysyllabic","False",FALSE,TRUE
"Adenin","NEUT",3,"polysyllabic","False",FALSE,TRUE
"Adenom","NEUT",3,"polysyllabic","False",FALSE,TRUE
"Adenosin","NEUT",4,"polysyllabic","False",FALSE,TRUE
"Äderchen","NEUT",3,"polysyllabic","False",FALSE,TRUE
"Aderlass","MASC",3,"polysyllabic","True",TRUE,FALSE
"Adessiv","MASC",3,"polysyllabic","False",FALSE,TRUE
"Adjektiv","NEUT",3,"polysyllabic","False",TRUE,TRUE
"Adjunkt","MASC",2,"polysyllabic","False",FALSE,TRUE
"Adler","MASC",2,"polysyllabic","False",FALSE,TRUE
"Adlerbussard","MASC",4,"polysyllabic","False",FALSE,TRUE
"Adlerfarn","MASC",3,"polysyllabic","False",TRUE,TRUE
"Administrator","MASC",5,"polysyllabic","False",FALSE,TRUE
"Admiral","MASC",3,"polysyllabic","False",FALSE,TRUE
"Adoptieren","NEUT",3,"polysyllabic","False",FALSE,TRUE
"Adrenalin","NEUT",4,"polysyllabic","False",FALSE,TRUE
"Adressbuch","NEUT",3,"polysyllabic","False",TRUE,TRUE
"Adressieren","NEUT",3,"polysyllabic","False",FALSE,TRUE
"Adrian","MASC",2,"polysyllabic","False",FALSE,TRUE
"Adsorbieren","NEUT",3,"polysyllabic","False",FALSE,TRUE
"Adstrat","NEUT",2,"polysyllabic","False",TRUE,TRUE
"Advent","MASC",2,"polysyllabic","False",TRUE,TRUE
"Adventskalender","MASC",5,"polysyllabic","False",FALSE,TRUE
"Adventskranz","MASC",3,"polysyllabic","True",TRUE,FALSE
"Adverb","NEUT",2,"polysyllabic","False",TRUE,TRUE
"Aerogel","NEUT",3,"polysyllabic","False",FALSE,TRUE
"Aerosol","NEUT",3,"polysyllabic","False",FALSE,TRUE
"Äffchen","NEUT",2,"polysyllabic","False",FALSE,TRUE
"Affekt","MASC",2,"polysyllabic","False",FALSE,TRUE
"Affenarschloch","MASC",4,"polysyllabic","False",FALSE,TRUE
"Affenbrotbaum","MASC",3,"polysyllabic","False",TRUE,TRUE
"Affenficker","MASC",4,"polysyllabic","False",FALSE,TRUE
"Affenpinscher","MASC",4,"polysyllabic","False",FALSE,TRUE
"Affix","NEUT",2,"polysyllabic","True",TRUE,FALSE
"Affront","MASC",2,"polysyllabic","False",FALSE,TRUE
"Afrikaner","MASC",4,"polysyllabic","False",FALSE,TRUE
"Afroamerikaner","MASC",6,"polysyllabic","False",FALSE,TRUE
"After","MASC",2,"polysyllabic","False",FALSE,TRUE
"Afterforscher","MASC",4,"polysyllabic","False",FALSE,TRUE
"Afterkind","NEUT",3,"polysyllabic","False",TRUE,TRUE
"Afterlecker","MASC",4,"polysyllabic","False",FALSE,TRUE
"Afterlehen","NEUT",4,"polysyllabic","False",FALSE,TRUE
"Afterreden","NEUT",4,"polysyllabic","False",FALSE,TRUE
"Aftershave","NEUT",4,"polysyllabic","False",TRUE,FALSE
"Afterwissenschaftler","MASC",6,"polysyllabic","False",FALSE,TRUE
"Aggregat","NEUT",3,"polysyllabic","False",TRUE,TRUE
"Aggregatzustand","MASC",5,"polysyllabic","False",TRUE,TRUE
"Aggressor","MASC",3,"polysyllabic","False",FALSE,TRUE
"Agieren","NEUT",2,"polysyllabic","False",FALSE,TRUE
"Agioteur","MASC",2,"polysyllabic","False",FALSE,TRUE
"Agitator","MASC",4,"polysyllabic","False",FALSE,TRUE
"Agnostiker","MASC",4,"polysyllabic","False",FALSE,TRUE
"Agon","MASC",2,"polysyllabic","False",FALSE,TRUE
"Ägypter","MASC",3,"polysyllabic","False",FALSE,TRUE
"Ahn","MASC",1,"monosyllabic","False",TRUE,TRUE
"Ahnenschein","MASC",2,"polysyllabic","False",FALSE,TRUE
"Ahornsirup","MASC",4,"polysyllabic","False",FALSE,TRUE
"Aikido","NEUT",3,"polysyllabic","False",FALSE,TRUE
"Airbag","MASC",2,"polysyllabic","False",FALSE,TRUE
"Airport","MASC",2,"polysyllabic","False",FALSE,TRUE
"Akademiker","MASC",5,"polysyllabic","False",FALSE,TRUE
"Akanthit","MASC",3,"polysyllabic","False",FALSE,TRUE
"Akdalait","MASC",3,"polysyllabic","False",FALSE,TRUE
"Akkord","MASC",2,"polysyllabic","False",TRUE,FALSE
"Akkordeon","NEUT",3,"polysyllabic","False",FALSE,TRUE
"Akkordeonspieler","MASC",4,"polysyllabic","False",FALSE,TRUE
"Akkreditieren","NEUT",4,"polysyllabic","False",FALSE,TRUE
"Akku","MASC",2,"polysyllabic","False",FALSE,TRUE
"Akkumulator","MASC",5,"polysyllabic","False",FALSE,TRUE
"Akkumulieren","NEUT",4,"polysyllabic","False",FALSE,TRUE
"Akkusativ","MASC",4,"polysyllabic","False",FALSE,TRUE
"Akquirieren","NEUT",3,"polysyllabic","False",FALSE,TRUE
"Akrolekt","MASC",3,"polysyllabic","False",TRUE,TRUE
"Akronym","NEUT",3,"polysyllabic","False",FALSE,TRUE
"Akt","MASC",1,"monosyllabic","False",TRUE,TRUE
"Aktenkoffer","MASC",4,"polysyllabic","False",FALSE,TRUE
"Aktenordner","MASC",4,"polysyllabic","False",FALSE,TRUE
"Aktenschrank","MASC",3,"polysyllabic","False",TRUE,TRUE
"Aktenzeichen","NEUT",3,"polysyllabic","False",FALSE,TRUE
"Akteur","MASC",1,"monosyllabic","False",FALSE,TRUE
"Aktienkurs","MASC",2,"polysyllabic","True",TRUE,FALSE
"Aktienmarkt","MASC",2,"polysyllabic","False",TRUE,TRUE
"Aktinolith","MASC",4,"polysyllabic","False",FALSE,TRUE
"Aktionär","MASC",3,"polysyllabic","False",FALSE,TRUE
"Aktionspotential","NEUT",5,"polysyllabic","False",FALSE,TRUE
"Aktivieren","NEUT",3,"polysyllabic","False",FALSE,TRUE
"Aktualisieren","NEUT",4,"polysyllabic","False",FALSE,TRUE
"Akupunkteur","MASC",3,"polysyllabic","False",FALSE,TRUE
"Akustikkoppler","MASC",5,"polysyllabic","False",FALSE,TRUE
"Akut","MASC",2,"polysyllabic","False",TRUE,TRUE
"Akzent","MASC",2,"polysyllabic","False",TRUE,TRUE
"Akzeptieren","NEUT",3,"polysyllabic","False",FALSE,TRUE
"Alabandin","MASC",4,"polysyllabic","False",FALSE,TRUE
"Alabaster","MASC",4,"polysyllabic","False",FALSE,TRUE
"Alant","MASC",2,"polysyllabic","False",TRUE,TRUE
"Alarm","MASC",2,"polysyllabic","False",FALSE,TRUE
"Alarmieren","NEUT",3,"polysyllabic","False",FALSE,TRUE
"Alarmsignal","NEUT",4,"polysyllabic","False",FALSE,TRUE
"Alarmzustand","MASC",4,"polysyllabic","False",TRUE,TRUE
"Alaskaner","MASC",4,"polysyllabic","False",FALSE,TRUE
"Alaun","MASC",1,"monosyllabic","False",FALSE,TRUE
"Alb","MASC",1,"monosyllabic","False",TRUE,TRUE
"Albaner","MASC",3,"polysyllabic","False",FALSE,TRUE
"Albdruck","MASC",2,"polysyllabic","False",TRUE,TRUE
"Albertaner","MASC",4,"polysyllabic","False",FALSE,TRUE
"Albino","MASC",3,"polysyllabic","False",FALSE,TRUE
"Albit","MASC",2,"polysyllabic","False",FALSE,TRUE
"Albtraum","MASC",1,"monosyllabic","False",TRUE,TRUE
"Album","NEUT",2,"polysyllabic","False",FALSE,TRUE
"Älchen","NEUT",2,"polysyllabic","False",FALSE,TRUE
"Aldehyd","MASC",3,"polysyllabic","False",FALSE,TRUE
"Aleppiner","MASC",4,"polysyllabic","False",FALSE,TRUE
"Alexandriner","MASC",5,"polysyllabic","False",FALSE,TRUE
"Alexandrit","MASC",4,"polysyllabic","False",FALSE,TRUE
"Algerier","MASC",2,"polysyllabic","False",FALSE,TRUE
"Alibi","NEUT",3,"polysyllabic","False",FALSE,TRUE
"Alimentieren","NEUT",4,"polysyllabic","False",FALSE,TRUE
"Alinea","NEUT",3,"polysyllabic","False",FALSE,TRUE
"Alk","MASC",1,"monosyllabic","False",TRUE,TRUE
"Alkali","NEUT",3,"polysyllabic","False",FALSE,TRUE
"Alkalihydroxid","NEUT",6,"polysyllabic","False",FALSE,TRUE
"Alkalimetall","NEUT",5,"polysyllabic","False",FALSE,TRUE
"Alkalimetallsalz","NEUT",6,"polysyllabic","True",TRUE,FALSE
"Alkaloid","NEUT",3,"polysyllabic","False",TRUE,TRUE
"Alkan","NEUT",2,"polysyllabic","False",FALSE,TRUE
"Alken","NEUT",2,"polysyllabic","False",FALSE,TRUE
"Alkin","NEUT",2,"polysyllabic","False",FALSE,TRUE
"Alkohol","MASC",3,"polysyllabic","False",FALSE,TRUE
"Alkoholat","NEUT",4,"polysyllabic","False",FALSE,TRUE
"Alkoholgehalt","MASC",5,"polysyllabic","False",TRUE,TRUE
"Alkoholiker","MASC",5,"polysyllabic","False",FALSE,TRUE
"Alkoholkonsum","MASC",5,"polysyllabic","False",FALSE,TRUE
"Alkoholmissbrauch","MASC",4,"polysyllabic","False",TRUE,TRUE
"Alkoholspiegel","MASC",4,"polysyllabic","False",FALSE,TRUE
"Alkoholtest","MASC",4,"polysyllabic","False",TRUE,TRUE
"Alkyl","NEUT",2,"polysyllabic","False",FALSE,TRUE
"Alkylbromid","NEUT",4,"polysyllabic","False",FALSE,TRUE
"Alkylhalogenid","NEUT",6,"polysyllabic","False",FALSE,TRUE
"Alkylrest","MASC",3,"polysyllabic","False",TRUE,TRUE
"All","NEUT",1,"monosyllabic","False",FALSE,TRUE
"Allargentum","NEUT",4,"polysyllabic","False",FALSE,TRUE
"Allativ","MASC",3,"polysyllabic","False",FALSE,TRUE
"Alleingang","MASC",2,"polysyllabic","False",TRUE,TRUE
"Alleinherrscher","MASC",3,"polysyllabic","False",FALSE,TRUE
"Alleinstellungsmerkmal","NEUT",5,"polysyllabic","False",TRUE,TRUE
"Allel","NEUT",2,"polysyllabic","False",FALSE,TRUE
"Allemontit","MASC",4,"polysyllabic","False",FALSE,TRUE
"Allergen","NEUT",3,"polysyllabic","False",FALSE,TRUE
"Allergiker","MASC",4,"polysyllabic","False",FALSE,TRUE
"Allerlei","NEUT",2,"polysyllabic","False",FALSE,TRUE
"Allesfresser","MASC",4,"polysyllabic","False",FALSE,TRUE
"Alleskönner","MASC",4,"polysyllabic","False",FALSE,TRUE
"Allgemeinbefinden","NEUT",5,"polysyllabic","False",FALSE,TRUE
"Allgemeinplatz","MASC",3,"polysyllabic","True",TRUE,FALSE
"Allgemeinwissen","NEUT",4,"polysyllabic","False",FALSE,TRUE
"Allgemeinzustand","MASC",4,"polysyllabic","False",TRUE,TRUE
"Allheilmittel","NEUT",3,"polysyllabic","False",FALSE,TRUE
"Alligator","MASC",4,"polysyllabic","False",FALSE,TRUE
"Allophon","NEUT",3,"polysyllabic","False",FALSE,TRUE
"Allotria","NEUT",3,"polysyllabic","False",FALSE,TRUE
"Allotrop","MASC",3,"polysyllabic","False",FALSE,TRUE
"Allradantrieb","MASC",3,"polysyllabic","False",TRUE,TRUE
"Alltag","MASC",2,"polysyllabic","False",TRUE,TRUE
"Alltagstrott","MASC",3,"polysyllabic","False",TRUE,TRUE
"Allwetterreifen","MASC",4,"polysyllabic","False",FALSE,TRUE
"Almanach","MASC",3,"polysyllabic","False",FALSE,TRUE
"Almandin","MASC",3,"polysyllabic","False",FALSE,TRUE
"Almosen","NEUT",3,"polysyllabic","False",FALSE,TRUE
"Alpacca","NEUT",3,"polysyllabic","False",FALSE,TRUE
"Alpaka","NEUT",3,"polysyllabic","False",FALSE,TRUE
"Alpdruck","MASC",2,"polysyllabic","False",TRUE,TRUE
"Alpenbewohner","MASC",5,"polysyllabic","False",FALSE,TRUE
"Alpenglühen","NEUT",4,"polysyllabic","False",FALSE,TRUE
"Alpenstrandläufer","MASC",4,"polysyllabic","False",FALSE,TRUE
"Alpenveilchen","NEUT",3,"polysyllabic","False",FALSE,TRUE
"Alpenverein","MASC",3,"polysyllabic","False",TRUE,TRUE
"Alpha","NEUT",2,"polysyllabic","False",FALSE,TRUE
"Alphabet","NEUT",3,"polysyllabic","False",TRUE,TRUE
"Alphateilchen","NEUT",3,"polysyllabic","False",FALSE,TRUE
"Alphorn","NEUT",2,"polysyllabic","False",TRUE,TRUE
"Alptraum","MASC",1,"monosyllabic","False",TRUE,TRUE
"Altar","MASC",2,"polysyllabic","False",TRUE,TRUE
"Altarbild","NEUT",3,"polysyllabic","False",TRUE,TRUE
"Altarm","MASC",2,"polysyllabic","False",TRUE,TRUE
"Altbau","MASC",1,"monosyllabic","False",FALSE,TRUE
"Altdorfer","MASC",3,"polysyllabic","False",FALSE,TRUE
"Alter","MASC",2,"polysyllabic","False",FALSE,TRUE
"Altern","NEUT",2,"polysyllabic","False",FALSE,TRUE
"Altersaufbau","MASC",2,"polysyllabic","False",TRUE,TRUE
"Altersheim","NEUT",2,"polysyllabic","False",TRUE,TRUE
"Altersunterschied","MASC",4,"polysyllabic","False",TRUE,TRUE
"Alterthum","NEUT",3,"polysyllabic","False",TRUE,TRUE
"Altertum","NEUT",3,"polysyllabic","False",FALSE,TRUE
"Alterungsprozess","MASC",5,"polysyllabic","True",TRUE,FALSE
"Ältervater","MASC",4,"polysyllabic","False",FALSE,TRUE
"Altglas","NEUT",2,"polysyllabic","True",TRUE,FALSE
"Altkunststoff","MASC",3,"polysyllabic","False",TRUE,TRUE
"Altmaterial","NEUT",4,"polysyllabic","False",FALSE,TRUE
"Altneubau","MASC",1,"monosyllabic","False",TRUE,TRUE
"Altniederländisch","NEUT",4,"polysyllabic","True",FALSE,TRUE
"Altpapier","NEUT",2,"polysyllabic","False",TRUE,TRUE
"Altrosa","NEUT",3,"polysyllabic","False",FALSE,TRUE
"Altstoff","MASC",2,"polysyllabic","False",TRUE,TRUE
"Altwasser","NEUT",3,"polysyllabic","False",FALSE,TRUE
"Altweibersommer","MASC",4,"polysyllabic","False",FALSE,TRUE
"Alublech","NEUT",3,"polysyllabic","False",TRUE,TRUE
"Aluminat","NEUT",4,"polysyllabic","False",FALSE,TRUE
"Aluminieren","NEUT",4,"polysyllabic","False",FALSE,TRUE
"Aluminit","MASC",4,"polysyllabic","False",FALSE,TRUE
"Aluminium","NEUT",4,"polysyllabic","False",FALSE,TRUE
"Aluminiumblech","NEUT",5,"polysyllabic","False",TRUE,TRUE
"Aluminiumgalliumarsenid","NEUT",9,"polysyllabic","False",FALSE,TRUE
"Aluminiumgeschirr","NEUT",6,"polysyllabic","False",FALSE,TRUE
"Aluminiumoxid","NEUT",6,"polysyllabic","False",FALSE,TRUE
"Aluminiumsalz","NEUT",5,"polysyllabic","True",TRUE,FALSE
"Aluminiumsilikat","NEUT",7,"polysyllabic","False",FALSE,TRUE
"Aluminiumsulfat","NEUT",6,"polysyllabic","False",FALSE,TRUE
"Aluminosilikat","NEUT",7,"polysyllabic","False",FALSE,TRUE
"Alunit","MASC",3,"polysyllabic","False",FALSE,TRUE
"Alveolar","MASC",3,"polysyllabic","False",FALSE,TRUE
"Amalgam","NEUT",3,"polysyllabic","False",FALSE,TRUE
"Amarant","MASC",3,"polysyllabic","False",TRUE,TRUE
"Amateur","MASC",2,"polysyllabic","False",FALSE,TRUE
"Amateurboxer","MASC",4,"polysyllabic","False",FALSE,TRUE
"Amateurfunk","MASC",3,"polysyllabic","False",FALSE,TRUE
"Amateurmusiker","MASC",5,"polysyllabic","False",FALSE,TRUE
"Amazonien-Tropfenameisenwürger","MASC",9,"polysyllabic","False",FALSE,TRUE
"Ambiente","NEUT",2,"polysyllabic","False",TRUE,FALSE
"Amblygonit","MASC",4,"polysyllabic","False",FALSE,TRUE
"Amboss","MASC",2,"polysyllabic","True",TRUE,FALSE
"Ameisenficker","MASC",4,"polysyllabic","False",FALSE,TRUE
"Ameisenhaufen","MASC",3,"polysyllabic","False",FALSE,TRUE
"Ameisenhügel","MASC",4,"polysyllabic","False",FALSE,TRUE
"Ameisenigel","MASC",4,"polysyllabic","False",FALSE,TRUE
"Ameisenwürger","MASC",4,"polysyllabic","False",FALSE,TRUE
"Amenagieren","NEUT",4,"polysyllabic","False",FALSE,TRUE
"Americium","NEUT",4,"polysyllabic","False",FALSE,TRUE
"Amerikaner","MASC",5,"polysyllabic","False",FALSE,TRUE
"Amerikanisch","NEUT",5,"polysyllabic","True",FALSE,TRUE
"Amethyst","MASC",3,"polysyllabic","False",FALSE,TRUE
"Ametrin","MASC",3,"polysyllabic","False",FALSE,TRUE
"Ami","MASC",2,"polysyllabic","False",FALSE,TRUE
"Amid","NEUT",2,"polysyllabic","False",TRUE,TRUE
"Amigo","MASC",3,"polysyllabic","False",FALSE,TRUE
"Amin","NEUT",2,"polysyllabic","False",FALSE,TRUE
"Ammenmärchen","NEUT",4,"polysyllabic","False",FALSE,TRUE
"Ammoniak","NEUT",3,"polysyllabic","False",FALSE,TRUE
"Ammoniakat","NEUT",4,"polysyllabic","False",FALSE,TRUE
"Ammonium","NEUT",3,"polysyllabic","False",FALSE,TRUE
"Ammoniumsalz","NEUT",4,"polysyllabic","True",TRUE,FALSE
"Ammoniumsulfat","NEUT",5,"polysyllabic","False",FALSE,TRUE
"Amnion","NEUT",2,"polysyllabic","False",FALSE,TRUE
"Amok","MASC",2,"polysyllabic","False",FALSE,TRUE
"Amoklauf","MASC",2,"polysyllabic","False",TRUE,TRUE
"Amokläufer","MASC",3,"polysyllabic","False",FALSE,TRUE
"Ampelmännchen","NEUT",4,"polysyllabic","False",FALSE,TRUE
"Ampere","NEUT",3,"polysyllabic","False",TRUE,FALSE
"Ampfer","MASC",2,"polysyllabic","False",FALSE,TRUE
"Amphetamin","NEUT",4,"polysyllabic","False",FALSE,TRUE
"Amphibienfahrzeug","NEUT",3,"polysyllabic","False",TRUE,TRUE
"Amphibol","MASC",3,"polysyllabic","False",FALSE,TRUE
"Amphoter","MASC",3,"polysyllabic","False",TRUE,TRUE
"Amputieren","NEUT",3,"polysyllabic","False",FALSE,TRUE
"Amsterdamer","MASC",4,"polysyllabic","False",FALSE,TRUE
"Amt","NEUT",1,"monosyllabic","False",TRUE,TRUE
"Amtmann","MASC",2,"polysyllabic","False",TRUE,TRUE
"Amtsantritt","MASC",3,"polysyllabic","False",TRUE,TRUE
"Amtseid","MASC",1,"monosyllabic","False",TRUE,TRUE
"Amtsgericht","NEUT",3,"polysyllabic","False",TRUE,TRUE
"Amtsinhaber","MASC",4,"polysyllabic","False",FALSE,TRUE
"Amtsleiter","MASC",2,"polysyllabic","False",FALSE,TRUE
"Amtsschimmel","MASC",3,"polysyllabic","False",FALSE,TRUE
"Amtsträger","MASC",3,"polysyllabic","False",FALSE,TRUE
"Amtsverzicht","MASC",3,"polysyllabic","False",TRUE,TRUE
"Amulett","NEUT",3,"polysyllabic","False",TRUE,TRUE
"Amüsement","NEUT",4,"polysyllabic","False",FALSE,TRUE
"Amüsieren","NEUT",3,"polysyllabic","False",FALSE,TRUE
"Anabolikum","NEUT",5,"polysyllabic","False",FALSE,TRUE
"Anagramm","NEUT",3,"polysyllabic","False",TRUE,TRUE
"Analbohrer","MASC",4,"polysyllabic","False",FALSE,TRUE
"Analemma","NEUT",4,"polysyllabic","False",FALSE,TRUE
"Analgetikum","NEUT",5,"polysyllabic","False",FALSE,TRUE
"Analogon","NEUT",4,"polysyllabic","False",FALSE,TRUE
"Analritter","MASC",4,"polysyllabic","False",FALSE,TRUE
"Analysieren","NEUT",4,"polysyllabic","False",FALSE,TRUE
"Ananassaft","MASC",4,"polysyllabic","False",TRUE,TRUE
"Anapäst","MASC",3,"polysyllabic","False",FALSE,TRUE
"Anaphrodisiakum","NEUT",6,"polysyllabic","False",FALSE,TRUE
"Anästhetikum","NEUT",5,"polysyllabic","False",FALSE,TRUE
"Anathema","NEUT",4,"polysyllabic","False",FALSE,TRUE
"Anbandeln","NEUT",3,"polysyllabic","False",FALSE,TRUE
"Anbändeln","NEUT",3,"polysyllabic","False",FALSE,TRUE
"Anbauen","NEUT",2,"polysyllabic","False",FALSE,TRUE
"Anbeginn","MASC",3,"polysyllabic","False",TRUE,TRUE
"Anbeißen","NEUT",2,"polysyllabic","False",FALSE,TRUE
"Anbeten","NEUT",3,"polysyllabic","False",FALSE,TRUE
"Anbeter","MASC",3,"polysyllabic","False",FALSE,TRUE
"Anbieten","NEUT",2,"polysyllabic","False",FALSE,TRUE
"Anbieter","MASC",2,"polysyllabic","False",FALSE,TRUE
"Anbinden","NEUT",3,"polysyllabic","False",FALSE,TRUE
"Anblicken","NEUT",3,"polysyllabic","False",FALSE,TRUE
"Anbot","NEUT",2,"polysyllabic","False",TRUE,TRUE
"Anbräunen","NEUT",2,"polysyllabic","False",FALSE,TRUE
"Anbrechen","NEUT",3,"polysyllabic","False",FALSE,TRUE
"Anbringen","NEUT",3,"polysyllabic","False",FALSE,TRUE
"Andalusit","MASC",4,"polysyllabic","False",FALSE,TRUE
"Andauern","NEUT",2,"polysyllabic","False",FALSE,TRUE
"Ändern","NEUT",2,"polysyllabic","False",FALSE,TRUE
"Andeuten","NEUT",2,"polysyllabic","False",FALSE,TRUE
"Andorraner","MASC",4,"polysyllabic","False",FALSE,TRUE
"Androhen","NEUT",3,"polysyllabic","False",FALSE,TRUE
"Aneignen","NEUT",2,"polysyllabic","False",FALSE,TRUE
"Anekdötchen","NEUT",4,"polysyllabic","False",FALSE,TRUE
"Anerbieten","NEUT",3,"polysyllabic","False",FALSE,TRUE
"Anerkennen","NEUT",4,"polysyllabic","False",FALSE,TRUE
"Aneurysma","NEUT",3,"polysyllabic","False",FALSE,TRUE
"Anfall","MASC",2,"polysyllabic","False",FALSE,TRUE
"Anfallen","NEUT",3,"polysyllabic","False",FALSE,TRUE
"Anfang","MASC",2,"polysyllabic","False",TRUE,TRUE
"Anfangen","NEUT",3,"polysyllabic","False",FALSE,TRUE
"Anfänger","MASC",3,"polysyllabic","False",FALSE,TRUE
"Anfangswort","NEUT",3,"polysyllabic","False",TRUE,TRUE
"Anfangszustand","MASC",4,"polysyllabic","False",TRUE,TRUE
"Anfassen","NEUT",3,"polysyllabic","False",FALSE,TRUE
"Anfechten","NEUT",3,"polysyllabic","False",FALSE,TRUE
"Anfertigen","NEUT",4,"polysyllabic","False",FALSE,TRUE
"Anflehen","NEUT",3,"polysyllabic","False",FALSE,TRUE
"Anflug","MASC",2,"polysyllabic","False",TRUE,TRUE
"Anfordern","NEUT",3,"polysyllabic","False",FALSE,TRUE
"Anfügen","NEUT",3,"polysyllabic","False",FALSE,TRUE
"Anführen","NEUT",3,"polysyllabic","False",FALSE,TRUE
"Anführer","MASC",3,"polysyllabic","False",FALSE,TRUE
"Anführungszeichen","NEUT",4,"polysyllabic","False",FALSE,TRUE
"Angeben","NEUT",3,"polysyllabic","False",FALSE,TRUE
"Angeber","MASC",3,"polysyllabic","False",FALSE,TRUE
"Angebot","NEUT",3,"polysyllabic","False",TRUE,TRUE
"Angehen","NEUT",3,"polysyllabic","False",FALSE,TRUE
"Angehören","NEUT",4,"polysyllabic","False",FALSE,TRUE
"Angelhaken","MASC",4,"polysyllabic","False",FALSE,TRUE
"Angeliter","MASC",4,"polysyllabic","False",FALSE,TRUE
"Angeln","NEUT",2,"polysyllabic","False",FALSE,TRUE
"Angelpunkt","MASC",3,"polysyllabic","False",TRUE,TRUE
"Angesicht","NEUT",3,"polysyllabic","False",FALSE,TRUE
"Angiotensin","NEUT",4,"polysyllabic","False",FALSE,TRUE
"Angleichen","NEUT",2,"polysyllabic","False",FALSE,TRUE
"Angler","MASC",2,"polysyllabic","False",FALSE,TRUE
"Anglerfisch","MASC",3,"polysyllabic","True",TRUE,TRUE
"Angliedern","NEUT",2,"polysyllabic","False",FALSE,TRUE
"Anglikaner","MASC",4,"polysyllabic","False",FALSE,TRUE
"Angolaner","MASC",4,"polysyllabic","False",FALSE,TRUE
"Angreifen","NEUT",2,"polysyllabic","False",FALSE,TRUE
"Angreifer","MASC",2,"polysyllabic","False",FALSE,TRUE
"Angriff","MASC",2,"polysyllabic","False",TRUE,TRUE
"Angriffsspieler","MASC",3,"polysyllabic","False",FALSE,TRUE
"Ängstigen","NEUT",3,"polysyllabic","False",FALSE,TRUE
"Ångström","NEUT",1,"monosyllabic","False",FALSE,TRUE
"Angstschweiß","MASC",1,"monosyllabic","True",TRUE,FALSE
"Angstzustand","MASC",3,"polysyllabic","False",TRUE,TRUE
"Angucken","NEUT",3,"polysyllabic","False",FALSE,TRUE
"Angurten","NEUT",3,"polysyllabic","False",FALSE,TRUE
"Anhaben","NEUT",3,"polysyllabic","False",FALSE,TRUE
"Anhalt","MASC",2,"polysyllabic","False",TRUE,TRUE
"Anhalten","NEUT",3,"polysyllabic","False",FALSE,TRUE
"Anhalter","MASC",3,"polysyllabic","False",FALSE,TRUE
"Anhaltiner","MASC",4,"polysyllabic","False",FALSE,TRUE
"Anhaltspunkt","MASC",3,"polysyllabic","False",TRUE,TRUE
"Anhang","MASC",2,"polysyllabic","False",FALSE,TRUE
"Anhängen","NEUT",3,"polysyllabic","False",FALSE,TRUE
"Anhänger","MASC",3,"polysyllabic","False",FALSE,TRUE
"Anhängsel","NEUT",3,"polysyllabic","False",FALSE,TRUE
"Anhäufen","NEUT",2,"polysyllabic","False",FALSE,TRUE
"Anheben","NEUT",3,"polysyllabic","False",FALSE,TRUE
"Anheften","NEUT",3,"polysyllabic","False",FALSE,TRUE
"Anheizen","NEUT",2,"polysyllabic","False",FALSE,TRUE
"Anhieb","MASC",1,"monosyllabic","False",TRUE,TRUE
"Anhimmeln","NEUT",3,"polysyllabic","False",FALSE,TRUE
"Anhören","NEUT",3,"polysyllabic","False",FALSE,TRUE
"Anhydrid","NEUT",3,"polysyllabic","False",FALSE,TRUE
"Anhydrit","MASC",3,"polysyllabic","False",FALSE,TRUE
"Anilin","NEUT",3,"polysyllabic","False",FALSE,TRUE
"Animateur","MASC",3,"polysyllabic","False",FALSE,TRUE
"Anion","NEUT",2,"polysyllabic","False",FALSE,TRUE
"Anisette","MASC",4,"polysyllabic","False",TRUE,FALSE
"Anissamen","MASC",4,"polysyllabic","False",FALSE,TRUE
"Ankauf","MASC",1,"monosyllabic","False",TRUE,TRUE
"Anker","MASC",2,"polysyllabic","False",FALSE,TRUE
"Ankerit","MASC",3,"polysyllabic","False",FALSE,TRUE
"Ankern","NEUT",2,"polysyllabic","False",FALSE,TRUE
"Ankerplatz","MASC",3,"polysyllabic","True",TRUE,FALSE
"Anklagen","NEUT",3,"polysyllabic","False",FALSE,TRUE
"Ankläger","MASC",3,"polysyllabic","False",FALSE,TRUE
"Anklang","MASC",2,"polysyllabic","False",TRUE,TRUE
"Anklingeln","NEUT",3,"polysyllabic","False",FALSE,TRUE
"Ankommen","NEUT",3,"polysyllabic","False",FALSE,TRUE
"Ankömmling","MASC",3,"polysyllabic","False",FALSE,TRUE
"Ankönnen","NEUT",3,"polysyllabic","False",FALSE,TRUE
"Ankratzen","NEUT",3,"polysyllabic","False",FALSE,TRUE
"Ankreiden","NEUT",2,"polysyllabic","False",FALSE,TRUE
"Ankreuzen","NEUT",2,"polysyllabic","False",FALSE,TRUE
"Ankucken","NEUT",3,"polysyllabic","False",FALSE,TRUE
"Ankündigen","NEUT",4,"polysyllabic","False",FALSE,TRUE
"Ankurbeln","NEUT",3,"polysyllabic","False",FALSE,TRUE
"Anlächeln","NEUT",3,"polysyllabic","False",FALSE,TRUE
"Anlagebetrüger","MASC",6,"polysyllabic","False",FALSE,TRUE
"Anlagenbau","MASC",3,"polysyllabic","False",TRUE,TRUE
"Anlageprodukt","NEUT",5,"polysyllabic","False",TRUE,TRUE
"Anlagern","NEUT",3,"polysyllabic","False",FALSE,TRUE
"Anlangen","NEUT",3,"polysyllabic","False",FALSE,TRUE
"Anlass","MASC",2,"polysyllabic","True",TRUE,FALSE
"Anlassen","NEUT",3,"polysyllabic","False",FALSE,TRUE
"Anlauf","MASC",1,"monosyllabic","False",TRUE,TRUE
"Anlaufen","NEUT",2,"polysyllabic","False",FALSE,TRUE
"Anlaut","MASC",1,"monosyllabic","False",TRUE,TRUE
"Anlegen","NEUT",3,"polysyllabic","False",FALSE,TRUE
"Anleger","MASC",3,"polysyllabic","False",FALSE,TRUE
"Anlegieren","NEUT",3,"polysyllabic","False",FALSE,TRUE
"Anleiten","NEUT",2,"polysyllabic","False",FALSE,TRUE
"Anliegen","NEUT",2,"polysyllabic","False",FALSE,TRUE
"Anlocken","NEUT",3,"polysyllabic","False",FALSE,TRUE
"Anlügen","NEUT",3,"polysyllabic","False",FALSE,TRUE
"Anmachen","NEUT",3,"polysyllabic","False",FALSE,TRUE
"Anmachspruch","MASC",3,"polysyllabic","False",TRUE,TRUE
"Anmaßen","NEUT",3,"polysyllabic","False",FALSE,TRUE
"Anmelden","NEUT",3,"polysyllabic","False",FALSE,TRUE
"Anmelder","MASC",3,"polysyllabic","False",FALSE,TRUE
"Anmerken","NEUT",3,"polysyllabic","False",FALSE,TRUE
"Annähern","NEUT",3,"polysyllabic","False",FALSE,TRUE
"Annehmen","NEUT",3,"polysyllabic","False",FALSE,TRUE
"Annektieren","NEUT",3,"polysyllabic","False",FALSE,TRUE
"Annullieren","NEUT",3,"polysyllabic","False",FALSE,TRUE
"Anodenschlamm","MASC",4,"polysyllabic","False",TRUE,TRUE
"Anodisieren","NEUT",4,"polysyllabic","False",FALSE,TRUE
"Anordnen","NEUT",3,"polysyllabic","False",FALSE,TRUE
"Anpassen","NEUT",3,"polysyllabic","False",FALSE,TRUE
"Anpfiff","MASC",2,"polysyllabic","False",TRUE,TRUE
"Anpingen","NEUT",3,"polysyllabic","False",FALSE,TRUE
"Anprangern","NEUT",3,"polysyllabic","False",FALSE,TRUE
"Anpreisen","NEUT",2,"polysyllabic","False",FALSE,TRUE
"Anprobieren","NEUT",3,"polysyllabic","False",FALSE,TRUE
"Anrecht","NEUT",2,"polysyllabic","False",TRUE,TRUE
"Anredefall","MASC",4,"polysyllabic","False",TRUE,FALSE
"Anreden","NEUT",3,"polysyllabic","False",FALSE,TRUE
"Anreichern","NEUT",2,"polysyllabic","False",FALSE,TRUE
"Anreisen","NEUT",2,"polysyllabic","False",FALSE,TRUE
"Anreiz","MASC",1,"monosyllabic","True",TRUE,FALSE
"Anrichten","NEUT",3,"polysyllabic","False",FALSE,TRUE
"Anruf","MASC",2,"polysyllabic","False",TRUE,TRUE
"Anrufbeantworter","MASC",5,"polysyllabic","False",FALSE,TRUE
"Anrufen","NEUT",3,"polysyllabic","False",FALSE,TRUE
"Anrufer","MASC",3,"polysyllabic","False",FALSE,TRUE
"Anrühren","NEUT",3,"polysyllabic","False",FALSE,TRUE
"Ansagen","NEUT",3,"polysyllabic","False",FALSE,TRUE
"Ansatz","MASC",2,"polysyllabic","True",TRUE,FALSE
"Ansäuern","NEUT",2,"polysyllabic","False",FALSE,TRUE
"Anschaffen","NEUT",3,"polysyllabic","False",FALSE,TRUE
"Anschalten","NEUT",3,"polysyllabic","False",FALSE,TRUE
"Anschauen","NEUT",2,"polysyllabic","False",FALSE,TRUE
"Anschein","MASC",1,"monosyllabic","False",TRUE,TRUE
"Anschicken","NEUT",3,"polysyllabic","False",FALSE,TRUE
"Anschiessen","NEUT",2,"polysyllabic","False",FALSE,TRUE
"Anschießen","NEUT",2,"polysyllabic","False",FALSE,TRUE
"Anschlag","MASC",2,"polysyllabic","False",TRUE,TRUE
"Anschlagen","NEUT",3,"polysyllabic","False",FALSE,TRUE
"Anschließen","NEUT",2,"polysyllabic","False",FALSE,TRUE
"Anschluss","MASC",2,"polysyllabic","True",TRUE,FALSE
"Anschlusstor","NEUT",3,"polysyllabic","False",TRUE,TRUE
"Anschmiegen","NEUT",2,"polysyllabic","False",FALSE,TRUE
"Anschnallen","NEUT",3,"polysyllabic","False",FALSE,TRUE
"Anschnallgurt","MASC",3,"polysyllabic","False",FALSE,TRUE
"Anschreiben","NEUT",2,"polysyllabic","False",FALSE,TRUE
"Anschuldigen","NEUT",4,"polysyllabic","False",FALSE,TRUE
"Anschwärzen","NEUT",3,"polysyllabic","False",FALSE,TRUE
"Anschwellen","NEUT",3,"polysyllabic","False",FALSE,TRUE
"Anschwitzen","NEUT",3,"polysyllabic","False",FALSE,TRUE
"Ansehen","NEUT",3,"polysyllabic","False",FALSE,TRUE
"Ansenken","NEUT",3,"polysyllabic","False",FALSE,TRUE
"Ansetzen","NEUT",3,"polysyllabic","False",FALSE,TRUE
"Ansiedeln","NEUT",2,"polysyllabic","False",FALSE,TRUE
"Anspielen","NEUT",2,"polysyllabic","False",FALSE,TRUE
"Anspitzen","NEUT",3,"polysyllabic","False",FALSE,TRUE
"Anspitzer","MASC",3,"polysyllabic","False",FALSE,TRUE
"Ansporn","MASC",2,"polysyllabic","False",TRUE,TRUE
"Anspornen","NEUT",3,"polysyllabic","False",FALSE,TRUE
"Ansprechen","NEUT",3,"polysyllabic","False",FALSE,TRUE
"Anspruch","MASC",2,"polysyllabic","False",TRUE,TRUE
"Anspülen","NEUT",3,"polysyllabic","False",FALSE,TRUE
"Anstacheln","NEUT",3,"polysyllabic","False",FALSE,TRUE
"Anstachler","MASC",3,"polysyllabic","False",FALSE,TRUE
"Anstand","MASC",2,"polysyllabic","False",TRUE,TRUE
"Anstandsrest","MASC",3,"polysyllabic","False",TRUE,TRUE
"Anstarren","NEUT",3,"polysyllabic","False",FALSE,TRUE
"Anstecken","NEUT",3,"polysyllabic","False",FALSE,TRUE
"Anstecker","MASC",3,"polysyllabic","False",FALSE,TRUE
"Ansteckungsgebiet","NEUT",4,"polysyllabic","False",TRUE,FALSE
"Anstehen","NEUT",3,"polysyllabic","False",FALSE,TRUE
"Ansteigen","NEUT",2,"polysyllabic","False",FALSE,TRUE
"Anstellen","NEUT",3,"polysyllabic","False",FALSE,TRUE
"Ansteuern","NEUT",2,"polysyllabic","False",FALSE,TRUE
"Anstieg","MASC",1,"monosyllabic","False",TRUE,TRUE
"Anstoß","MASC",2,"polysyllabic","True",TRUE,FALSE
"Anstossen","NEUT",3,"polysyllabic","False",FALSE,TRUE
"Anstoßen","NEUT",3,"polysyllabic","False",FALSE,TRUE
"Anstreben","NEUT",3,"polysyllabic","False",FALSE,TRUE
"Anstrengen","NEUT",3,"polysyllabic","False",FALSE,TRUE
"Anstrich","MASC",2,"polysyllabic","False",FALSE,TRUE
"Anstrichstoff","MASC",3,"polysyllabic","False",FALSE,TRUE
"Ansturm","MASC",2,"polysyllabic","False",TRUE,TRUE
"Ansuchen","NEUT",3,"polysyllabic","False",FALSE,TRUE
"Ansumpfen","NEUT",3,"polysyllabic","False",FALSE,TRUE
"Antaphrodisiakum","NEUT",6,"polysyllabic","False",FALSE,TRUE
"Anthocyan","NEUT",3,"polysyllabic","False",FALSE,TRUE
"Anthrazit","MASC",3,"polysyllabic","False",FALSE,TRUE
"Antialkoholiker","MASC",6,"polysyllabic","False",FALSE,TRUE
"Antibiotikum","NEUT",5,"polysyllabic","False",FALSE,TRUE
"Antichambrieren","NEUT",4,"polysyllabic","False",FALSE,TRUE
"Antichrist","MASC",3,"polysyllabic","False",FALSE,TRUE
"Antidepressivum","NEUT",6,"polysyllabic","False",FALSE,TRUE
"Antidot","NEUT",3,"polysyllabic","False",FALSE,TRUE
"Antigen","NEUT",3,"polysyllabic","False",FALSE,TRUE
"Antiguaner","MASC",4,"polysyllabic","False",FALSE,TRUE
"Antihistaminikum","NEUT",7,"polysyllabic","False",FALSE,TRUE
"Antikenhändler","MASC",5,"polysyllabic","False",FALSE,TRUE
"Antiklopfmittel","NEUT",5,"polysyllabic","False",FALSE,TRUE
"Antikörper","MASC",4,"polysyllabic","False",FALSE,TRUE
"Antimon","NEUT",3,"polysyllabic","False",FALSE,TRUE
"Antimonerz","NEUT",4,"polysyllabic","True",TRUE,FALSE
"Antimonglanz","MASC",4,"polysyllabic","True",TRUE,FALSE
"Antimonid","NEUT",4,"polysyllabic","False",FALSE,TRUE
"Antimonsalz","NEUT",4,"polysyllabic","True",TRUE,FALSE
"Antimuster","NEUT",4,"polysyllabic","False",FALSE,TRUE
"Antimyon","NEUT",3,"polysyllabic","False",FALSE,TRUE
"Antiphlogistikum","NEUT",6,"polysyllabic","False",FALSE,TRUE
"Antipilzmittel","NEUT",5,"polysyllabic","False",FALSE,TRUE
"Antippen","NEUT",3,"polysyllabic","False",FALSE,TRUE
"Antiquark","NEUT",3,"polysyllabic","False",FALSE,TRUE
"Antiquitätenhändler","MASC",7,"polysyllabic","False",FALSE,TRUE
"Antiteilchen","NEUT",3,"polysyllabic","False",FALSE,TRUE
"Antitranspirant","NEUT",5,"polysyllabic","False",FALSE,TRUE
"Antiwitz","MASC",3,"polysyllabic","True",TRUE,FALSE
"Antizipieren","NEUT",4,"polysyllabic","False",FALSE,TRUE
"Antlitz","NEUT",2,"polysyllabic","True",TRUE,FALSE
"Antonym","NEUT",3,"polysyllabic","False",FALSE,TRUE
"Antrag","MASC",2,"polysyllabic","False",TRUE,TRUE
"Antragsdelikt","NEUT",4,"polysyllabic","False",TRUE,TRUE
"Antragsteller","MASC",4,"polysyllabic","False",FALSE,TRUE
"Antreiben","NEUT",2,"polysyllabic","False",FALSE,TRUE
"Antreten","NEUT",3,"polysyllabic","False",FALSE,TRUE
"Antriebssystem","NEUT",3,"polysyllabic","False",FALSE,TRUE
"Antritt","MASC",2,"polysyllabic","False",TRUE,TRUE
"Antun","NEUT",2,"polysyllabic","False",FALSE,TRUE
"Antwerpener","MASC",4,"polysyllabic","False",FALSE,TRUE
"Antworten","NEUT",3,"polysyllabic","False",FALSE,TRUE
"Anvertrauen","NEUT",3,"polysyllabic","False",FALSE,TRUE
"Anvisieren","NEUT",3,"polysyllabic","False",FALSE,TRUE
"Anwachsen","NEUT",3,"polysyllabic","False",FALSE,TRUE
"Anwalt","MASC",2,"polysyllabic","False",TRUE,TRUE
"Anwärter","MASC",3,"polysyllabic","False",FALSE,TRUE
"Anweisen","NEUT",2,"polysyllabic","False",FALSE,TRUE
"Anwenden","NEUT",3,"polysyllabic","False",FALSE,TRUE
"Anwender","MASC",3,"polysyllabic","False",FALSE,TRUE
"Anwendungsbereich","MASC",4,"polysyllabic","False",TRUE,TRUE
"Anwendungsgebiet","NEUT",4,"polysyllabic","False",TRUE,TRUE
"Anwendungsspektrum","NEUT",5,"polysyllabic","False",FALSE,TRUE
"Anwesen","NEUT",3,"polysyllabic","False",FALSE,TRUE
"Anwohner","MASC",3,"polysyllabic","False",FALSE,TRUE
"Anwohnerparkplatz","MASC",5,"polysyllabic","True",TRUE,FALSE
"Anzeichen","NEUT",2,"polysyllabic","False",FALSE,TRUE
"Anzeigegerät","NEUT",4,"polysyllabic","False",FALSE,TRUE
"Anzeigen","NEUT",2,"polysyllabic","False",FALSE,TRUE
"Anzeiger","MASC",2,"polysyllabic","False",FALSE,TRUE
"Anzetteln","NEUT",3,"polysyllabic","False",FALSE,TRUE
"Anziehen","NEUT",2,"polysyllabic","False",FALSE,TRUE
"Anzug","MASC",2,"polysyllabic","False",TRUE,TRUE
"Anzünden","NEUT",3,"polysyllabic","False",FALSE,TRUE
"Anzünder","MASC",3,"polysyllabic","False",FALSE,TRUE
"Anzweifeln","NEUT",2,"polysyllabic","False",FALSE,TRUE
"Äon","MASC",1,"monosyllabic","False",FALSE,TRUE
"Aorist","MASC",2,"polysyllabic","False",TRUE,TRUE
"Aortenbogen","MASC",4,"polysyllabic","False",FALSE,TRUE
"Apartment","NEUT",3,"polysyllabic","False",FALSE,TRUE
"Apastron","NEUT",3,"polysyllabic","False",FALSE,TRUE
"Apatit","MASC",3,"polysyllabic","False",FALSE,TRUE
"Aperitif","MASC",4,"polysyllabic","False",FALSE,TRUE
"Apfel","MASC",2,"polysyllabic","False",FALSE,TRUE
"Apfelbäckchen","NEUT",4,"polysyllabic","False",FALSE,TRUE
"Apfelbaum","MASC",2,"polysyllabic","False",TRUE,TRUE
"Apfelbäumchen","NEUT",3,"polysyllabic","False",FALSE,TRUE
"Apfelbäumlein","NEUT",2,"polysyllabic","False",FALSE,TRUE
"Apfelentkerner","MASC",5,"polysyllabic","False",FALSE,TRUE
"Apfelkern","MASC",3,"polysyllabic","False",TRUE,TRUE
"Apfelkuchen","MASC",4,"polysyllabic","False",FALSE,TRUE
"Apfelmännchen","NEUT",4,"polysyllabic","False",FALSE,TRUE
"Apfelmus","NEUT",3,"polysyllabic","True",TRUE,FALSE
"Apfelsaft","MASC",3,"polysyllabic","False",TRUE,TRUE
"Apfelsinenbaum","MASC",4,"polysyllabic","False",TRUE,TRUE
"Apfelsinensaft","MASC",5,"polysyllabic","False",TRUE,TRUE
"Apfelstrudel","MASC",4,"polysyllabic","False",FALSE,TRUE
"Apfelwein","MASC",2,"polysyllabic","False",TRUE,TRUE
"Aphasiker","MASC",4,"polysyllabic","False",FALSE,TRUE
"Aphel","NEUT",2,"polysyllabic","False",FALSE,TRUE
"Aphrodisiakum","NEUT",5,"polysyllabic","False",FALSE,TRUE
"Apiarium","NEUT",3,"polysyllabic","False",FALSE,TRUE
"Apogäum","NEUT",2,"polysyllabic","False",FALSE,TRUE
"Apokalyptiker","MASC",6,"polysyllabic","False",FALSE,TRUE
"Apokopat","MASC",4,"polysyllabic","False",FALSE,TRUE
"Apostel","MASC",3,"polysyllabic","False",FALSE,TRUE
"Apotheker","MASC",4,"polysyllabic","False",FALSE,TRUE
"Apparat","MASC",3,"polysyllabic","False",TRUE,TRUE
"Appartement","NEUT",4,"polysyllabic","False",FALSE,TRUE
"Appel","MASC",2,"polysyllabic","False",FALSE,TRUE
"Appell","MASC",2,"polysyllabic","False",FALSE,TRUE
"Appellieren","NEUT",3,"polysyllabic","False",FALSE,TRUE
"Appellmacher","MASC",4,"polysyllabic","False",FALSE,TRUE
"Appenzeller","MASC",4,"polysyllabic","False",FALSE,TRUE
"Appetit","MASC",3,"polysyllabic","False",TRUE,TRUE
"Applaudieren","NEUT",2,"polysyllabic","False",FALSE,TRUE
"Applizieren","NEUT",3,"polysyllabic","False",FALSE,TRUE
"Apportieren","NEUT",3,"polysyllabic","False",FALSE,TRUE
"Apportierhund","MASC",3,"polysyllabic","False",TRUE,TRUE
"Aprikosenbaum","MASC",4,"polysyllabic","False",TRUE,TRUE
"Aprikosensaft","MASC",5,"polysyllabic","False",TRUE,TRUE
"Aprikosenstein","MASC",4,"polysyllabic","False",TRUE,TRUE
"April","MASC",2,"polysyllabic","False",FALSE,TRUE
"Aprilscherz","MASC",3,"polysyllabic","True",TRUE,FALSE
"Aquakomplex","MASC",4,"polysyllabic","True",TRUE,FALSE
"Aquamarin","MASC",4,"polysyllabic","False",FALSE,TRUE
"Aquarienfisch","MASC",3,"polysyllabic","True",TRUE,TRUE
"Aquarium","NEUT",3,"polysyllabic","False",FALSE,TRUE
"Äquativ","MASC",3,"polysyllabic","False",FALSE,TRUE
"Aquifer","MASC",3,"polysyllabic","False",FALSE,TRUE
"Äquinoktium","NEUT",4,"polysyllabic","False",FALSE,TRUE
"Ara","MASC",2,"polysyllabic","False",FALSE,TRUE
"Araber","MASC",3,"polysyllabic","False",FALSE,TRUE
"Arabisch","NEUT",3,"polysyllabic","True",FALSE,TRUE
"Aragonit","MASC",4,"polysyllabic","False",FALSE,TRUE
"Arbeiten","NEUT",2,"polysyllabic","False",FALSE,TRUE
"Arbeiter","MASC",2,"polysyllabic","False",FALSE,TRUE
"Arbeiterviertel","NEUT",3,"polysyllabic","False",FALSE,TRUE
"Arbeitgeber","MASC",3,"polysyllabic","False",FALSE,TRUE
"Arbeitnehmer","MASC",3,"polysyllabic","False",FALSE,TRUE
"Arbeitsamt","NEUT",2,"polysyllabic","False",TRUE,TRUE
"Arbeitsarzt","MASC",2,"polysyllabic","False",TRUE,FALSE
"Arbeitsbereich","MASC",2,"polysyllabic","False",TRUE,TRUE
"Arbeitsbericht","MASC",3,"polysyllabic","False",TRUE,TRUE
"Arbeitsbeschaffungsprogramm","NEUT",6,"polysyllabic","False",TRUE,TRUE
"Arbeitsbuch","NEUT",2,"polysyllabic","False",TRUE,TRUE
"Arbeitsdienst","MASC",1,"monosyllabic","False",TRUE,FALSE
"Arbeitseinsatz","MASC",2,"polysyllabic","True",TRUE,FALSE
"Arbeitsfeld","NEUT",2,"polysyllabic","False",TRUE,TRUE
"Arbeitskreis","MASC",1,"monosyllabic","True",TRUE,FALSE
"Arbeitslager","NEUT",3,"polysyllabic","False",FALSE,TRUE
"Arbeitslohn","MASC",2,"polysyllabic","False",TRUE,TRUE
"Arbeitslosengeld","MASC",4,"polysyllabic","False",TRUE,TRUE
"Arbeitsmarkt","MASC",2,"polysyllabic","False",TRUE,FALSE
"Arbeitsministerium","NEUT",5,"polysyllabic","False",FALSE,TRUE
"Arbeitspass","MASC",2,"polysyllabic","True",TRUE,FALSE
"Arbeitspensum","NEUT",3,"polysyllabic","False",FALSE,TRUE
"Arbeitsplatz","MASC",2,"polysyllabic","True",TRUE,FALSE
"Arbeitsschritt","MASC",2,"polysyllabic","False",TRUE,TRUE
"Arbeitsschutz","MASC",2,"polysyllabic","True",TRUE,FALSE
"Arbeitsspeicher","MASC",2,"polysyllabic","False",FALSE,TRUE
"Arbeitstier","NEUT",1,"monosyllabic","False",TRUE,TRUE
"Arbeitstisch","MASC",2,"polysyllabic","True",TRUE,FALSE
"Arbeitsunfall","MASC",3,"polysyllabic","False",TRUE,TRUE
"Arbeitszimmer","NEUT",3,"polysyllabic","False",FALSE,TRUE
"Archiphonem","NEUT",4,"polysyllabic","False",FALSE,TRUE
"Architekturmuster","NEUT",6,"polysyllabic","False",FALSE,TRUE
"Archivar","MASC",3,"polysyllabic","False",FALSE,TRUE
"Areal","NEUT",2,"polysyllabic","False",FALSE,TRUE
"Argentinier","MASC",3,"polysyllabic","False",FALSE,TRUE
"Argentit","MASC",3,"polysyllabic","False",FALSE,TRUE
"Ärgern","NEUT",2,"polysyllabic","False",FALSE,TRUE
"Argon","NEUT",2,"polysyllabic","False",FALSE,TRUE
"Argument","NEUT",3,"polysyllabic","False",TRUE,TRUE
"Argumentieren","NEUT",4,"polysyllabic","False",FALSE,TRUE
"Argusauge","NEUT",3,"polysyllabic","False",TRUE,FALSE
"Argwohn","MASC",2,"polysyllabic","False",TRUE,TRUE
"Argyrodit","MASC",4,"polysyllabic","False",FALSE,TRUE
"Ariadnefaden","MASC",5,"polysyllabic","False",FALSE,TRUE
"Arier","MASC",1,"monosyllabic","False",FALSE,TRUE
"Ariseur","MASC",2,"polysyllabic","False",FALSE,TRUE
"Arisierer","MASC",3,"polysyllabic","False",FALSE,TRUE
"Arm","MASC",1,"monosyllabic","False",TRUE,TRUE
"Armaturenbrett","NEUT",5,"polysyllabic","False",TRUE,TRUE
"Armband","NEUT",2,"polysyllabic","False",TRUE,TRUE
"Armbruch","MASC",2,"polysyllabic","False",TRUE,TRUE
"Ärmchen","NEUT",2,"polysyllabic","False",FALSE,TRUE
"Ärmel","MASC",2,"polysyllabic","False",FALSE,TRUE
"Armenhaus","NEUT",2,"polysyllabic","True",TRUE,FALSE
"Armenier","MASC",2,"polysyllabic","False",FALSE,TRUE
"Armgelenk","NEUT",3,"polysyllabic","False",TRUE,TRUE
"Ärmlein","NEUT",1,"monosyllabic","False",FALSE,TRUE
"Armleuchter","MASC",2,"polysyllabic","False",FALSE,TRUE
"Armreif","MASC",1,"monosyllabic","False",TRUE,TRUE
"Arno","MASC",2,"polysyllabic","False",FALSE,TRUE
"Aroma","NEUT",3,"polysyllabic","False",FALSE,TRUE
"Aromastoff","MASC",4,"polysyllabic","False",TRUE,TRUE
"Arrangement","NEUT",4,"polysyllabic","False",FALSE,TRUE
"Arrangieren","NEUT",3,"polysyllabic","False",FALSE,TRUE
"Arrest","MASC",2,"polysyllabic","False",TRUE,TRUE
"Arretieren","NEUT",3,"polysyllabic","False",FALSE,TRUE
"Arrivieren","NEUT",3,"polysyllabic","False",FALSE,TRUE
"Arsabenzol","NEUT",4,"polysyllabic","False",FALSE,TRUE
"Arsan","NEUT",2,"polysyllabic","False",FALSE,TRUE
"Arschficker","MASC",3,"polysyllabic","False",FALSE,TRUE
"Arschgesicht","NEUT",3,"polysyllabic","False",TRUE,TRUE
"Arschgeweih","NEUT",2,"polysyllabic","False",TRUE,TRUE
"Arschkriecher","MASC",2,"polysyllabic","False",FALSE,TRUE
"Arschlecker","MASC",3,"polysyllabic","False",FALSE,TRUE
"Arschloch","NEUT",2,"polysyllabic","False",TRUE,TRUE
"Arschlochficker","MASC",4,"polysyllabic","False",FALSE,TRUE
"Arschrunzeln","NEUT",3,"polysyllabic","False",FALSE,TRUE
"Arsen","NEUT",2,"polysyllabic","False",FALSE,TRUE
"Arsenal","NEUT",3,"polysyllabic","False",TRUE,TRUE
"Arsenat","NEUT",3,"polysyllabic","False",FALSE,TRUE
"Arsenatom","NEUT",4,"polysyllabic","False",FALSE,TRUE
"Arsenbergwerk","NEUT",4,"polysyllabic","False",TRUE,TRUE
"Arsengehalt","NEUT",4,"polysyllabic","False",FALSE,TRUE
"Arsenid","NEUT",3,"polysyllabic","False",FALSE,TRUE
"Arsenikesser","MASC",5,"polysyllabic","False",FALSE,TRUE
"Arsenit","NEUT",3,"polysyllabic","False",FALSE,TRUE
"Arsenkupfer","NEUT",4,"polysyllabic","False",FALSE,TRUE
"Arsenmineral","NEUT",5,"polysyllabic","False",FALSE,TRUE
"Arsenmonosulfid","NEUT",6,"polysyllabic","False",FALSE,TRUE
"Arsenmord","MASC",3,"polysyllabic","False",FALSE,TRUE
"Arsenobetain","NEUT",5,"polysyllabic","False",FALSE,TRUE
"Arsenocholin","NEUT",5,"polysyllabic","False",FALSE,TRUE
"Arsenolipid","NEUT",5,"polysyllabic","False",FALSE,TRUE
"Arsenolith","MASC",4,"polysyllabic","False",FALSE,TRUE
"Arsenopyrit","NEUT",5,"polysyllabic","False",FALSE,TRUE
"Arsenosaccharid","NEUT",6,"polysyllabic","False",FALSE,TRUE
"Arsenpentachlorid","NEUT",6,"polysyllabic","False",FALSE,TRUE
"Arsensulfid","NEUT",4,"polysyllabic","False",FALSE,TRUE
"Arsentribromid","NEUT",5,"polysyllabic","False",FALSE,TRUE
"Arsentrichlorid","NEUT",5,"polysyllabic","False",FALSE,TRUE
"Arsentriiodid","NEUT",4,"polysyllabic","False",FALSE,TRUE
"Arsentrioxid","NEUT",4,"polysyllabic","False",FALSE,TRUE
"Arsentrisulfid","NEUT",5,"polysyllabic","False",FALSE,TRUE
"Arsenwasserstoff","MASC",5,"polysyllabic","False",FALSE,TRUE
"Arsin","NEUT",2,"polysyllabic","False",FALSE,TRUE
"Arsoran","MASC",3,"polysyllabic","False",FALSE,TRUE
"Arsphenamin","NEUT",4,"polysyllabic","False",FALSE,TRUE
"Artenschutz","MASC",3,"polysyllabic","True",TRUE,FALSE
"Artensterben","NEUT",4,"polysyllabic","False",FALSE,TRUE
"Artepithet","NEUT",4,"polysyllabic","False",FALSE,TRUE
"Artikel","MASC",3,"polysyllabic","False",FALSE,TRUE
"Artikulationsort","MASC",6,"polysyllabic","False",TRUE,TRUE
"Artikulieren","NEUT",4,"polysyllabic","False",FALSE,TRUE
"Arylamin","NEUT",4,"polysyllabic","False",FALSE,TRUE
"Arzneibuch","NEUT",2,"polysyllabic","False",TRUE,TRUE
"Arzneimittel","NEUT",3,"polysyllabic","False",FALSE,TRUE
"Arzneimittelgesetz","NEUT",5,"polysyllabic","True",TRUE,FALSE
"Arzneistoff","MASC",2,"polysyllabic","False",TRUE,TRUE
"Arzt","MASC",1,"monosyllabic","False",TRUE,TRUE
"Ärzteblatt","NEUT",3,"polysyllabic","False",TRUE,TRUE
"Arzthelfer","MASC",3,"polysyllabic","False",FALSE,TRUE
"Arztkittel","MASC",3,"polysyllabic","False",FALSE,TRUE
"Aschenbecher","MASC",4,"polysyllabic","False",FALSE,TRUE
"Aschenbrot","NEUT",3,"polysyllabic","False",TRUE,TRUE
"Aschenkuchen","MASC",4,"polysyllabic","False",FALSE,TRUE
"Ascher","MASC",2,"polysyllabic","False",FALSE,TRUE
"Aschermittwoch","MASC",4,"polysyllabic","False",TRUE,TRUE
"Aser","MASC",2,"polysyllabic","False",FALSE,TRUE
"Äser","MASC",2,"polysyllabic","False",FALSE,TRUE
"Askari","MASC",3,"polysyllabic","False",FALSE,TRUE
"Asparagin","NEUT",4,"polysyllabic","False",FALSE,TRUE
"Aspartam","NEUT",3,"polysyllabic","False",FALSE,TRUE
"Aspartat","NEUT",3,"polysyllabic","False",FALSE,TRUE
"Aspekt","MASC",2,"polysyllabic","False",TRUE,TRUE
"Asperger","MASC",3,"polysyllabic","False",FALSE,TRUE
"Asperger-Syndrom","NEUT",5,"polysyllabic","False",FALSE,TRUE
"Asphalt","MASC",2,"polysyllabic","False",TRUE,FALSE
"Aspirin","NEUT",3,"polysyllabic","False",FALSE,TRUE
"Ass","NEUT",1,"monosyllabic","True",TRUE,FALSE
"Assembler","MASC",3,"polysyllabic","False",FALSE,TRUE
"Assi","MASC",2,"polysyllabic","False",FALSE,TRUE
"Assimilieren","NEUT",4,"polysyllabic","False",FALSE,TRUE
"Assistieren","NEUT",3,"polysyllabic","False",FALSE,TRUE
"Asso","MASC",2,"polysyllabic","False",FALSE,TRUE
"Assoziieren","NEUT",4,"polysyllabic","False",FALSE,TRUE
"Assyrer","MASC",3,"polysyllabic","False",FALSE,TRUE
"Ast","MASC",1,"monosyllabic","False",TRUE,TRUE
"Astat","NEUT",2,"polysyllabic","False",FALSE,TRUE
"Asthma","NEUT",2,"polysyllabic","False",FALSE,TRUE
"Asthmamittel","NEUT",4,"polysyllabic","False",FALSE,TRUE
"Asthmatiker","MASC",4,"polysyllabic","False",FALSE,TRUE
"Ästling","MASC",2,"polysyllabic","False",FALSE,TRUE
"Astloch","NEUT",2,"polysyllabic","False",TRUE,TRUE
"Astronom","MASC",3,"polysyllabic","False",FALSE,TRUE
"Asyl","NEUT",2,"polysyllabic","False",FALSE,TRUE
"Asylbewerber","MASC",5,"polysyllabic","False",FALSE,TRUE
"Asylrecht","NEUT",3,"polysyllabic","False",TRUE,TRUE
"Asylwerber","MASC",4,"polysyllabic","False",FALSE,TRUE
"Asynchronmotor","MASC",5,"polysyllabic","False",FALSE,TRUE
"At-Zeichen","NEUT",2,"polysyllabic","False",FALSE,TRUE
"Ataman","MASC",3,"polysyllabic","False",FALSE,TRUE
"Atelier","NEUT",2,"polysyllabic","False",FALSE,TRUE
"Atem","MASC",2,"polysyllabic","False",FALSE,TRUE
"Atemgas","NEUT",3,"polysyllabic","True",TRUE,FALSE
"Atemgerät","NEUT",4,"polysyllabic","False",TRUE,TRUE
"Atemstillstand","MASC",4,"polysyllabic","False",FALSE,TRUE
"Atemweg","MASC",3,"polysyllabic","False",TRUE,TRUE
"Atemzug","MASC",3,"polysyllabic","False",TRUE,TRUE
"Athener","MASC",3,"polysyllabic","False",FALSE,TRUE
"Äther","MASC",2,"polysyllabic","False",FALSE,TRUE
"Äthiopier","MASC",2,"polysyllabic","False",FALSE,TRUE
"Äthyl","NEUT",2,"polysyllabic","False",FALSE,TRUE
"Atmosphärendruck","MASC",5,"polysyllabic","False",FALSE,TRUE
"Atoll","NEUT",2,"polysyllabic","False",FALSE,TRUE
"Atom","NEUT",2,"polysyllabic","False",FALSE,TRUE
"Atomabstand","MASC",4,"polysyllabic","False",FALSE,TRUE
"Atomgewicht","NEUT",4,"polysyllabic","False",FALSE,TRUE
"Atomisieren","NEUT",4,"polysyllabic","False",FALSE,TRUE
"Atomkern","MASC",3,"polysyllabic","False",TRUE,TRUE
"Atomkrieg","MASC",2,"polysyllabic","False",TRUE,TRUE
"Atommodell","NEUT",4,"polysyllabic","False",FALSE,TRUE
"Atomphysiker","MASC",5,"polysyllabic","False",FALSE,TRUE
"Atompilz","MASC",3,"polysyllabic","True",TRUE,FALSE
"Atomprozent","NEUT",4,"polysyllabic","False",FALSE,TRUE
"Atomreaktor","NEUT",4,"polysyllabic","False",FALSE,TRUE
"Atrazin","NEUT",3,"polysyllabic","False",FALSE,TRUE
"Atrium","NEUT",2,"polysyllabic","False",FALSE,TRUE
"Atriumhaus","NEUT",2,"polysyllabic","True",TRUE,FALSE
"Attaché","MASC",2,"polysyllabic","False",FALSE,TRUE
"Attackieren","NEUT",3,"polysyllabic","False",FALSE,TRUE
"Attentat","NEUT",3,"polysyllabic","False",TRUE,TRUE
"Attentäter","MASC",4,"polysyllabic","False",FALSE,TRUE
"Attestieren","NEUT",3,"polysyllabic","False",FALSE,TRUE
"Attribut","NEUT",3,"polysyllabic","False",TRUE,TRUE
"Ätznatron","NEUT",3,"polysyllabic","False",FALSE,TRUE
"Audi","MASC",1,"monosyllabic","False",FALSE,TRUE
"Auditorium","NEUT",3,"polysyllabic","False",FALSE,TRUE
"Auerhahn","MASC",2,"polysyllabic","False",TRUE,TRUE
"Auerhuhn","NEUT",2,"polysyllabic","False",TRUE,TRUE
"Auerrind","MASC",2,"polysyllabic","False",TRUE,TRUE
"Aufaddieren","NEUT",2,"polysyllabic","False",FALSE,TRUE
"Aufatmen","NEUT",2,"polysyllabic","False",FALSE,TRUE
"Aufbau","MASC",0,"polysyllabic","False",TRUE,TRUE
"Aufbauen","NEUT",1,"monosyllabic","False",FALSE,TRUE
"Aufbauschen","NEUT",1,"monosyllabic","False",FALSE,TRUE
"Aufbereiten","NEUT",2,"polysyllabic","False",FALSE,TRUE
"Aufbessern","NEUT",2,"polysyllabic","False",FALSE,TRUE
"Aufbewahren","NEUT",3,"polysyllabic","False",FALSE,TRUE
"Aufbinden","NEUT",2,"polysyllabic","False",FALSE,TRUE
"Aufblähen","NEUT",2,"polysyllabic","False",FALSE,TRUE
"Aufblasen","NEUT",2,"polysyllabic","False",FALSE,TRUE
"Aufblaser","MASC",2,"polysyllabic","False",FALSE,TRUE
"Aufbleiben","NEUT",1,"monosyllabic","False",FALSE,TRUE
"Aufblühen","NEUT",2,"polysyllabic","False",FALSE,TRUE
"Aufbranden","NEUT",2,"polysyllabic","False",FALSE,TRUE
"Aufbrechen","NEUT",2,"polysyllabic","False",FALSE,TRUE
"Aufbringen","NEUT",2,"polysyllabic","False",FALSE,TRUE
"Aufbruch","MASC",1,"monosyllabic","False",TRUE,TRUE
"Aufbürden","NEUT",2,"polysyllabic","False",FALSE,TRUE
"Aufdrängen","NEUT",2,"polysyllabic","False",FALSE,TRUE
"Aufenthalt","MASC",2,"polysyllabic","False",FALSE,TRUE
"Aufenthaltsbestimmungsrecht","NEUT",6,"polysyllabic","False",FALSE,TRUE
"Aufenthaltsort","MASC",3,"polysyllabic","False",TRUE,TRUE
"Auffangen","NEUT",2,"polysyllabic","False",FALSE,TRUE
"Auffanggurt","MASC",2,"polysyllabic","False",TRUE,TRUE
"Aufgang","MASC",1,"monosyllabic","False",TRUE,TRUE
"Aufgebot","NEUT",2,"polysyllabic","False",TRUE,TRUE
"Aufheizen","NEUT",1,"monosyllabic","False",FALSE,TRUE
"Aufhetzer","MASC",2,"polysyllabic","False",FALSE,TRUE
"Aufkleber","MASC",2,"polysyllabic","False",FALSE,TRUE
"Aufkommen","NEUT",2,"polysyllabic","False",FALSE,TRUE
"Auflager","NEUT",2,"polysyllabic","False",FALSE,TRUE
"Aufläger","NEUT",2,"polysyllabic","False",FALSE,TRUE
"Auflauf","MASC",0,"polysyllabic","False",TRUE,TRUE
"Auflösen","NEUT",2,"polysyllabic","False",FALSE,TRUE
"Aufmarsch","MASC",1,"monosyllabic","True",TRUE,TRUE
"Aufmerksamkeitsdefizit","NEUT",5,"polysyllabic","False",TRUE,TRUE
"Aufmerksamkeitsdefizitsyndrom","NEUT",7,"polysyllabic","False",TRUE,TRUE
"Aufnehmer","MASC",2,"polysyllabic","False",FALSE,TRUE
"Aufprall","MASC",1,"monosyllabic","False",TRUE,TRUE
"Aufpreis","MASC",0,"polysyllabic","True",TRUE,FALSE
"Aufrappeln","NEUT",2,"polysyllabic","False",FALSE,TRUE
"Aufräumen","NEUT",1,"monosyllabic","False",FALSE,TRUE
"Aufruf","MASC",1,"monosyllabic","False",TRUE,TRUE
"Aufrührer","MASC",2,"polysyllabic","False",FALSE,TRUE
"Aufrüsten","NEUT",2,"polysyllabic","False",FALSE,TRUE
"Aufsatz","MASC",1,"monosyllabic","True",TRUE,FALSE
"Aufschlag","MASC",1,"monosyllabic","False",TRUE,TRUE
"Aufschluss","MASC",1,"monosyllabic","True",TRUE,FALSE
"Aufschneider","MASC",1,"monosyllabic","False",FALSE,TRUE
"Aufschnitt","MASC",1,"monosyllabic","False",TRUE,TRUE
"Aufschnittmesser","NEUT",3,"polysyllabic","False",FALSE,TRUE
"Aufschub","MASC",1,"monosyllabic","False",TRUE,TRUE
"Aufschwung","MASC",1,"monosyllabic","False",TRUE,TRUE
"Aufseher","MASC",2,"polysyllabic","False",FALSE,TRUE
"Aufsetzen","NEUT",2,"polysyllabic","False",FALSE,TRUE
"Aufsichtsrat","MASC",2,"polysyllabic","False",TRUE,TRUE
"Aufspalten","NEUT",2,"polysyllabic","False",FALSE,TRUE
"Aufsteiger","MASC",1,"monosyllabic","False",FALSE,TRUE
"Aufstieg","MASC",0,"polysyllabic","False",FALSE,TRUE
"Aufstreben","NEUT",2,"polysyllabic","False",FALSE,TRUE
"Aufsuchen","NEUT",2,"polysyllabic","False",FALSE,TRUE
"Auftrag","MASC",1,"monosyllabic","False",TRUE,TRUE
"Auftraggeber","MASC",3,"polysyllabic","False",FALSE,TRUE
"Auftragseingang","MASC",2,"polysyllabic","False",FALSE,TRUE
"Auftragsmörder","MASC",3,"polysyllabic","False",FALSE,TRUE
"Auftreten","NEUT",2,"polysyllabic","False",FALSE,TRUE
"Auftrieb","MASC",0,"polysyllabic","False",TRUE,TRUE
"Auftritt","MASC",1,"monosyllabic","False",TRUE,TRUE
"Auftropfstein","MASC",1,"monosyllabic","False",TRUE,TRUE
"Aufwachraum","MASC",1,"monosyllabic","False",TRUE,TRUE
"Aufwand","MASC",1,"monosyllabic","False",TRUE,TRUE
"Aufwecken","NEUT",2,"polysyllabic","False",FALSE,TRUE
"Aufwiegler","MASC",1,"monosyllabic","False",FALSE,TRUE
"Aufwind","MASC",1,"monosyllabic","False",TRUE,TRUE
"Aufzeichnungsgerät","NEUT",3,"polysyllabic","False",TRUE,TRUE
"Aufzug","MASC",1,"monosyllabic","False",TRUE,TRUE
"Augapfel","MASC",2,"polysyllabic","False",FALSE,TRUE
"Auge","NEUT",1,"monosyllabic","False",TRUE,FALSE
"Augenarzt","MASC",2,"polysyllabic","False",TRUE,FALSE
"Augenblick","MASC",2,"polysyllabic","False",TRUE,TRUE
"Augenglas","NEUT",2,"polysyllabic","True",TRUE,FALSE
"Augeninnendruck","MASC",4,"polysyllabic","False",TRUE,TRUE
"Augenkontakt","MASC",3,"polysyllabic","False",TRUE,TRUE
"Augenkrebs","MASC",2,"polysyllabic","True",TRUE,FALSE
"Augenlid","NEUT",2,"polysyllabic","False",TRUE,TRUE
"Augenmerk","NEUT",2,"polysyllabic","False",TRUE,TRUE
"Augenreim","MASC",1,"monosyllabic","False",TRUE,TRUE
"Augenschein","MASC",1,"monosyllabic","False",FALSE,TRUE
"Augenschmaus","MASC",1,"monosyllabic","True",TRUE,FALSE
"Augentrost","MASC",2,"polysyllabic","False",TRUE,TRUE
"Augenwinkel","MASC",3,"polysyllabic","False",FALSE,TRUE
"Augenzwinkern","NEUT",3,"polysyllabic","False",FALSE,TRUE
"Augiasstall","MASC",2,"polysyllabic","False",TRUE,TRUE
"Augit","MASC",1,"monosyllabic","False",FALSE,TRUE
"Augmentativ","NEUT",3,"polysyllabic","False",FALSE,TRUE
"Augsburger","MASC",2,"polysyllabic","False",FALSE,TRUE
"August","MASC",1,"monosyllabic","False",TRUE,TRUE
"Auktionator","MASC",3,"polysyllabic","False",FALSE,TRUE
"Auripigment","NEUT",3,"polysyllabic","False",TRUE,TRUE
"Ausatmen","NEUT",2,"polysyllabic","False",FALSE,TRUE
"Ausbau","MASC",0,"polysyllabic","False",TRUE,TRUE
"Ausbaudialekt","MASC",2,"polysyllabic","False",TRUE,TRUE
"Ausbeuter","MASC",1,"monosyllabic","False",FALSE,TRUE
"Ausbilden","NEUT",2,"polysyllabic","False",FALSE,TRUE
"Ausbilder","MASC",2,"polysyllabic","False",FALSE,TRUE
"Ausbildner","MASC",2,"polysyllabic","False",FALSE,TRUE
"Ausbildungsabbrecher","MASC",5,"polysyllabic","False",FALSE,TRUE
"Ausbildungsplatz","MASC",3,"polysyllabic","True",TRUE,FALSE
"Ausbooten","NEUT",2,"polysyllabic","False",FALSE,TRUE
"Ausbund","MASC",1,"monosyllabic","False",TRUE,TRUE
"Ausdauertraining","NEUT",3,"polysyllabic","False",FALSE,TRUE
"Ausdruck","MASC",1,"monosyllabic","False",TRUE,TRUE
"Auseinanderbrechen","NEUT",4,"polysyllabic","False",FALSE,TRUE
"Auseinanderstreben","NEUT",4,"polysyllabic","False",FALSE,TRUE
"Ausfall","MASC",1,"monosyllabic","False",FALSE,TRUE
"Ausflug","MASC",1,"monosyllabic","False",TRUE,TRUE
"Ausfluss","MASC",1,"monosyllabic","True",TRUE,FALSE
"Ausgang","MASC",1,"monosyllabic","False",TRUE,TRUE
"Ausgangsmaterial","NEUT",4,"polysyllabic","False",FALSE,TRUE
"Ausgangspunkt","MASC",2,"polysyllabic","False",TRUE,TRUE
"Ausgangsstoff","MASC",2,"polysyllabic","False",TRUE,TRUE
"Ausgangszustand","MASC",3,"polysyllabic","False",TRUE,TRUE
"Ausgestalten","NEUT",3,"polysyllabic","False",FALSE,TRUE
"Ausgießen","NEUT",1,"monosyllabic","False",FALSE,TRUE
"Ausgleich","MASC",0,"polysyllabic","False",TRUE,TRUE
"Ausguck","MASC",1,"monosyllabic","False",TRUE,TRUE
"Ausguss","MASC",1,"monosyllabic","True",TRUE,FALSE
"Aushang","MASC",1,"monosyllabic","False",TRUE,TRUE
"Aushängeschild","NEUT",3,"polysyllabic","False",TRUE,TRUE
"Ausheben","NEUT",2,"polysyllabic","False",FALSE,TRUE
"Aushelfer","MASC",2,"polysyllabic","False",FALSE,TRUE
"Ausklammern","NEUT",2,"polysyllabic","False",FALSE,TRUE
"Ausklang","MASC",1,"monosyllabic","False",TRUE,TRUE
"Auskleiden","NEUT",1,"monosyllabic","False",FALSE,TRUE
"Auskommen","NEUT",2,"polysyllabic","False",FALSE,TRUE
"Ausland","NEUT",1,"monosyllabic","False",TRUE,TRUE
"Ausländer","MASC",2,"polysyllabic","False",FALSE,TRUE
"Auslass","MASC",1,"monosyllabic","True",TRUE,FALSE
"Auslassungszeichen","NEUT",3,"polysyllabic","False",FALSE,TRUE
"Auslassventil","NEUT",3,"polysyllabic","False",FALSE,TRUE
"Ausläufer","MASC",1,"monosyllabic","False",FALSE,TRUE
"Auslaugen","NEUT",1,"monosyllabic","False",FALSE,TRUE
"Auslaugungsmittel","NEUT",3,"polysyllabic","False",FALSE,TRUE
"Auslaut","MASC",0,"polysyllabic","False",TRUE,TRUE
"Ausleger","MASC",2,"polysyllabic","False",FALSE,TRUE
"Ausleihen","NEUT",1,"monosyllabic","False",FALSE,TRUE
"Auslöseimpuls","MASC",2,"polysyllabic","True",TRUE,FALSE
"Auslöser","MASC",2,"polysyllabic","False",FALSE,TRUE
"Ausmaß","NEUT",1,"monosyllabic","True",TRUE,FALSE
"Ausnahmefall","MASC",3,"polysyllabic","False",TRUE,TRUE
"Ausnahmezustand","MASC",4,"polysyllabic","False",TRUE,TRUE
"Auspuff","MASC",1,"monosyllabic","False",TRUE,TRUE
"Ausreissen","NEUT",1,"monosyllabic","False",FALSE,TRUE
"Ausreißen","NEUT",1,"monosyllabic","False",FALSE,TRUE
"Ausreißer","MASC",1,"monosyllabic","False",FALSE,TRUE
"Ausruf","MASC",1,"monosyllabic","False",FALSE,TRUE
"Ausrufezeichen","NEUT",3,"polysyllabic","False",FALSE,TRUE
"Ausrutscher","MASC",2,"polysyllabic","False",FALSE,TRUE
"Aussatz","MASC",1,"monosyllabic","True",TRUE,FALSE
"Ausschank","MASC",1,"monosyllabic","False",TRUE,TRUE
"Ausschlag","MASC",1,"monosyllabic","False",TRUE,TRUE
"Ausschluss","MASC",1,"monosyllabic","True",TRUE,FALSE
"Ausschlusskriterium","NEUT",4,"polysyllabic","False",FALSE,TRUE
"Ausschlussverfahren","NEUT",4,"polysyllabic","False",FALSE,TRUE
"Ausschlußverfahren","NEUT",4,"polysyllabic","False",FALSE,TRUE
"Ausschnitt","MASC",1,"monosyllabic","False",TRUE,TRUE
"Ausschuss","MASC",1,"monosyllabic","True",TRUE,FALSE
"Ausschütten","NEUT",2,"polysyllabic","False",FALSE,TRUE
"Aussenbereich","MASC",2,"polysyllabic","False",FALSE,TRUE
"Außenbereich","MASC",2,"polysyllabic","False",TRUE,TRUE
"Außenbordeinsatz","MASC",3,"polysyllabic","True",TRUE,FALSE
"Außenborder","MASC",3,"polysyllabic","False",FALSE,TRUE
"Außenelektron","NEUT",4,"polysyllabic","False",FALSE,TRUE
"Außenminister","MASC",4,"polysyllabic","False",FALSE,TRUE
"Außenministerium","NEUT",5,"polysyllabic","False",FALSE,TRUE
"Außenohr","NEUT",2,"polysyllabic","False",TRUE,TRUE
"Aussenseiter","MASC",2,"polysyllabic","False",FALSE,TRUE
"Außenseiter","MASC",2,"polysyllabic","False",FALSE,TRUE
"Aussetzen","NEUT",2,"polysyllabic","False",FALSE,TRUE
"Aussichtspunkt","MASC",2,"polysyllabic","False",TRUE,TRUE
"Aussitzen","NEUT",2,"polysyllabic","False",FALSE,TRUE
"Aussprachewörterbuch","NEUT",5,"polysyllabic","False",TRUE,TRUE
"Ausspruch","MASC",1,"monosyllabic","False",FALSE,TRUE
"Ausstand","MASC",1,"monosyllabic","False",TRUE,TRUE
"Aussteiger","MASC",1,"monosyllabic","False",FALSE,TRUE
"Aussteller","MASC",2,"polysyllabic","False",FALSE,TRUE
"Ausstellungsobjekt","NEUT",4,"polysyllabic","False",TRUE,TRUE
"Ausstellungsstück","NEUT",3,"polysyllabic","False",TRUE,TRUE
"Ausstich","MASC",1,"monosyllabic","False",TRUE,TRUE
"Ausstieg","MASC",0,"polysyllabic","False",TRUE,TRUE
"Ausstossen","NEUT",2,"polysyllabic","False",FALSE,TRUE
"Ausstoßen","NEUT",2,"polysyllabic","False",FALSE,TRUE
"Austausch","MASC",0,"polysyllabic","True",TRUE,TRUE
"Austenit","MASC",2,"polysyllabic","False",FALSE,TRUE
"Austernfischer","NEUT",3,"polysyllabic","False",FALSE,TRUE
"Austernmesser","NEUT",3,"polysyllabic","False",FALSE,TRUE
"Austragungsort","MASC",3,"polysyllabic","False",TRUE,TRUE
"Australier","MASC",1,"monosyllabic","False",FALSE,TRUE
"Austritt","MASC",1,"monosyllabic","False",TRUE,TRUE
"Austrocknen","NEUT",2,"polysyllabic","False",FALSE,TRUE
"Auswanderer","MASC",3,"polysyllabic","False",FALSE,TRUE
"Auswandern","NEUT",2,"polysyllabic","False",FALSE,TRUE
"Auswaschen","NEUT",2,"polysyllabic","False",FALSE,TRUE
"Ausweg","MASC",1,"monosyllabic","False",TRUE,TRUE
"Ausweinen","NEUT",1,"monosyllabic","False",FALSE,TRUE
"Ausweis","MASC",0,"polysyllabic","True",TRUE,FALSE
"Auswiegen","NEUT",1,"monosyllabic","False",FALSE,TRUE
"Auszug","MASC",1,"monosyllabic","False",TRUE,TRUE
"Autler","MASC",1,"monosyllabic","False",FALSE,TRUE
"Auto","NEUT",1,"monosyllabic","False",FALSE,TRUE
"Autoabgas","NEUT",2,"polysyllabic","True",TRUE,FALSE
"Autobahnknoten","MASC",4,"polysyllabic","False",FALSE,TRUE
"Autodafé","NEUT",2,"polysyllabic","False",FALSE,TRUE
"Autodrom","NEUT",2,"polysyllabic","False",FALSE,TRUE
"Autofahrer","MASC",3,"polysyllabic","False",FALSE,TRUE
"Autogramm","NEUT",2,"polysyllabic","False",FALSE,TRUE
"Autogrammjäger","MASC",4,"polysyllabic","False",FALSE,TRUE
"Autohändler","MASC",3,"polysyllabic","False",FALSE,TRUE
"Autohof","MASC",2,"polysyllabic","False",TRUE,TRUE
"Autokennzeichen","NEUT",3,"polysyllabic","False",FALSE,TRUE
"Autokino","NEUT",3,"polysyllabic","False",FALSE,TRUE
"Automatensalon","MASC",5,"polysyllabic","False",FALSE,TRUE
"Automatikgetriebe","NEUT",5,"polysyllabic","False",TRUE,FALSE
"Automobil","NEUT",3,"polysyllabic","False",FALSE,TRUE
"Autor","MASC",1,"monosyllabic","False",FALSE,TRUE
"Autoradio","NEUT",3,"polysyllabic","False",FALSE,TRUE
"Autoreifen","MASC",2,"polysyllabic","False",FALSE,TRUE
"Autorennen","NEUT",3,"polysyllabic","False",FALSE,TRUE
"Autoschlüssel","MASC",3,"polysyllabic","False",FALSE,TRUE
"Autoscooter","MASC",3,"polysyllabic","False",FALSE,TRUE
"Autosemantikum","NEUT",5,"polysyllabic","False",FALSE,TRUE
"Autositzbezug","MASC",4,"polysyllabic","False",FALSE,TRUE
"Autotelefon","NEUT",4,"polysyllabic","False",FALSE,TRUE
"Autounfall","MASC",2,"polysyllabic","False",TRUE,TRUE
"Autoverkäufer","MASC",3,"polysyllabic","False",FALSE,TRUE
"Autoverkehr","MASC",3,"polysyllabic","False",FALSE,TRUE
"Auxiliar","NEUT",2,"polysyllabic","False",FALSE,TRUE
"Avatar","MASC",3,"polysyllabic","False",FALSE,TRUE
"Avocadosaft","MASC",5,"polysyllabic","False",TRUE,TRUE
"Axiom","NEUT",2,"polysyllabic","False",FALSE,TRUE
"Axolotl","MASC",3,"polysyllabic","False",FALSE,TRUE
"Axon","NEUT",2,"polysyllabic","False",FALSE,TRUE
"Azid","NEUT",2,"polysyllabic","False",FALSE,TRUE
"Azobenzol","NEUT",4,"polysyllabic","False",FALSE,TRUE
"Azofarbstoff","MASC",4,"polysyllabic","False",FALSE,TRUE
"Azurblau","NEUT",2,"polysyllabic","False",FALSE,TRUE
"Azurit","MASC",3,"polysyllabic","False",FALSE,TRUE
"Babbeln","NEUT",2,"polysyllabic","False",FALSE,TRUE
"Baby","NEUT",2,"polysyllabic","False",FALSE,TRUE
"Babybauch","MASC",2,"polysyllabic","False",TRUE,TRUE
"Babyboom","MASC",3,"polysyllabic","False",FALSE,TRUE
"Babyboomer","MASC",4,"polysyllabic","False",FALSE,TRUE
"Babylonier","MASC",3,"polysyllabic","False",FALSE,TRUE
"Babyöl","NEUT",2,"polysyllabic","False",FALSE,TRUE
"Babyschwimmen","NEUT",4,"polysyllabic","False",FALSE,TRUE
"Babysitten","NEUT",4,"polysyllabic","False",FALSE,TRUE
"Babysitter","MASC",4,"polysyllabic","False",FALSE,TRUE
"Babysitting","NEUT",4,"polysyllabic","False",FALSE,TRUE
"Bacchanal","NEUT",3,"polysyllabic","False",FALSE,TRUE
"Bachchor","MASC",2,"polysyllabic","False",TRUE,TRUE
"Bächelchen","NEUT",3,"polysyllabic","False",FALSE,TRUE
"Bachelor","MASC",3,"polysyllabic","False",FALSE,TRUE
"Bachelorgrad","MASC",4,"polysyllabic","False",TRUE,TRUE
"Bacher","MASC",2,"polysyllabic","False",FALSE,TRUE
"Bächlein","NEUT",1,"monosyllabic","False",FALSE,TRUE
"Back","MASC",1,"monosyllabic","False",FALSE,TRUE
"Backblech","NEUT",2,"polysyllabic","False",TRUE,TRUE
"Backbord","NEUT",2,"polysyllabic","False",TRUE,TRUE
"Bäckchen","NEUT",2,"polysyllabic","False",FALSE,TRUE
"Backenbart","MASC",3,"polysyllabic","False",TRUE,TRUE
"Backenknochen","MASC",4,"polysyllabic","False",FALSE,TRUE
"Backenstreich","MASC",2,"polysyllabic","False",TRUE,TRUE
"Backenzahn","MASC",3,"polysyllabic","False",TRUE,TRUE
"Bäcker","MASC",2,"polysyllabic","False",FALSE,TRUE
"Bäckermeister","MASC",3,"polysyllabic","False",FALSE,TRUE
"Backfisch","MASC",2,"polysyllabic","True",TRUE,TRUE
"Backgammon","NEUT",3,"polysyllabic","False",FALSE,TRUE
"Backhaus","NEUT",1,"monosyllabic","True",TRUE,FALSE
"Backhäuschen","NEUT",2,"polysyllabic","False",FALSE,TRUE
"Backofen","MASC",3,"polysyllabic","False",FALSE,TRUE
"Backoffice","NEUT",4,"polysyllabic","False",TRUE,FALSE
"Backpfeifengesicht","NEUT",4,"polysyllabic","False",TRUE,TRUE
"Backpulver","NEUT",3,"polysyllabic","False",FALSE,TRUE
"Backstein","MASC",1,"monosyllabic","False",TRUE,TRUE
"Backwerk","NEUT",2,"polysyllabic","False",TRUE,TRUE
"Bad","NEUT",1,"monosyllabic","False",TRUE,TRUE
"Baddeleyit","MASC",3,"polysyllabic","False",FALSE,TRUE
"Badeanzug","MASC",3,"polysyllabic","False",TRUE,TRUE
"Badegast","MASC",3,"polysyllabic","False",TRUE,TRUE
"Badehaus","NEUT",2,"polysyllabic","True",TRUE,FALSE
"Bademantel","MASC",4,"polysyllabic","False",FALSE,TRUE
"Bademeister","MASC",3,"polysyllabic","False",FALSE,TRUE
"Baden","NEUT",2,"polysyllabic","False",FALSE,TRUE
"Baden-Württemberger","MASC",6,"polysyllabic","False",FALSE,TRUE
"Badeort","MASC",2,"polysyllabic","False",TRUE,TRUE
"Bader","MASC",2,"polysyllabic","False",FALSE,TRUE
"Badesalz","NEUT",3,"polysyllabic","True",TRUE,FALSE
"Badestrand","MASC",3,"polysyllabic","False",TRUE,TRUE
"Badeteich","MASC",2,"polysyllabic","False",TRUE,TRUE
"Badetuch","NEUT",3,"polysyllabic","False",TRUE,TRUE
"Badezimmer","NEUT",4,"polysyllabic","False",FALSE,TRUE
"Badhaus","NEUT",1,"monosyllabic","True",TRUE,FALSE
"Bafög-Schmarotzer","MASC",5,"polysyllabic","False",FALSE,TRUE
"Bagel","MASC",2,"polysyllabic","False",FALSE,TRUE
"Bagger","MASC",2,"polysyllabic","False",FALSE,TRUE
"Baggern","NEUT",2,"polysyllabic","False",FALSE,TRUE
"Bahaitum","NEUT",3,"polysyllabic","False",FALSE,TRUE
"Bahamaer","MASC",3,"polysyllabic","False",FALSE,TRUE
"Bahndrehimpuls","MASC",4,"polysyllabic","True",TRUE,FALSE
"Bahnen","NEUT",2,"polysyllabic","False",FALSE,TRUE
"Bahnhof","MASC",2,"polysyllabic","False",TRUE,TRUE
"Bahnmoment","NEUT",3,"polysyllabic","False",TRUE,TRUE
"Bahnsteig","MASC",1,"monosyllabic","False",TRUE,TRUE
"Bahnübergang","MASC",4,"polysyllabic","False",TRUE,TRUE
"Bajonett","NEUT",3,"polysyllabic","False",TRUE,TRUE
"Bakelit","NEUT",3,"polysyllabic","False",FALSE,TRUE
"Bakkie","MASC",1,"monosyllabic","False",TRUE,FALSE
"Bakschisch","NEUT",2,"polysyllabic","True",TRUE,TRUE
"Bakterienstamm","MASC",3,"polysyllabic","False",TRUE,TRUE
"Bakterium","NEUT",3,"polysyllabic","False",FALSE,TRUE
"Bakterizid","NEUT",4,"polysyllabic","False",FALSE,TRUE
"Balancieren","NEUT",3,"polysyllabic","False",FALSE,TRUE
"Baldachin","MASC",3,"polysyllabic","False",FALSE,TRUE
"Baldrian","MASC",2,"polysyllabic","False",FALSE,TRUE
"Balitiger","MASC",4,"polysyllabic","False",FALSE,TRUE
"Balkan","MASC",2,"polysyllabic","False",FALSE,TRUE
"Balkanisieren","NEUT",4,"polysyllabic","False",FALSE,TRUE
"Balken","MASC",2,"polysyllabic","False",FALSE,TRUE
"Balkon","MASC",2,"polysyllabic","False",FALSE,TRUE
"Ball","MASC",1,"monosyllabic","False",TRUE,TRUE
"Ballast","MASC",2,"polysyllabic","False",TRUE,FALSE
"Ballaststoff","MASC",3,"polysyllabic","False",TRUE,TRUE
"Bällchen","NEUT",2,"polysyllabic","False",FALSE,TRUE
"Ballen","NEUT",2,"polysyllabic","False",FALSE,TRUE
"Ballern","NEUT",2,"polysyllabic","False",FALSE,TRUE
"Ballerspiel","NEUT",2,"polysyllabic","False",TRUE,TRUE
"Ballett","NEUT",2,"polysyllabic","False",TRUE,TRUE
"Ballett-Tänzer","MASC",4,"polysyllabic","False",FALSE,TRUE
"Balletttänzer","MASC",4,"polysyllabic","False",FALSE,TRUE
"Ballkleid","NEUT",1,"monosyllabic","False",TRUE,TRUE
"Ballkleidchen","NEUT",2,"polysyllabic","False",FALSE,TRUE
"Ballon","MASC",2,"polysyllabic","False",FALSE,TRUE
"Ballspiel","NEUT",1,"monosyllabic","False",FALSE,TRUE
"Balsam","MASC",2,"polysyllabic","False",FALSE,TRUE
"Baluster","MASC",3,"polysyllabic","False",FALSE,TRUE
"Bambusameisenwürger","MASC",6,"polysyllabic","False",FALSE,TRUE
"Bambuswald","MASC",3,"polysyllabic","False",TRUE,TRUE
"Banalisieren","NEUT",4,"polysyllabic","False",FALSE,TRUE
"Bananensaft","MASC",4,"polysyllabic","False",TRUE,TRUE
"Bandabstand","MASC",3,"polysyllabic","False",FALSE,TRUE
"Bandagieren","NEUT",3,"polysyllabic","False",FALSE,TRUE
"Bändchen","NEUT",2,"polysyllabic","False",FALSE,TRUE
"Bändel","MASC",2,"polysyllabic","False",FALSE,TRUE
"Bändlein","NEUT",1,"monosyllabic","False",FALSE,TRUE
"Bandwurm","MASC",2,"polysyllabic","False",TRUE,TRUE
"Bandwurmgegenmittel","NEUT",6,"polysyllabic","False",FALSE,TRUE
"Bandwurmsatz","MASC",3,"polysyllabic","True",TRUE,FALSE
"Bangen","NEUT",2,"polysyllabic","False",FALSE,TRUE
"Banjo","NEUT",2,"polysyllabic","False",FALSE,TRUE
"Banker","MASC",2,"polysyllabic","False",FALSE,TRUE
"Bankett","NEUT",2,"polysyllabic","False",TRUE,TRUE
"Bankhaus","NEUT",1,"monosyllabic","True",TRUE,FALSE
"Bankier","MASC",1,"monosyllabic","False",FALSE,TRUE
"Bankkonto","NEUT",3,"polysyllabic","False",FALSE,TRUE
"Bankraub","MASC",1,"monosyllabic","False",TRUE,TRUE
"Bankräuber","MASC",2,"polysyllabic","False",FALSE,TRUE
"Bankschalter","MASC",3,"polysyllabic","False",FALSE,TRUE
"Banküberfall","MASC",4,"polysyllabic","False",TRUE,TRUE
"Bankwesen","NEUT",3,"polysyllabic","False",FALSE,TRUE
"Bankzinsenluder","NEUT",5,"polysyllabic","False",FALSE,TRUE
"Bann","MASC",1,"monosyllabic","False",TRUE,TRUE
"Bannen","NEUT",2,"polysyllabic","False",FALSE,TRUE
"Banner","NEUT",2,"polysyllabic","False",FALSE,TRUE
"Bannfluch","MASC",2,"polysyllabic","False",TRUE,TRUE
"Bannstrahl","MASC",2,"polysyllabic","False",TRUE,TRUE
"Bar","NEUT",1,"monosyllabic","False",FALSE,TRUE
"Bär","MASC",1,"monosyllabic","False",FALSE,TRUE
"Barbieren","NEUT",2,"polysyllabic","False",FALSE,TRUE
"Barceloner","MASC",4,"polysyllabic","False",FALSE,TRUE
"Barchat","MASC",2,"polysyllabic","False",TRUE,TRUE
"Barchend","MASC",2,"polysyllabic","False",TRUE,TRUE
"Barchent","MASC",2,"polysyllabic","False",TRUE,TRUE
"Barchet","MASC",2,"polysyllabic","False",TRUE,TRUE
"Barcode","MASC",3,"polysyllabic","False",TRUE,FALSE
"Bärendienst","MASC",2,"polysyllabic","False",TRUE,TRUE
"Bärendreck","MASC",3,"polysyllabic","False",TRUE,TRUE
"Bärenfell","NEUT",3,"polysyllabic","False",TRUE,TRUE
"Bärenfleisch","NEUT",2,"polysyllabic","True",TRUE,TRUE
"Bärenhunger","MASC",4,"polysyllabic","False",FALSE,TRUE
"Bargeld","NEUT",2,"polysyllabic","False",TRUE,TRUE
"Barhocker","MASC",3,"polysyllabic","False",FALSE,TRUE
"Barit","MASC",2,"polysyllabic","False",FALSE,TRUE
"Bariton","MASC",3,"polysyllabic","False",FALSE,TRUE
"Barium","NEUT",2,"polysyllabic","False",FALSE,TRUE
"Barkeeper","MASC",3,"polysyllabic","False",FALSE,TRUE
"Bärlauch","MASC",1,"monosyllabic","False",TRUE,TRUE
"Barmixer","MASC",3,"polysyllabic","False",FALSE,TRUE
"Barockmaler","MASC",4,"polysyllabic","False",FALSE,TRUE
"Barockschlösschen","NEUT",4,"polysyllabic","False",FALSE,TRUE
"Barockstil","MASC",3,"polysyllabic","False",FALSE,TRUE
"Barometer","NEUT",4,"polysyllabic","False",FALSE,TRUE
"Baron","MASC",2,"polysyllabic","False",TRUE,TRUE
"Barren","MASC",2,"polysyllabic","False",FALSE,TRUE
"Barsch","MASC",1,"monosyllabic","True",TRUE,TRUE
"Barstuhl","MASC",2,"polysyllabic","False",TRUE,TRUE
"Bart","MASC",1,"monosyllabic","False",TRUE,TRUE
"Bärtchen","NEUT",2,"polysyllabic","False",FALSE,TRUE
"Bartender","MASC",3,"polysyllabic","False",FALSE,TRUE
"Bartenwal","MASC",3,"polysyllabic","False",TRUE,TRUE
"Bartgeier","MASC",2,"polysyllabic","False",FALSE,TRUE
"Bärtierchen","NEUT",2,"polysyllabic","False",FALSE,TRUE
"Bartkauz","MASC",1,"monosyllabic","True",TRUE,FALSE
"Bärwinkel","MASC",3,"polysyllabic","False",FALSE,TRUE
"Baryon","NEUT",2,"polysyllabic","False",FALSE,TRUE
"Baryt","MASC",2,"polysyllabic","False",FALSE,TRUE
"Baryton","NEUT",3,"polysyllabic","False",FALSE,TRUE
"Basalt","MASC",2,"polysyllabic","False",TRUE,TRUE
"Basaltgestein","NEUT",3,"polysyllabic","False",FALSE,TRUE
"Basar","MASC",2,"polysyllabic","False",FALSE,TRUE
"Baseball","MASC",3,"polysyllabic","False",FALSE,TRUE
"Baseballschläger","MASC",5,"polysyllabic","False",FALSE,TRUE
"Baseler","MASC",3,"polysyllabic","False",FALSE,TRUE
"Basieren","NEUT",2,"polysyllabic","False",FALSE,TRUE
"Basilekt","MASC",3,"polysyllabic","False",TRUE,TRUE
"Basilikum","NEUT",4,"polysyllabic","False",FALSE,TRUE
"Basketball","MASC",3,"polysyllabic","False",TRUE,TRUE
"Basketballspieler","MASC",4,"polysyllabic","False",FALSE,TRUE
"Bass","MASC",1,"monosyllabic","True",TRUE,FALSE
"Bassin","NEUT",2,"polysyllabic","False",FALSE,TRUE
"Basssänger","MASC",3,"polysyllabic","False",FALSE,TRUE
"Bassschlüssel","MASC",3,"polysyllabic","False",FALSE,TRUE
"Basstölpel","MASC",3,"polysyllabic","False",FALSE,TRUE
"Bast","MASC",1,"monosyllabic","False",TRUE,FALSE
"Bastard","MASC",2,"polysyllabic","False",TRUE,TRUE
"Basteln","NEUT",2,"polysyllabic","False",FALSE,TRUE
"Bataillon","NEUT",3,"polysyllabic","False",FALSE,TRUE
"Batiken","NEUT",3,"polysyllabic","False",FALSE,TRUE
"Batzen","MASC",2,"polysyllabic","False",FALSE,TRUE
"Bau","MASC",0,"polysyllabic","False",TRUE,TRUE
"Bauarbeiter","MASC",2,"polysyllabic","False",FALSE,TRUE
"Bauch","MASC",0,"polysyllabic","False",TRUE,TRUE
"Bauchfett","NEUT",1,"monosyllabic","False",TRUE,TRUE
"Bauchfleck","MASC",1,"monosyllabic","False",TRUE,TRUE
"Bauchgefühl","NEUT",2,"polysyllabic","False",FALSE,TRUE
"Bauchklatscher","MASC",2,"polysyllabic","False",FALSE,TRUE
"Bauchkrampf","MASC",1,"monosyllabic","False",TRUE,TRUE
"Bauchnabel","MASC",2,"polysyllabic","False",FALSE,TRUE
"Bauchplatscher","MASC",2,"polysyllabic","False",FALSE,TRUE
"Bauchreden","NEUT",2,"polysyllabic","False",FALSE,TRUE
"Bauchredner","MASC",2,"polysyllabic","False",FALSE,TRUE
"Bauchschmerz","MASC",1,"monosyllabic","True",TRUE,FALSE
"Bauchspeck","MASC",1,"monosyllabic","False",TRUE,TRUE
"Bauchtanz","MASC",1,"monosyllabic","True",TRUE,FALSE
"Bauelement","NEUT",3,"polysyllabic","False",TRUE,TRUE
"Bauen","NEUT",1,"monosyllabic","False",FALSE,TRUE
"Bauer","MASC",1,"monosyllabic","False",FALSE,TRUE
"Bäuerchen","NEUT",2,"polysyllabic","False",FALSE,TRUE
"Bäuerlein","NEUT",1,"monosyllabic","False",FALSE,TRUE
"Bauernfänger","MASC",3,"polysyllabic","False",FALSE,TRUE
"Bauernfrühstück","NEUT",3,"polysyllabic","False",TRUE,TRUE
"Bauernhaus","NEUT",1,"monosyllabic","True",TRUE,FALSE
"Bauernhof","MASC",2,"polysyllabic","False",TRUE,TRUE
"Bauernkrieg","MASC",1,"monosyllabic","False",TRUE,TRUE
"Bauernsohn","MASC",2,"polysyllabic","False",TRUE,TRUE
"Bauerntabak","MASC",3,"polysyllabic","False",FALSE,TRUE
"Bauerntum","NEUT",2,"polysyllabic","False",FALSE,TRUE
"Baufall","MASC",1,"monosyllabic","False",TRUE,TRUE
"Bauholz","NEUT",1,"monosyllabic","True",TRUE,FALSE
"Baujahr","NEUT",1,"monosyllabic","False",TRUE,TRUE
"Baukalk","MASC",1,"monosyllabic","False",FALSE,TRUE
"Bauklotz","MASC",1,"monosyllabic","True",TRUE,FALSE
"Baum","MASC",0,"polysyllabic","False",TRUE,TRUE
"Baumarkt","MASC",1,"monosyllabic","False",TRUE,TRUE
"Baumast","MASC",1,"monosyllabic","False",TRUE,TRUE
"Baumaterial","NEUT",3,"polysyllabic","False",FALSE,TRUE
"Baumbast","MASC",1,"monosyllabic","False",TRUE,TRUE
"Baumbestand","MASC",2,"polysyllabic","False",TRUE,TRUE
"Bäumchen","NEUT",1,"monosyllabic","False",FALSE,TRUE
"Baumeln","NEUT",1,"monosyllabic","False",FALSE,TRUE
"Baumhaus","NEUT",0,"polysyllabic","True",TRUE,FALSE
"Baumkronenpfad","MASC",3,"polysyllabic","False",TRUE,FALSE
"Baumkuchen","MASC",2,"polysyllabic","False",FALSE,TRUE
"Bäumlein","NEUT",0,"polysyllabic","False",FALSE,TRUE
"Baummarder","MASC",2,"polysyllabic","False",FALSE,TRUE
"Baumstamm","MASC",1,"monosyllabic","False",TRUE,TRUE
"Baumstumpf","MASC",1,"monosyllabic","False",TRUE,TRUE
"Baumwipfel","MASC",2,"polysyllabic","False",FALSE,TRUE
"Baumwipfelpfad","MASC",3,"polysyllabic","False",TRUE,FALSE
"Baumwollhandschuh","MASC",3,"polysyllabic","False",FALSE,TRUE
"Baumwollhemd","NEUT",2,"polysyllabic","False",TRUE,TRUE
"Baumwolllaken","NEUT",3,"polysyllabic","False",FALSE,TRUE
"Baumwollmantel","MASC",3,"polysyllabic","False",FALSE,TRUE
"Baumwollsamt","MASC",2,"polysyllabic","False",TRUE,TRUE
"Bauplan","MASC",1,"monosyllabic","False",TRUE,TRUE
"Bausch","MASC",0,"polysyllabic","True",TRUE,TRUE
"Baustahl","MASC",1,"monosyllabic","False",TRUE,TRUE
"Baustein","MASC",0,"polysyllabic","False",TRUE,TRUE
"Baustoff","MASC",1,"monosyllabic","False",TRUE,TRUE
"Bauteil","NEUT",0,"polysyllabic","False",TRUE,TRUE
"Bauwagen","MASC",2,"polysyllabic","False",FALSE,TRUE
"Bauwerk","NEUT",1,"monosyllabic","False",TRUE,TRUE
"Bauwesen","NEUT",2,"polysyllabic","False",FALSE,TRUE
"Bauxit","MASC",1,"monosyllabic","False",FALSE,TRUE
"Bazi","MASC",2,"polysyllabic","False",FALSE,TRUE
"Bazzit","MASC",2,"polysyllabic","False",FALSE,TRUE
"Beabsichtigen","NEUT",4,"polysyllabic","False",FALSE,TRUE
"Beachten","NEUT",2,"polysyllabic","False",FALSE,TRUE
"Beamen","NEUT",2,"polysyllabic","False",FALSE,TRUE
"Beamer","MASC",2,"polysyllabic","False",FALSE,TRUE
"Beamtendeutsch","NEUT",2,"polysyllabic","True",FALSE,TRUE
"Beanspruchen","NEUT",3,"polysyllabic","False",FALSE,TRUE
"Beanstanden","NEUT",3,"polysyllabic","False",FALSE,TRUE
"Beantragen","NEUT",3,"polysyllabic","False",FALSE,TRUE
"Beantrager","MASC",3,"polysyllabic","False",FALSE,TRUE
"Beantworten","NEUT",3,"polysyllabic","False",FALSE,TRUE
"Bearbeiten","NEUT",2,"polysyllabic","False",FALSE,TRUE
"Beatmungsgerät","NEUT",4,"polysyllabic","False",TRUE,TRUE
"Beatnik","MASC",2,"polysyllabic","False",FALSE,TRUE
"Beaufsichtigen","NEUT",4,"polysyllabic","False",FALSE,TRUE
"Beauftragen","NEUT",3,"polysyllabic","False",FALSE,TRUE
"Beäugen","NEUT",2,"polysyllabic","False",FALSE,TRUE
"Bebauungsplan","MASC",3,"polysyllabic","False",TRUE,TRUE
"Beben","NEUT",2,"polysyllabic","False",FALSE,TRUE
"Becher","MASC",2,"polysyllabic","False",FALSE,TRUE
"Becherchen","NEUT",3,"polysyllabic","False",FALSE,TRUE
"Becherglas","NEUT",3,"polysyllabic","True",TRUE,FALSE
"Becherlein","NEUT",2,"polysyllabic","False",FALSE,TRUE
"Bechern","NEUT",2,"polysyllabic","False",FALSE,TRUE
"Beck","MASC",1,"monosyllabic","False",TRUE,TRUE
"Becken","NEUT",2,"polysyllabic","False",FALSE,TRUE
"Beckenboden","MASC",4,"polysyllabic","False",FALSE,TRUE
"Beckenbruch","MASC",3,"polysyllabic","False",TRUE,TRUE
"Becquerel","NEUT",3,"polysyllabic","False",FALSE,TRUE
"Bedacht","MASC",2,"polysyllabic","False",TRUE,TRUE
"Bedanken","NEUT",3,"polysyllabic","False",FALSE,TRUE
"Bedarf","MASC",2,"polysyllabic","False",TRUE,TRUE
"Bedarfsgegenstand","MASC",5,"polysyllabic","False",TRUE,TRUE
"Bedauern","NEUT",2,"polysyllabic","False",FALSE,TRUE
"Bedecken","NEUT",3,"polysyllabic","False",FALSE,TRUE
"Bedenken","NEUT",3,"polysyllabic","False",FALSE,TRUE
"Bedeuten","NEUT",2,"polysyllabic","False",FALSE,TRUE
"Bedeutungswandel","MASC",4,"polysyllabic","False",FALSE,TRUE
"Bedienen","NEUT",2,"polysyllabic","False",FALSE,TRUE
"Bedingen","NEUT",3,"polysyllabic","False",FALSE,TRUE
"Bedrängen","NEUT",3,"polysyllabic","False",FALSE,TRUE
"Bedrohen","NEUT",3,"polysyllabic","False",FALSE,TRUE
"Bedrucken","NEUT",3,"polysyllabic","False",FALSE,TRUE
"Bedrücken","NEUT",3,"polysyllabic","False",FALSE,TRUE
"Bedürfen","NEUT",3,"polysyllabic","False",FALSE,TRUE
"Beeilen","NEUT",2,"polysyllabic","False",FALSE,TRUE
"Beeindrucken","NEUT",3,"polysyllabic","False",FALSE,TRUE
"Beeinflussen","NEUT",3,"polysyllabic","False",FALSE,TRUE
"Beeinträchtigen","NEUT",4,"polysyllabic","False",FALSE,TRUE
"Beenden","NEUT",2,"polysyllabic","False",FALSE,TRUE
"Beerdigen","NEUT",3,"polysyllabic","False",FALSE,TRUE
"Beet","NEUT",1,"monosyllabic","False",TRUE,TRUE
"Befall","MASC",2,"polysyllabic","False",TRUE,TRUE
"Befallen","NEUT",3,"polysyllabic","False",FALSE,TRUE
"Befassen","NEUT",3,"polysyllabic","False",FALSE,TRUE
"Befehden","NEUT",3,"polysyllabic","False",FALSE,TRUE
"Befehl","MASC",2,"polysyllabic","False",TRUE,TRUE
"Befehlen","NEUT",3,"polysyllabic","False",FALSE,TRUE
"Befehlshaber","MASC",4,"polysyllabic","False",FALSE,TRUE
"Befestigen","NEUT",4,"polysyllabic","False",FALSE,TRUE
"Befeuchten","NEUT",2,"polysyllabic","False",FALSE,TRUE
"Beffchen","NEUT",2,"polysyllabic","False",FALSE,TRUE
"Befinden","NEUT",3,"polysyllabic","False",FALSE,TRUE
"Beflügeln","NEUT",3,"polysyllabic","False",FALSE,TRUE
"Befolgen","NEUT",3,"polysyllabic","False",FALSE,TRUE
"Befördern","NEUT",3,"polysyllabic","False",FALSE,TRUE
"Beförderungsmittel","NEUT",6,"polysyllabic","False",FALSE,TRUE
"Befragen","NEUT",3,"polysyllabic","False",FALSE,TRUE
"Befreien","NEUT",2,"polysyllabic","False",FALSE,TRUE
"Befremden","NEUT",3,"polysyllabic","False",FALSE,TRUE
"Befreunden","NEUT",2,"polysyllabic","False",FALSE,TRUE
"Befriedigen","NEUT",3,"polysyllabic","False",FALSE,TRUE
"Befruchten","NEUT",3,"polysyllabic","False",FALSE,TRUE
"Befummeln","NEUT",3,"polysyllabic","False",FALSE,TRUE
"Befund","MASC",2,"polysyllabic","False",TRUE,TRUE
"Befürchten","NEUT",3,"polysyllabic","False",FALSE,TRUE
"Befürworten","NEUT",4,"polysyllabic","False",FALSE,TRUE
"Befürworter","MASC",4,"polysyllabic","False",FALSE,TRUE
"Begeben","NEUT",3,"polysyllabic","False",FALSE,TRUE
"Begegnen","NEUT",3,"polysyllabic","False",FALSE,TRUE
"Begehen","NEUT",3,"polysyllabic","False",FALSE,TRUE
"Begehren","NEUT",3,"polysyllabic","False",FALSE,TRUE
"Begeistern","NEUT",2,"polysyllabic","False",FALSE,TRUE
"Begießen","NEUT",2,"polysyllabic","False",FALSE,TRUE
"Beginn","MASC",2,"polysyllabic","False",TRUE,TRUE
"Beginnen","NEUT",3,"polysyllabic","False",FALSE,TRUE
"Begleichen","NEUT",2,"polysyllabic","False",FALSE,TRUE
"Begleiten","NEUT",2,"polysyllabic","False",FALSE,TRUE
"Begleiter","MASC",2,"polysyllabic","False",FALSE,TRUE
"Begleitfahrzeug","NEUT",2,"polysyllabic","False",TRUE,TRUE
"Begleitsymptom","NEUT",3,"polysyllabic","False",FALSE,TRUE
"Beglückwünschen","NEUT",4,"polysyllabic","False",FALSE,TRUE
"Begnadigen","NEUT",4,"polysyllabic","False",FALSE,TRUE
"Begnügen","NEUT",3,"polysyllabic","False",FALSE,TRUE
"Begraben","NEUT",3,"polysyllabic","False",FALSE,TRUE
"Begrabschen","NEUT",3,"polysyllabic","False",FALSE,TRUE
"Begreifen","NEUT",2,"polysyllabic","False",FALSE,TRUE
"Begrenzen","NEUT",3,"polysyllabic","False",FALSE,TRUE
"Begriff","MASC",2,"polysyllabic","False",TRUE,TRUE
"Begründen","NEUT",3,"polysyllabic","False",FALSE,TRUE
"Begründer","MASC",3,"polysyllabic","False",FALSE,TRUE
"Begrüßen","NEUT",3,"polysyllabic","False",FALSE,TRUE
"Begrüßer","MASC",3,"polysyllabic","False",FALSE,TRUE
"Begünstigen","NEUT",4,"polysyllabic","False",FALSE,TRUE
"Behagen","NEUT",3,"polysyllabic","False",FALSE,TRUE
"Behalten","NEUT",3,"polysyllabic","False",FALSE,TRUE
"Behälter","MASC",3,"polysyllabic","False",FALSE,TRUE
"Behandeln","NEUT",3,"polysyllabic","False",FALSE,TRUE
"Behandlungsfehler","MASC",5,"polysyllabic","False",FALSE,TRUE
"Beharren","NEUT",3,"polysyllabic","False",FALSE,TRUE
"Behauen","NEUT",2,"polysyllabic","False",FALSE,TRUE
"Behaupten","NEUT",2,"polysyllabic","False",FALSE,TRUE
"Beheben","NEUT",3,"polysyllabic","False",FALSE,TRUE
"Beheimaten","NEUT",3,"polysyllabic","False",FALSE,TRUE
"Beheizen","NEUT",2,"polysyllabic","False",FALSE,TRUE
"Behelf","MASC",2,"polysyllabic","False",TRUE,TRUE
"Behelfen","NEUT",3,"polysyllabic","False",FALSE,TRUE
"Behemoth","MASC",3,"polysyllabic","False",FALSE,TRUE
"Beherbergen","NEUT",4,"polysyllabic","False",FALSE,TRUE
"Beherrschen","NEUT",3,"polysyllabic","False",FALSE,TRUE
"Behindern","NEUT",3,"polysyllabic","False",FALSE,TRUE
"Behindertensport","NEUT",5,"polysyllabic","False",FALSE,TRUE
"Behuf","MASC",2,"polysyllabic","False",TRUE,TRUE
"Behüten","NEUT",3,"polysyllabic","False",FALSE,TRUE
"Behüter","MASC",3,"polysyllabic","False",FALSE,TRUE
"Beibehalten","NEUT",3,"polysyllabic","False",FALSE,TRUE
"Beiblatt","NEUT",1,"monosyllabic","False",TRUE,TRUE
"Beichten","NEUT",1,"monosyllabic","False",FALSE,TRUE
"Beichtkind","NEUT",1,"monosyllabic","False",TRUE,TRUE
"Beichtstuhl","MASC",1,"monosyllabic","False",TRUE,TRUE
"Beichtvater","MASC",2,"polysyllabic","False",FALSE,TRUE
"Beidenhänder","MASC",3,"polysyllabic","False",FALSE,TRUE
"Beifahrer","MASC",2,"polysyllabic","False",FALSE,TRUE
"Beifahrersitz","MASC",3,"polysyllabic","True",TRUE,FALSE
"Beifall","MASC",1,"monosyllabic","False",TRUE,TRUE
"Beifallssturm","MASC",2,"polysyllabic","False",TRUE,TRUE
"Beifang","MASC",1,"monosyllabic","False",TRUE,TRUE
"Beifuß","MASC",1,"monosyllabic","True",TRUE,FALSE
"Beigeben","NEUT",2,"polysyllabic","False",FALSE,TRUE
"Beigen","NEUT",1,"monosyllabic","False",FALSE,TRUE
"Beigeschmack","MASC",2,"polysyllabic","False",TRUE,TRUE
"Beiklang","MASC",1,"monosyllabic","False",TRUE,TRUE
"Beikraut","NEUT",0,"polysyllabic","False",TRUE,TRUE
"Beil","NEUT",0,"polysyllabic","False",TRUE,TRUE
"Beilegen","NEUT",2,"polysyllabic","False",FALSE,TRUE
"Beileid","NEUT",0,"polysyllabic","False",TRUE,TRUE
"Bein","NEUT",0,"polysyllabic","False",TRUE,TRUE
"Beinbruch","MASC",1,"monosyllabic","False",TRUE,TRUE
"Beinchen","NEUT",1,"monosyllabic","False",FALSE,TRUE
"Beinhalten","NEUT",2,"polysyllabic","False",FALSE,TRUE
"Beinkleid","NEUT",0,"polysyllabic","False",TRUE,TRUE
"Beinstellen","NEUT",2,"polysyllabic","False",FALSE,TRUE
"Beinwell","MASC",1,"monosyllabic","False",FALSE,TRUE
"Beiprodukt","NEUT",2,"polysyllabic","False",FALSE,TRUE
"Beirat","MASC",1,"monosyllabic","False",TRUE,TRUE
"Beirren","NEUT",1,"monosyllabic","False",FALSE,TRUE
"Beiruter","MASC",2,"polysyllabic","False",FALSE,TRUE
"Beisammensein","NEUT",2,"polysyllabic","False",FALSE,TRUE
"Beischluss","MASC",1,"monosyllabic","True",TRUE,FALSE
"Beisein","NEUT",0,"polysyllabic","False",FALSE,TRUE
"Beiseitelegen","NEUT",3,"polysyllabic","False",FALSE,TRUE
"Beispiel","NEUT",0,"polysyllabic","False",TRUE,TRUE
"Beispringen","NEUT",2,"polysyllabic","False",FALSE,TRUE
"Beissen","NEUT",1,"monosyllabic","False",FALSE,TRUE
"Beißen","NEUT",1,"monosyllabic","False",FALSE,TRUE
"Beißer","MASC",1,"monosyllabic","False",FALSE,TRUE
"Beißreflex","MASC",2,"polysyllabic","True",TRUE,FALSE
"Beistand","MASC",1,"monosyllabic","False",TRUE,TRUE
"Beistehen","NEUT",2,"polysyllabic","False",FALSE,TRUE
"Beistelltisch","MASC",2,"polysyllabic","True",TRUE,TRUE
"Beistrich","MASC",1,"monosyllabic","False",FALSE,TRUE
"Beitel","MASC",1,"monosyllabic","False",FALSE,TRUE
"Beitrag","MASC",1,"monosyllabic","False",TRUE,TRUE
"Beitragen","NEUT",2,"polysyllabic","False",FALSE,TRUE
"Beitreten","NEUT",2,"polysyllabic","False",FALSE,TRUE
"Beitritt","MASC",1,"monosyllabic","False",TRUE,TRUE
"Beiwohnen","NEUT",2,"polysyllabic","False",FALSE,TRUE
"Beiwort","NEUT",1,"monosyllabic","False",TRUE,TRUE
"Beizmittel","NEUT",2,"polysyllabic","False",FALSE,TRUE
"Bejagen","NEUT",3,"polysyllabic","False",FALSE,TRUE
"Bejahen","NEUT",3,"polysyllabic","False",FALSE,TRUE
"Bejubeln","NEUT",3,"polysyllabic","False",FALSE,TRUE
"Bekämpfen","NEUT",3,"polysyllabic","False",FALSE,TRUE
"Bekanntmachen","NEUT",4,"polysyllabic","False",FALSE,TRUE
"Bekehren","NEUT",3,"polysyllabic","False",FALSE,TRUE
"Bekennen","NEUT",3,"polysyllabic","False",FALSE,TRUE
"Beklagen","NEUT",3,"polysyllabic","False",FALSE,TRUE
"Bekommen","NEUT",3,"polysyllabic","False",FALSE,TRUE
"Bekoten","NEUT",3,"polysyllabic","False",FALSE,TRUE
"Bekräftigen","NEUT",4,"polysyllabic","False",FALSE,TRUE
"Bekränzen","NEUT",3,"polysyllabic","False",FALSE,TRUE
"Bekreuzigen","NEUT",3,"polysyllabic","False",FALSE,TRUE
"Bekriegen","NEUT",2,"polysyllabic","False",FALSE,TRUE
"Belag","MASC",2,"polysyllabic","False",TRUE,TRUE
"Belagerer","MASC",4,"polysyllabic","False",FALSE,TRUE
"Belagerungszustand","MASC",6,"polysyllabic","False",TRUE,TRUE
"Belang","MASC",2,"polysyllabic","False",TRUE,TRUE
"Belarusisch","NEUT",4,"polysyllabic","True",FALSE,TRUE
"Belauschen","NEUT",2,"polysyllabic","False",FALSE,TRUE
"Beleg","MASC",2,"polysyllabic","False",TRUE,TRUE
"Belegexemplar","NEUT",5,"polysyllabic","False",FALSE,TRUE
"Beleihen","NEUT",2,"polysyllabic","False",FALSE,TRUE
"Beleuchtungskörper","MASC",4,"polysyllabic","False",FALSE,TRUE
"Belgier","MASC",1,"monosyllabic","False",FALSE,TRUE
"Belgrader","MASC",3,"polysyllabic","False",FALSE,TRUE
"Belichtungsmesser","MASC",5,"polysyllabic","False",FALSE,TRUE
"Belieben","NEUT",2,"polysyllabic","False",FALSE,TRUE
"Belt","MASC",1,"monosyllabic","False",TRUE,TRUE
"Bemühen","NEUT",3,"polysyllabic","False",FALSE,TRUE
"Benediktiner","MASC",5,"polysyllabic","False",FALSE,TRUE
"Benediktinerorden","MASC",7,"polysyllabic","False",FALSE,TRUE
"Benefaktiv","MASC",4,"polysyllabic","False",FALSE,TRUE
"Benehmen","NEUT",3,"polysyllabic","False",FALSE,TRUE
"Bengalfuchs","MASC",3,"polysyllabic","True",TRUE,FALSE
"Beniner","MASC",3,"polysyllabic","False",FALSE,TRUE
"Benutzen","NEUT",3,"polysyllabic","False",FALSE,TRUE
"Benutzer","MASC",3,"polysyllabic","False",FALSE,TRUE
"Benutzerkonto","NEUT",5,"polysyllabic","False",FALSE,TRUE
"Benz","MASC",1,"monosyllabic","True",TRUE,FALSE
"Benzin","NEUT",2,"polysyllabic","False",FALSE,TRUE
"Benzinkanister","MASC",5,"polysyllabic","False",FALSE,TRUE
"Benzinmotor","MASC",4,"polysyllabic","False",FALSE,TRUE
"Benzol","NEUT",2,"polysyllabic","False",FALSE,TRUE
"Benzolring","MASC",3,"polysyllabic","False",FALSE,TRUE
"Beobachter","MASC",3,"polysyllabic","False",FALSE,TRUE
"Beobachtungsstand","MASC",4,"polysyllabic","False",TRUE,TRUE
"Berater","MASC",3,"polysyllabic","False",FALSE,TRUE
"Berauben","NEUT",2,"polysyllabic","False",FALSE,TRUE
"Berber","MASC",2,"polysyllabic","False",FALSE,TRUE
"Bereich","MASC",1,"monosyllabic","False",TRUE,TRUE
"Bereitschaftsarzt","MASC",3,"polysyllabic","False",TRUE,TRUE
"Bereitschaftspotential","NEUT",5,"polysyllabic","False",FALSE,TRUE
"Bergarbeiter","MASC",3,"polysyllabic","False",FALSE,TRUE
"Bergbau","MASC",1,"monosyllabic","False",FALSE,TRUE
"Bergführer","MASC",3,"polysyllabic","False",FALSE,TRUE
"Berggipfel","MASC",3,"polysyllabic","False",FALSE,TRUE
"Berghang","MASC",2,"polysyllabic","False",TRUE,TRUE
"Bergkristall","MASC",3,"polysyllabic","False",TRUE,TRUE
"Bergmolch","MASC",2,"polysyllabic","False",TRUE,TRUE
"Bergrücken","MASC",3,"polysyllabic","False",FALSE,TRUE
"Bergschuh","MASC",2,"polysyllabic","False",TRUE,TRUE
"Bergsteigen","NEUT",2,"polysyllabic","False",FALSE,TRUE
"Bergsteiger","MASC",2,"polysyllabic","False",FALSE,TRUE
"Bergstiefel","MASC",2,"polysyllabic","False",FALSE,TRUE
"Bergtal","NEUT",2,"polysyllabic","False",TRUE,TRUE
"Bergwerk","NEUT",2,"polysyllabic","False",TRUE,TRUE
"Bergwerksschacht","MASC",3,"polysyllabic","False",TRUE,TRUE
"Bericht","MASC",2,"polysyllabic","False",TRUE,TRUE
"Berichterstatter","MASC",5,"polysyllabic","False",FALSE,TRUE
"Berichtswesen","NEUT",4,"polysyllabic","False",FALSE,TRUE
"Berkan","MASC",2,"polysyllabic","False",TRUE,TRUE
"Berkelium","NEUT",3,"polysyllabic","False",FALSE,TRUE
"Berliner","MASC",3,"polysyllabic","False",FALSE,TRUE
"Berner","MASC",2,"polysyllabic","False",FALSE,TRUE
"Bernhardiner","MASC",4,"polysyllabic","False",FALSE,TRUE
"Bertram","MASC",2,"polysyllabic","False",FALSE,TRUE
"Bertrandit","MASC",3,"polysyllabic","False",FALSE,TRUE
"Beruf","MASC",2,"polysyllabic","False",TRUE,TRUE
"Berufsmusiker","MASC",5,"polysyllabic","False",FALSE,TRUE
"Berufspolitiker","MASC",6,"polysyllabic","False",FALSE,TRUE
"Berufsstand","MASC",3,"polysyllabic","False",TRUE,TRUE
"Berufsverbot","NEUT",4,"polysyllabic","False",TRUE,TRUE
"Berufungsgericht","NEUT",5,"polysyllabic","False",TRUE,TRUE
"Beruhigungsmittel","NEUT",6,"polysyllabic","False",FALSE,TRUE
"Berührungsbildschirm","MASC",5,"polysyllabic","False",TRUE,TRUE
"Beryll","MASC",2,"polysyllabic","False",FALSE,TRUE
"Beryllat","NEUT",3,"polysyllabic","False",FALSE,TRUE
"Beryllium","NEUT",3,"polysyllabic","False",FALSE,TRUE
"Berylliumerz","NEUT",4,"polysyllabic","True",TRUE,FALSE
"Berylliumkupfer","NEUT",5,"polysyllabic","False",FALSE,TRUE
"Berylliummetall","NEUT",5,"polysyllabic","False",FALSE,TRUE
"Berylliumsalz","NEUT",4,"polysyllabic","True",TRUE,FALSE
"Beryter","MASC",3,"polysyllabic","False",FALSE,TRUE
"Besan","MASC",2,"polysyllabic","False",FALSE,TRUE
"Besanmast","MASC",3,"polysyllabic","False",TRUE,TRUE
"Besansegel","NEUT",4,"polysyllabic","False",FALSE,TRUE
"Besatz","MASC",2,"polysyllabic","True",TRUE,FALSE
"Besatzer","MASC",3,"polysyllabic","False",FALSE,TRUE
"Besatzungsmitglied","NEUT",4,"polysyllabic","False",TRUE,TRUE
"Beschallen","NEUT",3,"polysyllabic","False",FALSE,TRUE
"Bescheid","MASC",1,"monosyllabic","False",TRUE,FALSE
"Beschichtungsmaterial","NEUT",6,"polysyllabic","False",FALSE,TRUE
"Beschiessen","NEUT",2,"polysyllabic","False",FALSE,TRUE
"Beschießen","NEUT",2,"polysyllabic","False",FALSE,TRUE
"Beschiss","MASC",2,"polysyllabic","True",TRUE,FALSE
"Beschlagen","NEUT",3,"polysyllabic","False",FALSE,TRUE
"Beschleuniger","MASC",3,"polysyllabic","False",FALSE,TRUE
"Beschleunigungsmesser","MASC",5,"polysyllabic","False",FALSE,TRUE
"Beschleunigungssensor","MASC",5,"polysyllabic","False",FALSE,TRUE
"Beschluss","MASC",2,"polysyllabic","True",TRUE,FALSE
"Beschmutzen","NEUT",3,"polysyllabic","False",FALSE,TRUE
"Beschmutzer","MASC",3,"polysyllabic","False",FALSE,TRUE
"Beschöniger","MASC",4,"polysyllabic","False",FALSE,TRUE
"Beschreibungswort","NEUT",3,"polysyllabic","False",TRUE,TRUE
"Beschreiten","NEUT",2,"polysyllabic","False",FALSE,TRUE
"Beschuldigen","NEUT",4,"polysyllabic","False",FALSE,TRUE
"Beschuss","MASC",2,"polysyllabic","True",TRUE,FALSE
"Beschützen","NEUT",3,"polysyllabic","False",FALSE,TRUE
"Beschützer","MASC",3,"polysyllabic","False",FALSE,TRUE
"Beschwerdebrief","MASC",3,"polysyllabic","False",TRUE,TRUE
"Beseitigen","NEUT",3,"polysyllabic","False",FALSE,TRUE
"Besen","MASC",2,"polysyllabic","False",FALSE,TRUE
"Besenbinder","MASC",4,"polysyllabic","False",FALSE,TRUE
"Besenchen","NEUT",3,"polysyllabic","False",FALSE,TRUE
"Besenginster","MASC",4,"polysyllabic","False",FALSE,TRUE
"Besenschrank","MASC",3,"polysyllabic","False",TRUE,TRUE
"Besenstiel","MASC",2,"polysyllabic","False",TRUE,TRUE
"Besetzen","NEUT",3,"polysyllabic","False",FALSE,TRUE
"Besetzer","MASC",3,"polysyllabic","False",FALSE,TRUE
"Besitz","MASC",2,"polysyllabic","True",TRUE,FALSE
"Besitzer","MASC",3,"polysyllabic","False",FALSE,TRUE
"Besitzstand","MASC",3,"polysyllabic","False",TRUE,TRUE
"Bespitzeln","NEUT",3,"polysyllabic","False",FALSE,TRUE
"Besserwisser","MASC",4,"polysyllabic","False",FALSE,TRUE
"Bestand","MASC",2,"polysyllabic","False",TRUE,TRUE
"Bestandteil","MASC",2,"polysyllabic","False",TRUE,TRUE
"Bestatter","MASC",3,"polysyllabic","False",FALSE,TRUE
"Bestechungsgeld","NEUT",4,"polysyllabic","False",TRUE,FALSE
"Bestechungsversuch","MASC",5,"polysyllabic","False",TRUE,TRUE
"Besteck","NEUT",2,"polysyllabic","False",TRUE,TRUE
"Bestiarium","NEUT",3,"polysyllabic","False",FALSE,TRUE
"Bestimmungswort","NEUT",4,"polysyllabic","False",TRUE,TRUE
"Bestreben","NEUT",3,"polysyllabic","False",FALSE,TRUE
"Bestseller","MASC",3,"polysyllabic","False",FALSE,TRUE
"Bestsellerautor","MASC",4,"polysyllabic","False",FALSE,TRUE
"Besuch","MASC",2,"polysyllabic","False",TRUE,TRUE
"Besuchen","NEUT",3,"polysyllabic","False",FALSE,TRUE
"Besucher","MASC",3,"polysyllabic","False",FALSE,TRUE
"Besucherzimmer","NEUT",5,"polysyllabic","False",FALSE,TRUE
"Beta","NEUT",2,"polysyllabic","False",FALSE,TRUE
"Betain","NEUT",2,"polysyllabic","False",FALSE,TRUE
"Betastrahl","MASC",3,"polysyllabic","False",TRUE,TRUE
"Betastrahler","MASC",4,"polysyllabic","False",FALSE,TRUE
"Betäubungsmittel","NEUT",4,"polysyllabic","False",FALSE,TRUE
"Beton","MASC",2,"polysyllabic","False",FALSE,TRUE
"Betonierer","MASC",3,"polysyllabic","False",FALSE,TRUE
"Betonklotz","MASC",3,"polysyllabic","True",TRUE,FALSE
"Betonmischer","MASC",4,"polysyllabic","False",FALSE,TRUE
"Betonsträßchen","NEUT",4,"polysyllabic","False",FALSE,TRUE
"Betonungszeichen","NEUT",4,"polysyllabic","False",FALSE,TRUE
"Betonzusatzstoff","MASC",5,"polysyllabic","False",FALSE,TRUE
"Betracht","MASC",2,"polysyllabic","False",TRUE,TRUE
"Betrachter","MASC",3,"polysyllabic","False",FALSE,TRUE
"Betrachtungshorizont","MASC",6,"polysyllabic","False",TRUE,TRUE
"Betrag","MASC",2,"polysyllabic","False",TRUE,TRUE
"Betrauern","NEUT",2,"polysyllabic","False",FALSE,TRUE
"Betreff","MASC",2,"polysyllabic","False",TRUE,TRUE
"Betreiber","MASC",2,"polysyllabic","False",FALSE,TRUE
"Betreuer","MASC",2,"polysyllabic","False",FALSE,TRUE
"Betrieb","MASC",1,"monosyllabic","False",TRUE,TRUE
"Betriebsmeister","MASC",2,"polysyllabic","False",FALSE,TRUE
"Betriebsrat","MASC",2,"polysyllabic","False",TRUE,TRUE
"Betrinken","NEUT",3,"polysyllabic","False",FALSE,TRUE
"Betrug","MASC",2,"polysyllabic","False",TRUE,TRUE
"Betrüger","MASC",3,"polysyllabic","False",FALSE,TRUE
"Bett","NEUT",1,"monosyllabic","False",TRUE,TRUE
"Bettbezug","MASC",3,"polysyllabic","False",TRUE,TRUE
"Bettchen","NEUT",2,"polysyllabic","False",FALSE,TRUE
"Bettelorden","MASC",4,"polysyllabic","False",FALSE,TRUE
"Bettelruf","MASC",3,"polysyllabic","False",TRUE,TRUE
"Bettelstab","MASC",3,"polysyllabic","False",TRUE,TRUE
"Bettlaken","NEUT",3,"polysyllabic","False",FALSE,TRUE
"Bettlein","NEUT",1,"monosyllabic","False",FALSE,TRUE
"Bettler","MASC",2,"polysyllabic","False",FALSE,TRUE
"Betttuch","NEUT",2,"polysyllabic","False",TRUE,TRUE
"Bettzeug","NEUT",1,"monosyllabic","False",TRUE,TRUE
"Beugen","NEUT",1,"monosyllabic","False",FALSE,TRUE
"Beugewinkel","MASC",3,"polysyllabic","False",FALSE,TRUE
"Beugfall","MASC",1,"monosyllabic","False",TRUE,TRUE
"Beugungswinkel","MASC",3,"polysyllabic","False",FALSE,TRUE
"Beuschel","NEUT",1,"monosyllabic","False",FALSE,TRUE
"Beutegreifer","MASC",2,"polysyllabic","False",FALSE,TRUE
"Beutegut","NEUT",2,"polysyllabic","False",TRUE,TRUE
"Beutel","MASC",1,"monosyllabic","False",FALSE,TRUE
"Beutelmarder","MASC",3,"polysyllabic","False",FALSE,TRUE
"Beutelsäuger","MASC",2,"polysyllabic","False",FALSE,TRUE
"Beutelteufel","MASC",2,"polysyllabic","False",FALSE,TRUE
"Beutelwolf","MASC",2,"polysyllabic","False",TRUE,TRUE
"Beutler","MASC",1,"monosyllabic","False",FALSE,TRUE
"Bevölkern","NEUT",3,"polysyllabic","False",FALSE,TRUE
"Bewachen","NEUT",3,"polysyllabic","False",FALSE,TRUE
"Bewässern","NEUT",3,"polysyllabic","False",FALSE,TRUE
"Bewegen","NEUT",3,"polysyllabic","False",FALSE,TRUE
"Beweggrund","MASC",3,"polysyllabic","False",TRUE,TRUE
"Beweis","MASC",1,"monosyllabic","True",TRUE,FALSE
"Beweisstück","NEUT",2,"polysyllabic","False",TRUE,TRUE
"Bewerber","MASC",3,"polysyllabic","False",FALSE,TRUE
"Bewerbungsgespräch","NEUT",5,"polysyllabic","False",TRUE,TRUE
"Bewilligen","NEUT",4,"polysyllabic","False",FALSE,TRUE
"Bewohner","MASC",3,"polysyllabic","False",FALSE,TRUE
"Bewusstsein","NEUT",2,"polysyllabic","False",FALSE,TRUE
"Bewusstseinszustand","MASC",4,"polysyllabic","False",TRUE,TRUE
"Beyblatt","NEUT",2,"polysyllabic","False",TRUE,TRUE
"Beychtvater","MASC",3,"polysyllabic","False",FALSE,TRUE
"Beydenhänder","MASC",4,"polysyllabic","False",FALSE,TRUE
"Beyfall","MASC",2,"polysyllabic","False",TRUE,TRUE
"Beyfallssturm","MASC",3,"polysyllabic","False",TRUE,TRUE
"Beyfang","MASC",2,"polysyllabic","False",TRUE,TRUE
"Beyfuß","MASC",2,"polysyllabic","True",TRUE,FALSE
"Beyl","NEUT",1,"monosyllabic","False",TRUE,TRUE
"Beyleyd","NEUT",2,"polysyllabic","False",TRUE,TRUE
"Beyn","NEUT",1,"monosyllabic","False",TRUE,TRUE
"Beyrath","MASC",2,"polysyllabic","False",TRUE,TRUE
"Beyseyn","NEUT",2,"polysyllabic","False",FALSE,TRUE
"Beyspiel","NEUT",1,"monosyllabic","False",TRUE,TRUE
"Beystand","MASC",2,"polysyllabic","False",TRUE,TRUE
"Beystrich","MASC",2,"polysyllabic","False",FALSE,TRUE
"Beytel","MASC",2,"polysyllabic","False",FALSE,TRUE
"Beytritt","MASC",2,"polysyllabic","False",TRUE,TRUE
"Beywagen","MASC",3,"polysyllabic","False",FALSE,TRUE
"Beywort","NEUT",2,"polysyllabic","False",TRUE,TRUE
"Bezahlen","NEUT",3,"polysyllabic","False",FALSE,TRUE
"Bezaubern","NEUT",2,"polysyllabic","False",FALSE,TRUE
"Bezeichnen","NEUT",2,"polysyllabic","False",FALSE,TRUE
"Bezirk","MASC",2,"polysyllabic","False",TRUE,TRUE
"Bezirksausschuss","MASC",3,"polysyllabic","True",TRUE,FALSE
"Bezug","MASC",2,"polysyllabic","False",TRUE,TRUE
"Bezugspunkt","MASC",3,"polysyllabic","False",TRUE,TRUE
"Bezugswort","NEUT",3,"polysyllabic","False",TRUE,TRUE
"Bezwingen","NEUT",3,"polysyllabic","False",FALSE,TRUE
"Bhutaner","MASC",3,"polysyllabic","False",FALSE,TRUE
"Biathlon","MASC",2,"polysyllabic","False",FALSE,TRUE
"Bibelforscher","MASC",4,"polysyllabic","False",FALSE,TRUE
"Bibelvers","MASC",3,"polysyllabic","True",TRUE,FALSE
"Biber","MASC",2,"polysyllabic","False",FALSE,TRUE
"Bibliothekar","MASC",4,"polysyllabic","False",FALSE,TRUE
"Bidenhänder","MASC",4,"polysyllabic","False",FALSE,TRUE
"Bidet","NEUT",2,"polysyllabic","False",FALSE,TRUE
"Biegen","NEUT",1,"monosyllabic","False",FALSE,TRUE
"Biegungswinkel","MASC",3,"polysyllabic","False",FALSE,TRUE
"Bienchen","NEUT",1,"monosyllabic","False",FALSE,TRUE
"Bienenbestand","MASC",3,"polysyllabic","False",TRUE,TRUE
"Bienenhaus","NEUT",1,"monosyllabic","True",TRUE,FALSE
"Bienenhäuschen","NEUT",2,"polysyllabic","False",FALSE,TRUE
"Bienenkorb","MASC",2,"polysyllabic","False",TRUE,TRUE
"Bienenstachel","MASC",3,"polysyllabic","False",FALSE,TRUE
"Bienenstich","MASC",2,"polysyllabic","False",TRUE,TRUE
"Bienenstock","MASC",2,"polysyllabic","False",TRUE,TRUE
"Bienenwachs","NEUT",2,"polysyllabic","True",TRUE,FALSE
"Bienenzüchter","MASC",3,"polysyllabic","False",FALSE,TRUE
"Bier","NEUT",0,"polysyllabic","False",TRUE,TRUE
"Bierchen","NEUT",1,"monosyllabic","False",FALSE,TRUE
"Bierdeckel","MASC",2,"polysyllabic","False",FALSE,TRUE
"Biergarten","MASC",2,"polysyllabic","False",FALSE,TRUE
"Bierglas","NEUT",1,"monosyllabic","True",TRUE,FALSE
"Bierkrug","MASC",1,"monosyllabic","False",TRUE,TRUE
"Bierzelt","NEUT",1,"monosyllabic","False",TRUE,TRUE
"Biest","MASC",0,"polysyllabic","False",TRUE,TRUE
"Bihänder","MASC",3,"polysyllabic","False",FALSE,TRUE
"Bilabial","MASC",3,"polysyllabic","False",FALSE,TRUE
"Bilch","MASC",1,"monosyllabic","False",TRUE,FALSE
"Bild","NEUT",1,"monosyllabic","False",TRUE,TRUE
"Bildbestandteil","MASC",3,"polysyllabic","False",TRUE,TRUE
"Bildchen","NEUT",2,"polysyllabic","False",FALSE,TRUE
"Bilderbuch","NEUT",3,"polysyllabic","False",TRUE,TRUE
"Bildersturm","MASC",3,"polysyllabic","False",TRUE,TRUE
"Bilderstürmer","MASC",4,"polysyllabic","False",FALSE,TRUE
"Bildhauer","MASC",2,"polysyllabic","False",FALSE,TRUE
"Bildpunkt","MASC",2,"polysyllabic","False",TRUE,TRUE
"Bildschirm","MASC",2,"polysyllabic","False",TRUE,TRUE
"Bildschirmformat","NEUT",4,"polysyllabic","False",TRUE,TRUE
"Bildschirmfoto","NEUT",4,"polysyllabic","False",FALSE,TRUE
"Bildteppich","MASC",3,"polysyllabic","False",FALSE,TRUE
"Bildungsbürger","MASC",4,"polysyllabic","False",FALSE,TRUE
"Bildungselement","NEUT",5,"polysyllabic","False",TRUE,TRUE
"Bildungsministerium","NEUT",6,"polysyllabic","False",FALSE,TRUE
"Bildungsroman","MASC",4,"polysyllabic","False",FALSE,TRUE
"Bildungswesen","NEUT",4,"polysyllabic","False",FALSE,TRUE
"Bildwörterbuch","NEUT",4,"polysyllabic","False",TRUE,TRUE
"Billard","NEUT",2,"polysyllabic","False",FALSE,TRUE
"Billiglohn","MASC",3,"polysyllabic","False",TRUE,TRUE
"Billionär","MASC",3,"polysyllabic","False",FALSE,TRUE
"Bimbo","MASC",2,"polysyllabic","False",FALSE,TRUE
"Bimetall","NEUT",3,"polysyllabic","False",FALSE,TRUE
"Bims","MASC",1,"monosyllabic","True",TRUE,FALSE
"Bindegewebe","NEUT",5,"polysyllabic","False",TRUE,FALSE
"Bindeglied","NEUT",2,"polysyllabic","False",TRUE,TRUE
"Bindehemmer","MASC",4,"polysyllabic","False",FALSE,TRUE
"Bindelaut","MASC",2,"polysyllabic","False",TRUE,TRUE
"Bindemittel","NEUT",4,"polysyllabic","False",FALSE,TRUE
"Bindenameisenwürger","MASC",6,"polysyllabic","False",FALSE,TRUE
"Binder","MASC",2,"polysyllabic","False",FALSE,TRUE
"Bindestrich","MASC",3,"polysyllabic","False",TRUE,TRUE
"Bindevokal","MASC",4,"polysyllabic","False",FALSE,TRUE
"Bindewort","NEUT",3,"polysyllabic","False",TRUE,TRUE
"Bindfaden","MASC",3,"polysyllabic","False",FALSE,TRUE
"Bindungsabstand","MASC",4,"polysyllabic","False",TRUE,TRUE
"Bindungsorbital","NEUT",5,"polysyllabic","False",FALSE,TRUE
"Bindungspartner","MASC",4,"polysyllabic","False",FALSE,TRUE
"Bindungsvermögen","NEUT",5,"polysyllabic","False",FALSE,TRUE
"Bindungswinkel","MASC",4,"polysyllabic","False",FALSE,TRUE
"Bingelkraut","NEUT",2,"polysyllabic","False",TRUE,TRUE
"Binnen-I","NEUT",3,"polysyllabic","False",FALSE,TRUE
"Binnendeutsch","NEUT",2,"polysyllabic","True",FALSE,TRUE
"Binnenland","NEUT",3,"polysyllabic","False",TRUE,TRUE
"Binnenländer","MASC",4,"polysyllabic","False",FALSE,TRUE
"Binnenreim","MASC",2,"polysyllabic","False",TRUE,TRUE
"Binom","NEUT",2,"polysyllabic","False",FALSE,TRUE
"Bioalkohol","MASC",3,"polysyllabic","False",FALSE,TRUE
"Biogas","NEUT",2,"polysyllabic","True",TRUE,FALSE
"Biokraftstoff","MASC",3,"polysyllabic","False",TRUE,TRUE
"Biokunststoff","MASC",3,"polysyllabic","False",TRUE,TRUE
"Bioladen","MASC",3,"polysyllabic","False",FALSE,TRUE
"Biom","NEUT",1,"monosyllabic","False",FALSE,TRUE
"Biomolekül","NEUT",4,"polysyllabic","False",FALSE,TRUE
"Biosensor","MASC",3,"polysyllabic","False",FALSE,TRUE
"Biotin","NEUT",2,"polysyllabic","False",FALSE,TRUE
"Biotit","MASC",2,"polysyllabic","False",FALSE,TRUE
"Biotop","NEUT",2,"polysyllabic","False",FALSE,TRUE
"Biphenyl","NEUT",3,"polysyllabic","False",FALSE,TRUE
"Bipyridin","NEUT",4,"polysyllabic","False",FALSE,TRUE
"Birkhuhn","NEUT",2,"polysyllabic","False",TRUE,TRUE
"Birnbaum","MASC",1,"monosyllabic","False",TRUE,TRUE
"Bisam","MASC",2,"polysyllabic","False",FALSE,TRUE
"Bischof","MASC",2,"polysyllabic","False",FALSE,TRUE
"Bischofsstab","MASC",3,"polysyllabic","False",TRUE,TRUE
"Bismut","NEUT",2,"polysyllabic","False",TRUE,TRUE
"Bisphosphonat","NEUT",4,"polysyllabic","False",FALSE,TRUE
"Biss","MASC",1,"monosyllabic","True",TRUE,FALSE
"Biß","MASC",1,"monosyllabic","True",TRUE,FALSE
"Bisschen","NEUT",2,"polysyllabic","False",FALSE,TRUE
"Bißchen","NEUT",2,"polysyllabic","False",FALSE,TRUE
"Bisslein","NEUT",1,"monosyllabic","False",FALSE,TRUE
"Bißlein","NEUT",1,"monosyllabic","False",FALSE,TRUE
"Bistro","NEUT",2,"polysyllabic","False",FALSE,TRUE
"Bistum","NEUT",2,"polysyllabic","False",FALSE,TRUE
"Bitburger","MASC",3,"polysyllabic","False",FALSE,TRUE
"Bittbrief","MASC",1,"monosyllabic","False",TRUE,TRUE
"Bitterling","MASC",3,"polysyllabic","False",FALSE,TRUE
"Bittgebet","NEUT",3,"polysyllabic","False",TRUE,TRUE
"Bittsteller","MASC",3,"polysyllabic","False",FALSE,TRUE
"Bitumen","NEUT",3,"polysyllabic","False",FALSE,TRUE
"Biwak","NEUT",2,"polysyllabic","False",FALSE,TRUE
"Biwaksack","MASC",3,"polysyllabic","False",TRUE,TRUE
"Blackfacing","NEUT",3,"polysyllabic","False",FALSE,TRUE
"Blag","NEUT",1,"monosyllabic","False",FALSE,TRUE
"Blähen","NEUT",2,"polysyllabic","False",FALSE,TRUE
"Blähton","MASC",2,"polysyllabic","False",FALSE,TRUE
"Blankoscheck","MASC",3,"polysyllabic","False",FALSE,TRUE
"Bläschen","NEUT",2,"polysyllabic","False",FALSE,TRUE
"Blasebalg","MASC",3,"polysyllabic","False",TRUE,TRUE
"Blasenkrebs","MASC",3,"polysyllabic","True",TRUE,FALSE
"Blasinstrument","NEUT",4,"polysyllabic","False",TRUE,TRUE
"Blasinstrumentenbauer","MASC",6,"polysyllabic","False",FALSE,TRUE
"Blasinstrumentenhersteller","MASC",8,"polysyllabic","False",FALSE,TRUE
"Blasphemiker","MASC",4,"polysyllabic","False",FALSE,TRUE
"Blasslila","NEUT",3,"polysyllabic","False",FALSE,TRUE
"Blatt","NEUT",1,"monosyllabic","False",TRUE,TRUE
"Blättchen","NEUT",2,"polysyllabic","False",FALSE,TRUE
"Blättermagen","MASC",4,"polysyllabic","False",FALSE,TRUE
"Blätterpilz","MASC",3,"polysyllabic","True",TRUE,FALSE
"Blätterteig","MASC",2,"polysyllabic","False",FALSE,TRUE
"Blätterwald","MASC",3,"polysyllabic","False",TRUE,TRUE
"Blattgewebe","NEUT",4,"polysyllabic","False",TRUE,FALSE
"Blattgold","NEUT",2,"polysyllabic","False",TRUE,TRUE
"Blattgrün","NEUT",2,"polysyllabic","False",FALSE,TRUE
"Blattgrund","MASC",2,"polysyllabic","False",TRUE,FALSE
"Blättlein","NEUT",1,"monosyllabic","False",FALSE,TRUE
"Blattspinat","MASC",3,"polysyllabic","False",FALSE,TRUE
"Blattstiel","MASC",1,"monosyllabic","False",FALSE,TRUE
"Blau","NEUT",0,"polysyllabic","False",FALSE,TRUE
"Blaubart","MASC",1,"monosyllabic","False",TRUE,TRUE
"Blaubussard","MASC",2,"polysyllabic","False",FALSE,TRUE
"Blaufränkisch","MASC",2,"polysyllabic","True",TRUE,FALSE
"Blaukehlchen","NEUT",2,"polysyllabic","False",FALSE,TRUE
"Blaukohl","MASC",1,"monosyllabic","False",TRUE,TRUE
"Blauschimmel","MASC",2,"polysyllabic","False",FALSE,TRUE
"Blauschimmelkäse","MASC",4,"polysyllabic","False",TRUE,FALSE
"Blauwal","MASC",1,"monosyllabic","False",TRUE,TRUE
"Blech","NEUT",1,"monosyllabic","False",TRUE,TRUE
"Blechdach","NEUT",2,"polysyllabic","False",TRUE,TRUE
"Blechkuchen","MASC",3,"polysyllabic","False",FALSE,TRUE
"Blechteil","NEUT",1,"monosyllabic","False",FALSE,TRUE
"Blei","NEUT",0,"polysyllabic","False",TRUE,TRUE
"Bleichen","NEUT",1,"monosyllabic","False",FALSE,TRUE
"Bleichmittel","NEUT",2,"polysyllabic","False",FALSE,TRUE
"Bleichstoff","MASC",1,"monosyllabic","False",TRUE,TRUE
"Bleierz","NEUT",1,"monosyllabic","True",TRUE,FALSE
"Bleifuß","MASC",1,"monosyllabic","True",TRUE,FALSE
"Bleigehalt","MASC",2,"polysyllabic","False",FALSE,TRUE
"Bleiglanz","MASC",1,"monosyllabic","True",TRUE,FALSE
"Bleiglas","NEUT",1,"monosyllabic","True",TRUE,FALSE
"Bleioxid","NEUT",2,"polysyllabic","False",FALSE,TRUE
"Bleistift","MASC",1,"monosyllabic","False",TRUE,TRUE
"Bleistiftanspitzer","MASC",4,"polysyllabic","False",FALSE,TRUE
"Bleistiftspitzer","MASC",3,"polysyllabic","False",FALSE,TRUE
"Blender","MASC",2,"polysyllabic","False",FALSE,TRUE
"Blendwerk","NEUT",2,"polysyllabic","False",TRUE,TRUE
"Blick","MASC",1,"monosyllabic","False",TRUE,TRUE
"Blickfeld","NEUT",2,"polysyllabic","False",FALSE,TRUE
"Blickkontakt","MASC",3,"polysyllabic","False",TRUE,TRUE
"Blicksilber","NEUT",3,"polysyllabic","False",FALSE,TRUE
"Blickwinkel","MASC",3,"polysyllabic","False",FALSE,TRUE
"Blindenhund","MASC",3,"polysyllabic","False",TRUE,TRUE
"Blindgänger","MASC",3,"polysyllabic","False",FALSE,TRUE
"Blindschach","NEUT",2,"polysyllabic","False",FALSE,TRUE
"Blinker","MASC",2,"polysyllabic","False",FALSE,TRUE
"Blitz","MASC",1,"monosyllabic","True",TRUE,FALSE
"Blitzableiter","MASC",3,"polysyllabic","False",FALSE,TRUE
"Blitzeis","NEUT",1,"monosyllabic","True",TRUE,FALSE
"Blitzkrieg","MASC",1,"monosyllabic","False",TRUE,TRUE
"Blitzlicht","NEUT",2,"polysyllabic","False",TRUE,TRUE
"Blitzlichtpulver","NEUT",4,"polysyllabic","False",FALSE,TRUE
"Blitzschlag","MASC",2,"polysyllabic","False",TRUE,TRUE
"Blitzsieg","MASC",1,"monosyllabic","False",TRUE,TRUE
"Bloch","MASC",1,"monosyllabic","False",TRUE,TRUE
"Block","MASC",1,"monosyllabic","False",TRUE,TRUE
"Blockhaus","NEUT",1,"monosyllabic","True",TRUE,FALSE
"Blödit","MASC",2,"polysyllabic","False",FALSE,TRUE
"Blödmann","MASC",2,"polysyllabic","False",TRUE,TRUE
"Blödsinn","MASC",2,"polysyllabic","False",TRUE,TRUE
"Blöken","NEUT",2,"polysyllabic","False",FALSE,TRUE
"Blondschopf","MASC",2,"polysyllabic","False",TRUE,TRUE
"Bluff","MASC",1,"monosyllabic","False",FALSE,TRUE
"Blühen","NEUT",2,"polysyllabic","False",FALSE,TRUE
"Blümchen","NEUT",2,"polysyllabic","False",FALSE,TRUE
"Blümchenkaffee","MASC",4,"polysyllabic","False",TRUE,FALSE
"Blumenbeet","NEUT",3,"polysyllabic","False",TRUE,TRUE
"Blumenhändler","MASC",4,"polysyllabic","False",FALSE,TRUE
"Blumenkasten","MASC",4,"polysyllabic","False",FALSE,TRUE
"Blumenkohl","MASC",3,"polysyllabic","False",TRUE,TRUE
"Blumenladen","MASC",4,"polysyllabic","False",FALSE,TRUE
"Blumenmuster","NEUT",4,"polysyllabic","False",FALSE,TRUE
"Blumenstrauß","MASC",2,"polysyllabic","True",TRUE,FALSE
"Blumensträußchen","NEUT",3,"polysyllabic","False",FALSE,TRUE
"Blumentopf","MASC",3,"polysyllabic","False",TRUE,TRUE
"Blumenverkäufer","MASC",4,"polysyllabic","False",FALSE,TRUE
"Blut","NEUT",1,"monosyllabic","False",TRUE,TRUE
"Blutbad","NEUT",2,"polysyllabic","False",TRUE,TRUE
"Blutegel","MASC",3,"polysyllabic","False",FALSE,TRUE
"Blütenblatt","NEUT",3,"polysyllabic","False",TRUE,TRUE
"Blütenblättchen","NEUT",4,"polysyllabic","False",FALSE,TRUE
"Blütenboden","MASC",4,"polysyllabic","False",FALSE,TRUE
"Blütenkorb","MASC",3,"polysyllabic","False",TRUE,TRUE
"Blütenstand","MASC",3,"polysyllabic","False",TRUE,TRUE
"Blütenstängel","MASC",4,"polysyllabic","False",FALSE,TRUE
"Blütenstiel","MASC",2,"polysyllabic","False",FALSE,TRUE
"Bluterguss","MASC",3,"polysyllabic","True",TRUE,FALSE
"Blutfarbstoff","MASC",3,"polysyllabic","False",FALSE,TRUE
"Blutfleck","MASC",2,"polysyllabic","False",TRUE,TRUE
"Blutgang","MASC",2,"polysyllabic","False",TRUE,TRUE
"Blutgefäß","NEUT",3,"polysyllabic","True",TRUE,FALSE
"Blutgefäßsystem","NEUT",5,"polysyllabic","False",FALSE,TRUE
"Blutgeld","NEUT",2,"polysyllabic","False",TRUE,TRUE
"Blutgerinnsel","NEUT",4,"polysyllabic","False",FALSE,TRUE
"Bluthund","MASC",2,"polysyllabic","False",TRUE,TRUE
"Blutkörperchen","NEUT",4,"polysyllabic","False",FALSE,TRUE
"Blutkrebs","MASC",2,"polysyllabic","True",TRUE,FALSE
"Blutkreislauf","MASC",1,"monosyllabic","False",TRUE,TRUE
"Blutlaugensalz","NEUT",3,"polysyllabic","True",TRUE,FALSE
"Blutmangel","MASC",3,"polysyllabic","False",FALSE,TRUE
"Blutmond","MASC",2,"polysyllabic","False",TRUE,TRUE
"Blutplasma","NEUT",3,"polysyllabic","False",FALSE,TRUE
"Blutplättchen","NEUT",3,"polysyllabic","False",FALSE,TRUE
"Bluträcher","NEUT",3,"polysyllabic","False",FALSE,TRUE
"Blutrot","NEUT",2,"polysyllabic","False",FALSE,TRUE
"Blutsbruder","MASC",3,"polysyllabic","False",FALSE,TRUE
"Blutspender","MASC",3,"polysyllabic","False",FALSE,TRUE
"Blutsturz","MASC",2,"polysyllabic","True",TRUE,FALSE
"Blutzoll","MASC",2,"polysyllabic","False",TRUE,TRUE
"Blutzucker","MASC",3,"polysyllabic","False",FALSE,TRUE
"Blutzuckerspiegel","MASC",4,"polysyllabic","False",FALSE,TRUE
"Bocher","MASC",2,"polysyllabic","False",FALSE,TRUE
"Bock","MASC",1,"monosyllabic","False",TRUE,TRUE
"Bockbier","NEUT",1,"monosyllabic","False",FALSE,TRUE
"Bockerl","NEUT",2,"polysyllabic","False",FALSE,TRUE
"Bockmist","MASC",2,"polysyllabic","False",TRUE,TRUE
"Bocksdorn","MASC",2,"polysyllabic","False",TRUE,TRUE
"Bockshorn","NEUT",2,"polysyllabic","False",TRUE,TRUE
"Bockshornklee","MASC",3,"polysyllabic","False",TRUE,FALSE
"Bockspringen","NEUT",3,"polysyllabic","False",FALSE,TRUE
"Bockwürstchen","NEUT",3,"polysyllabic","False",FALSE,TRUE
"Bodden","MASC",2,"polysyllabic","False",FALSE,TRUE
"Boden","MASC",2,"polysyllabic","False",FALSE,TRUE
"Bodenfrost","MASC",3,"polysyllabic","False",TRUE,TRUE
"Bodenlebewesen","NEUT",6,"polysyllabic","False",FALSE,TRUE
"Bodennebel","MASC",4,"polysyllabic","False",FALSE,TRUE
"Bodennullpunkt","MASC",4,"polysyllabic","False",TRUE,TRUE
"Bodensatz","MASC",3,"polysyllabic","True",TRUE,FALSE
"Bodenschatz","MASC",3,"polysyllabic","True",TRUE,FALSE
"Bodenzapfen","MASC",4,"polysyllabic","False",FALSE,TRUE
"Body","MASC",2,"polysyllabic","False",FALSE,TRUE
"Bodybuilder","MASC",4,"polysyllabic","False",FALSE,TRUE
"Bodybuilding","NEUT",4,"polysyllabic","False",FALSE,TRUE
"Bodyguard","MASC",3,"polysyllabic","False",FALSE,TRUE
"Bogen","MASC",2,"polysyllabic","False",FALSE,TRUE
"Bogenbündel","NEUT",4,"polysyllabic","False",FALSE,TRUE
"Bogenfenster","NEUT",4,"polysyllabic","False",FALSE,TRUE
"Bogenschiessen","NEUT",3,"polysyllabic","False",FALSE,TRUE
"Bogenschießen","NEUT",3,"polysyllabic","False",FALSE,TRUE
"Bogenschuss","MASC",3,"polysyllabic","True",TRUE,FALSE
"Bohnenkraut","NEUT",2,"polysyllabic","False",TRUE,TRUE
"Bohnensalat","MASC",4,"polysyllabic","False",TRUE,TRUE
"Bohren","NEUT",2,"polysyllabic","False",FALSE,TRUE
"Bohrer","MASC",2,"polysyllabic","False",FALSE,TRUE
"Bohrium","NEUT",2,"polysyllabic","False",FALSE,TRUE
"Bohrkern","MASC",2,"polysyllabic","False",FALSE,TRUE
"Boiler","MASC",2,"polysyllabic","False",FALSE,TRUE
"Bolivianer","MASC",4,"polysyllabic","False",FALSE,TRUE
"Bollerwagen","MASC",4,"polysyllabic","False",FALSE,TRUE
"Bollwerk","NEUT",2,"polysyllabic","False",FALSE,TRUE
"Bolzen","MASC",2,"polysyllabic","False",FALSE,TRUE
"Bolzenschneider","MASC",3,"polysyllabic","False",FALSE,TRUE
"Bolzplatz","MASC",2,"polysyllabic","True",TRUE,FALSE
"Bombardement","NEUT",4,"polysyllabic","False",FALSE,TRUE
"Bombenerfolg","MASC",4,"polysyllabic","False",TRUE,TRUE
"Bombenleger","MASC",4,"polysyllabic","False",FALSE,TRUE
"Bombenmantel","MASC",4,"polysyllabic","False",FALSE,TRUE
"Bombenwetter","NEUT",4,"polysyllabic","False",FALSE,TRUE
"Bomber","MASC",2,"polysyllabic","False",FALSE,TRUE
"Bon","MASC",1,"monosyllabic","False",FALSE,TRUE
"Bonmot","NEUT",2,"polysyllabic","False",FALSE,TRUE
"Bonner","MASC",2,"polysyllabic","False",FALSE,TRUE
"Bonobo","MASC",3,"polysyllabic","False",FALSE,TRUE
"Bonsai","MASC",2,"polysyllabic","False",FALSE,TRUE
"Bonvivant","MASC",3,"polysyllabic","False",FALSE,TRUE
"Boot","NEUT",1,"monosyllabic","False",TRUE,TRUE
"Bootsbauer","MASC",2,"polysyllabic","False",FALSE,TRUE
"Bootsflüchtling","MASC",3,"polysyllabic","False",FALSE,TRUE
"Bootshaken","MASC",3,"polysyllabic","False",FALSE,TRUE
"Bor","NEUT",1,"monosyllabic","False",FALSE,TRUE
"Boracit","MASC",3,"polysyllabic","False",FALSE,TRUE
"Boran","NEUT",2,"polysyllabic","False",FALSE,TRUE
"Borat","NEUT",2,"polysyllabic","False",TRUE,TRUE
"Boratom","NEUT",3,"polysyllabic","False",TRUE,TRUE
"Borazin","NEUT",3,"polysyllabic","False",FALSE,TRUE
"Borazol","NEUT",3,"polysyllabic","False",FALSE,TRUE
"Bord","MASC",1,"monosyllabic","False",TRUE,TRUE
"Bordell","NEUT",2,"polysyllabic","False",FALSE,TRUE
"Bordstein","MASC",1,"monosyllabic","False",TRUE,TRUE
"Börek","MASC",2,"polysyllabic","False",FALSE,TRUE
"Borg","MASC",1,"monosyllabic","False",TRUE,TRUE
"Borhydrid","NEUT",3,"polysyllabic","False",FALSE,TRUE
"Borid","NEUT",2,"polysyllabic","False",FALSE,TRUE
"Borkenkäfer","MASC",4,"polysyllabic","False",FALSE,TRUE
"Born","MASC",1,"monosyllabic","False",TRUE,TRUE
"Bornit","MASC",2,"polysyllabic","False",FALSE,TRUE
"Borosilikat","NEUT",5,"polysyllabic","False",TRUE,TRUE
"Borosilikatglas","NEUT",6,"polysyllabic","True",TRUE,FALSE
"Börsengang","MASC",3,"polysyllabic","False",TRUE,TRUE
"Börsenkrach","MASC",3,"polysyllabic","False",TRUE,TRUE
"Börsianer","MASC",3,"polysyllabic","False",FALSE,TRUE
"Borwasserstoff","MASC",4,"polysyllabic","False",FALSE,TRUE
"Böschungsbereich","MASC",3,"polysyllabic","False",TRUE,TRUE
"Boskoop","MASC",2,"polysyllabic","False",FALSE,TRUE
"Bosnier","MASC",1,"monosyllabic","False",FALSE,TRUE
"Boson","NEUT",2,"polysyllabic","False",FALSE,TRUE
"Boss","MASC",1,"monosyllabic","True",TRUE,FALSE
"Bot","MASC",1,"monosyllabic","False",FALSE,TRUE
"Bötchen","NEUT",2,"polysyllabic","False",FALSE,TRUE
"Botenlohn","MASC",3,"polysyllabic","False",TRUE,TRUE
"Botenstoff","MASC",3,"polysyllabic","False",TRUE,TRUE
"Botschafter","MASC",3,"polysyllabic","False",FALSE,TRUE
"Böttcher","MASC",2,"polysyllabic","False",FALSE,TRUE
"Bottich","MASC",2,"polysyllabic","False",FALSE,TRUE
"Boulevard","MASC",3,"polysyllabic","False",FALSE,TRUE
"Bouquet","NEUT",2,"polysyllabic","False",FALSE,TRUE
"Bowdenzug","MASC",3,"polysyllabic","False",TRUE,TRUE
"Bowieit","MASC",2,"polysyllabic","False",FALSE,TRUE
"Boxen","NEUT",2,"polysyllabic","False",FALSE,TRUE
"Boxer","MASC",2,"polysyllabic","False",FALSE,TRUE
"Boxhandschuh","MASC",3,"polysyllabic","False",FALSE,TRUE
"Brachet","MASC",2,"polysyllabic","False",FALSE,TRUE
"Brackwasser","NEUT",3,"polysyllabic","False",FALSE,TRUE
"Branchenbuch","NEUT",3,"polysyllabic","False",TRUE,TRUE
"Brandanschlag","MASC",3,"polysyllabic","False",TRUE,TRUE
"Brandbeschleuniger","MASC",4,"polysyllabic","False",FALSE,TRUE
"Brandbrief","MASC",1,"monosyllabic","False",TRUE,TRUE
"Brandenburger","MASC",4,"polysyllabic","False",FALSE,TRUE
"Brandholz","NEUT",2,"polysyllabic","True",TRUE,FALSE
"Brandopfer","NEUT",3,"polysyllabic","False",FALSE,TRUE
"Brandsatz","MASC",2,"polysyllabic","True",TRUE,FALSE
"Brandschatz","MASC",2,"polysyllabic","True",TRUE,FALSE
"Brandstifter","MASC",3,"polysyllabic","False",FALSE,TRUE
"Brandteigkrapferl","NEUT",3,"polysyllabic","False",FALSE,TRUE
"Branntkalk","MASC",2,"polysyllabic","False",FALSE,TRUE
"Branntwein","MASC",1,"monosyllabic","False",TRUE,TRUE
"Brät","NEUT",1,"monosyllabic","False",FALSE,TRUE
"Bratapfel","MASC",3,"polysyllabic","False",FALSE,TRUE
"Braten","NEUT",2,"polysyllabic","False",FALSE,TRUE
"Brathähnchen","NEUT",3,"polysyllabic","False",FALSE,TRUE
"Brathering","MASC",3,"polysyllabic","False",FALSE,TRUE
"Bratling","MASC",2,"polysyllabic","False",FALSE,TRUE
"Brätling","MASC",2,"polysyllabic","False",FALSE,TRUE
"Bratwürstchen","NEUT",3,"polysyllabic","False",FALSE,TRUE
"Bratwürstlein","NEUT",2,"polysyllabic","False",FALSE,TRUE
"Brauch","MASC",0,"polysyllabic","False",TRUE,TRUE
"Brauchtum","NEUT",1,"monosyllabic","False",FALSE,TRUE
"Brauer","MASC",1,"monosyllabic","False",FALSE,TRUE
"Brauhaus","NEUT",0,"polysyllabic","True",TRUE,FALSE
"Braumeister","MASC",1,"monosyllabic","False",FALSE,TRUE
"Braun","NEUT",0,"polysyllabic","False",FALSE,TRUE
"Braunbleierz","NEUT",1,"monosyllabic","True",TRUE,FALSE
"Brauneisenstein","MASC",1,"monosyllabic","False",FALSE,TRUE
"Braunerz","NEUT",1,"monosyllabic","True",TRUE,FALSE
"Braunflügel-Ameisenwürger","MASC",6,"polysyllabic","False",FALSE,TRUE
"Braunhemd","NEUT",1,"monosyllabic","False",FALSE,TRUE
"Braunkalk","MASC",1,"monosyllabic","False",TRUE,TRUE
"Braunkehlchen","NEUT",2,"polysyllabic","False",FALSE,TRUE
"Braunkohl","MASC",1,"monosyllabic","False",TRUE,TRUE
"Braunschweiger","MASC",1,"monosyllabic","False",FALSE,TRUE
"Braunstein","MASC",0,"polysyllabic","False",FALSE,TRUE
"Bräunungsprozess","MASC",3,"polysyllabic","True",TRUE,FALSE
"Brautgeld","NEUT",1,"monosyllabic","False",TRUE,TRUE
"Bräutigam","MASC",2,"polysyllabic","False",FALSE,TRUE
"Brautkleid","NEUT",0,"polysyllabic","False",TRUE,TRUE
"Brautlauf","MASC",0,"polysyllabic","False",FALSE,TRUE
"Brautschatz","MASC",1,"monosyllabic","True",TRUE,FALSE
"Brecheisen","NEUT",2,"polysyllabic","False",FALSE,TRUE
"Brechen","NEUT",2,"polysyllabic","False",FALSE,TRUE
"Brecher","MASC",2,"polysyllabic","False",FALSE,TRUE
"Brechmittel","NEUT",3,"polysyllabic","False",FALSE,TRUE
"Brechreiz","MASC",1,"monosyllabic","True",TRUE,FALSE
"Brei","MASC",0,"polysyllabic","False",TRUE,TRUE
"Breitbandantibiotikum","NEUT",6,"polysyllabic","False",FALSE,TRUE
"Breitbildschirm","MASC",2,"polysyllabic","False",TRUE,TRUE
"Breitengrad","MASC",2,"polysyllabic","False",TRUE,TRUE
"Breitensport","MASC",2,"polysyllabic","False",FALSE,TRUE
"Breitmaulnashorn","NEUT",2,"polysyllabic","False",TRUE,TRUE
"Bremer","MASC",2,"polysyllabic","False",FALSE,TRUE
"Bremsbelag","MASC",3,"polysyllabic","False",TRUE,TRUE
"Bremsen","NEUT",2,"polysyllabic","False",FALSE,TRUE
"Bremshebel","MASC",3,"polysyllabic","False",FALSE,TRUE
"Bremsschuh","MASC",2,"polysyllabic","False",TRUE,TRUE
"Brennelement","NEUT",4,"polysyllabic","False",FALSE,TRUE
"Brennen","NEUT",2,"polysyllabic","False",FALSE,TRUE
"Brennholz","NEUT",2,"polysyllabic","True",TRUE,FALSE
"Brennofen","MASC",3,"polysyllabic","False",FALSE,TRUE
"Brennpunkt","MASC",2,"polysyllabic","False",FALSE,TRUE
"Brennstoff","MASC",2,"polysyllabic","False",TRUE,TRUE
"Brett","NEUT",1,"monosyllabic","False",TRUE,TRUE
"Brettchen","NEUT",2,"polysyllabic","False",FALSE,TRUE
"Brettlein","NEUT",1,"monosyllabic","False",FALSE,TRUE
"Brettspiel","NEUT",1,"monosyllabic","False",TRUE,TRUE
"Breve","NEUT",2,"polysyllabic","False",TRUE,FALSE
"Brexit","MASC",2,"polysyllabic","False",FALSE,TRUE
"Brezel","NEUT",2,"polysyllabic","False",FALSE,TRUE
"Brief","MASC",0,"polysyllabic","False",TRUE,TRUE
"Briefbeschwerer","MASC",3,"polysyllabic","False",FALSE,TRUE
"Brieffreund","MASC",0,"polysyllabic","False",TRUE,TRUE
"Briefkasten","MASC",2,"polysyllabic","False",FALSE,TRUE
"Briefkopf","MASC",1,"monosyllabic","False",TRUE,TRUE
"Brieföffner","MASC",2,"polysyllabic","False",FALSE,TRUE
"Briefpapier","NEUT",1,"monosyllabic","False",TRUE,TRUE
"Briefstreicher","MASC",1,"monosyllabic","False",FALSE,TRUE
"Brieftaubenzüchter","MASC",3,"polysyllabic","False",FALSE,TRUE
"Briefträger","MASC",2,"polysyllabic","False",FALSE,TRUE
"Briefumschlag","MASC",2,"polysyllabic","False",TRUE,TRUE
"Briefwechsel","MASC",2,"polysyllabic","False",FALSE,TRUE
"Briefzusteller","MASC",3,"polysyllabic","False",FALSE,TRUE
"Brikett","NEUT",2,"polysyllabic","False",FALSE,TRUE
"Brillenetui","NEUT",4,"polysyllabic","False",FALSE,TRUE
"Brillengestell","NEUT",4,"polysyllabic","False",FALSE,TRUE
"Brillenpinguin","MASC",4,"polysyllabic","False",FALSE,TRUE
"Brimborium","NEUT",3,"polysyllabic","False",FALSE,TRUE
"Brimsen","MASC",2,"polysyllabic","False",FALSE,TRUE
"Bringen","NEUT",2,"polysyllabic","False",FALSE,TRUE
"Bringer","MASC",2,"polysyllabic","False",FALSE,TRUE
"Broccoli","MASC",3,"polysyllabic","False",FALSE,TRUE
"Bröckchen","NEUT",2,"polysyllabic","False",FALSE,TRUE
"Bröcklein","NEUT",1,"monosyllabic","False",FALSE,TRUE
"Brodem","MASC",2,"polysyllabic","False",FALSE,TRUE
"Broiler","MASC",2,"polysyllabic","False",FALSE,TRUE
"Brokat","MASC",2,"polysyllabic","False",TRUE,TRUE
"Brokkoli","MASC",3,"polysyllabic","False",FALSE,TRUE
"Brom","NEUT",1,"monosyllabic","False",FALSE,TRUE
"Bromalkan","NEUT",3,"polysyllabic","False",FALSE,TRUE
"Bromalken","NEUT",3,"polysyllabic","False",FALSE,TRUE
"Bromat","NEUT",2,"polysyllabic","False",FALSE,TRUE
"Bromatom","NEUT",3,"polysyllabic","False",FALSE,TRUE
"Bromdampf","MASC",2,"polysyllabic","False",TRUE,TRUE
"Bromfluorid","NEUT",3,"polysyllabic","False",FALSE,TRUE
"Bromid","NEUT",2,"polysyllabic","False",FALSE,TRUE
"Bromidion","NEUT",3,"polysyllabic","False",FALSE,TRUE
"Bromidquell","MASC",3,"polysyllabic","False",FALSE,TRUE
"Bromwasserstoff","MASC",4,"polysyllabic","False",FALSE,TRUE
"Bronzefund","MASC",3,"polysyllabic","False",FALSE,TRUE
"Brot","NEUT",1,"monosyllabic","False",TRUE,TRUE
"Brotbäcker","MASC",3,"polysyllabic","False",FALSE,TRUE
"Brotberuf","MASC",3,"polysyllabic","False",TRUE,TRUE
"Brotbrechen","NEUT",3,"polysyllabic","False",FALSE,TRUE
"Brötchen","NEUT",2,"polysyllabic","False",FALSE,TRUE
"Broterwerber","MASC",4,"polysyllabic","False",FALSE,TRUE
"Brothändler","NEUT",3,"polysyllabic","False",FALSE,TRUE
"Brotkasten","MASC",3,"polysyllabic","False",FALSE,TRUE
"Brotkorb","MASC",2,"polysyllabic","False",TRUE,TRUE
"Brotmesser","NEUT",3,"polysyllabic","False",FALSE,TRUE
"Brownie","MASC",1,"monosyllabic","False",TRUE,FALSE
"Bruchstrich","MASC",2,"polysyllabic","False",TRUE,TRUE
"Bruchstück","NEUT",2,"polysyllabic","False",TRUE,TRUE
"Bruchteil","MASC",1,"monosyllabic","False",TRUE,TRUE
"Bruchwasserläufer","MASC",4,"polysyllabic","False",FALSE,TRUE
"Brückengerüst","NEUT",4,"polysyllabic","False",FALSE,TRUE
"Brückenkopf","MASC",3,"polysyllabic","False",TRUE,TRUE
"Brückentag","MASC",3,"polysyllabic","False",TRUE,TRUE
"Bruder","MASC",2,"polysyllabic","False",FALSE,TRUE
"Brüderchen","NEUT",3,"polysyllabic","False",FALSE,TRUE
"Brüderlein","NEUT",2,"polysyllabic","False",FALSE,TRUE
"Brühwürfel","MASC",3,"polysyllabic","False",FALSE,TRUE
"Brüllen","NEUT",2,"polysyllabic","False",FALSE,TRUE
"Brüller","MASC",2,"polysyllabic","False",FALSE,TRUE
"Brüllwürfel","MASC",3,"polysyllabic","False",FALSE,TRUE
"Brummbär","MASC",2,"polysyllabic","False",FALSE,TRUE
"Brummen","NEUT",2,"polysyllabic","False",FALSE,TRUE
"Brummer","MASC",2,"polysyllabic","False",FALSE,TRUE
"Brünnchen","NEUT",2,"polysyllabic","False",FALSE,TRUE
"Brunnen","MASC",2,"polysyllabic","False",FALSE,TRUE
"Brünnlein","NEUT",1,"monosyllabic","False",FALSE,TRUE
"Brüsseler","MASC",3,"polysyllabic","False",FALSE,TRUE
"Brüßler","MASC",2,"polysyllabic","False",FALSE,TRUE
"Brustbein","NEUT",1,"monosyllabic","False",TRUE,TRUE
"Brüstchen","NEUT",2,"polysyllabic","False",FALSE,TRUE
"Brustkorb","MASC",2,"polysyllabic","False",TRUE,TRUE
"Bruststern","MASC",2,"polysyllabic","False",TRUE,TRUE
"Brutblatt","NEUT",2,"polysyllabic","False",TRUE,TRUE
"Brüter","MASC",2,"polysyllabic","False",FALSE,TRUE
"Brutkasten","MASC",3,"polysyllabic","False",FALSE,TRUE
"Brutreaktor","MASC",3,"polysyllabic","False",FALSE,TRUE
"Bruttonationaleinkommen","NEUT",7,"polysyllabic","False",FALSE,TRUE
"Büblein","NEUT",1,"monosyllabic","False",FALSE,TRUE
"Buchautor","MASC",2,"polysyllabic","False",FALSE,TRUE
"Buchdruck","NEUT",2,"polysyllabic","False",TRUE,TRUE
"Buchdrucker","MASC",3,"polysyllabic","False",FALSE,TRUE
"Büchelchen","NEUT",3,"polysyllabic","False",FALSE,TRUE
"Buchenholz","NEUT",3,"polysyllabic","True",TRUE,FALSE
"Buchenlaub","NEUT",2,"polysyllabic","False",TRUE,TRUE
"Bücherbrett","NEUT",3,"polysyllabic","False",TRUE,TRUE
"Bücherschrank","MASC",3,"polysyllabic","False",TRUE,TRUE
"Bücherverschlinger","MASC",5,"polysyllabic","False",FALSE,TRUE
"Bücherwurm","MASC",3,"polysyllabic","False",TRUE,TRUE
"Buchhalter","MASC",3,"polysyllabic","False",FALSE,TRUE
"Buchhandel","MASC",3,"polysyllabic","False",FALSE,TRUE
"Buchhändler","MASC",3,"polysyllabic","False",FALSE,TRUE
"Buchkapitel","NEUT",4,"polysyllabic","False",FALSE,TRUE
"Buchladen","MASC",3,"polysyllabic","False",FALSE,TRUE
"Büchlein","NEUT",1,"monosyllabic","False",FALSE,TRUE
"Buchmacher","MASC",3,"polysyllabic","False",FALSE,TRUE
"Buchmagen","MASC",3,"polysyllabic","False",FALSE,TRUE
"Buchsbaum","MASC",1,"monosyllabic","False",TRUE,TRUE
"Büchsenlicht","NEUT",3,"polysyllabic","False",TRUE,TRUE
"Büchslein","NEUT",1,"monosyllabic","False",FALSE,TRUE
"Buchstabenkurzwort","NEUT",5,"polysyllabic","False",TRUE,TRUE
"Buchstabensalat","MASC",5,"polysyllabic","False",TRUE,TRUE
"Buchstabenwort","NEUT",4,"polysyllabic","False",TRUE,TRUE
"Buchungskreis","MASC",2,"polysyllabic","True",TRUE,FALSE
"Buchverkäufer","MASC",3,"polysyllabic","False",FALSE,TRUE
"Buchweizen","MASC",2,"polysyllabic","False",FALSE,TRUE
"Buchweizenmehl","NEUT",3,"polysyllabic","False",TRUE,TRUE
"Buckel","MASC",2,"polysyllabic","False",FALSE,TRUE
"Buckelwal","MASC",3,"polysyllabic","False",TRUE,TRUE
"Bückling","MASC",2,"polysyllabic","False",TRUE,TRUE
"Budapester","MASC",4,"polysyllabic","False",FALSE,TRUE
"Büdchen","NEUT",2,"polysyllabic","False",FALSE,TRUE
"Buddelschiff","NEUT",3,"polysyllabic","False",TRUE,TRUE
"Buddha","MASC",2,"polysyllabic","False",FALSE,TRUE
"Budget","NEUT",2,"polysyllabic","False",FALSE,TRUE
"Büfett","NEUT",2,"polysyllabic","False",FALSE,TRUE
"Büffel","MASC",2,"polysyllabic","False",FALSE,TRUE
"Büffelfleisch","NEUT",2,"polysyllabic","True",TRUE,TRUE
"Büffelkäse","MASC",4,"polysyllabic","False",TRUE,FALSE
"Buffet","NEUT",2,"polysyllabic","False",FALSE,TRUE
"Buganker","MASC",3,"polysyllabic","False",FALSE,TRUE
"Bügel","MASC",2,"polysyllabic","False",FALSE,TRUE
"Bügelbrett","NEUT",3,"polysyllabic","False",TRUE,TRUE
"Bügeleisen","NEUT",3,"polysyllabic","False",FALSE,TRUE
"Bügelhorn","NEUT",3,"polysyllabic","False",TRUE,TRUE
"Bügeln","NEUT",2,"polysyllabic","False",FALSE,TRUE
"Bügelverschluss","MASC",4,"polysyllabic","True",TRUE,FALSE
"Buggy","MASC",2,"polysyllabic","False",FALSE,TRUE
"Bühel","MASC",2,"polysyllabic","False",FALSE,TRUE
"Bühl","MASC",1,"monosyllabic","False",FALSE,TRUE
"Buhmann","MASC",2,"polysyllabic","False",TRUE,TRUE
"Bühnenautor","MASC",3,"polysyllabic","False",FALSE,TRUE
"Bühnenreißer","MASC",3,"polysyllabic","False",FALSE,TRUE
"Bühnenvorhang","MASC",4,"polysyllabic","False",FALSE,TRUE
"Buhruf","MASC",2,"polysyllabic","False",TRUE,TRUE
"Bukett","NEUT",2,"polysyllabic","False",FALSE,TRUE
"Bulimiker","MASC",4,"polysyllabic","False",FALSE,TRUE
"Bullauge","NEUT",2,"polysyllabic","False",TRUE,FALSE
"Bulletin","NEUT",3,"polysyllabic","False",FALSE,TRUE
"Bummel","MASC",2,"polysyllabic","False",FALSE,TRUE
"Bumsen","NEUT",2,"polysyllabic","False",FALSE,TRUE
"Bund","MASC",1,"monosyllabic","False",TRUE,TRUE
"Bündel","NEUT",2,"polysyllabic","False",FALSE,TRUE
"Bündelchen","NEUT",3,"polysyllabic","False",FALSE,TRUE
"Bundesamt","NEUT",3,"polysyllabic","False",TRUE,TRUE
"Bundesaußenminister","MASC",6,"polysyllabic","False",FALSE,TRUE
"Bundesbürger","MASC",4,"polysyllabic","False",FALSE,TRUE
"Bundesdorf","NEUT",3,"polysyllabic","False",TRUE,TRUE
"Bundesfinanzminister","MASC",7,"polysyllabic","False",FALSE,TRUE
"Bundesgebiet","NEUT",3,"polysyllabic","False",TRUE,TRUE
"Bundesgerichtshof","MASC",5,"polysyllabic","False",TRUE,TRUE
"Bundesgrenzschutz","MASC",4,"polysyllabic","True",TRUE,FALSE
"Bundesinnenminister","MASC",7,"polysyllabic","False",FALSE,TRUE
"Bundesinstitut","NEUT",5,"polysyllabic","False",TRUE,TRUE
"Bundeskanzler","MASC",4,"polysyllabic","False",FALSE,TRUE
"Bundeskanzleramt","NEUT",5,"polysyllabic","False",TRUE,TRUE
"Bundeskriminalamt","NEUT",6,"polysyllabic","False",TRUE,TRUE
"Bundesland","NEUT",3,"polysyllabic","False",TRUE,TRUE
"Bundesminister","MASC",5,"polysyllabic","False",FALSE,TRUE
"Bundesministerium","NEUT",6,"polysyllabic","False",FALSE,TRUE
"Bundesrat","MASC",3,"polysyllabic","False",TRUE,TRUE
"Bundesstaat","MASC",3,"polysyllabic","False",TRUE,TRUE
"Bundestag","MASC",3,"polysyllabic","False",TRUE,TRUE
"Bundestrainer","MASC",4,"polysyllabic","False",FALSE,TRUE
"Bundestrojaner","MASC",5,"polysyllabic","False",FALSE,TRUE
"Bundesverband","MASC",4,"polysyllabic","False",TRUE,TRUE
"Bundesverfassungsgericht","NEUT",7,"polysyllabic","False",TRUE,TRUE
"Bundesverkehrsminister","MASC",7,"polysyllabic","False",FALSE,TRUE
"Bundeswirtschaftsminister","MASC",7,"polysyllabic","False",FALSE,TRUE
"Bündner","MASC",2,"polysyllabic","False",FALSE,TRUE
"Bundschuh","MASC",2,"polysyllabic","False",TRUE,TRUE
"Bungeespringen","NEUT",4,"polysyllabic","False",FALSE,TRUE
"Bunker","MASC",2,"polysyllabic","False",FALSE,TRUE
"Buntbarsch","MASC",2,"polysyllabic","True",TRUE,TRUE
"Buntgrad","MASC",2,"polysyllabic","False",TRUE,TRUE
"Buntheitsgrad","MASC",2,"polysyllabic","False",TRUE,TRUE
"Buntspecht","MASC",2,"polysyllabic","False",TRUE,TRUE
"Buntstift","MASC",2,"polysyllabic","False",TRUE,TRUE
"Buntwaschmittel","NEUT",4,"polysyllabic","False",FALSE,TRUE
"Burger","MASC",2,"polysyllabic","False",FALSE,TRUE
"Bürger","MASC",2,"polysyllabic","False",FALSE,TRUE
"Bürgerhaus","NEUT",2,"polysyllabic","True",TRUE,FALSE
"Bürgermeister","MASC",3,"polysyllabic","False",FALSE,TRUE
"Bürgerrechtler","MASC",4,"polysyllabic","False",FALSE,TRUE
"Bürgersinn","MASC",3,"polysyllabic","False",TRUE,TRUE
"Büro","NEUT",2,"polysyllabic","False",FALSE,TRUE
"Bürogebäude","NEUT",4,"polysyllabic","False",TRUE,FALSE
"Bürohengst","MASC",3,"polysyllabic","False",TRUE,TRUE
"Burrito","NEUT",3,"polysyllabic","False",FALSE,TRUE
"Bürschchen","NEUT",2,"polysyllabic","False",FALSE,TRUE
"Bürstchen","NEUT",2,"polysyllabic","False",FALSE,TRUE
"Bürstenschnitt","MASC",3,"polysyllabic","False",TRUE,TRUE
"Bürzel","MASC",2,"polysyllabic","False",FALSE,TRUE
"Busbahnhof","MASC",3,"polysyllabic","False",TRUE,TRUE
"Büschel","NEUT",2,"polysyllabic","False",FALSE,TRUE
"Büschelohrmaki","MASC",5,"polysyllabic","False",FALSE,TRUE
"Buschfunk","MASC",2,"polysyllabic","False",FALSE,TRUE
"Buschwerk","NEUT",2,"polysyllabic","False",TRUE,TRUE
"Buschwindröschen","NEUT",4,"polysyllabic","False",FALSE,TRUE
"Busen","MASC",2,"polysyllabic","False",FALSE,TRUE
"Busenfreund","MASC",2,"polysyllabic","False",TRUE,TRUE
"Busfahrer","MASC",3,"polysyllabic","False",FALSE,TRUE
"Bußsakrament","NEUT",4,"polysyllabic","False",TRUE,TRUE
"Büstenhalter","MASC",4,"polysyllabic","False",FALSE,TRUE
"Butadien","NEUT",2,"polysyllabic","False",FALSE,TRUE
"Butanol","NEUT",3,"polysyllabic","False",FALSE,TRUE
"Butt","MASC",1,"monosyllabic","False",TRUE,TRUE
"Butterblümchen","NEUT",4,"polysyllabic","False",FALSE,TRUE
"Butterbrot","NEUT",3,"polysyllabic","False",TRUE,TRUE
"Butterkäse","MASC",4,"polysyllabic","False",TRUE,FALSE
"Bütterken","NEUT",3,"polysyllabic","False",FALSE,TRUE
"Buttermesser","NEUT",4,"polysyllabic","False",FALSE,TRUE
"Butterpilz","MASC",3,"polysyllabic","True",TRUE,FALSE
"Butterröhrling","MASC",4,"polysyllabic","False",FALSE,TRUE
"Butyl","NEUT",2,"polysyllabic","False",FALSE,TRUE
"Butylalkohol","MASC",5,"polysyllabic","False",FALSE,TRUE
"Butzemann","MASC",3,"polysyllabic","False",TRUE,TRUE
"Butzen","MASC",2,"polysyllabic","False",FALSE,TRUE
"Bypass","MASC",2,"polysyllabic","True",TRUE,FALSE
"Byte","NEUT",2,"polysyllabic","False",TRUE,FALSE
"Caban","MASC",2,"polysyllabic","False",FALSE,TRUE
"Cabriolet","MASC",3,"polysyllabic","False",FALSE,TRUE
"Cachet","NEUT",2,"polysyllabic","False",FALSE,TRUE
"Cadmium","NEUT",2,"polysyllabic","False",FALSE,TRUE
"Cadmiumgehalt","MASC",4,"polysyllabic","False",TRUE,TRUE
"Cadmiumion","NEUT",3,"polysyllabic","False",FALSE,TRUE
"Cadmiumselenid","NEUT",5,"polysyllabic","False",FALSE,TRUE
"Caesium","NEUT",2,"polysyllabic","False",FALSE,TRUE
"Café","NEUT",1,"monosyllabic","False",FALSE,TRUE
"Caisson","MASC",2,"polysyllabic","False",FALSE,TRUE
"Calcit","MASC",2,"polysyllabic","False",FALSE,TRUE
"Calcium","NEUT",2,"polysyllabic","False",FALSE,TRUE
"Calciumarsenat","NEUT",5,"polysyllabic","False",FALSE,TRUE
"Calciumcitrat","NEUT",4,"polysyllabic","False",FALSE,TRUE
"Calciumfluorid","NEUT",4,"polysyllabic","False",FALSE,TRUE
"Calciumhydroxid","NEUT",5,"polysyllabic","False",FALSE,TRUE
"Calciummangel","MASC",4,"polysyllabic","False",FALSE,TRUE
"Calciumnitrat","NEUT",4,"polysyllabic","False",FALSE,TRUE
"Calciumoxid","NEUT",4,"polysyllabic","False",FALSE,TRUE
"Californium","NEUT",4,"polysyllabic","False",FALSE,TRUE
"Camp","NEUT",1,"monosyllabic","False",FALSE,TRUE
"Camper","MASC",2,"polysyllabic","False",FALSE,TRUE
"Campher","MASC",2,"polysyllabic","False",FALSE,TRUE
"Camping","NEUT",2,"polysyllabic","False",FALSE,TRUE
"Campingplatz","MASC",3,"polysyllabic","True",TRUE,FALSE
"Canadier","MASC",2,"polysyllabic","False",FALSE,TRUE
"Canfieldit","MASC",2,"polysyllabic","False",FALSE,TRUE
"Canyon","MASC",2,"polysyllabic","False",FALSE,TRUE
"Cappuccino","MASC",4,"polysyllabic","False",FALSE,TRUE
"Caravan","MASC",3,"polysyllabic","False",FALSE,TRUE
"Carben","NEUT",2,"polysyllabic","False",FALSE,TRUE
"Carbid","NEUT",2,"polysyllabic","False",FALSE,TRUE
"Carbonatgestein","NEUT",4,"polysyllabic","False",TRUE,TRUE
"Carbonsäureamid","NEUT",4,"polysyllabic","False",FALSE,TRUE
"Carbonyl","NEUT",3,"polysyllabic","False",FALSE,TRUE
"Carbonylkomplex","MASC",5,"polysyllabic","True",TRUE,FALSE
"Carboxy","NEUT",3,"polysyllabic","False",FALSE,TRUE
"Cärtchen","NEUT",2,"polysyllabic","False",FALSE,TRUE
"Cashflow","MASC",2,"polysyllabic","False",FALSE,TRUE
"Casino","NEUT",3,"polysyllabic","False",FALSE,TRUE
"Cäsium","NEUT",2,"polysyllabic","False",FALSE,TRUE
"Catcher","MASC",2,"polysyllabic","False",FALSE,TRUE
"Cayennepfeffer","MASC",4,"polysyllabic","False",FALSE,TRUE
"CD-Spieler","MASC",1,"monosyllabic","False",FALSE,TRUE
"Cello","NEUT",2,"polysyllabic","False",FALSE,TRUE
"Center","NEUT",2,"polysyllabic","False",FALSE,TRUE
"Cer","NEUT",1,"monosyllabic","False",FALSE,TRUE
"Cermet","NEUT",2,"polysyllabic","False",FALSE,TRUE
"Chalkanthit","MASC",3,"polysyllabic","False",FALSE,TRUE
"Chalkogen","NEUT",3,"polysyllabic","False",FALSE,TRUE
"Chalkogenid","NEUT",4,"polysyllabic","False",FALSE,TRUE
"Chalkogenidglas","NEUT",5,"polysyllabic","True",TRUE,FALSE
"Chalkopyrit","MASC",4,"polysyllabic","False",FALSE,TRUE
"Chalkosin","MASC",3,"polysyllabic","False",FALSE,TRUE
"Chalzedon","MASC",3,"polysyllabic","False",FALSE,TRUE
"Chamäleon","NEUT",3,"polysyllabic","False",FALSE,TRUE
"Champagner","MASC",3,"polysyllabic","False",FALSE,TRUE
"Champignon","MASC",3,"polysyllabic","False",FALSE,TRUE
"Chancentod","MASC",3,"polysyllabic","False",TRUE,TRUE
"Chanson","MASC",2,"polysyllabic","False",FALSE,TRUE
"Chaoskampf","MASC",2,"polysyllabic","False",TRUE,TRUE
"Chapeau","MASC",2,"polysyllabic","False",FALSE,TRUE
"Charakter","MASC",3,"polysyllabic","False",FALSE,TRUE
"Charakteristikum","NEUT",6,"polysyllabic","False",FALSE,TRUE
"Charakterzug","MASC",4,"polysyllabic","False",TRUE,TRUE
"Charme","MASC",2,"polysyllabic","False",TRUE,FALSE
"Charmeur","MASC",1,"monosyllabic","False",FALSE,TRUE
"Chat","MASC",1,"monosyllabic","False",FALSE,TRUE
"Chauffeur","MASC",0,"polysyllabic","False",FALSE,TRUE
"Chauvi","MASC",1,"monosyllabic","False",FALSE,TRUE
"Chauvispruch","MASC",2,"polysyllabic","False",FALSE,TRUE
"Chawer","MASC",2,"polysyllabic","False",FALSE,TRUE
"Check","MASC",1,"monosyllabic","False",FALSE,TRUE
"Checkpoint","MASC",2,"polysyllabic","False",FALSE,TRUE
"Cheerleader","MASC",3,"polysyllabic","False",FALSE,TRUE
"Chefredakteur","MASC",3,"polysyllabic","False",FALSE,TRUE
"Chefredaktor","MASC",4,"polysyllabic","False",FALSE,TRUE
"Chelat","NEUT",2,"polysyllabic","False",FALSE,TRUE
"Chelatbildner","MASC",4,"polysyllabic","False",FALSE,TRUE
"Chelatkomplex","MASC",4,"polysyllabic","True",TRUE,FALSE
"Chemikaliengesetz","NEUT",5,"polysyllabic","True",TRUE,FALSE
"Chemiker","MASC",3,"polysyllabic","False",FALSE,TRUE
"Cheminée","NEUT",3,"polysyllabic","False",TRUE,FALSE
"Cherub","MASC",2,"polysyllabic","False",FALSE,TRUE
"Chi","NEUT",1,"monosyllabic","False",FALSE,TRUE
"Chic","MASC",1,"monosyllabic","False",FALSE,TRUE
"Chicagoer","MASC",3,"polysyllabic","False",FALSE,TRUE
"Chick","NEUT",1,"monosyllabic","False",FALSE,TRUE
"Chili","MASC",2,"polysyllabic","False",FALSE,TRUE
"China","NEUT",2,"polysyllabic","False",FALSE,TRUE
"Chinakohl","MASC",3,"polysyllabic","False",TRUE,TRUE
"Chip","MASC",1,"monosyllabic","False",FALSE,TRUE
"Chipsatz","MASC",2,"polysyllabic","True",TRUE,FALSE
"Chlor","NEUT",1,"monosyllabic","False",FALSE,TRUE
"Chloralkan","NEUT",3,"polysyllabic","False",FALSE,TRUE
"Chloralken","NEUT",3,"polysyllabic","False",FALSE,TRUE
"Chlorargyrit","MASC",4,"polysyllabic","False",FALSE,TRUE
"Chloraromat","NEUT",4,"polysyllabic","False",FALSE,TRUE
"Chlorat","NEUT",2,"polysyllabic","False",FALSE,TRUE
"Chlorid","NEUT",2,"polysyllabic","False",FALSE,TRUE
"Chlorit","MASC",2,"polysyllabic","False",FALSE,TRUE
"Chlorknallgas","NEUT",3,"polysyllabic","True",TRUE,FALSE
"Chloroform","NEUT",3,"polysyllabic","False",FALSE,TRUE
"Chlorophyll","NEUT",3,"polysyllabic","False",FALSE,TRUE
"Chlororuthenat","NEUT",5,"polysyllabic","False",FALSE,TRUE
"Chlorstrom","NEUT",2,"polysyllabic","False",FALSE,TRUE
"Chlorwasserstoff","MASC",4,"polysyllabic","False",FALSE,TRUE
"Chlorwasserstoffmolekül","NEUT",7,"polysyllabic","False",FALSE,TRUE
"Cholesterin","NEUT",4,"polysyllabic","False",FALSE,TRUE
"Cholin","NEUT",2,"polysyllabic","False",FALSE,TRUE
"Chor","MASC",1,"monosyllabic","False",TRUE,TRUE
"Choral","MASC",2,"polysyllabic","False",FALSE,TRUE
"Chormeister","MASC",2,"polysyllabic","False",FALSE,TRUE
"Christabend","MASC",3,"polysyllabic","False",FALSE,TRUE
"Christbaum","MASC",1,"monosyllabic","False",TRUE,TRUE
"Christbaumschmuck","MASC",2,"polysyllabic","False",FALSE,TRUE
"Christentum","NEUT",3,"polysyllabic","False",FALSE,TRUE
"Christkind","NEUT",2,"polysyllabic","False",TRUE,TRUE
"Christkindchen","NEUT",3,"polysyllabic","False",FALSE,TRUE
"Christkindl","NEUT",2,"polysyllabic","False",FALSE,TRUE
"Christkindlein","NEUT",2,"polysyllabic","False",FALSE,TRUE
"Christogramm","NEUT",3,"polysyllabic","False",FALSE,TRUE
"Christstollen","MASC",3,"polysyllabic","False",FALSE,TRUE
"Christusmonogramm","NEUT",5,"polysyllabic","False",FALSE,TRUE
"Chrom","NEUT",1,"monosyllabic","False",FALSE,TRUE
"Chromat","NEUT",2,"polysyllabic","False",TRUE,TRUE
"Chromatin","NEUT",3,"polysyllabic","False",FALSE,TRUE
"Chromgelb","NEUT",2,"polysyllabic","False",FALSE,TRUE
"Chromit","MASC",2,"polysyllabic","False",FALSE,TRUE
"Chromophor","MASC",3,"polysyllabic","False",FALSE,TRUE
"Chrysoberyll","MASC",4,"polysyllabic","False",FALSE,TRUE
"Chymiker","MASC",3,"polysyllabic","False",FALSE,TRUE
"Cisplatin","NEUT",3,"polysyllabic","False",FALSE,TRUE
"Citrat","NEUT",2,"polysyllabic","False",TRUE,TRUE
"Citrin","MASC",2,"polysyllabic","False",FALSE,TRUE
"Clan","MASC",1,"monosyllabic","False",FALSE,TRUE
"Claqueur","MASC",2,"polysyllabic","False",FALSE,TRUE
"Clathrat","NEUT",2,"polysyllabic","False",FALSE,TRUE
"Clausthalit","MASC",2,"polysyllabic","False",FALSE,TRUE
"Cleveit","MASC",1,"monosyllabic","False",TRUE,TRUE
"Clickbaiting","MASC",3,"polysyllabic","False",FALSE,TRUE
"Cliffhanger","MASC",3,"polysyllabic","False",FALSE,TRUE
"Clou","MASC",1,"monosyllabic","False",FALSE,TRUE
"Clown","MASC",1,"monosyllabic","False",FALSE,TRUE
"Clownfisch","MASC",2,"polysyllabic","True",FALSE,TRUE
"Club","MASC",1,"monosyllabic","False",FALSE,TRUE
"Clubchef","MASC",2,"polysyllabic","False",FALSE,TRUE
"Clubmitglied","NEUT",2,"polysyllabic","False",TRUE,TRUE
"Cluster","MASC",2,"polysyllabic","False",FALSE,TRUE
"Cobalt","NEUT",2,"polysyllabic","False",FALSE,TRUE
"Cobaltit","MASC",3,"polysyllabic","False",FALSE,TRUE
"Cocktail","NEUT",2,"polysyllabic","False",FALSE,TRUE
"Code","MASC",2,"polysyllabic","False",TRUE,FALSE
"Codereview","MASC",3,"polysyllabic","False",FALSE,TRUE
"Coelestin","MASC",3,"polysyllabic","False",FALSE,TRUE
"Coenzym","NEUT",2,"polysyllabic","False",FALSE,TRUE
"Coffein","NEUT",1,"monosyllabic","False",FALSE,TRUE
"Cölestin","MASC",3,"polysyllabic","False",FALSE,TRUE
"Collier","NEUT",1,"monosyllabic","False",FALSE,TRUE
"Coltan","NEUT",2,"polysyllabic","False",FALSE,TRUE
"Columbit","MASC",3,"polysyllabic","False",FALSE,TRUE
"Columbium","NEUT",3,"polysyllabic","False",FALSE,TRUE
"Come-back","NEUT",3,"polysyllabic","False",FALSE,TRUE
"Comeback","NEUT",3,"polysyllabic","False",FALSE,TRUE
"Comic","MASC",2,"polysyllabic","False",FALSE,TRUE
"Comic-Heft","NEUT",3,"polysyllabic","False",TRUE,TRUE
"Comic-Zeichner","MASC",3,"polysyllabic","False",FALSE,TRUE
"Comiczeichner","MASC",3,"polysyllabic","False",FALSE,TRUE
"Communiqué","NEUT",4,"polysyllabic","False",FALSE,TRUE
"Computer","MASC",3,"polysyllabic","False",FALSE,TRUE
"Computergehäuse","NEUT",5,"polysyllabic","False",TRUE,FALSE
"Computerspiel","NEUT",3,"polysyllabic","False",TRUE,TRUE
"Concealer","MASC",3,"polysyllabic","False",FALSE,TRUE
"Container","MASC",3,"polysyllabic","False",FALSE,TRUE
"Containerschiff","NEUT",4,"polysyllabic","False",FALSE,TRUE
"Content-Management-System","NEUT",8,"polysyllabic","False",FALSE,TRUE
"Contergan","NEUT",3,"polysyllabic","False",FALSE,TRUE
"Copernicium","NEUT",4,"polysyllabic","False",FALSE,TRUE
"Copyright","NEUT",3,"polysyllabic","False",FALSE,TRUE
"Cornwallit","MASC",3,"polysyllabic","False",FALSE,TRUE
"Cörper","MASC",2,"polysyllabic","False",FALSE,TRUE
"Cortison","NEUT",3,"polysyllabic","False",FALSE,TRUE
"Costa-Ricaner","MASC",5,"polysyllabic","False",FALSE,TRUE
"Coulomb","NEUT",2,"polysyllabic","False",FALSE,TRUE
"Count-down","MASC",2,"polysyllabic","False",FALSE,TRUE
"Countdown","MASC",2,"polysyllabic","False",FALSE,TRUE
"Coup","MASC",1,"monosyllabic","False",FALSE,TRUE
"Coupé","NEUT",1,"monosyllabic","False",FALSE,TRUE
"Coupon","MASC",2,"polysyllabic","False",FALSE,TRUE
"Cousin","MASC",2,"polysyllabic","False",FALSE,TRUE
"Couvert","NEUT",2,"polysyllabic","False",FALSE,TRUE
"Coventrieren","NEUT",3,"polysyllabic","False",FALSE,TRUE
"Coventrisieren","NEUT",4,"polysyllabic","False",FALSE,TRUE
"Cowboy","MASC",2,"polysyllabic","False",FALSE,TRUE
"Crack","NEUT",1,"monosyllabic","False",FALSE,TRUE
"Crashkurs","MASC",2,"polysyllabic","True",TRUE,FALSE
"Credo","NEUT",2,"polysyllabic","False",FALSE,TRUE
"Crescendo","NEUT",3,"polysyllabic","False",FALSE,TRUE
"Creutz","NEUT",0,"polysyllabic","True",TRUE,FALSE
"Creuz","NEUT",0,"polysyllabic","True",TRUE,FALSE
"Cricket","NEUT",2,"polysyllabic","False",FALSE,TRUE
"Croissant","NEUT",2,"polysyllabic","False",FALSE,TRUE
"Croupier","MASC",1,"monosyllabic","False",FALSE,TRUE
"Crowdfunding","NEUT",3,"polysyllabic","False",FALSE,TRUE
"Crystal","NEUT",2,"polysyllabic","False",FALSE,TRUE
"Cummingtonit","MASC",4,"polysyllabic","False",TRUE,TRUE
"Cup","MASC",1,"monosyllabic","False",FALSE,TRUE
"Cupalit","MASC",3,"polysyllabic","False",FALSE,TRUE
"Curiepunkt","MASC",2,"polysyllabic","False",FALSE,TRUE
"Curium","NEUT",2,"polysyllabic","False",FALSE,TRUE
"Curry","NEUT",2,"polysyllabic","False",FALSE,TRUE
"Cursor","MASC",2,"polysyllabic","False",FALSE,TRUE
"Cutter","MASC",2,"polysyllabic","False",FALSE,TRUE
"Cyan","NEUT",1,"monosyllabic","False",FALSE,TRUE
"Cyanat","NEUT",2,"polysyllabic","False",FALSE,TRUE
"Cyanid","NEUT",2,"polysyllabic","False",FALSE,TRUE
"Cyanobakterium","NEUT",5,"polysyllabic","False",FALSE,TRUE
"Cyanogen","NEUT",3,"polysyllabic","False",FALSE,TRUE
"Cyberkrieg","MASC",2,"polysyllabic","False",TRUE,TRUE
"Cyclodextrin","NEUT",4,"polysyllabic","False",FALSE,TRUE
"Cystein","NEUT",1,"monosyllabic","False",FALSE,TRUE
"Cystin","NEUT",2,"polysyllabic","False",FALSE,TRUE
"Cytochrom","NEUT",3,"polysyllabic","False",FALSE,TRUE
"Cytosin","NEUT",3,"polysyllabic","False",FALSE,TRUE
"Cytostatikum","NEUT",5,"polysyllabic","False",FALSE,TRUE
"D-Zug","MASC",1,"monosyllabic","False",TRUE,TRUE
"Dach","MASC",1,"monosyllabic","False",TRUE,TRUE
"Dachboden","MASC",3,"polysyllabic","False",FALSE,TRUE
"Dachdecker","MASC",3,"polysyllabic","False",FALSE,TRUE
"Dachfenster","NEUT",3,"polysyllabic","False",FALSE,TRUE
"Dachgeschoss","NEUT",3,"polysyllabic","True",TRUE,FALSE
"Dächlein","NEUT",1,"monosyllabic","False",FALSE,TRUE
"Dachs","MASC",1,"monosyllabic","True",TRUE,FALSE
"Dachschaden","MASC",3,"polysyllabic","False",FALSE,TRUE
"Dachshund","MASC",2,"polysyllabic","False",TRUE,TRUE
"Dachstuhl","MASC",2,"polysyllabic","False",TRUE,TRUE
"Dachverband","MASC",3,"polysyllabic","False",TRUE,TRUE
"Dachziegel","MASC",2,"polysyllabic","False",FALSE,TRUE
"Dackel","MASC",2,"polysyllabic","False",FALSE,TRUE
"Dad","MASC",1,"monosyllabic","False",FALSE,TRUE
"Dagobert Duck","MASC",4,"polysyllabic","False",FALSE,TRUE
"Daimler","MASC",2,"polysyllabic","False",FALSE,TRUE
"Damastgewebe","NEUT",5,"polysyllabic","False",TRUE,FALSE
"Damaszener","MASC",4,"polysyllabic","False",FALSE,TRUE
"Damebrett","NEUT",3,"polysyllabic","False",TRUE,TRUE
"Damenbesuch","MASC",4,"polysyllabic","False",TRUE,TRUE
"Damenflügel","MASC",4,"polysyllabic","False",FALSE,TRUE
"Damespiel","NEUT",2,"polysyllabic","False",TRUE,TRUE
"Damhirsch","MASC",2,"polysyllabic","True",TRUE,FALSE
"Damm","MASC",1,"monosyllabic","False",TRUE,TRUE
"Dammbruch","MASC",2,"polysyllabic","False",TRUE,TRUE
"Damoklesschwert","NEUT",4,"polysyllabic","False",TRUE,TRUE
"Dampf","MASC",1,"monosyllabic","False",TRUE,TRUE
"Dampfer","MASC",2,"polysyllabic","False",FALSE,TRUE
"Dämpfer","MASC",2,"polysyllabic","False",FALSE,TRUE
"Dampferzeuger","MASC",3,"polysyllabic","False",FALSE,TRUE
"Dampfkessel","MASC",3,"polysyllabic","False",FALSE,TRUE
"Dampfkochtopf","MASC",3,"polysyllabic","False",TRUE,TRUE
"Dampfschiff","NEUT",2,"polysyllabic","False",TRUE,TRUE
"Damwild","NEUT",2,"polysyllabic","False",TRUE,TRUE
"Danaer","MASC",2,"polysyllabic","False",FALSE,TRUE
"Danaergeschenk","NEUT",4,"polysyllabic","False",TRUE,TRUE
"Danebenschießen","NEUT",4,"polysyllabic","False",FALSE,TRUE
"Dank","MASC",1,"monosyllabic","False",TRUE,TRUE
"Dankopfer","NEUT",3,"polysyllabic","False",FALSE,TRUE
"Darknet","NEUT",2,"polysyllabic","False",FALSE,TRUE
"Darlehen","NEUT",3,"polysyllabic","False",FALSE,TRUE
"Darm","MASC",1,"monosyllabic","False",TRUE,TRUE
"Darmausgang","MASC",2,"polysyllabic","False",TRUE,TRUE
"Darmbein","NEUT",1,"monosyllabic","False",TRUE,TRUE
"Darmkrebs","MASC",2,"polysyllabic","True",TRUE,FALSE
"Darmstädter","MASC",3,"polysyllabic","False",FALSE,TRUE
"Darmstadtium","NEUT",3,"polysyllabic","False",FALSE,TRUE
"Darmverschluss","MASC",3,"polysyllabic","True",TRUE,FALSE
"Darsteller","MASC",3,"polysyllabic","False",FALSE,TRUE
"Dasein","NEUT",1,"monosyllabic","False",FALSE,TRUE
"Dashboard","NEUT",2,"polysyllabic","False",FALSE,TRUE
"Dataset","MASC",3,"polysyllabic","False",FALSE,TRUE
"Date","NEUT",2,"polysyllabic","False",TRUE,FALSE
"Dateiformat","NEUT",3,"polysyllabic","False",TRUE,TRUE
"Datenbankmodell","NEUT",5,"polysyllabic","False",FALSE,TRUE
"Datenbankschlüssel","MASC",5,"polysyllabic","False",FALSE,TRUE
"Datenbankverwaltungssystem","NEUT",8,"polysyllabic","False",FALSE,TRUE
"Datenblatt","NEUT",3,"polysyllabic","False",TRUE,TRUE
"Datensatz","MASC",3,"polysyllabic","True",TRUE,FALSE
"Datenschutz","MASC",3,"polysyllabic","True",TRUE,FALSE
"Datenspeicher","MASC",3,"polysyllabic","False",FALSE,TRUE
"Datenträger","MASC",4,"polysyllabic","False",FALSE,TRUE
"Datentyp","MASC",3,"polysyllabic","False",FALSE,TRUE
"Dativ","MASC",2,"polysyllabic","False",FALSE,TRUE
"Datolith","MASC",3,"polysyllabic","False",FALSE,TRUE
"Datteln","NEUT",2,"polysyllabic","False",FALSE,TRUE
"Dattelner","MASC",3,"polysyllabic","False",FALSE,TRUE
"Datum","NEUT",2,"polysyllabic","False",FALSE,TRUE
"Daueraufenthalt","MASC",3,"polysyllabic","False",FALSE,TRUE
"Dauerfrost","MASC",2,"polysyllabic","False",TRUE,TRUE
"Dauerlutscher","MASC",3,"polysyllabic","False",FALSE,TRUE
"Dauerzustand","MASC",3,"polysyllabic","False",TRUE,TRUE
"Däumchen","NEUT",1,"monosyllabic","False",FALSE,TRUE
"Daumen","MASC",1,"monosyllabic","False",FALSE,TRUE
"Daumennagel","MASC",3,"polysyllabic","False",FALSE,TRUE
"Däumlein","NEUT",0,"polysyllabic","False",FALSE,TRUE
"Däumling","MASC",1,"monosyllabic","False",FALSE,TRUE
"Daus","MASC",0,"polysyllabic","True",TRUE,FALSE
"David","MASC",2,"polysyllabic","False",FALSE,TRUE
"Davidstern","MASC",3,"polysyllabic","False",TRUE,TRUE
"Dealer","MASC",2,"polysyllabic","False",FALSE,TRUE
"Debakel","NEUT",3,"polysyllabic","False",FALSE,TRUE
"Debreciner","MASC",4,"polysyllabic","False",FALSE,TRUE
"Debrecziner","MASC",4,"polysyllabic","False",FALSE,TRUE
"Debreziner","MASC",4,"polysyllabic","False",FALSE,TRUE
"Debuggen","NEUT",3,"polysyllabic","False",FALSE,TRUE
"Debugging","NEUT",3,"polysyllabic","False",FALSE,TRUE
"Debüt","NEUT",2,"polysyllabic","False",FALSE,TRUE
"Decacarbonyl","NEUT",5,"polysyllabic","False",FALSE,TRUE
"Decahydrat","NEUT",4,"polysyllabic","False",FALSE,TRUE
"Deck","NEUT",1,"monosyllabic","False",TRUE,TRUE
"Deckchen","NEUT",2,"polysyllabic","False",FALSE,TRUE
"Deckel","MASC",2,"polysyllabic","False",FALSE,TRUE
"Deckenzapfen","MASC",4,"polysyllabic","False",FALSE,TRUE
"Deckmantel","MASC",3,"polysyllabic","False",FALSE,TRUE
"Decorator","MASC",4,"polysyllabic","False",FALSE,TRUE
"Defekt","MASC",2,"polysyllabic","False",FALSE,TRUE
"Defilee","NEUT",3,"polysyllabic","False",TRUE,FALSE
"Defizit","NEUT",3,"polysyllabic","False",TRUE,TRUE
"Degen","MASC",2,"polysyllabic","False",FALSE,TRUE
"Deibel","MASC",1,"monosyllabic","False",FALSE,TRUE
"Deich","MASC",0,"polysyllabic","False",TRUE,TRUE
"Deichbruch","MASC",1,"monosyllabic","False",TRUE,TRUE
"Dekagramm","NEUT",3,"polysyllabic","False",FALSE,TRUE
"Dekan","NEUT",2,"polysyllabic","False",FALSE,TRUE
"Dekolleté","NEUT",3,"polysyllabic","False",FALSE,TRUE
"Dekolletee","NEUT",4,"polysyllabic","False",TRUE,FALSE
"Dekor","NEUT",2,"polysyllabic","False",FALSE,TRUE
"Dekorierer","MASC",3,"polysyllabic","False",FALSE,TRUE
"Dekret","NEUT",2,"polysyllabic","False",TRUE,TRUE
"Delfin","MASC",2,"polysyllabic","False",FALSE,TRUE
"Delikt","NEUT",2,"polysyllabic","False",TRUE,TRUE
"Delirium","NEUT",3,"polysyllabic","False",FALSE,TRUE
"Delphin","MASC",2,"polysyllabic","False",FALSE,TRUE
"Delta","NEUT",2,"polysyllabic","False",FALSE,TRUE
"Demiurg","MASC",2,"polysyllabic","False",TRUE,TRUE
"Demo","NEUT",2,"polysyllabic","False",FALSE,TRUE
"Demonstrationskraftwerk","NEUT",6,"polysyllabic","False",TRUE,TRUE
"Demonstrationsverbot","NEUT",6,"polysyllabic","False",TRUE,TRUE
"Denglisch","NEUT",2,"polysyllabic","True",FALSE,TRUE
"Denken","NEUT",2,"polysyllabic","False",FALSE,TRUE
"Denker","MASC",2,"polysyllabic","False",FALSE,TRUE
"Denkfehler","MASC",3,"polysyllabic","False",FALSE,TRUE
"Denkmal","NEUT",2,"polysyllabic","False",TRUE,TRUE
"Denkmalschutz","MASC",3,"polysyllabic","True",TRUE,FALSE
"Denkzettel","MASC",3,"polysyllabic","False",FALSE,TRUE
"Dental","MASC",2,"polysyllabic","False",FALSE,TRUE
"Denunziantentum","NEUT",5,"polysyllabic","False",FALSE,TRUE
"Deo","NEUT",1,"monosyllabic","False",FALSE,TRUE
"Departement","NEUT",4,"polysyllabic","False",FALSE,TRUE
"Departementsrat","MASC",5,"polysyllabic","False",TRUE,TRUE
"Department","NEUT",3,"polysyllabic","False",FALSE,TRUE
"Depot","NEUT",2,"polysyllabic","False",FALSE,TRUE
"Depp","MASC",1,"monosyllabic","False",FALSE,TRUE
"Deppenleerzeichen","NEUT",4,"polysyllabic","False",FALSE,TRUE
"Derby","NEUT",2,"polysyllabic","False",FALSE,TRUE
"Derivatem","NEUT",4,"polysyllabic","False",FALSE,TRUE
"Dermatozoenwahn","MASC",5,"polysyllabic","False",TRUE,TRUE
"Derwisch","MASC",2,"polysyllabic","True",TRUE,TRUE
"Desaster","NEUT",3,"polysyllabic","False",FALSE,TRUE
"Descloizit","NEUT",3,"polysyllabic","False",FALSE,TRUE
"Deserteur","MASC",2,"polysyllabic","False",FALSE,TRUE
"Desiderat","NEUT",4,"polysyllabic","False",TRUE,TRUE
"Design","NEUT",2,"polysyllabic","False",FALSE,TRUE
"Desinfektionsmittel","NEUT",6,"polysyllabic","False",FALSE,TRUE
"Desktop-Computer","MASC",5,"polysyllabic","False",FALSE,TRUE
"Desoxidationsmittel","NEUT",7,"polysyllabic","False",FALSE,TRUE
"Desoxyribonukleotid","NEUT",8,"polysyllabic","False",FALSE,TRUE
"Dessert","NEUT",2,"polysyllabic","False",FALSE,TRUE
"Dessertlöffel","MASC",4,"polysyllabic","False",FALSE,TRUE
"Destillationsgefäß","NEUT",6,"polysyllabic","True",TRUE,FALSE
"Detail","NEUT",2,"polysyllabic","False",FALSE,TRUE
"Detailhandel","MASC",4,"polysyllabic","False",FALSE,TRUE
"Detailhändler","MASC",4,"polysyllabic","False",FALSE,TRUE
"Detektiv","MASC",3,"polysyllabic","False",FALSE,TRUE
"Detektor","MASC",3,"polysyllabic","False",FALSE,TRUE
"Determinativkompositum","NEUT",9,"polysyllabic","False",FALSE,TRUE
"Deuter","MASC",1,"monosyllabic","False",FALSE,TRUE
"Deuterid","NEUT",2,"polysyllabic","False",FALSE,TRUE
"Deuterium","NEUT",2,"polysyllabic","False",FALSE,TRUE
"Deuteron","NEUT",2,"polysyllabic","False",FALSE,TRUE
"Deutsch","NEUT",0,"polysyllabic","True",FALSE,TRUE
"Deutschordensritter","MASC",4,"polysyllabic","False",FALSE,TRUE
"Deutschrussisch","NEUT",2,"polysyllabic","True",FALSE,TRUE
"Deutschschweizer","MASC",1,"monosyllabic","False",FALSE,TRUE
"Deutschtum","NEUT",1,"monosyllabic","False",FALSE,TRUE
"Dewargefäß","NEUT",4,"polysyllabic","True",TRUE,FALSE
"Dextrin","NEUT",2,"polysyllabic","False",FALSE,TRUE
"Dez","MASC",1,"monosyllabic","True",TRUE,FALSE
"Dezember","MASC",3,"polysyllabic","False",FALSE,TRUE
"Dezernat","NEUT",3,"polysyllabic","False",TRUE,TRUE
"Dezibel","NEUT",3,"polysyllabic","False",FALSE,TRUE
"Dezimalsystem","NEUT",5,"polysyllabic","False",FALSE,TRUE
"Dezimeter","MASC",4,"polysyllabic","False",FALSE,TRUE
"Dia","NEUT",1,"monosyllabic","False",FALSE,TRUE
"Diabetiker","MASC",4,"polysyllabic","False",FALSE,TRUE
"Diadem","NEUT",2,"polysyllabic","False",FALSE,TRUE
"Diakon","MASC",2,"polysyllabic","False",FALSE,TRUE
"Dialekt","MASC",2,"polysyllabic","False",TRUE,TRUE
"Dialektkontinuum","NEUT",5,"polysyllabic","False",FALSE,TRUE
"Dialog","MASC",2,"polysyllabic","False",TRUE,TRUE
"Dialogfenster","NEUT",4,"polysyllabic","False",FALSE,TRUE
"Diamantbergbau","MASC",3,"polysyllabic","False",FALSE,TRUE
"Diamantgitter","NEUT",4,"polysyllabic","False",FALSE,TRUE
"Diamantring","MASC",3,"polysyllabic","False",FALSE,TRUE
"Diamantringeffekt","MASC",5,"polysyllabic","False",FALSE,TRUE
"Diaphragma","NEUT",3,"polysyllabic","False",FALSE,TRUE
"Diarsan","NEUT",2,"polysyllabic","False",FALSE,TRUE
"Dibenzodioxin","NEUT",5,"polysyllabic","False",FALSE,TRUE
"Dichlorid","NEUT",3,"polysyllabic","False",FALSE,TRUE
"Dichloroargentat","NEUT",5,"polysyllabic","False",FALSE,TRUE
"Dichromat","NEUT",3,"polysyllabic","False",TRUE,TRUE
"Dichtband","NEUT",2,"polysyllabic","False",TRUE,TRUE
"Dichter","MASC",2,"polysyllabic","False",FALSE,TRUE
"Dichtstoff","MASC",2,"polysyllabic","False",TRUE,TRUE
"Dichtungsmaterial","NEUT",5,"polysyllabic","False",FALSE,TRUE
"Dickbein","NEUT",1,"monosyllabic","False",TRUE,TRUE
"Dickdarm","MASC",2,"polysyllabic","False",TRUE,TRUE
"Dicken","MASC",2,"polysyllabic","False",FALSE,TRUE
"Dickhornschaf","NEUT",3,"polysyllabic","False",TRUE,TRUE
"Dickicht","NEUT",2,"polysyllabic","False",FALSE,TRUE
"Dickkopf","MASC",2,"polysyllabic","False",TRUE,TRUE
"Dickmacher","MASC",3,"polysyllabic","False",FALSE,TRUE
"Dickschnabelpinguin","MASC",5,"polysyllabic","False",FALSE,TRUE
"Dicyanoargentat","NEUT",5,"polysyllabic","False",FALSE,TRUE
"Dieb","MASC",0,"polysyllabic","False",TRUE,TRUE
"Diebstahl","MASC",1,"monosyllabic","False",FALSE,TRUE
"Dielektrikum","NEUT",3,"polysyllabic","False",FALSE,TRUE
"Diener","MASC",1,"monosyllabic","False",FALSE,TRUE
"Dienst","MASC",0,"polysyllabic","False",TRUE,TRUE
"Dienstag","MASC",1,"monosyllabic","False",TRUE,TRUE
"Dienstagabend","MASC",3,"polysyllabic","False",FALSE,TRUE
"Dienstagmittag","MASC",3,"polysyllabic","False",FALSE,TRUE
"Dienstagnachmittag","MASC",4,"polysyllabic","False",FALSE,TRUE
"Dienstagvormittag","MASC",4,"polysyllabic","False",FALSE,TRUE
"Dienstgrad","MASC",1,"monosyllabic","False",TRUE,TRUE
"Diensthaus","NEUT",0,"polysyllabic","True",TRUE,FALSE
"Dienstleister","MASC",1,"monosyllabic","False",FALSE,TRUE
"Dienstmädchen","NEUT",2,"polysyllabic","False",FALSE,TRUE
"Dienstraum","MASC",0,"polysyllabic","False",TRUE,TRUE
"Diesel","MASC",1,"monosyllabic","False",FALSE,TRUE
"Dieselmotor","MASC",3,"polysyllabic","False",FALSE,TRUE
"Diethylether","MASC",3,"polysyllabic","False",FALSE,TRUE
"Dietrich","MASC",1,"monosyllabic","False",FALSE,TRUE
"Diffusionsvermögen","NEUT",6,"polysyllabic","False",FALSE,TRUE
"Difluorid","NEUT",3,"polysyllabic","False",FALSE,TRUE
"Digamma","NEUT",3,"polysyllabic","False",FALSE,TRUE
"Digestif","MASC",3,"polysyllabic","False",FALSE,TRUE
"Digitalisat","NEUT",5,"polysyllabic","False",FALSE,TRUE
"Digitalradio","NEUT",5,"polysyllabic","False",FALSE,TRUE
"Diglycerid","NEUT",4,"polysyllabic","False",FALSE,TRUE
"Dihydrat","NEUT",3,"polysyllabic","False",FALSE,TRUE
"Diktat","NEUT",2,"polysyllabic","False",FALSE,TRUE
"Diktator","MASC",3,"polysyllabic","False",FALSE,TRUE
"Diktiergerät","NEUT",3,"polysyllabic","False",TRUE,TRUE
"Dildo","MASC",2,"polysyllabic","False",FALSE,TRUE
"Dill","MASC",1,"monosyllabic","False",TRUE,TRUE
"Dimer","NEUT",2,"polysyllabic","False",FALSE,TRUE
"Dimethylsulfid","NEUT",5,"polysyllabic","False",FALSE,TRUE
"Diminutiv","NEUT",4,"polysyllabic","False",FALSE,TRUE
"Dimmer","MASC",2,"polysyllabic","False",FALSE,TRUE
"Ding","NEUT",1,"monosyllabic","False",TRUE,TRUE
"Dinglein","NEUT",1,"monosyllabic","False",FALSE,TRUE
"Dingo","MASC",2,"polysyllabic","False",FALSE,TRUE
"Dingwort","NEUT",2,"polysyllabic","False",TRUE,TRUE
"Dinkel","MASC",2,"polysyllabic","False",FALSE,TRUE
"Dino","MASC",2,"polysyllabic","False",FALSE,TRUE
"Dinosaurier","MASC",2,"polysyllabic","False",FALSE,TRUE
"Dinukleotid","NEUT",4,"polysyllabic","False",FALSE,TRUE
"Diopsid","MASC",2,"polysyllabic","False",FALSE,TRUE
"Dioxid","NEUT",2,"polysyllabic","False",FALSE,TRUE
"Diphenylether","NEUT",5,"polysyllabic","False",FALSE,TRUE
"Diphosphat","NEUT",3,"polysyllabic","False",FALSE,TRUE
"Diphosphonat","NEUT",4,"polysyllabic","False",FALSE,TRUE
"Diplom","NEUT",2,"polysyllabic","False",FALSE,TRUE
"Diplomingenieur","MASC",5,"polysyllabic","False",TRUE,TRUE
"Diproton","NEUT",3,"polysyllabic","False",FALSE,TRUE
"Direktor","MASC",3,"polysyllabic","False",FALSE,TRUE
"Dirndl","NEUT",1,"monosyllabic","False",FALSE,TRUE
"Dirndlbaum","MASC",1,"monosyllabic","False",TRUE,TRUE
"Dirndlkleid","NEUT",1,"monosyllabic","False",TRUE,TRUE
"Dirndlkleidchen","NEUT",2,"polysyllabic","False",FALSE,TRUE
"Dirndlstrauch","MASC",1,"monosyllabic","False",TRUE,TRUE
"Discjockey","MASC",3,"polysyllabic","False",FALSE,TRUE
"Discount","MASC",2,"polysyllabic","False",FALSE,TRUE
"Diselan","NEUT",3,"polysyllabic","False",FALSE,TRUE
"Diselenid","NEUT",4,"polysyllabic","False",FALSE,TRUE
"Diskont","MASC",2,"polysyllabic","False",TRUE,TRUE
"Diskurs","MASC",2,"polysyllabic","True",TRUE,FALSE
"Diskussionsforum","NEUT",5,"polysyllabic","False",FALSE,TRUE
"Diskuswerfen","NEUT",4,"polysyllabic","False",FALSE,TRUE
"Diskuswurf","MASC",3,"polysyllabic","False",TRUE,TRUE
"Disput","MASC",2,"polysyllabic","False",TRUE,TRUE
"Distelfalter","MASC",4,"polysyllabic","False",FALSE,TRUE
"Distiban","NEUT",3,"polysyllabic","False",FALSE,TRUE
"Distickstoffmonoxid","NEUT",6,"polysyllabic","False",FALSE,TRUE
"Distickstoffoxid","NEUT",5,"polysyllabic","False",FALSE,TRUE
"Distrikt","MASC",2,"polysyllabic","False",TRUE,TRUE
"Disulfat","NEUT",3,"polysyllabic","False",FALSE,TRUE
"Disulfit","NEUT",3,"polysyllabic","False",FALSE,TRUE
"Ditellurid","NEUT",4,"polysyllabic","False",FALSE,TRUE
"Dithiolan","NEUT",3,"polysyllabic","False",FALSE,TRUE
"Dithionat","NEUT",3,"polysyllabic","False",FALSE,TRUE
"Dithionit","NEUT",3,"polysyllabic","False",FALSE,TRUE
"Dito","NEUT",2,"polysyllabic","False",FALSE,TRUE
"Dividieren","NEUT",3,"polysyllabic","False",FALSE,TRUE
"Divis","NEUT",2,"polysyllabic","True",TRUE,FALSE
"Divisionsrest","MASC",4,"polysyllabic","False",TRUE,TRUE
"Dobermann","MASC",3,"polysyllabic","False",TRUE,TRUE
"Docht","MASC",1,"monosyllabic","False",TRUE,TRUE
"Dock","NEUT",1,"monosyllabic","False",FALSE,TRUE
"Dodekaeder","NEUT",4,"polysyllabic","False",FALSE,TRUE
"Dödel","MASC",2,"polysyllabic","False",FALSE,TRUE
"Dodelschach","NEUT",3,"polysyllabic","False",FALSE,TRUE
"Dodo","MASC",2,"polysyllabic","False",FALSE,TRUE
"Dogmatiker","MASC",4,"polysyllabic","False",FALSE,TRUE
"Doktor","MASC",2,"polysyllabic","False",FALSE,TRUE
"Doktorat","NEUT",3,"polysyllabic","False",TRUE,TRUE
"Doktorfisch","MASC",3,"polysyllabic","True",TRUE,TRUE
"Doktorvater","MASC",4,"polysyllabic","False",FALSE,TRUE
"Dokument","NEUT",3,"polysyllabic","False",TRUE,TRUE
"Dolch","MASC",1,"monosyllabic","False",TRUE,TRUE
"Dollarzeichen","NEUT",3,"polysyllabic","False",FALSE,TRUE
"Dolmetsch","MASC",2,"polysyllabic","True",TRUE,TRUE
"Dolmetscher","MASC",3,"polysyllabic","False",FALSE,TRUE
"Dolomit","MASC",3,"polysyllabic","False",FALSE,TRUE
"Dolomitstein","MASC",3,"polysyllabic","False",FALSE,TRUE
"Dom","MASC",1,"monosyllabic","False",TRUE,TRUE
"Domeykit","MASC",3,"polysyllabic","False",FALSE,TRUE
"Dominikanerorden","MASC",7,"polysyllabic","False",FALSE,TRUE
"Dominoeffekt","MASC",4,"polysyllabic","False",TRUE,TRUE
"Domizil","NEUT",3,"polysyllabic","False",FALSE,TRUE
"Dompfaff","MASC",2,"polysyllabic","False",FALSE,TRUE
"Dompteur","MASC",1,"monosyllabic","False",FALSE,TRUE
"Donaudampfschifffahrtsgesellschaftskapitän","MASC",10,"polysyllabic","False",TRUE,TRUE
"Donaulachs","MASC",2,"polysyllabic","True",TRUE,FALSE
"Donner","MASC",2,"polysyllabic","False",FALSE,TRUE
"Donnerhall","MASC",3,"polysyllabic","False",TRUE,TRUE
"Donnerkeil","MASC",2,"polysyllabic","False",TRUE,TRUE
"Donnern","NEUT",2,"polysyllabic","False",FALSE,TRUE
"Donnerschlag","MASC",3,"polysyllabic","False",TRUE,TRUE
"Donnerstag","MASC",3,"polysyllabic","False",TRUE,TRUE
"Donnerstagabend","MASC",5,"polysyllabic","False",FALSE,TRUE
"Donnerstagmittag","MASC",5,"polysyllabic","False",FALSE,TRUE
"Donnerstagnachmittag","MASC",6,"polysyllabic","False",FALSE,TRUE
"Donnerstagvormittag","MASC",6,"polysyllabic","False",FALSE,TRUE
"Donnervogel","MASC",4,"polysyllabic","False",FALSE,TRUE
"Donnerwetter","NEUT",4,"polysyllabic","False",FALSE,TRUE
"Donor","NEUT",2,"polysyllabic","False",FALSE,TRUE
"Doofi","MASC",2,"polysyllabic","False",FALSE,TRUE
"Dopamin","NEUT",3,"polysyllabic","False",FALSE,TRUE
"Doping","NEUT",2,"polysyllabic","False",FALSE,TRUE
"Doppel","NEUT",2,"polysyllabic","False",FALSE,TRUE
"Doppel-T-Stein","MASC",2,"polysyllabic","False",TRUE,TRUE
"Doppeldecker","MASC",4,"polysyllabic","False",FALSE,TRUE
"Doppelgänger","MASC",4,"polysyllabic","False",FALSE,TRUE
"Doppelhaus","NEUT",2,"polysyllabic","True",TRUE,FALSE
"Doppelklick","MASC",3,"polysyllabic","False",FALSE,TRUE
"Doppelköpfchen","NEUT",4,"polysyllabic","False",FALSE,TRUE
"Doppellaut","MASC",2,"polysyllabic","False",TRUE,TRUE
"Doppelleben","NEUT",4,"polysyllabic","False",FALSE,TRUE
"Doppelpunkt","MASC",3,"polysyllabic","False",TRUE,TRUE
"Doppelsalz","NEUT",3,"polysyllabic","True",TRUE,FALSE
"Doppelspaltexperiment","NEUT",7,"polysyllabic","False",TRUE,TRUE
"Doppelspiel","NEUT",2,"polysyllabic","False",TRUE,TRUE
"Doppelstern","MASC",3,"polysyllabic","False",TRUE,TRUE
"Doppelwohnhaus","NEUT",3,"polysyllabic","True",TRUE,FALSE
"Doppelzimmer","NEUT",4,"polysyllabic","False",FALSE,TRUE
"Dorf","NEUT",1,"monosyllabic","False",TRUE,TRUE
"Dorfbewohner","MASC",4,"polysyllabic","False",FALSE,TRUE
"Dorfrand","MASC",2,"polysyllabic","False",TRUE,TRUE
"Dorftrottel","MASC",3,"polysyllabic","False",FALSE,TRUE
"Dorn","MASC",1,"monosyllabic","False",TRUE,TRUE
"Dornbusch","MASC",2,"polysyllabic","True",TRUE,TRUE
"Dörnchen","NEUT",2,"polysyllabic","False",FALSE,TRUE
"Dorngesträuch","NEUT",2,"polysyllabic","False",TRUE,TRUE
"Dornginster","MASC",3,"polysyllabic","False",FALSE,TRUE
"Dornhai","MASC",2,"polysyllabic","False",TRUE,TRUE
"Dörren","NEUT",2,"polysyllabic","False",FALSE,TRUE
"Dorsch","MASC",1,"monosyllabic","True",TRUE,TRUE
"Dortmunder","MASC",3,"polysyllabic","False",FALSE,TRUE
"Döschen","NEUT",2,"polysyllabic","False",FALSE,TRUE
"Dosenöffner","MASC",4,"polysyllabic","False",FALSE,TRUE
"Dossier","NEUT",1,"monosyllabic","False",FALSE,TRUE
"Dost","MASC",1,"monosyllabic","False",FALSE,TRUE
"Dotierelement","NEUT",4,"polysyllabic","False",TRUE,TRUE
"Dotieren","NEUT",2,"polysyllabic","False",FALSE,TRUE
"Dotter","MASC",2,"polysyllabic","False",FALSE,TRUE
"Downer","MASC",2,"polysyllabic","False",FALSE,TRUE
"Downsyndrom","NEUT",3,"polysyllabic","False",FALSE,TRUE
"Drachen","MASC",2,"polysyllabic","False",FALSE,TRUE
"Drachenblut","NEUT",3,"polysyllabic","False",TRUE,TRUE
"Drachenfutter","NEUT",4,"polysyllabic","False",FALSE,TRUE
"Dragee","NEUT",2,"polysyllabic","False",TRUE,FALSE
"Dragée","NEUT",2,"polysyllabic","False",TRUE,FALSE
"Dragoner","MASC",3,"polysyllabic","False",FALSE,TRUE
"Draht","MASC",1,"monosyllabic","False",TRUE,TRUE
"Drähtchen","NEUT",2,"polysyllabic","False",FALSE,TRUE
"Drahtesel","MASC",3,"polysyllabic","False",FALSE,TRUE
"Drahtseil","NEUT",1,"monosyllabic","False",FALSE,TRUE
"Drahtseilakt","MASC",2,"polysyllabic","False",TRUE,TRUE
"Drahtsieb","NEUT",1,"monosyllabic","False",TRUE,TRUE
"Drahtzaun","MASC",1,"monosyllabic","False",TRUE,TRUE
"Drahtzieher","MASC",2,"polysyllabic","False",FALSE,TRUE
"Drall","MASC",1,"monosyllabic","False",TRUE,TRUE
"Drama","NEUT",2,"polysyllabic","False",FALSE,TRUE
"Drang","MASC",1,"monosyllabic","False",TRUE,TRUE
"Draufgänger","MASC",2,"polysyllabic","False",FALSE,TRUE
"Drechsler","MASC",2,"polysyllabic","False",FALSE,TRUE
"Dreck","MASC",1,"monosyllabic","False",TRUE,TRUE
"Dreckkerl","MASC",2,"polysyllabic","False",FALSE,TRUE
"Dreckloch","NEUT",2,"polysyllabic","False",FALSE,TRUE
"Drecksack","MASC",2,"polysyllabic","False",TRUE,TRUE
"Dreckskerl","MASC",2,"polysyllabic","False",FALSE,TRUE
"Dreh","MASC",1,"monosyllabic","False",TRUE,TRUE
"Drehbuch","NEUT",2,"polysyllabic","False",TRUE,TRUE
"Dreher","MASC",2,"polysyllabic","False",FALSE,TRUE
"Drehimpuls","MASC",3,"polysyllabic","True",TRUE,FALSE
"Drehmoment","NEUT",3,"polysyllabic","False",TRUE,TRUE
"Drehort","MASC",2,"polysyllabic","False",TRUE,TRUE
"Drehpunkt","MASC",2,"polysyllabic","False",TRUE,TRUE
"Dreibein","NEUT",0,"polysyllabic","False",TRUE,TRUE
"Dreidel","MASC",1,"monosyllabic","False",FALSE,TRUE
"Dreieck","NEUT",1,"monosyllabic","False",TRUE,TRUE
"Dreier","MASC",1,"monosyllabic","False",FALSE,TRUE
"Dreifachklick","MASC",2,"polysyllabic","False",FALSE,TRUE
"Dreifuß","MASC",1,"monosyllabic","True",TRUE,FALSE
"Dreigestirn","NEUT",2,"polysyllabic","False",FALSE,TRUE
"Dreikäsehoch","MASC",3,"polysyllabic","False",FALSE,TRUE
"Dreiklang","MASC",1,"monosyllabic","False",TRUE,TRUE
"Dreikönigsfest","NEUT",3,"polysyllabic","False",TRUE,TRUE
"Dreikönigstag","MASC",3,"polysyllabic","False",TRUE,TRUE
"Dreiling","MASC",1,"monosyllabic","False",FALSE,TRUE
"Dreimorengesetz","NEUT",4,"polysyllabic","True",TRUE,FALSE
"Dreirad","NEUT",1,"monosyllabic","False",TRUE,TRUE
"Dreisatz","MASC",1,"monosyllabic","True",TRUE,FALSE
"Dreispitz","MASC",1,"monosyllabic","True",TRUE,FALSE
"Dreißigeck","NEUT",2,"polysyllabic","False",FALSE,TRUE
"Dreißiger","MASC",2,"polysyllabic","False",FALSE,TRUE
"Dreivierteljahr","NEUT",2,"polysyllabic","False",TRUE,TRUE
"Dreizack","MASC",1,"monosyllabic","False",FALSE,TRUE
"Dreizehneck","NEUT",2,"polysyllabic","False",FALSE,TRUE
"Dreizehnflächner","MASC",3,"polysyllabic","False",FALSE,TRUE
"Drempel","MASC",2,"polysyllabic","False",FALSE,TRUE
"Dreschflegel","MASC",3,"polysyllabic","False",FALSE,TRUE
"Dresdner","MASC",2,"polysyllabic","False",FALSE,TRUE
"Dresseur","MASC",1,"monosyllabic","False",FALSE,TRUE
"Drillich","MASC",2,"polysyllabic","False",FALSE,TRUE
"Drilling","MASC",2,"polysyllabic","False",FALSE,TRUE
"Drink","MASC",1,"monosyllabic","False",FALSE,TRUE
"Drittel","NEUT",2,"polysyllabic","False",FALSE,TRUE
"Drittstaat","MASC",2,"polysyllabic","False",TRUE,TRUE
"Drive","MASC",2,"polysyllabic","False",TRUE,FALSE
"Drogenberater","MASC",5,"polysyllabic","False",FALSE,TRUE
"Drogendelikt","NEUT",4,"polysyllabic","False",TRUE,TRUE
"Drogenhandel","MASC",4,"polysyllabic","False",FALSE,TRUE
"Drogenhändler","MASC",4,"polysyllabic","False",FALSE,TRUE
"Drogenkrieg","MASC",2,"polysyllabic","False",TRUE,TRUE
"Drogenmissbrauch","MASC",3,"polysyllabic","False",TRUE,TRUE
"Drohbrief","MASC",1,"monosyllabic","False",TRUE,TRUE
"Drohnenangriff","MASC",4,"polysyllabic","False",TRUE,TRUE
"Dromedar","NEUT",3,"polysyllabic","False",FALSE,TRUE
"Dropdown-Listenfeld","NEUT",5,"polysyllabic","False",FALSE,TRUE
"Drost","MASC",1,"monosyllabic","False",TRUE,TRUE
"Druck","MASC",1,"monosyllabic","False",TRUE,TRUE
"Druckanstieg","MASC",2,"polysyllabic","False",TRUE,TRUE
"Druckbehälter","MASC",4,"polysyllabic","False",FALSE,TRUE
"Drückeberger","MASC",4,"polysyllabic","False",FALSE,TRUE
"Drucker","MASC",2,"polysyllabic","False",FALSE,TRUE
"Druckfehler","MASC",3,"polysyllabic","False",FALSE,TRUE
"Druckguss","MASC",2,"polysyllabic","True",TRUE,FALSE
"Druckknopf","MASC",2,"polysyllabic","False",TRUE,TRUE
"Druckmesser","MASC",3,"polysyllabic","False",FALSE,TRUE
"Druckmittel","NEUT",3,"polysyllabic","False",FALSE,TRUE
"Druckregler","MASC",3,"polysyllabic","False",FALSE,TRUE
"Drucktank","MASC",2,"polysyllabic","False",TRUE,TRUE
"Drucktopf","MASC",2,"polysyllabic","False",TRUE,TRUE
"Druckwasserreaktor","MASC",5,"polysyllabic","False",FALSE,TRUE
"Druckwerk","NEUT",2,"polysyllabic","False",TRUE,TRUE
"Dschinn","MASC",1,"monosyllabic","False",FALSE,TRUE
"Dual-SIM-Smartphone","NEUT",5,"polysyllabic","False",TRUE,FALSE
"Dualsystem","NEUT",3,"polysyllabic","False",FALSE,TRUE
"Dubbel","NEUT",2,"polysyllabic","False",FALSE,TRUE
"Dübel","MASC",2,"polysyllabic","False",FALSE,TRUE
"Dublee","NEUT",2,"polysyllabic","False",TRUE,FALSE
"Dubnium","NEUT",2,"polysyllabic","False",FALSE,TRUE
"Dubstep","NEUT",2,"polysyllabic","False",FALSE,TRUE
"Duck-Typing","NEUT",3,"polysyllabic","False",FALSE,TRUE
"Duckmäuser","MASC",2,"polysyllabic","False",FALSE,TRUE
"Dudelsack","MASC",3,"polysyllabic","False",TRUE,TRUE
"Duell","NEUT",1,"monosyllabic","False",FALSE,TRUE
"Duett","NEUT",1,"monosyllabic","False",TRUE,TRUE
"Duft","MASC",1,"monosyllabic","False",TRUE,TRUE
"Duftrauchbrenner","MASC",3,"polysyllabic","False",FALSE,TRUE
"Duftstoff","MASC",2,"polysyllabic","False",TRUE,TRUE
"Dugong","MASC",2,"polysyllabic","False",FALSE,TRUE
"Dukatenfalter","MASC",5,"polysyllabic","False",FALSE,TRUE
"Düker","MASC",2,"polysyllabic","False",FALSE,TRUE
"Dummbart","MASC",2,"polysyllabic","False",TRUE,TRUE
"Dummbatz","MASC",2,"polysyllabic","True",TRUE,FALSE
"Dummchen","NEUT",2,"polysyllabic","False",FALSE,TRUE
"Dummerchen","NEUT",3,"polysyllabic","False",FALSE,TRUE
"Dummhirn","NEUT",2,"polysyllabic","False",TRUE,TRUE
"Dummi","MASC",2,"polysyllabic","False",FALSE,TRUE
"Dummkopf","MASC",2,"polysyllabic","False",TRUE,TRUE
"Dung","MASC",1,"monosyllabic","False",TRUE,TRUE
"Düngemittel","NEUT",4,"polysyllabic","False",FALSE,TRUE
"Dünger","MASC",2,"polysyllabic","False",FALSE,TRUE
"Dunkel","NEUT",2,"polysyllabic","False",FALSE,TRUE
"Dünkel","MASC",2,"polysyllabic","False",FALSE,TRUE
"Dunkelblau","NEUT",2,"polysyllabic","False",FALSE,TRUE
"Dunkelbraun","NEUT",2,"polysyllabic","False",FALSE,TRUE
"Dunkelgelb","NEUT",3,"polysyllabic","False",FALSE,TRUE
"Dunkelgrau","NEUT",2,"polysyllabic","False",FALSE,TRUE
"Dunkelgrün","NEUT",3,"polysyllabic","False",FALSE,TRUE
"Dunkelmantel-Ameisenwürger","MASC",8,"polysyllabic","False",FALSE,TRUE
"Dunkelrot","NEUT",3,"polysyllabic","False",FALSE,TRUE
"Dunkelwasserläufer","MASC",5,"polysyllabic","False",FALSE,TRUE
"Dünnbrettbohrer","MASC",4,"polysyllabic","False",FALSE,TRUE
"Dünndarm","MASC",2,"polysyllabic","False",TRUE,TRUE
"Dünnpfiff","MASC",2,"polysyllabic","False",FALSE,TRUE
"Dünnschichttransistor","MASC",5,"polysyllabic","False",FALSE,TRUE
"Dünnschiss","MASC",2,"polysyllabic","True",TRUE,FALSE
"Dunst","MASC",1,"monosyllabic","False",TRUE,TRUE
"Duo","NEUT",1,"monosyllabic","False",FALSE,TRUE
"Duodezimalsystem","NEUT",6,"polysyllabic","False",FALSE,TRUE
"Duopol","NEUT",2,"polysyllabic","False",FALSE,TRUE
"Duplikat","NEUT",3,"polysyllabic","False",TRUE,TRUE
"Duplizieren","NEUT",3,"polysyllabic","False",FALSE,TRUE
"Duraluminium","NEUT",5,"polysyllabic","False",FALSE,TRUE
"Duranusit","MASC",4,"polysyllabic","False",FALSE,TRUE
"Durchbruch","MASC",2,"polysyllabic","False",TRUE,TRUE
"Durcheinander","NEUT",3,"polysyllabic","False",FALSE,TRUE
"Durcheinanderbringen","NEUT",5,"polysyllabic","False",FALSE,TRUE
"Durcheinanderwürfeln","NEUT",5,"polysyllabic","False",FALSE,TRUE
"Durchfall","MASC",2,"polysyllabic","False",TRUE,TRUE
"Durchgang","MASC",2,"polysyllabic","False",TRUE,TRUE
"Durchgangszug","MASC",3,"polysyllabic","False",TRUE,TRUE
"Durchgreifen","NEUT",2,"polysyllabic","False",FALSE,TRUE
"Durchlauf","MASC",1,"monosyllabic","False",FALSE,TRUE
"Durchlauferhitzer","MASC",4,"polysyllabic","False",FALSE,TRUE
"Durchmesser","MASC",3,"polysyllabic","False",FALSE,TRUE
"Durchmischen","NEUT",3,"polysyllabic","False",FALSE,TRUE
"Durchreisen","NEUT",2,"polysyllabic","False",FALSE,TRUE
"Durchrütteln","NEUT",3,"polysyllabic","False",FALSE,TRUE
"Durchschlag","MASC",2,"polysyllabic","False",TRUE,TRUE
"Durchschnitt","MASC",2,"polysyllabic","False",TRUE,TRUE
"Durchschnittseinkommen","NEUT",4,"polysyllabic","False",FALSE,TRUE
"Durchschnittswert","MASC",3,"polysyllabic","False",TRUE,TRUE
"Durchschuss","MASC",2,"polysyllabic","True",TRUE,FALSE
"Durchschütteln","NEUT",3,"polysyllabic","False",FALSE,TRUE
"Durchsetzen","NEUT",3,"polysyllabic","False",FALSE,TRUE
"Durchsickern","NEUT",3,"polysyllabic","False",FALSE,TRUE
"Durchsuchungsbefehl","MASC",5,"polysyllabic","False",TRUE,TRUE
"Durdreiklang","MASC",2,"polysyllabic","False",FALSE,TRUE
"Dürkheimer","MASC",2,"polysyllabic","False",FALSE,TRUE
"Durst","MASC",1,"monosyllabic","False",TRUE,TRUE
"Duschen","NEUT",2,"polysyllabic","False",FALSE,TRUE
"Duschgel","NEUT",2,"polysyllabic","False",TRUE,TRUE
"Duschkopf","MASC",2,"polysyllabic","False",TRUE,TRUE
"Duschraum","MASC",1,"monosyllabic","False",TRUE,TRUE
"Duschvorhang","MASC",3,"polysyllabic","False",TRUE,TRUE
"Düsenflugzeug","NEUT",3,"polysyllabic","False",TRUE,TRUE
"Düsentriebwerk","NEUT",3,"polysyllabic","False",TRUE,TRUE
"Dussel","MASC",2,"polysyllabic","False",FALSE,TRUE
"Düsseldorfer","MASC",4,"polysyllabic","False",FALSE,TRUE
"Dutzend","NEUT",2,"polysyllabic","False",FALSE,TRUE
"DVD-Spieler","MASC",1,"monosyllabic","False",FALSE,TRUE
"Dynamit","NEUT",3,"polysyllabic","False",FALSE,TRUE
"Dysprosium","NEUT",3,"polysyllabic","False",FALSE,TRUE
"Easteregg","NEUT",3,"polysyllabic","False",FALSE,TRUE
"Ebenbild","NEUT",3,"polysyllabic","False",TRUE,TRUE
"Eber","MASC",2,"polysyllabic","False",FALSE,TRUE
"Eckchen","NEUT",2,"polysyllabic","False",FALSE,TRUE
"Eckpfeiler","MASC",2,"polysyllabic","False",FALSE,TRUE
"Eckpunkt","MASC",2,"polysyllabic","False",TRUE,TRUE
"Eckpunktepapier","NEUT",4,"polysyllabic","False",TRUE,TRUE
"Eckstein","MASC",1,"monosyllabic","False",TRUE,TRUE
"Eckstoß","MASC",2,"polysyllabic","True",TRUE,FALSE
"Ecktisch","MASC",2,"polysyllabic","True",TRUE,TRUE
"Eckwert","MASC",2,"polysyllabic","False",TRUE,TRUE
"Eckzahn","MASC",2,"polysyllabic","False",FALSE,TRUE
"Ecuadorianer","MASC",5,"polysyllabic","False",FALSE,TRUE
"Edamer","MASC",3,"polysyllabic","False",FALSE,TRUE
"Edelgas","NEUT",3,"polysyllabic","True",TRUE,FALSE
"Edeling","MASC",3,"polysyllabic","False",FALSE,TRUE
"Edelmann","MASC",3,"polysyllabic","False",TRUE,TRUE
"Edelmetall","NEUT",4,"polysyllabic","False",FALSE,TRUE
"Edelmut","MASC",3,"polysyllabic","False",TRUE,TRUE
"Edelstahl","MASC",3,"polysyllabic","False",TRUE,TRUE
"Edelweiß","NEUT",2,"polysyllabic","True",TRUE,FALSE
"Edgar","NEUT",2,"polysyllabic","False",FALSE,TRUE
"Edikt","NEUT",2,"polysyllabic","False",TRUE,TRUE
"Edukt","NEUT",2,"polysyllabic","False",TRUE,TRUE
"Effekt","MASC",2,"polysyllabic","False",TRUE,TRUE
"Egel","MASC",2,"polysyllabic","False",FALSE,TRUE
"Ego","NEUT",2,"polysyllabic","False",FALSE,TRUE
"Egozentriker","MASC",5,"polysyllabic","False",FALSE,TRUE
"Ehebrecher","MASC",4,"polysyllabic","False",FALSE,TRUE
"Ehebruch","MASC",3,"polysyllabic","False",TRUE,TRUE
"Ehefrauchen","NEUT",3,"polysyllabic","False",FALSE,TRUE
"Ehegelübde","NEUT",5,"polysyllabic","False",TRUE,FALSE
"Ehemann","MASC",3,"polysyllabic","False",TRUE,TRUE
"Ehemännchen","NEUT",4,"polysyllabic","False",FALSE,TRUE
"Ehemännlein","NEUT",3,"polysyllabic","False",FALSE,TRUE
"Ehepartner","MASC",4,"polysyllabic","False",FALSE,TRUE
"Ehering","MASC",3,"polysyllabic","False",TRUE,TRUE
"Ehestand","MASC",3,"polysyllabic","False",TRUE,TRUE
"Eheweib","NEUT",2,"polysyllabic","False",TRUE,TRUE
"Ehrenamt","NEUT",3,"polysyllabic","False",TRUE,TRUE
"Ehrendoktor","MASC",4,"polysyllabic","False",FALSE,TRUE
"Ehrengast","MASC",3,"polysyllabic","False",TRUE,TRUE
"Ehrenmord","MASC",3,"polysyllabic","False",TRUE,TRUE
"Ehrenschutz","MASC",3,"polysyllabic","True",TRUE,FALSE
"Ehrenwort","NEUT",3,"polysyllabic","False",TRUE,TRUE
"Ehrgeiz","MASC",1,"monosyllabic","True",TRUE,FALSE
"Ei","NEUT",0,"polysyllabic","False",TRUE,TRUE
"Eibenast","MASC",2,"polysyllabic","False",TRUE,TRUE
"Eibisch","MASC",1,"monosyllabic","True",TRUE,TRUE
"Eichelhäher","MASC",3,"polysyllabic","False",FALSE,TRUE
"Eichenbaum","MASC",1,"monosyllabic","False",TRUE,TRUE
"Eichenholz","NEUT",2,"polysyllabic","True",TRUE,FALSE
"Eichenlaub","NEUT",1,"monosyllabic","False",TRUE,TRUE
"Eichhorn","NEUT",1,"monosyllabic","False",TRUE,TRUE
"Eichhörnchen","NEUT",2,"polysyllabic","False",FALSE,TRUE
"Eichstrich","MASC",1,"monosyllabic","False",TRUE,TRUE
"Eid","MASC",0,"polysyllabic","False",TRUE,TRUE
"Eidam","MASC",1,"monosyllabic","False",FALSE,TRUE
"Eidbrecher","MASC",2,"polysyllabic","False",FALSE,TRUE
"Eidbruch","MASC",1,"monosyllabic","False",TRUE,TRUE
"Eidechsenfisch","MASC",3,"polysyllabic","True",TRUE,TRUE
"Eierbecher","MASC",3,"polysyllabic","False",FALSE,TRUE
"Eierklar","NEUT",2,"polysyllabic","False",FALSE,TRUE
"Eierkuchen","MASC",3,"polysyllabic","False",FALSE,TRUE
"Eierkühlhaus","NEUT",2,"polysyllabic","True",TRUE,FALSE
"Eierlaufen","NEUT",2,"polysyllabic","False",FALSE,TRUE
"Eierlikör","MASC",3,"polysyllabic","False",FALSE,TRUE
"Eierlöffel","MASC",3,"polysyllabic","False",FALSE,TRUE
"Eiersalat","MASC",3,"polysyllabic","False",TRUE,TRUE
"Eierschalensollbruchstellenverursacher","MASC",11,"polysyllabic","False",FALSE,TRUE
"Eierstock","MASC",2,"polysyllabic","False",TRUE,TRUE
"Eiertanz","MASC",2,"polysyllabic","True",TRUE,FALSE
"Eifeler","MASC",2,"polysyllabic","False",FALSE,TRUE
"Eifer","MASC",1,"monosyllabic","False",FALSE,TRUE
"Eifern","NEUT",1,"monosyllabic","False",FALSE,TRUE
"Eigelb","NEUT",1,"monosyllabic","False",TRUE,TRUE
"Eigenbeschuss","MASC",3,"polysyllabic","True",TRUE,FALSE
"Eigenbrötler","MASC",3,"polysyllabic","False",FALSE,TRUE
"Eigeninteresse","NEUT",5,"polysyllabic","False",TRUE,FALSE
"Eigenkapital","NEUT",4,"polysyllabic","False",TRUE,TRUE
"Eigennutz","MASC",2,"polysyllabic","True",TRUE,FALSE
"Eigenschaftswort","NEUT",3,"polysyllabic","False",TRUE,TRUE
"Eigensinn","MASC",2,"polysyllabic","False",TRUE,TRUE
"Eigentor","NEUT",2,"polysyllabic","False",TRUE,TRUE
"Eigentum","NEUT",2,"polysyllabic","False",TRUE,TRUE
"Eigentümer","MASC",3,"polysyllabic","False",FALSE,TRUE
"Eigenvektor","MASC",3,"polysyllabic","False",FALSE,TRUE
"Eigenwertproblem","NEUT",4,"polysyllabic","False",FALSE,TRUE
"Eiklar","NEUT",1,"monosyllabic","False",FALSE,TRUE
"Eiland","NEUT",1,"monosyllabic","False",TRUE,TRUE
"Eimer","MASC",1,"monosyllabic","False",FALSE,TRUE
"Einatmen","NEUT",2,"polysyllabic","False",FALSE,TRUE
"Einband","MASC",1,"monosyllabic","False",TRUE,TRUE
"Einbauteil","MASC",0,"polysyllabic","False",FALSE,TRUE
"Einberufungsbefehl","MASC",5,"polysyllabic","False",TRUE,TRUE
"Einblick","MASC",1,"monosyllabic","False",TRUE,TRUE
"Einbrecher","MASC",2,"polysyllabic","False",FALSE,TRUE
"Einbringen","NEUT",2,"polysyllabic","False",FALSE,TRUE
"Einbruch","MASC",1,"monosyllabic","False",TRUE,TRUE
"Einbruchdiebstahl","MASC",2,"polysyllabic","False",TRUE,TRUE
"Einbürgern","NEUT",2,"polysyllabic","False",FALSE,TRUE
"Eindämmungsfeld","NEUT",3,"polysyllabic","False",TRUE,TRUE
"Eindämmungsprozess","MASC",4,"polysyllabic","True",TRUE,FALSE
"Eindringling","MASC",2,"polysyllabic","False",FALSE,TRUE
"Eindruck","MASC",1,"monosyllabic","False",TRUE,TRUE
"Einer","MASC",1,"monosyllabic","False",FALSE,TRUE
"Einfallsreichtum","MASC",2,"polysyllabic","False",FALSE,TRUE
"Einfaltspinsel","MASC",3,"polysyllabic","False",FALSE,TRUE
"Einfamilienhaus","NEUT",2,"polysyllabic","True",TRUE,FALSE
"Einfamilienwohnhaus","NEUT",3,"polysyllabic","True",TRUE,FALSE
"Einfang","MASC",1,"monosyllabic","False",TRUE,TRUE
"Einfangquerschnitt","MASC",3,"polysyllabic","False",TRUE,TRUE
"Einfarbameisenwürger","MASC",5,"polysyllabic","False",FALSE,TRUE
"Einfärben","NEUT",2,"polysyllabic","False",FALSE,TRUE
"Einfluss","MASC",1,"monosyllabic","True",TRUE,FALSE
"Einflussbereich","MASC",2,"polysyllabic","False",TRUE,TRUE
"Einfrieden","NEUT",1,"monosyllabic","False",FALSE,TRUE
"Einfühlungsvermögen","NEUT",5,"polysyllabic","False",FALSE,TRUE
"Einführungsjahr","NEUT",3,"polysyllabic","False",TRUE,FALSE
"Einführungsleitfaden","MASC",4,"polysyllabic","False",FALSE,TRUE
"Eingang","MASC",1,"monosyllabic","False",TRUE,TRUE
"Eingehen","NEUT",2,"polysyllabic","False",FALSE,TRUE
"Eingeschlossensein-Syndrom","NEUT",5,"polysyllabic","False",FALSE,TRUE
"Eingeweide","NEUT",2,"polysyllabic","False",TRUE,FALSE
"Eingreifen","NEUT",1,"monosyllabic","False",FALSE,TRUE
"Einguss","MASC",1,"monosyllabic","True",TRUE,FALSE
"Einhalt","MASC",1,"monosyllabic","False",TRUE,TRUE
"Einhegen","NEUT",2,"polysyllabic","False",FALSE,TRUE
"Einheitsbrei","MASC",0,"polysyllabic","False",TRUE,TRUE
"Einhorn","NEUT",1,"monosyllabic","False",TRUE,TRUE
"Einkauf","MASC",0,"polysyllabic","False",TRUE,TRUE
"Einkäufer","MASC",1,"monosyllabic","False",FALSE,TRUE
"Einkaufsbeutel","MASC",1,"monosyllabic","False",FALSE,TRUE
"Einkaufsbummel","MASC",2,"polysyllabic","False",FALSE,TRUE
"Einkaufschip","MASC",1,"monosyllabic","False",FALSE,TRUE
"Einkaufskorb","MASC",1,"monosyllabic","False",TRUE,TRUE
"Einkaufswagen","MASC",2,"polysyllabic","False",FALSE,TRUE
"Einkaufswagenchip","MASC",3,"polysyllabic","False",FALSE,TRUE
"Einkaufszentrum","NEUT",2,"polysyllabic","False",FALSE,TRUE
"Einklammern","NEUT",2,"polysyllabic","False",FALSE,TRUE
"Einklang","MASC",1,"monosyllabic","False",TRUE,TRUE
"Einkochen","NEUT",2,"polysyllabic","False",FALSE,TRUE
"Einkocher","MASC",2,"polysyllabic","False",FALSE,TRUE
"Einkommen","NEUT",2,"polysyllabic","False",FALSE,TRUE
"Einkristall","MASC",2,"polysyllabic","False",FALSE,TRUE
"Einküchenhaus","NEUT",2,"polysyllabic","True",TRUE,FALSE
"Einlass","MASC",1,"monosyllabic","True",TRUE,FALSE
"Einlassen","NEUT",2,"polysyllabic","False",FALSE,TRUE
"Einlauf","MASC",0,"polysyllabic","False",TRUE,TRUE
"Einlaufkind","NEUT",1,"monosyllabic","False",TRUE,TRUE
"Einleiten","NEUT",1,"monosyllabic","False",FALSE,TRUE
"Einling","MASC",1,"monosyllabic","False",FALSE,TRUE
"Einmachen","NEUT",2,"polysyllabic","False",FALSE,TRUE
"Einmacher","MASC",2,"polysyllabic","False",FALSE,TRUE
"Einmachglas","NEUT",2,"polysyllabic","True",TRUE,FALSE
"Einnehmen","NEUT",2,"polysyllabic","False",FALSE,TRUE
"Einordnen","NEUT",2,"polysyllabic","False",FALSE,TRUE
"Einpersonenhaushalt","MASC",4,"polysyllabic","False",TRUE,TRUE
"Einrad","NEUT",1,"monosyllabic","False",TRUE,FALSE
"Einrichtungsgegenstand","MASC",5,"polysyllabic","False",TRUE,TRUE
"Einsatz","MASC",1,"monosyllabic","True",TRUE,FALSE
"Einsatzbereich","MASC",2,"polysyllabic","False",FALSE,TRUE
"Einsatzgebiet","NEUT",2,"polysyllabic","False",TRUE,TRUE
"Einsatzort","MASC",2,"polysyllabic","False",TRUE,TRUE
"Einsatzverband","MASC",3,"polysyllabic","False",TRUE,TRUE
"Einschlag","MASC",1,"monosyllabic","False",TRUE,TRUE
"Einschluss","MASC",1,"monosyllabic","True",TRUE,FALSE
"Einschlußkomplex","MASC",3,"polysyllabic","True",TRUE,FALSE
"Einschnitt","MASC",1,"monosyllabic","False",TRUE,TRUE
"Einschreiben","NEUT",1,"monosyllabic","False",FALSE,TRUE
"Einschreiten","NEUT",1,"monosyllabic","False",FALSE,TRUE
"Einschub","MASC",1,"monosyllabic","False",TRUE,TRUE
"Einser","MASC",1,"monosyllabic","False",FALSE,TRUE
"Einsiedler","MASC",1,"monosyllabic","False",FALSE,TRUE
"Einspänner","MASC",2,"polysyllabic","False",FALSE,TRUE
"Einsprengsel","NEUT",2,"polysyllabic","False",FALSE,TRUE
"Einstand","MASC",1,"monosyllabic","False",TRUE,TRUE
"Einsteiger","MASC",1,"monosyllabic","False",FALSE,TRUE
"Einsteinium","NEUT",1,"monosyllabic","False",FALSE,TRUE
"Einstellungsgespräch","NEUT",4,"polysyllabic","False",TRUE,TRUE
"Einstieg","MASC",0,"polysyllabic","False",TRUE,TRUE
"Einstrom","MASC",1,"monosyllabic","False",FALSE,TRUE
"Einstufen","NEUT",2,"polysyllabic","False",FALSE,TRUE
"Einsturz","MASC",1,"monosyllabic","True",TRUE,FALSE
"Eintänzer","MASC",2,"polysyllabic","False",FALSE,TRUE
"Eintopf","MASC",1,"monosyllabic","False",TRUE,TRUE
"Eintrag","MASC",1,"monosyllabic","False",TRUE,TRUE
"Eintritt","MASC",1,"monosyllabic","False",TRUE,TRUE
"Einunddreißigeck","NEUT",3,"polysyllabic","False",FALSE,TRUE
"Einundfünfzigeck","NEUT",4,"polysyllabic","False",FALSE,TRUE
"Einundzwanzigeck","NEUT",4,"polysyllabic","False",FALSE,TRUE
"Einvernehmen","NEUT",3,"polysyllabic","False",FALSE,TRUE
"Einwand","MASC",1,"monosyllabic","False",TRUE,TRUE
"Einwanderer","MASC",3,"polysyllabic","False",FALSE,TRUE
"Einwandern","NEUT",2,"polysyllabic","False",FALSE,TRUE
"Einwecken","NEUT",2,"polysyllabic","False",FALSE,TRUE
"Einwecker","MASC",2,"polysyllabic","False",FALSE,TRUE
"Einweckglas","NEUT",2,"polysyllabic","True",TRUE,FALSE
"Einwegbehälter","MASC",4,"polysyllabic","False",FALSE,TRUE
"Einwegbesteck","NEUT",3,"polysyllabic","False",TRUE,TRUE
"Einwegfeuerzeug","NEUT",2,"polysyllabic","False",TRUE,TRUE
"Einweggeschirr","NEUT",3,"polysyllabic","False",TRUE,TRUE
"Einwegglas","NEUT",2,"polysyllabic","True",TRUE,FALSE
"Einwegmesser","NEUT",3,"polysyllabic","False",FALSE,TRUE
"Einwegpfand","NEUT",2,"polysyllabic","False",TRUE,TRUE
"Einwegrasierer","MASC",3,"polysyllabic","False",FALSE,TRUE
"Einweichen","NEUT",1,"monosyllabic","False",FALSE,TRUE
"Einwohner","MASC",2,"polysyllabic","False",FALSE,TRUE
"Einwurf","MASC",1,"monosyllabic","False",TRUE,TRUE
"Einzelbild","NEUT",2,"polysyllabic","False",TRUE,TRUE
"Einzelexemplar","NEUT",4,"polysyllabic","False",FALSE,TRUE
"Einzelfall","MASC",2,"polysyllabic","False",TRUE,TRUE
"Einzelgänger","MASC",3,"polysyllabic","False",FALSE,TRUE
"Einzelhandel","MASC",3,"polysyllabic","False",FALSE,TRUE
"Einzelhändler","MASC",3,"polysyllabic","False",FALSE,TRUE
"Einzelkind","NEUT",2,"polysyllabic","False",TRUE,TRUE
"Einzelunterricht","MASC",4,"polysyllabic","False",TRUE,TRUE
"Einzelzimmer","NEUT",3,"polysyllabic","False",FALSE,TRUE
"Einzug","MASC",1,"monosyllabic","False",TRUE,TRUE
"Eis","NEUT",0,"polysyllabic","True",TRUE,FALSE
"Eisbein","NEUT",0,"polysyllabic","False",TRUE,TRUE
"Eisberg","MASC",1,"monosyllabic","False",TRUE,TRUE
"Eisbohrkern","MASC",2,"polysyllabic","False",FALSE,TRUE
"Eisbrecher","MASC",2,"polysyllabic","False",FALSE,TRUE
"Eiscafé","NEUT",1,"monosyllabic","False",FALSE,TRUE
"Eischnee","NEUT",1,"monosyllabic","False",TRUE,FALSE
"Eisen","NEUT",1,"monosyllabic","False",FALSE,TRUE
"Eisenarsenid","NEUT",4,"polysyllabic","False",FALSE,TRUE
"Eisenbergbau","MASC",2,"polysyllabic","False",FALSE,TRUE
"Eisenblech","NEUT",2,"polysyllabic","False",TRUE,TRUE
"Eisendraht","MASC",2,"polysyllabic","False",TRUE,TRUE
"Eisenerz","NEUT",2,"polysyllabic","True",TRUE,FALSE
"Eisengießer","MASC",2,"polysyllabic","False",FALSE,TRUE
"Eisengranat","MASC",3,"polysyllabic","False",FALSE,TRUE
"Eisenhut","MASC",2,"polysyllabic","False",TRUE,TRUE
"Eisenkraut","NEUT",1,"monosyllabic","False",TRUE,TRUE
"Eisenmangel","MASC",3,"polysyllabic","False",FALSE,TRUE
"Eisennagel","MASC",3,"polysyllabic","False",FALSE,TRUE
"Eisenoxid","NEUT",3,"polysyllabic","False",FALSE,TRUE
"Eisenpräparat","NEUT",4,"polysyllabic","False",FALSE,TRUE
"Eisensilikat","NEUT",4,"polysyllabic","False",FALSE,TRUE
"Eisenspat","MASC",2,"polysyllabic","False",FALSE,TRUE
"Eisenstein","MASC",1,"monosyllabic","False",TRUE,TRUE
"Eisensulfat","NEUT",3,"polysyllabic","False",FALSE,TRUE
"Eisenwarenladen","MASC",5,"polysyllabic","False",FALSE,TRUE
"Eisenwerkstoff","MASC",3,"polysyllabic","False",TRUE,TRUE
"Eisessig","MASC",2,"polysyllabic","False",FALSE,TRUE
"Eishockey","NEUT",2,"polysyllabic","False",FALSE,TRUE
"Eishockeyspieler","MASC",3,"polysyllabic","False",FALSE,TRUE
"Eiskaffee","MASC",2,"polysyllabic","False",TRUE,FALSE
"Eiskunstläufer","MASC",2,"polysyllabic","False",FALSE,TRUE
"Eisladen","MASC",2,"polysyllabic","False",FALSE,TRUE
"Eismann","MASC",1,"monosyllabic","False",TRUE,TRUE
"Eismeer","NEUT",1,"monosyllabic","False",TRUE,TRUE
"Eisnebel","MASC",2,"polysyllabic","False",FALSE,TRUE
"Eispickel","MASC",2,"polysyllabic","False",FALSE,TRUE
"Eisregen","MASC",2,"polysyllabic","False",FALSE,TRUE
"Eiss","MASC",0,"polysyllabic","True",TRUE,FALSE
"Eiß","MASC",0,"polysyllabic","True",TRUE,FALSE
"Eisschnelllauf","MASC",1,"monosyllabic","False",FALSE,TRUE
"Eisschnellläufer","MASC",2,"polysyllabic","False",FALSE,TRUE
"Eisstein","MASC",0,"polysyllabic","False",TRUE,TRUE
"Eisstockstiel","MASC",1,"monosyllabic","False",FALSE,TRUE
"Eistaucher","MASC",1,"monosyllabic","False",FALSE,TRUE
"Eistee","MASC",1,"monosyllabic","False",TRUE,FALSE
"Eisverkäufer","MASC",2,"polysyllabic","False",FALSE,TRUE
"Eisvogel","MASC",2,"polysyllabic","False",FALSE,TRUE
"Eiswein","MASC",0,"polysyllabic","False",TRUE,TRUE
"Eiswürfel","MASC",2,"polysyllabic","False",FALSE,TRUE
"Eiszapfen","MASC",2,"polysyllabic","False",FALSE,TRUE
"Eiter","MASC",1,"monosyllabic","False",FALSE,TRUE
"Eiterfluss","MASC",2,"polysyllabic","True",TRUE,FALSE
"Eiweiß","NEUT",0,"polysyllabic","True",TRUE,FALSE
"Eiweißstoff","MASC",1,"monosyllabic","False",FALSE,TRUE
"Ejakulat","NEUT",4,"polysyllabic","False",TRUE,TRUE
"Ejalet","NEUT",3,"polysyllabic","False",FALSE,TRUE
"Ekel","MASC",2,"polysyllabic","False",FALSE,TRUE
"Eklat","MASC",2,"polysyllabic","False",FALSE,TRUE
"Ekranoplan","MASC",4,"polysyllabic","False",FALSE,TRUE
"Ektoenzym","NEUT",3,"polysyllabic","False",FALSE,TRUE
"Ektoplasma","NEUT",4,"polysyllabic","False",FALSE,TRUE
"Ekzem","NEUT",2,"polysyllabic","False",FALSE,TRUE
"EL","MASC",1,"monosyllabic","False",FALSE,TRUE
"Elan","MASC",2,"polysyllabic","False",FALSE,TRUE
"Elastizitätsmodul","MASC",7,"polysyllabic","False",FALSE,TRUE
"Elastomer","NEUT",4,"polysyllabic","False",TRUE,TRUE
"Elativ","MASC",3,"polysyllabic","False",FALSE,TRUE
"Elbait","MASC",2,"polysyllabic","False",FALSE,TRUE
"Elch","MASC",1,"monosyllabic","False",TRUE,TRUE
"Elchtest","MASC",2,"polysyllabic","False",FALSE,TRUE
"Elektriker","MASC",4,"polysyllabic","False",FALSE,TRUE
"Elektrizitätswerk","NEUT",6,"polysyllabic","False",TRUE,FALSE
"Elektrofahrzeug","NEUT",4,"polysyllabic","False",TRUE,TRUE
"Elektrogrill","MASC",4,"polysyllabic","False",FALSE,TRUE
"Elektroingenieur","MASC",5,"polysyllabic","False",FALSE,TRUE
"Elektrolyt","MASC",4,"polysyllabic","False",TRUE,TRUE
"Elektromagnet","MASC",5,"polysyllabic","False",TRUE,TRUE
"Elektromotor","MASC",5,"polysyllabic","False",FALSE,TRUE
"Elektron","NEUT",3,"polysyllabic","False",FALSE,TRUE
"Elektronenmangel","MASC",6,"polysyllabic","False",FALSE,TRUE
"Elektronenmikroskop","NEUT",7,"polysyllabic","False",TRUE,TRUE
"Elektronenpaar","NEUT",5,"polysyllabic","False",TRUE,TRUE
"Elektronenstrahl","MASC",5,"polysyllabic","False",FALSE,TRUE
"Elektronenvolt","NEUT",5,"polysyllabic","False",FALSE,TRUE
"Elektrophil","NEUT",4,"polysyllabic","False",FALSE,TRUE
"Elektrophorese","MASC",6,"polysyllabic","False",TRUE,FALSE
"Elektroschocker","MASC",5,"polysyllabic","False",FALSE,TRUE
"Elektroschrott","MASC",4,"polysyllabic","False",TRUE,TRUE
"Elektroschweißen","NEUT",4,"polysyllabic","False",FALSE,TRUE
"Elektroskop","NEUT",4,"polysyllabic","False",FALSE,TRUE
"Element","NEUT",3,"polysyllabic","False",TRUE,TRUE
"Elementarteilchen","NEUT",5,"polysyllabic","False",FALSE,TRUE
"Elementsymbol","NEUT",5,"polysyllabic","False",FALSE,TRUE
"Elend","NEUT",2,"polysyllabic","False",FALSE,TRUE
"Elfeck","NEUT",2,"polysyllabic","False",FALSE,TRUE
"Elfenbein","NEUT",2,"polysyllabic","False",TRUE,TRUE
"Elfenbeinturm","MASC",3,"polysyllabic","False",TRUE,TRUE
"Elfer","MASC",2,"polysyllabic","False",FALSE,TRUE
"Elfflächner","MASC",3,"polysyllabic","False",FALSE,TRUE
"Elfmeter","MASC",3,"polysyllabic","False",FALSE,TRUE
"Elfmeterschießen","NEUT",4,"polysyllabic","False",FALSE,TRUE
"Elixier","NEUT",2,"polysyllabic","False",FALSE,TRUE
"Ellbogen","MASC",3,"polysyllabic","False",FALSE,TRUE
"Ellenbogen","MASC",4,"polysyllabic","False",FALSE,TRUE
"Ellipsoid","NEUT",3,"polysyllabic","False",TRUE,TRUE
"Elternabend","MASC",4,"polysyllabic","False",FALSE,TRUE
"Elternhaus","NEUT",2,"polysyllabic","True",TRUE,FALSE
"Elysium","NEUT",3,"polysyllabic","False",FALSE,TRUE
"Embargo","NEUT",3,"polysyllabic","False",FALSE,TRUE
"Emesener","MASC",4,"polysyllabic","False",FALSE,TRUE
"Emeser","MASC",3,"polysyllabic","False",FALSE,TRUE
"Emigrieren","NEUT",3,"polysyllabic","False",FALSE,TRUE
"Emir","MASC",2,"polysyllabic","False",FALSE,TRUE
"Emirat","NEUT",3,"polysyllabic","False",TRUE,TRUE
"Emissär","MASC",3,"polysyllabic","False",FALSE,TRUE
"Emmentaler","MASC",4,"polysyllabic","False",FALSE,TRUE
"Emmer","MASC",2,"polysyllabic","False",FALSE,TRUE
"Emoji","NEUT",3,"polysyllabic","False",FALSE,TRUE
"Empfang","MASC",2,"polysyllabic","False",TRUE,TRUE
"Empfänger","MASC",3,"polysyllabic","False",FALSE,TRUE
"Empfangsgerät","NEUT",4,"polysyllabic","False",TRUE,TRUE
"Emporium","NEUT",3,"polysyllabic","False",FALSE,TRUE
"Emporstreben","NEUT",4,"polysyllabic","False",FALSE,TRUE
"Emu","MASC",2,"polysyllabic","False",FALSE,TRUE
"Enargit","MASC",3,"polysyllabic","False",FALSE,TRUE
"Endbetrag","MASC",3,"polysyllabic","False",TRUE,TRUE
"Endchen","NEUT",2,"polysyllabic","False",FALSE,TRUE
"Endchrist","MASC",2,"polysyllabic","False",FALSE,TRUE
"Enddarm","MASC",2,"polysyllabic","False",TRUE,TRUE
"Ende","NEUT",2,"polysyllabic","False",TRUE,FALSE
"Endeffekt","MASC",3,"polysyllabic","False",TRUE,TRUE
"Endlager","NEUT",3,"polysyllabic","False",FALSE,TRUE
"Endometrium","NEUT",4,"polysyllabic","False",FALSE,TRUE
"Endprodukt","NEUT",3,"polysyllabic","False",TRUE,TRUE
"Endpunkt","MASC",2,"polysyllabic","False",TRUE,TRUE
"Endreim","MASC",1,"monosyllabic","False",TRUE,TRUE
"Endsieg","MASC",1,"monosyllabic","False",TRUE,TRUE
"Endspiel","NEUT",1,"monosyllabic","False",FALSE,TRUE
"Endspurt","MASC",2,"polysyllabic","False",TRUE,TRUE
"Endwort","NEUT",2,"polysyllabic","False",TRUE,TRUE
"Endzustand","MASC",3,"polysyllabic","False",FALSE,TRUE
"Endzweck","MASC",2,"polysyllabic","False",TRUE,TRUE
"Energieministerium","NEUT",6,"polysyllabic","False",FALSE,TRUE
"Energieniveau","NEUT",4,"polysyllabic","False",FALSE,TRUE
"Energiespeicher","MASC",3,"polysyllabic","False",FALSE,TRUE
"Energieträger","MASC",4,"polysyllabic","False",FALSE,TRUE
"Energieverbrauch","MASC",3,"polysyllabic","False",FALSE,TRUE
"Energiezustand","NEUT",4,"polysyllabic","False",FALSE,TRUE
"Engagement","NEUT",4,"polysyllabic","False",FALSE,TRUE
"Engel","MASC",2,"polysyllabic","False",FALSE,TRUE
"Engelchen","NEUT",3,"polysyllabic","False",FALSE,TRUE
"Engelein","NEUT",2,"polysyllabic","False",FALSE,TRUE
"Engelhai","MASC",3,"polysyllabic","False",TRUE,TRUE
"Engelland","NEUT",3,"polysyllabic","False",FALSE,TRUE
"Engellein","NEUT",2,"polysyllabic","False",FALSE,TRUE
"Engerling","MASC",3,"polysyllabic","False",FALSE,TRUE
"Engländer","MASC",3,"polysyllabic","False",FALSE,TRUE
"Englein","NEUT",1,"monosyllabic","False",FALSE,TRUE
"Englisch","NEUT",2,"polysyllabic","True",FALSE,TRUE
"Engpass","MASC",2,"polysyllabic","True",TRUE,FALSE
"Enkel","MASC",2,"polysyllabic","False",FALSE,TRUE
"Enkelkind","NEUT",3,"polysyllabic","False",TRUE,TRUE
"Ensemble","NEUT",3,"polysyllabic","False",TRUE,FALSE
"Enstatit","MASC",3,"polysyllabic","False",FALSE,TRUE
"Entblähen","NEUT",3,"polysyllabic","False",FALSE,TRUE
"Entchen","NEUT",2,"polysyllabic","False",FALSE,TRUE
"Entdecker","MASC",3,"polysyllabic","False",FALSE,TRUE
"Entenbraten","MASC",4,"polysyllabic","False",FALSE,TRUE
"Entenküken","NEUT",4,"polysyllabic","False",FALSE,TRUE
"Ententeich","MASC",2,"polysyllabic","False",TRUE,TRUE
"Enterich","MASC",3,"polysyllabic","False",FALSE,TRUE
"Entfärbungsmittel","NEUT",5,"polysyllabic","False",FALSE,TRUE
"Entfernen","NEUT",3,"polysyllabic","False",FALSE,TRUE
"Entfremden","NEUT",3,"polysyllabic","False",FALSE,TRUE
"Entfroster","MASC",3,"polysyllabic","False",FALSE,TRUE
"Entführer","MASC",3,"polysyllabic","False",FALSE,TRUE
"Entgegenkommen","NEUT",5,"polysyllabic","False",FALSE,TRUE
"Entgegenstreben","NEUT",5,"polysyllabic","False",FALSE,TRUE
"Entgelt","NEUT",2,"polysyllabic","False",TRUE,TRUE
"Enthaarungsmittel","NEUT",5,"polysyllabic","False",FALSE,TRUE
"Entkerner","MASC",3,"polysyllabic","False",FALSE,TRUE
"Entkleiden","NEUT",2,"polysyllabic","False",FALSE,TRUE
"Entkommen","NEUT",3,"polysyllabic","False",FALSE,TRUE
"Entlastungsprogramm","NEUT",5,"polysyllabic","False",TRUE,TRUE
"Entlaubungsmittel","NEUT",4,"polysyllabic","False",FALSE,TRUE
"Entlein","NEUT",1,"monosyllabic","False",FALSE,TRUE
"Entrecote","NEUT",4,"polysyllabic","False",TRUE,FALSE
"Entree","NEUT",2,"polysyllabic","False",TRUE,FALSE
"Entrée","NEUT",2,"polysyllabic","False",TRUE,FALSE
"Entrücken","NEUT",3,"polysyllabic","False",FALSE,TRUE
"Entschärfen","NEUT",3,"polysyllabic","False",FALSE,TRUE
"Entschärfer","MASC",3,"polysyllabic","False",FALSE,TRUE
"Entscheid","MASC",1,"monosyllabic","False",TRUE,TRUE
"Entschluss","MASC",2,"polysyllabic","True",TRUE,FALSE
"Entsetzen","NEUT",3,"polysyllabic","False",FALSE,TRUE
"Entsteiner","MASC",2,"polysyllabic","False",FALSE,TRUE
"Entwässern","NEUT",3,"polysyllabic","False",FALSE,TRUE
"Entwerter","MASC",3,"polysyllabic","False",FALSE,TRUE
"Entwickler","MASC",3,"polysyllabic","False",FALSE,TRUE
"Entwicklungsland","NEUT",4,"polysyllabic","False",TRUE,TRUE
"Entwicklungspotenzial","NEUT",6,"polysyllabic","False",FALSE,TRUE
"Entwicklungsprozess","MASC",5,"polysyllabic","True",TRUE,FALSE
"Entwurf","MASC",2,"polysyllabic","False",TRUE,TRUE
"Entwurfsmuster","NEUT",4,"polysyllabic","False",FALSE,TRUE
"Entzücken","NEUT",3,"polysyllabic","False",FALSE,TRUE
"Entzug","MASC",2,"polysyllabic","False",TRUE,TRUE
"Enzian","MASC",2,"polysyllabic","False",FALSE,TRUE
"Enzym","NEUT",2,"polysyllabic","False",FALSE,TRUE
"Eosin","NEUT",2,"polysyllabic","False",FALSE,TRUE
"Eozän","NEUT",2,"polysyllabic","False",FALSE,TRUE
"Epidot","MASC",3,"polysyllabic","False",FALSE,TRUE
"Epigramm","NEUT",3,"polysyllabic","False",FALSE,TRUE
"Epiker","MASC",3,"polysyllabic","False",FALSE,TRUE
"Epileptiker","MASC",5,"polysyllabic","False",FALSE,TRUE
"Epilog","MASC",3,"polysyllabic","False",TRUE,TRUE
"Episkopat","NEUT",4,"polysyllabic","False",TRUE,TRUE
"Epitaph","NEUT",3,"polysyllabic","False",FALSE,TRUE
"Epitheton","NEUT",4,"polysyllabic","False",FALSE,TRUE
"Epoxid","NEUT",3,"polysyllabic","False",FALSE,TRUE
"Eppich","MASC",2,"polysyllabic","False",TRUE,TRUE
"Epsilon","NEUT",3,"polysyllabic","False",FALSE,TRUE
"Epsomit","MASC",3,"polysyllabic","False",FALSE,TRUE
"Erachten","NEUT",3,"polysyllabic","False",FALSE,TRUE
"Erbarmen","NEUT",3,"polysyllabic","False",FALSE,TRUE
"Erbe","MASC",2,"polysyllabic","False",TRUE,FALSE
"Erbfeind","MASC",1,"monosyllabic","False",TRUE,TRUE
"Erbgut","NEUT",2,"polysyllabic","False",TRUE,TRUE
"Erbium","NEUT",2,"polysyllabic","False",FALSE,TRUE
"Erbland","NEUT",2,"polysyllabic","False",TRUE,TRUE
"Erbobergespan","MASC",5,"polysyllabic","False",TRUE,TRUE
"Erbobergespann","MASC",5,"polysyllabic","False",TRUE,TRUE
"Erbonkel","MASC",3,"polysyllabic","False",FALSE,TRUE
"Erbrechen","NEUT",3,"polysyllabic","False",FALSE,TRUE
"Erbrecht","NEUT",2,"polysyllabic","False",TRUE,TRUE
"Erbschleicher","MASC",2,"polysyllabic","False",FALSE,TRUE
"Erbstück","NEUT",2,"polysyllabic","False",TRUE,TRUE
"Erbteil","NEUT",1,"monosyllabic","False",TRUE,TRUE
"Erbwort","NEUT",2,"polysyllabic","False",TRUE,TRUE
"Erdalkalimetall","NEUT",6,"polysyllabic","False",FALSE,TRUE
"Erdalkalimetallion","NEUT",7,"polysyllabic","False",FALSE,TRUE
"Erdapfel","MASC",3,"polysyllabic","False",FALSE,TRUE
"Erdball","MASC",2,"polysyllabic","False",TRUE,TRUE
"Erdbeben","NEUT",3,"polysyllabic","False",FALSE,TRUE
"Erdbeerbaum","MASC",2,"polysyllabic","False",FALSE,TRUE
"Erdbewohner","MASC",4,"polysyllabic","False",FALSE,TRUE
"Erdboden","MASC",3,"polysyllabic","False",FALSE,TRUE
"Erdenrund","NEUT",3,"polysyllabic","False",TRUE,TRUE
"Erdgas","NEUT",2,"polysyllabic","True",TRUE,FALSE
"Erdgasfeld","NEUT",3,"polysyllabic","False",TRUE,TRUE
"Erdgeschoss","NEUT",3,"polysyllabic","True",TRUE,FALSE
"Erdgeschoß","NEUT",3,"polysyllabic","True",TRUE,FALSE
"Erdkern","MASC",2,"polysyllabic","False",TRUE,TRUE
"Erdkreis","MASC",1,"monosyllabic","True",TRUE,FALSE
"Erdling","MASC",2,"polysyllabic","False",FALSE,TRUE
"Erdmagnetfeld","NEUT",4,"polysyllabic","False",FALSE,TRUE
"Erdmännchen","NEUT",3,"polysyllabic","False",FALSE,TRUE
"Erdmantel","MASC",3,"polysyllabic","False",FALSE,TRUE
"Erdmond","MASC",2,"polysyllabic","False",TRUE,TRUE
"Erdöl","NEUT",2,"polysyllabic","False",TRUE,TRUE
"Erdölprodukt","NEUT",4,"polysyllabic","False",TRUE,TRUE
"Erdreich","NEUT",1,"monosyllabic","False",TRUE,TRUE
"Erdrutsch","MASC",2,"polysyllabic","True",TRUE,FALSE
"Erdschatten","MASC",3,"polysyllabic","False",FALSE,TRUE
"Erdstoß","MASC",2,"polysyllabic","True",TRUE,FALSE
"Erdwärmekraftwerk","NEUT",5,"polysyllabic","False",TRUE,TRUE
"Erdwolf","MASC",2,"polysyllabic","False",FALSE,TRUE
"Erdzeitalter","NEUT",3,"polysyllabic","False",FALSE,TRUE
"Ereifern","NEUT",2,"polysyllabic","False",FALSE,TRUE
"Ereignisablauf","MASC",3,"polysyllabic","False",TRUE,TRUE
"Ereignishorizont","MASC",5,"polysyllabic","False",TRUE,TRUE
"Erfinder","MASC",3,"polysyllabic","False",FALSE,TRUE
"Erfolg","MASC",2,"polysyllabic","False",TRUE,TRUE
"Erfolgsrezept","NEUT",4,"polysyllabic","False",TRUE,TRUE
"Erfurter","MASC",3,"polysyllabic","False",FALSE,TRUE
"Ergänzungsstrich","MASC",4,"polysyllabic","False",TRUE,TRUE
"Ergativ","MASC",3,"polysyllabic","False",FALSE,TRUE
"Ergeber","MASC",3,"polysyllabic","False",FALSE,TRUE
"Ergießen","NEUT",2,"polysyllabic","False",FALSE,TRUE
"Ergotamin","NEUT",4,"polysyllabic","False",FALSE,TRUE
"Ergreifen","NEUT",2,"polysyllabic","False",FALSE,TRUE
"Erguss","MASC",2,"polysyllabic","True",TRUE,FALSE
"Erhalt","MASC",2,"polysyllabic","False",TRUE,TRUE
"Erhalten","NEUT",3,"polysyllabic","False",FALSE,TRUE
"Erhaltungszustand","MASC",5,"polysyllabic","False",TRUE,TRUE
"Erhitzen","NEUT",3,"polysyllabic","False",FALSE,TRUE
"Erhöhen","NEUT",3,"polysyllabic","False",FALSE,TRUE
"Erinnerungsstück","NEUT",5,"polysyllabic","False",TRUE,TRUE
"Erkältungssymptom","NEUT",5,"polysyllabic","False",FALSE,TRUE
"Erker","MASC",2,"polysyllabic","False",FALSE,TRUE
"Erlangen","NEUT",3,"polysyllabic","False",FALSE,TRUE
"Erlass","MASC",2,"polysyllabic","True",TRUE,FALSE
"Erlassjahr","NEUT",3,"polysyllabic","False",TRUE,FALSE
"Erlenmeyerkolben","MASC",5,"polysyllabic","False",FALSE,TRUE
"Erliegen","NEUT",2,"polysyllabic","False",FALSE,TRUE
"Erlkönig","MASC",3,"polysyllabic","False",FALSE,TRUE
"Erlös","MASC",2,"polysyllabic","True",TRUE,FALSE
"Erlöser","MASC",3,"polysyllabic","False",FALSE,TRUE
"Ermitteln","NEUT",3,"polysyllabic","False",FALSE,TRUE
"Ermittler","MASC",3,"polysyllabic","False",FALSE,TRUE
"Ermittlungsverfahren","NEUT",6,"polysyllabic","False",FALSE,TRUE
"Ermöglichen","NEUT",4,"polysyllabic","False",FALSE,TRUE
"Ermüden","NEUT",3,"polysyllabic","False",FALSE,TRUE
"Ernährer","MASC",3,"polysyllabic","False",FALSE,TRUE
"Ernährungszustand","MASC",5,"polysyllabic","False",TRUE,TRUE
"Ernstfall","MASC",2,"polysyllabic","False",TRUE,TRUE
"Erntedankfest","NEUT",4,"polysyllabic","False",TRUE,TRUE
"Erntehelfer","MASC",4,"polysyllabic","False",FALSE,TRUE
"Erntemond","MASC",3,"polysyllabic","False",TRUE,TRUE
"Ernting","MASC",2,"polysyllabic","False",FALSE,TRUE
"Eroberungszug","MASC",5,"polysyllabic","False",TRUE,TRUE
"Erpel","MASC",2,"polysyllabic","False",FALSE,TRUE
"Erpresser","MASC",3,"polysyllabic","False",FALSE,TRUE
"Erpressungsgeld","NEUT",4,"polysyllabic","False",TRUE,TRUE
"Erpressungsversuch","MASC",5,"polysyllabic","False",TRUE,TRUE
"Erreger","MASC",3,"polysyllabic","False",FALSE,TRUE
"Erreichen","NEUT",2,"polysyllabic","False",FALSE,TRUE
"Erringen","NEUT",3,"polysyllabic","False",FALSE,TRUE
"Ersatz","MASC",2,"polysyllabic","True",TRUE,FALSE
"Ersatzfahrplan","MASC",4,"polysyllabic","False",TRUE,TRUE
"Ersatzmann","MASC",3,"polysyllabic","False",TRUE,TRUE
"Ersatzrad","NEUT",3,"polysyllabic","False",TRUE,TRUE
"Ersatzreifen","MASC",3,"polysyllabic","False",FALSE,TRUE
"Ersatzspieler","MASC",3,"polysyllabic","False",FALSE,TRUE
"Ersatzstoff","MASC",3,"polysyllabic","False",TRUE,TRUE
"Erschallen","NEUT",3,"polysyllabic","False",FALSE,TRUE
"Erschießen","NEUT",2,"polysyllabic","False",FALSE,TRUE
"Erschießungskommando","NEUT",5,"polysyllabic","False",FALSE,TRUE
"Erschöpfen","NEUT",3,"polysyllabic","False",FALSE,TRUE
"Erschöpfungszustand","MASC",5,"polysyllabic","False",TRUE,TRUE
"Erschüttern","NEUT",3,"polysyllabic","False",FALSE,TRUE
"Ersetzen","NEUT",3,"polysyllabic","False",FALSE,TRUE
"Erstarren","NEUT",3,"polysyllabic","False",FALSE,TRUE
"Erstaunen","NEUT",2,"polysyllabic","False",FALSE,TRUE
"Erstkontakt","MASC",3,"polysyllabic","False",TRUE,TRUE
"Erstling","MASC",2,"polysyllabic","False",FALSE,TRUE
"Erstreben","NEUT",3,"polysyllabic","False",FALSE,TRUE
"Erstspracherwerb","MASC",4,"polysyllabic","False",FALSE,TRUE
"Ersttäter","MASC",3,"polysyllabic","False",FALSE,TRUE
"Erstversorger","MASC",4,"polysyllabic","False",FALSE,TRUE
"Ersuchen","NEUT",3,"polysyllabic","False",FALSE,TRUE
"Ertag","MASC",2,"polysyllabic","False",TRUE,TRUE
"Ertönen","NEUT",3,"polysyllabic","False",FALSE,TRUE
"Erwachen","NEUT",3,"polysyllabic","False",FALSE,TRUE
"Erwachsenenalter","NEUT",6,"polysyllabic","False",FALSE,TRUE
"Erwachsensein","NEUT",3,"polysyllabic","False",FALSE,TRUE
"Erwägungsgrund","MASC",4,"polysyllabic","False",TRUE,TRUE
"Erwähnen","NEUT",3,"polysyllabic","False",FALSE,TRUE
"Erwärmen","NEUT",3,"polysyllabic","False",FALSE,TRUE
"Erweis","MASC",1,"monosyllabic","True",TRUE,FALSE
"Erweitern","NEUT",2,"polysyllabic","False",FALSE,TRUE
"Erwerb","MASC",2,"polysyllabic","False",TRUE,TRUE
"Erythem","NEUT",3,"polysyllabic","False",FALSE,TRUE
"Erz","NEUT",1,"monosyllabic","True",TRUE,FALSE
"Erzähler","MASC",3,"polysyllabic","False",FALSE,TRUE
"Erzbischof","MASC",3,"polysyllabic","False",FALSE,TRUE
"Erzbösewicht","MASC",4,"polysyllabic","False",TRUE,TRUE
"Erzengel","MASC",3,"polysyllabic","False",FALSE,TRUE
"Erzeuger","MASC",2,"polysyllabic","False",FALSE,TRUE
"Erzfeind","MASC",1,"monosyllabic","False",TRUE,TRUE
"Erzgang","MASC",2,"polysyllabic","False",FALSE,TRUE
"Erzherzogshut","MASC",4,"polysyllabic","False",TRUE,TRUE
"Erzherzogshütchen","NEUT",5,"polysyllabic","False",FALSE,TRUE
"Erzherzogtum","NEUT",4,"polysyllabic","False",FALSE,TRUE
"Erzieher","MASC",2,"polysyllabic","False",FALSE,TRUE
"Erzkanzler","MASC",3,"polysyllabic","False",FALSE,TRUE
"Erzlager","NEUT",3,"polysyllabic","False",FALSE,TRUE
"Erzpriester","MASC",2,"polysyllabic","False",FALSE,TRUE
"Erzvorkommen","NEUT",4,"polysyllabic","False",FALSE,TRUE
"Esch","MASC",1,"monosyllabic","True",TRUE,TRUE
"Eschenholz","NEUT",3,"polysyllabic","True",TRUE,FALSE
"Esel","MASC",2,"polysyllabic","False",FALSE,TRUE
"Eselchen","NEUT",3,"polysyllabic","False",FALSE,TRUE
"Eselein","NEUT",2,"polysyllabic","False",FALSE,TRUE
"Eselsohr","NEUT",3,"polysyllabic","False",TRUE,TRUE
"Eselspinguin","MASC",4,"polysyllabic","False",FALSE,TRUE
"Espenlaub","NEUT",2,"polysyllabic","False",TRUE,TRUE
"Espresso","MASC",3,"polysyllabic","False",FALSE,TRUE
"Esprit","MASC",2,"polysyllabic","False",FALSE,TRUE
"Essbesteck","NEUT",3,"polysyllabic","False",TRUE,TRUE
"Essener","MASC",3,"polysyllabic","False",FALSE,TRUE
"Esser","MASC",2,"polysyllabic","False",FALSE,TRUE
"Essig","MASC",2,"polysyllabic","False",FALSE,TRUE
"Essigsäurechlorid","NEUT",5,"polysyllabic","False",TRUE,TRUE
"Essiv","MASC",2,"polysyllabic","False",FALSE,TRUE
"Esslöffel","MASC",3,"polysyllabic","False",FALSE,TRUE
"Essmesser","NEUT",3,"polysyllabic","False",FALSE,TRUE
"Essstäbchen","NEUT",3,"polysyllabic","False",FALSE,TRUE
"Eßstäbchen","NEUT",3,"polysyllabic","False",FALSE,TRUE
"Esstisch","MASC",2,"polysyllabic","True",TRUE,TRUE
"Esszeug","NEUT",1,"monosyllabic","False",TRUE,TRUE
"Eßzeug","NEUT",1,"monosyllabic","False",TRUE,TRUE
"Esszimmer","NEUT",3,"polysyllabic","False",FALSE,TRUE
"Ester","MASC",2,"polysyllabic","False",FALSE,TRUE
"Estländer","MASC",3,"polysyllabic","False",FALSE,TRUE
"Estragon","MASC",3,"polysyllabic","False",FALSE,TRUE
"Estrich","MASC",2,"polysyllabic","False",FALSE,TRUE
"Estron","NEUT",2,"polysyllabic","False",FALSE,TRUE
"Et-Zeichen","NEUT",2,"polysyllabic","False",FALSE,TRUE
"Eta","NEUT",2,"polysyllabic","False",FALSE,TRUE
"Etablissement","NEUT",5,"polysyllabic","False",FALSE,TRUE
"Etalon","MASC",3,"polysyllabic","False",FALSE,TRUE
"Étang","MASC",1,"monosyllabic","False",FALSE,TRUE
"Etat","MASC",2,"polysyllabic","False",FALSE,TRUE
"Ethanol","NEUT",3,"polysyllabic","False",FALSE,TRUE
"Ethanthiol","NEUT",3,"polysyllabic","False",FALSE,TRUE
"Ether","NEUT",2,"polysyllabic","False",FALSE,TRUE
"Ethoxylat","NEUT",4,"polysyllabic","False",FALSE,TRUE
"Ethyl","NEUT",2,"polysyllabic","False",FALSE,TRUE
"Ethylalkohol","NEUT",5,"polysyllabic","False",FALSE,TRUE
"Ethylen","NEUT",3,"polysyllabic","False",FALSE,TRUE
"Ethylenoxid","NEUT",5,"polysyllabic","False",FALSE,TRUE
"Etikett","NEUT",3,"polysyllabic","False",TRUE,TRUE
"Etikettenschwindel","MASC",6,"polysyllabic","False",FALSE,TRUE
"Ettgrön","NEUT",2,"polysyllabic","False",FALSE,TRUE
"Etui","NEUT",2,"polysyllabic","False",FALSE,TRUE
"Eudialyt","MASC",2,"polysyllabic","False",FALSE,TRUE
"Europäer","MASC",2,"polysyllabic","False",FALSE,TRUE
"Europameister","MASC",3,"polysyllabic","False",FALSE,TRUE
"Europarat","MASC",3,"polysyllabic","False",TRUE,TRUE
"Europium","NEUT",2,"polysyllabic","False",FALSE,TRUE
"Eurozeichen","NEUT",2,"polysyllabic","False",FALSE,TRUE
"Eutektikum","NEUT",3,"polysyllabic","False",FALSE,TRUE
"Euter","NEUT",1,"monosyllabic","False",FALSE,TRUE
"Euxenit","MASC",2,"polysyllabic","False",FALSE,TRUE
"Evangelium","NEUT",4,"polysyllabic","False",FALSE,TRUE
"Evaporit","MASC",4,"polysyllabic","False",FALSE,TRUE
"Examen","NEUT",3,"polysyllabic","False",FALSE,TRUE
"Exbummel","MASC",3,"polysyllabic","False",FALSE,TRUE
"Excimerlaser","MASC",5,"polysyllabic","False",FALSE,TRUE
"Exempel","NEUT",3,"polysyllabic","False",FALSE,TRUE
"Exemplar","NEUT",3,"polysyllabic","False",FALSE,TRUE
"Exerzitium","NEUT",4,"polysyllabic","False",FALSE,TRUE
"Exfreund","MASC",1,"monosyllabic","False",TRUE,TRUE
"Exil","NEUT",2,"polysyllabic","False",FALSE,TRUE
"Exklusivbericht","MASC",5,"polysyllabic","False",TRUE,TRUE
"Exklusivinterview","NEUT",5,"polysyllabic","False",FALSE,TRUE
"Exmann","MASC",2,"polysyllabic","False",TRUE,TRUE
"Experiment","NEUT",4,"polysyllabic","False",TRUE,TRUE
"Explosiv","MASC",3,"polysyllabic","False",FALSE,TRUE
"Explosivstoff","MASC",4,"polysyllabic","False",TRUE,TRUE
"Exponat","NEUT",3,"polysyllabic","False",FALSE,TRUE
"Exporteur","MASC",2,"polysyllabic","False",FALSE,TRUE
"Exposé","NEUT",2,"polysyllabic","False",FALSE,TRUE
"Exposee","NEUT",3,"polysyllabic","False",TRUE,FALSE
"Expresskaffee","MASC",4,"polysyllabic","False",TRUE,FALSE
"Externat","NEUT",3,"polysyllabic","False",TRUE,TRUE
"Extrablatt","NEUT",3,"polysyllabic","False",TRUE,TRUE
"Extraktionsverfahren","NEUT",6,"polysyllabic","False",FALSE,TRUE
"Extranet","NEUT",3,"polysyllabic","False",FALSE,TRUE
"Extrem","NEUT",2,"polysyllabic","False",FALSE,TRUE
"Extremum","NEUT",3,"polysyllabic","False",FALSE,TRUE
"Extrudieren","NEUT",3,"polysyllabic","False",FALSE,TRUE
"Exzentriker","MASC",4,"polysyllabic","False",FALSE,TRUE
"Exzerpt","NEUT",2,"polysyllabic","False",TRUE,TRUE
"Exzess","MASC",2,"polysyllabic","True",TRUE,FALSE
"Fabrikat","NEUT",3,"polysyllabic","False",TRUE,TRUE
"Fabrikationsfehler","MASC",6,"polysyllabic","False",FALSE,TRUE
"Facebook","NEUT",3,"polysyllabic","False",FALSE,TRUE
"Fach","NEUT",1,"monosyllabic","False",TRUE,TRUE
"Facharzt","MASC",2,"polysyllabic","False",TRUE,FALSE
"Fachausdruck","MASC",2,"polysyllabic","False",TRUE,TRUE
"Fachbegriff","MASC",3,"polysyllabic","False",TRUE,TRUE
"Fachbereich","MASC",2,"polysyllabic","False",TRUE,TRUE
"Fachchinesisch","NEUT",4,"polysyllabic","True",FALSE,TRUE
"Fächer","MASC",2,"polysyllabic","False",FALSE,TRUE
"Fachinformatiker","MASC",6,"polysyllabic","False",FALSE,TRUE
"Fachjargon","MASC",3,"polysyllabic","False",FALSE,TRUE
"Fachmarkt","MASC",2,"polysyllabic","False",TRUE,TRUE
"Fachwerkhaus","NEUT",2,"polysyllabic","True",TRUE,FALSE
"Fachwort","NEUT",2,"polysyllabic","False",TRUE,TRUE
"Fädchen","NEUT",2,"polysyllabic","False",FALSE,TRUE
"Faden","MASC",2,"polysyllabic","False",FALSE,TRUE
"Fadenkreuz","NEUT",2,"polysyllabic","True",TRUE,FALSE
"Fadenlauf","MASC",2,"polysyllabic","False",TRUE,TRUE
"Fadenwurm","MASC",3,"polysyllabic","False",TRUE,TRUE
"Fagott","NEUT",2,"polysyllabic","False",TRUE,TRUE
"Fahlflanken-Ameisenwürger","MASC",7,"polysyllabic","False",FALSE,TRUE
"Fähnchen","NEUT",2,"polysyllabic","False",FALSE,TRUE
"Fahnder","MASC",2,"polysyllabic","False",FALSE,TRUE
"Fahnenträger","MASC",4,"polysyllabic","False",FALSE,TRUE
"Fähnlein","NEUT",1,"monosyllabic","False",FALSE,TRUE
"Fähnrich","MASC",2,"polysyllabic","False",TRUE,TRUE
"Fahrausweis","MASC",1,"monosyllabic","True",TRUE,FALSE
"Fahrdamm","MASC",2,"polysyllabic","False",TRUE,TRUE
"Fährdienst","MASC",1,"monosyllabic","False",TRUE,TRUE
"Fahrer","MASC",2,"polysyllabic","False",FALSE,TRUE
"Fahrgast","MASC",2,"polysyllabic","False",TRUE,TRUE
"Fahrgeld","NEUT",2,"polysyllabic","False",TRUE,TRUE
"Fahrgestell","NEUT",3,"polysyllabic","False",TRUE,TRUE
"Fahrkartenentwerter","MASC",6,"polysyllabic","False",FALSE,TRUE
"Fahrkartenschalter","MASC",5,"polysyllabic","False",FALSE,TRUE
"Fährmann","MASC",2,"polysyllabic","False",TRUE,TRUE
"Fahrplan","MASC",2,"polysyllabic","False",TRUE,TRUE
"Fahrrad","NEUT",2,"polysyllabic","False",TRUE,TRUE
"Fahrradfahren","NEUT",4,"polysyllabic","False",FALSE,TRUE
"Fahrradfahrer","MASC",4,"polysyllabic","False",FALSE,TRUE
"Fahrradparkplatz","MASC",4,"polysyllabic","True",TRUE,FALSE
"Fahrradsattel","MASC",4,"polysyllabic","False",FALSE,TRUE
"Fahrradständer","MASC",4,"polysyllabic","False",FALSE,TRUE
"Fahrradweg","MASC",3,"polysyllabic","False",TRUE,TRUE
"Fahrscheinautomat","MASC",3,"polysyllabic","False",TRUE,TRUE
"Fahrscheinentwerter","MASC",4,"polysyllabic","False",FALSE,TRUE
"Fahrstreifen","MASC",2,"polysyllabic","False",FALSE,TRUE
"Fahrstuhl","MASC",2,"polysyllabic","False",FALSE,TRUE
"Fährturm","MASC",2,"polysyllabic","False",TRUE,TRUE
"Fahrtwind","MASC",2,"polysyllabic","False",TRUE,TRUE
"Fahrwasser","NEUT",3,"polysyllabic","False",FALSE,TRUE
"Fahrwerk","NEUT",2,"polysyllabic","False",TRUE,TRUE
"Fahrwind","MASC",2,"polysyllabic","False",TRUE,TRUE
"Fahrzeug","NEUT",1,"monosyllabic","False",TRUE,TRUE
"Fahrzeugkatalysator","MASC",6,"polysyllabic","False",FALSE,TRUE
"Faible","NEUT",2,"polysyllabic","False",TRUE,FALSE
"Fake","NEUT",2,"polysyllabic","False",TRUE,FALSE
"Fakir","MASC",2,"polysyllabic","False",FALSE,TRUE
"Faktencheck","MASC",3,"polysyllabic","False",FALSE,TRUE
"Faktor","MASC",2,"polysyllabic","False",FALSE,TRUE
"Faktum","NEUT",2,"polysyllabic","False",FALSE,TRUE
"Fall","MASC",1,"monosyllabic","False",TRUE,TRUE
"Fallbeil","NEUT",1,"monosyllabic","False",TRUE,TRUE
"Fallenstellen","NEUT",4,"polysyllabic","False",FALSE,TRUE
"Fallensteller","MASC",4,"polysyllabic","False",FALSE,TRUE
"Fallgatter","NEUT",3,"polysyllabic","False",FALSE,TRUE
"Fallobst","NEUT",2,"polysyllabic","False",TRUE,TRUE
"Fallreep","NEUT",2,"polysyllabic","False",FALSE,TRUE
"Fallrohr","NEUT",2,"polysyllabic","False",TRUE,TRUE
"Fallschirm","MASC",2,"polysyllabic","False",TRUE,TRUE
"Fallschirmjäger","MASC",4,"polysyllabic","False",FALSE,TRUE
"Fallschirmspringer","MASC",4,"polysyllabic","False",FALSE,TRUE
"Fallstrick","MASC",2,"polysyllabic","False",TRUE,TRUE
"Fallturm","MASC",2,"polysyllabic","False",TRUE,TRUE
"Falschfahrer","MASC",3,"polysyllabic","False",FALSE,TRUE
"Falschspieler","MASC",2,"polysyllabic","False",FALSE,TRUE
"Falsett","NEUT",2,"polysyllabic","False",TRUE,TRUE
"Faltblatt","NEUT",2,"polysyllabic","False",TRUE,TRUE
"Faltenmagen","MASC",4,"polysyllabic","False",FALSE,TRUE
"Falter","MASC",2,"polysyllabic","False",FALSE,TRUE
"Falterfisch","MASC",3,"polysyllabic","True",TRUE,TRUE
"Falz","MASC",1,"monosyllabic","True",TRUE,FALSE
"Falzbein","NEUT",1,"monosyllabic","False",TRUE,TRUE
"Familienhaus","NEUT",2,"polysyllabic","True",TRUE,FALSE
"Familienmitglied","NEUT",3,"polysyllabic","False",TRUE,TRUE
"Familienstand","MASC",3,"polysyllabic","False",TRUE,TRUE
"Familienvater","MASC",4,"polysyllabic","False",FALSE,TRUE
"Familienwohnhaus","NEUT",3,"polysyllabic","True",TRUE,FALSE
"Fan","MASC",1,"monosyllabic","False",FALSE,TRUE
"Fanal","NEUT",2,"polysyllabic","False",FALSE,TRUE
"Fanatiker","MASC",4,"polysyllabic","False",FALSE,TRUE
"Fang","MASC",1,"monosyllabic","False",TRUE,TRUE
"Fänger","MASC",2,"polysyllabic","False",FALSE,TRUE
"Fangzahn","MASC",2,"polysyllabic","False",TRUE,TRUE
"Fant","MASC",1,"monosyllabic","False",TRUE,TRUE
"Farbband","NEUT",2,"polysyllabic","False",TRUE,TRUE
"Farbbild","NEUT",2,"polysyllabic","False",TRUE,TRUE
"Färben","NEUT",2,"polysyllabic","False",FALSE,TRUE
"Farbenspiel","NEUT",2,"polysyllabic","False",TRUE,TRUE
"Farbfernsehen","NEUT",4,"polysyllabic","False",FALSE,TRUE
"Farbfernseher","MASC",4,"polysyllabic","False",FALSE,TRUE
"Farblack","MASC",2,"polysyllabic","False",TRUE,TRUE
"Farbpigment","NEUT",3,"polysyllabic","False",FALSE,TRUE
"Farbraum","MASC",1,"monosyllabic","False",TRUE,TRUE
"Farbstift","MASC",2,"polysyllabic","False",TRUE,TRUE
"Farbstoff","MASC",2,"polysyllabic","False",TRUE,TRUE
"Farbton","MASC",2,"polysyllabic","False",TRUE,TRUE
"Farmer","MASC",2,"polysyllabic","False",FALSE,TRUE
"Farmersalat","MASC",4,"polysyllabic","False",TRUE,TRUE
"Farn","MASC",1,"monosyllabic","False",TRUE,TRUE
"Farnkraut","NEUT",1,"monosyllabic","False",TRUE,TRUE
"Fasan","MASC",2,"polysyllabic","False",FALSE,TRUE
"Fasel","MASC",2,"polysyllabic","False",FALSE,TRUE
"Fass","NEUT",1,"monosyllabic","True",TRUE,FALSE
"Fassbier","NEUT",1,"monosyllabic","False",TRUE,TRUE
"Fässchen","NEUT",2,"polysyllabic","False",FALSE,TRUE
"Fäßchen","NEUT",2,"polysyllabic","False",FALSE,TRUE
"Fasson","NEUT",2,"polysyllabic","False",FALSE,TRUE
"Fassungsvermögen","NEUT",5,"polysyllabic","False",FALSE,TRUE
"Fasten","NEUT",2,"polysyllabic","False",FALSE,TRUE
"Fastenbrechen","NEUT",4,"polysyllabic","False",FALSE,TRUE
"Fastfood","NEUT",2,"polysyllabic","False",FALSE,TRUE
"Faszikel","MASC",3,"polysyllabic","False",FALSE,TRUE
"Fatum","NEUT",2,"polysyllabic","False",FALSE,TRUE
"Faulenzer","MASC",2,"polysyllabic","False",FALSE,TRUE
"Faulpelz","MASC",1,"monosyllabic","True",TRUE,FALSE
"Faultier","NEUT",0,"polysyllabic","False",TRUE,TRUE
"Faun","MASC",0,"polysyllabic","False",TRUE,TRUE
"Fausthandschuh","MASC",2,"polysyllabic","False",FALSE,TRUE
"Faustkampf","MASC",1,"monosyllabic","False",TRUE,TRUE
"Fäustling","MASC",1,"monosyllabic","False",FALSE,TRUE
"Faustschlag","MASC",1,"monosyllabic","False",TRUE,TRUE
"Fayalit","MASC",2,"polysyllabic","False",FALSE,TRUE
"Fazit","NEUT",2,"polysyllabic","False",FALSE,TRUE
"Feber","MASC",2,"polysyllabic","False",FALSE,TRUE
"Februar","MASC",2,"polysyllabic","False",FALSE,TRUE
"Fechten","NEUT",2,"polysyllabic","False",FALSE,TRUE
"Fechter","MASC",2,"polysyllabic","False",FALSE,TRUE
"Federballspiel","NEUT",3,"polysyllabic","False",TRUE,TRUE
"Federballspieler","MASC",4,"polysyllabic","False",FALSE,TRUE
"Federbett","NEUT",3,"polysyllabic","False",TRUE,TRUE
"Federchen","NEUT",3,"polysyllabic","False",FALSE,TRUE
"Federhalter","MASC",4,"polysyllabic","False",FALSE,TRUE
"Federkiel","MASC",2,"polysyllabic","False",TRUE,TRUE
"Federkrieg","MASC",2,"polysyllabic","False",TRUE,TRUE
"Federspitz","MASC",3,"polysyllabic","True",TRUE,FALSE
"Federstrich","MASC",3,"polysyllabic","False",TRUE,TRUE
"Fegefeuer","NEUT",3,"polysyllabic","False",FALSE,TRUE
"Feh","NEUT",1,"monosyllabic","False",FALSE,TRUE
"Fehdehandschuh","MASC",4,"polysyllabic","False",TRUE,TRUE
"Fehlbetrag","MASC",3,"polysyllabic","False",TRUE,TRUE
"Fehlen","NEUT",2,"polysyllabic","False",FALSE,TRUE
"Fehler","MASC",2,"polysyllabic","False",FALSE,TRUE
"Fehlercode","MASC",4,"polysyllabic","False",TRUE,FALSE
"Fehlgriff","MASC",2,"polysyllabic","False",TRUE,TRUE
"Fehlschlag","MASC",2,"polysyllabic","False",TRUE,TRUE
"Fehlschluss","MASC",2,"polysyllabic","True",TRUE,FALSE
"Fehltritt","MASC",2,"polysyllabic","False",TRUE,TRUE
"Fehlurteil","NEUT",2,"polysyllabic","False",FALSE,TRUE
"Fehlverhalten","NEUT",4,"polysyllabic","False",FALSE,TRUE
"Feierabend","MASC",3,"polysyllabic","False",FALSE,TRUE
"Feierbiest","NEUT",1,"monosyllabic","False",TRUE,TRUE
"Feiertag","MASC",2,"polysyllabic","False",TRUE,TRUE
"Feigenbaum","MASC",1,"monosyllabic","False",TRUE,TRUE
"Feigenblatt","NEUT",2,"polysyllabic","False",TRUE,TRUE
"Feigenblättchen","NEUT",3,"polysyllabic","False",FALSE,TRUE
"Feigling","MASC",1,"monosyllabic","False",FALSE,TRUE
"Feim","MASC",0,"polysyllabic","False",TRUE,TRUE
"Feind","MASC",0,"polysyllabic","False",TRUE,TRUE
"Feindbild","NEUT",1,"monosyllabic","False",TRUE,TRUE
"Feingebäck","MASC",2,"polysyllabic","False",TRUE,TRUE
"Feingefühl","NEUT",2,"polysyllabic","False",FALSE,TRUE
"Feingehalt","MASC",2,"polysyllabic","False",FALSE,TRUE
"Feingehaltstempel","MASC",4,"polysyllabic","False",FALSE,TRUE
"Feinguss","MASC",1,"monosyllabic","True",TRUE,FALSE
"Feinschmecker","MASC",2,"polysyllabic","False",FALSE,TRUE
"Feinschmeckerlokal","NEUT",4,"polysyllabic","False",FALSE,TRUE
"Feinstaub","MASC",0,"polysyllabic","False",TRUE,TRUE
"Feitel","MASC",1,"monosyllabic","False",FALSE,TRUE
"Feld","NEUT",1,"monosyllabic","False",TRUE,TRUE
"Feldbett","NEUT",2,"polysyllabic","False",TRUE,TRUE
"Feldgrau","NEUT",1,"monosyllabic","False",FALSE,TRUE
"Feldhauptmann","MASC",2,"polysyllabic","False",TRUE,TRUE
"Feldjäger","MASC",3,"polysyllabic","False",FALSE,TRUE
"Feldmarschall","MASC",3,"polysyllabic","False",FALSE,TRUE
"Feldmesser","MASC",3,"polysyllabic","False",FALSE,TRUE
"Feldsalat","MASC",3,"polysyllabic","False",TRUE,TRUE
"Feldscher","MASC",2,"polysyllabic","False",FALSE,TRUE
"Feldscherer","MASC",3,"polysyllabic","False",FALSE,TRUE
"Feldspat","MASC",2,"polysyllabic","False",FALSE,TRUE
"Feldspaten","MASC",3,"polysyllabic","False",FALSE,TRUE
"Feldspath","MASC",2,"polysyllabic","False",FALSE,TRUE
"Feldstein","MASC",1,"monosyllabic","False",TRUE,TRUE
"Feldversuch","MASC",3,"polysyllabic","False",FALSE,TRUE
"Feldweg","MASC",2,"polysyllabic","False",TRUE,TRUE
"Feldzeichen","NEUT",2,"polysyllabic","False",FALSE,TRUE
"Feldzug","MASC",2,"polysyllabic","False",TRUE,TRUE
"Felgaufschwung","MASC",2,"polysyllabic","False",TRUE,TRUE
"Felgenband","NEUT",3,"polysyllabic","False",TRUE,TRUE
"Fell","NEUT",1,"monosyllabic","False",TRUE,TRUE
"Fellchen","NEUT",2,"polysyllabic","False",FALSE,TRUE
"Fellhandschuh","MASC",3,"polysyllabic","False",FALSE,TRUE
"Fels","MASC",1,"monosyllabic","True",TRUE,FALSE
"Felsbrocken","MASC",3,"polysyllabic","False",FALSE,TRUE
"Felsen","MASC",2,"polysyllabic","False",FALSE,TRUE
"Felsenpfeifer","MASC",3,"polysyllabic","False",FALSE,TRUE
"Felsenpinguin","MASC",4,"polysyllabic","False",FALSE,TRUE
"Felsvorsprung","MASC",3,"polysyllabic","False",TRUE,TRUE
"Fenchel","MASC",2,"polysyllabic","False",FALSE,TRUE
"Fenn","NEUT",1,"monosyllabic","False",TRUE,TRUE
"Fennek","MASC",2,"polysyllabic","False",FALSE,TRUE
"Fenriswolf","MASC",3,"polysyllabic","False",TRUE,TRUE
"Fenster","NEUT",2,"polysyllabic","False",FALSE,TRUE
"Fensterbrett","NEUT",3,"polysyllabic","False",TRUE,TRUE
"Fensterchen","NEUT",3,"polysyllabic","False",FALSE,TRUE
"Fensterglas","NEUT",3,"polysyllabic","True",TRUE,FALSE
"Fensterhaken","MASC",4,"polysyllabic","False",FALSE,TRUE
"Fensterkitt","MASC",3,"polysyllabic","False",TRUE,TRUE
"Fensterladen","MASC",4,"polysyllabic","False",FALSE,TRUE
"Fensterladenhalter","MASC",6,"polysyllabic","False",FALSE,TRUE
"Fensterlein","NEUT",2,"polysyllabic","False",FALSE,TRUE
"Fensterrahmen","MASC",4,"polysyllabic","False",FALSE,TRUE
"Fenstersturz","MASC",3,"polysyllabic","True",TRUE,FALSE
"Fentanyl","NEUT",3,"polysyllabic","False",FALSE,TRUE
"Ferchromid","MASC",3,"polysyllabic","False",FALSE,TRUE
"Ferienhaus","NEUT",1,"monosyllabic","True",TRUE,FALSE
"Ferienhäuschen","NEUT",2,"polysyllabic","False",FALSE,TRUE
"Ferienort","MASC",2,"polysyllabic","False",TRUE,TRUE
"Ferkel","NEUT",2,"polysyllabic","False",FALSE,TRUE
"Ferkelkraut","NEUT",2,"polysyllabic","False",TRUE,TRUE
"Fermion","NEUT",2,"polysyllabic","False",FALSE,TRUE
"Fermium","NEUT",2,"polysyllabic","False",FALSE,TRUE
"Ferner","MASC",2,"polysyllabic","False",FALSE,TRUE
"Ferngespräch","NEUT",3,"polysyllabic","False",TRUE,TRUE
"Fernglas","NEUT",2,"polysyllabic","True",TRUE,FALSE
"Fernrohr","NEUT",2,"polysyllabic","False",TRUE,TRUE
"Fernsehapparat","MASC",5,"polysyllabic","False",TRUE,TRUE
"Fernsehbild","NEUT",3,"polysyllabic","False",FALSE,TRUE
"Fernsehen","NEUT",3,"polysyllabic","False",FALSE,TRUE
"Fernseher","MASC",3,"polysyllabic","False",FALSE,TRUE
"Fernsehgerät","NEUT",4,"polysyllabic","False",TRUE,TRUE
"Fernsehprediger","MASC",5,"polysyllabic","False",FALSE,TRUE
"Fernsehredakteur","MASC",4,"polysyllabic","False",FALSE,TRUE
"Fernsehredaktor","MASC",5,"polysyllabic","False",FALSE,TRUE
"Fernsehschirm","MASC",3,"polysyllabic","False",TRUE,TRUE
"Fernsehsender","MASC",4,"polysyllabic","False",FALSE,TRUE
"Fernsprecher","MASC",3,"polysyllabic","False",FALSE,TRUE
"Fernstudium","NEUT",3,"polysyllabic","False",FALSE,TRUE
"Fernunterricht","MASC",4,"polysyllabic","False",TRUE,TRUE
"Fernverkehr","MASC",3,"polysyllabic","False",TRUE,TRUE
"Fernweh","NEUT",2,"polysyllabic","False",TRUE,TRUE
"Fernzug","MASC",2,"polysyllabic","False",TRUE,TRUE
"Ferredoxin","NEUT",4,"polysyllabic","False",FALSE,TRUE
"Ferrit","NEUT",2,"polysyllabic","False",FALSE,TRUE
"Ferritin","NEUT",3,"polysyllabic","False",FALSE,TRUE
"Ferrocen","NEUT",3,"polysyllabic","False",FALSE,TRUE
"Ferromangan","NEUT",4,"polysyllabic","False",FALSE,TRUE
"Ferroniob","NEUT",3,"polysyllabic","False",FALSE,TRUE
"Fertigen","NEUT",3,"polysyllabic","False",FALSE,TRUE
"Fertiggericht","NEUT",4,"polysyllabic","False",FALSE,TRUE
"Fertighaus","NEUT",2,"polysyllabic","True",TRUE,FALSE
"Fertigzustand","MASC",4,"polysyllabic","False",TRUE,TRUE
"Fesselspiel","NEUT",2,"polysyllabic","False",TRUE,TRUE
"Fest","NEUT",1,"monosyllabic","False",TRUE,TRUE
"Festelektrolyt","MASC",5,"polysyllabic","False",TRUE,TRUE
"Festessen","NEUT",3,"polysyllabic","False",FALSE,TRUE
"Festival","NEUT",3,"polysyllabic","False",FALSE,TRUE
"Festkörper","MASC",3,"polysyllabic","False",FALSE,TRUE
"Festland","NEUT",2,"polysyllabic","False",TRUE,TRUE
"Festnetz","NEUT",2,"polysyllabic","True",TRUE,FALSE
"Feston","NEUT",2,"polysyllabic","False",FALSE,TRUE
"Festschmaus","MASC",1,"monosyllabic","True",TRUE,FALSE
"Festspiel","NEUT",1,"monosyllabic","False",TRUE,TRUE
"Feststellungsurteil","NEUT",4,"polysyllabic","False",FALSE,TRUE
"Feststoff","MASC",2,"polysyllabic","False",TRUE,TRUE
"Festzug","MASC",2,"polysyllabic","False",TRUE,TRUE
"Fetisch","MASC",2,"polysyllabic","True",TRUE,TRUE
"Fett","NEUT",1,"monosyllabic","False",TRUE,TRUE
"Fettalkohol","MASC",4,"polysyllabic","False",FALSE,TRUE
"Fettarsch","MASC",2,"polysyllabic","True",TRUE,TRUE
"Fettfisch","MASC",2,"polysyllabic","True",TRUE,TRUE
"Fettgewebe","NEUT",4,"polysyllabic","False",TRUE,FALSE
"Fettmolekül","NEUT",4,"polysyllabic","False",FALSE,TRUE
"Fettnäpfchen","NEUT",3,"polysyllabic","False",FALSE,TRUE
"Fettsack","MASC",2,"polysyllabic","False",TRUE,TRUE
"Fettwanst","MASC",2,"polysyllabic","False",TRUE,FALSE
"Fetzen","MASC",2,"polysyllabic","False",FALSE,TRUE
"Feuchtgebiet","NEUT",1,"monosyllabic","False",TRUE,TRUE
"Feuchtigkeitsverlust","MASC",3,"polysyllabic","False",TRUE,TRUE
"Feudel","MASC",1,"monosyllabic","False",FALSE,TRUE
"Feuer","NEUT",1,"monosyllabic","False",FALSE,TRUE
"Feueralarm","NEUT",3,"polysyllabic","False",FALSE,TRUE
"Feuerball","MASC",2,"polysyllabic","False",TRUE,TRUE
"Feuerchen","NEUT",2,"polysyllabic","False",FALSE,TRUE
"Feuerfisch","MASC",2,"polysyllabic","True",TRUE,FALSE
"Feuerholz","NEUT",2,"polysyllabic","True",TRUE,FALSE
"Feuerkäfer","MASC",3,"polysyllabic","False",FALSE,TRUE
"Feuerland","NEUT",2,"polysyllabic","False",TRUE,TRUE
"Feuerlein","NEUT",1,"monosyllabic","False",FALSE,TRUE
"Feuerlöscher","MASC",3,"polysyllabic","False",FALSE,TRUE
"Feuerlöschmittel","NEUT",4,"polysyllabic","False",FALSE,TRUE
"Feuerofen","MASC",3,"polysyllabic","False",FALSE,TRUE
"Feuerschiff","NEUT",2,"polysyllabic","False",TRUE,TRUE
"Feuerschutz","MASC",2,"polysyllabic","True",TRUE,FALSE
"Feuerstuhl","MASC",2,"polysyllabic","False",TRUE,TRUE
"Feuerteufel","MASC",2,"polysyllabic","False",FALSE,TRUE
"Feuerturm","MASC",2,"polysyllabic","False",TRUE,TRUE
"Feuerwehrmann","MASC",3,"polysyllabic","False",TRUE,TRUE
"Feuerwehrschlauch","MASC",2,"polysyllabic","False",TRUE,TRUE
"Feuerwerk","NEUT",2,"polysyllabic","False",TRUE,TRUE
"Feuerwerksartikel","MASC",5,"polysyllabic","False",FALSE,TRUE
"Feuerwerkskörper","MASC",4,"polysyllabic","False",FALSE,TRUE
"Feuerzeug","NEUT",1,"monosyllabic","False",TRUE,TRUE
"Feuilleton","NEUT",3,"polysyllabic","False",FALSE,TRUE
"Fiasko","NEUT",2,"polysyllabic","False",FALSE,TRUE
"Fichtelit","MASC",3,"polysyllabic","False",FALSE,TRUE
"Fichtenast","MASC",3,"polysyllabic","False",TRUE,TRUE
"Fichtenholz","NEUT",3,"polysyllabic","True",TRUE,FALSE
"Fichtenrüsselkäfer","MASC",6,"polysyllabic","False",FALSE,TRUE
"Fichtenspargel","MASC",4,"polysyllabic","False",FALSE,TRUE
"Fichtenspinner","MASC",4,"polysyllabic","False",FALSE,TRUE
"Fichtenzapfen","MASC",4,"polysyllabic","False",FALSE,TRUE
"Fichtenzweig","MASC",2,"polysyllabic","False",FALSE,TRUE
"Fick","MASC",1,"monosyllabic","False",FALSE,TRUE
"Ficker","MASC",2,"polysyllabic","False",FALSE,TRUE
"Fieber","NEUT",1,"monosyllabic","False",FALSE,TRUE
"Fieberanfall","MASC",3,"polysyllabic","False",FALSE,TRUE
"Fiebermittel","NEUT",3,"polysyllabic","False",FALSE,TRUE
"Fieberthermometer","NEUT",5,"polysyllabic","False",FALSE,TRUE
"Fiederblatt","NEUT",2,"polysyllabic","False",TRUE,TRUE
"Fiederblättchen","NEUT",3,"polysyllabic","False",FALSE,TRUE
"Fiedler","MASC",1,"monosyllabic","False",FALSE,TRUE
"Fiesling","MASC",1,"monosyllabic","False",FALSE,TRUE
"Figürchen","NEUT",3,"polysyllabic","False",FALSE,TRUE
"Filet","NEUT",2,"polysyllabic","False",FALSE,TRUE
"Film","MASC",1,"monosyllabic","False",TRUE,TRUE
"Filmchen","NEUT",2,"polysyllabic","False",FALSE,TRUE
"Filmemacher","MASC",4,"polysyllabic","False",FALSE,TRUE
"Filmmaterial","NEUT",4,"polysyllabic","False",FALSE,TRUE
"Filmriss","MASC",2,"polysyllabic","True",TRUE,FALSE
"Filmstar","MASC",2,"polysyllabic","False",FALSE,TRUE
"Filoteig","MASC",2,"polysyllabic","False",TRUE,TRUE
"Filou","MASC",2,"polysyllabic","False",FALSE,TRUE
"Filterpapier","NEUT",3,"polysyllabic","False",FALSE,TRUE
"Filtrat","NEUT",2,"polysyllabic","False",TRUE,TRUE
"Filz","MASC",1,"monosyllabic","True",TRUE,FALSE
"Filzhut","MASC",2,"polysyllabic","False",TRUE,TRUE
"Fimmel","MASC",2,"polysyllabic","False",FALSE,TRUE
"Final","MASC",2,"polysyllabic","False",FALSE,TRUE
"Finale","NEUT",3,"polysyllabic","False",TRUE,FALSE
"Financier","MASC",2,"polysyllabic","False",FALSE,TRUE
"Finanzamt","NEUT",3,"polysyllabic","False",TRUE,TRUE
"Finanzanleger","MASC",5,"polysyllabic","False",FALSE,TRUE
"Finanzier","MASC",2,"polysyllabic","False",FALSE,TRUE
"Finanzmarkt","MASC",3,"polysyllabic","False",TRUE,TRUE
"Finanzminister","MASC",5,"polysyllabic","False",FALSE,TRUE
"Finanzministerium","NEUT",6,"polysyllabic","False",FALSE,TRUE
"Findelkind","NEUT",3,"polysyllabic","False",TRUE,TRUE
"Finder","MASC",2,"polysyllabic","False",FALSE,TRUE
"Findling","MASC",2,"polysyllabic","False",FALSE,TRUE
"Finger","MASC",2,"polysyllabic","False",FALSE,TRUE
"Fingerabdruck","MASC",4,"polysyllabic","False",TRUE,TRUE
"Fingerchen","NEUT",3,"polysyllabic","False",FALSE,TRUE
"Fingerfood","NEUT",3,"polysyllabic","False",FALSE,TRUE
"Fingerhakeln","NEUT",4,"polysyllabic","False",FALSE,TRUE
"Fingerhandschuh","MASC",4,"polysyllabic","False",FALSE,TRUE
"Fingerhut","MASC",3,"polysyllabic","False",TRUE,TRUE
"Fingerknöchel","MASC",4,"polysyllabic","False",FALSE,TRUE
"Fingerkraut","NEUT",2,"polysyllabic","False",TRUE,TRUE
"Fingerlein","NEUT",2,"polysyllabic","False",FALSE,TRUE
"Fingernagel","MASC",4,"polysyllabic","False",FALSE,TRUE
"Fingersatz","MASC",3,"polysyllabic","True",TRUE,FALSE
"Fingerspitzengefühl","NEUT",6,"polysyllabic","False",TRUE,TRUE
"Fingerzeig","MASC",2,"polysyllabic","False",TRUE,TRUE
"Fink","MASC",1,"monosyllabic","False",FALSE,TRUE
"Finkenvogel","MASC",4,"polysyllabic","False",FALSE,TRUE
"Firmament","NEUT",3,"polysyllabic","False",TRUE,TRUE
"Firmensitz","MASC",3,"polysyllabic","True",TRUE,FALSE
"Firmenstempel","MASC",4,"polysyllabic","False",FALSE,TRUE
"Firn","MASC",1,"monosyllabic","False",TRUE,TRUE
"First","MASC",1,"monosyllabic","False",TRUE,TRUE
"Fisch","MASC",1,"monosyllabic","True",TRUE,TRUE
"Fischadler","MASC",3,"polysyllabic","False",FALSE,TRUE
"Fischbecken","NEUT",3,"polysyllabic","False",FALSE,TRUE
"Fischbestand","MASC",3,"polysyllabic","False",TRUE,TRUE
"Fischen","NEUT",2,"polysyllabic","False",FALSE,TRUE
"Fischer","MASC",2,"polysyllabic","False",FALSE,TRUE
"Fischereiministerium","NEUT",6,"polysyllabic","False",FALSE,TRUE
"Fischermarder","MASC",4,"polysyllabic","False",FALSE,TRUE
"Fischfrikadellenbrötchen","NEUT",7,"polysyllabic","False",FALSE,TRUE
"Fischhaken","MASC",3,"polysyllabic","False",FALSE,TRUE
"Fischhändler","MASC",3,"polysyllabic","False",FALSE,TRUE
"Fischkorb","MASC",2,"polysyllabic","False",TRUE,TRUE
"Fischkutter","MASC",3,"polysyllabic","False",FALSE,TRUE
"Fischlein","NEUT",1,"monosyllabic","False",FALSE,TRUE
"Fischmesser","NEUT",3,"polysyllabic","False",FALSE,TRUE
"Fischnetz","NEUT",2,"polysyllabic","True",TRUE,FALSE
"Fischotter","MASC",3,"polysyllabic","False",FALSE,TRUE
"Fischschwarm","MASC",2,"polysyllabic","False",TRUE,TRUE
"Fischstäbchen","NEUT",3,"polysyllabic","False",FALSE,TRUE
"Fischteich","MASC",1,"monosyllabic","False",TRUE,TRUE
"Fitnesscenter","NEUT",4,"polysyllabic","False",FALSE,TRUE
"Fitnessstudio","NEUT",4,"polysyllabic","False",FALSE,TRUE
"Fitnesstraining","NEUT",4,"polysyllabic","False",FALSE,TRUE
"Fittich","MASC",2,"polysyllabic","False",TRUE,TRUE
"Fittig","MASC",2,"polysyllabic","False",TRUE,TRUE
"Fixer","MASC",2,"polysyllabic","False",FALSE,TRUE
"Fixierbad","NEUT",2,"polysyllabic","False",FALSE,TRUE
"Fixiermittel","NEUT",3,"polysyllabic","False",FALSE,TRUE
"Fixiersalz","NEUT",2,"polysyllabic","True",TRUE,FALSE
"Fixstern","MASC",2,"polysyllabic","False",FALSE,TRUE
"Flachbildfernseher","MASC",5,"polysyllabic","False",FALSE,TRUE
"Flachbildschirm","MASC",3,"polysyllabic","False",TRUE,TRUE
"Flächenfraß","MASC",3,"polysyllabic","True",TRUE,FALSE
"Flächenmaß","NEUT",3,"polysyllabic","True",TRUE,FALSE
"Flachs","MASC",1,"monosyllabic","True",TRUE,FALSE
"Fladen","MASC",2,"polysyllabic","False",FALSE,TRUE
"Fladenbrot","NEUT",3,"polysyllabic","False",TRUE,TRUE
"Flageolett","NEUT",3,"polysyllabic","False",FALSE,TRUE
"Flaggschiff","NEUT",2,"polysyllabic","False",TRUE,TRUE
"Flamencotänzer","MASC",5,"polysyllabic","False",FALSE,TRUE
"Flamingo","MASC",3,"polysyllabic","False",FALSE,TRUE
"Flämmchen","NEUT",2,"polysyllabic","False",FALSE,TRUE
"Flammenwerfer","MASC",4,"polysyllabic","False",FALSE,TRUE
"Flammeri","MASC",3,"polysyllabic","False",FALSE,TRUE
"Flammkuchen","MASC",3,"polysyllabic","False",FALSE,TRUE
"Flammlachs","MASC",2,"polysyllabic","True",TRUE,FALSE
"Flammschutzmittel","NEUT",4,"polysyllabic","False",FALSE,TRUE
"Flanell","MASC",2,"polysyllabic","False",FALSE,TRUE
"Flaneur","MASC",1,"monosyllabic","False",FALSE,TRUE
"Flansch","MASC",1,"monosyllabic","True",TRUE,TRUE
"Fläschchen","NEUT",2,"polysyllabic","False",FALSE,TRUE
"Flaschengeist","MASC",2,"polysyllabic","False",TRUE,TRUE
"Flaschenhals","MASC",3,"polysyllabic","True",TRUE,FALSE
"Flaschenöffner","MASC",4,"polysyllabic","False",FALSE,TRUE
"Flaschenschiff","NEUT",3,"polysyllabic","False",TRUE,TRUE
"Flash-back","MASC",2,"polysyllabic","False",FALSE,TRUE
"Flashback","MASC",2,"polysyllabic","False",FALSE,TRUE
"Flattermann","MASC",3,"polysyllabic","False",TRUE,TRUE
"Flaum","MASC",0,"polysyllabic","False",TRUE,TRUE
"Flechten","NEUT",2,"polysyllabic","False",FALSE,TRUE
"Fleckchen","NEUT",2,"polysyllabic","False",FALSE,TRUE
"Fleckengesicht-Ameisenwürger","MASC",8,"polysyllabic","False",FALSE,TRUE
"Flederhund","MASC",3,"polysyllabic","False",TRUE,TRUE
"Fledertier","NEUT",2,"polysyllabic","False",TRUE,TRUE
"Fleet","NEUT",1,"monosyllabic","False",FALSE,TRUE
"Flegel","MASC",2,"polysyllabic","False",FALSE,TRUE
"Flehen","NEUT",2,"polysyllabic","False",FALSE,TRUE
"Fleisch","NEUT",0,"polysyllabic","True",TRUE,TRUE
"Fleischbällchen","NEUT",2,"polysyllabic","False",FALSE,TRUE
"Fleischer","MASC",1,"monosyllabic","False",FALSE,TRUE
"Fleischersatz","MASC",2,"polysyllabic","True",TRUE,FALSE
"Fleischfresser","MASC",2,"polysyllabic","False",FALSE,TRUE
"Fleischkäse","MASC",2,"polysyllabic","False",TRUE,FALSE
"Fleischlaberl","NEUT",2,"polysyllabic","False",FALSE,TRUE
"Fleischmesser","NEUT",2,"polysyllabic","False",FALSE,TRUE
"Fleischpflanzl","NEUT",1,"monosyllabic","False",FALSE,TRUE
"Fleischsalat","MASC",2,"polysyllabic","False",TRUE,TRUE
"Fleiß","MASC",0,"polysyllabic","True",TRUE,FALSE
"Flenser","MASC",2,"polysyllabic","False",FALSE,TRUE
"Flerovium","NEUT",3,"polysyllabic","False",FALSE,TRUE
"Fletschen","NEUT",2,"polysyllabic","False",FALSE,TRUE
"Flexitarier","MASC",3,"polysyllabic","False",FALSE,TRUE
"Flicken","MASC",2,"polysyllabic","False",FALSE,TRUE
"Flickenteppich","MASC",4,"polysyllabic","False",TRUE,TRUE
"Flickwerk","NEUT",2,"polysyllabic","False",TRUE,TRUE
"Flickzeug","NEUT",1,"monosyllabic","False",TRUE,TRUE
"Flieder","MASC",1,"monosyllabic","False",FALSE,TRUE
"Fliegen","NEUT",1,"monosyllabic","False",FALSE,TRUE
"Fliegenfänger","MASC",3,"polysyllabic","False",FALSE,TRUE
"Fliegengitter","NEUT",3,"polysyllabic","False",FALSE,TRUE
"Fliegenpilz","MASC",2,"polysyllabic","True",TRUE,FALSE
"Fliegenschnäpper","MASC",3,"polysyllabic","False",FALSE,TRUE
"Flieger","MASC",1,"monosyllabic","False",FALSE,TRUE
"Fliegerass","NEUT",2,"polysyllabic","True",TRUE,FALSE
"Fliesenleger","MASC",3,"polysyllabic","False",FALSE,TRUE
"Fliesentisch","MASC",2,"polysyllabic","True",TRUE,TRUE
"Fließband","NEUT",1,"monosyllabic","False",TRUE,TRUE
"Fließgleichgewicht","NEUT",2,"polysyllabic","False",TRUE,TRUE
"Fließlaut","MASC",0,"polysyllabic","False",TRUE,TRUE
"Fließtext","MASC",1,"monosyllabic","False",TRUE,FALSE
"Flimmern","NEUT",2,"polysyllabic","False",FALSE,TRUE
"Flint","MASC",1,"monosyllabic","False",TRUE,TRUE
"Flipper","MASC",2,"polysyllabic","False",FALSE,TRUE
"Flirt","MASC",1,"monosyllabic","False",FALSE,TRUE
"Flittchen","NEUT",2,"polysyllabic","False",FALSE,TRUE
"Flitter","MASC",2,"polysyllabic","False",FALSE,TRUE
"Flitterblättchen","NEUT",4,"polysyllabic","False",FALSE,TRUE
"Flittergold","NEUT",3,"polysyllabic","False",TRUE,TRUE
"Flitzer","MASC",2,"polysyllabic","False",FALSE,TRUE
"Floh","MASC",1,"monosyllabic","False",TRUE,TRUE
"Flöhchen","NEUT",2,"polysyllabic","False",FALSE,TRUE
"Flohmarkt","MASC",2,"polysyllabic","False",TRUE,TRUE
"Flor","MASC",1,"monosyllabic","False",FALSE,TRUE
"Florentiner","MASC",4,"polysyllabic","False",FALSE,TRUE
"Florett","NEUT",2,"polysyllabic","False",FALSE,TRUE
"Floridianer","MASC",4,"polysyllabic","False",FALSE,TRUE
"Flößer","MASC",2,"polysyllabic","False",FALSE,TRUE
"Flötenkonzert","NEUT",4,"polysyllabic","False",TRUE,TRUE
"Flötenspiel","NEUT",2,"polysyllabic","False",TRUE,TRUE
"Flötenspieler","MASC",3,"polysyllabic","False",FALSE,TRUE
"Flottillenadmiral","MASC",6,"polysyllabic","False",FALSE,TRUE
"Fluch","MASC",1,"monosyllabic","False",TRUE,FALSE
"Flüchtigkeitsfehler","MASC",4,"polysyllabic","False",FALSE,TRUE
"Flüchtling","MASC",2,"polysyllabic","False",FALSE,TRUE
"Flüchtlingslager","NEUT",4,"polysyllabic","False",FALSE,TRUE
"Flüchtlingzelt","NEUT",3,"polysyllabic","False",TRUE,TRUE
"Fluchtpunkt","MASC",2,"polysyllabic","False",TRUE,TRUE
"Fluchtweg","MASC",2,"polysyllabic","False",TRUE,TRUE
"Flug","MASC",1,"monosyllabic","False",TRUE,TRUE
"Flugabsagen","NEUT",4,"polysyllabic","False",FALSE,TRUE
"Flugbegleiter","MASC",3,"polysyllabic","False",FALSE,TRUE
"Flugbenzin","NEUT",3,"polysyllabic","False",FALSE,TRUE
"Flugblatt","NEUT",2,"polysyllabic","False",TRUE,TRUE
"Flügel","MASC",2,"polysyllabic","False",FALSE,TRUE
"Flügelchen","NEUT",3,"polysyllabic","False",FALSE,TRUE
"Flügelfenster","NEUT",4,"polysyllabic","False",FALSE,TRUE
"Flügelhorn","NEUT",3,"polysyllabic","False",TRUE,TRUE
"Flügelspiegel","MASC",3,"polysyllabic","False",FALSE,TRUE
"Flughafen","MASC",3,"polysyllabic","False",FALSE,TRUE
"Flughörnchen","NEUT",3,"polysyllabic","False",FALSE,TRUE
"Flughund","MASC",2,"polysyllabic","False",TRUE,TRUE
"Flugkapitän","MASC",4,"polysyllabic","False",FALSE,TRUE
"Flugkörper","MASC",3,"polysyllabic","False",FALSE,TRUE
"Flugkorridor","MASC",4,"polysyllabic","False",FALSE,TRUE
"Flugplatz","MASC",2,"polysyllabic","True",TRUE,FALSE
"Flugsaurier","MASC",1,"monosyllabic","False",FALSE,TRUE
"Flugschreiber","MASC",2,"polysyllabic","False",FALSE,TRUE
"Flugstaub","MASC",1,"monosyllabic","False",TRUE,TRUE
"Flugzeug","NEUT",1,"monosyllabic","False",TRUE,TRUE
"Flugzeugmutterschiff","NEUT",4,"polysyllabic","False",TRUE,TRUE
"Flugzeugträger","MASC",3,"polysyllabic","False",FALSE,TRUE
"Flugzeugtriebwerk","NEUT",2,"polysyllabic","False",FALSE,TRUE
"Fluid","NEUT",1,"monosyllabic","False",FALSE,TRUE
"Fluor","NEUT",1,"monosyllabic","False",FALSE,TRUE
"Fluoracetat","NEUT",4,"polysyllabic","False",FALSE,TRUE
"Fluorapatit","MASC",4,"polysyllabic","False",FALSE,TRUE
"Fluoratom","NEUT",3,"polysyllabic","False",FALSE,TRUE
"Fluorcarbon","NEUT",3,"polysyllabic","False",FALSE,TRUE
"Fluorchlorkohlenwasserstoff","MASC",7,"polysyllabic","False",TRUE,TRUE
"Fluorcitrat","NEUT",3,"polysyllabic","False",FALSE,TRUE
"Fluoreszenzfarbstoff","MASC",5,"polysyllabic","False",TRUE,TRUE
"Fluorgehalt","MASC",3,"polysyllabic","False",FALSE,TRUE
"Fluorid","NEUT",2,"polysyllabic","False",FALSE,TRUE
"Fluorierungsmittel","NEUT",4,"polysyllabic","False",FALSE,TRUE
"Fluorit","MASC",2,"polysyllabic","False",FALSE,TRUE
"Fluoritkristall","MASC",4,"polysyllabic","False",FALSE,TRUE
"Fluorkohlenwasserstoff","MASC",6,"polysyllabic","False",FALSE,TRUE
"Fluorkunststoff","MASC",3,"polysyllabic","False",TRUE,TRUE
"Fluorohydrid","NEUT",4,"polysyllabic","False",FALSE,TRUE
"Fluorradikal","NEUT",4,"polysyllabic","False",FALSE,TRUE
"Fluorsalz","NEUT",2,"polysyllabic","True",TRUE,FALSE
"Flurfunk","MASC",2,"polysyllabic","False",FALSE,TRUE
"Fluss","MASC",1,"monosyllabic","True",TRUE,FALSE
"Fluß","MASC",1,"monosyllabic","True",TRUE,FALSE
"Flussbarsch","MASC",2,"polysyllabic","True",TRUE,TRUE
"Flussbett","NEUT",2,"polysyllabic","False",FALSE,TRUE
"Flüsschen","NEUT",2,"polysyllabic","False",FALSE,TRUE
"Flussgrund","MASC",2,"polysyllabic","False",TRUE,TRUE
"Flüssiggas","NEUT",3,"polysyllabic","True",TRUE,FALSE
"Flüssigkeitsmaß","NEUT",3,"polysyllabic","True",TRUE,FALSE
"Flüssigkristall","MASC",4,"polysyllabic","False",TRUE,TRUE
"Flüssigkristallbildschirm","MASC",6,"polysyllabic","False",TRUE,TRUE
"Flüssigtreibstoff","MASC",3,"polysyllabic","False",TRUE,TRUE
"Flusslauf","MASC",1,"monosyllabic","False",TRUE,FALSE
"Flusspferd","NEUT",2,"polysyllabic","False",TRUE,TRUE
"Flusssediment","NEUT",4,"polysyllabic","False",FALSE,TRUE
"Flussspat","MASC",2,"polysyllabic","False",FALSE,TRUE
"Flussufer","NEUT",3,"polysyllabic","False",FALSE,TRUE
"Flussufer-Ameisenwürger","MASC",7,"polysyllabic","False",FALSE,TRUE
"Flusswasser","NEUT",3,"polysyllabic","False",FALSE,TRUE
"Flüstern","NEUT",2,"polysyllabic","False",FALSE,TRUE
"Flutlicht","NEUT",2,"polysyllabic","False",TRUE,TRUE
"Föhn","MASC",1,"monosyllabic","False",FALSE,TRUE
"Folgemonat","MASC",4,"polysyllabic","False",FALSE,TRUE
"Folger","MASC",2,"polysyllabic","False",FALSE,TRUE
"Foliensatz","MASC",2,"polysyllabic","True",TRUE,FALSE
"Follower","MASC",3,"polysyllabic","False",FALSE,TRUE
"Folterknecht","MASC",3,"polysyllabic","False",TRUE,TRUE
"Fön","MASC",1,"monosyllabic","False",FALSE,TRUE
"Fondue","NEUT",2,"polysyllabic","False",TRUE,FALSE
"Fonem","NEUT",2,"polysyllabic","False",FALSE,TRUE
"Football","MASC",2,"polysyllabic","False",FALSE,TRUE
"Fopper","MASC",2,"polysyllabic","False",FALSE,TRUE
"Förderland","NEUT",3,"polysyllabic","False",TRUE,TRUE
"Forellenteich","MASC",3,"polysyllabic","False",TRUE,TRUE
"Format","NEUT",2,"polysyllabic","False",TRUE,TRUE
"Formiat","NEUT",2,"polysyllabic","False",FALSE,TRUE
"Formular","NEUT",3,"polysyllabic","False",FALSE,TRUE
"Formwandler","MASC",3,"polysyllabic","False",FALSE,TRUE
"Forscher","MASC",2,"polysyllabic","False",FALSE,TRUE
"Forschergeist","MASC",2,"polysyllabic","False",TRUE,FALSE
"Forschungsgegenstand","MASC",5,"polysyllabic","False",TRUE,TRUE
"Forschungslabor","NEUT",4,"polysyllabic","False",FALSE,TRUE
"Forschungsstand","MASC",3,"polysyllabic","False",TRUE,TRUE
"Forschungszentrum","NEUT",4,"polysyllabic","False",FALSE,TRUE
"Förster","MASC",2,"polysyllabic","False",FALSE,TRUE
"Forsterit","MASC",3,"polysyllabic","False",FALSE,TRUE
"Forsthaus","NEUT",1,"monosyllabic","True",TRUE,FALSE
"Forsthäuschen","NEUT",2,"polysyllabic","False",FALSE,TRUE
"Forstwesen","NEUT",3,"polysyllabic","False",FALSE,TRUE
"Fort","NEUT",1,"monosyllabic","False",FALSE,TRUE
"Fortbestand","MASC",3,"polysyllabic","False",TRUE,TRUE
"Fortbewegen","NEUT",4,"polysyllabic","False",FALSE,TRUE
"Fortbilden","NEUT",3,"polysyllabic","False",FALSE,TRUE
"Fortgang","MASC",2,"polysyllabic","False",TRUE,TRUE
"Fortkommen","NEUT",3,"polysyllabic","False",FALSE,TRUE
"Fortschicken","NEUT",3,"polysyllabic","False",FALSE,TRUE
"Fortschritt","MASC",2,"polysyllabic","False",TRUE,TRUE
"Forum","NEUT",2,"polysyllabic","False",FALSE,TRUE
"Foto","MASC",2,"polysyllabic","False",FALSE,TRUE
"Fotoalbum","NEUT",3,"polysyllabic","False",FALSE,TRUE
"Fotoapparat","MASC",4,"polysyllabic","False",TRUE,TRUE
"Fotoempfänger","MASC",4,"polysyllabic","False",FALSE,TRUE
"Fotokopierer","MASC",4,"polysyllabic","False",FALSE,TRUE
"Fotopapier","NEUT",3,"polysyllabic","False",FALSE,TRUE
"Fotovervielfacher","MASC",5,"polysyllabic","False",FALSE,TRUE
"Foul","NEUT",1,"monosyllabic","False",FALSE,TRUE
"Foulspiel","NEUT",1,"monosyllabic","False",TRUE,TRUE
"Fourgon","MASC",2,"polysyllabic","False",FALSE,TRUE
"Fourier","MASC",1,"monosyllabic","False",FALSE,TRUE
"Foyer","NEUT",1,"monosyllabic","False",FALSE,TRUE
"Frachtschiff","NEUT",2,"polysyllabic","False",TRUE,TRUE
"Frack","MASC",1,"monosyllabic","False",FALSE,TRUE
"Fracksausen","NEUT",2,"polysyllabic","False",FALSE,TRUE
"Fragebogen","MASC",4,"polysyllabic","False",FALSE,TRUE
"Fragenkatalog","MASC",5,"polysyllabic","False",TRUE,TRUE
"Fragewort","NEUT",3,"polysyllabic","False",TRUE,TRUE
"Fragezeichen","NEUT",3,"polysyllabic","False",FALSE,TRUE
"Fraktal","NEUT",2,"polysyllabic","False",FALSE,TRUE
"Fraktionschef","MASC",3,"polysyllabic","False",FALSE,TRUE
"Francium","NEUT",2,"polysyllabic","False",FALSE,TRUE
"Franken","MASC",2,"polysyllabic","False",FALSE,TRUE
"Frankenreich","NEUT",2,"polysyllabic","False",FALSE,TRUE
"Frankieren","NEUT",2,"polysyllabic","False",FALSE,TRUE
"Franziskaner","MASC",4,"polysyllabic","False",FALSE,TRUE
"Franziskanerorden","MASC",6,"polysyllabic","False",FALSE,TRUE
"Französisch","NEUT",3,"polysyllabic","True",FALSE,TRUE
"Franzwein","MASC",1,"monosyllabic","False",TRUE,TRUE
"Fräser","MASC",2,"polysyllabic","False",FALSE,TRUE
"Fraß","MASC",1,"monosyllabic","True",TRUE,FALSE
"Frater","MASC",2,"polysyllabic","False",FALSE,TRUE
"Frauchen","NEUT",1,"monosyllabic","False",FALSE,TRUE
"Frauenarzt","MASC",2,"polysyllabic","False",TRUE,FALSE
"Frauenfuß","MASC",2,"polysyllabic","True",TRUE,FALSE
"Frauenhasser","MASC",3,"polysyllabic","False",FALSE,TRUE
"Frauenhaus","NEUT",1,"monosyllabic","True",TRUE,FALSE
"Frauenrechtler","MASC",3,"polysyllabic","False",FALSE,TRUE
"Frauenversteher","MASC",4,"polysyllabic","False",FALSE,TRUE
"Frauenzimmer","NEUT",3,"polysyllabic","False",FALSE,TRUE
"Fräulein","NEUT",0,"polysyllabic","False",FALSE,TRUE
"Freak","MASC",1,"monosyllabic","False",FALSE,TRUE
"Frechdachs","MASC",2,"polysyllabic","True",TRUE,FALSE
"Freeganer","MASC",3,"polysyllabic","False",FALSE,TRUE
"Freibad","NEUT",1,"monosyllabic","False",TRUE,TRUE
"Freibergit","MASC",2,"polysyllabic","False",FALSE,TRUE
"Freiberufler","MASC",3,"polysyllabic","False",FALSE,TRUE
"Freibeuter","MASC",1,"monosyllabic","False",FALSE,TRUE
"Freibrief","MASC",0,"polysyllabic","False",TRUE,FALSE
"Freiburger","MASC",2,"polysyllabic","False",FALSE,TRUE
"Freidenker","MASC",2,"polysyllabic","False",FALSE,TRUE
"Freier","MASC",1,"monosyllabic","False",FALSE,TRUE
"Freigeist","MASC",0,"polysyllabic","False",TRUE,TRUE
"Freihandel","MASC",2,"polysyllabic","False",FALSE,TRUE
"Freiheitskämpfer","MASC",2,"polysyllabic","False",FALSE,TRUE
"Freiland","NEUT",1,"monosyllabic","False",TRUE,TRUE
"Freilichtmuseum","NEUT",2,"polysyllabic","False",FALSE,TRUE
"Freimachen","NEUT",2,"polysyllabic","False",FALSE,TRUE
"Freimaurer","MASC",1,"monosyllabic","False",FALSE,TRUE
"Freimut","MASC",1,"monosyllabic","False",TRUE,TRUE
"Freischärler","MASC",2,"polysyllabic","False",FALSE,TRUE
"Freispruch","MASC",1,"monosyllabic","False",FALSE,TRUE
"Freistaat","MASC",1,"monosyllabic","False",TRUE,TRUE
"Freistoß","MASC",1,"monosyllabic","True",TRUE,FALSE
"Freitag","MASC",1,"monosyllabic","False",TRUE,TRUE
"Freitagabend","MASC",3,"polysyllabic","False",FALSE,TRUE
"Freitagmittag","MASC",3,"polysyllabic","False",FALSE,TRUE
"Freitagnachmittag","MASC",4,"polysyllabic","False",FALSE,TRUE
"Freitagvormittag","MASC",4,"polysyllabic","False",FALSE,TRUE
"Freitod","MASC",1,"monosyllabic","False",TRUE,TRUE
"Freizeitpark","MASC",1,"monosyllabic","False",FALSE,TRUE
"Freizeitzentrum","NEUT",2,"polysyllabic","False",FALSE,TRUE
"Fremdatom","NEUT",3,"polysyllabic","False",FALSE,TRUE
"Fremdbestandteil","MASC",3,"polysyllabic","False",TRUE,TRUE
"Fremdenverkehr","MASC",4,"polysyllabic","False",FALSE,TRUE
"Fremdkapital","NEUT",4,"polysyllabic","False",FALSE,TRUE
"Fremdkörper","MASC",3,"polysyllabic","False",FALSE,TRUE
"Fremdstoff","MASC",2,"polysyllabic","False",FALSE,TRUE
"Fremdwort","NEUT",2,"polysyllabic","False",TRUE,TRUE
"Fremdwörterbuch","NEUT",4,"polysyllabic","False",TRUE,TRUE
"Frequenzbereich","MASC",3,"polysyllabic","False",TRUE,TRUE
"Fresko","NEUT",2,"polysyllabic","False",FALSE,TRUE
"Fresser","MASC",2,"polysyllabic","False",FALSE,TRUE
"Fressfeind","MASC",1,"monosyllabic","False",TRUE,TRUE
"Frettchen","NEUT",2,"polysyllabic","False",FALSE,TRUE
"Freudenhaus","NEUT",1,"monosyllabic","True",TRUE,FALSE
"Freudentaumel","MASC",2,"polysyllabic","False",FALSE,TRUE
"Freund","MASC",0,"polysyllabic","False",TRUE,TRUE
"Freundchen","NEUT",1,"monosyllabic","False",FALSE,TRUE
"Freundeskreis","MASC",1,"monosyllabic","True",TRUE,FALSE
"Freundschaftspreis","MASC",1,"monosyllabic","True",TRUE,FALSE
"Freundschaftsvertrag","MASC",3,"polysyllabic","False",TRUE,TRUE
"Frevel","MASC",2,"polysyllabic","False",FALSE,TRUE
"Frevler","MASC",2,"polysyllabic","False",FALSE,TRUE
"Frieden","MASC",1,"monosyllabic","False",FALSE,TRUE
"Friedensforscher","MASC",3,"polysyllabic","False",FALSE,TRUE
"Friedensgespräch","NEUT",3,"polysyllabic","False",TRUE,TRUE
"Friedensnobelpreis","MASC",3,"polysyllabic","True",TRUE,FALSE
"Friedensprozess","MASC",3,"polysyllabic","True",TRUE,FALSE
"Friedensvertrag","MASC",3,"polysyllabic","False",TRUE,TRUE
"Friedhof","MASC",1,"monosyllabic","False",TRUE,TRUE
"Frikassee","NEUT",3,"polysyllabic","False",TRUE,FALSE
"Frikativ","MASC",3,"polysyllabic","False",FALSE,TRUE
"Frischkäse","MASC",3,"polysyllabic","False",TRUE,FALSE
"Frischling","MASC",2,"polysyllabic","False",FALSE,TRUE
"Friseur","MASC",1,"monosyllabic","False",FALSE,TRUE
"Frisör","MASC",2,"polysyllabic","False",FALSE,TRUE
"Fritzchen","NEUT",2,"polysyllabic","False",FALSE,TRUE
"Fröbelstern","MASC",3,"polysyllabic","False",TRUE,TRUE
"Frohsinn","NEUT",2,"polysyllabic","False",TRUE,TRUE
"Frömmler","MASC",2,"polysyllabic","False",FALSE,TRUE
"Fronleichnam","MASC",2,"polysyllabic","False",FALSE,TRUE
"Frontallappen","MASC",4,"polysyllabic","False",FALSE,TRUE
"Frontantrieb","MASC",2,"polysyllabic","False",TRUE,TRUE
"Frontläufer","MASC",2,"polysyllabic","False",FALSE,TRUE
"Frontsänger","MASC",3,"polysyllabic","False",FALSE,TRUE
"Fronvogt","MASC",2,"polysyllabic","False",TRUE,TRUE
"Frosch","MASC",1,"monosyllabic","True",TRUE,TRUE
"Froschfresser","MASC",3,"polysyllabic","False",FALSE,TRUE
"Froschgoscherl","NEUT",3,"polysyllabic","False",FALSE,TRUE
"Froschmann","MASC",2,"polysyllabic","False",TRUE,TRUE
"Froschteich","MASC",1,"monosyllabic","False",TRUE,TRUE
"Frost","MASC",1,"monosyllabic","False",TRUE,TRUE
"Frostwinter","MASC",3,"polysyllabic","False",FALSE,TRUE
"Früchtchen","NEUT",2,"polysyllabic","False",FALSE,TRUE
"Fruchteis","NEUT",1,"monosyllabic","True",TRUE,FALSE
"Fruchtfleisch","NEUT",1,"monosyllabic","True",TRUE,TRUE
"Fruchtknoten","MASC",3,"polysyllabic","False",FALSE,TRUE
"Fruchtkörper","MASC",3,"polysyllabic","False",FALSE,TRUE
"Fruchtsaft","MASC",2,"polysyllabic","False",TRUE,FALSE
"Fruchtsalat","MASC",3,"polysyllabic","False",TRUE,TRUE
"Fruchtzucker","MASC",3,"polysyllabic","False",FALSE,TRUE
"Frühchen","NEUT",2,"polysyllabic","False",FALSE,TRUE
"Frühjahr","NEUT",2,"polysyllabic","False",FALSE,TRUE
"Frühjahrsputz","MASC",3,"polysyllabic","True",TRUE,FALSE
"Frühling","MASC",2,"polysyllabic","False",FALSE,TRUE
"Frühlingsende","NEUT",4,"polysyllabic","False",TRUE,FALSE
"Frühlingsfest","NEUT",3,"polysyllabic","False",TRUE,TRUE
"Frühlingspunkt","MASC",3,"polysyllabic","False",TRUE,TRUE
"Frühlingstag","MASC",3,"polysyllabic","False",TRUE,TRUE
"Frühlingsvollmond","MASC",4,"polysyllabic","False",TRUE,TRUE
"Frühlingswetter","NEUT",4,"polysyllabic","False",FALSE,TRUE
"Frühmahl","NEUT",2,"polysyllabic","False",FALSE,TRUE
"Frühmittelalter","NEUT",5,"polysyllabic","False",FALSE,TRUE
"Frühnebel","MASC",3,"polysyllabic","False",FALSE,TRUE
"Frührentner","MASC",3,"polysyllabic","False",FALSE,TRUE
"Frühschoppen","MASC",3,"polysyllabic","False",FALSE,TRUE
"Frühsommer","MASC",3,"polysyllabic","False",FALSE,TRUE
"Frühsport","MASC",2,"polysyllabic","False",TRUE,TRUE
"Frühstück","NEUT",2,"polysyllabic","False",TRUE,TRUE
"Frust","MASC",1,"monosyllabic","False",TRUE,FALSE
"Fuchs","MASC",1,"monosyllabic","True",TRUE,FALSE
"Fuchsbau","MASC",1,"monosyllabic","False",TRUE,TRUE
"Füchschen","NEUT",2,"polysyllabic","False",FALSE,TRUE
"Fuchshund","MASC",2,"polysyllabic","False",TRUE,TRUE
"Füchslein","NEUT",1,"monosyllabic","False",FALSE,TRUE
"Fuchsschwanz","MASC",2,"polysyllabic","True",TRUE,FALSE
"Fucking","NEUT",2,"polysyllabic","False",FALSE,TRUE
"Fuder","NEUT",2,"polysyllabic","False",FALSE,TRUE
"Fugenelement","NEUT",5,"polysyllabic","False",TRUE,TRUE
"Fügewort","NEUT",3,"polysyllabic","False",TRUE,TRUE
"Fühlen","NEUT",2,"polysyllabic","False",FALSE,TRUE
"Fühler","MASC",2,"polysyllabic","False",FALSE,TRUE
"Führer","MASC",2,"polysyllabic","False",FALSE,TRUE
"Führerhauptquartier","NEUT",3,"polysyllabic","False",FALSE,TRUE
"Führerschein","MASC",2,"polysyllabic","False",TRUE,TRUE
"Führerstand","MASC",3,"polysyllabic","False",FALSE,TRUE
"Fuhrmann","MASC",2,"polysyllabic","False",TRUE,TRUE
"Fuhrpark","MASC",2,"polysyllabic","False",TRUE,TRUE
"Fuhrwerk","NEUT",2,"polysyllabic","False",TRUE,TRUE
"Füllchen","NEUT",2,"polysyllabic","False",FALSE,TRUE
"Füllen","NEUT",2,"polysyllabic","False",FALSE,TRUE
"Füller","MASC",2,"polysyllabic","False",FALSE,TRUE
"Fulleren","NEUT",3,"polysyllabic","False",FALSE,TRUE
"Füllfederhalter","MASC",5,"polysyllabic","False",FALSE,TRUE
"Füllgas","NEUT",2,"polysyllabic","True",TRUE,FALSE
"Füllmaterial","NEUT",4,"polysyllabic","False",FALSE,TRUE
"Füllsel","NEUT",2,"polysyllabic","False",FALSE,TRUE
"Füllstand","MASC",2,"polysyllabic","False",TRUE,TRUE
"Füllstoff","MASC",2,"polysyllabic","False",TRUE,TRUE
"Fulminat","NEUT",3,"polysyllabic","False",FALSE,TRUE
"Fundament","NEUT",3,"polysyllabic","False",TRUE,TRUE
"Fundamentalsatz","MASC",5,"polysyllabic","True",TRUE,FALSE
"Fundbüro","NEUT",3,"polysyllabic","False",FALSE,TRUE
"Fündchen","NEUT",2,"polysyllabic","False",FALSE,TRUE
"Fundi","MASC",2,"polysyllabic","False",FALSE,TRUE
"Fündlein","NEUT",1,"monosyllabic","False",FALSE,TRUE
"Fundort","MASC",2,"polysyllabic","False",TRUE,TRUE
"Fundstück","NEUT",2,"polysyllabic","False",FALSE,TRUE
"Fünfeck","NEUT",2,"polysyllabic","False",TRUE,TRUE
"Fünfer","MASC",2,"polysyllabic","False",FALSE,TRUE
"Fünfflächner","MASC",3,"polysyllabic","False",FALSE,TRUE
"Fünfheber","MASC",3,"polysyllabic","False",FALSE,TRUE
"Fünfklang","MASC",2,"polysyllabic","False",TRUE,TRUE
"Fünftel","NEUT",2,"polysyllabic","False",FALSE,TRUE
"Fünfzehneck","NEUT",3,"polysyllabic","False",FALSE,TRUE
"Fünfzigeck","NEUT",3,"polysyllabic","False",FALSE,TRUE
"Funk","MASC",1,"monosyllabic","False",FALSE,TRUE
"Fünkchen","NEUT",2,"polysyllabic","False",FALSE,TRUE
"Funker","MASC",2,"polysyllabic","False",FALSE,TRUE
"Funkfeuer","NEUT",2,"polysyllabic","False",FALSE,TRUE
"Funkgerät","NEUT",3,"polysyllabic","False",TRUE,TRUE
"Fünklein","NEUT",1,"monosyllabic","False",FALSE,TRUE
"Funkloch","NEUT",2,"polysyllabic","False",TRUE,TRUE
"Funkspruch","MASC",2,"polysyllabic","False",TRUE,TRUE
"Funktionär","MASC",3,"polysyllabic","False",FALSE,TRUE
"Funktionsabschluss","MASC",4,"polysyllabic","True",TRUE,FALSE
"Funktionsbaustein","MASC",2,"polysyllabic","False",FALSE,TRUE
"Funktionswort","NEUT",3,"polysyllabic","False",TRUE,TRUE
"Furier","MASC",1,"monosyllabic","False",FALSE,TRUE
"Furnier","NEUT",1,"monosyllabic","False",TRUE,TRUE
"Fürsprecher","MASC",3,"polysyllabic","False",FALSE,TRUE
"Fürstentum","NEUT",3,"polysyllabic","False",FALSE,TRUE
"Fürwort","NEUT",2,"polysyllabic","False",TRUE,TRUE
"Furz","MASC",1,"monosyllabic","True",TRUE,FALSE
"Furzer","MASC",2,"polysyllabic","False",FALSE,TRUE
"Fusionsbrennstoff","MASC",4,"polysyllabic","False",TRUE,TRUE
"Fusionsreaktor","MASC",4,"polysyllabic","False",FALSE,TRUE
"Fuß","MASC",1,"monosyllabic","True",TRUE,FALSE
"Fußabdruck","MASC",3,"polysyllabic","False",TRUE,TRUE
"Fußabstreifer","MASC",3,"polysyllabic","False",FALSE,TRUE
"Fußball","MASC",2,"polysyllabic","False",TRUE,TRUE
"Fußballanhänger","MASC",5,"polysyllabic","False",FALSE,TRUE
"Fußballen","MASC",3,"polysyllabic","False",FALSE,TRUE
"Fußballer","MASC",3,"polysyllabic","False",FALSE,TRUE
"Fußballplatz","MASC",3,"polysyllabic","True",TRUE,FALSE
"Fußballspiel","NEUT",2,"polysyllabic","False",TRUE,TRUE
"Fußballspieler","MASC",3,"polysyllabic","False",FALSE,TRUE
"Fußballtrainer","MASC",4,"polysyllabic","False",FALSE,TRUE
"Fußballweltmeisterschaftsqualifikationsspiel","NEUT",10,"polysyllabic","False",FALSE,TRUE
"Fußballwettkampf","MASC",4,"polysyllabic","False",FALSE,TRUE
"Fußballwettkämpfer","MASC",5,"polysyllabic","False",FALSE,TRUE
"Fußboden","MASC",3,"polysyllabic","False",FALSE,TRUE
"Füsschen","NEUT",2,"polysyllabic","False",FALSE,TRUE
"Füßchen","NEUT",2,"polysyllabic","False",FALSE,TRUE
"Fusselbart","MASC",3,"polysyllabic","False",TRUE,TRUE
"Fußfall","MASC",2,"polysyllabic","False",TRUE,TRUE
"Fussgänger","MASC",3,"polysyllabic","False",FALSE,TRUE
"Fußgänger","MASC",3,"polysyllabic","False",FALSE,TRUE
"Fußgeher","MASC",3,"polysyllabic","False",FALSE,TRUE
"Fußknöchel","MASC",3,"polysyllabic","False",FALSE,TRUE
"Fußlappen","MASC",3,"polysyllabic","False",FALSE,TRUE
"Fußnagel","MASC",3,"polysyllabic","False",FALSE,TRUE
"Fußpilz","MASC",2,"polysyllabic","True",TRUE,FALSE
"Fußschemel","MASC",3,"polysyllabic","False",FALSE,TRUE
"Fußstapfen","MASC",3,"polysyllabic","False",FALSE,TRUE
"Fußtritt","MASC",2,"polysyllabic","False",TRUE,TRUE
"Fußvolk","NEUT",2,"polysyllabic","False",TRUE,TRUE
"Futhark","NEUT",2,"polysyllabic","False",FALSE,TRUE
"Futon","MASC",2,"polysyllabic","False",FALSE,TRUE
"Futter","NEUT",2,"polysyllabic","False",FALSE,TRUE
"Futtermittel","NEUT",4,"polysyllabic","False",FALSE,TRUE
"Futterreißer","MASC",3,"polysyllabic","False",FALSE,TRUE
"Futtersack","MASC",3,"polysyllabic","False",TRUE,TRUE
"Futtertrog","MASC",3,"polysyllabic","False",TRUE,TRUE
"Futterzerreißer","MASC",4,"polysyllabic","False",FALSE,TRUE
"Futterzusatzstoff","MASC",5,"polysyllabic","False",TRUE,TRUE
"Futur","NEUT",2,"polysyllabic","False",FALSE,TRUE
"G-Punkt","MASC",1,"monosyllabic","False",FALSE,TRUE
"Gäbelchen","NEUT",3,"polysyllabic","False",FALSE,TRUE
"Gabelstapler","MASC",4,"polysyllabic","False",FALSE,TRUE
"Gackern","NEUT",2,"polysyllabic","False",FALSE,TRUE
"Gaden","MASC",2,"polysyllabic","False",FALSE,TRUE
"Gadolinit","MASC",4,"polysyllabic","False",FALSE,TRUE
"Gadolinium","NEUT",4,"polysyllabic","False",FALSE,TRUE
"Gaffer","MASC",2,"polysyllabic","False",FALSE,TRUE
"Gagel","MASC",2,"polysyllabic","False",FALSE,TRUE
"Gagelstrauch","MASC",2,"polysyllabic","False",TRUE,TRUE
"Galaxienhaufen","MASC",3,"polysyllabic","False",FALSE,TRUE
"Galaxiensuperhaufen","MASC",5,"polysyllabic","False",FALSE,TRUE
"Galbanharz","NEUT",3,"polysyllabic","True",TRUE,FALSE
"Galenit","MASC",3,"polysyllabic","False",FALSE,TRUE
"Galgant","MASC",2,"polysyllabic","False",FALSE,TRUE
"Galgen","MASC",2,"polysyllabic","False",FALSE,TRUE
"Galgenhumor","MASC",4,"polysyllabic","False",FALSE,TRUE
"Galgenvogel","MASC",4,"polysyllabic","False",FALSE,TRUE
"Galicier","MASC",2,"polysyllabic","False",FALSE,TRUE
"Gallan","NEUT",2,"polysyllabic","False",FALSE,TRUE
"Gallat","NEUT",2,"polysyllabic","False",FALSE,TRUE
"Gallenstein","MASC",2,"polysyllabic","False",TRUE,TRUE
"Gallert","NEUT",2,"polysyllabic","False",TRUE,TRUE
"Gallium","NEUT",2,"polysyllabic","False",FALSE,TRUE
"Galliumarsenidphosphid","NEUT",7,"polysyllabic","False",FALSE,TRUE
"Galmei","MASC",1,"monosyllabic","False",FALSE,TRUE
"Galopp","MASC",2,"polysyllabic","False",FALSE,TRUE
"Gamma","NEUT",2,"polysyllabic","False",FALSE,TRUE
"Gammastrahl","MASC",3,"polysyllabic","False",FALSE,TRUE
"Gammelfleisch","NEUT",2,"polysyllabic","True",TRUE,TRUE
"Ganeff","MASC",2,"polysyllabic","False",FALSE,TRUE
"Gänger","MASC",2,"polysyllabic","False",FALSE,TRUE
"Gangster","MASC",2,"polysyllabic","False",FALSE,TRUE
"Gänschen","NEUT",2,"polysyllabic","False",FALSE,TRUE
"Gänseblümchen","NEUT",4,"polysyllabic","False",FALSE,TRUE
"Gänsebraten","MASC",4,"polysyllabic","False",FALSE,TRUE
"Gänsefuß","MASC",3,"polysyllabic","True",TRUE,FALSE
"Gänsefüßchen","NEUT",4,"polysyllabic","False",FALSE,TRUE
"Gänseküken","NEUT",4,"polysyllabic","False",FALSE,TRUE
"Gänserich","MASC",3,"polysyllabic","False",FALSE,TRUE
"Gänsesäger","MASC",4,"polysyllabic","False",FALSE,TRUE
"Gansfleisch","NEUT",1,"monosyllabic","True",TRUE,TRUE
"Gänslein","NEUT",1,"monosyllabic","False",FALSE,TRUE
"Ganter","MASC",2,"polysyllabic","False",FALSE,TRUE
"Garagentor","NEUT",4,"polysyllabic","False",TRUE,TRUE
"Garagenverkauf","MASC",4,"polysyllabic","False",TRUE,TRUE
"Garbage Collector","MASC",6,"polysyllabic","False",FALSE,TRUE
"Gärling","MASC",2,"polysyllabic","False",FALSE,TRUE
"Garn","NEUT",1,"monosyllabic","False",TRUE,TRUE
"Garten","MASC",2,"polysyllabic","False",FALSE,TRUE
"Gartenhaus","NEUT",2,"polysyllabic","True",TRUE,FALSE
"Gartenhäuschen","NEUT",3,"polysyllabic","False",FALSE,TRUE
"Gartenrotschwanz","MASC",4,"polysyllabic","True",TRUE,FALSE
"Gartentisch","MASC",3,"polysyllabic","True",TRUE,TRUE
"Gärtner","MASC",2,"polysyllabic","False",FALSE,TRUE
"Gas","NEUT",1,"monosyllabic","True",TRUE,FALSE
"Gasballon","MASC",3,"polysyllabic","False",TRUE,TRUE
"Gasgemisch","NEUT",3,"polysyllabic","True",TRUE,TRUE
"Gasmolekül","NEUT",4,"polysyllabic","False",FALSE,TRUE
"Gaspedal","NEUT",3,"polysyllabic","False",FALSE,TRUE
"Gässchen","NEUT",2,"polysyllabic","False",FALSE,TRUE
"Gast","MASC",1,"monosyllabic","False",TRUE,TRUE
"Gastarbeiter","MASC",3,"polysyllabic","False",FALSE,TRUE
"Gästehaus","NEUT",2,"polysyllabic","True",TRUE,FALSE
"Gästezimmer","NEUT",4,"polysyllabic","False",FALSE,TRUE
"Gastgeber","MASC",3,"polysyllabic","False",FALSE,TRUE
"Gasthaus","NEUT",1,"monosyllabic","True",TRUE,FALSE
"Gasthof","MASC",2,"polysyllabic","False",TRUE,TRUE
"Gaswerk","NEUT",2,"polysyllabic","False",TRUE,TRUE
"Gaszähler","MASC",3,"polysyllabic","False",FALSE,TRUE
"Gateway","NEUT",3,"polysyllabic","False",FALSE,TRUE
"Gatt","NEUT",1,"monosyllabic","False",TRUE,TRUE
"Gatter","NEUT",2,"polysyllabic","False",FALSE,TRUE
"Gattungszahlwort","NEUT",4,"polysyllabic","False",TRUE,TRUE
"Gau","MASC",0,"polysyllabic","False",TRUE,TRUE
"Gauch","MASC",0,"polysyllabic","False",TRUE,TRUE
"Gauchheil","MASC",0,"polysyllabic","False",TRUE,TRUE
"Gaudium","NEUT",1,"monosyllabic","False",FALSE,TRUE
"Gaukler","MASC",1,"monosyllabic","False",FALSE,TRUE
"Gaul","MASC",0,"polysyllabic","False",TRUE,TRUE
"Gauleiter","MASC",1,"monosyllabic","False",FALSE,TRUE
"Gaumen","MASC",1,"monosyllabic","False",FALSE,TRUE
"Gaumenlaut","MASC",1,"monosyllabic","False",TRUE,TRUE
"Gaumensegel","NEUT",3,"polysyllabic","False",FALSE,TRUE
"Gaumensegellaut","MASC",3,"polysyllabic","False",TRUE,TRUE
"Gauner","MASC",1,"monosyllabic","False",FALSE,TRUE
"Geäder","NEUT",2,"polysyllabic","False",FALSE,TRUE
"Geäfter","NEUT",2,"polysyllabic","False",FALSE,TRUE
"Geäse","NEUT",2,"polysyllabic","False",TRUE,FALSE
"Geäst","NEUT",1,"monosyllabic","False",TRUE,TRUE
"Gebäck","NEUT",2,"polysyllabic","False",TRUE,TRUE
"Gebälk","NEUT",2,"polysyllabic","False",TRUE,TRUE
"Gebäu","NEUT",1,"monosyllabic","False",TRUE,TRUE
"Gebäude","NEUT",2,"polysyllabic","False",TRUE,FALSE
"Geber","MASC",2,"polysyllabic","False",FALSE,TRUE
"Gebet","NEUT",2,"polysyllabic","False",TRUE,TRUE
"Gebetsteppich","MASC",4,"polysyllabic","False",FALSE,TRUE
"Gebiet","NEUT",1,"monosyllabic","False",TRUE,TRUE
"Gebieter","MASC",2,"polysyllabic","False",FALSE,TRUE
"Gebilde","NEUT",3,"polysyllabic","False",TRUE,FALSE
"Gebinde","NEUT",3,"polysyllabic","False",TRUE,FALSE
"Gebirge","NEUT",3,"polysyllabic","False",TRUE,FALSE
"Gebirgswels","MASC",3,"polysyllabic","True",TRUE,FALSE
"Gebiss","NEUT",2,"polysyllabic","True",TRUE,FALSE
"Gebläse","NEUT",3,"polysyllabic","False",TRUE,FALSE
"Geblüt","NEUT",2,"polysyllabic","False",TRUE,TRUE
"Gebot","NEUT",2,"polysyllabic","False",TRUE,TRUE
"Gebrammel","NEUT",3,"polysyllabic","False",FALSE,TRUE
"Gebrauch","MASC",1,"monosyllabic","False",TRUE,TRUE
"Gebrauchsgegenstand","MASC",4,"polysyllabic","False",TRUE,TRUE
"Gebrauchtwagen","MASC",3,"polysyllabic","False",FALSE,TRUE
"Gebrauchtwagenhändler","MASC",5,"polysyllabic","False",FALSE,TRUE
"Gebrechen","NEUT",3,"polysyllabic","False",FALSE,TRUE
"Gebresten","NEUT",3,"polysyllabic","False",FALSE,TRUE
"Gebrüll","NEUT",2,"polysyllabic","False",TRUE,TRUE
"Gebrumm","NEUT",2,"polysyllabic","False",TRUE,TRUE
"Gebund","NEUT",2,"polysyllabic","False",TRUE,TRUE
"Geburtsdatum","NEUT",4,"polysyllabic","False",FALSE,TRUE
"Geburtshelfer","MASC",4,"polysyllabic","False",FALSE,TRUE
"Geburtsjahr","NEUT",3,"polysyllabic","False",TRUE,TRUE
"Geburtsort","MASC",3,"polysyllabic","False",TRUE,TRUE
"Geburtstag","MASC",3,"polysyllabic","False",TRUE,TRUE
"Geburtstagsgeschenk","NEUT",5,"polysyllabic","False",TRUE,TRUE
"Geburtstagskind","NEUT",4,"polysyllabic","False",TRUE,TRUE
"Gebüsch","NEUT",2,"polysyllabic","True",TRUE,TRUE
"Geck","MASC",1,"monosyllabic","False",FALSE,TRUE
"Gecko","MASC",2,"polysyllabic","False",FALSE,TRUE
"Gedächtnisprotokoll","NEUT",6,"polysyllabic","False",FALSE,TRUE
"Gedankenblitz","MASC",4,"polysyllabic","True",TRUE,FALSE
"Gedankengut","NEUT",4,"polysyllabic","False",FALSE,TRUE
"Gedankenspiel","NEUT",3,"polysyllabic","False",TRUE,TRUE
"Gedärm","NEUT",2,"polysyllabic","False",TRUE,TRUE
"Gedeck","NEUT",2,"polysyllabic","False",TRUE,TRUE
"Gedenktag","MASC",3,"polysyllabic","False",TRUE,TRUE
"Gedicht","NEUT",2,"polysyllabic","False",TRUE,TRUE
"Gedränge","NEUT",3,"polysyllabic","False",TRUE,FALSE
"Geduldsspiel","NEUT",2,"polysyllabic","False",TRUE,TRUE
"Geek","MASC",1,"monosyllabic","False",FALSE,TRUE
"Gefahrensymbol","NEUT",5,"polysyllabic","False",FALSE,TRUE
"Gefahrgut","NEUT",3,"polysyllabic","False",FALSE,TRUE
"Gefährt","NEUT",2,"polysyllabic","False",TRUE,TRUE
"Gefälle","NEUT",3,"polysyllabic","False",TRUE,FALSE
"Gefallen","MASC",3,"polysyllabic","False",FALSE,TRUE
"Gefangenenlager","NEUT",6,"polysyllabic","False",FALSE,TRUE
"Gefangenenwärter","MASC",6,"polysyllabic","False",FALSE,TRUE
"Gefangensein-Syndrom","NEUT",5,"polysyllabic","False",FALSE,TRUE
"Gefängniswärter","MASC",5,"polysyllabic","False",FALSE,TRUE
"Gefäss","NEUT",2,"polysyllabic","True",TRUE,FALSE
"Gefäß","NEUT",2,"polysyllabic","True",TRUE,FALSE
"Gefecht","NEUT",2,"polysyllabic","False",TRUE,TRUE
"Gefechtsmarsch","MASC",3,"polysyllabic","True",TRUE,TRUE
"Gefieder","NEUT",2,"polysyllabic","False",FALSE,TRUE
"Gefilde","NEUT",3,"polysyllabic","False",TRUE,FALSE
"Geflecht","NEUT",2,"polysyllabic","False",TRUE,TRUE
"Geflügel","NEUT",3,"polysyllabic","False",FALSE,TRUE
"Geflüster","NEUT",3,"polysyllabic","False",FALSE,TRUE
"Gefolge","NEUT",3,"polysyllabic","False",TRUE,FALSE
"Gefolgsmann","MASC",3,"polysyllabic","False",TRUE,TRUE
"Gefrierbeutel","MASC",2,"polysyllabic","False",FALSE,TRUE
"Gefrierbrand","MASC",2,"polysyllabic","False",FALSE,TRUE
"Gefrierpunkt","MASC",2,"polysyllabic","False",TRUE,TRUE
"Gefriertrocknungsvorgang","MASC",5,"polysyllabic","False",TRUE,TRUE
"Gefüge","NEUT",3,"polysyllabic","False",TRUE,FALSE
"Gefühl","NEUT",2,"polysyllabic","False",TRUE,TRUE
"Gefühlszustand","MASC",4,"polysyllabic","False",TRUE,TRUE
"Gegengeschenk","NEUT",4,"polysyllabic","False",TRUE,TRUE
"Gegengift","NEUT",3,"polysyllabic","False",FALSE,TRUE
"Gegenmittel","NEUT",4,"polysyllabic","False",FALSE,TRUE
"Gegenpapst","MASC",3,"polysyllabic","False",TRUE,TRUE
"Gegenpart","MASC",3,"polysyllabic","False",TRUE,TRUE
"Gegenpol","MASC",3,"polysyllabic","False",TRUE,TRUE
"Gegensatz","MASC",3,"polysyllabic","True",TRUE,FALSE
"Gegenschlag","MASC",3,"polysyllabic","False",TRUE,TRUE
"Gegensinn","MASC",3,"polysyllabic","False",TRUE,TRUE
"Gegenspieler","MASC",3,"polysyllabic","False",FALSE,TRUE
"Gegenstand","MASC",3,"polysyllabic","False",TRUE,TRUE
"Gegenstandswort","NEUT",4,"polysyllabic","False",TRUE,TRUE
"Gegenteil","NEUT",2,"polysyllabic","False",TRUE,TRUE
"Gegenüber","NEUT",4,"polysyllabic","False",FALSE,TRUE
"Gegenwort","NEUT",3,"polysyllabic","False",TRUE,TRUE
"Gegenzug","MASC",3,"polysyllabic","False",TRUE,TRUE
"Gegner","MASC",2,"polysyllabic","False",FALSE,TRUE
"Gegröle","NEUT",3,"polysyllabic","False",TRUE,FALSE
"Gehabe","NEUT",3,"polysyllabic","False",TRUE,FALSE
"Gehabstand","MASC",3,"polysyllabic","False",TRUE,TRUE
"Gehalt","MASC",2,"polysyllabic","False",TRUE,TRUE
"Gehaltscheck","MASC",3,"polysyllabic","False",FALSE,TRUE
"Gehaltsverrechner","MASC",5,"polysyllabic","False",FALSE,TRUE
"Gehäuse","NEUT",2,"polysyllabic","False",TRUE,FALSE
"Gehege","NEUT",3,"polysyllabic","False",TRUE,FALSE
"Geheimbund","MASC",2,"polysyllabic","False",TRUE,TRUE
"Geheimcode","MASC",3,"polysyllabic","False",TRUE,FALSE
"Geheimdienst","MASC",1,"monosyllabic","False",TRUE,FALSE
"Geheimrat","MASC",2,"polysyllabic","False",TRUE,TRUE
"Geheimtipp","MASC",2,"polysyllabic","False",FALSE,TRUE
"Geheiß","NEUT",1,"monosyllabic","True",TRUE,FALSE
"Gehen","NEUT",2,"polysyllabic","False",FALSE,TRUE
"Geheul","NEUT",1,"monosyllabic","False",TRUE,TRUE
"Gehirn","NEUT",2,"polysyllabic","False",TRUE,TRUE
"Gehirnchen","NEUT",3,"polysyllabic","False",FALSE,TRUE
"Gehirnlein","NEUT",2,"polysyllabic","False",FALSE,TRUE
"Gehirnstrom","MASC",3,"polysyllabic","False",FALSE,TRUE
"Gehöft","NEUT",2,"polysyllabic","False",TRUE,TRUE
"Gehölz","NEUT",2,"polysyllabic","True",TRUE,FALSE
"Gehör","NEUT",2,"polysyllabic","False",FALSE,TRUE
"Gehörn","NEUT",2,"polysyllabic","False",TRUE,TRUE
"Gehorsam","MASC",3,"polysyllabic","False",FALSE,TRUE
"Gehörsinn","MASC",3,"polysyllabic","False",TRUE,TRUE
"Gehrock","MASC",2,"polysyllabic","False",TRUE,TRUE
"Gehweg","MASC",2,"polysyllabic","False",TRUE,TRUE
"Geier","MASC",1,"monosyllabic","False",FALSE,TRUE
"Geifer","MASC",1,"monosyllabic","False",FALSE,TRUE
"Geigenbauer","MASC",2,"polysyllabic","False",FALSE,TRUE
"Geigenbogen","MASC",3,"polysyllabic","False",FALSE,TRUE
"Geigenspiel","NEUT",1,"monosyllabic","False",TRUE,TRUE
"Geigenspieler","MASC",2,"polysyllabic","False",FALSE,TRUE
"Geiger","MASC",1,"monosyllabic","False",FALSE,TRUE
"Geigerzähler","MASC",3,"polysyllabic","False",FALSE,TRUE
"Geisel","MASC",1,"monosyllabic","False",FALSE,TRUE
"Geiselnehmer","MASC",3,"polysyllabic","False",FALSE,TRUE
"Geiser","MASC",1,"monosyllabic","False",FALSE,TRUE
"Geißblatt","NEUT",1,"monosyllabic","False",TRUE,TRUE
"Geißblattgewächs","NEUT",3,"polysyllabic","True",TRUE,FALSE
"Geißbock","MASC",1,"monosyllabic","False",TRUE,TRUE
"Geißlein","NEUT",0,"polysyllabic","False",FALSE,TRUE
"Geist","MASC",0,"polysyllabic","False",TRUE,FALSE
"Geisterfahrer","MASC",3,"polysyllabic","False",FALSE,TRUE
"Geisterschiff","NEUT",2,"polysyllabic","False",TRUE,TRUE
"Geisterspiel","NEUT",1,"monosyllabic","False",TRUE,TRUE
"Geisteswissenschaftler","MASC",5,"polysyllabic","False",FALSE,TRUE
"Geisteszustand","MASC",3,"polysyllabic","False",TRUE,TRUE
"Geiz","MASC",0,"polysyllabic","True",TRUE,FALSE
"Geizhals","MASC",1,"monosyllabic","True",TRUE,FALSE
"Geizkragen","MASC",2,"polysyllabic","False",FALSE,TRUE
"Gekeife","NEUT",2,"polysyllabic","False",TRUE,FALSE
"Geklapper","NEUT",3,"polysyllabic","False",FALSE,TRUE
"Gekrächze","NEUT",3,"polysyllabic","False",TRUE,FALSE
"Gekreische","NEUT",2,"polysyllabic","False",TRUE,FALSE
"Gekröse","NEUT",3,"polysyllabic","False",TRUE,FALSE
"Gel","NEUT",1,"monosyllabic","False",FALSE,TRUE
"Gelächter","NEUT",3,"polysyllabic","False",FALSE,TRUE
"Gelage","NEUT",3,"polysyllabic","False",TRUE,FALSE
"Gelände","NEUT",3,"polysyllabic","False",TRUE,FALSE
"Geländemarsch","MASC",4,"polysyllabic","True",TRUE,TRUE
"Geländer","NEUT",3,"polysyllabic","False",FALSE,TRUE
"Geländewagen","MASC",5,"polysyllabic","False",FALSE,TRUE
"Gelass","NEUT",2,"polysyllabic","True",TRUE,FALSE
"Geläut","NEUT",1,"monosyllabic","False",TRUE,TRUE
"Gelb","NEUT",1,"monosyllabic","False",FALSE,TRUE
"Gelbaugenpinguin","MASC",4,"polysyllabic","False",FALSE,TRUE
"Gelbbleierz","NEUT",2,"polysyllabic","True",TRUE,FALSE
"Gelbgrün","NEUT",2,"polysyllabic","False",FALSE,TRUE
"Gelbstoff","MASC",2,"polysyllabic","False",TRUE,TRUE
"Geld","NEUT",1,"monosyllabic","False",TRUE,TRUE
"Geldbetrag","MASC",3,"polysyllabic","False",TRUE,TRUE
"Geldbeutel","MASC",2,"polysyllabic","False",FALSE,TRUE
"Geldgeber","MASC",3,"polysyllabic","False",FALSE,TRUE
"Geldmittel","NEUT",3,"polysyllabic","False",FALSE,TRUE
"Geldsack","MASC",2,"polysyllabic","False",FALSE,TRUE
"Geldschein","MASC",1,"monosyllabic","False",TRUE,TRUE
"Geldscheinbündel","NEUT",3,"polysyllabic","False",FALSE,TRUE
"Geldschrank","MASC",2,"polysyllabic","False",TRUE,TRUE
"Geldstück","NEUT",2,"polysyllabic","False",TRUE,TRUE
"Geldumlauf","MASC",2,"polysyllabic","False",TRUE,FALSE
"Geldwäscher","MASC",3,"polysyllabic","False",FALSE,TRUE
"Geldwechsler","MASC",3,"polysyllabic","False",FALSE,TRUE
"Gelege","NEUT",3,"polysyllabic","False",TRUE,FALSE
"Gelegenheitsarbeiter","MASC",5,"polysyllabic","False",FALSE,TRUE
"Geleise","NEUT",2,"polysyllabic","False",TRUE,FALSE
"Geleit","NEUT",1,"monosyllabic","False",TRUE,TRUE
"Geleitschutz","MASC",2,"polysyllabic","True",TRUE,FALSE
"Geleitwort","NEUT",2,"polysyllabic","False",TRUE,TRUE
"Geleitzug","MASC",2,"polysyllabic","False",TRUE,TRUE
"Gelenk","NEUT",2,"polysyllabic","False",TRUE,TRUE
"Gelenkschmerz","MASC",3,"polysyllabic","True",TRUE,FALSE
"Gelichter","NEUT",3,"polysyllabic","False",FALSE,TRUE
"Gelsenkirchener","MASC",5,"polysyllabic","False",FALSE,TRUE
"Gelübde","NEUT",3,"polysyllabic","False",TRUE,FALSE
"Gemach","NEUT",2,"polysyllabic","False",TRUE,TRUE
"Gemächt","NEUT",2,"polysyllabic","False",TRUE,TRUE
"Gemahl","MASC",2,"polysyllabic","False",TRUE,TRUE
"Gemälde","NEUT",3,"polysyllabic","False",TRUE,FALSE
"Gemeindebackhaus","NEUT",3,"polysyllabic","True",TRUE,FALSE
"Gemeindehaus","NEUT",2,"polysyllabic","True",TRUE,FALSE
"Gemeinderat","MASC",3,"polysyllabic","False",TRUE,TRUE
"Gemeingut","NEUT",2,"polysyllabic","False",TRUE,TRUE
"Gemeinplatz","MASC",2,"polysyllabic","True",TRUE,FALSE
"Gemeinschaftsgefühl","NEUT",4,"polysyllabic","False",TRUE,TRUE
"Gemeinschaftsraum","MASC",2,"polysyllabic","False",TRUE,TRUE
"Gemeinwesen","NEUT",3,"polysyllabic","False",FALSE,TRUE
"Gemeinwohl","NEUT",2,"polysyllabic","False",FALSE,TRUE
"Gemenge","NEUT",3,"polysyllabic","False",TRUE,FALSE
"Gemengsel","NEUT",3,"polysyllabic","False",FALSE,TRUE
"Gemetzel","NEUT",3,"polysyllabic","False",FALSE,TRUE
"Gemisch","NEUT",2,"polysyllabic","True",TRUE,TRUE
"Gemurmel","NEUT",3,"polysyllabic","False",FALSE,TRUE
"Gemüse","NEUT",3,"polysyllabic","False",TRUE,FALSE
"Gemüsegarten","MASC",5,"polysyllabic","False",FALSE,TRUE
"Gemüsegeschäft","NEUT",5,"polysyllabic","False",TRUE,TRUE
"Gemüsehändler","MASC",5,"polysyllabic","False",FALSE,TRUE
"Gemüseladen","MASC",5,"polysyllabic","False",FALSE,TRUE
"Gemüselöffel","MASC",5,"polysyllabic","False",FALSE,TRUE
"Gemüsemesser","NEUT",5,"polysyllabic","False",FALSE,TRUE
"Gemüt","NEUT",2,"polysyllabic","False",TRUE,TRUE
"Gemütszustand","MASC",4,"polysyllabic","False",TRUE,TRUE
"Gen","NEUT",1,"monosyllabic","False",FALSE,TRUE
"General","MASC",3,"polysyllabic","False",TRUE,TRUE
"Generaladmiral","MASC",6,"polysyllabic","False",FALSE,TRUE
"Generalbass","MASC",4,"polysyllabic","True",TRUE,FALSE
"Generalgouverneur","MASC",5,"polysyllabic","False",FALSE,TRUE
"Generaloberst","MASC",5,"polysyllabic","False",FALSE,TRUE
"Generalsekretär","MASC",6,"polysyllabic","False",FALSE,TRUE
"Generalstab","MASC",4,"polysyllabic","False",TRUE,TRUE
"Generalstreik","MASC",3,"polysyllabic","False",TRUE,TRUE
"Generationenkonflikt","MASC",7,"polysyllabic","False",TRUE,TRUE
"Generator","MASC",4,"polysyllabic","False",FALSE,TRUE
"Generikum","NEUT",4,"polysyllabic","False",FALSE,TRUE
"Genetiker","MASC",4,"polysyllabic","False",FALSE,TRUE
"Genfer","MASC",2,"polysyllabic","False",FALSE,TRUE
"Genick","NEUT",2,"polysyllabic","False",TRUE,TRUE
"Genickschuss","MASC",3,"polysyllabic","True",TRUE,FALSE
"Genie","NEUT",1,"monosyllabic","False",TRUE,FALSE
"Genießer","MASC",2,"polysyllabic","False",FALSE,TRUE
"Geniestreich","MASC",1,"monosyllabic","False",TRUE,TRUE
"Genist","NEUT",2,"polysyllabic","False",TRUE,TRUE
"Genitiv","MASC",3,"polysyllabic","False",FALSE,TRUE
"Genkinit","MASC",3,"polysyllabic","False",FALSE,TRUE
"Genre","NEUT",2,"polysyllabic","False",TRUE,FALSE
"Gentest","MASC",2,"polysyllabic","False",TRUE,TRUE
"Gentleman","MASC",3,"polysyllabic","False",FALSE,TRUE
"Genuss","MASC",2,"polysyllabic","True",TRUE,FALSE
"Gepäck","NEUT",2,"polysyllabic","False",TRUE,TRUE
"Gepäckträger","MASC",4,"polysyllabic","False",FALSE,TRUE
"Gepard","MASC",2,"polysyllabic","False",FALSE,TRUE
"Geplänkel","NEUT",3,"polysyllabic","False",FALSE,TRUE
"Geplapper","NEUT",3,"polysyllabic","False",FALSE,TRUE
"Geplärre","NEUT",3,"polysyllabic","False",TRUE,FALSE
"Geplauder","NEUT",2,"polysyllabic","False",FALSE,TRUE
"Ger","MASC",1,"monosyllabic","False",TRUE,TRUE
"Geraffel","NEUT",3,"polysyllabic","False",FALSE,TRUE
"Gerangel","NEUT",3,"polysyllabic","False",FALSE,TRUE
"Gerät","NEUT",2,"polysyllabic","False",TRUE,TRUE
"Geräusch","NEUT",1,"monosyllabic","True",TRUE,TRUE
"Geräuschemacher","MASC",4,"polysyllabic","False",FALSE,TRUE
"Gerber","MASC",2,"polysyllabic","False",FALSE,TRUE
"Gerede","NEUT",3,"polysyllabic","False",TRUE,FALSE
"Gericht","NEUT",2,"polysyllabic","False",TRUE,TRUE
"Gerichtshof","MASC",3,"polysyllabic","False",FALSE,TRUE
"Gerichtssaal","MASC",3,"polysyllabic","False",TRUE,TRUE
"Gerichtsurteil","NEUT",3,"polysyllabic","False",FALSE,TRUE
"Gerichtsverfahren","NEUT",5,"polysyllabic","False",FALSE,TRUE
"Gerichtsvollzieher","MASC",4,"polysyllabic","False",FALSE,TRUE
"Gerichtswesen","NEUT",4,"polysyllabic","False",FALSE,TRUE
"Geringverdiener","MASC",4,"polysyllabic","False",FALSE,TRUE
"Gerinnsel","NEUT",3,"polysyllabic","False",FALSE,TRUE
"Gerippe","NEUT",3,"polysyllabic","False",TRUE,FALSE
"German","NEUT",2,"polysyllabic","False",FALSE,TRUE
"Germanat","NEUT",3,"polysyllabic","False",FALSE,TRUE
"Germanentum","NEUT",4,"polysyllabic","False",FALSE,TRUE
"Germanium","NEUT",3,"polysyllabic","False",FALSE,TRUE
"Germaniumerz","NEUT",4,"polysyllabic","True",TRUE,FALSE
"Geröll","NEUT",2,"polysyllabic","False",TRUE,TRUE
"Gersdorffit","MASC",3,"polysyllabic","False",FALSE,TRUE
"Gerstenkorn","NEUT",3,"polysyllabic","False",TRUE,TRUE
"Geruch","MASC",2,"polysyllabic","False",TRUE,TRUE
"Geruchsschwellenwert","MASC",5,"polysyllabic","False",TRUE,TRUE
"Geruchssinn","MASC",3,"polysyllabic","False",TRUE,TRUE
"Geruchsstoff","MASC",3,"polysyllabic","False",FALSE,TRUE
"Gerücht","NEUT",2,"polysyllabic","False",TRUE,TRUE
"Gerümpel","NEUT",3,"polysyllabic","False",FALSE,TRUE
"Gerundium","NEUT",3,"polysyllabic","False",FALSE,TRUE
"Gerundivum","NEUT",4,"polysyllabic","False",FALSE,TRUE
"Gerüst","NEUT",2,"polysyllabic","False",TRUE,TRUE
"Gesamtbild","NEUT",3,"polysyllabic","False",TRUE,TRUE
"Gesamtdeutschland","NEUT",3,"polysyllabic","False",FALSE,TRUE
"Gesamtgebiet","NEUT",3,"polysyllabic","False",TRUE,TRUE
"Gesamtgehalt","NEUT",4,"polysyllabic","False",TRUE,TRUE
"Gesamtjahr","NEUT",3,"polysyllabic","False",FALSE,TRUE
"Gesamtkunstwerk","NEUT",4,"polysyllabic","False",TRUE,TRUE
"Gesamtstickstoffgehalt","MASC",6,"polysyllabic","False",FALSE,TRUE
"Gesamtsystem","NEUT",4,"polysyllabic","False",FALSE,TRUE
"Gesamtverband","MASC",4,"polysyllabic","False",FALSE,TRUE
"Gesamtzusammenhang","MASC",6,"polysyllabic","False",TRUE,TRUE
"Gesang","MASC",2,"polysyllabic","False",TRUE,TRUE
"Gesangbuch","NEUT",3,"polysyllabic","False",TRUE,TRUE
"Gesangslehrer","MASC",4,"polysyllabic","False",FALSE,TRUE
"Gesangsverbot","NEUT",4,"polysyllabic","False",TRUE,TRUE
"Gesangsverein","MASC",3,"polysyllabic","False",TRUE,TRUE
"Gesäss","NEUT",2,"polysyllabic","True",TRUE,FALSE
"Gesäß","NEUT",2,"polysyllabic","True",TRUE,FALSE
"Gesäusel","NEUT",2,"polysyllabic","False",FALSE,TRUE
"Geschäft","NEUT",2,"polysyllabic","False",TRUE,TRUE
"Geschäftsablauf","MASC",3,"polysyllabic","False",FALSE,TRUE
"Geschäftsbereich","MASC",3,"polysyllabic","False",TRUE,TRUE
"Geschäftsführer","MASC",4,"polysyllabic","False",FALSE,TRUE
"Geschäftsjahr","NEUT",3,"polysyllabic","False",TRUE,TRUE
"Geschäftsmann","MASC",3,"polysyllabic","False",TRUE,TRUE
"Geschäftsmodell","NEUT",4,"polysyllabic","False",FALSE,TRUE
"Geschäftssinn","MASC",3,"polysyllabic","False",TRUE,TRUE
"Geschäftsträger","MASC",4,"polysyllabic","False",FALSE,TRUE
"Geschäftsviertel","NEUT",3,"polysyllabic","False",FALSE,TRUE
"Geschäftsvorfall","MASC",4,"polysyllabic","False",TRUE,TRUE
"Geschehen","NEUT",3,"polysyllabic","False",FALSE,TRUE
"Geschenk","NEUT",2,"polysyllabic","False",TRUE,TRUE
"Geschichtenbuch","NEUT",4,"polysyllabic","False",TRUE,TRUE
"Geschichtenerzähler","MASC",6,"polysyllabic","False",FALSE,TRUE
"Geschichtsbuch","NEUT",3,"polysyllabic","False",TRUE,TRUE
"Geschick","NEUT",2,"polysyllabic","False",TRUE,TRUE
"Geschirr","NEUT",2,"polysyllabic","False",TRUE,TRUE
"Geschirrspüler","MASC",4,"polysyllabic","False",FALSE,TRUE
"Geschirrtuch","NEUT",3,"polysyllabic","False",TRUE,TRUE
"Geschlecht","NEUT",2,"polysyllabic","False",TRUE,TRUE
"Geschlechtsorgan","NEUT",4,"polysyllabic","False",TRUE,TRUE
"Geschlechtsverkehr","MASC",4,"polysyllabic","False",TRUE,TRUE
"Geschlechtswort","NEUT",3,"polysyllabic","False",TRUE,TRUE
"Geschmack","MASC",2,"polysyllabic","False",TRUE,TRUE
"Geschmackssinn","MASC",3,"polysyllabic","False",TRUE,TRUE
"Geschmacksstoff","MASC",3,"polysyllabic","False",TRUE,TRUE
"Geschmeide","NEUT",2,"polysyllabic","False",TRUE,FALSE
"Geschmeiß","NEUT",1,"monosyllabic","True",TRUE,FALSE
"Geschnatter","NEUT",3,"polysyllabic","False",FALSE,TRUE
"Geschöpf","NEUT",2,"polysyllabic","False",TRUE,TRUE
"Geschoss","NEUT",2,"polysyllabic","True",TRUE,FALSE
"Geschrei","NEUT",1,"monosyllabic","False",FALSE,TRUE
"Geschreie","NEUT",2,"polysyllabic","False",TRUE,FALSE
"Geschütz","NEUT",2,"polysyllabic","True",TRUE,FALSE
"Geschwader","NEUT",3,"polysyllabic","False",FALSE,TRUE
"Geschwafel","NEUT",3,"polysyllabic","False",FALSE,TRUE
"Geschwätz","NEUT",2,"polysyllabic","True",TRUE,FALSE
"Geschwindigkeitsmesser","MASC",5,"polysyllabic","False",FALSE,TRUE
"Geschwister","NEUT",3,"polysyllabic","False",FALSE,TRUE
"Geschwisterkind","NEUT",4,"polysyllabic","False",TRUE,TRUE
"Geschwuchtel","NEUT",3,"polysyllabic","False",FALSE,TRUE
"Geschwulst","NEUT",2,"polysyllabic","False",TRUE,TRUE
"Geschwür","NEUT",2,"polysyllabic","False",TRUE,TRUE
"Gesellschafter","MASC",4,"polysyllabic","False",FALSE,TRUE
"Gesetz","NEUT",2,"polysyllabic","True",TRUE,FALSE
"Gesetzbuch","NEUT",3,"polysyllabic","False",TRUE,TRUE
"Gesetzentwurf","MASC",4,"polysyllabic","False",TRUE,TRUE
"Gesetzesbrecher","MASC",5,"polysyllabic","False",FALSE,TRUE
"Gesetzeshüter","MASC",5,"polysyllabic","False",FALSE,TRUE
"Gesetzgeber","MASC",4,"polysyllabic","False",FALSE,TRUE
"Gesicht","NEUT",2,"polysyllabic","False",TRUE,TRUE
"Gesichtchen","NEUT",3,"polysyllabic","False",FALSE,TRUE
"Gesichtlein","NEUT",2,"polysyllabic","False",FALSE,TRUE
"Gesichtsausdruck","MASC",3,"polysyllabic","False",TRUE,TRUE
"Gesichtserker","MASC",4,"polysyllabic","False",FALSE,TRUE
"Gesichtskreis","MASC",2,"polysyllabic","True",TRUE,FALSE
"Gesichtspunkt","MASC",3,"polysyllabic","False",TRUE,TRUE
"Gesichtsschleier","MASC",3,"polysyllabic","False",FALSE,TRUE
"Gesims","NEUT",2,"polysyllabic","True",TRUE,FALSE
"Gesinde","NEUT",3,"polysyllabic","False",TRUE,FALSE
"Gesindel","NEUT",3,"polysyllabic","False",FALSE,TRUE
"Gespan","MASC",2,"polysyllabic","False",TRUE,TRUE
"Gespann","MASC",2,"polysyllabic","False",TRUE,TRUE
"Gespenst","NEUT",2,"polysyllabic","False",TRUE,TRUE
"Gespinst","NEUT",2,"polysyllabic","False",TRUE,TRUE
"Gespräch","NEUT",2,"polysyllabic","False",TRUE,TRUE
"Gesprächspartikel","MASC",5,"polysyllabic","False",FALSE,TRUE
"Gesprächspartner","MASC",4,"polysyllabic","False",FALSE,TRUE
"Gesprächsthema","NEUT",4,"polysyllabic","False",FALSE,TRUE
"Gespür","NEUT",2,"polysyllabic","False",FALSE,TRUE
"Gestade","NEUT",3,"polysyllabic","False",TRUE,FALSE
"Gestalten","NEUT",3,"polysyllabic","False",FALSE,TRUE
"Gestalter","MASC",3,"polysyllabic","False",FALSE,TRUE
"Gestaltwandler","MASC",4,"polysyllabic","False",FALSE,TRUE
"Gestank","MASC",2,"polysyllabic","False",TRUE,TRUE
"Gestatten","NEUT",3,"polysyllabic","False",FALSE,TRUE
"Gestatter","MASC",3,"polysyllabic","False",FALSE,TRUE
"Gestein","NEUT",1,"monosyllabic","False",TRUE,TRUE
"Gestell","NEUT",2,"polysyllabic","False",TRUE,TRUE
"Gestirn","NEUT",2,"polysyllabic","False",TRUE,TRUE
"Gestöber","NEUT",3,"polysyllabic","False",FALSE,TRUE
"Gestöhn","NEUT",2,"polysyllabic","False",TRUE,TRUE
"Gestotter","NEUT",3,"polysyllabic","False",FALSE,TRUE
"Gesträuch","NEUT",1,"monosyllabic","False",TRUE,TRUE
"Gestrüpp","NEUT",2,"polysyllabic","False",TRUE,TRUE
"Gestühl","NEUT",2,"polysyllabic","False",TRUE,TRUE
"Gestüt","NEUT",2,"polysyllabic","False",TRUE,TRUE
"Gesuch","NEUT",2,"polysyllabic","False",TRUE,TRUE
"Gesundheitsministerium","NEUT",6,"polysyllabic","False",FALSE,TRUE
"Gesundheitssystem","NEUT",4,"polysyllabic","False",FALSE,TRUE
"Gesundheitswesen","NEUT",4,"polysyllabic","False",FALSE,TRUE
"Gesundheitszustand","MASC",4,"polysyllabic","False",TRUE,TRUE
"Gesundschrumpfen","NEUT",4,"polysyllabic","False",FALSE,TRUE
"Getier","NEUT",1,"monosyllabic","False",TRUE,TRUE
"Getöse","NEUT",3,"polysyllabic","False",TRUE,FALSE
"Getrampel","NEUT",3,"polysyllabic","False",FALSE,TRUE
"Getränk","NEUT",2,"polysyllabic","False",TRUE,TRUE
"Getreide","NEUT",2,"polysyllabic","False",TRUE,FALSE
"Getriebe","NEUT",2,"polysyllabic","False",TRUE,FALSE
"Getter","MASC",2,"polysyllabic","False",FALSE,TRUE
"Gettermetall","NEUT",4,"polysyllabic","False",FALSE,TRUE
"Getto","NEUT",2,"polysyllabic","False",FALSE,TRUE
"Getue","NEUT",2,"polysyllabic","False",TRUE,FALSE
"Getümmel","NEUT",3,"polysyllabic","False",FALSE,TRUE
"Geusenwort","NEUT",2,"polysyllabic","False",TRUE,TRUE
"Gevatter","MASC",3,"polysyllabic","False",FALSE,TRUE
"Geviert","NEUT",1,"monosyllabic","False",TRUE,TRUE
"Gevögel","NEUT",3,"polysyllabic","False",FALSE,TRUE
"Gewächs","NEUT",2,"polysyllabic","True",TRUE,FALSE
"Gewächshaus","NEUT",2,"polysyllabic","True",TRUE,FALSE
"Gewahrsam","MASC",3,"polysyllabic","False",FALSE,TRUE
"Gewaltmonopol","NEUT",5,"polysyllabic","False",FALSE,TRUE
"Gewalttäter","MASC",4,"polysyllabic","False",FALSE,TRUE
"Gewand","NEUT",2,"polysyllabic","False",TRUE,TRUE
"Gewandhaus","NEUT",2,"polysyllabic","True",TRUE,FALSE
"Gewäsch","NEUT",2,"polysyllabic","True",TRUE,TRUE
"Gewässer","NEUT",3,"polysyllabic","False",FALSE,TRUE
"Gewebe","NEUT",3,"polysyllabic","False",TRUE,FALSE
"Gewebestoff","MASC",4,"polysyllabic","False",TRUE,TRUE
"Gewehr","NEUT",2,"polysyllabic","False",TRUE,TRUE
"Gewehrkolben","MASC",4,"polysyllabic","False",FALSE,TRUE
"Gewehrschuss","MASC",3,"polysyllabic","True",TRUE,FALSE
"Geweih","NEUT",1,"monosyllabic","False",TRUE,TRUE
"Gewerbe","NEUT",3,"polysyllabic","False",TRUE,FALSE
"Gewerk","NEUT",2,"polysyllabic","False",TRUE,TRUE
"Gewicht","NEUT",2,"polysyllabic","False",TRUE,TRUE
"Gewichtheben","NEUT",4,"polysyllabic","False",FALSE,TRUE
"Gewichtheber","MASC",4,"polysyllabic","False",FALSE,TRUE
"Gewichtsanteil","MASC",3,"polysyllabic","False",TRUE,TRUE
"Gewichtsprozent","NEUT",4,"polysyllabic","False",TRUE,TRUE
"Gewichtsverlust","MASC",4,"polysyllabic","False",TRUE,TRUE
"Gewimmel","NEUT",3,"polysyllabic","False",FALSE,TRUE
"Gewinde","NEUT",3,"polysyllabic","False",TRUE,FALSE
"Gewindestift","MASC",4,"polysyllabic","False",TRUE,TRUE
"Gewinn","MASC",2,"polysyllabic","False",TRUE,TRUE
"Gewinner","MASC",3,"polysyllabic","False",FALSE,TRUE
"Gewinnler","MASC",3,"polysyllabic","False",FALSE,TRUE
"Gewinnspiel","NEUT",2,"polysyllabic","False",TRUE,TRUE
"Gewirk","NEUT",2,"polysyllabic","False",TRUE,TRUE
"Gewirr","NEUT",2,"polysyllabic","False",TRUE,TRUE
"Gewissen","NEUT",3,"polysyllabic","False",FALSE,TRUE
"Gewissensbiss","MASC",4,"polysyllabic","True",TRUE,FALSE
"Gewitter","NEUT",3,"polysyllabic","False",FALSE,TRUE
"Gewoge","NEUT",3,"polysyllabic","False",TRUE,FALSE
"Gewohnheitsrecht","NEUT",3,"polysyllabic","False",TRUE,TRUE
"Gewohnheitstier","NEUT",2,"polysyllabic","False",TRUE,TRUE
"Gewölbe","NEUT",3,"polysyllabic","False",TRUE,FALSE
"Gewölk","NEUT",2,"polysyllabic","False",TRUE,TRUE
"Gewühl","NEUT",2,"polysyllabic","False",TRUE,TRUE
"Gewürm","NEUT",2,"polysyllabic","False",TRUE,TRUE
"Gewürz","NEUT",2,"polysyllabic","True",TRUE,FALSE
"Gewürzhändler","MASC",4,"polysyllabic","False",FALSE,TRUE
"Gewürzkraut","NEUT",2,"polysyllabic","False",TRUE,TRUE
"Geysir","MASC",2,"polysyllabic","False",TRUE,TRUE
"Gezähe","NEUT",3,"polysyllabic","False",TRUE,FALSE
"Gezelt","NEUT",2,"polysyllabic","False",TRUE,TRUE
"Gezeter","NEUT",3,"polysyllabic","False",FALSE,TRUE
"Gezücht","NEUT",2,"polysyllabic","False",TRUE,TRUE
"Ghanaer","MASC",2,"polysyllabic","False",FALSE,TRUE
"Ghetto","NEUT",2,"polysyllabic","False",FALSE,TRUE
"Ghostwriter","MASC",3,"polysyllabic","False",FALSE,TRUE
"Giebel","MASC",1,"monosyllabic","False",FALSE,TRUE
"GIF","NEUT",1,"monosyllabic","False",FALSE,TRUE
"Giftgas","NEUT",2,"polysyllabic","True",TRUE,FALSE
"Giftmord","MASC",2,"polysyllabic","False",TRUE,TRUE
"Giftschrank","MASC",2,"polysyllabic","False",TRUE,TRUE
"Giftstachel","MASC",3,"polysyllabic","False",FALSE,TRUE
"Giftzahn","MASC",2,"polysyllabic","False",TRUE,TRUE
"Gigapascal","MASC",4,"polysyllabic","False",FALSE,TRUE
"Gigawatt","NEUT",3,"polysyllabic","False",FALSE,TRUE
"Gilbhart","MASC",2,"polysyllabic","False",TRUE,TRUE
"Gimpel","MASC",2,"polysyllabic","False",FALSE,TRUE
"Ginkgo","MASC",2,"polysyllabic","False",FALSE,TRUE
"Ginko","MASC",2,"polysyllabic","False",FALSE,TRUE
"Ginster","MASC",2,"polysyllabic","False",FALSE,TRUE
"Gipfel","MASC",2,"polysyllabic","False",FALSE,TRUE
"Gipfeli","NEUT",3,"polysyllabic","False",FALSE,TRUE
"Gipfeltreffen","NEUT",4,"polysyllabic","False",FALSE,TRUE
"Gips","MASC",1,"monosyllabic","True",TRUE,FALSE
"Gipsverband","MASC",3,"polysyllabic","False",TRUE,FALSE
"Girl","NEUT",1,"monosyllabic","False",FALSE,TRUE
"Girlitz","MASC",2,"polysyllabic","True",TRUE,FALSE
"Girokonto","NEUT",4,"polysyllabic","False",FALSE,TRUE
"Gischt","MASC",1,"monosyllabic","False",TRUE,TRUE
"Gitarrenbauer","MASC",4,"polysyllabic","False",FALSE,TRUE
"Gitarrenklang","MASC",4,"polysyllabic","False",TRUE,TRUE
"Gitarrenkonzert","NEUT",5,"polysyllabic","False",TRUE,TRUE
"Gitarrenspiel","NEUT",3,"polysyllabic","False",TRUE,TRUE
"Gitarrenspieler","MASC",4,"polysyllabic","False",FALSE,TRUE
"Gitarrespielen","NEUT",4,"polysyllabic","False",FALSE,TRUE
"Gitter","NEUT",2,"polysyllabic","False",FALSE,TRUE
"Gitterdefekt","MASC",4,"polysyllabic","False",FALSE,TRUE
"Gladiator","MASC",3,"polysyllabic","False",FALSE,TRUE
"Glanz","MASC",1,"monosyllabic","True",TRUE,FALSE
"Glas","NEUT",1,"monosyllabic","True",TRUE,FALSE
"Glasauge","NEUT",2,"polysyllabic","False",TRUE,FALSE
"Glasblasen","NEUT",3,"polysyllabic","False",FALSE,TRUE
"Glasbläser","MASC",3,"polysyllabic","False",FALSE,TRUE
"Gläschen","NEUT",2,"polysyllabic","False",FALSE,TRUE
"Glasdeckel","MASC",3,"polysyllabic","False",FALSE,TRUE
"Gläserklirren","NEUT",4,"polysyllabic","False",FALSE,TRUE
"Glasgefäß","NEUT",3,"polysyllabic","True",TRUE,FALSE
"Glasgerät","NEUT",3,"polysyllabic","False",TRUE,TRUE
"Glashaus","NEUT",1,"monosyllabic","True",TRUE,FALSE
"Glaskolben","MASC",3,"polysyllabic","False",FALSE,TRUE
"Glaskörper","MASC",3,"polysyllabic","False",FALSE,TRUE
"Gläslein","NEUT",1,"monosyllabic","False",FALSE,TRUE
"Glasmacher","MASC",3,"polysyllabic","False",FALSE,TRUE
"Glasspiegel","MASC",2,"polysyllabic","False",FALSE,TRUE
"Glatteis","NEUT",1,"monosyllabic","True",TRUE,FALSE
"Glätteisen","NEUT",2,"polysyllabic","False",FALSE,TRUE
"Glatzkopf","MASC",2,"polysyllabic","False",TRUE,FALSE
"Glauben","MASC",1,"monosyllabic","False",FALSE,TRUE
"Glaubensartikel","MASC",4,"polysyllabic","False",FALSE,TRUE
"Glaubensbruder","MASC",3,"polysyllabic","False",FALSE,TRUE
"Gläubiger","MASC",2,"polysyllabic","False",FALSE,TRUE
"Glaukophan","MASC",2,"polysyllabic","False",FALSE,TRUE
"Gleichgewicht","NEUT",2,"polysyllabic","False",TRUE,TRUE
"Gleichgewichtszustand","MASC",4,"polysyllabic","False",TRUE,TRUE
"Gleichheitsrecht","NEUT",1,"monosyllabic","False",TRUE,TRUE
"Gleichheitszeichen","NEUT",1,"monosyllabic","False",FALSE,TRUE
"Gleichmaß","MASC",1,"monosyllabic","True",TRUE,TRUE
"Gleichrichter","MASC",2,"polysyllabic","False",FALSE,TRUE
"Gleichstrom","MASC",1,"monosyllabic","False",TRUE,TRUE
"Gleis","NEUT",0,"polysyllabic","True",TRUE,FALSE
"Gleisner","MASC",1,"monosyllabic","False",FALSE,TRUE
"Gleitbeutler","MASC",1,"monosyllabic","False",FALSE,TRUE
"Gleiter","MASC",1,"monosyllabic","False",FALSE,TRUE
"Gleithörnchen","NEUT",2,"polysyllabic","False",FALSE,TRUE
"Gleitkomma","NEUT",2,"polysyllabic","False",FALSE,TRUE
"Gleitlager","NEUT",2,"polysyllabic","False",FALSE,TRUE
"Gleitlaut","MASC",0,"polysyllabic","False",TRUE,TRUE
"Glencheck","MASC",2,"polysyllabic","False",FALSE,TRUE
"Gletscher","MASC",2,"polysyllabic","False",FALSE,TRUE
"Glied","NEUT",0,"polysyllabic","False",TRUE,TRUE
"Gliederfüßer","MASC",3,"polysyllabic","False",FALSE,TRUE
"Gliederreissen","NEUT",2,"polysyllabic","False",FALSE,TRUE
"Gliederreißen","NEUT",2,"polysyllabic","False",FALSE,TRUE
"Gliederschmerz","MASC",2,"polysyllabic","True",TRUE,FALSE
"Gliedstaat","MASC",1,"monosyllabic","False",TRUE,TRUE
"Glimmen","NEUT",2,"polysyllabic","False",FALSE,TRUE
"Glimmer","MASC",2,"polysyllabic","False",FALSE,TRUE
"Glimpf","MASC",1,"monosyllabic","False",TRUE,FALSE
"Gliom","NEUT",1,"monosyllabic","False",FALSE,TRUE
"Globin","NEUT",2,"polysyllabic","False",FALSE,TRUE
"Globulin","NEUT",3,"polysyllabic","False",FALSE,TRUE
"Glöckchen","NEUT",2,"polysyllabic","False",FALSE,TRUE
"Glockengießer","MASC",3,"polysyllabic","False",FALSE,TRUE
"Glockenguss","MASC",3,"polysyllabic","True",TRUE,FALSE
"Glockenspiel","NEUT",2,"polysyllabic","False",FALSE,TRUE
"Glockenturm","MASC",3,"polysyllabic","False",TRUE,TRUE
"Glöckner","MASC",2,"polysyllabic","False",FALSE,TRUE
"Glossar","NEUT",2,"polysyllabic","False",FALSE,TRUE
"Glottal","MASC",2,"polysyllabic","False",FALSE,TRUE
"Glucinium","NEUT",3,"polysyllabic","False",FALSE,TRUE
"Glück","NEUT",1,"monosyllabic","False",TRUE,TRUE
"Glücksbringer","MASC",3,"polysyllabic","False",FALSE,TRUE
"Glucksen","NEUT",2,"polysyllabic","False",FALSE,TRUE
"Glücksgefühl","NEUT",3,"polysyllabic","False",TRUE,TRUE
"Glücksgriff","MASC",2,"polysyllabic","False",TRUE,TRUE
"Glückskeks","MASC",2,"polysyllabic","True",TRUE,FALSE
"Glückskind","NEUT",2,"polysyllabic","False",TRUE,TRUE
"Glückspilz","MASC",2,"polysyllabic","True",TRUE,FALSE
"Glücksrad","NEUT",2,"polysyllabic","False",TRUE,TRUE
"Glücksritter","MASC",3,"polysyllabic","False",FALSE,TRUE
"Glücksspiel","NEUT",1,"monosyllabic","False",TRUE,TRUE
"Glücksspieler","MASC",2,"polysyllabic","False",FALSE,TRUE
"Glückstag","MASC",2,"polysyllabic","False",TRUE,TRUE
"Glückwunsch","MASC",2,"polysyllabic","True",TRUE,TRUE
"Glühen","NEUT",2,"polysyllabic","False",FALSE,TRUE
"Glühfaden","MASC",3,"polysyllabic","False",FALSE,TRUE
"Glühröhrchen","NEUT",3,"polysyllabic","False",FALSE,TRUE
"Glühstrumpf","MASC",2,"polysyllabic","False",TRUE,TRUE
"Glühwein","MASC",1,"monosyllabic","False",TRUE,TRUE
"Glühwurm","MASC",2,"polysyllabic","False",TRUE,TRUE
"Glühwürmchen","NEUT",3,"polysyllabic","False",FALSE,TRUE
"Glutamat","NEUT",3,"polysyllabic","False",FALSE,TRUE
"Glutathion","NEUT",3,"polysyllabic","False",FALSE,TRUE
"Glycerid","NEUT",3,"polysyllabic","False",FALSE,TRUE
"Glycerin","NEUT",3,"polysyllabic","False",FALSE,TRUE
"Glycolipid","NEUT",4,"polysyllabic","False",TRUE,TRUE
"Glycolsäure","NEUT",3,"polysyllabic","False",TRUE,FALSE
"Glykogen","NEUT",3,"polysyllabic","False",FALSE,TRUE
"Glyphosat","NEUT",3,"polysyllabic","False",FALSE,TRUE
"Gnadenschuss","MASC",3,"polysyllabic","True",TRUE,FALSE
"Gnadenstoß","MASC",3,"polysyllabic","True",TRUE,FALSE
"Gneis","MASC",0,"polysyllabic","True",TRUE,FALSE
"Gnom","MASC",1,"monosyllabic","False",FALSE,TRUE
"Gnostiker","MASC",3,"polysyllabic","False",FALSE,TRUE
"Gnu","NEUT",1,"monosyllabic","False",FALSE,TRUE
"Goethit","MASC",2,"polysyllabic","False",FALSE,TRUE
"Göffel","MASC",2,"polysyllabic","False",FALSE,TRUE
"Gold","NEUT",1,"monosyllabic","False",TRUE,TRUE
"Goldbarren","MASC",3,"polysyllabic","False",FALSE,TRUE
"Goldbergbau","MASC",2,"polysyllabic","False",FALSE,TRUE
"Goldbergwerk","NEUT",3,"polysyllabic","False",TRUE,TRUE
"Goldblättchen","NEUT",3,"polysyllabic","False",FALSE,TRUE
"Goldblech","NEUT",2,"polysyllabic","False",FALSE,TRUE
"Golddraht","MASC",2,"polysyllabic","False",FALSE,TRUE
"Goldesel","MASC",3,"polysyllabic","False",FALSE,TRUE
"Goldfaden","MASC",3,"polysyllabic","False",FALSE,TRUE
"Goldfisch","MASC",2,"polysyllabic","True",TRUE,TRUE
"Goldgräber","MASC",3,"polysyllabic","False",FALSE,TRUE
"Goldhähnchen","NEUT",3,"polysyllabic","False",FALSE,TRUE
"Goldhamster","MASC",3,"polysyllabic","False",FALSE,TRUE
"Goldkopflöwenäffchen","NEUT",6,"polysyllabic","False",FALSE,TRUE
"Goldlack","MASC",2,"polysyllabic","False",TRUE,TRUE
"Goldlöffelchen","NEUT",4,"polysyllabic","False",FALSE,TRUE
"Goldrausch","MASC",1,"monosyllabic","True",TRUE,TRUE
"Goldschakal","MASC",3,"polysyllabic","False",TRUE,TRUE
"Goldschmied","MASC",1,"monosyllabic","False",TRUE,TRUE
"Goldschopfpinguin","MASC",4,"polysyllabic","False",FALSE,TRUE
"Goldspecht","MASC",2,"polysyllabic","False",TRUE,TRUE
"Golf","MASC",1,"monosyllabic","False",TRUE,TRUE
"Golfer","MASC",2,"polysyllabic","False",FALSE,TRUE
"Golfklub","MASC",2,"polysyllabic","False",FALSE,TRUE
"Golfkrieg","MASC",1,"monosyllabic","False",TRUE,TRUE
"Golfplatz","MASC",2,"polysyllabic","True",TRUE,FALSE
"Golfschläger","MASC",3,"polysyllabic","False",FALSE,TRUE
"Golfspieler","MASC",2,"polysyllabic","False",FALSE,TRUE
"Golfstrom","MASC",2,"polysyllabic","False",FALSE,TRUE
"Golftang","MASC",2,"polysyllabic","False",TRUE,TRUE
"Gondellied","NEUT",2,"polysyllabic","False",TRUE,TRUE
"Gönnen","NEUT",2,"polysyllabic","False",FALSE,TRUE
"Gönner","MASC",2,"polysyllabic","False",FALSE,TRUE
"Googol","NEUT",2,"polysyllabic","False",FALSE,TRUE
"Gorilla","MASC",3,"polysyllabic","False",FALSE,TRUE
"Goscherl","NEUT",2,"polysyllabic","False",FALSE,TRUE
"Gössel","NEUT",2,"polysyllabic","False",FALSE,TRUE
"Gott","MASC",1,"monosyllabic","False",TRUE,TRUE
"Götterbild","NEUT",3,"polysyllabic","False",TRUE,TRUE
"Götterdienst","MASC",2,"polysyllabic","False",TRUE,TRUE
"Gottesacker","MASC",4,"polysyllabic","False",FALSE,TRUE
"Gottesbeweis","MASC",3,"polysyllabic","True",TRUE,FALSE
"Gottesdienst","MASC",2,"polysyllabic","False",TRUE,TRUE
"Gottesgnadentum","NEUT",5,"polysyllabic","False",FALSE,TRUE
"Gotteshaus","NEUT",2,"polysyllabic","True",TRUE,FALSE
"Gotteslamm","MASC",3,"polysyllabic","False",TRUE,TRUE
"Gottesleugner","MASC",3,"polysyllabic","False",FALSE,TRUE
"Gottesmord","MASC",3,"polysyllabic","False",TRUE,TRUE
"Gottesurteil","NEUT",3,"polysyllabic","False",FALSE,TRUE
"Gotthelf","MASC",2,"polysyllabic","False",FALSE,TRUE
"Gottobjekt","NEUT",3,"polysyllabic","False",TRUE,TRUE
"Götzendiener","MASC",3,"polysyllabic","False",FALSE,TRUE
"Götzendienst","MASC",2,"polysyllabic","False",TRUE,TRUE
"Gouda","MASC",2,"polysyllabic","False",FALSE,TRUE
"Gourmet","MASC",2,"polysyllabic","False",FALSE,TRUE
"Gouverneur","MASC",2,"polysyllabic","False",FALSE,TRUE
"Grab","NEUT",1,"monosyllabic","False",TRUE,TRUE
"Grabbeltisch","MASC",3,"polysyllabic","True",TRUE,TRUE
"Graben","MASC",2,"polysyllabic","False",FALSE,TRUE
"Grabenkampf","MASC",3,"polysyllabic","False",TRUE,TRUE
"Gräber","MASC",2,"polysyllabic","False",FALSE,TRUE
"Grabesritter","MASC",4,"polysyllabic","False",FALSE,TRUE
"Grabhügel","MASC",3,"polysyllabic","False",FALSE,TRUE
"Grablicht","NEUT",2,"polysyllabic","False",TRUE,TRUE
"Grabmal","NEUT",2,"polysyllabic","False",TRUE,TRUE
"Grabstein","MASC",1,"monosyllabic","False",TRUE,TRUE
"Grabtuch","NEUT",2,"polysyllabic","False",TRUE,TRUE
"Grad","MASC",1,"monosyllabic","False",TRUE,TRUE
"Grafem","NEUT",2,"polysyllabic","False",FALSE,TRUE
"Grafit","MASC",2,"polysyllabic","False",TRUE,TRUE
"Grahambrot","NEUT",3,"polysyllabic","False",TRUE,TRUE
"Gral","MASC",1,"monosyllabic","False",TRUE,TRUE
"Gram","MASC",1,"monosyllabic","False",TRUE,TRUE
"Gramm","NEUT",1,"monosyllabic","False",FALSE,TRUE
"Gramm-Molekül","NEUT",4,"polysyllabic","False",FALSE,TRUE
"Grammatiker","MASC",4,"polysyllabic","False",FALSE,TRUE
"Granat","MASC",2,"polysyllabic","False",FALSE,TRUE
"Granatapfel","MASC",4,"polysyllabic","False",FALSE,TRUE
"Granit","MASC",2,"polysyllabic","False",FALSE,TRUE
"Grant","MASC",1,"monosyllabic","False",FALSE,TRUE
"Granulat","NEUT",3,"polysyllabic","False",FALSE,TRUE
"Grapefruitlöffel","MASC",5,"polysyllabic","False",FALSE,TRUE
"Graph","NEUT",1,"monosyllabic","False",FALSE,TRUE
"Graphem","NEUT",2,"polysyllabic","False",FALSE,TRUE
"Graphit","MASC",2,"polysyllabic","False",TRUE,TRUE
"Graphitrohr","NEUT",3,"polysyllabic","False",TRUE,TRUE
"Grappa","MASC",2,"polysyllabic","False",FALSE,TRUE
"Gras","NEUT",1,"monosyllabic","True",TRUE,FALSE
"Grasdach","NEUT",2,"polysyllabic","False",TRUE,TRUE
"Grashüpfer","MASC",3,"polysyllabic","False",FALSE,TRUE
"Grat","MASC",1,"monosyllabic","False",TRUE,TRUE
"Grau","NEUT",0,"polysyllabic","False",FALSE,TRUE
"Graubruststrandläufer","MASC",3,"polysyllabic","False",FALSE,TRUE
"Grauen","NEUT",1,"monosyllabic","False",FALSE,TRUE
"Graumennigvogel","MASC",4,"polysyllabic","False",FALSE,TRUE
"Gräuplein","NEUT",0,"polysyllabic","False",FALSE,TRUE
"Graureiher","MASC",1,"monosyllabic","False",FALSE,TRUE
"Graus","MASC",0,"polysyllabic","True",TRUE,FALSE
"Grauschnäpper","MASC",2,"polysyllabic","False",FALSE,TRUE
"Grausen","NEUT",1,"monosyllabic","False",FALSE,TRUE
"Grauweiß","NEUT",0,"polysyllabic","True",TRUE,FALSE
"Graveur","MASC",1,"monosyllabic","False",FALSE,TRUE
"Gravitationsfeld","NEUT",5,"polysyllabic","False",TRUE,TRUE
"Grazer","MASC",2,"polysyllabic","False",FALSE,TRUE
"Greenockit","MASC",3,"polysyllabic","False",FALSE,TRUE
"Greif","MASC",0,"polysyllabic","False",TRUE,TRUE
"Greifen","NEUT",1,"monosyllabic","False",FALSE,TRUE
"Greifvogel","MASC",2,"polysyllabic","False",FALSE,TRUE
"Greis","MASC",0,"polysyllabic","True",TRUE,FALSE
"Gremium","NEUT",2,"polysyllabic","False",FALSE,TRUE
"Grenzfall","MASC",2,"polysyllabic","False",TRUE,TRUE
"Grenzfluss","MASC",2,"polysyllabic","True",TRUE,FALSE
"Grenzland","NEUT",2,"polysyllabic","False",TRUE,TRUE
"Grenzschutz","MASC",2,"polysyllabic","True",TRUE,FALSE
"Grenzstein","MASC",1,"monosyllabic","False",TRUE,TRUE
"Grenzwert","MASC",2,"polysyllabic","False",TRUE,FALSE
"Gressenicher","MASC",4,"polysyllabic","False",FALSE,TRUE
"Greuel","MASC",1,"monosyllabic","False",FALSE,TRUE
"Greyerzer","MASC",2,"polysyllabic","False",FALSE,TRUE
"Griebenschmalz","NEUT",2,"polysyllabic","True",TRUE,FALSE
"Griesgram","MASC",1,"monosyllabic","False",TRUE,TRUE
"Grieß","MASC",0,"polysyllabic","True",TRUE,FALSE
"Griff","MASC",1,"monosyllabic","False",TRUE,TRUE
"Griffbrett","NEUT",2,"polysyllabic","False",TRUE,TRUE
"Griffel","MASC",2,"polysyllabic","False",FALSE,TRUE
"Grill","MASC",1,"monosyllabic","False",FALSE,TRUE
"Grimm","MASC",1,"monosyllabic","False",TRUE,TRUE
"Grind","MASC",1,"monosyllabic","False",TRUE,FALSE
"Grindwal","MASC",2,"polysyllabic","False",TRUE,TRUE
"Grinsen","NEUT",2,"polysyllabic","False",FALSE,TRUE
"Grippesymptom","NEUT",4,"polysyllabic","False",FALSE,TRUE
"Grisperl","NEUT",2,"polysyllabic","False",FALSE,TRUE
"Grog","MASC",1,"monosyllabic","False",FALSE,TRUE
"Groll","MASC",1,"monosyllabic","False",TRUE,TRUE
"Grönländer","MASC",3,"polysyllabic","False",FALSE,TRUE
"Groove","NEUT",2,"polysyllabic","False",TRUE,FALSE
"Groschen","MASC",2,"polysyllabic","False",FALSE,TRUE
"Großadmiral","MASC",4,"polysyllabic","False",FALSE,TRUE
"Großcousin","MASC",3,"polysyllabic","False",FALSE,TRUE
"Größenwahn","MASC",3,"polysyllabic","False",TRUE,TRUE
"Großhandel","MASC",3,"polysyllabic","False",FALSE,TRUE
"Großhändler","MASC",3,"polysyllabic","False",FALSE,TRUE
"Großherzog","MASC",3,"polysyllabic","False",TRUE,TRUE
"Großherzogtum","NEUT",4,"polysyllabic","False",TRUE,TRUE
"Großmärtyrer","MASC",4,"polysyllabic","False",FALSE,TRUE
"Großmeister","MASC",2,"polysyllabic","False",FALSE,TRUE
"Großonkel","MASC",3,"polysyllabic","False",FALSE,TRUE
"Großpudel","MASC",3,"polysyllabic","False",FALSE,TRUE
"Großraumbüro","NEUT",3,"polysyllabic","False",FALSE,TRUE
"Großrechner","MASC",3,"polysyllabic","False",FALSE,TRUE
"Großstädter","MASC",3,"polysyllabic","False",FALSE,TRUE
"Grossular","MASC",3,"polysyllabic","False",FALSE,TRUE
"Grossvater","MASC",3,"polysyllabic","False",FALSE,TRUE
"Großvater","MASC",3,"polysyllabic","False",FALSE,TRUE
"Großversuch","MASC",3,"polysyllabic","False",FALSE,TRUE
"Großwild","NEUT",2,"polysyllabic","False",TRUE,TRUE
"Grübchen","NEUT",2,"polysyllabic","False",FALSE,TRUE
"Grubenunglück","NEUT",4,"polysyllabic","False",TRUE,TRUE
"Grufti","MASC",2,"polysyllabic","False",FALSE,TRUE
"Grummet","MASC",2,"polysyllabic","False",FALSE,TRUE
"Grund","MASC",1,"monosyllabic","False",TRUE,TRUE
"Grundbegriff","MASC",3,"polysyllabic","False",TRUE,TRUE
"Grundbesitz","MASC",3,"polysyllabic","True",TRUE,FALSE
"Grundbesitzer","MASC",4,"polysyllabic","False",FALSE,TRUE
"Grundbestandteil","MASC",3,"polysyllabic","False",FALSE,TRUE
"Grundbuch","NEUT",2,"polysyllabic","False",TRUE,TRUE
"Grundel","MASC",2,"polysyllabic","False",FALSE,TRUE
"Gründer","MASC",2,"polysyllabic","False",FALSE,TRUE
"Gründervater","MASC",4,"polysyllabic","False",FALSE,TRUE
"Grundgebirge","NEUT",4,"polysyllabic","False",TRUE,FALSE
"Grundgerüst","NEUT",3,"polysyllabic","False",TRUE,TRUE
"Grundgesetz","NEUT",3,"polysyllabic","True",TRUE,FALSE
"Gründling","MASC",2,"polysyllabic","False",FALSE,TRUE
"Grundnahrungsmittel","NEUT",5,"polysyllabic","False",FALSE,TRUE
"Gründonnerstag","MASC",4,"polysyllabic","False",TRUE,TRUE
"Grundrecht","NEUT",2,"polysyllabic","False",TRUE,TRUE
"Grundriss","MASC",2,"polysyllabic","True",TRUE,FALSE
"Grundsatz","MASC",2,"polysyllabic","True",TRUE,FALSE
"Grundstein","MASC",1,"monosyllabic","False",TRUE,TRUE
"Grundstoff","MASC",2,"polysyllabic","False",TRUE,TRUE
"Grundstück","NEUT",2,"polysyllabic","False",TRUE,TRUE
"Grundton","MASC",2,"polysyllabic","False",TRUE,TRUE
"Gründungsprivileg","NEUT",5,"polysyllabic","False",TRUE,TRUE
"Grundwasser","NEUT",3,"polysyllabic","False",FALSE,TRUE
"Grundwort","NEUT",2,"polysyllabic","False",TRUE,TRUE
"Grundzustand","MASC",3,"polysyllabic","False",TRUE,TRUE
"Grünfutter","NEUT",3,"polysyllabic","False",FALSE,TRUE
"Grünkern","MASC",2,"polysyllabic","False",TRUE,TRUE
"Grünkohl","MASC",2,"polysyllabic","False",TRUE,TRUE
"Grünling","MASC",2,"polysyllabic","False",FALSE,TRUE
"Grünschenkel","MASC",3,"polysyllabic","False",FALSE,TRUE
"Grünschnabel","MASC",3,"polysyllabic","False",FALSE,TRUE
"Grünspan","MASC",2,"polysyllabic","False",FALSE,TRUE
"Grünspecht","MASC",2,"polysyllabic","False",TRUE,TRUE
"Grunzen","NEUT",2,"polysyllabic","False",FALSE,TRUE
"Grunzer","MASC",2,"polysyllabic","False",FALSE,TRUE
"Grunzschwein","NEUT",1,"monosyllabic","False",FALSE,TRUE
"Grüppchen","NEUT",2,"polysyllabic","False",FALSE,TRUE
"Gruss","MASC",1,"monosyllabic","True",TRUE,FALSE
"Gruß","MASC",1,"monosyllabic","True",TRUE,FALSE
"Grüßaugust","MASC",2,"polysyllabic","False",FALSE,TRUE
"Grut","NEUT",1,"monosyllabic","False",FALSE,TRUE
"Gsiberger","NEUT",3,"polysyllabic","False",FALSE,TRUE
"Guano","MASC",2,"polysyllabic","False",FALSE,TRUE
"Gugelhupf","MASC",3,"polysyllabic","False",TRUE,TRUE
"Gulag","MASC",2,"polysyllabic","False",FALSE,TRUE
"Gulden","MASC",2,"polysyllabic","False",FALSE,TRUE
"Gültigkeitsbereich","MASC",3,"polysyllabic","False",TRUE,TRUE
"Gummiband","NEUT",3,"polysyllabic","False",TRUE,TRUE
"Gummibärchen","NEUT",4,"polysyllabic","False",FALSE,TRUE
"Gummibaum","MASC",2,"polysyllabic","False",TRUE,TRUE
"Gummireifen","MASC",3,"polysyllabic","False",FALSE,TRUE
"Gummistiefel","MASC",3,"polysyllabic","False",FALSE,TRUE
"Günstling","MASC",2,"polysyllabic","False",FALSE,TRUE
"Gurt","MASC",1,"monosyllabic","False",TRUE,TRUE
"Gürtel","MASC",2,"polysyllabic","False",FALSE,TRUE
"Gürteltier","NEUT",2,"polysyllabic","False",TRUE,TRUE
"Guru","MASC",2,"polysyllabic","False",FALSE,TRUE
"Guss","MASC",1,"monosyllabic","True",TRUE,FALSE
"Gusseisen","NEUT",2,"polysyllabic","False",FALSE,TRUE
"Gussstück","NEUT",2,"polysyllabic","False",TRUE,TRUE
"Gussteil","NEUT",1,"monosyllabic","False",TRUE,TRUE
"Gut","NEUT",1,"monosyllabic","False",TRUE,TRUE
"Gutachter","MASC",3,"polysyllabic","False",FALSE,TRUE
"Gutdünken","NEUT",3,"polysyllabic","False",FALSE,TRUE
"Güterbahnhof","MASC",4,"polysyllabic","False",TRUE,TRUE
"Güterwagen","MASC",4,"polysyllabic","False",FALSE,TRUE
"Gütesiegel","NEUT",3,"polysyllabic","False",FALSE,TRUE
"Guthaben","NEUT",3,"polysyllabic","False",FALSE,TRUE
"Gutschein","MASC",1,"monosyllabic","False",TRUE,TRUE
"Gymnasium","NEUT",3,"polysyllabic","False",FALSE,TRUE
"Gyroskop","NEUT",3,"polysyllabic","False",TRUE,TRUE
"Haar","NEUT",1,"monosyllabic","False",TRUE,TRUE
"Haarausfall","MASC",2,"polysyllabic","False",FALSE,TRUE
"Haarband","NEUT",2,"polysyllabic","False",TRUE,TRUE
"Haarkleid","NEUT",1,"monosyllabic","False",TRUE,TRUE
"Haarknoten","MASC",3,"polysyllabic","False",FALSE,TRUE
"Haarnetz","NEUT",2,"polysyllabic","True",TRUE,FALSE
"Haarrauch","MASC",1,"monosyllabic","False",TRUE,TRUE
"Haarschnitt","MASC",2,"polysyllabic","False",FALSE,TRUE
"Haarshampoo","NEUT",3,"polysyllabic","False",FALSE,TRUE
"Haarspalter","MASC",3,"polysyllabic","False",FALSE,TRUE
"Haarspray","NEUT",2,"polysyllabic","False",FALSE,TRUE
"Haarteil","NEUT",1,"monosyllabic","False",TRUE,TRUE
"Haarverlust","MASC",3,"polysyllabic","False",TRUE,TRUE
"Haarwachstum","NEUT",3,"polysyllabic","False",FALSE,TRUE
"Haarwaschmittel","NEUT",4,"polysyllabic","False",FALSE,TRUE
"Haastadler","MASC",3,"polysyllabic","False",FALSE,TRUE
"Haben","NEUT",2,"polysyllabic","False",FALSE,TRUE
"Habicht","MASC",2,"polysyllabic","False",FALSE,TRUE
"Habitat","NEUT",3,"polysyllabic","False",TRUE,TRUE
"Hack","NEUT",1,"monosyllabic","False",FALSE,TRUE
"Hackbrett","NEUT",2,"polysyllabic","False",TRUE,TRUE
"Hackenporsche","MASC",4,"polysyllabic","False",TRUE,FALSE
"Hackepeter","MASC",4,"polysyllabic","False",FALSE,TRUE
"Hacker","MASC",2,"polysyllabic","False",FALSE,TRUE
"Hackfleisch","NEUT",1,"monosyllabic","True",FALSE,TRUE
"Häcksler","MASC",2,"polysyllabic","False",FALSE,TRUE
"Hader","MASC",2,"polysyllabic","False",FALSE,TRUE
"Hadith","MASC",2,"polysyllabic","False",TRUE,FALSE
"Hadron","NEUT",2,"polysyllabic","False",FALSE,TRUE
"Hafen","MASC",2,"polysyllabic","False",FALSE,TRUE
"Hafenbecken","NEUT",4,"polysyllabic","False",FALSE,TRUE
"Hafenmeister","MASC",3,"polysyllabic","False",FALSE,TRUE
"Hafer","MASC",2,"polysyllabic","False",FALSE,TRUE
"Haferbrei","MASC",2,"polysyllabic","False",TRUE,TRUE
"Hafermehl","NEUT",3,"polysyllabic","False",TRUE,TRUE
"Haff","NEUT",1,"monosyllabic","False",TRUE,TRUE
"Hafnium","NEUT",2,"polysyllabic","False",FALSE,TRUE
"Haftbefehl","MASC",3,"polysyllabic","False",TRUE,TRUE
"Häftling","MASC",2,"polysyllabic","False",TRUE,TRUE
"Haftungsausschluss","MASC",3,"polysyllabic","True",TRUE,FALSE
"Hagedorn","MASC",3,"polysyllabic","False",TRUE,TRUE
"Hagel","MASC",2,"polysyllabic","False",FALSE,TRUE
"Hagelkorn","NEUT",3,"polysyllabic","False",TRUE,TRUE
"Hagelschauer","MASC",3,"polysyllabic","False",FALSE,TRUE
"Hagelwetter","NEUT",4,"polysyllabic","False",FALSE,TRUE
"Häher","MASC",2,"polysyllabic","False",FALSE,TRUE
"Hahn","MASC",1,"monosyllabic","False",TRUE,TRUE
"Hähnchen","NEUT",2,"polysyllabic","False",FALSE,TRUE
"Hahnenfuß","MASC",3,"polysyllabic","True",TRUE,FALSE
"Hahnenkamm","MASC",3,"polysyllabic","False",TRUE,TRUE
"Hahnenkampf","MASC",3,"polysyllabic","False",TRUE,TRUE
"Hahnenschrei","MASC",2,"polysyllabic","False",TRUE,TRUE
"Hahnrei","MASC",1,"monosyllabic","False",FALSE,TRUE
"Hai","MASC",1,"monosyllabic","False",TRUE,TRUE
"Haifisch","MASC",2,"polysyllabic","True",TRUE,TRUE
"Hain","MASC",1,"monosyllabic","False",TRUE,TRUE
"Haitianer","MASC",3,"polysyllabic","False",FALSE,TRUE
"Häkchen","NEUT",2,"polysyllabic","False",FALSE,TRUE
"Haken","MASC",2,"polysyllabic","False",FALSE,TRUE
"Hakenkreuz","NEUT",2,"polysyllabic","True",TRUE,FALSE
"Halbblut","NEUT",2,"polysyllabic","False",TRUE,TRUE
"Halbbruder","MASC",3,"polysyllabic","False",FALSE,TRUE
"Halbdoppellaut","MASC",3,"polysyllabic","False",TRUE,TRUE
"Halbfinale","NEUT",4,"polysyllabic","False",TRUE,FALSE
"Halbfingerhandschuh","MASC",5,"polysyllabic","False",FALSE,TRUE
"Halbgott","MASC",2,"polysyllabic","False",TRUE,TRUE
"Halbieren","NEUT",2,"polysyllabic","False",FALSE,TRUE
"Halbierer","MASC",2,"polysyllabic","False",FALSE,TRUE
"Halbjahr","NEUT",2,"polysyllabic","False",TRUE,TRUE
"Halbkreis","MASC",1,"monosyllabic","True",TRUE,FALSE
"Halbleiter","MASC",2,"polysyllabic","False",FALSE,TRUE
"Halbleiterbauelement","NEUT",5,"polysyllabic","False",FALSE,TRUE
"Halbmetall","NEUT",3,"polysyllabic","False",FALSE,TRUE
"Halbmetallcharakter","MASC",6,"polysyllabic","False",FALSE,TRUE
"Halbmond","MASC",2,"polysyllabic","False",TRUE,TRUE
"Halbsatz","MASC",2,"polysyllabic","True",TRUE,FALSE
"Halbschlaf","MASC",2,"polysyllabic","False",TRUE,TRUE
"Halbstufenpotential","NEUT",6,"polysyllabic","False",FALSE,TRUE
"Halbton","MASC",2,"polysyllabic","False",TRUE,TRUE
"Halbvokal","MASC",3,"polysyllabic","False",FALSE,TRUE
"Halbzeug","NEUT",1,"monosyllabic","False",FALSE,TRUE
"Halid","NEUT",2,"polysyllabic","False",FALSE,TRUE
"Halit","MASC",2,"polysyllabic","False",FALSE,TRUE
"Hall","MASC",1,"monosyllabic","False",TRUE,TRUE
"Halleluja","NEUT",4,"polysyllabic","False",FALSE,TRUE
"Hallenbad","NEUT",3,"polysyllabic","False",TRUE,TRUE
"Hallenhaus","NEUT",2,"polysyllabic","True",TRUE,FALSE
"Hallimasch","MASC",3,"polysyllabic","True",TRUE,TRUE
"Halljahr","NEUT",2,"polysyllabic","False",TRUE,FALSE
"Hallodri","MASC",3,"polysyllabic","False",FALSE,TRUE
"Halloysit","MASC",3,"polysyllabic","False",FALSE,TRUE
"Hallraum","MASC",1,"monosyllabic","False",TRUE,TRUE
"Halluzinogen","NEUT",5,"polysyllabic","False",FALSE,TRUE
"Halm","MASC",1,"monosyllabic","False",TRUE,TRUE
"Hälmchen","NEUT",2,"polysyllabic","False",FALSE,TRUE
"Halogen","NEUT",3,"polysyllabic","False",FALSE,TRUE
"Halogenatom","NEUT",5,"polysyllabic","False",FALSE,TRUE
"Halogenid","NEUT",4,"polysyllabic","False",FALSE,TRUE
"Halogenkohlenwasserstoff","MASC",8,"polysyllabic","False",TRUE,TRUE
"Halogenwasserstoff","NEUT",6,"polysyllabic","False",FALSE,TRUE
"Halon","NEUT",2,"polysyllabic","False",FALSE,TRUE
"Hals","MASC",1,"monosyllabic","True",TRUE,FALSE
"Halsabschneider","MASC",3,"polysyllabic","False",FALSE,TRUE
"Halsband","NEUT",2,"polysyllabic","False",TRUE,TRUE
"Halsbandschnäpper","MASC",4,"polysyllabic","False",FALSE,TRUE
"Hälschen","NEUT",2,"polysyllabic","False",FALSE,TRUE
"Halseisen","NEUT",2,"polysyllabic","False",FALSE,TRUE
"Halsschmerz","MASC",2,"polysyllabic","True",TRUE,FALSE
"Halstuch","NEUT",2,"polysyllabic","False",TRUE,TRUE
"Haltepunkt","MASC",3,"polysyllabic","False",TRUE,TRUE
"Halter","MASC",2,"polysyllabic","False",FALSE,TRUE
"Häm","NEUT",1,"monosyllabic","False",FALSE,TRUE
"Hämatit","MASC",3,"polysyllabic","False",FALSE,TRUE
"Hämatom","NEUT",3,"polysyllabic","False",FALSE,TRUE
"Hamburger","MASC",3,"polysyllabic","False",FALSE,TRUE
"Hamen","MASC",2,"polysyllabic","False",FALSE,TRUE
"Hämerythrin","NEUT",4,"polysyllabic","False",FALSE,TRUE
"Hammel","MASC",2,"polysyllabic","False",FALSE,TRUE
"Hammer","MASC",2,"polysyllabic","False",FALSE,TRUE
"Hämmerchen","NEUT",3,"polysyllabic","False",FALSE,TRUE
"Hammerhai","MASC",3,"polysyllabic","False",TRUE,TRUE
"Hammerwerfen","NEUT",4,"polysyllabic","False",FALSE,TRUE
"Hammerwurf","MASC",3,"polysyllabic","False",TRUE,TRUE
"Hämocyanin","NEUT",4,"polysyllabic","False",FALSE,TRUE
"Hämoglobin","NEUT",4,"polysyllabic","False",FALSE,TRUE
"Hampelmann","MASC",3,"polysyllabic","False",TRUE,TRUE
"Hamster","MASC",2,"polysyllabic","False",FALSE,TRUE
"Hamsterkauf","MASC",2,"polysyllabic","False",TRUE,TRUE
"Handball","MASC",2,"polysyllabic","False",TRUE,TRUE
"Handballspiel","NEUT",2,"polysyllabic","False",TRUE,TRUE
"Handballspieler","MASC",3,"polysyllabic","False",FALSE,TRUE
"Handbuch","NEUT",2,"polysyllabic","False",FALSE,TRUE
"Händchen","NEUT",2,"polysyllabic","False",FALSE,TRUE
"Händedruck","MASC",3,"polysyllabic","False",TRUE,TRUE
"Handel","MASC",2,"polysyllabic","False",FALSE,TRUE
"Handeln","NEUT",2,"polysyllabic","False",FALSE,TRUE
"Handelsblatt","NEUT",3,"polysyllabic","False",TRUE,TRUE
"Handelsdefizit","NEUT",5,"polysyllabic","False",TRUE,TRUE
"Händeschütteln","NEUT",4,"polysyllabic","False",FALSE,TRUE
"Handgelenk","NEUT",3,"polysyllabic","False",TRUE,TRUE
"Handgemenge","NEUT",4,"polysyllabic","False",TRUE,FALSE
"Handgepäck","NEUT",3,"polysyllabic","False",TRUE,TRUE
"Handkuss","MASC",2,"polysyllabic","True",TRUE,FALSE
"Handlanger","MASC",3,"polysyllabic","False",FALSE,TRUE
"Handlauf","MASC",1,"monosyllabic","False",TRUE,TRUE
"Händlein","NEUT",1,"monosyllabic","False",FALSE,TRUE
"Händler","MASC",2,"polysyllabic","False",FALSE,TRUE
"Handlesen","NEUT",3,"polysyllabic","False",FALSE,TRUE
"Handschlag","MASC",2,"polysyllabic","False",TRUE,TRUE
"Handschuh","MASC",2,"polysyllabic","False",TRUE,TRUE
"Handschuhfach","NEUT",3,"polysyllabic","False",FALSE,TRUE
"Handspiel","NEUT",1,"monosyllabic","False",TRUE,TRUE
"Handstand","MASC",2,"polysyllabic","False",TRUE,TRUE
"Handtäschchen","NEUT",3,"polysyllabic","False",FALSE,TRUE
"Handtuch","NEUT",2,"polysyllabic","False",TRUE,TRUE
"Handwerk","NEUT",2,"polysyllabic","False",TRUE,TRUE
"Handwerksberuf","MASC",4,"polysyllabic","False",FALSE,TRUE
"Handwerksbetrieb","MASC",3,"polysyllabic","False",TRUE,TRUE
"Handwerksmeister","MASC",3,"polysyllabic","False",FALSE,TRUE
"Handwörterbuch","NEUT",4,"polysyllabic","False",TRUE,TRUE
"Handy","NEUT",2,"polysyllabic","False",FALSE,TRUE
"Handyspiel","NEUT",2,"polysyllabic","False",TRUE,TRUE
"Hanf","MASC",1,"monosyllabic","False",TRUE,TRUE
"Hänfling","MASC",2,"polysyllabic","False",FALSE,TRUE
"Hang","MASC",1,"monosyllabic","False",TRUE,TRUE
"Hangar","MASC",2,"polysyllabic","False",FALSE,TRUE
"Hängegleiter","MASC",3,"polysyllabic","False",FALSE,TRUE
"Hanswurst","MASC",2,"polysyllabic","False",TRUE,FALSE
"Hapaxlegomenon","NEUT",6,"polysyllabic","False",FALSE,TRUE
"Häppchen","NEUT",2,"polysyllabic","False",FALSE,TRUE
"Happen","MASC",2,"polysyllabic","False",FALSE,TRUE
"Härchen","NEUT",2,"polysyllabic","False",FALSE,TRUE
"Hardwareentwickler","MASC",5,"polysyllabic","False",FALSE,TRUE
"Harem","MASC",2,"polysyllabic","False",FALSE,TRUE
"Häretiker","MASC",4,"polysyllabic","False",FALSE,TRUE
"Harfenspieler","MASC",3,"polysyllabic","False",FALSE,TRUE
"Härling","MASC",2,"polysyllabic","False",FALSE,TRUE
"Harm","MASC",1,"monosyllabic","False",TRUE,TRUE
"Harmonium","NEUT",3,"polysyllabic","False",FALSE,TRUE
"Harn","MASC",1,"monosyllabic","False",TRUE,TRUE
"Harndrang","MASC",2,"polysyllabic","False",TRUE,TRUE
"Harnisch","MASC",2,"polysyllabic","True",TRUE,TRUE
"Harnstein","MASC",1,"monosyllabic","False",TRUE,TRUE
"Harnstoff","MASC",2,"polysyllabic","False",FALSE,TRUE
"Harnverhalt","MASC",3,"polysyllabic","False",TRUE,TRUE
"Härtewert","MASC",3,"polysyllabic","False",TRUE,TRUE
"Hartholz","NEUT",2,"polysyllabic","True",TRUE,FALSE
"Hartkäse","MASC",3,"polysyllabic","False",TRUE,FALSE
"Hartlot","NEUT",2,"polysyllabic","False",FALSE,TRUE
"Hartmetall","NEUT",3,"polysyllabic","False",FALSE,TRUE
"Hartung","MASC",2,"polysyllabic","False",FALSE,TRUE
"Hartweizen","MASC",2,"polysyllabic","False",FALSE,TRUE
"Hartzinn","NEUT",2,"polysyllabic","False",TRUE,TRUE
"Haruspex","MASC",3,"polysyllabic","True",TRUE,FALSE
"Hasardeur","MASC",2,"polysyllabic","False",FALSE,TRUE
"Haschee","NEUT",2,"polysyllabic","False",TRUE,FALSE
"Hasel","MASC",2,"polysyllabic","False",FALSE,TRUE
"Haselhuhn","NEUT",3,"polysyllabic","False",TRUE,TRUE
"Hasenfuß","MASC",3,"polysyllabic","True",TRUE,FALSE
"Hashtag","MASC",2,"polysyllabic","False",FALSE,TRUE
"Häslein","NEUT",1,"monosyllabic","False",FALSE,TRUE
"Hass","MASC",1,"monosyllabic","True",TRUE,FALSE
"Hasser","MASC",2,"polysyllabic","False",FALSE,TRUE
"Hassium","NEUT",2,"polysyllabic","False",FALSE,TRUE
"Hattrick","MASC",2,"polysyllabic","False",FALSE,TRUE
"Häubchen","NEUT",1,"monosyllabic","False",FALSE,TRUE
"Haubenpinguin","MASC",3,"polysyllabic","False",FALSE,TRUE
"Haubentaucher","MASC",2,"polysyllabic","False",FALSE,TRUE
"Hauch","MASC",0,"polysyllabic","False",TRUE,TRUE
"Haudegen","MASC",2,"polysyllabic","False",FALSE,TRUE
"Häufchen","NEUT",1,"monosyllabic","False",FALSE,TRUE
"Haufen","MASC",1,"monosyllabic","False",FALSE,TRUE
"Häufen","NEUT",1,"monosyllabic","False",FALSE,TRUE
"Häuflein","NEUT",0,"polysyllabic","False",FALSE,TRUE
"Haupt","NEUT",0,"polysyllabic","False",TRUE,TRUE
"Hauptanliegen","NEUT",2,"polysyllabic","False",FALSE,TRUE
"Hauptanteil","MASC",1,"monosyllabic","False",FALSE,TRUE
"Hauptanwendungsgebiet","NEUT",4,"polysyllabic","False",FALSE,TRUE
"Hauptbestandteil","MASC",2,"polysyllabic","False",TRUE,TRUE
"Hauptbetonungszeichen","NEUT",4,"polysyllabic","False",FALSE,TRUE
"Hauptbuch","NEUT",1,"monosyllabic","False",TRUE,TRUE
"Hauptdeck","NEUT",1,"monosyllabic","False",FALSE,TRUE
"Haupteingang","MASC",1,"monosyllabic","False",TRUE,TRUE
"Hauptfaktor","MASC",2,"polysyllabic","False",FALSE,TRUE
"Hauptfeld","MASC",1,"monosyllabic","False",TRUE,TRUE
"Hauptgegenstand","MASC",3,"polysyllabic","False",TRUE,TRUE
"Hauptgericht","NEUT",2,"polysyllabic","False",TRUE,TRUE
"Hauptgrund","MASC",1,"monosyllabic","False",TRUE,FALSE
"Hauptgruppenelement","NEUT",5,"polysyllabic","False",TRUE,TRUE
"Haupthaar","NEUT",1,"monosyllabic","False",TRUE,TRUE
"Hauptinhalt","MASC",2,"polysyllabic","False",TRUE,TRUE
"Häuptling","MASC",1,"monosyllabic","False",TRUE,TRUE
"Hauptmann","MASC",1,"monosyllabic","False",TRUE,TRUE
"Hauptpunkt","MASC",1,"monosyllabic","False",TRUE,TRUE
"Hauptquartier","NEUT",1,"monosyllabic","False",FALSE,TRUE
"Hauptredner","MASC",2,"polysyllabic","False",FALSE,TRUE
"Hauptreihenstern","MASC",2,"polysyllabic","False",TRUE,TRUE
"Hauptsatz","MASC",1,"monosyllabic","True",TRUE,FALSE
"Hauptschriftleiter","MASC",2,"polysyllabic","False",FALSE,TRUE
"Hauptsitz","MASC",1,"monosyllabic","True",TRUE,FALSE
"Hauptspiegel","MASC",1,"monosyllabic","False",FALSE,TRUE
"Hauptthema","NEUT",2,"polysyllabic","False",FALSE,TRUE
"Hauptton","MASC",1,"monosyllabic","False",TRUE,TRUE
"Hauptwort","NEUT",1,"monosyllabic","False",TRUE,TRUE
"Hauptzug","MASC",1,"monosyllabic","False",TRUE,TRUE
"Haus","NEUT",0,"polysyllabic","True",TRUE,FALSE
"Häus'l","NEUT",0,"polysyllabic","False",FALSE,TRUE
"Hausaltar","MASC",2,"polysyllabic","False",TRUE,TRUE
"Hausanschluss","MASC",2,"polysyllabic","True",TRUE,FALSE
"Hausanteil","MASC",1,"monosyllabic","False",TRUE,TRUE
"Hausanzug","MASC",2,"polysyllabic","False",TRUE,TRUE
"Hausarrest","MASC",2,"polysyllabic","False",TRUE,TRUE
"Hausarzt","MASC",1,"monosyllabic","False",TRUE,TRUE
"Hausautor","MASC",1,"monosyllabic","False",FALSE,TRUE
"Hausball","MASC",1,"monosyllabic","False",TRUE,TRUE
"Hausbau","MASC",0,"polysyllabic","False",TRUE,TRUE
"Hausbedarf","MASC",2,"polysyllabic","False",TRUE,TRUE
"Hausbesetzer","MASC",3,"polysyllabic","False",FALSE,TRUE
"Häuschen","NEUT",1,"monosyllabic","False",FALSE,TRUE
"Hauseingang","MASC",1,"monosyllabic","False",TRUE,TRUE
"Häusel","NEUT",1,"monosyllabic","False",FALSE,TRUE
"Hausen","MASC",1,"monosyllabic","False",FALSE,TRUE
"Hauser","MASC",1,"monosyllabic","False",FALSE,TRUE
"Hausflur","MASC",1,"monosyllabic","False",TRUE,TRUE
"Hausfreund","MASC",0,"polysyllabic","False",TRUE,TRUE
"Hausfriedensbruch","MASC",2,"polysyllabic","False",TRUE,TRUE
"Hausgast","MASC",1,"monosyllabic","False",TRUE,TRUE
"Haushalt","MASC",1,"monosyllabic","False",TRUE,TRUE
"Haushaltsausschuss","MASC",2,"polysyllabic","True",TRUE,FALSE
"Haushaltsgegenstand","MASC",4,"polysyllabic","False",FALSE,TRUE
"Haushaltsgerät","NEUT",3,"polysyllabic","False",TRUE,TRUE
"Haushaltswarenhändler","MASC",5,"polysyllabic","False",FALSE,TRUE
"Haushund","MASC",1,"monosyllabic","False",TRUE,TRUE
"Hausierer","MASC",1,"monosyllabic","False",FALSE,TRUE
"Hauskaninchen","NEUT",3,"polysyllabic","False",FALSE,TRUE
"Häusl","NEUT",0,"polysyllabic","False",FALSE,TRUE
"Häusle","NEUT",1,"monosyllabic","False",TRUE,FALSE
"Häuslein","NEUT",0,"polysyllabic","False",FALSE,TRUE
"Hausmann","MASC",1,"monosyllabic","False",TRUE,TRUE
"Hausmeister","MASC",1,"monosyllabic","False",FALSE,TRUE
"Hausrotschwanz","MASC",2,"polysyllabic","True",TRUE,FALSE
"Hausschaf","NEUT",1,"monosyllabic","False",TRUE,TRUE
"Hausschuh","MASC",1,"monosyllabic","False",TRUE,TRUE
"Hausschwein","NEUT",0,"polysyllabic","False",FALSE,TRUE
"Haustier","NEUT",0,"polysyllabic","False",TRUE,TRUE
"Haustürschlüssel","MASC",3,"polysyllabic","False",FALSE,TRUE
"Hausverbot","NEUT",2,"polysyllabic","False",TRUE,TRUE
"Hausverstand","MASC",2,"polysyllabic","False",TRUE,TRUE
"Hauswesen","NEUT",2,"polysyllabic","False",FALSE,TRUE
"Hauswirt","MASC",1,"monosyllabic","False",TRUE,TRUE
"Hautarzt","MASC",1,"monosyllabic","False",TRUE,FALSE
"Hautausschlag","MASC",1,"monosyllabic","False",FALSE,TRUE
"Häutchen","NEUT",1,"monosyllabic","False",FALSE,TRUE
"Hautfett","NEUT",1,"monosyllabic","False",FALSE,TRUE
"Hautgout","MASC",1,"monosyllabic","False",FALSE,TRUE
"Hautkontakt","MASC",2,"polysyllabic","False",TRUE,TRUE
"Hautkrebs","MASC",1,"monosyllabic","True",TRUE,FALSE
"Häutlein","NEUT",0,"polysyllabic","False",FALSE,TRUE
"Heap","MASC",1,"monosyllabic","False",TRUE,TRUE
"Hebel","MASC",2,"polysyllabic","False",FALSE,TRUE
"Hebelarm","MASC",3,"polysyllabic","False",TRUE,TRUE
"Hebopfer","NEUT",3,"polysyllabic","False",FALSE,TRUE
"Hecht","MASC",1,"monosyllabic","False",TRUE,TRUE
"Heckantrieb","MASC",2,"polysyllabic","False",TRUE,TRUE
"Heer","NEUT",1,"monosyllabic","False",TRUE,TRUE
"Heerrauch","MASC",1,"monosyllabic","False",TRUE,TRUE
"Heerzug","MASC",2,"polysyllabic","False",TRUE,TRUE
"Hefe","NEUT",2,"polysyllabic","False",TRUE,FALSE
"Hefepilz","MASC",3,"polysyllabic","True",TRUE,FALSE
"Hefeteig","MASC",2,"polysyllabic","False",TRUE,TRUE
"Heft","NEUT",1,"monosyllabic","False",TRUE,TRUE
"Heftchen","NEUT",2,"polysyllabic","False",FALSE,TRUE
"Hefter","MASC",2,"polysyllabic","False",FALSE,TRUE
"Heftpflaster","NEUT",3,"polysyllabic","False",FALSE,TRUE
"Hehler","MASC",2,"polysyllabic","False",FALSE,TRUE
"Hehrrauch","MASC",1,"monosyllabic","False",TRUE,TRUE
"Heidelberger","MASC",3,"polysyllabic","False",FALSE,TRUE
"Heidengeld","NEUT",2,"polysyllabic","False",TRUE,TRUE
"Heidenlärm","MASC",2,"polysyllabic","False",TRUE,TRUE
"Heidenrespekt","MASC",3,"polysyllabic","False",TRUE,TRUE
"Heidenspaß","MASC",2,"polysyllabic","True",TRUE,FALSE
"Heidentum","NEUT",2,"polysyllabic","False",FALSE,TRUE
"Heiderauch","MASC",1,"monosyllabic","False",TRUE,TRUE
"Heiermann","MASC",2,"polysyllabic","False",TRUE,TRUE
"Heil","NEUT",0,"polysyllabic","False",TRUE,TRUE
"Heiland","MASC",1,"monosyllabic","False",TRUE,TRUE
"Heilbutt","MASC",1,"monosyllabic","False",TRUE,TRUE
"Heiler","MASC",1,"monosyllabic","False",FALSE,TRUE
"Heiligabend","MASC",3,"polysyllabic","False",FALSE,TRUE
"Heiligenschein","MASC",2,"polysyllabic","False",TRUE,TRUE
"Heiligtum","NEUT",2,"polysyllabic","False",FALSE,TRUE
"Heilkraut","NEUT",0,"polysyllabic","False",TRUE,TRUE
"Heilmittel","NEUT",2,"polysyllabic","False",FALSE,TRUE
"Heim","NEUT",0,"polysyllabic","False",TRUE,TRUE
"Heimatfilm","MASC",2,"polysyllabic","False",TRUE,TRUE
"Heimatland","NEUT",2,"polysyllabic","False",TRUE,TRUE
"Heimchen","NEUT",1,"monosyllabic","False",FALSE,TRUE
"Heimcomputer","MASC",3,"polysyllabic","False",FALSE,TRUE
"Heimkind","NEUT",1,"monosyllabic","False",TRUE,TRUE
"Heimspiel","NEUT",0,"polysyllabic","False",TRUE,TRUE
"Heimtier","NEUT",0,"polysyllabic","False",TRUE,TRUE
"Heimweg","MASC",1,"monosyllabic","False",TRUE,TRUE
"Heimweh","NEUT",1,"monosyllabic","False",TRUE,TRUE
"Heimwerkergerät","NEUT",4,"polysyllabic","False",TRUE,TRUE
"Heinzelmännchen","NEUT",3,"polysyllabic","False",FALSE,TRUE
"Heiratsantrag","MASC",3,"polysyllabic","False",TRUE,TRUE
"Heiratsgut","NEUT",2,"polysyllabic","False",TRUE,FALSE
"Heiratsschwindler","MASC",3,"polysyllabic","False",FALSE,TRUE
"Heiratsvermittler","MASC",4,"polysyllabic","False",FALSE,TRUE
"Heißhunger","MASC",2,"polysyllabic","False",FALSE,TRUE
"Heißluftballon","MASC",3,"polysyllabic","False",TRUE,TRUE
"Heister","MASC",1,"monosyllabic","False",FALSE,TRUE
"Heizdraht","MASC",1,"monosyllabic","False",TRUE,TRUE
"Heizelement","NEUT",3,"polysyllabic","False",TRUE,TRUE
"Heizer","MASC",1,"monosyllabic","False",FALSE,TRUE
"Heizgewölbe","NEUT",3,"polysyllabic","False",TRUE,FALSE
"Heizleiter","MASC",1,"monosyllabic","False",FALSE,TRUE
"Heizöl","NEUT",1,"monosyllabic","False",FALSE,TRUE
"Hektar","NEUT",2,"polysyllabic","False",FALSE,TRUE
"Heldentod","MASC",3,"polysyllabic","False",TRUE,TRUE
"Helfer","MASC",2,"polysyllabic","False",FALSE,TRUE
"Helgoländer","MASC",4,"polysyllabic","False",FALSE,TRUE
"Helikopter","MASC",4,"polysyllabic","False",FALSE,TRUE
"Heliometer","NEUT",4,"polysyllabic","False",FALSE,TRUE
"Helium","NEUT",2,"polysyllabic","False",FALSE,TRUE
"Heliumatom","NEUT",4,"polysyllabic","False",FALSE,TRUE
"Heliumballon","MASC",4,"polysyllabic","False",TRUE,TRUE
"Heliumhydrid","NEUT",4,"polysyllabic","False",FALSE,TRUE
"Heliumisotop","NEUT",5,"polysyllabic","False",FALSE,TRUE
"Heliumkern","MASC",3,"polysyllabic","False",FALSE,TRUE
"Hellblau","NEUT",1,"monosyllabic","False",FALSE,TRUE
"Hellbraun","NEUT",1,"monosyllabic","False",FALSE,TRUE
"Heller","MASC",2,"polysyllabic","False",FALSE,TRUE
"Hellgelb","NEUT",2,"polysyllabic","False",FALSE,TRUE
"Hellgrau","NEUT",1,"monosyllabic","False",FALSE,TRUE
"Hellgrün","NEUT",2,"polysyllabic","False",FALSE,TRUE
"Hellrot","NEUT",2,"polysyllabic","False",FALSE,TRUE
"Hellsehen","NEUT",3,"polysyllabic","False",FALSE,TRUE
"Hellseher","MASC",3,"polysyllabic","False",FALSE,TRUE
"Helm","MASC",1,"monosyllabic","False",TRUE,TRUE
"Hemd","NEUT",1,"monosyllabic","False",TRUE,TRUE
"Hemdchen","NEUT",2,"polysyllabic","False",FALSE,TRUE
"Hemdknopf","MASC",2,"polysyllabic","False",TRUE,TRUE
"Hemdlein","NEUT",1,"monosyllabic","False",FALSE,TRUE
"Hemimorphit","MASC",4,"polysyllabic","False",FALSE,TRUE
"Hemmschuh","MASC",2,"polysyllabic","False",TRUE,TRUE
"Henkel","MASC",2,"polysyllabic","False",FALSE,TRUE
"Henker","MASC",2,"polysyllabic","False",FALSE,TRUE
"Heptafluoroniobat","NEUT",6,"polysyllabic","False",FALSE,TRUE
"Heptahydrat","NEUT",4,"polysyllabic","False",FALSE,TRUE
"Heptamolybdat","NEUT",5,"polysyllabic","False",FALSE,TRUE
"Heptan","NEUT",2,"polysyllabic","False",FALSE,TRUE
"Heptasulfid","NEUT",4,"polysyllabic","False",FALSE,TRUE
"Heptoxid","NEUT",3,"polysyllabic","False",FALSE,TRUE
"Herabsetzen","NEUT",4,"polysyllabic","False",FALSE,TRUE
"Herabsteigen","NEUT",3,"polysyllabic","False",FALSE,TRUE
"Herabstufen","NEUT",4,"polysyllabic","False",FALSE,TRUE
"Herabwürdigen","NEUT",5,"polysyllabic","False",FALSE,TRUE
"Heraufsetzen","NEUT",3,"polysyllabic","False",FALSE,TRUE
"Heraufstufen","NEUT",3,"polysyllabic","False",FALSE,TRUE
"Herausforderer","MASC",4,"polysyllabic","False",FALSE,TRUE
"Herausgeber","MASC",3,"polysyllabic","False",FALSE,TRUE
"Herbarium","NEUT",3,"polysyllabic","False",FALSE,TRUE
"Herbeischaffen","NEUT",3,"polysyllabic","False",FALSE,TRUE
"Herbst","MASC",1,"monosyllabic","False",TRUE,TRUE
"Herbstanfang","MASC",3,"polysyllabic","False",TRUE,TRUE
"Herbstende","NEUT",3,"polysyllabic","False",TRUE,FALSE
"Herbstlaub","NEUT",1,"monosyllabic","False",TRUE,TRUE
"Herbstmond","MASC",2,"polysyllabic","False",TRUE,TRUE
"Herbststurm","MASC",2,"polysyllabic","False",TRUE,TRUE
"Herbstvollmond","MASC",3,"polysyllabic","False",TRUE,TRUE
"Herbstwald","MASC",2,"polysyllabic","False",TRUE,TRUE
"Herbstwind","MASC",2,"polysyllabic","False",TRUE,TRUE
"Herd","MASC",1,"monosyllabic","False",TRUE,TRUE
"Herdfeuer","NEUT",2,"polysyllabic","False",FALSE,TRUE
"Hering","MASC",2,"polysyllabic","False",TRUE,TRUE
"Heringsfischer","MASC",4,"polysyllabic","False",FALSE,TRUE
"Herkunftsland","NEUT",3,"polysyllabic","False",TRUE,TRUE
"Herkunftsort","MASC",3,"polysyllabic","False",TRUE,TRUE
"Herling","MASC",2,"polysyllabic","False",FALSE,TRUE
"Hermelin","MASC",3,"polysyllabic","False",FALSE,TRUE
"Heroin","NEUT",2,"polysyllabic","False",FALSE,TRUE
"Herrchen","NEUT",2,"polysyllabic","False",FALSE,TRUE
"Herrenbesuch","MASC",4,"polysyllabic","False",TRUE,TRUE
"Herrengedeck","NEUT",4,"polysyllabic","False",FALSE,TRUE
"Herrenhaus","NEUT",2,"polysyllabic","True",TRUE,FALSE
"Herrentag","MASC",3,"polysyllabic","False",TRUE,TRUE
"Herrgott","MASC",2,"polysyllabic","False",FALSE,TRUE
"Herrlein","NEUT",1,"monosyllabic","False",FALSE,TRUE
"Herrscher","MASC",2,"polysyllabic","False",FALSE,TRUE
"Hersteller","MASC",3,"polysyllabic","False",FALSE,TRUE
"Herstellungsprozess","MASC",5,"polysyllabic","True",TRUE,FALSE
"Herstellungsverfahren","NEUT",6,"polysyllabic","False",FALSE,TRUE
"Herumbewegen","NEUT",5,"polysyllabic","False",FALSE,TRUE
"Herumdrehen","NEUT",4,"polysyllabic","False",FALSE,TRUE
"Herumfliegen","NEUT",3,"polysyllabic","False",FALSE,TRUE
"Herumgeeiere","NEUT",5,"polysyllabic","False",TRUE,FALSE
"Herumwirbeln","NEUT",4,"polysyllabic","False",FALSE,TRUE
"Heruntersetzen","NEUT",5,"polysyllabic","False",FALSE,TRUE
"Herunterstufen","NEUT",5,"polysyllabic","False",FALSE,TRUE
"Herz","NEUT",1,"monosyllabic","True",TRUE,FALSE
"Herzass","NEUT",2,"polysyllabic","True",TRUE,FALSE
"Herzblut","NEUT",2,"polysyllabic","False",TRUE,TRUE
"Herzchen","NEUT",2,"polysyllabic","False",FALSE,TRUE
"Herzeleid","NEUT",2,"polysyllabic","False",TRUE,TRUE
"Herzinfarkt","MASC",3,"polysyllabic","False",TRUE,TRUE
"Herzkönig","MASC",3,"polysyllabic","False",TRUE,TRUE
"Herzlein","NEUT",1,"monosyllabic","False",FALSE,TRUE
"Herzmuskel","MASC",3,"polysyllabic","False",FALSE,TRUE
"Herzmuskelgewebe","NEUT",6,"polysyllabic","False",TRUE,FALSE
"Herzog","MASC",2,"polysyllabic","False",TRUE,TRUE
"Herzogtum","NEUT",3,"polysyllabic","False",FALSE,TRUE
"Herzschrittmacher","MASC",4,"polysyllabic","False",FALSE,TRUE
"Herzstück","NEUT",2,"polysyllabic","False",TRUE,TRUE
"Herztod","MASC",2,"polysyllabic","False",TRUE,TRUE
"Herzversagen","NEUT",4,"polysyllabic","False",FALSE,TRUE
"Heteroatom","NEUT",4,"polysyllabic","False",FALSE,TRUE
"Heteroelement","NEUT",5,"polysyllabic","False",TRUE,TRUE
"Hethiter","MASC",3,"polysyllabic","False",FALSE,TRUE
"Hetzer","MASC",2,"polysyllabic","False",FALSE,TRUE
"Heu","NEUT",0,"polysyllabic","False",TRUE,TRUE
"Heucheln","NEUT",1,"monosyllabic","False",FALSE,TRUE
"Heuchler","MASC",1,"monosyllabic","False",FALSE,TRUE
"Heuerling","MASC",2,"polysyllabic","False",FALSE,TRUE
"Heuert","MASC",1,"monosyllabic","False",TRUE,TRUE
"Heuhaufen","MASC",1,"monosyllabic","False",FALSE,TRUE
"Heulen","NEUT",1,"monosyllabic","False",FALSE,TRUE
"Heuler","MASC",1,"monosyllabic","False",FALSE,TRUE
"Heumonat","MASC",2,"polysyllabic","False",FALSE,TRUE
"Heupferd","NEUT",1,"monosyllabic","False",TRUE,TRUE
"Heuschober","MASC",2,"polysyllabic","False",FALSE,TRUE
"Heuwagen","MASC",2,"polysyllabic","False",FALSE,TRUE
"Hexacarbonyl","NEUT",5,"polysyllabic","False",FALSE,TRUE
"Hexachlorid","NEUT",4,"polysyllabic","False",FALSE,TRUE
"Hexachloroplatinat","NEUT",7,"polysyllabic","False",FALSE,TRUE
"Hexacyanoferrat","NEUT",6,"polysyllabic","False",FALSE,TRUE
"Hexaederstumpf","MASC",4,"polysyllabic","False",TRUE,TRUE
"Hexafluorid","NEUT",4,"polysyllabic","False",FALSE,TRUE
"Hexafluorophosphat","NEUT",6,"polysyllabic","False",TRUE,TRUE
"Hexagesimalsystem","NEUT",7,"polysyllabic","False",FALSE,TRUE
"Hexagon","NEUT",3,"polysyllabic","False",FALSE,TRUE
"Hexahydrat","NEUT",4,"polysyllabic","False",TRUE,TRUE
"Hexameter","MASC",4,"polysyllabic","False",FALSE,TRUE
"Hexan","NEUT",2,"polysyllabic","False",FALSE,TRUE
"Hexenkessel","MASC",4,"polysyllabic","False",FALSE,TRUE
"Hexenprozess","MASC",4,"polysyllabic","True",TRUE,FALSE
"Hexenring","MASC",3,"polysyllabic","False",TRUE,TRUE
"Hexensabbat","MASC",4,"polysyllabic","False",FALSE,TRUE
"Hexenschuss","MASC",3,"polysyllabic","True",TRUE,FALSE
"Hexer","MASC",2,"polysyllabic","False",FALSE,TRUE
"Hickhack","NEUT",2,"polysyllabic","False",FALSE,TRUE
"Hicksen","NEUT",2,"polysyllabic","False",FALSE,TRUE
"Hieb","MASC",0,"polysyllabic","False",TRUE,TRUE
"Highlight","NEUT",2,"polysyllabic","False",FALSE,TRUE
"Hilfsgut","NEUT",2,"polysyllabic","False",TRUE,TRUE
"Hilfskellner","MASC",3,"polysyllabic","False",FALSE,TRUE
"Hilfswort","NEUT",2,"polysyllabic","False",TRUE,TRUE
"Himmel","MASC",2,"polysyllabic","False",FALSE,TRUE
"Himmelbett","NEUT",3,"polysyllabic","False",TRUE,TRUE
"Himmelblau","NEUT",2,"polysyllabic","False",FALSE,TRUE
"Himmelfahrtskommando","NEUT",6,"polysyllabic","False",FALSE,TRUE
"Himmelreich","NEUT",2,"polysyllabic","False",TRUE,TRUE
"Himmelsäquator","MASC",5,"polysyllabic","False",FALSE,TRUE
"Himmelskörper","MASC",4,"polysyllabic","False",FALSE,TRUE
"Himmelslicht","NEUT",3,"polysyllabic","False",TRUE,TRUE
"Himmelsreich","NEUT",2,"polysyllabic","False",TRUE,TRUE
"Himmelsschreiben","NEUT",3,"polysyllabic","False",FALSE,TRUE
"Himmelsschreiber","MASC",3,"polysyllabic","False",FALSE,TRUE
"Himmelstürmer","MASC",4,"polysyllabic","False",FALSE,TRUE
"Himmelszelt","NEUT",3,"polysyllabic","False",TRUE,TRUE
"Hin und Her","NEUT",3,"polysyllabic","False",FALSE,TRUE
"Hinausgehen","NEUT",3,"polysyllabic","False",FALSE,TRUE
"Hinblick","MASC",2,"polysyllabic","False",FALSE,TRUE
"Hinblicken","NEUT",3,"polysyllabic","False",FALSE,TRUE
"Hineingehen","NEUT",3,"polysyllabic","False",FALSE,TRUE
"Hinkelstein","MASC",2,"polysyllabic","False",FALSE,TRUE
"Hinschauen","NEUT",2,"polysyllabic","False",FALSE,TRUE
"Hinsehen","NEUT",3,"polysyllabic","False",FALSE,TRUE
"Hinterbänkler","MASC",4,"polysyllabic","False",FALSE,TRUE
"Hinterdeck","NEUT",3,"polysyllabic","False",FALSE,TRUE
"Hintergaumen","MASC",3,"polysyllabic","False",FALSE,TRUE
"Hintergrund","MASC",3,"polysyllabic","False",TRUE,TRUE
"Hinterhaus","NEUT",2,"polysyllabic","True",TRUE,FALSE
"Hinterhof","MASC",3,"polysyllabic","False",TRUE,TRUE
"Hinterindien","NEUT",3,"polysyllabic","False",FALSE,TRUE
"Hinterkopf","MASC",3,"polysyllabic","False",TRUE,TRUE
"Hintermann","MASC",3,"polysyllabic","False",TRUE,TRUE
"Hinterreifen","MASC",3,"polysyllabic","False",FALSE,TRUE
"Hinterteil","NEUT",2,"polysyllabic","False",TRUE,TRUE
"Hintertürchen","NEUT",4,"polysyllabic","False",FALSE,TRUE
"Hinterwäldler","MASC",4,"polysyllabic","False",FALSE,TRUE
"Hinterzimmer","NEUT",4,"polysyllabic","False",FALSE,TRUE
"Hinweis","MASC",1,"monosyllabic","True",TRUE,FALSE
"Hinzufügen","NEUT",4,"polysyllabic","False",FALSE,TRUE
"Hippie","MASC",1,"monosyllabic","False",TRUE,FALSE
"Hirn","NEUT",1,"monosyllabic","False",TRUE,TRUE
"Hirngespinst","NEUT",3,"polysyllabic","False",TRUE,TRUE
"Hirnstamm","MASC",2,"polysyllabic","False",TRUE,TRUE
"Hirntod","MASC",2,"polysyllabic","False",TRUE,TRUE
"Hirsch","MASC",1,"monosyllabic","True",TRUE,TRUE
"Hirschhornsalz","NEUT",3,"polysyllabic","True",TRUE,FALSE
"Hirschkäfer","MASC",3,"polysyllabic","False",FALSE,TRUE
"Hirtenhund","MASC",3,"polysyllabic","False",TRUE,TRUE
"Histamin","NEUT",3,"polysyllabic","False",FALSE,TRUE
"Historiker","MASC",4,"polysyllabic","False",FALSE,TRUE
"Hit","MASC",1,"monosyllabic","False",FALSE,TRUE
"Hitlergruß","MASC",3,"polysyllabic","True",TRUE,FALSE
"Hitzeschild","NEUT",3,"polysyllabic","False",FALSE,TRUE
"Hitzkopf","MASC",2,"polysyllabic","False",TRUE,TRUE
"Hoatzin","MASC",2,"polysyllabic","False",FALSE,TRUE
"Hobbit","MASC",2,"polysyllabic","False",FALSE,TRUE
"Hobby","NEUT",2,"polysyllabic","False",FALSE,TRUE
"Hobbymusiker","MASC",5,"polysyllabic","False",FALSE,TRUE
"Hobel","MASC",2,"polysyllabic","False",FALSE,TRUE
"Hobelkäse","MASC",4,"polysyllabic","False",TRUE,FALSE
"Hoch","NEUT",1,"monosyllabic","False",TRUE,TRUE
"Hochalemannisch","NEUT",5,"polysyllabic","True",FALSE,TRUE
"Hochaltar","MASC",3,"polysyllabic","False",TRUE,TRUE
"Hochchinesisch","NEUT",4,"polysyllabic","True",FALSE,TRUE
"Hochdeutsch","NEUT",1,"monosyllabic","True",FALSE,TRUE
"Hochdruck","MASC",2,"polysyllabic","False",FALSE,TRUE
"Hochdruckgebiet","NEUT",3,"polysyllabic","False",TRUE,TRUE
"Hochformat","NEUT",3,"polysyllabic","False",TRUE,TRUE
"Hochgefühl","NEUT",3,"polysyllabic","False",TRUE,TRUE
"Hochhaus","NEUT",1,"monosyllabic","True",TRUE,FALSE
"Hochheben","NEUT",3,"polysyllabic","False",FALSE,TRUE
"Hochkomma","NEUT",3,"polysyllabic","False",FALSE,TRUE
"Hochland","NEUT",2,"polysyllabic","False",TRUE,TRUE
"Hochland-Ameisenwürger","MASC",6,"polysyllabic","False",FALSE,TRUE
"Hochleistungskunststoff","MASC",4,"polysyllabic","False",TRUE,TRUE
"Hochleistungswerkstoff","MASC",4,"polysyllabic","False",TRUE,TRUE
"Hochmittelalter","NEUT",5,"polysyllabic","False",FALSE,TRUE
"Hochmoor","NEUT",2,"polysyllabic","False",TRUE,TRUE
"Hochmut","MASC",2,"polysyllabic","False",TRUE,TRUE
"Hochofen","MASC",3,"polysyllabic","False",FALSE,TRUE
"Hochofenprozess","MASC",5,"polysyllabic","True",TRUE,FALSE
"Hochparkett","NEUT",3,"polysyllabic","False",TRUE,TRUE
"Hochparterre","NEUT",4,"polysyllabic","False",TRUE,FALSE
"Hochrad","NEUT",2,"polysyllabic","False",TRUE,TRUE
"Hochschleudern","NEUT",2,"polysyllabic","False",FALSE,TRUE
"Hochsitz","MASC",2,"polysyllabic","True",TRUE,FALSE
"Hochsommer","MASC",3,"polysyllabic","False",FALSE,TRUE
"Hochspringer","MASC",3,"polysyllabic","False",FALSE,TRUE
"Hochsprung","MASC",2,"polysyllabic","False",TRUE,TRUE
"Höchstalemannisch","NEUT",5,"polysyllabic","True",FALSE,TRUE
"Hochstapler","MASC",3,"polysyllabic","False",FALSE,TRUE
"Höchststand","MASC",2,"polysyllabic","False",FALSE,TRUE
"Hochstufen","NEUT",3,"polysyllabic","False",FALSE,TRUE
"Höchstwert","MASC",2,"polysyllabic","False",TRUE,TRUE
"Hochtemperaturkunststoff","MASC",7,"polysyllabic","False",TRUE,TRUE
"Hochtemperaturreaktor","MASC",7,"polysyllabic","False",FALSE,TRUE
"Hochtöner","MASC",3,"polysyllabic","False",FALSE,TRUE
"Hochwasser","NEUT",3,"polysyllabic","False",FALSE,TRUE
"Hochweg","MASC",2,"polysyllabic","False",TRUE,TRUE
"Hochwürden","MASC",3,"polysyllabic","False",FALSE,TRUE
"Hochzeitskleid","NEUT",1,"monosyllabic","False",TRUE,TRUE
"Hochzeitskleidchen","NEUT",2,"polysyllabic","False",FALSE,TRUE
"Hochzeitstag","MASC",2,"polysyllabic","False",TRUE,TRUE
"Hocker","MASC",2,"polysyllabic","False",FALSE,TRUE
"Höcker","MASC",2,"polysyllabic","False",FALSE,TRUE
"Höckerschwan","MASC",3,"polysyllabic","False",TRUE,TRUE
"Hockey","NEUT",2,"polysyllabic","False",FALSE,TRUE
"Hockeyschläger","MASC",4,"polysyllabic","False",FALSE,TRUE
"Hoden","MASC",2,"polysyllabic","False",FALSE,TRUE
"Hodensack","MASC",3,"polysyllabic","False",TRUE,TRUE
"Hof","NEUT",1,"monosyllabic","False",TRUE,TRUE
"Höfchen","NEUT",2,"polysyllabic","False",FALSE,TRUE
"Hofeingang","MASC",2,"polysyllabic","False",TRUE,TRUE
"Hoffnungsschimmer","MASC",4,"polysyllabic","False",FALSE,TRUE
"Hoffnungsträger","MASC",4,"polysyllabic","False",FALSE,TRUE
"Höfling","MASC",2,"polysyllabic","False",FALSE,TRUE
"Hoheitsgebiet","NEUT",2,"polysyllabic","False",TRUE,TRUE
"Hoheitszeichen","NEUT",2,"polysyllabic","False",FALSE,TRUE
"Höhenmesser","MASC",4,"polysyllabic","False",FALSE,TRUE
"Höhenrauch","MASC",2,"polysyllabic","False",TRUE,TRUE
"Höhenunterschied","MASC",4,"polysyllabic","False",FALSE,TRUE
"Höhepunkt","MASC",3,"polysyllabic","False",TRUE,TRUE
"Höhlenbewohner","MASC",5,"polysyllabic","False",FALSE,TRUE
"Höhlenforscher","MASC",4,"polysyllabic","False",FALSE,TRUE
"Hohlkörper","MASC",3,"polysyllabic","False",FALSE,TRUE
"Hohlleiter","MASC",2,"polysyllabic","False",FALSE,TRUE
"Hohlmaß","NEUT",2,"polysyllabic","True",TRUE,FALSE
"Hohlraumresonator","NEUT",5,"polysyllabic","False",FALSE,TRUE
"Hohltier","NEUT",1,"monosyllabic","False",TRUE,TRUE
"Hohlweg","MASC",2,"polysyllabic","False",TRUE,TRUE
"Hohlzylinder","MASC",4,"polysyllabic","False",FALSE,TRUE
"Hohn","MASC",1,"monosyllabic","False",TRUE,TRUE
"Holländer","MASC",3,"polysyllabic","False",FALSE,TRUE
"Holländisch","NEUT",3,"polysyllabic","True",FALSE,TRUE
"Höllenfeuer","NEUT",3,"polysyllabic","False",FALSE,TRUE
"Höllenlärm","MASC",3,"polysyllabic","False",TRUE,TRUE
"Holm","MASC",1,"monosyllabic","False",TRUE,TRUE
"Holmium","NEUT",2,"polysyllabic","False",FALSE,TRUE
"Hologramm","NEUT",3,"polysyllabic","False",FALSE,TRUE
"Holster","NEUT",2,"polysyllabic","False",FALSE,TRUE
"Holunder","MASC",3,"polysyllabic","False",FALSE,TRUE
"Holunderbusch","MASC",4,"polysyllabic","True",TRUE,TRUE
"Holz","NEUT",1,"monosyllabic","True",TRUE,FALSE
"Holzbesteck","NEUT",3,"polysyllabic","False",TRUE,TRUE
"Holzbrett","NEUT",2,"polysyllabic","False",TRUE,TRUE
"Hölzchen","NEUT",2,"polysyllabic","False",FALSE,TRUE
"Holzdeckel","MASC",3,"polysyllabic","False",FALSE,TRUE
"Holzfass","NEUT",2,"polysyllabic","True",TRUE,FALSE
"Holzgerüst","NEUT",3,"polysyllabic","False",TRUE,TRUE
"Holzhauer","MASC",2,"polysyllabic","False",FALSE,TRUE
"Holzhaus","NEUT",1,"monosyllabic","True",TRUE,FALSE
"Holzhäuschen","NEUT",2,"polysyllabic","False",FALSE,TRUE
"Holzkitt","MASC",2,"polysyllabic","False",TRUE,TRUE
"Holzklotz","MASC",2,"polysyllabic","True",TRUE,FALSE
"Holzlöffel","MASC",3,"polysyllabic","False",FALSE,TRUE
"Holzlöffelchen","NEUT",4,"polysyllabic","False",FALSE,TRUE
"Holzmesser","NEUT",3,"polysyllabic","False",FALSE,TRUE
"Holzplatz","MASC",2,"polysyllabic","True",TRUE,FALSE
"Holzquirl","MASC",2,"polysyllabic","False",TRUE,TRUE
"Holzscheit","NEUT",1,"monosyllabic","False",TRUE,TRUE
"Holzschnitt","MASC",2,"polysyllabic","False",TRUE,TRUE
"Holztisch","MASC",2,"polysyllabic","True",TRUE,TRUE
"Holzweg","MASC",2,"polysyllabic","False",TRUE,TRUE
"Holzwurm","MASC",2,"polysyllabic","False",TRUE,TRUE
"Homeoffice","NEUT",4,"polysyllabic","False",TRUE,FALSE
"Homo","MASC",2,"polysyllabic","False",FALSE,TRUE
"Homodimer","NEUT",4,"polysyllabic","False",FALSE,TRUE
"Homolog","NEUT",3,"polysyllabic","False",FALSE,TRUE
"Homonym","NEUT",3,"polysyllabic","False",FALSE,TRUE
"Homser","MASC",2,"polysyllabic","False",FALSE,TRUE
"Honig","MASC",2,"polysyllabic","False",FALSE,TRUE
"Honigdachs","MASC",3,"polysyllabic","True",TRUE,FALSE
"Honigjäger","MASC",4,"polysyllabic","False",FALSE,TRUE
"Honigkuchen","MASC",4,"polysyllabic","False",FALSE,TRUE
"Honigkuchenpferd","NEUT",5,"polysyllabic","False",TRUE,TRUE
"Honigtopf","MASC",3,"polysyllabic","False",TRUE,TRUE
"Honigwein","MASC",2,"polysyllabic","False",TRUE,TRUE
"Honorar","NEUT",3,"polysyllabic","False",FALSE,TRUE
"Hoodie","MASC",1,"monosyllabic","False",TRUE,FALSE
"Hooligan","MASC",3,"polysyllabic","False",FALSE,TRUE
"Hopfen","MASC",2,"polysyllabic","False",FALSE,TRUE
"Hörbeispiel","NEUT",1,"monosyllabic","False",TRUE,TRUE
"Hörbuch","NEUT",2,"polysyllabic","False",TRUE,TRUE
"Horchposten","MASC",3,"polysyllabic","False",FALSE,TRUE
"Hören","NEUT",2,"polysyllabic","False",FALSE,TRUE
"Hörensagen","NEUT",4,"polysyllabic","False",FALSE,TRUE
"Hörer","MASC",2,"polysyllabic","False",FALSE,TRUE
"Hörfunk","MASC",2,"polysyllabic","False",TRUE,TRUE
"Horizont","MASC",3,"polysyllabic","False",TRUE,TRUE
"Hormon","NEUT",2,"polysyllabic","False",FALSE,TRUE
"Hormonspiegel","MASC",3,"polysyllabic","False",FALSE,TRUE
"Hörnchen","NEUT",2,"polysyllabic","False",FALSE,TRUE
"Hornerz","NEUT",2,"polysyllabic","True",TRUE,FALSE
"Hornfels","MASC",2,"polysyllabic","True",TRUE,FALSE
"Hörnlein","NEUT",1,"monosyllabic","False",FALSE,TRUE
"Hornmoos","NEUT",2,"polysyllabic","True",TRUE,FALSE
"Hornung","MASC",2,"polysyllabic","False",TRUE,TRUE
"Horoskop","NEUT",3,"polysyllabic","False",FALSE,TRUE
"Hörrohr","NEUT",2,"polysyllabic","False",TRUE,TRUE
"Horror","MASC",2,"polysyllabic","False",FALSE,TRUE
"Hörsaal","MASC",2,"polysyllabic","False",TRUE,TRUE
"Hörspiel","NEUT",1,"monosyllabic","False",FALSE,TRUE
"Horst","MASC",1,"monosyllabic","False",TRUE,TRUE
"Hort","MASC",1,"monosyllabic","False",TRUE,FALSE
"Hörvermögen","NEUT",4,"polysyllabic","False",FALSE,TRUE
"Hörverstehen","NEUT",4,"polysyllabic","False",FALSE,TRUE
"Höschen","NEUT",2,"polysyllabic","False",FALSE,TRUE
"Hosenbandorden","MASC",5,"polysyllabic","False",FALSE,TRUE
"Hosenbein","NEUT",2,"polysyllabic","False",TRUE,TRUE
"Hosenbund","MASC",3,"polysyllabic","False",TRUE,TRUE
"Hosengürtel","MASC",4,"polysyllabic","False",FALSE,TRUE
"Hosenträger","MASC",4,"polysyllabic","False",FALSE,TRUE
"Hosianna","NEUT",3,"polysyllabic","False",FALSE,TRUE
"Höslein","NEUT",1,"monosyllabic","False",FALSE,TRUE
"Hospital","NEUT",3,"polysyllabic","False",TRUE,TRUE
"Hospiz","NEUT",2,"polysyllabic","True",TRUE,FALSE
"Hosting","NEUT",2,"polysyllabic","False",FALSE,TRUE
"Hotdog","MASC",2,"polysyllabic","False",FALSE,TRUE
"Hotel","NEUT",2,"polysyllabic","False",FALSE,TRUE
"Hotelgast","MASC",3,"polysyllabic","False",TRUE,TRUE
"Hotelier","MASC",2,"polysyllabic","False",FALSE,TRUE
"Hotkey","MASC",2,"polysyllabic","False",FALSE,TRUE
"Hotspot","MASC",2,"polysyllabic","False",FALSE,TRUE
"Hub","MASC",1,"monosyllabic","False",TRUE,TRUE
"Hubbel","MASC",2,"polysyllabic","False",FALSE,TRUE
"Hübnerit","MASC",3,"polysyllabic","False",FALSE,TRUE
"Hubschrauber","MASC",2,"polysyllabic","False",FALSE,TRUE
"Hubschraubereinsatz","MASC",3,"polysyllabic","True",TRUE,FALSE
"Hubschrauberträger","MASC",4,"polysyllabic","False",FALSE,TRUE
"Huchen","MASC",2,"polysyllabic","False",FALSE,TRUE
"Huf","MASC",1,"monosyllabic","False",TRUE,TRUE
"Hufeisen","NEUT",2,"polysyllabic","False",FALSE,TRUE
"Huflattich","MASC",3,"polysyllabic","False",FALSE,TRUE
"Hufschlag","MASC",2,"polysyllabic","False",TRUE,TRUE
"Hufschmied","MASC",1,"monosyllabic","False",TRUE,TRUE
"Hüftbein","NEUT",1,"monosyllabic","False",TRUE,TRUE
"Hüftgelenk","NEUT",3,"polysyllabic","False",TRUE,TRUE
"Hüftgold","NEUT",2,"polysyllabic","False",TRUE,TRUE
"Hüfthalter","MASC",3,"polysyllabic","False",FALSE,TRUE
"Huftier","NEUT",1,"monosyllabic","False",TRUE,TRUE
"Hüftknochen","MASC",3,"polysyllabic","False",FALSE,TRUE
"Hügel","MASC",2,"polysyllabic","False",FALSE,TRUE
"Hügelgrab","NEUT",3,"polysyllabic","False",TRUE,TRUE
"Huhn","NEUT",1,"monosyllabic","False",TRUE,TRUE
"Hühnchen","NEUT",2,"polysyllabic","False",FALSE,TRUE
"Hühnerauge","NEUT",3,"polysyllabic","False",TRUE,FALSE
"Hühnerbraten","MASC",4,"polysyllabic","False",FALSE,TRUE
"Hühnerfleisch","NEUT",2,"polysyllabic","True",TRUE,TRUE
"Hühnergott","MASC",3,"polysyllabic","False",TRUE,TRUE
"Hühnerschlag","MASC",3,"polysyllabic","False",TRUE,TRUE
"Hühnerstall","MASC",3,"polysyllabic","False",TRUE,TRUE
"Hühnervogel","MASC",4,"polysyllabic","False",FALSE,TRUE
"Hühnlein","NEUT",1,"monosyllabic","False",FALSE,TRUE
"Hulk","MASC",1,"monosyllabic","False",TRUE,TRUE
"Hüllblatt","NEUT",2,"polysyllabic","False",TRUE,TRUE
"Hüllblättchen","NEUT",3,"polysyllabic","False",FALSE,TRUE
"Hüllenelektron","NEUT",5,"polysyllabic","False",FALSE,TRUE
"Huminstoff","MASC",3,"polysyllabic","False",TRUE,TRUE
"Hummelchen","NEUT",3,"polysyllabic","False",FALSE,TRUE
"Hummer","MASC",2,"polysyllabic","False",FALSE,TRUE
"Humor","MASC",2,"polysyllabic","False",FALSE,TRUE
"Humpen","MASC",2,"polysyllabic","False",FALSE,TRUE
"Hund","MASC",1,"monosyllabic","False",TRUE,TRUE
"Hündchen","NEUT",2,"polysyllabic","False",FALSE,TRUE
"Hundebiss","MASC",3,"polysyllabic","True",TRUE,FALSE
"Hundeblick","MASC",3,"polysyllabic","False",TRUE,TRUE
"Hundefreund","MASC",2,"polysyllabic","False",TRUE,TRUE
"Hundeführer","MASC",4,"polysyllabic","False",FALSE,TRUE
"Hundefutter","NEUT",4,"polysyllabic","False",FALSE,TRUE
"Hundehalter","MASC",4,"polysyllabic","False",FALSE,TRUE
"Hundejahr","NEUT",3,"polysyllabic","False",TRUE,TRUE
"Hundeleben","NEUT",4,"polysyllabic","False",FALSE,TRUE
"Hundertmillionstel","NEUT",5,"polysyllabic","False",FALSE,TRUE
"Hundertstel","MASC",3,"polysyllabic","False",FALSE,TRUE
"Hündlein","NEUT",1,"monosyllabic","False",FALSE,TRUE
"Hundsfott","MASC",2,"polysyllabic","False",TRUE,TRUE
"Hundshai","MASC",2,"polysyllabic","False",TRUE,TRUE
"Hunger","MASC",2,"polysyllabic","False",FALSE,TRUE
"Hungerhaken","MASC",4,"polysyllabic","False",FALSE,TRUE
"Hungerkünstler","MASC",4,"polysyllabic","False",FALSE,TRUE
"Hungerleider","MASC",3,"polysyllabic","False",FALSE,TRUE
"Hungerstein","MASC",2,"polysyllabic","False",TRUE,TRUE
"Hungerstreik","MASC",2,"polysyllabic","False",TRUE,TRUE
"Hungertod","MASC",3,"polysyllabic","False",TRUE,TRUE
"Hungertuch","NEUT",3,"polysyllabic","False",TRUE,TRUE
"Hungerwinter","MASC",4,"polysyllabic","False",FALSE,TRUE
"Hunt","MASC",1,"monosyllabic","False",TRUE,TRUE
"Hurensohn","MASC",3,"polysyllabic","False",TRUE,FALSE
"Hurer","MASC",2,"polysyllabic","False",FALSE,TRUE
"Hurra","NEUT",2,"polysyllabic","False",FALSE,TRUE
"Hurrikan","MASC",3,"polysyllabic","False",FALSE,TRUE
"Hurriter","MASC",3,"polysyllabic","False",FALSE,TRUE
"Huso","MASC",2,"polysyllabic","False",FALSE,TRUE
"Husten","NEUT",2,"polysyllabic","False",FALSE,TRUE
"Hustensaft","MASC",3,"polysyllabic","False",TRUE,TRUE
"Hütchen","NEUT",2,"polysyllabic","False",FALSE,TRUE
"Hütehund","MASC",3,"polysyllabic","False",TRUE,TRUE
"Hüten","NEUT",2,"polysyllabic","False",FALSE,TRUE
"Hüter","MASC",2,"polysyllabic","False",FALSE,TRUE
"Hütlein","NEUT",1,"monosyllabic","False",FALSE,TRUE
"Hutmacher","MASC",3,"polysyllabic","False",FALSE,TRUE
"Hüttchen","NEUT",2,"polysyllabic","False",FALSE,TRUE
"Hüttenkäse","MASC",4,"polysyllabic","False",TRUE,FALSE
"Hüttenrauch","MASC",2,"polysyllabic","False",TRUE,TRUE
"Hüttenwerk","NEUT",3,"polysyllabic","False",TRUE,TRUE
"Hüttenwesen","NEUT",4,"polysyllabic","False",FALSE,TRUE
"Hybridauto","NEUT",3,"polysyllabic","False",FALSE,TRUE
"Hydrat","NEUT",2,"polysyllabic","False",TRUE,TRUE
"Hydrauliköl","NEUT",3,"polysyllabic","False",TRUE,TRUE
"Hydridokomplex","MASC",5,"polysyllabic","True",TRUE,FALSE
"Hydrierkatalysator","MASC",6,"polysyllabic","False",FALSE,TRUE
"Hydrochinon","NEUT",4,"polysyllabic","False",FALSE,TRUE
"Hydrogencarbonat","NEUT",6,"polysyllabic","False",FALSE,TRUE
"Hydrogeniumoxid","NEUT",6,"polysyllabic","False",TRUE,TRUE
"hydrogentartrat","NEUT",5,"polysyllabic","False",FALSE,TRUE
"Hydronym","NEUT",3,"polysyllabic","False",FALSE,TRUE
"Hydroxid","NEUT",3,"polysyllabic","False",FALSE,TRUE
"Hydroxidion","NEUT",4,"polysyllabic","False",FALSE,TRUE
"Hydroxyaldehyd","NEUT",5,"polysyllabic","False",FALSE,TRUE
"Hydroxyketon","NEUT",5,"polysyllabic","False",FALSE,TRUE
"Hydroxylapatit","NEUT",6,"polysyllabic","False",FALSE,TRUE
"Hygrometer","NEUT",4,"polysyllabic","False",FALSE,TRUE
"Hype","MASC",2,"polysyllabic","False",TRUE,FALSE
"Hyperlink","MASC",3,"polysyllabic","False",FALSE,TRUE
"Hyperonym","NEUT",4,"polysyllabic","False",FALSE,TRUE
"Hyperoxid","NEUT",4,"polysyllabic","False",FALSE,TRUE
"Hyperschall","MASC",3,"polysyllabic","False",FALSE,TRUE
"Hyperwürfel","MASC",4,"polysyllabic","False",FALSE,TRUE
"Hypobromit","NEUT",4,"polysyllabic","False",FALSE,TRUE
"Hypochlorit","NEUT",4,"polysyllabic","False",FALSE,TRUE
"Hypochonder","MASC",4,"polysyllabic","False",FALSE,TRUE
"Hypomanganat","NEUT",5,"polysyllabic","False",FALSE,TRUE
"Hyponym","NEUT",3,"polysyllabic","False",FALSE,TRUE
"Hypophosphit","NEUT",4,"polysyllabic","False",FALSE,TRUE
"Hysteriker","MASC",4,"polysyllabic","False",FALSE,TRUE
"i-Dötzchen","NEUT",3,"polysyllabic","False",FALSE,TRUE
"I-Dötzchen","NEUT",3,"polysyllabic","False",FALSE,TRUE
"i-Tüpfelchen","NEUT",4,"polysyllabic","False",FALSE,TRUE
"Iberer","MASC",3,"polysyllabic","False",FALSE,TRUE
"Iberien","NEUT",2,"polysyllabic","False",FALSE,TRUE
"Ich","NEUT",1,"monosyllabic","False",FALSE,TRUE
"Icon","NEUT",2,"polysyllabic","False",FALSE,TRUE
"Ideal","NEUT",2,"polysyllabic","False",FALSE,TRUE
"Idealfall","MASC",3,"polysyllabic","False",TRUE,TRUE
"Identitätsnachweis","MASC",5,"polysyllabic","True",TRUE,FALSE
"Idiom","NEUT",2,"polysyllabic","False",FALSE,TRUE
"Idiotikon","NEUT",4,"polysyllabic","False",FALSE,TRUE
"Idol","NEUT",2,"polysyllabic","False",FALSE,TRUE
"Igel","MASC",2,"polysyllabic","False",FALSE,TRUE
"Igelfisch","MASC",3,"polysyllabic","True",TRUE,TRUE
"Ikosaeder","NEUT",4,"polysyllabic","False",FALSE,TRUE
"Ikosaederstumpf","MASC",5,"polysyllabic","False",TRUE,TRUE
"Illativ","MASC",3,"polysyllabic","False",FALSE,TRUE
"Illit","MASC",2,"polysyllabic","False",FALSE,TRUE
"Illustrator","MASC",4,"polysyllabic","False",FALSE,TRUE
"Illyrer","MASC",3,"polysyllabic","False",FALSE,TRUE
"Ilmenit","MASC",3,"polysyllabic","False",FALSE,TRUE
"Image","NEUT",3,"polysyllabic","False",TRUE,FALSE
"Image-Problem","NEUT",5,"polysyllabic","False",FALSE,TRUE
"Imam","MASC",2,"polysyllabic","False",FALSE,TRUE
"Imbiss","MASC",2,"polysyllabic","True",TRUE,FALSE
"Imbissstand","MASC",3,"polysyllabic","False",TRUE,TRUE
"Imker","MASC",2,"polysyllabic","False",FALSE,TRUE
"Immergrün","NEUT",3,"polysyllabic","False",FALSE,TRUE
"Immigrieren","NEUT",3,"polysyllabic","False",FALSE,TRUE
"Immunsuppressivum","NEUT",6,"polysyllabic","False",FALSE,TRUE
"Immunsystem","NEUT",4,"polysyllabic","False",FALSE,TRUE
"Imperator","MASC",4,"polysyllabic","False",FALSE,TRUE
"Imperium","NEUT",3,"polysyllabic","False",FALSE,TRUE
"Impfkristall","MASC",3,"polysyllabic","False",FALSE,TRUE
"Impfstoff","MASC",2,"polysyllabic","False",TRUE,TRUE
"Implantat","NEUT",3,"polysyllabic","False",TRUE,TRUE
"Import","MASC",2,"polysyllabic","False",TRUE,TRUE
"Importeur","MASC",2,"polysyllabic","False",FALSE,TRUE
"Impressum","NEUT",3,"polysyllabic","False",FALSE,TRUE
"Impuls","MASC",2,"polysyllabic","True",TRUE,FALSE
"Inbegriff","MASC",3,"polysyllabic","False",TRUE,TRUE
"Inbusschlüssel","MASC",4,"polysyllabic","False",FALSE,TRUE
"Inder","MASC",2,"polysyllabic","False",FALSE,TRUE
"Indianer","MASC",3,"polysyllabic","False",FALSE,TRUE
"Indier","MASC",1,"monosyllabic","False",FALSE,TRUE
"Indikativ","MASC",4,"polysyllabic","False",FALSE,TRUE
"Indikator","MASC",4,"polysyllabic","False",FALSE,TRUE
"Indit","MASC",2,"polysyllabic","False",FALSE,TRUE
"Indium","NEUT",2,"polysyllabic","False",FALSE,TRUE
"Indiumarsenid","NEUT",5,"polysyllabic","False",FALSE,TRUE
"Indiumatom","NEUT",4,"polysyllabic","False",FALSE,TRUE
"Indiumhalogenid","NEUT",6,"polysyllabic","False",FALSE,TRUE
"Indiumion","NEUT",3,"polysyllabic","False",FALSE,TRUE
"Indiummetall","NEUT",4,"polysyllabic","False",FALSE,TRUE
"Individuum","NEUT",4,"polysyllabic","False",FALSE,TRUE
"Indiz","NEUT",2,"polysyllabic","True",TRUE,FALSE
"Indizienbeweis","MASC",3,"polysyllabic","True",TRUE,FALSE
"Indonesier","MASC",3,"polysyllabic","False",FALSE,TRUE
"Industrieland","NEUT",3,"polysyllabic","False",TRUE,TRUE
"Industriezweig","MASC",2,"polysyllabic","False",TRUE,TRUE
"Inertgas","NEUT",3,"polysyllabic","True",TRUE,FALSE
"Inertgasschweißen","NEUT",4,"polysyllabic","False",FALSE,TRUE
"Inertialsystem","NEUT",5,"polysyllabic","False",FALSE,TRUE
"Inessiv","MASC",3,"polysyllabic","False",FALSE,TRUE
"Infekt","MASC",2,"polysyllabic","False",TRUE,TRUE
"Inferno","NEUT",3,"polysyllabic","False",FALSE,TRUE
"Inflationsrechner","MASC",5,"polysyllabic","False",FALSE,TRUE
"Inflektiv","NEUT",3,"polysyllabic","False",FALSE,TRUE
"Influencer","MASC",3,"polysyllabic","False",FALSE,TRUE
"Informatiker","MASC",5,"polysyllabic","False",FALSE,TRUE
"Informationsdienst","MASC",4,"polysyllabic","False",FALSE,TRUE
"Infoscreen","MASC",3,"polysyllabic","False",FALSE,TRUE
"Infragestellen","NEUT",5,"polysyllabic","False",FALSE,TRUE
"Infrarot","NEUT",3,"polysyllabic","False",FALSE,TRUE
"Infrarotbereich","MASC",4,"polysyllabic","False",TRUE,TRUE
"Infrarotlicht","NEUT",4,"polysyllabic","False",FALSE,TRUE
"Infrarotteleskop","NEUT",6,"polysyllabic","False",FALSE,TRUE
"Ingenieur","MASC",3,"polysyllabic","False",FALSE,TRUE
"Ingrimm","MASC",2,"polysyllabic","False",TRUE,TRUE
"Ingwer","MASC",2,"polysyllabic","False",FALSE,TRUE
"Inhaber","MASC",3,"polysyllabic","False",FALSE,TRUE
"Inhalieren","NEUT",3,"polysyllabic","False",FALSE,TRUE
"Inhalt","MASC",2,"polysyllabic","False",TRUE,TRUE
"Inhaltsstoff","MASC",3,"polysyllabic","False",TRUE,TRUE
"Inhibitor","MASC",4,"polysyllabic","False",FALSE,TRUE
"Initialzünder","MASC",5,"polysyllabic","False",FALSE,TRUE
"Initiator","MASC",4,"polysyllabic","False",FALSE,TRUE
"Inkrafttreten","NEUT",4,"polysyllabic","False",FALSE,TRUE
"Inkreis","MASC",1,"monosyllabic","True",TRUE,FALSE
"Inkubator","MASC",4,"polysyllabic","False",FALSE,TRUE
"Inländer","MASC",3,"polysyllabic","False",FALSE,TRUE
"Inlaut","MASC",1,"monosyllabic","False",TRUE,TRUE
"Inlett","NEUT",2,"polysyllabic","False",TRUE,TRUE
"Inliner","MASC",3,"polysyllabic","False",FALSE,TRUE
"Inlineskate","MASC",5,"polysyllabic","False",TRUE,FALSE
"Innendruck","MASC",3,"polysyllabic","False",TRUE,TRUE
"Innenhof","MASC",3,"polysyllabic","False",TRUE,TRUE
"Innenleben","NEUT",4,"polysyllabic","False",FALSE,TRUE
"Innenminister","MASC",5,"polysyllabic","False",FALSE,TRUE
"Innenministerium","NEUT",6,"polysyllabic","False",FALSE,TRUE
"Innenohr","NEUT",3,"polysyllabic","False",TRUE,TRUE
"Innenraum","MASC",2,"polysyllabic","False",TRUE,TRUE
"Innensechskantschlüssel","MASC",6,"polysyllabic","False",FALSE,TRUE
"Innensenator","MASC",5,"polysyllabic","False",FALSE,TRUE
"Innerorbitalkomplex","MASC",7,"polysyllabic","True",TRUE,FALSE
"Insekt","NEUT",2,"polysyllabic","False",TRUE,TRUE
"Insektenbiss","MASC",4,"polysyllabic","True",TRUE,FALSE
"Insektizid","NEUT",4,"polysyllabic","False",TRUE,TRUE
"Inselberg","MASC",3,"polysyllabic","False",TRUE,TRUE
"Inselbewohner","MASC",5,"polysyllabic","False",FALSE,TRUE
"Inselchen","NEUT",3,"polysyllabic","False",FALSE,TRUE
"Inserat","NEUT",3,"polysyllabic","False",TRUE,TRUE
"Insider","MASC",3,"polysyllabic","False",FALSE,TRUE
"Insiderwitz","MASC",4,"polysyllabic","True",TRUE,FALSE
"Inspirator","MASC",4,"polysyllabic","False",FALSE,TRUE
"Instinkt","MASC",2,"polysyllabic","False",TRUE,FALSE
"Institut","NEUT",3,"polysyllabic","False",TRUE,TRUE
"Instrukteur","MASC",2,"polysyllabic","False",FALSE,TRUE
"Instruktiv","MASC",3,"polysyllabic","False",FALSE,TRUE
"Instruktor","MASC",3,"polysyllabic","False",FALSE,TRUE
"Instrument","NEUT",3,"polysyllabic","False",TRUE,TRUE
"Instrumental","MASC",4,"polysyllabic","False",FALSE,TRUE
"Instrumentenbauer","MASC",5,"polysyllabic","False",FALSE,TRUE
"Instrumentenhersteller","MASC",7,"polysyllabic","False",FALSE,TRUE
"Insulaner","MASC",4,"polysyllabic","False",FALSE,TRUE
"Insulin","NEUT",3,"polysyllabic","False",FALSE,TRUE
"Integral","NEUT",3,"polysyllabic","False",FALSE,TRUE
"Integralzeichen","NEUT",4,"polysyllabic","False",FALSE,TRUE
"Integritätsbereich","MASC",5,"polysyllabic","False",TRUE,TRUE
"Intensivtäter","MASC",5,"polysyllabic","False",FALSE,TRUE
"Interesse","NEUT",4,"polysyllabic","False",TRUE,FALSE
"Interessengebiet","NEUT",5,"polysyllabic","False",TRUE,TRUE
"Interessenkonflikt","MASC",6,"polysyllabic","False",TRUE,TRUE
"Interfix","NEUT",3,"polysyllabic","True",TRUE,FALSE
"Interhalogen","NEUT",5,"polysyllabic","False",FALSE,TRUE
"Interieur","NEUT",3,"polysyllabic","False",FALSE,TRUE
"Interim","NEUT",3,"polysyllabic","False",FALSE,TRUE
"Intermezzo","NEUT",4,"polysyllabic","False",FALSE,TRUE
"Internetanschluss","MASC",5,"polysyllabic","True",TRUE,FALSE
"Internetblog","MASC",4,"polysyllabic","False",FALSE,TRUE
"Internetzugang","MASC",5,"polysyllabic","False",FALSE,TRUE
"Internierungslager","NEUT",5,"polysyllabic","False",FALSE,TRUE
"Interrobang","NEUT",4,"polysyllabic","False",FALSE,TRUE
"Intervall","NEUT",3,"polysyllabic","False",FALSE,TRUE
"Intervenieren","NEUT",4,"polysyllabic","False",FALSE,TRUE
"Interview","NEUT",2,"polysyllabic","False",FALSE,TRUE
"Intranet","NEUT",3,"polysyllabic","False",FALSE,TRUE
"Intrusivgestein","NEUT",4,"polysyllabic","False",FALSE,TRUE
"Inverkehrbringen","NEUT",5,"polysyllabic","False",FALSE,TRUE
"Investor","MASC",3,"polysyllabic","False",FALSE,TRUE
"Iod","NEUT",1,"monosyllabic","False",TRUE,TRUE
"Iodat","NEUT",2,"polysyllabic","False",FALSE,TRUE
"Iodatom","NEUT",3,"polysyllabic","False",TRUE,TRUE
"Iodbromid","NEUT",3,"polysyllabic","False",FALSE,TRUE
"Iodid","NEUT",2,"polysyllabic","False",FALSE,TRUE
"Ion","NEUT",1,"monosyllabic","False",FALSE,TRUE
"Ionenaustausch","MASC",2,"polysyllabic","True",TRUE,TRUE
"Ionenaustauscher","MASC",3,"polysyllabic","False",FALSE,TRUE
"Iota","NEUT",2,"polysyllabic","False",FALSE,TRUE
"IPA","NEUT",2,"polysyllabic","False",FALSE,TRUE
"Iraner","MASC",3,"polysyllabic","False",FALSE,TRUE
"Iridium","NEUT",3,"polysyllabic","False",FALSE,TRUE
"Irisch","NEUT",2,"polysyllabic","True",FALSE,TRUE
"Iro","MASC",2,"polysyllabic","False",FALSE,TRUE
"Irrenarzt","MASC",3,"polysyllabic","False",TRUE,TRUE
"Irrgarten","MASC",3,"polysyllabic","False",FALSE,TRUE
"Irrlicht","NEUT",2,"polysyllabic","False",TRUE,TRUE
"Irrsal","NEUT",2,"polysyllabic","False",TRUE,TRUE
"Irrsinn","MASC",2,"polysyllabic","False",TRUE,TRUE
"Irrtum","MASC",2,"polysyllabic","False",TRUE,TRUE
"Irrweg","MASC",2,"polysyllabic","False",TRUE,TRUE
"Irrwitz","MASC",2,"polysyllabic","True",TRUE,FALSE
"Isländer","MASC",3,"polysyllabic","False",FALSE,TRUE
"Isobar","NEUT",3,"polysyllabic","False",FALSE,TRUE
"Isolani","MASC",4,"polysyllabic","False",FALSE,TRUE
"Isolierstoff","MASC",3,"polysyllabic","False",TRUE,TRUE
"Isomer","NEUT",3,"polysyllabic","False",FALSE,TRUE
"Isopren","NEUT",3,"polysyllabic","False",FALSE,TRUE
"Isoton","NEUT",3,"polysyllabic","False",FALSE,TRUE
"Isotop","NEUT",3,"polysyllabic","False",FALSE,TRUE
"Isotopenaustausch","MASC",4,"polysyllabic","True",TRUE,TRUE
"Isotopeneffekt","MASC",6,"polysyllabic","False",TRUE,TRUE
"Isotopengemisch","NEUT",6,"polysyllabic","True",FALSE,TRUE
"Israeli","MASC",3,"polysyllabic","False",FALSE,TRUE
"Istzustand","MASC",3,"polysyllabic","False",TRUE,TRUE
"Italiener","MASC",3,"polysyllabic","False",FALSE,TRUE
"Itzig","MASC",2,"polysyllabic","False",FALSE,TRUE
"Jackpot","MASC",2,"polysyllabic","False",FALSE,TRUE
"Jadeit","MASC",1,"monosyllabic","False",FALSE,TRUE
"Jagdbomber","MASC",3,"polysyllabic","False",FALSE,TRUE
"Jagdgrund","MASC",2,"polysyllabic","False",TRUE,TRUE
"Jagdhund","MASC",2,"polysyllabic","False",TRUE,TRUE
"Jagdpanzer","MASC",3,"polysyllabic","False",FALSE,TRUE
"Jäger","MASC",2,"polysyllabic","False",FALSE,TRUE
"Jägermeister","MASC",3,"polysyllabic","False",FALSE,TRUE
"Jägerschnitzel","NEUT",4,"polysyllabic","False",FALSE,TRUE
"Jaguar","MASC",2,"polysyllabic","False",FALSE,TRUE
"Jahr","NEUT",1,"monosyllabic","False",TRUE,TRUE
"Jahrbuch","NEUT",2,"polysyllabic","False",TRUE,TRUE
"Jährchen","NEUT",2,"polysyllabic","False",FALSE,TRUE
"Jahresbedarf","MASC",4,"polysyllabic","False",TRUE,TRUE
"Jahresbeginn","MASC",4,"polysyllabic","False",TRUE,TRUE
"Jahresbericht","MASC",4,"polysyllabic","False",TRUE,TRUE
"Jahresende","NEUT",4,"polysyllabic","False",TRUE,FALSE
"Jahresring","MASC",3,"polysyllabic","False",TRUE,TRUE
"Jahresrückblick","MASC",4,"polysyllabic","False",TRUE,TRUE
"Jahrestag","MASC",3,"polysyllabic","False",TRUE,TRUE
"Jahresüberschuss","MASC",5,"polysyllabic","True",TRUE,FALSE
"Jahresumsatz","MASC",4,"polysyllabic","True",TRUE,FALSE
"Jahreswechsel","MASC",4,"polysyllabic","False",FALSE,TRUE
"Jahresweltverbrauch","MASC",4,"polysyllabic","False",FALSE,TRUE
"Jahrgang","MASC",2,"polysyllabic","False",TRUE,TRUE
"Jahrhundert","NEUT",3,"polysyllabic","False",FALSE,TRUE
"Jahrhundertende","NEUT",5,"polysyllabic","False",TRUE,FALSE
"Jahrtausend","NEUT",2,"polysyllabic","False",FALSE,TRUE
"Jahrzehnt","NEUT",2,"polysyllabic","False",TRUE,TRUE
"Jammer","MASC",2,"polysyllabic","False",FALSE,TRUE
"Jammerlappen","MASC",4,"polysyllabic","False",FALSE,TRUE
"Jänner","MASC",2,"polysyllabic","False",FALSE,TRUE
"Januar","MASC",2,"polysyllabic","False",FALSE,TRUE
"Janusgesicht","NEUT",4,"polysyllabic","False",TRUE,TRUE
"Januskopf","MASC",3,"polysyllabic","False",TRUE,TRUE
"Japaner","MASC",3,"polysyllabic","False",FALSE,TRUE
"Japsen","NEUT",2,"polysyllabic","False",FALSE,TRUE
"Jar","NEUT",1,"monosyllabic","False",TRUE,FALSE
"Jargon","MASC",2,"polysyllabic","False",FALSE,TRUE
"Jasager","MASC",3,"polysyllabic","False",FALSE,TRUE
"Java-Nashorn","NEUT",4,"polysyllabic","False",TRUE,TRUE
"Jeep","MASC",1,"monosyllabic","False",FALSE,TRUE
"Jein","NEUT",0,"polysyllabic","False",FALSE,TRUE
"Jelängerjelieber","NEUT",5,"polysyllabic","False",FALSE,TRUE
"Jet","MASC",1,"monosyllabic","False",FALSE,TRUE
"Jeton","MASC",2,"polysyllabic","False",FALSE,TRUE
"Job","MASC",1,"monosyllabic","False",FALSE,TRUE
"Jobanwärter","MASC",4,"polysyllabic","False",FALSE,TRUE
"Jobeljahr","NEUT",3,"polysyllabic","False",TRUE,FALSE
"Joch","NEUT",1,"monosyllabic","False",TRUE,TRUE
"Jochbein","NEUT",1,"monosyllabic","False",TRUE,TRUE
"Jod","NEUT",1,"monosyllabic","False",TRUE,TRUE
"Jodeln","NEUT",2,"polysyllabic","False",FALSE,TRUE
"Jodid","NEUT",2,"polysyllabic","False",FALSE,TRUE
"Jodler","MASC",2,"polysyllabic","False",FALSE,TRUE
"Jogginganzug","MASC",4,"polysyllabic","False",TRUE,TRUE
"Johannisbrot","NEUT",4,"polysyllabic","False",TRUE,TRUE
"Johannisbrotgewächs","NEUT",6,"polysyllabic","True",TRUE,FALSE
"Joint","MASC",1,"monosyllabic","False",FALSE,TRUE
"Jongleur","MASC",1,"monosyllabic","False",FALSE,TRUE
"Jonglieren","NEUT",2,"polysyllabic","False",FALSE,TRUE
"Jordanier","MASC",2,"polysyllabic","False",FALSE,TRUE
"Joscha","MASC",2,"polysyllabic","False",FALSE,TRUE
"Josefskraut","NEUT",2,"polysyllabic","False",TRUE,TRUE
"Jota","NEUT",2,"polysyllabic","False",FALSE,TRUE
"Joule","NEUT",2,"polysyllabic","False",TRUE,FALSE
"Journal","NEUT",2,"polysyllabic","False",FALSE,TRUE
"Jubel","MASC",2,"polysyllabic","False",FALSE,TRUE
"Jubeljahr","NEUT",3,"polysyllabic","False",TRUE,FALSE
"Jubiläum","NEUT",2,"polysyllabic","False",FALSE,TRUE
"Jucken","NEUT",2,"polysyllabic","False",FALSE,TRUE
"Juckpulver","MASC",3,"polysyllabic","False",FALSE,TRUE
"Juckreiz","MASC",1,"monosyllabic","True",TRUE,FALSE
"Judaskuss","MASC",3,"polysyllabic","True",TRUE,FALSE
"Judaslohn","MASC",3,"polysyllabic","False",TRUE,TRUE
"Judendeutsch","NEUT",2,"polysyllabic","True",FALSE,TRUE
"Judenhass","MASC",3,"polysyllabic","True",TRUE,FALSE
"Judenhaus","NEUT",2,"polysyllabic","True",TRUE,FALSE
"Judenrat","MASC",3,"polysyllabic","False",TRUE,TRUE
"Judenstern","MASC",3,"polysyllabic","False",TRUE,TRUE
"Jüdlein","NEUT",1,"monosyllabic","False",FALSE,TRUE
"Jugendamt","MASC",3,"polysyllabic","False",TRUE,TRUE
"Jugendfreund","MASC",2,"polysyllabic","False",TRUE,TRUE
"Jugendgästehaus","NEUT",4,"polysyllabic","True",TRUE,FALSE
"Jugendstil","MASC",3,"polysyllabic","False",FALSE,TRUE
"Jugendwahn","MASC",3,"polysyllabic","False",TRUE,TRUE
"Jul","NEUT",1,"monosyllabic","False",FALSE,TRUE
"Julei","MASC",1,"monosyllabic","False",FALSE,TRUE
"Julfest","NEUT",2,"polysyllabic","False",TRUE,TRUE
"Juli","MASC",2,"polysyllabic","False",FALSE,TRUE
"Julmond","MASC",2,"polysyllabic","False",TRUE,TRUE
"Jumbojet","MASC",3,"polysyllabic","False",FALSE,TRUE
"Jumpsuit","MASC",2,"polysyllabic","False",FALSE,TRUE
"Jünger","MASC",2,"polysyllabic","False",FALSE,TRUE
"Jungfernflug","MASC",3,"polysyllabic","False",TRUE,TRUE
"Junggrammatiker","MASC",5,"polysyllabic","False",FALSE,TRUE
"Jüngling","MASC",2,"polysyllabic","False",TRUE,TRUE
"Jungmann","MASC",2,"polysyllabic","False",TRUE,TRUE
"Juni","MASC",2,"polysyllabic","False",FALSE,TRUE
"Junior","MASC",2,"polysyllabic","False",FALSE,TRUE
"Junker","MASC",2,"polysyllabic","False",FALSE,TRUE
"Junkie","MASC",1,"monosyllabic","False",TRUE,FALSE
"Juno","MASC",2,"polysyllabic","False",FALSE,TRUE
"Jupitermond","MASC",4,"polysyllabic","False",TRUE,TRUE
"Juristendeutsch","NEUT",3,"polysyllabic","True",FALSE,TRUE
"Justizausschuss","MASC",3,"polysyllabic","True",TRUE,FALSE
"Justizirrtum","MASC",4,"polysyllabic","False",FALSE,TRUE
"Justizminister","MASC",5,"polysyllabic","False",FALSE,TRUE
"Justizministerium","NEUT",6,"polysyllabic","False",FALSE,TRUE
"Juwelier","MASC",2,"polysyllabic","False",FALSE,TRUE
"Kabarett","NEUT",3,"polysyllabic","False",FALSE,TRUE
"Kabel","NEUT",2,"polysyllabic","False",FALSE,TRUE
"Käbelchen","NEUT",3,"polysyllabic","False",FALSE,TRUE
"Kabelfernsehen","NEUT",5,"polysyllabic","False",FALSE,TRUE
"Kabeljau","MASC",2,"polysyllabic","False",FALSE,TRUE
"Kabinett","NEUT",3,"polysyllabic","False",FALSE,TRUE
"Kabinettskrieg","MASC",3,"polysyllabic","False",TRUE,TRUE
"Kabriolett","MASC",3,"polysyllabic","False",FALSE,TRUE
"Kabuff","NEUT",2,"polysyllabic","False",FALSE,TRUE
"Kachelofen","MASC",4,"polysyllabic","False",FALSE,TRUE
"Kackvogel","MASC",3,"polysyllabic","False",FALSE,TRUE
"Kadaver","MASC",3,"polysyllabic","False",FALSE,TRUE
"Kadavergehorsam","MASC",6,"polysyllabic","False",FALSE,TRUE
"Kaddisch","NEUT",2,"polysyllabic","True",FALSE,TRUE
"Käfer","MASC",2,"polysyllabic","False",FALSE,TRUE
"Käferchen","NEUT",3,"polysyllabic","False",FALSE,TRUE
"Kaff","NEUT",1,"monosyllabic","False",TRUE,TRUE
"Käffchen","NEUT",2,"polysyllabic","False",FALSE,TRUE
"Kaffee","MASC",2,"polysyllabic","False",TRUE,FALSE
"Kaffeefilter","MASC",4,"polysyllabic","False",FALSE,TRUE
"Kaffeehaus","NEUT",2,"polysyllabic","True",TRUE,FALSE
"Kaffeeklatsch","MASC",3,"polysyllabic","True",TRUE,TRUE
"Kaffeelöffel","MASC",4,"polysyllabic","False",FALSE,TRUE
"Kaffeesatz","MASC",3,"polysyllabic","True",TRUE,FALSE
"Kaffeesatzlesen","NEUT",5,"polysyllabic","False",FALSE,TRUE
"Kaffeeweißer","MASC",3,"polysyllabic","False",FALSE,TRUE
"Kaffer","MASC",2,"polysyllabic","False",FALSE,TRUE
"Käfig","MASC",2,"polysyllabic","False",TRUE,TRUE
"Käfigläufer","MASC",3,"polysyllabic","False",FALSE,TRUE
"Kafka","MASC",2,"polysyllabic","False",FALSE,TRUE
"Käfter","NEUT",2,"polysyllabic","False",FALSE,TRUE
"Käfterchen","NEUT",3,"polysyllabic","False",FALSE,TRUE
"Kahlkopf","MASC",2,"polysyllabic","False",TRUE,TRUE
"Kahlkopfwürger","MASC",4,"polysyllabic","False",FALSE,TRUE
"Kahn","MASC",1,"monosyllabic","False",TRUE,TRUE
"Kai","MASC",1,"monosyllabic","False",FALSE,TRUE
"Kaiman","MASC",2,"polysyllabic","False",FALSE,TRUE
"Kainit","MASC",2,"polysyllabic","False",FALSE,TRUE
"Kainszeichen","NEUT",2,"polysyllabic","False",FALSE,TRUE
"Kairiner","MASC",3,"polysyllabic","False",FALSE,TRUE
"Kairoer","MASC",2,"polysyllabic","False",FALSE,TRUE
"Kaiserbrötchen","NEUT",4,"polysyllabic","False",FALSE,TRUE
"Kaiserhaus","NEUT",2,"polysyllabic","True",TRUE,FALSE
"Kaiserpinguin","MASC",4,"polysyllabic","False",FALSE,TRUE
"Kaiserthum","NEUT",3,"polysyllabic","False",TRUE,TRUE
"Kaisertum","NEUT",3,"polysyllabic","False",FALSE,TRUE
"Kaiserwetter","NEUT",4,"polysyllabic","False",FALSE,TRUE
"Kajal","NEUT",2,"polysyllabic","False",FALSE,TRUE
"Kakadu","MASC",3,"polysyllabic","False",FALSE,TRUE
"Kakao","MASC",2,"polysyllabic","False",FALSE,TRUE
"Kakaobaum","MASC",2,"polysyllabic","False",TRUE,TRUE
"Kalauer","MASC",2,"polysyllabic","False",FALSE,TRUE
"Kalb","NEUT",1,"monosyllabic","False",TRUE,TRUE
"Kälbchen","NEUT",2,"polysyllabic","False",FALSE,TRUE
"Kalbfleisch","NEUT",1,"monosyllabic","True",TRUE,TRUE
"Kalbsbraten","MASC",3,"polysyllabic","False",FALSE,TRUE
"Kalbsfilet","NEUT",3,"polysyllabic","False",FALSE,TRUE
"Kalender","MASC",3,"polysyllabic","False",FALSE,TRUE
"Kali","NEUT",2,"polysyllabic","False",FALSE,TRUE
"Kaliber","NEUT",3,"polysyllabic","False",FALSE,TRUE
"Kalibergbau","MASC",3,"polysyllabic","False",FALSE,TRUE
"Kalifat","NEUT",3,"polysyllabic","False",FALSE,TRUE
"Kalifeldspat","MASC",4,"polysyllabic","False",FALSE,TRUE
"Kalifornier","MASC",3,"polysyllabic","False",FALSE,TRUE
"Kalium","NEUT",2,"polysyllabic","False",FALSE,TRUE
"Kaliumamalgam","NEUT",5,"polysyllabic","False",FALSE,TRUE
"Kaliumdichromat","NEUT",5,"polysyllabic","False",FALSE,TRUE
"Kaliumoxid","NEUT",4,"polysyllabic","False",FALSE,TRUE
"Kaliumpermanganat","NEUT",6,"polysyllabic","False",FALSE,TRUE
"Kalk","MASC",1,"monosyllabic","False",TRUE,TRUE
"Kalkspat","MASC",2,"polysyllabic","False",FALSE,TRUE
"Kalkstein","MASC",1,"monosyllabic","False",TRUE,TRUE
"Kalmar","MASC",2,"polysyllabic","False",FALSE,TRUE
"Kalorimeter","NEUT",5,"polysyllabic","False",FALSE,TRUE
"Kälteschauer","MASC",3,"polysyllabic","False",FALSE,TRUE
"Kamacit","MASC",3,"polysyllabic","False",FALSE,TRUE
"Kamel","NEUT",2,"polysyllabic","False",TRUE,TRUE
"Kameramodell","NEUT",5,"polysyllabic","False",TRUE,TRUE
"Kameruner","MASC",4,"polysyllabic","False",FALSE,TRUE
"Kamikaze","MASC",4,"polysyllabic","False",TRUE,FALSE
"Kamin","MASC",2,"polysyllabic","False",TRUE,TRUE
"Kamm","MASC",1,"monosyllabic","False",TRUE,TRUE
"Kämmerchen","NEUT",3,"polysyllabic","False",FALSE,TRUE
"Kammerdiener","MASC",3,"polysyllabic","False",FALSE,TRUE
"Kämmerer","MASC",3,"polysyllabic","False",FALSE,TRUE
"Kammerjäger","MASC",4,"polysyllabic","False",FALSE,TRUE
"Kämmerlein","NEUT",2,"polysyllabic","False",FALSE,TRUE
"Kammermädchen","NEUT",4,"polysyllabic","False",FALSE,TRUE
"Kammerspiel","NEUT",2,"polysyllabic","False",TRUE,TRUE
"Kammerstück","NEUT",3,"polysyllabic","False",TRUE,TRUE
"Kamp","MASC",1,"monosyllabic","False",FALSE,TRUE
"Kampf","MASC",1,"monosyllabic","False",TRUE,TRUE
"Kampfbegriff","MASC",3,"polysyllabic","False",TRUE,TRUE
"Kampfeinsatz","MASC",2,"polysyllabic","True",TRUE,FALSE
"Kampfer","MASC",2,"polysyllabic","False",FALSE,TRUE
"Kämpfer","MASC",2,"polysyllabic","False",FALSE,TRUE
"Kampfflugzeug","NEUT",2,"polysyllabic","False",TRUE,TRUE
"Kampfhund","MASC",2,"polysyllabic","False",TRUE,TRUE
"Kampfjet","MASC",2,"polysyllabic","False",FALSE,TRUE
"Kampfläufer","MASC",2,"polysyllabic","False",FALSE,TRUE
"Kampfmittel","NEUT",3,"polysyllabic","False",FALSE,TRUE
"Kampfspiel","NEUT",1,"monosyllabic","False",TRUE,TRUE
"Kampfstoff","MASC",2,"polysyllabic","False",TRUE,TRUE
"Kampfverband","MASC",3,"polysyllabic","False",TRUE,TRUE
"Kanadier","MASC",2,"polysyllabic","False",FALSE,TRUE
"Kanal","MASC",2,"polysyllabic","False",TRUE,TRUE
"Kanaldeckel","MASC",4,"polysyllabic","False",FALSE,TRUE
"Kanapee","NEUT",3,"polysyllabic","False",TRUE,FALSE
"Kanarienvogel","MASC",4,"polysyllabic","False",FALSE,TRUE
"Känguru","NEUT",3,"polysyllabic","False",FALSE,TRUE
"Känguruh","NEUT",3,"polysyllabic","False",FALSE,TRUE
"Kanin","NEUT",2,"polysyllabic","False",FALSE,TRUE
"Kaninchen","NEUT",3,"polysyllabic","False",FALSE,TRUE
"Kaninchendraht","MASC",4,"polysyllabic","False",TRUE,TRUE
"Kaninchendrahtzaun","MASC",4,"polysyllabic","False",TRUE,TRUE
"Kanister","MASC",3,"polysyllabic","False",FALSE,TRUE
"Kännchen","NEUT",2,"polysyllabic","False",FALSE,TRUE
"Kanon","MASC",2,"polysyllabic","False",FALSE,TRUE
"Kanonenfutter","NEUT",5,"polysyllabic","False",FALSE,TRUE
"Kanonier","MASC",2,"polysyllabic","False",FALSE,TRUE
"Kanu","NEUT",2,"polysyllabic","False",FALSE,TRUE
"Kanufahrer","MASC",4,"polysyllabic","False",FALSE,TRUE
"Kanzler","MASC",2,"polysyllabic","False",FALSE,TRUE
"Kanzleramt","NEUT",3,"polysyllabic","False",TRUE,FALSE
"Kaolin","NEUT",2,"polysyllabic","False",FALSE,TRUE
"Kaolinit","MASC",3,"polysyllabic","False",FALSE,TRUE
"Kap","NEUT",1,"monosyllabic","False",FALSE,TRUE
"Kapaun","MASC",1,"monosyllabic","False",FALSE,TRUE
"Kapellmeister","MASC",3,"polysyllabic","False",FALSE,TRUE
"Kapital","NEUT",3,"polysyllabic","False",TRUE,TRUE
"Kapitalabfluss","MASC",5,"polysyllabic","True",TRUE,FALSE
"Kapitalverbrechen","NEUT",6,"polysyllabic","False",FALSE,TRUE
"Kapitalverkehr","MASC",5,"polysyllabic","False",TRUE,TRUE
"Kapitalzufluss","MASC",5,"polysyllabic","True",TRUE,FALSE
"Kapitän","MASC",3,"polysyllabic","False",TRUE,TRUE
"Kapitel","NEUT",3,"polysyllabic","False",FALSE,TRUE
"Kapitelhaus","NEUT",3,"polysyllabic","True",TRUE,FALSE
"Kaplan","MASC",2,"polysyllabic","False",FALSE,TRUE
"Kapo","MASC",2,"polysyllabic","False",FALSE,TRUE
"Kappa","NEUT",2,"polysyllabic","False",FALSE,TRUE
"Käppchen","NEUT",2,"polysyllabic","False",FALSE,TRUE
"Kaputtmachen","NEUT",4,"polysyllabic","False",FALSE,TRUE
"Kapuzenameisenwürger","MASC",7,"polysyllabic","False",FALSE,TRUE
"Kapuziner","MASC",4,"polysyllabic","False",FALSE,TRUE
"Kar","NEUT",1,"monosyllabic","False",TRUE,TRUE
"Karabiner","MASC",4,"polysyllabic","False",FALSE,TRUE
"Karacho","NEUT",3,"polysyllabic","False",FALSE,TRUE
"Karat","NEUT",2,"polysyllabic","False",TRUE,TRUE
"Karbon","NEUT",2,"polysyllabic","False",FALSE,TRUE
"Karbonatit","MASC",4,"polysyllabic","False",FALSE,TRUE
"Kardinal","MASC",3,"polysyllabic","False",FALSE,TRUE
"Kardinalskollegium","NEUT",6,"polysyllabic","False",FALSE,TRUE
"Karer","MASC",2,"polysyllabic","False",FALSE,TRUE
"Karfreitag","MASC",2,"polysyllabic","False",TRUE,TRUE
"Karlchen","NEUT",2,"polysyllabic","False",FALSE,TRUE
"Karlsruher","MASC",3,"polysyllabic","False",FALSE,TRUE
"Karmin","NEUT",2,"polysyllabic","False",FALSE,TRUE
"Karneol","MASC",2,"polysyllabic","False",FALSE,TRUE
"Karneval","MASC",3,"polysyllabic","False",FALSE,TRUE
"Karnickel","NEUT",3,"polysyllabic","False",FALSE,TRUE
"Karo","NEUT",2,"polysyllabic","False",FALSE,TRUE
"Karoass","NEUT",2,"polysyllabic","True",TRUE,FALSE
"Karolinger","MASC",4,"polysyllabic","False",FALSE,TRUE
"Karpaltunnel","MASC",4,"polysyllabic","False",FALSE,TRUE
"Karpfen","MASC",2,"polysyllabic","False",FALSE,TRUE
"Karpfenteich","MASC",2,"polysyllabic","False",TRUE,TRUE
"Karree","NEUT",2,"polysyllabic","False",TRUE,FALSE
"Karren","MASC",2,"polysyllabic","False",FALSE,TRUE
"Karriol","NEUT",2,"polysyllabic","False",FALSE,TRUE
"Karsamstag","MASC",3,"polysyllabic","False",TRUE,TRUE
"Karsee","MASC",2,"polysyllabic","False",TRUE,FALSE
"Karst","MASC",1,"monosyllabic","False",TRUE,TRUE
"Karteikasten","MASC",3,"polysyllabic","False",FALSE,TRUE
"Kartell","NEUT",2,"polysyllabic","False",TRUE,TRUE
"Kartenhaus","NEUT",2,"polysyllabic","True",TRUE,FALSE
"Kartenspiel","NEUT",2,"polysyllabic","False",TRUE,TRUE
"Kartenspieler","MASC",3,"polysyllabic","False",FALSE,TRUE
"Kartenstapel","MASC",4,"polysyllabic","False",FALSE,TRUE
"Karthager","MASC",3,"polysyllabic","False",FALSE,TRUE
"Kartoffelbrei","MASC",3,"polysyllabic","False",TRUE,TRUE
"Kartoffelchip","MASC",4,"polysyllabic","False",FALSE,TRUE
"Kartoffelpuffer","MASC",5,"polysyllabic","False",FALSE,TRUE
"Kartoffelpüree","NEUT",5,"polysyllabic","False",TRUE,FALSE
"Kartoffelsack","MASC",4,"polysyllabic","False",TRUE,TRUE
"Kartoffelsalat","MASC",5,"polysyllabic","False",TRUE,TRUE
"Kartoffelschäler","MASC",5,"polysyllabic","False",FALSE,TRUE
"Kartoffelstampfer","MASC",5,"polysyllabic","False",FALSE,TRUE
"Kartoffelteig","MASC",3,"polysyllabic","False",TRUE,TRUE
"Karton","MASC",2,"polysyllabic","False",FALSE,TRUE
"Karzinom","NEUT",3,"polysyllabic","False",FALSE,TRUE
"Käse","MASC",2,"polysyllabic","False",TRUE,FALSE
"Käseaufschnitt","MASC",3,"polysyllabic","False",FALSE,TRUE
"Käseblatt","NEUT",3,"polysyllabic","False",TRUE,TRUE
"Käseblättchen","NEUT",4,"polysyllabic","False",FALSE,TRUE
"Käsebrot","NEUT",3,"polysyllabic","False",TRUE,TRUE
"Käsehobel","MASC",4,"polysyllabic","False",FALSE,TRUE
"Käseigel","MASC",2,"polysyllabic","False",FALSE,TRUE
"Käsemacher","MASC",4,"polysyllabic","False",FALSE,TRUE
"Käsemesser","NEUT",4,"polysyllabic","False",FALSE,TRUE
"Kasino","NEUT",3,"polysyllabic","False",FALSE,TRUE
"Käskopp","MASC",2,"polysyllabic","False",FALSE,TRUE
"Kassandraruf","MASC",4,"polysyllabic","False",TRUE,TRUE
"Kassenbeleg","MASC",4,"polysyllabic","False",TRUE,TRUE
"Kassenbon","MASC",3,"polysyllabic","False",FALSE,TRUE
"Kassenschein","MASC",2,"polysyllabic","False",TRUE,TRUE
"Kassenschlager","MASC",4,"polysyllabic","False",FALSE,TRUE
"Kassenzettel","MASC",4,"polysyllabic","False",FALSE,TRUE
"Kassettenrekorder","MASC",6,"polysyllabic","False",FALSE,TRUE
"Kassierer","MASC",2,"polysyllabic","False",FALSE,TRUE
"Kassiterit","MASC",4,"polysyllabic","False",FALSE,TRUE
"Kastanienbaum","MASC",2,"polysyllabic","False",TRUE,TRUE
"Kastanienholz","NEUT",3,"polysyllabic","True",TRUE,FALSE
"Kästchen","NEUT",2,"polysyllabic","False",FALSE,TRUE
"Kasten","MASC",2,"polysyllabic","False",FALSE,TRUE
"Kastenwagen","MASC",4,"polysyllabic","False",FALSE,TRUE
"Kästlein","NEUT",1,"monosyllabic","False",FALSE,TRUE
"Kastrationskomplex","MASC",5,"polysyllabic","True",TRUE,FALSE
"Kasuar","MASC",2,"polysyllabic","False",FALSE,TRUE
"Kat","NEUT",1,"monosyllabic","False",FALSE,TRUE
"Katafalk","MASC",3,"polysyllabic","False",TRUE,TRUE
"Katalog","MASC",3,"polysyllabic","False",TRUE,TRUE
"Katalysator","MASC",5,"polysyllabic","False",FALSE,TRUE
"Katalysatorgift","NEUT",6,"polysyllabic","False",TRUE,TRUE
"Katamaran","MASC",4,"polysyllabic","False",FALSE,TRUE
"Katapult","NEUT",3,"polysyllabic","False",TRUE,TRUE
"Katarr","MASC",2,"polysyllabic","False",FALSE,TRUE
"Katarrh","MASC",2,"polysyllabic","False",FALSE,TRUE
"Katastrophenschutz","MASC",5,"polysyllabic","True",TRUE,FALSE
"Kater","MASC",2,"polysyllabic","False",FALSE,TRUE
"Kation","NEUT",2,"polysyllabic","False",FALSE,TRUE
"Kattun","MASC",2,"polysyllabic","False",TRUE,TRUE
"Katz-und-Maus-Spiel","NEUT",2,"polysyllabic","False",TRUE,TRUE
"Kätzchen","NEUT",2,"polysyllabic","False",FALSE,TRUE
"Katzenbuckel","MASC",4,"polysyllabic","False",FALSE,TRUE
"Katzencafé","NEUT",3,"polysyllabic","False",FALSE,TRUE
"Katzenfreund","MASC",2,"polysyllabic","False",TRUE,TRUE
"Katzenfutter","NEUT",4,"polysyllabic","False",FALSE,TRUE
"Katzengold","NEUT",3,"polysyllabic","False",TRUE,TRUE
"Katzenklo","NEUT",3,"polysyllabic","False",FALSE,TRUE
"Kätzlein","NEUT",1,"monosyllabic","False",FALSE,TRUE
"Kauf","MASC",0,"polysyllabic","False",TRUE,TRUE
"Käufer","MASC",1,"monosyllabic","False",FALSE,TRUE
"Kaufhaus","NEUT",0,"polysyllabic","True",TRUE,FALSE
"Kaufmann","MASC",1,"monosyllabic","False",TRUE,TRUE
"Kaufmanns-Und","NEUT",2,"polysyllabic","False",FALSE,TRUE
"Kaufpreis","MASC",0,"polysyllabic","True",TRUE,FALSE
"Kaugummi","NEUT",2,"polysyllabic","False",FALSE,TRUE
"Kautschuk","MASC",1,"monosyllabic","False",FALSE,TRUE
"Kauz","MASC",0,"polysyllabic","True",TRUE,FALSE
"Kavalier","MASC",2,"polysyllabic","False",FALSE,TRUE
"Kavaliersdelikt","NEUT",4,"polysyllabic","False",TRUE,TRUE
"Kaviar","MASC",2,"polysyllabic","False",FALSE,TRUE
"Kaviarlöffel","MASC",4,"polysyllabic","False",FALSE,TRUE
"Kebab","NEUT",2,"polysyllabic","False",FALSE,TRUE
"Kebsweib","NEUT",1,"monosyllabic","False",TRUE,TRUE
"Kefir","MASC",2,"polysyllabic","False",FALSE,TRUE
"Kegel","MASC",2,"polysyllabic","False",FALSE,TRUE
"Kegelstumpf","MASC",3,"polysyllabic","False",TRUE,TRUE
"Kegelverein","MASC",3,"polysyllabic","False",TRUE,TRUE
"Kehllaut","MASC",1,"monosyllabic","False",TRUE,TRUE
"Kehr","MASC",1,"monosyllabic","False",FALSE,TRUE
"Kehrer","MASC",2,"polysyllabic","False",FALSE,TRUE
"Kehricht","MASC",2,"polysyllabic","False",FALSE,TRUE
"Kehrreim","MASC",1,"monosyllabic","False",TRUE,TRUE
"Kehrwert","MASC",2,"polysyllabic","False",TRUE,TRUE
"Keil","MASC",0,"polysyllabic","False",TRUE,TRUE
"Keiler","MASC",1,"monosyllabic","False",FALSE,TRUE
"Keim","MASC",0,"polysyllabic","False",TRUE,TRUE
"Keimling","MASC",1,"monosyllabic","False",FALSE,TRUE
"Keksteig","MASC",1,"monosyllabic","False",TRUE,TRUE
"Kelch","MASC",1,"monosyllabic","False",TRUE,TRUE
"Kelchblatt","NEUT",2,"polysyllabic","False",TRUE,TRUE
"Keller","MASC",2,"polysyllabic","False",FALSE,TRUE
"Kellergeschoss","NEUT",4,"polysyllabic","True",TRUE,FALSE
"Kellerkind","NEUT",3,"polysyllabic","False",TRUE,TRUE
"Kellner","MASC",2,"polysyllabic","False",FALSE,TRUE
"Keltenkreuz","NEUT",2,"polysyllabic","True",TRUE,FALSE
"Keltentum","NEUT",3,"polysyllabic","False",FALSE,TRUE
"Keltiberer","MASC",4,"polysyllabic","False",FALSE,TRUE
"Kelvin","NEUT",2,"polysyllabic","False",FALSE,TRUE
"Kenner","MASC",2,"polysyllabic","False",FALSE,TRUE
"Kennmal","NEUT",2,"polysyllabic","False",TRUE,TRUE
"Kennwort","NEUT",2,"polysyllabic","False",TRUE,TRUE
"Kennzeichen","NEUT",2,"polysyllabic","False",FALSE,TRUE
"Kerbel","MASC",2,"polysyllabic","False",FALSE,TRUE
"Kerbholz","NEUT",2,"polysyllabic","True",TRUE,FALSE
"Kerbtier","NEUT",1,"monosyllabic","False",TRUE,TRUE
"Kerf","MASC",1,"monosyllabic","False",TRUE,TRUE
"Kerker","MASC",2,"polysyllabic","False",FALSE,TRUE
"Kerl","MASC",1,"monosyllabic","False",FALSE,TRUE
"Kerlchen","NEUT",2,"polysyllabic","False",FALSE,TRUE
"Kern","MASC",1,"monosyllabic","False",TRUE,TRUE
"Kernbaustein","MASC",1,"monosyllabic","False",TRUE,TRUE
"Kernbeißer","MASC",2,"polysyllabic","False",FALSE,TRUE
"Kernbrennstoff","MASC",3,"polysyllabic","False",TRUE,TRUE
"Kerngebiet","NEUT",2,"polysyllabic","False",TRUE,TRUE
"Kerngehäuse","NEUT",3,"polysyllabic","False",TRUE,FALSE
"Kernisomer","NEUT",4,"polysyllabic","False",FALSE,TRUE
"Kernit","MASC",2,"polysyllabic","False",FALSE,TRUE
"Kernöl","NEUT",2,"polysyllabic","False",TRUE,FALSE
"Kernpunkt","MASC",2,"polysyllabic","False",FALSE,TRUE
"Kernreaktor","MASC",3,"polysyllabic","False",FALSE,TRUE
"Kernstück","NEUT",2,"polysyllabic","False",TRUE,TRUE
"Kernthema","NEUT",3,"polysyllabic","False",FALSE,TRUE
"Kernwaffenversuch","MASC",5,"polysyllabic","False",TRUE,TRUE
"Kerosin","NEUT",3,"polysyllabic","False",FALSE,TRUE
"Kerzchen","NEUT",2,"polysyllabic","False",FALSE,TRUE
"Kerzenfisch","MASC",3,"polysyllabic","True",TRUE,TRUE
"Kerzenhalter","MASC",4,"polysyllabic","False",FALSE,TRUE
"Kerzenlicht","NEUT",3,"polysyllabic","False",TRUE,TRUE
"Kerzenständer","MASC",4,"polysyllabic","False",FALSE,TRUE
"Kerzlein","NEUT",1,"monosyllabic","False",FALSE,TRUE
"Kescher","MASC",2,"polysyllabic","False",FALSE,TRUE
"Kessel","MASC",2,"polysyllabic","False",FALSE,TRUE
"Kesselchen","NEUT",3,"polysyllabic","False",FALSE,TRUE
"Kesselhaus","NEUT",2,"polysyllabic","True",TRUE,FALSE
"Kesselstein","MASC",2,"polysyllabic","False",TRUE,TRUE
"Ketamin","NEUT",3,"polysyllabic","False",FALSE,TRUE
"Keton","NEUT",2,"polysyllabic","False",FALSE,TRUE
"Kettchen","NEUT",2,"polysyllabic","False",FALSE,TRUE
"Kettenblatt","NEUT",3,"polysyllabic","False",TRUE,TRUE
"Kettenhemd","NEUT",3,"polysyllabic","False",TRUE,TRUE
"Kettenhund","MASC",3,"polysyllabic","False",TRUE,TRUE
"Kettenmolekül","NEUT",5,"polysyllabic","False",FALSE,TRUE
"Kettenraucher","MASC",3,"polysyllabic","False",FALSE,TRUE
"Kettenschutz","MASC",3,"polysyllabic","True",TRUE,FALSE
"Kettlein","NEUT",1,"monosyllabic","False",FALSE,TRUE
"Ketzer","MASC",2,"polysyllabic","False",FALSE,TRUE
"Keuchhusten","MASC",2,"polysyllabic","False",FALSE,TRUE
"Keulenschlag","MASC",2,"polysyllabic","False",TRUE,TRUE
"Keuschheitsgürtel","MASC",2,"polysyllabic","False",FALSE,TRUE
"Kfz-Kennzeichen","NEUT",2,"polysyllabic","False",FALSE,TRUE
"Khan","MASC",1,"monosyllabic","False",TRUE,TRUE
"Khanat","NEUT",2,"polysyllabic","False",TRUE,TRUE
"Kiba","MASC",2,"polysyllabic","False",FALSE,TRUE
"Kichern","NEUT",2,"polysyllabic","False",FALSE,TRUE
"Kick","MASC",1,"monosyllabic","False",FALSE,TRUE
"Kicker","MASC",2,"polysyllabic","False",FALSE,TRUE
"Kiebitz","MASC",1,"monosyllabic","True",TRUE,FALSE
"Kiefernholz","NEUT",2,"polysyllabic","True",TRUE,FALSE
"Kiefernwald","MASC",2,"polysyllabic","False",TRUE,TRUE
"Kiefernwäldchen","NEUT",3,"polysyllabic","False",FALSE,TRUE
"Kiefernzapfen","MASC",3,"polysyllabic","False",FALSE,TRUE
"Kiefernzweig","MASC",1,"monosyllabic","False",FALSE,TRUE
"Kiel","NEUT",0,"polysyllabic","False",TRUE,TRUE
"Kieler","MASC",1,"monosyllabic","False",FALSE,TRUE
"Kielschwein","NEUT",0,"polysyllabic","False",TRUE,TRUE
"Kielwasser","NEUT",2,"polysyllabic","False",FALSE,TRUE
"Kien","MASC",0,"polysyllabic","False",TRUE,TRUE
"Kienspan","MASC",1,"monosyllabic","False",TRUE,TRUE
"Kiesel","MASC",1,"monosyllabic","False",FALSE,TRUE
"Kieselstein","MASC",1,"monosyllabic","False",TRUE,TRUE
"Kiez","MASC",0,"polysyllabic","True",TRUE,FALSE
"Kiffer","MASC",2,"polysyllabic","False",FALSE,TRUE
"Killer","MASC",2,"polysyllabic","False",FALSE,TRUE
"Kilobyte","NEUT",4,"polysyllabic","False",TRUE,FALSE
"Kilogramm","NEUT",3,"polysyllabic","False",FALSE,TRUE
"Kilojoule","NEUT",4,"polysyllabic","False",TRUE,FALSE
"Kilometer","MASC",4,"polysyllabic","False",FALSE,TRUE
"Kilometergeld","NEUT",5,"polysyllabic","False",TRUE,TRUE
"Kilometerstand","MASC",5,"polysyllabic","False",TRUE,TRUE
"Kilometerstein","MASC",4,"polysyllabic","False",TRUE,TRUE
"Kilometerzähler","MASC",6,"polysyllabic","False",FALSE,TRUE
"Kilowatt","NEUT",3,"polysyllabic","False",FALSE,TRUE
"Kilt","MASC",1,"monosyllabic","False",TRUE,TRUE
"Kimberlit","MASC",3,"polysyllabic","False",FALSE,TRUE
"Kind","NEUT",1,"monosyllabic","False",TRUE,TRUE
"Kindbett","NEUT",2,"polysyllabic","False",TRUE,TRUE
"Kindchen","NEUT",2,"polysyllabic","False",FALSE,TRUE
"Kindelein","NEUT",2,"polysyllabic","False",FALSE,TRUE
"Kinderbuch","NEUT",3,"polysyllabic","False",TRUE,TRUE
"Kinderficker","MASC",4,"polysyllabic","False",FALSE,TRUE
"Kindergarten","MASC",4,"polysyllabic","False",FALSE,TRUE
"Kindergartenkind","NEUT",5,"polysyllabic","False",TRUE,TRUE
"Kindergärtner","MASC",4,"polysyllabic","False",FALSE,TRUE
"Kindergeld","NEUT",3,"polysyllabic","False",TRUE,TRUE
"Kinderheim","NEUT",2,"polysyllabic","False",TRUE,TRUE
"Kindermädchen","NEUT",4,"polysyllabic","False",FALSE,TRUE
"Kindermesser","NEUT",4,"polysyllabic","False",FALSE,TRUE
"Kindermord","MASC",3,"polysyllabic","False",TRUE,TRUE
"Kindermund","MASC",3,"polysyllabic","False",TRUE,TRUE
"Kinderschänder","MASC",4,"polysyllabic","False",FALSE,TRUE
"Kinderschuh","MASC",3,"polysyllabic","False",TRUE,TRUE
"Kinderspiel","NEUT",2,"polysyllabic","False",TRUE,TRUE
"Kindertransport","MASC",4,"polysyllabic","False",TRUE,TRUE
"Kinderwagen","MASC",4,"polysyllabic","False",FALSE,TRUE
"Kinderwunsch","MASC",3,"polysyllabic","True",TRUE,TRUE
"Kinderzimmer","NEUT",4,"polysyllabic","False",FALSE,TRUE
"Kindeskind","NEUT",3,"polysyllabic","False",TRUE,TRUE
"Kindeswohl","NEUT",3,"polysyllabic","False",TRUE,TRUE
"Kindlein","NEUT",1,"monosyllabic","False",FALSE,TRUE
"Kindstod","MASC",2,"polysyllabic","False",TRUE,TRUE
"Kinn","NEUT",1,"monosyllabic","False",TRUE,TRUE
"Kinnbart","MASC",2,"polysyllabic","False",TRUE,TRUE
"Kino","NEUT",2,"polysyllabic","False",FALSE,TRUE
"Kinobesucher","MASC",5,"polysyllabic","False",FALSE,TRUE
"Kippelement","MASC",4,"polysyllabic","False",TRUE,TRUE
"Kirchelchen","NEUT",3,"polysyllabic","False",FALSE,TRUE
"Kirchenbann","MASC",3,"polysyllabic","False",TRUE,TRUE
"Kirchenfenster","NEUT",4,"polysyllabic","False",FALSE,TRUE
"Kirchengestühl","NEUT",4,"polysyllabic","False",TRUE,TRUE
"Kirchenmusiker","MASC",5,"polysyllabic","False",FALSE,TRUE
"Kirchenschiff","NEUT",3,"polysyllabic","False",TRUE,TRUE
"Kirchenstaat","MASC",3,"polysyllabic","False",TRUE,TRUE
"Kirchenvater","MASC",4,"polysyllabic","False",FALSE,TRUE
"Kirchgänger","MASC",3,"polysyllabic","False",FALSE,TRUE
"Kirchhof","MASC",2,"polysyllabic","False",TRUE,TRUE
"Kirchlein","NEUT",1,"monosyllabic","False",FALSE,TRUE
"Kirchturm","MASC",2,"polysyllabic","False",TRUE,TRUE
"Kirschbaum","MASC",1,"monosyllabic","False",TRUE,TRUE
"Kirschkern","MASC",2,"polysyllabic","False",TRUE,TRUE
"Kirschkuchen","MASC",3,"polysyllabic","False",FALSE,TRUE
"Kirschwasser","NEUT",3,"polysyllabic","False",FALSE,TRUE
"Kissen","NEUT",2,"polysyllabic","False",FALSE,TRUE
"Kistchen","NEUT",2,"polysyllabic","False",FALSE,TRUE
"Kistlein","NEUT",1,"monosyllabic","False",FALSE,TRUE
"Kitsch","MASC",1,"monosyllabic","True",TRUE,TRUE
"Kitt","MASC",1,"monosyllabic","False",TRUE,TRUE
"Kittchen","NEUT",2,"polysyllabic","False",FALSE,TRUE
"Kittel","MASC",2,"polysyllabic","False",FALSE,TRUE
"Kittelchen","NEUT",3,"polysyllabic","False",FALSE,TRUE
"Kitzler","MASC",2,"polysyllabic","False",FALSE,TRUE
"Klabautermann","MASC",3,"polysyllabic","False",TRUE,TRUE
"Klacks","MASC",1,"monosyllabic","True",TRUE,FALSE
"Kladderadatsch","MASC",4,"polysyllabic","True",TRUE,TRUE
"Kläffen","NEUT",2,"polysyllabic","False",FALSE,TRUE
"Klagelied","NEUT",2,"polysyllabic","False",TRUE,TRUE
"Kläger","MASC",2,"polysyllabic","False",FALSE,TRUE
"Klageweib","NEUT",2,"polysyllabic","False",TRUE,TRUE
"Klan","MASC",1,"monosyllabic","False",FALSE,TRUE
"Klang","MASC",1,"monosyllabic","False",TRUE,TRUE
"Klangbild","NEUT",2,"polysyllabic","False",TRUE,TRUE
"Klappentext","MASC",3,"polysyllabic","False",TRUE,TRUE
"Klappertopf","MASC",3,"polysyllabic","False",TRUE,TRUE
"Klappstuhl","MASC",2,"polysyllabic","False",TRUE,TRUE
"Klarinettenkonzert","NEUT",6,"polysyllabic","False",FALSE,TRUE
"Klartext","MASC",2,"polysyllabic","False",TRUE,TRUE
"Klartraum","MASC",1,"monosyllabic","False",TRUE,TRUE
"Klassenlehrer","MASC",4,"polysyllabic","False",FALSE,TRUE
"Klassenpfad","MASC",3,"polysyllabic","False",TRUE,TRUE
"Klassentreffen","NEUT",4,"polysyllabic","False",FALSE,TRUE
"Klassenzimmer","NEUT",4,"polysyllabic","False",FALSE,TRUE
"Klathrat","NEUT",2,"polysyllabic","False",TRUE,TRUE
"Klatsch","MASC",1,"monosyllabic","True",TRUE,TRUE
"Klatschen","NEUT",2,"polysyllabic","False",FALSE,TRUE
"Klauen","NEUT",1,"monosyllabic","False",FALSE,TRUE
"Klavier","NEUT",1,"monosyllabic","False",TRUE,TRUE
"Klavierkonzert","NEUT",3,"polysyllabic","False",FALSE,TRUE
"Klavierlehrer","MASC",3,"polysyllabic","False",FALSE,TRUE
"Klavierschüler","MASC",3,"polysyllabic","False",FALSE,TRUE
"Klavierspiel","NEUT",1,"monosyllabic","False",TRUE,TRUE
"Klavierspieler","MASC",2,"polysyllabic","False",FALSE,TRUE
"Klebeband","NEUT",3,"polysyllabic","False",TRUE,TRUE
"Kleber","MASC",2,"polysyllabic","False",FALSE,TRUE
"Kleberand","MASC",3,"polysyllabic","False",TRUE,TRUE
"Klebereiweiß","NEUT",2,"polysyllabic","True",TRUE,FALSE
"Klebestreifen","MASC",3,"polysyllabic","False",FALSE,TRUE
"Klebrand","MASC",2,"polysyllabic","False",TRUE,TRUE
"Klebstoff","MASC",2,"polysyllabic","False",TRUE,TRUE
"Klecks","MASC",1,"monosyllabic","True",TRUE,FALSE
"Klee","MASC",1,"monosyllabic","False",TRUE,FALSE
"Kleeblatt","NEUT",2,"polysyllabic","False",TRUE,TRUE
"Kleeblättchen","NEUT",3,"polysyllabic","False",FALSE,TRUE
"Kleiber","MASC",1,"monosyllabic","False",FALSE,TRUE
"Kleid","NEUT",0,"polysyllabic","False",TRUE,TRUE
"Kleidchen","NEUT",1,"monosyllabic","False",FALSE,TRUE
"Kleiden","NEUT",1,"monosyllabic","False",FALSE,TRUE
"Kleiderbügel","MASC",3,"polysyllabic","False",FALSE,TRUE
"Kleiderhaken","MASC",3,"polysyllabic","False",FALSE,TRUE
"Kleiderschrank","MASC",2,"polysyllabic","False",TRUE,TRUE
"Kleiderständer","MASC",3,"polysyllabic","False",FALSE,TRUE
"Kleiderstoff","MASC",2,"polysyllabic","False",TRUE,TRUE
"Kleinbürger","MASC",2,"polysyllabic","False",FALSE,TRUE
"Kleingeist","MASC",0,"polysyllabic","False",TRUE,TRUE
"Kleinhirn","NEUT",1,"monosyllabic","False",TRUE,TRUE
"Kleinholz","NEUT",1,"monosyllabic","True",TRUE,FALSE
"Kleinkind","NEUT",1,"monosyllabic","False",TRUE,TRUE
"Kleinkrieg","MASC",0,"polysyllabic","False",TRUE,TRUE
"Kleinmut","MASC",1,"monosyllabic","False",TRUE,TRUE
"Kleinod","NEUT",1,"monosyllabic","False",TRUE,TRUE
"Kleinpudel","MASC",2,"polysyllabic","False",FALSE,TRUE
"Kleinstaat","MASC",1,"monosyllabic","False",TRUE,TRUE
"Kleintier","NEUT",0,"polysyllabic","False",TRUE,TRUE
"Kleinwagen","MASC",2,"polysyllabic","False",FALSE,TRUE
"Kleister","MASC",1,"monosyllabic","False",FALSE,TRUE
"Klemmbrett","NEUT",2,"polysyllabic","False",TRUE,TRUE
"Klemmer","MASC",2,"polysyllabic","False",FALSE,TRUE
"Klempner","MASC",2,"polysyllabic","False",FALSE,TRUE
"Kleriker","MASC",3,"polysyllabic","False",FALSE,TRUE
"Klettergarten","MASC",4,"polysyllabic","False",FALSE,TRUE
"Kletterschuh","MASC",3,"polysyllabic","False",TRUE,TRUE
"Klettverschluss","MASC",3,"polysyllabic","True",TRUE,FALSE
"Klicker","MASC",2,"polysyllabic","False",FALSE,TRUE
"Klicklaut","MASC",1,"monosyllabic","False",TRUE,TRUE
"Kliff","NEUT",1,"monosyllabic","False",FALSE,TRUE
"Klima","NEUT",2,"polysyllabic","False",FALSE,TRUE
"Klimaleugner","MASC",3,"polysyllabic","False",FALSE,TRUE
"Klinker","MASC",2,"polysyllabic","False",FALSE,TRUE
"Klinopyroxen","MASC",5,"polysyllabic","False",FALSE,TRUE
"Klippdachs","MASC",2,"polysyllabic","True",TRUE,FALSE
"Klirren","NEUT",2,"polysyllabic","False",FALSE,TRUE
"Klischee","NEUT",2,"polysyllabic","False",TRUE,FALSE
"Klitikon","NEUT",3,"polysyllabic","False",FALSE,TRUE
"Klo","NEUT",1,"monosyllabic","False",FALSE,TRUE
"Kloakenräumer","MASC",3,"polysyllabic","False",FALSE,TRUE
"Kloakentier","NEUT",2,"polysyllabic","False",TRUE,TRUE
"Klodeckel","MASC",3,"polysyllabic","False",FALSE,TRUE
"Klon","MASC",1,"monosyllabic","False",FALSE,TRUE
"Klopapier","NEUT",2,"polysyllabic","False",TRUE,TRUE
"Klopfer","MASC",2,"polysyllabic","False",FALSE,TRUE
"Klops","MASC",1,"monosyllabic","True",TRUE,FALSE
"Klosett","NEUT",2,"polysyllabic","False",FALSE,TRUE
"Kloß","MASC",1,"monosyllabic","True",TRUE,FALSE
"Klößchen","NEUT",2,"polysyllabic","False",FALSE,TRUE
"Kloster","NEUT",2,"polysyllabic","False",FALSE,TRUE
"Klotz","MASC",1,"monosyllabic","True",TRUE,FALSE
"Klötzchen","NEUT",2,"polysyllabic","False",FALSE,TRUE
"Klubchef","MASC",2,"polysyllabic","False",FALSE,TRUE
"Klugscheißer","MASC",2,"polysyllabic","False",FALSE,TRUE
"Klümpchen","NEUT",2,"polysyllabic","False",FALSE,TRUE
"Klumpen","MASC",2,"polysyllabic","False",FALSE,TRUE
"Klüngel","MASC",2,"polysyllabic","False",FALSE,TRUE
"Knabberzeug","NEUT",2,"polysyllabic","False",TRUE,TRUE
"Knäbchen","NEUT",2,"polysyllabic","False",FALSE,TRUE
"Knäbelein","NEUT",2,"polysyllabic","False",FALSE,TRUE
"Knabenficker","MASC",4,"polysyllabic","False",FALSE,TRUE
"Knäblein","NEUT",1,"monosyllabic","False",FALSE,TRUE
"Knackarsch","MASC",2,"polysyllabic","True",TRUE,FALSE
"Knäckebrot","NEUT",3,"polysyllabic","False",TRUE,TRUE
"Knacklaut","MASC",1,"monosyllabic","False",TRUE,TRUE
"Knackpunkt","MASC",2,"polysyllabic","False",TRUE,TRUE
"Knall","MASC",1,"monosyllabic","False",TRUE,TRUE
"Knallbonbon","MASC",3,"polysyllabic","False",FALSE,TRUE
"Knallfrosch","MASC",2,"polysyllabic","True",TRUE,TRUE
"Knallsilber","NEUT",3,"polysyllabic","False",FALSE,TRUE
"Knast","MASC",1,"monosyllabic","False",TRUE,TRUE
"Knaster","MASC",2,"polysyllabic","False",FALSE,TRUE
"Knauf","MASC",0,"polysyllabic","False",TRUE,TRUE
"Knebel","MASC",2,"polysyllabic","False",FALSE,TRUE
"Knecht","MASC",1,"monosyllabic","False",TRUE,TRUE
"Knecht Ruprecht","MASC",3,"polysyllabic","False",FALSE,TRUE
"Kneipier","MASC",0,"polysyllabic","False",FALSE,TRUE
"Knick","MASC",1,"monosyllabic","False",TRUE,TRUE
"Knie","NEUT",0,"polysyllabic","False",TRUE,FALSE
"Kniefall","MASC",1,"monosyllabic","False",TRUE,TRUE
"Kniegelenk","NEUT",2,"polysyllabic","False",TRUE,TRUE
"Kniff","MASC",1,"monosyllabic","False",TRUE,TRUE
"Knipser","MASC",2,"polysyllabic","False",FALSE,TRUE
"Knirps","MASC",1,"monosyllabic","True",TRUE,FALSE
"Knitter","MASC",2,"polysyllabic","False",FALSE,TRUE
"Knoblauch","MASC",1,"monosyllabic","False",TRUE,TRUE
"Knoblauchbrot","NEUT",2,"polysyllabic","False",TRUE,TRUE
"Knöchel","MASC",2,"polysyllabic","False",FALSE,TRUE
"Knochen","MASC",2,"polysyllabic","False",FALSE,TRUE
"Knochenbau","MASC",2,"polysyllabic","False",TRUE,TRUE
"Knochenbruch","MASC",3,"polysyllabic","False",TRUE,TRUE
"Knochenfisch","MASC",3,"polysyllabic","True",TRUE,TRUE
"Knochengerüst","NEUT",4,"polysyllabic","False",TRUE,TRUE
"Knochenjob","MASC",3,"polysyllabic","False",FALSE,TRUE
"Knochenkrebs","MASC",3,"polysyllabic","True",TRUE,FALSE
"Knochenmark","NEUT",3,"polysyllabic","False",FALSE,TRUE
"Knochenschwund","MASC",3,"polysyllabic","False",TRUE,TRUE
"Knochenwachstum","NEUT",4,"polysyllabic","False",FALSE,TRUE
"Knöchlein","NEUT",1,"monosyllabic","False",FALSE,TRUE
"Knock-out","MASC",2,"polysyllabic","False",FALSE,TRUE
"Knofel","MASC",2,"polysyllabic","False",FALSE,TRUE
"Knofi","MASC",2,"polysyllabic","False",FALSE,TRUE
"Knöllchen","NEUT",2,"polysyllabic","False",FALSE,TRUE
"Knopfdruck","MASC",2,"polysyllabic","False",TRUE,TRUE
"Knöpfen","NEUT",2,"polysyllabic","False",FALSE,TRUE
"Knopfloch","NEUT",2,"polysyllabic","False",TRUE,TRUE
"Knorpel","MASC",2,"polysyllabic","False",FALSE,TRUE
"Knorpelfisch","MASC",3,"polysyllabic","True",TRUE,TRUE
"Knoten","MASC",2,"polysyllabic","False",FALSE,TRUE
"Knotenpunkt","MASC",3,"polysyllabic","False",TRUE,TRUE
"Knöterich","MASC",3,"polysyllabic","False",FALSE,TRUE
"Know-how","NEUT",2,"polysyllabic","False",FALSE,TRUE
"Knubbel","MASC",2,"polysyllabic","False",FALSE,TRUE
"Knübbelchen","NEUT",3,"polysyllabic","False",FALSE,TRUE
"Knüppel","MASC",2,"polysyllabic","False",FALSE,TRUE
"Knüppeldamm","MASC",3,"polysyllabic","False",TRUE,TRUE
"Knurren","NEUT",2,"polysyllabic","False",FALSE,TRUE
"Knurrhahn","MASC",2,"polysyllabic","False",TRUE,TRUE
"Knust","MASC",1,"monosyllabic","False",TRUE,FALSE
"Knutschfleck","MASC",2,"polysyllabic","False",TRUE,TRUE
"Knüttel","MASC",2,"polysyllabic","False",FALSE,TRUE
"Koalitionspartner","MASC",5,"polysyllabic","False",FALSE,TRUE
"Koalitionsvertrag","MASC",5,"polysyllabic","False",TRUE,TRUE
"Koch","NEUT",1,"monosyllabic","False",TRUE,TRUE
"Köcher","MASC",2,"polysyllabic","False",FALSE,TRUE
"Kochfeld","NEUT",2,"polysyllabic","False",TRUE,TRUE
"Kochlöffel","MASC",3,"polysyllabic","False",FALSE,TRUE
"Kochmesser","NEUT",3,"polysyllabic","False",FALSE,TRUE
"Kochrezept","NEUT",3,"polysyllabic","False",TRUE,TRUE
"Kochsalz","NEUT",2,"polysyllabic","True",TRUE,FALSE
"Kochtopf","MASC",2,"polysyllabic","False",TRUE,TRUE
"Kode","MASC",2,"polysyllabic","False",TRUE,FALSE
"Köder","MASC",2,"polysyllabic","False",FALSE,TRUE
"Kodex","MASC",2,"polysyllabic","True",TRUE,FALSE
"Koenzym","NEUT",2,"polysyllabic","False",FALSE,TRUE
"Koffein","NEUT",1,"monosyllabic","False",FALSE,TRUE
"Koffer","MASC",2,"polysyllabic","False",FALSE,TRUE
"Kofferradio","NEUT",4,"polysyllabic","False",FALSE,TRUE
"Kofferraum","MASC",2,"polysyllabic","False",TRUE,TRUE
"Kofferwort","NEUT",3,"polysyllabic","False",TRUE,TRUE
"Kogel","MASC",2,"polysyllabic","False",FALSE,TRUE
"Kognak","MASC",2,"polysyllabic","False",FALSE,TRUE
"Kohl","MASC",1,"monosyllabic","False",TRUE,TRUE
"Kohldampf","MASC",2,"polysyllabic","False",TRUE,TRUE
"Kohleabbau","MASC",2,"polysyllabic","False",FALSE,TRUE
"Kohlebergbau","MASC",3,"polysyllabic","False",FALSE,TRUE
"Kohlebergwerk","NEUT",4,"polysyllabic","False",TRUE,TRUE
"Kohlenhydrat","NEUT",4,"polysyllabic","False",TRUE,TRUE
"Kohlenhydrathaushalt","MASC",5,"polysyllabic","False",TRUE,TRUE
"Kohlenstoff","MASC",3,"polysyllabic","False",TRUE,TRUE
"Kohlenstoffatom","NEUT",5,"polysyllabic","False",FALSE,TRUE
"Kohlenstoffgehalt","MASC",5,"polysyllabic","False",FALSE,TRUE
"Kohlenwasserstoff","MASC",5,"polysyllabic","False",TRUE,TRUE
"Kohlenwasserstoffrest","MASC",6,"polysyllabic","False",TRUE,TRUE
"Köhler","MASC",2,"polysyllabic","False",FALSE,TRUE
"Kohlrabi","MASC",3,"polysyllabic","False",FALSE,TRUE
"Kohyponym","NEUT",4,"polysyllabic","False",FALSE,TRUE
"Kokon","MASC",2,"polysyllabic","False",FALSE,TRUE
"Kokosöl","NEUT",3,"polysyllabic","False",TRUE,TRUE
"Kölbchen","NEUT",2,"polysyllabic","False",FALSE,TRUE
"Kolbeckit","MASC",3,"polysyllabic","False",FALSE,TRUE
"Kolben","MASC",2,"polysyllabic","False",FALSE,TRUE
"Kolibri","MASC",3,"polysyllabic","False",FALSE,TRUE
"Kolk","MASC",1,"monosyllabic","False",TRUE,TRUE
"Kollagen","NEUT",3,"polysyllabic","False",FALSE,TRUE
"Kollateralschaden","MASC",6,"polysyllabic","False",FALSE,TRUE
"Kollektiv","NEUT",3,"polysyllabic","False",FALSE,TRUE
"Kollektivum","NEUT",4,"polysyllabic","False",FALSE,TRUE
"Koller","NEUT",2,"polysyllabic","False",FALSE,TRUE
"Kolloid","NEUT",2,"polysyllabic","False",FALSE,TRUE
"Kölner","MASC",2,"polysyllabic","False",FALSE,TRUE
"Kolonialwarenladen","MASC",7,"polysyllabic","False",FALSE,TRUE
"Kolorit","NEUT",3,"polysyllabic","False",TRUE,TRUE
"Koloss","MASC",2,"polysyllabic","True",TRUE,FALSE
"Kölschkranz","MASC",2,"polysyllabic","True",TRUE,FALSE
"Komasaufen","NEUT",3,"polysyllabic","False",FALSE,TRUE
"Kombi","MASC",2,"polysyllabic","False",FALSE,TRUE
"Kombinationsfeld","NEUT",5,"polysyllabic","False",TRUE,TRUE
"Kombinationsfeldchen","NEUT",6,"polysyllabic","False",FALSE,TRUE
"Kometenschweif","MASC",3,"polysyllabic","False",TRUE,FALSE
"Komiker","MASC",3,"polysyllabic","False",FALSE,TRUE
"Komitativ","MASC",4,"polysyllabic","False",FALSE,TRUE
"Komitee","NEUT",3,"polysyllabic","False",TRUE,FALSE
"Kommando","NEUT",3,"polysyllabic","False",FALSE,TRUE
"Kommen","NEUT",2,"polysyllabic","False",FALSE,TRUE
"Kommers","MASC",2,"polysyllabic","True",TRUE,FALSE
"Kommiss","MASC",2,"polysyllabic","True",TRUE,FALSE
"Kommissar","MASC",3,"polysyllabic","False",FALSE,TRUE
"Kommissariat","NEUT",4,"polysyllabic","False",TRUE,TRUE
"Kommissbrot","NEUT",3,"polysyllabic","False",TRUE,TRUE
"Kommodore","MASC",4,"polysyllabic","False",TRUE,FALSE
"Kommunalrecht","NEUT",4,"polysyllabic","False",TRUE,TRUE
"Komodowaran","MASC",5,"polysyllabic","False",FALSE,TRUE
"Komparativ","MASC",4,"polysyllabic","False",FALSE,TRUE
"Kompass","MASC",2,"polysyllabic","True",TRUE,FALSE
"Komplex","MASC",2,"polysyllabic","True",TRUE,FALSE
"Komplexbildner","MASC",4,"polysyllabic","False",FALSE,TRUE
"Komplexion","NEUT",3,"polysyllabic","False",FALSE,TRUE
"Komponententest","MASC",5,"polysyllabic","False",TRUE,TRUE
"Kompositionsglied","NEUT",4,"polysyllabic","False",TRUE,TRUE
"Kompositum","NEUT",4,"polysyllabic","False",FALSE,TRUE
"Kompost","MASC",2,"polysyllabic","False",TRUE,TRUE
"Kompott","NEUT",2,"polysyllabic","False",TRUE,TRUE
"Kondensationskeim","MASC",4,"polysyllabic","False",FALSE,TRUE
"Kondensatorbelag","MASC",6,"polysyllabic","False",FALSE,TRUE
"Kondensstreifen","MASC",3,"polysyllabic","False",FALSE,TRUE
"Kondom","NEUT",2,"polysyllabic","False",FALSE,TRUE
"Kondominium","NEUT",4,"polysyllabic","False",FALSE,TRUE
"Konferenzzimmer","NEUT",5,"polysyllabic","False",FALSE,TRUE
"Konfix","NEUT",2,"polysyllabic","True",TRUE,FALSE
"Konflikt","MASC",2,"polysyllabic","False",TRUE,TRUE
"Konfliktherd","MASC",3,"polysyllabic","False",TRUE,TRUE
"Konformationsisomer","NEUT",7,"polysyllabic","False",FALSE,TRUE
"Konfrontationskurs","MASC",5,"polysyllabic","True",TRUE,FALSE
"Kongress","MASC",2,"polysyllabic","True",TRUE,FALSE
"Kongsbergit","MASC",3,"polysyllabic","False",FALSE,TRUE
"König","MASC",2,"polysyllabic","False",TRUE,TRUE
"Königreich","NEUT",2,"polysyllabic","False",TRUE,TRUE
"Königsberg","NEUT",3,"polysyllabic","False",FALSE,TRUE
"Königsberger Klops","MASC",5,"polysyllabic","True",TRUE,FALSE
"Königsflügel","MASC",4,"polysyllabic","False",FALSE,TRUE
"Königsgeier","MASC",3,"polysyllabic","False",FALSE,TRUE
"Königsgelb","NEUT",3,"polysyllabic","False",FALSE,TRUE
"Königskind","NEUT",3,"polysyllabic","False",TRUE,TRUE
"Königsmord","MASC",3,"polysyllabic","False",TRUE,TRUE
"Königspinguin","MASC",4,"polysyllabic","False",FALSE,TRUE
"Königsschloss","NEUT",3,"polysyllabic","True",TRUE,FALSE
"Königsschlösschen","NEUT",4,"polysyllabic","False",FALSE,TRUE
"Königssohn","MASC",3,"polysyllabic","False",TRUE,TRUE
"Königstiger","MASC",4,"polysyllabic","False",FALSE,TRUE
"Königswetter","NEUT",4,"polysyllabic","False",FALSE,TRUE
"Königthum","NEUT",3,"polysyllabic","False",TRUE,TRUE
"Königtum","NEUT",3,"polysyllabic","False",FALSE,TRUE
"Konjunktiv","MASC",3,"polysyllabic","False",FALSE,TRUE
"Konklave","NEUT",3,"polysyllabic","False",TRUE,FALSE
"Konkordat","NEUT",3,"polysyllabic","False",TRUE,TRUE
"Konkurs","MASC",2,"polysyllabic","True",TRUE,FALSE
"Können","NEUT",2,"polysyllabic","False",FALSE,TRUE
"Konservator","MASC",4,"polysyllabic","False",FALSE,TRUE
"Konservatorium","NEUT",5,"polysyllabic","False",FALSE,TRUE
"Konsonantenstamm","MASC",5,"polysyllabic","False",TRUE,TRUE
"Konsortium","NEUT",3,"polysyllabic","False",FALSE,TRUE
"Konspirationstheoretiker","MASC",8,"polysyllabic","False",FALSE,TRUE
"Konstanzer","MASC",3,"polysyllabic","False",FALSE,TRUE
"Konstruktionswerkstoff","MASC",5,"polysyllabic","False",TRUE,TRUE
"Konsulat","NEUT",3,"polysyllabic","False",FALSE,TRUE
"Kontainer","MASC",3,"polysyllabic","False",FALSE,TRUE
"Kontakt","MASC",2,"polysyllabic","False",TRUE,TRUE
"Kontaktverbot","MASC",4,"polysyllabic","False",TRUE,TRUE
"Konter","MASC",2,"polysyllabic","False",FALSE,TRUE
"Konteradmiral","MASC",5,"polysyllabic","False",FALSE,TRUE
"Konterbier","NEUT",2,"polysyllabic","False",TRUE,TRUE
"Konterfei","NEUT",2,"polysyllabic","False",FALSE,TRUE
"Kontext","MASC",2,"polysyllabic","False",TRUE,TRUE
"Kontinent","MASC",3,"polysyllabic","False",TRUE,TRUE
"Kontor","NEUT",2,"polysyllabic","False",FALSE,TRUE
"Kontra","NEUT",2,"polysyllabic","False",FALSE,TRUE
"Kontrakt","MASC",2,"polysyllabic","False",TRUE,TRUE
"Kontrapunkt","MASC",3,"polysyllabic","False",TRUE,TRUE
"Kontrollkästchen","NEUT",4,"polysyllabic","False",FALSE,TRUE
"Kontrollraum","MASC",2,"polysyllabic","False",TRUE,TRUE
"Kontrollstab","MASC",3,"polysyllabic","False",FALSE,TRUE
"Kontrollverlust","MASC",4,"polysyllabic","False",TRUE,TRUE
"Kontrollwahn","MASC",3,"polysyllabic","False",TRUE,TRUE
"Kontrollzwang","MASC",3,"polysyllabic","False",TRUE,TRUE
"Konvikt","NEUT",2,"polysyllabic","False",TRUE,TRUE
"Konvoi","MASC",2,"polysyllabic","False",FALSE,TRUE
"Konzentrat","NEUT",3,"polysyllabic","False",TRUE,TRUE
"Konzentrationslager","NEUT",6,"polysyllabic","False",FALSE,TRUE
"Konzept","NEUT",2,"polysyllabic","False",TRUE,TRUE
"Konzern","MASC",2,"polysyllabic","False",TRUE,TRUE
"Konzernumsatz","MASC",4,"polysyllabic","True",TRUE,FALSE
"Konzert","NEUT",2,"polysyllabic","False",TRUE,TRUE
"Konzertflügel","MASC",4,"polysyllabic","False",FALSE,TRUE
"Konzerthaus","NEUT",2,"polysyllabic","True",TRUE,FALSE
"Konzertmeister","MASC",3,"polysyllabic","False",FALSE,TRUE
"Konzertsaal","MASC",3,"polysyllabic","False",TRUE,TRUE
"Konzessivsatz","MASC",4,"polysyllabic","True",TRUE,FALSE
"Konzil","NEUT",2,"polysyllabic","False",FALSE,TRUE
"Koofmich","MASC",2,"polysyllabic","False",FALSE,TRUE
"Koog","MASC",1,"monosyllabic","False",FALSE,TRUE
"Koordinatensystem","NEUT",6,"polysyllabic","False",FALSE,TRUE
"Kopf","MASC",1,"monosyllabic","False",TRUE,TRUE
"Kopfarbeiter","MASC",3,"polysyllabic","False",FALSE,TRUE
"Kopfball","MASC",2,"polysyllabic","False",TRUE,TRUE
"Köpfchen","NEUT",2,"polysyllabic","False",FALSE,TRUE
"Kopfgeldjäger","MASC",4,"polysyllabic","False",FALSE,TRUE
"Kopfgrind","MASC",2,"polysyllabic","False",TRUE,TRUE
"Kopfhörer","MASC",3,"polysyllabic","False",FALSE,TRUE
"Kopfkino","NEUT",3,"polysyllabic","False",FALSE,TRUE
"Kopfkissen","NEUT",3,"polysyllabic","False",FALSE,TRUE
"Kopfputz","MASC",2,"polysyllabic","True",TRUE,FALSE
"Kopfsalat","MASC",3,"polysyllabic","False",TRUE,TRUE
"Kopfsatz","MASC",2,"polysyllabic","True",TRUE,FALSE
"Kopfschütteln","NEUT",3,"polysyllabic","False",FALSE,TRUE
"Kopfstand","MASC",2,"polysyllabic","False",TRUE,TRUE
"Kopfsteinpflaster","NEUT",3,"polysyllabic","False",FALSE,TRUE
"Kopfsteinpflastersträßchen","NEUT",5,"polysyllabic","False",FALSE,TRUE
"Kopfsteinsträßchen","NEUT",3,"polysyllabic","False",FALSE,TRUE
"Kopftuch","NEUT",2,"polysyllabic","False",TRUE,TRUE
"Kopftuchmädchen","NEUT",4,"polysyllabic","False",FALSE,TRUE
"Kopfwort","NEUT",2,"polysyllabic","False",TRUE,TRUE
"Kopierer","MASC",2,"polysyllabic","False",FALSE,TRUE
"Koppelprodukt","NEUT",4,"polysyllabic","False",TRUE,TRUE
"Köpper","MASC",2,"polysyllabic","False",FALSE,TRUE
"Kopulativkompositum","NEUT",8,"polysyllabic","False",FALSE,TRUE
"Korallenfisch","MASC",4,"polysyllabic","True",TRUE,TRUE
"Korb","MASC",1,"monosyllabic","False",TRUE,TRUE
"Korbblütengewächs","NEUT",5,"polysyllabic","True",TRUE,FALSE
"Korbblütler","MASC",3,"polysyllabic","False",FALSE,TRUE
"Körbchen","NEUT",2,"polysyllabic","False",FALSE,TRUE
"Korbflechter","MASC",3,"polysyllabic","False",FALSE,TRUE
"Korbmacher","MASC",3,"polysyllabic","False",FALSE,TRUE
"Koriander","MASC",3,"polysyllabic","False",FALSE,TRUE
"Korinthenkacker","MASC",5,"polysyllabic","False",FALSE,TRUE
"Korkenzieher","MASC",3,"polysyllabic","False",FALSE,TRUE
"Kormoran","MASC",3,"polysyllabic","False",FALSE,TRUE
"Körnchen","NEUT",2,"polysyllabic","False",FALSE,TRUE
"Kornett","NEUT",2,"polysyllabic","False",TRUE,TRUE
"Körnlein","NEUT",1,"monosyllabic","False",FALSE,TRUE
"Korollar","NEUT",3,"polysyllabic","False",FALSE,TRUE
"Körper","MASC",2,"polysyllabic","False",FALSE,TRUE
"Körperbau","MASC",2,"polysyllabic","False",TRUE,TRUE
"Körperchen","NEUT",3,"polysyllabic","False",FALSE,TRUE
"Körperfett","NEUT",3,"polysyllabic","False",TRUE,TRUE
"Körpergeruch","MASC",4,"polysyllabic","False",TRUE,TRUE
"Körpergewicht","NEUT",4,"polysyllabic","False",TRUE,TRUE
"Körperteil","MASC",2,"polysyllabic","False",TRUE,TRUE
"Korporal","MASC",3,"polysyllabic","False",FALSE,TRUE
"Korrekturleser","MASC",5,"polysyllabic","False",FALSE,TRUE
"Korridor","MASC",3,"polysyllabic","False",FALSE,TRUE
"Korrosionsschutz","MASC",4,"polysyllabic","True",TRUE,FALSE
"Korsett","NEUT",2,"polysyllabic","False",TRUE,TRUE
"Kortholt","NEUT",2,"polysyllabic","False",TRUE,TRUE
"Kortikoid","NEUT",3,"polysyllabic","False",FALSE,TRUE
"Kortison","NEUT",3,"polysyllabic","False",FALSE,TRUE
"Korund","MASC",2,"polysyllabic","False",TRUE,TRUE
"Kosmodrom","NEUT",3,"polysyllabic","False",FALSE,TRUE
"Kostenträger","MASC",4,"polysyllabic","False",FALSE,TRUE
"Kostüm","NEUT",2,"polysyllabic","False",TRUE,TRUE
"Kotelett","NEUT",3,"polysyllabic","False",FALSE,TRUE
"Köter","MASC",2,"polysyllabic","False",FALSE,TRUE
"Kotflügel","MASC",3,"polysyllabic","False",FALSE,TRUE
"Kotstecher","MASC",3,"polysyllabic","False",FALSE,TRUE
"Kotter","MASC",2,"polysyllabic","False",FALSE,TRUE
"Kötter","MASC",2,"polysyllabic","False",FALSE,TRUE
"Kotzefresser","MASC",4,"polysyllabic","False",FALSE,TRUE
"Kozi","MASC",2,"polysyllabic","False",FALSE,TRUE
"Krabbenbrot","NEUT",3,"polysyllabic","False",TRUE,TRUE
"Krach","MASC",1,"monosyllabic","False",TRUE,TRUE
"Krächzen","NEUT",2,"polysyllabic","False",FALSE,TRUE
"Krad","NEUT",1,"monosyllabic","False",TRUE,TRUE
"Kraftakt","MASC",2,"polysyllabic","False",TRUE,TRUE
"Kräftespiel","NEUT",2,"polysyllabic","False",TRUE,TRUE
"Kraftfahrzeug","NEUT",2,"polysyllabic","False",TRUE,TRUE
"Kraftfahrzeugkennzeichen","NEUT",4,"polysyllabic","False",FALSE,TRUE
"Kraftfeld","NEUT",2,"polysyllabic","False",TRUE,TRUE
"Kraftrad","NEUT",2,"polysyllabic","False",TRUE,TRUE
"Kraftraum","MASC",1,"monosyllabic","False",TRUE,TRUE
"Kraftwagen","MASC",3,"polysyllabic","False",FALSE,TRUE
"Kraftwerk","NEUT",2,"polysyllabic","False",TRUE,TRUE
"Kraftwerkserreger","MASC",5,"polysyllabic","False",FALSE,TRUE
"Kragen","MASC",2,"polysyllabic","False",FALSE,TRUE
"Kragenspiegel","MASC",3,"polysyllabic","False",FALSE,TRUE
"Krähenfraß","MASC",3,"polysyllabic","True",TRUE,FALSE
"Krähenfuß","MASC",3,"polysyllabic","True",TRUE,FALSE
"Krähennest","NEUT",3,"polysyllabic","False",TRUE,TRUE
"Krakauer","MASC",2,"polysyllabic","False",FALSE,TRUE
"Kram","MASC",1,"monosyllabic","False",TRUE,TRUE
"Krämer","MASC",2,"polysyllabic","False",FALSE,TRUE
"Krampf","MASC",1,"monosyllabic","False",TRUE,TRUE
"Krampfanfall","MASC",3,"polysyllabic","False",FALSE,TRUE
"Kranich","MASC",2,"polysyllabic","False",FALSE,TRUE
"Kranichzug","MASC",3,"polysyllabic","False",TRUE,TRUE
"Krankenbett","NEUT",3,"polysyllabic","False",TRUE,TRUE
"Krankenhaus","NEUT",2,"polysyllabic","True",TRUE,FALSE
"Krankenhäuschen","NEUT",3,"polysyllabic","False",FALSE,TRUE
"Krankenpfleger","MASC",4,"polysyllabic","False",FALSE,TRUE
"Krankenschein","MASC",2,"polysyllabic","False",TRUE,TRUE
"Krankenstand","MASC",3,"polysyllabic","False",TRUE,TRUE
"Krankenträger","MASC",4,"polysyllabic","False",FALSE,TRUE
"Krankenwagen","MASC",4,"polysyllabic","False",FALSE,TRUE
"Krankenwärter","MASC",4,"polysyllabic","False",FALSE,TRUE
"Krankheitserreger","MASC",4,"polysyllabic","False",FALSE,TRUE
"Krankheitsfall","MASC",2,"polysyllabic","False",TRUE,TRUE
"Krankheitssymptom","NEUT",3,"polysyllabic","False",FALSE,TRUE
"Kranz","MASC",1,"monosyllabic","True",TRUE,FALSE
"Kränzlein","NEUT",1,"monosyllabic","False",FALSE,TRUE
"Krapfen","MASC",2,"polysyllabic","False",FALSE,TRUE
"Krapp","MASC",1,"monosyllabic","False",TRUE,TRUE
"Krattler","MASC",2,"polysyllabic","False",FALSE,TRUE
"Kratzer","MASC",2,"polysyllabic","False",FALSE,TRUE
"Kraut","MASC",0,"polysyllabic","False",TRUE,TRUE
"Krawall","MASC",2,"polysyllabic","False",TRUE,TRUE
"Krebs","MASC",1,"monosyllabic","True",TRUE,FALSE
"Krebsarzt","MASC",2,"polysyllabic","False",TRUE,FALSE
"Krebstier","NEUT",1,"monosyllabic","False",TRUE,TRUE
"Kredithai","MASC",3,"polysyllabic","False",TRUE,TRUE
"Kreditinstitut","NEUT",5,"polysyllabic","False",TRUE,TRUE
"Kreis","MASC",0,"polysyllabic","True",TRUE,FALSE
"Kreisabschnitt","MASC",2,"polysyllabic","False",TRUE,TRUE
"Kreisbogen","MASC",2,"polysyllabic","False",FALSE,TRUE
"Kreischen","NEUT",1,"monosyllabic","False",FALSE,TRUE
"Kreisdurchmesser","MASC",3,"polysyllabic","False",FALSE,TRUE
"Kreisel","MASC",1,"monosyllabic","False",FALSE,TRUE
"Kreiselkompass","MASC",3,"polysyllabic","True",TRUE,FALSE
"Kreislauf","MASC",0,"polysyllabic","False",TRUE,FALSE
"Kreislaufversagen","NEUT",3,"polysyllabic","False",FALSE,TRUE
"Kreissektor","MASC",2,"polysyllabic","False",FALSE,TRUE
"Kreißsaal","MASC",1,"monosyllabic","False",TRUE,TRUE
"Kreistag","MASC",1,"monosyllabic","False",TRUE,TRUE
"Kreisumfang","MASC",2,"polysyllabic","False",TRUE,TRUE
"Kreisverkehr","MASC",2,"polysyllabic","False",TRUE,TRUE
"Kreiswinkel","MASC",2,"polysyllabic","False",FALSE,TRUE
"Krematorium","NEUT",4,"polysyllabic","False",FALSE,TRUE
"Krempel","MASC",2,"polysyllabic","False",FALSE,TRUE
"Kren","MASC",1,"monosyllabic","False",TRUE,TRUE
"Kretscham","MASC",2,"polysyllabic","False",FALSE,TRUE
"Kretschmer","MASC",2,"polysyllabic","False",FALSE,TRUE
"Kreutz","NEUT",0,"polysyllabic","True",TRUE,FALSE
"Kreuz","NEUT",0,"polysyllabic","True",TRUE,FALSE
"Kreuzass","NEUT",1,"monosyllabic","True",TRUE,FALSE
"Kreuzbein","NEUT",0,"polysyllabic","False",TRUE,TRUE
"Kreuzchen","NEUT",1,"monosyllabic","False",FALSE,TRUE
"Kreuzfahrtschiff","NEUT",2,"polysyllabic","False",TRUE,TRUE
"Kreuzgewölbe","NEUT",3,"polysyllabic","False",TRUE,FALSE
"Kreuzgratgewölbe","NEUT",4,"polysyllabic","False",TRUE,FALSE
"Kreuzkümmel","MASC",2,"polysyllabic","False",FALSE,TRUE
"Kreuzrippengewölbe","NEUT",5,"polysyllabic","False",TRUE,FALSE
"Kreuzritter","MASC",2,"polysyllabic","False",FALSE,TRUE
"Kreuzschlitzschraubendreher","MASC",4,"polysyllabic","False",FALSE,TRUE
"Kreuzschlitzschraubenzieher","MASC",3,"polysyllabic","False",FALSE,TRUE
"Kreuzweg","MASC",1,"monosyllabic","False",TRUE,TRUE
"Kreuzworträtsel","NEUT",3,"polysyllabic","False",FALSE,TRUE
"Kreuzzeichen","NEUT",1,"monosyllabic","False",FALSE,TRUE
"Kreuzzug","MASC",1,"monosyllabic","False",TRUE,TRUE
"Kriechtier","NEUT",0,"polysyllabic","False",TRUE,TRUE
"Krieg","MASC",0,"polysyllabic","False",TRUE,TRUE
"Kriegen","NEUT",1,"monosyllabic","False",FALSE,TRUE
"Krieger","MASC",1,"monosyllabic","False",FALSE,TRUE
"Kriegsausbruch","MASC",1,"monosyllabic","False",TRUE,TRUE
"Kriegsbeginn","MASC",2,"polysyllabic","False",TRUE,TRUE
"Kriegsberichterstatter","MASC",5,"polysyllabic","False",FALSE,TRUE
"Kriegsende","NEUT",2,"polysyllabic","False",TRUE,FALSE
"Kriegsgefangenenlager","NEUT",6,"polysyllabic","False",FALSE,TRUE
"Kriegsgericht","NEUT",2,"polysyllabic","False",TRUE,TRUE
"Kriegsgewinnler","MASC",3,"polysyllabic","False",FALSE,TRUE
"Kriegsgott","MASC",1,"monosyllabic","False",TRUE,TRUE
"Kriegsmann","MASC",1,"monosyllabic","False",TRUE,TRUE
"Kriegsminister","MASC",3,"polysyllabic","False",FALSE,TRUE
"Kriegsministerium","NEUT",4,"polysyllabic","False",FALSE,TRUE
"Kriegsnebel","MASC",2,"polysyllabic","False",FALSE,TRUE
"Kriegsopfer","NEUT",2,"polysyllabic","False",FALSE,TRUE
"Kriegsrat","MASC",1,"monosyllabic","False",TRUE,TRUE
"Kriegsrecht","NEUT",1,"monosyllabic","False",FALSE,TRUE
"Kriegsschauplatz","MASC",1,"monosyllabic","True",TRUE,FALSE
"Kriegsschiff","NEUT",1,"monosyllabic","False",TRUE,TRUE
"Kriegsspiel","NEUT",0,"polysyllabic","False",TRUE,TRUE
"Kriegstreiber","MASC",1,"monosyllabic","False",FALSE,TRUE
"Kriegsverbrecher","MASC",3,"polysyllabic","False",FALSE,TRUE
"Kriegszitterer","MASC",3,"polysyllabic","False",FALSE,TRUE
"Kriegszustand","MASC",2,"polysyllabic","False",TRUE,TRUE
"Kriminalamt","NEUT",4,"polysyllabic","False",TRUE,TRUE
"Kriminalfall","MASC",4,"polysyllabic","False",TRUE,TRUE
"Kriminalreißer","MASC",4,"polysyllabic","False",FALSE,TRUE
"Kriminalroman","MASC",5,"polysyllabic","False",FALSE,TRUE
"Kringel","MASC",2,"polysyllabic","False",FALSE,TRUE
"Krippenspiel","NEUT",2,"polysyllabic","False",TRUE,TRUE
"Kristall","MASC",2,"polysyllabic","False",TRUE,TRUE
"Kriställchen","NEUT",3,"polysyllabic","False",FALSE,TRUE
"Kristallfeld","NEUT",3,"polysyllabic","False",TRUE,TRUE
"Kristallgitter","NEUT",4,"polysyllabic","False",FALSE,TRUE
"Kristallglas","NEUT",3,"polysyllabic","True",TRUE,FALSE
"Kristallit","MASC",3,"polysyllabic","False",FALSE,TRUE
"Kristallsystem","NEUT",4,"polysyllabic","False",FALSE,TRUE
"Kriterium","NEUT",3,"polysyllabic","False",FALSE,TRUE
"Kritiker","MASC",3,"polysyllabic","False",FALSE,TRUE
"Krokodil","NEUT",3,"polysyllabic","False",TRUE,TRUE
"Kronblatt","NEUT",2,"polysyllabic","False",TRUE,TRUE
"Kronenpinguin","MASC",4,"polysyllabic","False",FALSE,TRUE
"Kronkorken","MASC",3,"polysyllabic","False",FALSE,TRUE
"Kronrat","MASC",2,"polysyllabic","False",TRUE,TRUE
"Kropf","MASC",1,"monosyllabic","False",TRUE,TRUE
"Kröpfchen","NEUT",2,"polysyllabic","False",FALSE,TRUE
"Krückstock","MASC",2,"polysyllabic","False",TRUE,TRUE
"Krug","MASC",1,"monosyllabic","False",TRUE,TRUE
"Krügchen","NEUT",2,"polysyllabic","False",FALSE,TRUE
"Krüglein","NEUT",1,"monosyllabic","False",FALSE,TRUE
"Krümel","MASC",2,"polysyllabic","False",FALSE,TRUE
"Krümelchen","NEUT",3,"polysyllabic","False",FALSE,TRUE
"Krümmen","NEUT",2,"polysyllabic","False",FALSE,TRUE
"Krummholz","NEUT",2,"polysyllabic","True",TRUE,FALSE
"Krupp","MASC",1,"monosyllabic","False",FALSE,TRUE
"Krüppel","MASC",2,"polysyllabic","False",FALSE,TRUE
"Krustentier","NEUT",2,"polysyllabic","False",TRUE,TRUE
"Kryolith","MASC",2,"polysyllabic","False",FALSE,TRUE
"Kryolithionit","MASC",4,"polysyllabic","False",TRUE,TRUE
"Kryostat","MASC",2,"polysyllabic","False",TRUE,TRUE
"Kryovulkan","MASC",3,"polysyllabic","False",FALSE,TRUE
"Krypton","NEUT",2,"polysyllabic","False",FALSE,TRUE
"Kryptonion","NEUT",3,"polysyllabic","False",FALSE,TRUE
"Kryptonisotop","NEUT",5,"polysyllabic","False",FALSE,TRUE
"Kübel","MASC",2,"polysyllabic","False",FALSE,TRUE
"Kubikmeter","MASC",4,"polysyllabic","False",FALSE,TRUE
"Kubikzentimeter","MASC",6,"polysyllabic","False",FALSE,TRUE
"Kuboktaeder","NEUT",4,"polysyllabic","False",FALSE,TRUE
"Kuchenbesteck","NEUT",4,"polysyllabic","False",TRUE,TRUE
"Kuchenblech","NEUT",3,"polysyllabic","False",TRUE,TRUE
"Küchenbrett","NEUT",3,"polysyllabic","False",TRUE,TRUE
"Küchenchef","MASC",3,"polysyllabic","False",FALSE,TRUE
"Kuchengäbelchen","NEUT",5,"polysyllabic","False",FALSE,TRUE
"Küchengerät","NEUT",4,"polysyllabic","False",TRUE,TRUE
"Küchenlatein","NEUT",3,"polysyllabic","False",FALSE,TRUE
"Kuchenlöffel","MASC",4,"polysyllabic","False",FALSE,TRUE
"Küchenlöffel","MASC",4,"polysyllabic","False",FALSE,TRUE
"Kuchenmesser","NEUT",4,"polysyllabic","False",FALSE,TRUE
"Küchenmesser","NEUT",4,"polysyllabic","False",FALSE,TRUE
"Küchenmöbel","NEUT",4,"polysyllabic","False",FALSE,TRUE
"Küchenschrank","MASC",3,"polysyllabic","False",TRUE,TRUE
"Küchensieb","NEUT",2,"polysyllabic","False",TRUE,TRUE
"Küchentisch","MASC",3,"polysyllabic","True",TRUE,TRUE
"Küchlein","NEUT",1,"monosyllabic","False",FALSE,TRUE
"Kuckuck","MASC",2,"polysyllabic","False",FALSE,TRUE
"Kuckucksei","NEUT",2,"polysyllabic","False",TRUE,TRUE
"Kuder","MASC",2,"polysyllabic","False",FALSE,TRUE
"Kügelchen","NEUT",3,"polysyllabic","False",FALSE,TRUE
"Kugelfisch","MASC",3,"polysyllabic","True",TRUE,TRUE
"Kugelgelenk","NEUT",4,"polysyllabic","False",TRUE,TRUE
"Kugelhaufenreaktor","MASC",5,"polysyllabic","False",FALSE,TRUE
"Kugelkopf","MASC",3,"polysyllabic","False",TRUE,TRUE
"Kugellager","NEUT",4,"polysyllabic","False",FALSE,TRUE
"Kügellein","NEUT",2,"polysyllabic","False",FALSE,TRUE
"Kugelschreiber","MASC",3,"polysyllabic","False",FALSE,TRUE
"Kugelstoßen","NEUT",4,"polysyllabic","False",FALSE,TRUE
"Kugelzieher","MASC",3,"polysyllabic","False",FALSE,TRUE
"Küglein","NEUT",1,"monosyllabic","False",FALSE,TRUE
"Kuguar","MASC",2,"polysyllabic","False",FALSE,TRUE
"Kuhfladen","MASC",3,"polysyllabic","False",FALSE,TRUE
"Kühler","MASC",2,"polysyllabic","False",FALSE,TRUE
"Kühlhaus","NEUT",1,"monosyllabic","True",TRUE,FALSE
"Kühlregal","NEUT",3,"polysyllabic","False",TRUE,TRUE
"Kühlschmierstoff","MASC",2,"polysyllabic","False",TRUE,TRUE
"Kühlschrank","MASC",2,"polysyllabic","False",TRUE,TRUE
"Kühlturm","MASC",2,"polysyllabic","False",TRUE,TRUE
"Kuhmist","MASC",2,"polysyllabic","False",TRUE,TRUE
"Kuhreiher","MASC",2,"polysyllabic","False",FALSE,TRUE
"Kuhstall","MASC",2,"polysyllabic","False",TRUE,TRUE
"Kukuruz","MASC",3,"polysyllabic","True",TRUE,FALSE
"Kukuruzkolben","MASC",5,"polysyllabic","False",FALSE,TRUE
"Kult","MASC",1,"monosyllabic","False",TRUE,TRUE
"Kulturbund","MASC",3,"polysyllabic","False",TRUE,TRUE
"Kulturerbe","NEUT",4,"polysyllabic","False",TRUE,FALSE
"Kulturgut","NEUT",3,"polysyllabic","False",TRUE,TRUE
"Kulturkreis","MASC",2,"polysyllabic","True",TRUE,FALSE
"Kulturland","NEUT",3,"polysyllabic","False",TRUE,TRUE
"Kulturmuslim","MASC",4,"polysyllabic","False",FALSE,TRUE
"Kulturträger","MASC",4,"polysyllabic","False",FALSE,TRUE
"Kulturvolk","NEUT",3,"polysyllabic","False",TRUE,TRUE
"Kulturwissenschaftler","MASC",6,"polysyllabic","False",FALSE,TRUE
"Kulturwort","NEUT",3,"polysyllabic","False",TRUE,TRUE
"Kultusminister","MASC",5,"polysyllabic","False",FALSE,TRUE
"Kultusministerium","NEUT",6,"polysyllabic","False",FALSE,TRUE
"Kümmel","MASC",2,"polysyllabic","False",FALSE,TRUE
"Kummer","MASC",2,"polysyllabic","False",FALSE,TRUE
"Kummerbund","MASC",3,"polysyllabic","False",TRUE,TRUE
"Kumpan","MASC",2,"polysyllabic","False",FALSE,TRUE
"Kumpel","MASC",2,"polysyllabic","False",FALSE,TRUE
"Kumpf","MASC",1,"monosyllabic","False",TRUE,TRUE
"Kumquat","MASC",2,"polysyllabic","False",FALSE,TRUE
"Kundendienst","MASC",2,"polysyllabic","False",TRUE,TRUE
"Kundgeben","NEUT",3,"polysyllabic","False",FALSE,TRUE
"Kundgebungsteilnehmer","MASC",5,"polysyllabic","False",FALSE,TRUE
"Kündigungsschutz","MASC",4,"polysyllabic","True",TRUE,FALSE
"Kundschafter","MASC",3,"polysyllabic","False",FALSE,TRUE
"Kunkel","MASC",2,"polysyllabic","False",FALSE,TRUE
"Kunstdünger","MASC",3,"polysyllabic","False",FALSE,TRUE
"Kunstfehler","MASC",3,"polysyllabic","False",FALSE,TRUE
"Kunstflieger","MASC",2,"polysyllabic","False",FALSE,TRUE
"Kunstflug","MASC",2,"polysyllabic","False",TRUE,TRUE
"Kunsthändler","MASC",3,"polysyllabic","False",FALSE,TRUE
"Kunsthandwerk","NEUT",3,"polysyllabic","False",TRUE,TRUE
"Künstler","MASC",2,"polysyllabic","False",FALSE,TRUE
"Künstlerroman","MASC",4,"polysyllabic","False",FALSE,TRUE
"Kunstmaler","MASC",3,"polysyllabic","False",FALSE,TRUE
"Kunstraub","MASC",1,"monosyllabic","False",TRUE,TRUE
"Kunstschnee","MASC",2,"polysyllabic","False",TRUE,FALSE
"Kunstspringen","NEUT",3,"polysyllabic","False",FALSE,TRUE
"Kunststoff","MASC",2,"polysyllabic","False",TRUE,TRUE
"Kunststoffabfall","MASC",4,"polysyllabic","False",TRUE,TRUE
"Kunststoffadditiv","NEUT",5,"polysyllabic","False",TRUE,TRUE
"Kunststoffanlagenbau","MASC",5,"polysyllabic","False",TRUE,TRUE
"Kunststoffanteil","MASC",3,"polysyllabic","False",TRUE,TRUE
"Kunststoffartikel","MASC",5,"polysyllabic","False",FALSE,TRUE
"Kunststoffbecher","MASC",4,"polysyllabic","False",FALSE,TRUE
"Kunststoffbesteck","NEUT",4,"polysyllabic","False",TRUE,TRUE
"Kunststoffbeutel","MASC",3,"polysyllabic","False",FALSE,TRUE
"Kunststoffboden","MASC",4,"polysyllabic","False",FALSE,TRUE
"Kunststoffgeschirr","NEUT",4,"polysyllabic","False",TRUE,TRUE
"Kunststoffhaken","MASC",4,"polysyllabic","False",FALSE,TRUE
"Kunststoffmesser","NEUT",4,"polysyllabic","False",FALSE,TRUE
"Kunststoffrohr","NEUT",3,"polysyllabic","False",TRUE,TRUE
"Kunststoffspritzguss","MASC",4,"polysyllabic","True",TRUE,FALSE
"Kunststoffstuhl","MASC",3,"polysyllabic","False",TRUE,TRUE
"Kunststoffteller","MASC",4,"polysyllabic","False",FALSE,TRUE
"Kunststoffüberzug","MASC",5,"polysyllabic","False",TRUE,TRUE
"Kunststück","NEUT",2,"polysyllabic","False",TRUE,TRUE
"Kunstwerk","NEUT",2,"polysyllabic","False",TRUE,TRUE
"Kunstwort","NEUT",2,"polysyllabic","False",TRUE,TRUE
"Kupfer","NEUT",2,"polysyllabic","False",FALSE,TRUE
"Kupferbergbau","MASC",3,"polysyllabic","False",FALSE,TRUE
"Kupferbergwerk","NEUT",4,"polysyllabic","False",TRUE,TRUE
"Kupferdraht","MASC",3,"polysyllabic","False",FALSE,TRUE
"Kupfererz","NEUT",3,"polysyllabic","True",TRUE,FALSE
"Kupferkessel","MASC",4,"polysyllabic","False",FALSE,TRUE
"Kupferstich","MASC",3,"polysyllabic","False",TRUE,TRUE
"Kupplungspedal","NEUT",4,"polysyllabic","False",FALSE,TRUE
"Kurant","NEUT",2,"polysyllabic","False",TRUE,TRUE
"Kürass","MASC",2,"polysyllabic","True",TRUE,FALSE
"Kurator","MASC",3,"polysyllabic","False",FALSE,TRUE
"Kurbad","NEUT",2,"polysyllabic","False",TRUE,TRUE
"Kürbiskern","MASC",3,"polysyllabic","False",TRUE,TRUE
"Kürbiskernöl","NEUT",4,"polysyllabic","False",TRUE,TRUE
"Kurfürstentum","NEUT",4,"polysyllabic","False",FALSE,TRUE
"Kurier","MASC",1,"monosyllabic","False",TRUE,TRUE
"Kuriositätenkabinett","NEUT",8,"polysyllabic","False",FALSE,TRUE
"Kuriosum","NEUT",3,"polysyllabic","False",FALSE,TRUE
"Kurpfuscher","MASC",3,"polysyllabic","False",FALSE,TRUE
"Kurs","MASC",1,"monosyllabic","True",TRUE,FALSE
"Kursaal","MASC",2,"polysyllabic","False",TRUE,TRUE
"Kursbuch","NEUT",2,"polysyllabic","False",TRUE,TRUE
"Kürschner","MASC",2,"polysyllabic","False",FALSE,TRUE
"Kurzaufenthalt","MASC",3,"polysyllabic","False",FALSE,TRUE
"Kürzel","NEUT",2,"polysyllabic","False",FALSE,TRUE
"Kurznachrichtendienst","MASC",4,"polysyllabic","False",TRUE,TRUE
"Kurzschluss","MASC",2,"polysyllabic","True",TRUE,FALSE
"Kurzschwanz-Ameisenwürger","MASC",6,"polysyllabic","False",FALSE,TRUE
"Kurzstreckenlauf","MASC",3,"polysyllabic","False",TRUE,TRUE
"Kurzurlaub","MASC",2,"polysyllabic","False",TRUE,TRUE
"Kurzvokal","MASC",3,"polysyllabic","False",FALSE,TRUE
"Kurzwort","MASC",2,"polysyllabic","False",TRUE,TRUE
"Kurzzeichen","NEUT",2,"polysyllabic","False",FALSE,TRUE
"Kurzzug","MASC",2,"polysyllabic","False",TRUE,TRUE
"Kuschelkurs","MASC",3,"polysyllabic","True",TRUE,FALSE
"Kuscheltier","NEUT",2,"polysyllabic","False",TRUE,TRUE
"Kuss","MASC",1,"monosyllabic","True",TRUE,FALSE
"Küsschen","NEUT",2,"polysyllabic","False",FALSE,TRUE
"Küssen","NEUT",2,"polysyllabic","False",FALSE,TRUE
"Küstenbereich","MASC",3,"polysyllabic","False",TRUE,TRUE
"Küstengewässer","NEUT",5,"polysyllabic","False",FALSE,TRUE
"Küstennebel","MASC",4,"polysyllabic","False",FALSE,TRUE
"Küster","MASC",2,"polysyllabic","False",FALSE,TRUE
"Kutscher","MASC",2,"polysyllabic","False",FALSE,TRUE
"Kutter","MASC",2,"polysyllabic","False",FALSE,TRUE
"Kuvert","NEUT",2,"polysyllabic","False",FALSE,TRUE
"Kwass","MASC",1,"monosyllabic","True",TRUE,FALSE
"Kyanit","MASC",2,"polysyllabic","False",FALSE,TRUE
"Lab","NEUT",1,"monosyllabic","False",TRUE,TRUE
"Label","NEUT",2,"polysyllabic","False",FALSE,TRUE
"Labello","MASC",3,"polysyllabic","False",FALSE,TRUE
"Labiodental","MASC",4,"polysyllabic","False",FALSE,TRUE
"Labmagen","MASC",3,"polysyllabic","False",FALSE,TRUE
"Labor","NEUT",2,"polysyllabic","False",FALSE,TRUE
"Laboratorium","NEUT",5,"polysyllabic","False",FALSE,TRUE
"Laborgerät","NEUT",4,"polysyllabic","False",FALSE,TRUE
"Laborinstrument","NEUT",5,"polysyllabic","False",TRUE,TRUE
"Laborkittel","MASC",4,"polysyllabic","False",FALSE,TRUE
"Labormaßstab","MASC",4,"polysyllabic","False",TRUE,TRUE
"Labsal","NEUT",2,"polysyllabic","False",TRUE,TRUE
"Labyrinth","NEUT",3,"polysyllabic","False",TRUE,TRUE
"Lachen","NEUT",2,"polysyllabic","False",FALSE,TRUE
"Lacher","MASC",2,"polysyllabic","False",FALSE,TRUE
"Lachkrampf","MASC",2,"polysyllabic","False",TRUE,TRUE
"Lachs","MASC",1,"monosyllabic","True",TRUE,FALSE
"Lack","MASC",1,"monosyllabic","False",TRUE,TRUE
"Lackieren","NEUT",2,"polysyllabic","False",FALSE,TRUE
"Lackmustest","MASC",3,"polysyllabic","False",FALSE,TRUE
"Lackstock","MASC",2,"polysyllabic","False",TRUE,TRUE
"Lactat","NEUT",2,"polysyllabic","False",FALSE,TRUE
"Ladegerät","NEUT",4,"polysyllabic","False",TRUE,TRUE
"Ladekabel","NEUT",4,"polysyllabic","False",FALSE,TRUE
"Laden","MASC",2,"polysyllabic","False",FALSE,TRUE
"Ladenbesitzer","MASC",5,"polysyllabic","False",FALSE,TRUE
"Ladendieb","MASC",2,"polysyllabic","False",TRUE,TRUE
"Ladenhüter","MASC",4,"polysyllabic","False",FALSE,TRUE
"Ladentisch","MASC",3,"polysyllabic","True",TRUE,TRUE
"Lader","MASC",2,"polysyllabic","False",FALSE,TRUE
"Ladungsausgleich","MASC",2,"polysyllabic","False",TRUE,TRUE
"Lag","MASC",1,"monosyllabic","False",FALSE,TRUE
"Lageplan","MASC",3,"polysyllabic","False",TRUE,TRUE
"Lager","NEUT",2,"polysyllabic","False",FALSE,TRUE
"Lagerfeuer","NEUT",3,"polysyllabic","False",FALSE,TRUE
"Lagergefäß","NEUT",4,"polysyllabic","True",TRUE,FALSE
"Lagergeld","NEUT",3,"polysyllabic","False",TRUE,TRUE
"Lagerhaus","NEUT",2,"polysyllabic","True",TRUE,FALSE
"Lagerkoller","MASC",4,"polysyllabic","False",FALSE,TRUE
"Lagerplatz","MASC",3,"polysyllabic","True",TRUE,FALSE
"Lagerraum","MASC",2,"polysyllabic","False",TRUE,TRUE
"Lagerregal","NEUT",4,"polysyllabic","False",TRUE,TRUE
"Lagerwerkstoff","MASC",4,"polysyllabic","False",FALSE,TRUE
"Lagewort","NEUT",3,"polysyllabic","False",TRUE,TRUE
"Laib","MASC",1,"monosyllabic","False",TRUE,TRUE
"Laibchen","NEUT",2,"polysyllabic","False",FALSE,TRUE
"Laiblein","NEUT",1,"monosyllabic","False",FALSE,TRUE
"Laich","MASC",1,"monosyllabic","False",TRUE,TRUE
"Laken","NEUT",2,"polysyllabic","False",FALSE,TRUE
"Lambda","NEUT",2,"polysyllabic","False",FALSE,TRUE
"Lambdapunkt","MASC",3,"polysyllabic","False",TRUE,TRUE
"Lametta","NEUT",3,"polysyllabic","False",FALSE,TRUE
"Laminat","NEUT",3,"polysyllabic","False",FALSE,TRUE
"Lamm","NEUT",1,"monosyllabic","False",TRUE,TRUE
"Lammbraten","MASC",3,"polysyllabic","False",FALSE,TRUE
"Lämmchen","NEUT",2,"polysyllabic","False",FALSE,TRUE
"Lämmerschwanz","MASC",3,"polysyllabic","True",TRUE,FALSE
"Lammfell","NEUT",2,"polysyllabic","False",TRUE,TRUE
"Lammfellhandschuh","MASC",4,"polysyllabic","False",FALSE,TRUE
"Lammfilet","NEUT",3,"polysyllabic","False",FALSE,TRUE
"Lämmlein","NEUT",1,"monosyllabic","False",FALSE,TRUE
"Lämpchen","NEUT",2,"polysyllabic","False",FALSE,TRUE
"Lampenschirm","MASC",3,"polysyllabic","False",TRUE,TRUE
"Land","NEUT",1,"monosyllabic","False",TRUE,TRUE
"Landauer","MASC",2,"polysyllabic","False",FALSE,TRUE
"Ländchen","NEUT",2,"polysyllabic","False",FALSE,TRUE
"Landekopf","MASC",3,"polysyllabic","False",TRUE,TRUE
"Landeskriminalamt","NEUT",6,"polysyllabic","False",TRUE,TRUE
"Landesminister","MASC",5,"polysyllabic","False",FALSE,TRUE
"Landesvater","MASC",4,"polysyllabic","False",FALSE,TRUE
"Landesverband","MASC",4,"polysyllabic","False",TRUE,TRUE
"Landesverrat","MASC",4,"polysyllabic","False",TRUE,TRUE
"Landesverräter","MASC",5,"polysyllabic","False",FALSE,TRUE
"Landeswappen","NEUT",4,"polysyllabic","False",FALSE,TRUE
"Landgasthof","MASC",3,"polysyllabic","False",TRUE,TRUE
"Landgericht","NEUT",3,"polysyllabic","False",TRUE,TRUE
"Landgut","NEUT",2,"polysyllabic","False",TRUE,TRUE
"Landhaus","NEUT",1,"monosyllabic","True",TRUE,FALSE
"Landkreis","MASC",1,"monosyllabic","True",TRUE,FALSE
"Ländle","NEUT",2,"polysyllabic","False",TRUE,FALSE
"Landpfleger","MASC",3,"polysyllabic","False",FALSE,TRUE
"Landrat","MASC",2,"polysyllabic","False",TRUE,FALSE
"Landsberg","NEUT",2,"polysyllabic","False",FALSE,TRUE
"Landschaftsgärtner","MASC",4,"polysyllabic","False",FALSE,TRUE
"Landsknecht","MASC",2,"polysyllabic","False",TRUE,TRUE
"Landsmann","MASC",2,"polysyllabic","False",TRUE,TRUE
"Landstreicher","MASC",2,"polysyllabic","False",FALSE,TRUE
"Landweg","MASC",2,"polysyllabic","False",TRUE,TRUE
"Landwein","MASC",1,"monosyllabic","False",TRUE,TRUE
"Landwirt","MASC",2,"polysyllabic","False",FALSE,TRUE
"Längengrad","MASC",3,"polysyllabic","False",TRUE,TRUE
"Längenmaß","NEUT",3,"polysyllabic","True",TRUE,FALSE
"Langlieger","MASC",2,"polysyllabic","False",FALSE,TRUE
"Langohr","NEUT",2,"polysyllabic","False",TRUE,TRUE
"Langschläfer","MASC",3,"polysyllabic","False",FALSE,TRUE
"Langschwanzpinguin","MASC",4,"polysyllabic","False",FALSE,TRUE
"Langschwert","NEUT",2,"polysyllabic","False",TRUE,TRUE
"Längsschnitt","MASC",2,"polysyllabic","False",TRUE,TRUE
"Längsstreifen","MASC",2,"polysyllabic","False",FALSE,TRUE
"Langstreckenläufer","MASC",4,"polysyllabic","False",FALSE,TRUE
"Langvokal","MASC",3,"polysyllabic","False",FALSE,TRUE
"Langweiler","MASC",2,"polysyllabic","False",FALSE,TRUE
"Langzeichen","NEUT",2,"polysyllabic","False",FALSE,TRUE
"Lanthan","NEUT",2,"polysyllabic","False",FALSE,TRUE
"Lanthanoid","NEUT",3,"polysyllabic","False",FALSE,TRUE
"Läppchen","NEUT",2,"polysyllabic","False",FALSE,TRUE
"Lappen","MASC",2,"polysyllabic","False",FALSE,TRUE
"Läpplein","NEUT",1,"monosyllabic","False",FALSE,TRUE
"Lärm","MASC",1,"monosyllabic","False",TRUE,TRUE
"Laser","MASC",2,"polysyllabic","False",FALSE,TRUE
"Laserdrucker","MASC",4,"polysyllabic","False",FALSE,TRUE
"Laster","MASC",2,"polysyllabic","False",FALSE,TRUE
"Lasttier","NEUT",1,"monosyllabic","False",TRUE,TRUE
"Lastwagen","MASC",3,"polysyllabic","False",FALSE,TRUE
"Latein","NEUT",1,"monosyllabic","False",FALSE,TRUE
"Lateral","MASC",3,"polysyllabic","False",FALSE,TRUE
"Laternenfisch","MASC",4,"polysyllabic","True",TRUE,TRUE
"Latexrock","MASC",3,"polysyllabic","False",TRUE,TRUE
"Lativ","MASC",2,"polysyllabic","False",FALSE,TRUE
"Latz","MASC",1,"monosyllabic","True",TRUE,FALSE
"Lätzchen","NEUT",2,"polysyllabic","False",FALSE,TRUE
"Laub","NEUT",0,"polysyllabic","False",TRUE,TRUE
"Laubbaum","MASC",0,"polysyllabic","False",TRUE,TRUE
"Laubbläser","MASC",2,"polysyllabic","False",FALSE,TRUE
"Laubblatt","NEUT",1,"monosyllabic","False",TRUE,TRUE
"Laubblättchen","NEUT",2,"polysyllabic","False",FALSE,TRUE
"Laubfrosch","MASC",1,"monosyllabic","True",TRUE,TRUE
"Laubgehölz","NEUT",2,"polysyllabic","True",TRUE,FALSE
"Laubholz","NEUT",1,"monosyllabic","True",TRUE,FALSE
"Laubsänger","MASC",2,"polysyllabic","False",FALSE,TRUE
"Laubsturm","MASC",1,"monosyllabic","False",TRUE,TRUE
"Laubwald","MASC",1,"monosyllabic","False",TRUE,TRUE
"Lauch","MASC",0,"polysyllabic","False",TRUE,TRUE
"Laudanum","NEUT",2,"polysyllabic","False",FALSE,TRUE
"Laufen","NEUT",1,"monosyllabic","False",FALSE,TRUE
"Laufer","MASC",1,"monosyllabic","False",FALSE,TRUE
"Läufer","MASC",1,"monosyllabic","False",FALSE,TRUE
"Lauffeuer","NEUT",1,"monosyllabic","False",FALSE,TRUE
"Laufpass","MASC",1,"monosyllabic","True",TRUE,FALSE
"Laufring","MASC",1,"monosyllabic","False",FALSE,TRUE
"Laufschuh","MASC",1,"monosyllabic","False",TRUE,TRUE
"Laufsteg","MASC",1,"monosyllabic","False",TRUE,TRUE
"Laufvogel","MASC",2,"polysyllabic","False",FALSE,TRUE
"Laufwerk","NEUT",1,"monosyllabic","False",TRUE,TRUE
"Laugen","NEUT",1,"monosyllabic","False",FALSE,TRUE
"Laugensalz","NEUT",2,"polysyllabic","True",TRUE,FALSE
"Laurit","MASC",1,"monosyllabic","False",FALSE,TRUE
"Läuschen","NEUT",1,"monosyllabic","False",FALSE,TRUE
"Laut","MASC",0,"polysyllabic","False",TRUE,TRUE
"Lautenwerck","NEUT",2,"polysyllabic","False",TRUE,TRUE
"Lautgesetz","NEUT",2,"polysyllabic","True",TRUE,FALSE
"Lautsprecher","MASC",2,"polysyllabic","False",FALSE,TRUE
"Lautstärkeregler","MASC",4,"polysyllabic","False",FALSE,TRUE
"Lautwandel","MASC",2,"polysyllabic","False",FALSE,TRUE
"Lavaret","MASC",3,"polysyllabic","False",FALSE,TRUE
"Lavendel","MASC",3,"polysyllabic","False",FALSE,TRUE
"Lawrencium","NEUT",3,"polysyllabic","False",FALSE,TRUE
"Lazarett","NEUT",3,"polysyllabic","False",TRUE,TRUE
"Lebemann","MASC",3,"polysyllabic","False",TRUE,TRUE
"Leben","NEUT",2,"polysyllabic","False",FALSE,TRUE
"Lebendgewicht","NEUT",4,"polysyllabic","False",TRUE,TRUE
"Lebensabschnitt","MASC",4,"polysyllabic","False",TRUE,TRUE
"Lebensende","NEUT",4,"polysyllabic","False",TRUE,FALSE
"Lebensfaden","MASC",4,"polysyllabic","False",FALSE,TRUE
"Lebensgefühl","NEUT",4,"polysyllabic","False",TRUE,TRUE
"Lebensjahr","NEUT",3,"polysyllabic","False",TRUE,TRUE
"Lebenslauf","MASC",2,"polysyllabic","False",TRUE,TRUE
"Lebensmittel","NEUT",4,"polysyllabic","False",FALSE,TRUE
"Lebensmittelfarbstoff","MASC",6,"polysyllabic","False",FALSE,TRUE
"Lebensmittelhändler","MASC",6,"polysyllabic","False",FALSE,TRUE
"Lebensmittelladen","MASC",6,"polysyllabic","False",FALSE,TRUE
"Lebensraum","MASC",2,"polysyllabic","False",TRUE,TRUE
"Lebensretter","MASC",4,"polysyllabic","False",FALSE,TRUE
"Lebenstraum","MASC",2,"polysyllabic","False",TRUE,TRUE
"Lebensunterhalt","MASC",5,"polysyllabic","False",TRUE,TRUE
"Lebenswandel","MASC",4,"polysyllabic","False",FALSE,TRUE
"Lebenswasser","NEUT",4,"polysyllabic","False",FALSE,TRUE
"Lebensweg","MASC",3,"polysyllabic","False",TRUE,FALSE
"Lebenszeichen","NEUT",3,"polysyllabic","False",FALSE,TRUE
"Leberkäs","MASC",3,"polysyllabic","True",TRUE,FALSE
"Leberkäse","MASC",4,"polysyllabic","False",TRUE,FALSE
"Leberlein","NEUT",2,"polysyllabic","False",FALSE,TRUE
"Lebewesen","NEUT",4,"polysyllabic","False",FALSE,TRUE
"Lebewohl","NEUT",3,"polysyllabic","False",TRUE,TRUE
"Lebkuchen","MASC",3,"polysyllabic","False",FALSE,TRUE
"Lebkuchenhaus","NEUT",3,"polysyllabic","True",TRUE,FALSE
"Lebtag","MASC",2,"polysyllabic","False",TRUE,TRUE
"Leck","NEUT",1,"monosyllabic","False",TRUE,TRUE
"Lecken","NEUT",2,"polysyllabic","False",FALSE,TRUE
"Lecker","MASC",2,"polysyllabic","False",FALSE,TRUE
"Leckerbissen","MASC",4,"polysyllabic","False",FALSE,TRUE
"Leder","NEUT",2,"polysyllabic","False",FALSE,TRUE
"Ledermantel","MASC",4,"polysyllabic","False",FALSE,TRUE
"Lederstiefel","MASC",3,"polysyllabic","False",FALSE,TRUE
"Leergewicht","NEUT",3,"polysyllabic","False",TRUE,TRUE
"Leergut","NEUT",2,"polysyllabic","False",TRUE,TRUE
"Leerlauf","MASC",1,"monosyllabic","False",TRUE,TRUE
"Leerraum","MASC",1,"monosyllabic","False",TRUE,TRUE
"Leerwort","NEUT",2,"polysyllabic","False",TRUE,TRUE
"Leerzeichen","NEUT",2,"polysyllabic","False",FALSE,TRUE
"Legastheniker","MASC",5,"polysyllabic","False",FALSE,TRUE
"Legat","MASC",2,"polysyllabic","False",TRUE,TRUE
"Legen","NEUT",2,"polysyllabic","False",FALSE,TRUE
"Legierungsbestandteil","MASC",4,"polysyllabic","False",FALSE,TRUE
"Legierungselement","NEUT",5,"polysyllabic","False",FALSE,TRUE
"Legierungsmetall","NEUT",4,"polysyllabic","False",FALSE,TRUE
"Legitimieren","NEUT",4,"polysyllabic","False",FALSE,TRUE
"Leguan","MASC",2,"polysyllabic","False",FALSE,TRUE
"Lehen","NEUT",2,"polysyllabic","False",FALSE,TRUE
"Lehm","MASC",1,"monosyllabic","False",TRUE,TRUE
"Lehmziegel","MASC",2,"polysyllabic","False",FALSE,TRUE
"Lehnwort","NEUT",2,"polysyllabic","False",TRUE,TRUE
"Lehramt","NEUT",2,"polysyllabic","False",TRUE,TRUE
"Lehrbuch","NEUT",2,"polysyllabic","False",TRUE,TRUE
"Lehrer","MASC",2,"polysyllabic","False",FALSE,TRUE
"Lehrerpult","NEUT",3,"polysyllabic","False",TRUE,TRUE
"Lehrgang","MASC",2,"polysyllabic","False",TRUE,TRUE
"Lehrgegenstand","MASC",4,"polysyllabic","False",TRUE,TRUE
"Lehrkörper","MASC",3,"polysyllabic","False",FALSE,TRUE
"Lehrling","MASC",2,"polysyllabic","False",TRUE,TRUE
"Lehrsatz","MASC",2,"polysyllabic","True",TRUE,FALSE
"Lehrwerk","NEUT",2,"polysyllabic","False",TRUE,TRUE
"Leib","MASC",0,"polysyllabic","False",TRUE,TRUE
"Leibarzt","MASC",1,"monosyllabic","False",TRUE,FALSE
"Leibchen","NEUT",1,"monosyllabic","False",FALSE,TRUE
"Leibgericht","NEUT",2,"polysyllabic","False",TRUE,TRUE
"Leibrock","MASC",1,"monosyllabic","False",TRUE,TRUE
"Leibwächter","MASC",2,"polysyllabic","False",FALSE,TRUE
"Leichenficker","MASC",3,"polysyllabic","False",FALSE,TRUE
"Leichenhaus","NEUT",1,"monosyllabic","True",TRUE,FALSE
"Leichenschänder","MASC",3,"polysyllabic","False",FALSE,TRUE
"Leichenschauhaus","NEUT",1,"monosyllabic","True",TRUE,FALSE
"Leichenschmaus","MASC",1,"monosyllabic","True",TRUE,FALSE
"Leichenstein","MASC",1,"monosyllabic","False",TRUE,TRUE
"Leichentuch","NEUT",2,"polysyllabic","False",TRUE,TRUE
"Leichnam","MASC",1,"monosyllabic","False",FALSE,TRUE
"Leichter","MASC",1,"monosyllabic","False",FALSE,TRUE
"Leichtmetall","NEUT",2,"polysyllabic","False",FALSE,TRUE
"Leichtsinn","MASC",1,"monosyllabic","False",TRUE,TRUE
"Leidener","MASC",2,"polysyllabic","False",FALSE,TRUE
"Leider","MASC",1,"monosyllabic","False",FALSE,TRUE
"Leidwesen","NEUT",2,"polysyllabic","False",FALSE,TRUE
"Leierkasten","MASC",3,"polysyllabic","False",FALSE,TRUE
"Leierschwanz","MASC",2,"polysyllabic","True",TRUE,FALSE
"Leiharbeiter","MASC",2,"polysyllabic","False",FALSE,TRUE
"Leihhaus","NEUT",0,"polysyllabic","True",TRUE,FALSE
"Leim","MASC",0,"polysyllabic","False",TRUE,TRUE
"Lein","MASC",0,"polysyllabic","False",TRUE,TRUE
"Leinen","NEUT",1,"monosyllabic","False",FALSE,TRUE
"Leinenhemd","NEUT",2,"polysyllabic","False",TRUE,TRUE
"Leinenlaken","NEUT",3,"polysyllabic","False",FALSE,TRUE
"Leinsamen","MASC",2,"polysyllabic","False",FALSE,TRUE
"Leinsamenöl","NEUT",3,"polysyllabic","False",TRUE,TRUE
"Leipogramm","NEUT",2,"polysyllabic","False",FALSE,TRUE
"Leipziger","MASC",2,"polysyllabic","False",FALSE,TRUE
"Leisten","MASC",1,"monosyllabic","False",FALSE,TRUE
"Leistungskurs","MASC",2,"polysyllabic","True",TRUE,FALSE
"Leistungsnachweis","MASC",2,"polysyllabic","True",TRUE,FALSE
"Leistungsort","MASC",2,"polysyllabic","False",TRUE,TRUE
"Leistungsschutzrecht","NEUT",3,"polysyllabic","False",TRUE,TRUE
"Leistungssport","MASC",2,"polysyllabic","False",TRUE,TRUE
"Leitartikel","MASC",3,"polysyllabic","False",FALSE,TRUE
"Leiter","MASC",1,"monosyllabic","False",FALSE,TRUE
"Leitfaden","MASC",2,"polysyllabic","False",FALSE,TRUE
"Leitkegel","MASC",2,"polysyllabic","False",FALSE,TRUE
"Leitpfosten","MASC",2,"polysyllabic","False",FALSE,TRUE
"Leitungsband","NEUT",2,"polysyllabic","False",TRUE,TRUE
"Leitungscode","MASC",3,"polysyllabic","False",TRUE,FALSE
"Leitungswasser","NEUT",3,"polysyllabic","False",FALSE,TRUE
"Leitungsweg","MASC",2,"polysyllabic","False",FALSE,TRUE
"Leitwolf","MASC",1,"monosyllabic","False",TRUE,TRUE
"Lekt","MASC",1,"monosyllabic","False",TRUE,TRUE
"Lektin","NEUT",2,"polysyllabic","False",FALSE,TRUE
"Lektor","MASC",2,"polysyllabic","False",FALSE,TRUE
"Lemma","NEUT",2,"polysyllabic","False",FALSE,TRUE
"Lemongras","NEUT",3,"polysyllabic","True",TRUE,FALSE
"Lendenschurz","MASC",3,"polysyllabic","True",TRUE,FALSE
"Lenker","MASC",2,"polysyllabic","False",FALSE,TRUE
"Lenkrad","NEUT",2,"polysyllabic","False",TRUE,TRUE
"Lenz","MASC",1,"monosyllabic","True",TRUE,FALSE
"Leopardenhai","MASC",4,"polysyllabic","False",TRUE,TRUE
"Lepidolith","MASC",4,"polysyllabic","False",TRUE,TRUE
"Lepton","NEUT",2,"polysyllabic","False",FALSE,TRUE
"Lernen","NEUT",2,"polysyllabic","False",FALSE,TRUE
"Lesebeispiel","NEUT",2,"polysyllabic","False",FALSE,TRUE
"Lesebuch","NEUT",3,"polysyllabic","False",TRUE,TRUE
"Lesekopf","MASC",3,"polysyllabic","False",TRUE,TRUE
"Lesen","NEUT",2,"polysyllabic","False",FALSE,TRUE
"Leser","MASC",2,"polysyllabic","False",FALSE,TRUE
"Lesesaal","MASC",3,"polysyllabic","False",TRUE,TRUE
"Lesezeichen","NEUT",3,"polysyllabic","False",FALSE,TRUE
"Lesgisch","NEUT",2,"polysyllabic","True",FALSE,TRUE
"Leuchten","NEUT",1,"monosyllabic","False",FALSE,TRUE
"Leuchter","MASC",1,"monosyllabic","False",FALSE,TRUE
"Leuchtgas","NEUT",1,"monosyllabic","True",TRUE,FALSE
"Leuchtkäfer","MASC",2,"polysyllabic","False",FALSE,TRUE
"Leuchtstoff","MASC",1,"monosyllabic","False",TRUE,TRUE
"Leuchtthurm","MASC",1,"monosyllabic","False",TRUE,TRUE
"Leuchtturm","MASC",1,"monosyllabic","False",TRUE,TRUE
"Leucit","MASC",1,"monosyllabic","False",FALSE,TRUE
"Leugner","MASC",1,"monosyllabic","False",FALSE,TRUE
"Leukoxen","MASC",2,"polysyllabic","False",FALSE,TRUE
"Leumund","MASC",1,"monosyllabic","False",TRUE,TRUE
"Leutchen","NEUT",1,"monosyllabic","False",FALSE,TRUE
"Leutlein","NEUT",0,"polysyllabic","False",FALSE,TRUE
"Leutnant","MASC",1,"monosyllabic","False",FALSE,TRUE
"Leviathan","MASC",3,"polysyllabic","False",FALSE,TRUE
"Lewisit","NEUT",3,"polysyllabic","False",FALSE,TRUE
"Lexem","NEUT",2,"polysyllabic","False",FALSE,TRUE
"Lexikon","NEUT",3,"polysyllabic","False",FALSE,TRUE
"Leyd","NEUT",1,"monosyllabic","False",TRUE,TRUE
"Libellenflügel","MASC",5,"polysyllabic","False",FALSE,TRUE
"Liberianer","MASC",4,"polysyllabic","False",FALSE,TRUE
"Libyer","MASC",2,"polysyllabic","False",FALSE,TRUE
"Licht","NEUT",1,"monosyllabic","False",TRUE,TRUE
"Lichtbild","NEUT",2,"polysyllabic","False",TRUE,TRUE
"Lichtbogen","MASC",3,"polysyllabic","False",FALSE,TRUE
"Lichtbogenofen","MASC",5,"polysyllabic","False",FALSE,TRUE
"Lichtchen","NEUT",2,"polysyllabic","False",FALSE,TRUE
"Lichtecho","NEUT",3,"polysyllabic","False",FALSE,TRUE
"Lichtjahr","NEUT",2,"polysyllabic","False",TRUE,TRUE
"Lichtlein","NEUT",1,"monosyllabic","False",FALSE,TRUE
"Lichtmessgerät","NEUT",4,"polysyllabic","False",TRUE,TRUE
"Lichtmikroskop","NEUT",4,"polysyllabic","False",TRUE,TRUE
"Lichtschacht","MASC",2,"polysyllabic","False",TRUE,TRUE
"Lichtschalter","MASC",3,"polysyllabic","False",FALSE,TRUE
"Lichtschein","MASC",1,"monosyllabic","False",TRUE,TRUE
"Lichtstrahl","MASC",2,"polysyllabic","False",TRUE,TRUE
"Lid","NEUT",1,"monosyllabic","False",TRUE,TRUE
"Lidschatten","MASC",3,"polysyllabic","False",FALSE,TRUE
"Liebchen","NEUT",1,"monosyllabic","False",FALSE,TRUE
"Liebesbrief","MASC",1,"monosyllabic","False",TRUE,TRUE
"Liebesgedicht","NEUT",3,"polysyllabic","False",TRUE,TRUE
"Liebeslied","NEUT",1,"monosyllabic","False",TRUE,TRUE
"Liebestod","MASC",2,"polysyllabic","False",TRUE,TRUE
"Liebestöter","MASC",3,"polysyllabic","False",FALSE,TRUE
"Liebhaber","MASC",2,"polysyllabic","False",FALSE,TRUE
"Liebling","MASC",1,"monosyllabic","False",FALSE,TRUE
"Liebreiz","MASC",0,"polysyllabic","True",TRUE,FALSE
"Liebstöckel","MASC",2,"polysyllabic","False",FALSE,TRUE
"Liechtensteiner","MASC",2,"polysyllabic","False",FALSE,TRUE
"Lied","NEUT",0,"polysyllabic","False",TRUE,TRUE
"Liedchen","NEUT",1,"monosyllabic","False",FALSE,TRUE
"Liedgut","NEUT",1,"monosyllabic","False",FALSE,TRUE
"Liedlein","NEUT",0,"polysyllabic","False",FALSE,TRUE
"Liedtext","MASC",1,"monosyllabic","False",TRUE,FALSE
"Lieferengpass","MASC",3,"polysyllabic","True",TRUE,FALSE
"Liefland","NEUT",1,"monosyllabic","False",TRUE,TRUE
"Liegerad","NEUT",2,"polysyllabic","False",FALSE,TRUE
"Liegestütz","MASC",2,"polysyllabic","True",TRUE,FALSE
"Lifehack","MASC",3,"polysyllabic","False",FALSE,TRUE
"Lift","MASC",1,"monosyllabic","False",TRUE,TRUE
"Ligandenaustausch","MASC",3,"polysyllabic","True",FALSE,TRUE
"Lignin","MASC",2,"polysyllabic","False",FALSE,TRUE
"Likör","MASC",2,"polysyllabic","False",FALSE,TRUE
"Lila","NEUT",2,"polysyllabic","False",FALSE,TRUE
"Lilienkreuz","MASC",1,"monosyllabic","True",TRUE,FALSE
"Limoncello","MASC",4,"polysyllabic","False",FALSE,TRUE
"Limonit","MASC",3,"polysyllabic","False",FALSE,TRUE
"Lindenbaum","MASC",2,"polysyllabic","False",TRUE,TRUE
"Lindwurm","MASC",2,"polysyllabic","False",TRUE,TRUE
"Linearmotor","MASC",4,"polysyllabic","False",FALSE,TRUE
"Linkshänder","MASC",3,"polysyllabic","False",FALSE,TRUE
"Linksruck","MASC",2,"polysyllabic","False",TRUE,TRUE
"Linksverkehr","MASC",3,"polysyllabic","False",TRUE,TRUE
"Linnen","NEUT",2,"polysyllabic","False",FALSE,TRUE
"Linolschnitt","MASC",3,"polysyllabic","False",TRUE,TRUE
"Lipid","NEUT",2,"polysyllabic","False",FALSE,TRUE
"Lipödem","NEUT",3,"polysyllabic","False",TRUE,TRUE
"Lippenblütler","MASC",4,"polysyllabic","False",FALSE,TRUE
"Lippenlaut","MASC",2,"polysyllabic","False",TRUE,TRUE
"Lippenlesen","NEUT",4,"polysyllabic","False",FALSE,TRUE
"Lippenleser","MASC",4,"polysyllabic","False",FALSE,TRUE
"Lippenpflegestift","MASC",5,"polysyllabic","False",TRUE,TRUE
"Lippenstift","MASC",3,"polysyllabic","False",TRUE,TRUE
"Lippfisch","MASC",2,"polysyllabic","True",TRUE,TRUE
"Liptauer","MASC",2,"polysyllabic","False",FALSE,TRUE
"Liquid","MASC",2,"polysyllabic","False",FALSE,TRUE
"Liquidator","MASC",4,"polysyllabic","False",FALSE,TRUE
"Lisztäffchen","NEUT",3,"polysyllabic","False",FALSE,TRUE
"Litauer","MASC",2,"polysyllabic","False",FALSE,TRUE
"Literaturkritiker","MASC",7,"polysyllabic","False",FALSE,TRUE
"Literaturwissenschaftler","MASC",8,"polysyllabic","False",FALSE,TRUE
"Lithium","NEUT",2,"polysyllabic","False",FALSE,TRUE
"Lithiumisotop","NEUT",5,"polysyllabic","False",FALSE,TRUE
"Livermorium","NEUT",4,"polysyllabic","False",FALSE,TRUE
"Livestream","MASC",3,"polysyllabic","False",FALSE,TRUE
"Lob","NEUT",1,"monosyllabic","False",TRUE,TRUE
"Lobgesang","MASC",3,"polysyllabic","False",TRUE,TRUE
"Lobopfer","NEUT",3,"polysyllabic","False",FALSE,TRUE
"Lobpreis","MASC",1,"monosyllabic","True",TRUE,FALSE
"Loch","NEUT",1,"monosyllabic","False",TRUE,TRUE
"Locher","MASC",2,"polysyllabic","False",FALSE,TRUE
"Löchlein","NEUT",1,"monosyllabic","False",FALSE,TRUE
"Lockenwickler","MASC",4,"polysyllabic","False",FALSE,TRUE
"Lockmittel","NEUT",3,"polysyllabic","False",FALSE,TRUE
"Lockruf","MASC",2,"polysyllabic","False",TRUE,TRUE
"Lockvogel","MASC",3,"polysyllabic","False",FALSE,TRUE
"Lockwort","NEUT",2,"polysyllabic","False",TRUE,TRUE
"Loden","MASC",2,"polysyllabic","False",FALSE,TRUE
"Löffel","MASC",2,"polysyllabic","False",FALSE,TRUE
"Löffelchen","NEUT",3,"polysyllabic","False",FALSE,TRUE
"Löffellein","NEUT",2,"polysyllabic","False",FALSE,TRUE
"Löffler","MASC",2,"polysyllabic","False",FALSE,TRUE
"Logikgatter","NEUT",4,"polysyllabic","False",FALSE,TRUE
"Lohn","MASC",1,"monosyllabic","False",TRUE,TRUE
"Lokal","NEUT",2,"polysyllabic","False",TRUE,TRUE
"Lokalelement","NEUT",5,"polysyllabic","False",FALSE,TRUE
"Lokalteil","MASC",2,"polysyllabic","False",FALSE,TRUE
"Lokführer","MASC",3,"polysyllabic","False",FALSE,TRUE
"Lokomotivführer","MASC",6,"polysyllabic","False",FALSE,TRUE
"Löli","MASC",2,"polysyllabic","False",FALSE,TRUE
"Lolli","MASC",2,"polysyllabic","False",FALSE,TRUE
"Löllingit","NEUT",3,"polysyllabic","False",FALSE,TRUE
"Lonsdaleit","MASC",2,"polysyllabic","False",FALSE,TRUE
"Loparit","MASC",3,"polysyllabic","False",FALSE,TRUE
"Lorbeer","MASC",2,"polysyllabic","False",FALSE,TRUE
"Lorbeerblatt","NEUT",3,"polysyllabic","False",FALSE,TRUE
"Lorbeerkranz","MASC",3,"polysyllabic","True",TRUE,FALSE
"Lord","MASC",1,"monosyllabic","False",FALSE,TRUE
"Los","NEUT",1,"monosyllabic","True",TRUE,FALSE
"Löschen","NEUT",2,"polysyllabic","False",FALSE,TRUE
"Löschpapier","NEUT",2,"polysyllabic","False",TRUE,TRUE
"Lösegeld","NEUT",3,"polysyllabic","False",TRUE,TRUE
"Löslichkeitsprodukt","NEUT",4,"polysyllabic","False",TRUE,TRUE
"Löss","MASC",1,"monosyllabic","True",TRUE,FALSE
"Lösungsentwurf","MASC",4,"polysyllabic","False",TRUE,TRUE
"Lösungsmittel","NEUT",4,"polysyllabic","False",FALSE,TRUE
"Löten","NEUT",2,"polysyllabic","False",FALSE,TRUE
"Lötmetall","NEUT",3,"polysyllabic","False",FALSE,TRUE
"Lottospiel","NEUT",2,"polysyllabic","False",TRUE,TRUE
"Lötzinn","NEUT",2,"polysyllabic","False",TRUE,TRUE
"Louisianer","MASC",3,"polysyllabic","False",FALSE,TRUE
"Lover","MASC",2,"polysyllabic","False",FALSE,TRUE
"Löwchen","NEUT",2,"polysyllabic","False",FALSE,TRUE
"Löwenäffchen","NEUT",4,"polysyllabic","False",FALSE,TRUE
"Löwenanteil","MASC",3,"polysyllabic","False",FALSE,TRUE
"Löwenkopf","MASC",3,"polysyllabic","False",TRUE,TRUE
"Löwenzahn","MASC",3,"polysyllabic","False",TRUE,TRUE
"Lübecker","MASC",3,"polysyllabic","False",FALSE,TRUE
"Luchs","MASC",1,"monosyllabic","True",TRUE,FALSE
"Lucianer","MASC",3,"polysyllabic","False",FALSE,TRUE
"Lückenbüßer","MASC",4,"polysyllabic","False",FALSE,TRUE
"Lückenfüller","MASC",4,"polysyllabic","False",FALSE,TRUE
"Lückentest","MASC",3,"polysyllabic","False",TRUE,TRUE
"Lückentext","MASC",3,"polysyllabic","False",TRUE,TRUE
"Lückentexttest","MASC",4,"polysyllabic","False",TRUE,TRUE
"Luder","NEUT",2,"polysyllabic","False",FALSE,TRUE
"Ludwigsburger","MASC",4,"polysyllabic","False",FALSE,TRUE
"Luftabschluss","MASC",3,"polysyllabic","True",TRUE,FALSE
"Luftangriff","MASC",3,"polysyllabic","False",TRUE,TRUE
"Luftballon","MASC",3,"polysyllabic","False",FALSE,TRUE
"Luftbild","NEUT",2,"polysyllabic","False",TRUE,FALSE
"Luftbläschen","NEUT",3,"polysyllabic","False",FALSE,TRUE
"Lüftchen","NEUT",2,"polysyllabic","False",FALSE,TRUE
"Luftdruck","MASC",2,"polysyllabic","False",TRUE,TRUE
"Luftentfeuchter","MASC",3,"polysyllabic","False",FALSE,TRUE
"Lüfter","MASC",2,"polysyllabic","False",FALSE,TRUE
"Luftfahrzeug","NEUT",2,"polysyllabic","False",TRUE,TRUE
"Luftgewehr","NEUT",3,"polysyllabic","False",TRUE,TRUE
"Lufthauch","MASC",1,"monosyllabic","False",TRUE,TRUE
"Luftkissenboot","NEUT",4,"polysyllabic","False",TRUE,TRUE
"Luftkrieg","MASC",1,"monosyllabic","False",TRUE,TRUE
"Luftkuss","MASC",2,"polysyllabic","True",TRUE,FALSE
"Luftloch","NEUT",2,"polysyllabic","False",TRUE,TRUE
"Luftraum","MASC",1,"monosyllabic","False",TRUE,TRUE
"Luftschacht","MASC",2,"polysyllabic","False",TRUE,TRUE
"Luftschiff","NEUT",2,"polysyllabic","False",TRUE,TRUE
"Luftschlag","MASC",2,"polysyllabic","False",TRUE,TRUE
"Luftschloss","NEUT",2,"polysyllabic","True",TRUE,FALSE
"Luftstrom","MASC",2,"polysyllabic","False",FALSE,TRUE
"Luftweg","MASC",2,"polysyllabic","False",TRUE,TRUE
"Luftzug","MASC",2,"polysyllabic","False",TRUE,TRUE
"Lügner","MASC",2,"polysyllabic","False",FALSE,TRUE
"Luminometer","NEUT",5,"polysyllabic","False",FALSE,TRUE
"Luminophor","MASC",4,"polysyllabic","False",FALSE,TRUE
"Lümmel","MASC",2,"polysyllabic","False",FALSE,TRUE
"Lump","MASC",1,"monosyllabic","False",FALSE,TRUE
"Lumpen","MASC",2,"polysyllabic","False",FALSE,TRUE
"Lumpenproletariat","NEUT",6,"polysyllabic","False",TRUE,TRUE
"Lund","MASC",1,"monosyllabic","False",TRUE,TRUE
"Lungenkrebs","MASC",3,"polysyllabic","True",TRUE,FALSE
"Lungenödem","NEUT",4,"polysyllabic","False",FALSE,TRUE
"Lungenproblem","NEUT",4,"polysyllabic","False",FALSE,TRUE
"Lunisolarkalender","MASC",7,"polysyllabic","False",FALSE,TRUE
"Lurch","MASC",1,"monosyllabic","False",TRUE,TRUE
"Lusitaner","MASC",4,"polysyllabic","False",FALSE,TRUE
"Luster","MASC",2,"polysyllabic","False",FALSE,TRUE
"Lüster","MASC",2,"polysyllabic","False",FALSE,TRUE
"Lustgarten","MASC",3,"polysyllabic","False",FALSE,TRUE
"Lustmolch","MASC",2,"polysyllabic","False",TRUE,TRUE
"Lustspiel","NEUT",1,"monosyllabic","False",TRUE,TRUE
"Lutetium","NEUT",3,"polysyllabic","False",FALSE,TRUE
"Luthertum","NEUT",3,"polysyllabic","False",FALSE,TRUE
"Lutscher","MASC",2,"polysyllabic","False",FALSE,TRUE
"Luxemburger","MASC",4,"polysyllabic","False",FALSE,TRUE
"Lymphgefäß","NEUT",3,"polysyllabic","True",TRUE,FALSE
"Lymphsystem","NEUT",3,"polysyllabic","False",FALSE,TRUE
"Lyzeum","NEUT",1,"monosyllabic","False",FALSE,TRUE
"Mäander","MASC",2,"polysyllabic","False",FALSE,TRUE
"Maat","MASC",1,"monosyllabic","False",TRUE,TRUE
"Macher","MASC",2,"polysyllabic","False",FALSE,TRUE
"Machthaber","MASC",3,"polysyllabic","False",FALSE,TRUE
"Machtkämpfchen","NEUT",3,"polysyllabic","False",FALSE,TRUE
"Macker","MASC",2,"polysyllabic","False",FALSE,TRUE
"Mädchen","NEUT",2,"polysyllabic","False",FALSE,TRUE
"Mädelchen","NEUT",3,"polysyllabic","False",FALSE,TRUE
"Madenhacker","MASC",4,"polysyllabic","False",FALSE,TRUE
"Madenkäse","MASC",4,"polysyllabic","False",TRUE,FALSE
"Madenwurm","MASC",3,"polysyllabic","False",TRUE,TRUE
"Madrigal","NEUT",3,"polysyllabic","False",TRUE,TRUE
"Magazin","NEUT",3,"polysyllabic","False",TRUE,TRUE
"Mägdchen","NEUT",2,"polysyllabic","False",FALSE,TRUE
"Magdeburger","MASC",4,"polysyllabic","False",FALSE,TRUE
"Mägdlein","NEUT",1,"monosyllabic","False",FALSE,TRUE
"Magen","MASC",2,"polysyllabic","False",FALSE,TRUE
"Mageninhalt","MASC",4,"polysyllabic","False",TRUE,TRUE
"Magenkrebs","MASC",3,"polysyllabic","True",TRUE,FALSE
"Magensaft","MASC",3,"polysyllabic","False",TRUE,TRUE
"Magenschmerz","MASC",3,"polysyllabic","True",TRUE,FALSE
"Magenta","NEUT",3,"polysyllabic","False",FALSE,TRUE
"Magier","MASC",1,"monosyllabic","False",FALSE,TRUE
"Magister","MASC",3,"polysyllabic","False",FALSE,TRUE
"Magistrat","MASC",3,"polysyllabic","False",FALSE,TRUE
"Magma","NEUT",2,"polysyllabic","False",FALSE,TRUE
"Magnesit","MASC",3,"polysyllabic","False",FALSE,TRUE
"Magnesiumion","NEUT",4,"polysyllabic","False",FALSE,TRUE
"Magnesiumsalz","NEUT",4,"polysyllabic","True",TRUE,FALSE
"Magnet","MASC",2,"polysyllabic","False",TRUE,TRUE
"Magnetbandgerät","NEUT",5,"polysyllabic","False",TRUE,TRUE
"Magneteisenerz","NEUT",4,"polysyllabic","True",FALSE,TRUE
"Magneteisenstein","MASC",3,"polysyllabic","False",TRUE,TRUE
"Magnetfeld","NEUT",3,"polysyllabic","False",TRUE,TRUE
"Magnetit","MASC",3,"polysyllabic","False",FALSE,TRUE
"Magnetron","NEUT",3,"polysyllabic","False",FALSE,TRUE
"Magnetstein","MASC",2,"polysyllabic","False",TRUE,TRUE
"Mähdrescher","MASC",3,"polysyllabic","False",FALSE,TRUE
"Mäher","MASC",2,"polysyllabic","False",FALSE,TRUE
"Mahl","NEUT",1,"monosyllabic","False",TRUE,TRUE
"Mahlstrom","MASC",2,"polysyllabic","False",TRUE,TRUE
"Mähnenhirsch","MASC",3,"polysyllabic","True",TRUE,TRUE
"Mähnenhund","MASC",3,"polysyllabic","False",TRUE,TRUE
"Mähnenwolf","MASC",3,"polysyllabic","False",TRUE,TRUE
"Mahr","MASC",1,"monosyllabic","False",TRUE,TRUE
"Mai","MASC",1,"monosyllabic","False",FALSE,TRUE
"Maibaum","MASC",1,"monosyllabic","False",TRUE,TRUE
"Maiglöckchen","NEUT",3,"polysyllabic","False",FALSE,TRUE
"Maikäfer","MASC",3,"polysyllabic","False",FALSE,TRUE
"Mailänder","MASC",3,"polysyllabic","False",FALSE,TRUE
"Mainzer","MASC",2,"polysyllabic","False",FALSE,TRUE
"Maipilz","MASC",2,"polysyllabic","True",TRUE,FALSE
"Mais","MASC",1,"monosyllabic","True",TRUE,FALSE
"Maisgrieß","MASC",1,"monosyllabic","True",TRUE,FALSE
"Maiskolben","MASC",3,"polysyllabic","False",FALSE,TRUE
"Majoran","MASC",3,"polysyllabic","False",FALSE,TRUE
"Make-up","NEUT",3,"polysyllabic","False",FALSE,TRUE
"Makler","MASC",2,"polysyllabic","False",FALSE,TRUE
"Makromolekül","NEUT",5,"polysyllabic","False",FALSE,TRUE
"Makronährstoff","MASC",4,"polysyllabic","False",TRUE,TRUE
"Mal","NEUT",1,"monosyllabic","False",TRUE,TRUE
"Malachit","MASC",3,"polysyllabic","False",FALSE,TRUE
"Malaiisch","NEUT",2,"polysyllabic","True",FALSE,TRUE
"Malariaerreger","MASC",5,"polysyllabic","False",FALSE,TRUE
"Malariasymptom","NEUT",5,"polysyllabic","False",FALSE,TRUE
"Malaysier","MASC",2,"polysyllabic","False",FALSE,TRUE
"Malbuch","NEUT",2,"polysyllabic","False",TRUE,TRUE
"Malediver","MASC",4,"polysyllabic","False",FALSE,TRUE
"Malen","NEUT",2,"polysyllabic","False",FALSE,TRUE
"Maler","MASC",2,"polysyllabic","False",FALSE,TRUE
"Malerbetrieb","MASC",3,"polysyllabic","False",TRUE,TRUE
"Malerkitt","MASC",3,"polysyllabic","False",TRUE,TRUE
"Malheur","NEUT",1,"monosyllabic","False",FALSE,TRUE
"Malnehmen","NEUT",3,"polysyllabic","False",FALSE,TRUE
"Malocher","MASC",3,"polysyllabic","False",FALSE,TRUE
"Malteser","MASC",3,"polysyllabic","False",FALSE,TRUE
"Malteserkreuz","NEUT",3,"polysyllabic","True",TRUE,FALSE
"Malz","NEUT",1,"monosyllabic","True",TRUE,FALSE
"Malzbier","NEUT",1,"monosyllabic","False",TRUE,TRUE
"Mammakarzinom","NEUT",5,"polysyllabic","False",FALSE,TRUE
"Mammut","NEUT",2,"polysyllabic","False",FALSE,TRUE
"Mamsellchen","NEUT",3,"polysyllabic","False",FALSE,TRUE
"Management","NEUT",4,"polysyllabic","False",FALSE,TRUE
"Managementsystem","NEUT",6,"polysyllabic","False",FALSE,TRUE
"Manager","MASC",3,"polysyllabic","False",FALSE,TRUE
"Mandarinfisch","MASC",4,"polysyllabic","True",TRUE,TRUE
"Mandat","NEUT",2,"polysyllabic","False",TRUE,TRUE
"Mandatar","MASC",3,"polysyllabic","False",FALSE,TRUE
"Mandelbaum","MASC",2,"polysyllabic","False",TRUE,TRUE
"Mangan","NEUT",2,"polysyllabic","False",FALSE,TRUE
"Manganat","NEUT",3,"polysyllabic","False",FALSE,TRUE
"Manganerz","NEUT",3,"polysyllabic","True",TRUE,FALSE
"Manganhalogenid","NEUT",6,"polysyllabic","False",FALSE,TRUE
"Manganit","MASC",3,"polysyllabic","False",FALSE,TRUE
"Mangelsymptom","NEUT",4,"polysyllabic","False",FALSE,TRUE
"Mangold","MASC",2,"polysyllabic","False",TRUE,TRUE
"Mangrovenwald","MASC",4,"polysyllabic","False",TRUE,TRUE
"Manifest","NEUT",3,"polysyllabic","False",TRUE,TRUE
"Manipulierer","MASC",4,"polysyllabic","False",FALSE,TRUE
"Mann","MASC",1,"monosyllabic","False",TRUE,TRUE
"Männchen","NEUT",2,"polysyllabic","False",FALSE,TRUE
"Männerchor","MASC",3,"polysyllabic","False",TRUE,TRUE
"Männerfuß","MASC",3,"polysyllabic","True",TRUE,FALSE
"Mannheimer","MASC",2,"polysyllabic","False",FALSE,TRUE
"Männlein","NEUT",1,"monosyllabic","False",FALSE,TRUE
"Mannsbild","NEUT",2,"polysyllabic","False",TRUE,TRUE
"Mannschaftsraum","MASC",2,"polysyllabic","False",TRUE,TRUE
"Mannsschild","MASC",2,"polysyllabic","False",TRUE,TRUE
"Mannweib","NEUT",1,"monosyllabic","False",TRUE,TRUE
"Manöver","NEUT",3,"polysyllabic","False",FALSE,TRUE
"Mansfelder","MASC",3,"polysyllabic","False",FALSE,TRUE
"Mantel","MASC",2,"polysyllabic","False",FALSE,TRUE
"Mäntelchen","NEUT",3,"polysyllabic","False",FALSE,TRUE
"Manteltier","NEUT",2,"polysyllabic","False",FALSE,TRUE
"Manual","NEUT",2,"polysyllabic","False",TRUE,TRUE
"Mäppchen","NEUT",2,"polysyllabic","False",FALSE,TRUE
"Marathon","MASC",3,"polysyllabic","False",FALSE,TRUE
"Märchen","NEUT",2,"polysyllabic","False",FALSE,TRUE
"Märchenbuch","NEUT",3,"polysyllabic","False",TRUE,TRUE
"Marder","MASC",2,"polysyllabic","False",FALSE,TRUE
"Margellchen","NEUT",3,"polysyllabic","False",FALSE,TRUE
"Marienglas","NEUT",2,"polysyllabic","True",TRUE,FALSE
"Marienkäfer","MASC",3,"polysyllabic","False",FALSE,TRUE
"Marjellchen","NEUT",3,"polysyllabic","False",FALSE,TRUE
"Mark","MASC",1,"monosyllabic","False",TRUE,TRUE
"Markasit","MASC",3,"polysyllabic","False",FALSE,TRUE
"Markenzeichen","NEUT",3,"polysyllabic","False",FALSE,TRUE
"Marketender","MASC",4,"polysyllabic","False",FALSE,TRUE
"Markt","MASC",1,"monosyllabic","False",TRUE,TRUE
"Marktanteil","MASC",2,"polysyllabic","False",FALSE,TRUE
"Marktführer","MASC",3,"polysyllabic","False",FALSE,TRUE
"Marktplatz","MASC",2,"polysyllabic","True",TRUE,FALSE
"Marktwert","MASC",2,"polysyllabic","False",FALSE,TRUE
"Märlein","NEUT",1,"monosyllabic","False",FALSE,TRUE
"Marmor","MASC",2,"polysyllabic","False",FALSE,TRUE
"Marmorkrebs","MASC",3,"polysyllabic","True",TRUE,FALSE
"Marmortisch","MASC",3,"polysyllabic","True",TRUE,TRUE
"Marodeur","MASC",2,"polysyllabic","False",FALSE,TRUE
"Marokkaner","MASC",4,"polysyllabic","False",FALSE,TRUE
"Marschall","MASC",2,"polysyllabic","False",FALSE,TRUE
"Marshalling","NEUT",3,"polysyllabic","False",FALSE,TRUE
"Marshmallow","NEUT",3,"polysyllabic","False",FALSE,TRUE
"Marssymbol","NEUT",3,"polysyllabic","False",FALSE,TRUE
"Marstall","MASC",2,"polysyllabic","False",TRUE,TRUE
"Martingal","NEUT",3,"polysyllabic","False",FALSE,TRUE
"Märtyrer","MASC",3,"polysyllabic","False",FALSE,TRUE
"Märtyrertum","NEUT",4,"polysyllabic","False",FALSE,TRUE
"Martyrologium","NEUT",5,"polysyllabic","False",FALSE,TRUE
"März","MASC",1,"monosyllabic","True",TRUE,FALSE
"Mascara","MASC",3,"polysyllabic","False",FALSE,TRUE
"Maschendrahtzaun","MASC",3,"polysyllabic","False",TRUE,TRUE
"Maschinenbau","MASC",3,"polysyllabic","False",FALSE,TRUE
"Maschinengewehr","NEUT",5,"polysyllabic","False",TRUE,TRUE
"Maschinenraum","MASC",3,"polysyllabic","False",TRUE,TRUE
"Maschinenstürmer","MASC",5,"polysyllabic","False",FALSE,TRUE
"Maskara","MASC",3,"polysyllabic","False",FALSE,TRUE
"Maskulinum","NEUT",4,"polysyllabic","False",FALSE,TRUE
"Massaker","NEUT",3,"polysyllabic","False",FALSE,TRUE
"Maßband","NEUT",2,"polysyllabic","False",TRUE,TRUE
"Massenanteil","MASC",3,"polysyllabic","False",FALSE,TRUE
"Massendefekt","MASC",4,"polysyllabic","False",FALSE,TRUE
"Massenkunstoff","MASC",4,"polysyllabic","False",TRUE,TRUE
"Massenkunstoffe","MASC",5,"polysyllabic","False",TRUE,FALSE
"Massenprozent","NEUT",4,"polysyllabic","False",TRUE,TRUE
"Massenspektrometer","NEUT",6,"polysyllabic","False",FALSE,TRUE
"Massenunterschied","MASC",4,"polysyllabic","False",FALSE,TRUE
"Masseprozent","NEUT",4,"polysyllabic","False",TRUE,TRUE
"Masseur","MASC",1,"monosyllabic","False",FALSE,TRUE
"Massiv","NEUT",2,"polysyllabic","False",FALSE,TRUE
"Maßkolben","MASC",3,"polysyllabic","False",FALSE,TRUE
"Maßstab","MASC",2,"polysyllabic","False",TRUE,TRUE
"Mast","MASC",1,"monosyllabic","False",TRUE,FALSE
"Mastbaum","MASC",1,"monosyllabic","False",TRUE,TRUE
"Mastdarm","MASC",2,"polysyllabic","False",TRUE,TRUE
"Master","MASC",2,"polysyllabic","False",FALSE,TRUE
"Mastvieh","NEUT",1,"monosyllabic","False",TRUE,TRUE
"Match","NEUT",1,"monosyllabic","False",TRUE,TRUE
"Material","NEUT",3,"polysyllabic","False",FALSE,TRUE
"Mathematiker","MASC",5,"polysyllabic","False",FALSE,TRUE
"Matjeshering","MASC",4,"polysyllabic","False",FALSE,TRUE
"Matsch","MASC",1,"monosyllabic","True",TRUE,TRUE
"Matt","NEUT",1,"monosyllabic","False",FALSE,TRUE
"Mätzchen","NEUT",2,"polysyllabic","False",FALSE,TRUE
"Matzen","MASC",2,"polysyllabic","False",FALSE,TRUE
"Mau-Mau","NEUT",0,"polysyllabic","False",FALSE,TRUE
"Mauerblümchen","NEUT",3,"polysyllabic","False",FALSE,TRUE
"Mäuerchen","NEUT",2,"polysyllabic","False",FALSE,TRUE
"Mauerfall","MASC",2,"polysyllabic","False",TRUE,TRUE
"Mauerkronenstein","MASC",3,"polysyllabic","False",TRUE,TRUE
"Mauerlattich","MASC",3,"polysyllabic","False",TRUE,TRUE
"Mäuerlein","NEUT",1,"monosyllabic","False",FALSE,TRUE
"Mauerspecht","MASC",2,"polysyllabic","False",TRUE,TRUE
"Mauervorsprung","MASC",3,"polysyllabic","False",TRUE,TRUE
"Maul","NEUT",0,"polysyllabic","False",TRUE,TRUE
"Mäulchen","NEUT",1,"monosyllabic","False",FALSE,TRUE
"Maulficker","MASC",2,"polysyllabic","False",FALSE,TRUE
"Maulkorb","MASC",1,"monosyllabic","False",TRUE,TRUE
"Maulwurf","MASC",1,"monosyllabic","False",TRUE,TRUE
"Maurer","MASC",1,"monosyllabic","False",FALSE,TRUE
"Mauschel","MASC",1,"monosyllabic","False",FALSE,TRUE
"Mauscheldeutsch","NEUT",1,"monosyllabic","True",FALSE,TRUE
"Mäuschen","NEUT",1,"monosyllabic","False",FALSE,TRUE
"Mäusebussard","MASC",3,"polysyllabic","False",FALSE,TRUE
"Mauseloch","NEUT",2,"polysyllabic","False",TRUE,TRUE
"Mäuserich","MASC",2,"polysyllabic","False",FALSE,TRUE
"Mäusespeck","MASC",2,"polysyllabic","False",FALSE,TRUE
"Mauszeiger","MASC",1,"monosyllabic","False",FALSE,TRUE
"Maximum","NEUT",3,"polysyllabic","False",FALSE,TRUE
"Mazedonier","MASC",3,"polysyllabic","False",FALSE,TRUE
"Mäzen","MASC",2,"polysyllabic","False",FALSE,TRUE
"Mechaniker","MASC",4,"polysyllabic","False",FALSE,TRUE
"Mecklenburger","MASC",4,"polysyllabic","False",FALSE,TRUE
"Medaillenspiegel","MASC",4,"polysyllabic","False",FALSE,TRUE
"Mediator","MASC",3,"polysyllabic","False",FALSE,TRUE
"Medicane","MASC",4,"polysyllabic","False",TRUE,FALSE
"Medienhistoriker","MASC",5,"polysyllabic","False",FALSE,TRUE
"Medienhype","MASC",3,"polysyllabic","False",TRUE,FALSE
"Medienwissenschaftler","MASC",5,"polysyllabic","False",FALSE,TRUE
"Medikament","NEUT",4,"polysyllabic","False",TRUE,TRUE
"Mediziner","MASC",4,"polysyllabic","False",FALSE,TRUE
"Medizinprodukt","NEUT",5,"polysyllabic","False",FALSE,TRUE
"Medizinstudium","NEUT",5,"polysyllabic","False",FALSE,TRUE
"Meer","NEUT",1,"monosyllabic","False",TRUE,TRUE
"Meerbusen","MASC",3,"polysyllabic","False",FALSE,TRUE
"Meeresarm","MASC",3,"polysyllabic","False",TRUE,TRUE
"Meeresboden","MASC",4,"polysyllabic","False",FALSE,TRUE
"Meeresfisch","MASC",3,"polysyllabic","True",TRUE,TRUE
"Meeresgrün","NEUT",3,"polysyllabic","False",FALSE,TRUE
"Meeresgrund","MASC",3,"polysyllabic","False",TRUE,TRUE
"Meereshorizont","MASC",5,"polysyllabic","False",TRUE,TRUE
"Meereslebewesen","NEUT",6,"polysyllabic","False",FALSE,TRUE
"Meeresschwamm","MASC",3,"polysyllabic","False",TRUE,TRUE
"Meeressediment","NEUT",5,"polysyllabic","False",TRUE,TRUE
"Meeresspiegel","MASC",3,"polysyllabic","False",FALSE,TRUE
"Meeresstrand","MASC",3,"polysyllabic","False",TRUE,TRUE
"Meerestier","NEUT",2,"polysyllabic","False",TRUE,TRUE
"Meerrettich","MASC",3,"polysyllabic","False",FALSE,TRUE
"Meersalz","NEUT",2,"polysyllabic","True",TRUE,FALSE
"Meerschaum","MASC",1,"monosyllabic","False",TRUE,TRUE
"Meerschwein","NEUT",1,"monosyllabic","False",TRUE,TRUE
"Meerschweinchen","NEUT",2,"polysyllabic","False",FALSE,TRUE
"Meeting","NEUT",2,"polysyllabic","False",FALSE,TRUE
"Megafon","NEUT",3,"polysyllabic","False",FALSE,TRUE
"Megalomärtyrer","MASC",6,"polysyllabic","False",FALSE,TRUE
"Megawatt","NEUT",3,"polysyllabic","False",FALSE,TRUE
"Mehl","NEUT",1,"monosyllabic","False",TRUE,TRUE
"Mehlsack","MASC",2,"polysyllabic","False",TRUE,TRUE
"Mehraufwand","MASC",2,"polysyllabic","False",TRUE,TRUE
"Mehrfachrasierer","MASC",4,"polysyllabic","False",FALSE,TRUE
"Mehrfamilienhaus","NEUT",3,"polysyllabic","True",TRUE,FALSE
"Mehrfamilienwohnhaus","NEUT",4,"polysyllabic","True",TRUE,FALSE
"Mehrling","MASC",2,"polysyllabic","False",FALSE,TRUE
"Mehrpersonenhaushalt","MASC",5,"polysyllabic","False",TRUE,TRUE
"Mehrwegbehälter","MASC",5,"polysyllabic","False",FALSE,TRUE
"Mehrwegbesteck","NEUT",4,"polysyllabic","False",TRUE,TRUE
"Mehrwegfeuerzeug","NEUT",3,"polysyllabic","False",TRUE,TRUE
"Mehrweggeschirr","NEUT",4,"polysyllabic","False",TRUE,TRUE
"Mehrwegglas","NEUT",3,"polysyllabic","True",TRUE,FALSE
"Mehrwegpfand","NEUT",3,"polysyllabic","False",TRUE,TRUE
"Mehrwegrasierer","MASC",4,"polysyllabic","False",FALSE,TRUE
"Mehrwert","NEUT",2,"polysyllabic","False",TRUE,TRUE
"Meier","MASC",1,"monosyllabic","False",FALSE,TRUE
"Meilenstein","MASC",1,"monosyllabic","False",FALSE,TRUE
"Meiler","MASC",1,"monosyllabic","False",FALSE,TRUE
"Meineid","MASC",0,"polysyllabic","False",TRUE,TRUE
"Meinungsforscher","MASC",3,"polysyllabic","False",FALSE,TRUE
"Meissel","MASC",1,"monosyllabic","False",FALSE,TRUE
"Meißel","MASC",1,"monosyllabic","False",FALSE,TRUE
"Meister","MASC",1,"monosyllabic","False",FALSE,TRUE
"Meitnerium","NEUT",2,"polysyllabic","False",FALSE,TRUE
"Melanom","NEUT",3,"polysyllabic","False",TRUE,TRUE
"Melanterit","MASC",4,"polysyllabic","False",FALSE,TRUE
"Meldezettel","MASC",4,"polysyllabic","False",FALSE,TRUE
"Melker","MASC",2,"polysyllabic","False",FALSE,TRUE
"Melodrama","NEUT",4,"polysyllabic","False",FALSE,TRUE
"Meltau","MASC",1,"monosyllabic","False",TRUE,TRUE
"Membranpotential","NEUT",5,"polysyllabic","False",FALSE,TRUE
"Mendelevium","NEUT",4,"polysyllabic","False",FALSE,TRUE
"Menetekel","NEUT",4,"polysyllabic","False",FALSE,TRUE
"Mengenrabatt","MASC",4,"polysyllabic","False",TRUE,TRUE
"Mengentext","MASC",3,"polysyllabic","False",TRUE,FALSE
"Mennigvogel","MASC",4,"polysyllabic","False",FALSE,TRUE
"Menschchen","NEUT",2,"polysyllabic","False",FALSE,TRUE
"Menschenfeind","MASC",2,"polysyllabic","False",TRUE,TRUE
"Menschenfleisch","NEUT",2,"polysyllabic","True",TRUE,TRUE
"Menschenfresser","MASC",4,"polysyllabic","False",FALSE,TRUE
"Menschenfreund","MASC",2,"polysyllabic","False",TRUE,TRUE
"Menschenfuß","MASC",3,"polysyllabic","True",TRUE,FALSE
"Menschengedenken","NEUT",5,"polysyllabic","False",FALSE,TRUE
"Menschengeschlecht","NEUT",4,"polysyllabic","False",TRUE,TRUE
"Menschenhandel","MASC",4,"polysyllabic","False",FALSE,TRUE
"Menschenkind","NEUT",3,"polysyllabic","False",TRUE,TRUE
"Menschenleben","NEUT",4,"polysyllabic","False",FALSE,TRUE
"Menschensohn","MASC",3,"polysyllabic","False",TRUE,TRUE
"Menschenverstand","MASC",4,"polysyllabic","False",TRUE,TRUE
"Menschheitsbeglücker","MASC",4,"polysyllabic","False",FALSE,TRUE
"Menschlein","NEUT",1,"monosyllabic","False",FALSE,TRUE
"Mentalitätswandel","MASC",6,"polysyllabic","False",FALSE,TRUE
"Menü","NEUT",2,"polysyllabic","False",FALSE,TRUE
"Menuett","NEUT",2,"polysyllabic","False",FALSE,TRUE
"Mercaptan","NEUT",3,"polysyllabic","False",FALSE,TRUE
"Meridian","MASC",3,"polysyllabic","False",FALSE,TRUE
"Meristem","NEUT",3,"polysyllabic","False",FALSE,TRUE
"Merk","NEUT",1,"monosyllabic","False",TRUE,TRUE
"Merkmal","NEUT",2,"polysyllabic","False",TRUE,TRUE
"Merkspruch","MASC",2,"polysyllabic","False",TRUE,TRUE
"Merlot","MASC",2,"polysyllabic","False",FALSE,TRUE
"Merseburger","MASC",4,"polysyllabic","False",FALSE,TRUE
"Mesolekt","MASC",3,"polysyllabic","False",TRUE,TRUE
"Messbecher","MASC",3,"polysyllabic","False",FALSE,TRUE
"Messbuch","MASC",2,"polysyllabic","False",TRUE,TRUE
"Messdiener","MASC",2,"polysyllabic","False",FALSE,TRUE
"Messer","NEUT",2,"polysyllabic","False",FALSE,TRUE
"Messerchen","NEUT",3,"polysyllabic","False",FALSE,TRUE
"Messerlein","NEUT",2,"polysyllabic","False",FALSE,TRUE
"Messerwerfer","MASC",4,"polysyllabic","False",FALSE,TRUE
"Messgerät","NEUT",3,"polysyllabic","False",TRUE,TRUE
"Messie","MASC",1,"monosyllabic","False",TRUE,FALSE
"Messing","NEUT",2,"polysyllabic","False",FALSE,TRUE
"Messinstrument","NEUT",4,"polysyllabic","False",TRUE,TRUE
"Messkolben","MASC",3,"polysyllabic","False",FALSE,TRUE
"Messopfer","NEUT",3,"polysyllabic","False",FALSE,TRUE
"Messschieber","MASC",2,"polysyllabic","False",FALSE,TRUE
"Messwert","MASC",2,"polysyllabic","False",TRUE,TRUE
"Messy","MASC",2,"polysyllabic","False",FALSE,TRUE
"Met","MASC",1,"monosyllabic","False",TRUE,TRUE
"Metaborat","NEUT",4,"polysyllabic","False",TRUE,TRUE
"Metall","NEUT",2,"polysyllabic","False",TRUE,TRUE
"Metallanteil","MASC",3,"polysyllabic","False",FALSE,TRUE
"Metallatom","NEUT",4,"polysyllabic","False",TRUE,TRUE
"Metallbesteck","NEUT",4,"polysyllabic","False",TRUE,TRUE
"Metalldeckel","MASC",4,"polysyllabic","False",FALSE,TRUE
"Metaller","MASC",3,"polysyllabic","False",FALSE,TRUE
"Metallgäbelchen","NEUT",5,"polysyllabic","False",FALSE,TRUE
"Metallgeschmack","MASC",4,"polysyllabic","False",FALSE,TRUE
"Metallgitter","NEUT",4,"polysyllabic","False",FALSE,TRUE
"Metalllöffel","MASC",4,"polysyllabic","False",FALSE,TRUE
"Metalllöffelchen","NEUT",5,"polysyllabic","False",FALSE,TRUE
"Metallmesser","NEUT",4,"polysyllabic","False",FALSE,TRUE
"Metallocen","NEUT",4,"polysyllabic","False",FALSE,TRUE
"Metalloid","NEUT",3,"polysyllabic","False",TRUE,TRUE
"Metalloprotein","NEUT",4,"polysyllabic","False",FALSE,TRUE
"Metallothionein","NEUT",4,"polysyllabic","False",FALSE,TRUE
"Metalloxid","NEUT",4,"polysyllabic","False",TRUE,TRUE
"Metallpulver","NEUT",4,"polysyllabic","False",FALSE,TRUE
"Metallquirl","MASC",3,"polysyllabic","False",TRUE,TRUE
"Metallrohr","NEUT",3,"polysyllabic","False",TRUE,TRUE
"Metallröhrchen","NEUT",4,"polysyllabic","False",FALSE,TRUE
"Metallschräubchen","NEUT",3,"polysyllabic","False",FALSE,TRUE
"Metallselenid","NEUT",5,"polysyllabic","False",FALSE,TRUE
"Metallspiegel","MASC",3,"polysyllabic","False",FALSE,TRUE
"Metallstück","NEUT",3,"polysyllabic","False",TRUE,TRUE
"Metallteil","MASC",2,"polysyllabic","False",TRUE,TRUE
"Metallwert","MASC",3,"polysyllabic","False",FALSE,TRUE
"Metaphosphat","NEUT",4,"polysyllabic","False",FALSE,TRUE
"Metavanadat","NEUT",5,"polysyllabic","False",FALSE,TRUE
"Meteor","MASC",2,"polysyllabic","False",FALSE,TRUE
"Meteorit","MASC",3,"polysyllabic","False",FALSE,TRUE
"Meter","MASC",2,"polysyllabic","False",FALSE,TRUE
"Methan","NEUT",2,"polysyllabic","False",FALSE,TRUE
"Methanhydrat","NEUT",4,"polysyllabic","False",FALSE,TRUE
"Metonym","NEUT",3,"polysyllabic","False",TRUE,TRUE
"Metronom","NEUT",3,"polysyllabic","False",FALSE,TRUE
"Mett","NEUT",1,"monosyllabic","False",FALSE,TRUE
"Metzer","MASC",2,"polysyllabic","False",FALSE,TRUE
"Metzger","MASC",2,"polysyllabic","False",FALSE,TRUE
"Meuchelmord","MASC",2,"polysyllabic","False",TRUE,FALSE
"Meuchelpuffer","MASC",3,"polysyllabic","False",FALSE,TRUE
"Meuterer","MASC",2,"polysyllabic","False",FALSE,TRUE
"Miargyrit","MASC",3,"polysyllabic","False",FALSE,TRUE
"Miassit","MASC",2,"polysyllabic","False",FALSE,TRUE
"Michiganwaldsänger","MASC",6,"polysyllabic","False",FALSE,TRUE
"Mieder","NEUT",1,"monosyllabic","False",FALSE,TRUE
"Mieter","MASC",1,"monosyllabic","False",FALSE,TRUE
"Mietlager","MASC",2,"polysyllabic","False",FALSE,TRUE
"Mietling","MASC",1,"monosyllabic","False",FALSE,TRUE
"Mietshaus","NEUT",0,"polysyllabic","True",TRUE,FALSE
"Mietvertrag","MASC",2,"polysyllabic","False",TRUE,TRUE
"Mietwagen","MASC",2,"polysyllabic","False",FALSE,TRUE
"Migrationshintergrund","MASC",6,"polysyllabic","False",TRUE,TRUE
"Mikrofon","NEUT",3,"polysyllabic","False",FALSE,TRUE
"Mikrogramm","NEUT",3,"polysyllabic","False",FALSE,TRUE
"Mikrokristall","MASC",4,"polysyllabic","False",FALSE,TRUE
"Mikromotor","MASC",4,"polysyllabic","False",FALSE,TRUE
"Mikronährstoff","MASC",4,"polysyllabic","False",TRUE,TRUE
"Mikrowellenfilter","NEUT",6,"polysyllabic","False",FALSE,TRUE
"Mikrowellenherd","MASC",5,"polysyllabic","False",TRUE,TRUE
"Milbenkäse","MASC",4,"polysyllabic","False",TRUE,FALSE
"Milchbart","MASC",2,"polysyllabic","False",TRUE,TRUE
"Milchbruder","MASC",3,"polysyllabic","False",FALSE,TRUE
"Milchfieber","NEUT",2,"polysyllabic","False",FALSE,TRUE
"Milchfisch","MASC",2,"polysyllabic","True",TRUE,TRUE
"Milchgesicht","NEUT",3,"polysyllabic","False",TRUE,TRUE
"Milchglas","NEUT",2,"polysyllabic","True",TRUE,FALSE
"Milchhörnchen","NEUT",3,"polysyllabic","False",FALSE,TRUE
"Milchmädchen","NEUT",3,"polysyllabic","False",FALSE,TRUE
"Milchprodukt","NEUT",3,"polysyllabic","False",TRUE,TRUE
"Milchpulver","NEUT",3,"polysyllabic","False",FALSE,TRUE
"Milchquarz","MASC",2,"polysyllabic","True",TRUE,FALSE
"Milchreis","MASC",1,"monosyllabic","True",TRUE,FALSE
"Milchstorch","MASC",2,"polysyllabic","False",TRUE,TRUE
"Milchzucker","MASC",3,"polysyllabic","False",FALSE,TRUE
"Militär","MASC",3,"polysyllabic","False",TRUE,TRUE
"Militärdienst","MASC",3,"polysyllabic","False",TRUE,TRUE
"Milizionär","MASC",4,"polysyllabic","False",FALSE,TRUE
"Millardenmarkt","MASC",4,"polysyllabic","False",FALSE,TRUE
"Millennium","NEUT",3,"polysyllabic","False",FALSE,TRUE
"Milliardär","MASC",3,"polysyllabic","False",FALSE,TRUE
"Milliardstel","NEUT",3,"polysyllabic","False",FALSE,TRUE
"Milligramm","NEUT",3,"polysyllabic","False",FALSE,TRUE
"Millionär","MASC",3,"polysyllabic","False",FALSE,TRUE
"Millionstel","NEUT",3,"polysyllabic","False",FALSE,TRUE
"Milzbrand","MASC",2,"polysyllabic","False",TRUE,TRUE
"Minarett","NEUT",3,"polysyllabic","False",TRUE,TRUE
"Minderwertigkeitskomplex","MASC",6,"polysyllabic","True",TRUE,FALSE
"Mindesthaltbarkeitsdatum","NEUT",6,"polysyllabic","False",FALSE,TRUE
"Mindestlohn","MASC",3,"polysyllabic","False",TRUE,TRUE
"Mineral","NEUT",3,"polysyllabic","False",FALSE,TRUE
"Mineralkonzentrat","NEUT",6,"polysyllabic","False",FALSE,TRUE
"Mineralöl","NEUT",4,"polysyllabic","False",FALSE,TRUE
"Mineralstoff","MASC",4,"polysyllabic","False",TRUE,TRUE
"Mineralstoffwechsel","MASC",6,"polysyllabic","False",FALSE,TRUE
"Mineralwasser","NEUT",5,"polysyllabic","False",FALSE,TRUE
"Miniaturporträt","NEUT",5,"polysyllabic","False",TRUE,TRUE
"Minibildchen","NEUT",4,"polysyllabic","False",FALSE,TRUE
"Minikleid","NEUT",2,"polysyllabic","False",FALSE,TRUE
"Minikleidchen","NEUT",3,"polysyllabic","False",FALSE,TRUE
"Minimalpaar","NEUT",4,"polysyllabic","False",TRUE,TRUE
"Minimum","NEUT",3,"polysyllabic","False",FALSE,TRUE
"Minischwein","NEUT",2,"polysyllabic","False",TRUE,TRUE
"Minister","MASC",3,"polysyllabic","False",FALSE,TRUE
"Ministerium","NEUT",4,"polysyllabic","False",FALSE,TRUE
"Minnesang","MASC",3,"polysyllabic","False",TRUE,TRUE
"Minnesänger","MASC",4,"polysyllabic","False",FALSE,TRUE
"Minuspunkt","MASC",3,"polysyllabic","False",TRUE,TRUE
"Minuszeichen","NEUT",3,"polysyllabic","False",FALSE,TRUE
"Minutentakt","MASC",4,"polysyllabic","False",TRUE,TRUE
"Minutenzeiger","MASC",4,"polysyllabic","False",FALSE,TRUE
"Mirakel","NEUT",3,"polysyllabic","False",FALSE,TRUE
"Mischelement","NEUT",4,"polysyllabic","False",FALSE,TRUE
"Mischen","NEUT",2,"polysyllabic","False",FALSE,TRUE
"Mischkristall","MASC",3,"polysyllabic","False",FALSE,TRUE
"Mischkunststoff","MASC",3,"polysyllabic","False",TRUE,TRUE
"Mischling","MASC",2,"polysyllabic","False",FALSE,TRUE
"Mischoxid","NEUT",3,"polysyllabic","False",TRUE,TRUE
"Mischpolymerisat","NEUT",6,"polysyllabic","False",FALSE,TRUE
"Mischsalz","NEUT",2,"polysyllabic","True",TRUE,FALSE
"Mischvolk","NEUT",2,"polysyllabic","False",TRUE,TRUE
"Mischwald","MASC",2,"polysyllabic","False",TRUE,TRUE
"Misgendern","NEUT",3,"polysyllabic","False",FALSE,TRUE
"Missbrauch","MASC",1,"monosyllabic","False",TRUE,TRUE
"Missetäter","MASC",4,"polysyllabic","False",FALSE,TRUE
"Missgeschick","NEUT",3,"polysyllabic","False",TRUE,TRUE
"Missingsch","NEUT",2,"polysyllabic","True",FALSE,TRUE
"Missionar","MASC",3,"polysyllabic","False",FALSE,TRUE
"Missklang","MASC",2,"polysyllabic","False",TRUE,TRUE
"Missmut","MASC",2,"polysyllabic","False",TRUE,TRUE
"Missstand","MASC",2,"polysyllabic","False",TRUE,TRUE
"Misstrauen","NEUT",2,"polysyllabic","False",FALSE,TRUE
"Misstrauensvotum","NEUT",4,"polysyllabic","False",FALSE,TRUE
"Missvergnügen","NEUT",4,"polysyllabic","False",FALSE,TRUE
"Mist","MASC",1,"monosyllabic","False",TRUE,TRUE
"Mistkäfer","MASC",3,"polysyllabic","False",FALSE,TRUE
"Mistkübel","MASC",3,"polysyllabic","False",FALSE,TRUE
"Mistral","MASC",2,"polysyllabic","False",FALSE,TRUE
"Miststück","NEUT",2,"polysyllabic","False",TRUE,TRUE
"Mitarbeiter","MASC",3,"polysyllabic","False",FALSE,TRUE
"Mitbringsel","NEUT",3,"polysyllabic","False",FALSE,TRUE
"Mitbruder","MASC",3,"polysyllabic","False",FALSE,TRUE
"Mitesser","MASC",3,"polysyllabic","False",FALSE,TRUE
"Mitfahren","NEUT",3,"polysyllabic","False",FALSE,TRUE
"Mitglied","NEUT",1,"monosyllabic","False",TRUE,TRUE
"Mitgründer","MASC",3,"polysyllabic","False",FALSE,TRUE
"Mitknecht","MASC",2,"polysyllabic","False",TRUE,TRUE
"Mitläufer","MASC",2,"polysyllabic","False",FALSE,TRUE
"Mitlaut","MASC",1,"monosyllabic","False",TRUE,TRUE
"Mitleid","NEUT",1,"monosyllabic","False",TRUE,TRUE
"Mitnehmen","NEUT",3,"polysyllabic","False",FALSE,TRUE
"Mitschnitt","MASC",2,"polysyllabic","False",TRUE,TRUE
"Mitschüler","MASC",3,"polysyllabic","False",FALSE,TRUE
"Mitspracherecht","NEUT",4,"polysyllabic","False",TRUE,TRUE
"Mittag","NEUT",2,"polysyllabic","False",TRUE,TRUE
"Mittagessen","NEUT",4,"polysyllabic","False",FALSE,TRUE
"Mittagsland","NEUT",3,"polysyllabic","False",TRUE,TRUE
"Mittagsschlaf","MASC",3,"polysyllabic","False",TRUE,TRUE
"Mittäter","MASC",3,"polysyllabic","False",FALSE,TRUE
"Mittel","NEUT",2,"polysyllabic","False",FALSE,TRUE
"Mittelalter","NEUT",4,"polysyllabic","False",FALSE,TRUE
"Mittelaltermarkt","MASC",5,"polysyllabic","False",TRUE,TRUE
"Mittelchen","NEUT",3,"polysyllabic","False",FALSE,TRUE
"Mittelfeld","NEUT",3,"polysyllabic","False",TRUE,TRUE
"Mittelfeldspieler","MASC",4,"polysyllabic","False",FALSE,TRUE
"Mittelfinger","MASC",4,"polysyllabic","False",FALSE,TRUE
"Mittelgebirge","NEUT",5,"polysyllabic","False",TRUE,FALSE
"Mittellauf","MASC",2,"polysyllabic","False",TRUE,FALSE
"Mittelmaß","NEUT",3,"polysyllabic","True",TRUE,FALSE
"Mittelmeer","NEUT",3,"polysyllabic","False",TRUE,TRUE
"Mittelohr","NEUT",3,"polysyllabic","False",TRUE,TRUE
"Mittelpunkt","MASC",3,"polysyllabic","False",TRUE,TRUE
"Mittelpunktswinkel","MASC",5,"polysyllabic","False",FALSE,TRUE
"Mittelspiel","NEUT",2,"polysyllabic","False",TRUE,TRUE
"Mittelstand","MASC",3,"polysyllabic","False",TRUE,TRUE
"Mittelwert","MASC",3,"polysyllabic","False",TRUE,TRUE
"Mittelwort","NEUT",3,"polysyllabic","False",TRUE,TRUE
"Mitternachtsblau","NEUT",3,"polysyllabic","False",FALSE,TRUE
"Mittler","MASC",2,"polysyllabic","False",FALSE,TRUE
"Mittsommer","MASC",3,"polysyllabic","False",FALSE,TRUE
"Mittwinter","MASC",3,"polysyllabic","False",FALSE,TRUE
"Mittwoch","MASC",2,"polysyllabic","False",TRUE,TRUE
"Mittwochabend","MASC",4,"polysyllabic","False",FALSE,TRUE
"Mittwochmittag","MASC",4,"polysyllabic","False",FALSE,TRUE
"Mittwochnachmittag","MASC",5,"polysyllabic","False",FALSE,TRUE
"Mittwochvormittag","MASC",5,"polysyllabic","False",FALSE,TRUE
"Mitwisser","MASC",3,"polysyllabic","False",FALSE,TRUE
"Mitwissersein","NEUT",3,"polysyllabic","False",FALSE,TRUE
"Mixer","MASC",2,"polysyllabic","False",FALSE,TRUE
"Möbel","NEUT",2,"polysyllabic","False",FALSE,TRUE
"Möbelbauer","MASC",3,"polysyllabic","False",FALSE,TRUE
"Möbelstoff","MASC",3,"polysyllabic","False",TRUE,TRUE
"Möbelstück","NEUT",3,"polysyllabic","False",TRUE,TRUE
"Mobilfunknetz","NEUT",4,"polysyllabic","True",TRUE,FALSE
"Möbiusband","NEUT",3,"polysyllabic","False",FALSE,TRUE
"Modegewürz","NEUT",4,"polysyllabic","True",TRUE,FALSE
"Model-View-Controller","MASC",5,"polysyllabic","False",FALSE,TRUE
"Model-View-Presenter","MASC",5,"polysyllabic","False",FALSE,TRUE
"Modell","NEUT",2,"polysyllabic","False",FALSE,TRUE
"Modultest","MASC",3,"polysyllabic","False",TRUE,TRUE
"Mogul","MASC",2,"polysyllabic","False",FALSE,TRUE
"Mohar","NEUT",2,"polysyllabic","False",FALSE,TRUE
"Mohn","MASC",1,"monosyllabic","False",TRUE,TRUE
"Mohnbrötchen","NEUT",3,"polysyllabic","False",FALSE,TRUE
"Mohnkuchen","MASC",3,"polysyllabic","False",FALSE,TRUE
"Möhrchen","NEUT",2,"polysyllabic","False",FALSE,TRUE
"Mohrenkopf","MASC",3,"polysyllabic","False",TRUE,TRUE
"Mohrenland","NEUT",3,"polysyllabic","False",TRUE,TRUE
"Mokassin","MASC",3,"polysyllabic","False",FALSE,TRUE
"Molch","MASC",1,"monosyllabic","False",TRUE,TRUE
"Molekül","NEUT",3,"polysyllabic","False",FALSE,TRUE
"Molekularsieb","NEUT",4,"polysyllabic","False",TRUE,TRUE
"Molekülorbital","NEUT",6,"polysyllabic","False",FALSE,TRUE
"Molken","MASC",2,"polysyllabic","False",FALSE,TRUE
"Mollebaum","MASC",2,"polysyllabic","False",TRUE,TRUE
"Mollenbaum","MASC",2,"polysyllabic","False",TRUE,TRUE
"Mollenkraut","NEUT",2,"polysyllabic","False",TRUE,TRUE
"Moloch","MASC",2,"polysyllabic","False",FALSE,TRUE
"Molvolumen","NEUT",4,"polysyllabic","False",FALSE,TRUE
"Molybdän","NEUT",3,"polysyllabic","False",FALSE,TRUE
"Molybdänerz","NEUT",4,"polysyllabic","True",TRUE,FALSE
"Molybdänit","MASC",4,"polysyllabic","False",FALSE,TRUE
"Molybdänmangel","MASC",5,"polysyllabic","False",FALSE,TRUE
"Molybdat","NEUT",3,"polysyllabic","False",FALSE,TRUE
"Molybdation","NEUT",4,"polysyllabic","False",FALSE,TRUE
"Molybdit","MASC",3,"polysyllabic","False",FALSE,TRUE
"Molybdophosphat","NEUT",5,"polysyllabic","False",FALSE,TRUE
"Molybdopterin","NEUT",5,"polysyllabic","False",FALSE,TRUE
"Moment","NEUT",2,"polysyllabic","False",FALSE,TRUE
"Momentchen","NEUT",3,"polysyllabic","False",FALSE,TRUE
"Monarchfalter","MASC",4,"polysyllabic","False",FALSE,TRUE
"Monat","MASC",2,"polysyllabic","False",TRUE,TRUE
"Monatsanfang","MASC",4,"polysyllabic","False",TRUE,TRUE
"Monatsende","NEUT",4,"polysyllabic","False",TRUE,FALSE
"Monazit","MASC",3,"polysyllabic","False",FALSE,TRUE
"Monazitsand","MASC",4,"polysyllabic","False",TRUE,TRUE
"Mönch","MASC",1,"monosyllabic","False",TRUE,TRUE
"Mönchsgeier","MASC",2,"polysyllabic","False",FALSE,TRUE
"Mönchstum","NEUT",2,"polysyllabic","False",FALSE,TRUE
"Mond","MASC",1,"monosyllabic","False",TRUE,TRUE
"Mondbein","NEUT",1,"monosyllabic","False",TRUE,TRUE
"Mondfisch","MASC",2,"polysyllabic","True",TRUE,TRUE
"Mondgesicht","NEUT",3,"polysyllabic","False",TRUE,TRUE
"Mondgestein","NEUT",2,"polysyllabic","False",TRUE,TRUE
"Mondjahr","NEUT",2,"polysyllabic","False",TRUE,TRUE
"Mondlicht","NEUT",2,"polysyllabic","False",TRUE,TRUE
"Mondmonat","MASC",3,"polysyllabic","False",FALSE,TRUE
"Mondschein","MASC",1,"monosyllabic","False",FALSE,TRUE
"Mondstein","MASC",1,"monosyllabic","False",TRUE,TRUE
"Monoarsan","NEUT",3,"polysyllabic","False",FALSE,TRUE
"Monoglycerid","NEUT",5,"polysyllabic","False",FALSE,TRUE
"Monogramm","NEUT",3,"polysyllabic","False",FALSE,TRUE
"Monokel","NEUT",3,"polysyllabic","False",FALSE,TRUE
"Monolog","MASC",3,"polysyllabic","False",TRUE,TRUE
"Monom","NEUT",2,"polysyllabic","False",FALSE,TRUE
"Monophthong","MASC",3,"polysyllabic","False",TRUE,TRUE
"Monopodium","NEUT",4,"polysyllabic","False",FALSE,TRUE
"Monopol","MASC",3,"polysyllabic","False",FALSE,TRUE
"Monoxid","NEUT",3,"polysyllabic","False",TRUE,TRUE
"Monstrum","NEUT",2,"polysyllabic","False",FALSE,TRUE
"Monsun","MASC",2,"polysyllabic","False",FALSE,TRUE
"Montag","MASC",2,"polysyllabic","False",TRUE,TRUE
"Montagabend","MASC",4,"polysyllabic","False",FALSE,TRUE
"Montagmittag","MASC",4,"polysyllabic","False",FALSE,TRUE
"Montagnachmittag","MASC",5,"polysyllabic","False",FALSE,TRUE
"Montagvormittag","MASC",5,"polysyllabic","False",FALSE,TRUE
"Montenegriner","MASC",5,"polysyllabic","False",FALSE,TRUE
"Montmorillonit","MASC",5,"polysyllabic","False",FALSE,TRUE
"Moor","NEUT",1,"monosyllabic","False",TRUE,TRUE
"Moorauge","NEUT",2,"polysyllabic","False",TRUE,FALSE
"Moorhuhn","NEUT",2,"polysyllabic","False",TRUE,TRUE
"Moorrauch","MASC",1,"monosyllabic","False",TRUE,TRUE
"Moorschneehuhn","NEUT",3,"polysyllabic","False",TRUE,TRUE
"Moos","NEUT",1,"monosyllabic","True",TRUE,FALSE
"Moosachat","MASC",3,"polysyllabic","False",TRUE,TRUE
"Moostierchen","NEUT",2,"polysyllabic","False",FALSE,TRUE
"Mop","MASC",1,"monosyllabic","False",FALSE,TRUE
"Mopp","MASC",1,"monosyllabic","False",FALSE,TRUE
"Mops","MASC",1,"monosyllabic","True",TRUE,FALSE
"Moratorium","NEUT",4,"polysyllabic","False",FALSE,TRUE
"Mord","MASC",1,"monosyllabic","False",TRUE,TRUE
"Mordanschlag","MASC",3,"polysyllabic","False",TRUE,TRUE
"Mörder","MASC",2,"polysyllabic","False",FALSE,TRUE
"Mordgift","NEUT",2,"polysyllabic","False",FALSE,TRUE
"Mordskerl","MASC",2,"polysyllabic","False",FALSE,TRUE
"Morgen","NEUT",2,"polysyllabic","False",FALSE,TRUE
"Morgengrauen","NEUT",3,"polysyllabic","False",FALSE,TRUE
"Morgenkaffee","MASC",4,"polysyllabic","False",TRUE,FALSE
"Morgenrot","NEUT",3,"polysyllabic","False",FALSE,TRUE
"Morgenstern","MASC",3,"polysyllabic","False",TRUE,TRUE
"Mormonentum","NEUT",4,"polysyllabic","False",FALSE,TRUE
"Morphem","NEUT",2,"polysyllabic","False",FALSE,TRUE
"Morphium","NEUT",2,"polysyllabic","False",FALSE,TRUE
"Mörsel","MASC",2,"polysyllabic","False",FALSE,TRUE
"Mörser","MASC",2,"polysyllabic","False",FALSE,TRUE
"Mörtel","MASC",2,"polysyllabic","False",FALSE,TRUE
"Moscovium","NEUT",3,"polysyllabic","False",FALSE,TRUE
"Mosel","MASC",2,"polysyllabic","False",FALSE,TRUE
"Moseltal","NEUT",3,"polysyllabic","False",TRUE,TRUE
"Moskito","MASC",3,"polysyllabic","False",FALSE,TRUE
"Moslem","MASC",2,"polysyllabic","False",FALSE,TRUE
"Most","MASC",1,"monosyllabic","False",TRUE,FALSE
"Mostrich","MASC",2,"polysyllabic","False",FALSE,TRUE
"Motel","NEUT",2,"polysyllabic","False",FALSE,TRUE
"Motiv","NEUT",2,"polysyllabic","False",FALSE,TRUE
"Motor","MASC",2,"polysyllabic","False",FALSE,TRUE
"Motorboot","NEUT",3,"polysyllabic","False",TRUE,TRUE
"Motorrad","NEUT",3,"polysyllabic","False",TRUE,TRUE
"Motorroller","MASC",4,"polysyllabic","False",FALSE,TRUE
"Mottek","MASC",2,"polysyllabic","False",FALSE,TRUE
"Möwchen","NEUT",2,"polysyllabic","False",FALSE,TRUE
"Mozzarella","MASC",4,"polysyllabic","False",FALSE,TRUE
"Muchel","MASC",2,"polysyllabic","False",FALSE,TRUE
"Müdigkeitssymptom","NEUT",4,"polysyllabic","False",FALSE,TRUE
"Muff","MASC",1,"monosyllabic","False",TRUE,TRUE
"Muffin","MASC",2,"polysyllabic","False",FALSE,TRUE
"Mufti","MASC",2,"polysyllabic","False",FALSE,TRUE
"Mugel","MASC",2,"polysyllabic","False",FALSE,TRUE
"Muhar","NEUT",2,"polysyllabic","False",FALSE,TRUE
"Mühlstein","MASC",1,"monosyllabic","False",TRUE,TRUE
"Mulch","MASC",1,"monosyllabic","False",TRUE,TRUE
"Müll","MASC",1,"monosyllabic","False",TRUE,TRUE
"Müllbehälter","MASC",4,"polysyllabic","False",FALSE,TRUE
"Müllberg","MASC",2,"polysyllabic","False",TRUE,TRUE
"Müllbeutel","MASC",2,"polysyllabic","False",FALSE,TRUE
"Mullebaum","MASC",2,"polysyllabic","False",TRUE,TRUE
"Mülleimer","MASC",2,"polysyllabic","False",FALSE,TRUE
"Müller","MASC",2,"polysyllabic","False",FALSE,TRUE
"Müllerchen","NEUT",3,"polysyllabic","False",FALSE,TRUE
"Müllerlein","NEUT",2,"polysyllabic","False",FALSE,TRUE
"Müllhaufen","MASC",2,"polysyllabic","False",FALSE,TRUE
"Müllkorb","MASC",2,"polysyllabic","False",TRUE,TRUE
"Müllmann","MASC",2,"polysyllabic","False",TRUE,TRUE
"Müllplatz","MASC",2,"polysyllabic","True",TRUE,FALSE
"Müllsack","MASC",2,"polysyllabic","False",TRUE,TRUE
"Müllwagen","MASC",3,"polysyllabic","False",FALSE,TRUE
"Multimilliardär","MASC",5,"polysyllabic","False",FALSE,TRUE
"Multimillionär","MASC",5,"polysyllabic","False",FALSE,TRUE
"Multiplizieren","NEUT",4,"polysyllabic","False",FALSE,TRUE
"Multiversum","NEUT",4,"polysyllabic","False",FALSE,TRUE
"Mumm","MASC",1,"monosyllabic","False",TRUE,TRUE
"Mummenschanz","MASC",3,"polysyllabic","True",TRUE,FALSE
"Münchener","MASC",3,"polysyllabic","False",FALSE,TRUE
"Münchner","MASC",2,"polysyllabic","False",FALSE,TRUE
"Mündchen","NEUT",2,"polysyllabic","False",FALSE,TRUE
"Mündlein","NEUT",1,"monosyllabic","False",FALSE,TRUE
"Mundraub","MASC",1,"monosyllabic","False",TRUE,TRUE
"Mundschenk","MASC",2,"polysyllabic","False",TRUE,TRUE
"Mundschutz","MASC",2,"polysyllabic","True",TRUE,FALSE
"Mundvorrat","MASC",3,"polysyllabic","False",TRUE,TRUE
"Munitionslager","NEUT",5,"polysyllabic","False",FALSE,TRUE
"Münster","MASC",2,"polysyllabic","False",FALSE,TRUE
"Münzfernsprecher","MASC",4,"polysyllabic","False",FALSE,TRUE
"Münzgeld","NEUT",2,"polysyllabic","False",TRUE,TRUE
"Münzmetall","NEUT",3,"polysyllabic","False",FALSE,TRUE
"Münzstempel","MASC",3,"polysyllabic","False",FALSE,TRUE
"Münztelefon","NEUT",4,"polysyllabic","False",FALSE,TRUE
"Mürbteig","MASC",1,"monosyllabic","False",TRUE,TRUE
"Murmeln","NEUT",2,"polysyllabic","False",FALSE,TRUE
"Murmelvokal","MASC",4,"polysyllabic","False",TRUE,TRUE
"Murren","NEUT",2,"polysyllabic","False",FALSE,TRUE
"Muselmann","MASC",3,"polysyllabic","False",TRUE,TRUE
"Museum","NEUT",1,"monosyllabic","False",FALSE,TRUE
"Museumsstück","NEUT",2,"polysyllabic","False",TRUE,TRUE
"Museumstück","NEUT",2,"polysyllabic","False",TRUE,TRUE
"Musikantenknochen","NEUT",6,"polysyllabic","False",FALSE,TRUE
"Musikantenwagen","MASC",6,"polysyllabic","False",FALSE,TRUE
"Musikchen","NEUT",3,"polysyllabic","False",FALSE,TRUE
"Musiker","MASC",3,"polysyllabic","False",FALSE,TRUE
"Musikinstrument","NEUT",5,"polysyllabic","False",TRUE,TRUE
"Musikinstrumentenhersteller","MASC",9,"polysyllabic","False",FALSE,TRUE
"Musiklehrer","MASC",4,"polysyllabic","False",FALSE,TRUE
"Muskat","MASC",2,"polysyllabic","False",TRUE,TRUE
"Muskel","MASC",2,"polysyllabic","False",FALSE,TRUE
"Muskelkater","MASC",4,"polysyllabic","False",FALSE,TRUE
"Musketier","MASC",2,"polysyllabic","False",FALSE,TRUE
"Muskovit","MASC",3,"polysyllabic","False",FALSE,TRUE
"Müsli","NEUT",2,"polysyllabic","False",FALSE,TRUE
"Müßiggänger","MASC",4,"polysyllabic","False",FALSE,TRUE
"Mustang","MASC",2,"polysyllabic","False",FALSE,TRUE
"Muster","NEUT",2,"polysyllabic","False",FALSE,TRUE
"Mutagen","NEUT",3,"polysyllabic","False",FALSE,TRUE
"Mütchen","NEUT",2,"polysyllabic","False",FALSE,TRUE
"Mutex","MASC",2,"polysyllabic","True",TRUE,FALSE
"Mütlein","NEUT",1,"monosyllabic","False",FALSE,TRUE
"Mutterbruder","MASC",4,"polysyllabic","False",FALSE,TRUE
"Mütterchen","NEUT",3,"polysyllabic","False",FALSE,TRUE
"Muttergestein","NEUT",3,"polysyllabic","False",FALSE,TRUE
"Mutterland","NEUT",3,"polysyllabic","False",TRUE,TRUE
"Mutterleib","MASC",2,"polysyllabic","False",TRUE,TRUE
"Mütterlein","NEUT",2,"polysyllabic","False",FALSE,TRUE
"Muttermal","NEUT",3,"polysyllabic","False",TRUE,TRUE
"Muttersöhnchen","NEUT",4,"polysyllabic","False",FALSE,TRUE
"Muttersprachler","MASC",4,"polysyllabic","False",FALSE,TRUE
"Muttertag","MASC",3,"polysyllabic","False",TRUE,TRUE
"My","NEUT",1,"monosyllabic","False",FALSE,TRUE
"Myokard","NEUT",2,"polysyllabic","False",TRUE,TRUE
"Myon","NEUT",1,"monosyllabic","False",FALSE,TRUE
"Mysterienspiel","NEUT",2,"polysyllabic","False",TRUE,TRUE
"Myzel","NEUT",2,"polysyllabic","False",FALSE,TRUE
"Myzelium","NEUT",3,"polysyllabic","False",FALSE,TRUE
"Nabel","MASC",2,"polysyllabic","False",FALSE,TRUE
"Nachäffen","NEUT",3,"polysyllabic","False",FALSE,TRUE
"Nachäffer","MASC",3,"polysyllabic","False",FALSE,TRUE
"Nachahmer","MASC",3,"polysyllabic","False",FALSE,TRUE
"Nachbar","MASC",2,"polysyllabic","False",FALSE,TRUE
"Nachbaratom","NEUT",4,"polysyllabic","False",FALSE,TRUE
"Nachbarelement","NEUT",5,"polysyllabic","False",FALSE,TRUE
"Nachbarhaus","NEUT",2,"polysyllabic","True",TRUE,FALSE
"Nachbarjunge","MASC",4,"polysyllabic","False",TRUE,FALSE
"Nachbarshund","MASC",3,"polysyllabic","False",TRUE,TRUE
"Nachbartisch","MASC",3,"polysyllabic","True",TRUE,TRUE
"Nachbeben","NEUT",3,"polysyllabic","False",FALSE,TRUE
"Nachbilden","NEUT",3,"polysyllabic","False",FALSE,TRUE
"Nachdruck","MASC",2,"polysyllabic","False",TRUE,TRUE
"Nachdurst","MASC",2,"polysyllabic","False",TRUE,FALSE
"Nacheifern","NEUT",2,"polysyllabic","False",FALSE,TRUE
"Nachen","MASC",2,"polysyllabic","False",FALSE,TRUE
"Nachfolger","MASC",3,"polysyllabic","False",FALSE,TRUE
"Nachgeben","NEUT",3,"polysyllabic","False",FALSE,TRUE
"Nachhall","MASC",2,"polysyllabic","False",TRUE,TRUE
"Nachhallraum","MASC",2,"polysyllabic","False",TRUE,TRUE
"Nachlass","MASC",2,"polysyllabic","True",TRUE,FALSE
"Nachlaufen","NEUT",2,"polysyllabic","False",FALSE,TRUE
"Nachmachen","NEUT",3,"polysyllabic","False",FALSE,TRUE
"Nachmittag","MASC",3,"polysyllabic","False",TRUE,TRUE
"Nachrang","MASC",2,"polysyllabic","False",TRUE,TRUE
"Nachrennen","NEUT",3,"polysyllabic","False",FALSE,TRUE
"Nachrichtendienst","MASC",3,"polysyllabic","False",TRUE,TRUE
"Nachrichtensprecher","MASC",5,"polysyllabic","False",FALSE,TRUE
"Nachrichter","MASC",3,"polysyllabic","False",FALSE,TRUE
"Nachruf","MASC",2,"polysyllabic","False",TRUE,TRUE
"Nachruhm","MASC",2,"polysyllabic","False",TRUE,TRUE
"Nachsatz","MASC",2,"polysyllabic","True",TRUE,FALSE
"Nachschlag","MASC",2,"polysyllabic","False",TRUE,TRUE
"Nachschub","MASC",2,"polysyllabic","False",TRUE,TRUE
"Nachsitzen","NEUT",3,"polysyllabic","False",FALSE,TRUE
"Nachspann","MASC",2,"polysyllabic","False",FALSE,TRUE
"Nachspiel","NEUT",1,"monosyllabic","False",TRUE,TRUE
"Nachtclub","MASC",2,"polysyllabic","False",FALSE,TRUE
"Nachtdienst","MASC",1,"monosyllabic","False",TRUE,TRUE
"Nachteil","MASC",1,"monosyllabic","False",TRUE,TRUE
"Nachtessen","NEUT",3,"polysyllabic","False",FALSE,TRUE
"Nachtfalter","MASC",3,"polysyllabic","False",FALSE,TRUE
"Nachthemd","NEUT",2,"polysyllabic","False",TRUE,TRUE
"Nachtigallenboden","MASC",6,"polysyllabic","False",FALSE,TRUE
"Nachtisch","MASC",2,"polysyllabic","True",TRUE,TRUE
"Nachtjäger","MASC",3,"polysyllabic","False",FALSE,TRUE
"Nachtlager","NEUT",3,"polysyllabic","False",FALSE,TRUE
"Nachtlicht","NEUT",2,"polysyllabic","False",TRUE,TRUE
"Nachtmahl","NEUT",2,"polysyllabic","False",FALSE,TRUE
"Nachtmahr","MASC",2,"polysyllabic","False",TRUE,TRUE
"Nachtportier","MASC",2,"polysyllabic","False",FALSE,TRUE
"Nachtquartier","NEUT",2,"polysyllabic","False",FALSE,TRUE
"Nachtrag","MASC",2,"polysyllabic","False",TRUE,TRUE
"Nachtrauern","NEUT",2,"polysyllabic","False",FALSE,TRUE
"Nachtreiher","MASC",2,"polysyllabic","False",FALSE,TRUE
"Nachtschatten","MASC",3,"polysyllabic","False",FALSE,TRUE
"Nachtshopping","NEUT",3,"polysyllabic","False",FALSE,TRUE
"Nachtsichtgerät","NEUT",4,"polysyllabic","False",FALSE,TRUE
"Nachttisch","MASC",2,"polysyllabic","True",TRUE,TRUE
"Nachtwächter","MASC",3,"polysyllabic","False",FALSE,TRUE
"Nachtwächterstaat","MASC",4,"polysyllabic","False",TRUE,TRUE
"Nachweis","MASC",1,"monosyllabic","True",TRUE,FALSE
"Nachweisreagenz","NEUT",3,"polysyllabic","True",TRUE,FALSE
"Nachwort","NEUT",2,"polysyllabic","False",TRUE,TRUE
"Nachwuchs","MASC",2,"polysyllabic","True",TRUE,FALSE
"Nachzügler","MASC",3,"polysyllabic","False",FALSE,TRUE
"Nacken","MASC",2,"polysyllabic","False",FALSE,TRUE
"Nadelbaum","MASC",2,"polysyllabic","False",TRUE,TRUE
"Nadelblatt","NEUT",3,"polysyllabic","False",TRUE,TRUE
"Nadelblättchen","NEUT",4,"polysyllabic","False",FALSE,TRUE
"Nadelgehölz","NEUT",4,"polysyllabic","True",TRUE,FALSE
"Nadelholz","NEUT",3,"polysyllabic","True",TRUE,FALSE
"Nadelkissen","NEUT",4,"polysyllabic","False",FALSE,TRUE
"Nadelöhr","NEUT",3,"polysyllabic","False",FALSE,TRUE
"Nadelstich","MASC",3,"polysyllabic","False",TRUE,TRUE
"Nadelstreifen","MASC",3,"polysyllabic","False",FALSE,TRUE
"Nadelwald","MASC",3,"polysyllabic","False",TRUE,TRUE
"Nagel","MASC",2,"polysyllabic","False",FALSE,TRUE
"Nagelbürstchen","NEUT",4,"polysyllabic","False",FALSE,TRUE
"Nägelchen","NEUT",3,"polysyllabic","False",FALSE,TRUE
"Nageleisen","NEUT",3,"polysyllabic","False",FALSE,TRUE
"Nagelknipser","MASC",4,"polysyllabic","False",FALSE,TRUE
"Nagelkopf","MASC",3,"polysyllabic","False",TRUE,TRUE
"Nagellackentferner","MASC",6,"polysyllabic","False",FALSE,TRUE
"Nager","MASC",2,"polysyllabic","False",FALSE,TRUE
"Nagetier","NEUT",2,"polysyllabic","False",TRUE,TRUE
"Näher","MASC",2,"polysyllabic","False",FALSE,TRUE
"Nahkampf","MASC",2,"polysyllabic","False",TRUE,TRUE
"Nährmedium","NEUT",3,"polysyllabic","False",FALSE,TRUE
"Nährstoff","MASC",2,"polysyllabic","False",TRUE,TRUE
"Nahrungsbestandteil","MASC",4,"polysyllabic","False",TRUE,TRUE
"Nahrungsmangel","MASC",4,"polysyllabic","False",FALSE,TRUE
"Nahrungsmittel","NEUT",4,"polysyllabic","False",FALSE,TRUE
"Nährwert","MASC",2,"polysyllabic","False",TRUE,TRUE
"Nahverkehr","MASC",3,"polysyllabic","False",TRUE,TRUE
"Naivling","MASC",2,"polysyllabic","False",FALSE,TRUE
"Namaste","NEUT",3,"polysyllabic","False",TRUE,FALSE
"Namensartikel","MASC",5,"polysyllabic","False",FALSE,TRUE
"Namensgeber","MASC",4,"polysyllabic","False",FALSE,TRUE
"Namenstag","MASC",3,"polysyllabic","False",TRUE,TRUE
"Namensträger","MASC",4,"polysyllabic","False",FALSE,TRUE
"Namensursprung","MASC",4,"polysyllabic","False",TRUE,TRUE
"Namensvetter","MASC",4,"polysyllabic","False",FALSE,TRUE
"Namensvorschlag","MASC",4,"polysyllabic","False",TRUE,TRUE
"Namenszusatz","MASC",4,"polysyllabic","True",TRUE,FALSE
"NAND-Gatter","NEUT",3,"polysyllabic","False",FALSE,TRUE
"Nanoampere","NEUT",4,"polysyllabic","False",TRUE,FALSE
"Nanoantikörper","MASC",5,"polysyllabic","False",FALSE,TRUE
"Nanobakterium","NEUT",5,"polysyllabic","False",FALSE,TRUE
"Nanobot","NEUT",3,"polysyllabic","False",FALSE,TRUE
"Nanodraht","MASC",3,"polysyllabic","False",FALSE,TRUE
"Nanofarad","NEUT",4,"polysyllabic","False",FALSE,TRUE
"Nanogramm","NEUT",3,"polysyllabic","False",FALSE,TRUE
"Nanojoule","NEUT",4,"polysyllabic","False",TRUE,FALSE
"Nanokondensator","MASC",6,"polysyllabic","False",FALSE,TRUE
"Nanokristall","MASC",4,"polysyllabic","False",FALSE,TRUE
"Nanomaterial","NEUT",5,"polysyllabic","False",FALSE,TRUE
"Nanomotor","MASC",4,"polysyllabic","False",FALSE,TRUE
"Nanoobjekt","NEUT",3,"polysyllabic","False",FALSE,TRUE
"Nanosystem","NEUT",4,"polysyllabic","False",FALSE,TRUE
"Nanoteilchen","NEUT",3,"polysyllabic","False",FALSE,TRUE
"Nanotesla","NEUT",4,"polysyllabic","False",FALSE,TRUE
"Nanovolt","NEUT",3,"polysyllabic","False",TRUE,FALSE
"Nanowatt","NEUT",3,"polysyllabic","False",FALSE,TRUE
"Nanziger","MASC",3,"polysyllabic","False",FALSE,TRUE
"Napf","MASC",1,"monosyllabic","False",TRUE,TRUE
"Napfkuchen","MASC",3,"polysyllabic","False",FALSE,TRUE
"Narkoleptiker","MASC",5,"polysyllabic","False",FALSE,TRUE
"Narkotikum","NEUT",4,"polysyllabic","False",FALSE,TRUE
"Narwal","MASC",2,"polysyllabic","False",TRUE,TRUE
"Nasal","MASC",2,"polysyllabic","False",FALSE,TRUE
"Nasallaut","MASC",2,"polysyllabic","False",TRUE,TRUE
"Nasalvokal","MASC",4,"polysyllabic","False",FALSE,TRUE
"Näschen","NEUT",2,"polysyllabic","False",FALSE,TRUE
"Nasenbein","NEUT",2,"polysyllabic","False",TRUE,TRUE
"Nasenbeinbruch","MASC",3,"polysyllabic","False",TRUE,TRUE
"Nasenbluten","NEUT",4,"polysyllabic","False",FALSE,TRUE
"Nasenlaut","MASC",2,"polysyllabic","False",TRUE,TRUE
"Nasenloch","NEUT",3,"polysyllabic","False",TRUE,TRUE
"Nasenring","MASC",3,"polysyllabic","False",TRUE,TRUE
"Nashorn","NEUT",2,"polysyllabic","False",TRUE,TRUE
"Nasiräer","MASC",3,"polysyllabic","False",FALSE,TRUE
"Näslein","NEUT",1,"monosyllabic","False",FALSE,TRUE
"Nass","NEUT",1,"monosyllabic","True",TRUE,FALSE
"Nationalfeiertag","MASC",5,"polysyllabic","False",TRUE,TRUE
"Nationalpark","MASC",4,"polysyllabic","False",TRUE,TRUE
"Nationalspieler","MASC",4,"polysyllabic","False",FALSE,TRUE
"Nationalstaat","MASC",4,"polysyllabic","False",TRUE,TRUE
"Nato-Draht","MASC",3,"polysyllabic","False",TRUE,TRUE
"Natriumhalogenid","NEUT",6,"polysyllabic","False",FALSE,TRUE
"Natriumsalz","NEUT",3,"polysyllabic","True",TRUE,FALSE
"Natron","NEUT",2,"polysyllabic","False",FALSE,TRUE
"Natronfeldspat","NEUT",4,"polysyllabic","False",FALSE,TRUE
"Natronkalk","MASC",3,"polysyllabic","False",FALSE,TRUE
"Natronsalpeter","MASC",5,"polysyllabic","False",FALSE,TRUE
"Naturerbe","NEUT",4,"polysyllabic","False",TRUE,FALSE
"Naturfreund","MASC",2,"polysyllabic","False",TRUE,TRUE
"Naturschutz","MASC",3,"polysyllabic","True",TRUE,FALSE
"Naturschutzgebiet","NEUT",4,"polysyllabic","False",TRUE,TRUE
"Naturstoff","MASC",3,"polysyllabic","False",TRUE,TRUE
"Naturtalent","NEUT",4,"polysyllabic","False",TRUE,TRUE
"Naturzustand","MASC",4,"polysyllabic","False",TRUE,TRUE
"Navi","NEUT",2,"polysyllabic","False",FALSE,TRUE
"Nazaräer","MASC",3,"polysyllabic","False",FALSE,TRUE
"Nazi","MASC",2,"polysyllabic","False",FALSE,TRUE
"Nazi-Jargon","MASC",4,"polysyllabic","False",FALSE,TRUE
"Nazischwein","NEUT",2,"polysyllabic","False",TRUE,TRUE
"Nazoräer","MASC",3,"polysyllabic","False",FALSE,TRUE
"Nebel","MASC",2,"polysyllabic","False",FALSE,TRUE
"Nebelhorn","NEUT",3,"polysyllabic","False",TRUE,TRUE
"Nebelparder","MASC",4,"polysyllabic","False",FALSE,TRUE
"Nebelstreif","MASC",2,"polysyllabic","False",TRUE,TRUE
"Nebelung","MASC",3,"polysyllabic","False",TRUE,TRUE
"Nebenbetonungszeichen","NEUT",6,"polysyllabic","False",FALSE,TRUE
"Nebenblatt","NEUT",3,"polysyllabic","False",TRUE,TRUE
"Nebenbuhler","MASC",4,"polysyllabic","False",FALSE,TRUE
"Nebeneingang","MASC",3,"polysyllabic","False",TRUE,TRUE
"Nebenfluss","MASC",3,"polysyllabic","True",TRUE,FALSE
"Nebenhoden","MASC",4,"polysyllabic","False",FALSE,TRUE
"Nebenprodukt","NEUT",4,"polysyllabic","False",TRUE,TRUE
"Nebenpunkt","MASC",3,"polysyllabic","False",TRUE,TRUE
"Nebensatz","MASC",3,"polysyllabic","True",TRUE,FALSE
"Nebenschauplatz","MASC",3,"polysyllabic","True",TRUE,FALSE
"Nebensinn","MASC",3,"polysyllabic","False",TRUE,TRUE
"Nebenthema","NEUT",4,"polysyllabic","False",FALSE,TRUE
"Nebenton","MASC",3,"polysyllabic","False",TRUE,TRUE
"Nebenweg","MASC",3,"polysyllabic","False",TRUE,TRUE
"Nebenwort","NEUT",3,"polysyllabic","False",TRUE,TRUE
"Nebenzimmer","NEUT",4,"polysyllabic","False",FALSE,TRUE
"Necessaire","NEUT",4,"polysyllabic","False",TRUE,FALSE
"Neger","MASC",2,"polysyllabic","False",FALSE,TRUE
"Negerkuss","MASC",3,"polysyllabic","True",TRUE,FALSE
"Negligee","NEUT",3,"polysyllabic","False",TRUE,FALSE
"Nehmen","NEUT",2,"polysyllabic","False",FALSE,TRUE
"Neid","MASC",0,"polysyllabic","False",TRUE,TRUE
"Neidbau","MASC",0,"polysyllabic","False",TRUE,TRUE
"Neider","MASC",1,"monosyllabic","False",FALSE,TRUE
"Neinsager","MASC",2,"polysyllabic","False",FALSE,TRUE
"Nekrolog","MASC",3,"polysyllabic","False",TRUE,TRUE
"Nektar","MASC",2,"polysyllabic","False",FALSE,TRUE
"Nenner","MASC",2,"polysyllabic","False",FALSE,TRUE
"Nennwert","MASC",2,"polysyllabic","False",TRUE,TRUE
"Neodym","NEUT",2,"polysyllabic","False",FALSE,TRUE
"Neolithikum","NEUT",4,"polysyllabic","False",FALSE,TRUE
"Neongrün","NEUT",2,"polysyllabic","False",FALSE,TRUE
"Neophyt","MASC",2,"polysyllabic","False",FALSE,TRUE
"Nephrit","MASC",2,"polysyllabic","False",FALSE,TRUE
"Nepp","MASC",1,"monosyllabic","False",FALSE,TRUE
"Neptun","MASC",2,"polysyllabic","False",FALSE,TRUE
"Neptunium","NEUT",3,"polysyllabic","False",FALSE,TRUE
"Nerv","MASC",1,"monosyllabic","False",TRUE,TRUE
"Nervenbündel","NEUT",4,"polysyllabic","False",FALSE,TRUE
"Nervengas","NEUT",3,"polysyllabic","True",TRUE,FALSE
"Nervenkitzel","MASC",4,"polysyllabic","False",FALSE,TRUE
"Nervenkrieg","MASC",2,"polysyllabic","False",TRUE,TRUE
"Nervensystem","NEUT",4,"polysyllabic","False",FALSE,TRUE
"Nerz","MASC",1,"monosyllabic","True",TRUE,FALSE
"Nessel","MASC",2,"polysyllabic","False",FALSE,TRUE
"Nesseltier","NEUT",2,"polysyllabic","False",TRUE,TRUE
"Nest","NEUT",1,"monosyllabic","False",TRUE,TRUE
"Nestbeschmutzer","MASC",4,"polysyllabic","False",FALSE,TRUE
"Nestflüchter","MASC",3,"polysyllabic","False",FALSE,TRUE
"Nesthäkchen","NEUT",3,"polysyllabic","False",FALSE,TRUE
"Nesthocker","MASC",3,"polysyllabic","False",FALSE,TRUE
"Nestling","MASC",2,"polysyllabic","False",FALSE,TRUE
"Netz","NEUT",1,"monosyllabic","True",TRUE,FALSE
"Netzkabel","NEUT",3,"polysyllabic","False",FALSE,TRUE
"Netzmagen","MASC",3,"polysyllabic","False",FALSE,TRUE
"Netzstrumpf","MASC",2,"polysyllabic","False",TRUE,TRUE
"Netzwerk","NEUT",2,"polysyllabic","False",TRUE,TRUE
"Neuanfang","MASC",2,"polysyllabic","False",TRUE,TRUE
"Neuankömmling","MASC",3,"polysyllabic","False",FALSE,TRUE
"Neudruck","MASC",1,"monosyllabic","False",FALSE,TRUE
"Neuenglisch","NEUT",2,"polysyllabic","True",FALSE,TRUE
"Neugewürz","NEUT",2,"polysyllabic","True",TRUE,FALSE
"Neuheidentum","NEUT",2,"polysyllabic","False",FALSE,TRUE
"Neujahr","NEUT",1,"monosyllabic","False",TRUE,TRUE
"Neujahrskonzert","NEUT",3,"polysyllabic","False",FALSE,TRUE
"Neujahrstag","MASC",2,"polysyllabic","False",TRUE,TRUE
"Neujahrsvorsatz","MASC",3,"polysyllabic","True",TRUE,FALSE
"Neuland","NEUT",1,"monosyllabic","False",TRUE,TRUE
"Neulatein","NEUT",1,"monosyllabic","False",FALSE,TRUE
"Neuling","MASC",1,"monosyllabic","False",FALSE,TRUE
"Neumond","MASC",1,"monosyllabic","False",TRUE,TRUE
"Neuneck","NEUT",1,"monosyllabic","False",FALSE,TRUE
"Neuner","MASC",1,"monosyllabic","False",FALSE,TRUE
"Neunflächner","MASC",2,"polysyllabic","False",FALSE,TRUE
"Neuniederländisch","NEUT",3,"polysyllabic","True",FALSE,TRUE
"Neuntöter","MASC",2,"polysyllabic","False",FALSE,TRUE
"Neunzehneck","NEUT",2,"polysyllabic","False",FALSE,TRUE
"Neuroleptikum","NEUT",4,"polysyllabic","False",FALSE,TRUE
"Neurotransmitter","MASC",4,"polysyllabic","False",FALSE,TRUE
"Neuschnee","MASC",1,"monosyllabic","False",TRUE,FALSE
"Neuseeländer","MASC",3,"polysyllabic","False",FALSE,TRUE
"Neusilber","NEUT",2,"polysyllabic","False",FALSE,TRUE
"Neutron","NEUT",1,"monosyllabic","False",FALSE,TRUE
"Neutronenbeschuss","MASC",4,"polysyllabic","True",TRUE,FALSE
"Neutroneneinfang","MASC",3,"polysyllabic","False",TRUE,TRUE
"Neutroneneinfangquerschnitt","NEUT",5,"polysyllabic","False",FALSE,TRUE
"Neutronenmangel","MASC",4,"polysyllabic","False",FALSE,TRUE
"Neutronenstern","MASC",3,"polysyllabic","False",TRUE,TRUE
"Neutronenüberschuss","MASC",5,"polysyllabic","True",TRUE,FALSE
"Neuzustand","MASC",2,"polysyllabic","False",TRUE,TRUE
"New Yorker","MASC",3,"polysyllabic","False",FALSE,TRUE
"Newton","MASC",2,"polysyllabic","False",FALSE,TRUE
"Newtonmeter","MASC",4,"polysyllabic","False",FALSE,TRUE
"Nibelungenlied","NEUT",4,"polysyllabic","False",TRUE,TRUE
"NICHT-Gatter","NEUT",3,"polysyllabic","False",FALSE,TRUE
"Nichteisenmetall","NEUT",4,"polysyllabic","False",TRUE,TRUE
"Nichtmetall","NEUT",3,"polysyllabic","False",FALSE,TRUE
"Nichtmetalloxid","NEUT",5,"polysyllabic","False",TRUE,TRUE
"Nichtmuttersprachler","MASC",5,"polysyllabic","False",FALSE,TRUE
"Nichtraucher","MASC",2,"polysyllabic","False",FALSE,TRUE
"Nichtschwimmer","MASC",3,"polysyllabic","False",FALSE,TRUE
"Nichtsein","NEUT",1,"monosyllabic","False",FALSE,TRUE
"Nichtskönner","MASC",3,"polysyllabic","False",FALSE,TRUE
"Nichtsnutz","MASC",2,"polysyllabic","True",TRUE,FALSE
"Nichttänzer","MASC",3,"polysyllabic","False",FALSE,TRUE
"Nickelarsenid","NEUT",5,"polysyllabic","False",FALSE,TRUE
"Nickelin","MASC",3,"polysyllabic","False",FALSE,TRUE
"Nickerchen","NEUT",3,"polysyllabic","False",FALSE,TRUE
"Nicotin","NEUT",3,"polysyllabic","False",FALSE,TRUE
"Niederdruck","MASC",2,"polysyllabic","False",FALSE,TRUE
"Niedergang","MASC",2,"polysyllabic","False",TRUE,TRUE
"Niederland","NEUT",2,"polysyllabic","False",TRUE,TRUE
"Niederländer","MASC",3,"polysyllabic","False",FALSE,TRUE
"Niederländisch","NEUT",3,"polysyllabic","True",FALSE,TRUE
"Niederschlag","MASC",2,"polysyllabic","False",TRUE,TRUE
"Niednagel","MASC",2,"polysyllabic","False",FALSE,TRUE
"Niedrigwasser","NEUT",3,"polysyllabic","False",FALSE,TRUE
"Nierenbecken","NEUT",3,"polysyllabic","False",FALSE,TRUE
"Nierenstein","MASC",1,"monosyllabic","False",FALSE,TRUE
"Nierenversagen","NEUT",4,"polysyllabic","False",FALSE,TRUE
"Nieselregen","MASC",3,"polysyllabic","False",FALSE,TRUE
"Niesen","NEUT",1,"monosyllabic","False",FALSE,TRUE
"Nießbrauch","MASC",0,"polysyllabic","False",TRUE,TRUE
"Nigerianer","MASC",4,"polysyllabic","False",FALSE,TRUE
"Nigger","MASC",2,"polysyllabic","False",FALSE,TRUE
"Nihonium","NEUT",3,"polysyllabic","False",FALSE,TRUE
"Nikotin","NEUT",3,"polysyllabic","False",FALSE,TRUE
"Nilbarsch","MASC",2,"polysyllabic","True",TRUE,TRUE
"Nilpferd","NEUT",2,"polysyllabic","False",TRUE,TRUE
"Nimmersatt","MASC",3,"polysyllabic","False",TRUE,TRUE
"Nimmerwiedersehen","NEUT",5,"polysyllabic","False",FALSE,TRUE
"Ninja","MASC",2,"polysyllabic","False",FALSE,TRUE
"Niob","NEUT",1,"monosyllabic","False",FALSE,TRUE
"Niobat","NEUT",2,"polysyllabic","False",FALSE,TRUE
"Niobit","MASC",2,"polysyllabic","False",FALSE,TRUE
"Nippel","MASC",2,"polysyllabic","False",FALSE,TRUE
"Nippelspanner","MASC",4,"polysyllabic","False",FALSE,TRUE
"Niqab","MASC",2,"polysyllabic","False",FALSE,TRUE
"Nitrat","NEUT",2,"polysyllabic","False",TRUE,TRUE
"Nitratsalz","NEUT",3,"polysyllabic","True",TRUE,FALSE
"Nitrid","NEUT",2,"polysyllabic","False",FALSE,TRUE
"Nitrit","NEUT",2,"polysyllabic","False",FALSE,TRUE
"Niveau","NEUT",2,"polysyllabic","False",FALSE,TRUE
"Nix","MASC",1,"monosyllabic","True",TRUE,FALSE
"Nobelium","NEUT",3,"polysyllabic","False",FALSE,TRUE
"Nomen","NEUT",2,"polysyllabic","False",FALSE,TRUE
"Nominalwert","MASC",4,"polysyllabic","False",TRUE,TRUE
"Nomokratiechen","NEUT",4,"polysyllabic","False",FALSE,TRUE
"Nonagon","NEUT",3,"polysyllabic","False",FALSE,TRUE
"NOR-Gatter","NEUT",3,"polysyllabic","False",FALSE,TRUE
"Nord","MASC",1,"monosyllabic","False",FALSE,TRUE
"Nordamerikaner","MASC",6,"polysyllabic","False",FALSE,TRUE
"Norden","MASC",2,"polysyllabic","False",FALSE,TRUE
"Nordlicht","NEUT",2,"polysyllabic","False",TRUE,TRUE
"Nordmann","MASC",2,"polysyllabic","False",TRUE,TRUE
"Nordost","MASC",2,"polysyllabic","False",FALSE,TRUE
"Nordosten","MASC",3,"polysyllabic","False",FALSE,TRUE
"Nordpol","MASC",2,"polysyllabic","False",TRUE,TRUE
"Nordwest","MASC",2,"polysyllabic","False",FALSE,TRUE
"Nordwesten","MASC",3,"polysyllabic","False",FALSE,TRUE
"Nordwind","MASC",2,"polysyllabic","False",TRUE,TRUE
"Nörgler","MASC",2,"polysyllabic","False",FALSE,TRUE
"Normal","NEUT",2,"polysyllabic","False",FALSE,TRUE
"Normalpotential","NEUT",5,"polysyllabic","False",FALSE,TRUE
"Normalzustand","MASC",4,"polysyllabic","False",TRUE,TRUE
"Normdatum","NEUT",3,"polysyllabic","False",FALSE,TRUE
"Norweger","MASC",3,"polysyllabic","False",FALSE,TRUE
"Nosean","MASC",2,"polysyllabic","False",FALSE,TRUE
"Notausgang","MASC",2,"polysyllabic","False",TRUE,TRUE
"Notdienst","MASC",1,"monosyllabic","False",TRUE,TRUE
"Notebook","NEUT",3,"polysyllabic","False",FALSE,TRUE
"Notenblatt","NEUT",3,"polysyllabic","False",TRUE,TRUE
"Notenblättchen","NEUT",4,"polysyllabic","False",FALSE,TRUE
"Notenkopf","MASC",3,"polysyllabic","False",TRUE,TRUE
"Notenschlüssel","MASC",4,"polysyllabic","False",FALSE,TRUE
"Notenwert","MASC",3,"polysyllabic","False",TRUE,TRUE
"Notfall","MASC",2,"polysyllabic","False",TRUE,TRUE
"Notizbuch","NEUT",3,"polysyllabic","False",TRUE,TRUE
"Notsignal","NEUT",3,"polysyllabic","False",TRUE,TRUE
"Notstand","MASC",2,"polysyllabic","False",TRUE,TRUE
"Notverkauf","MASC",2,"polysyllabic","False",TRUE,TRUE
"November","MASC",3,"polysyllabic","False",FALSE,TRUE
"Noviziat","MASC",3,"polysyllabic","False",TRUE,TRUE
"NT","NEUT",0,"polysyllabic","False",FALSE,TRUE
"Nudelholz","NEUT",3,"polysyllabic","True",TRUE,FALSE
"Nudelteig","MASC",2,"polysyllabic","False",TRUE,TRUE
"Nuklearbrennstab","MASC",4,"polysyllabic","False",FALSE,TRUE
"Nukleon","NEUT",2,"polysyllabic","False",FALSE,TRUE
"Nukleotid","NEUT",3,"polysyllabic","False",FALSE,TRUE
"Nullenergiehaus","NEUT",3,"polysyllabic","True",TRUE,FALSE
"Nullpunkt","MASC",2,"polysyllabic","False",TRUE,TRUE
"Numerale","NEUT",4,"polysyllabic","False",TRUE,FALSE
"Nummernschild","NEUT",3,"polysyllabic","False",TRUE,TRUE
"Nurdachhaus","NEUT",2,"polysyllabic","True",TRUE,FALSE
"Nürnberger","MASC",3,"polysyllabic","False",FALSE,TRUE
"Nuscheln","NEUT",2,"polysyllabic","False",FALSE,TRUE
"Nussbaum","MASC",1,"monosyllabic","False",TRUE,TRUE
"Nussknacker","MASC",3,"polysyllabic","False",FALSE,TRUE
"Nuttenficker","MASC",4,"polysyllabic","False",FALSE,TRUE
"Nuttenjäger","MASC",4,"polysyllabic","False",FALSE,TRUE
"Nuttensohn","MASC",3,"polysyllabic","False",FALSE,TRUE
"Nutterich","MASC",3,"polysyllabic","False",FALSE,TRUE
"Nutzen","MASC",2,"polysyllabic","False",FALSE,TRUE
"Nutzer","MASC",2,"polysyllabic","False",FALSE,TRUE
"Nutznießer","MASC",2,"polysyllabic","False",FALSE,TRUE
"Nutztier","NEUT",1,"monosyllabic","False",FALSE,TRUE
"Nutzwert","MASC",2,"polysyllabic","False",TRUE,TRUE
"Ny","NEUT",1,"monosyllabic","False",FALSE,TRUE
"Ober","MASC",2,"polysyllabic","False",FALSE,TRUE
"Oberarm","MASC",3,"polysyllabic","False",TRUE,TRUE
"Oberbefehlshaber","MASC",6,"polysyllabic","False",FALSE,TRUE
"Oberbegriff","MASC",4,"polysyllabic","False",TRUE,TRUE
"Oberbürgermeister","MASC",5,"polysyllabic","False",FALSE,TRUE
"Oberdeck","NEUT",3,"polysyllabic","False",FALSE,TRUE
"Oberdeutsch","NEUT",2,"polysyllabic","True",FALSE,TRUE
"Oberflächenschutz","MASC",5,"polysyllabic","True",TRUE,FALSE
"Obergeschoss","NEUT",4,"polysyllabic","True",TRUE,FALSE
"Obergespan","MASC",4,"polysyllabic","False",TRUE,TRUE
"Obergespann","MASC",4,"polysyllabic","False",TRUE,TRUE
"Obergewand","NEUT",4,"polysyllabic","False",TRUE,TRUE
"Obergruppenführer","MASC",6,"polysyllabic","False",FALSE,TRUE
"Oberhaupt","NEUT",2,"polysyllabic","False",TRUE,TRUE
"Oberhaus","NEUT",2,"polysyllabic","True",TRUE,FALSE
"Oberholz","NEUT",3,"polysyllabic","True",TRUE,FALSE
"Oberkellner","MASC",4,"polysyllabic","False",FALSE,TRUE
"Oberkommando","NEUT",5,"polysyllabic","False",FALSE,TRUE
"Oberlandesgericht","NEUT",6,"polysyllabic","False",TRUE,TRUE
"Oberlauf","MASC",2,"polysyllabic","False",TRUE,FALSE
"Oberpfälzer","MASC",4,"polysyllabic","False",FALSE,TRUE
"Oberschenkel","MASC",4,"polysyllabic","False",FALSE,TRUE
"Oberst","MASC",2,"polysyllabic","False",FALSE,TRUE
"Oberstaatsanwalt","MASC",5,"polysyllabic","False",TRUE,TRUE
"Oberstleutnant","MASC",3,"polysyllabic","False",FALSE,TRUE
"Oberteil","NEUT",2,"polysyllabic","False",TRUE,TRUE
"Oberton","MASC",3,"polysyllabic","False",TRUE,TRUE
"Objekt","NEUT",2,"polysyllabic","False",TRUE,TRUE
"Objektiv","NEUT",3,"polysyllabic","False",FALSE,TRUE
"Obligo","NEUT",3,"polysyllabic","False",FALSE,TRUE
"Obmann","MASC",2,"polysyllabic","False",TRUE,TRUE
"Obolchen","NEUT",3,"polysyllabic","False",FALSE,TRUE
"Observatorium","NEUT",5,"polysyllabic","False",FALSE,TRUE
"Obsidian","MASC",3,"polysyllabic","False",FALSE,TRUE
"Obst","NEUT",1,"monosyllabic","False",TRUE,TRUE
"Obstbaum","MASC",1,"monosyllabic","False",TRUE,TRUE
"Obstbesteck","NEUT",3,"polysyllabic","False",TRUE,TRUE
"Obstkuchen","MASC",3,"polysyllabic","False",FALSE,TRUE
"Obstler","MASC",2,"polysyllabic","False",FALSE,TRUE
"Öbstler","MASC",2,"polysyllabic","False",FALSE,TRUE
"Obstlöffel","MASC",3,"polysyllabic","False",FALSE,TRUE
"Obstmesser","NEUT",3,"polysyllabic","False",FALSE,TRUE
"Obstsalat","MASC",3,"polysyllabic","False",TRUE,TRUE
"Ochsenauge","NEUT",3,"polysyllabic","False",TRUE,FALSE
"Odel","MASC",2,"polysyllabic","False",FALSE,TRUE
"Ödem","NEUT",2,"polysyllabic","False",FALSE,TRUE
"ODER-Gatter","NEUT",4,"polysyllabic","False",FALSE,TRUE
"Odin","MASC",2,"polysyllabic","False",FALSE,TRUE
"Odinshühnchen","NEUT",4,"polysyllabic","False",FALSE,TRUE
"Ödland","NEUT",2,"polysyllabic","False",TRUE,TRUE
"Öfchen","NEUT",2,"polysyllabic","False",FALSE,TRUE
"Ofen","NEUT",2,"polysyllabic","False",FALSE,TRUE
"Ofenbrot","NEUT",3,"polysyllabic","False",TRUE,TRUE
"Ofenküchlein","NEUT",3,"polysyllabic","False",FALSE,TRUE
"Ofenrohr","NEUT",3,"polysyllabic","False",TRUE,TRUE
"Offenbacher","MASC",4,"polysyllabic","False",FALSE,TRUE
"Offenbarungseid","MASC",4,"polysyllabic","False",TRUE,TRUE
"Offizial","MASC",3,"polysyllabic","False",FALSE,TRUE
"Offizialdelikt","NEUT",5,"polysyllabic","False",TRUE,TRUE
"Offizialverteidiger","MASC",6,"polysyllabic","False",FALSE,TRUE
"Offizier","MASC",2,"polysyllabic","False",TRUE,TRUE
"Öffner","MASC",2,"polysyllabic","False",FALSE,TRUE
"Öffnungslaut","MASC",2,"polysyllabic","False",TRUE,TRUE
"Oganesson","NEUT",4,"polysyllabic","False",FALSE,TRUE
"Oger","MASC",2,"polysyllabic","False",FALSE,TRUE
"Ogonek","NEUT",3,"polysyllabic","False",FALSE,TRUE
"Oheim","MASC",1,"monosyllabic","False",FALSE,TRUE
"Ohm","NEUT",1,"monosyllabic","False",FALSE,TRUE
"Ohr","NEUT",1,"monosyllabic","False",TRUE,TRUE
"Öhr","NEUT",1,"monosyllabic","False",TRUE,TRUE
"Öhrchen","NEUT",2,"polysyllabic","False",FALSE,TRUE
"Ohrenbläser","MASC",4,"polysyllabic","False",FALSE,TRUE
"Ohrenschmalz","NEUT",3,"polysyllabic","True",TRUE,FALSE
"Ohrenschützer","MASC",4,"polysyllabic","False",FALSE,TRUE
"Ohrensessel","MASC",4,"polysyllabic","False",FALSE,TRUE
"Ohrenstöpsel","MASC",4,"polysyllabic","False",FALSE,TRUE
"Ohrenwärmer","MASC",4,"polysyllabic","False",FALSE,TRUE
"Ohrhörer","MASC",3,"polysyllabic","False",FALSE,TRUE
"Ohrring","MASC",2,"polysyllabic","False",TRUE,TRUE
"Ohrwurm","MASC",2,"polysyllabic","False",TRUE,TRUE
"Ökosystem","NEUT",4,"polysyllabic","False",FALSE,TRUE
"Oktacyanomolybdat","NEUT",7,"polysyllabic","False",FALSE,TRUE
"Oktaederstumpf","MASC",4,"polysyllabic","False",TRUE,TRUE
"Oktett","NEUT",2,"polysyllabic","False",TRUE,TRUE
"Oktober","MASC",3,"polysyllabic","False",FALSE,TRUE
"Oktoberfest","NEUT",4,"polysyllabic","False",TRUE,TRUE
"Öl","NEUT",1,"monosyllabic","False",TRUE,TRUE
"Ölauge","NEUT",2,"polysyllabic","False",TRUE,FALSE
"Ölbaum","MASC",1,"monosyllabic","False",TRUE,TRUE
"Ölberg","MASC",2,"polysyllabic","False",TRUE,TRUE
"Oldtimer","MASC",3,"polysyllabic","False",FALSE,TRUE
"Oleander","MASC",3,"polysyllabic","False",FALSE,TRUE
"Olefin","NEUT",3,"polysyllabic","False",FALSE,TRUE
"Ölfass","NEUT",2,"polysyllabic","True",TRUE,FALSE
"Ölfeld","NEUT",2,"polysyllabic","False",TRUE,TRUE
"Oligopol","NEUT",4,"polysyllabic","False",FALSE,TRUE
"Oligosaccharid","NEUT",6,"polysyllabic","False",FALSE,TRUE
"Oligozän","NEUT",4,"polysyllabic","False",FALSE,TRUE
"Olivenbaum","MASC",3,"polysyllabic","False",TRUE,TRUE
"Olivenholz","NEUT",4,"polysyllabic","True",TRUE,FALSE
"Olivenkern","MASC",4,"polysyllabic","False",TRUE,TRUE
"Olivenöl","NEUT",4,"polysyllabic","False",TRUE,TRUE
"Olivenstein","MASC",3,"polysyllabic","False",TRUE,TRUE
"Olivenzweig","MASC",3,"polysyllabic","False",FALSE,TRUE
"Olivin","MASC",3,"polysyllabic","False",FALSE,TRUE
"Olm","MASC",1,"monosyllabic","False",TRUE,TRUE
"Olmsteadit","MASC",3,"polysyllabic","False",FALSE,TRUE
"Olmützer","MASC",3,"polysyllabic","False",FALSE,TRUE
"Ölschiefer","MASC",2,"polysyllabic","False",FALSE,TRUE
"Öltanker","MASC",3,"polysyllabic","False",FALSE,TRUE
"Ölteppich","MASC",3,"polysyllabic","False",TRUE,TRUE
"Öltropfen","MASC",3,"polysyllabic","False",FALSE,TRUE
"Olympiasieger","MASC",4,"polysyllabic","False",FALSE,TRUE
"Olympiastadion","NEUT",5,"polysyllabic","False",FALSE,TRUE
"Olympier","MASC",2,"polysyllabic","False",FALSE,TRUE
"Ombudsmann","MASC",3,"polysyllabic","False",TRUE,TRUE
"Omega","NEUT",3,"polysyllabic","False",FALSE,TRUE
"Omelett","NEUT",3,"polysyllabic","False",TRUE,TRUE
"Omen","NEUT",2,"polysyllabic","False",FALSE,TRUE
"Omikron","NEUT",3,"polysyllabic","False",FALSE,TRUE
"Onager","MASC",3,"polysyllabic","False",FALSE,TRUE
"One-Night-Stand","MASC",4,"polysyllabic","False",FALSE,TRUE
"Onkel","MASC",2,"polysyllabic","False",FALSE,TRUE
"Onomatopoetikum","NEUT",7,"polysyllabic","False",FALSE,TRUE
"Ontarier","MASC",2,"polysyllabic","False",FALSE,TRUE
"Oolith","MASC",2,"polysyllabic","False",FALSE,TRUE
"Opa","MASC",2,"polysyllabic","False",FALSE,TRUE
"Opa Langbein","MASC",3,"polysyllabic","False",FALSE,TRUE
"Opachen","NEUT",3,"polysyllabic","False",FALSE,TRUE
"Opal","MASC",2,"polysyllabic","False",FALSE,TRUE
"Operationssaal","MASC",5,"polysyllabic","False",TRUE,TRUE
"Opernhaus","NEUT",2,"polysyllabic","True",TRUE,FALSE
"Opernsänger","MASC",4,"polysyllabic","False",FALSE,TRUE
"Opfer","NEUT",2,"polysyllabic","False",FALSE,TRUE
"Opfern","NEUT",2,"polysyllabic","False",FALSE,TRUE
"Oppositionspolitiker","MASC",8,"polysyllabic","False",FALSE,TRUE
"Optiker","MASC",3,"polysyllabic","False",FALSE,TRUE
"Optimum","NEUT",3,"polysyllabic","False",FALSE,TRUE
"Oralverkehr","MASC",4,"polysyllabic","False",TRUE,TRUE
"Orangeat","NEUT",3,"polysyllabic","False",TRUE,TRUE
"Orangenbaum","MASC",3,"polysyllabic","False",TRUE,TRUE
"Orangensaft","MASC",4,"polysyllabic","False",TRUE,TRUE
"Orchester","NEUT",3,"polysyllabic","False",FALSE,TRUE
"Orden","MASC",2,"polysyllabic","False",FALSE,TRUE
"Ordensgeneral","MASC",5,"polysyllabic","False",FALSE,TRUE
"Ordnen","NEUT",2,"polysyllabic","False",FALSE,TRUE
"Ordner","MASC",2,"polysyllabic","False",FALSE,TRUE
"Ordnungsamt","NEUT",3,"polysyllabic","False",TRUE,TRUE
"Oregano","MASC",4,"polysyllabic","False",FALSE,TRUE
"Oregoner","MASC",4,"polysyllabic","False",FALSE,TRUE
"Organ","NEUT",2,"polysyllabic","False",TRUE,TRUE
"Organogerman","NEUT",5,"polysyllabic","False",FALSE,TRUE
"Organophosphin","NEUT",5,"polysyllabic","False",FALSE,TRUE
"Organversagen","NEUT",5,"polysyllabic","False",FALSE,TRUE
"Orgelklang","MASC",3,"polysyllabic","False",TRUE,TRUE
"Orgelkonzert","NEUT",4,"polysyllabic","False",FALSE,TRUE
"Orgelmetall","NEUT",4,"polysyllabic","False",FALSE,TRUE
"Orgelspiel","NEUT",2,"polysyllabic","False",TRUE,TRUE
"Orgelspieler","MASC",3,"polysyllabic","False",FALSE,TRUE
"Orientierungsmarsch","MASC",3,"polysyllabic","True",TRUE,TRUE
"Original","NEUT",4,"polysyllabic","False",FALSE,TRUE
"Originalzustand","MASC",6,"polysyllabic","False",TRUE,TRUE
"Orkan","MASC",2,"polysyllabic","False",TRUE,TRUE
"Ornament","NEUT",3,"polysyllabic","False",TRUE,TRUE
"Ort","MASC",1,"monosyllabic","False",TRUE,TRUE
"Örtchen","NEUT",2,"polysyllabic","False",FALSE,TRUE
"Orthophosphat","NEUT",4,"polysyllabic","False",FALSE,TRUE
"Orthopyroxen","MASC",5,"polysyllabic","False",FALSE,TRUE
"Orthosilicat","NEUT",5,"polysyllabic","False",FALSE,TRUE
"Ortolan","MASC",3,"polysyllabic","False",FALSE,TRUE
"Ortsbeirat","MASC",2,"polysyllabic","False",FALSE,TRUE
"Ortsgespräch","NEUT",3,"polysyllabic","False",TRUE,TRUE
"Ortsschild","NEUT",2,"polysyllabic","False",TRUE,TRUE
"Ortsteil","MASC",1,"monosyllabic","False",TRUE,TRUE
"Ortstein","MASC",1,"monosyllabic","False",TRUE,TRUE
"Ortswechsel","MASC",3,"polysyllabic","False",FALSE,TRUE
"Ösi","MASC",2,"polysyllabic","False",FALSE,TRUE
"Osmium","NEUT",2,"polysyllabic","False",FALSE,TRUE
"Ost","MASC",1,"monosyllabic","False",FALSE,TRUE
"Ostberliner","MASC",4,"polysyllabic","False",FALSE,TRUE
"Osten","MASC",2,"polysyllabic","False",FALSE,TRUE
"Osterei","NEUT",2,"polysyllabic","False",TRUE,FALSE
"Osterkerzchen","NEUT",4,"polysyllabic","False",FALSE,TRUE
"Osterkerzlein","NEUT",3,"polysyllabic","False",FALSE,TRUE
"Osterlamm","NEUT",3,"polysyllabic","False",TRUE,TRUE
"Ostermond","MASC",3,"polysyllabic","False",TRUE,TRUE
"Ostermontag","MASC",4,"polysyllabic","False",TRUE,TRUE
"Österreicher","MASC",3,"polysyllabic","False",FALSE,TRUE
"Ostersonntag","MASC",4,"polysyllabic","False",TRUE,TRUE
"Ostler","MASC",2,"polysyllabic","False",FALSE,TRUE
"Östron","NEUT",2,"polysyllabic","False",FALSE,TRUE
"Ostwind","MASC",2,"polysyllabic","False",TRUE,TRUE
"Otaku","MASC",3,"polysyllabic","False",FALSE,TRUE
"Otavit","MASC",3,"polysyllabic","False",FALSE,TRUE
"Otto Normalverbraucher","MASC",6,"polysyllabic","False",FALSE,TRUE
"Ovar","NEUT",2,"polysyllabic","False",FALSE,TRUE
"Ovarium","NEUT",3,"polysyllabic","False",FALSE,TRUE
"Overall","MASC",3,"polysyllabic","False",FALSE,TRUE
"Overkill","MASC",3,"polysyllabic","False",FALSE,TRUE
"Oxalat","NEUT",3,"polysyllabic","False",FALSE,TRUE
"Oxid","NEUT",2,"polysyllabic","False",TRUE,TRUE
"Oxidationsschutz","MASC",5,"polysyllabic","True",TRUE,FALSE
"Oxidationszustand","MASC",6,"polysyllabic","False",TRUE,TRUE
"Oxidfluorid","NEUT",4,"polysyllabic","False",FALSE,TRUE
"Oxidhalogenid","NEUT",6,"polysyllabic","False",FALSE,TRUE
"Oxin","NEUT",2,"polysyllabic","False",FALSE,TRUE
"Oxohalogenid","NEUT",6,"polysyllabic","False",FALSE,TRUE
"Oxonium","NEUT",3,"polysyllabic","False",FALSE,TRUE
"Oxoniumion","NEUT",4,"polysyllabic","False",FALSE,TRUE
"Oxynitrid","NEUT",4,"polysyllabic","False",FALSE,TRUE
"Oxytocin","NEUT",4,"polysyllabic","False",FALSE,TRUE
"Oxytonon","NEUT",4,"polysyllabic","False",FALSE,TRUE
"Ozean","MASC",2,"polysyllabic","False",TRUE,TRUE
"Ozelot","MASC",3,"polysyllabic","False",FALSE,TRUE
"Ozonid","NEUT",3,"polysyllabic","False",FALSE,TRUE
"Ozonidanion","NEUT",5,"polysyllabic","False",FALSE,TRUE
"Paar","NEUT",1,"monosyllabic","False",TRUE,TRUE
"Paarreim","MASC",1,"monosyllabic","False",TRUE,TRUE
"Pachten","NEUT",2,"polysyllabic","False",FALSE,TRUE
"Pächter","MASC",2,"polysyllabic","False",FALSE,TRUE
"Päckchen","NEUT",2,"polysyllabic","False",FALSE,TRUE
"Packen","NEUT",2,"polysyllabic","False",FALSE,TRUE
"Packesel","MASC",3,"polysyllabic","False",FALSE,TRUE
"Packgas","NEUT",2,"polysyllabic","True",TRUE,FALSE
"Paddel","NEUT",2,"polysyllabic","False",FALSE,TRUE
"Paket","NEUT",2,"polysyllabic","False",TRUE,TRUE
"Paketboot","NEUT",3,"polysyllabic","False",TRUE,TRUE
"Pakt","MASC",1,"monosyllabic","False",TRUE,TRUE
"Paläozän","NEUT",3,"polysyllabic","False",FALSE,TRUE
"Palast","MASC",2,"polysyllabic","False",TRUE,TRUE
"Palatal","MASC",3,"polysyllabic","False",FALSE,TRUE
"Palato-Alveolar","MASC",6,"polysyllabic","False",FALSE,TRUE
"Palatschinken","MASC",4,"polysyllabic","False",FALSE,TRUE
"Palaver","NEUT",3,"polysyllabic","False",FALSE,TRUE
"Palindrom","NEUT",3,"polysyllabic","False",TRUE,TRUE
"Palladiumgehalt","MASC",5,"polysyllabic","False",FALSE,TRUE
"Palladiumkatalysator","MASC",8,"polysyllabic","False",FALSE,TRUE
"Palmsonntag","MASC",3,"polysyllabic","False",FALSE,TRUE
"Palmyrener","MASC",4,"polysyllabic","False",FALSE,TRUE
"Palmyrer","MASC",3,"polysyllabic","False",FALSE,TRUE
"Palstek","MASC",2,"polysyllabic","False",FALSE,TRUE
"Panamaer","MASC",3,"polysyllabic","False",FALSE,TRUE
"Paneel","NEUT",2,"polysyllabic","False",FALSE,TRUE
"Panel","NEUT",2,"polysyllabic","False",FALSE,TRUE
"Paniermehl","NEUT",2,"polysyllabic","False",TRUE,TRUE
"Panikmacher","MASC",4,"polysyllabic","False",FALSE,TRUE
"Pannenstreifen","MASC",3,"polysyllabic","False",FALSE,TRUE
"Panter","MASC",2,"polysyllabic","False",FALSE,TRUE
"Pantheon","NEUT",2,"polysyllabic","False",FALSE,TRUE
"Panther","MASC",2,"polysyllabic","False",FALSE,TRUE
"Pantherpilz","MASC",3,"polysyllabic","True",TRUE,FALSE
"Panzer","MASC",2,"polysyllabic","False",FALSE,TRUE
"Panzernashorn","NEUT",4,"polysyllabic","False",TRUE,TRUE
"Panzerschiff","NEUT",3,"polysyllabic","False",TRUE,TRUE
"Panzerschrank","MASC",3,"polysyllabic","False",TRUE,TRUE
"Panzerschreck","MASC",3,"polysyllabic","False",TRUE,TRUE
"Papa","MASC",2,"polysyllabic","False",FALSE,TRUE
"Papagei","MASC",2,"polysyllabic","False",FALSE,TRUE
"Papamobil","NEUT",4,"polysyllabic","False",FALSE,TRUE
"Paparazzo","MASC",4,"polysyllabic","False",FALSE,TRUE
"Papi","MASC",2,"polysyllabic","False",FALSE,TRUE
"Papier","NEUT",1,"monosyllabic","False",TRUE,TRUE
"Papierbeutel","MASC",2,"polysyllabic","False",FALSE,TRUE
"Papierbogen","MASC",3,"polysyllabic","False",FALSE,TRUE
"Papierdeutsch","NEUT",1,"monosyllabic","True",FALSE,TRUE
"Papierflieger","MASC",2,"polysyllabic","False",FALSE,TRUE
"Papierkorb","MASC",2,"polysyllabic","False",TRUE,TRUE
"Papierkram","MASC",2,"polysyllabic","False",TRUE,TRUE
"Papiersack","MASC",2,"polysyllabic","False",TRUE,TRUE
"Papierstreicher","MASC",2,"polysyllabic","False",FALSE,TRUE
"Papiertaschentuch","NEUT",4,"polysyllabic","False",TRUE,TRUE
"Papiertiger","MASC",3,"polysyllabic","False",FALSE,TRUE
"Pappbecher","MASC",3,"polysyllabic","False",FALSE,TRUE
"Pappdeckel","MASC",3,"polysyllabic","False",FALSE,TRUE
"Pappenstiel","MASC",2,"polysyllabic","False",TRUE,TRUE
"Paprikaspeck","MASC",4,"polysyllabic","False",FALSE,TRUE
"Papst","MASC",1,"monosyllabic","False",TRUE,TRUE
"Papsttum","NEUT",2,"polysyllabic","False",TRUE,TRUE
"Para","NEUT",2,"polysyllabic","False",FALSE,TRUE
"Paradeiser","MASC",3,"polysyllabic","False",FALSE,TRUE
"Paradiesapfel","MASC",4,"polysyllabic","False",FALSE,TRUE
"Paradox","NEUT",3,"polysyllabic","True",TRUE,FALSE
"Paradoxon","NEUT",4,"polysyllabic","False",FALSE,TRUE
"Paraffinöl","NEUT",4,"polysyllabic","False",TRUE,TRUE
"Paragraphenreiter","MASC",5,"polysyllabic","False",FALSE,TRUE
"Paraguayer","MASC",3,"polysyllabic","False",FALSE,TRUE
"Parallelogramm","NEUT",5,"polysyllabic","False",FALSE,TRUE
"Paralleluniversum","NEUT",7,"polysyllabic","False",FALSE,TRUE
"Parameter","MASC",4,"polysyllabic","False",FALSE,TRUE
"Parasitchen","NEUT",4,"polysyllabic","False",FALSE,TRUE
"Parathormon","NEUT",4,"polysyllabic","False",FALSE,TRUE
"Parchat","MASC",2,"polysyllabic","False",TRUE,TRUE
"Pärchen","NEUT",2,"polysyllabic","False",FALSE,TRUE
"Parchend","MASC",2,"polysyllabic","False",TRUE,TRUE
"Parchent","MASC",2,"polysyllabic","False",TRUE,TRUE
"Parchet","MASC",2,"polysyllabic","False",TRUE,TRUE
"Parder","MASC",2,"polysyllabic","False",FALSE,TRUE
"Parfüm","NEUT",2,"polysyllabic","False",FALSE,TRUE
"Pariser","MASC",3,"polysyllabic","False",FALSE,TRUE
"Park","MASC",1,"monosyllabic","False",TRUE,TRUE
"Parkett","NEUT",2,"polysyllabic","False",TRUE,TRUE
"Parkhaus","NEUT",1,"monosyllabic","True",TRUE,FALSE
"Parkinson","MASC",3,"polysyllabic","False",FALSE,TRUE
"Parkplatz","MASC",2,"polysyllabic","True",TRUE,FALSE
"Parkschein","MASC",1,"monosyllabic","False",TRUE,TRUE
"Parlament","NEUT",3,"polysyllabic","False",TRUE,TRUE
"Parlamentsausschuss","MASC",4,"polysyllabic","True",TRUE,FALSE
"Parlamentsmitglied","NEUT",4,"polysyllabic","False",TRUE,TRUE
"Parmesan","MASC",3,"polysyllabic","False",FALSE,TRUE
"Paroli","NEUT",3,"polysyllabic","False",FALSE,TRUE
"Part","MASC",1,"monosyllabic","False",TRUE,TRUE
"Parteiausschluss","MASC",2,"polysyllabic","True",TRUE,FALSE
"Parteichef","MASC",2,"polysyllabic","False",FALSE,TRUE
"Parteimitglied","NEUT",2,"polysyllabic","False",TRUE,TRUE
"Parteitag","MASC",2,"polysyllabic","False",TRUE,TRUE
"Parterre","NEUT",3,"polysyllabic","False",TRUE,FALSE
"Partitiv","MASC",3,"polysyllabic","False",FALSE,TRUE
"Partizip","NEUT",3,"polysyllabic","False",FALSE,TRUE
"Partner","MASC",2,"polysyllabic","False",FALSE,TRUE
"Pass","MASC",1,"monosyllabic","True",TRUE,FALSE
"Passagier","MASC",2,"polysyllabic","False",FALSE,TRUE
"Passagierschiff","NEUT",3,"polysyllabic","False",TRUE,TRUE
"Passat","MASC",2,"polysyllabic","False",TRUE,TRUE
"Passbild","NEUT",2,"polysyllabic","False",TRUE,TRUE
"Passivrauchen","NEUT",3,"polysyllabic","False",FALSE,TRUE
"Passwort","NEUT",2,"polysyllabic","False",TRUE,TRUE
"Paßwort","NEUT",2,"polysyllabic","False",TRUE,TRUE
"Pastell","NEUT",2,"polysyllabic","False",FALSE,TRUE
"Pastor","MASC",2,"polysyllabic","False",FALSE,TRUE
"Patchwork","NEUT",2,"polysyllabic","False",FALSE,TRUE
"Patenkind","NEUT",3,"polysyllabic","False",TRUE,TRUE
"Patent","NEUT",2,"polysyllabic","False",TRUE,TRUE
"Patentamt","NEUT",3,"polysyllabic","False",TRUE,TRUE
"Pater","MASC",2,"polysyllabic","False",FALSE,TRUE
"Paternoster","MASC",4,"polysyllabic","False",FALSE,TRUE
"Patio","MASC",2,"polysyllabic","False",FALSE,TRUE
"Patron","MASC",2,"polysyllabic","False",FALSE,TRUE
"Patronit","MASC",3,"polysyllabic","False",FALSE,TRUE
"Patronym","NEUT",3,"polysyllabic","False",FALSE,TRUE
"Patronymikon","NEUT",5,"polysyllabic","False",FALSE,TRUE
"Patronymikum","NEUT",5,"polysyllabic","False",FALSE,TRUE
"Patschen","NEUT",2,"polysyllabic","False",FALSE,TRUE
"Patt","NEUT",1,"monosyllabic","False",FALSE,TRUE
"Patzer","MASC",2,"polysyllabic","False",FALSE,TRUE
"Päuschen","NEUT",1,"monosyllabic","False",FALSE,TRUE
"Pauschenpferd","NEUT",2,"polysyllabic","False",TRUE,TRUE
"Pavillon","MASC",3,"polysyllabic","False",FALSE,TRUE
"Pech","NEUT",1,"monosyllabic","False",TRUE,TRUE
"Pechvogel","MASC",3,"polysyllabic","False",FALSE,TRUE
"Pedal","NEUT",2,"polysyllabic","False",FALSE,TRUE
"Pegel","MASC",2,"polysyllabic","False",FALSE,TRUE
"Pegmatit","MASC",3,"polysyllabic","False",FALSE,TRUE
"Peiniger","MASC",2,"polysyllabic","False",FALSE,TRUE
"Peitschenhieb","MASC",1,"monosyllabic","False",TRUE,TRUE
"Pekari","NEUT",3,"polysyllabic","False",FALSE,TRUE
"Pelikan","MASC",3,"polysyllabic","False",FALSE,TRUE
"Peloton","NEUT",3,"polysyllabic","False",FALSE,TRUE
"Pelz","MASC",1,"monosyllabic","True",TRUE,FALSE
"Pelzhandschuh","MASC",3,"polysyllabic","False",FALSE,TRUE
"Pelzmantel","MASC",3,"polysyllabic","False",FALSE,TRUE
"Pendel","NEUT",2,"polysyllabic","False",FALSE,TRUE
"Pendelkind","NEUT",3,"polysyllabic","False",TRUE,TRUE
"Pendler","MASC",2,"polysyllabic","False",FALSE,TRUE
"Penisknochen","MASC",4,"polysyllabic","False",FALSE,TRUE
"Pennäler","MASC",3,"polysyllabic","False",FALSE,TRUE
"Penner","MASC",2,"polysyllabic","False",FALSE,TRUE
"Penny","MASC",2,"polysyllabic","False",FALSE,TRUE
"Pensionär","MASC",3,"polysyllabic","False",FALSE,TRUE
"Pentaborat","NEUT",4,"polysyllabic","False",FALSE,TRUE
"Pentacarbonyl","NEUT",5,"polysyllabic","False",FALSE,TRUE
"Pentachlorid","NEUT",4,"polysyllabic","False",FALSE,TRUE
"Pentafluorid","NEUT",4,"polysyllabic","False",FALSE,TRUE
"Pentagramm","NEUT",3,"polysyllabic","False",FALSE,TRUE
"Pentasulfid","NEUT",4,"polysyllabic","False",FALSE,TRUE
"Penthouse","NEUT",3,"polysyllabic","False",TRUE,FALSE
"Pentoxid","NEUT",3,"polysyllabic","False",TRUE,TRUE
"Peptid","NEUT",2,"polysyllabic","False",FALSE,TRUE
"Peptidhormon","NEUT",4,"polysyllabic","False",FALSE,TRUE
"Perborat","NEUT",3,"polysyllabic","False",TRUE,TRUE
"Perchlorat","NEUT",3,"polysyllabic","False",FALSE,TRUE
"Pergament","NEUT",3,"polysyllabic","False",TRUE,TRUE
"Periastron","NEUT",3,"polysyllabic","False",FALSE,TRUE
"Perigäum","NEUT",2,"polysyllabic","False",FALSE,TRUE
"Perihel","NEUT",3,"polysyllabic","False",FALSE,TRUE
"Perikambium","NEUT",4,"polysyllabic","False",FALSE,TRUE
"Periklas","MASC",3,"polysyllabic","True",TRUE,FALSE
"Periodat","NEUT",3,"polysyllabic","False",FALSE,TRUE
"Perlenmantel-Ameisenwürger","MASC",8,"polysyllabic","False",FALSE,TRUE
"Perlhuhn","NEUT",2,"polysyllabic","False",TRUE,TRUE
"Perlschulter-Ameisenwürger","MASC",7,"polysyllabic","False",FALSE,TRUE
"Permafrostboden","MASC",5,"polysyllabic","False",FALSE,TRUE
"Permanentmagnet","MASC",5,"polysyllabic","False",TRUE,TRUE
"Permanganat","NEUT",4,"polysyllabic","False",FALSE,TRUE
"Perowskit","MASC",3,"polysyllabic","False",FALSE,TRUE
"Peroxid","NEUT",3,"polysyllabic","False",TRUE,TRUE
"Peroxidradikal","NEUT",6,"polysyllabic","False",FALSE,TRUE
"Peroxomolybdat","NEUT",6,"polysyllabic","False",FALSE,TRUE
"Perruthenat","NEUT",4,"polysyllabic","False",FALSE,TRUE
"Perser","MASC",2,"polysyllabic","False",FALSE,TRUE
"Perserteppich","MASC",4,"polysyllabic","False",TRUE,TRUE
"Perso","MASC",2,"polysyllabic","False",FALSE,TRUE
"Personal","NEUT",3,"polysyllabic","False",FALSE,TRUE
"Pertechnetat","NEUT",4,"polysyllabic","False",FALSE,TRUE
"Peruaner","MASC",3,"polysyllabic","False",FALSE,TRUE
"Perversling","MASC",3,"polysyllabic","False",FALSE,TRUE
"Pestizid","NEUT",3,"polysyllabic","False",TRUE,TRUE
"Petalit","MASC",3,"polysyllabic","False",FALSE,TRUE
"Petersfisch","MASC",3,"polysyllabic","True",TRUE,TRUE
"Petschaft","NEUT",2,"polysyllabic","False",FALSE,TRUE
"Pfad","MASC",1,"monosyllabic","False",TRUE,TRUE
"Pfädchen","NEUT",2,"polysyllabic","False",FALSE,TRUE
"Pfadfinder","MASC",3,"polysyllabic","False",FALSE,TRUE
"Pfahl","MASC",1,"monosyllabic","False",TRUE,TRUE
"Pfalzerzherzog","MASC",4,"polysyllabic","False",TRUE,TRUE
"Pfandbrief","MASC",1,"monosyllabic","False",TRUE,TRUE
"Pfandgeld","NEUT",2,"polysyllabic","False",TRUE,FALSE
"Pfandhaus","NEUT",1,"monosyllabic","True",TRUE,FALSE
"Pfannkuchen","MASC",3,"polysyllabic","False",FALSE,TRUE
"Pfarrer","MASC",2,"polysyllabic","False",FALSE,TRUE
"Pfarrhaus","NEUT",1,"monosyllabic","True",TRUE,FALSE
"Pfau","MASC",0,"polysyllabic","False",TRUE,TRUE
"Pfeffer","MASC",2,"polysyllabic","False",FALSE,TRUE
"Pfefferkorn","NEUT",3,"polysyllabic","False",TRUE,TRUE
"Pfeifchen","NEUT",1,"monosyllabic","False",FALSE,TRUE
"Pfeifen","NEUT",1,"monosyllabic","False",FALSE,TRUE
"Pfeifer","MASC",1,"monosyllabic","False",FALSE,TRUE
"Pfeil","MASC",0,"polysyllabic","False",TRUE,TRUE
"Pfeiler","MASC",1,"monosyllabic","False",FALSE,TRUE
"Pfennig","MASC",2,"polysyllabic","False",FALSE,TRUE
"Pfennigfuchser","MASC",4,"polysyllabic","False",FALSE,TRUE
"Pferch","MASC",1,"monosyllabic","False",TRUE,TRUE
"Pferd","NEUT",1,"monosyllabic","False",TRUE,TRUE
"Pferdchen","NEUT",2,"polysyllabic","False",FALSE,TRUE
"Pferdefleisch","NEUT",2,"polysyllabic","True",TRUE,TRUE
"Pferdefuß","MASC",3,"polysyllabic","True",TRUE,FALSE
"Pferdegeschirr","NEUT",4,"polysyllabic","False",TRUE,TRUE
"Pferdekuss","MASC",3,"polysyllabic","True",TRUE,FALSE
"Pferdelein","NEUT",2,"polysyllabic","False",FALSE,TRUE
"Pferdeschwanz","MASC",3,"polysyllabic","True",TRUE,FALSE
"Pferdestall","MASC",3,"polysyllabic","False",TRUE,TRUE
"Pferdlein","NEUT",1,"monosyllabic","False",FALSE,TRUE
"Pfersich","MASC",2,"polysyllabic","False",TRUE,TRUE
"Pfiff","MASC",1,"monosyllabic","False",TRUE,TRUE
"Pfifferling","MASC",3,"polysyllabic","False",FALSE,TRUE
"Pfingstmontag","MASC",3,"polysyllabic","False",TRUE,TRUE
"Pfingsttag","MASC",2,"polysyllabic","False",TRUE,TRUE
"Pfirsich","MASC",2,"polysyllabic","False",TRUE,TRUE
"Pfirsichbaum","MASC",2,"polysyllabic","False",TRUE,TRUE
"Pfirsichstein","MASC",2,"polysyllabic","False",TRUE,TRUE
"Pflanzen","NEUT",2,"polysyllabic","False",FALSE,TRUE
"Pflanzenfresser","MASC",4,"polysyllabic","False",FALSE,TRUE
"Pflanzenöl","NEUT",3,"polysyllabic","False",TRUE,TRUE
"Pflanzenschutz","MASC",3,"polysyllabic","True",TRUE,FALSE
"Pflanzenstoff","MASC",3,"polysyllabic","False",TRUE,TRUE
"Pflanzenwachstum","NEUT",4,"polysyllabic","False",FALSE,TRUE
"Pflaster","NEUT",2,"polysyllabic","False",FALSE,TRUE
"Pflaumenbaum","MASC",1,"monosyllabic","False",TRUE,TRUE
"Pflaumenkuchen","MASC",3,"polysyllabic","False",FALSE,TRUE
"Pflaumensaft","MASC",2,"polysyllabic","False",TRUE,TRUE
"Pflegeheim","NEUT",2,"polysyllabic","False",TRUE,TRUE
"Pflegen","NEUT",2,"polysyllabic","False",FALSE,TRUE
"Pfleger","MASC",2,"polysyllabic","False",FALSE,TRUE
"Pflegevater","MASC",4,"polysyllabic","False",FALSE,TRUE
"Pflegling","MASC",2,"polysyllabic","False",TRUE,TRUE
"Pflichtbewusstsein","NEUT",3,"polysyllabic","False",FALSE,TRUE
"Pflock","MASC",1,"monosyllabic","False",TRUE,TRUE
"Pflug","MASC",1,"monosyllabic","False",TRUE,TRUE
"Pflugscharbein","NEUT",2,"polysyllabic","False",TRUE,TRUE
"Pförtchen","NEUT",2,"polysyllabic","False",FALSE,TRUE
"Pförtner","MASC",2,"polysyllabic","False",FALSE,TRUE
"Pfosten","MASC",2,"polysyllabic","False",FALSE,TRUE
"Pfötchen","NEUT",2,"polysyllabic","False",FALSE,TRUE
"Pfropfen","MASC",2,"polysyllabic","False",FALSE,TRUE
"Pfuhl","MASC",1,"monosyllabic","False",TRUE,TRUE
"Pfundskerl","MASC",2,"polysyllabic","False",FALSE,TRUE
"Phänomen","NEUT",3,"polysyllabic","False",FALSE,TRUE
"Phantom","NEUT",2,"polysyllabic","False",FALSE,TRUE
"Phantombild","NEUT",3,"polysyllabic","False",TRUE,TRUE
"Pharisäer","MASC",3,"polysyllabic","False",FALSE,TRUE
"Pharmakon","NEUT",3,"polysyllabic","False",FALSE,TRUE
"Phasin","NEUT",2,"polysyllabic","False",FALSE,TRUE
"Phenakit","MASC",3,"polysyllabic","False",FALSE,TRUE
"Phenanthrolin","NEUT",4,"polysyllabic","False",FALSE,TRUE
"Phenol","NEUT",2,"polysyllabic","False",FALSE,TRUE
"Pheromon","NEUT",3,"polysyllabic","False",FALSE,TRUE
"Phi","NEUT",1,"monosyllabic","False",FALSE,TRUE
"Philippinenadler","MASC",6,"polysyllabic","False",FALSE,TRUE
"Philippiner","MASC",4,"polysyllabic","False",FALSE,TRUE
"Phloem","NEUT",1,"monosyllabic","False",FALSE,TRUE
"Phloëm","NEUT",1,"monosyllabic","False",FALSE,TRUE
"Phlöem","NEUT",1,"monosyllabic","False",FALSE,TRUE
"Phlogopit","MASC",3,"polysyllabic","False",FALSE,TRUE
"Phonem","NEUT",2,"polysyllabic","False",FALSE,TRUE
"Phönix","MASC",2,"polysyllabic","True",TRUE,FALSE
"Phosphan","NEUT",2,"polysyllabic","False",FALSE,TRUE
"Phosphat","NEUT",2,"polysyllabic","False",TRUE,TRUE
"Phosphatgestein","NEUT",3,"polysyllabic","False",TRUE,TRUE
"Phosphazen","NEUT",3,"polysyllabic","False",FALSE,TRUE
"Phosphid","NEUT",2,"polysyllabic","False",FALSE,TRUE
"Phosphin","NEUT",2,"polysyllabic","False",FALSE,TRUE
"Phosphinat","NEUT",3,"polysyllabic","False",FALSE,TRUE
"Phosphinoxid","NEUT",4,"polysyllabic","False",FALSE,TRUE
"Phosphit","NEUT",2,"polysyllabic","False",FALSE,TRUE
"Phospholipid","NEUT",4,"polysyllabic","False",FALSE,TRUE
"Phosphonat","NEUT",3,"polysyllabic","False",FALSE,TRUE
"Phosphorit","NEUT",3,"polysyllabic","False",FALSE,TRUE
"Phosphormolybdat","NEUT",5,"polysyllabic","False",FALSE,TRUE
"Phosphoroxid","NEUT",4,"polysyllabic","False",FALSE,TRUE
"Phosphorsulfid","NEUT",4,"polysyllabic","False",FALSE,TRUE
"Photo","NEUT",2,"polysyllabic","False",FALSE,TRUE
"Photodetektor","MASC",5,"polysyllabic","False",FALSE,TRUE
"Photon","NEUT",2,"polysyllabic","False",FALSE,TRUE
"Photopapier","NEUT",3,"polysyllabic","False",FALSE,TRUE
"Photosystem","NEUT",4,"polysyllabic","False",FALSE,TRUE
"Physiker","MASC",3,"polysyllabic","False",FALSE,TRUE
"Phytat","NEUT",2,"polysyllabic","False",FALSE,TRUE
"Pi","NEUT",1,"monosyllabic","False",FALSE,TRUE
"Piano","NEUT",2,"polysyllabic","False",FALSE,TRUE
"Pianospieler","MASC",3,"polysyllabic","False",FALSE,TRUE
"Piaster","MASC",2,"polysyllabic","False",FALSE,TRUE
"Piccolo","MASC",3,"polysyllabic","False",FALSE,TRUE
"Pick","MASC",1,"monosyllabic","False",TRUE,TRUE
"Pickel","MASC",2,"polysyllabic","False",FALSE,TRUE
"Picken","NEUT",2,"polysyllabic","False",FALSE,TRUE
"Picometer","NEUT",4,"polysyllabic","False",FALSE,TRUE
"Piedestal","NEUT",2,"polysyllabic","False",TRUE,TRUE
"Piefke","MASC",1,"monosyllabic","False",TRUE,FALSE
"Piemonteser","MASC",3,"polysyllabic","False",FALSE,TRUE
"Piercing","NEUT",1,"monosyllabic","False",FALSE,TRUE
"Piercingschmuck","MASC",2,"polysyllabic","False",FALSE,TRUE
"Piezoelement","NEUT",3,"polysyllabic","False",FALSE,TRUE
"Pigment","NEUT",2,"polysyllabic","False",TRUE,TRUE
"Pik","MASC",1,"monosyllabic","False",TRUE,TRUE
"Pik-Ass","NEUT",2,"polysyllabic","True",TRUE,FALSE
"Pikass","NEUT",2,"polysyllabic","True",TRUE,FALSE
"Piks","MASC",1,"monosyllabic","True",TRUE,FALSE
"Piktogramm","NEUT",3,"polysyllabic","False",FALSE,TRUE
"Pilger","MASC",2,"polysyllabic","False",FALSE,TRUE
"Pillchen","NEUT",2,"polysyllabic","False",FALSE,TRUE
"Pilotprojekt","NEUT",4,"polysyllabic","False",FALSE,TRUE
"Pilz","MASC",1,"monosyllabic","True",TRUE,FALSE
"Pimmel","MASC",2,"polysyllabic","False",FALSE,TRUE
"Pimpf","MASC",1,"monosyllabic","False",TRUE,TRUE
"Pinguin","MASC",2,"polysyllabic","False",FALSE,TRUE
"Pinienkern","MASC",2,"polysyllabic","False",FALSE,TRUE
"Pink","NEUT",1,"monosyllabic","False",FALSE,TRUE
"Pinnchen","NEUT",2,"polysyllabic","False",FALSE,TRUE
"Pinöpel","MASC",3,"polysyllabic","False",FALSE,TRUE
"Pinscher","MASC",2,"polysyllabic","False",FALSE,TRUE
"Pinsel","MASC",2,"polysyllabic","False",FALSE,TRUE
"Pinselstrich","MASC",3,"polysyllabic","False",FALSE,TRUE
"Pint","NEUT",1,"monosyllabic","False",FALSE,TRUE
"Pionier","MASC",1,"monosyllabic","False",FALSE,TRUE
"Pippau","MASC",1,"monosyllabic","False",FALSE,TRUE
"Piratenschiff","NEUT",4,"polysyllabic","False",TRUE,TRUE
"Piratensender","MASC",5,"polysyllabic","False",FALSE,TRUE
"Pirol","MASC",2,"polysyllabic","False",FALSE,TRUE
"Pisser","MASC",2,"polysyllabic","False",FALSE,TRUE
"Pizzateig","MASC",2,"polysyllabic","False",TRUE,TRUE
"Placeboeffekt","MASC",4,"polysyllabic","False",TRUE,TRUE
"Plafond","MASC",2,"polysyllabic","False",FALSE,TRUE
"Plagiat","NEUT",2,"polysyllabic","False",TRUE,TRUE
"Plagiator","MASC",3,"polysyllabic","False",FALSE,TRUE
"Plakat","NEUT",2,"polysyllabic","False",TRUE,TRUE
"Plan","MASC",1,"monosyllabic","False",TRUE,TRUE
"Planalto-Tropfenameisenwürger","MASC",9,"polysyllabic","False",FALSE,TRUE
"Planer","MASC",2,"polysyllabic","False",FALSE,TRUE
"Planetarium","NEUT",4,"polysyllabic","False",FALSE,TRUE
"Planetensystem","NEUT",5,"polysyllabic","False",FALSE,TRUE
"Planspiel","NEUT",1,"monosyllabic","False",TRUE,TRUE
"Planungshorizont","MASC",5,"polysyllabic","False",TRUE,TRUE
"Plappern","NEUT",2,"polysyllabic","False",FALSE,TRUE
"Pläsier","NEUT",1,"monosyllabic","False",FALSE,TRUE
"Pläsierchen","NEUT",2,"polysyllabic","False",FALSE,TRUE
"Plasma","NEUT",2,"polysyllabic","False",FALSE,TRUE
"Plasmaspiegel","MASC",3,"polysyllabic","False",FALSE,TRUE
"Plast","MASC",1,"monosyllabic","False",TRUE,TRUE
"Plastbecher","MASC",3,"polysyllabic","False",FALSE,TRUE
"Plastbesteck","NEUT",3,"polysyllabic","False",TRUE,TRUE
"Plastbeutel","MASC",2,"polysyllabic","False",FALSE,TRUE
"Plastbomber","MASC",3,"polysyllabic","False",FALSE,TRUE
"Plastdeckel","MASC",3,"polysyllabic","False",FALSE,TRUE
"Plastebecher","MASC",4,"polysyllabic","False",FALSE,TRUE
"Plastebehälter","MASC",5,"polysyllabic","False",FALSE,TRUE
"Plastebesteck","NEUT",4,"polysyllabic","False",TRUE,TRUE
"Plastebeutel","MASC",3,"polysyllabic","False",FALSE,TRUE
"Plastebomber","MASC",4,"polysyllabic","False",FALSE,TRUE
"Plastedeckel","MASC",4,"polysyllabic","False",FALSE,TRUE
"Plasteeimer","MASC",3,"polysyllabic","False",FALSE,TRUE
"Plastegehäuse","NEUT",4,"polysyllabic","False",TRUE,FALSE
"Plastegeschirr","NEUT",4,"polysyllabic","False",TRUE,TRUE
"Plasteimer","MASC",2,"polysyllabic","False",FALSE,TRUE
"Plastekrug","MASC",3,"polysyllabic","False",TRUE,TRUE
"Plastelöffel","MASC",4,"polysyllabic","False",FALSE,TRUE
"Plastemesser","NEUT",4,"polysyllabic","False",FALSE,TRUE
"Plasterähmchen","NEUT",4,"polysyllabic","False",FALSE,TRUE
"Plasterahmen","MASC",4,"polysyllabic","False",FALSE,TRUE
"Plasterohr","NEUT",3,"polysyllabic","False",TRUE,TRUE
"Plastgehäuse","NEUT",3,"polysyllabic","False",TRUE,FALSE
"Plastgeschirr","NEUT",3,"polysyllabic","False",TRUE,TRUE
"Plastikbecher","MASC",4,"polysyllabic","False",FALSE,TRUE
"Plastikbesteck","NEUT",4,"polysyllabic","False",FALSE,TRUE
"Plastikbeutel","MASC",3,"polysyllabic","False",FALSE,TRUE
"Plastikgäbelchen","NEUT",5,"polysyllabic","False",FALSE,TRUE
"Plastikgeld","NEUT",3,"polysyllabic","False",TRUE,TRUE
"Plastikgeschirr","NEUT",4,"polysyllabic","False",TRUE,TRUE
"Plastiklöffel","MASC",4,"polysyllabic","False",FALSE,TRUE
"Plastiklöffelchen","NEUT",5,"polysyllabic","False",FALSE,TRUE
"Plastikmesser","NEUT",4,"polysyllabic","False",FALSE,TRUE
"Plastikmesserchen","NEUT",5,"polysyllabic","False",FALSE,TRUE
"Plastikschwanz","MASC",3,"polysyllabic","True",TRUE,FALSE
"Plastikteller","MASC",4,"polysyllabic","False",FALSE,TRUE
"Plastlöffel","MASC",3,"polysyllabic","False",FALSE,TRUE
"Plastrahmen","MASC",3,"polysyllabic","False",FALSE,TRUE
"Plastrohr","NEUT",2,"polysyllabic","False",TRUE,TRUE
"Platin","NEUT",2,"polysyllabic","False",FALSE,TRUE
"Platinerz","NEUT",3,"polysyllabic","True",TRUE,FALSE
"Platinmetall","NEUT",4,"polysyllabic","False",FALSE,TRUE
"Platinoid","NEUT",3,"polysyllabic","False",FALSE,TRUE
"Platintiegel","MASC",3,"polysyllabic","False",FALSE,TRUE
"Platschen","NEUT",2,"polysyllabic","False",FALSE,TRUE
"Plättchen","NEUT",2,"polysyllabic","False",FALSE,TRUE
"Plattenbau","MASC",2,"polysyllabic","False",FALSE,TRUE
"Plattenladen","MASC",4,"polysyllabic","False",FALSE,TRUE
"Plattenspieler","MASC",3,"polysyllabic","False",FALSE,TRUE
"Plattfisch","MASC",2,"polysyllabic","True",TRUE,TRUE
"Plattfuß","MASC",2,"polysyllabic","True",TRUE,FALSE
"Plattner","MASC",2,"polysyllabic","False",FALSE,TRUE
"Platz","MASC",1,"monosyllabic","True",TRUE,FALSE
"Plätzchen","NEUT",2,"polysyllabic","False",FALSE,TRUE
"Platzdeckchen","NEUT",3,"polysyllabic","False",FALSE,TRUE
"Platzhalter","MASC",3,"polysyllabic","False",FALSE,TRUE
"Platzregen","MASC",3,"polysyllabic","False",FALSE,TRUE
"Plauderton","MASC",2,"polysyllabic","False",TRUE,TRUE
"Pläuschchen","NEUT",1,"monosyllabic","False",FALSE,TRUE
"Pleistozän","NEUT",2,"polysyllabic","False",FALSE,TRUE
"Plenarsaal","MASC",3,"polysyllabic","False",TRUE,TRUE
"Plenk","NEUT",1,"monosyllabic","False",FALSE,TRUE
"Pleuel","MASC",1,"monosyllabic","False",FALSE,TRUE
"Plissee","NEUT",2,"polysyllabic","False",TRUE,FALSE
"Plosiv","MASC",2,"polysyllabic","False",FALSE,TRUE
"Plumps","MASC",1,"monosyllabic","True",TRUE,FALSE
"Plumpsen","NEUT",2,"polysyllabic","False",FALSE,TRUE
"Plumpuddingmodell","NEUT",5,"polysyllabic","False",FALSE,TRUE
"Plunder","MASC",2,"polysyllabic","False",FALSE,TRUE
"Plünderer","MASC",3,"polysyllabic","False",FALSE,TRUE
"Plüsch","MASC",1,"monosyllabic","True",TRUE,TRUE
"Plüschkissen","NEUT",3,"polysyllabic","False",FALSE,TRUE
"Plüschtier","NEUT",1,"monosyllabic","False",TRUE,TRUE
"Plusenergiehaus","NEUT",3,"polysyllabic","True",TRUE,FALSE
"Pluspunkt","MASC",2,"polysyllabic","False",TRUE,TRUE
"Plusquamperfekt","NEUT",4,"polysyllabic","False",FALSE,TRUE
"Pluszeichen","NEUT",2,"polysyllabic","False",FALSE,TRUE
"Pluto","MASC",2,"polysyllabic","False",FALSE,TRUE
"Plutonium","NEUT",3,"polysyllabic","False",FALSE,TRUE
"Pneu","MASC",0,"polysyllabic","False",FALSE,TRUE
"Pöbel","MASC",2,"polysyllabic","False",FALSE,TRUE
"Podest","NEUT",2,"polysyllabic","False",TRUE,TRUE
"Podex","MASC",2,"polysyllabic","True",TRUE,FALSE
"Podium","NEUT",2,"polysyllabic","False",FALSE,TRUE
"Podiumsgespräch","NEUT",4,"polysyllabic","False",TRUE,TRUE
"Pointer","MASC",2,"polysyllabic","False",FALSE,TRUE
"Pokal","MASC",2,"polysyllabic","False",FALSE,TRUE
"Pol","MASC",1,"monosyllabic","False",TRUE,TRUE
"Polarfuchs","MASC",3,"polysyllabic","True",TRUE,FALSE
"Polarlicht","NEUT",3,"polysyllabic","False",TRUE,TRUE
"Polder","MASC",2,"polysyllabic","False",FALSE,TRUE
"Polentum","NEUT",3,"polysyllabic","False",TRUE,TRUE
"Policinello","MASC",5,"polysyllabic","False",FALSE,TRUE
"Polierstahl","MASC",2,"polysyllabic","False",FALSE,TRUE
"Politiker","MASC",4,"polysyllabic","False",FALSE,TRUE
"Politikum","NEUT",4,"polysyllabic","False",FALSE,TRUE
"Politikwissenschaftler","MASC",7,"polysyllabic","False",FALSE,TRUE
"Polizeiauto","NEUT",3,"polysyllabic","False",FALSE,TRUE
"Polizeibericht","MASC",4,"polysyllabic","False",TRUE,TRUE
"Polizeifunk","MASC",3,"polysyllabic","False",FALSE,TRUE
"Polizeischutz","MASC",3,"polysyllabic","True",TRUE,FALSE
"Polizeisprecher","MASC",4,"polysyllabic","False",FALSE,TRUE
"Polizeistaat","MASC",3,"polysyllabic","False",TRUE,TRUE
"Polizistenmörder","MASC",6,"polysyllabic","False",FALSE,TRUE
"Poller","MASC",2,"polysyllabic","False",FALSE,TRUE
"Polonium","NEUT",3,"polysyllabic","False",FALSE,TRUE
"Poltergeist","MASC",2,"polysyllabic","False",TRUE,TRUE
"Polterplatz","MASC",3,"polysyllabic","True",TRUE,FALSE
"Polyamid","NEUT",3,"polysyllabic","False",FALSE,TRUE
"Polyethylen","NEUT",4,"polysyllabic","False",FALSE,TRUE
"Polygon","NEUT",3,"polysyllabic","False",FALSE,TRUE
"Polymer","NEUT",3,"polysyllabic","False",FALSE,TRUE
"Polymerisat","NEUT",5,"polysyllabic","False",FALSE,TRUE
"Polyolefin","NEUT",4,"polysyllabic","False",FALSE,TRUE
"Polyphosphat","NEUT",4,"polysyllabic","False",FALSE,TRUE
"Polypropylen","NEUT",5,"polysyllabic","False",FALSE,TRUE
"Polysem","NEUT",3,"polysyllabic","False",FALSE,TRUE
"Polysilan","NEUT",4,"polysyllabic","False",FALSE,TRUE
"Polystickstoff","MASC",4,"polysyllabic","False",FALSE,TRUE
"Polysulfan","NEUT",4,"polysyllabic","False",FALSE,TRUE
"Polysulfid","NEUT",4,"polysyllabic","False",FALSE,TRUE
"Polyvanadat","NEUT",5,"polysyllabic","False",FALSE,TRUE
"Pomp","MASC",1,"monosyllabic","False",FALSE,TRUE
"Pompon","MASC",2,"polysyllabic","False",FALSE,TRUE
"Pony","MASC",2,"polysyllabic","False",FALSE,TRUE
"Popcorn","NEUT",2,"polysyllabic","False",FALSE,TRUE
"Popel","MASC",2,"polysyllabic","False",FALSE,TRUE
"Popo","MASC",2,"polysyllabic","False",FALSE,TRUE
"Pornodarsteller","MASC",5,"polysyllabic","False",FALSE,TRUE
"Porphyrin","NEUT",3,"polysyllabic","False",FALSE,TRUE
"Porree","MASC",2,"polysyllabic","False",TRUE,FALSE
"Porsch","MASC",1,"monosyllabic","True",TRUE,TRUE
"Porst","MASC",1,"monosyllabic","False",TRUE,TRUE
"Port","MASC",1,"monosyllabic","False",TRUE,TRUE
"Portable Executable","MASC",8,"polysyllabic","False",TRUE,FALSE
"Portal","NEUT",2,"polysyllabic","False",TRUE,TRUE
"Portemonnaie","NEUT",4,"polysyllabic","False",TRUE,FALSE
"Portier","MASC",1,"monosyllabic","False",FALSE,TRUE
"Portrait","NEUT",2,"polysyllabic","False",FALSE,TRUE
"Porträt","NEUT",2,"polysyllabic","False",TRUE,TRUE
"Porzellan","NEUT",3,"polysyllabic","False",FALSE,TRUE
"Posaunenchor","MASC",3,"polysyllabic","False",TRUE,TRUE
"Posaunenklang","MASC",3,"polysyllabic","False",TRUE,TRUE
"Posaunenspiel","NEUT",2,"polysyllabic","False",TRUE,TRUE
"Posaunenspieler","MASC",3,"polysyllabic","False",FALSE,TRUE
"Positiv","MASC",3,"polysyllabic","False",FALSE,TRUE
"Possen","MASC",2,"polysyllabic","False",FALSE,TRUE
"Possessivkompositum","NEUT",7,"polysyllabic","False",FALSE,TRUE
"Possessivpronomen","NEUT",6,"polysyllabic","False",FALSE,TRUE
"Post","MASC",1,"monosyllabic","False",TRUE,TRUE
"Postalveolar","MASC",4,"polysyllabic","False",FALSE,TRUE
"Postamt","NEUT",2,"polysyllabic","False",TRUE,TRUE
"Poster","MASC",2,"polysyllabic","False",FALSE,TRUE
"Postfach","NEUT",2,"polysyllabic","False",TRUE,TRUE
"Posthorn","NEUT",2,"polysyllabic","False",TRUE,TRUE
"Postillion","MASC",3,"polysyllabic","False",FALSE,TRUE
"Postillon","MASC",3,"polysyllabic","False",FALSE,TRUE
"Postludium","NEUT",3,"polysyllabic","False",FALSE,TRUE
"Postulat","NEUT",3,"polysyllabic","False",TRUE,TRUE
"Potential","NEUT",3,"polysyllabic","False",FALSE,TRUE
"Potentiometer","NEUT",5,"polysyllabic","False",FALSE,TRUE
"Potenzial","NEUT",3,"polysyllabic","False",FALSE,TRUE
"Pöter","MASC",2,"polysyllabic","False",FALSE,TRUE
"Potsdamer","MASC",3,"polysyllabic","False",FALSE,TRUE
"Pottwal","MASC",2,"polysyllabic","False",TRUE,TRUE
"Powidl","MASC",2,"polysyllabic","False",FALSE,TRUE
"Prachtkerl","MASC",2,"polysyllabic","False",FALSE,TRUE
"Prachtweib","NEUT",1,"monosyllabic","False",TRUE,TRUE
"Prädator","MASC",3,"polysyllabic","False",FALSE,TRUE
"Prädialadel","MASC",4,"polysyllabic","False",FALSE,TRUE
"Prädikat","NEUT",3,"polysyllabic","False",FALSE,TRUE
"Präfix","NEUT",2,"polysyllabic","True",TRUE,FALSE
"Prager","MASC",2,"polysyllabic","False",FALSE,TRUE
"Prahlhans","MASC",2,"polysyllabic","True",TRUE,FALSE
"Praktikum","NEUT",3,"polysyllabic","False",FALSE,TRUE
"Pranger","MASC",2,"polysyllabic","False",FALSE,TRUE
"Präparat","NEUT",3,"polysyllabic","False",FALSE,TRUE
"Präparator","MASC",4,"polysyllabic","False",FALSE,TRUE
"Präpositiv","MASC",4,"polysyllabic","False",FALSE,TRUE
"Präsent","NEUT",2,"polysyllabic","False",TRUE,TRUE
"Praseodym","NEUT",3,"polysyllabic","False",FALSE,TRUE
"Präservativ","NEUT",4,"polysyllabic","False",FALSE,TRUE
"Präsidium","NEUT",3,"polysyllabic","False",FALSE,TRUE
"Präteritumperfekt","NEUT",6,"polysyllabic","False",FALSE,TRUE
"Präverb","NEUT",2,"polysyllabic","False",TRUE,TRUE
"Präzedenzfall","MASC",4,"polysyllabic","False",TRUE,TRUE
"Prediger","MASC",3,"polysyllabic","False",FALSE,TRUE
"Preis","MASC",0,"polysyllabic","True",TRUE,FALSE
"Preisanstieg","MASC",1,"monosyllabic","False",TRUE,TRUE
"Preisen","NEUT",1,"monosyllabic","False",FALSE,TRUE
"Premierminister","MASC",4,"polysyllabic","False",FALSE,TRUE
"Prenzlauer","MASC",2,"polysyllabic","False",FALSE,TRUE
"Pressehaus","NEUT",2,"polysyllabic","True",TRUE,FALSE
"Pressesprecher","MASC",4,"polysyllabic","False",FALSE,TRUE
"Pressluftbohrer","MASC",4,"polysyllabic","False",FALSE,TRUE
"Presssack","MASC",2,"polysyllabic","False",TRUE,TRUE
"Priapswurm","MASC",2,"polysyllabic","False",FALSE,TRUE
"Priel","MASC",0,"polysyllabic","False",TRUE,TRUE
"Priester","MASC",1,"monosyllabic","False",FALSE,TRUE
"Priestertum","NEUT",2,"polysyllabic","False",FALSE,TRUE
"Prima","MASC",2,"polysyllabic","False",FALSE,TRUE
"Primärkunststoff","MASC",4,"polysyllabic","False",TRUE,TRUE
"Primgeiger","MASC",2,"polysyllabic","False",FALSE,TRUE
"Prinzip","NEUT",2,"polysyllabic","False",FALSE,TRUE
"Prior","MASC",1,"monosyllabic","False",FALSE,TRUE
"Priorat","NEUT",2,"polysyllabic","False",TRUE,TRUE
"Prisma","NEUT",2,"polysyllabic","False",FALSE,TRUE
"Privatbesitz","MASC",4,"polysyllabic","True",TRUE,FALSE
"Privateigentum","NEUT",4,"polysyllabic","False",FALSE,TRUE
"Privatleben","NEUT",4,"polysyllabic","False",FALSE,TRUE
"Privatsträßchen","NEUT",4,"polysyllabic","False",FALSE,TRUE
"Privatsträßlein","NEUT",3,"polysyllabic","False",FALSE,TRUE
"Privatunterricht","MASC",5,"polysyllabic","False",TRUE,TRUE
"Probeexemplar","NEUT",4,"polysyllabic","False",FALSE,TRUE
"Problem","NEUT",2,"polysyllabic","False",FALSE,TRUE
"Problemchen","NEUT",3,"polysyllabic","False",FALSE,TRUE
"Problemkind","NEUT",3,"polysyllabic","False",TRUE,TRUE
"Produkt","NEUT",2,"polysyllabic","False",TRUE,TRUE
"Produktionsland","NEUT",4,"polysyllabic","False",FALSE,TRUE
"Produktionsmittel","NEUT",5,"polysyllabic","False",FALSE,TRUE
"Produktionsort","MASC",4,"polysyllabic","False",FALSE,TRUE
"Produktvergleich","MASC",3,"polysyllabic","False",FALSE,TRUE
"Professor","MASC",3,"polysyllabic","False",FALSE,TRUE
"Professorchen","NEUT",4,"polysyllabic","False",FALSE,TRUE
"Professorlein","NEUT",3,"polysyllabic","False",FALSE,TRUE
"Profil","NEUT",2,"polysyllabic","False",TRUE,TRUE
"Profit","MASC",2,"polysyllabic","False",TRUE,TRUE
"Profitänzer","MASC",4,"polysyllabic","False",FALSE,TRUE
"Profitchen","NEUT",3,"polysyllabic","False",FALSE,TRUE
"Programm","NEUT",2,"polysyllabic","False",TRUE,TRUE
"Programmierer","MASC",3,"polysyllabic","False",FALSE,TRUE
"Projekt","NEUT",2,"polysyllabic","False",TRUE,TRUE
"Prokonsulat","NEUT",4,"polysyllabic","False",TRUE,TRUE
"Promethium","NEUT",3,"polysyllabic","False",FALSE,TRUE
"Promi","MASC",2,"polysyllabic","False",FALSE,TRUE
"Promoter","MASC",3,"polysyllabic","False",FALSE,TRUE
"Promotor","MASC",3,"polysyllabic","False",FALSE,TRUE
"Propan","NEUT",2,"polysyllabic","False",FALSE,TRUE
"Propanol","NEUT",3,"polysyllabic","False",FALSE,TRUE
"Propeller","MASC",3,"polysyllabic","False",FALSE,TRUE
"Propellerflügel","MASC",5,"polysyllabic","False",FALSE,TRUE
"Propellerflugzeug","NEUT",4,"polysyllabic","False",TRUE,TRUE
"Prophetentum","NEUT",4,"polysyllabic","False",FALSE,TRUE
"Propionat","NEUT",3,"polysyllabic","False",FALSE,TRUE
"Proppen","MASC",2,"polysyllabic","False",FALSE,TRUE
"Propst","MASC",1,"monosyllabic","False",TRUE,TRUE
"Prostatakrebs","MASC",4,"polysyllabic","True",TRUE,FALSE
"Protactinium","NEUT",4,"polysyllabic","False",FALSE,TRUE
"Protegé","MASC",2,"polysyllabic","False",FALSE,TRUE
"Proteid","NEUT",1,"monosyllabic","False",FALSE,TRUE
"Protein","NEUT",1,"monosyllabic","False",FALSE,TRUE
"Protektorat","NEUT",4,"polysyllabic","False",TRUE,TRUE
"Protest","MASC",2,"polysyllabic","False",TRUE,TRUE
"Protestzug","MASC",3,"polysyllabic","False",TRUE,TRUE
"Protokoll","NEUT",3,"polysyllabic","False",TRUE,TRUE
"Protomärtyrer","MASC",5,"polysyllabic","False",FALSE,TRUE
"Proton","NEUT",2,"polysyllabic","False",FALSE,TRUE
"Protoneneinfang","MASC",4,"polysyllabic","False",TRUE,TRUE
"Protostern","MASC",3,"polysyllabic","False",TRUE,TRUE
"Protz","MASC",1,"monosyllabic","True",TRUE,FALSE
"Proustit","MASC",2,"polysyllabic","False",FALSE,TRUE
"Proviant","MASC",2,"polysyllabic","False",FALSE,TRUE
"Provinzler","MASC",3,"polysyllabic","False",FALSE,TRUE
"Provisorium","NEUT",4,"polysyllabic","False",FALSE,TRUE
"Provokateur","MASC",3,"polysyllabic","False",FALSE,TRUE
"Proxyserver","MASC",4,"polysyllabic","False",FALSE,TRUE
"Prozent","NEUT",2,"polysyllabic","False",TRUE,TRUE
"Prozentpunkt","MASC",3,"polysyllabic","False",TRUE,TRUE
"Prozentsatz","MASC",3,"polysyllabic","True",TRUE,TRUE
"Prozess","MASC",2,"polysyllabic","True",TRUE,FALSE
"Prozessablauf","MASC",3,"polysyllabic","False",FALSE,TRUE
"Prüfbericht","MASC",3,"polysyllabic","False",TRUE,TRUE
"Prüfling","MASC",2,"polysyllabic","False",FALSE,TRUE
"Prüfstein","MASC",1,"monosyllabic","False",TRUE,TRUE
"Prügel","MASC",2,"polysyllabic","False",FALSE,TRUE
"Prunk","MASC",1,"monosyllabic","False",TRUE,TRUE
"Prunksaal","MASC",2,"polysyllabic","False",TRUE,TRUE
"Psalm","MASC",1,"monosyllabic","False",TRUE,TRUE
"Pseudoephedrin","NEUT",3,"polysyllabic","False",FALSE,TRUE
"Pseudogetreide","NEUT",3,"polysyllabic","False",TRUE,FALSE
"Pseudonym","NEUT",2,"polysyllabic","False",FALSE,TRUE
"Psi","NEUT",1,"monosyllabic","False",FALSE,TRUE
"Psychiater","MASC",3,"polysyllabic","False",FALSE,TRUE
"Psychopharmakon","NEUT",5,"polysyllabic","False",FALSE,TRUE
"Psychothriller","MASC",4,"polysyllabic","False",FALSE,TRUE
"Psychotiker","MASC",4,"polysyllabic","False",FALSE,TRUE
"Publikum","NEUT",3,"polysyllabic","False",FALSE,TRUE
"Puddelverfahren","NEUT",5,"polysyllabic","False",FALSE,TRUE
"Pudding","MASC",2,"polysyllabic","False",FALSE,TRUE
"Pudel","MASC",2,"polysyllabic","False",FALSE,TRUE
"Pudelhund","MASC",3,"polysyllabic","False",TRUE,TRUE
"Puderzucker","MASC",4,"polysyllabic","False",FALSE,TRUE
"Puerperium","NEUT",3,"polysyllabic","False",FALSE,TRUE
"Puff","MASC",1,"monosyllabic","False",TRUE,TRUE
"Puffer","MASC",2,"polysyllabic","False",FALSE,TRUE
"Puffersystem","NEUT",4,"polysyllabic","False",FALSE,TRUE
"Puffmais","MASC",2,"polysyllabic","True",TRUE,FALSE
"Puffreis","MASC",1,"monosyllabic","True",TRUE,FALSE
"Pulcinell","MASC",3,"polysyllabic","False",FALSE,TRUE
"Pulcinella","MASC",4,"polysyllabic","False",FALSE,TRUE
"Pulk","NEUT",1,"monosyllabic","False",TRUE,TRUE
"Pulli","MASC",2,"polysyllabic","False",FALSE,TRUE
"Pullover","MASC",3,"polysyllabic","False",FALSE,TRUE
"Puls","MASC",1,"monosyllabic","True",TRUE,FALSE
"Pulsar","MASC",2,"polysyllabic","False",FALSE,TRUE
"Pult","NEUT",1,"monosyllabic","False",TRUE,TRUE
"Pultmikrofon","NEUT",4,"polysyllabic","False",FALSE,TRUE
"Pulver","NEUT",2,"polysyllabic","False",FALSE,TRUE
"Pulverfass","NEUT",3,"polysyllabic","True",TRUE,FALSE
"Pulverkaffee","MASC",4,"polysyllabic","False",TRUE,FALSE
"Pulverturm","MASC",3,"polysyllabic","False",TRUE,TRUE
"Pumpellyit","MASC",3,"polysyllabic","False",FALSE,TRUE
"Pumpernickel","MASC",4,"polysyllabic","False",FALSE,TRUE
"Punk","MASC",1,"monosyllabic","False",FALSE,TRUE
"Punker","MASC",2,"polysyllabic","False",FALSE,TRUE
"Punkt","MASC",1,"monosyllabic","False",TRUE,TRUE
"Punktschweißen","NEUT",2,"polysyllabic","False",FALSE,TRUE
"Püppchen","NEUT",2,"polysyllabic","False",FALSE,TRUE
"Puppenspieler","MASC",3,"polysyllabic","False",FALSE,TRUE
"Püree","NEUT",2,"polysyllabic","False",TRUE,FALSE
"Pürierstab","MASC",2,"polysyllabic","False",TRUE,TRUE
"Purpurreiher","MASC",3,"polysyllabic","False",FALSE,TRUE
"Purzelbaum","MASC",2,"polysyllabic","False",TRUE,TRUE
"Puschen","MASC",2,"polysyllabic","False",FALSE,TRUE
"Puter","MASC",2,"polysyllabic","False",FALSE,TRUE
"Putsch","MASC",1,"monosyllabic","True",TRUE,FALSE
"Putschversuch","MASC",3,"polysyllabic","False",TRUE,TRUE
"Pütt","MASC",1,"monosyllabic","False",FALSE,TRUE
"Putz","MASC",1,"monosyllabic","True",TRUE,FALSE
"Putzen","NEUT",2,"polysyllabic","False",FALSE,TRUE
"Putzlappen","MASC",3,"polysyllabic","False",FALSE,TRUE
"Putzmann","MASC",2,"polysyllabic","False",TRUE,TRUE
"Putzmittel","NEUT",3,"polysyllabic","False",FALSE,TRUE
"Putztuch","NEUT",2,"polysyllabic","False",TRUE,TRUE
"Puzzle","NEUT",2,"polysyllabic","False",TRUE,FALSE
"PVC-Kunststoff","MASC",2,"polysyllabic","False",TRUE,TRUE
"Pyrargyrit","MASC",4,"polysyllabic","False",FALSE,TRUE
"Pyrazin","NEUT",3,"polysyllabic","False",FALSE,TRUE
"Pyrit","NEUT",2,"polysyllabic","False",FALSE,TRUE
"Pyrochlor","MASC",3,"polysyllabic","False",FALSE,TRUE
"Pyrolusit","MASC",4,"polysyllabic","False",FALSE,TRUE
"Pyrop","MASC",2,"polysyllabic","False",FALSE,TRUE
"Pyrophosphat","NEUT",4,"polysyllabic","False",FALSE,TRUE
"Pyroskop","NEUT",3,"polysyllabic","False",TRUE,TRUE
"Pyrosulfit","NEUT",4,"polysyllabic","False",FALSE,TRUE
"Pyroxen","MASC",3,"polysyllabic","False",FALSE,TRUE
"Pyrrhotin","MASC",3,"polysyllabic","False",FALSE,TRUE
"Pyrrhussieg","MASC",2,"polysyllabic","False",TRUE,TRUE
"Python","NEUT",2,"polysyllabic","False",FALSE,TRUE
"Quacksalber","MASC",3,"polysyllabic","False",FALSE,TRUE
"Quader","MASC",2,"polysyllabic","False",FALSE,TRUE
"Quadrat","NEUT",2,"polysyllabic","False",TRUE,TRUE
"Quadratfuß","MASC",3,"polysyllabic","True",TRUE,FALSE
"Quadratzentimeter","MASC",6,"polysyllabic","False",FALSE,TRUE
"Qualitätswein","MASC",3,"polysyllabic","False",TRUE,TRUE
"Qualm","MASC",1,"monosyllabic","False",TRUE,TRUE
"Quant","NEUT",1,"monosyllabic","False",FALSE,TRUE
"Quantencomputer","MASC",5,"polysyllabic","False",FALSE,TRUE
"Quantenpunkt","MASC",3,"polysyllabic","False",FALSE,TRUE
"Quantensprung","MASC",3,"polysyllabic","False",TRUE,TRUE
"Quark","NEUT",1,"monosyllabic","False",TRUE,TRUE
"Quartal","NEUT",2,"polysyllabic","False",TRUE,TRUE
"Quartett","NEUT",2,"polysyllabic","False",TRUE,TRUE
"Quartier","NEUT",1,"monosyllabic","False",FALSE,TRUE
"Quarz","MASC",1,"monosyllabic","True",TRUE,FALSE
"Quarzit","MASC",2,"polysyllabic","False",FALSE,TRUE
"Quarzröhrchen","NEUT",3,"polysyllabic","False",FALSE,TRUE
"Quasar","MASC",2,"polysyllabic","False",FALSE,TRUE
"Quast","MASC",1,"monosyllabic","False",TRUE,TRUE
"Quatsch","MASC",1,"monosyllabic","True",TRUE,TRUE
"Quatschen","NEUT",2,"polysyllabic","False",FALSE,TRUE
"Quecksilber","NEUT",3,"polysyllabic","False",FALSE,TRUE
"Quellfluss","MASC",2,"polysyllabic","True",TRUE,FALSE
"Quelltext","MASC",2,"polysyllabic","False",TRUE,TRUE
"Quellwasser","NEUT",3,"polysyllabic","False",FALSE,TRUE
"Querdenker","MASC",3,"polysyllabic","False",FALSE,TRUE
"Querformat","NEUT",3,"polysyllabic","False",TRUE,TRUE
"Querkopf","MASC",2,"polysyllabic","False",TRUE,TRUE
"Quermaß","NEUT",2,"polysyllabic","True",TRUE,FALSE
"Querschläger","MASC",3,"polysyllabic","False",FALSE,TRUE
"Querschnitt","MASC",2,"polysyllabic","False",TRUE,TRUE
"Querstreifen","MASC",2,"polysyllabic","False",FALSE,TRUE
"Querstrich","MASC",2,"polysyllabic","False",TRUE,TRUE
"Querverweis","MASC",2,"polysyllabic","True",TRUE,FALSE
"Quickie","MASC",1,"monosyllabic","False",TRUE,FALSE
"Quietscheentchen","NEUT",3,"polysyllabic","False",FALSE,TRUE
"Quirl","MASC",1,"monosyllabic","False",TRUE,TRUE
"Quorum","NEUT",2,"polysyllabic","False",FALSE,TRUE
"Quotenkönig","MASC",4,"polysyllabic","False",FALSE,TRUE
"Rabatt","MASC",2,"polysyllabic","False",FALSE,TRUE
"Rabbiner","MASC",3,"polysyllabic","False",FALSE,TRUE
"Rabengekrächze","NEUT",5,"polysyllabic","False",TRUE,FALSE
"Rabenvater","MASC",4,"polysyllabic","False",FALSE,TRUE
"Räblein","NEUT",1,"monosyllabic","False",FALSE,TRUE
"Rachen","MASC",2,"polysyllabic","False",FALSE,TRUE
"Rachenlaut","MASC",2,"polysyllabic","False",TRUE,TRUE
"Rächer","MASC",2,"polysyllabic","False",FALSE,TRUE
"Racker","MASC",2,"polysyllabic","False",FALSE,TRUE
"Rad","NEUT",1,"monosyllabic","False",TRUE,TRUE
"Rädchen","NEUT",2,"polysyllabic","False",FALSE,TRUE
"Radfahren","NEUT",3,"polysyllabic","False",FALSE,TRUE
"Radfahrer","MASC",3,"polysyllabic","False",FALSE,TRUE
"Radiergummi","NEUT",3,"polysyllabic","False",FALSE,TRUE
"Radieschen","NEUT",2,"polysyllabic","False",FALSE,TRUE
"Radikal","NEUT",3,"polysyllabic","False",FALSE,TRUE
"Radikalinski","MASC",5,"polysyllabic","False",FALSE,TRUE
"Radio","NEUT",2,"polysyllabic","False",FALSE,TRUE
"Radioisotop","NEUT",4,"polysyllabic","False",FALSE,TRUE
"Radioteleskop","NEUT",5,"polysyllabic","False",FALSE,TRUE
"Radium","NEUT",2,"polysyllabic","False",FALSE,TRUE
"Radl","NEUT",1,"monosyllabic","False",FALSE,TRUE
"Radlader","MASC",3,"polysyllabic","False",FALSE,TRUE
"Radon","NEUT",2,"polysyllabic","False",FALSE,TRUE
"Radsatz","MASC",2,"polysyllabic","True",TRUE,FALSE
"Radschlag","MASC",2,"polysyllabic","False",TRUE,TRUE
"Radsport","MASC",2,"polysyllabic","False",TRUE,TRUE
"Radwechsel","MASC",3,"polysyllabic","False",FALSE,TRUE
"Radweg","MASC",2,"polysyllabic","False",TRUE,TRUE
"Raffinat","NEUT",3,"polysyllabic","False",FALSE,TRUE
"Raffzahn","MASC",2,"polysyllabic","False",TRUE,TRUE
"Rahmen","MASC",2,"polysyllabic","False",FALSE,TRUE
"Rahmenrecht","NEUT",3,"polysyllabic","False",TRUE,TRUE
"Rahsegel","NEUT",3,"polysyllabic","False",FALSE,TRUE
"Rain","MASC",1,"monosyllabic","False",FALSE,TRUE
"Rainfarn","MASC",2,"polysyllabic","False",TRUE,TRUE
"Raketenstart","MASC",4,"polysyllabic","False",TRUE,TRUE
"Raketentreibstoff","MASC",4,"polysyllabic","False",TRUE,TRUE
"Rammelsbergit","MASC",4,"polysyllabic","False",FALSE,TRUE
"Rammler","MASC",2,"polysyllabic","False",FALSE,TRUE
"Rampenlicht","NEUT",3,"polysyllabic","False",TRUE,TRUE
"Ramsch","MASC",1,"monosyllabic","True",TRUE,TRUE
"Ramschladen","MASC",3,"polysyllabic","False",FALSE,TRUE
"Ramschtisch","MASC",2,"polysyllabic","True",TRUE,TRUE
"Rand","MASC",1,"monosyllabic","False",TRUE,TRUE
"Randgebiet","NEUT",2,"polysyllabic","False",TRUE,TRUE
"Randstreifen","MASC",2,"polysyllabic","False",FALSE,TRUE
"Ranelat","NEUT",3,"polysyllabic","False",FALSE,TRUE
"Rang","MASC",1,"monosyllabic","False",TRUE,TRUE
"Rangierbahnhof","MASC",3,"polysyllabic","False",TRUE,TRUE
"Rank","MASC",1,"monosyllabic","False",TRUE,TRUE
"Ränkchen","NEUT",2,"polysyllabic","False",FALSE,TRUE
"Ränkeschmied","MASC",2,"polysyllabic","False",TRUE,TRUE
"Ränkespiel","NEUT",2,"polysyllabic","False",TRUE,TRUE
"Ranzen","MASC",2,"polysyllabic","False",FALSE,TRUE
"Rap","MASC",1,"monosyllabic","False",FALSE,TRUE
"Rapfen","MASC",2,"polysyllabic","False",FALSE,TRUE
"Rappen","MASC",2,"polysyllabic","False",FALSE,TRUE
"Raps","MASC",1,"monosyllabic","True",TRUE,FALSE
"Rasen","MASC",2,"polysyllabic","False",FALSE,TRUE
"Rasenmäher","MASC",4,"polysyllabic","False",FALSE,TRUE
"Rasenspiel","NEUT",2,"polysyllabic","False",TRUE,TRUE
"Rasenstück","NEUT",3,"polysyllabic","False",TRUE,TRUE
"Raser","MASC",2,"polysyllabic","False",FALSE,TRUE
"Rasierer","MASC",2,"polysyllabic","False",FALSE,TRUE
"Rasiermesser","NEUT",3,"polysyllabic","False",FALSE,TRUE
"Rasierpinsel","MASC",3,"polysyllabic","False",FALSE,TRUE
"Rasierstift","MASC",2,"polysyllabic","False",TRUE,TRUE
"Rasseln","NEUT",2,"polysyllabic","False",FALSE,TRUE
"Raster","NEUT",2,"polysyllabic","False",FALSE,TRUE
"Rasterkraftmikroskop","NEUT",6,"polysyllabic","False",FALSE,TRUE
"Rasthof","MASC",2,"polysyllabic","False",TRUE,TRUE
"Rastplatz","MASC",2,"polysyllabic","True",TRUE,FALSE
"Rat","MASC",1,"monosyllabic","False",TRUE,TRUE
"Ratespiel","NEUT",2,"polysyllabic","False",TRUE,TRUE
"Rathaus","NEUT",1,"monosyllabic","True",TRUE,FALSE
"Rationalitätsprinzip","NEUT",7,"polysyllabic","False",FALSE,TRUE
"Ratschlag","MASC",2,"polysyllabic","False",TRUE,TRUE
"Ratschluss","MASC",2,"polysyllabic","True",TRUE,FALSE
"Rätsel","NEUT",2,"polysyllabic","False",FALSE,TRUE
"Ratskeller","MASC",3,"polysyllabic","False",FALSE,TRUE
"Ratsmitglied","NEUT",2,"polysyllabic","False",TRUE,TRUE
"Rättchen","NEUT",2,"polysyllabic","False",FALSE,TRUE
"Rattenfänger","MASC",4,"polysyllabic","False",FALSE,TRUE
"Rattengift","NEUT",3,"polysyllabic","False",TRUE,TRUE
"Raub","MASC",0,"polysyllabic","False",TRUE,TRUE
"Raubdruck","MASC",1,"monosyllabic","False",TRUE,TRUE
"Räuber","MASC",1,"monosyllabic","False",FALSE,TRUE
"Raubfisch","MASC",1,"monosyllabic","True",TRUE,TRUE
"Raubmord","MASC",1,"monosyllabic","False",TRUE,TRUE
"Raubritter","MASC",2,"polysyllabic","False",FALSE,TRUE
"Raubtier","NEUT",0,"polysyllabic","False",TRUE,TRUE
"Raubüberfall","MASC",3,"polysyllabic","False",TRUE,TRUE
"Raubwürger","MASC",2,"polysyllabic","False",FALSE,TRUE
"Raubzug","MASC",1,"monosyllabic","False",TRUE,TRUE
"Rauch","MASC",0,"polysyllabic","False",TRUE,TRUE
"Rauchbier","NEUT",0,"polysyllabic","False",TRUE,TRUE
"Rauchen","NEUT",1,"monosyllabic","False",FALSE,TRUE
"Raucher","MASC",1,"monosyllabic","False",FALSE,TRUE
"Räucheraal","MASC",2,"polysyllabic","False",TRUE,TRUE
"Räucherlachs","MASC",2,"polysyllabic","True",TRUE,FALSE
"Räucherstäbchen","NEUT",3,"polysyllabic","False",FALSE,TRUE
"Räucherwerk","NEUT",2,"polysyllabic","False",TRUE,TRUE
"Rauchverbot","NEUT",2,"polysyllabic","False",TRUE,TRUE
"Rauchzeichen","NEUT",1,"monosyllabic","False",FALSE,TRUE
"Raufbold","MASC",1,"monosyllabic","False",TRUE,TRUE
"Raufußkauz","MASC",1,"monosyllabic","True",TRUE,FALSE
"Raum","MASC",0,"polysyllabic","False",TRUE,TRUE
"Räumen","NEUT",1,"monosyllabic","False",FALSE,TRUE
"Raumfahrer","MASC",2,"polysyllabic","False",FALSE,TRUE
"Raumklang","MASC",1,"monosyllabic","False",TRUE,TRUE
"Raummaß","NEUT",1,"monosyllabic","True",TRUE,FALSE
"Raumschiff","NEUT",1,"monosyllabic","False",TRUE,TRUE
"Raunen","NEUT",1,"monosyllabic","False",FALSE,TRUE
"Räupchen","NEUT",1,"monosyllabic","False",FALSE,TRUE
"Räuplein","NEUT",0,"polysyllabic","False",FALSE,TRUE
"Raureif","MASC",0,"polysyllabic","False",TRUE,TRUE
"Rausch","MASC",0,"polysyllabic","True",TRUE,FALSE
"Rauschen","NEUT",1,"monosyllabic","False",FALSE,TRUE
"Rauschgelb","NEUT",1,"monosyllabic","False",FALSE,TRUE
"Rauschgift","NEUT",1,"monosyllabic","False",TRUE,TRUE
"Rauschgold","NEUT",1,"monosyllabic","False",TRUE,TRUE
"Rauschrot","NEUT",1,"monosyllabic","False",FALSE,TRUE
"Rauschzustand","MASC",2,"polysyllabic","False",TRUE,TRUE
"Rausgehen","NEUT",2,"polysyllabic","False",FALSE,TRUE
"Rautenkranz","MASC",2,"polysyllabic","True",TRUE,FALSE
"Rautenkreuz","MASC",1,"monosyllabic","True",TRUE,FALSE
"Rautenzeichen","NEUT",2,"polysyllabic","False",FALSE,TRUE
"Rautezeichen","NEUT",2,"polysyllabic","False",FALSE,TRUE
"Rayon","MASC",1,"monosyllabic","False",FALSE,TRUE
"Razemat","NEUT",3,"polysyllabic","False",FALSE,TRUE
"Reaktionär","MASC",3,"polysyllabic","False",FALSE,TRUE
"Reaktionspartner","MASC",4,"polysyllabic","False",FALSE,TRUE
"Reaktionsprodukt","NEUT",4,"polysyllabic","False",TRUE,TRUE
"Reaktionsschritt","MASC",3,"polysyllabic","False",FALSE,TRUE
"Reaktionsweg","MASC",3,"polysyllabic","False",TRUE,TRUE
"Reaktorbau","MASC",2,"polysyllabic","False",TRUE,TRUE
"Reaktorunfall","MASC",4,"polysyllabic","False",FALSE,TRUE
"Realgar","MASC",2,"polysyllabic","False",FALSE,TRUE
"Realgymnasium","NEUT",4,"polysyllabic","False",FALSE,TRUE
"Realisat","NEUT",3,"polysyllabic","False",FALSE,TRUE
"Realo","MASC",2,"polysyllabic","False",FALSE,TRUE
"Realwert","MASC",2,"polysyllabic","False",TRUE,TRUE
"Realwörterbuch","NEUT",4,"polysyllabic","False",TRUE,TRUE
"Rebhuhn","NEUT",2,"polysyllabic","False",TRUE,TRUE
"Rebstock","MASC",2,"polysyllabic","False",TRUE,TRUE
"Rechen","MASC",2,"polysyllabic","False",FALSE,TRUE
"Rechenbrett","NEUT",3,"polysyllabic","False",TRUE,TRUE
"Rechenfehler","MASC",4,"polysyllabic","False",FALSE,TRUE
"Rechenverfahren","NEUT",5,"polysyllabic","False",FALSE,TRUE
"Rechnen","NEUT",2,"polysyllabic","False",FALSE,TRUE
"Rechner","MASC",2,"polysyllabic","False",FALSE,TRUE
"Rechnungshof","MASC",3,"polysyllabic","False",TRUE,TRUE
"Recht","NEUT",1,"monosyllabic","False",TRUE,TRUE
"Rechtler","MASC",2,"polysyllabic","False",FALSE,TRUE
"Rechtsanspruch","MASC",3,"polysyllabic","False",TRUE,TRUE
"Rechtsanwalt","MASC",3,"polysyllabic","False",TRUE,TRUE
"Rechtsausschuss","MASC",2,"polysyllabic","True",TRUE,FALSE
"Rechtsbruch","MASC",2,"polysyllabic","False",TRUE,TRUE
"Rechtschreibfehler","MASC",3,"polysyllabic","False",FALSE,TRUE
"Rechtsgang","MASC",2,"polysyllabic","False",TRUE,TRUE
"Rechtsgeschäft","NEUT",3,"polysyllabic","False",TRUE,TRUE
"Rechtshänder","MASC",3,"polysyllabic","False",FALSE,TRUE
"Rechtsruck","MASC",2,"polysyllabic","False",TRUE,TRUE
"Rechtssprichwort","NEUT",3,"polysyllabic","False",TRUE,TRUE
"Rechtsstreit","MASC",1,"monosyllabic","False",TRUE,TRUE
"Rechtsverkehr","MASC",3,"polysyllabic","False",TRUE,TRUE
"Rechtswesen","NEUT",3,"polysyllabic","False",FALSE,TRUE
"Recitativ","NEUT",4,"polysyllabic","False",FALSE,TRUE
"Reck","NEUT",1,"monosyllabic","False",TRUE,TRUE
"Redakteur","MASC",2,"polysyllabic","False",FALSE,TRUE
"Redaktor","MASC",3,"polysyllabic","False",FALSE,TRUE
"Reden","NEUT",2,"polysyllabic","False",FALSE,TRUE
"Redeschwall","MASC",3,"polysyllabic","False",TRUE,TRUE
"Redeteil","MASC",2,"polysyllabic","False",TRUE,TRUE
"Redner","MASC",2,"polysyllabic","False",FALSE,TRUE
"Rednerpult","NEUT",3,"polysyllabic","False",TRUE,TRUE
"Redoxindikator","NEUT",6,"polysyllabic","False",FALSE,TRUE
"Redoxpotential","NEUT",5,"polysyllabic","False",FALSE,TRUE
"Reduktionsmittel","NEUT",5,"polysyllabic","False",FALSE,TRUE
"Reduktionsvokal","MASC",5,"polysyllabic","False",TRUE,TRUE
"Reeder","MASC",2,"polysyllabic","False",FALSE,TRUE
"Reep","NEUT",1,"monosyllabic","False",TRUE,TRUE
"Reeper","MASC",2,"polysyllabic","False",FALSE,TRUE
"Reetdach","NEUT",2,"polysyllabic","False",TRUE,TRUE
"Referendum","NEUT",4,"polysyllabic","False",FALSE,TRUE
"Referenzwert","MASC",4,"polysyllabic","False",TRUE,TRUE
"Reff","NEUT",1,"monosyllabic","False",TRUE,TRUE
"Reflexionsgrad","MASC",4,"polysyllabic","False",TRUE,TRUE
"Reflexivum","NEUT",4,"polysyllabic","False",FALSE,TRUE
"Reformer","MASC",3,"polysyllabic","False",FALSE,TRUE
"Refrain","MASC",2,"polysyllabic","False",FALSE,TRUE
"Refugium","NEUT",3,"polysyllabic","False",FALSE,TRUE
"Regal","NEUT",2,"polysyllabic","False",TRUE,TRUE
"Regelbrecher","MASC",4,"polysyllabic","False",FALSE,TRUE
"Regelfall","MASC",3,"polysyllabic","False",TRUE,TRUE
"Regelstab","MASC",3,"polysyllabic","False",FALSE,TRUE
"Regelwerk","NEUT",3,"polysyllabic","False",TRUE,TRUE
"Regenbogen","MASC",4,"polysyllabic","False",FALSE,TRUE
"Regenbogeneffekt","MASC",6,"polysyllabic","False",TRUE,TRUE
"Regenbogenfisch","MASC",5,"polysyllabic","True",TRUE,TRUE
"Regenbogentrikot","MASC",6,"polysyllabic","False",FALSE,TRUE
"Regenguss","MASC",3,"polysyllabic","True",TRUE,FALSE
"Regenmacher","MASC",4,"polysyllabic","False",FALSE,TRUE
"Regenmantel","MASC",4,"polysyllabic","False",FALSE,TRUE
"Regenpfeifer","MASC",3,"polysyllabic","False",FALSE,TRUE
"Regenschauer","MASC",3,"polysyllabic","False",FALSE,TRUE
"Regenschirm","MASC",3,"polysyllabic","False",TRUE,TRUE
"Regent","MASC",2,"polysyllabic","False",FALSE,TRUE
"Regentag","MASC",3,"polysyllabic","False",TRUE,TRUE
"Regentropfen","MASC",4,"polysyllabic","False",FALSE,TRUE
"Regenwald","MASC",3,"polysyllabic","False",TRUE,TRUE
"Regenwetter","NEUT",4,"polysyllabic","False",FALSE,TRUE
"Regenwurm","MASC",3,"polysyllabic","False",TRUE,TRUE
"Regierungsauftrag","MASC",3,"polysyllabic","False",TRUE,TRUE
"Regierungsbüro","NEUT",4,"polysyllabic","False",FALSE,TRUE
"Regierungspräsidium","NEUT",5,"polysyllabic","False",FALSE,TRUE
"Regierungsrat","MASC",3,"polysyllabic","False",TRUE,TRUE
"Regierungssprecher","MASC",4,"polysyllabic","False",FALSE,TRUE
"Regime","NEUT",3,"polysyllabic","False",TRUE,FALSE
"Regiolekt","MASC",3,"polysyllabic","False",TRUE,TRUE
"Registerwechsel","MASC",5,"polysyllabic","False",FALSE,TRUE
"Regler","MASC",2,"polysyllabic","False",FALSE,TRUE
"Regolith","MASC",3,"polysyllabic","False",FALSE,TRUE
"Regress","MASC",2,"polysyllabic","True",TRUE,FALSE
"Reh","NEUT",1,"monosyllabic","False",TRUE,TRUE
"Rehbock","MASC",2,"polysyllabic","False",TRUE,TRUE
"Rehchen","NEUT",2,"polysyllabic","False",FALSE,TRUE
"Rehlein","NEUT",1,"monosyllabic","False",FALSE,TRUE
"Reibekuchen","MASC",3,"polysyllabic","False",FALSE,TRUE
"Reicharabien","NEUT",2,"polysyllabic","False",FALSE,TRUE
"Reichsapfel","MASC",2,"polysyllabic","False",FALSE,TRUE
"Reichsbürger","MASC",2,"polysyllabic","False",FALSE,TRUE
"Reichskanzler","MASC",2,"polysyllabic","False",FALSE,TRUE
"Reichsmarschall","MASC",2,"polysyllabic","False",FALSE,TRUE
"Reichspfennig","MASC",2,"polysyllabic","False",FALSE,TRUE
"Reichsstand","MASC",1,"monosyllabic","False",TRUE,TRUE
"Reichstag","MASC",1,"monosyllabic","False",TRUE,TRUE
"Reichthum","MASC",1,"monosyllabic","False",TRUE,TRUE
"Reichtum","MASC",1,"monosyllabic","False",TRUE,TRUE
"Reif","MASC",0,"polysyllabic","False",TRUE,TRUE
"Reifen","NEUT",1,"monosyllabic","False",FALSE,TRUE
"Reifenheber","MASC",3,"polysyllabic","False",FALSE,TRUE
"Reigen","MASC",1,"monosyllabic","False",FALSE,TRUE
"Reihen","MASC",1,"monosyllabic","False",FALSE,TRUE
"Reihenhaus","NEUT",1,"monosyllabic","True",TRUE,FALSE
"Reiher","MASC",1,"monosyllabic","False",FALSE,TRUE
"Reim","MASC",0,"polysyllabic","False",TRUE,TRUE
"Reinelement","NEUT",3,"polysyllabic","False",FALSE,TRUE
"Reinfall","MASC",1,"monosyllabic","False",TRUE,TRUE
"Reingehen","NEUT",2,"polysyllabic","False",FALSE,TRUE
"Reinheitsgrad","MASC",1,"monosyllabic","False",TRUE,TRUE
"Reinigungsschritt","MASC",3,"polysyllabic","False",TRUE,TRUE
"Reinstoff","MASC",1,"monosyllabic","False",TRUE,TRUE
"Reis","NEUT",0,"polysyllabic","True",TRUE,FALSE
"Reiseandenken","NEUT",3,"polysyllabic","False",FALSE,TRUE
"Reisebericht","MASC",3,"polysyllabic","False",TRUE,TRUE
"Reisebüro","NEUT",3,"polysyllabic","False",FALSE,TRUE
"Reiseführer","MASC",3,"polysyllabic","False",FALSE,TRUE
"Reisekader","MASC",3,"polysyllabic","False",FALSE,TRUE
"Reiseleiter","MASC",2,"polysyllabic","False",FALSE,TRUE
"Reisepass","MASC",2,"polysyllabic","True",TRUE,FALSE
"Reiseveranstalter","MASC",5,"polysyllabic","False",FALSE,TRUE
"Reiseziel","NEUT",1,"monosyllabic","False",TRUE,TRUE
"Reisfeld","NEUT",1,"monosyllabic","False",TRUE,TRUE
"Reisig","NEUT",1,"monosyllabic","False",FALSE,TRUE
"Reiskorn","NEUT",1,"monosyllabic","False",TRUE,TRUE
"Reismehl","NEUT",1,"monosyllabic","False",TRUE,TRUE
"Reißbrett","NEUT",1,"monosyllabic","False",TRUE,TRUE
"Reißer","MASC",1,"monosyllabic","False",FALSE,TRUE
"Reißnagel","MASC",2,"polysyllabic","False",FALSE,TRUE
"Reißverschluss","MASC",2,"polysyllabic","True",TRUE,FALSE
"Reißwolf","MASC",1,"monosyllabic","False",TRUE,TRUE
"Reißzahn","MASC",1,"monosyllabic","False",TRUE,TRUE
"Reiten","NEUT",1,"monosyllabic","False",FALSE,TRUE
"Reiter","MASC",1,"monosyllabic","False",FALSE,TRUE
"Reiterschwert","NEUT",2,"polysyllabic","False",TRUE,TRUE
"Reitpferd","NEUT",1,"monosyllabic","False",TRUE,TRUE
"Reittier","NEUT",0,"polysyllabic","False",TRUE,TRUE
"Reiz","MASC",0,"polysyllabic","True",TRUE,FALSE
"Reizdarm","MASC",1,"monosyllabic","False",TRUE,TRUE
"Reizdarmsyndrom","NEUT",3,"polysyllabic","False",FALSE,TRUE
"Rekord","MASC",2,"polysyllabic","False",TRUE,TRUE
"Rektionskompositum","NEUT",6,"polysyllabic","False",FALSE,TRUE
"Rektor","MASC",2,"polysyllabic","False",FALSE,TRUE
"Rektorat","NEUT",3,"polysyllabic","False",TRUE,TRUE
"Rekurs","MASC",2,"polysyllabic","True",TRUE,FALSE
"Relaiskontakt","MASC",4,"polysyllabic","False",TRUE,TRUE
"Reliefpfeiler","MASC",2,"polysyllabic","False",FALSE,TRUE
"Relikt","NEUT",2,"polysyllabic","False",TRUE,TRUE
"Reliquiar","NEUT",3,"polysyllabic","False",FALSE,TRUE
"Reliquienschrein","MASC",3,"polysyllabic","False",TRUE,TRUE
"Ren","NEUT",1,"monosyllabic","False",TRUE,TRUE
"Renderer","MASC",3,"polysyllabic","False",FALSE,TRUE
"Renner","MASC",2,"polysyllabic","False",FALSE,TRUE
"Rennofen","MASC",3,"polysyllabic","False",FALSE,TRUE
"Rennpferd","NEUT",2,"polysyllabic","False",TRUE,TRUE
"Rennradfahrer","MASC",4,"polysyllabic","False",FALSE,TRUE
"Renommee","NEUT",3,"polysyllabic","False",TRUE,FALSE
"Rentenalter","NEUT",4,"polysyllabic","False",FALSE,TRUE
"Renteneintrittsalter","NEUT",5,"polysyllabic","False",FALSE,TRUE
"Rentenmarkt","MASC",3,"polysyllabic","False",TRUE,TRUE
"Rentier","MASC",1,"monosyllabic","False",TRUE,TRUE
"Rentner","MASC",2,"polysyllabic","False",FALSE,TRUE
"Reparieren","NEUT",3,"polysyllabic","False",FALSE,TRUE
"Reparierer","MASC",3,"polysyllabic","False",FALSE,TRUE
"Report","MASC",2,"polysyllabic","False",TRUE,TRUE
"Reporter","MASC",3,"polysyllabic","False",FALSE,TRUE
"Repressor","MASC",3,"polysyllabic","False",FALSE,TRUE
"Republikflüchtling","MASC",5,"polysyllabic","False",FALSE,TRUE
"Requiem","NEUT",2,"polysyllabic","False",FALSE,TRUE
"Requiemhai","MASC",3,"polysyllabic","False",TRUE,TRUE
"Requisit","NEUT",3,"polysyllabic","False",FALSE,TRUE
"Reserverad","NEUT",4,"polysyllabic","False",TRUE,TRUE
"Reservereifen","MASC",4,"polysyllabic","False",FALSE,TRUE
"Resonator","NEUT",4,"polysyllabic","False",FALSE,TRUE
"Respektabstand","MASC",4,"polysyllabic","False",TRUE,TRUE
"Rest","MASC",1,"monosyllabic","False",TRUE,TRUE
"Restaurant","NEUT",2,"polysyllabic","False",FALSE,TRUE
"Restaurator","MASC",3,"polysyllabic","False",FALSE,TRUE
"Restbestand","MASC",3,"polysyllabic","False",TRUE,TRUE
"Restbetrag","MASC",3,"polysyllabic","False",TRUE,TRUE
"Restchen","NEUT",2,"polysyllabic","False",FALSE,TRUE
"Reststoff","MASC",2,"polysyllabic","False",TRUE,TRUE
"Resultat","NEUT",3,"polysyllabic","False",TRUE,TRUE
"Resümee","NEUT",3,"polysyllabic","False",TRUE,FALSE
"Retronym","NEUT",3,"polysyllabic","False",FALSE,TRUE
"Retter","MASC",2,"polysyllabic","False",FALSE,TRUE
"Rettich","MASC",2,"polysyllabic","False",FALSE,TRUE
"Rettungsboot","NEUT",3,"polysyllabic","False",TRUE,TRUE
"Rettungshubschrauber","MASC",4,"polysyllabic","False",FALSE,TRUE
"Rettungsring","MASC",3,"polysyllabic","False",TRUE,TRUE
"Rettungsschiff","NEUT",3,"polysyllabic","False",TRUE,TRUE
"Rettungsversuch","MASC",4,"polysyllabic","False",TRUE,TRUE
"Rettungswagen","MASC",4,"polysyllabic","False",FALSE,TRUE
"Rettungsweg","MASC",3,"polysyllabic","False",TRUE,TRUE
"Rettungszeichen","NEUT",3,"polysyllabic","False",FALSE,TRUE
"Reuter","MASC",1,"monosyllabic","False",FALSE,TRUE
"Revierkampf","MASC",2,"polysyllabic","False",TRUE,TRUE
"Revolutionär","MASC",5,"polysyllabic","False",FALSE,TRUE
"Rezept","NEUT",2,"polysyllabic","False",TRUE,TRUE
"Rezitativ","NEUT",4,"polysyllabic","False",FALSE,TRUE
"Rezitieren","NEUT",3,"polysyllabic","False",FALSE,TRUE
"Rhabarber","MASC",3,"polysyllabic","False",FALSE,TRUE
"Rhenium","NEUT",2,"polysyllabic","False",FALSE,TRUE
"Rho","NEUT",1,"monosyllabic","False",FALSE,TRUE
"Rhodamin","NEUT",3,"polysyllabic","False",FALSE,TRUE
"Rhodanid","NEUT",3,"polysyllabic","False",FALSE,TRUE
"Rhodinieren","NEUT",3,"polysyllabic","False",FALSE,TRUE
"Rhodium","NEUT",2,"polysyllabic","False",FALSE,TRUE
"Rhodiumion","NEUT",3,"polysyllabic","False",FALSE,TRUE
"Rhodiumisotop","NEUT",5,"polysyllabic","False",FALSE,TRUE
"Rhodiumkatalysator","MASC",7,"polysyllabic","False",FALSE,TRUE
"Rhodiumkomplex","MASC",4,"polysyllabic","True",TRUE,FALSE
"Rhodiummineral","NEUT",5,"polysyllabic","False",FALSE,TRUE
"Rhodochrosit","MASC",4,"polysyllabic","False",FALSE,TRUE
"Rhodonit","MASC",3,"polysyllabic","False",FALSE,TRUE
"Ribonukleotid","NEUT",5,"polysyllabic","False",FALSE,TRUE
"Richterspruch","MASC",3,"polysyllabic","False",TRUE,TRUE
"Ricotta","MASC",3,"polysyllabic","False",FALSE,TRUE
"Riechkolben","MASC",2,"polysyllabic","False",FALSE,TRUE
"Riechsalz","NEUT",1,"monosyllabic","True",TRUE,FALSE
"Riechstoff","MASC",1,"monosyllabic","False",TRUE,TRUE
"Ried","MASC",0,"polysyllabic","False",TRUE,TRUE
"Riedel","MASC",1,"monosyllabic","False",FALSE,TRUE
"Riegel","MASC",1,"monosyllabic","False",FALSE,TRUE
"Riemen","MASC",1,"monosyllabic","False",FALSE,TRUE
"Riesenalk","MASC",2,"polysyllabic","False",FALSE,TRUE
"Riesenkalmar","MASC",3,"polysyllabic","False",FALSE,TRUE
"Riesenstern","MASC",2,"polysyllabic","False",FALSE,TRUE
"Riesentier","NEUT",1,"monosyllabic","False",TRUE,TRUE
"Riesenwildschaf","NEUT",3,"polysyllabic","False",TRUE,TRUE
"Riesling","MASC",1,"monosyllabic","False",FALSE,TRUE
"Rind","NEUT",1,"monosyllabic","False",TRUE,TRUE
"Rinderbraten","MASC",4,"polysyllabic","False",FALSE,TRUE
"Rinderfilet","NEUT",4,"polysyllabic","False",FALSE,TRUE
"Rinderhack","NEUT",3,"polysyllabic","False",FALSE,TRUE
"Rinderwahn","MASC",3,"polysyllabic","False",TRUE,TRUE
"Rindfleisch","NEUT",1,"monosyllabic","True",TRUE,TRUE
"Rindvieh","NEUT",1,"monosyllabic","False",TRUE,TRUE
"Ring","MASC",1,"monosyllabic","False",TRUE,TRUE
"Ringbuch","NEUT",2,"polysyllabic","False",TRUE,TRUE
"Ringchen","NEUT",2,"polysyllabic","False",FALSE,TRUE
"Ringel","MASC",2,"polysyllabic","False",FALSE,TRUE
"Ringen","NEUT",2,"polysyllabic","False",FALSE,TRUE
"Ringfinger","MASC",3,"polysyllabic","False",FALSE,TRUE
"Ringkampf","MASC",2,"polysyllabic","False",TRUE,TRUE
"Ringkämpfer","MASC",3,"polysyllabic","False",FALSE,TRUE
"Ringlein","NEUT",1,"monosyllabic","False",FALSE,TRUE
"Ringverein","MASC",2,"polysyllabic","False",TRUE,TRUE
"Rinnstein","MASC",1,"monosyllabic","False",TRUE,TRUE
"Rippchen","NEUT",2,"polysyllabic","False",FALSE,TRUE
"Risiko","NEUT",3,"polysyllabic","False",FALSE,TRUE
"Riss","MASC",1,"monosyllabic","True",TRUE,FALSE
"Rist","MASC",1,"monosyllabic","False",TRUE,FALSE
"Ritt","MASC",1,"monosyllabic","False",TRUE,TRUE
"Ritter","MASC",2,"polysyllabic","False",FALSE,TRUE
"Rittergut","NEUT",3,"polysyllabic","False",TRUE,TRUE
"Ritterorden","MASC",4,"polysyllabic","False",FALSE,TRUE
"Rittersaal","MASC",3,"polysyllabic","False",TRUE,TRUE
"Ritterschlag","MASC",3,"polysyllabic","False",TRUE,TRUE
"Rittersitz","MASC",3,"polysyllabic","True",TRUE,FALSE
"Ritterstand","MASC",3,"polysyllabic","False",TRUE,TRUE
"Rittertum","NEUT",3,"polysyllabic","False",FALSE,TRUE
"Rittmeister","MASC",2,"polysyllabic","False",FALSE,TRUE
"Ritual","NEUT",2,"polysyllabic","False",FALSE,TRUE
"Ritz","MASC",1,"monosyllabic","True",TRUE,FALSE
"Ritzel","NEUT",2,"polysyllabic","False",FALSE,TRUE
"Rizin","NEUT",2,"polysyllabic","False",FALSE,TRUE
"Roadtrip","MASC",2,"polysyllabic","False",FALSE,TRUE
"Roboter","MASC",3,"polysyllabic","False",FALSE,TRUE
"Rochen","MASC",2,"polysyllabic","False",FALSE,TRUE
"Rock","MASC",1,"monosyllabic","False",TRUE,TRUE
"Röckchen","NEUT",2,"polysyllabic","False",FALSE,TRUE
"Rocken","MASC",2,"polysyllabic","False",FALSE,TRUE
"Röcklein","NEUT",1,"monosyllabic","False",FALSE,TRUE
"Roentgenium","NEUT",3,"polysyllabic","False",FALSE,TRUE
"Rogen","MASC",2,"polysyllabic","False",FALSE,TRUE
"Roggen","MASC",2,"polysyllabic","False",FALSE,TRUE
"Roggenbrot","NEUT",3,"polysyllabic","False",TRUE,TRUE
"Roggenfeld","NEUT",3,"polysyllabic","False",TRUE,TRUE
"Roggenmehl","NEUT",3,"polysyllabic","False",TRUE,TRUE
"Roggenvollkornbrot","NEUT",5,"polysyllabic","False",FALSE,TRUE
"Rohling","MASC",2,"polysyllabic","False",FALSE,TRUE
"Rohmetall","NEUT",3,"polysyllabic","False",TRUE,TRUE
"Rohprodukt","NEUT",3,"polysyllabic","False",FALSE,TRUE
"Rohr","NEUT",1,"monosyllabic","False",TRUE,TRUE
"Rohrbruch","MASC",2,"polysyllabic","False",TRUE,TRUE
"Röhrchen","NEUT",2,"polysyllabic","False",FALSE,TRUE
"Röhrling","MASC",2,"polysyllabic","False",FALSE,TRUE
"Rohrzucker","MASC",3,"polysyllabic","False",FALSE,TRUE
"Rohstoff","MASC",2,"polysyllabic","False",TRUE,TRUE
"Rohzustand","MASC",3,"polysyllabic","False",TRUE,TRUE
"Röllchen","NEUT",2,"polysyllabic","False",FALSE,TRUE
"Rollenspiel","NEUT",2,"polysyllabic","False",TRUE,TRUE
"Roller","MASC",2,"polysyllabic","False",FALSE,TRUE
"Rollladen","MASC",3,"polysyllabic","False",FALSE,TRUE
"Rollstuhl","MASC",2,"polysyllabic","False",TRUE,TRUE
"Rom","MASC",1,"monosyllabic","False",FALSE,TRUE
"Roman","MASC",2,"polysyllabic","False",TRUE,TRUE
"Romantiker","MASC",4,"polysyllabic","False",FALSE,TRUE
"Römer","MASC",2,"polysyllabic","False",FALSE,TRUE
"Römertopf","MASC",3,"polysyllabic","False",TRUE,TRUE
"Römertum","NEUT",3,"polysyllabic","False",FALSE,TRUE
"Rondell","NEUT",2,"polysyllabic","False",FALSE,TRUE
"Röntgenfilm","MASC",3,"polysyllabic","False",FALSE,TRUE
"Röntgenspektrum","NEUT",4,"polysyllabic","False",FALSE,TRUE
"Röntgenstrahl","MASC",3,"polysyllabic","False",TRUE,TRUE
"Roquesit","MASC",3,"polysyllabic","False",FALSE,TRUE
"Rosa","NEUT",2,"polysyllabic","False",FALSE,TRUE
"Rosenblatt","NEUT",3,"polysyllabic","False",TRUE,TRUE
"Rosenblättchen","NEUT",4,"polysyllabic","False",FALSE,TRUE
"Rosengarten","MASC",4,"polysyllabic","False",FALSE,TRUE
"Rosengewächs","NEUT",4,"polysyllabic","True",TRUE,FALSE
"Rosenkohl","MASC",3,"polysyllabic","False",TRUE,TRUE
"Rosenkrieg","MASC",2,"polysyllabic","False",TRUE,TRUE
"Rosenmontag","MASC",4,"polysyllabic","False",TRUE,TRUE
"Rosenquarz","MASC",3,"polysyllabic","True",TRUE,FALSE
"Rosenwasser","NEUT",4,"polysyllabic","False",FALSE,TRUE
"Rosinenbomber","MASC",5,"polysyllabic","False",FALSE,TRUE
"Rosinenbrot","NEUT",4,"polysyllabic","False",TRUE,TRUE
"Rosinenkuchen","MASC",5,"polysyllabic","False",FALSE,TRUE
"Rosinenkuchenmodell","NEUT",7,"polysyllabic","False",FALSE,TRUE
"Rosinenkuchenrezept","NEUT",7,"polysyllabic","False",TRUE,TRUE
"Rosinenpicken","NEUT",5,"polysyllabic","False",FALSE,TRUE
"Rosinenpicker","MASC",5,"polysyllabic","False",FALSE,TRUE
"Rosmarin","MASC",3,"polysyllabic","False",FALSE,TRUE
"Ross","NEUT",1,"monosyllabic","True",TRUE,FALSE
"Roß","NEUT",1,"monosyllabic","True",TRUE,FALSE
"Rost","MASC",1,"monosyllabic","False",TRUE,FALSE
"Rostbraten","MASC",3,"polysyllabic","False",FALSE,TRUE
"Rösten","NEUT",2,"polysyllabic","False",FALSE,TRUE
"Röster","MASC",2,"polysyllabic","False",FALSE,TRUE
"Rostflügel-Ameisenwürger","MASC",7,"polysyllabic","False",FALSE,TRUE
"Rostschutz","MASC",2,"polysyllabic","True",TRUE,FALSE
"Rostschutzmittel","NEUT",4,"polysyllabic","False",FALSE,TRUE
"Rot","NEUT",1,"monosyllabic","False",FALSE,TRUE
"Rotauge","NEUT",2,"polysyllabic","False",TRUE,FALSE
"Rotbarsch","MASC",2,"polysyllabic","True",TRUE,TRUE
"Roteisenstein","MASC",2,"polysyllabic","False",FALSE,TRUE
"Rötel","MASC",2,"polysyllabic","False",FALSE,TRUE
"Röten","NEUT",2,"polysyllabic","False",FALSE,TRUE
"Rotfuchs","MASC",2,"polysyllabic","True",TRUE,FALSE
"Rotgüldensee","MASC",4,"polysyllabic","False",TRUE,FALSE
"Rotgültigerz","NEUT",4,"polysyllabic","True",FALSE,TRUE
"Rotguss","MASC",2,"polysyllabic","True",TRUE,FALSE
"Rothuhn","NEUT",2,"polysyllabic","False",TRUE,TRUE
"Rotkehlchen","NEUT",3,"polysyllabic","False",FALSE,TRUE
"Rotkohl","MASC",2,"polysyllabic","False",TRUE,TRUE
"Rotkopf","MASC",2,"polysyllabic","False",TRUE,TRUE
"Rotlicht","NEUT",2,"polysyllabic","False",TRUE,TRUE
"Rotlichtbezirk","MASC",4,"polysyllabic","False",TRUE,TRUE
"Rotlichtviertel","NEUT",3,"polysyllabic","False",FALSE,TRUE
"Rotluchs","MASC",2,"polysyllabic","True",TRUE,FALSE
"Rotrückenwürger","MASC",5,"polysyllabic","False",FALSE,TRUE
"Rotscheitelreiher","MASC",3,"polysyllabic","False",FALSE,TRUE
"Rotschenkel","MASC",3,"polysyllabic","False",FALSE,TRUE
"Rotschopf","MASC",2,"polysyllabic","False",TRUE,TRUE
"Rotschwanz","MASC",2,"polysyllabic","True",TRUE,FALSE
"Rotschwänzchen","NEUT",3,"polysyllabic","False",FALSE,TRUE
"Rotstift","MASC",2,"polysyllabic","False",TRUE,TRUE
"Rottweiler","MASC",2,"polysyllabic","False",FALSE,TRUE
"Rotwein","MASC",1,"monosyllabic","False",TRUE,TRUE
"Rotz","MASC",1,"monosyllabic","True",TRUE,FALSE
"Rotzinkerz","NEUT",3,"polysyllabic","True",TRUE,FALSE
"RSS-Feed","MASC",1,"monosyllabic","False",FALSE,TRUE
"Rubel","MASC",2,"polysyllabic","False",FALSE,TRUE
"Rubidium","NEUT",3,"polysyllabic","False",FALSE,TRUE
"Rubidiumisotop","NEUT",6,"polysyllabic","False",FALSE,TRUE
"Rubidiumsalz","NEUT",4,"polysyllabic","True",TRUE,FALSE
"Rubiklin","MASC",3,"polysyllabic","False",FALSE,TRUE
"Rubin","MASC",2,"polysyllabic","False",TRUE,TRUE
"Rübstiel","MASC",1,"monosyllabic","False",FALSE,TRUE
"Ruck","MASC",1,"monosyllabic","False",TRUE,TRUE
"Rückblick","MASC",2,"polysyllabic","False",TRUE,TRUE
"Ruckeln","NEUT",2,"polysyllabic","False",FALSE,TRUE
"Rücken","MASC",2,"polysyllabic","False",FALSE,TRUE
"Rückenwind","MASC",3,"polysyllabic","False",TRUE,TRUE
"Rückfall","MASC",2,"polysyllabic","False",TRUE,TRUE
"Rückgang","MASC",2,"polysyllabic","False",TRUE,TRUE
"Rückhalt","MASC",2,"polysyllabic","False",TRUE,TRUE
"Rückkauf","MASC",1,"monosyllabic","False",FALSE,TRUE
"Rücklauf","MASC",1,"monosyllabic","False",TRUE,TRUE
"Rücklicht","NEUT",2,"polysyllabic","False",TRUE,TRUE
"Rückruf","MASC",2,"polysyllabic","False",TRUE,TRUE
"Rucksack","MASC",2,"polysyllabic","False",TRUE,TRUE
"Rückschlag","MASC",2,"polysyllabic","False",TRUE,TRUE
"Rückschluss","MASC",2,"polysyllabic","True",TRUE,FALSE
"Rückspiegel","MASC",2,"polysyllabic","False",FALSE,TRUE
"Rücksprung","MASC",2,"polysyllabic","False",TRUE,TRUE
"Rückstand","MASC",2,"polysyllabic","False",TRUE,TRUE
"Rückstrahler","MASC",3,"polysyllabic","False",FALSE,TRUE
"Rücktritt","MASC",2,"polysyllabic","False",TRUE,TRUE
"Rückumlaut","MASC",2,"polysyllabic","False",TRUE,TRUE
"Rückumschlag","MASC",3,"polysyllabic","False",TRUE,TRUE
"Rückversicherer","MASC",5,"polysyllabic","False",FALSE,TRUE
"Rückwärtsgang","MASC",3,"polysyllabic","False",TRUE,TRUE
"Rückweg","MASC",2,"polysyllabic","False",TRUE,TRUE
"Rückwurf","MASC",2,"polysyllabic","False",TRUE,TRUE
"Rückzieher","MASC",2,"polysyllabic","False",FALSE,TRUE
"Rudel","NEUT",2,"polysyllabic","False",FALSE,TRUE
"Ruder","NEUT",2,"polysyllabic","False",FALSE,TRUE
"Ruderer","MASC",3,"polysyllabic","False",FALSE,TRUE
"Ruderwettkampf","MASC",4,"polysyllabic","False",FALSE,TRUE
"Ruderwettkämpfer","MASC",5,"polysyllabic","False",FALSE,TRUE
"Ruf","MASC",1,"monosyllabic","False",TRUE,TRUE
"Rüffel","MASC",2,"polysyllabic","False",FALSE,TRUE
"Rufmord","MASC",2,"polysyllabic","False",TRUE,TRUE
"Rufzeichen","NEUT",2,"polysyllabic","False",FALSE,TRUE
"Rugby","NEUT",2,"polysyllabic","False",FALSE,TRUE
"Ruheplatz","MASC",3,"polysyllabic","True",TRUE,FALSE
"Ruhepol","MASC",3,"polysyllabic","False",TRUE,TRUE
"Ruhepotential","NEUT",5,"polysyllabic","False",FALSE,TRUE
"Ruhestandsalter","NEUT",5,"polysyllabic","False",FALSE,TRUE
"Ruhetag","MASC",3,"polysyllabic","False",TRUE,TRUE
"Ruhezustand","MASC",4,"polysyllabic","False",TRUE,TRUE
"Ruhm","MASC",1,"monosyllabic","False",TRUE,TRUE
"Rührei","NEUT",1,"monosyllabic","False",TRUE,TRUE
"Rührgerät","NEUT",3,"polysyllabic","False",TRUE,TRUE
"Rummel","MASC",2,"polysyllabic","False",FALSE,TRUE
"Rumpf","MASC",1,"monosyllabic","False",TRUE,TRUE
"Rumpfwort","NEUT",2,"polysyllabic","False",TRUE,TRUE
"Rund","NEUT",1,"monosyllabic","False",TRUE,TRUE
"Rundbrief","MASC",1,"monosyllabic","False",TRUE,TRUE
"Rundell","NEUT",2,"polysyllabic","False",FALSE,TRUE
"Rundflug","MASC",2,"polysyllabic","False",TRUE,TRUE
"Rundfunk","MASC",2,"polysyllabic","False",FALSE,TRUE
"Rundfunkgerät","NEUT",4,"polysyllabic","False",TRUE,TRUE
"Rundfunkorchester","NEUT",5,"polysyllabic","False",FALSE,TRUE
"Rundgang","MASC",2,"polysyllabic","False",TRUE,TRUE
"Rundlauf","MASC",1,"monosyllabic","False",TRUE,TRUE
"Rundschreiben","NEUT",2,"polysyllabic","False",FALSE,TRUE
"Rundumschlag","MASC",3,"polysyllabic","False",TRUE,TRUE
"Rüpel","MASC",2,"polysyllabic","False",FALSE,TRUE
"Ruß","MASC",1,"monosyllabic","True",TRUE,FALSE
"Rüssel","MASC",2,"polysyllabic","False",FALSE,TRUE
"Rüsselkäfer","MASC",4,"polysyllabic","False",FALSE,TRUE
"Russisch","NEUT",2,"polysyllabic","True",FALSE,TRUE
"Rüsttag","MASC",2,"polysyllabic","False",TRUE,TRUE
"Rüstzeug","NEUT",1,"monosyllabic","False",TRUE,TRUE
"Rütchen","NEUT",2,"polysyllabic","False",FALSE,TRUE
"Rutengänger","MASC",4,"polysyllabic","False",FALSE,TRUE
"Ruthenat","NEUT",3,"polysyllabic","False",FALSE,TRUE
"Rutheniridosmin","MASC",6,"polysyllabic","False",FALSE,TRUE
"Ruthenium","NEUT",3,"polysyllabic","False",FALSE,TRUE
"Rutheniumhalogenid","NEUT",7,"polysyllabic","False",FALSE,TRUE
"Rutheniumisotop","NEUT",6,"polysyllabic","False",FALSE,TRUE
"Rutheniumkatalysator","MASC",8,"polysyllabic","False",FALSE,TRUE
"Rutheniumkomplex","MASC",5,"polysyllabic","True",TRUE,FALSE
"Rutherfordium","NEUT",4,"polysyllabic","False",FALSE,TRUE
"Rütlein","NEUT",1,"monosyllabic","False",FALSE,TRUE
"Rutschblock","MASC",2,"polysyllabic","False",TRUE,TRUE
"Rütteln","NEUT",2,"polysyllabic","False",FALSE,TRUE
"S-Boot","NEUT",1,"monosyllabic","False",TRUE,TRUE
"Saal","MASC",1,"monosyllabic","False",TRUE,TRUE
"Saatkorn","NEUT",2,"polysyllabic","False",TRUE,TRUE
"Sabbat","MASC",2,"polysyllabic","False",FALSE,TRUE
"Sabbattag","MASC",3,"polysyllabic","False",TRUE,TRUE
"Säbel","MASC",2,"polysyllabic","False",FALSE,TRUE
"Säbelrasseln","NEUT",4,"polysyllabic","False",FALSE,TRUE
"Säbelschnäbler","MASC",4,"polysyllabic","False",FALSE,TRUE
"Säbelzahntiger","MASC",5,"polysyllabic","False",FALSE,TRUE
"Saccharid","NEUT",3,"polysyllabic","False",FALSE,TRUE
"Sachbegriff","MASC",3,"polysyllabic","False",TRUE,TRUE
"Sachbuch","NEUT",2,"polysyllabic","False",TRUE,TRUE
"Sachet","NEUT",2,"polysyllabic","False",FALSE,TRUE
"Sachverhalt","MASC",3,"polysyllabic","False",TRUE,TRUE
"Sachverstand","MASC",3,"polysyllabic","False",TRUE,TRUE
"Sachwalter","MASC",3,"polysyllabic","False",FALSE,TRUE
"Sack","MASC",1,"monosyllabic","False",TRUE,TRUE
"Sackgesicht","NEUT",3,"polysyllabic","False",FALSE,TRUE
"Sackhüpfen","NEUT",3,"polysyllabic","False",FALSE,TRUE
"Säer","MASC",1,"monosyllabic","False",FALSE,TRUE
"Safflorit","NEUT",3,"polysyllabic","False",FALSE,TRUE
"Safran","MASC",2,"polysyllabic","False",FALSE,TRUE
"Saft","MASC",1,"monosyllabic","False",TRUE,TRUE
"Sägeblatt","NEUT",3,"polysyllabic","False",TRUE,TRUE
"Sägemehl","NEUT",3,"polysyllabic","False",TRUE,TRUE
"Sägemesser","NEUT",4,"polysyllabic","False",FALSE,TRUE
"Sagen","NEUT",2,"polysyllabic","False",FALSE,TRUE
"Sägen","NEUT",2,"polysyllabic","False",FALSE,TRUE
"Sager","MASC",2,"polysyllabic","False",FALSE,TRUE
"Sägespan","MASC",3,"polysyllabic","False",TRUE,TRUE
"Sägewerk","NEUT",3,"polysyllabic","False",TRUE,TRUE
"Sägezahn","MASC",3,"polysyllabic","False",TRUE,TRUE
"Sahnehäubchen","NEUT",3,"polysyllabic","False",FALSE,TRUE
"Sahnekännchen","NEUT",4,"polysyllabic","False",FALSE,TRUE
"Saibling","MASC",2,"polysyllabic","False",FALSE,TRUE
"Saiteninstrument","NEUT",5,"polysyllabic","False",TRUE,TRUE
"Saitenspiel","NEUT",2,"polysyllabic","False",TRUE,TRUE
"Sakrament","NEUT",3,"polysyllabic","False",TRUE,TRUE
"Salamander","MASC",4,"polysyllabic","False",FALSE,TRUE
"Salär","NEUT",2,"polysyllabic","False",FALSE,TRUE
"Salatbesteck","NEUT",4,"polysyllabic","False",TRUE,TRUE
"Salätchen","NEUT",3,"polysyllabic","False",FALSE,TRUE
"Salatlöffel","MASC",4,"polysyllabic","False",FALSE,TRUE
"Salatmesser","NEUT",4,"polysyllabic","False",FALSE,TRUE
"Salatteller","MASC",4,"polysyllabic","False",FALSE,TRUE
"Salbei","MASC",1,"monosyllabic","False",FALSE,TRUE
"Salm","MASC",1,"monosyllabic","False",TRUE,TRUE
"Salon","MASC",2,"polysyllabic","False",FALSE,TRUE
"Salpeter","MASC",3,"polysyllabic","False",FALSE,TRUE
"Salto","MASC",2,"polysyllabic","False",FALSE,TRUE
"Salz","NEUT",1,"monosyllabic","True",TRUE,FALSE
"Salzbergwerk","NEUT",3,"polysyllabic","False",TRUE,TRUE
"Salzgestein","NEUT",2,"polysyllabic","False",FALSE,TRUE
"Salzgletscher","MASC",3,"polysyllabic","False",FALSE,TRUE
"Salzkorn","NEUT",2,"polysyllabic","False",TRUE,TRUE
"Salzkörnchen","NEUT",3,"polysyllabic","False",FALSE,TRUE
"Salzlöffel","MASC",3,"polysyllabic","False",FALSE,TRUE
"Salzstock","MASC",2,"polysyllabic","False",FALSE,TRUE
"Salzteig","MASC",1,"monosyllabic","False",TRUE,TRUE
"Salzwasser","NEUT",3,"polysyllabic","False",FALSE,TRUE
"Salzwasserfisch","MASC",4,"polysyllabic","True",TRUE,FALSE
"Sämann","MASC",2,"polysyllabic","False",TRUE,TRUE
"Samariter","MASC",4,"polysyllabic","False",FALSE,TRUE
"Samarium","NEUT",3,"polysyllabic","False",FALSE,TRUE
"Samarskit","MASC",3,"polysyllabic","False",FALSE,TRUE
"Sambatänzer","MASC",4,"polysyllabic","False",FALSE,TRUE
"Samen","MASC",2,"polysyllabic","False",FALSE,TRUE
"Samenspender","MASC",4,"polysyllabic","False",FALSE,TRUE
"Sämling","MASC",2,"polysyllabic","False",FALSE,TRUE
"Sammelbegriff","MASC",4,"polysyllabic","False",TRUE,TRUE
"Sammeln","NEUT",2,"polysyllabic","False",FALSE,TRUE
"Sammelzahlwort","NEUT",4,"polysyllabic","False",TRUE,TRUE
"Sammler","MASC",2,"polysyllabic","False",FALSE,TRUE
"Samstag","MASC",2,"polysyllabic","False",TRUE,TRUE
"Samstagabend","MASC",4,"polysyllabic","False",FALSE,TRUE
"Samstagmittag","MASC",4,"polysyllabic","False",FALSE,TRUE
"Samstagmorgen","MASC",4,"polysyllabic","False",FALSE,TRUE
"Samstagnachmittag","MASC",5,"polysyllabic","False",FALSE,TRUE
"Samstagvormittag","MASC",5,"polysyllabic","False",FALSE,TRUE
"Samt","MASC",1,"monosyllabic","False",TRUE,TRUE
"Sanatorium","NEUT",4,"polysyllabic","False",FALSE,TRUE
"Sandberg","MASC",2,"polysyllabic","False",TRUE,TRUE
"Sanddorn","MASC",2,"polysyllabic","False",TRUE,TRUE
"Sander","MASC",2,"polysyllabic","False",FALSE,TRUE
"Sanderling","MASC",3,"polysyllabic","False",FALSE,TRUE
"Sandfloh","MASC",2,"polysyllabic","False",TRUE,TRUE
"Sandguss","MASC",2,"polysyllabic","True",TRUE,FALSE
"Sandkasten","MASC",3,"polysyllabic","False",FALSE,TRUE
"Sandkorn","NEUT",2,"polysyllabic","False",TRUE,TRUE
"Sandler","MASC",2,"polysyllabic","False",FALSE,TRUE
"Sandmann","MASC",2,"polysyllabic","False",TRUE,TRUE
"Sandmännchen","NEUT",3,"polysyllabic","False",FALSE,TRUE
"Sandsack","MASC",2,"polysyllabic","False",TRUE,TRUE
"Sandstein","MASC",1,"monosyllabic","False",TRUE,TRUE
"Sandstrand","MASC",2,"polysyllabic","False",TRUE,TRUE
"Sandsturm","MASC",2,"polysyllabic","False",TRUE,TRUE
"Sandwichtoaster","MASC",4,"polysyllabic","False",FALSE,TRUE
"Sang","MASC",1,"monosyllabic","False",TRUE,TRUE
"Sänger","MASC",2,"polysyllabic","False",FALSE,TRUE
"Sängerfest","NEUT",3,"polysyllabic","False",TRUE,TRUE
"Sanitäter","MASC",4,"polysyllabic","False",FALSE,TRUE
"Sanitätsartikel","MASC",6,"polysyllabic","False",FALSE,TRUE
"Sanitätsauto","NEUT",4,"polysyllabic","False",FALSE,TRUE
"Sanitätsdienst","MASC",3,"polysyllabic","False",TRUE,TRUE
"Sanitätsdienstgrad","MASC",4,"polysyllabic","False",TRUE,TRUE
"Sanitätsfahrzeug","NEUT",4,"polysyllabic","False",TRUE,TRUE
"Sanitätsoffizier","MASC",5,"polysyllabic","False",FALSE,TRUE
"Sanitätswagen","MASC",5,"polysyllabic","False",FALSE,TRUE
"Sanitätswesen","NEUT",5,"polysyllabic","False",FALSE,TRUE
"Sankra","MASC",2,"polysyllabic","False",FALSE,TRUE
"Saphir","MASC",2,"polysyllabic","False",FALSE,TRUE
"Sarg","MASC",1,"monosyllabic","False",TRUE,TRUE
"Sargnagel","MASC",3,"polysyllabic","False",FALSE,TRUE
"Sarin","NEUT",2,"polysyllabic","False",FALSE,TRUE
"Sarkophag","MASC",3,"polysyllabic","False",TRUE,TRUE
"Sashimi","NEUT",3,"polysyllabic","False",FALSE,TRUE
"Saskatchewaner","MASC",5,"polysyllabic","False",FALSE,TRUE
"Satan","MASC",2,"polysyllabic","False",FALSE,TRUE
"Satansbraten","MASC",4,"polysyllabic","False",FALSE,TRUE
"Satin","MASC",2,"polysyllabic","False",FALSE,TRUE
"Sattel","MASC",2,"polysyllabic","False",FALSE,TRUE
"Sattelgurt","MASC",3,"polysyllabic","False",TRUE,TRUE
"Sattelmacher","MASC",4,"polysyllabic","False",FALSE,TRUE
"Sattelpunkt","MASC",3,"polysyllabic","False",TRUE,TRUE
"Sattler","MASC",2,"polysyllabic","False",FALSE,TRUE
"Satyr","MASC",2,"polysyllabic","False",FALSE,TRUE
"Satz","MASC",1,"monosyllabic","True",TRUE,FALSE
"Satzanfang","MASC",3,"polysyllabic","False",TRUE,TRUE
"Satzbau","MASC",1,"monosyllabic","False",FALSE,TRUE
"Satzbruch","MASC",2,"polysyllabic","False",TRUE,TRUE
"Satzende","NEUT",3,"polysyllabic","False",TRUE,FALSE
"Satzgegenstand","MASC",4,"polysyllabic","False",TRUE,TRUE
"Satzzeichen","NEUT",2,"polysyllabic","False",FALSE,TRUE
"Saubermann","MASC",2,"polysyllabic","False",TRUE,TRUE
"Sauerampfer","MASC",3,"polysyllabic","False",FALSE,TRUE
"Sauerbraten","MASC",3,"polysyllabic","False",FALSE,TRUE
"Sauerkraut","NEUT",1,"monosyllabic","False",FALSE,TRUE
"Sauerstoff","MASC",2,"polysyllabic","False",TRUE,TRUE
"Sauerstoffanteil","MASC",3,"polysyllabic","False",FALSE,TRUE
"Sauerstoffatom","NEUT",4,"polysyllabic","False",TRUE,TRUE
"Sauerstoffdruck","MASC",3,"polysyllabic","False",FALSE,TRUE
"Sauerstoffgehalt","MASC",4,"polysyllabic","False",TRUE,TRUE
"Sauerstoffisotop","NEUT",5,"polysyllabic","False",FALSE,TRUE
"Sauerstoffkreislauf","MASC",2,"polysyllabic","False",TRUE,FALSE
"Sauerstoffmangel","MASC",4,"polysyllabic","False",FALSE,TRUE
"Sauerteig","MASC",1,"monosyllabic","False",TRUE,TRUE
"Säufer","MASC",1,"monosyllabic","False",FALSE,TRUE
"Saufgelage","NEUT",3,"polysyllabic","False",TRUE,FALSE
"Säugetier","NEUT",1,"monosyllabic","False",FALSE,TRUE
"Säugling","MASC",1,"monosyllabic","False",FALSE,TRUE
"Saugnapf","MASC",1,"monosyllabic","False",TRUE,TRUE
"Saugroboter","MASC",3,"polysyllabic","False",FALSE,TRUE
"Saugrohr","NEUT",1,"monosyllabic","False",TRUE,TRUE
"Saugwurm","MASC",1,"monosyllabic","False",TRUE,TRUE
"Sauhaufen","MASC",1,"monosyllabic","False",FALSE,TRUE
"Saukerl","MASC",1,"monosyllabic","False",FALSE,TRUE
"Säulenkopf","MASC",2,"polysyllabic","False",TRUE,TRUE
"Saum","MASC",0,"polysyllabic","False",TRUE,TRUE
"Saumfarn","MASC",1,"monosyllabic","False",FALSE,TRUE
"Saurier","MASC",0,"polysyllabic","False",FALSE,TRUE
"Sausewind","MASC",2,"polysyllabic","False",TRUE,TRUE
"Saxofon","NEUT",3,"polysyllabic","False",FALSE,TRUE
"Saxophon","NEUT",3,"polysyllabic","False",FALSE,TRUE
"Scanner","MASC",2,"polysyllabic","False",FALSE,TRUE
"Schabbat","MASC",2,"polysyllabic","False",FALSE,TRUE
"Schabbath","MASC",2,"polysyllabic","False",FALSE,TRUE
"Schabernack","MASC",3,"polysyllabic","False",TRUE,TRUE
"Schabrackenschakal","MASC",5,"polysyllabic","False",TRUE,TRUE
"Schach","NEUT",1,"monosyllabic","False",FALSE,TRUE
"Schachbrett","NEUT",2,"polysyllabic","False",TRUE,TRUE
"Schachmatt","NEUT",2,"polysyllabic","False",FALSE,TRUE
"Schachspiel","NEUT",1,"monosyllabic","False",TRUE,TRUE
"Schachspieler","MASC",2,"polysyllabic","False",FALSE,TRUE
"Schacht","MASC",1,"monosyllabic","False",TRUE,TRUE
"Schächtelchen","NEUT",3,"polysyllabic","False",FALSE,TRUE
"Schachtelhalm","MASC",3,"polysyllabic","False",TRUE,TRUE
"Schachtelsatz","MASC",3,"polysyllabic","True",TRUE,FALSE
"Schachzug","MASC",2,"polysyllabic","False",TRUE,TRUE
"Schadchan","MASC",2,"polysyllabic","False",FALSE,TRUE
"Schädel","MASC",2,"polysyllabic","False",FALSE,TRUE
"Schädelbruch","MASC",3,"polysyllabic","False",TRUE,TRUE
"Schädelknochen","MASC",4,"polysyllabic","False",FALSE,TRUE
"Schaden","MASC",2,"polysyllabic","False",FALSE,TRUE
"Schadenersatz","MASC",4,"polysyllabic","True",TRUE,FALSE
"Schadensersatz","MASC",4,"polysyllabic","True",TRUE,FALSE
"Schädling","MASC",2,"polysyllabic","False",FALSE,TRUE
"Schädlingsbekämpfungsmittel","NEUT",7,"polysyllabic","False",FALSE,TRUE
"Schadstoff","MASC",2,"polysyllabic","False",FALSE,TRUE
"Schaf","NEUT",1,"monosyllabic","False",TRUE,TRUE
"Schäfchen","NEUT",2,"polysyllabic","False",FALSE,TRUE
"Schafehüten","NEUT",4,"polysyllabic","False",FALSE,TRUE
"Schäfer","MASC",2,"polysyllabic","False",FALSE,TRUE
"Schäferhund","MASC",3,"polysyllabic","False",TRUE,TRUE
"Schaff","NEUT",1,"monosyllabic","False",TRUE,TRUE
"Schaffleisch","NEUT",1,"monosyllabic","True",TRUE,TRUE
"Schaffner","MASC",2,"polysyllabic","False",FALSE,TRUE
"Schafott","NEUT",2,"polysyllabic","False",TRUE,TRUE
"Schah","MASC",1,"monosyllabic","False",FALSE,TRUE
"Schahinschah","MASC",3,"polysyllabic","False",FALSE,TRUE
"Schakal","MASC",2,"polysyllabic","False",FALSE,TRUE
"Schäkel","MASC",2,"polysyllabic","False",FALSE,TRUE
"Schäker","MASC",2,"polysyllabic","False",FALSE,TRUE
"Schal","MASC",1,"monosyllabic","False",TRUE,TRUE
"Schälchen","NEUT",2,"polysyllabic","False",FALSE,TRUE
"Schälen","NEUT",2,"polysyllabic","False",FALSE,TRUE
"Schalenmodell","NEUT",4,"polysyllabic","False",FALSE,TRUE
"Schalentier","NEUT",2,"polysyllabic","False",TRUE,TRUE
"Schäler","MASC",2,"polysyllabic","False",FALSE,TRUE
"Schalk","MASC",1,"monosyllabic","False",TRUE,TRUE
"Schall","MASC",1,"monosyllabic","False",TRUE,TRUE
"Schalldämpfer","MASC",3,"polysyllabic","False",FALSE,TRUE
"Schalter","MASC",2,"polysyllabic","False",FALSE,TRUE
"Schalthebel","MASC",3,"polysyllabic","False",FALSE,TRUE
"Schaltkreis","MASC",1,"monosyllabic","True",TRUE,FALSE
"Schaltpult","NEUT",2,"polysyllabic","False",TRUE,TRUE
"Schalttag","MASC",2,"polysyllabic","False",TRUE,TRUE
"Schaltwerk","NEUT",2,"polysyllabic","False",TRUE,TRUE
"Schambein","NEUT",1,"monosyllabic","False",TRUE,TRUE
"Schamgefühl","NEUT",3,"polysyllabic","False",TRUE,TRUE
"Schamhaar","NEUT",2,"polysyllabic","False",TRUE,TRUE
"Schamhügel","MASC",3,"polysyllabic","False",FALSE,TRUE
"Schandblatt","NEUT",2,"polysyllabic","False",TRUE,TRUE
"Schandpfahl","MASC",2,"polysyllabic","False",TRUE,TRUE
"Schani","MASC",2,"polysyllabic","False",FALSE,TRUE
"Schanktisch","MASC",2,"polysyllabic","True",TRUE,TRUE
"Scharbockskraut","NEUT",2,"polysyllabic","False",TRUE,TRUE
"Scharfmacher","MASC",3,"polysyllabic","False",FALSE,TRUE
"Scharfrichter","MASC",3,"polysyllabic","False",FALSE,TRUE
"Scharmützel","NEUT",3,"polysyllabic","False",FALSE,TRUE
"Scharnier","NEUT",1,"monosyllabic","False",FALSE,TRUE
"Schaschlik","MASC",2,"polysyllabic","False",FALSE,TRUE
"Schatten","MASC",2,"polysyllabic","False",FALSE,TRUE
"Schattendasein","NEUT",3,"polysyllabic","False",FALSE,TRUE
"Schattenspiel","NEUT",2,"polysyllabic","False",TRUE,TRUE
"Schatz","MASC",1,"monosyllabic","True",TRUE,FALSE
"Schätzchen","NEUT",2,"polysyllabic","False",FALSE,TRUE
"Schaub","MASC",0,"polysyllabic","False",TRUE,TRUE
"Schaubrot","NEUT",1,"monosyllabic","False",TRUE,TRUE
"Schauer","MASC",1,"monosyllabic","False",FALSE,TRUE
"Schäufelchen","NEUT",2,"polysyllabic","False",FALSE,TRUE
"Schaufeln","NEUT",1,"monosyllabic","False",FALSE,TRUE
"Schaufenster","NEUT",2,"polysyllabic","False",FALSE,TRUE
"Schaufensterbummel","MASC",4,"polysyllabic","False",FALSE,TRUE
"Schaukelbrett","NEUT",2,"polysyllabic","False",TRUE,TRUE
"Schaukelpferd","NEUT",2,"polysyllabic","False",TRUE,TRUE
"Schaum","MASC",0,"polysyllabic","False",TRUE,TRUE
"Schaumbläschen","NEUT",2,"polysyllabic","False",FALSE,TRUE
"Schaumgummi","NEUT",2,"polysyllabic","False",FALSE,TRUE
"Schaumkunststoff","MASC",2,"polysyllabic","False",TRUE,TRUE
"Schaumstoff","MASC",1,"monosyllabic","False",TRUE,TRUE
"Schaumwein","MASC",0,"polysyllabic","False",TRUE,TRUE
"Schauplatz","MASC",1,"monosyllabic","True",TRUE,FALSE
"Schauspiel","NEUT",0,"polysyllabic","False",TRUE,TRUE
"Schauspieler","MASC",1,"monosyllabic","False",FALSE,TRUE
"Scheck","MASC",1,"monosyllabic","False",FALSE,TRUE
"Scheelit","MASC",2,"polysyllabic","False",FALSE,TRUE
"Scheffel","MASC",2,"polysyllabic","False",FALSE,TRUE
"Scheibchen","NEUT",1,"monosyllabic","False",FALSE,TRUE
"Scheibenwischer","MASC",3,"polysyllabic","False",FALSE,TRUE
"Scheich","MASC",0,"polysyllabic","False",TRUE,TRUE
"Scheidenpilz","MASC",2,"polysyllabic","True",TRUE,FALSE
"Scheideweg","MASC",2,"polysyllabic","False",TRUE,FALSE
"Scheiding","MASC",1,"monosyllabic","False",FALSE,TRUE
"Schein","MASC",0,"polysyllabic","False",TRUE,TRUE
"Scheinen","NEUT",1,"monosyllabic","False",FALSE,TRUE
"Scheingericht","NEUT",2,"polysyllabic","False",TRUE,TRUE
"Scheinsieg","MASC",0,"polysyllabic","False",TRUE,TRUE
"Scheinwerfer","MASC",2,"polysyllabic","False",FALSE,TRUE
"Scheißdreck","MASC",1,"monosyllabic","False",TRUE,TRUE
"Scheißeficker","MASC",3,"polysyllabic","False",FALSE,TRUE
"Scheißefresser","MASC",3,"polysyllabic","False",FALSE,TRUE
"Scheißhaufen","MASC",1,"monosyllabic","False",FALSE,TRUE
"Scheißhaus","NEUT",0,"polysyllabic","True",TRUE,FALSE
"Scheißhäuschen","NEUT",1,"monosyllabic","False",FALSE,TRUE
"Scheißhäuslein","NEUT",0,"polysyllabic","False",FALSE,TRUE
"Scheißkerl","MASC",1,"monosyllabic","False",FALSE,TRUE
"Scheißkind","NEUT",1,"monosyllabic","False",FALSE,TRUE
"Scheitel","MASC",1,"monosyllabic","False",FALSE,TRUE
"Scheitelpunkt","MASC",2,"polysyllabic","False",FALSE,TRUE
"Scheiterhaufen","MASC",2,"polysyllabic","False",FALSE,TRUE
"Scheitern","NEUT",1,"monosyllabic","False",FALSE,TRUE
"Schekel","MASC",2,"polysyllabic","False",FALSE,TRUE
"Schellfisch","MASC",2,"polysyllabic","True",TRUE,TRUE
"Schelm","MASC",1,"monosyllabic","False",TRUE,TRUE
"Scheltwort","NEUT",2,"polysyllabic","False",TRUE,TRUE
"Schemel","MASC",2,"polysyllabic","False",FALSE,TRUE
"Schemen","MASC",2,"polysyllabic","False",FALSE,TRUE
"Schenkel","MASC",2,"polysyllabic","False",FALSE,TRUE
"Schenker","MASC",2,"polysyllabic","False",FALSE,TRUE
"Scherbengericht","NEUT",4,"polysyllabic","False",TRUE,TRUE
"Scherbenhaufen","MASC",3,"polysyllabic","False",FALSE,TRUE
"Scherbrett","NEUT",2,"polysyllabic","False",TRUE,TRUE
"Scheren","NEUT",2,"polysyllabic","False",FALSE,TRUE
"Scherenfernrohr","NEUT",4,"polysyllabic","False",TRUE,TRUE
"Scherenschnitt","NEUT",3,"polysyllabic","False",TRUE,TRUE
"Scherflein","NEUT",1,"monosyllabic","False",FALSE,TRUE
"Schermesser","MASC",3,"polysyllabic","False",FALSE,TRUE
"Schermodul","MASC",3,"polysyllabic","False",FALSE,TRUE
"Scherwinkel","MASC",3,"polysyllabic","False",FALSE,TRUE
"Scherz","MASC",1,"monosyllabic","True",TRUE,FALSE
"Scheuel","MASC",1,"monosyllabic","False",FALSE,TRUE
"Scheusal","NEUT",1,"monosyllabic","False",FALSE,TRUE
"Schi","MASC",1,"monosyllabic","False",FALSE,TRUE
"Schibboleth","NEUT",3,"polysyllabic","False",FALSE,TRUE
"Schick","MASC",1,"monosyllabic","False",TRUE,TRUE
"Schicksal","NEUT",2,"polysyllabic","False",TRUE,TRUE
"Schicksalstag","MASC",3,"polysyllabic","False",TRUE,TRUE
"Schiebedach","NEUT",2,"polysyllabic","False",TRUE,TRUE
"Schied","MASC",0,"polysyllabic","False",FALSE,TRUE
"Schiedsrichter","MASC",2,"polysyllabic","False",FALSE,TRUE
"Schiedsspruch","MASC",1,"monosyllabic","False",FALSE,TRUE
"Schiefer","MASC",1,"monosyllabic","False",FALSE,TRUE
"Schieflachen","NEUT",2,"polysyllabic","False",FALSE,TRUE
"Schienbein","NEUT",0,"polysyllabic","False",TRUE,TRUE
"Schienenersatzverkehr","MASC",5,"polysyllabic","False",TRUE,TRUE
"Schienenfahrzeug","NEUT",2,"polysyllabic","False",TRUE,TRUE
"Schienenwolf","MASC",2,"polysyllabic","False",TRUE,TRUE
"Schierling","MASC",1,"monosyllabic","False",FALSE,TRUE
"Schießbefehl","MASC",2,"polysyllabic","False",TRUE,TRUE
"Schießgewehr","NEUT",2,"polysyllabic","False",TRUE,TRUE
"Schießpulver","NEUT",2,"polysyllabic","False",FALSE,TRUE
"Schiff","NEUT",1,"monosyllabic","False",TRUE,TRUE
"Schiffbruch","MASC",2,"polysyllabic","False",TRUE,TRUE
"Schiffchen","NEUT",2,"polysyllabic","False",FALSE,TRUE
"Schiffer","MASC",2,"polysyllabic","False",FALSE,TRUE
"Schifflein","NEUT",1,"monosyllabic","False",FALSE,TRUE
"Schiffsdeck","NEUT",2,"polysyllabic","False",FALSE,TRUE
"Schiffshebewerk","NEUT",4,"polysyllabic","False",TRUE,TRUE
"Schiffsheck","NEUT",2,"polysyllabic","False",TRUE,TRUE
"Schiffskörper","MASC",3,"polysyllabic","False",FALSE,TRUE
"Schiffsrumpf","MASC",2,"polysyllabic","False",FALSE,TRUE
"Schiffsunglück","NEUT",3,"polysyllabic","False",TRUE,TRUE
"Schiffsverkehr","MASC",3,"polysyllabic","False",FALSE,TRUE
"Schild","MASC",1,"monosyllabic","False",TRUE,TRUE
"Schildbürger","MASC",3,"polysyllabic","False",FALSE,TRUE
"Schildbürgerstreich","MASC",3,"polysyllabic","False",TRUE,TRUE
"Schildchen","NEUT",2,"polysyllabic","False",FALSE,TRUE
"Schilddrüsenhormon","NEUT",5,"polysyllabic","False",FALSE,TRUE
"Schilderwald","MASC",3,"polysyllabic","False",TRUE,TRUE
"Schildkrebs","MASC",2,"polysyllabic","True",TRUE,FALSE
"Schildpatt","NEUT",2,"polysyllabic","False",TRUE,TRUE
"Schilf","NEUT",1,"monosyllabic","False",TRUE,TRUE
"Schilfmeer","NEUT",2,"polysyllabic","False",TRUE,TRUE
"Schill","MASC",1,"monosyllabic","False",FALSE,TRUE
"Schimmel","MASC",2,"polysyllabic","False",FALSE,TRUE
"Schimmelchen","NEUT",3,"polysyllabic","False",FALSE,TRUE
"Schimmelkäse","MASC",4,"polysyllabic","False",TRUE,FALSE
"Schimmelpilz","MASC",3,"polysyllabic","True",TRUE,FALSE
"Schimmelpimmel","MASC",4,"polysyllabic","False",FALSE,TRUE
"Schimmer","MASC",2,"polysyllabic","False",FALSE,TRUE
"Schinakel","NEUT",3,"polysyllabic","False",FALSE,TRUE
"Schinder","MASC",2,"polysyllabic","False",FALSE,TRUE
"Schindluder","NEUT",3,"polysyllabic","False",FALSE,TRUE
"Schinken","MASC",2,"polysyllabic","False",FALSE,TRUE
"Schipper","MASC",2,"polysyllabic","False",FALSE,TRUE
"Schirm","MASC",1,"monosyllabic","False",TRUE,TRUE
"Schismatiker","MASC",4,"polysyllabic","False",FALSE,TRUE
"Schiss","MASC",1,"monosyllabic","True",TRUE,FALSE
"Schisser","MASC",2,"polysyllabic","False",FALSE,TRUE
"Schlachter","MASC",2,"polysyllabic","False",FALSE,TRUE
"Schlächter","MASC",2,"polysyllabic","False",FALSE,TRUE
"Schlachtfeld","NEUT",2,"polysyllabic","False",TRUE,TRUE
"Schlachthaus","NEUT",1,"monosyllabic","True",TRUE,FALSE
"Schlachthof","MASC",2,"polysyllabic","False",TRUE,TRUE
"Schlachtplan","MASC",2,"polysyllabic","False",TRUE,TRUE
"Schlachtschiff","NEUT",2,"polysyllabic","False",TRUE,TRUE
"Schlaf","MASC",1,"monosyllabic","False",TRUE,TRUE
"Schlafanzug","MASC",3,"polysyllabic","False",TRUE,TRUE
"Schläfchen","NEUT",2,"polysyllabic","False",FALSE,TRUE
"Schlafentzug","MASC",3,"polysyllabic","False",TRUE,TRUE
"Schläfer","MASC",2,"polysyllabic","False",FALSE,TRUE
"Schlafgemach","NEUT",3,"polysyllabic","False",TRUE,TRUE
"Schlafittchen","NEUT",3,"polysyllabic","False",FALSE,TRUE
"Schlaflied","NEUT",1,"monosyllabic","False",TRUE,TRUE
"Schlafmittel","NEUT",3,"polysyllabic","False",FALSE,TRUE
"Schlafsaal","MASC",2,"polysyllabic","False",TRUE,TRUE
"Schlaftrunk","MASC",2,"polysyllabic","False",TRUE,TRUE
"Schlafwandler","MASC",3,"polysyllabic","False",FALSE,TRUE
"Schlafzimmer","NEUT",3,"polysyllabic","False",FALSE,TRUE
"Schlafzustand","MASC",3,"polysyllabic","False",TRUE,TRUE
"Schlag","MASC",1,"monosyllabic","False",TRUE,TRUE
"Schlaganfall","MASC",3,"polysyllabic","False",TRUE,TRUE
"Schlagbaum","MASC",1,"monosyllabic","False",TRUE,TRUE
"Schlager","MASC",2,"polysyllabic","False",FALSE,TRUE
"Schläger","MASC",2,"polysyllabic","False",FALSE,TRUE
"Schlaginstrument","NEUT",4,"polysyllabic","False",TRUE,TRUE
"Schlagmann","MASC",2,"polysyllabic","False",TRUE,TRUE
"Schlagwort","NEUT",2,"polysyllabic","False",TRUE,TRUE
"Schlagzeuger","MASC",2,"polysyllabic","False",FALSE,TRUE
"Schlamm","MASC",1,"monosyllabic","False",TRUE,TRUE
"Schlampenficker","MASC",4,"polysyllabic","False",FALSE,TRUE
"Schlangenstein","MASC",2,"polysyllabic","False",TRUE,TRUE
"Schlappen","MASC",2,"polysyllabic","False",FALSE,TRUE
"Schlappschwanz","MASC",2,"polysyllabic","True",TRUE,FALSE
"Schlaraffenland","NEUT",4,"polysyllabic","False",TRUE,TRUE
"Schlauberger","MASC",2,"polysyllabic","False",FALSE,TRUE
"Schlauch","MASC",0,"polysyllabic","False",TRUE,TRUE
"Schlauchboot","NEUT",1,"monosyllabic","False",TRUE,TRUE
"Schlauchpilz","MASC",1,"monosyllabic","True",TRUE,FALSE
"Schlaukopf","MASC",1,"monosyllabic","False",TRUE,TRUE
"Schlaumeier","MASC",1,"monosyllabic","False",FALSE,TRUE
"Schlecker","MASC",2,"polysyllabic","False",FALSE,TRUE
"Schleckzeug","NEUT",1,"monosyllabic","False",FALSE,TRUE
"Schlegel","MASC",2,"polysyllabic","False",FALSE,TRUE
"Schleier","MASC",1,"monosyllabic","False",FALSE,TRUE
"Schleifpapier","NEUT",1,"monosyllabic","False",TRUE,TRUE
"Schleifring","MASC",1,"monosyllabic","False",FALSE,TRUE
"Schleim","MASC",0,"polysyllabic","False",TRUE,TRUE
"Schlemihl","MASC",2,"polysyllabic","False",FALSE,TRUE
"Schlepper","MASC",2,"polysyllabic","False",FALSE,TRUE
"Schlepptau","NEUT",1,"monosyllabic","False",TRUE,TRUE
"Schlesier","MASC",1,"monosyllabic","False",FALSE,TRUE
"Schleswiger","MASC",3,"polysyllabic","False",FALSE,TRUE
"Schleuderer","MASC",2,"polysyllabic","False",FALSE,TRUE
"Schleuderpreis","MASC",1,"monosyllabic","True",TRUE,FALSE
"Schleudersitz","MASC",2,"polysyllabic","True",TRUE,FALSE
"Schleuser","MASC",1,"monosyllabic","False",FALSE,TRUE
"Schlich","MASC",1,"monosyllabic","False",TRUE,TRUE
"Schlichter","MASC",2,"polysyllabic","False",FALSE,TRUE
"Schlick","MASC",1,"monosyllabic","False",FALSE,TRUE
"Schließen","NEUT",1,"monosyllabic","False",FALSE,TRUE
"Schließfach","NEUT",1,"monosyllabic","False",TRUE,TRUE
"Schlingel","MASC",2,"polysyllabic","False",FALSE,TRUE
"Schlips","MASC",1,"monosyllabic","True",TRUE,FALSE
"Schlipsträger","MASC",3,"polysyllabic","False",FALSE,TRUE
"Schlitten","MASC",2,"polysyllabic","False",FALSE,TRUE
"Schlittschuh","MASC",2,"polysyllabic","False",TRUE,TRUE
"Schlittschuhlaufen","NEUT",3,"polysyllabic","False",FALSE,TRUE
"Schlittschuhläufer","MASC",3,"polysyllabic","False",FALSE,TRUE
"Schlitz","MASC",1,"monosyllabic","True",TRUE,FALSE
"Schlitzauge","NEUT",2,"polysyllabic","False",TRUE,FALSE
"Schlitzohr","NEUT",2,"polysyllabic","False",TRUE,TRUE
"Schloss","NEUT",1,"monosyllabic","True",TRUE,FALSE
"Schlösschen","NEUT",2,"polysyllabic","False",FALSE,TRUE
"Schlosser","MASC",2,"polysyllabic","False",FALSE,TRUE
"Schlot","MASC",1,"monosyllabic","False",TRUE,TRUE
"Schluchzen","NEUT",2,"polysyllabic","False",FALSE,TRUE
"Schluck","MASC",1,"monosyllabic","False",TRUE,TRUE
"Schluckauf","MASC",1,"monosyllabic","False",FALSE,TRUE
"Schlückchen","NEUT",2,"polysyllabic","False",FALSE,TRUE
"Schluckluder","NEUT",3,"polysyllabic","False",FALSE,TRUE
"Schluff","MASC",1,"monosyllabic","False",TRUE,TRUE
"Schluffen","MASC",2,"polysyllabic","False",FALSE,TRUE
"Schlummer","MASC",2,"polysyllabic","False",FALSE,TRUE
"Schlumpf","MASC",1,"monosyllabic","False",TRUE,TRUE
"Schlund","MASC",1,"monosyllabic","False",TRUE,TRUE
"Schlupf","MASC",1,"monosyllabic","False",TRUE,TRUE
"Schlüpfen","NEUT",2,"polysyllabic","False",FALSE,TRUE
"Schlüpfer","MASC",2,"polysyllabic","False",FALSE,TRUE
"Schlupfloch","NEUT",2,"polysyllabic","False",TRUE,TRUE
"Schlupfwinkel","MASC",3,"polysyllabic","False",FALSE,TRUE
"Schlurfen","NEUT",2,"polysyllabic","False",FALSE,TRUE
"Schluss","MASC",1,"monosyllabic","True",TRUE,FALSE
"Schlüssel","MASC",2,"polysyllabic","False",FALSE,TRUE
"Schlüsselbein","NEUT",2,"polysyllabic","False",TRUE,TRUE
"Schlüsselchen","NEUT",3,"polysyllabic","False",FALSE,TRUE
"Schlüsseldienst","MASC",2,"polysyllabic","False",TRUE,FALSE
"Schlüsselkind","NEUT",3,"polysyllabic","False",TRUE,TRUE
"Schlüsselklirren","NEUT",4,"polysyllabic","False",FALSE,TRUE
"Schlüsselloch","NEUT",3,"polysyllabic","False",TRUE,TRUE
"Schlüsselwort","NEUT",3,"polysyllabic","False",TRUE,TRUE
"Schlusspfiff","MASC",2,"polysyllabic","False",TRUE,TRUE
"Schlusspunkt","MASC",2,"polysyllabic","False",FALSE,TRUE
"Schlussstein","MASC",1,"monosyllabic","False",TRUE,TRUE
"Schlussstrich","MASC",2,"polysyllabic","False",TRUE,TRUE
"Schmäh","MASC",1,"monosyllabic","False",FALSE,TRUE
"Schmalkalden","NEUT",3,"polysyllabic","False",FALSE,TRUE
"Schmalspurwichser","MASC",4,"polysyllabic","False",FALSE,TRUE
"Schmand","MASC",1,"monosyllabic","False",TRUE,TRUE
"Schmarotzer","MASC",3,"polysyllabic","False",FALSE,TRUE
"Schmarrn","MASC",1,"monosyllabic","False",FALSE,TRUE
"Schmauch","MASC",0,"polysyllabic","False",TRUE,TRUE
"Schmaus","MASC",0,"polysyllabic","True",TRUE,FALSE
"Schmecken","NEUT",2,"polysyllabic","False",FALSE,TRUE
"Schmelz","MASC",1,"monosyllabic","True",TRUE,FALSE
"Schmelzbad","NEUT",2,"polysyllabic","False",TRUE,TRUE
"Schmelzen","NEUT",2,"polysyllabic","False",FALSE,TRUE
"Schmelzkäse","MASC",3,"polysyllabic","False",TRUE,FALSE
"Schmelzprozess","MASC",3,"polysyllabic","True",TRUE,FALSE
"Schmelzpunkt","MASC",2,"polysyllabic","False",TRUE,TRUE
"Schmelztopf","MASC",2,"polysyllabic","False",TRUE,TRUE
"Schmerbauch","MASC",1,"monosyllabic","False",TRUE,TRUE
"Schmerz","MASC",1,"monosyllabic","True",TRUE,FALSE
"Schmerzensgeld","NEUT",3,"polysyllabic","False",TRUE,TRUE
"Schmerzmittel","NEUT",3,"polysyllabic","False",FALSE,TRUE
"Schmetterball","MASC",3,"polysyllabic","False",TRUE,TRUE
"Schmetterling","MASC",3,"polysyllabic","False",TRUE,TRUE
"Schmetterlingsblütler","MASC",5,"polysyllabic","False",FALSE,TRUE
"Schmetterlingsfisch","MASC",4,"polysyllabic","True",TRUE,TRUE
"Schmiedeeisen","NEUT",2,"polysyllabic","False",FALSE,TRUE
"Schmierblatt","NEUT",1,"monosyllabic","False",TRUE,TRUE
"Schmierer","MASC",1,"monosyllabic","False",FALSE,TRUE
"Schmierfett","NEUT",1,"monosyllabic","False",TRUE,TRUE
"Schmiergeld","NEUT",1,"monosyllabic","False",TRUE,TRUE
"Schmieröl","NEUT",1,"monosyllabic","False",TRUE,TRUE
"Schmierpapier","NEUT",1,"monosyllabic","False",FALSE,TRUE
"Schmierstoff","MASC",1,"monosyllabic","False",TRUE,TRUE
"Schmierzettel","MASC",2,"polysyllabic","False",FALSE,TRUE
"Schmirgelpapier","NEUT",3,"polysyllabic","False",TRUE,TRUE
"Schmollen","NEUT",2,"polysyllabic","False",FALSE,TRUE
"Schmorbraten","MASC",3,"polysyllabic","False",FALSE,TRUE
"Schmuck","MASC",1,"monosyllabic","False",TRUE,TRUE
"Schmuckgegenstand","MASC",4,"polysyllabic","False",FALSE,TRUE
"Schmuckkästchen","NEUT",3,"polysyllabic","False",FALSE,TRUE
"Schmuckstein","MASC",1,"monosyllabic","False",TRUE,TRUE
"Schmuckstück","NEUT",2,"polysyllabic","False",TRUE,TRUE
"Schmuddelkind","NEUT",3,"polysyllabic","False",TRUE,TRUE
"Schmuggler","MASC",2,"polysyllabic","False",FALSE,TRUE
"Schmutz","MASC",1,"monosyllabic","True",TRUE,FALSE
"Schmutzian","MASC",2,"polysyllabic","False",TRUE,TRUE
"Schnabel","MASC",2,"polysyllabic","False",FALSE,TRUE
"Schnabelkerf","MASC",3,"polysyllabic","False",TRUE,TRUE
"Schnabeltier","NEUT",2,"polysyllabic","False",TRUE,TRUE
"Schnabelwal","MASC",3,"polysyllabic","False",TRUE,TRUE
"Schnäblein","NEUT",1,"monosyllabic","False",FALSE,TRUE
"Schnack","MASC",1,"monosyllabic","False",FALSE,TRUE
"Schnäppchen","NEUT",2,"polysyllabic","False",FALSE,TRUE
"Schnäppchenladen","MASC",4,"polysyllabic","False",FALSE,TRUE
"Schnappschuss","MASC",2,"polysyllabic","True",TRUE,FALSE
"Schnaps","MASC",1,"monosyllabic","True",TRUE,FALSE
"Schnatz","MASC",1,"monosyllabic","True",TRUE,FALSE
"Schnaufer","MASC",1,"monosyllabic","False",FALSE,TRUE
"Schnauzer","MASC",1,"monosyllabic","False",FALSE,TRUE
"Schnäuzer","MASC",1,"monosyllabic","False",FALSE,TRUE
"Schneckenhaus","NEUT",2,"polysyllabic","True",TRUE,FALSE
"Schneckentempo","NEUT",4,"polysyllabic","False",FALSE,TRUE
"Schnee","MASC",1,"monosyllabic","False",TRUE,FALSE
"Schneeball","MASC",2,"polysyllabic","False",TRUE,TRUE
"Schneeballsystem","NEUT",4,"polysyllabic","False",FALSE,TRUE
"Schneefall","MASC",2,"polysyllabic","False",TRUE,TRUE
"Schneeflöckchen","NEUT",3,"polysyllabic","False",FALSE,TRUE
"Schneegestöber","NEUT",4,"polysyllabic","False",FALSE,TRUE
"Schneeglöckchen","NEUT",3,"polysyllabic","False",FALSE,TRUE
"Schneehuhn","NEUT",2,"polysyllabic","False",TRUE,TRUE
"Schneemann","MASC",2,"polysyllabic","False",TRUE,TRUE
"Schneepflug","MASC",2,"polysyllabic","False",TRUE,TRUE
"Schneeräumer","MASC",2,"polysyllabic","False",FALSE,TRUE
"Schneeregen","MASC",3,"polysyllabic","False",FALSE,TRUE
"Schneereifen","MASC",2,"polysyllabic","False",FALSE,TRUE
"Schneeschaf","NEUT",2,"polysyllabic","False",TRUE,TRUE
"Schneeschauer","MASC",2,"polysyllabic","False",FALSE,TRUE
"Schneesturm","MASC",2,"polysyllabic","False",TRUE,TRUE
"Schnegel","MASC",2,"polysyllabic","False",FALSE,TRUE
"Schneidbrett","NEUT",1,"monosyllabic","False",TRUE,TRUE
"Schneidemesser","NEUT",3,"polysyllabic","False",FALSE,TRUE
"Schneider","MASC",1,"monosyllabic","False",FALSE,TRUE
"Schneiderlein","NEUT",1,"monosyllabic","False",FALSE,TRUE
"Schneidezahn","MASC",2,"polysyllabic","False",TRUE,TRUE
"Schneidwerkzeug","NEUT",1,"monosyllabic","False",TRUE,TRUE
"Schnellboot","NEUT",2,"polysyllabic","False",TRUE,TRUE
"Schnellkochtopf","MASC",3,"polysyllabic","False",TRUE,TRUE
"Schnellkurs","MASC",2,"polysyllabic","True",TRUE,FALSE
"Schnellspanner","MASC",3,"polysyllabic","False",FALSE,TRUE
"Schnellzug","MASC",2,"polysyllabic","False",TRUE,TRUE
"Schniedel","MASC",1,"monosyllabic","False",FALSE,TRUE
"Schnipsel","NEUT",2,"polysyllabic","False",FALSE,TRUE
"Schnitt","MASC",1,"monosyllabic","False",TRUE,TRUE
"Schnittbrot","NEUT",2,"polysyllabic","False",TRUE,TRUE
"Schnitter","MASC",2,"polysyllabic","False",FALSE,TRUE
"Schnittkäse","MASC",3,"polysyllabic","False",TRUE,FALSE
"Schnittlauch","MASC",1,"monosyllabic","False",TRUE,TRUE
"Schnitzel","NEUT",2,"polysyllabic","False",FALSE,TRUE
"Schnitzer","MASC",2,"polysyllabic","False",FALSE,TRUE
"Schnodder","MASC",2,"polysyllabic","False",FALSE,TRUE
"Schnodderdeutsch","NEUT",2,"polysyllabic","True",FALSE,TRUE
"Schnorchel","MASC",2,"polysyllabic","False",FALSE,TRUE
"Schnorrer","MASC",2,"polysyllabic","False",FALSE,TRUE
"Schnösel","MASC",2,"polysyllabic","False",FALSE,TRUE
"Schnuckel","MASC",2,"polysyllabic","False",FALSE,TRUE
"Schnucki","NEUT",2,"polysyllabic","False",FALSE,TRUE
"Schnüffelstaat","MASC",3,"polysyllabic","False",TRUE,TRUE
"Schnüffler","MASC",2,"polysyllabic","False",FALSE,TRUE
"Schnuller","MASC",2,"polysyllabic","False",FALSE,TRUE
"Schnupfen","MASC",2,"polysyllabic","False",FALSE,TRUE
"Schnürchen","NEUT",2,"polysyllabic","False",FALSE,TRUE
"Schnurrbart","MASC",2,"polysyllabic","False",TRUE,TRUE
"Schnürsenkel","MASC",3,"polysyllabic","False",FALSE,TRUE
"Schober","MASC",2,"polysyllabic","False",FALSE,TRUE
"Schock","NEUT",1,"monosyllabic","False",TRUE,TRUE
"Schockzustand","MASC",3,"polysyllabic","False",TRUE,TRUE
"Schofför","MASC",2,"polysyllabic","False",FALSE,TRUE
"Schokokuss","MASC",3,"polysyllabic","True",TRUE,FALSE
"Schokoladenkuchen","MASC",6,"polysyllabic","False",FALSE,TRUE
"Schokoladenpudding","MASC",6,"polysyllabic","False",FALSE,TRUE
"Schokopudding","MASC",4,"polysyllabic","False",FALSE,TRUE
"Schokoriegel","MASC",3,"polysyllabic","False",FALSE,TRUE
"Schöllkraut","NEUT",1,"monosyllabic","False",TRUE,TRUE
"Schönen","NEUT",2,"polysyllabic","False",FALSE,TRUE
"Schoner","MASC",2,"polysyllabic","False",FALSE,TRUE
"Schöngeist","MASC",1,"monosyllabic","False",TRUE,TRUE
"Schönheitsfehler","MASC",3,"polysyllabic","False",FALSE,TRUE
"Schönling","MASC",2,"polysyllabic","False",FALSE,TRUE
"Schönredner","MASC",3,"polysyllabic","False",FALSE,TRUE
"Schönwetter","NEUT",3,"polysyllabic","False",FALSE,TRUE
"Schönwetterfreund","MASC",3,"polysyllabic","False",TRUE,TRUE
"Schopf","MASC",1,"monosyllabic","False",TRUE,TRUE
"Schöpfer","MASC",2,"polysyllabic","False",FALSE,TRUE
"Schöpfergott","MASC",3,"polysyllabic","False",TRUE,TRUE
"Schöpflöffel","MASC",3,"polysyllabic","False",FALSE,TRUE
"Schopfpinguin","MASC",3,"polysyllabic","False",FALSE,TRUE
"Schöpfungstag","MASC",3,"polysyllabic","False",TRUE,TRUE
"Schoppen","MASC",2,"polysyllabic","False",FALSE,TRUE
"Schöps","MASC",1,"monosyllabic","True",TRUE,FALSE
"Schorf","MASC",1,"monosyllabic","False",TRUE,TRUE
"Schörl","MASC",1,"monosyllabic","False",TRUE,TRUE
"Schornsteinfeger","MASC",3,"polysyllabic","False",FALSE,TRUE
"Schoß","MASC",1,"monosyllabic","True",TRUE,FALSE
"Schössling","MASC",2,"polysyllabic","False",FALSE,TRUE
"Schott","NEUT",1,"monosyllabic","False",FALSE,TRUE
"Schotter","MASC",2,"polysyllabic","False",FALSE,TRUE
"Schottergarten","MASC",4,"polysyllabic","False",FALSE,TRUE
"Schottersträßchen","NEUT",4,"polysyllabic","False",FALSE,TRUE
"Schrägdach","NEUT",2,"polysyllabic","False",TRUE,TRUE
"Schrägstreifen","MASC",2,"polysyllabic","False",FALSE,TRUE
"Schrägstrich","MASC",2,"polysyllabic","False",TRUE,TRUE
"Schrank","MASC",1,"monosyllabic","False",TRUE,TRUE
"Schrapnell","NEUT",2,"polysyllabic","False",FALSE,TRUE
"Schräubchen","NEUT",1,"monosyllabic","False",FALSE,TRUE
"Schraubendreher","MASC",3,"polysyllabic","False",FALSE,TRUE
"Schraubenschlüssel","MASC",3,"polysyllabic","False",FALSE,TRUE
"Schraubenzieher","MASC",2,"polysyllabic","False",FALSE,TRUE
"Schraubstock","MASC",1,"monosyllabic","False",TRUE,TRUE
"Schraubverschluss","MASC",2,"polysyllabic","True",TRUE,FALSE
"Schrebergarten","MASC",4,"polysyllabic","False",FALSE,TRUE
"Schrecken","MASC",2,"polysyllabic","False",FALSE,TRUE
"Schreckensherrscher","MASC",4,"polysyllabic","False",FALSE,TRUE
"Schredder","MASC",2,"polysyllabic","False",FALSE,TRUE
"Schrei","MASC",0,"polysyllabic","False",TRUE,TRUE
"Schreiben","NEUT",1,"monosyllabic","False",FALSE,TRUE
"Schreiber","MASC",1,"monosyllabic","False",FALSE,TRUE
"Schreibpapier","NEUT",1,"monosyllabic","False",TRUE,TRUE
"Schreibsekretär","MASC",3,"polysyllabic","False",FALSE,TRUE
"Schreibtisch","MASC",1,"monosyllabic","True",TRUE,TRUE
"Schreibtischtäter","MASC",3,"polysyllabic","False",FALSE,TRUE
"Schreien","NEUT",1,"monosyllabic","False",FALSE,TRUE
"Schrein","MASC",0,"polysyllabic","False",TRUE,TRUE
"Schreiner","MASC",1,"monosyllabic","False",FALSE,TRUE
"Schreiten","NEUT",1,"monosyllabic","False",FALSE,TRUE
"Schreivogel","MASC",2,"polysyllabic","False",FALSE,TRUE
"Schriftbild","NEUT",2,"polysyllabic","False",TRUE,TRUE
"Schriftleiter","MASC",2,"polysyllabic","False",FALSE,TRUE
"Schriftsteller","MASC",3,"polysyllabic","False",FALSE,TRUE
"Schriftstück","NEUT",2,"polysyllabic","False",TRUE,TRUE
"Schrifttum","NEUT",2,"polysyllabic","False",FALSE,TRUE
"Schriftzeichen","NEUT",2,"polysyllabic","False",FALSE,TRUE
"Schriftzug","MASC",2,"polysyllabic","False",TRUE,TRUE
"Schritt","MASC",1,"monosyllabic","False",TRUE,TRUE
"Schritt-Tempo","NEUT",3,"polysyllabic","False",FALSE,TRUE
"Schrittchen","NEUT",2,"polysyllabic","False",FALSE,TRUE
"Schrittfehler","MASC",3,"polysyllabic","False",FALSE,TRUE
"Schritttempo","NEUT",3,"polysyllabic","False",FALSE,TRUE
"Schrofen","MASC",2,"polysyllabic","False",FALSE,TRUE
"Schrott","MASC",1,"monosyllabic","False",TRUE,TRUE
"Schrottwichteln","NEUT",3,"polysyllabic","False",FALSE,TRUE
"Schub","MASC",1,"monosyllabic","False",TRUE,TRUE
"Schuber","MASC",2,"polysyllabic","False",FALSE,TRUE
"Schubkarren","MASC",3,"polysyllabic","False",FALSE,TRUE
"Schubs","MASC",1,"monosyllabic","True",TRUE,FALSE
"Schuft","MASC",1,"monosyllabic","False",TRUE,TRUE
"Schuh","MASC",1,"monosyllabic","False",TRUE,TRUE
"Schuhband","NEUT",2,"polysyllabic","False",TRUE,TRUE
"Schühchen","NEUT",2,"polysyllabic","False",FALSE,TRUE
"Schühlein","NEUT",1,"monosyllabic","False",FALSE,TRUE
"Schuhlöffel","MASC",3,"polysyllabic","False",FALSE,TRUE
"Schuhschnabel","MASC",3,"polysyllabic","False",FALSE,TRUE
"Schuhwerk","NEUT",2,"polysyllabic","False",TRUE,TRUE
"Schulabgang","MASC",3,"polysyllabic","False",TRUE,TRUE
"Schulbuch","NEUT",2,"polysyllabic","False",TRUE,TRUE
"Schulbuchverlag","MASC",4,"polysyllabic","False",TRUE,TRUE
"Schuldenberg","MASC",3,"polysyllabic","False",TRUE,TRUE
"Schuldenschnitt","MASC",3,"polysyllabic","False",TRUE,TRUE
"Schuldgefühl","NEUT",3,"polysyllabic","False",TRUE,TRUE
"Schuldiger","MASC",3,"polysyllabic","False",FALSE,TRUE
"Schuldkult","MASC",2,"polysyllabic","False",TRUE,TRUE
"Schuldner","MASC",2,"polysyllabic","False",FALSE,TRUE
"Schuldopfer","NEUT",3,"polysyllabic","False",FALSE,TRUE
"Schuldschein","MASC",1,"monosyllabic","False",TRUE,TRUE
"Schuldvertrag","MASC",3,"polysyllabic","False",TRUE,TRUE
"Schuleingang","MASC",2,"polysyllabic","False",TRUE,TRUE
"Schüler","MASC",2,"polysyllabic","False",FALSE,TRUE
"Schuljahr","NEUT",2,"polysyllabic","False",TRUE,TRUE
"Schulkind","NEUT",2,"polysyllabic","False",TRUE,TRUE
"Schulleiter","MASC",2,"polysyllabic","False",FALSE,TRUE
"Schulterblatt","NEUT",3,"polysyllabic","False",TRUE,TRUE
"Schulterhalfter","NEUT",4,"polysyllabic","False",FALSE,TRUE
"Schulterstück","NEUT",3,"polysyllabic","False",TRUE,TRUE
"Schulterzucken","NEUT",4,"polysyllabic","False",FALSE,TRUE
"Schulwart","MASC",2,"polysyllabic","False",TRUE,TRUE
"Schulwesen","NEUT",3,"polysyllabic","False",FALSE,TRUE
"Schund","MASC",1,"monosyllabic","False",TRUE,TRUE
"Schüppchen","NEUT",2,"polysyllabic","False",FALSE,TRUE
"Schüppel","MASC",2,"polysyllabic","False",FALSE,TRUE
"Schuppen","MASC",2,"polysyllabic","False",FALSE,TRUE
"Schuppentier","NEUT",2,"polysyllabic","False",TRUE,TRUE
"Schurz","MASC",1,"monosyllabic","True",TRUE,FALSE
"Schürzchen","NEUT",2,"polysyllabic","False",FALSE,TRUE
"Schürzenjäger","MASC",4,"polysyllabic","False",FALSE,TRUE
"Schuss","MASC",1,"monosyllabic","True",TRUE,FALSE
"Schussel","MASC",2,"polysyllabic","False",FALSE,TRUE
"Schüsselchen","NEUT",3,"polysyllabic","False",FALSE,TRUE
"Schusswechsel","MASC",3,"polysyllabic","False",FALSE,TRUE
"Schutt","MASC",1,"monosyllabic","False",TRUE,TRUE
"Schuttcontainer","MASC",4,"polysyllabic","False",FALSE,TRUE
"Schüttelfrost","MASC",3,"polysyllabic","False",TRUE,TRUE
"Schütteln","NEUT",2,"polysyllabic","False",FALSE,TRUE
"Schütteltanz","MASC",3,"polysyllabic","True",TRUE,FALSE
"Schütten","NEUT",2,"polysyllabic","False",FALSE,TRUE
"Schutz","MASC",1,"monosyllabic","True",TRUE,FALSE
"Schütz","NEUT",1,"monosyllabic","True",TRUE,FALSE
"Schutzblech","NEUT",2,"polysyllabic","False",TRUE,TRUE
"Schützenfest","NEUT",3,"polysyllabic","False",TRUE,TRUE
"Schützenfisch","MASC",3,"polysyllabic","True",TRUE,TRUE
"Schutzengel","MASC",3,"polysyllabic","False",FALSE,TRUE
"Schützengraben","MASC",4,"polysyllabic","False",FALSE,TRUE
"Schutzgas","NEUT",2,"polysyllabic","True",TRUE,FALSE
"Schutzgebiet","NEUT",2,"polysyllabic","False",TRUE,TRUE
"Schutzgeld","NEUT",2,"polysyllabic","False",TRUE,TRUE
"Schutzgott","MASC",2,"polysyllabic","False",TRUE,TRUE
"Schutzhelm","MASC",2,"polysyllabic","False",TRUE,TRUE
"Schützit","MASC",2,"polysyllabic","False",FALSE,TRUE
"Schützling","MASC",2,"polysyllabic","False",FALSE,TRUE
"Schutzmann","MASC",2,"polysyllabic","False",TRUE,TRUE
"Schutzschild","MASC",2,"polysyllabic","False",TRUE,TRUE
"Schutzschirm","MASC",2,"polysyllabic","False",TRUE,TRUE
"Schutzumschlag","MASC",3,"polysyllabic","False",TRUE,TRUE
"Schutzwall","MASC",2,"polysyllabic","False",TRUE,TRUE
"Schutzzoll","MASC",2,"polysyllabic","False",TRUE,TRUE
"Schwa","NEUT",1,"monosyllabic","False",FALSE,TRUE
"Schwabber","MASC",2,"polysyllabic","False",FALSE,TRUE
"Schwabenstreich","MASC",2,"polysyllabic","False",TRUE,TRUE
"Schwächegefühl","NEUT",4,"polysyllabic","False",TRUE,TRUE
"Schwächezustand","MASC",4,"polysyllabic","False",TRUE,TRUE
"Schwachkopf","MASC",2,"polysyllabic","False",TRUE,TRUE
"Schwächling","MASC",2,"polysyllabic","False",TRUE,TRUE
"Schwachsinn","MASC",2,"polysyllabic","False",TRUE,TRUE
"Schwaden","MASC",2,"polysyllabic","False",FALSE,TRUE
"Schwager","MASC",2,"polysyllabic","False",FALSE,TRUE
"Schwäher","MASC",2,"polysyllabic","False",FALSE,TRUE
"Schwalch","MASC",1,"monosyllabic","False",TRUE,TRUE
"Schwall","MASC",1,"monosyllabic","False",TRUE,TRUE
"Schwamm","MASC",1,"monosyllabic","False",TRUE,TRUE
"Schwan","MASC",1,"monosyllabic","False",TRUE,TRUE
"Schwanengesang","MASC",4,"polysyllabic","False",TRUE,TRUE
"Schwanenhals","MASC",3,"polysyllabic","True",TRUE,FALSE
"Schwanenhalsmikrofon","NEUT",6,"polysyllabic","False",FALSE,TRUE
"Schwanenteich","MASC",2,"polysyllabic","False",TRUE,TRUE
"Schwangerschaftstest","MASC",4,"polysyllabic","False",TRUE,TRUE
"Schwank","MASC",1,"monosyllabic","False",TRUE,TRUE
"Schwanz","MASC",1,"monosyllabic","True",TRUE,FALSE
"Schwänzchen","NEUT",2,"polysyllabic","False",FALSE,TRUE
"Schwanzlutscher","MASC",3,"polysyllabic","False",FALSE,TRUE
"Schwanzstück","NEUT",2,"polysyllabic","False",TRUE,TRUE
"Schwanzvergleich","MASC",2,"polysyllabic","False",TRUE,TRUE
"Schwanzwort","NEUT",2,"polysyllabic","False",TRUE,TRUE
"Schwarm","MASC",1,"monosyllabic","False",TRUE,TRUE
"Schwärmer","MASC",2,"polysyllabic","False",FALSE,TRUE
"Schwarzarbeiter","MASC",3,"polysyllabic","False",FALSE,TRUE
"Schwarzarbeitsbekämpfungsgesetz","NEUT",7,"polysyllabic","True",TRUE,FALSE
"Schwarzbau","MASC",1,"monosyllabic","False",TRUE,TRUE
"Schwarzbier","NEUT",1,"monosyllabic","False",TRUE,TRUE
"Schwarzbrot","NEUT",2,"polysyllabic","False",TRUE,TRUE
"Schwärzen","NEUT",2,"polysyllabic","False",FALSE,TRUE
"Schwarzfahrer","MASC",3,"polysyllabic","False",FALSE,TRUE
"Schwarzgeld","NEUT",2,"polysyllabic","False",TRUE,TRUE
"Schwarzgesicht-Ameisenwürger","MASC",7,"polysyllabic","False",FALSE,TRUE
"Schwarzgrau","NEUT",1,"monosyllabic","False",FALSE,TRUE
"Schwarzhandel","MASC",3,"polysyllabic","False",FALSE,TRUE
"Schwarzkehl-Ameisenwürger","MASC",6,"polysyllabic","False",FALSE,TRUE
"Schwarzkehlchen","NEUT",3,"polysyllabic","False",FALSE,TRUE
"Schwarzkittel","MASC",3,"polysyllabic","False",FALSE,TRUE
"Schwarzkopf","MASC",2,"polysyllabic","False",TRUE,TRUE
"Schwarzköpfchen","NEUT",3,"polysyllabic","False",FALSE,TRUE
"Schwarzmasken-Ameisenwürger","MASC",7,"polysyllabic","False",FALSE,TRUE
"Schwarzpulver","NEUT",3,"polysyllabic","False",FALSE,TRUE
"Schwarzseher","MASC",3,"polysyllabic","False",FALSE,TRUE
"Schwarzweißbild","NEUT",2,"polysyllabic","False",TRUE,TRUE
"Schwätzchen","NEUT",2,"polysyllabic","False",FALSE,TRUE
"Schwatzen","NEUT",2,"polysyllabic","False",FALSE,TRUE
"Schwätzer","MASC",2,"polysyllabic","False",FALSE,TRUE
"Schwazer","MASC",2,"polysyllabic","False",FALSE,TRUE
"Schwebeablaut","MASC",2,"polysyllabic","False",TRUE,TRUE
"Schwebebalken","MASC",4,"polysyllabic","False",FALSE,TRUE
"Schwebezustand","MASC",4,"polysyllabic","False",TRUE,TRUE
"Schwefel","MASC",2,"polysyllabic","False",FALSE,TRUE
"Schwefeldampf","MASC",3,"polysyllabic","False",FALSE,TRUE
"Schwefelhalogenid","NEUT",6,"polysyllabic","False",FALSE,TRUE
"Schwefeloxid","NEUT",4,"polysyllabic","False",FALSE,TRUE
"Schweif","MASC",0,"polysyllabic","False",TRUE,TRUE
"Schweigegeld","NEUT",2,"polysyllabic","False",TRUE,TRUE
"Schweigen","NEUT",1,"monosyllabic","False",FALSE,TRUE
"Schweiger","MASC",1,"monosyllabic","False",FALSE,TRUE
"Schwein","NEUT",0,"polysyllabic","False",TRUE,TRUE
"Schweinchen","NEUT",1,"monosyllabic","False",FALSE,TRUE
"Schweinebraten","MASC",3,"polysyllabic","False",FALSE,TRUE
"Schweinefilet","NEUT",3,"polysyllabic","False",FALSE,TRUE
"Schweinefleisch","NEUT",1,"monosyllabic","True",TRUE,TRUE
"Schweinehund","MASC",2,"polysyllabic","False",TRUE,TRUE
"Schweinepriester","MASC",2,"polysyllabic","False",FALSE,TRUE
"Schweinestall","MASC",2,"polysyllabic","False",TRUE,TRUE
"Schweinfurter","MASC",2,"polysyllabic","False",FALSE,TRUE
"Schweinhund","MASC",1,"monosyllabic","False",TRUE,TRUE
"Schweinkram","MASC",1,"monosyllabic","False",TRUE,TRUE
"Schweinswal","MASC",1,"monosyllabic","False",TRUE,TRUE
"Schweiß","MASC",0,"polysyllabic","True",TRUE,FALSE
"Schweißen","NEUT",1,"monosyllabic","False",FALSE,TRUE
"Schweißhund","MASC",1,"monosyllabic","False",TRUE,TRUE
"Schweißverfahren","NEUT",3,"polysyllabic","False",FALSE,TRUE
"Schweizer","MASC",1,"monosyllabic","False",FALSE,TRUE
"Schwelgen","NEUT",2,"polysyllabic","False",FALSE,TRUE
"Schwellenpflug","MASC",3,"polysyllabic","False",TRUE,TRUE
"Schwellenreißer","MASC",3,"polysyllabic","False",FALSE,TRUE
"Schwellenwert","MASC",3,"polysyllabic","False",TRUE,TRUE
"Schwengel","MASC",2,"polysyllabic","False",FALSE,TRUE
"Schwenkbügel","MASC",3,"polysyllabic","False",FALSE,TRUE
"Schwermetall","NEUT",3,"polysyllabic","False",TRUE,TRUE
"Schwermetallion","NEUT",4,"polysyllabic","False",FALSE,TRUE
"Schweröl","NEUT",2,"polysyllabic","False",TRUE,TRUE
"Schwerspat","MASC",2,"polysyllabic","False",FALSE,TRUE
"Schwert","NEUT",1,"monosyllabic","False",TRUE,TRUE
"Schwertkampf","MASC",2,"polysyllabic","False",TRUE,TRUE
"Schwertliliengewächs","NEUT",4,"polysyllabic","True",TRUE,FALSE
"Schwertmannit","MASC",3,"polysyllabic","False",FALSE,TRUE
"Schwertwal","MASC",2,"polysyllabic","False",TRUE,TRUE
"Schwesterchen","NEUT",3,"polysyllabic","False",FALSE,TRUE
"Schwesterlein","NEUT",2,"polysyllabic","False",FALSE,TRUE
"Schwiegersohn","MASC",2,"polysyllabic","False",TRUE,TRUE
"Schwiegervater","MASC",3,"polysyllabic","False",FALSE,TRUE
"Schwimmbad","NEUT",2,"polysyllabic","False",TRUE,TRUE
"Schwimmbecken","NEUT",3,"polysyllabic","False",FALSE,TRUE
"Schwimmen","NEUT",2,"polysyllabic","False",FALSE,TRUE
"Schwimmer","MASC",2,"polysyllabic","False",FALSE,TRUE
"Schwimmflügel","MASC",3,"polysyllabic","False",FALSE,TRUE
"Schwindel","MASC",2,"polysyllabic","False",FALSE,TRUE
"Schwindler","MASC",2,"polysyllabic","False",FALSE,TRUE
"Schwinglaut","MASC",1,"monosyllabic","False",TRUE,TRUE
"Schwingungszustand","MASC",4,"polysyllabic","False",TRUE,TRUE
"Schwirrgerät","NEUT",3,"polysyllabic","False",FALSE,TRUE
"Schwirrholz","NEUT",2,"polysyllabic","True",TRUE,FALSE
"Schwirrvogel","MASC",3,"polysyllabic","False",FALSE,TRUE
"Schwitzen","NEUT",2,"polysyllabic","False",FALSE,TRUE
"Schwulst","MASC",1,"monosyllabic","False",TRUE,TRUE
"Schwung","MASC",1,"monosyllabic","False",TRUE,TRUE
"Schwungrad","NEUT",2,"polysyllabic","False",TRUE,TRUE
"Schwur","MASC",1,"monosyllabic","False",TRUE,TRUE
"Schwurgericht","NEUT",3,"polysyllabic","False",TRUE,TRUE
"Science-Fiction-Buch","NEUT",4,"polysyllabic","False",TRUE,TRUE
"Sciencefiction-Buch","NEUT",4,"polysyllabic","False",TRUE,TRUE
"Scoop","MASC",1,"monosyllabic","False",FALSE,TRUE
"Scooter","MASC",2,"polysyllabic","False",FALSE,TRUE
"Scratchen","NEUT",2,"polysyllabic","False",FALSE,TRUE
"Screencast","MASC",2,"polysyllabic","False",FALSE,TRUE
"Seaborgium","NEUT",3,"polysyllabic","False",FALSE,TRUE
"Sechseck","NEUT",2,"polysyllabic","False",TRUE,TRUE
"Sechser","MASC",2,"polysyllabic","False",FALSE,TRUE
"Sechsflächner","MASC",3,"polysyllabic","False",FALSE,TRUE
"Sechsring","MASC",2,"polysyllabic","False",FALSE,TRUE
"Sechstel","NEUT",2,"polysyllabic","False",FALSE,TRUE
"Sechzehneck","NEUT",3,"polysyllabic","False",FALSE,TRUE
"Sechzigeck","NEUT",3,"polysyllabic","False",FALSE,TRUE
"Sedantag","MASC",3,"polysyllabic","False",TRUE,TRUE
"Sediment","NEUT",3,"polysyllabic","False",TRUE,TRUE
"Sedimentgestein","NEUT",4,"polysyllabic","False",TRUE,TRUE
"Seeadler","MASC",2,"polysyllabic","False",FALSE,TRUE
"Seebeben","NEUT",3,"polysyllabic","False",FALSE,TRUE
"Seehafen","MASC",3,"polysyllabic","False",FALSE,TRUE
"Seehecht","MASC",2,"polysyllabic","False",TRUE,TRUE
"Seeigel","MASC",2,"polysyllabic","False",FALSE,TRUE
"Seelachs","MASC",2,"polysyllabic","True",TRUE,FALSE
"Seelenfrieden","MASC",3,"polysyllabic","False",FALSE,TRUE
"Seelentröster","MASC",4,"polysyllabic","False",FALSE,TRUE
"Seemann","MASC",2,"polysyllabic","False",TRUE,TRUE
"Seemannsgarn","NEUT",3,"polysyllabic","False",TRUE,TRUE
"Seeotter","MASC",2,"polysyllabic","False",FALSE,TRUE
"Seepferdchen","NEUT",3,"polysyllabic","False",FALSE,TRUE
"Seeräuber","MASC",2,"polysyllabic","False",FALSE,TRUE
"Seerosenteich","MASC",3,"polysyllabic","False",TRUE,TRUE
"Seeschiff","NEUT",2,"polysyllabic","False",TRUE,TRUE
"Seeskorpion","MASC",3,"polysyllabic","False",FALSE,TRUE
"Seestück","NEUT",2,"polysyllabic","False",TRUE,TRUE
"Seetang","MASC",2,"polysyllabic","False",FALSE,TRUE
"Seetaucher","MASC",2,"polysyllabic","False",FALSE,TRUE
"Seeungeheuer","NEUT",3,"polysyllabic","False",FALSE,TRUE
"Seeweg","MASC",2,"polysyllabic","False",TRUE,TRUE
"Seewolf","MASC",2,"polysyllabic","False",TRUE,TRUE
"Segel","NEUT",2,"polysyllabic","False",FALSE,TRUE
"Segelboot","NEUT",3,"polysyllabic","False",TRUE,TRUE
"Segelflugzeug","NEUT",3,"polysyllabic","False",TRUE,TRUE
"Segelschiff","NEUT",3,"polysyllabic","False",TRUE,TRUE
"Segeltuch","NEUT",3,"polysyllabic","False",TRUE,TRUE
"Segen","MASC",2,"polysyllabic","False",FALSE,TRUE
"Segler","MASC",2,"polysyllabic","False",FALSE,TRUE
"Segner","MASC",2,"polysyllabic","False",FALSE,TRUE
"Sehen","NEUT",2,"polysyllabic","False",FALSE,TRUE
"Seher","MASC",2,"polysyllabic","False",FALSE,TRUE
"Sehsinn","MASC",2,"polysyllabic","False",TRUE,TRUE
"Sehstäbchen","NEUT",3,"polysyllabic","False",FALSE,TRUE
"Seidel","NEUT",1,"monosyllabic","False",FALSE,TRUE
"Seidelbast","MASC",2,"polysyllabic","False",TRUE,TRUE
"Seidenfaden","MASC",3,"polysyllabic","False",FALSE,TRUE
"Seidenhemd","NEUT",2,"polysyllabic","False",TRUE,TRUE
"Seidenreiher","MASC",2,"polysyllabic","False",FALSE,TRUE
"Seidenschwanz","MASC",2,"polysyllabic","True",TRUE,FALSE
"Seidenstrumpf","MASC",2,"polysyllabic","False",TRUE,TRUE
"Seifenbläschen","NEUT",3,"polysyllabic","False",FALSE,TRUE
"Seiher","MASC",1,"monosyllabic","False",FALSE,TRUE
"Seil","NEUT",0,"polysyllabic","False",TRUE,TRUE
"Seiltanz","MASC",1,"monosyllabic","True",TRUE,FALSE
"Seiltänzer","MASC",2,"polysyllabic","False",FALSE,TRUE
"Seim","MASC",0,"polysyllabic","False",TRUE,TRUE
"Sein","NEUT",0,"polysyllabic","False",FALSE,TRUE
"Seitan","MASC",1,"monosyllabic","False",FALSE,TRUE
"Seiteneingang","MASC",2,"polysyllabic","False",TRUE,TRUE
"Seitenlaut","MASC",1,"monosyllabic","False",TRUE,TRUE
"Seitensprung","MASC",2,"polysyllabic","False",TRUE,TRUE
"Seitenstreifen","MASC",2,"polysyllabic","False",FALSE,TRUE
"Sekel","MASC",2,"polysyllabic","False",FALSE,TRUE
"Sekretär","MASC",3,"polysyllabic","False",FALSE,TRUE
"Sekretariat","NEUT",4,"polysyllabic","False",TRUE,TRUE
"Sekt","MASC",1,"monosyllabic","False",TRUE,TRUE
"Sektor","MASC",2,"polysyllabic","False",FALSE,TRUE
"Sekundärkunststoff","MASC",5,"polysyllabic","False",TRUE,TRUE
"Sekundenbruchteil","MASC",4,"polysyllabic","False",TRUE,TRUE
"Sekundenschlaf","MASC",4,"polysyllabic","False",TRUE,TRUE
"Sekundenzeiger","MASC",4,"polysyllabic","False",FALSE,TRUE
"Sekundieren","NEUT",3,"polysyllabic","False",FALSE,TRUE
"Selan","NEUT",2,"polysyllabic","False",FALSE,TRUE
"Selbstbestimmungsrecht","NEUT",5,"polysyllabic","False",TRUE,TRUE
"Selbstbetrug","MASC",3,"polysyllabic","False",TRUE,TRUE
"Selbstbewusstsein","NEUT",3,"polysyllabic","False",FALSE,TRUE
"Selbstbild","NEUT",2,"polysyllabic","False",TRUE,TRUE
"Selbstfahrer","MASC",3,"polysyllabic","False",FALSE,TRUE
"Selbstgespräch","NEUT",3,"polysyllabic","False",TRUE,TRUE
"Selbsthass","MASC",2,"polysyllabic","True",TRUE,FALSE
"Selbstlaut","MASC",1,"monosyllabic","False",TRUE,TRUE
"Selbstmord","MASC",2,"polysyllabic","False",TRUE,TRUE
"Selbstmordanschlag","MASC",4,"polysyllabic","False",TRUE,TRUE
"Selbstmordattentäter","MASC",6,"polysyllabic","False",FALSE,TRUE
"Selbstmörder","MASC",3,"polysyllabic","False",FALSE,TRUE
"Selbstporträt","NEUT",3,"polysyllabic","False",TRUE,TRUE
"Selbststudium","NEUT",3,"polysyllabic","False",FALSE,TRUE
"Selbstversuch","MASC",3,"polysyllabic","False",TRUE,TRUE
"Selen","NEUT",2,"polysyllabic","False",FALSE,TRUE
"Selenat","NEUT",3,"polysyllabic","False",FALSE,TRUE
"Selenatom","NEUT",4,"polysyllabic","False",FALSE,TRUE
"Selendefizit","NEUT",5,"polysyllabic","False",FALSE,TRUE
"Selengehalt","MASC",4,"polysyllabic","False",FALSE,TRUE
"Selenid","NEUT",3,"polysyllabic","False",FALSE,TRUE
"Selenit","MASC",3,"polysyllabic","False",FALSE,TRUE
"Selenmangel","MASC",4,"polysyllabic","False",FALSE,TRUE
"Selenol","NEUT",3,"polysyllabic","False",FALSE,TRUE
"Selenon","NEUT",3,"polysyllabic","False",FALSE,TRUE
"Selenophosphat","NEUT",5,"polysyllabic","False",FALSE,TRUE
"Selenoprotein","NEUT",4,"polysyllabic","False",FALSE,TRUE
"Selenoxid","NEUT",4,"polysyllabic","False",FALSE,TRUE
"Selensalz","NEUT",3,"polysyllabic","True",TRUE,FALSE
"Selensulfid","NEUT",4,"polysyllabic","False",FALSE,TRUE
"Selfie","NEUT",1,"monosyllabic","False",TRUE,FALSE
"Selfiestick","MASC",2,"polysyllabic","False",FALSE,TRUE
"Sellait","MASC",2,"polysyllabic","False",FALSE,TRUE
"Seltenerdmagnet","MASC",5,"polysyllabic","False",TRUE,TRUE
"Seltenerdmetall","NEUT",5,"polysyllabic","False",FALSE,TRUE
"Seminar","NEUT",3,"polysyllabic","False",TRUE,TRUE
"Semmelbrötchen","NEUT",4,"polysyllabic","False",FALSE,TRUE
"Semmelknödel","MASC",4,"polysyllabic","False",FALSE,TRUE
"Senat","MASC",2,"polysyllabic","False",TRUE,TRUE
"Sendbrief","MASC",1,"monosyllabic","False",TRUE,TRUE
"Sendegerät","NEUT",4,"polysyllabic","False",TRUE,TRUE
"Sendemast","MASC",3,"polysyllabic","False",TRUE,TRUE
"Senden","NEUT",2,"polysyllabic","False",FALSE,TRUE
"Sender","MASC",2,"polysyllabic","False",FALSE,TRUE
"Sendling","MASC",2,"polysyllabic","False",FALSE,TRUE
"Senf","MASC",1,"monosyllabic","False",TRUE,TRUE
"Senfgas","NEUT",2,"polysyllabic","True",TRUE,FALSE
"Senflöffel","MASC",3,"polysyllabic","False",FALSE,TRUE
"Senföl","NEUT",2,"polysyllabic","False",TRUE,TRUE
"Senior","MASC",2,"polysyllabic","False",FALSE,TRUE
"Senkel","MASC",2,"polysyllabic","False",FALSE,TRUE
"Senkkasten","MASC",3,"polysyllabic","False",FALSE,TRUE
"Sensenmann","MASC",3,"polysyllabic","False",TRUE,TRUE
"Sensibelchen","NEUT",4,"polysyllabic","False",FALSE,TRUE
"Separee","NEUT",3,"polysyllabic","False",TRUE,FALSE
"Sepiolith","MASC",3,"polysyllabic","False",FALSE,TRUE
"September","MASC",3,"polysyllabic","False",FALSE,TRUE
"Seraph","MASC",2,"polysyllabic","False",FALSE,TRUE
"Serienmörder","MASC",3,"polysyllabic","False",FALSE,TRUE
"Sermon","MASC",2,"polysyllabic","False",TRUE,TRUE
"Serotonin","NEUT",4,"polysyllabic","False",FALSE,TRUE
"Serpentin","MASC",3,"polysyllabic","False",FALSE,TRUE
"Serpentinit","MASC",4,"polysyllabic","False",FALSE,TRUE
"Serval","MASC",2,"polysyllabic","False",FALSE,TRUE
"Server","MASC",2,"polysyllabic","False",FALSE,TRUE
"Server-Zugriff","MASC",4,"polysyllabic","False",TRUE,TRUE
"Serverzugriff","MASC",4,"polysyllabic","False",TRUE,TRUE
"Serviettenring","MASC",3,"polysyllabic","False",TRUE,TRUE
"Sessel","MASC",2,"polysyllabic","False",FALSE,TRUE
"Sesselfurzer","MASC",4,"polysyllabic","False",FALSE,TRUE
"Setzling","MASC",2,"polysyllabic","False",FALSE,TRUE
"Seufzer","MASC",1,"monosyllabic","False",FALSE,TRUE
"Sexagesimalsystem","NEUT",7,"polysyllabic","False",FALSE,TRUE
"Sexspiel","NEUT",1,"monosyllabic","False",TRUE,TRUE
"Sexspielzeug","NEUT",1,"monosyllabic","False",TRUE,TRUE
"Sezessionskrieg","MASC",3,"polysyllabic","False",TRUE,TRUE
"Shampoo","NEUT",2,"polysyllabic","False",FALSE,TRUE
"Shitstorm","MASC",2,"polysyllabic","False",FALSE,TRUE
"Shortcut","MASC",2,"polysyllabic","False",FALSE,TRUE
"Sichelstrandläufer","MASC",4,"polysyllabic","False",FALSE,TRUE
"Sicherheitsabstand","MASC",4,"polysyllabic","False",FALSE,TRUE
"Sicherheitsdatenblatt","NEUT",5,"polysyllabic","False",TRUE,TRUE
"Sicherheitsdienst","MASC",2,"polysyllabic","False",TRUE,TRUE
"Sicherheitsgurt","MASC",3,"polysyllabic","False",TRUE,TRUE
"Sicherheitsventil","NEUT",4,"polysyllabic","False",FALSE,TRUE
"Sichler","MASC",2,"polysyllabic","False",FALSE,TRUE
"Sichtbereich","MASC",2,"polysyllabic","False",FALSE,TRUE
"Sichtfeld","NEUT",2,"polysyllabic","False",TRUE,TRUE
"Sichtgerät","NEUT",3,"polysyllabic","False",FALSE,TRUE
"Sichtkontakt","MASC",3,"polysyllabic","False",TRUE,TRUE
"Sideboard","NEUT",3,"polysyllabic","False",FALSE,TRUE
"Siderit","MASC",3,"polysyllabic","False",FALSE,TRUE
"Sieb","NEUT",0,"polysyllabic","False",TRUE,TRUE
"Sieben","NEUT",1,"monosyllabic","False",FALSE,TRUE
"Siebeneck","NEUT",2,"polysyllabic","False",TRUE,TRUE
"Siebener","MASC",2,"polysyllabic","False",FALSE,TRUE
"Siebenflächner","MASC",3,"polysyllabic","False",FALSE,TRUE
"Siebenkämpfer","MASC",3,"polysyllabic","False",FALSE,TRUE
"Siebenmeilenstiefel","MASC",3,"polysyllabic","False",FALSE,TRUE
"Siebenschläfer","MASC",3,"polysyllabic","False",FALSE,TRUE
"Siebenschläfertag","MASC",4,"polysyllabic","False",TRUE,TRUE
"Siebzehneck","NEUT",2,"polysyllabic","False",FALSE,TRUE
"Siebzigeck","NEUT",2,"polysyllabic","False",FALSE,TRUE
"Siechenhaus","NEUT",1,"monosyllabic","True",TRUE,FALSE
"Siedepunkt","MASC",2,"polysyllabic","False",TRUE,TRUE
"Siedewasserreaktor","MASC",5,"polysyllabic","False",FALSE,TRUE
"Siedlungshaus","NEUT",1,"monosyllabic","True",TRUE,FALSE
"Siegel","MASC",1,"monosyllabic","False",FALSE,TRUE
"Siegelring","MASC",2,"polysyllabic","False",TRUE,TRUE
"Sieger","MASC",1,"monosyllabic","False",FALSE,TRUE
"Siel","MASC",0,"polysyllabic","False",TRUE,TRUE
"Sigel","NEUT",2,"polysyllabic","False",FALSE,TRUE
"Sigma","NEUT",2,"polysyllabic","False",FALSE,TRUE
"Signal","NEUT",2,"polysyllabic","False",TRUE,TRUE
"Signallicht","NEUT",3,"polysyllabic","False",TRUE,TRUE
"Signalweg","MASC",3,"polysyllabic","False",TRUE,TRUE
"Silan","NEUT",2,"polysyllabic","False",FALSE,TRUE
"Silbenkurzwort","NEUT",4,"polysyllabic","False",TRUE,TRUE
"Silbenstecher","MASC",4,"polysyllabic","False",FALSE,TRUE
"Silbenstrich","MASC",3,"polysyllabic","False",TRUE,TRUE
"Silber","NEUT",2,"polysyllabic","False",FALSE,TRUE
"Silberamalgam","NEUT",5,"polysyllabic","False",FALSE,TRUE
"Silberanteil","MASC",3,"polysyllabic","False",FALSE,TRUE
"Silberbarren","MASC",4,"polysyllabic","False",FALSE,TRUE
"Silberbergbau","MASC",3,"polysyllabic","False",FALSE,TRUE
"Silberbergwerk","NEUT",4,"polysyllabic","False",TRUE,TRUE
"Silberbesteck","NEUT",4,"polysyllabic","False",FALSE,TRUE
"Silberblättchen","NEUT",4,"polysyllabic","False",FALSE,TRUE
"Silberblech","NEUT",3,"polysyllabic","False",FALSE,TRUE
"Silberblick","MASC",3,"polysyllabic","False",TRUE,TRUE
"Silberchalkogenid","NEUT",6,"polysyllabic","False",FALSE,TRUE
"Silberdraht","MASC",3,"polysyllabic","False",FALSE,TRUE
"Silbererz","NEUT",3,"polysyllabic","True",TRUE,FALSE
"Silberfaden","MASC",4,"polysyllabic","False",FALSE,TRUE
"Silberfisch","MASC",3,"polysyllabic","True",TRUE,TRUE
"Silberfischchen","NEUT",4,"polysyllabic","False",FALSE,TRUE
"Silbergäbelchen","NEUT",5,"polysyllabic","False",FALSE,TRUE
"Silbergefäß","NEUT",4,"polysyllabic","True",TRUE,FALSE
"Silbergeflecht","NEUT",4,"polysyllabic","False",FALSE,TRUE
"Silbergehalt","MASC",4,"polysyllabic","False",FALSE,TRUE
"Silbergeschirr","NEUT",4,"polysyllabic","False",FALSE,TRUE
"Silberglanz","MASC",3,"polysyllabic","True",TRUE,FALSE
"Silberhalogenid","NEUT",6,"polysyllabic","False",FALSE,TRUE
"Silberion","NEUT",3,"polysyllabic","False",FALSE,TRUE
"Silberlachs","MASC",3,"polysyllabic","True",TRUE,FALSE
"Silberling","MASC",3,"polysyllabic","False",FALSE,TRUE
"Silberlöffel","MASC",4,"polysyllabic","False",FALSE,TRUE
"Silberlöffelchen","NEUT",5,"polysyllabic","False",FALSE,TRUE
"Silberlot","NEUT",3,"polysyllabic","False",FALSE,TRUE
"Silbermesser","NEUT",4,"polysyllabic","False",FALSE,TRUE
"Silbermineral","NEUT",5,"polysyllabic","False",FALSE,TRUE
"Silberoxid","NEUT",4,"polysyllabic","False",TRUE,TRUE
"Silberpapier","NEUT",3,"polysyllabic","False",FALSE,TRUE
"Silberreiher","MASC",3,"polysyllabic","False",FALSE,TRUE
"Silbersalz","NEUT",3,"polysyllabic","True",TRUE,FALSE
"Silberschmuck","MASC",3,"polysyllabic","False",FALSE,TRUE
"Silberstandard","MASC",4,"polysyllabic","False",FALSE,TRUE
"Silbersulfidbelag","MASC",6,"polysyllabic","False",FALSE,TRUE
"Silberwangen-Ameisenwürger","MASC",8,"polysyllabic","False",FALSE,TRUE
"Silicat","NEUT",3,"polysyllabic","False",TRUE,TRUE
"Silicid","NEUT",3,"polysyllabic","False",FALSE,TRUE
"Silicium","NEUT",3,"polysyllabic","False",FALSE,TRUE
"Siliciumhalogenid","NEUT",7,"polysyllabic","False",FALSE,TRUE
"Siliciumwasserstoff","NEUT",6,"polysyllabic","False",FALSE,TRUE
"Silicon","NEUT",3,"polysyllabic","False",FALSE,TRUE
"Silikat","NEUT",3,"polysyllabic","False",TRUE,TRUE
"Silikon","NEUT",3,"polysyllabic","False",FALSE,TRUE
"Sillimanit","MASC",4,"polysyllabic","False",FALSE,TRUE
"Silt","MASC",1,"monosyllabic","False",FALSE,TRUE
"Simpel","MASC",2,"polysyllabic","False",FALSE,TRUE
"Singapurer","MASC",4,"polysyllabic","False",FALSE,TRUE
"Single","MASC",2,"polysyllabic","False",TRUE,FALSE
"Singrün","NEUT",2,"polysyllabic","False",FALSE,TRUE
"Singspiel","NEUT",1,"monosyllabic","False",TRUE,TRUE
"Singularetantum","NEUT",6,"polysyllabic","False",FALSE,TRUE
"Singvogel","MASC",3,"polysyllabic","False",FALSE,TRUE
"Sinn","MASC",1,"monosyllabic","False",TRUE,TRUE
"Sinnbild","NEUT",2,"polysyllabic","False",TRUE,TRUE
"Sinnesnerv","MASC",3,"polysyllabic","False",TRUE,TRUE
"Sinnesreiz","MASC",2,"polysyllabic","True",TRUE,FALSE
"Sinneswandel","MASC",4,"polysyllabic","False",FALSE,TRUE
"Sinngedicht","NEUT",3,"polysyllabic","False",TRUE,TRUE
"Sinter","MASC",2,"polysyllabic","False",FALSE,TRUE
"Sittenbild","NEUT",3,"polysyllabic","False",TRUE,TRUE
"Sittich","MASC",2,"polysyllabic","False",FALSE,TRUE
"Sitz","MASC",1,"monosyllabic","True",TRUE,FALSE
"Sitzbein","NEUT",1,"monosyllabic","False",TRUE,TRUE
"Sitzbezug","MASC",3,"polysyllabic","False",FALSE,TRUE
"Sitzfleisch","NEUT",1,"monosyllabic","True",TRUE,TRUE
"Sitzkrieg","MASC",1,"monosyllabic","False",TRUE,TRUE
"Sitzplatz","MASC",2,"polysyllabic","True",TRUE,FALSE
"Sitzredakteur","MASC",3,"polysyllabic","False",FALSE,TRUE
"Sizilianer","MASC",4,"polysyllabic","False",FALSE,TRUE
"Skalarfeld","NEUT",3,"polysyllabic","False",TRUE,TRUE
"Skalp","MASC",1,"monosyllabic","False",TRUE,TRUE
"Skalpell","NEUT",2,"polysyllabic","False",FALSE,TRUE
"Skandal","MASC",2,"polysyllabic","False",TRUE,TRUE
"Skandalartikel","MASC",5,"polysyllabic","False",FALSE,TRUE
"Skarn","MASC",1,"monosyllabic","False",FALSE,TRUE
"Skat","MASC",1,"monosyllabic","False",TRUE,TRUE
"Skate","MASC",2,"polysyllabic","False",TRUE,FALSE
"Skateboard","NEUT",3,"polysyllabic","False",FALSE,TRUE
"Skelett","NEUT",2,"polysyllabic","False",TRUE,TRUE
"Sketch","MASC",1,"monosyllabic","False",TRUE,TRUE
"Sketsch","MASC",1,"monosyllabic","True",TRUE,TRUE
"Ski","MASC",1,"monosyllabic","False",FALSE,TRUE
"Skifahrer","MASC",3,"polysyllabic","False",FALSE,TRUE
"Skigebiet","NEUT",2,"polysyllabic","False",TRUE,TRUE
"Skioptikon","NEUT",3,"polysyllabic","False",FALSE,TRUE
"Skipper","MASC",2,"polysyllabic","False",FALSE,TRUE
"Skistock","MASC",2,"polysyllabic","False",TRUE,TRUE
"Sklavenhalter","MASC",4,"polysyllabic","False",FALSE,TRUE
"Sklavenhandel","MASC",4,"polysyllabic","False",FALSE,TRUE
"Sklaventreiber","MASC",3,"polysyllabic","False",FALSE,TRUE
"Skriptorium","NEUT",3,"polysyllabic","False",FALSE,TRUE
"Skrotum","NEUT",2,"polysyllabic","False",FALSE,TRUE
"Skutterudit","MASC",4,"polysyllabic","False",FALSE,TRUE
"Slawisieren","NEUT",3,"polysyllabic","False",FALSE,TRUE
"Slogan","MASC",2,"polysyllabic","False",FALSE,TRUE
"Slum","MASC",1,"monosyllabic","False",FALSE,TRUE
"Smaragd","MASC",2,"polysyllabic","False",TRUE,TRUE
"Smaragdkehlkolibri","MASC",6,"polysyllabic","False",FALSE,TRUE
"Smartphone","NEUT",3,"polysyllabic","False",TRUE,FALSE
"Smectit","MASC",2,"polysyllabic","False",FALSE,TRUE
"Smegma","NEUT",2,"polysyllabic","False",FALSE,TRUE
"Smektit","MASC",2,"polysyllabic","False",FALSE,TRUE
"Smog","MASC",1,"monosyllabic","False",FALSE,TRUE
"Smoking","MASC",2,"polysyllabic","False",FALSE,TRUE
"Snack","MASC",1,"monosyllabic","False",FALSE,TRUE
"Snaresinselpinguin","MASC",6,"polysyllabic","False",FALSE,TRUE
"Sockel","MASC",2,"polysyllabic","False",FALSE,TRUE
"Sofa","NEUT",2,"polysyllabic","False",FALSE,TRUE
"Sofatisch","MASC",3,"polysyllabic","True",TRUE,TRUE
"Softwareentwickler","MASC",5,"polysyllabic","False",FALSE,TRUE
"Softwareentwicklungsprozess","MASC",7,"polysyllabic","True",TRUE,FALSE
"Sog","MASC",1,"monosyllabic","False",TRUE,TRUE
"Sohn","MASC",1,"monosyllabic","False",TRUE,TRUE
"Söhnchen","NEUT",2,"polysyllabic","False",FALSE,TRUE
"Söhnlein","NEUT",1,"monosyllabic","False",FALSE,TRUE
"Sojamehl","NEUT",3,"polysyllabic","False",FALSE,TRUE
"Sol","NEUT",1,"monosyllabic","False",FALSE,TRUE
"Solarium","NEUT",3,"polysyllabic","False",FALSE,TRUE
"Sold","MASC",1,"monosyllabic","False",TRUE,TRUE
"Söldner","MASC",2,"polysyllabic","False",FALSE,TRUE
"Söller","MASC",2,"polysyllabic","False",FALSE,TRUE
"Sollwert","MASC",2,"polysyllabic","False",TRUE,TRUE
"Sollzustand","MASC",3,"polysyllabic","False",TRUE,TRUE
"Solotänzer","MASC",4,"polysyllabic","False",FALSE,TRUE
"Somit","MASC",2,"polysyllabic","False",FALSE,TRUE
"Sommer","MASC",2,"polysyllabic","False",FALSE,TRUE
"Sommeranfang","MASC",4,"polysyllabic","False",TRUE,TRUE
"Sommerende","NEUT",4,"polysyllabic","False",TRUE,FALSE
"Sommerhaus","NEUT",2,"polysyllabic","True",TRUE,FALSE
"Sommerkleid","NEUT",2,"polysyllabic","False",TRUE,TRUE
"Sommerkleidchen","NEUT",3,"polysyllabic","False",FALSE,TRUE
"Sommerloch","NEUT",3,"polysyllabic","False",TRUE,TRUE
"Sommermonat","MASC",4,"polysyllabic","False",FALSE,TRUE
"Sommerreifen","MASC",3,"polysyllabic","False",FALSE,TRUE
"Sommervogel","MASC",4,"polysyllabic","False",FALSE,TRUE
"Sonderangebot","NEUT",5,"polysyllabic","False",TRUE,TRUE
"Sonderbericht","MASC",4,"polysyllabic","False",TRUE,TRUE
"Sonderkunststoff","MASC",4,"polysyllabic","False",TRUE,TRUE
"Sonderling","MASC",3,"polysyllabic","False",FALSE,TRUE
"Sonderrecht","NEUT",3,"polysyllabic","False",TRUE,TRUE
"Sonderzeichen","NEUT",3,"polysyllabic","False",FALSE,TRUE
"Sonderzug","MASC",3,"polysyllabic","False",TRUE,TRUE
"Sonett","NEUT",2,"polysyllabic","False",TRUE,TRUE
"Song","MASC",1,"monosyllabic","False",FALSE,TRUE
"Songtext","MASC",2,"polysyllabic","False",TRUE,TRUE
"Sonnabend","MASC",3,"polysyllabic","False",TRUE,TRUE
"Sonnabendabend","MASC",5,"polysyllabic","False",FALSE,TRUE
"Sonnabendmittag","MASC",5,"polysyllabic","False",FALSE,TRUE
"Sonnabendnachmittag","MASC",6,"polysyllabic","False",FALSE,TRUE
"Sonnabendvormittag","MASC",6,"polysyllabic","False",FALSE,TRUE
"Sonnenaufgang","MASC",3,"polysyllabic","False",FALSE,TRUE
"Sonnenbad","NEUT",3,"polysyllabic","False",TRUE,TRUE
"Sonnenbaden","NEUT",4,"polysyllabic","False",FALSE,TRUE
"Sonnenblumenkern","MASC",5,"polysyllabic","False",TRUE,TRUE
"Sonnenblumenöl","NEUT",5,"polysyllabic","False",TRUE,TRUE
"Sonnenbrand","MASC",3,"polysyllabic","False",TRUE,TRUE
"Sonnengott","MASC",3,"polysyllabic","False",TRUE,TRUE
"Sonnenhut","MASC",3,"polysyllabic","False",TRUE,TRUE
"Sonnenjahr","NEUT",3,"polysyllabic","False",TRUE,TRUE
"Sonnenkönig","NEUT",4,"polysyllabic","False",FALSE,TRUE
"Sonnenlicht","NEUT",3,"polysyllabic","False",TRUE,TRUE
"Sonnenrad","NEUT",3,"polysyllabic","False",TRUE,TRUE
"Sonnenrauch","MASC",2,"polysyllabic","False",TRUE,TRUE
"Sonnenschein","MASC",2,"polysyllabic","False",FALSE,TRUE
"Sonnenschirm","MASC",3,"polysyllabic","False",TRUE,TRUE
"Sonnensegel","NEUT",4,"polysyllabic","False",FALSE,TRUE
"Sonnenstrahl","MASC",3,"polysyllabic","False",TRUE,TRUE
"Sonnensystem","NEUT",4,"polysyllabic","False",FALSE,TRUE
"Sonnentag","MASC",3,"polysyllabic","False",TRUE,TRUE
"Sonnentau","MASC",2,"polysyllabic","False",TRUE,TRUE
"Sonnenuntergang","MASC",5,"polysyllabic","False",FALSE,TRUE
"Sonnenwind","MASC",3,"polysyllabic","False",TRUE,TRUE
"Sonntagabend","MASC",4,"polysyllabic","False",FALSE,TRUE
"Sonntagmittag","MASC",4,"polysyllabic","False",FALSE,TRUE
"Sonntagnachmittag","MASC",5,"polysyllabic","False",FALSE,TRUE
"Sonntagsbraten","MASC",4,"polysyllabic","False",FALSE,TRUE
"Sonntagsbrötchen","NEUT",4,"polysyllabic","False",FALSE,TRUE
"Sonntagsfahrer","MASC",4,"polysyllabic","False",FALSE,TRUE
"Sonntagskind","NEUT",3,"polysyllabic","False",TRUE,TRUE
"Sonntagvormittag","MASC",5,"polysyllabic","False",FALSE,TRUE
"Sooretama-Tropfenameisenwürger","MASC",10,"polysyllabic","False",FALSE,TRUE
"Sopran","MASC",2,"polysyllabic","False",FALSE,TRUE
"Sorbentum","NEUT",3,"polysyllabic","False",FALSE,TRUE
"Sorbet","NEUT",2,"polysyllabic","False",FALSE,TRUE
"Sorgerecht","NEUT",3,"polysyllabic","False",TRUE,TRUE
"Sortenplural","MASC",4,"polysyllabic","False",FALSE,TRUE
"Sortiment","NEUT",3,"polysyllabic","False",FALSE,TRUE
"Souverän","MASC",3,"polysyllabic","False",FALSE,TRUE
"Sozi","MASC",2,"polysyllabic","False",FALSE,TRUE
"Sozialamt","NEUT",3,"polysyllabic","False",TRUE,TRUE
"Sozialarbeiter","MASC",4,"polysyllabic","False",FALSE,TRUE
"Sozialschmarotzer","MASC",5,"polysyllabic","False",FALSE,TRUE
"Sozialstaat","MASC",3,"polysyllabic","False",TRUE,TRUE
"Sozinianer","MASC",4,"polysyllabic","False",FALSE,TRUE
"Soziolekt","MASC",3,"polysyllabic","False",TRUE,TRUE
"Spachtel","MASC",2,"polysyllabic","False",FALSE,TRUE
"Spacken","MASC",2,"polysyllabic","False",FALSE,TRUE
"Späher","MASC",2,"polysyllabic","False",FALSE,TRUE
"Spalt","MASC",1,"monosyllabic","False",TRUE,TRUE
"Spaltprodukt","MASC",3,"polysyllabic","False",TRUE,TRUE
"Span","MASC",1,"monosyllabic","False",TRUE,TRUE
"Spanferkel","NEUT",3,"polysyllabic","False",FALSE,TRUE
"Spanier","MASC",1,"monosyllabic","False",FALSE,TRUE
"Spann","MASC",1,"monosyllabic","False",TRUE,TRUE
"Spanner","MASC",2,"polysyllabic","False",FALSE,TRUE
"Spannrahmen","MASC",3,"polysyllabic","False",FALSE,TRUE
"Spannungsabbau","MASC",3,"polysyllabic","False",FALSE,TRUE
"Spannungsbogen","MASC",4,"polysyllabic","False",FALSE,TRUE
"Spannungsregler","MASC",4,"polysyllabic","False",FALSE,TRUE
"Spannungszustand","MASC",4,"polysyllabic","False",TRUE,TRUE
"Spargeltarzan","MASC",4,"polysyllabic","False",FALSE,TRUE
"Sparpaket","NEUT",3,"polysyllabic","False",TRUE,TRUE
"Sparschwein","NEUT",1,"monosyllabic","False",TRUE,TRUE
"Spaß","MASC",1,"monosyllabic","True",TRUE,FALSE
"Spaßmacher","MASC",3,"polysyllabic","False",FALSE,TRUE
"Spaßvogel","MASC",3,"polysyllabic","False",FALSE,TRUE
"Spat","MASC",1,"monosyllabic","False",FALSE,TRUE
"Spätdienst","MASC",1,"monosyllabic","False",TRUE,TRUE
"Spaten","MASC",2,"polysyllabic","False",FALSE,TRUE
"Spath","MASC",1,"monosyllabic","False",FALSE,TRUE
"Spätherbst","MASC",2,"polysyllabic","False",TRUE,TRUE
"Spätmittelalter","NEUT",5,"polysyllabic","False",FALSE,TRUE
"Spätsommer","MASC",3,"polysyllabic","False",FALSE,TRUE
"Spätwinter","MASC",3,"polysyllabic","False",FALSE,TRUE
"Spatz","MASC",1,"monosyllabic","True",TRUE,FALSE
"Spaziergang","MASC",2,"polysyllabic","False",TRUE,TRUE
"Spaziergänger","MASC",3,"polysyllabic","False",FALSE,TRUE
"Specht","MASC",1,"monosyllabic","False",TRUE,TRUE
"Speck","MASC",1,"monosyllabic","False",TRUE,TRUE
"Speed","NEUT",1,"monosyllabic","False",FALSE,TRUE
"Speer","MASC",1,"monosyllabic","False",TRUE,TRUE
"Speerwerfer","MASC",3,"polysyllabic","False",FALSE,TRUE
"Speichellecker","MASC",3,"polysyllabic","False",FALSE,TRUE
"Speichenschlüssel","MASC",3,"polysyllabic","False",FALSE,TRUE
"Speichenspanner","MASC",3,"polysyllabic","False",FALSE,TRUE
"Speichereiweiß","NEUT",1,"monosyllabic","True",TRUE,FALSE
"Speicherkraftwerk","NEUT",3,"polysyllabic","False",FALSE,TRUE
"Speiseeis","NEUT",1,"monosyllabic","True",TRUE,FALSE
"Speisen","NEUT",1,"monosyllabic","False",FALSE,TRUE
"Speisenbereich","MASC",2,"polysyllabic","False",TRUE,FALSE
"Speisepilz","MASC",2,"polysyllabic","True",TRUE,FALSE
"Speisesaal","MASC",2,"polysyllabic","False",TRUE,TRUE
"Speisesalz","NEUT",2,"polysyllabic","True",TRUE,FALSE
"Speisopfer","NEUT",2,"polysyllabic","False",FALSE,TRUE
"Spektakel","MASC",3,"polysyllabic","False",FALSE,TRUE
"Spektralbereich","MASC",3,"polysyllabic","False",FALSE,TRUE
"Spektrogramm","NEUT",3,"polysyllabic","False",FALSE,TRUE
"Spektroskop","NEUT",3,"polysyllabic","False",FALSE,TRUE
"Spektrum","NEUT",2,"polysyllabic","False",FALSE,TRUE
"Spekulationsobjekt","NEUT",6,"polysyllabic","False",TRUE,TRUE
"Spelz","MASC",1,"monosyllabic","True",TRUE,FALSE
"Spender","MASC",2,"polysyllabic","False",FALSE,TRUE
"Spenderorgan","NEUT",4,"polysyllabic","False",FALSE,TRUE
"Sperber","MASC",2,"polysyllabic","False",FALSE,TRUE
"Sperling","MASC",2,"polysyllabic","False",FALSE,TRUE
"Sperlingsvogel","MASC",4,"polysyllabic","False",FALSE,TRUE
"Sperrdifferential","NEUT",5,"polysyllabic","False",FALSE,TRUE
"Sperrgebiet","NEUT",2,"polysyllabic","False",TRUE,TRUE
"Sperrholz","NEUT",2,"polysyllabic","True",TRUE,FALSE
"Spesenbeleg","MASC",4,"polysyllabic","False",TRUE,TRUE
"Spessartin","MASC",3,"polysyllabic","False",FALSE,TRUE
"Spezialkunststoff","MASC",4,"polysyllabic","False",TRUE,TRUE
"Spezialstahl","MASC",3,"polysyllabic","False",TRUE,TRUE
"Sphalerit","MASC",3,"polysyllabic","False",FALSE,TRUE
"Spiegel","MASC",1,"monosyllabic","False",FALSE,TRUE
"Spiegelbild","NEUT",2,"polysyllabic","False",TRUE,TRUE
"Spiegelbildchen","NEUT",3,"polysyllabic","False",FALSE,TRUE
"Spiegelchen","NEUT",2,"polysyllabic","False",FALSE,TRUE
"Spiegelsaal","MASC",2,"polysyllabic","False",TRUE,TRUE
"Spiegelstrich","MASC",2,"polysyllabic","False",TRUE,TRUE
"Spiegeltest","MASC",2,"polysyllabic","False",TRUE,TRUE
"Spieglein","NEUT",0,"polysyllabic","False",FALSE,TRUE
"Spiel","NEUT",0,"polysyllabic","False",TRUE,TRUE
"Spielautomatensalon","MASC",5,"polysyllabic","False",FALSE,TRUE
"Spielchen","NEUT",1,"monosyllabic","False",FALSE,TRUE
"Spielen","NEUT",1,"monosyllabic","False",FALSE,TRUE
"Spieler","MASC",1,"monosyllabic","False",FALSE,TRUE
"Spielfeld","NEUT",1,"monosyllabic","False",TRUE,TRUE
"Spielhaus","NEUT",0,"polysyllabic","True",TRUE,FALSE
"Spielmann","MASC",1,"monosyllabic","False",TRUE,TRUE
"Spielplatz","MASC",1,"monosyllabic","True",TRUE,FALSE
"Spielraum","MASC",0,"polysyllabic","False",TRUE,TRUE
"Spieltag","MASC",1,"monosyllabic","False",FALSE,TRUE
"Spielverderber","MASC",3,"polysyllabic","False",FALSE,TRUE
"Spielwerk","NEUT",1,"monosyllabic","False",TRUE,TRUE
"Spielzeug","NEUT",0,"polysyllabic","False",TRUE,TRUE
"Spielzeugverkäufer","MASC",2,"polysyllabic","False",FALSE,TRUE
"Spieß","MASC",0,"polysyllabic","True",TRUE,FALSE
"Spießbürger","MASC",2,"polysyllabic","False",FALSE,TRUE
"Spießer","MASC",1,"monosyllabic","False",FALSE,TRUE
"Spießrutenlauf","MASC",2,"polysyllabic","False",TRUE,TRUE
"Spill","NEUT",1,"monosyllabic","False",TRUE,TRUE
"Spinat","MASC",2,"polysyllabic","False",TRUE,TRUE
"Spind","MASC",1,"monosyllabic","False",TRUE,TRUE
"Spindelstrauch","MASC",2,"polysyllabic","False",TRUE,TRUE
"Spinell","MASC",2,"polysyllabic","False",FALSE,TRUE
"Spinnennetz","NEUT",3,"polysyllabic","True",TRUE,FALSE
"Spinnentier","NEUT",2,"polysyllabic","False",TRUE,TRUE
"Spinner","MASC",2,"polysyllabic","False",FALSE,TRUE
"Spinnfaden","MASC",3,"polysyllabic","False",FALSE,TRUE
"Spinngewebe","NEUT",4,"polysyllabic","False",TRUE,FALSE
"Spinnlein","NEUT",1,"monosyllabic","False",FALSE,TRUE
"Spinnrad","NEUT",2,"polysyllabic","False",TRUE,TRUE
"Spinnrädchen","NEUT",3,"polysyllabic","False",FALSE,TRUE
"Spinnweben","NEUT",3,"polysyllabic","False",FALSE,TRUE
"Spiralnebel","MASC",4,"polysyllabic","False",FALSE,TRUE
"Spiralschneider","MASC",3,"polysyllabic","False",FALSE,TRUE
"Spital","NEUT",2,"polysyllabic","False",FALSE,TRUE
"Spitz","NEUT",1,"monosyllabic","True",TRUE,FALSE
"Spitzel","MASC",2,"polysyllabic","False",FALSE,TRUE
"Spitzen","NEUT",2,"polysyllabic","False",FALSE,TRUE
"Spitzenhäubchen","NEUT",3,"polysyllabic","False",FALSE,TRUE
"Spitzenplatz","MASC",3,"polysyllabic","True",TRUE,FALSE
"Spitzenprädator","MASC",5,"polysyllabic","False",FALSE,TRUE
"Spitzenreiter","MASC",3,"polysyllabic","False",FALSE,TRUE
"Spitzenspiel","NEUT",2,"polysyllabic","False",TRUE,TRUE
"Spitzenspieler","MASC",3,"polysyllabic","False",FALSE,TRUE
"Spitzentanz","MASC",3,"polysyllabic","True",TRUE,FALSE
"Spitzentänzer","MASC",4,"polysyllabic","False",FALSE,TRUE
"Spitzer","MASC",2,"polysyllabic","False",FALSE,TRUE
"Spitzmaulnashorn","NEUT",3,"polysyllabic","False",TRUE,TRUE
"Splitt","MASC",1,"monosyllabic","False",TRUE,TRUE
"Splitter","MASC",2,"polysyllabic","False",FALSE,TRUE
"Spodumen","MASC",3,"polysyllabic","False",FALSE,TRUE
"Spoiler","MASC",2,"polysyllabic","False",FALSE,TRUE
"Sporn","MASC",1,"monosyllabic","False",TRUE,TRUE
"Sport","MASC",1,"monosyllabic","False",TRUE,TRUE
"Sportartikel","MASC",4,"polysyllabic","False",FALSE,TRUE
"Sportclub","MASC",2,"polysyllabic","False",FALSE,TRUE
"Sportgerät","NEUT",3,"polysyllabic","False",TRUE,TRUE
"Sportklub","MASC",2,"polysyllabic","False",FALSE,TRUE
"Sportler","MASC",2,"polysyllabic","False",FALSE,TRUE
"Sportsfreund","MASC",1,"monosyllabic","False",TRUE,TRUE
"Sportwettkampf","MASC",3,"polysyllabic","False",FALSE,TRUE
"Spot","MASC",1,"monosyllabic","False",FALSE,TRUE
"Spott","MASC",1,"monosyllabic","False",TRUE,FALSE
"Spötter","MASC",2,"polysyllabic","False",FALSE,TRUE
"Spottgedicht","NEUT",3,"polysyllabic","False",TRUE,TRUE
"Spottwort","NEUT",2,"polysyllabic","False",TRUE,TRUE
"Sprachgebrauch","MASC",2,"polysyllabic","False",TRUE,TRUE
"Sprachgefühl","NEUT",3,"polysyllabic","False",FALSE,TRUE
"Sprachkurs","MASC",2,"polysyllabic","True",TRUE,FALSE
"Sprachlaut","MASC",1,"monosyllabic","False",TRUE,TRUE
"Sprachratgeber","MASC",4,"polysyllabic","False",FALSE,TRUE
"Sprachraum","MASC",1,"monosyllabic","False",TRUE,TRUE
"Sprachrohr","NEUT",2,"polysyllabic","False",TRUE,TRUE
"Sprachspiel","NEUT",1,"monosyllabic","False",TRUE,TRUE
"Sprachstil","MASC",2,"polysyllabic","False",TRUE,TRUE
"Sprachteil","MASC",1,"monosyllabic","False",TRUE,TRUE
"Sprachtheil","MASC",1,"monosyllabic","False",TRUE,TRUE
"Sprachtod","MASC",2,"polysyllabic","False",TRUE,TRUE
"Sprachverschlüsselungsgerät","NEUT",7,"polysyllabic","False",TRUE,TRUE
"Sprachwandel","MASC",3,"polysyllabic","False",FALSE,TRUE
"Sprachwissenschaftler","MASC",5,"polysyllabic","False",FALSE,TRUE
"Sprechbläschen","NEUT",3,"polysyllabic","False",FALSE,TRUE
"Sprechchor","MASC",2,"polysyllabic","False",FALSE,TRUE
"Sprechen","NEUT",2,"polysyllabic","False",FALSE,TRUE
"Sprecher","MASC",2,"polysyllabic","False",FALSE,TRUE
"Sprechgesang","MASC",3,"polysyllabic","False",TRUE,TRUE
"Sprengel","MASC",2,"polysyllabic","False",FALSE,TRUE
"Sprengstoff","MASC",2,"polysyllabic","False",TRUE,TRUE
"Sprengstoffgürtel","MASC",4,"polysyllabic","False",FALSE,TRUE
"Sprichwort","NEUT",2,"polysyllabic","False",TRUE,TRUE
"Springbrunnen","MASC",3,"polysyllabic","False",FALSE,TRUE
"Springer","MASC",2,"polysyllabic","False",FALSE,TRUE
"Springinsfeld","MASC",3,"polysyllabic","False",TRUE,TRUE
"Springmesser","NEUT",3,"polysyllabic","False",FALSE,TRUE
"Springpferd","NEUT",2,"polysyllabic","False",TRUE,TRUE
"Sprinkler","MASC",2,"polysyllabic","False",FALSE,TRUE
"Sprinz","MASC",1,"monosyllabic","True",TRUE,FALSE
"Spritzfisch","MASC",2,"polysyllabic","True",TRUE,TRUE
"Spritzgießen","NEUT",2,"polysyllabic","False",FALSE,TRUE
"Spritzkuchen","MASC",3,"polysyllabic","False",FALSE,TRUE
"Sprödmetall","NEUT",3,"polysyllabic","False",FALSE,TRUE
"Spross","MASC",1,"monosyllabic","True",TRUE,FALSE
"Sprosser","MASC",2,"polysyllabic","False",FALSE,TRUE
"Sprössling","MASC",2,"polysyllabic","False",FALSE,TRUE
"Sprossvokal","MASC",3,"polysyllabic","False",FALSE,TRUE
"Spruch","MASC",1,"monosyllabic","False",TRUE,TRUE
"Spruchband","NEUT",2,"polysyllabic","False",TRUE,TRUE
"Sprüchlein","NEUT",1,"monosyllabic","False",FALSE,TRUE
"Sprudel","MASC",2,"polysyllabic","False",FALSE,TRUE
"Sprühkäse","MASC",3,"polysyllabic","False",TRUE,FALSE
"Sprühnebel","MASC",3,"polysyllabic","False",FALSE,TRUE
"Sprühregen","MASC",3,"polysyllabic","False",FALSE,TRUE
"Sprung","MASC",1,"monosyllabic","False",TRUE,TRUE
"Sprungbrett","NEUT",2,"polysyllabic","False",TRUE,TRUE
"Sprunggelenk","NEUT",3,"polysyllabic","False",FALSE,TRUE
"Sprungturm","MASC",2,"polysyllabic","False",TRUE,TRUE
"Sprungwurf","MASC",2,"polysyllabic","False",TRUE,TRUE
"Spülbecken","NEUT",3,"polysyllabic","False",FALSE,TRUE
"Spülen","NEUT",2,"polysyllabic","False",FALSE,TRUE
"Spüli","NEUT",2,"polysyllabic","False",FALSE,TRUE
"Spüllappen","MASC",3,"polysyllabic","False",FALSE,TRUE
"Spülmittel","NEUT",3,"polysyllabic","False",FALSE,TRUE
"Spülsaum","MASC",1,"monosyllabic","False",TRUE,TRUE
"Spülsaummaterial","NEUT",4,"polysyllabic","False",FALSE,TRUE
"Spültuch","NEUT",2,"polysyllabic","False",TRUE,TRUE
"Spülwasser","NEUT",3,"polysyllabic","False",FALSE,TRUE
"Spulwurm","MASC",2,"polysyllabic","False",TRUE,TRUE
"Spurenelement","NEUT",5,"polysyllabic","False",FALSE,TRUE
"Staat","MASC",1,"monosyllabic","False",TRUE,TRUE
"Staatenbund","MASC",3,"polysyllabic","False",TRUE,FALSE
"Staatengebilde","NEUT",5,"polysyllabic","False",TRUE,FALSE
"Staatsanwalt","MASC",3,"polysyllabic","False",TRUE,TRUE
"Staatsbesuch","MASC",3,"polysyllabic","False",TRUE,TRUE
"Staatsbürger","MASC",3,"polysyllabic","False",FALSE,TRUE
"Staatschef","MASC",2,"polysyllabic","False",FALSE,TRUE
"Staatsfeind","MASC",1,"monosyllabic","False",TRUE,TRUE
"Staatsgebiet","NEUT",2,"polysyllabic","False",TRUE,TRUE
"Staatsmann","MASC",2,"polysyllabic","False",TRUE,TRUE
"Staatsorchester","NEUT",4,"polysyllabic","False",FALSE,TRUE
"Staatsschutz","MASC",2,"polysyllabic","True",TRUE,FALSE
"Staatsschutzdelikt","NEUT",4,"polysyllabic","False",TRUE,TRUE
"Staatsschützer","MASC",3,"polysyllabic","False",FALSE,TRUE
"Staatssekretär","MASC",4,"polysyllabic","False",TRUE,TRUE
"Staatsstreich","MASC",1,"monosyllabic","False",TRUE,TRUE
"Stab","MASC",1,"monosyllabic","False",TRUE,TRUE
"Stäbchen","NEUT",2,"polysyllabic","False",FALSE,TRUE
"Stabhochspringer","MASC",4,"polysyllabic","False",FALSE,TRUE
"Stabhochsprung","MASC",3,"polysyllabic","False",TRUE,TRUE
"Stabilisierungsmittel","NEUT",6,"polysyllabic","False",FALSE,TRUE
"Stabkirchlein","NEUT",2,"polysyllabic","False",FALSE,TRUE
"Stabreim","MASC",1,"monosyllabic","False",TRUE,TRUE
"Stabsarzt","MASC",2,"polysyllabic","False",TRUE,TRUE
"Stachel","MASC",2,"polysyllabic","False",FALSE,TRUE
"Stacheldraht","MASC",3,"polysyllabic","False",TRUE,TRUE
"Stachelschwein","NEUT",2,"polysyllabic","False",TRUE,TRUE
"Stachelstock","MASC",3,"polysyllabic","False",TRUE,TRUE
"Stadion","NEUT",2,"polysyllabic","False",FALSE,TRUE
"Stadium","NEUT",2,"polysyllabic","False",FALSE,TRUE
"Stadtbezirk","MASC",3,"polysyllabic","False",TRUE,TRUE
"Stadtbummel","MASC",3,"polysyllabic","False",FALSE,TRUE
"Städtchen","NEUT",2,"polysyllabic","False",FALSE,TRUE
"Städter","MASC",2,"polysyllabic","False",FALSE,TRUE
"Stadtgebiet","NEUT",2,"polysyllabic","False",TRUE,TRUE
"Stadtgespräch","NEUT",3,"polysyllabic","False",TRUE,TRUE
"Stadthaus","NEUT",1,"monosyllabic","True",TRUE,FALSE
"Städtlein","NEUT",1,"monosyllabic","False",FALSE,TRUE
"Stadtparlament","NEUT",4,"polysyllabic","False",TRUE,TRUE
"Stadtplan","MASC",2,"polysyllabic","False",TRUE,TRUE
"Stadtrand","MASC",2,"polysyllabic","False",TRUE,TRUE
"Stadtrandgebiet","NEUT",3,"polysyllabic","False",TRUE,TRUE
"Stadtrat","MASC",2,"polysyllabic","False",TRUE,TRUE
"Stadtstaat","MASC",2,"polysyllabic","False",TRUE,TRUE
"Stadtteil","MASC",1,"monosyllabic","False",TRUE,TRUE
"Stadtviertel","NEUT",2,"polysyllabic","False",FALSE,TRUE
"Stadtzentrum","NEUT",3,"polysyllabic","False",FALSE,TRUE
"Staffellauf","MASC",2,"polysyllabic","False",TRUE,TRUE
"Stahl","MASC",1,"monosyllabic","False",TRUE,TRUE
"Stahlbeton","MASC",3,"polysyllabic","False",FALSE,TRUE
"Stahlgerüst","NEUT",3,"polysyllabic","False",TRUE,TRUE
"Stahlhelm","MASC",2,"polysyllabic","False",TRUE,TRUE
"Stahlträger","MASC",3,"polysyllabic","False",FALSE,TRUE
"Stahlwerk","NEUT",2,"polysyllabic","False",TRUE,TRUE
"Staket","NEUT",2,"polysyllabic","False",TRUE,TRUE
"Stalag","NEUT",2,"polysyllabic","False",FALSE,TRUE
"Stalagmit","MASC",3,"polysyllabic","False",FALSE,TRUE
"Stalaktit","MASC",3,"polysyllabic","False",FALSE,TRUE
"Stall","MASC",1,"monosyllabic","False",TRUE,TRUE
"Ställchen","NEUT",2,"polysyllabic","False",FALSE,TRUE
"Stamm","MASC",1,"monosyllabic","False",TRUE,TRUE
"Stammbaum","MASC",1,"monosyllabic","False",TRUE,TRUE
"Stammbesucher","MASC",4,"polysyllabic","False",FALSE,TRUE
"Stammgast","MASC",2,"polysyllabic","False",TRUE,TRUE
"Stammlager","NEUT",3,"polysyllabic","False",FALSE,TRUE
"Stammtisch","MASC",2,"polysyllabic","True",TRUE,TRUE
"Stampfer","MASC",2,"polysyllabic","False",FALSE,TRUE
"Stand","MASC",1,"monosyllabic","False",TRUE,TRUE
"Standard","MASC",2,"polysyllabic","False",FALSE,TRUE
"Standarddeutsch","NEUT",2,"polysyllabic","True",FALSE,TRUE
"Standardkunststoff","MASC",4,"polysyllabic","False",TRUE,TRUE
"Standardpotential","NEUT",5,"polysyllabic","False",FALSE,TRUE
"Standardwerk","NEUT",3,"polysyllabic","False",TRUE,TRUE
"Standardwert","MASC",3,"polysyllabic","False",TRUE,TRUE
"Ständchen","NEUT",2,"polysyllabic","False",FALSE,TRUE
"Ständehaus","NEUT",2,"polysyllabic","True",TRUE,FALSE
"Stander","MASC",2,"polysyllabic","False",FALSE,TRUE
"Ständer","MASC",2,"polysyllabic","False",FALSE,TRUE
"Ständerpilz","MASC",3,"polysyllabic","True",TRUE,FALSE
"Standesamt","NEUT",3,"polysyllabic","False",TRUE,TRUE
"Standort","MASC",2,"polysyllabic","False",TRUE,TRUE
"Standpunkt","MASC",2,"polysyllabic","False",TRUE,TRUE
"Standvogel","MASC",3,"polysyllabic","False",FALSE,TRUE
"Stängel","MASC",2,"polysyllabic","False",FALSE,TRUE
"Stannan","NEUT",2,"polysyllabic","False",FALSE,TRUE
"Stannat","NEUT",2,"polysyllabic","False",FALSE,TRUE
"Stannit","NEUT",2,"polysyllabic","False",FALSE,TRUE
"Stapel","MASC",2,"polysyllabic","False",FALSE,TRUE
"Star","MASC",1,"monosyllabic","False",TRUE,TRUE
"Starkbier","NEUT",1,"monosyllabic","False",TRUE,TRUE
"Stärkungsmittel","NEUT",4,"polysyllabic","False",FALSE,TRUE
"Starrsinn","MASC",2,"polysyllabic","False",TRUE,TRUE
"Starter","MASC",2,"polysyllabic","False",FALSE,TRUE
"Startschuss","MASC",2,"polysyllabic","True",TRUE,FALSE
"Statistiker","MASC",4,"polysyllabic","False",FALSE,TRUE
"Stativ","NEUT",2,"polysyllabic","False",FALSE,TRUE
"Statthalter","MASC",3,"polysyllabic","False",FALSE,TRUE
"Statut","NEUT",2,"polysyllabic","False",TRUE,TRUE
"Stau","MASC",0,"polysyllabic","False",FALSE,TRUE
"Staub","MASC",0,"polysyllabic","False",TRUE,TRUE
"Staubblatt","NEUT",1,"monosyllabic","False",TRUE,FALSE
"Stäubchen","NEUT",1,"monosyllabic","False",FALSE,TRUE
"Staubgefäß","NEUT",2,"polysyllabic","True",TRUE,FALSE
"Staublappen","MASC",2,"polysyllabic","False",FALSE,TRUE
"Stäublein","NEUT",0,"polysyllabic","False",FALSE,TRUE
"Staubmantel","MASC",2,"polysyllabic","False",FALSE,TRUE
"Staubsauger","MASC",1,"monosyllabic","False",FALSE,TRUE
"Staubsturm","MASC",1,"monosyllabic","False",TRUE,TRUE
"Staubwedel","MASC",2,"polysyllabic","False",FALSE,TRUE
"Staudamm","MASC",1,"monosyllabic","False",TRUE,TRUE
"Stauf","MASC",0,"polysyllabic","False",TRUE,TRUE
"Staunen","NEUT",1,"monosyllabic","False",FALSE,TRUE
"Steak","NEUT",1,"monosyllabic","False",FALSE,TRUE
"Steakmesser","NEUT",3,"polysyllabic","False",FALSE,TRUE
"Stearat","NEUT",2,"polysyllabic","False",FALSE,TRUE
"Stecher","MASC",2,"polysyllabic","False",FALSE,TRUE
"Stechschritt","MASC",2,"polysyllabic","False",TRUE,TRUE
"Steckbrief","MASC",1,"monosyllabic","False",FALSE,TRUE
"Stecken","MASC",2,"polysyllabic","False",FALSE,TRUE
"Steckenpferd","NEUT",3,"polysyllabic","False",TRUE,TRUE
"Stecker","MASC",2,"polysyllabic","False",FALSE,TRUE
"Steckling","MASC",2,"polysyllabic","False",FALSE,TRUE
"Stecknadelkopf","MASC",4,"polysyllabic","False",TRUE,TRUE
"Stegosaurier","MASC",2,"polysyllabic","False",FALSE,TRUE
"Stegreif","MASC",1,"monosyllabic","False",TRUE,TRUE
"Stehsatz","MASC",2,"polysyllabic","True",TRUE,FALSE
"Steig","MASC",0,"polysyllabic","False",TRUE,TRUE
"Steigen","NEUT",1,"monosyllabic","False",FALSE,TRUE
"Steiger","MASC",1,"monosyllabic","False",FALSE,TRUE
"Steigrohr","NEUT",1,"monosyllabic","False",TRUE,TRUE
"Stein","MASC",0,"polysyllabic","False",TRUE,TRUE
"Steinadler","MASC",2,"polysyllabic","False",FALSE,TRUE
"Steinbeißer","MASC",1,"monosyllabic","False",FALSE,TRUE
"Steinbock","MASC",1,"monosyllabic","False",TRUE,TRUE
"Steinbrech","MASC",1,"monosyllabic","False",TRUE,TRUE
"Steinbruch","MASC",1,"monosyllabic","False",TRUE,TRUE
"Steinbutt","MASC",1,"monosyllabic","False",TRUE,TRUE
"Steinchen","NEUT",1,"monosyllabic","False",FALSE,TRUE
"Steinhaufen","MASC",1,"monosyllabic","False",FALSE,TRUE
"Steinhaus","NEUT",0,"polysyllabic","True",TRUE,FALSE
"Steinkauz","MASC",0,"polysyllabic","True",TRUE,FALSE
"Steinmarder","MASC",2,"polysyllabic","False",FALSE,TRUE
"Steinmetz","MASC",1,"monosyllabic","True",TRUE,FALSE
"Steinobst","NEUT",1,"monosyllabic","False",TRUE,TRUE
"Steinpilz","MASC",1,"monosyllabic","True",TRUE,FALSE
"Steinsalz","NEUT",1,"monosyllabic","True",TRUE,FALSE
"Steinsalzbergbau","MASC",2,"polysyllabic","False",FALSE,TRUE
"Steinschmätzer","MASC",2,"polysyllabic","False",FALSE,TRUE
"Steinwälzer","MASC",2,"polysyllabic","False",FALSE,TRUE
"Steinwurf","MASC",1,"monosyllabic","False",TRUE,TRUE
"Steiß","MASC",0,"polysyllabic","True",TRUE,FALSE
"Steißbein","NEUT",0,"polysyllabic","False",TRUE,TRUE
"Stellen","NEUT",2,"polysyllabic","False",FALSE,TRUE
"Stellenangebot","NEUT",5,"polysyllabic","False",TRUE,TRUE
"Stellenanwärter","MASC",5,"polysyllabic","False",FALSE,TRUE
"Stellenbewerber","MASC",5,"polysyllabic","False",FALSE,TRUE
"Stellenwert","MASC",3,"polysyllabic","False",TRUE,TRUE
"Stellenwertsystem","NEUT",5,"polysyllabic","False",FALSE,TRUE
"Stellplatz","MASC",2,"polysyllabic","True",TRUE,FALSE
"Stellungskrieg","MASC",2,"polysyllabic","False",TRUE,TRUE
"Stellvertreter","MASC",4,"polysyllabic","False",FALSE,TRUE
"Stellvertreterkrieg","MASC",4,"polysyllabic","False",TRUE,TRUE
"Stempel","MASC",2,"polysyllabic","False",FALSE,TRUE
"Stengel","MASC",2,"polysyllabic","False",FALSE,TRUE
"Steppenbewohner","MASC",5,"polysyllabic","False",FALSE,TRUE
"Steppenfuchs","MASC",3,"polysyllabic","True",TRUE,FALSE
"Steppenwaran","MASC",4,"polysyllabic","False",FALSE,TRUE
"Steppenwolf","MASC",3,"polysyllabic","False",FALSE,TRUE
"Stepper","MASC",2,"polysyllabic","False",FALSE,TRUE
"Sterben","NEUT",2,"polysyllabic","False",FALSE,TRUE
"Stereotyp","NEUT",3,"polysyllabic","False",FALSE,TRUE
"Stern","MASC",1,"monosyllabic","False",TRUE,TRUE
"Sternbild","NEUT",2,"polysyllabic","False",TRUE,TRUE
"Sternchen","NEUT",2,"polysyllabic","False",FALSE,TRUE
"Sterndeuter","MASC",2,"polysyllabic","False",FALSE,TRUE
"Sternenbanner","NEUT",4,"polysyllabic","False",FALSE,TRUE
"Sternenmeer","NEUT",3,"polysyllabic","False",TRUE,TRUE
"Sternenstaub","MASC",2,"polysyllabic","False",TRUE,TRUE
"Sterngucker","MASC",3,"polysyllabic","False",FALSE,TRUE
"Sternhaufen","MASC",2,"polysyllabic","False",FALSE,TRUE
"Sternlein","NEUT",1,"monosyllabic","False",FALSE,TRUE
"Sternsinger","MASC",3,"polysyllabic","False",FALSE,TRUE
"Sternsystem","NEUT",3,"polysyllabic","False",FALSE,TRUE
"Sternwind","MASC",2,"polysyllabic","False",TRUE,TRUE
"Sternzeichen","NEUT",2,"polysyllabic","False",FALSE,TRUE
"Sterz","MASC",1,"monosyllabic","True",TRUE,FALSE
"Stethoskop","NEUT",3,"polysyllabic","False",FALSE,TRUE
"Steuer","NEUT",1,"monosyllabic","False",FALSE,TRUE
"Steuerberater","MASC",4,"polysyllabic","False",FALSE,TRUE
"Steuerbetrug","MASC",3,"polysyllabic","False",TRUE,TRUE
"Steuerbord","NEUT",2,"polysyllabic","False",TRUE,TRUE
"Steuergeld","NEUT",2,"polysyllabic","False",TRUE,TRUE
"Steuerrad","MASC",2,"polysyllabic","False",TRUE,TRUE
"Steuersatz","MASC",2,"polysyllabic","True",TRUE,FALSE
"Steuerschwindel","MASC",3,"polysyllabic","False",FALSE,TRUE
"Steuerwagen","MASC",3,"polysyllabic","False",FALSE,TRUE
"Steuerzahler","MASC",3,"polysyllabic","False",FALSE,TRUE
"Stich","MASC",1,"monosyllabic","False",TRUE,TRUE
"Stichtag","MASC",2,"polysyllabic","False",TRUE,FALSE
"Stichwort","NEUT",2,"polysyllabic","False",TRUE,TRUE
"Stickoxid","NEUT",3,"polysyllabic","False",TRUE,TRUE
"Stickstoff","MASC",2,"polysyllabic","False",TRUE,TRUE
"Stickstoffatom","NEUT",4,"polysyllabic","False",FALSE,TRUE
"Stickstoffhalogenid","NEUT",6,"polysyllabic","False",FALSE,TRUE
"Stickstoffmolekül","NEUT",5,"polysyllabic","False",FALSE,TRUE
"Stiefbruder","MASC",2,"polysyllabic","False",FALSE,TRUE
"Stiefel","MASC",1,"monosyllabic","False",FALSE,TRUE
"Stiefelknecht","MASC",2,"polysyllabic","False",TRUE,TRUE
"Stiefkind","NEUT",1,"monosyllabic","False",TRUE,TRUE
"Stiefmütterchen","NEUT",3,"polysyllabic","False",FALSE,TRUE
"Stiefsohn","MASC",1,"monosyllabic","False",TRUE,TRUE
"Stiefvater","MASC",2,"polysyllabic","False",FALSE,TRUE
"Stieglitz","MASC",1,"monosyllabic","True",TRUE,FALSE
"Stiel","MASC",0,"polysyllabic","False",TRUE,TRUE
"Stier","MASC",0,"polysyllabic","False",TRUE,TRUE
"Stierkampf","MASC",1,"monosyllabic","False",TRUE,TRUE
"Stift","NEUT",1,"monosyllabic","False",TRUE,TRUE
"Stiftungsvermögen","NEUT",5,"polysyllabic","False",FALSE,TRUE
"Stil","MASC",1,"monosyllabic","False",TRUE,TRUE
"Stillen","NEUT",2,"polysyllabic","False",FALSE,TRUE
"Stillleben","NEUT",3,"polysyllabic","False",FALSE,TRUE
"Stillschweigen","NEUT",2,"polysyllabic","False",FALSE,TRUE
"Stillstand","MASC",2,"polysyllabic","False",TRUE,TRUE
"Stimmband","NEUT",2,"polysyllabic","False",TRUE,TRUE
"Stimmbruch","MASC",2,"polysyllabic","False",TRUE,TRUE
"Stimmengewirr","NEUT",4,"polysyllabic","False",TRUE,TRUE
"Stimmfach","NEUT",2,"polysyllabic","False",FALSE,TRUE
"Stimmregister","NEUT",4,"polysyllabic","False",FALSE,TRUE
"Stimmumfang","MASC",3,"polysyllabic","False",TRUE,TRUE
"Stirlingmotor","MASC",4,"polysyllabic","False",FALSE,TRUE
"Stirnrunzeln","NEUT",3,"polysyllabic","False",FALSE,TRUE
"Stishovit","MASC",3,"polysyllabic","False",FALSE,TRUE
"Stocherkahn","MASC",3,"polysyllabic","False",TRUE,TRUE
"Stock","MASC",1,"monosyllabic","False",TRUE,TRUE
"Stöckel","NEUT",2,"polysyllabic","False",FALSE,TRUE
"Stöckelschuh","MASC",3,"polysyllabic","False",TRUE,TRUE
"Stockfisch","MASC",2,"polysyllabic","True",TRUE,TRUE
"Stockwerk","NEUT",2,"polysyllabic","False",TRUE,TRUE
"Stoff","MASC",1,"monosyllabic","False",TRUE,TRUE
"Stoffel","MASC",2,"polysyllabic","False",FALSE,TRUE
"Stoffkreislauf","MASC",1,"monosyllabic","False",TRUE,FALSE
"Stoffmengenanteil","MASC",4,"polysyllabic","False",TRUE,TRUE
"Stofftier","NEUT",1,"monosyllabic","False",TRUE,TRUE
"Stoffwechsel","MASC",3,"polysyllabic","False",FALSE,TRUE
"Stoffwechselprodukt","NEUT",5,"polysyllabic","False",FALSE,TRUE
"Stoffwechselprozess","MASC",5,"polysyllabic","True",TRUE,FALSE
"Stoffwechselweg","MASC",4,"polysyllabic","False",TRUE,TRUE
"Stoiker","MASC",2,"polysyllabic","False",FALSE,TRUE
"Stollen","MASC",2,"polysyllabic","False",FALSE,TRUE
"Stolperstein","MASC",2,"polysyllabic","False",TRUE,TRUE
"Stop","MASC",1,"monosyllabic","False",FALSE,TRUE
"Stopp","MASC",1,"monosyllabic","False",FALSE,TRUE
"Stöpsel","MASC",2,"polysyllabic","False",FALSE,TRUE
"Storch","MASC",1,"monosyllabic","False",TRUE,TRUE
"Störenfried","MASC",2,"polysyllabic","False",TRUE,TRUE
"Stoß","MASC",1,"monosyllabic","True",TRUE,FALSE
"Stoßdämpfer","MASC",3,"polysyllabic","False",FALSE,TRUE
"Stößel","MASC",2,"polysyllabic","False",FALSE,TRUE
"Stößer","MASC",2,"polysyllabic","False",FALSE,TRUE
"Stoßzahn","MASC",2,"polysyllabic","False",TRUE,TRUE
"Stottern","NEUT",2,"polysyllabic","False",FALSE,TRUE
"Stotzen","MASC",2,"polysyllabic","False",FALSE,TRUE
"Stövchen","NEUT",2,"polysyllabic","False",FALSE,TRUE
"Stracciatella","NEUT",4,"polysyllabic","False",FALSE,TRUE
"Strafantrag","MASC",3,"polysyllabic","False",TRUE,TRUE
"Straffen","NEUT",2,"polysyllabic","False",FALSE,TRUE
"Strafgericht","NEUT",3,"polysyllabic","False",TRUE,TRUE
"Strafraum","MASC",1,"monosyllabic","False",TRUE,TRUE
"Strafrechtler","MASC",3,"polysyllabic","False",FALSE,TRUE
"Strafstoß","MASC",2,"polysyllabic","True",TRUE,FALSE
"Straftäter","MASC",3,"polysyllabic","False",FALSE,TRUE
"Strafverteidiger","MASC",4,"polysyllabic","False",FALSE,TRUE
"Strafvollzug","MASC",3,"polysyllabic","False",TRUE,TRUE
"Strafzettel","MASC",3,"polysyllabic","False",FALSE,TRUE
"Strahl","MASC",1,"monosyllabic","False",TRUE,TRUE
"Strahlenschutz","MASC",3,"polysyllabic","True",TRUE,FALSE
"Strahlentierchen","NEUT",3,"polysyllabic","False",FALSE,TRUE
"Strahlflugzeug","NEUT",2,"polysyllabic","False",TRUE,TRUE
"Strahltriebwerk","NEUT",2,"polysyllabic","False",TRUE,TRUE
"Strand","MASC",1,"monosyllabic","False",TRUE,TRUE
"Strandbad","NEUT",2,"polysyllabic","False",TRUE,TRUE
"Strandhotel","NEUT",3,"polysyllabic","False",FALSE,TRUE
"Strandläufer","MASC",2,"polysyllabic","False",FALSE,TRUE
"Strandwächter","MASC",3,"polysyllabic","False",FALSE,TRUE
"Strang","MASC",1,"monosyllabic","False",TRUE,TRUE
"Strass","MASC",1,"monosyllabic","True",TRUE,FALSE
"Strässchen","NEUT",2,"polysyllabic","False",FALSE,TRUE
"Sträßchen","NEUT",2,"polysyllabic","False",FALSE,TRUE
"Straßenbild","NEUT",3,"polysyllabic","False",TRUE,TRUE
"Straßenfest","NEUT",3,"polysyllabic","False",TRUE,TRUE
"Straßenkämpfer","MASC",4,"polysyllabic","False",FALSE,TRUE
"Straßenmaler","MASC",4,"polysyllabic","False",FALSE,TRUE
"Strassenmusiker","MASC",5,"polysyllabic","False",FALSE,TRUE
"Straßenmusiker","MASC",5,"polysyllabic","False",FALSE,TRUE
"Straßenpflaster","NEUT",4,"polysyllabic","False",FALSE,TRUE
"Straßenprotest","MASC",4,"polysyllabic","False",TRUE,TRUE
"Straßenräuber","MASC",3,"polysyllabic","False",FALSE,TRUE
"Straßenschild","NEUT",3,"polysyllabic","False",TRUE,TRUE
"Strassenverkehr","MASC",4,"polysyllabic","False",FALSE,TRUE
"Straßenverkehr","MASC",4,"polysyllabic","False",FALSE,TRUE
"Straßenzustand","MASC",4,"polysyllabic","False",TRUE,TRUE
"Strauch","MASC",0,"polysyllabic","False",TRUE,TRUE
"Strauß","MASC",0,"polysyllabic","True",TRUE,FALSE
"Straußenfarn","MASC",2,"polysyllabic","False",TRUE,TRUE
"Streben","NEUT",2,"polysyllabic","False",FALSE,TRUE
"Streber","MASC",2,"polysyllabic","False",FALSE,TRUE
"Streckenverlauf","MASC",3,"polysyllabic","False",TRUE,TRUE
"Streich","MASC",0,"polysyllabic","False",TRUE,TRUE
"Streichbein","NEUT",0,"polysyllabic","False",TRUE,TRUE
"Streichen","NEUT",1,"monosyllabic","False",FALSE,TRUE
"Streicher","MASC",1,"monosyllabic","False",FALSE,TRUE
"Streichholz","NEUT",1,"monosyllabic","True",TRUE,FALSE
"Streichhölzchen","NEUT",2,"polysyllabic","False",FALSE,TRUE
"Streichhölzlein","NEUT",1,"monosyllabic","False",FALSE,TRUE
"Streichholzschächtelchen","NEUT",4,"polysyllabic","False",FALSE,TRUE
"Streichinstrument","NEUT",3,"polysyllabic","False",TRUE,TRUE
"Streichinstrumentenbauer","MASC",5,"polysyllabic","False",FALSE,TRUE
"Streichinstrumentenhersteller","MASC",7,"polysyllabic","False",FALSE,TRUE
"Streifchen","NEUT",1,"monosyllabic","False",FALSE,TRUE
"Streifen","MASC",1,"monosyllabic","False",FALSE,TRUE
"Streifenameisenwürger","MASC",5,"polysyllabic","False",FALSE,TRUE
"Streifenhörnchen","NEUT",3,"polysyllabic","False",FALSE,TRUE
"Streifenschakal","MASC",3,"polysyllabic","False",TRUE,TRUE
"Streifenwagen","MASC",3,"polysyllabic","False",FALSE,TRUE
"Streifzug","MASC",1,"monosyllabic","False",TRUE,TRUE
"Streik","MASC",0,"polysyllabic","False",TRUE,TRUE
"Streikgeld","NEUT",1,"monosyllabic","False",TRUE,TRUE
"Streit","MASC",0,"polysyllabic","False",TRUE,TRUE
"Streiten","NEUT",1,"monosyllabic","False",FALSE,TRUE
"Streitgespräch","NEUT",2,"polysyllabic","False",TRUE,TRUE
"Streitwagen","MASC",2,"polysyllabic","False",FALSE,TRUE
"Stresshormon","NEUT",3,"polysyllabic","False",FALSE,TRUE
"Stresstest","MASC",2,"polysyllabic","False",FALSE,TRUE
"Streubesitz","MASC",2,"polysyllabic","True",TRUE,FALSE
"Streufahrzeug","NEUT",1,"monosyllabic","False",TRUE,TRUE
"Streuner","MASC",1,"monosyllabic","False",FALSE,TRUE
"Streusalz","NEUT",1,"monosyllabic","True",TRUE,FALSE
"Streuselkuchen","MASC",3,"polysyllabic","False",FALSE,TRUE
"Strich","MASC",1,"monosyllabic","False",TRUE,TRUE
"Strichelchen","NEUT",3,"polysyllabic","False",FALSE,TRUE
"Stricher","MASC",2,"polysyllabic","False",FALSE,TRUE
"Strichmädchen","NEUT",3,"polysyllabic","False",FALSE,TRUE
"Strichmännchen","NEUT",3,"polysyllabic","False",FALSE,TRUE
"Strichvogel","MASC",3,"polysyllabic","False",FALSE,TRUE
"Strick","MASC",1,"monosyllabic","False",TRUE,TRUE
"Strickchen","NEUT",2,"polysyllabic","False",FALSE,TRUE
"Stricken","NEUT",2,"polysyllabic","False",FALSE,TRUE
"Stricker","MASC",2,"polysyllabic","False",FALSE,TRUE
"Stripper","MASC",2,"polysyllabic","False",FALSE,TRUE
"Strizzi","MASC",2,"polysyllabic","False",FALSE,TRUE
"Stroboskop","NEUT",3,"polysyllabic","False",FALSE,TRUE
"Stroh","NEUT",1,"monosyllabic","False",TRUE,TRUE
"Strohdach","NEUT",2,"polysyllabic","False",TRUE,TRUE
"Strohfeuer","NEUT",2,"polysyllabic","False",FALSE,TRUE
"Strohhalm","MASC",2,"polysyllabic","False",TRUE,TRUE
"Strohhälmchen","NEUT",3,"polysyllabic","False",FALSE,TRUE
"Strom","MASC",1,"monosyllabic","False",TRUE,TRUE
"Stromeyerit","MASC",3,"polysyllabic","False",FALSE,TRUE
"Stromkabel","NEUT",3,"polysyllabic","False",FALSE,TRUE
"Stromnetz","NEUT",2,"polysyllabic","True",TRUE,FALSE
"Stromschlag","MASC",2,"polysyllabic","False",TRUE,TRUE
"Stromstoß","MASC",2,"polysyllabic","True",TRUE,FALSE
"Stromzähler","MASC",3,"polysyllabic","False",FALSE,TRUE
"Strontianit","MASC",3,"polysyllabic","False",FALSE,TRUE
"Strontium","NEUT",2,"polysyllabic","False",FALSE,TRUE
"Strontiumamalgam","NEUT",5,"polysyllabic","False",FALSE,TRUE
"Strontiumferrit","NEUT",4,"polysyllabic","False",FALSE,TRUE
"Strontiumgehalt","MASC",4,"polysyllabic","False",TRUE,TRUE
"Strontiumisotop","NEUT",5,"polysyllabic","False",FALSE,TRUE
"Strontiummetall","NEUT",4,"polysyllabic","False",TRUE,TRUE
"Strontiumsalz","NEUT",3,"polysyllabic","True",TRUE,FALSE
"Strudel","MASC",2,"polysyllabic","False",FALSE,TRUE
"Strukturelement","NEUT",5,"polysyllabic","False",TRUE,TRUE
"Strukturprotein","NEUT",3,"polysyllabic","False",FALSE,TRUE
"Strumpf","MASC",1,"monosyllabic","False",TRUE,TRUE
"Strumpfband","NEUT",2,"polysyllabic","False",TRUE,TRUE
"Strunk","MASC",1,"monosyllabic","False",TRUE,TRUE
"Stübchen","NEUT",2,"polysyllabic","False",FALSE,TRUE
"Stubentiger","MASC",4,"polysyllabic","False",FALSE,TRUE
"Stuck","MASC",1,"monosyllabic","False",FALSE,TRUE
"Stück","NEUT",1,"monosyllabic","False",TRUE,TRUE
"Stückchen","NEUT",2,"polysyllabic","False",FALSE,TRUE
"Stücklein","NEUT",1,"monosyllabic","False",FALSE,TRUE
"Stückwerk","NEUT",2,"polysyllabic","False",TRUE,TRUE
"Studentenfutter","NEUT",5,"polysyllabic","False",FALSE,TRUE
"Studentenwohnheim","NEUT",4,"polysyllabic","False",TRUE,TRUE
"Studienhalbjahr","NEUT",3,"polysyllabic","False",TRUE,TRUE
"Studio","NEUT",2,"polysyllabic","False",FALSE,TRUE
"Studium","NEUT",2,"polysyllabic","False",FALSE,TRUE
"Stufenbarren","MASC",4,"polysyllabic","False",FALSE,TRUE
"Stufenheck","NEUT",3,"polysyllabic","False",TRUE,TRUE
"Stuhl","MASC",1,"monosyllabic","False",TRUE,TRUE
"Stühlchen","NEUT",2,"polysyllabic","False",FALSE,TRUE
"Stummel","MASC",2,"polysyllabic","False",FALSE,TRUE
"Stummfilm","MASC",2,"polysyllabic","False",TRUE,TRUE
"Stümper","MASC",2,"polysyllabic","False",FALSE,TRUE
"Stumpf","MASC",1,"monosyllabic","False",TRUE,TRUE
"Stündchen","NEUT",2,"polysyllabic","False",FALSE,TRUE
"Stundenglas","NEUT",3,"polysyllabic","True",TRUE,FALSE
"Stundenkilometer","MASC",6,"polysyllabic","False",FALSE,TRUE
"Stundenplan","MASC",3,"polysyllabic","False",TRUE,TRUE
"Stundenzeiger","MASC",3,"polysyllabic","False",FALSE,TRUE
"Stündlein","NEUT",1,"monosyllabic","False",FALSE,TRUE
"Sturm","MASC",1,"monosyllabic","False",TRUE,TRUE
"Stürmer","MASC",2,"polysyllabic","False",FALSE,TRUE
"Sturmgewehr","NEUT",3,"polysyllabic","False",TRUE,TRUE
"Sturmtief","NEUT",1,"monosyllabic","False",FALSE,TRUE
"Sturmvogel","MASC",3,"polysyllabic","False",FALSE,TRUE
"Sturmwetter","NEUT",3,"polysyllabic","False",FALSE,TRUE
"Sturz","MASC",1,"monosyllabic","True",TRUE,FALSE
"Sturzflug","MASC",2,"polysyllabic","False",TRUE,TRUE
"Sturzkampfgeschwader","NEUT",5,"polysyllabic","False",FALSE,TRUE
"Stuttgarter","MASC",3,"polysyllabic","False",FALSE,TRUE
"Stutz","MASC",1,"monosyllabic","True",TRUE,FALSE
"Stutzen","MASC",2,"polysyllabic","False",FALSE,TRUE
"Stutzer","MASC",2,"polysyllabic","False",FALSE,TRUE
"Stutzflügel","MASC",3,"polysyllabic","False",FALSE,TRUE
"Stützpunkt","MASC",2,"polysyllabic","False",TRUE,TRUE
"Stützrad","NEUT",2,"polysyllabic","False",TRUE,TRUE
"Styropor","NEUT",3,"polysyllabic","False",FALSE,TRUE
"Subbotnik","MASC",3,"polysyllabic","False",FALSE,TRUE
"Subdiakon","MASC",3,"polysyllabic","False",FALSE,TRUE
"Subjekt","NEUT",2,"polysyllabic","False",TRUE,TRUE
"Sublimationspunkt","MASC",5,"polysyllabic","False",FALSE,TRUE
"Suboxid","NEUT",3,"polysyllabic","False",TRUE,TRUE
"Substrat","NEUT",2,"polysyllabic","False",TRUE,TRUE
"Subtrahieren","NEUT",3,"polysyllabic","False",FALSE,TRUE
"Subunternehmer","MASC",5,"polysyllabic","False",FALSE,TRUE
"Suchbaum","MASC",1,"monosyllabic","False",TRUE,TRUE
"Sucher","MASC",2,"polysyllabic","False",FALSE,TRUE
"Suchtmittel","NEUT",3,"polysyllabic","False",FALSE,TRUE
"Sud","MASC",1,"monosyllabic","False",TRUE,TRUE
"Süd","MASC",1,"monosyllabic","False",FALSE,TRUE
"Südasien","NEUT",2,"polysyllabic","False",FALSE,TRUE
"Süden","MASC",2,"polysyllabic","False",FALSE,TRUE
"Südkoreaner","MASC",4,"polysyllabic","False",FALSE,TRUE
"Südosten","MASC",3,"polysyllabic","False",FALSE,TRUE
"Südpol","MASC",2,"polysyllabic","False",TRUE,TRUE
"Südwesten","MASC",3,"polysyllabic","False",FALSE,TRUE
"Südwester","MASC",3,"polysyllabic","False",FALSE,TRUE
"Südwind","MASC",2,"polysyllabic","False",TRUE,TRUE
"Suffix","NEUT",2,"polysyllabic","True",TRUE,FALSE
"Suffixoid","NEUT",3,"polysyllabic","False",TRUE,TRUE
"Suicidium","NEUT",3,"polysyllabic","False",FALSE,TRUE
"Sulfat","NEUT",2,"polysyllabic","False",TRUE,TRUE
"Sulfid","NEUT",2,"polysyllabic","False",TRUE,TRUE
"Sulfit","NEUT",2,"polysyllabic","False",FALSE,TRUE
"Sulfon","NEUT",2,"polysyllabic","False",FALSE,TRUE
"Sulfonamid","NEUT",4,"polysyllabic","False",TRUE,TRUE
"Sulfonat","NEUT",3,"polysyllabic","False",FALSE,TRUE
"Sulfosalz","NEUT",3,"polysyllabic","True",TRUE,FALSE
"Sulfoxid","NEUT",3,"polysyllabic","False",FALSE,TRUE
"Sulfoxylat","NEUT",4,"polysyllabic","False",FALSE,TRUE
"Sulfurylhalogenid","NEUT",7,"polysyllabic","False",FALSE,TRUE
"Sultan","MASC",2,"polysyllabic","False",FALSE,TRUE
"Sultanat","NEUT",3,"polysyllabic","False",TRUE,TRUE
"Sumach","MASC",2,"polysyllabic","False",FALSE,TRUE
"Sumatra-Nashorn","NEUT",5,"polysyllabic","False",TRUE,TRUE
"Sümmchen","NEUT",2,"polysyllabic","False",FALSE,TRUE
"Summieren","NEUT",2,"polysyllabic","False",FALSE,TRUE
"Sumpf","MASC",1,"monosyllabic","False",TRUE,FALSE
"Sündenbabel","NEUT",4,"polysyllabic","False",FALSE,TRUE
"Sündenfall","MASC",3,"polysyllabic","False",TRUE,TRUE
"Sündenpfuhl","MASC",3,"polysyllabic","False",TRUE,TRUE
"Sünder","MASC",2,"polysyllabic","False",FALSE,TRUE
"Sündopfer","NEUT",3,"polysyllabic","False",FALSE,TRUE
"Supergalaxienhaufen","MASC",5,"polysyllabic","False",FALSE,TRUE
"Superhaufen","MASC",3,"polysyllabic","False",FALSE,TRUE
"Superlativ","MASC",4,"polysyllabic","False",FALSE,TRUE
"Supermarkt","MASC",3,"polysyllabic","False",TRUE,TRUE
"Superoxid","NEUT",4,"polysyllabic","False",TRUE,TRUE
"Superphosphat","NEUT",4,"polysyllabic","False",FALSE,TRUE
"Superstrat","NEUT",3,"polysyllabic","False",TRUE,TRUE
"Süppchen","NEUT",2,"polysyllabic","False",FALSE,TRUE
"Suppengewürz","NEUT",4,"polysyllabic","True",TRUE,FALSE
"Suppenkraut","NEUT",2,"polysyllabic","False",TRUE,TRUE
"Suppenlöffel","MASC",4,"polysyllabic","False",FALSE,TRUE
"Suppenteller","MASC",4,"polysyllabic","False",FALSE,TRUE
"Supraleiter","MASC",3,"polysyllabic","False",FALSE,TRUE
"Surinamer","MASC",4,"polysyllabic","False",FALSE,TRUE
"Sushi","NEUT",2,"polysyllabic","False",FALSE,TRUE
"Süßholz","NEUT",2,"polysyllabic","True",TRUE,FALSE
"Süßkram","MASC",2,"polysyllabic","False",TRUE,TRUE
"Süßstoff","MASC",2,"polysyllabic","False",TRUE,TRUE
"Süßwasser","NEUT",3,"polysyllabic","False",FALSE,TRUE
"Süßwasserfisch","MASC",4,"polysyllabic","True",TRUE,FALSE
"Swinger","MASC",2,"polysyllabic","False",FALSE,TRUE
"Syenit","MASC",2,"polysyllabic","False",FALSE,TRUE
"Sylvin","NEUT",2,"polysyllabic","False",FALSE,TRUE
"Sylvinit","MASC",3,"polysyllabic","False",FALSE,TRUE
"Symbol","NEUT",2,"polysyllabic","False",TRUE,TRUE
"Sympodium","NEUT",3,"polysyllabic","False",FALSE,TRUE
"Symptom","NEUT",2,"polysyllabic","False",FALSE,TRUE
"Synchronsprecher","MASC",4,"polysyllabic","False",FALSE,TRUE
"Syndrom","NEUT",2,"polysyllabic","False",FALSE,TRUE
"Synonym","NEUT",3,"polysyllabic","False",FALSE,TRUE
"Syntagma","NEUT",3,"polysyllabic","False",FALSE,TRUE
"Syrer","MASC",2,"polysyllabic","False",FALSE,TRUE
"Syrier","MASC",1,"monosyllabic","False",FALSE,TRUE
"System","NEUT",2,"polysyllabic","False",FALSE,TRUE
"Systemfehler","MASC",4,"polysyllabic","False",FALSE,TRUE
"Szintillationszähler","MASC",6,"polysyllabic","False",FALSE,TRUE
"Tabak","MASC",2,"polysyllabic","False",FALSE,TRUE
"Tabakkäfer","MASC",4,"polysyllabic","False",FALSE,TRUE
"Tableau","NEUT",2,"polysyllabic","False",FALSE,TRUE
"Tablet","NEUT",2,"polysyllabic","False",FALSE,TRUE
"Tablett","NEUT",2,"polysyllabic","False",TRUE,TRUE
"Tabu","NEUT",2,"polysyllabic","False",FALSE,TRUE
"Tabubruch","MASC",3,"polysyllabic","False",TRUE,TRUE
"Tabuthema","MASC",4,"polysyllabic","False",FALSE,TRUE
"Tacho","MASC",2,"polysyllabic","False",FALSE,TRUE
"Tadel","MASC",2,"polysyllabic","False",FALSE,TRUE
"Taenit","MASC",2,"polysyllabic","False",FALSE,TRUE
"Tafelaufsatz","MASC",3,"polysyllabic","True",TRUE,FALSE
"Tafelberg","MASC",3,"polysyllabic","False",TRUE,TRUE
"Tafelsilber","NEUT",4,"polysyllabic","False",FALSE,TRUE
"Tafelwein","MASC",2,"polysyllabic","False",TRUE,TRUE
"Taft","MASC",1,"monosyllabic","False",TRUE,TRUE
"Tag","MASC",1,"monosyllabic","False",TRUE,TRUE
"Tägchen","NEUT",2,"polysyllabic","False",FALSE,TRUE
"Tagebau","MASC",2,"polysyllabic","False",TRUE,TRUE
"Tagebuch","NEUT",3,"polysyllabic","False",TRUE,TRUE
"Tagelöhner","MASC",4,"polysyllabic","False",FALSE,TRUE
"Tagesablauf","MASC",3,"polysyllabic","False",TRUE,TRUE
"Tagesanbruch","MASC",4,"polysyllabic","False",TRUE,TRUE
"Tagesausflug","MASC",3,"polysyllabic","False",TRUE,TRUE
"Tagesbedarf","MASC",4,"polysyllabic","False",TRUE,TRUE
"Tagesbeginn","MASC",4,"polysyllabic","False",TRUE,TRUE
"Tagesende","NEUT",4,"polysyllabic","False",TRUE,FALSE
"Tageslicht","NEUT",3,"polysyllabic","False",TRUE,TRUE
"Tagewähler","MASC",4,"polysyllabic","False",FALSE,TRUE
"Tagfalter","MASC",3,"polysyllabic","False",FALSE,TRUE
"Tagtraum","MASC",1,"monosyllabic","False",TRUE,TRUE
"Tagwerk","NEUT",2,"polysyllabic","False",TRUE,TRUE
"Taifun","MASC",2,"polysyllabic","False",FALSE,TRUE
"Taiwaner","MASC",3,"polysyllabic","False",FALSE,TRUE
"Takt","MASC",1,"monosyllabic","False",TRUE,TRUE
"Taktgefühl","NEUT",3,"polysyllabic","False",TRUE,TRUE
"Taktikwechsel","MASC",4,"polysyllabic","False",FALSE,TRUE
"Tal","NEUT",1,"monosyllabic","False",TRUE,TRUE
"Talent","NEUT",2,"polysyllabic","False",TRUE,TRUE
"Talg","MASC",1,"monosyllabic","False",TRUE,TRUE
"Talisman","MASC",3,"polysyllabic","False",FALSE,TRUE
"Talk","MASC",1,"monosyllabic","False",TRUE,TRUE
"Talmi","NEUT",2,"polysyllabic","False",FALSE,TRUE
"Talnebel","MASC",3,"polysyllabic","False",FALSE,TRUE
"Talweg","MASC",2,"polysyllabic","False",TRUE,TRUE
"Tamburin","NEUT",3,"polysyllabic","False",FALSE,TRUE
"Tamtam","NEUT",2,"polysyllabic","False",FALSE,TRUE
"Tand","MASC",1,"monosyllabic","False",TRUE,TRUE
"Tang","MASC",1,"monosyllabic","False",FALSE,TRUE
"Tangotänzer","MASC",4,"polysyllabic","False",FALSE,TRUE
"Tank","MASC",1,"monosyllabic","False",TRUE,TRUE
"Tankfahrzeug","NEUT",2,"polysyllabic","False",TRUE,TRUE
"Tann","MASC",1,"monosyllabic","False",TRUE,TRUE
"Tannenbaum","MASC",2,"polysyllabic","False",TRUE,TRUE
"Tannenholz","NEUT",3,"polysyllabic","True",TRUE,FALSE
"Tannenzapfen","MASC",4,"polysyllabic","False",FALSE,TRUE
"Tannenzweig","MASC",2,"polysyllabic","False",FALSE,TRUE
"Tantal","NEUT",2,"polysyllabic","False",FALSE,TRUE
"Tantalerz","NEUT",3,"polysyllabic","True",TRUE,FALSE
"Tantalit","MASC",3,"polysyllabic","False",FALSE,TRUE
"Tanz","MASC",1,"monosyllabic","True",TRUE,FALSE
"Tanzball","MASC",2,"polysyllabic","False",TRUE,TRUE
"Tanzen","NEUT",2,"polysyllabic","False",FALSE,TRUE
"Tänzer","MASC",2,"polysyllabic","False",FALSE,TRUE
"Tanzmusiker","MASC",4,"polysyllabic","False",FALSE,TRUE
"Tanzverbot","NEUT",3,"polysyllabic","False",TRUE,TRUE
"Tapet","NEUT",2,"polysyllabic","False",FALSE,TRUE
"Tapir","MASC",2,"polysyllabic","False",FALSE,TRUE
"Tarifvertrag","MASC",4,"polysyllabic","False",TRUE,TRUE
"Tarnkappenbomber","MASC",5,"polysyllabic","False",FALSE,TRUE
"Tartrat","NEUT",2,"polysyllabic","False",FALSE,TRUE
"Taschenbuch","NEUT",3,"polysyllabic","False",TRUE,TRUE
"Taschendieb","MASC",2,"polysyllabic","False",TRUE,TRUE
"Taschengeld","NEUT",3,"polysyllabic","False",TRUE,TRUE
"Taschenmesser","NEUT",4,"polysyllabic","False",FALSE,TRUE
"Taschentuch","NEUT",3,"polysyllabic","False",TRUE,TRUE
"Taschenwörterbuch","NEUT",5,"polysyllabic","False",TRUE,TRUE
"Tasten","NEUT",2,"polysyllabic","False",FALSE,TRUE
"Tasteninstrument","MASC",5,"polysyllabic","False",TRUE,TRUE
"Tasteninstrumentenbauer","MASC",7,"polysyllabic","False",FALSE,TRUE
"Tasteninstrumentenhersteller","MASC",9,"polysyllabic","False",FALSE,TRUE
"Tastsinn","MASC",2,"polysyllabic","False",TRUE,TRUE
"Tatbestand","MASC",3,"polysyllabic","False",TRUE,TRUE
"Täter","MASC",2,"polysyllabic","False",FALSE,TRUE
"Tätervolk","NEUT",3,"polysyllabic","False",TRUE,TRUE
"Tätigkeitswort","NEUT",3,"polysyllabic","False",TRUE,TRUE
"Tatsachenbeschöniger","MASC",7,"polysyllabic","False",FALSE,TRUE
"Tatsachenverdreher","MASC",6,"polysyllabic","False",FALSE,TRUE
"Tattergreis","MASC",2,"polysyllabic","True",TRUE,FALSE
"Tatterich","MASC",3,"polysyllabic","False",TRUE,TRUE
"Tattoo","NEUT",2,"polysyllabic","False",FALSE,TRUE
"Tatverdacht","MASC",3,"polysyllabic","False",TRUE,TRUE
"Tatzelwurm","MASC",3,"polysyllabic","False",TRUE,TRUE
"Tau","NEUT",0,"polysyllabic","False",TRUE,TRUE
"Täubchen","NEUT",1,"monosyllabic","False",FALSE,TRUE
"Taubenhaus","NEUT",1,"monosyllabic","True",TRUE,FALSE
"Taubenzüchter","MASC",3,"polysyllabic","False",FALSE,TRUE
"Tauber","MASC",1,"monosyllabic","False",FALSE,TRUE
"Tauchen","NEUT",1,"monosyllabic","False",FALSE,TRUE
"Taucher","MASC",1,"monosyllabic","False",FALSE,TRUE
"Täufer","MASC",1,"monosyllabic","False",FALSE,TRUE
"Taufschein","MASC",0,"polysyllabic","False",TRUE,TRUE
"Taufstein","MASC",0,"polysyllabic","False",TRUE,TRUE
"Taugenichts","MASC",2,"polysyllabic","True",TRUE,FALSE
"Tausch","MASC",0,"polysyllabic","True",TRUE,TRUE
"Tausendschön","NEUT",2,"polysyllabic","False",FALSE,TRUE
"Tausendschönchen","NEUT",3,"polysyllabic","False",FALSE,TRUE
"Tausendstel","NEUT",2,"polysyllabic","False",FALSE,TRUE
"Tautropfen","MASC",2,"polysyllabic","False",FALSE,TRUE
"Tauziehen","NEUT",1,"monosyllabic","False",FALSE,TRUE
"Taxi","NEUT",2,"polysyllabic","False",FALSE,TRUE
"Taxifahrer","MASC",4,"polysyllabic","False",FALSE,TRUE
"Taxler","MASC",2,"polysyllabic","False",FALSE,TRUE
"Team","NEUT",1,"monosyllabic","False",FALSE,TRUE
"Teamgeist","MASC",1,"monosyllabic","False",TRUE,TRUE
"Teamwork","NEUT",2,"polysyllabic","False",FALSE,TRUE
"Technetat","NEUT",3,"polysyllabic","False",FALSE,TRUE
"Technetium","NEUT",3,"polysyllabic","False",FALSE,TRUE
"Technetiumatom","NEUT",5,"polysyllabic","False",FALSE,TRUE
"Techniker","MASC",3,"polysyllabic","False",FALSE,TRUE
"Technolekt","MASC",3,"polysyllabic","False",TRUE,TRUE
"Teckel","MASC",2,"polysyllabic","False",FALSE,TRUE
"Teddybär","MASC",3,"polysyllabic","False",FALSE,TRUE
"Tee","NEUT",1,"monosyllabic","False",TRUE,FALSE
"Teebeutel","MASC",2,"polysyllabic","False",FALSE,TRUE
"Teeblatt","NEUT",2,"polysyllabic","False",TRUE,TRUE
"Teeglas","NEUT",2,"polysyllabic","True",TRUE,FALSE
"Teehaus","NEUT",1,"monosyllabic","True",TRUE,FALSE
"Teehäuschen","NEUT",2,"polysyllabic","False",FALSE,TRUE
"Teekessel","MASC",3,"polysyllabic","False",FALSE,TRUE
"Teekesselchen","NEUT",4,"polysyllabic","False",FALSE,TRUE
"Teekocher","MASC",3,"polysyllabic","False",FALSE,TRUE
"Teelöffel","MASC",3,"polysyllabic","False",FALSE,TRUE
"Teelöffelchen","NEUT",4,"polysyllabic","False",FALSE,TRUE
"Teenager","MASC",3,"polysyllabic","False",FALSE,TRUE
"Teenie","MASC",1,"monosyllabic","False",TRUE,FALSE
"Teer","MASC",1,"monosyllabic","False",TRUE,TRUE
"Teeren","NEUT",2,"polysyllabic","False",FALSE,TRUE
"Teesieb","NEUT",1,"monosyllabic","False",TRUE,TRUE
"Teewärmer","MASC",3,"polysyllabic","False",FALSE,TRUE
"Teich","MASC",0,"polysyllabic","False",TRUE,TRUE
"Teichfrosch","MASC",1,"monosyllabic","True",TRUE,TRUE
"Teichmolch","MASC",1,"monosyllabic","False",TRUE,TRUE
"Teichwasserläufer","MASC",3,"polysyllabic","False",FALSE,TRUE
"Teig","MASC",0,"polysyllabic","False",TRUE,TRUE
"Teigling","MASC",1,"monosyllabic","False",FALSE,TRUE
"Teiglöffel","MASC",2,"polysyllabic","False",FALSE,TRUE
"Teigmesser","NEUT",2,"polysyllabic","False",FALSE,TRUE
"Teigschaber","MASC",2,"polysyllabic","False",FALSE,TRUE
"Teil","NEUT",0,"polysyllabic","False",TRUE,TRUE
"Teilchen","NEUT",1,"monosyllabic","False",FALSE,TRUE
"Teilchenbeschleuniger","MASC",4,"polysyllabic","False",FALSE,TRUE
"Teilchendetektor","MASC",4,"polysyllabic","False",FALSE,TRUE
"Teilen","NEUT",1,"monosyllabic","False",FALSE,TRUE
"Teilnehmer","MASC",2,"polysyllabic","False",FALSE,TRUE
"Teilpächter","MASC",2,"polysyllabic","False",FALSE,TRUE
"Teilsatz","MASC",1,"monosyllabic","True",TRUE,FALSE
"Teilsieg","MASC",0,"polysyllabic","False",TRUE,TRUE
"Teilungsrest","MASC",2,"polysyllabic","False",TRUE,TRUE
"Teilzeitarbeiter","MASC",2,"polysyllabic","False",FALSE,TRUE
"Tektit","MASC",2,"polysyllabic","False",FALSE,TRUE
"Telefon","NEUT",3,"polysyllabic","False",FALSE,TRUE
"Telefonanschluss","MASC",5,"polysyllabic","True",TRUE,FALSE
"Telefonat","NEUT",4,"polysyllabic","False",TRUE,TRUE
"Telefonbuch","NEUT",4,"polysyllabic","False",TRUE,TRUE
"Telefongespräch","NEUT",5,"polysyllabic","False",TRUE,TRUE
"Telefonnetz","NEUT",4,"polysyllabic","True",TRUE,FALSE
"Telefonverkäufer","MASC",5,"polysyllabic","False",FALSE,TRUE
"Telegramm","NEUT",3,"polysyllabic","False",FALSE,TRUE
"Telephon","NEUT",3,"polysyllabic","False",FALSE,TRUE
"Teleskop","NEUT",3,"polysyllabic","False",FALSE,TRUE
"Teller","MASC",2,"polysyllabic","False",FALSE,TRUE
"Tellerchen","NEUT",3,"polysyllabic","False",FALSE,TRUE
"Tellerlein","NEUT",2,"polysyllabic","False",FALSE,TRUE
"Tellerrand","MASC",3,"polysyllabic","False",TRUE,TRUE
"Tellerwäscher","MASC",4,"polysyllabic","False",FALSE,TRUE
"Tellur","NEUT",2,"polysyllabic","False",FALSE,TRUE
"Tellurid","NEUT",3,"polysyllabic","False",TRUE,TRUE
"Tellurium","NEUT",3,"polysyllabic","False",FALSE,TRUE
"Temminckstrandläufer","MASC",4,"polysyllabic","False",FALSE,TRUE
"Tempel","MASC",2,"polysyllabic","False",FALSE,TRUE
"Tempelritter","MASC",4,"polysyllabic","False",FALSE,TRUE
"Temperament","NEUT",4,"polysyllabic","False",TRUE,TRUE
"Temperaturanstieg","MASC",5,"polysyllabic","False",TRUE,TRUE
"Temperaturbereich","MASC",5,"polysyllabic","False",TRUE,TRUE
"Temperaturregler","MASC",6,"polysyllabic","False",FALSE,TRUE
"Tempo","NEUT",2,"polysyllabic","False",FALSE,TRUE
"Tempolimit","NEUT",4,"polysyllabic","False",FALSE,TRUE
"Tempomat","MASC",3,"polysyllabic","False",FALSE,TRUE
"Tennisball","MASC",3,"polysyllabic","False",TRUE,TRUE
"Tennisplatz","MASC",3,"polysyllabic","True",TRUE,FALSE
"Tennisspieler","MASC",3,"polysyllabic","False",FALSE,TRUE
"Tenno","MASC",2,"polysyllabic","False",FALSE,TRUE
"Tenor","MASC",2,"polysyllabic","False",TRUE,TRUE
"Tensid","NEUT",2,"polysyllabic","False",TRUE,TRUE
"Teppich","MASC",2,"polysyllabic","False",TRUE,TRUE
"Teppichboden","MASC",4,"polysyllabic","False",FALSE,TRUE
"Teppichflieger","MASC",3,"polysyllabic","False",FALSE,TRUE
"Tepui-Tropfenameisenwürger","MASC",8,"polysyllabic","False",FALSE,TRUE
"Terawatt","NEUT",3,"polysyllabic","False",FALSE,TRUE
"Terbium","NEUT",2,"polysyllabic","False",FALSE,TRUE
"Terekwasserläufer","MASC",5,"polysyllabic","False",FALSE,TRUE
"Termin","MASC",2,"polysyllabic","False",TRUE,TRUE
"Terminal","MASC",3,"polysyllabic","False",FALSE,TRUE
"Termingeld","NEUT",3,"polysyllabic","False",TRUE,TRUE
"Terpineol","NEUT",3,"polysyllabic","False",FALSE,TRUE
"Terrarium","NEUT",3,"polysyllabic","False",FALSE,TRUE
"Territorium","NEUT",4,"polysyllabic","False",FALSE,TRUE
"Terror","MASC",2,"polysyllabic","False",FALSE,TRUE
"Terrorangriff","MASC",4,"polysyllabic","False",TRUE,TRUE
"Tertiär","NEUT",2,"polysyllabic","False",FALSE,TRUE
"Terzel","MASC",2,"polysyllabic","False",FALSE,TRUE
"Tesa","NEUT",2,"polysyllabic","False",FALSE,TRUE
"Tesla","NEUT",2,"polysyllabic","False",FALSE,TRUE
"Test","MASC",1,"monosyllabic","False",TRUE,TRUE
"Testament","NEUT",3,"polysyllabic","False",TRUE,TRUE
"Testosteron","NEUT",4,"polysyllabic","False",FALSE,TRUE
"Tetraborat","NEUT",4,"polysyllabic","False",FALSE,TRUE
"Tetrabromid","NEUT",4,"polysyllabic","False",FALSE,TRUE
"Tetrachlorid","NEUT",4,"polysyllabic","False",FALSE,TRUE
"Tetraederstumpf","MASC",4,"polysyllabic","False",TRUE,TRUE
"Tetrafluorid","NEUT",4,"polysyllabic","False",FALSE,TRUE
"Tetragon","NEUT",3,"polysyllabic","False",FALSE,TRUE
"Tetrahalogenid","NEUT",6,"polysyllabic","False",FALSE,TRUE
"Tetrahydrat","NEUT",4,"polysyllabic","False",FALSE,TRUE
"Tetraiodid","NEUT",3,"polysyllabic","False",FALSE,TRUE
"Tetramer","NEUT",3,"polysyllabic","False",FALSE,TRUE
"Tetraoxid","NEUT",3,"polysyllabic","False",FALSE,TRUE
"Tetroxid","NEUT",3,"polysyllabic","False",TRUE,TRUE
"Teufel","MASC",1,"monosyllabic","False",FALSE,TRUE
"Teufelchen","NEUT",2,"polysyllabic","False",FALSE,TRUE
"Teufelskreis","MASC",1,"monosyllabic","True",TRUE,FALSE
"Teufelswels","MASC",2,"polysyllabic","True",TRUE,FALSE
"Texaner","MASC",3,"polysyllabic","False",FALSE,TRUE
"Text","MASC",1,"monosyllabic","False",TRUE,TRUE
"Textil","NEUT",2,"polysyllabic","False",FALSE,TRUE
"Thailänder","MASC",3,"polysyllabic","False",FALSE,TRUE
"Thallium","NEUT",2,"polysyllabic","False",FALSE,TRUE
"Theater","NEUT",2,"polysyllabic","False",FALSE,TRUE
"Theaterautor","MASC",3,"polysyllabic","False",FALSE,TRUE
"Theaterschauspieler","MASC",3,"polysyllabic","False",FALSE,TRUE
"Theaterspiel","NEUT",2,"polysyllabic","False",TRUE,TRUE
"Theaterstück","NEUT",3,"polysyllabic","False",TRUE,TRUE
"Thema","NEUT",2,"polysyllabic","False",FALSE,TRUE
"Themavokal","MASC",4,"polysyllabic","False",FALSE,TRUE
"Themawechsel","MASC",4,"polysyllabic","False",FALSE,TRUE
"Themenbereich","MASC",3,"polysyllabic","False",TRUE,TRUE
"Theorem","NEUT",2,"polysyllabic","False",FALSE,TRUE
"Theoretiker","MASC",4,"polysyllabic","False",FALSE,TRUE
"Thermit","NEUT",2,"polysyllabic","False",FALSE,TRUE
"Thermitverfahren","NEUT",5,"polysyllabic","False",FALSE,TRUE
"Thermoelement","NEUT",4,"polysyllabic","False",FALSE,TRUE
"Theta","NEUT",2,"polysyllabic","False",FALSE,TRUE
"Thier","NEUT",0,"polysyllabic","False",TRUE,TRUE
"Thierchen","NEUT",1,"monosyllabic","False",FALSE,TRUE
"Thierlein","NEUT",0,"polysyllabic","False",FALSE,TRUE
"Thing","NEUT",1,"monosyllabic","False",FALSE,TRUE
"Thioacetal","NEUT",3,"polysyllabic","False",FALSE,TRUE
"Thiocyanat","NEUT",3,"polysyllabic","False",FALSE,TRUE
"Thioester","NEUT",2,"polysyllabic","False",FALSE,TRUE
"Thioether","NEUT",2,"polysyllabic","False",FALSE,TRUE
"Thiol","NEUT",1,"monosyllabic","False",FALSE,TRUE
"Thiomolybdat","NEUT",4,"polysyllabic","False",FALSE,TRUE
"Thiophosphat","NEUT",3,"polysyllabic","False",FALSE,TRUE
"Thioredoxin","NEUT",4,"polysyllabic","False",FALSE,TRUE
"Thiosulfat","NEUT",3,"polysyllabic","False",FALSE,TRUE
"Thiosulfit","NEUT",3,"polysyllabic","False",FALSE,TRUE
"Thorax","MASC",2,"polysyllabic","True",TRUE,FALSE
"Thorium","NEUT",2,"polysyllabic","False",FALSE,TRUE
"Thoriumisotop","NEUT",5,"polysyllabic","False",FALSE,TRUE
"Thorshühnchen","NEUT",3,"polysyllabic","False",FALSE,TRUE
"Thortveitit","MASC",2,"polysyllabic","False",FALSE,TRUE
"Thron","MASC",1,"monosyllabic","False",TRUE,TRUE
"Thronanwärter","MASC",4,"polysyllabic","False",FALSE,TRUE
"Thulium","NEUT",2,"polysyllabic","False",FALSE,TRUE
"Thunfisch","MASC",2,"polysyllabic","True",TRUE,TRUE
"Thürchen","NEUT",2,"polysyllabic","False",FALSE,TRUE
"Thüringer","MASC",3,"polysyllabic","False",FALSE,TRUE
"Thürlein","NEUT",1,"monosyllabic","False",FALSE,TRUE
"Thurm","MASC",1,"monosyllabic","False",TRUE,TRUE
"Thymian","MASC",2,"polysyllabic","False",FALSE,TRUE
"Tibeter","MASC",3,"polysyllabic","False",FALSE,TRUE
"Tibetfuchs","MASC",3,"polysyllabic","True",TRUE,FALSE
"Tic-Tac-Toe","NEUT",3,"polysyllabic","False",TRUE,FALSE
"Tief","NEUT",0,"polysyllabic","False",FALSE,TRUE
"Tiefbauingenieur","MASC",3,"polysyllabic","False",FALSE,TRUE
"Tiefdruckgebiet","NEUT",2,"polysyllabic","False",TRUE,TRUE
"Tiefland","NEUT",1,"monosyllabic","False",TRUE,TRUE
"Tiefpunkt","MASC",1,"monosyllabic","False",TRUE,TRUE
"Tiefschlag","MASC",1,"monosyllabic","False",TRUE,TRUE
"Tiefschnee","MASC",1,"monosyllabic","False",TRUE,FALSE
"Tiefschutz","MASC",1,"monosyllabic","True",TRUE,FALSE
"Tiefschwa","NEUT",1,"monosyllabic","False",FALSE,TRUE
"Tiefststand","MASC",1,"monosyllabic","False",TRUE,TRUE
"Tiefstwert","MASC",1,"monosyllabic","False",TRUE,TRUE
"Tiefziehen","NEUT",1,"monosyllabic","False",FALSE,TRUE
"Tiegel","MASC",1,"monosyllabic","False",FALSE,TRUE
"Tier","NEUT",0,"polysyllabic","False",TRUE,TRUE
"Tierchen","NEUT",1,"monosyllabic","False",FALSE,TRUE
"Tierheim","NEUT",0,"polysyllabic","False",TRUE,TRUE
"Tierkreiszeichen","NEUT",1,"monosyllabic","False",FALSE,TRUE
"Tierlein","NEUT",0,"polysyllabic","False",FALSE,TRUE
"Tierpark","MASC",1,"monosyllabic","False",TRUE,TRUE
"Tierpfleger","MASC",2,"polysyllabic","False",FALSE,TRUE
"Tierquäler","MASC",2,"polysyllabic","False",FALSE,TRUE
"Tierreich","NEUT",0,"polysyllabic","False",TRUE,TRUE
"Tierschutz","MASC",1,"monosyllabic","True",TRUE,FALSE
"Tierschützer","MASC",2,"polysyllabic","False",FALSE,TRUE
"Tierversuch","MASC",2,"polysyllabic","False",TRUE,TRUE
"Tiger","MASC",2,"polysyllabic","False",FALSE,TRUE
"Tigerauge","NEUT",3,"polysyllabic","False",TRUE,FALSE
"Tigerhai","MASC",3,"polysyllabic","False",TRUE,TRUE
"Tikitaka","NEUT",4,"polysyllabic","False",FALSE,TRUE
"Timberwolf","MASC",3,"polysyllabic","False",TRUE,TRUE
"Timeboxing","NEUT",4,"polysyllabic","False",FALSE,TRUE
"Timeout","MASC",2,"polysyllabic","False",FALSE,TRUE
"Timing","NEUT",2,"polysyllabic","False",FALSE,TRUE
"Tintenfass","NEUT",3,"polysyllabic","True",TRUE,FALSE
"Tintenfisch","MASC",3,"polysyllabic","True",TRUE,TRUE
"Tintenklecks","MASC",3,"polysyllabic","True",TRUE,FALSE
"Tintenstrahldrucker","MASC",5,"polysyllabic","False",FALSE,TRUE
"Tip","MASC",1,"monosyllabic","False",FALSE,TRUE
"Tipp","MASC",1,"monosyllabic","False",FALSE,TRUE
"Tippel","MASC",2,"polysyllabic","False",FALSE,TRUE
"Tippen","NEUT",2,"polysyllabic","False",FALSE,TRUE
"Tippfehler","MASC",3,"polysyllabic","False",FALSE,TRUE
"Tiroler","MASC",3,"polysyllabic","False",FALSE,TRUE
"Tisch","MASC",1,"monosyllabic","True",TRUE,TRUE
"Tischchen","NEUT",2,"polysyllabic","False",FALSE,TRUE
"Tischgebet","NEUT",3,"polysyllabic","False",TRUE,TRUE
"Tischgespräch","NEUT",3,"polysyllabic","False",TRUE,TRUE
"Tischlein","NEUT",1,"monosyllabic","False",FALSE,TRUE
"Tischler","MASC",2,"polysyllabic","False",FALSE,TRUE
"Tischtennisball","MASC",4,"polysyllabic","False",TRUE,TRUE
"Tischtennisspieler","MASC",4,"polysyllabic","False",FALSE,TRUE
"Tischtuch","NEUT",2,"polysyllabic","False",TRUE,TRUE
"Titanat","NEUT",3,"polysyllabic","False",FALSE,TRUE
"Titanit","NEUT",3,"polysyllabic","False",FALSE,TRUE
"Titanium","NEUT",3,"polysyllabic","False",FALSE,TRUE
"Titel","MASC",2,"polysyllabic","False",FALSE,TRUE
"Titelverteidiger","MASC",5,"polysyllabic","False",FALSE,TRUE
"Toastbrot","NEUT",2,"polysyllabic","False",TRUE,TRUE
"Toaster","MASC",2,"polysyllabic","False",FALSE,TRUE
"Töchterchen","NEUT",3,"polysyllabic","False",FALSE,TRUE
"Töchterlein","NEUT",2,"polysyllabic","False",FALSE,TRUE
"Tochtermann","MASC",3,"polysyllabic","False",TRUE,TRUE
"Tod","MASC",1,"monosyllabic","False",TRUE,TRUE
"Todesdatum","NEUT",4,"polysyllabic","False",FALSE,TRUE
"Todesengel","MASC",4,"polysyllabic","False",FALSE,TRUE
"Todesfall","MASC",3,"polysyllabic","False",TRUE,TRUE
"Todeskampf","MASC",3,"polysyllabic","False",TRUE,TRUE
"Todesopfer","NEUT",4,"polysyllabic","False",FALSE,TRUE
"Todesstoß","MASC",3,"polysyllabic","True",TRUE,FALSE
"Todestag","MASC",3,"polysyllabic","False",TRUE,TRUE
"Todestal","NEUT",3,"polysyllabic","False",TRUE,TRUE
"Todesurteil","NEUT",3,"polysyllabic","False",FALSE,TRUE
"Todeswunsch","MASC",3,"polysyllabic","True",TRUE,TRUE
"Töff","MASC",1,"monosyllabic","False",FALSE,TRUE
"Toffel","MASC",2,"polysyllabic","False",FALSE,TRUE
"Toilettenhäuschen","NEUT",4,"polysyllabic","False",FALSE,TRUE
"Toilettenpapier","NEUT",4,"polysyllabic","False",TRUE,TRUE
"Tollpatsch","MASC",2,"polysyllabic","True",TRUE,TRUE
"Tölpel","MASC",2,"polysyllabic","False",FALSE,TRUE
"Tomatenmark","NEUT",4,"polysyllabic","False",TRUE,TRUE
"Tomatensaft","MASC",4,"polysyllabic","False",TRUE,TRUE
"Tomatensalat","MASC",5,"polysyllabic","False",TRUE,TRUE
"Ton","MASC",1,"monosyllabic","False",TRUE,TRUE
"Tonband","MASC",2,"polysyllabic","False",TRUE,TRUE
"Tonbandgerät","NEUT",4,"polysyllabic","False",TRUE,TRUE
"Tonbereich","MASC",2,"polysyllabic","False",TRUE,TRUE
"Tönen","NEUT",2,"polysyllabic","False",FALSE,TRUE
"Tonfall","MASC",2,"polysyllabic","False",TRUE,TRUE
"Tongaer","MASC",2,"polysyllabic","False",FALSE,TRUE
"Tonmineral","NEUT",4,"polysyllabic","False",FALSE,TRUE
"Tonnengewölbe","NEUT",5,"polysyllabic","False",TRUE,FALSE
"Tooltip","MASC",2,"polysyllabic","False",FALSE,TRUE
"Top","NEUT",1,"monosyllabic","False",FALSE,TRUE
"Topas","MASC",2,"polysyllabic","True",TRUE,FALSE
"Topf","MASC",1,"monosyllabic","False",TRUE,TRUE
"Töpfchen","NEUT",2,"polysyllabic","False",FALSE,TRUE
"Topfen","MASC",2,"polysyllabic","False",FALSE,TRUE
"Topflappen","MASC",3,"polysyllabic","False",FALSE,TRUE
"Topolekt","MASC",3,"polysyllabic","False",FALSE,TRUE
"Toponym","NEUT",3,"polysyllabic","False",FALSE,TRUE
"Topp","MASC",1,"monosyllabic","False",FALSE,TRUE
"Tor","MASC",1,"monosyllabic","False",TRUE,TRUE
"Torbogen","MASC",3,"polysyllabic","False",FALSE,TRUE
"Torero","MASC",3,"polysyllabic","False",FALSE,TRUE
"Torf","MASC",1,"monosyllabic","False",TRUE,TRUE
"Torfmoor","NEUT",2,"polysyllabic","False",TRUE,TRUE
"Torhüter","MASC",3,"polysyllabic","False",FALSE,TRUE
"Torkel","MASC",2,"polysyllabic","False",FALSE,TRUE
"Törn","MASC",1,"monosyllabic","False",FALSE,TRUE
"Tornado","MASC",3,"polysyllabic","False",FALSE,TRUE
"Tornister","MASC",3,"polysyllabic","False",FALSE,TRUE
"Tortenheber","MASC",4,"polysyllabic","False",FALSE,TRUE
"Torwart","MASC",2,"polysyllabic","False",TRUE,TRUE
"Toteis","NEUT",1,"monosyllabic","True",TRUE,FALSE
"Totem","NEUT",2,"polysyllabic","False",FALSE,TRUE
"Totengeläut","NEUT",3,"polysyllabic","False",TRUE,TRUE
"Totengräber","MASC",4,"polysyllabic","False",FALSE,TRUE
"Totenhemd","NEUT",3,"polysyllabic","False",TRUE,TRUE
"Totenkopf","MASC",3,"polysyllabic","False",TRUE,TRUE
"Totmannschalter","MASC",4,"polysyllabic","False",FALSE,TRUE
"Totschlag","MASC",2,"polysyllabic","False",TRUE,TRUE
"Totschlagargument","NEUT",5,"polysyllabic","False",FALSE,TRUE
"Totschläger","MASC",3,"polysyllabic","False",FALSE,TRUE
"Totschwätzer","MASC",3,"polysyllabic","False",FALSE,TRUE
"Tötungsdelikt","NEUT",4,"polysyllabic","False",TRUE,TRUE
"Toupet","NEUT",2,"polysyllabic","False",FALSE,TRUE
"Toypudel","MASC",3,"polysyllabic","False",FALSE,TRUE
"Trabant","MASC",2,"polysyllabic","False",FALSE,TRUE
"Trabbi","MASC",2,"polysyllabic","False",FALSE,TRUE
"Träber","MASC",2,"polysyllabic","False",FALSE,TRUE
"Trabi","MASC",2,"polysyllabic","False",FALSE,TRUE
"Trachom","NEUT",2,"polysyllabic","False",FALSE,TRUE
"Trachtenkleid","NEUT",2,"polysyllabic","False",TRUE,TRUE
"Trachtenkleidchen","NEUT",3,"polysyllabic","False",FALSE,TRUE
"Trachtenverein","MASC",3,"polysyllabic","False",TRUE,TRUE
"Tragant","MASC",2,"polysyllabic","False",TRUE,TRUE
"Träger","MASC",2,"polysyllabic","False",FALSE,TRUE
"Trägergas","NEUT",3,"polysyllabic","True",TRUE,FALSE
"Tragetuch","NEUT",3,"polysyllabic","False",TRUE,TRUE
"Tragflügelboot","NEUT",4,"polysyllabic","False",TRUE,TRUE
"Traggas","NEUT",2,"polysyllabic","True",TRUE,FALSE
"Trainer","MASC",2,"polysyllabic","False",FALSE,TRUE
"Training","NEUT",2,"polysyllabic","False",FALSE,TRUE
"Trakt","MASC",1,"monosyllabic","False",FALSE,TRUE
"Trampelpfad","MASC",3,"polysyllabic","False",TRUE,TRUE
"Trampeltier","NEUT",2,"polysyllabic","False",TRUE,TRUE
"Tramper","MASC",2,"polysyllabic","False",FALSE,TRUE
"Trampolin","NEUT",3,"polysyllabic","False",FALSE,TRUE
"Tran","MASC",1,"monosyllabic","False",TRUE,TRUE
"Trank","MASC",1,"monosyllabic","False",TRUE,TRUE
"Tränken","NEUT",2,"polysyllabic","False",FALSE,TRUE
"Transdanubien","NEUT",3,"polysyllabic","False",FALSE,TRUE
"Transferfenster","NEUT",4,"polysyllabic","False",FALSE,TRUE
"Transferrin","NEUT",3,"polysyllabic","False",FALSE,TRUE
"Transistor","MASC",3,"polysyllabic","False",FALSE,TRUE
"Translativ","MASC",3,"polysyllabic","False",FALSE,TRUE
"Transparentpapier","NEUT",4,"polysyllabic","False",TRUE,TRUE
"Transporter","MASC",3,"polysyllabic","False",FALSE,TRUE
"Transportmittel","NEUT",4,"polysyllabic","False",FALSE,TRUE
"Transportvorgang","MASC",4,"polysyllabic","False",TRUE,TRUE
"Transportweg","MASC",3,"polysyllabic","False",FALSE,TRUE
"Trapez","NEUT",2,"polysyllabic","True",TRUE,FALSE
"Traualtar","MASC",2,"polysyllabic","False",TRUE,TRUE
"Traubenkernöl","NEUT",3,"polysyllabic","False",TRUE,TRUE
"Traubenzucker","MASC",3,"polysyllabic","False",FALSE,TRUE
"Trauerameisenwürger","MASC",5,"polysyllabic","False",FALSE,TRUE
"Trauermantel","MASC",3,"polysyllabic","False",FALSE,TRUE
"Trauerschnäpper","MASC",3,"polysyllabic","False",FALSE,TRUE
"Trauerschwan","MASC",2,"polysyllabic","False",TRUE,TRUE
"Trauerspiel","NEUT",1,"monosyllabic","False",TRUE,TRUE
"Trauertag","MASC",2,"polysyllabic","False",TRUE,TRUE
"Trauerzug","MASC",2,"polysyllabic","False",TRUE,TRUE
"Traum","MASC",0,"polysyllabic","False",TRUE,TRUE
"Traumdeuter","MASC",1,"monosyllabic","False",FALSE,TRUE
"Träumer","MASC",1,"monosyllabic","False",FALSE,TRUE
"Traumjob","MASC",1,"monosyllabic","False",FALSE,TRUE
"Traummann","MASC",1,"monosyllabic","False",TRUE,TRUE
"Trauring","MASC",1,"monosyllabic","False",TRUE,TRUE
"Travertin","MASC",3,"polysyllabic","False",FALSE,TRUE
"Treber","MASC",2,"polysyllabic","False",FALSE,TRUE
"Treffer","MASC",2,"polysyllabic","False",FALSE,TRUE
"Treiben","NEUT",1,"monosyllabic","False",FALSE,TRUE
"Treiber","MASC",1,"monosyllabic","False",FALSE,TRUE
"Treibgut","NEUT",1,"monosyllabic","False",TRUE,TRUE
"Treibhaus","NEUT",0,"polysyllabic","True",TRUE,FALSE
"Treibhauseffekt","MASC",2,"polysyllabic","False",TRUE,TRUE
"Treibhausgas","NEUT",1,"monosyllabic","True",TRUE,FALSE
"Treibholz","NEUT",1,"monosyllabic","True",TRUE,FALSE
"Treibsand","MASC",1,"monosyllabic","False",TRUE,TRUE
"Treibstoff","MASC",1,"monosyllabic","False",TRUE,TRUE
"Tremolit","MASC",3,"polysyllabic","False",FALSE,TRUE
"Tremor","MASC",2,"polysyllabic","False",FALSE,TRUE
"Trend","MASC",1,"monosyllabic","False",FALSE,TRUE
"Trennstrich","MASC",2,"polysyllabic","False",TRUE,TRUE
"Trennungszeichen","NEUT",3,"polysyllabic","False",FALSE,TRUE
"Trennverfahren","NEUT",4,"polysyllabic","False",FALSE,TRUE
"Treppenabgang","MASC",4,"polysyllabic","False",TRUE,TRUE
"Treppenabsatz","MASC",4,"polysyllabic","True",TRUE,FALSE
"Treppenhaus","NEUT",2,"polysyllabic","True",TRUE,FALSE
"Treppenschacht","MASC",3,"polysyllabic","False",TRUE,TRUE
"Treppenwitz","MASC",3,"polysyllabic","True",TRUE,FALSE
"Tresen","MASC",2,"polysyllabic","False",FALSE,TRUE
"Tresor","MASC",2,"polysyllabic","False",FALSE,TRUE
"Trester","MASC",2,"polysyllabic","False",FALSE,TRUE
"Tretlager","NEUT",3,"polysyllabic","False",FALSE,TRUE
"Tretroller","MASC",3,"polysyllabic","False",FALSE,TRUE
"Treuhänder","MASC",2,"polysyllabic","False",FALSE,TRUE
"Triarsan","NEUT",2,"polysyllabic","False",FALSE,TRUE
"Tribromid","NEUT",3,"polysyllabic","False",FALSE,TRUE
"Tribunal","NEUT",3,"polysyllabic","False",FALSE,TRUE
"Tribut","MASC",2,"polysyllabic","False",TRUE,TRUE
"Trichlorid","NEUT",3,"polysyllabic","False",FALSE,TRUE
"Trichter","MASC",2,"polysyllabic","False",FALSE,TRUE
"Trickbetrüger","MASC",4,"polysyllabic","False",FALSE,TRUE
"Trieb","MASC",0,"polysyllabic","False",TRUE,TRUE
"Triebwerk","NEUT",1,"monosyllabic","False",TRUE,TRUE
"Trifluorid","NEUT",3,"polysyllabic","False",FALSE,TRUE
"Trifteis","NEUT",1,"monosyllabic","True",TRUE,FALSE
"Triglycerid","NEUT",4,"polysyllabic","False",FALSE,TRUE
"Triiodid","NEUT",2,"polysyllabic","False",FALSE,TRUE
"Trikot","NEUT",2,"polysyllabic","False",FALSE,TRUE
"Trilemma","NEUT",3,"polysyllabic","False",FALSE,TRUE
"Trimester","NEUT",3,"polysyllabic","False",FALSE,TRUE
"Trinkbecher","MASC",3,"polysyllabic","False",FALSE,TRUE
"Trinkbrunnen","MASC",3,"polysyllabic","False",FALSE,TRUE
"Trinker","MASC",2,"polysyllabic","False",FALSE,TRUE
"Trinkgefäß","NEUT",3,"polysyllabic","True",TRUE,FALSE
"Trinkgeld","NEUT",2,"polysyllabic","False",TRUE,TRUE
"Trinkgeldgefäß","NEUT",4,"polysyllabic","True",TRUE,FALSE
"Trinkglas","NEUT",2,"polysyllabic","True",TRUE,FALSE
"Trinkspruch","MASC",2,"polysyllabic","False",TRUE,TRUE
"Trinkwasser","NEUT",3,"polysyllabic","False",FALSE,TRUE
"Trio","NEUT",1,"monosyllabic","False",FALSE,TRUE
"Trioxid","NEUT",2,"polysyllabic","False",TRUE,TRUE
"Trip","MASC",1,"monosyllabic","False",FALSE,TRUE
"Triphosphat","NEUT",3,"polysyllabic","False",FALSE,TRUE
"Triphylin","MASC",3,"polysyllabic","False",TRUE,TRUE
"Triregnum","NEUT",3,"polysyllabic","False",FALSE,TRUE
"Triselan","NEUT",3,"polysyllabic","False",FALSE,TRUE
"Triselenid","NEUT",4,"polysyllabic","False",FALSE,TRUE
"Trisulfid","NEUT",3,"polysyllabic","False",FALSE,TRUE
"Tritid","NEUT",2,"polysyllabic","False",FALSE,TRUE
"Tritt","MASC",1,"monosyllabic","False",TRUE,TRUE
"Trittbrett","NEUT",2,"polysyllabic","False",TRUE,TRUE
"Triumphzug","MASC",2,"polysyllabic","False",TRUE,TRUE
"Triumvirat","NEUT",3,"polysyllabic","False",TRUE,TRUE
"Trockendock","NEUT",3,"polysyllabic","False",FALSE,TRUE
"Trockeneis","NEUT",2,"polysyllabic","True",TRUE,FALSE
"Trockengewicht","NEUT",4,"polysyllabic","False",TRUE,TRUE
"Trockenobst","NEUT",3,"polysyllabic","False",TRUE,TRUE
"Trockenschrank","MASC",3,"polysyllabic","False",TRUE,TRUE
"Trockentuch","NEUT",3,"polysyllabic","False",TRUE,TRUE
"Trocknen","NEUT",2,"polysyllabic","False",FALSE,TRUE
"Trocknungsvorgang","MASC",4,"polysyllabic","False",TRUE,TRUE
"Troer","MASC",1,"monosyllabic","False",FALSE,TRUE
"Trog","MASC",1,"monosyllabic","False",TRUE,TRUE
"Trojaner","MASC",3,"polysyllabic","False",FALSE,TRUE
"Troll","MASC",1,"monosyllabic","False",TRUE,TRUE
"Trommelfell","NEUT",3,"polysyllabic","False",TRUE,TRUE
"Trommelfeuer","NEUT",3,"polysyllabic","False",FALSE,TRUE
"Trommelwirbel","MASC",4,"polysyllabic","False",FALSE,TRUE
"Trommler","MASC",2,"polysyllabic","False",FALSE,TRUE
"Trompetenspieler","MASC",4,"polysyllabic","False",FALSE,TRUE
"Tropenklima","NEUT",4,"polysyllabic","False",FALSE,TRUE
"Tropf","MASC",1,"monosyllabic","False",TRUE,TRUE
"Tröpfchen","NEUT",2,"polysyllabic","False",FALSE,TRUE
"Tröpfchenmodell","NEUT",4,"polysyllabic","False",FALSE,TRUE
"Tropfen","NEUT",2,"polysyllabic","False",FALSE,TRUE
"Tröpflein","NEUT",1,"monosyllabic","False",FALSE,TRUE
"Tross","MASC",1,"monosyllabic","True",TRUE,FALSE
"Trost","MASC",1,"monosyllabic","False",TRUE,TRUE
"Tröster","MASC",2,"polysyllabic","False",FALSE,TRUE
"Trostpreis","MASC",1,"monosyllabic","True",TRUE,FALSE
"Trott","MASC",1,"monosyllabic","False",TRUE,TRUE
"Trottel","MASC",2,"polysyllabic","False",FALSE,TRUE
"Trotz","MASC",1,"monosyllabic","True",TRUE,FALSE
"Trübsinn","MASC",2,"polysyllabic","False",TRUE,TRUE
"Truchsess","MASC",2,"polysyllabic","True",TRUE,FALSE
"Trudeln","NEUT",2,"polysyllabic","False",FALSE,TRUE
"Trugbild","NEUT",2,"polysyllabic","False",TRUE,TRUE
"Trugschluss","MASC",2,"polysyllabic","True",TRUE,FALSE
"Trumpf","MASC",1,"monosyllabic","False",TRUE,TRUE
"Trunk","MASC",1,"monosyllabic","False",TRUE,TRUE
"Trunkenbold","MASC",3,"polysyllabic","False",TRUE,TRUE
"Trupp","MASC",1,"monosyllabic","False",FALSE,TRUE
"Truppenabzug","MASC",4,"polysyllabic","False",TRUE,TRUE
"Truppenteil","MASC",2,"polysyllabic","False",TRUE,TRUE
"Truppenverband","MASC",4,"polysyllabic","False",TRUE,TRUE
"Truthahn","MASC",2,"polysyllabic","False",TRUE,TRUE
"Truthuhn","NEUT",2,"polysyllabic","False",TRUE,TRUE
"Trutz","MASC",1,"monosyllabic","True",TRUE,FALSE
"Tschako","MASC",2,"polysyllabic","False",FALSE,TRUE
"Tschernken","MASC",2,"polysyllabic","False",FALSE,TRUE
"Tschick","MASC",1,"monosyllabic","False",FALSE,TRUE
"Tübinger","MASC",3,"polysyllabic","False",FALSE,TRUE
"Tuch","NEUT",1,"monosyllabic","False",TRUE,TRUE
"Tüchlein","NEUT",1,"monosyllabic","False",FALSE,TRUE
"Tüddelkram","MASC",3,"polysyllabic","False",TRUE,TRUE
"Tukan","MASC",2,"polysyllabic","False",FALSE,TRUE
"Tüll","MASC",1,"monosyllabic","False",FALSE,TRUE
"Tumor","MASC",2,"polysyllabic","False",FALSE,TRUE
"Tümpel","MASC",2,"polysyllabic","False",FALSE,TRUE
"Tumult","MASC",2,"polysyllabic","False",TRUE,TRUE
"Tunesier","MASC",2,"polysyllabic","False",FALSE,TRUE
"Tunwort","NEUT",2,"polysyllabic","False",TRUE,TRUE
"Tupel","NEUT",2,"polysyllabic","False",FALSE,TRUE
"Tupf","MASC",1,"monosyllabic","False",TRUE,TRUE
"Tüpfel","MASC",2,"polysyllabic","False",FALSE,TRUE
"Tüpfelwollrücken","MASC",5,"polysyllabic","False",FALSE,TRUE
"Tupfen","NEUT",2,"polysyllabic","False",FALSE,TRUE
"Turban","MASC",2,"polysyllabic","False",FALSE,TRUE
"Turbinenblatt","NEUT",4,"polysyllabic","False",TRUE,TRUE
"Türblatt","NEUT",2,"polysyllabic","False",TRUE,TRUE
"Türchen","NEUT",2,"polysyllabic","False",FALSE,TRUE
"Türgriff","MASC",2,"polysyllabic","False",TRUE,TRUE
"Türhaken","MASC",3,"polysyllabic","False",FALSE,TRUE
"Turiner","MASC",3,"polysyllabic","False",FALSE,TRUE
"Türkeitürkisch","NEUT",3,"polysyllabic","True",FALSE,TRUE
"Türkenbund","MASC",3,"polysyllabic","False",TRUE,TRUE
"Türknauf","MASC",1,"monosyllabic","False",TRUE,TRUE
"Türknopf","MASC",2,"polysyllabic","False",TRUE,TRUE
"Türlein","NEUT",1,"monosyllabic","False",FALSE,TRUE
"Turm","MASC",1,"monosyllabic","False",TRUE,TRUE
"Turmalin","MASC",3,"polysyllabic","False",FALSE,TRUE
"Türmchen","NEUT",2,"polysyllabic","False",FALSE,TRUE
"Türmlein","NEUT",1,"monosyllabic","False",FALSE,TRUE
"Turnen","NEUT",2,"polysyllabic","False",FALSE,TRUE
"Turnier","NEUT",1,"monosyllabic","False",TRUE,TRUE
"Turnsaal","MASC",2,"polysyllabic","False",TRUE,TRUE
"Turnschuh","MASC",2,"polysyllabic","False",TRUE,TRUE
"Türrahmen","MASC",3,"polysyllabic","False",FALSE,TRUE
"Türschlüssel","MASC",3,"polysyllabic","False",FALSE,TRUE
"Türsteher","MASC",3,"polysyllabic","False",FALSE,TRUE
"Turteltäubchen","NEUT",3,"polysyllabic","False",FALSE,TRUE
"Tusch","MASC",1,"monosyllabic","True",TRUE,TRUE
"Tutorial","NEUT",3,"polysyllabic","False",FALSE,TRUE
"Tutorium","NEUT",3,"polysyllabic","False",FALSE,TRUE
"Tutu","NEUT",2,"polysyllabic","False",FALSE,TRUE
"Tuwort","NEUT",2,"polysyllabic","False",TRUE,TRUE
"Tweed","MASC",1,"monosyllabic","False",FALSE,TRUE
"Tweet","MASC",1,"monosyllabic","False",FALSE,TRUE
"Twen","MASC",1,"monosyllabic","False",FALSE,TRUE
"Twist","MASC",1,"monosyllabic","False",FALSE,TRUE
"Typ","MASC",1,"monosyllabic","False",FALSE,TRUE
"U-Ausschuss","MASC",2,"polysyllabic","True",TRUE,FALSE
"U-Boot","NEUT",2,"polysyllabic","False",TRUE,TRUE
"Übel","NEUT",2,"polysyllabic","False",FALSE,TRUE
"Übelstand","MASC",3,"polysyllabic","False",TRUE,TRUE
"Übeltäter","MASC",4,"polysyllabic","False",FALSE,TRUE
"Überangebot","NEUT",5,"polysyllabic","False",TRUE,TRUE
"Überarbeiten","NEUT",4,"polysyllabic","False",FALSE,TRUE
"Überblähen","NEUT",4,"polysyllabic","False",FALSE,TRUE
"Überbleibsel","NEUT",3,"polysyllabic","False",FALSE,TRUE
"Überblendeffekt","MASC",5,"polysyllabic","False",TRUE,TRUE
"Überblendregler","MASC",5,"polysyllabic","False",FALSE,TRUE
"Überblick","MASC",3,"polysyllabic","False",TRUE,TRUE
"Überbrücken","NEUT",4,"polysyllabic","False",FALSE,TRUE
"Überdruck","MASC",3,"polysyllabic","False",FALSE,TRUE
"Überdruss","MASC",3,"polysyllabic","True",TRUE,FALSE
"Überfall","MASC",3,"polysyllabic","False",TRUE,TRUE
"Überfluss","MASC",3,"polysyllabic","True",TRUE,FALSE
"Überführen","NEUT",4,"polysyllabic","False",FALSE,TRUE
"Übergabeparameter","MASC",8,"polysyllabic","False",FALSE,TRUE
"Übergang","MASC",3,"polysyllabic","False",TRUE,TRUE
"Übergangsmetall","NEUT",5,"polysyllabic","False",TRUE,TRUE
"Übergangsmetallkomplex","MASC",7,"polysyllabic","True",TRUE,FALSE
"Übergangsmetalloxid","NEUT",7,"polysyllabic","False",FALSE,TRUE
"Übergriff","MASC",3,"polysyllabic","False",TRUE,TRUE
"Überläufer","MASC",3,"polysyllabic","False",FALSE,TRUE
"Überleben","NEUT",4,"polysyllabic","False",FALSE,TRUE
"Übermitteln","NEUT",4,"polysyllabic","False",FALSE,TRUE
"Übermut","MASC",3,"polysyllabic","False",TRUE,TRUE
"Übernehmen","NEUT",4,"polysyllabic","False",FALSE,TRUE
"Überordnen","NEUT",4,"polysyllabic","False",FALSE,TRUE
"Überrest","MASC",3,"polysyllabic","False",TRUE,TRUE
"Überrollbügel","MASC",5,"polysyllabic","False",FALSE,TRUE
"Überrollen","NEUT",4,"polysyllabic","False",FALSE,TRUE
"Überrollkäfig","MASC",5,"polysyllabic","False",FALSE,TRUE
"Überrollschutz","MASC",4,"polysyllabic","True",FALSE,TRUE
"Überschall","MASC",3,"polysyllabic","False",TRUE,TRUE
"Überschallen","NEUT",4,"polysyllabic","False",FALSE,TRUE
"Überschallknall","MASC",4,"polysyllabic","False",TRUE,TRUE
"Überschlag","MASC",3,"polysyllabic","False",TRUE,TRUE
"Überschlagen","NEUT",4,"polysyllabic","False",FALSE,TRUE
"Überschulden","NEUT",4,"polysyllabic","False",FALSE,TRUE
"Überschuss","MASC",3,"polysyllabic","True",TRUE,FALSE
"Übersetzen","NEUT",4,"polysyllabic","False",FALSE,TRUE
"Übersetzer","MASC",4,"polysyllabic","False",FALSE,TRUE
"Übersetzungswörterbuch","NEUT",7,"polysyllabic","False",TRUE,TRUE
"Überspitzen","NEUT",4,"polysyllabic","False",FALSE,TRUE
"Übersteuern","NEUT",3,"polysyllabic","False",FALSE,TRUE
"Übertönen","NEUT",4,"polysyllabic","False",FALSE,TRUE
"Übertragen","NEUT",4,"polysyllabic","False",FALSE,TRUE
"Übertrager","MASC",4,"polysyllabic","False",FALSE,TRUE
"Überträger","MASC",4,"polysyllabic","False",FALSE,TRUE
"Übertreiben","NEUT",3,"polysyllabic","False",FALSE,TRUE
"Überwurf","MASC",3,"polysyllabic","False",TRUE,TRUE
"Überziehen","NEUT",3,"polysyllabic","False",FALSE,TRUE
"Überzug","MASC",3,"polysyllabic","False",TRUE,TRUE
"Übrigbleiben","NEUT",3,"polysyllabic","False",FALSE,TRUE
"Übungsbuch","NEUT",3,"polysyllabic","False",TRUE,TRUE
"Ufer","NEUT",2,"polysyllabic","False",FALSE,TRUE
"Uferweg","MASC",3,"polysyllabic","False",TRUE,TRUE
"Uhrenturm","MASC",3,"polysyllabic","False",TRUE,TRUE
"Uhrglasnagel","MASC",4,"polysyllabic","False",FALSE,TRUE
"Uhrmacher","MASC",3,"polysyllabic","False",FALSE,TRUE
"Uhrwerk","NEUT",2,"polysyllabic","False",TRUE,TRUE
"Uhrzeiger","MASC",2,"polysyllabic","False",FALSE,TRUE
"Uhrzeigersinn","MASC",3,"polysyllabic","False",TRUE,TRUE
"Uhüchen","NEUT",3,"polysyllabic","False",FALSE,TRUE
"Ukrainer","MASC",3,"polysyllabic","False",FALSE,TRUE
"Ulk","MASC",1,"monosyllabic","False",TRUE,TRUE
"Ulmer","MASC",2,"polysyllabic","False",FALSE,TRUE
"Ultraleichtflugzeug","NEUT",3,"polysyllabic","False",TRUE,TRUE
"Umänderer","MASC",4,"polysyllabic","False",FALSE,TRUE
"Umändern","NEUT",3,"polysyllabic","False",FALSE,TRUE
"Umbiegen","NEUT",2,"polysyllabic","False",FALSE,TRUE
"Umbilden","NEUT",3,"polysyllabic","False",FALSE,TRUE
"Umbruch","MASC",2,"polysyllabic","False",TRUE,TRUE
"Umerziehungslager","NEUT",5,"polysyllabic","False",FALSE,TRUE
"Umfang","MASC",2,"polysyllabic","False",TRUE,TRUE
"Umfangswinkel","MASC",4,"polysyllabic","False",FALSE,TRUE
"Umfassen","NEUT",3,"polysyllabic","False",FALSE,TRUE
"Umfeld","NEUT",2,"polysyllabic","False",TRUE,TRUE
"Umformen","NEUT",3,"polysyllabic","False",FALSE,TRUE
"Umgang","MASC",2,"polysyllabic","False",TRUE,TRUE
"Umhang","MASC",2,"polysyllabic","False",TRUE,TRUE
"Umherbewegen","NEUT",5,"polysyllabic","False",FALSE,TRUE
"Umherziehen","NEUT",3,"polysyllabic","False",FALSE,TRUE
"Umklammern","NEUT",3,"polysyllabic","False",FALSE,TRUE
"Umlauf","MASC",1,"monosyllabic","False",TRUE,FALSE
"Umlaut","MASC",1,"monosyllabic","False",TRUE,TRUE
"Umleiten","NEUT",2,"polysyllabic","False",FALSE,TRUE
"Umriss","MASC",2,"polysyllabic","True",TRUE,FALSE
"Umrühren","NEUT",3,"polysyllabic","False",FALSE,TRUE
"Umsatteln","NEUT",3,"polysyllabic","False",FALSE,TRUE
"Umsatz","MASC",2,"polysyllabic","True",TRUE,FALSE
"Umschlag","MASC",2,"polysyllabic","False",TRUE,TRUE
"Umschlagen","NEUT",3,"polysyllabic","False",FALSE,TRUE
"Umschlingen","NEUT",3,"polysyllabic","False",FALSE,TRUE
"Umschütten","NEUT",3,"polysyllabic","False",FALSE,TRUE
"Umschweif","MASC",1,"monosyllabic","False",TRUE,TRUE
"Umsetzen","NEUT",3,"polysyllabic","False",FALSE,TRUE
"Umspannwerk","NEUT",3,"polysyllabic","False",TRUE,TRUE
"Umstand","MASC",2,"polysyllabic","False",TRUE,TRUE
"Umstandskrämer","MASC",4,"polysyllabic","False",FALSE,TRUE
"Umstandswort","NEUT",3,"polysyllabic","False",TRUE,FALSE
"Umstellen","NEUT",3,"polysyllabic","False",FALSE,TRUE
"Umsturz","MASC",2,"polysyllabic","True",TRUE,FALSE
"Umstürzler","MASC",3,"polysyllabic","False",FALSE,TRUE
"Umwandlungspunkt","MASC",4,"polysyllabic","False",TRUE,TRUE
"Umweltaspekt","MASC",4,"polysyllabic","False",TRUE,TRUE
"Umweltminister","MASC",5,"polysyllabic","False",FALSE,TRUE
"Umweltministerium","NEUT",6,"polysyllabic","False",FALSE,TRUE
"Umweltschaden","MASC",4,"polysyllabic","False",FALSE,TRUE
"Umweltschutz","MASC",3,"polysyllabic","True",TRUE,FALSE
"Umzäunen","NEUT",2,"polysyllabic","False",FALSE,TRUE
"Umzug","MASC",2,"polysyllabic","False",TRUE,TRUE
"Unbehagen","NEUT",4,"polysyllabic","False",FALSE,TRUE
"UND-Gatter","NEUT",3,"polysyllabic","False",FALSE,TRUE
"Undank","MASC",2,"polysyllabic","False",TRUE,TRUE
"Undercut","MASC",3,"polysyllabic","False",FALSE,TRUE
"Underdog","MASC",3,"polysyllabic","False",FALSE,TRUE
"Unding","NEUT",2,"polysyllabic","False",TRUE,TRUE
"Unfall","MASC",2,"polysyllabic","False",TRUE,TRUE
"Unfallwagen","MASC",4,"polysyllabic","False",FALSE,TRUE
"Unflat","MASC",2,"polysyllabic","False",TRUE,TRUE
"Unfug","MASC",2,"polysyllabic","False",TRUE,TRUE
"Ungeheuer","NEUT",3,"polysyllabic","False",FALSE,TRUE
"Ungemach","NEUT",3,"polysyllabic","False",TRUE,TRUE
"Ungestüm","NEUT",3,"polysyllabic","False",TRUE,TRUE
"Ungetüm","NEUT",3,"polysyllabic","False",FALSE,TRUE
"Ungeziefer","NEUT",3,"polysyllabic","False",FALSE,TRUE
"Unglück","NEUT",2,"polysyllabic","False",TRUE,TRUE
"Unglückshäher","MASC",4,"polysyllabic","False",FALSE,TRUE
"Unheil","NEUT",1,"monosyllabic","False",FALSE,TRUE
"Unhold","MASC",2,"polysyllabic","False",FALSE,TRUE
"Unikat","NEUT",3,"polysyllabic","False",TRUE,TRUE
"Unit-Test-Framework","NEUT",6,"polysyllabic","False",FALSE,TRUE
"Unit-Test-Programmiergerüst","NEUT",7,"polysyllabic","False",TRUE,TRUE
"Unittest","MASC",3,"polysyllabic","False",TRUE,TRUE
"Universum","NEUT",4,"polysyllabic","False",FALSE,TRUE
"Unkraut","NEUT",1,"monosyllabic","False",TRUE,TRUE
"Unkrautsäer","MASC",2,"polysyllabic","False",FALSE,TRUE
"Unmaß","NEUT",2,"polysyllabic","True",TRUE,FALSE
"Unmut","MASC",2,"polysyllabic","False",TRUE,TRUE
"Unpaarhufer","MASC",4,"polysyllabic","False",FALSE,TRUE
"Unrat","MASC",2,"polysyllabic","False",TRUE,TRUE
"Unrechtsstaat","MASC",3,"polysyllabic","False",TRUE,TRUE
"Unserdeutsch","NEUT",2,"polysyllabic","True",FALSE,TRUE
"Unsinn","MASC",2,"polysyllabic","False",TRUE,TRUE
"Unstern","MASC",2,"polysyllabic","False",TRUE,TRUE
"Unter","MASC",2,"polysyllabic","False",FALSE,TRUE
"Unterabsatz","MASC",4,"polysyllabic","True",TRUE,FALSE
"Unterabschnitt","MASC",4,"polysyllabic","False",TRUE,TRUE
"Unterarm","MASC",3,"polysyllabic","False",TRUE,TRUE
"Unterbegriff","MASC",4,"polysyllabic","False",TRUE,TRUE
"Unterbruch","MASC",3,"polysyllabic","False",TRUE,TRUE
"Unterdeck","NEUT",3,"polysyllabic","False",FALSE,TRUE
"Unterdruck","MASC",3,"polysyllabic","False",FALSE,TRUE
"Unterführen","NEUT",4,"polysyllabic","False",FALSE,TRUE
"Untergang","MASC",3,"polysyllabic","False",FALSE,TRUE
"Untergeschoss","NEUT",4,"polysyllabic","True",TRUE,FALSE
"Untergewand","NEUT",4,"polysyllabic","False",TRUE,TRUE
"Unterhalt","MASC",3,"polysyllabic","False",TRUE,TRUE
"Unterhalter","MASC",4,"polysyllabic","False",FALSE,TRUE
"Unterhändler","MASC",4,"polysyllabic","False",FALSE,TRUE
"Unterhaus","NEUT",2,"polysyllabic","True",TRUE,FALSE
"Unterhemd","NEUT",3,"polysyllabic","False",TRUE,TRUE
"Unterholz","NEUT",3,"polysyllabic","True",TRUE,FALSE
"Unterhöschen","NEUT",4,"polysyllabic","False",FALSE,TRUE
"Unterkleid","NEUT",2,"polysyllabic","False",TRUE,TRUE
"Unterkommen","NEUT",4,"polysyllabic","False",FALSE,TRUE
"Unterlauf","MASC",2,"polysyllabic","False",TRUE,FALSE
"Unterleib","MASC",2,"polysyllabic","False",TRUE,TRUE
"Unternehmen","NEUT",4,"polysyllabic","False",FALSE,TRUE
"Unternehmer","MASC",4,"polysyllabic","False",FALSE,TRUE
"Unteroffizier","MASC",4,"polysyllabic","False",FALSE,TRUE
"Unterordnen","NEUT",4,"polysyllabic","False",FALSE,TRUE
"Unterordner","MASC",4,"polysyllabic","False",FALSE,TRUE
"Unterpfand","NEUT",3,"polysyllabic","False",TRUE,TRUE
"Unterricht","MASC",3,"polysyllabic","False",TRUE,TRUE
"Unterrichtsfach","NEUT",4,"polysyllabic","False",TRUE,TRUE
"Untersatz","MASC",3,"polysyllabic","True",TRUE,FALSE
"Unterscheidungsvermögen","NEUT",6,"polysyllabic","False",FALSE,TRUE
"Unterschenkel","MASC",4,"polysyllabic","False",FALSE,TRUE
"Unterschied","MASC",2,"polysyllabic","False",TRUE,TRUE
"Unterschlagen","NEUT",4,"polysyllabic","False",FALSE,TRUE
"Unterschlupf","MASC",3,"polysyllabic","False",TRUE,TRUE
"Unterschlüpfen","NEUT",4,"polysyllabic","False",FALSE,TRUE
"Unterseeboot","NEUT",4,"polysyllabic","False",TRUE,TRUE
"Untersetzer","MASC",4,"polysyllabic","False",FALSE,TRUE
"Unterstand","MASC",3,"polysyllabic","False",TRUE,TRUE
"Untersteuern","NEUT",3,"polysyllabic","False",FALSE,TRUE
"Unterstützer","MASC",4,"polysyllabic","False",FALSE,TRUE
"Untersuchungsausschuss","MASC",5,"polysyllabic","True",TRUE,FALSE
"Untertagebau","MASC",4,"polysyllabic","False",FALSE,TRUE
"Untertan","MASC",3,"polysyllabic","False",FALSE,TRUE
"Unterteil","NEUT",2,"polysyllabic","False",TRUE,TRUE
"Untertitel","MASC",4,"polysyllabic","False",FALSE,TRUE
"Untertiteln","NEUT",4,"polysyllabic","False",FALSE,TRUE
"Unterton","MASC",3,"polysyllabic","False",TRUE,TRUE
"Untertreiben","NEUT",3,"polysyllabic","False",FALSE,TRUE
"Unterwerfen","NEUT",4,"polysyllabic","False",FALSE,TRUE
"Untier","NEUT",1,"monosyllabic","False",TRUE,TRUE
"Unvermögen","NEUT",4,"polysyllabic","False",FALSE,TRUE
"Unwetter","NEUT",3,"polysyllabic","False",FALSE,TRUE
"Unwissen","NEUT",3,"polysyllabic","False",FALSE,TRUE
"Unwohlsein","NEUT",2,"polysyllabic","False",FALSE,TRUE
"Uran","NEUT",2,"polysyllabic","False",FALSE,TRUE
"Uranerz","NEUT",3,"polysyllabic","True",TRUE,FALSE
"Uranisotop","NEUT",5,"polysyllabic","False",FALSE,TRUE
"Urban Gardening","NEUT",5,"polysyllabic","False",FALSE,TRUE
"Urbar","NEUT",2,"polysyllabic","False",TRUE,TRUE
"Urbild","NEUT",2,"polysyllabic","False",TRUE,TRUE
"Ureinwohner","MASC",3,"polysyllabic","False",FALSE,TRUE
"Urenkel","MASC",3,"polysyllabic","False",FALSE,TRUE
"Urgestein","NEUT",2,"polysyllabic","False",TRUE,TRUE
"Urgroßvater","MASC",4,"polysyllabic","False",FALSE,TRUE
"Urheber","MASC",3,"polysyllabic","False",FALSE,TRUE
"Urin","MASC",2,"polysyllabic","False",FALSE,TRUE
"Urinal","NEUT",3,"polysyllabic","False",FALSE,TRUE
"Urinstinkt","MASC",3,"polysyllabic","False",TRUE,FALSE
"Urkundenbuch","NEUT",4,"polysyllabic","False",TRUE,TRUE
"Urlaub","MASC",1,"monosyllabic","False",TRUE,TRUE
"Urlauber","MASC",2,"polysyllabic","False",FALSE,TRUE
"Urschleim","MASC",1,"monosyllabic","False",TRUE,TRUE
"Ursprung","MASC",2,"polysyllabic","False",TRUE,TRUE
"Ursprungsland","NEUT",3,"polysyllabic","False",TRUE,TRUE
"Ursprungsort","MASC",3,"polysyllabic","False",TRUE,TRUE
"Urteil","NEUT",1,"monosyllabic","False",FALSE,TRUE
"Urteilsvermögen","NEUT",4,"polysyllabic","False",FALSE,TRUE
"Urtext","MASC",2,"polysyllabic","False",TRUE,TRUE
"Urvertrauen","NEUT",3,"polysyllabic","False",FALSE,TRUE
"Urwald","MASC",2,"polysyllabic","False",TRUE,TRUE
"Urzustand","MASC",3,"polysyllabic","False",TRUE,TRUE
"USB-Stick","MASC",2,"polysyllabic","False",FALSE,TRUE
"Utrum","NEUT",2,"polysyllabic","False",FALSE,TRUE
"Uvular","MASC",3,"polysyllabic","False",FALSE,TRUE
"Vaginalpilz","MASC",4,"polysyllabic","True",TRUE,FALSE
"Vakuum","NEUT",2,"polysyllabic","False",FALSE,TRUE
"Vakuumverdampfer","MASC",5,"polysyllabic","False",FALSE,TRUE
"Vakzin","NEUT",2,"polysyllabic","False",FALSE,TRUE
"Valentinstag","MASC",4,"polysyllabic","False",TRUE,TRUE
"Validieren","NEUT",3,"polysyllabic","False",FALSE,TRUE
"Vamp","MASC",1,"monosyllabic","False",FALSE,TRUE
"Vampir","MASC",2,"polysyllabic","False",TRUE,TRUE
"Vanadat","NEUT",3,"polysyllabic","False",FALSE,TRUE
"Vanadinit","MASC",4,"polysyllabic","False",FALSE,TRUE
"Vanadiumerz","NEUT",4,"polysyllabic","True",TRUE,FALSE
"Vanadocen","NEUT",4,"polysyllabic","False",FALSE,TRUE
"Vandalieren","NEUT",3,"polysyllabic","False",FALSE,TRUE
"Vandalisieren","NEUT",4,"polysyllabic","False",FALSE,TRUE
"Vanillepudding","MASC",5,"polysyllabic","False",TRUE,TRUE
"Vanuatuer","MASC",3,"polysyllabic","False",FALSE,TRUE
"Varietee","NEUT",2,"polysyllabic","False",TRUE,FALSE
"Variieren","NEUT",3,"polysyllabic","False",FALSE,TRUE
"Vater","MASC",2,"polysyllabic","False",FALSE,TRUE
"Vaterbruder","MASC",4,"polysyllabic","False",FALSE,TRUE
"Väterchen","NEUT",3,"polysyllabic","False",FALSE,TRUE
"Vaterland","NEUT",3,"polysyllabic","False",TRUE,TRUE
"Vatermörder","MASC",4,"polysyllabic","False",FALSE,TRUE
"Vatertag","MASC",3,"polysyllabic","False",TRUE,TRUE
"Vaterunser","NEUT",4,"polysyllabic","False",FALSE,TRUE
"Vectorboson","NEUT",4,"polysyllabic","False",FALSE,TRUE
"Vegetarier","MASC",3,"polysyllabic","False",FALSE,TRUE
"Vegetieren","NEUT",3,"polysyllabic","False",FALSE,TRUE
"Veggie","MASC",1,"monosyllabic","False",TRUE,FALSE
"Vehikel","NEUT",3,"polysyllabic","False",FALSE,TRUE
"Veilchen","NEUT",1,"monosyllabic","False",FALSE,TRUE
"Veitstanz","MASC",1,"monosyllabic","True",TRUE,FALSE
"Vektorfeld","NEUT",3,"polysyllabic","False",TRUE,TRUE
"Velar","MASC",2,"polysyllabic","False",FALSE,TRUE
"Velarisieren","NEUT",4,"polysyllabic","False",FALSE,TRUE
"Velodrom","NEUT",3,"polysyllabic","False",FALSE,TRUE
"Venetianer","MASC",4,"polysyllabic","False",FALSE,TRUE
"Venezianer","MASC",4,"polysyllabic","False",FALSE,TRUE
"Ventil","NEUT",2,"polysyllabic","False",FALSE,TRUE
"Ventilieren","NEUT",3,"polysyllabic","False",FALSE,TRUE
"Venussymbol","NEUT",4,"polysyllabic","False",FALSE,TRUE
"Verabreden","NEUT",4,"polysyllabic","False",FALSE,TRUE
"Verabreichen","NEUT",3,"polysyllabic","False",FALSE,TRUE
"Verabscheuen","NEUT",3,"polysyllabic","False",FALSE,TRUE
"Verabschieden","NEUT",3,"polysyllabic","False",FALSE,TRUE
"Verachten","NEUT",3,"polysyllabic","False",FALSE,TRUE
"Verachtfachen","NEUT",4,"polysyllabic","False",FALSE,TRUE
"Verachtfacher","MASC",4,"polysyllabic","False",FALSE,TRUE
"Veralbern","NEUT",3,"polysyllabic","False",FALSE,TRUE
"Verallgemeinern","NEUT",4,"polysyllabic","False",FALSE,TRUE
"Veralten","NEUT",3,"polysyllabic","False",FALSE,TRUE
"Veränderer","MASC",4,"polysyllabic","False",FALSE,TRUE
"Verändern","NEUT",3,"polysyllabic","False",FALSE,TRUE
"Veränderungsgrad","MASC",5,"polysyllabic","False",TRUE,TRUE
"Verankern","NEUT",3,"polysyllabic","False",FALSE,TRUE
"Veranlagen","NEUT",4,"polysyllabic","False",FALSE,TRUE
"Veranlassen","NEUT",4,"polysyllabic","False",FALSE,TRUE
"Veranlasser","MASC",4,"polysyllabic","False",FALSE,TRUE
"Veranschaulichen","NEUT",4,"polysyllabic","False",FALSE,TRUE
"Veranschlagen","NEUT",4,"polysyllabic","False",FALSE,TRUE
"Veranstalten","NEUT",4,"polysyllabic","False",FALSE,TRUE
"Veranstalter","MASC",4,"polysyllabic","False",FALSE,TRUE
"Veranstaltungsort","MASC",5,"polysyllabic","False",TRUE,TRUE
"Veranstaltungsteilnehmer","MASC",6,"polysyllabic","False",FALSE,TRUE
"Verantworten","NEUT",4,"polysyllabic","False",FALSE,TRUE
"Veräppeln","NEUT",3,"polysyllabic","False",FALSE,TRUE
"Verarbeiten","NEUT",3,"polysyllabic","False",FALSE,TRUE
"Verärgern","NEUT",3,"polysyllabic","False",FALSE,TRUE
"Verarmen","NEUT",3,"polysyllabic","False",FALSE,TRUE
"Verarschen","NEUT",3,"polysyllabic","False",FALSE,TRUE
"Verästeln","NEUT",3,"polysyllabic","False",FALSE,TRUE
"Veräußern","NEUT",2,"polysyllabic","False",FALSE,TRUE
"Verb","NEUT",1,"monosyllabic","False",TRUE,TRUE
"Verballern","NEUT",3,"polysyllabic","False",FALSE,TRUE
"Verballhornen","NEUT",4,"polysyllabic","False",FALSE,TRUE
"Verbalsubstantiv","NEUT",5,"polysyllabic","False",FALSE,TRUE
"Verband","MASC",2,"polysyllabic","False",TRUE,TRUE
"Verbannen","NEUT",3,"polysyllabic","False",FALSE,TRUE
"Verbarrikadieren","NEUT",5,"polysyllabic","False",FALSE,TRUE
"Verbarrikadierer","MASC",5,"polysyllabic","False",FALSE,TRUE
"Verbaseln","NEUT",3,"polysyllabic","False",FALSE,TRUE
"Verbauen","NEUT",2,"polysyllabic","False",FALSE,TRUE
"Verbeamten","NEUT",3,"polysyllabic","False",FALSE,TRUE
"Verbeißen","NEUT",2,"polysyllabic","False",FALSE,TRUE
"Verbergen","NEUT",3,"polysyllabic","False",FALSE,TRUE
"Verbesserer","MASC",4,"polysyllabic","False",FALSE,TRUE
"Verbessern","NEUT",3,"polysyllabic","False",FALSE,TRUE
"Verbeugen","NEUT",2,"polysyllabic","False",FALSE,TRUE
"Verbeulen","NEUT",2,"polysyllabic","False",FALSE,TRUE
"Verbiegen","NEUT",2,"polysyllabic","False",FALSE,TRUE
"Verbieten","NEUT",2,"polysyllabic","False",FALSE,TRUE
"Verbilden","NEUT",3,"polysyllabic","False",FALSE,TRUE
"Verbinden","NEUT",3,"polysyllabic","False",FALSE,TRUE
"Verbindungsdraht","MASC",4,"polysyllabic","False",TRUE,TRUE
"Verbindungselement","NEUT",6,"polysyllabic","False",TRUE,TRUE
"Verbindungshalbleiter","MASC",5,"polysyllabic","False",FALSE,TRUE
"Verbindungsstück","NEUT",4,"polysyllabic","False",TRUE,TRUE
"Verbittern","NEUT",3,"polysyllabic","False",FALSE,TRUE
"Verblassen","NEUT",3,"polysyllabic","False",FALSE,TRUE
"Verbläuen","NEUT",2,"polysyllabic","False",FALSE,TRUE
"Verbleib","MASC",1,"monosyllabic","False",TRUE,TRUE
"Verbleiben","NEUT",2,"polysyllabic","False",FALSE,TRUE
"Verbleichen","NEUT",2,"polysyllabic","False",FALSE,TRUE
"Verbleien","NEUT",2,"polysyllabic","False",FALSE,TRUE
"Verblenden","NEUT",3,"polysyllabic","False",FALSE,TRUE
"Verblüffen","NEUT",3,"polysyllabic","False",FALSE,TRUE
"Verbluten","NEUT",3,"polysyllabic","False",FALSE,TRUE
"Verbocken","NEUT",3,"polysyllabic","False",FALSE,TRUE
"Verbohren","NEUT",3,"polysyllabic","False",FALSE,TRUE
"Verborgen","NEUT",3,"polysyllabic","False",FALSE,TRUE
"Verbot","NEUT",2,"polysyllabic","False",TRUE,TRUE
"Verbotsirrtum","MASC",4,"polysyllabic","False",TRUE,TRUE
"Verbrämen","NEUT",3,"polysyllabic","False",FALSE,TRUE
"Verbraten","NEUT",3,"polysyllabic","False",FALSE,TRUE
"Verbrauch","MASC",1,"monosyllabic","False",TRUE,TRUE
"Verbrauchen","NEUT",2,"polysyllabic","False",FALSE,TRUE
"Verbraucher","MASC",2,"polysyllabic","False",FALSE,TRUE
"Verbrechen","NEUT",3,"polysyllabic","False",FALSE,TRUE
"Verbrecher","MASC",3,"polysyllabic","False",FALSE,TRUE
"Verbreiten","NEUT",2,"polysyllabic","False",FALSE,TRUE
"Verbrennen","NEUT",3,"polysyllabic","False",FALSE,TRUE
"Verbrennungsmotor","MASC",5,"polysyllabic","False",FALSE,TRUE
"Verbrennungsprozess","MASC",5,"polysyllabic","True",TRUE,FALSE
"Verbrennungsvorgang","MASC",5,"polysyllabic","False",TRUE,TRUE
"Verbriefen","NEUT",2,"polysyllabic","False",FALSE,TRUE
"Verbringen","NEUT",3,"polysyllabic","False",FALSE,TRUE
"Verbrüdern","NEUT",3,"polysyllabic","False",FALSE,TRUE
"Verbuchen","NEUT",3,"polysyllabic","False",FALSE,TRUE
"Verbuddeln","NEUT",3,"polysyllabic","False",FALSE,TRUE
"Verbund","MASC",2,"polysyllabic","False",TRUE,TRUE
"Verbünden","NEUT",3,"polysyllabic","False",FALSE,TRUE
"Verbundstoff","MASC",3,"polysyllabic","False",FALSE,TRUE
"Verbundwerkstoff","MASC",4,"polysyllabic","False",FALSE,TRUE
"Verbürgen","NEUT",3,"polysyllabic","False",FALSE,TRUE
"Verbürgerlichen","NEUT",5,"polysyllabic","False",FALSE,TRUE
"Verbüßen","NEUT",3,"polysyllabic","False",FALSE,TRUE
"Verdacht","MASC",2,"polysyllabic","False",TRUE,TRUE
"Verdächtigen","NEUT",4,"polysyllabic","False",FALSE,TRUE
"Verdammen","NEUT",3,"polysyllabic","False",FALSE,TRUE
"Verdämmern","NEUT",3,"polysyllabic","False",FALSE,TRUE
"Verdampfen","NEUT",3,"polysyllabic","False",FALSE,TRUE
"Verdampfer","MASC",3,"polysyllabic","False",FALSE,TRUE
"Verdanken","NEUT",3,"polysyllabic","False",FALSE,TRUE
"Verdauen","NEUT",2,"polysyllabic","False",FALSE,TRUE
"Verdauungssystem","NEUT",4,"polysyllabic","False",FALSE,TRUE
"Verdeck","NEUT",2,"polysyllabic","False",TRUE,TRUE
"Verdecken","NEUT",3,"polysyllabic","False",FALSE,TRUE
"Verdenken","NEUT",3,"polysyllabic","False",FALSE,TRUE
"Verderben","NEUT",3,"polysyllabic","False",FALSE,TRUE
"Verderber","MASC",3,"polysyllabic","False",FALSE,TRUE
"Verdeutlichen","NEUT",3,"polysyllabic","False",FALSE,TRUE
"Verdeutschen","NEUT",2,"polysyllabic","False",FALSE,TRUE
"Verdichten","NEUT",3,"polysyllabic","False",FALSE,TRUE
"Verdicken","NEUT",3,"polysyllabic","False",FALSE,TRUE
"Verdienen","NEUT",2,"polysyllabic","False",FALSE,TRUE
"Verdienst","MASC",1,"monosyllabic","False",TRUE,TRUE
"Verdinglichen","NEUT",4,"polysyllabic","False",FALSE,TRUE
"Verdonnern","NEUT",3,"polysyllabic","False",FALSE,TRUE
"Verdoppeln","NEUT",3,"polysyllabic","False",FALSE,TRUE
"Verdoppler","MASC",3,"polysyllabic","False",FALSE,TRUE
"Verdorren","NEUT",3,"polysyllabic","False",FALSE,TRUE
"Verdrängen","NEUT",3,"polysyllabic","False",FALSE,TRUE
"Verdrehen","NEUT",3,"polysyllabic","False",FALSE,TRUE
"Verdreifachen","NEUT",3,"polysyllabic","False",FALSE,TRUE
"Verdreifacher","MASC",3,"polysyllabic","False",FALSE,TRUE
"Verdreizehnfachen","NEUT",4,"polysyllabic","False",FALSE,TRUE
"Verdrießen","NEUT",2,"polysyllabic","False",FALSE,TRUE
"Verdrucken","NEUT",3,"polysyllabic","False",FALSE,TRUE
"Verdrücken","NEUT",3,"polysyllabic","False",FALSE,TRUE
"Verdruss","MASC",2,"polysyllabic","True",TRUE,FALSE
"Verdummen","NEUT",3,"polysyllabic","False",FALSE,TRUE
"Verdünnen","NEUT",3,"polysyllabic","False",FALSE,TRUE
"Verdünnisieren","NEUT",4,"polysyllabic","False",FALSE,TRUE
"Verdunsten","NEUT",3,"polysyllabic","False",FALSE,TRUE
"Verebben","NEUT",3,"polysyllabic","False",FALSE,TRUE
"Veredeln","NEUT",3,"polysyllabic","False",FALSE,TRUE
"Verehelichen","NEUT",5,"polysyllabic","False",FALSE,TRUE
"Verehren","NEUT",3,"polysyllabic","False",FALSE,TRUE
"Verehrer","MASC",3,"polysyllabic","False",FALSE,TRUE
"Verein","MASC",1,"monosyllabic","False",TRUE,TRUE
"Vereinbaren","NEUT",3,"polysyllabic","False",FALSE,TRUE
"Vereinen","NEUT",2,"polysyllabic","False",FALSE,TRUE
"Vereinfachen","NEUT",3,"polysyllabic","False",FALSE,TRUE
"Vereinigen","NEUT",3,"polysyllabic","False",FALSE,TRUE
"Vereinsausschluss","MASC",2,"polysyllabic","True",TRUE,FALSE
"Vereinshaus","NEUT",1,"monosyllabic","True",TRUE,FALSE
"Vereinsmitglied","NEUT",2,"polysyllabic","False",TRUE,TRUE
"Vereisen","NEUT",2,"polysyllabic","False",FALSE,TRUE
"Vereiteln","NEUT",2,"polysyllabic","False",FALSE,TRUE
"Vereitern","NEUT",2,"polysyllabic","False",FALSE,TRUE
"Verelffachen","NEUT",4,"polysyllabic","False",FALSE,TRUE
"Verengen","NEUT",3,"polysyllabic","False",FALSE,TRUE
"Vererben","NEUT",3,"polysyllabic","False",FALSE,TRUE
"Verewigen","NEUT",4,"polysyllabic","False",FALSE,TRUE
"Verfahren","NEUT",3,"polysyllabic","False",FALSE,TRUE
"Verfall","MASC",2,"polysyllabic","False",TRUE,TRUE
"Verfallen","NEUT",3,"polysyllabic","False",FALSE,TRUE
"Verfallsdatum","NEUT",4,"polysyllabic","False",FALSE,TRUE
"Verfälschen","NEUT",3,"polysyllabic","False",FALSE,TRUE
"Verfangen","NEUT",3,"polysyllabic","False",FALSE,TRUE
"Verfärben","NEUT",3,"polysyllabic","False",FALSE,TRUE
"Verfassen","NEUT",3,"polysyllabic","False",FALSE,TRUE
"Verfasser","MASC",3,"polysyllabic","False",FALSE,TRUE
"Verfassungsgericht","NEUT",5,"polysyllabic","False",TRUE,TRUE
"Verfassungsschutz","MASC",4,"polysyllabic","True",TRUE,FALSE
"Verfaulen","NEUT",2,"polysyllabic","False",FALSE,TRUE
"Verfechten","NEUT",3,"polysyllabic","False",FALSE,TRUE
"Verfechter","MASC",3,"polysyllabic","False",FALSE,TRUE
"Verfehlen","NEUT",3,"polysyllabic","False",FALSE,TRUE
"Verfeinden","NEUT",2,"polysyllabic","False",FALSE,TRUE
"Verfeinern","NEUT",2,"polysyllabic","False",FALSE,TRUE
"Verfemen","NEUT",3,"polysyllabic","False",FALSE,TRUE
"Verfertigen","NEUT",4,"polysyllabic","False",FALSE,TRUE
"Verfestigen","NEUT",4,"polysyllabic","False",FALSE,TRUE
"Verfeuern","NEUT",2,"polysyllabic","False",FALSE,TRUE
"Verfilmen","NEUT",3,"polysyllabic","False",FALSE,TRUE
"Verfilzen","NEUT",3,"polysyllabic","False",FALSE,TRUE
"Verfinstern","NEUT",3,"polysyllabic","False",FALSE,TRUE
"Verflachen","NEUT",3,"polysyllabic","False",FALSE,TRUE
"Verflechten","NEUT",3,"polysyllabic","False",FALSE,TRUE
"Verfliegen","NEUT",2,"polysyllabic","False",FALSE,TRUE
"Verfluchen","NEUT",3,"polysyllabic","False",FALSE,TRUE
"Verflüchtigen","NEUT",4,"polysyllabic","False",FALSE,TRUE
"Verflüssigen","NEUT",4,"polysyllabic","False",FALSE,TRUE
"Verfolgen","NEUT",3,"polysyllabic","False",FALSE,TRUE
"Verformen","NEUT",3,"polysyllabic","False",FALSE,TRUE
"Verfremden","NEUT",3,"polysyllabic","False",FALSE,TRUE
"Verfügen","NEUT",3,"polysyllabic","False",FALSE,TRUE
"Verführen","NEUT",3,"polysyllabic","False",FALSE,TRUE
"Verführer","MASC",3,"polysyllabic","False",FALSE,TRUE
"Verfünffachen","NEUT",4,"polysyllabic","False",FALSE,TRUE
"Verfünffacher","MASC",4,"polysyllabic","False",FALSE,TRUE
"Verfünfzehnfachen","NEUT",5,"polysyllabic","False",FALSE,TRUE
"Vergällen","NEUT",3,"polysyllabic","False",FALSE,TRUE
"Vergären","NEUT",3,"polysyllabic","False",FALSE,TRUE
"Vergasen","NEUT",3,"polysyllabic","False",FALSE,TRUE
"Vergaser","MASC",3,"polysyllabic","False",FALSE,TRUE
"Vergattern","NEUT",3,"polysyllabic","False",FALSE,TRUE
"Vergeben","NEUT",3,"polysyllabic","False",FALSE,TRUE
"Vergegenständlichen","NEUT",6,"polysyllabic","False",FALSE,TRUE
"Vergegenwärtigen","NEUT",6,"polysyllabic","False",FALSE,TRUE
"Vergehen","NEUT",3,"polysyllabic","False",FALSE,TRUE
"Vergeigen","NEUT",2,"polysyllabic","False",FALSE,TRUE
"Vergelten","NEUT",3,"polysyllabic","False",FALSE,TRUE
"Vergeltungsangriff","MASC",5,"polysyllabic","False",TRUE,TRUE
"Vergessen","NEUT",3,"polysyllabic","False",FALSE,TRUE
"Vergeuden","NEUT",2,"polysyllabic","False",FALSE,TRUE
"Vergewaltigen","NEUT",5,"polysyllabic","False",FALSE,TRUE
"Vergewaltiger","MASC",5,"polysyllabic","False",FALSE,TRUE
"Vergewissern","NEUT",4,"polysyllabic","False",FALSE,TRUE
"Vergießen","NEUT",2,"polysyllabic","False",FALSE,TRUE
"Vergiften","NEUT",3,"polysyllabic","False",FALSE,TRUE
"Vergiftigen","NEUT",4,"polysyllabic","False",FALSE,TRUE
"Vergiftungssymptom","NEUT",5,"polysyllabic","False",FALSE,TRUE
"Vergissmeinnicht","NEUT",3,"polysyllabic","False",TRUE,TRUE
"Vergleich","MASC",1,"monosyllabic","False",TRUE,TRUE
"Vergleichen","NEUT",2,"polysyllabic","False",FALSE,TRUE
"Verglimmen","NEUT",3,"polysyllabic","False",FALSE,TRUE
"Verglühen","NEUT",3,"polysyllabic","False",FALSE,TRUE
"Vergnügungspark","MASC",4,"polysyllabic","False",TRUE,TRUE
"Vergnügungsviertel","NEUT",4,"polysyllabic","False",FALSE,TRUE
"Vergolden","NEUT",3,"polysyllabic","False",FALSE,TRUE
"Vergönnen","NEUT",3,"polysyllabic","False",FALSE,TRUE
"Vergöttern","NEUT",3,"polysyllabic","False",FALSE,TRUE
"Vergöttlichen","NEUT",4,"polysyllabic","False",FALSE,TRUE
"Vergraben","NEUT",3,"polysyllabic","False",FALSE,TRUE
"Vergrämen","NEUT",3,"polysyllabic","False",FALSE,TRUE
"Vergraulen","NEUT",2,"polysyllabic","False",FALSE,TRUE
"Vergreifen","NEUT",2,"polysyllabic","False",FALSE,TRUE
"Vergreisen","NEUT",2,"polysyllabic","False",FALSE,TRUE
"Vergrößern","NEUT",3,"polysyllabic","False",FALSE,TRUE
"Vergünstigen","NEUT",4,"polysyllabic","False",FALSE,TRUE
"Vergüten","NEUT",3,"polysyllabic","False",FALSE,TRUE
"Verhaften","NEUT",3,"polysyllabic","False",FALSE,TRUE
"Verhageln","NEUT",3,"polysyllabic","False",FALSE,TRUE
"Verhallen","NEUT",3,"polysyllabic","False",FALSE,TRUE
"Verhalt","MASC",2,"polysyllabic","False",TRUE,TRUE
"Verhalten","NEUT",3,"polysyllabic","False",FALSE,TRUE
"Verhaltensmuster","NEUT",5,"polysyllabic","False",FALSE,TRUE
"Verhältniswort","NEUT",4,"polysyllabic","False",TRUE,TRUE
"Verhandeln","NEUT",3,"polysyllabic","False",FALSE,TRUE
"Verhängen","NEUT",3,"polysyllabic","False",FALSE,TRUE
"Verharmlosen","NEUT",4,"polysyllabic","False",FALSE,TRUE
"Verharren","NEUT",3,"polysyllabic","False",FALSE,TRUE
"Verhärten","NEUT",3,"polysyllabic","False",FALSE,TRUE
"Verhätscheln","NEUT",3,"polysyllabic","False",FALSE,TRUE
"Verhauchen","NEUT",2,"polysyllabic","False",FALSE,TRUE
"Verhauen","NEUT",2,"polysyllabic","False",FALSE,TRUE
"Verheben","NEUT",3,"polysyllabic","False",FALSE,TRUE
"Verheeren","NEUT",3,"polysyllabic","False",FALSE,TRUE
"Verhehlen","NEUT",3,"polysyllabic","False",FALSE,TRUE
"Verheimlichen","NEUT",3,"polysyllabic","False",FALSE,TRUE
"Verheiraten","NEUT",3,"polysyllabic","False",FALSE,TRUE
"Verheißen","NEUT",2,"polysyllabic","False",FALSE,TRUE
"Verheizen","NEUT",2,"polysyllabic","False",FALSE,TRUE
"Verhelfen","NEUT",3,"polysyllabic","False",FALSE,TRUE
"Verherrlichen","NEUT",4,"polysyllabic","False",FALSE,TRUE
"Verhetzen","NEUT",3,"polysyllabic","False",FALSE,TRUE
"Verhexen","NEUT",3,"polysyllabic","False",FALSE,TRUE
"Verhindern","NEUT",3,"polysyllabic","False",FALSE,TRUE
"Verhöhnen","NEUT",3,"polysyllabic","False",FALSE,TRUE
"Verhöhner","MASC",3,"polysyllabic","False",FALSE,TRUE
"Verhökerer","MASC",4,"polysyllabic","False",FALSE,TRUE
"Verhökern","NEUT",3,"polysyllabic","False",FALSE,TRUE
"Verhör","NEUT",2,"polysyllabic","False",TRUE,TRUE
"Verhören","NEUT",3,"polysyllabic","False",FALSE,TRUE
"Verhüllen","NEUT",3,"polysyllabic","False",FALSE,TRUE
"Verhundertfachen","NEUT",5,"polysyllabic","False",FALSE,TRUE
"Verhungern","NEUT",3,"polysyllabic","False",FALSE,TRUE
"Verhunzen","NEUT",3,"polysyllabic","False",FALSE,TRUE
"Verhüten","NEUT",3,"polysyllabic","False",FALSE,TRUE
"Verhütten","NEUT",3,"polysyllabic","False",FALSE,TRUE
"Verhütungsmittel","NEUT",5,"polysyllabic","False",FALSE,TRUE
"Verifizieren","NEUT",4,"polysyllabic","False",FALSE,TRUE
"Verinnerlichen","NEUT",5,"polysyllabic","False",FALSE,TRUE
"Verirren","NEUT",3,"polysyllabic","False",FALSE,TRUE
"Verjagen","NEUT",3,"polysyllabic","False",FALSE,TRUE
"Verjähren","NEUT",3,"polysyllabic","False",FALSE,TRUE
"Verjubeln","NEUT",3,"polysyllabic","False",FALSE,TRUE
"Verjüngen","NEUT",3,"polysyllabic","False",FALSE,TRUE
"Verkabeln","NEUT",3,"polysyllabic","False",FALSE,TRUE
"Verkacken","NEUT",3,"polysyllabic","False",FALSE,TRUE
"Verkalken","NEUT",3,"polysyllabic","False",FALSE,TRUE
"Verkapseln","NEUT",3,"polysyllabic","False",FALSE,TRUE
"Verkauf","MASC",1,"monosyllabic","False",TRUE,TRUE
"Verkaufen","NEUT",2,"polysyllabic","False",FALSE,TRUE
"Verkäufer","MASC",2,"polysyllabic","False",FALSE,TRUE
"Verkaufspreis","MASC",1,"monosyllabic","True",TRUE,FALSE
"Verkaufstisch","MASC",2,"polysyllabic","True",TRUE,TRUE
"Verkehr","MASC",2,"polysyllabic","False",TRUE,TRUE
"Verkehren","NEUT",3,"polysyllabic","False",FALSE,TRUE
"Verkehrsflugzeug","NEUT",3,"polysyllabic","False",TRUE,TRUE
"Verkehrshütchen","MASC",4,"polysyllabic","False",FALSE,TRUE
"Verkehrsleitkegel","MASC",4,"polysyllabic","False",FALSE,TRUE
"Verkehrsmittel","NEUT",4,"polysyllabic","False",FALSE,TRUE
"Verkehrsschild","NEUT",3,"polysyllabic","False",TRUE,TRUE
"Verkehrsstau","MASC",2,"polysyllabic","False",FALSE,TRUE
"Verkehrsunfall","MASC",4,"polysyllabic","False",TRUE,TRUE
"Verkehrsverbund","MASC",4,"polysyllabic","False",TRUE,TRUE
"Verkehrsweg","MASC",3,"polysyllabic","False",TRUE,TRUE
"Verkehrszeichen","NEUT",3,"polysyllabic","False",FALSE,TRUE
"Verkennen","NEUT",3,"polysyllabic","False",FALSE,TRUE
"Verketzern","NEUT",3,"polysyllabic","False",FALSE,TRUE
"Verklagen","NEUT",3,"polysyllabic","False",FALSE,TRUE
"Verklappen","NEUT",3,"polysyllabic","False",FALSE,TRUE
"Verklären","NEUT",3,"polysyllabic","False",FALSE,TRUE
"Verkleiden","NEUT",2,"polysyllabic","False",FALSE,TRUE
"Verkleinern","NEUT",2,"polysyllabic","False",FALSE,TRUE
"Verklemmen","NEUT",3,"polysyllabic","False",FALSE,TRUE
"Verkloppen","NEUT",3,"polysyllabic","False",FALSE,TRUE
"Verknallen","NEUT",3,"polysyllabic","False",FALSE,TRUE
"Verknautschen","NEUT",2,"polysyllabic","False",FALSE,TRUE
"Verkneifen","NEUT",2,"polysyllabic","False",FALSE,TRUE
"Verknittern","NEUT",3,"polysyllabic","False",FALSE,TRUE
"Verknöchern","NEUT",3,"polysyllabic","False",FALSE,TRUE
"Verknüpfen","NEUT",3,"polysyllabic","False",FALSE,TRUE
"Verknusen","NEUT",3,"polysyllabic","False",FALSE,TRUE
"Verkochen","NEUT",3,"polysyllabic","False",FALSE,TRUE
"Verkohlen","NEUT",3,"polysyllabic","False",FALSE,TRUE
"Verkommen","NEUT",3,"polysyllabic","False",FALSE,TRUE
"Verkomplizieren","NEUT",4,"polysyllabic","False",FALSE,TRUE
"Verkorksen","NEUT",3,"polysyllabic","False",FALSE,TRUE
"Verkörpern","NEUT",3,"polysyllabic","False",FALSE,TRUE
"Verkosten","NEUT",3,"polysyllabic","False",FALSE,TRUE
"Verköstigen","NEUT",4,"polysyllabic","False",FALSE,TRUE
"Verkraften","NEUT",3,"polysyllabic","False",FALSE,TRUE
"Verkrampfen","NEUT",3,"polysyllabic","False",FALSE,TRUE
"Verkriechen","NEUT",2,"polysyllabic","False",FALSE,TRUE
"Verkrüppeln","NEUT",3,"polysyllabic","False",FALSE,TRUE
"Verkrusten","NEUT",3,"polysyllabic","False",FALSE,TRUE
"Verkugeln","NEUT",3,"polysyllabic","False",FALSE,TRUE
"Verkühlen","NEUT",3,"polysyllabic","False",FALSE,TRUE
"Verkümmern","NEUT",3,"polysyllabic","False",FALSE,TRUE
"Verkünden","NEUT",3,"polysyllabic","False",FALSE,TRUE
"Verkündigen","NEUT",4,"polysyllabic","False",FALSE,TRUE
"Verkuppeln","NEUT",3,"polysyllabic","False",FALSE,TRUE
"Verkürzen","NEUT",3,"polysyllabic","False",FALSE,TRUE
"Verkürzungszeichen","NEUT",4,"polysyllabic","False",FALSE,TRUE
"Verlaborieren","NEUT",4,"polysyllabic","False",FALSE,TRUE
"Verlachen","NEUT",3,"polysyllabic","False",FALSE,TRUE
"Verladebahnhof","MASC",5,"polysyllabic","False",TRUE,TRUE
"Verladen","NEUT",3,"polysyllabic","False",FALSE,TRUE
"Verlag","MASC",2,"polysyllabic","False",TRUE,TRUE
"Verlagern","NEUT",3,"polysyllabic","False",FALSE,TRUE
"Verlagsleiter","MASC",3,"polysyllabic","False",FALSE,TRUE
"Verlagswesen","NEUT",4,"polysyllabic","False",FALSE,TRUE
"Verlähmen","NEUT",3,"polysyllabic","False",FALSE,TRUE
"Verlangen","NEUT",3,"polysyllabic","False",FALSE,TRUE
"Verlängern","NEUT",3,"polysyllabic","False",FALSE,TRUE
"Verlängerungskabel","NEUT",6,"polysyllabic","False",FALSE,TRUE
"Verlangsamen","NEUT",4,"polysyllabic","False",FALSE,TRUE
"Verlass","MASC",2,"polysyllabic","True",TRUE,FALSE
"Verlassen","NEUT",3,"polysyllabic","False",FALSE,TRUE
"Verlaub","MASC",1,"monosyllabic","False",FALSE,TRUE
"Verlauf","MASC",1,"monosyllabic","False",TRUE,TRUE
"Verlaufen","NEUT",2,"polysyllabic","False",FALSE,TRUE
"Verlautbaren","NEUT",3,"polysyllabic","False",FALSE,TRUE
"Verlauten","NEUT",2,"polysyllabic","False",FALSE,TRUE
"Verleben","NEUT",3,"polysyllabic","False",FALSE,TRUE
"Verlegen","NEUT",3,"polysyllabic","False",FALSE,TRUE
"Verleger","MASC",3,"polysyllabic","False",FALSE,TRUE
"Verleiden","NEUT",2,"polysyllabic","False",FALSE,TRUE
"Verleihen","NEUT",2,"polysyllabic","False",FALSE,TRUE
"Verleiten","NEUT",2,"polysyllabic","False",FALSE,TRUE
"Verlernen","NEUT",3,"polysyllabic","False",FALSE,TRUE
"Verlesen","NEUT",3,"polysyllabic","False",FALSE,TRUE
"Verletzen","NEUT",3,"polysyllabic","False",FALSE,TRUE
"Verleugnen","NEUT",2,"polysyllabic","False",FALSE,TRUE
"Verleumden","NEUT",2,"polysyllabic","False",FALSE,TRUE
"Verleumder","MASC",2,"polysyllabic","False",FALSE,TRUE
"Verlieben","NEUT",2,"polysyllabic","False",FALSE,TRUE
"Verlieren","NEUT",2,"polysyllabic","False",FALSE,TRUE
"Verlierer","MASC",2,"polysyllabic","False",FALSE,TRUE
"Verlobungsring","MASC",4,"polysyllabic","False",TRUE,TRUE
"Verlocken","NEUT",3,"polysyllabic","False",FALSE,TRUE
"Verlohnen","NEUT",3,"polysyllabic","False",FALSE,TRUE
"Verlorengehen","NEUT",5,"polysyllabic","False",FALSE,TRUE
"Verlosen","NEUT",3,"polysyllabic","False",FALSE,TRUE
"Verlöten","NEUT",3,"polysyllabic","False",FALSE,TRUE
"Vermachen","NEUT",3,"polysyllabic","False",FALSE,TRUE
"Vermahnen","NEUT",3,"polysyllabic","False",FALSE,TRUE
"Vermaledeien","NEUT",4,"polysyllabic","False",FALSE,TRUE
"Vermarkten","NEUT",3,"polysyllabic","False",FALSE,TRUE
"Vermasseln","NEUT",3,"polysyllabic","False",FALSE,TRUE
"Vermaßen","NEUT",3,"polysyllabic","False",FALSE,TRUE
"Vermauern","NEUT",2,"polysyllabic","False",FALSE,TRUE
"Vermehren","NEUT",3,"polysyllabic","False",FALSE,TRUE
"Vermeiden","NEUT",2,"polysyllabic","False",FALSE,TRUE
"Vermengen","NEUT",3,"polysyllabic","False",FALSE,TRUE
"Vermenschlichen","NEUT",4,"polysyllabic","False",FALSE,TRUE
"Vermerk","MASC",2,"polysyllabic","False",TRUE,TRUE
"Vermerken","NEUT",3,"polysyllabic","False",FALSE,TRUE
"Vermessen","NEUT",3,"polysyllabic","False",FALSE,TRUE
"Vermeßen","NEUT",3,"polysyllabic","False",FALSE,TRUE
"Vermesser","MASC",3,"polysyllabic","False",FALSE,TRUE
"Vermiculit","MASC",4,"polysyllabic","False",FALSE,TRUE
"Vermieten","NEUT",2,"polysyllabic","False",FALSE,TRUE
"Vermieter","MASC",2,"polysyllabic","False",FALSE,TRUE
"Vermindern","NEUT",3,"polysyllabic","False",FALSE,TRUE
"Verminen","NEUT",3,"polysyllabic","False",FALSE,TRUE
"Vermischen","NEUT",3,"polysyllabic","False",FALSE,TRUE
"Vermissen","NEUT",3,"polysyllabic","False",FALSE,TRUE
"Vermitteln","NEUT",3,"polysyllabic","False",FALSE,TRUE
"Vermöbeln","NEUT",3,"polysyllabic","False",FALSE,TRUE
"Vermodern","NEUT",3,"polysyllabic","False",FALSE,TRUE
"Vermögen","NEUT",3,"polysyllabic","False",FALSE,TRUE
"Vermüllen","NEUT",3,"polysyllabic","False",FALSE,TRUE
"Vermummen","NEUT",3,"polysyllabic","False",FALSE,TRUE
"Vermummungsverbot","NEUT",5,"polysyllabic","False",TRUE,TRUE
"Vermurksen","NEUT",3,"polysyllabic","False",FALSE,TRUE
"Vermuten","NEUT",3,"polysyllabic","False",FALSE,TRUE
"Vernachlässigen","NEUT",5,"polysyllabic","False",FALSE,TRUE
"Vernarren","NEUT",3,"polysyllabic","False",FALSE,TRUE
"Vernaschen","NEUT",3,"polysyllabic","False",FALSE,TRUE
"Vernebeln","NEUT",3,"polysyllabic","False",FALSE,TRUE
"Vernehmen","NEUT",3,"polysyllabic","False",FALSE,TRUE
"Verneigen","NEUT",2,"polysyllabic","False",FALSE,TRUE
"Verneinen","NEUT",2,"polysyllabic","False",FALSE,TRUE
"Vernetzen","NEUT",3,"polysyllabic","False",FALSE,TRUE
"Verneunfachen","NEUT",3,"polysyllabic","False",FALSE,TRUE
"Verneunfacher","MASC",3,"polysyllabic","False",FALSE,TRUE
"Vernichten","NEUT",3,"polysyllabic","False",FALSE,TRUE
"Vernichtungskrieg","MASC",3,"polysyllabic","False",TRUE,TRUE
"Vernichtungslager","NEUT",5,"polysyllabic","False",FALSE,TRUE
"Verniedlichen","NEUT",3,"polysyllabic","False",FALSE,TRUE
"Veröden","NEUT",3,"polysyllabic","False",FALSE,TRUE
"Veröffentlichen","NEUT",5,"polysyllabic","False",FALSE,TRUE
"Verordnen","NEUT",3,"polysyllabic","False",FALSE,TRUE
"Verpachten","NEUT",3,"polysyllabic","False",FALSE,TRUE
"Verpacken","NEUT",3,"polysyllabic","False",FALSE,TRUE
"Verpassen","NEUT",3,"polysyllabic","False",FALSE,TRUE
"Verpeilen","NEUT",2,"polysyllabic","False",FALSE,TRUE
"Verpennen","NEUT",3,"polysyllabic","False",FALSE,TRUE
"Verpetzen","NEUT",3,"polysyllabic","False",FALSE,TRUE
"Verpfänden","NEUT",3,"polysyllabic","False",FALSE,TRUE
"Verpfeifen","NEUT",2,"polysyllabic","False",FALSE,TRUE
"Verpflegen","NEUT",3,"polysyllabic","False",FALSE,TRUE
"Verpflichten","NEUT",3,"polysyllabic","False",FALSE,TRUE
"Verpissen","NEUT",3,"polysyllabic","False",FALSE,TRUE
"Verplappern","NEUT",3,"polysyllabic","False",FALSE,TRUE
"Verplempern","NEUT",3,"polysyllabic","False",FALSE,TRUE
"Verpönen","NEUT",3,"polysyllabic","False",FALSE,TRUE
"Verprassen","NEUT",3,"polysyllabic","False",FALSE,TRUE
"Verprellen","NEUT",3,"polysyllabic","False",FALSE,TRUE
"Verpressen","NEUT",3,"polysyllabic","False",FALSE,TRUE
"Verproviantieren","NEUT",4,"polysyllabic","False",FALSE,TRUE
"Verprügeln","NEUT",3,"polysyllabic","False",FALSE,TRUE
"Verpuffen","NEUT",3,"polysyllabic","False",FALSE,TRUE
"Verpuppen","NEUT",3,"polysyllabic","False",FALSE,TRUE
"Verputzen","NEUT",3,"polysyllabic","False",FALSE,TRUE
"Verraffen","NEUT",3,"polysyllabic","False",FALSE,TRUE
"Verrammeln","NEUT",3,"polysyllabic","False",FALSE,TRUE
"Verramschen","NEUT",3,"polysyllabic","False",FALSE,TRUE
"Verramscher","MASC",3,"polysyllabic","False",FALSE,TRUE
"Verrat","MASC",2,"polysyllabic","False",TRUE,TRUE
"Verraten","NEUT",3,"polysyllabic","False",FALSE,TRUE
"Verräter","MASC",3,"polysyllabic","False",FALSE,TRUE
"Verrathen","NEUT",3,"polysyllabic","False",FALSE,TRUE
"Verrechnen","NEUT",3,"polysyllabic","False",FALSE,TRUE
"Verrecken","NEUT",3,"polysyllabic","False",FALSE,TRUE
"Verreden","NEUT",3,"polysyllabic","False",FALSE,TRUE
"Verreisen","NEUT",2,"polysyllabic","False",FALSE,TRUE
"Verrenken","NEUT",3,"polysyllabic","False",FALSE,TRUE
"Verrichten","NEUT",3,"polysyllabic","False",FALSE,TRUE
"Verriegeln","NEUT",2,"polysyllabic","False",FALSE,TRUE
"Verringern","NEUT",3,"polysyllabic","False",FALSE,TRUE
"Verrosten","NEUT",3,"polysyllabic","False",FALSE,TRUE
"Verrotten","NEUT",3,"polysyllabic","False",FALSE,TRUE
"Verrühren","NEUT",3,"polysyllabic","False",FALSE,TRUE
"Verrührer","MASC",3,"polysyllabic","False",FALSE,TRUE
"Vers","MASC",1,"monosyllabic","True",TRUE,FALSE
"Versagen","NEUT",3,"polysyllabic","False",FALSE,TRUE
"Versal","MASC",2,"polysyllabic","False",FALSE,TRUE
"Versalzen","NEUT",3,"polysyllabic","False",FALSE,TRUE
"Versalzer","MASC",3,"polysyllabic","False",FALSE,TRUE
"Versammeln","NEUT",3,"polysyllabic","False",FALSE,TRUE
"Versammler","MASC",3,"polysyllabic","False",FALSE,TRUE
"Versammlungsbeginn","MASC",5,"polysyllabic","False",TRUE,TRUE
"Versammlungsort","MASC",4,"polysyllabic","False",TRUE,TRUE
"Versammlungsteilnehmer","MASC",5,"polysyllabic","False",FALSE,TRUE
"Versanden","NEUT",3,"polysyllabic","False",FALSE,TRUE
"Versatzstück","NEUT",3,"polysyllabic","False",TRUE,TRUE
"Versauen","NEUT",2,"polysyllabic","False",FALSE,TRUE
"Versauern","NEUT",2,"polysyllabic","False",FALSE,TRUE
"Versaufen","NEUT",2,"polysyllabic","False",FALSE,TRUE
"Versäufer","MASC",2,"polysyllabic","False",FALSE,TRUE
"Versäumen","NEUT",2,"polysyllabic","False",FALSE,TRUE
"Versäumer","MASC",2,"polysyllabic","False",FALSE,TRUE
"Verschachteln","NEUT",3,"polysyllabic","False",FALSE,TRUE
"Verschaffen","NEUT",3,"polysyllabic","False",FALSE,TRUE
"Verschaffer","MASC",3,"polysyllabic","False",FALSE,TRUE
"Verschalen","NEUT",3,"polysyllabic","False",FALSE,TRUE
"Verschaler","MASC",3,"polysyllabic","False",FALSE,TRUE
"Verschallen","NEUT",3,"polysyllabic","False",FALSE,TRUE
"Verschalten","NEUT",3,"polysyllabic","False",FALSE,TRUE
"Verschandeler","MASC",4,"polysyllabic","False",FALSE,TRUE
"Verschandeln","NEUT",3,"polysyllabic","False",FALSE,TRUE
"Verschanzen","NEUT",3,"polysyllabic","False",FALSE,TRUE
"Verschanzer","MASC",3,"polysyllabic","False",FALSE,TRUE
"Verschärfen","NEUT",3,"polysyllabic","False",FALSE,TRUE
"Verscharren","NEUT",3,"polysyllabic","False",FALSE,TRUE
"Verschauen","NEUT",2,"polysyllabic","False",FALSE,TRUE
"Verschaukeln","NEUT",2,"polysyllabic","False",FALSE,TRUE
"Verscheiden","NEUT",2,"polysyllabic","False",FALSE,TRUE
"Verscheissern","NEUT",2,"polysyllabic","False",FALSE,TRUE
"Verscheißern","NEUT",2,"polysyllabic","False",FALSE,TRUE
"Verschen","NEUT",2,"polysyllabic","False",FALSE,TRUE
"Verschenken","NEUT",3,"polysyllabic","False",FALSE,TRUE
"Verscherbeler","MASC",4,"polysyllabic","False",FALSE,TRUE
"Verscherbeln","NEUT",3,"polysyllabic","False",FALSE,TRUE
"Verscherzen","NEUT",3,"polysyllabic","False",FALSE,TRUE
"Verscheuchen","NEUT",2,"polysyllabic","False",FALSE,TRUE
"Verscheucher","MASC",2,"polysyllabic","False",FALSE,TRUE
"Verschicken","NEUT",3,"polysyllabic","False",FALSE,TRUE
"Verschieben","NEUT",2,"polysyllabic","False",FALSE,TRUE
"Verschieber","MASC",2,"polysyllabic","False",FALSE,TRUE
"Verschießen","NEUT",2,"polysyllabic","False",FALSE,TRUE
"Verschießer","MASC",2,"polysyllabic","False",FALSE,TRUE
"Verschiffen","NEUT",3,"polysyllabic","False",FALSE,TRUE
"Verschiffer","MASC",3,"polysyllabic","False",FALSE,TRUE
"Verschlacken","NEUT",3,"polysyllabic","False",FALSE,TRUE
"Verschlafen","NEUT",3,"polysyllabic","False",FALSE,TRUE
"Verschlafer","MASC",3,"polysyllabic","False",FALSE,TRUE
"Verschlechterer","MASC",4,"polysyllabic","False",FALSE,TRUE
"Verschlechtern","NEUT",3,"polysyllabic","False",FALSE,TRUE
"Verschleiern","NEUT",2,"polysyllabic","False",FALSE,TRUE
"Verschleiß","MASC",1,"monosyllabic","True",TRUE,FALSE
"Verschleissen","NEUT",2,"polysyllabic","False",FALSE,TRUE
"Verschlemmen","NEUT",3,"polysyllabic","False",FALSE,TRUE
"Verschleppen","NEUT",3,"polysyllabic","False",FALSE,TRUE
"Verschleuderer","MASC",3,"polysyllabic","False",FALSE,TRUE
"Verschleudern","NEUT",2,"polysyllabic","False",FALSE,TRUE
"Verschliessen","NEUT",2,"polysyllabic","False",FALSE,TRUE
"Verschließen","NEUT",2,"polysyllabic","False",FALSE,TRUE
"Verschlimmbessern","NEUT",4,"polysyllabic","False",FALSE,TRUE
"Verschlimmerer","MASC",4,"polysyllabic","False",FALSE,TRUE
"Verschlimmern","NEUT",3,"polysyllabic","False",FALSE,TRUE
"Verschlingen","NEUT",3,"polysyllabic","False",FALSE,TRUE
"Verschlinger","MASC",3,"polysyllabic","False",FALSE,TRUE
"Verschlucken","NEUT",3,"polysyllabic","False",FALSE,TRUE
"Verschlucker","MASC",3,"polysyllabic","False",FALSE,TRUE
"Verschluss","MASC",2,"polysyllabic","True",TRUE,FALSE
"Verschlüsseler","MASC",4,"polysyllabic","False",FALSE,TRUE
"Verschlüsseln","NEUT",3,"polysyllabic","False",FALSE,TRUE
"Verschlüsselungsgerät","NEUT",6,"polysyllabic","False",TRUE,TRUE
"Verschlusslaut","MASC",2,"polysyllabic","False",TRUE,TRUE
"Verschmachten","NEUT",3,"polysyllabic","False",FALSE,TRUE
"Verschmähen","NEUT",3,"polysyllabic","False",FALSE,TRUE
"Verschmäher","MASC",3,"polysyllabic","False",FALSE,TRUE
"Verschmelzen","NEUT",3,"polysyllabic","False",FALSE,TRUE
"Verschmerzen","NEUT",3,"polysyllabic","False",FALSE,TRUE
"Verschmutzen","NEUT",3,"polysyllabic","False",FALSE,TRUE
"Verschmutzer","MASC",3,"polysyllabic","False",FALSE,TRUE
"Verschnaufen","NEUT",2,"polysyllabic","False",FALSE,TRUE
"Verschneiden","NEUT",2,"polysyllabic","False",FALSE,TRUE
"Verschnüren","NEUT",3,"polysyllabic","False",FALSE,TRUE
"Verschnürer","MASC",3,"polysyllabic","False",FALSE,TRUE
"Verschonen","NEUT",3,"polysyllabic","False",FALSE,TRUE
"Verschoner","MASC",3,"polysyllabic","False",FALSE,TRUE
"Verschönerer","MASC",4,"polysyllabic","False",FALSE,TRUE
"Verschönern","NEUT",3,"polysyllabic","False",FALSE,TRUE
"Verschränken","NEUT",3,"polysyllabic","False",FALSE,TRUE
"Verschränker","MASC",3,"polysyllabic","False",FALSE,TRUE
"Verschreiben","NEUT",2,"polysyllabic","False",FALSE,TRUE
"Verschreiber","MASC",2,"polysyllabic","False",FALSE,TRUE
"Verschriften","NEUT",3,"polysyllabic","False",FALSE,TRUE
"Verschrotten","NEUT",3,"polysyllabic","False",FALSE,TRUE
"Verschulden","NEUT",3,"polysyllabic","False",FALSE,TRUE
"Verschütten","NEUT",3,"polysyllabic","False",FALSE,TRUE
"Verschwägern","NEUT",3,"polysyllabic","False",FALSE,TRUE
"Verschweigen","NEUT",2,"polysyllabic","False",FALSE,TRUE
"Verschweiger","MASC",2,"polysyllabic","False",FALSE,TRUE
"Verschwenden","NEUT",3,"polysyllabic","False",FALSE,TRUE
"Verschwender","MASC",3,"polysyllabic","False",FALSE,TRUE
"Verschwimmen","NEUT",3,"polysyllabic","False",FALSE,TRUE
"Verschwinden","NEUT",3,"polysyllabic","False",FALSE,TRUE
"Verschwören","NEUT",3,"polysyllabic","False",FALSE,TRUE
"Verschwörer","MASC",3,"polysyllabic","False",FALSE,TRUE
"Verschwörungstheoretiker","MASC",7,"polysyllabic","False",FALSE,TRUE
"Versechsfachen","NEUT",4,"polysyllabic","False",FALSE,TRUE
"Versechsfacher","MASC",4,"polysyllabic","False",FALSE,TRUE
"Versehen","NEUT",3,"polysyllabic","False",FALSE,TRUE
"Versehren","NEUT",3,"polysyllabic","False",FALSE,TRUE
"Verseifen","NEUT",2,"polysyllabic","False",FALSE,TRUE
"Verselbständigen","NEUT",5,"polysyllabic","False",FALSE,TRUE
"Verselbstständigen","NEUT",5,"polysyllabic","False",FALSE,TRUE
"Versemmeln","NEUT",3,"polysyllabic","False",FALSE,TRUE
"Versenden","NEUT",3,"polysyllabic","False",FALSE,TRUE
"Versender","MASC",3,"polysyllabic","False",FALSE,TRUE
"Versengen","NEUT",3,"polysyllabic","False",FALSE,TRUE
"Versenger","MASC",3,"polysyllabic","False",FALSE,TRUE
"Versenken","NEUT",3,"polysyllabic","False",FALSE,TRUE
"Versenker","MASC",3,"polysyllabic","False",FALSE,TRUE
"Verseuchen","NEUT",2,"polysyllabic","False",FALSE,TRUE
"Verseucher","MASC",2,"polysyllabic","False",FALSE,TRUE
"Versfuß","MASC",2,"polysyllabic","True",TRUE,FALSE
"Versicherer","MASC",4,"polysyllabic","False",FALSE,TRUE
"Versichern","NEUT",3,"polysyllabic","False",FALSE,TRUE
"Versicherungsbetrüger","MASC",7,"polysyllabic","False",FALSE,TRUE
"Versicherungsschwindler","MASC",6,"polysyllabic","False",FALSE,TRUE
"Versickern","NEUT",3,"polysyllabic","False",FALSE,TRUE
"Versiebenfachen","NEUT",4,"polysyllabic","False",FALSE,TRUE
"Versiebenfacher","MASC",4,"polysyllabic","False",FALSE,TRUE
"Versiegeln","NEUT",2,"polysyllabic","False",FALSE,TRUE
"Versiegen","NEUT",2,"polysyllabic","False",FALSE,TRUE
"Versiffen","NEUT",3,"polysyllabic","False",FALSE,TRUE
"Versifizieren","NEUT",4,"polysyllabic","False",FALSE,TRUE
"Versilberer","MASC",4,"polysyllabic","False",FALSE,TRUE
"Versilbern","NEUT",3,"polysyllabic","False",FALSE,TRUE
"Versinken","NEUT",3,"polysyllabic","False",FALSE,TRUE
"Versklaven","NEUT",3,"polysyllabic","False",FALSE,TRUE
"Versklaver","MASC",3,"polysyllabic","False",FALSE,TRUE
"Verslein","NEUT",1,"monosyllabic","False",FALSE,TRUE
"Versmaß","NEUT",2,"polysyllabic","True",TRUE,FALSE
"Verso","NEUT",2,"polysyllabic","False",FALSE,TRUE
"Versohlen","NEUT",3,"polysyllabic","False",FALSE,TRUE
"Versohler","MASC",3,"polysyllabic","False",FALSE,TRUE
"Versöhnen","NEUT",3,"polysyllabic","False",FALSE,TRUE
"Versöhner","MASC",3,"polysyllabic","False",FALSE,TRUE
"Versorgen","NEUT",3,"polysyllabic","False",FALSE,TRUE
"Versorger","MASC",3,"polysyllabic","False",FALSE,TRUE
"Verspannen","NEUT",3,"polysyllabic","False",FALSE,TRUE
"Verspäten","NEUT",3,"polysyllabic","False",FALSE,TRUE
"Verspeisen","NEUT",2,"polysyllabic","False",FALSE,TRUE
"Verspeiser","MASC",2,"polysyllabic","False",FALSE,TRUE
"Versperren","NEUT",3,"polysyllabic","False",FALSE,TRUE
"Versperrer","MASC",3,"polysyllabic","False",FALSE,TRUE
"Verspielen","NEUT",2,"polysyllabic","False",FALSE,TRUE
"Verspieler","MASC",2,"polysyllabic","False",FALSE,TRUE
"Verspotten","NEUT",3,"polysyllabic","False",FALSE,TRUE
"Verspotter","MASC",3,"polysyllabic","False",FALSE,TRUE
"Versprechen","NEUT",3,"polysyllabic","False",FALSE,TRUE
"Versprecher","MASC",3,"polysyllabic","False",FALSE,TRUE
"Verspröden","NEUT",3,"polysyllabic","False",FALSE,TRUE
"Verspröder","MASC",3,"polysyllabic","False",FALSE,TRUE
"Versprühen","NEUT",3,"polysyllabic","False",FALSE,TRUE
"Verspüren","NEUT",3,"polysyllabic","False",FALSE,TRUE
"Verstaatlichen","NEUT",4,"polysyllabic","False",FALSE,TRUE
"Verstand","MASC",2,"polysyllabic","False",TRUE,TRUE
"Verständigen","NEUT",4,"polysyllabic","False",FALSE,TRUE
"Verstärken","NEUT",3,"polysyllabic","False",FALSE,TRUE
"Verstärker","MASC",3,"polysyllabic","False",FALSE,TRUE
"Verstatten","NEUT",3,"polysyllabic","False",FALSE,TRUE
"Verstauben","NEUT",2,"polysyllabic","False",FALSE,TRUE
"Verstäuben","NEUT",2,"polysyllabic","False",FALSE,TRUE
"Verstauchen","NEUT",2,"polysyllabic","False",FALSE,TRUE
"Verstauen","NEUT",2,"polysyllabic","False",FALSE,TRUE
"Verstecken","NEUT",3,"polysyllabic","False",FALSE,TRUE
"Verstehen","NEUT",3,"polysyllabic","False",FALSE,TRUE
"Versteifen","NEUT",2,"polysyllabic","False",FALSE,TRUE
"Versteigerer","MASC",3,"polysyllabic","False",FALSE,TRUE
"Versteigern","NEUT",2,"polysyllabic","False",FALSE,TRUE
"Versteinern","NEUT",2,"polysyllabic","False",FALSE,TRUE
"Verstellen","NEUT",3,"polysyllabic","False",FALSE,TRUE
"Versterben","NEUT",3,"polysyllabic","False",FALSE,TRUE
"Verstimmen","NEUT",3,"polysyllabic","False",FALSE,TRUE
"Verstocken","NEUT",3,"polysyllabic","False",FALSE,TRUE
"Verstopfen","NEUT",3,"polysyllabic","False",FALSE,TRUE
"Verstören","NEUT",3,"polysyllabic","False",FALSE,TRUE
"Verstoß","MASC",2,"polysyllabic","True",TRUE,FALSE
"Verstoßen","NEUT",3,"polysyllabic","False",FALSE,TRUE
"Verstrahlen","NEUT",3,"polysyllabic","False",FALSE,TRUE
"Verstreichen","NEUT",2,"polysyllabic","False",FALSE,TRUE
"Verstreuen","NEUT",2,"polysyllabic","False",FALSE,TRUE
"Verstricken","NEUT",3,"polysyllabic","False",FALSE,TRUE
"Verströmen","NEUT",3,"polysyllabic","False",FALSE,TRUE
"Verstümmeln","NEUT",3,"polysyllabic","False",FALSE,TRUE
"Verstummen","NEUT",3,"polysyllabic","False",FALSE,TRUE
"Versuch","MASC",2,"polysyllabic","False",TRUE,TRUE
"Versuchen","NEUT",3,"polysyllabic","False",FALSE,TRUE
"Versucher","MASC",3,"polysyllabic","False",FALSE,TRUE
"Versuchsballon","MASC",4,"polysyllabic","False",FALSE,TRUE
"Versuchskaninchen","NEUT",5,"polysyllabic","False",FALSE,TRUE
"Versuchstier","NEUT",2,"polysyllabic","False",FALSE,TRUE
"Versüßen","NEUT",3,"polysyllabic","False",FALSE,TRUE
"Vertagen","NEUT",3,"polysyllabic","False",FALSE,TRUE
"Vertändeln","NEUT",3,"polysyllabic","False",FALSE,TRUE
"Vertauschen","NEUT",2,"polysyllabic","False",FALSE,TRUE
"Verteidigen","NEUT",3,"polysyllabic","False",FALSE,TRUE
"Verteidiger","MASC",3,"polysyllabic","False",FALSE,TRUE
"Verteidigungsminister","MASC",6,"polysyllabic","False",FALSE,TRUE
"Verteidigungsministerium","NEUT",7,"polysyllabic","False",FALSE,TRUE
"Verteilen","NEUT",2,"polysyllabic","False",FALSE,TRUE
"Verteilerkreis","MASC",2,"polysyllabic","True",TRUE,FALSE
"Vertelefonieren","NEUT",5,"polysyllabic","False",FALSE,TRUE
"Vertheidigen","NEUT",3,"polysyllabic","False",FALSE,TRUE
"Verticken","NEUT",3,"polysyllabic","False",FALSE,TRUE
"Vertiefen","NEUT",2,"polysyllabic","False",FALSE,TRUE
"Vertilgen","NEUT",3,"polysyllabic","False",FALSE,TRUE
"Vertippen","NEUT",3,"polysyllabic","False",FALSE,TRUE
"Vertobaken","NEUT",4,"polysyllabic","False",FALSE,TRUE
"Vertonen","NEUT",3,"polysyllabic","False",FALSE,TRUE
"Vertrag","MASC",2,"polysyllabic","False",TRUE,TRUE
"Vertragen","NEUT",3,"polysyllabic","False",FALSE,TRUE
"Vertragsbruch","MASC",3,"polysyllabic","False",TRUE,TRUE
"Vertragsrecht","NEUT",3,"polysyllabic","False",TRUE,TRUE
"Vertrauen","NEUT",2,"polysyllabic","False",FALSE,TRUE
"Vertreiben","NEUT",2,"polysyllabic","False",FALSE,TRUE
"Vertreten","NEUT",3,"polysyllabic","False",FALSE,TRUE
"Vertreter","MASC",3,"polysyllabic","False",FALSE,TRUE
"Vertretungsberechtigter","MASC",7,"polysyllabic","False",FALSE,TRUE
"Vertrieb","MASC",1,"monosyllabic","False",TRUE,TRUE
"Vertrocknen","NEUT",3,"polysyllabic","False",FALSE,TRUE
"Vertun","NEUT",2,"polysyllabic","False",FALSE,TRUE
"Vertuschen","NEUT",3,"polysyllabic","False",FALSE,TRUE
"Verübeln","NEUT",3,"polysyllabic","False",FALSE,TRUE
"Verüben","NEUT",3,"polysyllabic","False",FALSE,TRUE
"Verunglimpfen","NEUT",4,"polysyllabic","False",FALSE,TRUE
"Verunglücken","NEUT",4,"polysyllabic","False",FALSE,TRUE
"Verunreinigen","NEUT",4,"polysyllabic","False",FALSE,TRUE
"Verunsichern","NEUT",4,"polysyllabic","False",FALSE,TRUE
"Verunstalten","NEUT",4,"polysyllabic","False",FALSE,TRUE
"Veruntreuen","NEUT",3,"polysyllabic","False",FALSE,TRUE
"Verunzieren","NEUT",3,"polysyllabic","False",FALSE,TRUE
"Verursachen","NEUT",4,"polysyllabic","False",FALSE,TRUE
"Verursacher","MASC",4,"polysyllabic","False",FALSE,TRUE
"Verurteilen","NEUT",3,"polysyllabic","False",FALSE,TRUE
"Verurtheilen","NEUT",3,"polysyllabic","False",FALSE,TRUE
"Vervielfachen","NEUT",3,"polysyllabic","False",FALSE,TRUE
"Vervielfacher","MASC",3,"polysyllabic","False",FALSE,TRUE
"Vervielfältigungszahlwort","NEUT",6,"polysyllabic","False",TRUE,TRUE
"Vervierfachen","NEUT",3,"polysyllabic","False",FALSE,TRUE
"Vervierfacher","MASC",3,"polysyllabic","False",FALSE,TRUE
"Vervierzehnfachen","NEUT",4,"polysyllabic","False",FALSE,TRUE
"Vervollkommnen","NEUT",4,"polysyllabic","False",FALSE,TRUE
"Vervollständigen","NEUT",5,"polysyllabic","False",FALSE,TRUE
"Verwachsen","NEUT",3,"polysyllabic","False",FALSE,TRUE
"Verwahren","NEUT",3,"polysyllabic","False",FALSE,TRUE
"Verwahrlosen","NEUT",4,"polysyllabic","False",FALSE,TRUE
"Verwaisen","NEUT",3,"polysyllabic","False",FALSE,TRUE
"Verwalten","NEUT",3,"polysyllabic","False",FALSE,TRUE
"Verwalter","MASC",3,"polysyllabic","False",FALSE,TRUE
"Verwaltungsakt","MASC",4,"polysyllabic","False",TRUE,TRUE
"Verwaltungsgericht","NEUT",5,"polysyllabic","False",FALSE,TRUE
"Verwandeln","NEUT",3,"polysyllabic","False",FALSE,TRUE
"Verwandtschaftsgrad","MASC",4,"polysyllabic","False",TRUE,TRUE
"Verwanzen","NEUT",3,"polysyllabic","False",FALSE,TRUE
"Verwässern","NEUT",3,"polysyllabic","False",FALSE,TRUE
"Verweben","NEUT",3,"polysyllabic","False",FALSE,TRUE
"Verwechseln","NEUT",3,"polysyllabic","False",FALSE,TRUE
"Verwehen","NEUT",3,"polysyllabic","False",FALSE,TRUE
"Verwehren","NEUT",3,"polysyllabic","False",FALSE,TRUE
"Verweigern","NEUT",2,"polysyllabic","False",FALSE,TRUE
"Verweilen","NEUT",2,"polysyllabic","False",FALSE,TRUE
"Verweis","MASC",1,"monosyllabic","True",TRUE,FALSE
"Verwelken","NEUT",3,"polysyllabic","False",FALSE,TRUE
"Verwenden","NEUT",3,"polysyllabic","False",FALSE,TRUE
"Verwerfen","NEUT",3,"polysyllabic","False",FALSE,TRUE
"Verwerten","NEUT",3,"polysyllabic","False",FALSE,TRUE
"Verwesen","NEUT",3,"polysyllabic","False",FALSE,TRUE
"Verwetten","NEUT",3,"polysyllabic","False",FALSE,TRUE
"Verwichsen","NEUT",3,"polysyllabic","False",FALSE,TRUE
"Verwickeln","NEUT",3,"polysyllabic","False",FALSE,TRUE
"Verwiegen","NEUT",2,"polysyllabic","False",FALSE,TRUE
"Verwinden","NEUT",3,"polysyllabic","False",FALSE,TRUE
"Verwirken","NEUT",3,"polysyllabic","False",FALSE,TRUE
"Verwirklichen","NEUT",4,"polysyllabic","False",FALSE,TRUE
"Verwirren","NEUT",3,"polysyllabic","False",FALSE,TRUE
"Verwischen","NEUT",3,"polysyllabic","False",FALSE,TRUE
"Verwittern","NEUT",3,"polysyllabic","False",FALSE,TRUE
"Verwöhnen","NEUT",3,"polysyllabic","False",FALSE,TRUE
"Verwunden","NEUT",3,"polysyllabic","False",FALSE,TRUE
"Verwundern","NEUT",3,"polysyllabic","False",FALSE,TRUE
"Verwünschen","NEUT",3,"polysyllabic","False",FALSE,TRUE
"Verwüsten","NEUT",3,"polysyllabic","False",FALSE,TRUE
"Verzagen","NEUT",3,"polysyllabic","False",FALSE,TRUE
"Verzählen","NEUT",3,"polysyllabic","False",FALSE,TRUE
"Verzahnen","NEUT",3,"polysyllabic","False",FALSE,TRUE
"Verzapfen","NEUT",3,"polysyllabic","False",FALSE,TRUE
"Verzärteln","NEUT",3,"polysyllabic","False",FALSE,TRUE
"Verzaubern","NEUT",2,"polysyllabic","False",FALSE,TRUE
"Verzäunen","NEUT",2,"polysyllabic","False",FALSE,TRUE
"Verzehnfachen","NEUT",4,"polysyllabic","False",FALSE,TRUE
"Verzehnfacher","MASC",4,"polysyllabic","False",FALSE,TRUE
"Verzehnten","NEUT",3,"polysyllabic","False",FALSE,TRUE
"Verzehren","NEUT",3,"polysyllabic","False",FALSE,TRUE
"Verzeichnen","NEUT",2,"polysyllabic","False",FALSE,TRUE
"Verzeichnisdienst","MASC",2,"polysyllabic","False",TRUE,FALSE
"Verzeigen","NEUT",2,"polysyllabic","False",FALSE,TRUE
"Verzeihen","NEUT",2,"polysyllabic","False",FALSE,TRUE
"Verzerren","NEUT",3,"polysyllabic","False",FALSE,TRUE
"Verzetteln","NEUT",3,"polysyllabic","False",FALSE,TRUE
"Verzichten","NEUT",3,"polysyllabic","False",FALSE,TRUE
"Verziehen","NEUT",2,"polysyllabic","False",FALSE,TRUE
"Verzieren","NEUT",2,"polysyllabic","False",FALSE,TRUE
"Verzinken","NEUT",3,"polysyllabic","False",FALSE,TRUE
"Verzinnen","NEUT",3,"polysyllabic","False",FALSE,TRUE
"Verzocken","NEUT",3,"polysyllabic","False",FALSE,TRUE
"Verzögern","NEUT",3,"polysyllabic","False",FALSE,TRUE
"Verzücken","NEUT",3,"polysyllabic","False",FALSE,TRUE
"Verzug","MASC",2,"polysyllabic","False",TRUE,TRUE
"Verzwanzigfachen","NEUT",5,"polysyllabic","False",FALSE,TRUE
"Verzweifachen","NEUT",3,"polysyllabic","False",FALSE,TRUE
"Verzweifeln","NEUT",2,"polysyllabic","False",FALSE,TRUE
"Verzweigen","NEUT",2,"polysyllabic","False",FALSE,TRUE
"Verzwölffachen","NEUT",4,"polysyllabic","False",FALSE,TRUE
"Vesper","NEUT",2,"polysyllabic","False",FALSE,TRUE
"Vestibül","NEUT",3,"polysyllabic","False",FALSE,TRUE
"Veterinär","MASC",4,"polysyllabic","False",FALSE,TRUE
"Veto","NEUT",2,"polysyllabic","False",FALSE,TRUE
"Vetter","MASC",2,"polysyllabic","False",FALSE,TRUE
"Vetterchen","NEUT",3,"polysyllabic","False",FALSE,TRUE
"Vibrieren","NEUT",2,"polysyllabic","False",FALSE,TRUE
"Videospiel","NEUT",2,"polysyllabic","False",TRUE,TRUE
"Videotext","MASC",3,"polysyllabic","False",TRUE,TRUE
"Viech","NEUT",0,"polysyllabic","False",TRUE,TRUE
"Vieh","NEUT",0,"polysyllabic","False",TRUE,TRUE
"Viehmarkt","MASC",1,"monosyllabic","False",TRUE,TRUE
"Viehstall","MASC",1,"monosyllabic","False",TRUE,TRUE
"Viehstock","MASC",1,"monosyllabic","False",TRUE,TRUE
"Viehtreiber","MASC",1,"monosyllabic","False",FALSE,TRUE
"Vieleck","NEUT",1,"monosyllabic","False",FALSE,TRUE
"Vielflach","NEUT",1,"monosyllabic","False",TRUE,TRUE
"Vielflächner","MASC",2,"polysyllabic","False",FALSE,TRUE
"Vielfraß","MASC",1,"monosyllabic","True",TRUE,FALSE
"Vielvölkerstaat","MASC",3,"polysyllabic","False",TRUE,TRUE
"Vierbeiner","MASC",1,"monosyllabic","False",FALSE,TRUE
"Viereck","NEUT",1,"monosyllabic","False",TRUE,TRUE
"Vierer","MASC",1,"monosyllabic","False",FALSE,TRUE
"Vierflächner","MASC",2,"polysyllabic","False",FALSE,TRUE
"Vierklang","MASC",1,"monosyllabic","False",TRUE,TRUE
"Vierling","MASC",1,"monosyllabic","False",FALSE,TRUE
"Viertel","NEUT",1,"monosyllabic","False",FALSE,TRUE
"Viertelfinale","NEUT",4,"polysyllabic","False",TRUE,FALSE
"Vierteljahr","NEUT",2,"polysyllabic","False",TRUE,TRUE
"Vierteljahrhundert","NEUT",4,"polysyllabic","False",FALSE,TRUE
"Viertelliter","MASC",3,"polysyllabic","False",FALSE,TRUE
"Vierunddreißigeck","NEUT",3,"polysyllabic","False",FALSE,TRUE
"Vierzehneck","NEUT",2,"polysyllabic","False",FALSE,TRUE
"Vierzigeck","NEUT",2,"polysyllabic","False",FALSE,TRUE
"Vierzylinder","MASC",3,"polysyllabic","False",FALSE,TRUE
"Vietnam","NEUT",1,"monosyllabic","False",FALSE,TRUE
"Viewport","MASC",1,"monosyllabic","False",TRUE,TRUE
"Violett","NEUT",2,"polysyllabic","False",FALSE,TRUE
"Violinkonzert","NEUT",4,"polysyllabic","False",FALSE,TRUE
"Violinschlüssel","MASC",4,"polysyllabic","False",FALSE,TRUE
"Virtualisieren","NEUT",4,"polysyllabic","False",FALSE,TRUE
"Visier","NEUT",1,"monosyllabic","False",TRUE,TRUE
"Visionär","MASC",3,"polysyllabic","False",FALSE,TRUE
"Visum","NEUT",2,"polysyllabic","False",FALSE,TRUE
"Vizeadmiral","MASC",4,"polysyllabic","False",FALSE,TRUE
"Vizeaußenminister","MASC",6,"polysyllabic","False",FALSE,TRUE
"Vizebürgermeister","MASC",5,"polysyllabic","False",FALSE,TRUE
"Vizechef","MASC",3,"polysyllabic","False",FALSE,TRUE
"Vizedirektor","MASC",5,"polysyllabic","False",FALSE,TRUE
"Vizeeuropameister","MASC",5,"polysyllabic","False",FALSE,TRUE
"Vizefeldwebel","MASC",5,"polysyllabic","False",FALSE,TRUE
"Vizegouverneur","MASC",4,"polysyllabic","False",FALSE,TRUE
"Vizekönig","MASC",4,"polysyllabic","False",FALSE,TRUE
"Vizekönigreich","NEUT",4,"polysyllabic","False",TRUE,TRUE
"Vizekonsul","MASC",4,"polysyllabic","False",FALSE,TRUE
"Vizemeister","MASC",3,"polysyllabic","False",FALSE,TRUE
"Vizeminister","MASC",5,"polysyllabic","False",FALSE,TRUE
"Vizepremier","MASC",3,"polysyllabic","False",FALSE,TRUE
"Vizepremierminister","MASC",6,"polysyllabic","False",FALSE,TRUE
"Vizerektor","MASC",4,"polysyllabic","False",FALSE,TRUE
"Vizewachtmeister","MASC",4,"polysyllabic","False",FALSE,TRUE
"Vizeweltmeister","MASC",4,"polysyllabic","False",FALSE,TRUE
"Vogel","MASC",2,"polysyllabic","False",FALSE,TRUE
"Vögelchen","NEUT",3,"polysyllabic","False",FALSE,TRUE
"Vogelhaus","NEUT",2,"polysyllabic","True",TRUE,FALSE
"Vogelkäfig","MASC",4,"polysyllabic","False",FALSE,TRUE
"Vögeln","NEUT",2,"polysyllabic","False",FALSE,TRUE
"Vogelsang","MASC",3,"polysyllabic","False",TRUE,TRUE
"Vogelschiss","MASC",3,"polysyllabic","True",TRUE,FALSE
"Vogelschutz","MASC",3,"polysyllabic","True",TRUE,FALSE
"Vogelschützer","MASC",4,"polysyllabic","False",FALSE,TRUE
"Vogelschutzgebiet","NEUT",4,"polysyllabic","False",TRUE,TRUE
"Vogelzug","MASC",3,"polysyllabic","False",TRUE,TRUE
"Vöglein","NEUT",1,"monosyllabic","False",FALSE,TRUE
"Vokal","MASC",2,"polysyllabic","False",TRUE,TRUE
"Vokalwechsel","MASC",4,"polysyllabic","False",FALSE,TRUE
"Vokativ","MASC",3,"polysyllabic","False",FALSE,TRUE
"Volk","NEUT",1,"monosyllabic","False",TRUE,TRUE
"Völkchen","NEUT",2,"polysyllabic","False",FALSE,TRUE
"Völkerball","MASC",3,"polysyllabic","False",TRUE,TRUE
"Völkerballspieler","MASC",4,"polysyllabic","False",FALSE,TRUE
"Völkerbund","MASC",3,"polysyllabic","False",TRUE,TRUE
"Volksempfänger","MASC",4,"polysyllabic","False",FALSE,TRUE
"Volksfeind","MASC",1,"monosyllabic","False",TRUE,TRUE
"Volksfest","NEUT",2,"polysyllabic","False",TRUE,TRUE
"Volksgericht","NEUT",3,"polysyllabic","False",TRUE,TRUE
"Volkslied","NEUT",1,"monosyllabic","False",TRUE,TRUE
"Volkssport","MASC",2,"polysyllabic","False",FALSE,TRUE
"Volksstamm","MASC",2,"polysyllabic","False",TRUE,TRUE
"Volkstod","MASC",2,"polysyllabic","False",TRUE,TRUE
"Volkstrauertag","MASC",3,"polysyllabic","False",TRUE,TRUE
"Volksverräter","MASC",4,"polysyllabic","False",FALSE,TRUE
"Volkswagen","MASC",3,"polysyllabic","False",FALSE,TRUE
"Vollbesitz","MASC",3,"polysyllabic","True",TRUE,FALSE
"Vollbringen","NEUT",3,"polysyllabic","False",FALSE,TRUE
"Volldampf","MASC",2,"polysyllabic","False",TRUE,TRUE
"Vollenden","NEUT",3,"polysyllabic","False",FALSE,TRUE
"Volleyballspiel","NEUT",3,"polysyllabic","False",TRUE,TRUE
"Volleyballspieler","MASC",4,"polysyllabic","False",FALSE,TRUE
"Vollführen","NEUT",3,"polysyllabic","False",FALSE,TRUE
"Vollfüllen","NEUT",3,"polysyllabic","False",FALSE,TRUE
"Vollkerf","MASC",2,"polysyllabic","False",TRUE,TRUE
"Vollkorn","NEUT",2,"polysyllabic","False",TRUE,TRUE
"Vollkornbrot","NEUT",3,"polysyllabic","False",TRUE,TRUE
"Vollkornmehl","NEUT",3,"polysyllabic","False",TRUE,TRUE
"Vollladen","NEUT",3,"polysyllabic","False",FALSE,TRUE
"Vollmachen","NEUT",3,"polysyllabic","False",FALSE,TRUE
"Vollpfosten","MASC",3,"polysyllabic","False",FALSE,TRUE
"Vollpumpen","NEUT",3,"polysyllabic","False",FALSE,TRUE
"Vollrausch","MASC",1,"monosyllabic","True",TRUE,TRUE
"Vollstopfen","NEUT",3,"polysyllabic","False",FALSE,TRUE
"Vollstrecken","NEUT",3,"polysyllabic","False",FALSE,TRUE
"Vollstreckungsbefehl","MASC",5,"polysyllabic","False",TRUE,TRUE
"Volltanken","NEUT",3,"polysyllabic","False",FALSE,TRUE
"Volltext","MASC",2,"polysyllabic","False",TRUE,FALSE
"Volltreffer","MASC",3,"polysyllabic","False",FALSE,TRUE
"Vollverb","NEUT",2,"polysyllabic","False",TRUE,TRUE
"Vollvokal","MASC",3,"polysyllabic","False",FALSE,TRUE
"Vollwaschmittel","NEUT",4,"polysyllabic","False",FALSE,TRUE
"Vollwort","NEUT",2,"polysyllabic","False",TRUE,TRUE
"Vollziehen","NEUT",2,"polysyllabic","False",FALSE,TRUE
"Vollzug","MASC",2,"polysyllabic","False",FALSE,TRUE
"Volontär","MASC",3,"polysyllabic","False",FALSE,TRUE
"Volumen","NEUT",3,"polysyllabic","False",FALSE,TRUE
"Volumenprozent","NEUT",5,"polysyllabic","False",TRUE,TRUE
"Vorabdruck","MASC",3,"polysyllabic","False",TRUE,TRUE
"Vorabend","MASC",3,"polysyllabic","False",TRUE,TRUE
"Vorankommen","NEUT",4,"polysyllabic","False",FALSE,TRUE
"Voranstellen","NEUT",4,"polysyllabic","False",FALSE,TRUE
"Vorantreiben","NEUT",3,"polysyllabic","False",FALSE,TRUE
"Vorausahnen","NEUT",3,"polysyllabic","False",FALSE,TRUE
"Vorausberechnen","NEUT",4,"polysyllabic","False",FALSE,TRUE
"Vorauseilen","NEUT",2,"polysyllabic","False",FALSE,TRUE
"Vorausgehen","NEUT",3,"polysyllabic","False",FALSE,TRUE
"Voraushaben","NEUT",3,"polysyllabic","False",FALSE,TRUE
"Vorauslaufen","NEUT",2,"polysyllabic","False",FALSE,TRUE
"Voraussagen","NEUT",3,"polysyllabic","False",FALSE,TRUE
"Voraussehen","NEUT",3,"polysyllabic","False",FALSE,TRUE
"Voraussetzen","NEUT",3,"polysyllabic","False",FALSE,TRUE
"Vorauswissen","NEUT",3,"polysyllabic","False",FALSE,TRUE
"Vorbau","MASC",1,"monosyllabic","False",FALSE,TRUE
"Vorbehalt","MASC",3,"polysyllabic","False",TRUE,TRUE
"Vorbeiflug","MASC",2,"polysyllabic","False",TRUE,TRUE
"Vorbild","NEUT",2,"polysyllabic","False",TRUE,TRUE
"Vordach","NEUT",2,"polysyllabic","False",TRUE,TRUE
"Vordenker","MASC",3,"polysyllabic","False",FALSE,TRUE
"Vorderdeck","NEUT",3,"polysyllabic","False",FALSE,TRUE
"Vordergrund","MASC",3,"polysyllabic","False",TRUE,FALSE
"Vorderreifen","MASC",3,"polysyllabic","False",FALSE,TRUE
"Vordersatz","MASC",3,"polysyllabic","True",TRUE,FALSE
"Vordersteven","MASC",4,"polysyllabic","False",FALSE,TRUE
"Vorderzungenvokal","MASC",6,"polysyllabic","False",TRUE,TRUE
"Voressen","NEUT",3,"polysyllabic","False",FALSE,TRUE
"Vorfall","MASC",2,"polysyllabic","False",TRUE,TRUE
"Vorführeffekt","MASC",4,"polysyllabic","False",TRUE,TRUE
"Vorführer","MASC",3,"polysyllabic","False",FALSE,TRUE
"Vorgang","MASC",2,"polysyllabic","False",TRUE,TRUE
"Vorgänger","MASC",3,"polysyllabic","False",FALSE,TRUE
"Vorgebirge","NEUT",4,"polysyllabic","False",TRUE,FALSE
"Vorgefühl","NEUT",3,"polysyllabic","False",TRUE,TRUE
"Vorgehen","NEUT",3,"polysyllabic","False",FALSE,TRUE
"Vorgewende","NEUT",4,"polysyllabic","False",TRUE,FALSE
"Vorglühen","NEUT",3,"polysyllabic","False",FALSE,TRUE
"Vorhaben","NEUT",3,"polysyllabic","False",FALSE,TRUE
"Vorhandensein","NEUT",3,"polysyllabic","False",FALSE,TRUE
"Vorhang","MASC",2,"polysyllabic","False",TRUE,TRUE
"Vorhängeschloss","NEUT",4,"polysyllabic","True",TRUE,FALSE
"Vorhangstoff","MASC",3,"polysyllabic","False",TRUE,TRUE
"Vorhäutchen","NEUT",2,"polysyllabic","False",FALSE,TRUE
"Vorheizen","NEUT",2,"polysyllabic","False",FALSE,TRUE
"Vorhof","MASC",2,"polysyllabic","False",TRUE,TRUE
"Vorjahr","NEUT",2,"polysyllabic","False",FALSE,TRUE
"Vorjahresquartal","NEUT",5,"polysyllabic","False",FALSE,TRUE
"Vorjahreszeitraum","MASC",3,"polysyllabic","False",TRUE,TRUE
"Vorkämpfer","MASC",3,"polysyllabic","False",FALSE,TRUE
"Vorkommen","NEUT",3,"polysyllabic","False",FALSE,TRUE
"Vorkoster","MASC",3,"polysyllabic","False",FALSE,TRUE
"Vorläufer","MASC",2,"polysyllabic","False",FALSE,TRUE
"Vorleger","MASC",3,"polysyllabic","False",FALSE,TRUE
"Vorlesen","NEUT",3,"polysyllabic","False",FALSE,TRUE
"Vorleser","MASC",3,"polysyllabic","False",FALSE,TRUE
"Vormarsch","MASC",2,"polysyllabic","True",TRUE,TRUE
"Vormittag","MASC",3,"polysyllabic","False",TRUE,TRUE
"Vormonat","MASC",3,"polysyllabic","False",FALSE,TRUE
"Vormund","MASC",2,"polysyllabic","False",TRUE,TRUE
"Vorort","MASC",2,"polysyllabic","False",TRUE,TRUE
"Vorquartal","NEUT",3,"polysyllabic","False",FALSE,TRUE
"Vorrang","MASC",2,"polysyllabic","False",FALSE,TRUE
"Vorrat","MASC",2,"polysyllabic","False",TRUE,TRUE
"Vorraum","MASC",1,"monosyllabic","False",TRUE,TRUE
"Vorrecht","NEUT",2,"polysyllabic","False",TRUE,TRUE
"Vorreiter","MASC",2,"polysyllabic","False",FALSE,TRUE
"Vorsatz","MASC",2,"polysyllabic","True",TRUE,FALSE
"Vorsatzblatt","NEUT",3,"polysyllabic","False",TRUE,TRUE
"Vorschlag","MASC",2,"polysyllabic","False",TRUE,TRUE
"Vorschlagen","NEUT",3,"polysyllabic","False",FALSE,TRUE
"Vorschlaghammer","MASC",4,"polysyllabic","False",FALSE,TRUE
"Vorschub","MASC",2,"polysyllabic","False",TRUE,TRUE
"Vorschuss","MASC",2,"polysyllabic","True",TRUE,FALSE
"Vorsitz","MASC",2,"polysyllabic","True",TRUE,FALSE
"Vorspann","MASC",2,"polysyllabic","False",TRUE,TRUE
"Vorspiel","NEUT",1,"monosyllabic","False",TRUE,TRUE
"Vorspielchen","NEUT",2,"polysyllabic","False",FALSE,TRUE
"Vorsprung","MASC",2,"polysyllabic","False",TRUE,TRUE
"Vorstand","MASC",2,"polysyllabic","False",TRUE,TRUE
"Vorstandschef","MASC",3,"polysyllabic","False",FALSE,TRUE
"Vorstandsmitglied","NEUT",3,"polysyllabic","False",TRUE,TRUE
"Vorstandssprecher","MASC",4,"polysyllabic","False",FALSE,TRUE
"Vorstellungsbeginn","MASC",5,"polysyllabic","False",TRUE,TRUE
"Vorstellungsende","NEUT",5,"polysyllabic","False",TRUE,FALSE
"Vorstellungsgespräch","NEUT",5,"polysyllabic","False",TRUE,TRUE
"Vorstoß","MASC",2,"polysyllabic","True",TRUE,FALSE
"Vortag","MASC",2,"polysyllabic","False",TRUE,TRUE
"Vorteil","MASC",1,"monosyllabic","False",TRUE,TRUE
"Vortheil","MASC",1,"monosyllabic","False",TRUE,TRUE
"Vortrag","MASC",2,"polysyllabic","False",TRUE,TRUE
"Vortragen","NEUT",3,"polysyllabic","False",FALSE,TRUE
"Vortrupp","MASC",2,"polysyllabic","False",FALSE,TRUE
"Vorurteil","NEUT",2,"polysyllabic","False",FALSE,TRUE
"Vorwand","MASC",2,"polysyllabic","False",TRUE,TRUE
"Vorwerk","NEUT",2,"polysyllabic","False",TRUE,TRUE
"Vorwissen","NEUT",3,"polysyllabic","False",FALSE,TRUE
"Vorwitz","MASC",2,"polysyllabic","True",TRUE,FALSE
"Vorwort","NEUT",2,"polysyllabic","False",TRUE,TRUE
"Vorwurf","MASC",2,"polysyllabic","False",TRUE,TRUE
"Vorzeichen","NEUT",2,"polysyllabic","False",FALSE,TRUE
"Vorzimmer","NEUT",3,"polysyllabic","False",FALSE,TRUE
"Vorzug","MASC",2,"polysyllabic","False",TRUE,TRUE
"Votum","NEUT",2,"polysyllabic","False",FALSE,TRUE
"Vulgärlatein","NEUT",3,"polysyllabic","False",FALSE,TRUE
"Vulkanschlot","MASC",3,"polysyllabic","False",FALSE,TRUE
"Waadtländer","MASC",3,"polysyllabic","False",FALSE,TRUE
"Wachen","NEUT",2,"polysyllabic","False",FALSE,TRUE
"Wachhund","MASC",2,"polysyllabic","False",TRUE,TRUE
"Wachkoma","NEUT",3,"polysyllabic","False",FALSE,TRUE
"Wachküssen","NEUT",3,"polysyllabic","False",FALSE,TRUE
"Wachliegen","NEUT",2,"polysyllabic","False",FALSE,TRUE
"Wachmann","MASC",2,"polysyllabic","False",FALSE,TRUE
"Wacholder","MASC",3,"polysyllabic","False",FALSE,TRUE
"Wachrütteln","NEUT",3,"polysyllabic","False",FALSE,TRUE
"Wachs","NEUT",1,"monosyllabic","True",TRUE,FALSE
"Wachsen","NEUT",2,"polysyllabic","False",FALSE,TRUE
"Wachsfigürchen","NEUT",4,"polysyllabic","False",FALSE,TRUE
"Wachsfigürlein","NEUT",3,"polysyllabic","False",FALSE,TRUE
"Wachskerzchen","NEUT",3,"polysyllabic","False",FALSE,TRUE
"Wachskerzlein","NEUT",2,"polysyllabic","False",FALSE,TRUE
"Wachsmalstift","MASC",3,"polysyllabic","False",TRUE,TRUE
"Wachstropfen","MASC",3,"polysyllabic","False",FALSE,TRUE
"Wachstum","NEUT",2,"polysyllabic","False",FALSE,TRUE
"Wachtelkönig","MASC",4,"polysyllabic","False",FALSE,TRUE
"Wächter","MASC",2,"polysyllabic","False",FALSE,TRUE
"Wächterlein","NEUT",2,"polysyllabic","False",FALSE,TRUE
"Wachtmeister","MASC",2,"polysyllabic","False",FALSE,TRUE
"Wachturm","MASC",2,"polysyllabic","False",TRUE,TRUE
"Wachzimmer","NEUT",3,"polysyllabic","False",FALSE,TRUE
"Wachzustand","MASC",3,"polysyllabic","False",TRUE,TRUE
"Wackeldackel","MASC",4,"polysyllabic","False",FALSE,TRUE
"Wackelkontakt","MASC",4,"polysyllabic","False",TRUE,TRUE
"Wackeln","NEUT",2,"polysyllabic","False",FALSE,TRUE
"Wackelpeter","MASC",4,"polysyllabic","False",FALSE,TRUE
"Wackelpudding","MASC",4,"polysyllabic","False",TRUE,TRUE
"Wackelzahn","MASC",3,"polysyllabic","False",TRUE,TRUE
"Wadenbein","NEUT",2,"polysyllabic","False",TRUE,TRUE
"Wadenkrampf","MASC",3,"polysyllabic","False",TRUE,TRUE
"Waffenarsenal","NEUT",5,"polysyllabic","False",TRUE,TRUE
"Waffenerwerbsschein","MASC",4,"polysyllabic","False",TRUE,TRUE
"Waffenhaus","NEUT",2,"polysyllabic","True",TRUE,FALSE
"Waffenrecht","NEUT",3,"polysyllabic","False",FALSE,TRUE
"Waffenrock","MASC",3,"polysyllabic","False",TRUE,TRUE
"Waffenschmied","MASC",2,"polysyllabic","False",TRUE,TRUE
"Waffenstillstand","MASC",4,"polysyllabic","False",TRUE,TRUE
"Waffenstillstandsabkommen","NEUT",7,"polysyllabic","False",FALSE,TRUE
"Waffnen","NEUT",2,"polysyllabic","False",FALSE,TRUE
"Wägelchen","NEUT",3,"polysyllabic","False",FALSE,TRUE
"Wagen","NEUT",2,"polysyllabic","False",FALSE,TRUE
"Wägen","NEUT",2,"polysyllabic","False",FALSE,TRUE
"Wagenrücklauf","MASC",3,"polysyllabic","False",TRUE,TRUE
"Wagner","MASC",2,"polysyllabic","False",FALSE,TRUE
"Wahlausgang","MASC",2,"polysyllabic","False",TRUE,TRUE
"Wählen","NEUT",2,"polysyllabic","False",FALSE,TRUE
"Wähler","MASC",2,"polysyllabic","False",FALSE,TRUE
"Wahlgang","MASC",2,"polysyllabic","False",FALSE,TRUE
"Wahlkampf","MASC",2,"polysyllabic","False",TRUE,TRUE
"Wahlkämpfer","MASC",3,"polysyllabic","False",FALSE,TRUE
"Wahlkreis","MASC",1,"monosyllabic","True",TRUE,FALSE
"Wahlkreisbewohner","MASC",4,"polysyllabic","False",FALSE,TRUE
"Wahllokal","NEUT",3,"polysyllabic","False",TRUE,TRUE
"Wahlmann","MASC",2,"polysyllabic","False",TRUE,TRUE
"Wahlprogramm","NEUT",3,"polysyllabic","False",TRUE,TRUE
"Wahlrecht","NEUT",2,"polysyllabic","False",TRUE,TRUE
"Wahlsieg","MASC",1,"monosyllabic","False",TRUE,TRUE
"Wahn","MASC",1,"monosyllabic","False",TRUE,TRUE
"Wähnen","NEUT",2,"polysyllabic","False",FALSE,TRUE
"Wahnsinn","MASC",2,"polysyllabic","False",TRUE,TRUE
"Wahren","NEUT",2,"polysyllabic","False",FALSE,TRUE
"Währen","NEUT",2,"polysyllabic","False",FALSE,TRUE
"Wahrheitsgehalt","MASC",3,"polysyllabic","False",TRUE,TRUE
"Wahrheitswert","MASC",2,"polysyllabic","False",TRUE,TRUE
"Wahrnehmen","NEUT",3,"polysyllabic","False",FALSE,TRUE
"Wahrsagen","NEUT",3,"polysyllabic","False",FALSE,TRUE
"Wahrsager","MASC",3,"polysyllabic","False",FALSE,TRUE
"Währungskürzel","NEUT",4,"polysyllabic","False",FALSE,TRUE
"Währungsmetall","NEUT",4,"polysyllabic","False",FALSE,TRUE
"Wahrzeichen","NEUT",2,"polysyllabic","False",FALSE,TRUE
"Waidler","MASC",2,"polysyllabic","False",FALSE,TRUE
"Waisenhaus","NEUT",2,"polysyllabic","True",TRUE,FALSE
"Wal","MASC",1,"monosyllabic","False",TRUE,TRUE
"Wald","MASC",1,"monosyllabic","False",TRUE,TRUE
"Waldbrand","MASC",2,"polysyllabic","False",TRUE,TRUE
"Wäldchen","NEUT",2,"polysyllabic","False",FALSE,TRUE
"Waldkauz","MASC",1,"monosyllabic","True",TRUE,FALSE
"Waldmeister","MASC",2,"polysyllabic","False",FALSE,TRUE
"Waldmeistersaft","MASC",3,"polysyllabic","False",TRUE,TRUE
"Waldrand","MASC",2,"polysyllabic","False",TRUE,TRUE
"Waldrapp","MASC",2,"polysyllabic","False",FALSE,TRUE
"Waldsterben","NEUT",3,"polysyllabic","False",FALSE,TRUE
"Waldstück","NEUT",2,"polysyllabic","False",TRUE,TRUE
"Waldwasserläufer","MASC",4,"polysyllabic","False",FALSE,TRUE
"Waldweg","MASC",2,"polysyllabic","False",TRUE,TRUE
"Walfang","MASC",2,"polysyllabic","False",TRUE,TRUE
"Walfisch","MASC",2,"polysyllabic","True",TRUE,TRUE
"Walgern","NEUT",2,"polysyllabic","False",FALSE,TRUE
"Walhai","MASC",2,"polysyllabic","False",TRUE,TRUE
"Waliser","MASC",3,"polysyllabic","False",FALSE,TRUE
"Walken","NEUT",2,"polysyllabic","False",FALSE,TRUE
"Wall","MASC",1,"monosyllabic","False",TRUE,TRUE
"Wallach","MASC",2,"polysyllabic","False",TRUE,TRUE
"Wallen","NEUT",2,"polysyllabic","False",FALSE,TRUE
"Wällen","NEUT",2,"polysyllabic","False",FALSE,TRUE
"Wallfahren","NEUT",3,"polysyllabic","False",FALSE,TRUE
"Wallfahrten","NEUT",3,"polysyllabic","False",FALSE,TRUE
"Walm","MASC",1,"monosyllabic","False",TRUE,TRUE
"Walmdach","NEUT",2,"polysyllabic","False",TRUE,TRUE
"Walross","NEUT",2,"polysyllabic","True",TRUE,FALSE
"Walten","NEUT",2,"polysyllabic","False",FALSE,TRUE
"Walzen","NEUT",2,"polysyllabic","False",FALSE,TRUE
"Wälzen","NEUT",2,"polysyllabic","False",FALSE,TRUE
"Walzer","MASC",2,"polysyllabic","False",FALSE,TRUE
"Walzertänzer","MASC",4,"polysyllabic","False",FALSE,TRUE
"Wams","NEUT",1,"monosyllabic","True",TRUE,FALSE
"Wandel","MASC",2,"polysyllabic","False",FALSE,TRUE
"Wandeln","NEUT",2,"polysyllabic","False",FALSE,TRUE
"Wandelstern","MASC",3,"polysyllabic","False",TRUE,TRUE
"Wanderer","MASC",3,"polysyllabic","False",FALSE,TRUE
"Wandergewerbe","NEUT",5,"polysyllabic","False",TRUE,FALSE
"Wandern","NEUT",2,"polysyllabic","False",FALSE,TRUE
"Wanderschuh","MASC",3,"polysyllabic","False",TRUE,TRUE
"Wandersmann","MASC",3,"polysyllabic","False",TRUE,TRUE
"Wanderstab","MASC",3,"polysyllabic","False",TRUE,TRUE
"Wanderwort","NEUT",3,"polysyllabic","False",TRUE,TRUE
"Wandgemälde","NEUT",4,"polysyllabic","False",TRUE,FALSE
"Wandschrank","MASC",2,"polysyllabic","False",TRUE,TRUE
"Wandteppich","MASC",3,"polysyllabic","False",FALSE,TRUE
"Wängchen","NEUT",2,"polysyllabic","False",FALSE,TRUE
"Wangenknochen","MASC",4,"polysyllabic","False",FALSE,TRUE
"Wankelmut","MASC",3,"polysyllabic","False",TRUE,TRUE
"Wanken","NEUT",2,"polysyllabic","False",FALSE,TRUE
"Wanst","NEUT",1,"monosyllabic","False",TRUE,TRUE
"Wappen","NEUT",2,"polysyllabic","False",FALSE,TRUE
"Wappentier","NEUT",2,"polysyllabic","False",TRUE,TRUE
"Wappnen","NEUT",2,"polysyllabic","False",FALSE,TRUE
"Waran","MASC",2,"polysyllabic","False",FALSE,TRUE
"Warenangebot","NEUT",5,"polysyllabic","False",TRUE,TRUE
"Warenhaus","NEUT",2,"polysyllabic","True",TRUE,FALSE
"Warenkorb","MASC",3,"polysyllabic","False",TRUE,TRUE
"Warenmuster","NEUT",4,"polysyllabic","False",FALSE,TRUE
"Warenregal","NEUT",4,"polysyllabic","False",TRUE,TRUE
"Warenverkehr","MASC",4,"polysyllabic","False",TRUE,TRUE
"Warenzeichen","NEUT",3,"polysyllabic","False",FALSE,TRUE
"Warmduscher","MASC",3,"polysyllabic","False",FALSE,TRUE
"Wärmeaustausch","MASC",2,"polysyllabic","True",FALSE,TRUE
"Wärmeaustauscher","MASC",3,"polysyllabic","False",FALSE,TRUE
"Wärmen","NEUT",2,"polysyllabic","False",FALSE,TRUE
"Wärmer","MASC",2,"polysyllabic","False",FALSE,TRUE
"Wärmetauscher","MASC",3,"polysyllabic","False",FALSE,TRUE
"Wärmeverlust","MASC",4,"polysyllabic","False",TRUE,TRUE
"Warmhalten","NEUT",3,"polysyllabic","False",FALSE,TRUE
"Warnblinklicht","NEUT",3,"polysyllabic","False",TRUE,TRUE
"Warnen","NEUT",2,"polysyllabic","False",FALSE,TRUE
"Warnschuss","MASC",2,"polysyllabic","True",TRUE,FALSE
"Warnsignal","NEUT",3,"polysyllabic","False",TRUE,TRUE
"Wart","MASC",1,"monosyllabic","False",TRUE,TRUE
"Warten","NEUT",2,"polysyllabic","False",FALSE,TRUE
"Wärter","MASC",2,"polysyllabic","False",FALSE,TRUE
"Wartesaal","MASC",3,"polysyllabic","False",TRUE,TRUE
"Warzenkopf","MASC",3,"polysyllabic","False",TRUE,TRUE
"Warzenschwein","NEUT",2,"polysyllabic","False",TRUE,TRUE
"Waschbecken","NEUT",3,"polysyllabic","False",FALSE,TRUE
"Waschbrett","NEUT",2,"polysyllabic","False",TRUE,TRUE
"Waschbrettbauch","MASC",2,"polysyllabic","False",TRUE,TRUE
"Wäschekorb","MASC",3,"polysyllabic","False",TRUE,TRUE
"Waschen","NEUT",2,"polysyllabic","False",FALSE,TRUE
"Wäscher","MASC",2,"polysyllabic","False",FALSE,TRUE
"Wäscheständer","MASC",4,"polysyllabic","False",FALSE,TRUE
"Wäschetrockner","MASC",4,"polysyllabic","False",FALSE,TRUE
"Waschlappen","MASC",3,"polysyllabic","False",FALSE,TRUE
"Waschmittel","NEUT",3,"polysyllabic","False",FALSE,TRUE
"Wasen","MASC",2,"polysyllabic","False",FALSE,TRUE
"Wasenmeister","MASC",3,"polysyllabic","False",FALSE,TRUE
"Washington","NEUT",3,"polysyllabic","False",FALSE,TRUE
"Washingtoner","MASC",4,"polysyllabic","False",FALSE,TRUE
"Wasser","NEUT",2,"polysyllabic","False",FALSE,TRUE
"Wasserbad","NEUT",3,"polysyllabic","False",TRUE,TRUE
"Wasserball","MASC",3,"polysyllabic","False",TRUE,TRUE
"Wasserballspieler","MASC",4,"polysyllabic","False",FALSE,TRUE
"Wasserbecken","NEUT",4,"polysyllabic","False",FALSE,TRUE
"Wasserbehälter","MASC",5,"polysyllabic","False",FALSE,TRUE
"Wasserbett","NEUT",3,"polysyllabic","False",TRUE,TRUE
"Wässerchen","NEUT",3,"polysyllabic","False",FALSE,TRUE
"Wasserdruck","MASC",3,"polysyllabic","False",TRUE,TRUE
"Wassereis","NEUT",2,"polysyllabic","True",TRUE,FALSE
"Wasserfahrzeug","NEUT",3,"polysyllabic","False",TRUE,TRUE
"Wasserfall","MASC",3,"polysyllabic","False",TRUE,TRUE
"Wasserflugzeug","NEUT",3,"polysyllabic","False",TRUE,TRUE
"Wassergehalt","MASC",4,"polysyllabic","False",TRUE,TRUE
"Wasserglas","NEUT",3,"polysyllabic","True",TRUE,FALSE
"Wassergraben","MASC",4,"polysyllabic","False",FALSE,TRUE
"Wasserhahn","MASC",3,"polysyllabic","False",TRUE,TRUE
"Wasserhund","MASC",3,"polysyllabic","False",TRUE,TRUE
"Wasserhündchen","NEUT",4,"polysyllabic","False",FALSE,TRUE
"Wasserkanister","MASC",5,"polysyllabic","False",FALSE,TRUE
"Wasserkessel","MASC",4,"polysyllabic","False",FALSE,TRUE
"Wasserklosett","NEUT",4,"polysyllabic","False",FALSE,TRUE
"Wasserkocher","MASC",4,"polysyllabic","False",FALSE,TRUE
"Wasserkopf","MASC",3,"polysyllabic","False",TRUE,TRUE
"Wasserkreislauf","MASC",2,"polysyllabic","False",TRUE,FALSE
"Wasserlauf","MASC",2,"polysyllabic","False",TRUE,TRUE
"Wasserläufer","MASC",3,"polysyllabic","False",FALSE,TRUE
"Wasserloch","NEUT",3,"polysyllabic","False",TRUE,TRUE
"Wassermangel","MASC",4,"polysyllabic","False",FALSE,TRUE
"Wassermann","MASC",3,"polysyllabic","False",TRUE,TRUE
"Wassermolekül","NEUT",5,"polysyllabic","False",FALSE,TRUE
"Wassern","NEUT",2,"polysyllabic","False",FALSE,TRUE
"Wässern","NEUT",2,"polysyllabic","False",FALSE,TRUE
"Wasserrad","NEUT",3,"polysyllabic","False",TRUE,TRUE
"Wasserskorpion","MASC",4,"polysyllabic","False",FALSE,TRUE
"Wasserspiel","NEUT",2,"polysyllabic","False",TRUE,TRUE
"Wasserstand","MASC",3,"polysyllabic","False",TRUE,TRUE
"Wasserstoff","MASC",3,"polysyllabic","False",TRUE,TRUE
"Wasserstoffantrieb","MASC",4,"polysyllabic","False",TRUE,TRUE
"Wasserstoffatom","NEUT",5,"polysyllabic","False",TRUE,TRUE
"Wasserstofffahrzeug","NEUT",4,"polysyllabic","False",TRUE,TRUE
"Wasserstoffion","NEUT",4,"polysyllabic","False",FALSE,TRUE
"Wasserstoffisotop","NEUT",6,"polysyllabic","False",FALSE,TRUE
"Wasserstoffkern","MASC",4,"polysyllabic","False",TRUE,TRUE
"Wasserstoffmolekül","NEUT",6,"polysyllabic","False",FALSE,TRUE
"Wasserstoffoxid","NEUT",5,"polysyllabic","False",TRUE,TRUE
"Wassertreter","MASC",4,"polysyllabic","False",FALSE,TRUE
"Wassertropfen","MASC",4,"polysyllabic","False",FALSE,TRUE
"Wasserturm","MASC",3,"polysyllabic","False",TRUE,TRUE
"Wasservogel","MASC",4,"polysyllabic","False",FALSE,TRUE
"Wasserweg","MASC",3,"polysyllabic","False",TRUE,TRUE
"Wasserwerfer","MASC",4,"polysyllabic","False",FALSE,TRUE
"Wasserwerk","NEUT",3,"polysyllabic","False",TRUE,TRUE
"Wasserzähler","MASC",4,"polysyllabic","False",FALSE,TRUE
"Wasserzeichen","NEUT",3,"polysyllabic","False",FALSE,TRUE
"Waten","NEUT",2,"polysyllabic","False",FALSE,TRUE
"Watscheln","NEUT",2,"polysyllabic","False",FALSE,TRUE
"Watt","NEUT",1,"monosyllabic","False",FALSE,TRUE
"Wattebällchen","NEUT",4,"polysyllabic","False",FALSE,TRUE
"Watten","NEUT",2,"polysyllabic","False",FALSE,TRUE
"Wattenmeer","NEUT",3,"polysyllabic","False",TRUE,TRUE
"Wattestäbchen","NEUT",4,"polysyllabic","False",FALSE,TRUE
"WC","NEUT",0,"polysyllabic","False",FALSE,TRUE
"Web","NEUT",1,"monosyllabic","False",FALSE,TRUE
"Weben","NEUT",2,"polysyllabic","False",FALSE,TRUE
"Weber","NEUT",2,"polysyllabic","False",FALSE,TRUE
"WebHook","MASC",2,"polysyllabic","False",FALSE,TRUE
"Webinar","NEUT",3,"polysyllabic","False",TRUE,TRUE
"Webstuhl","MASC",2,"polysyllabic","False",TRUE,TRUE
"Wechsel","MASC",2,"polysyllabic","False",FALSE,TRUE
"Wechselbalg","MASC",3,"polysyllabic","False",TRUE,TRUE
"Wechselgeld","NEUT",3,"polysyllabic","False",TRUE,FALSE
"Wechselkurs","MASC",3,"polysyllabic","True",TRUE,FALSE
"Wechseln","NEUT",2,"polysyllabic","False",FALSE,TRUE
"Wechselrichter","MASC",4,"polysyllabic","False",FALSE,TRUE
"Wechselschlag","MASC",3,"polysyllabic","False",TRUE,TRUE
"Wechselspiel","NEUT",2,"polysyllabic","False",TRUE,TRUE
"Wechselstrom","MASC",3,"polysyllabic","False",FALSE,TRUE
"Wechselwirken","NEUT",4,"polysyllabic","False",FALSE,TRUE
"Weck","MASC",1,"monosyllabic","False",FALSE,TRUE
"Wecken","NEUT",2,"polysyllabic","False",FALSE,TRUE
"Wecker","MASC",2,"polysyllabic","False",FALSE,TRUE
"Weckruf","MASC",2,"polysyllabic","False",TRUE,TRUE
"Wedeln","NEUT",2,"polysyllabic","False",FALSE,TRUE
"Weg","MASC",1,"monosyllabic","False",TRUE,TRUE
"Wegbefördern","NEUT",4,"polysyllabic","False",FALSE,TRUE
"Wegbegeben","NEUT",4,"polysyllabic","False",FALSE,TRUE
"Wegbereiter","MASC",3,"polysyllabic","False",FALSE,TRUE
"Wegbleiben","NEUT",2,"polysyllabic","False",FALSE,TRUE
"Wegblicken","NEUT",3,"polysyllabic","False",FALSE,TRUE
"Wegbringen","NEUT",3,"polysyllabic","False",FALSE,TRUE
"Wegdämmern","NEUT",3,"polysyllabic","False",FALSE,TRUE
"Wegdenken","NEUT",3,"polysyllabic","False",FALSE,TRUE
"Wegdrängen","NEUT",3,"polysyllabic","False",FALSE,TRUE
"Wegelagerer","MASC",5,"polysyllabic","False",FALSE,TRUE
"Wegerich","MASC",3,"polysyllabic","False",FALSE,TRUE
"Wegfahren","NEUT",3,"polysyllabic","False",FALSE,TRUE
"Wegfall","MASC",2,"polysyllabic","False",TRUE,TRUE
"Wegfegen","NEUT",3,"polysyllabic","False",FALSE,TRUE
"Wegfliegen","NEUT",2,"polysyllabic","False",FALSE,TRUE
"Wegführen","NEUT",3,"polysyllabic","False",FALSE,TRUE
"Weggang","MASC",2,"polysyllabic","False",TRUE,TRUE
"Wegge","MASC",2,"polysyllabic","False",TRUE,FALSE
"Weggeben","NEUT",3,"polysyllabic","False",FALSE,TRUE
"Weggehen","NEUT",3,"polysyllabic","False",FALSE,TRUE
"Weghören","NEUT",3,"polysyllabic","False",FALSE,TRUE
"Wegjagen","NEUT",3,"polysyllabic","False",FALSE,TRUE
"Wegkommen","NEUT",3,"polysyllabic","False",FALSE,TRUE
"Weglassen","NEUT",3,"polysyllabic","False",FALSE,TRUE
"Weglaufen","NEUT",2,"polysyllabic","False",FALSE,TRUE
"Weglegen","NEUT",3,"polysyllabic","False",FALSE,TRUE
"Wegmachen","NEUT",3,"polysyllabic","False",FALSE,TRUE
"Wegnehmen","NEUT",3,"polysyllabic","False",FALSE,TRUE
"Wegpusten","NEUT",3,"polysyllabic","False",FALSE,TRUE
"Wegräumen","NEUT",2,"polysyllabic","False",FALSE,TRUE
"Wegreißen","NEUT",2,"polysyllabic","False",FALSE,TRUE
"Wegrennen","NEUT",3,"polysyllabic","False",FALSE,TRUE
"Wegschaffen","NEUT",3,"polysyllabic","False",FALSE,TRUE
"Wegschauen","NEUT",2,"polysyllabic","False",FALSE,TRUE
"Wegschicken","NEUT",3,"polysyllabic","False",FALSE,TRUE
"Wegschieben","NEUT",2,"polysyllabic","False",FALSE,TRUE
"Wegschießen","NEUT",2,"polysyllabic","False",FALSE,TRUE
"Wegschmeißen","NEUT",2,"polysyllabic","False",FALSE,TRUE
"Wegschütten","NEUT",3,"polysyllabic","False",FALSE,TRUE
"Wegschwimmen","NEUT",3,"polysyllabic","False",FALSE,TRUE
"Wegsehen","NEUT",3,"polysyllabic","False",FALSE,TRUE
"Wegsetzen","NEUT",3,"polysyllabic","False",FALSE,TRUE
"Wegspülen","NEUT",3,"polysyllabic","False",FALSE,TRUE
"Wegstehlen","NEUT",3,"polysyllabic","False",FALSE,TRUE
"Wegtolerieren","NEUT",4,"polysyllabic","False",FALSE,TRUE
"Wegtreiben","NEUT",2,"polysyllabic","False",FALSE,TRUE
"Wegtreten","NEUT",3,"polysyllabic","False",FALSE,TRUE
"Wegwaschen","NEUT",3,"polysyllabic","False",FALSE,TRUE
"Wegweisen","NEUT",2,"polysyllabic","False",FALSE,TRUE
"Wegweiser","MASC",2,"polysyllabic","False",TRUE,TRUE
"Wegwerfbehälter","MASC",5,"polysyllabic","False",FALSE,TRUE
"Wegwerfbesteck","NEUT",4,"polysyllabic","False",TRUE,TRUE
"Wegwerfen","NEUT",3,"polysyllabic","False",FALSE,TRUE
"Wegwerffeuerzeug","NEUT",3,"polysyllabic","False",TRUE,TRUE
"Wegwerfgeschirr","NEUT",4,"polysyllabic","False",TRUE,TRUE
"Wegwerfglas","NEUT",3,"polysyllabic","True",TRUE,FALSE
"Wegwerfrasierer","MASC",4,"polysyllabic","False",FALSE,TRUE
"Wegwischen","NEUT",3,"polysyllabic","False",FALSE,TRUE
"Wegwollen","NEUT",3,"polysyllabic","False",FALSE,TRUE
"Wegziehen","NEUT",2,"polysyllabic","False",FALSE,TRUE
"Wegzoll","MASC",2,"polysyllabic","False",TRUE,TRUE
"Weh","NEUT",1,"monosyllabic","False",TRUE,TRUE
"Wehen","NEUT",2,"polysyllabic","False",FALSE,TRUE
"Wehklagen","NEUT",3,"polysyllabic","False",FALSE,TRUE
"Wehr","NEUT",1,"monosyllabic","False",TRUE,TRUE
"Wehrdienst","MASC",1,"monosyllabic","False",TRUE,TRUE
"Wehren","NEUT",2,"polysyllabic","False",FALSE,TRUE
"Wehrmann","MASC",2,"polysyllabic","False",TRUE,TRUE
"Wehtun","NEUT",2,"polysyllabic","False",FALSE,TRUE
"Weib","NEUT",0,"polysyllabic","False",TRUE,TRUE
"Weibchen","NEUT",1,"monosyllabic","False",FALSE,TRUE
"Weibeln","NEUT",1,"monosyllabic","False",FALSE,TRUE
"Weiblein","NEUT",0,"polysyllabic","False",FALSE,TRUE
"Weibsbild","NEUT",1,"monosyllabic","False",TRUE,TRUE
"Weichbild","NEUT",1,"monosyllabic","False",TRUE,TRUE
"Weichen","NEUT",1,"monosyllabic","False",FALSE,TRUE
"Weichheitszeichen","NEUT",1,"monosyllabic","False",FALSE,TRUE
"Weichholz","NEUT",1,"monosyllabic","True",TRUE,FALSE
"Weichkäse","MASC",2,"polysyllabic","False",TRUE,FALSE
"Weichlot","NEUT",1,"monosyllabic","False",FALSE,TRUE
"Weichspülen","NEUT",2,"polysyllabic","False",FALSE,TRUE
"Weichspüler","MASC",2,"polysyllabic","False",FALSE,TRUE
"Weichtier","NEUT",0,"polysyllabic","False",TRUE,TRUE
"Weidenbaum","MASC",1,"monosyllabic","False",TRUE,TRUE
"Weidmann","MASC",1,"monosyllabic","False",TRUE,TRUE
"Weigand","MASC",1,"monosyllabic","False",TRUE,TRUE
"Weigern","NEUT",1,"monosyllabic","False",FALSE,TRUE
"Weihen","NEUT",1,"monosyllabic","False",FALSE,TRUE
"Weiher","MASC",1,"monosyllabic","False",FALSE,TRUE
"Weihnachtsabend","MASC",3,"polysyllabic","False",FALSE,TRUE
"Weihnachtsbaum","MASC",1,"monosyllabic","False",TRUE,TRUE
"Weihnachtsengel","MASC",3,"polysyllabic","False",FALSE,TRUE
"Weihnachtsgebäck","MASC",3,"polysyllabic","False",TRUE,TRUE
"Weihnachtsgedicht","NEUT",3,"polysyllabic","False",TRUE,TRUE
"Weihnachtsgeschenk","NEUT",3,"polysyllabic","False",TRUE,TRUE
"Weihnachtskerzchen","NEUT",3,"polysyllabic","False",FALSE,TRUE
"Weihnachtskerzlein","NEUT",2,"polysyllabic","False",FALSE,TRUE
"Weihnachtskranz","MASC",2,"polysyllabic","True",TRUE,FALSE
"Weihnachtslied","NEUT",1,"monosyllabic","False",TRUE,TRUE
"Weihnachtsmann","MASC",2,"polysyllabic","False",TRUE,TRUE
"Weihnachtsmarkt","MASC",2,"polysyllabic","False",TRUE,TRUE
"Weihnachtsstern","MASC",2,"polysyllabic","False",TRUE,TRUE
"Weihnachtstag","MASC",2,"polysyllabic","False",TRUE,TRUE
"Weihrauch","MASC",0,"polysyllabic","False",TRUE,TRUE
"Weihwasser","NEUT",2,"polysyllabic","False",FALSE,TRUE
"Weilchen","NEUT",1,"monosyllabic","False",FALSE,TRUE
"Weilen","NEUT",1,"monosyllabic","False",FALSE,TRUE
"Weimern","NEUT",1,"monosyllabic","False",FALSE,TRUE
"Wein","MASC",0,"polysyllabic","False",TRUE,TRUE
"Weinbau","MASC",0,"polysyllabic","False",TRUE,TRUE
"Weinbrand","MASC",1,"monosyllabic","False",TRUE,TRUE
"Weinen","NEUT",1,"monosyllabic","False",FALSE,TRUE
"Weinfass","NEUT",1,"monosyllabic","True",TRUE,FALSE
"Weingarten","MASC",2,"polysyllabic","False",FALSE,TRUE
"Weinglas","NEUT",1,"monosyllabic","True",TRUE,FALSE
"Weingummi","NEUT",2,"polysyllabic","False",FALSE,TRUE
"Weinhaus","NEUT",0,"polysyllabic","True",TRUE,FALSE
"Weinjahr","NEUT",1,"monosyllabic","False",TRUE,TRUE
"Weinkeller","MASC",2,"polysyllabic","False",FALSE,TRUE
"Weinkrampf","MASC",1,"monosyllabic","False",TRUE,TRUE
"Weinstock","MASC",1,"monosyllabic","False",TRUE,TRUE
"Weisen","NEUT",1,"monosyllabic","False",FALSE,TRUE
"Weisheitszahn","MASC",1,"monosyllabic","False",TRUE,TRUE
"Weismachen","NEUT",2,"polysyllabic","False",FALSE,TRUE
"Weiß","NEUT",0,"polysyllabic","True",TRUE,FALSE
"Weissagen","NEUT",2,"polysyllabic","False",FALSE,TRUE
"Weißbart-Ameisenwürger","MASC",5,"polysyllabic","False",FALSE,TRUE
"Weißbier","NEUT",0,"polysyllabic","False",TRUE,TRUE
"Weißbinder","MASC",2,"polysyllabic","False",FALSE,TRUE
"Weißblech","NEUT",1,"monosyllabic","False",FALSE,TRUE
"Weissbrot","NEUT",1,"monosyllabic","False",TRUE,TRUE
"Weißbrot","NEUT",1,"monosyllabic","False",TRUE,TRUE
"Weißbrust-Ameisenwürger","MASC",5,"polysyllabic","False",FALSE,TRUE
"Weißbuch","NEUT",1,"monosyllabic","False",TRUE,TRUE
"Weißdorn","MASC",1,"monosyllabic","False",TRUE,TRUE
"Weißen","NEUT",1,"monosyllabic","False",FALSE,TRUE
"Weißer","MASC",1,"monosyllabic","False",FALSE,TRUE
"Weißflügelpinguin","MASC",4,"polysyllabic","False",FALSE,TRUE
"Weißgold","NEUT",1,"monosyllabic","False",TRUE,TRUE
"Weißgoldring","MASC",2,"polysyllabic","False",FALSE,TRUE
"Weißgrau","NEUT",0,"polysyllabic","False",FALSE,TRUE
"Weißkohl","MASC",1,"monosyllabic","False",TRUE,TRUE
"Weißkopfseeadler","MASC",3,"polysyllabic","False",FALSE,TRUE
"Weißmetall","NEUT",2,"polysyllabic","False",FALSE,TRUE
"Weißpigment","NEUT",2,"polysyllabic","False",FALSE,TRUE
"Weißpunkt-Buntbarsch","MASC",3,"polysyllabic","True",TRUE,TRUE
"Weißpunktbuntbarsch","MASC",3,"polysyllabic","True",TRUE,TRUE
"Weißrussisch","NEUT",2,"polysyllabic","True",FALSE,TRUE
"Weißsagen","NEUT",2,"polysyllabic","False",FALSE,TRUE
"Weißstorch","MASC",1,"monosyllabic","False",TRUE,TRUE
"Weißwein","MASC",0,"polysyllabic","False",TRUE,TRUE
"Weisthum","NEUT",1,"monosyllabic","False",TRUE,TRUE
"Weistum","NEUT",1,"monosyllabic","False",FALSE,TRUE
"Weitblick","MASC",1,"monosyllabic","False",TRUE,TRUE
"Weiterbefördern","NEUT",4,"polysyllabic","False",FALSE,TRUE
"Weiterbestehen","NEUT",4,"polysyllabic","False",FALSE,TRUE
"Weiterbilden","NEUT",3,"polysyllabic","False",FALSE,TRUE
"Weiteressen","NEUT",3,"polysyllabic","False",FALSE,TRUE
"Weiterexistieren","NEUT",4,"polysyllabic","False",FALSE,TRUE
"Weiterfahren","NEUT",3,"polysyllabic","False",FALSE,TRUE
"Weitergeben","NEUT",3,"polysyllabic","False",FALSE,TRUE
"Weitergehen","NEUT",3,"polysyllabic","False",FALSE,TRUE
"Weiterhelfen","NEUT",3,"polysyllabic","False",FALSE,TRUE
"Weiterleben","NEUT",3,"polysyllabic","False",FALSE,TRUE
"Weiterleiten","NEUT",2,"polysyllabic","False",FALSE,TRUE
"Weitermachen","NEUT",3,"polysyllabic","False",FALSE,TRUE
"Weiterreden","NEUT",3,"polysyllabic","False",FALSE,TRUE
"Weiterreisen","NEUT",2,"polysyllabic","False",FALSE,TRUE
"Weitersagen","NEUT",3,"polysyllabic","False",FALSE,TRUE
"Weiterverkaufen","NEUT",3,"polysyllabic","False",FALSE,TRUE
"Weitspringer","MASC",2,"polysyllabic","False",FALSE,TRUE
"Weitsprung","MASC",1,"monosyllabic","False",TRUE,TRUE
"Weitwinkel","NEUT",2,"polysyllabic","False",FALSE,TRUE
"Weitwinkelobjektiv","NEUT",5,"polysyllabic","False",FALSE,TRUE
"Weizen","NEUT",1,"monosyllabic","False",FALSE,TRUE
"Weizenbier","NEUT",1,"monosyllabic","False",TRUE,TRUE
"Weizenbrot","NEUT",2,"polysyllabic","False",TRUE,TRUE
"Weizenfeld","NEUT",2,"polysyllabic","False",TRUE,TRUE
"Weizenkeimöl","NEUT",2,"polysyllabic","False",TRUE,TRUE
"Weizenkorn","NEUT",2,"polysyllabic","False",TRUE,TRUE
"Weizenmehl","NEUT",2,"polysyllabic","False",TRUE,TRUE
"Weizenmischbrot","NEUT",3,"polysyllabic","False",FALSE,TRUE
"Welken","NEUT",2,"polysyllabic","False",FALSE,TRUE
"Wellblech","NEUT",2,"polysyllabic","False",TRUE,TRUE
"Wellchen","NEUT",2,"polysyllabic","False",FALSE,TRUE
"Wellen","NEUT",2,"polysyllabic","False",FALSE,TRUE
"Wellenlängenbereich","MASC",5,"polysyllabic","False",TRUE,TRUE
"Wellenreiher","MASC",3,"polysyllabic","False",FALSE,TRUE
"Wellensittich","MASC",4,"polysyllabic","False",FALSE,TRUE
"Welpchen","NEUT",2,"polysyllabic","False",FALSE,TRUE
"Welplein","NEUT",1,"monosyllabic","False",FALSE,TRUE
"Wels","MASC",1,"monosyllabic","True",TRUE,FALSE
"Weltall","NEUT",2,"polysyllabic","False",FALSE,TRUE
"Weltbild","NEUT",2,"polysyllabic","False",TRUE,TRUE
"Weltfrieden","MASC",2,"polysyllabic","False",FALSE,TRUE
"Weltgeist","MASC",1,"monosyllabic","False",TRUE,TRUE
"Weltjudentum","NEUT",4,"polysyllabic","False",FALSE,TRUE
"Weltkreis","MASC",1,"monosyllabic","True",TRUE,FALSE
"Weltkrieg","MASC",1,"monosyllabic","False",TRUE,TRUE
"Weltmarkt","MASC",2,"polysyllabic","False",TRUE,TRUE
"Weltmarktpreis","MASC",2,"polysyllabic","True",TRUE,FALSE
"Weltmeer","NEUT",2,"polysyllabic","False",TRUE,TRUE
"Weltnetz","NEUT",2,"polysyllabic","True",TRUE,FALSE
"Weltraum","MASC",1,"monosyllabic","False",TRUE,TRUE
"Weltraumbahnhof","MASC",3,"polysyllabic","False",TRUE,TRUE
"Weltraummüll","MASC",2,"polysyllabic","False",TRUE,TRUE
"Weltraumschiff","NEUT",2,"polysyllabic","False",TRUE,TRUE
"Weltraumschrott","MASC",2,"polysyllabic","False",TRUE,TRUE
"Weltraumspaziergang","MASC",3,"polysyllabic","False",TRUE,TRUE
"Weltraumteleskop","NEUT",4,"polysyllabic","False",FALSE,TRUE
"Weltschmerz","MASC",2,"polysyllabic","True",TRUE,FALSE
"Weltuntergang","MASC",4,"polysyllabic","False",FALSE,TRUE
"Weltverbesserer","MASC",5,"polysyllabic","False",FALSE,TRUE
"Weltwunder","NEUT",3,"polysyllabic","False",FALSE,TRUE
"Wembley-Tor","NEUT",3,"polysyllabic","False",TRUE,TRUE
"Wemfall","MASC",2,"polysyllabic","False",TRUE,TRUE
"Wendehals","MASC",3,"polysyllabic","True",TRUE,FALSE
"Wenfall","MASC",2,"polysyllabic","False",TRUE,TRUE
"Wenn","NEUT",1,"monosyllabic","False",FALSE,TRUE
"Werbeartikel","MASC",4,"polysyllabic","False",FALSE,TRUE
"Werben","NEUT",2,"polysyllabic","False",FALSE,TRUE
"Werber","MASC",2,"polysyllabic","False",FALSE,TRUE
"Werbespot","MASC",3,"polysyllabic","False",FALSE,TRUE
"Werdegang","MASC",3,"polysyllabic","False",TRUE,TRUE
"Werden","NEUT",2,"polysyllabic","False",FALSE,TRUE
"Werder","MASC",2,"polysyllabic","False",FALSE,TRUE
"Werfall","MASC",2,"polysyllabic","False",TRUE,TRUE
"Werfer","MASC",2,"polysyllabic","False",FALSE,TRUE
"Werg","NEUT",1,"monosyllabic","False",TRUE,TRUE
"Wergeld","NEUT",2,"polysyllabic","False",TRUE,TRUE
"Werk","NEUT",1,"monosyllabic","False",TRUE,TRUE
"Werkeln","NEUT",2,"polysyllabic","False",FALSE,TRUE
"Werken","NEUT",2,"polysyllabic","False",FALSE,TRUE
"Werkstoff","MASC",2,"polysyllabic","False",TRUE,TRUE
"Werkstück","NEUT",2,"polysyllabic","False",TRUE,TRUE
"Werktag","MASC",2,"polysyllabic","False",TRUE,TRUE
"Werkzeug","NEUT",1,"monosyllabic","False",TRUE,TRUE
"Werkzeuggebrauch","MASC",2,"polysyllabic","False",TRUE,TRUE
"Wermut","MASC",2,"polysyllabic","False",TRUE,TRUE
"Wert","MASC",1,"monosyllabic","False",TRUE,TRUE
"Wertbegriff","MASC",3,"polysyllabic","False",TRUE,TRUE
"Werten","NEUT",2,"polysyllabic","False",FALSE,TRUE
"Wertkonflikt","MASC",3,"polysyllabic","False",TRUE,TRUE
"Wertpapier","NEUT",2,"polysyllabic","False",TRUE,TRUE
"Wertstoff","MASC",2,"polysyllabic","False",TRUE,TRUE
"Werwolf","MASC",2,"polysyllabic","False",TRUE,TRUE
"Wesensmerkmal","NEUT",4,"polysyllabic","False",FALSE,TRUE
"Wesenszug","MASC",3,"polysyllabic","False",TRUE,TRUE
"Wesfall","MASC",2,"polysyllabic","False",TRUE,TRUE
"Wespennest","NEUT",3,"polysyllabic","False",TRUE,TRUE
"Wespenstachel","MASC",4,"polysyllabic","False",FALSE,TRUE
"Wessenfall","MASC",3,"polysyllabic","False",TRUE,TRUE
"West","MASC",1,"monosyllabic","False",FALSE,TRUE
"Westen","MASC",2,"polysyllabic","False",FALSE,TRUE
"Westwerk","NEUT",2,"polysyllabic","False",TRUE,TRUE
"Westwind","MASC",2,"polysyllabic","False",TRUE,TRUE
"Wettbewerb","MASC",3,"polysyllabic","False",TRUE,TRUE
"Wetteifern","NEUT",2,"polysyllabic","False",FALSE,TRUE
"Wetten","NEUT",2,"polysyllabic","False",FALSE,TRUE
"Wetter","NEUT",2,"polysyllabic","False",FALSE,TRUE
"Wetterbericht","MASC",4,"polysyllabic","False",TRUE,TRUE
"Wetterchen","NEUT",3,"polysyllabic","False",FALSE,TRUE
"Wetterglas","NEUT",3,"polysyllabic","True",TRUE,FALSE
"Wetterhahn","MASC",3,"polysyllabic","False",TRUE,TRUE
"Wetterleuchten","NEUT",3,"polysyllabic","False",FALSE,TRUE
"Wettkampf","MASC",2,"polysyllabic","False",TRUE,TRUE
"Wettkämpfer","MASC",3,"polysyllabic","False",FALSE,TRUE
"Wettmachen","NEUT",3,"polysyllabic","False",FALSE,TRUE
"Wettrüsten","NEUT",3,"polysyllabic","False",FALSE,TRUE
"Wettstreit","MASC",1,"monosyllabic","False",TRUE,TRUE
"Wetzen","NEUT",2,"polysyllabic","False",FALSE,TRUE
"Whitneyit","MASC",2,"polysyllabic","False",FALSE,TRUE
"Wibbeln","NEUT",2,"polysyllabic","False",FALSE,TRUE
"Wichsen","NEUT",2,"polysyllabic","False",FALSE,TRUE
"Wichser","MASC",2,"polysyllabic","False",FALSE,TRUE
"Wichtel","MASC",2,"polysyllabic","False",FALSE,TRUE
"Wichteln","NEUT",2,"polysyllabic","False",FALSE,TRUE
"Wichtigmachen","NEUT",4,"polysyllabic","False",FALSE,TRUE
"Wichtigmacher","MASC",4,"polysyllabic","False",FALSE,TRUE
"Wichtigtuer","MASC",3,"polysyllabic","False",FALSE,TRUE
"Wichtigtun","NEUT",3,"polysyllabic","False",FALSE,TRUE
"Wickeln","NEUT",2,"polysyllabic","False",FALSE,TRUE
"Wickelraum","MASC",2,"polysyllabic","False",TRUE,TRUE
"Wickeltisch","MASC",3,"polysyllabic","True",TRUE,TRUE
"Widder","MASC",2,"polysyllabic","False",FALSE,TRUE
"Widerfahren","NEUT",4,"polysyllabic","False",FALSE,TRUE
"Widerhall","MASC",3,"polysyllabic","False",TRUE,TRUE
"Widerhallen","NEUT",4,"polysyllabic","False",FALSE,TRUE
"Widerlegen","NEUT",4,"polysyllabic","False",FALSE,TRUE
"Widerling","MASC",3,"polysyllabic","False",FALSE,TRUE
"Widerpart","MASC",3,"polysyllabic","False",TRUE,TRUE
"Widerreden","NEUT",4,"polysyllabic","False",FALSE,TRUE
"Widerrufen","NEUT",4,"polysyllabic","False",FALSE,TRUE
"Widerrufsrecht","NEUT",4,"polysyllabic","False",FALSE,TRUE
"Widersacher","MASC",4,"polysyllabic","False",FALSE,TRUE
"Widersinn","MASC",3,"polysyllabic","False",TRUE,TRUE
"Widerspiegeln","NEUT",3,"polysyllabic","False",FALSE,TRUE
"Widerspiel","NEUT",2,"polysyllabic","False",TRUE,TRUE
"Widersprechen","NEUT",4,"polysyllabic","False",FALSE,TRUE
"Widerstand","MASC",3,"polysyllabic","False",TRUE,TRUE
"Widerstehen","NEUT",4,"polysyllabic","False",FALSE,TRUE
"Widerstreben","NEUT",4,"polysyllabic","False",FALSE,TRUE
"Widerwillen","MASC",4,"polysyllabic","False",FALSE,TRUE
"Widmen","NEUT",2,"polysyllabic","False",FALSE,TRUE
"Wiedehopf","MASC",2,"polysyllabic","False",TRUE,TRUE
"Wiederauferstehen","NEUT",4,"polysyllabic","False",FALSE,TRUE
"Wiederbeleben","NEUT",4,"polysyllabic","False",FALSE,TRUE
"Wiederentdecken","NEUT",4,"polysyllabic","False",FALSE,TRUE
"Wiedererkennen","NEUT",4,"polysyllabic","False",FALSE,TRUE
"Wiederfinden","NEUT",3,"polysyllabic","False",FALSE,TRUE
"Wiedergeben","NEUT",3,"polysyllabic","False",FALSE,TRUE
"Wiedergewinnen","NEUT",4,"polysyllabic","False",FALSE,TRUE
"Wiedergutmachen","NEUT",4,"polysyllabic","False",FALSE,TRUE
"Wiederherstellen","NEUT",4,"polysyllabic","False",FALSE,TRUE
"Wiederholen","NEUT",3,"polysyllabic","False",FALSE,TRUE
"Wiederholungstäter","MASC",5,"polysyllabic","False",FALSE,TRUE
"Wiederhören","NEUT",3,"polysyllabic","False",FALSE,TRUE
"Wiederkäuen","NEUT",2,"polysyllabic","False",FALSE,TRUE
"Wiederkäuer","MASC",2,"polysyllabic","False",FALSE,TRUE
"Wiederkehren","NEUT",3,"polysyllabic","False",FALSE,TRUE
"Wiederkommen","NEUT",3,"polysyllabic","False",FALSE,TRUE
"Wiedersehen","NEUT",3,"polysyllabic","False",FALSE,TRUE
"Wiedertaufen","NEUT",2,"polysyllabic","False",FALSE,TRUE
"Wiederverwerten","NEUT",4,"polysyllabic","False",FALSE,TRUE
"Wiederwählen","NEUT",3,"polysyllabic","False",FALSE,TRUE
"Wiegeln","NEUT",1,"monosyllabic","False",FALSE,TRUE
"Wiegen","NEUT",1,"monosyllabic","False",FALSE,TRUE
"Wiegenlied","NEUT",1,"monosyllabic","False",TRUE,TRUE
"Wiehern","NEUT",1,"monosyllabic","False",FALSE,TRUE
"Wienern","NEUT",1,"monosyllabic","False",FALSE,TRUE
"Wiesbadener","MASC",3,"polysyllabic","False",FALSE,TRUE
"Wiesenblümchen","NEUT",3,"polysyllabic","False",FALSE,TRUE
"Wiewort","NEUT",1,"monosyllabic","False",TRUE,TRUE
"Wikipedianer","MASC",5,"polysyllabic","False",FALSE,TRUE
"Wikiwörterbuch","NEUT",5,"polysyllabic","False",TRUE,TRUE
"Wildbret","NEUT",2,"polysyllabic","False",FALSE,TRUE
"Wildeln","NEUT",2,"polysyllabic","False",FALSE,TRUE
"Wildern","NEUT",2,"polysyllabic","False",FALSE,TRUE
"Wildfang","MASC",2,"polysyllabic","False",TRUE,TRUE
"Wildkaninchen","NEUT",4,"polysyllabic","False",FALSE,TRUE
"Wildkraut","NEUT",1,"monosyllabic","False",TRUE,TRUE
"Wildlachs","MASC",2,"polysyllabic","True",TRUE,FALSE
"Wildschwein","NEUT",1,"monosyllabic","False",TRUE,TRUE
"Wildtier","NEUT",1,"monosyllabic","False",FALSE,TRUE
"Willen","MASC",2,"polysyllabic","False",FALSE,TRUE
"Willfahren","NEUT",3,"polysyllabic","False",FALSE,TRUE
"Wimmelbild","NEUT",3,"polysyllabic","False",TRUE,TRUE
"Wimmelbilderbuch","NEUT",5,"polysyllabic","False",TRUE,TRUE
"Wimmelbuch","NEUT",3,"polysyllabic","False",TRUE,TRUE
"Wimmeln","NEUT",2,"polysyllabic","False",FALSE,TRUE
"Wimmen","NEUT",2,"polysyllabic","False",FALSE,TRUE
"Wimmer","MASC",2,"polysyllabic","False",FALSE,TRUE
"Wimmern","NEUT",2,"polysyllabic","False",FALSE,TRUE
"Wimpertierchen","NEUT",3,"polysyllabic","False",FALSE,TRUE
"Wind","MASC",1,"monosyllabic","False",TRUE,TRUE
"Windbeutel","MASC",2,"polysyllabic","False",FALSE,TRUE
"Windchen","NEUT",2,"polysyllabic","False",FALSE,TRUE
"Winden","NEUT",2,"polysyllabic","False",FALSE,TRUE
"Windhund","MASC",2,"polysyllabic","False",TRUE,TRUE
"Windpferd","NEUT",2,"polysyllabic","False",TRUE,TRUE
"Windrad","NEUT",2,"polysyllabic","False",TRUE,TRUE
"Windröschen","NEUT",3,"polysyllabic","False",FALSE,TRUE
"Windsack","MASC",2,"polysyllabic","False",TRUE,TRUE
"Windschatten","MASC",3,"polysyllabic","False",FALSE,TRUE
"Wingert","MASC",2,"polysyllabic","False",FALSE,TRUE
"Winkel","MASC",2,"polysyllabic","False",FALSE,TRUE
"Winkelmesser","MASC",4,"polysyllabic","False",FALSE,TRUE
"Winkelzug","MASC",3,"polysyllabic","False",TRUE,TRUE
"Winken","NEUT",2,"polysyllabic","False",FALSE,TRUE
"Winseln","NEUT",2,"polysyllabic","False",FALSE,TRUE
"Winter","MASC",2,"polysyllabic","False",FALSE,TRUE
"Winteranfang","MASC",4,"polysyllabic","False",TRUE,TRUE
"Winterende","NEUT",4,"polysyllabic","False",TRUE,FALSE
"Wintergarten","MASC",4,"polysyllabic","False",FALSE,TRUE
"Winterkleid","NEUT",2,"polysyllabic","False",TRUE,TRUE
"Winterkleidchen","NEUT",3,"polysyllabic","False",FALSE,TRUE
"Wintermantel","MASC",4,"polysyllabic","False",FALSE,TRUE
"Wintermonat","MASC",4,"polysyllabic","False",FALSE,TRUE
"Winterreifen","MASC",3,"polysyllabic","False",FALSE,TRUE
"Winterschlaf","MASC",3,"polysyllabic","False",TRUE,TRUE
"Wintersturm","MASC",3,"polysyllabic","False",TRUE,TRUE
"Wintervogel","MASC",4,"polysyllabic","False",FALSE,TRUE
"Winterweizen","MASC",3,"polysyllabic","False",FALSE,TRUE
"Winterwetter","NEUT",4,"polysyllabic","False",FALSE,TRUE
"Winterzauber","MASC",3,"polysyllabic","False",FALSE,TRUE
"Winzer","MASC",2,"polysyllabic","False",FALSE,TRUE
"Wipfel","MASC",2,"polysyllabic","False",FALSE,TRUE
"Wippen","NEUT",2,"polysyllabic","False",FALSE,TRUE
"Wirbel","MASC",2,"polysyllabic","False",FALSE,TRUE
"Wirbeln","NEUT",2,"polysyllabic","False",FALSE,TRUE
"Wirbelsturm","MASC",3,"polysyllabic","False",TRUE,TRUE
"Wirbeltier","NEUT",2,"polysyllabic","False",TRUE,TRUE
"Wirbelwind","MASC",3,"polysyllabic","False",TRUE,TRUE
"Wirken","NEUT",2,"polysyllabic","False",FALSE,TRUE
"Wirkstoff","MASC",2,"polysyllabic","False",FALSE,TRUE
"Wirkungsgrad","MASC",3,"polysyllabic","False",TRUE,TRUE
"Wirkungsquerschnitt","MASC",4,"polysyllabic","False",TRUE,TRUE
"Wirren","NEUT",2,"polysyllabic","False",FALSE,TRUE
"Wirsing","MASC",2,"polysyllabic","False",FALSE,TRUE
"Wirt","MASC",1,"monosyllabic","False",TRUE,TRUE
"Wirtschaftsflüchtling","MASC",4,"polysyllabic","False",FALSE,TRUE
"Wirtschaftsminister","MASC",5,"polysyllabic","False",FALSE,TRUE
"Wirtschaftsministerium","NEUT",6,"polysyllabic","False",FALSE,TRUE
"Wirtschaftswissenschaftler","MASC",6,"polysyllabic","False",FALSE,TRUE
"Wirtschaftswunder","MASC",4,"polysyllabic","False",FALSE,TRUE
"Wirtschaftszweig","MASC",2,"polysyllabic","False",TRUE,TRUE
"Wirtshaus","NEUT",1,"monosyllabic","True",TRUE,FALSE
"Wisch","NEUT",1,"monosyllabic","True",TRUE,TRUE
"Wischen","NEUT",2,"polysyllabic","False",FALSE,TRUE
"Wispeln","NEUT",2,"polysyllabic","False",FALSE,TRUE
"Wispern","NEUT",2,"polysyllabic","False",FALSE,TRUE
"Wissen","NEUT",2,"polysyllabic","False",FALSE,TRUE
"Wissenschaftler","MASC",4,"polysyllabic","False",FALSE,TRUE
"Witherit","MASC",3,"polysyllabic","False",FALSE,TRUE
"Wittern","NEUT",2,"polysyllabic","False",FALSE,TRUE
"Witwer","MASC",2,"polysyllabic","False",FALSE,TRUE
"Witz","MASC",1,"monosyllabic","True",TRUE,FALSE
"Witzbold","MASC",2,"polysyllabic","False",TRUE,TRUE
"Witzeln","NEUT",2,"polysyllabic","False",FALSE,TRUE
"Wochenbett","NEUT",3,"polysyllabic","False",TRUE,TRUE
"Wochenblatt","NEUT",3,"polysyllabic","False",TRUE,TRUE
"Wochenende","NEUT",4,"polysyllabic","False",TRUE,FALSE
"Wochenendhaus","NEUT",3,"polysyllabic","True",TRUE,FALSE
"Wochentag","MASC",3,"polysyllabic","False",TRUE,TRUE
"Wocken","MASC",2,"polysyllabic","False",FALSE,TRUE
"Wodenstag","MASC",3,"polysyllabic","False",TRUE,TRUE
"Wodka","MASC",2,"polysyllabic","False",FALSE,TRUE
"Wogen","NEUT",2,"polysyllabic","False",FALSE,TRUE
"Wohl","NEUT",1,"monosyllabic","False",TRUE,TRUE
"Wohlbehagen","NEUT",4,"polysyllabic","False",FALSE,TRUE
"Wohlfühlen","NEUT",3,"polysyllabic","False",FALSE,TRUE
"Wohlgeruch","MASC",3,"polysyllabic","False",TRUE,TRUE
"Wohllaut","MASC",1,"monosyllabic","False",TRUE,TRUE
"Wohlleben","NEUT",3,"polysyllabic","False",FALSE,TRUE
"Wohltäter","MASC",3,"polysyllabic","False",FALSE,TRUE
"Wohltun","NEUT",2,"polysyllabic","False",FALSE,TRUE
"Wohnen","NEUT",2,"polysyllabic","False",FALSE,TRUE
"Wohngebiet","NEUT",2,"polysyllabic","False",TRUE,TRUE
"Wohnhaus","NEUT",1,"monosyllabic","True",TRUE,FALSE
"Wohnhäuschen","NEUT",2,"polysyllabic","False",FALSE,TRUE
"Wohnhäuslein","NEUT",1,"monosyllabic","False",FALSE,TRUE
"Wohnheim","NEUT",1,"monosyllabic","False",TRUE,TRUE
"Wohnmobil","NEUT",3,"polysyllabic","False",FALSE,TRUE
"Wohnort","MASC",2,"polysyllabic","False",TRUE,TRUE
"Wohnraum","MASC",1,"monosyllabic","False",TRUE,TRUE
"Wohnsitz","MASC",2,"polysyllabic","True",TRUE,FALSE
"Wohnstallhaus","NEUT",2,"polysyllabic","True",TRUE,FALSE
"Wohnviertel","NEUT",2,"polysyllabic","False",FALSE,TRUE
"Wohnzimmer","NEUT",3,"polysyllabic","False",FALSE,TRUE
"Woilach","MASC",2,"polysyllabic","False",FALSE,TRUE
"Wölben","NEUT",2,"polysyllabic","False",FALSE,TRUE
"Wolf","MASC",1,"monosyllabic","False",TRUE,TRUE
"Wolfgang","MASC",2,"polysyllabic","False",FALSE,TRUE
"Wolframit","MASC",3,"polysyllabic","False",FALSE,TRUE
"Wolfsfell","NEUT",2,"polysyllabic","False",TRUE,TRUE
"Wolfsschwanz","MASC",2,"polysyllabic","True",TRUE,FALSE
"Wölken","NEUT",2,"polysyllabic","False",FALSE,TRUE
"Wolkenkratzer","MASC",4,"polysyllabic","False",FALSE,TRUE
"Wollen","NEUT",2,"polysyllabic","False",FALSE,TRUE
"Wollfaden","MASC",3,"polysyllabic","False",FALSE,TRUE
"Wollhandschuh","MASC",3,"polysyllabic","False",FALSE,TRUE
"Wollknäuel","NEUT",2,"polysyllabic","False",FALSE,TRUE
"Wollmantel","MASC",3,"polysyllabic","False",FALSE,TRUE
"Wollpullover","MASC",4,"polysyllabic","False",FALSE,TRUE
"Wollschal","MASC",2,"polysyllabic","False",FALSE,TRUE
"Wolperdinger","MASC",4,"polysyllabic","False",FALSE,TRUE
"Wolpertinger","MASC",4,"polysyllabic","False",FALSE,TRUE
"Wonnemond","MASC",3,"polysyllabic","False",TRUE,TRUE
"Wonneproppen","MASC",4,"polysyllabic","False",FALSE,TRUE
"Worfeln","NEUT",2,"polysyllabic","False",FALSE,TRUE
"Workshop","MASC",2,"polysyllabic","False",FALSE,TRUE
"Wort","NEUT",1,"monosyllabic","False",TRUE,TRUE
"Wortanfang","MASC",3,"polysyllabic","False",FALSE,TRUE
"Wörtchen","NEUT",2,"polysyllabic","False",FALSE,TRUE
"Wörterbuch","NEUT",3,"polysyllabic","False",TRUE,TRUE
"Wörterbüchlein","NEUT",3,"polysyllabic","False",FALSE,TRUE
"Wortgefecht","NEUT",3,"polysyllabic","False",TRUE,TRUE
"Wortklauber","MASC",2,"polysyllabic","False",FALSE,TRUE
"Wörtlein","NEUT",1,"monosyllabic","False",FALSE,TRUE
"Wortsalat","MASC",3,"polysyllabic","False",TRUE,TRUE
"Wortschatz","MASC",2,"polysyllabic","True",TRUE,FALSE
"Wortschöpfer","MASC",3,"polysyllabic","False",FALSE,TRUE
"Wortspiel","NEUT",1,"monosyllabic","False",TRUE,TRUE
"Wortstamm","MASC",2,"polysyllabic","False",TRUE,TRUE
"Wortzwischenraum","MASC",3,"polysyllabic","False",TRUE,TRUE
"Wotanstag","MASC",3,"polysyllabic","False",TRUE,TRUE
"Wow-Effekt","MASC",3,"polysyllabic","False",FALSE,TRUE
"Wrack","NEUT",1,"monosyllabic","False",TRUE,TRUE
"Wringen","NEUT",2,"polysyllabic","False",FALSE,TRUE
"Wucher","MASC",2,"polysyllabic","False",FALSE,TRUE
"Wucherer","MASC",3,"polysyllabic","False",FALSE,TRUE
"Wuchern","NEUT",2,"polysyllabic","False",FALSE,TRUE
"Wucherpreis","MASC",2,"polysyllabic","True",TRUE,FALSE
"Wuchs","MASC",1,"monosyllabic","True",TRUE,FALSE
"Wuchten","NEUT",2,"polysyllabic","False",FALSE,TRUE
"Wühlen","NEUT",2,"polysyllabic","False",FALSE,TRUE
"Wühler","MASC",2,"polysyllabic","False",FALSE,TRUE
"Wühltisch","MASC",2,"polysyllabic","True",TRUE,TRUE
"Wulfenit","NEUT",3,"polysyllabic","False",FALSE,TRUE
"Wulst","MASC",1,"monosyllabic","False",TRUE,TRUE
"Wummern","NEUT",2,"polysyllabic","False",FALSE,TRUE
"Wundbrand","MASC",2,"polysyllabic","False",TRUE,TRUE
"Wunder","NEUT",2,"polysyllabic","False",FALSE,TRUE
"Wunderkind","NEUT",3,"polysyllabic","False",TRUE,TRUE
"Wundermittel","NEUT",4,"polysyllabic","False",FALSE,TRUE
"Wundern","NEUT",2,"polysyllabic","False",FALSE,TRUE
"Wundernehmen","NEUT",4,"polysyllabic","False",FALSE,TRUE
"Wunderwerk","NEUT",3,"polysyllabic","False",TRUE,TRUE
"Wundrand","MASC",2,"polysyllabic","False",TRUE,TRUE
"Wundreiben","NEUT",2,"polysyllabic","False",FALSE,TRUE
"Wunsch","MASC",1,"monosyllabic","True",TRUE,TRUE
"Wünsch","MASC",1,"monosyllabic","True",TRUE,TRUE
"Wunschbild","NEUT",2,"polysyllabic","False",TRUE,TRUE
"Wunschdenken","NEUT",3,"polysyllabic","False",FALSE,TRUE
"Wünschen","NEUT",2,"polysyllabic","False",FALSE,TRUE
"Wunschtraum","MASC",1,"monosyllabic","False",TRUE,TRUE
"Wunschzettel","MASC",3,"polysyllabic","False",FALSE,TRUE
"Würdigen","NEUT",3,"polysyllabic","False",FALSE,TRUE
"Wurf","MASC",1,"monosyllabic","False",TRUE,TRUE
"Wurfarm","MASC",2,"polysyllabic","False",FALSE,TRUE
"Würfel","MASC",2,"polysyllabic","False",FALSE,TRUE
"Würfeln","NEUT",2,"polysyllabic","False",FALSE,TRUE
"Würfelspiel","NEUT",2,"polysyllabic","False",TRUE,TRUE
"Würfelzucker","MASC",4,"polysyllabic","False",FALSE,TRUE
"Wurfmesser","NEUT",3,"polysyllabic","False",FALSE,TRUE
"Wurfspiel","NEUT",1,"monosyllabic","False",TRUE,TRUE
"Wurfstern","MASC",2,"polysyllabic","False",TRUE,TRUE
"Würgegriff","MASC",3,"polysyllabic","False",TRUE,TRUE
"Würgen","NEUT",2,"polysyllabic","False",FALSE,TRUE
"Würger","MASC",2,"polysyllabic","False",FALSE,TRUE
"Würmchen","NEUT",2,"polysyllabic","False",FALSE,TRUE
"Wurmen","NEUT",2,"polysyllabic","False",FALSE,TRUE
"Wurmfarn","MASC",2,"polysyllabic","False",TRUE,TRUE
"Würmlein","NEUT",1,"monosyllabic","False",FALSE,TRUE
"Wurmloch","NEUT",2,"polysyllabic","False",TRUE,TRUE
"Wurmzüngler","MASC",3,"polysyllabic","False",FALSE,TRUE
"Wurschteln","NEUT",2,"polysyllabic","False",FALSE,TRUE
"Würstchen","NEUT",2,"polysyllabic","False",FALSE,TRUE
"Wurstebrei","MASC",2,"polysyllabic","False",TRUE,TRUE
"Wursteln","NEUT",2,"polysyllabic","False",FALSE,TRUE
"Würstlein","NEUT",1,"monosyllabic","False",FALSE,TRUE
"Wurstmesser","NEUT",3,"polysyllabic","False",FALSE,TRUE
"Wurstwasser","NEUT",3,"polysyllabic","False",FALSE,TRUE
"Wurtzit","MASC",2,"polysyllabic","False",FALSE,TRUE
"Wurzelgewebe","NEUT",5,"polysyllabic","False",TRUE,FALSE
"Wurzeln","NEUT",2,"polysyllabic","False",FALSE,TRUE
"Wurzelwachstum","NEUT",4,"polysyllabic","False",FALSE,TRUE
"Wurzelwerk","NEUT",3,"polysyllabic","False",TRUE,TRUE
"Würzen","NEUT",2,"polysyllabic","False",FALSE,TRUE
"Wuscheln","NEUT",2,"polysyllabic","False",FALSE,TRUE
"Wuseln","NEUT",2,"polysyllabic","False",FALSE,TRUE
"Wüstenfuchs","MASC",3,"polysyllabic","True",TRUE,FALSE
"Wüstit","MASC",2,"polysyllabic","False",FALSE,TRUE
"Wüstling","MASC",2,"polysyllabic","False",FALSE,TRUE
"Wutanfall","MASC",3,"polysyllabic","False",FALSE,TRUE
"Wutbürger","MASC",3,"polysyllabic","False",FALSE,TRUE
"Wüten","NEUT",2,"polysyllabic","False",FALSE,TRUE
"Wüterich","MASC",3,"polysyllabic","False",FALSE,TRUE
"Wutschen","NEUT",2,"polysyllabic","False",FALSE,TRUE
"Xanthogenat","NEUT",4,"polysyllabic","False",FALSE,TRUE
"Xenolith","MASC",3,"polysyllabic","False",FALSE,TRUE
"Xenon","NEUT",2,"polysyllabic","False",FALSE,TRUE
"Xenonfluorid","NEUT",4,"polysyllabic","False",FALSE,TRUE
"Xenotim","MASC",3,"polysyllabic","False",FALSE,TRUE
"Xi","NEUT",1,"monosyllabic","False",FALSE,TRUE
"XNOR-Gatter","NEUT",3,"polysyllabic","False",FALSE,TRUE
"XOR-Gatter","NEUT",3,"polysyllabic","False",FALSE,TRUE
"XXO","NEUT",1,"monosyllabic","False",FALSE,TRUE
"Xylem","NEUT",2,"polysyllabic","False",FALSE,TRUE
"Xylofon","NEUT",3,"polysyllabic","False",FALSE,TRUE
"Xylophon","NEUT",3,"polysyllabic","False",FALSE,TRUE
"Ylid","NEUT",2,"polysyllabic","False",FALSE,TRUE
"YouTube","NEUT",3,"polysyllabic","False",TRUE,FALSE
"Ypsilon","NEUT",3,"polysyllabic","False",FALSE,TRUE
"Ysop","MASC",2,"polysyllabic","False",FALSE,TRUE
"Ytterbit","MASC",3,"polysyllabic","False",FALSE,TRUE
"Ytterbium","NEUT",3,"polysyllabic","False",FALSE,TRUE
"Yttrium","NEUT",2,"polysyllabic","False",FALSE,TRUE
"Yttrium-Eisengranat","MASC",5,"polysyllabic","False",FALSE,TRUE
"Yttriumerz","NEUT",3,"polysyllabic","True",TRUE,FALSE
"Zacken","MASC",2,"polysyllabic","False",FALSE,TRUE
"Zackern","NEUT",2,"polysyllabic","False",FALSE,TRUE
"Zaddik","MASC",2,"polysyllabic","False",FALSE,TRUE
"Zagel","MASC",2,"polysyllabic","False",TRUE,TRUE
"Zagen","NEUT",2,"polysyllabic","False",FALSE,TRUE
"Zahlen","NEUT",2,"polysyllabic","False",FALSE,TRUE
"Zählen","NEUT",2,"polysyllabic","False",FALSE,TRUE
"Zahlenkörper","MASC",4,"polysyllabic","False",FALSE,TRUE
"Zahlenspiel","NEUT",2,"polysyllabic","False",TRUE,TRUE
"Zahlensystem","NEUT",4,"polysyllabic","False",FALSE,TRUE
"Zahler","MASC",2,"polysyllabic","False",FALSE,TRUE
"Zähler","MASC",2,"polysyllabic","False",FALSE,TRUE
"Zahltag","MASC",2,"polysyllabic","False",TRUE,TRUE
"Zahlwort","NEUT",2,"polysyllabic","False",TRUE,TRUE
"Zahlzeichen","NEUT",2,"polysyllabic","False",FALSE,TRUE
"Zähmen","NEUT",2,"polysyllabic","False",FALSE,TRUE
"Zahn","MASC",1,"monosyllabic","False",TRUE,TRUE
"Zahnarzt","MASC",2,"polysyllabic","False",TRUE,TRUE
"Zähnchen","NEUT",2,"polysyllabic","False",FALSE,TRUE
"Zahndamm","MASC",2,"polysyllabic","False",TRUE,TRUE
"Zahndammlaut","MASC",2,"polysyllabic","False",TRUE,TRUE
"Zahnen","NEUT",2,"polysyllabic","False",FALSE,TRUE
"Zahnersatz","MASC",3,"polysyllabic","True",FALSE,TRUE
"Zahnfach","NEUT",2,"polysyllabic","False",TRUE,TRUE
"Zahnfleisch","NEUT",1,"monosyllabic","True",TRUE,TRUE
"Zahnimplantat","NEUT",4,"polysyllabic","False",TRUE,TRUE
"Zahnlaut","MASC",1,"monosyllabic","False",TRUE,TRUE
"Zähnlein","NEUT",1,"monosyllabic","False",FALSE,TRUE
"Zahnrad","NEUT",2,"polysyllabic","False",TRUE,TRUE
"Zahnschmelz","MASC",2,"polysyllabic","True",TRUE,FALSE
"Zahnschmerz","MASC",2,"polysyllabic","True",TRUE,FALSE
"Zahnstocher","MASC",3,"polysyllabic","False",FALSE,TRUE
"Zahnwal","MASC",2,"polysyllabic","False",TRUE,TRUE
"Zain","MASC",1,"monosyllabic","False",TRUE,TRUE
"Zander","MASC",2,"polysyllabic","False",FALSE,TRUE
"Zänggeln","NEUT",2,"polysyllabic","False",FALSE,TRUE
"Zank","MASC",1,"monosyllabic","False",TRUE,TRUE
"Zankapfel","MASC",3,"polysyllabic","False",FALSE,TRUE
"Zanken","NEUT",2,"polysyllabic","False",FALSE,TRUE
"Zäpfchen","NEUT",2,"polysyllabic","False",FALSE,TRUE
"Zapfen","MASC",2,"polysyllabic","False",FALSE,TRUE
"Zapfenstreich","MASC",2,"polysyllabic","False",TRUE,TRUE
"Zapfhahn","MASC",2,"polysyllabic","False",TRUE,TRUE
"Zappeln","NEUT",2,"polysyllabic","False",FALSE,TRUE
"Zappelphilipp","MASC",4,"polysyllabic","False",TRUE,TRUE
"Zappen","MASC",2,"polysyllabic","False",FALSE,TRUE
"Zarenreich","NEUT",2,"polysyllabic","False",TRUE,TRUE
"Zartgefühl","NEUT",3,"polysyllabic","False",FALSE,TRUE
"Zauber","MASC",1,"monosyllabic","False",FALSE,TRUE
"Zauberer","MASC",2,"polysyllabic","False",FALSE,TRUE
"Zauberkünstler","MASC",3,"polysyllabic","False",FALSE,TRUE
"Zauberkunststück","NEUT",3,"polysyllabic","False",TRUE,TRUE
"Zauberkunststückchen","NEUT",4,"polysyllabic","False",FALSE,TRUE
"Zaubern","NEUT",1,"monosyllabic","False",FALSE,TRUE
"Zauberpilz","MASC",2,"polysyllabic","True",TRUE,FALSE
"Zauberspruch","MASC",2,"polysyllabic","False",TRUE,TRUE
"Zauderer","MASC",2,"polysyllabic","False",FALSE,TRUE
"Zaudern","NEUT",1,"monosyllabic","False",FALSE,TRUE
"Zaum","MASC",0,"polysyllabic","False",TRUE,TRUE
"Zäumen","NEUT",1,"monosyllabic","False",FALSE,TRUE
"Zaun","MASC",0,"polysyllabic","False",TRUE,TRUE
"Zaungast","MASC",1,"monosyllabic","False",TRUE,TRUE
"Zaunkönig","MASC",2,"polysyllabic","False",TRUE,TRUE
"Zausen","NEUT",1,"monosyllabic","False",FALSE,TRUE
"Zebra","NEUT",2,"polysyllabic","False",FALSE,TRUE
"Zebraameisenwürger","MASC",5,"polysyllabic","False",FALSE,TRUE
"Zebrahai","MASC",3,"polysyllabic","False",TRUE,TRUE
"Zebrastreifen","MASC",3,"polysyllabic","False",FALSE,TRUE
"Zechen","NEUT",2,"polysyllabic","False",FALSE,TRUE
"Zecher","MASC",2,"polysyllabic","False",FALSE,TRUE
"Zecken","NEUT",2,"polysyllabic","False",FALSE,TRUE
"Zeckenbiss","MASC",3,"polysyllabic","True",TRUE,FALSE
"Zedernholz","NEUT",3,"polysyllabic","True",TRUE,FALSE
"Zeh","MASC",1,"monosyllabic","False",TRUE,TRUE
"Zehennagel","MASC",4,"polysyllabic","False",FALSE,TRUE
"Zehneck","NEUT",2,"polysyllabic","False",FALSE,TRUE
"Zehnflächner","MASC",3,"polysyllabic","False",FALSE,TRUE
"Zehnkampf","MASC",2,"polysyllabic","False",TRUE,TRUE
"Zehren","NEUT",2,"polysyllabic","False",FALSE,TRUE
"Zeichen","NEUT",1,"monosyllabic","False",FALSE,TRUE
"Zeichensatz","MASC",2,"polysyllabic","True",TRUE,FALSE
"Zeichensetzen","NEUT",3,"polysyllabic","False",FALSE,TRUE
"Zeichentrickfilm","MASC",3,"polysyllabic","False",TRUE,TRUE
"Zeichnen","NEUT",1,"monosyllabic","False",FALSE,TRUE
"Zeichner","MASC",1,"monosyllabic","False",FALSE,TRUE
"Zeidelbast","MASC",2,"polysyllabic","False",TRUE,TRUE
"Zeidler","MASC",1,"monosyllabic","False",FALSE,TRUE
"Zeigefinger","MASC",3,"polysyllabic","False",FALSE,TRUE
"Zeigen","NEUT",1,"monosyllabic","False",FALSE,TRUE
"Zeiger","MASC",1,"monosyllabic","False",FALSE,TRUE
"Zeiland","MASC",1,"monosyllabic","False",TRUE,TRUE
"Zeilchen","NEUT",1,"monosyllabic","False",FALSE,TRUE
"Zeilenabstand","MASC",3,"polysyllabic","False",TRUE,TRUE
"Zeilensprung","MASC",2,"polysyllabic","False",TRUE,TRUE
"Zeilenumbruch","NEUT",3,"polysyllabic","False",TRUE,TRUE
"Zeilenvorschub","MASC",3,"polysyllabic","False",TRUE,TRUE
"Zeitabschnitt","MASC",2,"polysyllabic","False",TRUE,TRUE
"Zeitalter","NEUT",2,"polysyllabic","False",FALSE,TRUE
"Zeitausgleich","MASC",0,"polysyllabic","False",TRUE,TRUE
"Zeitfenster","NEUT",2,"polysyllabic","False",FALSE,TRUE
"Zeitgeist","MASC",0,"polysyllabic","False",TRUE,TRUE
"Zeithorizont","MASC",3,"polysyllabic","False",TRUE,TRUE
"Zeitigen","NEUT",2,"polysyllabic","False",FALSE,TRUE
"Zeitnormal","NEUT",2,"polysyllabic","False",FALSE,TRUE
"Zeitplan","MASC",1,"monosyllabic","False",TRUE,FALSE
"Zeitpunkt","MASC",1,"monosyllabic","False",TRUE,TRUE
"Zeitrahmen","MASC",2,"polysyllabic","False",FALSE,TRUE
"Zeitraum","MASC",0,"polysyllabic","False",TRUE,TRUE
"Zeitschlitz","MASC",1,"monosyllabic","True",TRUE,FALSE
"Zeitstempel","MASC",2,"polysyllabic","False",FALSE,TRUE
"Zeitstempelchen","NEUT",3,"polysyllabic","False",FALSE,TRUE
"Zeitungsredakteur","MASC",3,"polysyllabic","False",FALSE,TRUE
"Zeitungsredaktor","MASC",4,"polysyllabic","False",FALSE,TRUE
"Zeitungsverlag","MASC",3,"polysyllabic","False",TRUE,TRUE
"Zeitvertreib","MASC",1,"monosyllabic","False",TRUE,TRUE
"Zeitwort","NEUT",1,"monosyllabic","False",TRUE,TRUE
"Zelebrieren","NEUT",3,"polysyllabic","False",FALSE,TRUE
"Zellgift","NEUT",2,"polysyllabic","False",TRUE,TRUE
"Zellkern","MASC",2,"polysyllabic","False",TRUE,TRUE
"Zellstoff","MASC",2,"polysyllabic","False",TRUE,TRUE
"Zelt","NEUT",1,"monosyllabic","False",TRUE,TRUE
"Zelten","NEUT",2,"polysyllabic","False",FALSE,TRUE
"Zelter","MASC",2,"polysyllabic","False",FALSE,TRUE
"Zelthering","MASC",3,"polysyllabic","False",FALSE,TRUE
"Zeltlager","NEUT",3,"polysyllabic","False",FALSE,TRUE
"Zeltplatz","MASC",2,"polysyllabic","True",TRUE,FALSE
"Zement","MASC",2,"polysyllabic","False",TRUE,TRUE
"Zementieren","NEUT",3,"polysyllabic","False",FALSE,TRUE
"Zendisch","NEUT",2,"polysyllabic","True",FALSE,TRUE
"Zenit","MASC",2,"polysyllabic","False",TRUE,TRUE
"Zensieren","NEUT",2,"polysyllabic","False",FALSE,TRUE
"Zensurieren","NEUT",3,"polysyllabic","False",FALSE,TRUE
"Zentralnervensystem","NEUT",6,"polysyllabic","False",FALSE,TRUE
"Zentralvokal","MASC",4,"polysyllabic","False",FALSE,TRUE
"Zentrieren","NEUT",2,"polysyllabic","False",FALSE,TRUE
"Zentrierschlüssel","MASC",3,"polysyllabic","False",FALSE,TRUE
"Zentrifugieren","NEUT",4,"polysyllabic","False",FALSE,TRUE
"Zentriwinkel","MASC",4,"polysyllabic","False",FALSE,TRUE
"Zentrum","NEUT",2,"polysyllabic","False",FALSE,TRUE
"Zeppelin","MASC",3,"polysyllabic","False",FALSE,TRUE
"Zerbeißen","NEUT",2,"polysyllabic","False",FALSE,TRUE
"Zerbersten","NEUT",3,"polysyllabic","False",FALSE,TRUE
"Zerbrechen","NEUT",3,"polysyllabic","False",FALSE,TRUE
"Zerbröseln","NEUT",3,"polysyllabic","False",FALSE,TRUE
"Zerdeppern","NEUT",3,"polysyllabic","False",FALSE,TRUE
"Zerfall","MASC",2,"polysyllabic","False",TRUE,TRUE
"Zerfallen","NEUT",3,"polysyllabic","False",FALSE,TRUE
"Zerfallsprodukt","NEUT",4,"polysyllabic","False",FALSE,TRUE
"Zerfasern","NEUT",3,"polysyllabic","False",FALSE,TRUE
"Zerfetzen","NEUT",3,"polysyllabic","False",FALSE,TRUE
"Zerfleddern","NEUT",3,"polysyllabic","False",FALSE,TRUE
"Zerfleischen","NEUT",2,"polysyllabic","False",FALSE,TRUE
"Zerfließen","NEUT",2,"polysyllabic","False",FALSE,TRUE
"Zerfressen","NEUT",3,"polysyllabic","False",FALSE,TRUE
"Zergehen","NEUT",3,"polysyllabic","False",FALSE,TRUE
"Zergliedern","NEUT",2,"polysyllabic","False",FALSE,TRUE
"Zerhauen","NEUT",2,"polysyllabic","False",FALSE,TRUE
"Zerkauen","NEUT",2,"polysyllabic","False",FALSE,TRUE
"Zerkleinern","NEUT",2,"polysyllabic","False",FALSE,TRUE
"Zerknirschen","NEUT",3,"polysyllabic","False",FALSE,TRUE
"Zerknittern","NEUT",3,"polysyllabic","False",FALSE,TRUE
"Zerknüllen","NEUT",3,"polysyllabic","False",FALSE,TRUE
"Zerkratzen","NEUT",3,"polysyllabic","False",FALSE,TRUE
"Zerlaufen","NEUT",2,"polysyllabic","False",FALSE,TRUE
"Zerlegen","NEUT",3,"polysyllabic","False",FALSE,TRUE
"Zerlesen","NEUT",3,"polysyllabic","False",FALSE,TRUE
"Zermahlen","NEUT",3,"polysyllabic","False",FALSE,TRUE
"Zermalmen","NEUT",3,"polysyllabic","False",FALSE,TRUE
"Zermartern","NEUT",3,"polysyllabic","False",FALSE,TRUE
"Zermatschen","NEUT",3,"polysyllabic","False",FALSE,TRUE
"Zermürben","NEUT",3,"polysyllabic","False",FALSE,TRUE
"Zermürbungskrieg","MASC",3,"polysyllabic","False",TRUE,TRUE
"Zernagen","NEUT",3,"polysyllabic","False",FALSE,TRUE
"Zerplatzen","NEUT",3,"polysyllabic","False",FALSE,TRUE
"Zerquetschen","NEUT",3,"polysyllabic","False",FALSE,TRUE
"Zerrbild","NEUT",2,"polysyllabic","False",TRUE,TRUE
"Zerreden","NEUT",3,"polysyllabic","False",FALSE,TRUE
"Zerreißen","NEUT",2,"polysyllabic","False",FALSE,TRUE
"Zerren","NEUT",2,"polysyllabic","False",FALSE,TRUE
"Zerrinnen","NEUT",3,"polysyllabic","False",FALSE,TRUE
"Zerritzen","NEUT",3,"polysyllabic","False",FALSE,TRUE
"Zerrütten","NEUT",3,"polysyllabic","False",FALSE,TRUE
"Zersägen","NEUT",3,"polysyllabic","False",FALSE,TRUE
"Zerschellen","NEUT",3,"polysyllabic","False",FALSE,TRUE
"Zerschlagen","NEUT",3,"polysyllabic","False",FALSE,TRUE
"Zerschmeißen","NEUT",2,"polysyllabic","False",FALSE,TRUE
"Zerschmelzen","NEUT",3,"polysyllabic","False",FALSE,TRUE
"Zerschmettern","NEUT",3,"polysyllabic","False",FALSE,TRUE
"Zerschneiden","NEUT",2,"polysyllabic","False",FALSE,TRUE
"Zersetzen","NEUT",3,"polysyllabic","False",FALSE,TRUE
"Zersingen","NEUT",3,"polysyllabic","False",FALSE,TRUE
"Zersplittern","NEUT",3,"polysyllabic","False",FALSE,TRUE
"Zersprengen","NEUT",3,"polysyllabic","False",FALSE,TRUE
"Zerstäuben","NEUT",2,"polysyllabic","False",FALSE,TRUE
"Zerstieben","NEUT",2,"polysyllabic","False",FALSE,TRUE
"Zerstören","NEUT",3,"polysyllabic","False",FALSE,TRUE
"Zerstörer","MASC",3,"polysyllabic","False",FALSE,TRUE
"Zerstoßen","NEUT",3,"polysyllabic","False",FALSE,TRUE
"Zerstreuen","NEUT",2,"polysyllabic","False",FALSE,TRUE
"Zerteilen","NEUT",2,"polysyllabic","False",FALSE,TRUE
"Zertifikat","NEUT",4,"polysyllabic","False",TRUE,TRUE
"Zertifizieren","NEUT",4,"polysyllabic","False",FALSE,TRUE
"Zertrampeln","NEUT",3,"polysyllabic","False",FALSE,TRUE
"Zertreiben","NEUT",2,"polysyllabic","False",FALSE,TRUE
"Zertrennen","NEUT",3,"polysyllabic","False",FALSE,TRUE
"Zertreten","NEUT",3,"polysyllabic","False",FALSE,TRUE
"Zerwerfen","NEUT",3,"polysyllabic","False",FALSE,TRUE
"Zerzausen","NEUT",2,"polysyllabic","False",FALSE,TRUE
"Zeta","NEUT",2,"polysyllabic","False",FALSE,TRUE
"Zetergeschrei","NEUT",3,"polysyllabic","False",FALSE,TRUE
"Zetern","NEUT",2,"polysyllabic","False",FALSE,TRUE
"Zett","NEUT",1,"monosyllabic","False",FALSE,TRUE
"Zettel","MASC",2,"polysyllabic","False",FALSE,TRUE
"Zetteln","NEUT",2,"polysyllabic","False",FALSE,TRUE
"Zeug","NEUT",0,"polysyllabic","False",TRUE,TRUE
"Zeugen","NEUT",1,"monosyllabic","False",FALSE,TRUE
"Zeugenschutz","MASC",2,"polysyllabic","True",TRUE,FALSE
"Zeugenschutzprogramm","NEUT",4,"polysyllabic","False",TRUE,TRUE
"Zeughaus","NEUT",0,"polysyllabic","True",TRUE,FALSE
"Zeughäuschen","NEUT",1,"monosyllabic","False",FALSE,TRUE
"Ziborium","NEUT",3,"polysyllabic","False",FALSE,TRUE
"Zicklein","NEUT",1,"monosyllabic","False",FALSE,TRUE
"Ziegelstein","MASC",1,"monosyllabic","False",TRUE,TRUE
"Ziegenbart","MASC",2,"polysyllabic","False",TRUE,TRUE
"Ziegenbock","MASC",2,"polysyllabic","False",TRUE,TRUE
"Ziegenficker","MASC",3,"polysyllabic","False",FALSE,TRUE
"Ziegenmelker","MASC",3,"polysyllabic","False",FALSE,TRUE
"Ziehen","NEUT",1,"monosyllabic","False",FALSE,TRUE
"Ziehsohn","MASC",1,"monosyllabic","False",TRUE,TRUE
"Ziehvater","MASC",2,"polysyllabic","False",FALSE,TRUE
"Ziel","NEUT",0,"polysyllabic","False",TRUE,TRUE
"Zielen","NEUT",1,"monosyllabic","False",FALSE,TRUE
"Ziemen","NEUT",1,"monosyllabic","False",FALSE,TRUE
"Zieren","NEUT",1,"monosyllabic","False",FALSE,TRUE
"Zierfisch","MASC",1,"monosyllabic","True",TRUE,TRUE
"Ziergegenstand","MASC",3,"polysyllabic","False",FALSE,TRUE
"Zifferblatt","NEUT",3,"polysyllabic","False",TRUE,TRUE
"Ziffernblatt","NEUT",3,"polysyllabic","False",TRUE,TRUE
"Zigarettenstummel","MASC",6,"polysyllabic","False",FALSE,TRUE
"Zilpzalp","MASC",2,"polysyllabic","False",FALSE,TRUE
"Zimbal","NEUT",2,"polysyllabic","False",FALSE,TRUE
"Zimmer","NEUT",2,"polysyllabic","False",FALSE,TRUE
"Zimmermädchen","NEUT",4,"polysyllabic","False",FALSE,TRUE
"Zimmermeister","MASC",3,"polysyllabic","False",FALSE,TRUE
"Zimmern","NEUT",2,"polysyllabic","False",FALSE,TRUE
"Zimmerschlüssel","MASC",4,"polysyllabic","False",FALSE,TRUE
"Zimt","MASC",1,"monosyllabic","False",TRUE,TRUE
"Zimtstern","MASC",2,"polysyllabic","False",TRUE,TRUE
"Zimtzucker","MASC",3,"polysyllabic","False",FALSE,TRUE
"Zingel","MASC",2,"polysyllabic","False",FALSE,TRUE
"Zink","MASC",1,"monosyllabic","False",TRUE,TRUE
"Zinkat","NEUT",2,"polysyllabic","False",FALSE,TRUE
"Zinken","NEUT",2,"polysyllabic","False",FALSE,TRUE
"Zinkerz","NEUT",2,"polysyllabic","True",TRUE,FALSE
"Zinkfingerprotein","NEUT",4,"polysyllabic","False",FALSE,TRUE
"Zinkion","NEUT",2,"polysyllabic","False",FALSE,TRUE
"Zinkselenid","NEUT",4,"polysyllabic","False",FALSE,TRUE
"Zinkspat","NEUT",2,"polysyllabic","False",FALSE,TRUE
"Zinn","MASC",1,"monosyllabic","False",TRUE,TRUE
"Zinnabbau","MASC",2,"polysyllabic","False",FALSE,TRUE
"Zinnblech","NEUT",2,"polysyllabic","False",FALSE,TRUE
"Zinnerz","NEUT",2,"polysyllabic","True",TRUE,FALSE
"Zinngießer","MASC",2,"polysyllabic","False",FALSE,TRUE
"Zinnkraut","NEUT",1,"monosyllabic","False",FALSE,TRUE
"Zinnmineral","NEUT",4,"polysyllabic","False",FALSE,TRUE
"Zinnsalz","NEUT",2,"polysyllabic","True",TRUE,FALSE
"Zinnstein","MASC",1,"monosyllabic","False",TRUE,TRUE
"Zinnwaldit","MASC",3,"polysyllabic","False",TRUE,TRUE
"Zins","MASC",1,"monosyllabic","True",TRUE,FALSE
"Zinsfuß","MASC",2,"polysyllabic","True",TRUE,FALSE
"Zinsswap","MASC",2,"polysyllabic","False",FALSE,TRUE
"Zipf","MASC",1,"monosyllabic","False",TRUE,TRUE
"Zipfel","MASC",2,"polysyllabic","False",FALSE,TRUE
"Zippen","NEUT",2,"polysyllabic","False",FALSE,TRUE
"Zirconium","NEUT",3,"polysyllabic","False",FALSE,TRUE
"Zirconiumkomplex","MASC",5,"polysyllabic","True",TRUE,FALSE
"Zirconiummineral","NEUT",6,"polysyllabic","False",FALSE,TRUE
"Zirkel","MASC",2,"polysyllabic","False",FALSE,TRUE
"Zirkelbeweis","MASC",3,"polysyllabic","True",TRUE,FALSE
"Zirkelschluss","MASC",3,"polysyllabic","True",TRUE,FALSE
"Zirkon","MASC",2,"polysyllabic","False",FALSE,TRUE
"Zirkonat","NEUT",3,"polysyllabic","False",FALSE,TRUE
"Zirkonia","MASC",3,"polysyllabic","False",FALSE,TRUE
"Zirkonium","NEUT",3,"polysyllabic","False",FALSE,TRUE
"Zirkoniumsalz","NEUT",4,"polysyllabic","True",TRUE,FALSE
"Zirkonkristall","MASC",4,"polysyllabic","False",FALSE,TRUE
"Zirkulieren","NEUT",3,"polysyllabic","False",FALSE,TRUE
"Zirkumfix","NEUT",3,"polysyllabic","True",TRUE,FALSE
"Zirkumflex","MASC",3,"polysyllabic","True",TRUE,FALSE
"Zirmet","MASC",2,"polysyllabic","False",FALSE,TRUE
"Zirpen","NEUT",2,"polysyllabic","False",FALSE,TRUE
"Zischen","NEUT",2,"polysyllabic","False",FALSE,TRUE
"Zischlaut","MASC",1,"monosyllabic","False",TRUE,TRUE
"Zitat","NEUT",2,"polysyllabic","False",TRUE,TRUE
"Zitatwort","NEUT",3,"polysyllabic","False",TRUE,TRUE
"Zitherspiel","NEUT",2,"polysyllabic","False",TRUE,TRUE
"Zitherspieler","MASC",3,"polysyllabic","False",FALSE,TRUE
"Zitieren","NEUT",2,"polysyllabic","False",FALSE,TRUE
"Zitronat","NEUT",3,"polysyllabic","False",TRUE,TRUE
"Zitronenhai","MASC",4,"polysyllabic","False",TRUE,TRUE
"Zitronensaft","MASC",4,"polysyllabic","False",TRUE,TRUE
"Zitronenstrauch","MASC",3,"polysyllabic","False",TRUE,TRUE
"Zitteraal","MASC",3,"polysyllabic","False",TRUE,TRUE
"Zitterer","MASC",3,"polysyllabic","False",FALSE,TRUE
"Zitterlaut","MASC",2,"polysyllabic","False",TRUE,TRUE
"Zittern","NEUT",2,"polysyllabic","False",FALSE,TRUE
"Zivilisieren","NEUT",4,"polysyllabic","False",FALSE,TRUE
"Zobel","MASC",2,"polysyllabic","False",FALSE,TRUE
"Zoch","MASC",1,"monosyllabic","False",FALSE,TRUE
"Zocken","NEUT",2,"polysyllabic","False",FALSE,TRUE
"Zocker","MASC",2,"polysyllabic","False",FALSE,TRUE
"Zodiakallicht","NEUT",4,"polysyllabic","False",TRUE,TRUE
"Zoffen","NEUT",2,"polysyllabic","False",FALSE,TRUE
"Zögerer","MASC",3,"polysyllabic","False",FALSE,TRUE
"Zögern","NEUT",2,"polysyllabic","False",FALSE,TRUE
"Zögling","MASC",2,"polysyllabic","False",FALSE,TRUE
"Zölestin","MASC",3,"polysyllabic","False",FALSE,TRUE
"Zoll","NEUT",1,"monosyllabic","False",TRUE,TRUE
"Zollamt","NEUT",2,"polysyllabic","False",TRUE,TRUE
"Zollen","NEUT",2,"polysyllabic","False",FALSE,TRUE
"Zollhaus","NEUT",1,"monosyllabic","True",TRUE,FALSE
"Zollhäuschen","NEUT",2,"polysyllabic","False",FALSE,TRUE
"Zollkriminalamt","NEUT",5,"polysyllabic","False",TRUE,TRUE
"Zöllner","MASC",2,"polysyllabic","False",FALSE,TRUE
"Zonenschmelzverfahren","NEUT",6,"polysyllabic","False",FALSE,TRUE
"Zoo","MASC",1,"monosyllabic","False",FALSE,TRUE
"Zoomen","NEUT",2,"polysyllabic","False",FALSE,TRUE
"Zoomobjektiv","NEUT",4,"polysyllabic","False",FALSE,TRUE
"Zopf","MASC",1,"monosyllabic","False",TRUE,TRUE
"Zorn","MASC",1,"monosyllabic","False",TRUE,TRUE
"Zubeißen","NEUT",2,"polysyllabic","False",FALSE,TRUE
"Zuber","MASC",2,"polysyllabic","False",FALSE,TRUE
"Zubereiten","NEUT",3,"polysyllabic","False",FALSE,TRUE
"Zubleiben","NEUT",2,"polysyllabic","False",FALSE,TRUE
"Zubringen","NEUT",3,"polysyllabic","False",FALSE,TRUE
"Zubrot","NEUT",2,"polysyllabic","False",TRUE,TRUE
"Zubrötchen","NEUT",3,"polysyllabic","False",FALSE,TRUE
"Züchten","NEUT",2,"polysyllabic","False",FALSE,TRUE
"Zuchtfisch","MASC",2,"polysyllabic","True",TRUE,TRUE
"Zuchthaus","NEUT",1,"monosyllabic","True",TRUE,FALSE
"Züchtigen","NEUT",3,"polysyllabic","False",FALSE,TRUE
"Zuchtlachs","MASC",2,"polysyllabic","True",TRUE,FALSE
"Zucken","NEUT",2,"polysyllabic","False",FALSE,TRUE
"Zücken","NEUT",2,"polysyllabic","False",FALSE,TRUE
"Zucker","MASC",2,"polysyllabic","False",FALSE,TRUE
"Zuckerbäcker","MASC",4,"polysyllabic","False",FALSE,TRUE
"Zuckerbrot","NEUT",3,"polysyllabic","False",TRUE,TRUE
"Zuckerhut","MASC",3,"polysyllabic","False",TRUE,TRUE
"Zuckerlöffel","MASC",4,"polysyllabic","False",FALSE,TRUE
"Zuckerlöffelchen","NEUT",5,"polysyllabic","False",FALSE,TRUE
"Zuckern","NEUT",2,"polysyllabic","False",FALSE,TRUE
"Zuckerphosphat","NEUT",4,"polysyllabic","False",FALSE,TRUE
"Zuckerrohr","NEUT",3,"polysyllabic","False",TRUE,TRUE
"Zuckerschälchen","NEUT",4,"polysyllabic","False",FALSE,TRUE
"Zuckerwerk","NEUT",3,"polysyllabic","False",TRUE,TRUE
"Zudrehen","NEUT",3,"polysyllabic","False",FALSE,TRUE
"Zudröhnen","NEUT",3,"polysyllabic","False",FALSE,TRUE
"Zudrücken","NEUT",3,"polysyllabic","False",FALSE,TRUE
"Zufall","MASC",2,"polysyllabic","False",TRUE,TRUE
"Zufließen","NEUT",2,"polysyllabic","False",FALSE,TRUE
"Zufluss","MASC",2,"polysyllabic","True",TRUE,FALSE
"Zuflüstern","NEUT",3,"polysyllabic","False",FALSE,TRUE
"Zufriedengeben","NEUT",4,"polysyllabic","False",FALSE,TRUE
"Zufriedenstellen","NEUT",4,"polysyllabic","False",FALSE,TRUE
"Zufrieren","NEUT",2,"polysyllabic","False",FALSE,TRUE
"Zufügen","NEUT",3,"polysyllabic","False",FALSE,TRUE
"Zuführen","NEUT",3,"polysyllabic","False",FALSE,TRUE
"Zug","MASC",1,"monosyllabic","False",TRUE,TRUE
"Zugang","MASC",2,"polysyllabic","False",TRUE,TRUE
"Zugeben","NEUT",3,"polysyllabic","False",FALSE,TRUE
"Zugehen","NEUT",3,"polysyllabic","False",FALSE,TRUE
"Zugehörigkeitsgefühl","NEUT",6,"polysyllabic","False",TRUE,TRUE
"Zügel","MASC",2,"polysyllabic","False",FALSE,TRUE
"Zügelpinguin","MASC",4,"polysyllabic","False",FALSE,TRUE
"Zugestehen","NEUT",4,"polysyllabic","False",FALSE,TRUE
"Zugreifen","NEUT",2,"polysyllabic","False",FALSE,TRUE
"Zugriff","MASC",2,"polysyllabic","False",TRUE,TRUE
"Zugrunderichten","NEUT",5,"polysyllabic","False",FALSE,TRUE
"Zugversuch","MASC",3,"polysyllabic","False",TRUE,TRUE
"Zugvogel","MASC",3,"polysyllabic","False",FALSE,TRUE
"Zuhaben","NEUT",3,"polysyllabic","False",FALSE,TRUE
"Zuhälter","MASC",3,"polysyllabic","False",FALSE,TRUE
"Zuhause","NEUT",2,"polysyllabic","False",TRUE,FALSE
"Zuhören","NEUT",3,"polysyllabic","False",FALSE,TRUE
"Zuhörer","MASC",3,"polysyllabic","False",FALSE,TRUE
"Zujubeln","NEUT",3,"polysyllabic","False",FALSE,TRUE
"Zukehren","NEUT",3,"polysyllabic","False",FALSE,TRUE
"Zuklappen","NEUT",3,"polysyllabic","False",FALSE,TRUE
"Zukleben","NEUT",3,"polysyllabic","False",FALSE,TRUE
"Zuknallen","NEUT",3,"polysyllabic","False",FALSE,TRUE
"Zuknöpfen","NEUT",3,"polysyllabic","False",FALSE,TRUE
"Zukommen","NEUT",3,"polysyllabic","False",FALSE,TRUE
"Zukunftsforscher","MASC",4,"polysyllabic","False",FALSE,TRUE
"Zulangen","NEUT",3,"polysyllabic","False",FALSE,TRUE
"Zulassen","NEUT",3,"polysyllabic","False",FALSE,TRUE
"Zulaufen","NEUT",2,"polysyllabic","False",FALSE,TRUE
"Zulegen","NEUT",3,"polysyllabic","False",FALSE,TRUE
"Zuliefern","NEUT",2,"polysyllabic","False",FALSE,TRUE
"Zumachen","NEUT",3,"polysyllabic","False",FALSE,TRUE
"Zumüllen","NEUT",3,"polysyllabic","False",FALSE,TRUE
"Zumuten","NEUT",3,"polysyllabic","False",FALSE,TRUE
"Zunder","MASC",2,"polysyllabic","False",FALSE,TRUE
"Zündholz","NEUT",2,"polysyllabic","True",TRUE,FALSE
"Zündhölzchen","NEUT",3,"polysyllabic","False",FALSE,TRUE
"Zündhölzlein","NEUT",2,"polysyllabic","False",FALSE,TRUE
"Zündpunkt","MASC",2,"polysyllabic","False",TRUE,TRUE
"Zündschlüssel","MASC",3,"polysyllabic","False",FALSE,TRUE
"Zündstrick","MASC",2,"polysyllabic","False",TRUE,TRUE
"Zungenbein","NEUT",2,"polysyllabic","False",TRUE,TRUE
"Zungenbrecher","MASC",4,"polysyllabic","False",FALSE,TRUE
"Zungenkuss","MASC",3,"polysyllabic","True",TRUE,FALSE
"Zungenlaut","MASC",2,"polysyllabic","False",TRUE,TRUE
"Zungenreden","NEUT",4,"polysyllabic","False",FALSE,TRUE
"Zuordnen","NEUT",2,"polysyllabic","False",FALSE,TRUE
"Zupfinstrument","NEUT",4,"polysyllabic","False",TRUE,TRUE
"Zupfinstrumentenbauer","MASC",6,"polysyllabic","False",FALSE,TRUE
"Zupfinstrumentenhersteller","MASC",8,"polysyllabic","False",FALSE,TRUE
"Zur-Schau-Stellen","NEUT",3,"polysyllabic","False",FALSE,TRUE
"Zürbelbaum","MASC",2,"polysyllabic","False",TRUE,TRUE
"Zürcher","MASC",2,"polysyllabic","False",FALSE,TRUE
"Zürgelbaum","MASC",2,"polysyllabic","False",TRUE,TRUE
"Zurschaustellen","NEUT",3,"polysyllabic","False",FALSE,TRUE
"Zurückbleiben","NEUT",3,"polysyllabic","False",FALSE,TRUE
"Zurückkommen","NEUT",4,"polysyllabic","False",FALSE,TRUE
"Zurückschlagen","NEUT",4,"polysyllabic","False",FALSE,TRUE
"Zurückschreiben","NEUT",3,"polysyllabic","False",FALSE,TRUE
"Zusagen","NEUT",3,"polysyllabic","False",FALSE,TRUE
"Zusammenbruch","MASC",4,"polysyllabic","False",TRUE,TRUE
"Zusammenfall","MASC",4,"polysyllabic","False",TRUE,TRUE
"Zusammenfluss","MASC",4,"polysyllabic","True",TRUE,FALSE
"Zusammenführen","NEUT",5,"polysyllabic","False",FALSE,TRUE
"Zusammengehörigkeitsgefühl","NEUT",8,"polysyllabic","False",FALSE,TRUE
"Zusammenhalt","MASC",4,"polysyllabic","False",TRUE,TRUE
"Zusammenhang","MASC",4,"polysyllabic","False",FALSE,TRUE
"Zusammenkommen","NEUT",5,"polysyllabic","False",FALSE,TRUE
"Zusammenleben","NEUT",5,"polysyllabic","False",FALSE,TRUE
"Zusammennehmen","NEUT",5,"polysyllabic","False",FALSE,TRUE
"Zusammenrechnen","NEUT",5,"polysyllabic","False",FALSE,TRUE
"Zusammenschluss","MASC",4,"polysyllabic","True",TRUE,FALSE
"Zusammenstoß","MASC",4,"polysyllabic","True",TRUE,FALSE
"Zusammenstreben","NEUT",5,"polysyllabic","False",FALSE,TRUE
"Zusammenzählen","NEUT",5,"polysyllabic","False",FALSE,TRUE
"Zusammenziehungszeichen","NEUT",5,"polysyllabic","False",FALSE,TRUE
"Zusatz","MASC",2,"polysyllabic","True",TRUE,FALSE
"Zusatzartikel","MASC",5,"polysyllabic","False",FALSE,TRUE
"Zuschauen","NEUT",2,"polysyllabic","False",FALSE,TRUE
"Zuschauer","MASC",2,"polysyllabic","False",FALSE,TRUE
"Zuschlag","MASC",2,"polysyllabic","False",TRUE,FALSE
"Zuschlagen","NEUT",3,"polysyllabic","False",FALSE,TRUE
"Zuschlagstoff","MASC",3,"polysyllabic","False",TRUE,TRUE
"Zuschnitt","MASC",2,"polysyllabic","False",TRUE,TRUE
"Zuschreiben","NEUT",2,"polysyllabic","False",FALSE,TRUE
"Zuschuss","MASC",2,"polysyllabic","True",TRUE,FALSE
"Zusenden","NEUT",3,"polysyllabic","False",FALSE,TRUE
"Zuspiel","NEUT",1,"monosyllabic","False",TRUE,TRUE
"Zuspruch","MASC",2,"polysyllabic","False",TRUE,TRUE
"Zustand","MASC",2,"polysyllabic","False",TRUE,TRUE
"Zuständigkeitsbereich","MASC",4,"polysyllabic","False",TRUE,TRUE
"Zustreben","NEUT",3,"polysyllabic","False",FALSE,TRUE
"Zutritt","MASC",2,"polysyllabic","False",TRUE,TRUE
"Zutun","NEUT",2,"polysyllabic","False",FALSE,TRUE
"Zuwandern","NEUT",3,"polysyllabic","False",FALSE,TRUE
"Zuzug","MASC",2,"polysyllabic","False",TRUE,TRUE
"Zwang","MASC",1,"monosyllabic","False",TRUE,TRUE
"Zwangsarbeiter","MASC",3,"polysyllabic","False",FALSE,TRUE
"Zwangsurlaub","MASC",2,"polysyllabic","False",TRUE,TRUE
"Zwanzigeck","NEUT",3,"polysyllabic","False",FALSE,TRUE
"Zwanziger","MASC",3,"polysyllabic","False",FALSE,TRUE
"Zwanzigflächner","MASC",4,"polysyllabic","False",FALSE,TRUE
"Zweck","MASC",1,"monosyllabic","False",TRUE,TRUE
"Zweier","MASC",1,"monosyllabic","False",FALSE,TRUE
"Zweifamilienhaus","NEUT",2,"polysyllabic","True",TRUE,FALSE
"Zweifamilienwohnhaus","NEUT",3,"polysyllabic","True",TRUE,FALSE
"Zweifel","MASC",1,"monosyllabic","False",FALSE,TRUE
"Zweig","MASC",0,"polysyllabic","False",TRUE,TRUE
"Zweigeschlecht","NEUT",2,"polysyllabic","False",TRUE,TRUE
"Zweihänder","MASC",2,"polysyllabic","False",FALSE,TRUE
"Zweikampf","MASC",1,"monosyllabic","False",TRUE,TRUE
"Zweiklang","MASC",1,"monosyllabic","False",TRUE,TRUE
"Zweisitzer","MASC",2,"polysyllabic","False",FALSE,TRUE
"Zweitaktmotor","MASC",3,"polysyllabic","False",FALSE,TRUE
"Zweitor","NEUT",1,"monosyllabic","False",TRUE,TRUE
"Zweitspracherwerb","MASC",3,"polysyllabic","False",FALSE,TRUE
"Zweiunddreißigeck","NEUT",3,"polysyllabic","False",FALSE,TRUE
"Zwerchhaus","NEUT",1,"monosyllabic","True",TRUE,FALSE
"Zwerg","MASC",1,"monosyllabic","False",TRUE,TRUE
"Zwergchen","NEUT",2,"polysyllabic","False",FALSE,TRUE
"Zwergkolibri","MASC",4,"polysyllabic","False",FALSE,TRUE
"Zwerglein","NEUT",1,"monosyllabic","False",FALSE,TRUE
"Zwergpinguin","MASC",3,"polysyllabic","False",FALSE,TRUE
"Zwergpinscher","MASC",3,"polysyllabic","False",FALSE,TRUE
"Zwergpudel","MASC",3,"polysyllabic","False",FALSE,TRUE
"Zwergschnäpper","MASC",3,"polysyllabic","False",FALSE,TRUE
"Zwergschwan","MASC",2,"polysyllabic","False",TRUE,TRUE
"Zwergspitz","MASC",2,"polysyllabic","True",TRUE,FALSE
"Zwergstrandläufer","MASC",3,"polysyllabic","False",FALSE,TRUE
"Zwetschgendatschi","MASC",4,"polysyllabic","False",FALSE,TRUE
"Zwick","MASC",1,"monosyllabic","False",TRUE,TRUE
"Zwicker","MASC",2,"polysyllabic","False",FALSE,TRUE
"Zwiebelfisch","MASC",2,"polysyllabic","True",TRUE,TRUE
"Zwiebelkuchen","MASC",3,"polysyllabic","False",FALSE,TRUE
"Zwiebelring","MASC",2,"polysyllabic","False",TRUE,TRUE
"Zwiebelturm","MASC",2,"polysyllabic","False",TRUE,TRUE
"Zwielaut","MASC",0,"polysyllabic","False",TRUE,TRUE
"Zwielicht","NEUT",1,"monosyllabic","False",TRUE,TRUE
"Zwiespalt","MASC",1,"monosyllabic","False",TRUE,TRUE
"Zwilling","MASC",2,"polysyllabic","False",TRUE,TRUE
"Zwillingsbruder","MASC",4,"polysyllabic","False",FALSE,TRUE
"Zwinger","MASC",2,"polysyllabic","False",FALSE,TRUE
"Zwinkern","NEUT",2,"polysyllabic","False",FALSE,TRUE
"Zwirn","MASC",1,"monosyllabic","False",TRUE,TRUE
"Zwischenfall","MASC",3,"polysyllabic","False",TRUE,TRUE
"Zwischenhoch","NEUT",3,"polysyllabic","False",FALSE,TRUE
"Zwischenlager","NEUT",4,"polysyllabic","False",FALSE,TRUE
"Zwischenprodukt","NEUT",4,"polysyllabic","False",TRUE,TRUE
"Zwischenraum","MASC",2,"polysyllabic","False",TRUE,TRUE
"Zwischenton","MASC",3,"polysyllabic","False",TRUE,TRUE
"Zwist","MASC",1,"monosyllabic","False",TRUE,TRUE
"Zwitter","MASC",2,"polysyllabic","False",FALSE,TRUE
"Zwölfeck","NEUT",2,"polysyllabic","False",FALSE,TRUE
"Zwölfer","MASC",2,"polysyllabic","False",FALSE,TRUE
"Zwölfflächner","MASC",3,"polysyllabic","False",FALSE,TRUE
"Zyanid","NEUT",2,"polysyllabic","False",FALSE,TRUE
"Zyklon","MASC",2,"polysyllabic","False",FALSE,TRUE
"Zylinder","MASC",3,"polysyllabic","False",FALSE,TRUE
"Zyprer","MASC",2,"polysyllabic","False",FALSE,TRUE
"Zytochrom","NEUT",3,"polysyllabic","False",FALSE,TRUE
"Zytotoxin","NEUT",4,"polysyllabic","False",FALSE,TRUE
