"lemma","gender","singular_form","plural_form","plural_suffix","syllable_count"
"175er","MASC","175er","175er","ø",1
"a","NEUT","a","a","ø",1
"A","NEUT","A","A","ø",1
"ä","NEUT","ä","ä","ø",1
"Ä","NEUT","Ä","Ä","ø",1
"Aachener","MASC","Aachener","Aachener","ø",3
"Aak","NEUT","Aak","Aake","e",1
"Aal","MASC","Aal","Aale","e",1
"Aalfett","NEUT","Aalfett","Aalfette","e",2
"Aalfischer","MASC","Aalfischer","Aalfischer","ø",3
"Aalmolch","MASC","Aalmolch","Aalmolche","e",2
"Aalräucherei","FEM","Aalräucherei","Aalräuchereien","en",2
"Aalspeer","MASC","Aalspeer","Aalspeere","e",2
"Aalstechen","NEUT","Aalstechen","Aalstechen","ø",3
"Aalstrich","MASC","Aalstrich","Aalstriche","e",2
"Aaltierchen","NEUT","Aaltierchen","Aaltierchen","ø",2
"Aar","MASC","Aar","Aare","e",1
"Aas","NEUT","Aas","Aase","e",1
"Aaser","MASC","Aaser","Aaser","ø",2
"Aasfresser","MASC","Aasfresser","Aasfresser","ø",3
"Aasgeier","MASC","Aasgeier","Aasgeier","ø",2
"Aasinsekt","NEUT","Aasinsekt","Aasinsekten","en",3
"Aasjäger","MASC","Aasjäger","Aasjäger","ø",3
"Aaskäfer","MASC","Aaskäfer","Aaskäfer","ø",3
"Aaß","NEUT","Aaß","Aaße","e",1
"Aba","FEM","Aba","Abas","s",2
"Abänderer","MASC","Abänderer","Abänderer","ø",4
"Abart","FEM","Abart","Abarten","en",2
"Abartigkeit","FEM","Abartigkeit","Abartigkeiten","en",3
"Abbau","MASC","Abbau","Abbaue","e",1
"Abbauerscheinung","FEM","Abbauerscheinung","Abbauerscheinungen","en",3
"Abbauort","MASC","Abbauort","Abbauorte","e",2
"Abbauprodukt","NEUT","Abbauprodukt","Abbauprodukte","e",3
"Abbauprozess","MASC","Abbauprozess","Abbauprozesse","e",3
"Abbé","MASC","Abbé","Abbés","s",1
"Abbeizmittel","NEUT","Abbeizmittel","Abbeizmittel","ø",3
"Abbild","NEUT","Abbild","Abbilder","er",2
"Abbildungsfehler","MASC","Abbildungsfehler","Abbildungsfehler","ø",5
"Abbindebeschleuniger","MASC","Abbindebeschleuniger","Abbindebeschleuniger","ø",6
"Abblaseventil","NEUT","Abblaseventil","Abblaseventile","e",5
"Abblendlicht","NEUT","Abblendlicht","Abblendlichter","er",3
"Abbrecher","MASC","Abbrecher","Abbrecher","ø",3
"Abbrucharbeiter","MASC","Abbrucharbeiter","Abbrucharbeiter","ø",4
"Abbruchunternehmen","NEUT","Abbruchunternehmen","Abbruchunternehmen","ø",6
"Abdampfentöler","MASC","Abdampfentöler","Abdampfentöler","ø",5
"Abdecker","MASC","Abdecker","Abdecker","ø",3
"Abdomen","NEUT","Abdomen","Abdomen","ø",3
"Abduktion","FEM","Abduktion","Abduktionen","en",3
"Abeillekolibri","MASC","Abeillekolibri","Abeillekolibris","s",5
"Abend","MASC","Abend","Abende","e",2
"Abendappell","MASC","Abendappell","Abendappelle","e",4
"Abendessen","NEUT","Abendessen","Abendessen","ø",4
"Abendgebet","NEUT","Abendgebet","Abendgebete","e",4
"Abendkleid","NEUT","Abendkleid","Abendkleider","er",2
"Abendkleidchen","NEUT","Abendkleidchen","Abendkleidchen","ø",3
"Abendlied","NEUT","Abendlied","Abendlieder","er",2
"Abendmahl","NEUT","Abendmahl","Abendmahle","e",3
"Abendmahlzeit","FEM","Abendmahlzeit","Abendmahlzeiten","en",3
"Abendstern","MASC","Abendstern","Abendsterne","e",3
"Abenteuer","NEUT","Abenteuer","Abenteuer","ø",3
"Abenteuerfilm","MASC","Abenteuerfilm","Abenteuerfilme","e",4
"Abenteuerlichkeit","FEM","Abenteuerlichkeit","Abenteuerlichkeiten","en",4
"Abenteurer","MASC","Abenteurer","Abenteurer","ø",3
"Aber","NEUT","Aber","Abers","s",2
"Aberration","FEM","Aberration","Aberrationen","en",4
"Abessiv","MASC","Abessiv","Abessive","e",3
"Abfahrtszeit","FEM","Abfahrtszeit","Abfahrtszeiten","en",2
"Abfallbehälter","MASC","Abfallbehälter","Abfallbehälter","ø",5
"Abfalleimer","MASC","Abfalleimer","Abfalleimer","ø",3
"Abfallprodukt","NEUT","Abfallprodukt","Abfallprodukte","e",4
"Abfallstoff","MASC","Abfallstoff","Abfallstoffe","e",3
"Abfertigungsgebäude","NEUT","Abfertigungsgebäude","Abfertigungsgebäude","ø",6
"Abfertigungsschalter","MASC","Abfertigungsschalter","Abfertigungsschalter","ø",6
"Abfuhr","FEM","Abfuhr","Abfuhren","en",2
"Abführmittel","NEUT","Abführmittel","Abführmittel","ø",4
"Abgänger","MASC","Abgänger","Abgänger","ø",3
"Abgas","NEUT","Abgas","Abgase","e",2
"Abgaskatalysator","MASC","Abgaskatalysator","Abgaskatalysatoren","en",7
"Abgötterei","FEM","Abgötterei","Abgöttereien","en",3
"Abhängigkeit","FEM","Abhängigkeit","Abhängigkeiten","en",3
"Abhörverbrecher","MASC","Abhörverbrecher","Abhörverbrecher","ø",5
"Abitur","NEUT","Abitur","Abiture","e",3
"Abiturient","MASC","Abiturient","Abiturienten","en",3
"Abklatsch","MASC","Abklatsch","Abklatsche","e",2
"Abkommen","NEUT","Abkommen","Abkommen","ø",3
"Abkömmling","MASC","Abkömmling","Abkömmlinge","e",3
"Abkürzungsdschungel","MASC","Abkürzungsdschungel","Abkürzungsdschungel","ø",5
"Ablassbrief","MASC","Ablassbrief","Ablassbriefe","e",2
"Ablassventil","NEUT","Ablassventil","Ablassventile","e",4
"Ablativ","MASC","Ablativ","Ablative","e",3
"Ablaut","MASC","Ablaut","Ablaute","e",1
"Ableger","MASC","Ableger","Ableger","ø",3
"Ableitungsmorphem","NEUT","Ableitungsmorphem","Ableitungsmorpheme","e",4
"Ablenkungsmanöver","NEUT","Ablenkungsmanöver","Ablenkungsmanöver","ø",6
"Ablenkungstaktik","FEM","Ablenkungstaktik","Ablenkungstaktiken","en",5
"Ablichtung","FEM","Ablichtung","Ablichtungen","en",3
"Ablieferungspflicht","FEM","Ablieferungspflicht","Ablieferungspflichten","en",4
"Abnehmer","MASC","Abnehmer","Abnehmer","ø",3
"Abnehmertausch","MASC","Abnehmertausch","Abnehmertausche","e",3
"Abo","NEUT","Abo","Abos","s",2
"Abonnement","NEUT","Abonnement","Abonnements","s",4
"Abonnent","MASC","Abonnent","Abonnenten","en",3
"Abordnungsgeld","NEUT","Abordnungsgeld","Abordnungsgelder","er",4
"Aborigine","FEM","Aborigine","Aborigines","s",5
"Abort","MASC","Abort","Aborte","e",2
"Abpfiff","MASC","Abpfiff","Abpfiffe","e",2
"Abrasion","FEM","Abrasion","Abrasionen","en",3
"Abrieb","MASC","Abrieb","Abriebe","e",1
"Abriss","MASC","Abriss","Abrisse","e",2
"Abrissparty","FEM","Abrissparty","Abrisspartys","s",4
"Abrüstungskonferenz","FEM","Abrüstungskonferenz","Abrüstungskonferenzen","en",6
"Absatzzeichen","NEUT","Absatzzeichen","Absatzzeichen","ø",3
"Abschied","MASC","Abschied","Abschiede","e",1
"Abschiedsbrief","MASC","Abschiedsbrief","Abschiedsbriefe","e",1
"Abschiedsgeschenk","NEUT","Abschiedsgeschenk","Abschiedsgeschenke","e",3
"Abschleppwagen","MASC","Abschleppwagen","Abschleppwagen","ø",4
"Abschlußdeich","MASC","Abschlußdeich","Abschlußdeiche","e",2
"Abschlussfeier","FEM","Abschlussfeier","Abschlussfeier","ø",3
"Abschnitt","MASC","Abschnitt","Abschnitte","e",2
"Abschnittchen","NEUT","Abschnittchen","Abschnittchen","ø",3
"Abschrift","FEM","Abschrift","Abschriften","en",2
"Abschußring","MASC","Abschußring","Abschußringe","e",3
"Abseiler","MASC","Abseiler","Abseiler","ø",2
"Abseitstor","MASC","Abseitstor","Abseitstore","e",2
"Absender","MASC","Absender","Absender","ø",3
"Absichtserklärung","FEM","Absichtserklärung","Absichtserklärungen","en",5
"Absiedler","MASC","Absiedler","Absiedler","ø",2
"Absinth","MASC","Absinth","Absinthe","e",2
"Absolutadjektiv","NEUT","Absolutadjektiv","Absolutadjektive","e",6
"Absolution","FEM","Absolution","Absolutionen","en",4
"Absolutiv","MASC","Absolutiv","Absolutive","e",4
"Absolvent","MASC","Absolvent","Absolventen","en",3
"Absorber","MASC","Absorber","Absorber","ø",3
"Absorptionsgrad","MASC","Absorptionsgrad","Absorptionsgrade","e",4
"Absorptionsspektrum","NEUT","Absorptionsspektrum","Absorptionsspektrumen","en",5
"Abspann","MASC","Abspann","Abspanne","e",2
"Abspritzer","MASC","Abspritzer","Abspritzer","ø",3
"Abstammungsbescheid","MASC","Abstammungsbescheid","Abstammungsbescheide","e",4
"Abstecher","MASC","Abstecher","Abstecher","ø",3
"Abstieg","MASC","Abstieg","Abstiege","e",1
"Abstimmungsort","MASC","Abstimmungsort","Abstimmungsorte","e",4
"Abstract","MASC","Abstract","Abstracts","s",2
"Abstrebung","FEM","Abstrebung","Abstrebungen","en",3
"Abstrich","MASC","Abstrich","Abstriche","e",2
"Absurdität","FEM","Absurdität","Absurditäten","en",4
"Abteil","NEUT","Abteil","Abteile","e",1
"Abteilungsleiter","MASC","Abteilungsleiter","Abteilungsleiter","ø",3
"Abtheilung","FEM","Abtheilung","Abtheilungen","en",2
"Abtönung","FEM","Abtönung","Abtönungen","en",3
"Abtötung","FEM","Abtötung","Abtötungen","en",3
"Abtragung","FEM","Abtragung","Abtragungen","en",3
"Abtransport","MASC","Abtransport","Abtransporte","e",3
"Abtritt","MASC","Abtritt","Abtritte","e",2
"Abtropfsieb","MASC","Abtropfsieb","Abtropfsiebe","e",2
"Abwehrspieler","MASC","Abwehrspieler","Abwehrspieler","ø",3
"Abwehrstoff","MASC","Abwehrstoff","Abwehrstoffe","e",3
"Abweichler","MASC","Abweichler","Abweichler","ø",2
"Abwertung","FEM","Abwertung","Abwertungen","en",3
"Abwesenheit","FEM","Abwesenheit","Abwesenheiten","en",3
"Abwesenheitspfleger","MASC","Abwesenheitspfleger","Abwesenheitspfleger","ø",5
"Abzählreim","MASC","Abzählreim","Abzählreime","e",2
"Abzeichen","NEUT","Abzeichen","Abzeichen","ø",2
"Abzocker","MASC","Abzocker","Abzocker","ø",3
"Accessoire","NEUT","Accessoire","Accessoires","s",4
"Acetal","NEUT","Acetal","Acetale","e",3
"Acetat","NEUT","Acetat","Acetate","e",3
"Acetylid","NEUT","Acetylid","Acetylide","e",4
"Acetylrest","MASC","Acetylrest","Acetylreste","e",4
"Achaier","MASC","Achaier","Achaier","ø",2
"Achat","MASC","Achat","Achate","e",2
"Achselchen","NEUT","Achselchen","Achselchen","ø",3
"Ächselchen","NEUT","Ächselchen","Ächselchen","ø",3
"Achselstück","NEUT","Achselstück","Achselstücke","e",3
"Acht","FEM","Acht","Achten","en",1
"Achteck","NEUT","Achteck","Achtecke","e",2
"Achter","MASC","Achter","Achter","ø",2
"Achterbahn","FEM","Achterbahn","Achterbahnen","en",3
"Achterdeck","NEUT","Achterdeck","Achterdecks","s",3
"Achtflächner","MASC","Achtflächner","Achtflächner","ø",3
"Achtundvierzigeck","NEUT","Achtundvierzigeck","Achtundvierzigecke","e",4
"Achtzehneck","NEUT","Achtzehneck","Achtzehnecke","e",3
"Achtzigeck","NEUT","Achtzigeck","Achtzigecke","e",3
"Achtziger","MASC","Achtziger","Achtziger","ø",3
"Ackerschachtelhalm","MASC","Ackerschachtelhalm","Ackerschachtelhalme","e",5
"Action","FEM","Action","Actions","s",2
"Actionfilm","MASC","Actionfilm","Actionfilme","e",3
"Acyloin","NEUT","Acyloin","Acyloine","e",3
"Ad-hoc-Bildung","FEM","Ad-hoc-Bildung","Ad-hoc-Bildungen","en",4
"Adamin","NEUT","Adamin","Adamine","e",3
"Adamskostüm","NEUT","Adamskostüm","Adamskostüme","e",4
"Adapter","MASC","Adapter","Adapter","ø",3
"Additiv","NEUT","Additiv","Additive","e",3
"Addukt","NEUT","Addukt","Addukte","e",2
"Ade","NEUT","Ade","Ades","s",2
"Adeliepinguin","MASC","Adeliepinguin","Adeliepinguine","e",4
"Adenin","NEUT","Adenin","Adenine","e",3
"Adenom","NEUT","Adenom","Adenome","e",3
"Äderchen","NEUT","Äderchen","Äderchen","ø",3
"Aderlass","MASC","Aderlass","Aderlasse","e",3
"Adessiv","MASC","Adessiv","Adessive","e",3
"Adjektiv","NEUT","Adjektiv","Adjektive","e",3
"Adjunkt","MASC","Adjunkt","Adjunkten","en",2
"Adjutant","MASC","Adjutant","Adjutanten","en",3
"Adler","MASC","Adler","Adler","ø",2
"Adlerbussard","MASC","Adlerbussard","Adlerbussarde","e",4
"Adlerfarn","MASC","Adlerfarn","Adlerfarne","e",3
"Administration","FEM","Administration","Administrationen","en",5
"Administrator","MASC","Administrator","Administratoren","en",5
"Admiral","MASC","Admiral","Admirale","e",3
"Adobe","MASC","Adobe","Adobes","s",3
"Adressat","MASC","Adressat","Adressaten","en",3
"Adrian","MASC","Adrian","Adrians","s",2
"Adstrat","NEUT","Adstrat","Adstrate","e",2
"Advent","MASC","Advent","Advente","e",2
"Adventskalender","MASC","Adventskalender","Adventskalender","ø",5
"Advokat","MASC","Advokat","Advokaten","en",3
"Advokatur","FEM","Advokatur","Advokaturen","en",4
"Aerogel","NEUT","Aerogel","Aerogele","e",3
"Aerosol","NEUT","Aerosol","Aerosole","e",3
"Äffchen","NEUT","Äffchen","Äffchen","ø",2
"Affekt","MASC","Affekt","Affekte","e",2
"Affenficker","MASC","Affenficker","Affenficker","ø",4
"Affenpinscher","MASC","Affenpinscher","Affenpinscher","ø",4
"Affinität","FEM","Affinität","Affinitäten","en",4
"Affix","NEUT","Affix","Affixe","e",2
"Affront","MASC","Affront","Affronts","s",2
"Afrikaner","MASC","Afrikaner","Afrikaner","ø",4
"Afroamerikaner","MASC","Afroamerikaner","Afroamerikaner","ø",6
"After","MASC","After","After","ø",2
"Afterforscher","MASC","Afterforscher","Afterforscher","ø",4
"Afterkind","NEUT","Afterkind","Afterkinder","er",3
"Afterlecker","MASC","Afterlecker","Afterlecker","ø",4
"Afterlehen","NEUT","Afterlehen","Afterlehen","ø",4
"Afterphilosoph","MASC","Afterphilosoph","Afterphilosophen","en",5
"Aftershave","NEUT","Aftershave","Aftershaves","s",4
"Afterwissenschaft","FEM","Afterwissenschaft","Afterwissenschaften","en",5
"Afterwissenschaftler","MASC","Afterwissenschaftler","Afterwissenschaftler","ø",6
"Agent","MASC","Agent","Agenten","en",2
"Agentur","FEM","Agentur","Agenturen","en",3
"Agglo","FEM","Agglo","Agglos","s",2
"Agglomeration","FEM","Agglomeration","Agglomerationen","en",5
"Aggregat","NEUT","Aggregat","Aggregate","e",3
"Aggressivität","FEM","Aggressivität","Aggressivitäten","en",5
"Aggressor","MASC","Aggressor","Aggressoren","en",3
"Agioteur","MASC","Agioteur","Agioteure","e",2
"Agitator","MASC","Agitator","Agitatoren","en",4
"Agnostiker","MASC","Agnostiker","Agnostiker","ø",4
"Agon","MASC","Agon","Agone","e",2
"Ägypter","MASC","Ägypter","Ägypter","ø",3
"Ahn","MASC","Ahn","Ahnen","en",1
"Ahndung","FEM","Ahndung","Ahndungen","en",2
"Ahnenschein","MASC","Ahnenschein","Ahnenscheine","e",2
"Ahnherr","MASC","Ahnherr","Ahnherren","en",2
"Ähnlichkeit","FEM","Ähnlichkeit","Ähnlichkeiten","en",2
"Ahornsirup","MASC","Ahornsirup","Ahornsirupe","e",4
"Airbag","MASC","Airbag","Airbags","s",2
"Airport","MASC","Airport","Airports","s",2
"Akademiker","MASC","Akademiker","Akademiker","ø",5
"Akanthit","MASC","Akanthit","Akanthite","e",3
"Akdalait","MASC","Akdalait","Akdalaite","e",3
"Akklamation","FEM","Akklamation","Akklamationen","en",4
"Akkord","MASC","Akkord","Akkorde","e",2
"Akkordeon","NEUT","Akkordeon","Akkordeons","s",3
"Akkordeonspieler","MASC","Akkordeonspieler","Akkordeonspieler","ø",4
"Akku","MASC","Akku","Akkus","s",2
"Akkumulator","MASC","Akkumulator","Akkumulatoren","en",5
"Akkusativ","MASC","Akkusativ","Akkusative","e",4
"Akrobat","MASC","Akrobat","Akrobaten","en",3
"Akrolekt","MASC","Akrolekt","Akrolekte","e",3
"Akronym","NEUT","Akronym","Akronyme","e",3
"Akt","MASC","Akt","Akte","e",1
"Aktenkoffer","MASC","Aktenkoffer","Aktenkoffer","ø",4
"Aktenordner","MASC","Aktenordner","Aktenordner","ø",4
"Aktenzeichen","NEUT","Aktenzeichen","Aktenzeichen","ø",3
"Akteur","MASC","Akteur","Akteure","e",1
"Aktiengesellschaft","FEM","Aktiengesellschaft","Aktiengesellschaften","en",4
"Aktienkurs","MASC","Aktienkurs","Aktienkurse","e",2
"Aktinolith","MASC","Aktinolith","Aktinolithe","e",4
"Aktionär","MASC","Aktionär","Aktionäre","e",3
"Aktionsart","FEM","Aktionsart","Aktionsarten","en",3
"Aktionspotential","NEUT","Aktionspotential","Aktionspotentiale","e",5
"Aktivist","MASC","Aktivist","Aktivisten","en",3
"Aktualisierung","FEM","Aktualisierung","Aktualisierungen","en",4
"Akupunkteur","MASC","Akupunkteur","Akupunkteure","e",3
"Akustikkoppler","MASC","Akustikkoppler","Akustikkoppler","ø",5
"Akut","MASC","Akut","Akute","e",2
"Akzent","MASC","Akzent","Akzente","e",2
"Alabandin","MASC","Alabandin","Alabandine","e",4
"Alabaster","MASC","Alabaster","Alabaster","ø",4
"Alant","MASC","Alant","Alante","e",2
"Alarm","MASC","Alarm","Alarme","e",2
"Alarmsignal","NEUT","Alarmsignal","Alarmsignale","e",4
"Alaskaner","MASC","Alaskaner","Alaskaner","ø",4
"Alaun","MASC","Alaun","Alaune","e",1
"Alawit","MASC","Alawit","Alawiten","en",3
"Alb","MASC","Alb","Alben","en",1
"Albaner","MASC","Albaner","Albaner","ø",3
"Albedo","FEM","Albedo","Albedos","s",3
"Albertaner","MASC","Albertaner","Albertaner","ø",4
"Albino","MASC","Albino","Albinos","s",3
"Albit","MASC","Albit","Albite","e",2
"Alchemist","MASC","Alchemist","Alchemisten","en",3
"Älchen","NEUT","Älchen","Älchen","ø",2
"Aldehyd","MASC","Aldehyd","Aldehyde","e",3
"Aleppiner","MASC","Aleppiner","Aleppiner","ø",4
"Alexandriner","MASC","Alexandriner","Alexandriner","ø",5
"Alexandrit","MASC","Alexandrit","Alexandrite","e",4
"Algerier","MASC","Algerier","Algerier","ø",2
"Alibi","NEUT","Alibi","Alibis","s",3
"Alinea","NEUT","Alinea","Alineas","s",3
"Alk","MASC","Alk","Alken","en",1
"Alkali","NEUT","Alkali","Alkalien","en",3
"Alkalihydroxid","NEUT","Alkalihydroxid","Alkalihydroxide","e",6
"Alkalimetall","NEUT","Alkalimetall","Alkalimetalle","e",5
"Alkalimetallsalz","NEUT","Alkalimetallsalz","Alkalimetallsalze","e",6
"Alkaloid","NEUT","Alkaloid","Alkaloide","e",3
"Alkan","NEUT","Alkan","Alkane","e",2
"Alken","NEUT","Alken","Alkene","e",2
"Alkin","NEUT","Alkin","Alkine","e",2
"Alkohol","MASC","Alkohol","Alkohole","e",3
"Alkoholabhängigkeit","FEM","Alkoholabhängigkeit","Alkoholabhängigkeiten","en",6
"Alkoholat","NEUT","Alkoholat","Alkoholate","e",4
"Alkoholiker","MASC","Alkoholiker","Alkoholiker","ø",5
"Alkoholspiegel","MASC","Alkoholspiegel","Alkoholspiegel","ø",4
"Alkoholtest","MASC","Alkoholtest","Alkoholteste","e",4
"Alkyl","NEUT","Alkyl","Alkyle","e",2
"Alkylbromid","NEUT","Alkylbromid","Alkylbromide","e",4
"Alkylhalogenid","NEUT","Alkylhalogenid","Alkylhalogenide","e",6
"Alkylierung","FEM","Alkylierung","Alkylierungen","en",3
"Alkylrest","MASC","Alkylrest","Alkylreste","e",3
"Allargentum","NEUT","Allargentum","Allargentume","e",4
"Allativ","MASC","Allativ","Allative","e",3
"Alleinherrscher","MASC","Alleinherrscher","Alleinherrscher","ø",3
"Alleinstellungsmerkmal","NEUT","Alleinstellungsmerkmal","Alleinstellungsmerkmale","e",5
"Allel","NEUT","Allel","Allele","e",2
"Allemontit","MASC","Allemontit","Allemontite","e",4
"Allergen","NEUT","Allergen","Allergene","e",3
"Allergiker","MASC","Allergiker","Allergiker","ø",4
"Allerheiligen","NEUT","Allerheiligen","Allerheiligen","ø",4
"Allerlei","NEUT","Allerlei","Allerleis","s",2
"Allerseelen","NEUT","Allerseelen","Allerseelen","ø",4
"Allesfresser","MASC","Allesfresser","Allesfresser","ø",4
"Alleskönner","MASC","Alleskönner","Alleskönner","ø",4
"Allheilmittel","NEUT","Allheilmittel","Allheilmittel","ø",3
"Allheit","FEM","Allheit","Allheiten","en",1
"Alligator","MASC","Alligator","Alligatoren","en",4
"Allophon","NEUT","Allophon","Allophone","e",3
"Allotria","NEUT","Allotria","Allotria","ø",3
"Allotrop","MASC","Allotrop","Allotrope","e",3
"Allradantrieb","MASC","Allradantrieb","Allradantriebe","e",3
"Allseitigkeit","FEM","Allseitigkeit","Allseitigkeiten","en",2
"Allusion","FEM","Allusion","Allusionen","en",3
"Allwetterreifen","MASC","Allwetterreifen","Allwetterreifen","ø",4
"Alm","FEM","Alm","Almen","en",1
"Almanach","MASC","Almanach","Almanache","e",3
"Almandin","MASC","Almandin","Almandine","e",3
"Almosen","NEUT","Almosen","Almosen","ø",3
"Alpacca","NEUT","Alpacca","Alpaccas","s",3
"Alpaka","NEUT","Alpaka","Alpakas","s",3
"Alpenbewohner","MASC","Alpenbewohner","Alpenbewohner","ø",5
"Alpenglühen","NEUT","Alpenglühen","Alpenglühen","ø",4
"Alpenstrandläufer","MASC","Alpenstrandläufer","Alpenstrandläufer","ø",4
"Alpenveilchen","NEUT","Alpenveilchen","Alpenveilchen","ø",3
"Alpenverein","MASC","Alpenverein","Alpenvereine","e",3
"Alpha","NEUT","Alpha","Alphas","s",2
"Alpha-Version","FEM","Alpha-Version","Alpha-Versionen","en",4
"Alphabet","NEUT","Alphabet","Alphabete","e",3
"Alphateilchen","NEUT","Alphateilchen","Alphateilchen","ø",3
"Altarbild","NEUT","Altarbild","Altarbilder","er",3
"Altarm","MASC","Altarm","Altarme","e",2
"Altdorfer","MASC","Altdorfer","Altdorfer","ø",3
"Alter","MASC","Alter","Alter","ø",2
"Altersheim","NEUT","Altersheim","Altersheime","e",2
"Altersunterschied","MASC","Altersunterschied","Altersunterschiede","e",4
"Altertumswissenschaft","FEM","Altertumswissenschaft","Altertumswissenschaften","en",6
"Alterungsprozess","MASC","Alterungsprozess","Alterungsprozesse","e",5
"Altkunststoff","MASC","Altkunststoff","Altkunststoffe","e",3
"Altlast","FEM","Altlast","Altlasten","en",2
"Altniederländisch","NEUT","Altniederländisch","Altniederländische","e",4
"Altpapier","NEUT","Altpapier","Altpapiere","e",2
"Altrosa","NEUT","Altrosa","Altrosas","s",3
"Altruist","MASC","Altruist","Altruisten","en",2
"Altstoff","MASC","Altstoff","Altstoffe","e",2
"Altwasser","NEUT","Altwasser","Altwasser","ø",3
"Altweibersommer","MASC","Altweibersommer","Altweibersommer","ø",4
"Alublech","NEUT","Alublech","Alubleche","e",3
"Aluminat","NEUT","Aluminat","Aluminate","e",4
"Aluminit","MASC","Aluminit","Aluminite","e",4
"Aluminiumblech","NEUT","Aluminiumblech","Aluminiumbleche","e",5
"Aluminiumgalliumarsenid","NEUT","Aluminiumgalliumarsenid","Aluminiumgalliumarsenide","e",9
"Aluminiumgeschirr","NEUT","Aluminiumgeschirr","Aluminiumgeschirre","e",6
"Aluminiumsalz","NEUT","Aluminiumsalz","Aluminiumsalze","e",5
"Aluminiumsilikat","NEUT","Aluminiumsilikat","Aluminiumsilikate","e",7
"Aluminosilikat","NEUT","Aluminosilikat","Aluminosilikate","e",7
"Alunit","MASC","Alunit","Alunite","e",3
"Alveolar","MASC","Alveolar","Alveolare","e",3
"Amalgam","NEUT","Amalgam","Amalgame","e",3
"Amarant","MASC","Amarant","Amarante","e",3
"Amateur","MASC","Amateur","Amateure","e",2
"Amateurboxer","MASC","Amateurboxer","Amateurboxer","ø",4
"Amateurmusiker","MASC","Amateurmusiker","Amateurmusiker","ø",5
"Amazonien-Tropfenameisenwürger","MASC","Amazonien-Tropfenameisenwürger","Amazonien-Tropfenameisenwürger","ø",9
"Amblygonit","MASC","Amblygonit","Amblygonite","e",4
"Amboss","MASC","Amboss","Ambosse","e",2
"Ameisenbär","MASC","Ameisenbär","Ameisenbären","en",3
"Ameisenficker","MASC","Ameisenficker","Ameisenficker","ø",4
"Ameisenhaufen","MASC","Ameisenhaufen","Ameisenhaufen","ø",3
"Ameisenhügel","MASC","Ameisenhügel","Ameisenhügel","ø",4
"Ameisenigel","MASC","Ameisenigel","Ameisenigel","ø",4
"Ameisenwürger","MASC","Ameisenwürger","Ameisenwürger","ø",4
"Amerikaner","MASC","Amerikaner","Amerikaner","ø",5
"Amerikanisch","NEUT","Amerikanisch","Amerikanische","e",5
"Amethyst","MASC","Amethyst","Amethyste","e",3
"Ametrin","MASC","Ametrin","Ametrine","e",3
"Ami","MASC","Ami","Amis","s",2
"Amid","NEUT","Amid","Amide","e",2
"Amigo","MASC","Amigo","Amigos","s",3
"Amin","NEUT","Amin","Amine","e",2
"Ammenmärchen","NEUT","Ammenmärchen","Ammenmärchen","ø",4
"Ammoniakat","NEUT","Ammoniakat","Ammoniakate","e",4
"Ammoniumsalz","NEUT","Ammoniumsalz","Ammoniumsalze","e",4
"Amokläufer","MASC","Amokläufer","Amokläufer","ø",3
"Ampelfrau","FEM","Ampelfrau","Ampelfrauen","en",2
"Ampelmännchen","NEUT","Ampelmännchen","Ampelmännchen","ø",4
"Ampere","NEUT","Ampere","Ampere","ø",3
"Ampfer","MASC","Ampfer","Ampfer","ø",2
"Amphetamin","NEUT","Amphetamin","Amphetamine","e",4
"Amphibienfahrzeug","NEUT","Amphibienfahrzeug","Amphibienfahrzeuge","e",3
"Amphibol","MASC","Amphibol","Amphibole","e",3
"Amphoter","MASC","Amphoter","Amphotere","e",3
"Amsterdamer","MASC","Amsterdamer","Amsterdamer","ø",4
"Ämterhäufung","FEM","Ämterhäufung","Ämterhäufungen","en",3
"Amtsantritt","MASC","Amtsantritt","Amtsantritte","e",3
"Amtseid","MASC","Amtseid","Amtseide","e",1
"Amtsgericht","NEUT","Amtsgericht","Amtsgerichte","e",3
"Amtsinhaber","MASC","Amtsinhaber","Amtsinhaber","ø",4
"Amtsleiter","MASC","Amtsleiter","Amtsleiter","ø",2
"Amtsträger","MASC","Amtsträger","Amtsträger","ø",3
"Amtsverzicht","MASC","Amtsverzicht","Amtsverzichte","e",3
"Amulett","NEUT","Amulett","Amulette","e",3
"Amüsement","NEUT","Amüsement","Amüsements","s",4
"Anagramm","NEUT","Anagramm","Anagramme","e",3
"Analbohrer","MASC","Analbohrer","Analbohrer","ø",4
"Analogiebildung","FEM","Analogiebildung","Analogiebildungen","en",5
"Analphabet","MASC","Analphabet","Analphabeten","en",4
"Analritter","MASC","Analritter","Analritter","ø",4
"Analyst","MASC","Analyst","Analysten","en",3
"Anapäst","MASC","Anapäst","Anapäste","e",3
"Anarchist","MASC","Anarchist","Anarchisten","en",3
"Anästhesist","MASC","Anästhesist","Anästhesisten","en",4
"Anbahnung","FEM","Anbahnung","Anbahnungen","en",3
"Anbeter","MASC","Anbeter","Anbeter","ø",3
"Anbieter","MASC","Anbieter","Anbieter","ø",2
"Anbot","NEUT","Anbot","Anbote","e",2
"Anchovis","FEM","Anchovis","Anchovis","ø",3
"Andalusit","MASC","Andalusit","Andalusite","e",4
"Andeutung","FEM","Andeutung","Andeutungen","en",2
"Andorraner","MASC","Andorraner","Andorraner","ø",4
"Android","MASC","Android","Androiden","en",2
"Aneignung","FEM","Aneignung","Aneignungen","en",2
"Anekdötchen","NEUT","Anekdötchen","Anekdötchen","ø",4
"Anerbieten","NEUT","Anerbieten","Anerbieten","ø",3
"Anfachung","FEM","Anfachung","Anfachungen","en",3
"Anfahrt","FEM","Anfahrt","Anfahrten","en",2
"Anfänger","MASC","Anfänger","Anfänger","ø",3
"Anfechtung","FEM","Anfechtung","Anfechtungen","en",3
"Anforderung","FEM","Anforderung","Anforderungen","en",4
"Anführer","MASC","Anführer","Anführer","ø",3
"Anführungszeichen","NEUT","Anführungszeichen","Anführungszeichen","ø",4
"Anfurt","FEM","Anfurt","Anfurten","en",2
"Angeber","MASC","Angeber","Angeber","ø",3
"Angebot","NEUT","Angebot","Angebote","e",3
"Angelegenheit","FEM","Angelegenheit","Angelegenheiten","en",4
"Angelhaken","MASC","Angelhaken","Angelhaken","ø",4
"Angeliter","MASC","Angeliter","Angeliter","ø",4
"Angelpunkt","MASC","Angelpunkt","Angelpunkte","e",3
"Angesicht","NEUT","Angesicht","Angesichter","er",3
"Angiotensin","NEUT","Angiotensin","Angiotensine","e",4
"Angler","MASC","Angler","Angler","ø",2
"Anglerfisch","MASC","Anglerfisch","Anglerfische","e",3
"Anglikaner","MASC","Anglikaner","Anglikaner","ø",4
"Angolaner","MASC","Angolaner","Angolaner","ø",4
"Angreifer","MASC","Angreifer","Angreifer","ø",2
"Angriff","MASC","Angriff","Angriffe","e",2
"Angriffsspieler","MASC","Angriffsspieler","Angriffsspieler","ø",3
"Ängstigung","FEM","Ängstigung","Ängstigungen","en",3
"Ångström","NEUT","Ångström","Ångström","ø",1
"Angstschweiß","MASC","Angstschweiß","Angstschweiße","e",1
"Angststörung","FEM","Angststörung","Angststörungen","en",3
"Anhalt","MASC","Anhalt","Anhalte","e",2
"Anhalter","MASC","Anhalter","Anhalter","ø",3
"Anhaltiner","MASC","Anhaltiner","Anhaltiner","ø",4
"Anhaltspunkt","MASC","Anhaltspunkt","Anhaltspunkte","e",3
"Anhänger","MASC","Anhänger","Anhänger","ø",3
"Anhängsel","NEUT","Anhängsel","Anhängsel","ø",3
"Anhäufung","FEM","Anhäufung","Anhäufungen","en",2
"Anhieb","MASC","Anhieb","Anhiebe","e",1
"Anhörung","FEM","Anhörung","Anhörungen","en",3
"Anhydrid","NEUT","Anhydrid","Anhydride","e",3
"Animateur","MASC","Animateur","Animateure","e",3
"Animation","FEM","Animation","Animationen","en",4
"Animosität","FEM","Animosität","Animositäten","en",5
"Anion","NEUT","Anion","Anione","e",2
"Anisette","MASC","Anisette","Anisettes","s",4
"Anissamen","MASC","Anissamen","Anissamen","ø",4
"Anker","MASC","Anker","Anker","ø",2
"Ankerit","MASC","Ankerit","Ankerite","e",3
"Ankläger","MASC","Ankläger","Ankläger","ø",3
"Ankömmling","MASC","Ankömmling","Ankömmlinge","e",3
"Ankündigung","FEM","Ankündigung","Ankündigungen","en",4
"Ankurbelung","FEM","Ankurbelung","Ankurbelungen","en",4
"Ankurblung","FEM","Ankurblung","Ankurblungen","en",3
"Anlagebetrüger","MASC","Anlagebetrüger","Anlagebetrüger","ø",6
"Anlageprodukt","NEUT","Anlageprodukt","Anlageprodukte","e",5
"Anlaut","MASC","Anlaut","Anlaute","e",1
"Anleger","MASC","Anleger","Anleger","ø",3
"Anliegen","NEUT","Anliegen","Anliegen","ø",2
"Anmelder","MASC","Anmelder","Anmelder","ø",3
"Anmeldung","FEM","Anmeldung","Anmeldungen","en",3
"Annäherung","FEM","Annäherung","Annäherungen","en",4
"Annehmlichkeit","FEM","Annehmlichkeit","Annehmlichkeiten","en",3
"Annihilation","FEM","Annihilation","Annihilationen","en",5
"Annullierung","FEM","Annullierung","Annullierungen","en",3
"Anpfiff","MASC","Anpfiff","Anpfiffe","e",2
"Anprangerung","FEM","Anprangerung","Anprangerungen","en",4
"Anrecht","NEUT","Anrecht","Anrechte","e",2
"Anregung","FEM","Anregung","Anregungen","en",3
"Anreiz","MASC","Anreiz","Anreize","e",1
"Anruf","MASC","Anruf","Anrufe","e",2
"Anrufbeantworter","MASC","Anrufbeantworter","Anrufbeantworter","ø",5
"Anrufer","MASC","Anrufer","Anrufer","ø",3
"Anrufung","FEM","Anrufung","Anrufungen","en",3
"Ansammlung","FEM","Ansammlung","Ansammlungen","en",3
"Anschauung","FEM","Anschauung","Anschauungen","en",2
"Anschlusstor","NEUT","Anschlusstor","Anschlusstore","e",3
"Anschnallgurt","MASC","Anschnallgurt","Anschnallgurte","e",3
"Anschreiben","NEUT","Anschreiben","Anschreiben","ø",2
"Ansicht","FEM","Ansicht","Ansichten","en",2
"Anspielung","FEM","Anspielung","Anspielungen","en",2
"Anspitzer","MASC","Anspitzer","Anspitzer","ø",3
"Anstachler","MASC","Anstachler","Anstachler","ø",3
"Anstalt","FEM","Anstalt","Anstalten","en",2
"Anstandsrest","MASC","Anstandsrest","Anstandsreste","e",3
"Anstecker","MASC","Anstecker","Anstecker","ø",3
"Ansteckung","FEM","Ansteckung","Ansteckungen","en",3
"Ansteckungsgebiet","NEUT","Ansteckungsgebiet","Ansteckungsgebiete","e",4
"Anstieg","MASC","Anstieg","Anstiege","e",1
"Anstrich","MASC","Anstrich","Anstriche","e",2
"Anstrichstoff","MASC","Anstrichstoff","Anstrichstoffe","e",3
"Ansuchen","NEUT","Ansuchen","Ansuchen","ø",3
"Antagonist","MASC","Antagonist","Antagonisten","en",4
"Anthocyan","NEUT","Anthocyan","Anthocyane","e",3
"Anthrazit","MASC","Anthrazit","Anthrazite","e",3
"Antialkoholiker","MASC","Antialkoholiker","Antialkoholiker","ø",6
"Antichrist","MASC","Antichrist","Antichristen","en",3
"Antidot","NEUT","Antidot","Antidote","e",3
"Antifant","MASC","Antifant","Antifanten","en",3
"Antifaschist","MASC","Antifaschist","Antifaschisten","en",4
"Antigen","NEUT","Antigen","Antigene","e",3
"Antiguaner","MASC","Antiguaner","Antiguaner","ø",4
"Antiheld","MASC","Antiheld","Antihelden","en",3
"Antikenhändler","MASC","Antikenhändler","Antikenhändler","ø",5
"Antiklopfmittel","NEUT","Antiklopfmittel","Antiklopfmittel","ø",5
"Antikörper","MASC","Antikörper","Antikörper","ø",4
"Antimonerz","NEUT","Antimonerz","Antimonerze","e",4
"Antimonglanz","MASC","Antimonglanz","Antimonglanze","e",4
"Antimonid","NEUT","Antimonid","Antimonide","e",4
"Antimonsalz","NEUT","Antimonsalz","Antimonsalze","e",4
"Antimuster","NEUT","Antimuster","Antimuster","ø",4
"Antimyon","NEUT","Antimyon","Antimyonen","en",3
"Antipilzmittel","NEUT","Antipilzmittel","Antipilzmittel","ø",5
"Antiquark","NEUT","Antiquark","Antiquarks","s",3
"Antiquitätenhändler","MASC","Antiquitätenhändler","Antiquitätenhändler","ø",7
"Antisemit","MASC","Antisemit","Antisemiten","en",4
"Antiteilchen","NEUT","Antiteilchen","Antiteilchen","ø",3
"Antitranspirant","NEUT","Antitranspirant","Antitranspirante","e",5
"Antiwitz","MASC","Antiwitz","Antiwitze","e",3
"Antlitz","NEUT","Antlitz","Antlitze","e",2
"Antonym","NEUT","Antonym","Antonyme","e",3
"Antragsdelikt","NEUT","Antragsdelikt","Antragsdelikte","e",4
"Antragsteller","MASC","Antragsteller","Antragsteller","ø",4
"Antreten","NEUT","Antreten","Antreten","ø",3
"Antriebssystem","NEUT","Antriebssystem","Antriebssysteme","e",3
"Antritt","MASC","Antritt","Antritte","e",2
"Antwerpener","MASC","Antwerpener","Antwerpener","ø",4
"Anwärter","MASC","Anwärter","Anwärter","ø",3
"Anwendbarkeit","FEM","Anwendbarkeit","Anwendbarkeiten","en",3
"Anwender","MASC","Anwender","Anwender","ø",3
"Anwendung","FEM","Anwendung","Anwendungen","en",3
"Anwendungsbereich","MASC","Anwendungsbereich","Anwendungsbereiche","e",4
"Anwendungsgebiet","NEUT","Anwendungsgebiet","Anwendungsgebiete","e",4
"Anwesen","NEUT","Anwesen","Anwesen","ø",3
"Anwohner","MASC","Anwohner","Anwohner","ø",3
"Anzahlung","FEM","Anzahlung","Anzahlungen","en",3
"Anzeichen","NEUT","Anzeichen","Anzeichen","ø",2
"Anzeigegerät","NEUT","Anzeigegerät","Anzeigegeräte","e",4
"Anzeiger","MASC","Anzeiger","Anzeiger","ø",2
"Anzünder","MASC","Anzünder","Anzünder","ø",3
"Anzweifelung","FEM","Anzweifelung","Anzweifelungen","en",3
"Äon","MASC","Äon","Äonen","en",1
"Aorist","MASC","Aorist","Aoriste","e",2
"Apartment","NEUT","Apartment","Apartments","s",3
"Apatit","MASC","Apatit","Apatite","e",3
"Aperitif","MASC","Aperitif","Aperitife","e",4
"Apfelbäckchen","NEUT","Apfelbäckchen","Apfelbäckchen","ø",4
"Apfelbäumchen","NEUT","Apfelbäumchen","Apfelbäumchen","ø",3
"Apfelbäumlein","NEUT","Apfelbäumlein","Apfelbäumlein","ø",2
"Apfelentkerner","MASC","Apfelentkerner","Apfelentkerner","ø",5
"Apfelkern","MASC","Apfelkern","Apfelkerne","e",3
"Apfelkuchen","MASC","Apfelkuchen","Apfelkuchen","ø",4
"Apfelmännchen","NEUT","Apfelmännchen","Apfelmännchen","ø",4
"Apfelmus","NEUT","Apfelmus","Apfelmuse","e",3
"Apfelstrudel","MASC","Apfelstrudel","Apfelstrudel","ø",4
"Apfelwein","MASC","Apfelwein","Apfelweine","e",2
"Aphasiker","MASC","Aphasiker","Aphasiker","ø",4
"Aphel","NEUT","Aphel","Aphele","e",2
"Apokalyptiker","MASC","Apokalyptiker","Apokalyptiker","ø",6
"Apokopat","MASC","Apokopat","Apokopate","e",4
"Apostat","MASC","Apostat","Apostaten","en",3
"Apostel","MASC","Apostel","Apostel","ø",3
"Apotheker","MASC","Apotheker","Apotheker","ø",4
"App","FEM","App","Apps","s",1
"Apparat","MASC","Apparat","Apparate","e",3
"Apparatur","FEM","Apparatur","Apparaturen","en",4
"Appartement","NEUT","Appartement","Appartements","s",4
"Appell","MASC","Appell","Appelle","e",2
"Appellation","FEM","Appellation","Appellationen","en",4
"Appellmacher","MASC","Appellmacher","Appellmacher","ø",4
"Appenzeller","MASC","Appenzeller","Appenzeller","ø",4
"Apportierhund","MASC","Apportierhund","Apportierhunde","e",3
"Approximant","MASC","Approximant","Approximanten","en",4
"Aprikosenstein","MASC","Aprikosenstein","Aprikosensteine","e",4
"April","MASC","April","Aprile","e",2
"Aprilscherz","MASC","Aprilscherz","Aprilscherze","e",3
"Aquakomplex","MASC","Aquakomplex","Aquakomplexe","e",4
"Aquakultur","FEM","Aquakultur","Aquakulturen","en",4
"Aquamarin","MASC","Aquamarin","Aquamarine","e",4
"Aquarienfisch","MASC","Aquarienfisch","Aquarienfische","e",3
"Äquativ","MASC","Äquativ","Äquative","e",3
"Aquifer","MASC","Aquifer","Aquifere","e",3
"Ara","MASC","Ara","Aras","s",2
"Araber","MASC","Araber","Araber","ø",3
"Arabisch","NEUT","Arabisch","Arabische","e",3
"Aragonit","MASC","Aragonit","Aragonite","e",4
"Arbeit","FEM","Arbeit","Arbeiten","en",1
"Arbeiter","MASC","Arbeiter","Arbeiter","ø",2
"Arbeiterviertel","NEUT","Arbeiterviertel","Arbeiterviertel","ø",3
"Arbeitgeber","MASC","Arbeitgeber","Arbeitgeber","ø",3
"Arbeitnehmer","MASC","Arbeitnehmer","Arbeitnehmer","ø",3
"Arbeitsbereich","MASC","Arbeitsbereich","Arbeitsbereiche","e",2
"Arbeitsbericht","MASC","Arbeitsbericht","Arbeitsberichte","e",3
"Arbeitsbeschaffung","FEM","Arbeitsbeschaffung","Arbeitsbeschaffungen","en",4
"Arbeitsdienst","MASC","Arbeitsdienst","Arbeitsdienste","e",1
"Arbeitseinstellung","FEM","Arbeitseinstellung","Arbeitseinstellungen","en",3
"Arbeitsfeld","NEUT","Arbeitsfeld","Arbeitsfelder","er",2
"Arbeitskamerad","MASC","Arbeitskamerad","Arbeitskameraden","en",4
"Arbeitskreis","MASC","Arbeitskreis","Arbeitskreise","e",1
"Arbeitslager","NEUT","Arbeitslager","Arbeitslager","ø",3
"Arbeitsleistung","FEM","Arbeitsleistung","Arbeitsleistungen","en",2
"Arbeitslosengeld","MASC","Arbeitslosengeld","Arbeitslosengelder","er",4
"Arbeitslosenversicherung","FEM","Arbeitslosenversicherung","Arbeitslosenversicherungen","en",7
"Arbeitsmensch","MASC","Arbeitsmensch","Arbeitsmenschen","en",2
"Arbeitsniederlegung","FEM","Arbeitsniederlegung","Arbeitsniederlegungen","en",4
"Arbeitsschritt","MASC","Arbeitsschritt","Arbeitsschritte","e",2
"Arbeitsschutz","MASC","Arbeitsschutz","Arbeitsschutze","e",2
"Arbeitsspeicher","MASC","Arbeitsspeicher","Arbeitsspeicher","ø",2
"Arbeitstier","NEUT","Arbeitstier","Arbeitstiere","e",1
"Arbeitstisch","MASC","Arbeitstisch","Arbeitstische","e",2
"Arbeitsunfähigkeit","FEM","Arbeitsunfähigkeit","Arbeitsunfähigkeiten","en",4
"Arbeitsunfähigkeitsversicherung","FEM","Arbeitsunfähigkeitsversicherung","Arbeitsunfähigkeitsversicherungen","en",8
"Arbeitszeit","FEM","Arbeitszeit","Arbeitszeiten","en",1
"Arbeitszimmer","NEUT","Arbeitszimmer","Arbeitszimmer","ø",3
"Archiphonem","NEUT","Archiphonem","Archiphoneme","e",4
"Architekt","MASC","Architekt","Architekten","en",3
"Architektonik","FEM","Architektonik","Architektoniken","en",5
"Architekturmuster","NEUT","Architekturmuster","Architekturmuster","ø",6
"Archivar","MASC","Archivar","Archivare","e",3
"Areal","NEUT","Areal","Areale","e",2
"Argentinier","MASC","Argentinier","Argentinier","ø",3
"Argentit","MASC","Argentit","Argentite","e",3
"Arglosigkeit","FEM","Arglosigkeit","Arglosigkeiten","en",3
"Argument","NEUT","Argument","Argumente","e",3
"Argumentation","FEM","Argumentation","Argumentationen","en",5
"Argyrodit","MASC","Argyrodit","Argyrodite","e",4
"Arier","MASC","Arier","Arier","ø",1
"Ariseur","MASC","Ariseur","Ariseure","e",2
"Arisierer","MASC","Arisierer","Arisierere","e",3
"Arisierung","FEM","Arisierung","Arisierungen","en",3
"Aristokrat","MASC","Aristokrat","Aristokraten","en",4
"Arm","MASC","Arm","Arme","e",1
"Armaturenbrett","NEUT","Armaturenbrett","Armaturenbretter","er",5
"Ärmchen","NEUT","Ärmchen","Ärmchen","ø",2
"Ärmel","MASC","Ärmel","Ärmel","ø",2
"Armenier","MASC","Armenier","Armenier","ø",2
"Armgelenk","NEUT","Armgelenk","Armgelenke","e",3
"Ärmlein","NEUT","Ärmlein","Ärmlein","ø",1
"Armleuchter","MASC","Armleuchter","Armleuchter","ø",2
"Armreif","MASC","Armreif","Armreife","e",1
"Aromastoff","MASC","Aromastoff","Aromastoffe","e",4
"Arrangement","NEUT","Arrangement","Arrangements","s",4
"Arrest","MASC","Arrest","Arreste","e",2
"Arsabenzol","NEUT","Arsabenzol","Arsabenzole","e",4
"Arsan","NEUT","Arsan","Arsane","e",2
"Arschficker","MASC","Arschficker","Arschficker","ø",3
"Arschgesicht","NEUT","Arschgesicht","Arschgesichter","er",3
"Arschgeweih","NEUT","Arschgeweih","Arschgeweihe","e",2
"Arschkriecher","MASC","Arschkriecher","Arschkriecher","ø",2
"Arschkriecherei","FEM","Arschkriecherei","Arschkriechereien","en",2
"Arschlecker","MASC","Arschlecker","Arschlecker","ø",3
"Arschlochficker","MASC","Arschlochficker","Arschlochficker","ø",4
"Arsenal","NEUT","Arsenal","Arsenale","e",3
"Arsenat","NEUT","Arsenat","Arsenate","e",3
"Arsenatom","NEUT","Arsenatom","Arsenatome","e",4
"Arsenbergwerk","NEUT","Arsenbergwerk","Arsenbergwerke","e",4
"Arsengehalt","NEUT","Arsengehalt","Arsengehalte","e",4
"Arsenid","NEUT","Arsenid","Arsenide","e",3
"Arsenikesser","MASC","Arsenikesser","Arsenikesser","ø",5
"Arsenit","NEUT","Arsenit","Arsenite","e",3
"Arsenkies","MASC","Arsenkies","Arsenkiese","e",2
"Arsenkupfer","NEUT","Arsenkupfer","Arsenkupfer","ø",4
"Arsenmineral","NEUT","Arsenmineral","Arsenminerale","e",5
"Arsenmonosulfid","NEUT","Arsenmonosulfid","Arsenmonosulfide","e",6
"Arsenmord","MASC","Arsenmord","Arsenmorde","e",3
"Arsenobetain","NEUT","Arsenobetain","Arsenobetaine","e",5
"Arsenocholin","NEUT","Arsenocholin","Arsenocholine","e",5
"Arsenolipid","NEUT","Arsenolipid","Arsenolipide","e",5
"Arsenolith","MASC","Arsenolith","Arsenolithe","e",4
"Arsenopyrit","NEUT","Arsenopyrit","Arsenopyrite","e",5
"Arsenosaccharid","NEUT","Arsenosaccharid","Arsenosaccharide","e",6
"Arsenpentachlorid","NEUT","Arsenpentachlorid","Arsenpentachloride","e",6
"Arsensulfid","NEUT","Arsensulfid","Arsensulfide","e",4
"Arsentribromid","NEUT","Arsentribromid","Arsentribromide","e",5
"Arsentrichlorid","NEUT","Arsentrichlorid","Arsentrichloride","e",5
"Arsentriiodid","NEUT","Arsentriiodid","Arsentriiodide","e",4
"Arsentrioxid","NEUT","Arsentrioxid","Arsentrioxide","e",4
"Arsentrisulfid","NEUT","Arsentrisulfid","Arsentrisulfide","e",5
"Arsenwasserstoff","MASC","Arsenwasserstoff","Arsenwasserstoffe","e",5
"Arsin","NEUT","Arsin","Arsine","e",2
"Arsoran","MASC","Arsoran","Arsoranen","en",3
"Arsphenamin","NEUT","Arsphenamin","Arsphenamine","e",4
"Art","FEM","Art","Arten","en",1
"Artikel","MASC","Artikel","Artikel","ø",3
"Artikulationsart","FEM","Artikulationsart","Artikulationsarten","en",6
"Artikulationsort","MASC","Artikulationsort","Artikulationsorte","e",6
"Artist","MASC","Artist","Artisten","en",2
"Arylamin","NEUT","Arylamin","Arylamine","e",4
"Arzneimittel","NEUT","Arzneimittel","Arzneimittel","ø",3
"Arzneimittelgesetz","NEUT","Arzneimittelgesetz","Arzneimittelgesetze","e",5
"Arzneistoff","MASC","Arzneistoff","Arzneistoffe","e",2
"Arzthelfer","MASC","Arzthelfer","Arzthelfer","ø",3
"Arztkittel","MASC","Arztkittel","Arztkittel","ø",3
"Aschenbecher","MASC","Aschenbecher","Aschenbecher","ø",4
"Aschenbrot","NEUT","Aschenbrot","Aschenbrote","e",3
"Aschenkuchen","MASC","Aschenkuchen","Aschenkuchen","ø",4
"Ascher","MASC","Ascher","Ascher","ø",2
"Aschermittwoch","MASC","Aschermittwoch","Aschermittwoche","e",4
"Aser","MASC","Aser","Aser","ø",2
"Äser","MASC","Äser","Äser","ø",2
"Asiat","MASC","Asiat","Asiaten","en",2
"Askari","MASC","Askari","Askari","ø",3
"Aspartam","NEUT","Aspartam","Aspartame","e",3
"Aspartat","NEUT","Aspartat","Aspartate","e",3
"Aspekt","MASC","Aspekt","Aspekte","e",2
"Asperger","MASC","Asperger","Asperger","ø",3
"Asphalt","MASC","Asphalt","Asphalte","e",2
"Aspie","FEM","Aspie","Aspies","s",1
"Aspirant","MASC","Aspirant","Aspiranten","en",3
"Ass","NEUT","Ass","Asse","e",1
"Assembler","MASC","Assembler","Assembler","ø",3
"Assi","MASC","Assi","Assis","s",2
"Assimilation","FEM","Assimilation","Assimilationen","en",5
"Assistent","MASC","Assistent","Assistenten","en",3
"Assistenz","FEM","Assistenz","Assistenzen","en",3
"Asso","MASC","Asso","Assos","s",2
"Assonanz","FEM","Assonanz","Assonanzen","en",3
"Assoziation","FEM","Assoziation","Assoziationen","en",4
"Assyrer","MASC","Assyrer","Assyrer","ø",3
"Asteroid","MASC","Asteroid","Asteroiden","en",3
"Asthmamittel","NEUT","Asthmamittel","Asthmamittel","ø",4
"Asthmatiker","MASC","Asthmatiker","Asthmatiker","ø",4
"Ästling","MASC","Ästling","Ästlinge","e",2
"Astronaut","MASC","Astronaut","Astronauten","en",2
"Astronom","MASC","Astronom","Astronomen","en",3
"Astrozyt","MASC","Astrozyt","Astrozyten","en",3
"Asyl","NEUT","Asyl","Asyle","e",2
"Asylant","MASC","Asylant","Asylanten","en",3
"Asylbewerber","MASC","Asylbewerber","Asylbewerber","ø",5
"Asylrecht","NEUT","Asylrecht","Asylrechte","e",3
"Asylwerber","MASC","Asylwerber","Asylwerber","ø",4
"Asynchronmotor","MASC","Asynchronmotor","Asynchronmotoren","en",5
"At-Zeichen","NEUT","At-Zeichen","At-Zeichen","ø",2
"Ataman","MASC","Ataman","Atamane","e",3
"Atelier","NEUT","Atelier","Ateliers","s",2
"Atemgas","NEUT","Atemgas","Atemgase","e",3
"Atemgerät","NEUT","Atemgerät","Atemgeräte","e",4
"Atemweg","MASC","Atemweg","Atemwege","e",3
"Atheist","MASC","Atheist","Atheisten","en",1
"Athener","MASC","Athener","Athener","ø",3
"Äther","MASC","Äther","Äther","ø",2
"Äthiopier","MASC","Äthiopier","Äthiopier","ø",2
"Athlet","MASC","Athlet","Athleten","en",2
"Athletenherz","NEUT","Athletenherz","Athletenherzen","en",4
"Atlatl","MASC","Atlatl","Atlatl","ø",2
"Atoll","NEUT","Atoll","Atolle","e",2
"Atom","NEUT","Atom","Atome","e",2
"Atomgewicht","NEUT","Atomgewicht","Atomgewichte","e",4
"Atomkern","MASC","Atomkern","Atomkerne","e",3
"Atomkrieg","MASC","Atomkrieg","Atomkriege","e",2
"Atommodell","NEUT","Atommodell","Atommodelle","e",4
"Atomphysiker","MASC","Atomphysiker","Atomphysiker","ø",5
"Atompilz","MASC","Atompilz","Atompilze","e",3
"Atomprozent","NEUT","Atomprozent","Atomprozente","e",4
"Atomreaktor","NEUT","Atomreaktor","Atomreaktore","e",4
"Atomuhr","FEM","Atomuhr","Atomuhren","en",3
"Atrazin","NEUT","Atrazin","Atrazine","e",3
"Attaché","MASC","Attaché","Attachés","s",2
"Attentat","NEUT","Attentat","Attentate","e",3
"Attentäter","MASC","Attentäter","Attentäter","ø",4
"Attribut","NEUT","Attribut","Attribute","e",3
"Au","FEM","Au","Auen","en",0
"Audi","MASC","Audi","Audis","s",1
"Auerrind","MASC","Auerrind","Auerrinder","er",2
"Aufbietung","FEM","Aufbietung","Aufbietungen","en",1
"Aufblaser","MASC","Aufblaser","Aufblaser","ø",2
"Aufbruchstimmung","FEM","Aufbruchstimmung","Aufbruchstimmungen","en",3
"Aufenthalt","MASC","Aufenthalt","Aufenthalte","e",2
"Aufenthaltsgenehmigung","FEM","Aufenthaltsgenehmigung","Aufenthaltsgenehmigungen","en",6
"Aufenthaltsort","MASC","Aufenthaltsort","Aufenthaltsorte","e",3
"Aufenthaltstitel","MASC","Aufenthaltstitel","Aufenthaltstitel","ø",4
"Auferstehung","FEM","Auferstehung","Auferstehungen","en",3
"Auffanggurt","MASC","Auffanggurt","Auffanggurte","e",2
"Aufgeblähtheit","FEM","Aufgeblähtheit","Aufgeblähtheiten","en",2
"Aufgebot","NEUT","Aufgebot","Aufgebote","e",2
"Aufgedunsenheit","FEM","Aufgedunsenheit","Aufgedunsenheiten","en",3
"Aufheizung","FEM","Aufheizung","Aufheizungen","en",1
"Aufhetzer","MASC","Aufhetzer","Aufhetzer","ø",2
"Aufklärung","FEM","Aufklärung","Aufklärungen","en",2
"Aufkleber","MASC","Aufkleber","Aufkleber","ø",2
"Aufkommen","NEUT","Aufkommen","Aufkommen","ø",2
"Auflager","NEUT","Auflager","Auflager","ø",2
"Aufläger","NEUT","Aufläger","Aufläger","ø",2
"Auflistung","FEM","Auflistung","Auflistungen","en",2
"Aufmachung","FEM","Aufmachung","Aufmachungen","en",2
"Aufmerksamkeitsdefizit","NEUT","Aufmerksamkeitsdefizit","Aufmerksamkeitsdefizite","e",5
"Aufmerksamkeitsdefizit-Hyperaktivitätsstörung","FEM","Aufmerksamkeitsdefizit-Hyperaktivitätsstörung","Aufmerksamkeitsdefizit-Hyperaktivitätsstörungen","en",13
"Aufmerksamkeitsdefizitsyndrom","NEUT","Aufmerksamkeitsdefizitsyndrom","Aufmerksamkeitsdefizitsyndrome","e",7
"Aufnehmer","MASC","Aufnehmer","Aufnehmer","ø",2
"Aufopferung","FEM","Aufopferung","Aufopferungen","en",3
"Aufprall","MASC","Aufprall","Aufpralle","e",1
"Aufpreis","MASC","Aufpreis","Aufpreise","e",0
"Aufregung","FEM","Aufregung","Aufregungen","en",2
"Aufruf","MASC","Aufruf","Aufrufe","e",1
"Aufrührer","MASC","Aufrührer","Aufrührer","ø",2
"Aufsässigkeit","FEM","Aufsässigkeit","Aufsässigkeiten","en",2
"Aufschneider","MASC","Aufschneider","Aufschneider","ø",1
"Aufschnittmesser","NEUT","Aufschnittmesser","Aufschnittmesser","ø",3
"Aufschrift","FEM","Aufschrift","Aufschriften","en",1
"Aufseher","MASC","Aufseher","Aufseher","ø",2
"Aufsetzen","NEUT","Aufsetzen","Aufsetzen","ø",2
"Aufsteiger","MASC","Aufsteiger","Aufsteiger","ø",1
"Aufstieg","MASC","Aufstieg","Aufstiege","e",0
"Auftraggeber","MASC","Auftraggeber","Auftraggeber","ø",3
"Auftragsmörder","MASC","Auftragsmörder","Auftragsmörder","ø",3
"Auftrieb","MASC","Auftrieb","Auftriebe","e",0
"Auftritt","MASC","Auftritt","Auftritte","e",1
"Auftropfstein","MASC","Auftropfstein","Auftropfsteine","e",1
"Aufwartung","FEM","Aufwartung","Aufwartungen","en",2
"Aufwertung","FEM","Aufwertung","Aufwertungen","en",2
"Aufwiegelung","FEM","Aufwiegelung","Aufwiegelungen","en",2
"Aufwiegler","MASC","Aufwiegler","Aufwiegler","ø",1
"Aufwind","MASC","Aufwind","Aufwinde","e",1
"Aufzählung","FEM","Aufzählung","Aufzählungen","en",2
"Aufzeichnungsgerät","NEUT","Aufzeichnungsgerät","Aufzeichnungsgeräte","e",3
"Augenblick","MASC","Augenblick","Augenblicke","e",2
"Augenblicksbildung","FEM","Augenblicksbildung","Augenblicksbildungen","en",4
"Augenentzündung","FEM","Augenentzündung","Augenentzündungen","en",4
"Augeninnendruck","MASC","Augeninnendruck","Augeninnendrucke","e",4
"Augenkontakt","MASC","Augenkontakt","Augenkontakte","e",3
"Augenkrankheit","FEM","Augenkrankheit","Augenkrankheiten","en",2
"Augenkrebs","MASC","Augenkrebs","Augenkrebse","e",2
"Augenlid","NEUT","Augenlid","Augenlider","er",2
"Augenmerk","NEUT","Augenmerk","Augenmerke","e",2
"Augenreim","MASC","Augenreim","Augenreime","e",1
"Augenspüleinrichtung","FEM","Augenspüleinrichtung","Augenspüleinrichtungen","en",4
"Augenwinkel","MASC","Augenwinkel","Augenwinkel","ø",3
"Augit","MASC","Augit","Augite","e",1
"Augmentativ","NEUT","Augmentativ","Augmentative","e",3
"Augsburger","MASC","Augsburger","Augsburger","ø",2
"Augur","MASC","Augur","Auguren","en",1
"August","MASC","August","Auguste","e",1
"Auktionator","MASC","Auktionator","Auktionatoren","en",3
"Auripigment","NEUT","Auripigment","Auripigmente","e",3
"Ausbau","MASC","Ausbau","Ausbaue","e",0
"Ausbaudialekt","MASC","Ausbaudialekt","Ausbaudialekte","e",2
"Ausbeuter","MASC","Ausbeuter","Ausbeuter","ø",1
"Ausbeuterei","FEM","Ausbeuterei","Ausbeutereien","en",1
"Ausbilder","MASC","Ausbilder","Ausbilder","ø",2
"Ausbildner","MASC","Ausbildner","Ausbildner","ø",2
"Ausbildungsabbrecher","MASC","Ausbildungsabbrecher","Ausbildungsabbrecher","ø",5
"Ausbuchtung","FEM","Ausbuchtung","Ausbuchtungen","en",2
"Ausdauertraining","NEUT","Ausdauertraining","Ausdauertrainings","s",3
"Ausdünstung","FEM","Ausdünstung","Ausdünstungen","en",2
"Ausführung","FEM","Ausführung","Ausführungen","en",2
"Ausgangspunkt","MASC","Ausgangspunkt","Ausgangspunkte","e",2
"Ausgangsstoff","MASC","Ausgangsstoff","Ausgangsstoffe","e",2
"Ausgleich","MASC","Ausgleich","Ausgleiche","e",0
"Ausgrabung","FEM","Ausgrabung","Ausgrabungen","en",2
"Ausguck","MASC","Ausguck","Ausgucke","e",1
"Aushängeschild","NEUT","Aushängeschild","Aushängeschilder","er",3
"Aushelfer","MASC","Aushelfer","Aushelfer","ø",2
"Ausländer","MASC","Ausländer","Ausländer","ø",2
"Auslassungszeichen","NEUT","Auslassungszeichen","Auslassungszeichen","ø",3
"Auslassventil","NEUT","Auslassventil","Auslassventile","e",3
"Ausläufer","MASC","Ausläufer","Ausläufer","ø",1
"Auslaugung","FEM","Auslaugung","Auslaugungen","en",1
"Auslaugungsmittel","NEUT","Auslaugungsmittel","Auslaugungsmittel","ø",3
"Auslaut","MASC","Auslaut","Auslaute","e",0
"Ausleger","MASC","Ausleger","Ausleger","ø",2
"Auslöseimpuls","MASC","Auslöseimpuls","Auslöseimpulse","e",2
"Auslöser","MASC","Auslöser","Auslöser","ø",2
"Ausmaß","NEUT","Ausmaß","Ausmaße","e",1
"Auspuff","MASC","Auspuff","Auspuffe","e",1
"Ausreißer","MASC","Ausreißer","Ausreißer","ø",1
"Ausruf","MASC","Ausruf","Ausrufe","e",1
"Ausrufezeichen","NEUT","Ausrufezeichen","Ausrufezeichen","ø",3
"Ausrutscher","MASC","Ausrutscher","Ausrutscher","ø",2
"Aussaat","FEM","Aussaat","Aussaaten","en",1
"Ausschaffung","FEM","Ausschaffung","Ausschaffungen","en",2
"Ausschlussverfahren","NEUT","Ausschlussverfahren","Ausschlussverfahren","ø",4
"Ausschlußverfahren","NEUT","Ausschlußverfahren","Ausschlußverfahren","ø",4
"Ausschnitt","MASC","Ausschnitt","Ausschnitte","e",1
"Ausschüttung","FEM","Ausschüttung","Ausschüttungen","en",2
"Ausschweifung","FEM","Ausschweifung","Ausschweifungen","en",1
"Aussenbereich","MASC","Aussenbereich","Aussenbereich","ø",2
"Außenbereich","MASC","Außenbereich","Außenbereiche","e",2
"Außenborder","MASC","Außenborder","Außenborder","ø",3
"Außenelektron","NEUT","Außenelektron","Außenelektronen","en",4
"Außenminister","MASC","Außenminister","Außenminister","ø",4
"Außenohr","NEUT","Außenohr","Außenohren","en",2
"Aussenseiter","MASC","Aussenseiter","Aussenseiter","ø",2
"Außenseiter","MASC","Außenseiter","Außenseiter","ø",2
"Aussenwelt","FEM","Aussenwelt","Aussenwelten","en",2
"Außenwelt","FEM","Außenwelt","Außenwelten","en",2
"Aussetzung","FEM","Aussetzung","Aussetzungen","en",2
"Aussichtspunkt","MASC","Aussichtspunkt","Aussichtspunkte","e",2
"Aussteiger","MASC","Aussteiger","Aussteiger","ø",1
"Aussteller","MASC","Aussteller","Aussteller","ø",2
"Ausstellungsobjekt","NEUT","Ausstellungsobjekt","Ausstellungsobjekte","e",4
"Ausstellungsstück","NEUT","Ausstellungsstück","Ausstellungsstücke","e",3
"Ausstich","MASC","Ausstich","Ausstiche","e",1
"Ausstieg","MASC","Ausstieg","Ausstiege","e",0
"Austausch","MASC","Austausch","Austausche","e",0
"Austeilung","FEM","Austeilung","Austeilungen","en",1
"Austenit","MASC","Austenit","Austenite","e",2
"Austernfischer","NEUT","Austernfischer","Austernfischer","ø",3
"Austernmesser","NEUT","Austernmesser","Austernmesser","ø",3
"Austragungsort","MASC","Austragungsort","Austragungsorte","e",3
"Australier","MASC","Australier","Australier","ø",1
"Austreibung","FEM","Austreibung","Austreibungen","en",1
"Austritt","MASC","Austritt","Austritte","e",1
"Auswanderer","MASC","Auswanderer","Auswanderer","ø",3
"Auswärtsmannschaft","FEM","Auswärtsmannschaft","Auswärtsmannschaften","en",3
"Auswaschung","FEM","Auswaschung","Auswaschungen","en",2
"Ausweg","MASC","Ausweg","Auswege","e",1
"Ausweis","MASC","Ausweis","Ausweise","e",0
"Auszahlung","FEM","Auszahlung","Auszahlungen","en",2
"Auszählung","FEM","Auszählung","Auszählungen","en",2
"Auszeichnung","FEM","Auszeichnung","Auszeichnungen","en",1
"Auszeit","FEM","Auszeit","Auszeiten","en",0
"Authentizität","FEM","Authentizität","Authentizitäten","en",4
"Autist","MASC","Autist","Autisten","en",1
"Autler","MASC","Autler","Autler","ø",1
"Auto","NEUT","Auto","Autos","s",1
"Autoabgas","NEUT","Autoabgas","Autoabgase","e",2
"Autobahn","FEM","Autobahn","Autobahnen","en",2
"Autobahnauffahrt","FEM","Autobahnauffahrt","Autobahnauffahrten","en",3
"Autobahnausfahrt","FEM","Autobahnausfahrt","Autobahnausfahrten","en",3
"Autobahnknoten","MASC","Autobahnknoten","Autobahnknoten","ø",4
"Autobiograf","MASC","Autobiograf","Autobiografen","en",3
"Autodafé","NEUT","Autodafé","Autodafés","s",2
"Autodidakt","MASC","Autodidakt","Autodidakten","en",3
"Autodrom","NEUT","Autodrom","Autodrome","e",2
"Autofahrer","MASC","Autofahrer","Autofahrer","ø",3
"Autogramm","NEUT","Autogramm","Autogramme","e",2
"Autogrammjäger","MASC","Autogrammjäger","Autogrammjäger","ø",4
"Autohändler","MASC","Autohändler","Autohändler","ø",3
"Autoimmunerkrankung","FEM","Autoimmunerkrankung","Autoimmunerkrankungen","en",5
"Autokennzeichen","NEUT","Autokennzeichen","Autokennzeichen","ø",3
"Autokino","NEUT","Autokino","Autokinos","s",3
"Autoklav","MASC","Autoklav","Autoklaven","en",2
"Autokrat","MASC","Autokrat","Autokraten","en",2
"Automatensalon","MASC","Automatensalon","Automatensalons","s",5
"Automatik","FEM","Automatik","Automatiken","en",3
"Automatikgetriebe","NEUT","Automatikgetriebe","Automatikgetriebe","ø",5
"Automobil","NEUT","Automobil","Automobile","e",3
"Automobilist","MASC","Automobilist","Automobilisten","en",4
"Autopilot","MASC","Autopilot","Autopiloten","en",3
"Autor","MASC","Autor","Autoren","en",1
"Autoradio","NEUT","Autoradio","Autoradios","s",3
"Autoreifen","MASC","Autoreifen","Autoreifen","ø",2
"Autorennen","NEUT","Autorennen","Autorennen","ø",3
"Autorenschaft","FEM","Autorenschaft","Autorenschaften","en",3
"Autorität","FEM","Autorität","Autoritäten","en",3
"Autoschlüssel","MASC","Autoschlüssel","Autoschlüssel","ø",3
"Autoscooter","MASC","Autoscooter","Autoscooter","ø",3
"Autotelefon","NEUT","Autotelefon","Autotelefone","e",4
"Autoverkäufer","MASC","Autoverkäufer","Autoverkäufer","ø",3
"Auxiliar","NEUT","Auxiliar","Auxiliare","e",2
"Avatar","MASC","Avatar","Avatare","e",3
"Axiom","NEUT","Axiom","Axiome","e",2
"Axolotl","MASC","Axolotl","Axolotl","ø",3
"Axon","NEUT","Axon","Axone","e",2
"Azid","NEUT","Azid","Azide","e",2
"Azobenzol","NEUT","Azobenzol","Azobenzole","e",4
"Azofarbstoff","MASC","Azofarbstoff","Azofarbstoffe","e",4
"Azubi","FEM","Azubi","Azubis","s",3
"Azurblau","NEUT","Azurblau","Azurblau","ø",2
"Azurit","MASC","Azurit","Azurite","e",3
"Baby","NEUT","Baby","Babys","s",2
"Babyboom","MASC","Babyboom","Babybooms","s",3
"Babyboomer","MASC","Babyboomer","Babyboomer","ø",4
"Babykleidung","FEM","Babykleidung","Babykleidungen","en",3
"Babylonier","MASC","Babylonier","Babylonier","ø",3
"Babyöl","NEUT","Babyöl","Babyöle","e",2
"Babysitter","MASC","Babysitter","Babysitter","ø",4
"Bacchanal","NEUT","Bacchanal","Bacchanale","e",3
"Bächelchen","NEUT","Bächelchen","Bächelchen","ø",3
"Bachelor","MASC","Bachelor","Bachelor","ø",3
"Bachelorgrad","MASC","Bachelorgrad","Bachelorgrade","e",4
"Bacher","MASC","Bacher","Bacher","ø",2
"Bächlein","NEUT","Bächlein","Bächlein","ø",1
"Back","MASC","Back","Backen","en",1
"Backblech","NEUT","Backblech","Backbleche","e",2
"Backbord","NEUT","Backbord","Backborde","e",2
"Bäckchen","NEUT","Bäckchen","Bäckchen","ø",2
"Backenknochen","MASC","Backenknochen","Backenknochen","ø",4
"Backenstreich","MASC","Backenstreich","Backenstreiche","e",2
"Bäcker","MASC","Bäcker","Bäcker","ø",2
"Bäckermeister","MASC","Bäckermeister","Bäckermeister","ø",3
"Backfisch","MASC","Backfisch","Backfische","e",2
"Backhäuschen","NEUT","Backhäuschen","Backhäuschen","ø",2
"Backoffice","NEUT","Backoffice","Backoffices","s",4
"Backpfeifengesicht","NEUT","Backpfeifengesicht","Backpfeifengesichter","er",4
"Backpulver","NEUT","Backpulver","Backpulver","ø",3
"Backstein","MASC","Backstein","Backsteine","e",1
"Backwerk","NEUT","Backwerk","Backwerke","e",2
"Baddeleyit","MASC","Baddeleyit","Baddeleyite","e",3
"Badeanstalt","FEM","Badeanstalt","Badeanstalten","en",3
"Badebekleidung","FEM","Badebekleidung","Badebekleidungen","en",4
"Bademeister","MASC","Bademeister","Bademeister","ø",3
"Baden-Württemberger","MASC","Baden-Württemberger","Baden-Württemberger","ø",6
"Badeort","MASC","Badeort","Badeorte","e",2
"Bader","MASC","Bader","Bader","ø",2
"Badesalz","NEUT","Badesalz","Badesalze","e",3
"Badeteich","MASC","Badeteich","Badeteiche","e",2
"Badezimmer","NEUT","Badezimmer","Badezimmer","ø",4
"Bafög-Schmarotzer","MASC","Bafög-Schmarotzer","Bafög-Schmarotzer","ø",5
"Bagel","MASC","Bagel","Bagels","s",2
"Bagger","MASC","Bagger","Bagger","ø",2
"Bahamaer","MASC","Bahamaer","Bahamaer","ø",3
"Bahn","FEM","Bahn","Bahnen","en",1
"Bahndrehimpuls","MASC","Bahndrehimpuls","Bahndrehimpulse","e",4
"Bahnfahrt","FEM","Bahnfahrt","Bahnfahrten","en",2
"Bahnmoment","NEUT","Bahnmoment","Bahnmomente","e",3
"Bahnstation","FEM","Bahnstation","Bahnstationen","en",3
"Bahnsteig","MASC","Bahnsteig","Bahnsteige","e",1
"Bahuvrihi","NEUT","Bahuvrihi","Bahuvrihi","ø",4
"Bajonett","NEUT","Bajonett","Bajonette","e",3
"Bakkie","MASC","Bakkie","Bakkies","s",1
"Bakschisch","NEUT","Bakschisch","Bakschische","e",2
"Bakterizid","NEUT","Bakterizid","Bakterizide","e",4
"Baldachin","MASC","Baldachin","Baldachine","e",3
"Baldrian","MASC","Baldrian","Baldriane","e",2
"Balitiger","MASC","Balitiger","Balitiger","ø",4
"Balkanisierung","FEM","Balkanisierung","Balkanisierungen","en",4
"Balken","MASC","Balken","Balken","ø",2
"Balkon","MASC","Balkon","Balkons","s",2
"Ballast","MASC","Ballast","Ballaste","e",2
"Ballaststoff","MASC","Ballaststoff","Ballaststoffe","e",3
"Bällchen","NEUT","Bällchen","Bällchen","ø",2
"Ballen","NEUT","Ballen","Ballen","ø",2
"Ballerspiel","NEUT","Ballerspiel","Ballerspiele","e",2
"Ballett","NEUT","Ballett","Ballette","e",2
"Ballett-Tänzer","MASC","Ballett-Tänzer","Ballett-Tänzer","ø",4
"Balletttänzer","MASC","Balletttänzer","Balletttänzer","ø",4
"Ballkleid","NEUT","Ballkleid","Ballkleider","er",1
"Ballkleidchen","NEUT","Ballkleidchen","Ballkleidchen","ø",2
"Ballon","MASC","Ballon","Ballons","s",2
"Ballspiel","NEUT","Ballspiel","Ballspiele","e",1
"Ballung","FEM","Ballung","Ballungen","en",2
"Balsam","MASC","Balsam","Balsame","e",2
"Baluster","MASC","Baluster","Baluster","ø",3
"Balz","FEM","Balz","Balzen","en",1
"Bambusameisenwürger","MASC","Bambusameisenwürger","Bambusameisenwürger","ø",6
"Banalität","FEM","Banalität","Banalitäten","en",4
"Bändchen","NEUT","Bändchen","Bändchen","ø",2
"Bändel","MASC","Bändel","Bändel","ø",2
"Bandit","MASC","Bandit","Banditen","en",2
"Bändlein","NEUT","Bändlein","Bändlein","ø",1
"Bandwurmgegenmittel","NEUT","Bandwurmgegenmittel","Bandwurmgegenmittel","ø",6
"Banjo","NEUT","Banjo","Banjos","s",2
"Bankautomat","MASC","Bankautomat","Bankautomaten","en",3
"Banker","MASC","Banker","Banker","ø",2
"Bankett","NEUT","Bankett","Bankette","e",2
"Bankier","MASC","Bankier","Bankiers","s",1
"Bankleitzahl","FEM","Bankleitzahl","Bankleitzahlen","en",2
"Bankomat","MASC","Bankomat","Bankomaten","en",3
"Bankraub","MASC","Bankraub","Bankraube","e",1
"Bankräuber","MASC","Bankräuber","Bankräuber","ø",2
"Bankschalter","MASC","Bankschalter","Bankschalter","ø",3
"Bankzinsenluder","NEUT","Bankzinsenluder","Bankzinsenluder","ø",5
"Bann","MASC","Bann","Banne","e",1
"Banner","NEUT","Banner","Banner","ø",2
"Bannstrahl","MASC","Bannstrahl","Bannstrahlen","en",2
"Baptist","MASC","Baptist","Baptisten","en",2
"Bar","NEUT","Bar","Bars","s",1
"Bär","MASC","Bär","Bären","en",1
"Barbar","MASC","Barbar","Barbaren","en",2
"Barceloner","MASC","Barceloner","Barceloner","ø",4
"Barchat","MASC","Barchat","Barchate","e",2
"Barchend","MASC","Barchend","Barchende","e",2
"Barchent","MASC","Barchent","Barchente","e",2
"Barchet","MASC","Barchet","Barchete","e",2
"Barcode","MASC","Barcode","Barcodes","s",3
"Bärendienst","MASC","Bärendienst","Bärendienste","e",2
"Bärenfell","NEUT","Bärenfell","Bärenfelle","e",3
"Bargeld","NEUT","Bargeld","Bargelder","er",2
"Barhocker","MASC","Barhocker","Barhocker","ø",3
"Barit","MASC","Barit","Barite","e",2
"Bariton","MASC","Bariton","Baritone","e",3
"Bark","FEM","Bark","Barken","en",1
"Barkeeper","MASC","Barkeeper","Barkeeper","ø",3
"Bärlauch","MASC","Bärlauch","Bärlauche","e",1
"Barmixer","MASC","Barmixer","Barmixer","ø",3
"Barockmaler","MASC","Barockmaler","Barockmaler","ø",4
"Barockmusik","FEM","Barockmusik","Barockmusiken","en",4
"Barockschlösschen","NEUT","Barockschlösschen","Barockschlösschen","ø",4
"Barometer","NEUT","Barometer","Barometer","ø",4
"Baron","MASC","Baron","Barone","e",2
"Barren","MASC","Barren","Barren","ø",2
"Barsch","MASC","Barsch","Barsche","e",1
"Barschaft","FEM","Barschaft","Barschaften","en",2
"Bärtchen","NEUT","Bärtchen","Bärtchen","ø",2
"Bartender","MASC","Bartender","Bartender","ø",3
"Bartenwal","MASC","Bartenwal","Bartenwale","e",3
"Bartgeier","MASC","Bartgeier","Bartgeier","ø",2
"Bärtierchen","NEUT","Bärtierchen","Bärtierchen","ø",2
"Baryon","NEUT","Baryon","Baryonen","en",2
"Baryt","MASC","Baryt","Baryte","e",2
"Baryton","NEUT","Baryton","Barytone","e",3
"Basalt","MASC","Basalt","Basalte","e",2
"Basaltgestein","NEUT","Basaltgestein","Basaltgesteine","e",3
"Basar","MASC","Basar","Basare","e",2
"Baseball","MASC","Baseball","Baseballs","s",3
"Baseballschläger","MASC","Baseballschläger","Baseballschläger","ø",5
"Basecap","FEM","Basecap","Basecaps","s",3
"Baseler","MASC","Baseler","Baseler","ø",3
"Basilekt","MASC","Basilekt","Basilekte","e",3
"Basisreproduktionszahl","FEM","Basisreproduktionszahl","Basisreproduktionszahlen","en",7
"Basizität","FEM","Basizität","Basizitäten","en",4
"Basketballspieler","MASC","Basketballspieler","Basketballspieler","ø",4
"Bassin","NEUT","Bassin","Bassins","s",2
"Bassist","MASC","Bassist","Bassisten","en",2
"Basssänger","MASC","Basssänger","Basssänger","ø",3
"Bassschlüssel","MASC","Bassschlüssel","Bassschlüssel","ø",3
"Basstölpel","MASC","Basstölpel","Basstölpel","ø",3
"Bast","MASC","Bast","Baste","e",1
"Bastard","MASC","Bastard","Bastarde","e",2
"Bastei","FEM","Bastei","Basteien","en",1
"Bataillon","NEUT","Bataillon","Bataillone","e",3
"Batzen","MASC","Batzen","Batzen","ø",2
"Bauarbeiter","MASC","Bauarbeiter","Bauarbeiter","ø",2
"Bauchfleck","MASC","Bauchfleck","Bauchflecke","e",1
"Bauchgefühl","NEUT","Bauchgefühl","Bauchgefühle","e",2
"Bauchklatscher","MASC","Bauchklatscher","Bauchklatscher","ø",2
"Bauchnabel","MASC","Bauchnabel","Bauchnabel","ø",2
"Bauchplatscher","MASC","Bauchplatscher","Bauchplatscher","ø",2
"Bauchredner","MASC","Bauchredner","Bauchredner","ø",2
"Bauchschmerz","MASC","Bauchschmerz","Bauchschmerzen","en",1
"Bauchspeck","MASC","Bauchspeck","Bauchspecke","e",1
"Bauchspeicheldrüsenentzündung","FEM","Bauchspeicheldrüsenentzündung","Bauchspeicheldrüsenentzündungen","en",6
"Bauelement","NEUT","Bauelement","Bauelemente","e",3
"Bäuerchen","NEUT","Bäuerchen","Bäuerchen","ø",2
"Bäuerlein","NEUT","Bäuerlein","Bäuerlein","ø",1
"Bauernfänger","MASC","Bauernfänger","Bauernfänger","ø",3
"Bauernfängerei","FEM","Bauernfängerei","Bauernfängereien","en",3
"Bauernfrühstück","NEUT","Bauernfrühstück","Bauernfrühstücke","e",3
"Bauernkrieg","MASC","Bauernkrieg","Bauernkriege","e",1
"Bauerntabak","MASC","Bauerntabak","Bauerntabake","e",3
"Baugenehmigung","FEM","Baugenehmigung","Baugenehmigungen","en",4
"Bauherr","MASC","Bauherr","Bauherren","en",1
"Baujahr","NEUT","Baujahr","Baujahre","e",1
"Baukalk","MASC","Baukalk","Baukalke","e",1
"Baumbast","MASC","Baumbast","Baumbaste","e",1
"Bäumchen","NEUT","Bäumchen","Bäumchen","ø",1
"Baumkronenpfad","MASC","Baumkronenpfad","Baumkronenpfade","e",3
"Baumkuchen","MASC","Baumkuchen","Baumkuchen","ø",2
"Bäumlein","NEUT","Bäumlein","Bäumlein","ø",0
"Baummarder","MASC","Baummarder","Baummarder","ø",2
"Baumwipfel","MASC","Baumwipfel","Baumwipfel","ø",2
"Baumwipfelpfad","MASC","Baumwipfelpfad","Baumwipfelpfade","e",3
"Baumwollhandschuh","MASC","Baumwollhandschuh","Baumwollhandschuhe","e",3
"Baumwollhemd","NEUT","Baumwollhemd","Baumwollhemden","en",2
"Baumwolllaken","NEUT","Baumwolllaken","Baumwolllaken","ø",3
"Baumwollsamt","MASC","Baumwollsamt","Baumwollsamte","e",2
"Bausch","MASC","Bausch","Bausche","e",0
"Bausoldat","MASC","Bausoldat","Bausoldaten","en",2
"Baustein","MASC","Baustein","Bausteine","e",0
"Baustoff","MASC","Baustoff","Baustoffe","e",1
"Bauteil","NEUT","Bauteil","Bauteilen","en",0
"Bauvorschrift","FEM","Bauvorschrift","Bauvorschriften","en",2
"Bauwagen","MASC","Bauwagen","Bauwagen","ø",2
"Bauwerk","NEUT","Bauwerk","Bauwerke","e",1
"Bauxit","MASC","Bauxit","Bauxite","e",1
"Bayer-Bezeichnung","FEM","Bayer-Bezeichnung","Bayer-Bezeichnungen","en",3
"Bazi","MASC","Bazi","Bazis","s",2
"Bazooka","FEM","Bazooka","Bazookas","s",3
"Bazzit","MASC","Bazzit","Bazzite","e",2
"Beamer","MASC","Beamer","Beamer","ø",2
"Beamtendeutsch","NEUT","Beamtendeutsch","Beamtendeutsche","e",2
"Beanie","FEM","Beanie","Beanies","s",1
"Beantrager","MASC","Beantrager","Beantrager","ø",3
"Beatmung","FEM","Beatmung","Beatmungen","en",2
"Beatmungsgerät","NEUT","Beatmungsgerät","Beatmungsgeräte","e",4
"Beatnik","MASC","Beatnik","Beatniks","s",2
"Beben","NEUT","Beben","Beben","ø",2
"Becher","MASC","Becher","Becher","ø",2
"Becherchen","NEUT","Becherchen","Becherchen","ø",3
"Becherlein","NEUT","Becherlein","Becherlein","ø",2
"Beck","MASC","Beck","Becken","en",1
"Becken","NEUT","Becken","Becken","ø",2
"Becquerel","NEUT","Becquerel","Becquerel","ø",3
"Bedarf","MASC","Bedarf","Bedarfe","e",2
"Bedenken","NEUT","Bedenken","Bedenken","ø",3
"Bedeutsamkeit","FEM","Bedeutsamkeit","Bedeutsamkeiten","en",2
"Bedeutung","FEM","Bedeutung","Bedeutungen","en",2
"Bedeutungserweiterung","FEM","Bedeutungserweiterung","Bedeutungserweiterungen","en",5
"Bedeutungslosigkeit","FEM","Bedeutungslosigkeit","Bedeutungslosigkeiten","en",4
"Bedeutungsverengung","FEM","Bedeutungsverengung","Bedeutungsverengungen","en",5
"Bedeutungswandel","MASC","Bedeutungswandel","Bedeutungswandel","ø",4
"Bedrücktheit","FEM","Bedrücktheit","Bedrücktheiten","en",2
"Bedürftigkeit","FEM","Bedürftigkeit","Bedürftigkeiten","en",3
"Beeilung","FEM","Beeilung","Beeilungen","en",2
"Beeinflussung","FEM","Beeinflussung","Beeinflussungen","en",3
"Beet","NEUT","Beet","Beete","e",1
"Befehl","MASC","Befehl","Befehle","e",2
"Befehlshaber","MASC","Befehlshaber","Befehlshaber","ø",4
"Beffchen","NEUT","Beffchen","Beffchen","ø",2
"Befindlichkeit","FEM","Befindlichkeit","Befindlichkeiten","en",3
"Befleckung","FEM","Befleckung","Befleckungen","en",3
"Beförderung","FEM","Beförderung","Beförderungen","en",4
"Beförderungsmittel","NEUT","Beförderungsmittel","Beförderungsmittel","ø",6
"Befreiung","FEM","Befreiung","Befreiungen","en",2
"Befremdung","FEM","Befremdung","Befremdungen","en",3
"Befriedigung","FEM","Befriedigung","Befriedigungen","en",3
"Befriedung","FEM","Befriedung","Befriedungen","en",2
"Befristung","FEM","Befristung","Befristungen","en",3
"Befund","MASC","Befund","Befunde","e",2
"Befürworter","MASC","Befürworter","Befürworter","ø",4
"Begebenheit","FEM","Begebenheit","Begebenheiten","en",3
"Begehren","NEUT","Begehren","Begehren","ø",3
"Begehung","FEM","Begehung","Begehungen","en",3
"Beginn","MASC","Beginn","Beginne","e",2
"Begleiter","MASC","Begleiter","Begleiter","ø",2
"Begleiterscheinung","FEM","Begleiterscheinung","Begleiterscheinungen","en",3
"Begleitfahrzeug","NEUT","Begleitfahrzeug","Begleitfahrzeuge","e",2
"Begleitsymptom","NEUT","Begleitsymptom","Begleitsymptome","e",3
"Begleitung","FEM","Begleitung","Begleitungen","en",2
"Begriff","MASC","Begriff","Begriffe","e",2
"Begriffsklärung","FEM","Begriffsklärung","Begriffsklärungen","en",4
"Begründer","MASC","Begründer","Begründer","ø",3
"Begründung","FEM","Begründung","Begründungen","en",3
"Begrüßer","MASC","Begrüßer","Begrüßer","ø",3
"Begünstigung","FEM","Begünstigung","Begünstigungen","en",4
"Behaarung","FEM","Behaarung","Behaarungen","en",3
"Behälter","MASC","Behälter","Behälter","ø",3
"Behandlungsfehler","MASC","Behandlungsfehler","Behandlungsfehler","ø",5
"Behausung","FEM","Behausung","Behausungen","en",2
"Behelf","MASC","Behelf","Behelfe","e",2
"Behemoth","MASC","Behemoth","Behemoths","s",3
"Behindertensport","NEUT","Behindertensport","Behindertensporte","e",5
"Behuf","MASC","Behuf","Behufe","e",2
"Behüter","MASC","Behüter","Behüter","ø",3
"Beichtkind","NEUT","Beichtkind","Beichtkinder","er",1
"Beidenhänder","MASC","Beidenhänder","Beidenhänder","ø",3
"Beifahrer","MASC","Beifahrer","Beifahrer","ø",2
"Beifahrersitz","MASC","Beifahrersitz","Beifahrersitze","e",3
"Beil","NEUT","Beil","Beile","e",0
"Beilegung","FEM","Beilegung","Beilegungen","en",2
"Beimengung","FEM","Beimengung","Beimengungen","en",2
"Beimischung","FEM","Beimischung","Beimischungen","en",2
"Bein","NEUT","Bein","Beine","e",0
"Beinchen","NEUT","Beinchen","Beinchen","ø",1
"Beinkleid","NEUT","Beinkleid","Beinkleider","er",0
"Beinwell","MASC","Beinwell","Beinwelle","e",1
"Beiprodukt","NEUT","Beiprodukt","Beiprodukte","e",2
"Beiruter","MASC","Beiruter","Beiruter","ø",2
"Beispiel","NEUT","Beispiel","Beispiele","e",0
"Beißer","MASC","Beißer","Beißer","ø",1
"Beißreflex","MASC","Beißreflex","Beißreflexe","e",2
"Beistelltisch","MASC","Beistelltisch","Beistelltische","e",2
"Beistrich","MASC","Beistrich","Beistriche","e",1
"Beitel","MASC","Beitel","Beitel","ø",1
"Beitritt","MASC","Beitritt","Beitritte","e",1
"Beizmittel","NEUT","Beizmittel","Beizmittel","ø",2
"Bejagung","FEM","Bejagung","Bejagungen","en",3
"Bekanntmachung","FEM","Bekanntmachung","Bekanntmachungen","en",4
"Bekehrung","FEM","Bekehrung","Bekehrungen","en",3
"Belagerer","MASC","Belagerer","Belagerer","ø",4
"Belang","MASC","Belang","Belange","e",2
"Belarusisch","NEUT","Belarusisch","Belarusische","e",4
"Belästigung","FEM","Belästigung","Belästigungen","en",4
"Belastungsstörung","FEM","Belastungsstörung","Belastungsstörungen","en",5
"Beleg","MASC","Beleg","Belege","e",2
"Belegexemplar","NEUT","Belegexemplar","Belegexemplare","e",5
"Belehrung","FEM","Belehrung","Belehrungen","en",3
"Beleuchtungskörper","MASC","Beleuchtungskörper","Beleuchtungskörper","ø",4
"Belgier","MASC","Belgier","Belgier","ø",1
"Belgrader","MASC","Belgrader","Belgrader","ø",3
"Belichtungsmesser","MASC","Belichtungsmesser","Belichtungsmesser","ø",5
"Belt","MASC","Belt","Belte","e",1
"Beluga","FEM","Beluga","Belugas","s",3
"Benachrichtigung","FEM","Benachrichtigung","Benachrichtigungen","en",5
"Benediktiner","MASC","Benediktiner","Benediktiner","ø",5
"Benefaktiv","MASC","Benefaktiv","Benefaktive","e",4
"Beniner","MASC","Beniner","Beniner","ø",3
"Benutzer","MASC","Benutzer","Benutzer","ø",3
"Benz","MASC","Benz","Benze","e",1
"Benzin","NEUT","Benzin","Benzine","e",2
"Benzinkanister","MASC","Benzinkanister","Benzinkanister","ø",5
"Benzinmotor","MASC","Benzinmotor","Benzinmotoren","en",4
"Benzol","NEUT","Benzol","Benzole","e",2
"Benzolring","MASC","Benzolring","Benzolringe","e",3
"Beobachter","MASC","Beobachter","Beobachter","ø",3
"Beobachtung","FEM","Beobachtung","Beobachtungen","en",3
"Berater","MASC","Berater","Berater","ø",3
"Beraubung","FEM","Beraubung","Beraubungen","en",2
"Berber","MASC","Berber","Berber","ø",2
"Berechnung","FEM","Berechnung","Berechnungen","en",3
"Beredung","FEM","Beredung","Beredungen","en",3
"Bereich","MASC","Bereich","Bereiche","e",1
"Bereitschaftspotential","NEUT","Bereitschaftspotential","Bereitschaftspotentiale","e",5
"Bereitstellung","FEM","Bereitstellung","Bereitstellungen","en",3
"Bergarbeiter","MASC","Bergarbeiter","Bergarbeiter","ø",3
"Bergfink","MASC","Bergfink","Bergfinken","en",2
"Bergfrau","FEM","Bergfrau","Bergfrauen","en",1
"Bergführer","MASC","Bergführer","Bergführer","ø",3
"Berggipfel","MASC","Berggipfel","Berggipfel","ø",3
"Bergkristall","MASC","Bergkristall","Bergkristalle","e",3
"Bergmolch","MASC","Bergmolch","Bergmolche","e",2
"Bergrücken","MASC","Bergrücken","Bergrücken","ø",3
"Bergschuh","MASC","Bergschuh","Bergschuhe","e",2
"Bergspitze","FEM","Bergspitze","Bergspitzeen","en",3
"Bergsteiger","MASC","Bergsteiger","Bergsteiger","ø",2
"Bergstiefel","MASC","Bergstiefel","Bergstiefel","ø",2
"Bergwerk","NEUT","Bergwerk","Bergwerke","e",2
"Bericht","MASC","Bericht","Berichte","e",2
"Berichterstatter","MASC","Berichterstatter","Berichterstatter","ø",5
"Berichtswesen","NEUT","Berichtswesen","Berichtswesen","ø",4
"Berkan","MASC","Berkan","Berkane","e",2
"Berliner","MASC","Berliner","Berliner","ø",3
"Berner","MASC","Berner","Berner","ø",2
"Bernhardiner","MASC","Bernhardiner","Bernhardiner","ø",4
"Bertrandit","MASC","Bertrandit","Bertrandite","e",3
"Beruf","MASC","Beruf","Berufe","e",2
"Berufsmusiker","MASC","Berufsmusiker","Berufsmusiker","ø",5
"Berufspolitiker","MASC","Berufspolitiker","Berufspolitiker","ø",6
"Berufsverbot","NEUT","Berufsverbot","Berufsverbote","e",4
"Berufungsgericht","NEUT","Berufungsgericht","Berufungsgerichte","e",5
"Beruhigungsmittel","NEUT","Beruhigungsmittel","Beruhigungsmittel","ø",6
"Berührungsbildschirm","MASC","Berührungsbildschirm","Berührungsbildschirme","e",5
"Beryll","MASC","Beryll","Berylle","e",2
"Beryllat","NEUT","Beryllat","Beryllate","e",3
"Berylliumerz","NEUT","Berylliumerz","Berylliumerze","e",4
"Berylliummetall","NEUT","Berylliummetall","Berylliummetalle","e",5
"Berylliumsalz","NEUT","Berylliumsalz","Berylliumsalze","e",4
"Beryter","MASC","Beryter","Beryter","ø",3
"Besan","MASC","Besan","Besane","e",2
"Besanmast","MASC","Besanmast","Besanmasten","en",3
"Besansegel","NEUT","Besansegel","Besansegel","ø",4
"Besatzer","MASC","Besatzer","Besatzer","ø",3
"Besatzung","FEM","Besatzung","Besatzungen","en",3
"Besatzungsmitglied","NEUT","Besatzungsmitglied","Besatzungsmitglieder","er",4
"Beschaffenheit","FEM","Beschaffenheit","Beschaffenheiten","en",3
"Bescheid","MASC","Bescheid","Bescheide","e",1
"Bescheinigung","FEM","Bescheinigung","Bescheinigungen","en",3
"Bescherung","FEM","Bescherung","Bescherungen","en",3
"Beschilderung","FEM","Beschilderung","Beschilderungen","en",4
"Beschleuniger","MASC","Beschleuniger","Beschleuniger","ø",3
"Beschleunigungsmesser","MASC","Beschleunigungsmesser","Beschleunigungsmesser","ø",5
"Beschleunigungssensor","MASC","Beschleunigungssensor","Beschleunigungssensoren","en",5
"Beschmutzer","MASC","Beschmutzer","Beschmutzer","ø",3
"Beschöniger","MASC","Beschöniger","Beschöniger","ø",4
"Beschränktheit","FEM","Beschränktheit","Beschränktheiten","en",2
"Beschriftung","FEM","Beschriftung","Beschriftungen","en",3
"Beschuldigung","FEM","Beschuldigung","Beschuldigungen","en",4
"Beschützer","MASC","Beschützer","Beschützer","ø",3
"Beschwerdebrief","MASC","Beschwerdebrief","Beschwerdebriefe","e",3
"Beschwerlichkeit","FEM","Beschwerlichkeit","Beschwerlichkeiten","en",3
"Besen","MASC","Besen","Besen","ø",2
"Besenbinder","MASC","Besenbinder","Besenbinder","ø",4
"Besenchen","NEUT","Besenchen","Besenchen","ø",3
"Besenstiel","MASC","Besenstiel","Besenstiele","e",2
"Besetzer","MASC","Besetzer","Besetzer","ø",3
"Besetzung","FEM","Besetzung","Besetzungen","en",3
"Besinnungslosigkeit","FEM","Besinnungslosigkeit","Besinnungslosigkeiten","en",5
"Besitz","MASC","Besitz","Besitze","e",2
"Besitzer","MASC","Besitzer","Besitzer","ø",3
"Besitzstandswahrung","FEM","Besitzstandswahrung","Besitzstandswahrungen","en",5
"Besoldung","FEM","Besoldung","Besoldungen","en",3
"Besserwisser","MASC","Besserwisser","Besserwisser","ø",4
"Bestandserhaltung","FEM","Bestandserhaltung","Bestandserhaltungen","en",5
"Bestandteil","MASC","Bestandteil","Bestandteile","e",2
"Bestätigung","FEM","Bestätigung","Bestätigungen","en",4
"Bestatter","MASC","Bestatter","Bestatter","ø",3
"Bestattung","FEM","Bestattung","Bestattungen","en",3
"Bestechung","FEM","Bestechung","Bestechungen","en",3
"Bestechungsgeld","NEUT","Bestechungsgeld","Bestechungsgelder","er",4
"Bestechungsversuch","MASC","Bestechungsversuch","Bestechungsversuche","e",5
"Besteck","NEUT","Besteck","Bestecke","e",2
"Bestialität","FEM","Bestialität","Bestialitäten","en",4
"Bestimmung","FEM","Bestimmung","Bestimmungen","en",3
"Bestseller","MASC","Bestseller","Bestseller","ø",3
"Bestsellerautor","MASC","Bestsellerautor","Bestsellerautoren","en",4
"Besuch","MASC","Besuch","Besuche","e",2
"Besucher","MASC","Besucher","Besucher","ø",3
"Besucherzimmer","NEUT","Besucherzimmer","Besucherzimmer","ø",5
"Beta","NEUT","Beta","Betas","s",2
"Beta-Version","FEM","Beta-Version","Beta-Versionen","en",4
"Betain","NEUT","Betain","Betaine","e",2
"Betastrahl","MASC","Betastrahl","Betastrahlen","en",3
"Betastrahler","MASC","Betastrahler","Betastrahler","ø",4
"Betätigung","FEM","Betätigung","Betätigungen","en",4
"Betäubungsmittel","NEUT","Betäubungsmittel","Betäubungsmittel","ø",4
"Beton","MASC","Beton","Betone","e",2
"Betonierer","MASC","Betonierer","Betonierer","ø",3
"Betonmischer","MASC","Betonmischer","Betonmischer","ø",4
"Betonsträßchen","NEUT","Betonsträßchen","Betonsträßchen","ø",4
"Betonungszeichen","NEUT","Betonungszeichen","Betonungszeichen","ø",4
"Betonzusatzstoff","MASC","Betonzusatzstoff","Betonzusatzstoffe","e",5
"Betörung","FEM","Betörung","Betörungen","en",3
"Betrachter","MASC","Betrachter","Betrachter","ø",3
"Betrachtung","FEM","Betrachtung","Betrachtungen","en",3
"Betrachtungshorizont","MASC","Betrachtungshorizont","Betrachtungshorizonte","e",6
"Betreff","MASC","Betreff","Betreffe","e",2
"Betreiber","MASC","Betreiber","Betreiber","ø",2
"Betreuer","MASC","Betreuer","Betreuer","ø",2
"Betrieb","MASC","Betrieb","Betriebe","e",1
"Betriebsmeister","MASC","Betriebsmeister","Betriebsmeister","ø",2
"Betriebsvereinbarung","FEM","Betriebsvereinbarung","Betriebsvereinbarungen","en",4
"Betroffenheit","FEM","Betroffenheit","Betroffenheiten","en",3
"Betrüger","MASC","Betrüger","Betrüger","ø",3
"Betrunkenheit","FEM","Betrunkenheit","Betrunkenheiten","en",3
"Bett","NEUT","Bett","Betten","en",1
"Bettchen","NEUT","Bettchen","Bettchen","ø",2
"Bettelorden","MASC","Bettelorden","Bettelorden","ø",4
"Bettelruf","MASC","Bettelruf","Bettelrufe","e",3
"Bettenburg","FEM","Bettenburg","Bettenburgen","en",3
"Bettlaken","NEUT","Bettlaken","Bettlaken","ø",3
"Bettlein","NEUT","Bettlein","Bettlein","ø",1
"Bettler","MASC","Bettler","Bettler","ø",2
"Beugewinkel","MASC","Beugewinkel","Beugewinkel","ø",3
"Beugungswinkel","MASC","Beugungswinkel","Beugungswinkel","ø",3
"Beuschel","NEUT","Beuschel","Beuschel","ø",1
"Beutegreifer","MASC","Beutegreifer","Beutegreifer","ø",2
"Beutel","MASC","Beutel","Beutel","ø",1
"Beutelmarder","MASC","Beutelmarder","Beutelmarder","ø",3
"Beutelsäuger","MASC","Beutelsäuger","Beutelsäuger","ø",2
"Beutelteufel","MASC","Beutelteufel","Beutelteufel","ø",2
"Beutler","MASC","Beutler","Beutler","ø",1
"Bevölkerung","FEM","Bevölkerung","Bevölkerungen","en",4
"Bevollmächtigung","FEM","Bevollmächtigung","Bevollmächtigungen","en",5
"Bewegungsstörung","FEM","Bewegungsstörung","Bewegungsstörungen","en",5
"Beweis","MASC","Beweis","Beweise","e",1
"Beweisführung","FEM","Beweisführung","Beweisführungen","en",3
"Beweisstück","NEUT","Beweisstück","Beweisstücke","e",2
"Beweisvereitelung","FEM","Beweisvereitelung","Beweisvereitelungen","en",4
"Bewerber","MASC","Bewerber","Bewerber","ø",3
"Bewerbung","FEM","Bewerbung","Bewerbungen","en",3
"Bewerbungsgespräch","NEUT","Bewerbungsgespräch","Bewerbungsgespräche","e",5
"Bewohner","MASC","Bewohner","Bewohner","ø",3
"Bewölkung","FEM","Bewölkung","Bewölkungen","en",3
"Bewusstlosigkeit","FEM","Bewusstlosigkeit","Bewusstlosigkeiten","en",4
"Beydenhänder","MASC","Beydenhänder","Beydenhänder","ø",4
"Beyl","NEUT","Beyl","Beyle","e",1
"Beylegung","FEM","Beylegung","Beylegungen","en",3
"Beymengung","FEM","Beymengung","Beymengungen","en",3
"Beymischung","FEM","Beymischung","Beymischungen","en",3
"Beyn","NEUT","Beyn","Beyne","e",1
"Beyspiel","NEUT","Beyspiel","Beyspiele","e",1
"Beystrich","MASC","Beystrich","Beystriche","e",2
"Beytel","MASC","Beytel","Beytel","ø",2
"Beytritt","MASC","Beytritt","Beytritte","e",2
"Beywagen","MASC","Beywagen","Beywagen","ø",3
"Bezahlung","FEM","Bezahlung","Bezahlungen","en",3
"Bezauberung","FEM","Bezauberung","Bezauberungen","en",3
"Bezeichnung","FEM","Bezeichnung","Bezeichnungen","en",2
"Bezirk","MASC","Bezirk","Bezirke","e",2
"Bezugspunkt","MASC","Bezugspunkt","Bezugspunkte","e",3
"Bhutaner","MASC","Bhutaner","Bhutaner","ø",3
"Biathlon","MASC","Biathlon","Biathlons","s",2
"Bibelforscher","MASC","Bibelforscher","Bibelforscher","ø",4
"Bibelvers","MASC","Bibelvers","Bibelverse","e",3
"Biber","MASC","Biber","Biber","ø",2
"Bibliothek","FEM","Bibliothek","Bibliotheken","en",3
"Bibliothekar","MASC","Bibliothekar","Bibliothekare","e",4
"Bidenhänder","MASC","Bidenhänder","Bidenhänder","ø",4
"Bidet","NEUT","Bidet","Bidets","s",2
"Biegung","FEM","Biegung","Biegungen","en",1
"Biegungswinkel","MASC","Biegungswinkel","Biegungswinkel","ø",3
"Bienchen","NEUT","Bienchen","Bienchen","ø",1
"Bienenhäuschen","NEUT","Bienenhäuschen","Bienenhäuschen","ø",2
"Bienenstich","MASC","Bienenstich","Bienenstiche","e",2
"Bienenwachs","NEUT","Bienenwachs","Bienenwachse","e",2
"Bienenzüchter","MASC","Bienenzüchter","Bienenzüchter","ø",3
"Bier","NEUT","Bier","Biere","e",0
"Bierchen","NEUT","Bierchen","Bierchen","ø",1
"Bierdeckel","MASC","Bierdeckel","Bierdeckel","ø",2
"Bierzelt","NEUT","Bierzelt","Bierzelte","e",1
"Biest","MASC","Biest","Biester","er",0
"Bigamist","MASC","Bigamist","Bigamisten","en",3
"Bihänder","MASC","Bihänder","Bihänder","ø",3
"Bilabial","MASC","Bilabial","Bilabiale","e",3
"Bilch","MASC","Bilch","Bilche","e",1
"Bild","NEUT","Bild","Bilder","er",1
"Bildbestandteil","MASC","Bildbestandteil","Bildbestandteile","e",3
"Bildchen","NEUT","Bildchen","Bildchen","ø",2
"Bilderschrift","FEM","Bilderschrift","Bilderschriften","en",3
"Bilderstürmer","MASC","Bilderstürmer","Bilderstürmer","ø",4
"Bildhauer","MASC","Bildhauer","Bildhauer","ø",2
"Bildhauerei","FEM","Bildhauerei","Bildhauereien","en",2
"Bildpunkt","MASC","Bildpunkt","Bildpunkte","e",2
"Bildschirm","MASC","Bildschirm","Bildschirme","e",2
"Bildschirmformat","NEUT","Bildschirmformat","Bildschirmformate","e",4
"Bildschirmfoto","NEUT","Bildschirmfoto","Bildschirmfotos","s",4
"Bildteppich","MASC","Bildteppich","Bildteppiche","e",3
"Bildungsbürger","MASC","Bildungsbürger","Bildungsbürger","ø",4
"Bildungselement","NEUT","Bildungselement","Bildungselemente","e",5
"Bildungsroman","MASC","Bildungsroman","Bildungsromane","e",4
"Bildunterschrift","FEM","Bildunterschrift","Bildunterschriften","en",4
"Billard","NEUT","Billard","Billarde","e",2
"Billionär","MASC","Billionär","Billionäre","e",3
"Bimbo","MASC","Bimbo","Bimbos","s",2
"Bimetall","NEUT","Bimetall","Bimetalle","e",3
"Bims","MASC","Bims","Bimse","e",1
"Bindegewebe","NEUT","Bindegewebe","Bindegewebe","ø",5
"Bindeglied","NEUT","Bindeglied","Bindeglieder","er",2
"Bindehautentzündung","FEM","Bindehautentzündung","Bindehautentzündungen","en",5
"Bindehemmer","MASC","Bindehemmer","Bindehemmer","ø",4
"Bindelaut","MASC","Bindelaut","Bindelaute","e",2
"Bindemittel","NEUT","Bindemittel","Bindemittel","ø",4
"Bindenameisenwürger","MASC","Bindenameisenwürger","Bindenameisenwürger","ø",6
"Binder","MASC","Binder","Binder","ø",2
"Bindestrich","MASC","Bindestrich","Bindestriche","e",3
"Bindevokal","MASC","Bindevokal","Bindevokale","e",4
"Bindungsorbital","NEUT","Bindungsorbital","Bindungsorbitale","e",5
"Bindungsordnung","FEM","Bindungsordnung","Bindungsordnungen","en",4
"Bindungspartner","MASC","Bindungspartner","Bindungspartner","ø",4
"Bindungsvermögen","NEUT","Bindungsvermögen","Bindungsvermögen","ø",5
"Bindungswinkel","MASC","Bindungswinkel","Bindungswinkel","ø",4
"Binnen-I","NEUT","Binnen-I","Binnen-Is","s",3
"Binnendeutsch","NEUT","Binnendeutsch","Binnendeutsche","e",2
"Binnenflexion","FEM","Binnenflexion","Binnenflexionen","en",4
"Binnenländer","MASC","Binnenländer","Binnenländer","ø",4
"Binnenreim","MASC","Binnenreim","Binnenreime","e",2
"Binnenschifffahrt","FEM","Binnenschifffahrt","Binnenschifffahrten","en",4
"Binom","NEUT","Binom","Binome","e",2
"Bioalkohol","MASC","Bioalkohol","Bioalkohole","e",3
"Biogas","NEUT","Biogas","Biogase","e",2
"Biograf","MASC","Biograf","Biografen","en",2
"Biograph","MASC","Biograph","Biographen","en",2
"Biokraftstoff","MASC","Biokraftstoff","Biokraftstoffe","e",3
"Biokunststoff","MASC","Biokunststoff","Biokunststoffe","e",3
"Biom","NEUT","Biom","Biome","e",1
"Biomolekül","NEUT","Biomolekül","Biomoleküle","e",4
"Biosensor","MASC","Biosensor","Biosensoren","en",3
"Biotit","MASC","Biotit","Biotite","e",2
"Biotop","NEUT","Biotop","Biotope","e",2
"Biphenyl","NEUT","Biphenyl","Biphenyle","e",3
"Bipyridin","NEUT","Bipyridin","Bipyridine","e",4
"Bisam","MASC","Bisam","Bisame","e",2
"Bisphosphonat","NEUT","Bisphosphonat","Bisphosphonate","e",4
"Biss","MASC","Biss","Bisse","e",1
"Biß","MASC","Biß","Biße","e",1
"Bisschen","NEUT","Bisschen","Bisschen","ø",2
"Bißchen","NEUT","Bißchen","Bißchen","ø",2
"Bisslein","NEUT","Bisslein","Bisslein","ø",1
"Bißlein","NEUT","Bißlein","Bißlein","ø",1
"Bistro","NEUT","Bistro","Bistros","s",2
"Bitburger","MASC","Bitburger","Bitburger","ø",3
"Bittbrief","MASC","Bittbrief","Bittbriefe","e",1
"Bitterkeit","FEM","Bitterkeit","Bitterkeiten","en",2
"Bitterling","MASC","Bitterling","Bitterlinge","e",3
"Bittgebet","NEUT","Bittgebet","Bittgebete","e",3
"Bittsteller","MASC","Bittsteller","Bittsteller","ø",3
"Bitumen","NEUT","Bitumen","Bitumen","ø",3
"Biwak","NEUT","Biwak","Biwaks","s",2
"Blackbox","FEM","Blackbox","Blackboxen","en",2
"Blag","NEUT","Blag","Blagen","en",1
"Blankoscheck","MASC","Blankoscheck","Blankoschecks","s",3
"Bläschen","NEUT","Bläschen","Bläschen","ø",2
"Blasenentzündung","FEM","Blasenentzündung","Blasenentzündungen","en",5
"Blasenkrebs","MASC","Blasenkrebs","Blasenkrebse","e",3
"Blasinstrument","NEUT","Blasinstrument","Blasinstrumente","e",4
"Blasinstrumentenbauer","MASC","Blasinstrumentenbauer","Blasinstrumentenbauer","ø",6
"Blasinstrumentenhersteller","MASC","Blasinstrumentenhersteller","Blasinstrumentenhersteller","ø",8
"Blasphemiker","MASC","Blasphemiker","Blasphemiker","ø",4
"Blättchen","NEUT","Blättchen","Blättchen","ø",2
"Blätterpilz","MASC","Blätterpilz","Blätterpilze","e",3
"Blätterteig","MASC","Blätterteig","Blätterteige","e",2
"Blattgewebe","NEUT","Blattgewebe","Blattgewebe","ø",4
"Blättlein","NEUT","Blättlein","Blättlein","ø",1
"Blattspinat","MASC","Blattspinat","Blattspinate","e",3
"Blattstiel","MASC","Blattstiel","Blattstiele","e",1
"Blau","NEUT","Blau","Blauen","en",0
"Blaubussard","MASC","Blaubussard","Blaubussarde","e",2
"Blaufränkisch","MASC","Blaufränkisch","Blaufränkischen","en",2
"Blaukehlchen","NEUT","Blaukehlchen","Blaukehlchen","ø",2
"Blaukohl","MASC","Blaukohl","Blaukohle","e",1
"Blauschimmel","MASC","Blauschimmel","Blauschimmel","ø",2
"Blauschimmelkäse","MASC","Blauschimmelkäse","Blauschimmelkäse","ø",4
"Blauwal","MASC","Blauwal","Blauwale","e",1
"Blaxploitation","FEM","Blaxploitation","Blaxploitationen","en",4
"Blech","NEUT","Blech","Bleche","e",1
"Blechkuchen","MASC","Blechkuchen","Blechkuchen","ø",3
"Blechteil","NEUT","Blechteil","Blechteile","e",1
"Bleichmittel","NEUT","Bleichmittel","Bleichmittel","ø",2
"Bleichstoff","MASC","Bleichstoff","Bleichstoffe","e",1
"Bleierz","NEUT","Bleierz","Bleierze","e",1
"Bleigehalt","MASC","Bleigehalt","Bleigehalte","e",2
"Bleioxid","NEUT","Bleioxid","Bleioxide","e",2
"Bleiplatte","FEM","Bleiplatte","Bleiplatte","ø",2
"Bleistift","MASC","Bleistift","Bleistifte","e",1
"Bleistiftanspitzer","MASC","Bleistiftanspitzer","Bleistiftanspitzer","ø",4
"Bleistiftspitzer","MASC","Bleistiftspitzer","Bleistiftspitzer","ø",3
"Bleivergiftung","FEM","Bleivergiftung","Bleivergiftungen","en",3
"Blender","MASC","Blender","Blender","ø",2
"Blendwerk","NEUT","Blendwerk","Blendwerke","e",2
"Blick","MASC","Blick","Blicke","e",1
"Blickfeld","NEUT","Blickfeld","Blickfelder","er",2
"Blickkontakt","MASC","Blickkontakt","Blickkontakte","e",3
"Blicksilber","NEUT","Blicksilber","Blicksilbers","s",3
"Blickwinkel","MASC","Blickwinkel","Blickwinkel","ø",3
"Blinddarmentzündung","FEM","Blinddarmentzündung","Blinddarmentzündungen","en",5
"Blindenhund","MASC","Blindenhund","Blindenhunde","e",3
"Blindgänger","MASC","Blindgänger","Blindgänger","ø",3
"Blinker","MASC","Blinker","Blinker","ø",2
"Blitz","MASC","Blitz","Blitze","e",1
"Blitzableiter","MASC","Blitzableiter","Blitzableiter","ø",3
"Blitzkrieg","MASC","Blitzkrieg","Blitzkriege","e",1
"Blitzlicht","NEUT","Blitzlicht","Blitzlichter","er",2
"Blitzlichtpulver","NEUT","Blitzlichtpulver","Blitzlichtpulver","ø",4
"Blitzsieg","MASC","Blitzsieg","Blitzsiege","e",1
"Bloch","MASC","Bloch","Bloche","e",1
"Blockbuchstabe","MASC","Blockbuchstabe","Blockbuchstabeen","en",4
"Blockschrift","FEM","Blockschrift","Blockschriften","en",2
"Blödit","MASC","Blödit","Blödite","e",2
"Bluff","MASC","Bluff","Bluffs","s",1
"Blümchen","NEUT","Blümchen","Blümchen","ø",2
"Blümchenkaffee","MASC","Blümchenkaffee","Blümchenkaffees","s",4
"Blumenbeet","NEUT","Blumenbeet","Blumenbeete","e",3
"Blumenhändler","MASC","Blumenhändler","Blumenhändler","ø",4
"Blumenkohl","MASC","Blumenkohl","Blumenkohle","e",3
"Blumenmuster","NEUT","Blumenmuster","Blumenmuster","ø",4
"Blumensträußchen","NEUT","Blumensträußchen","Blumensträußchen","ø",3
"Blumenverkäufer","MASC","Blumenverkäufer","Blumenverkäufer","ø",4
"Blut","NEUT","Blut","Blute","e",1
"Blutegel","MASC","Blutegel","Blutegel","ø",3
"Blütenblättchen","NEUT","Blütenblättchen","Blütenblättchen","ø",4
"Blütenstängel","MASC","Blütenstängel","Blütenstängel","ø",4
"Blütenstiel","MASC","Blütenstiel","Blütenstiele","e",2
"Blutfarbstoff","MASC","Blutfarbstoff","Blutfarbstoffe","e",3
"Blutfleck","MASC","Blutfleck","Blutflecke","e",2
"Blutgefäß","NEUT","Blutgefäß","Blutgefäße","e",3
"Blutgefäßsystem","NEUT","Blutgefäßsystem","Blutgefäßsysteme","e",5
"Blutgeld","NEUT","Blutgeld","Blutgelder","er",2
"Blutgerinnsel","NEUT","Blutgerinnsel","Blutgerinnsel","ø",4
"Bluthund","MASC","Bluthund","Bluthunde","e",2
"Blutkörperchen","NEUT","Blutkörperchen","Blutkörperchen","ø",4
"Blutkrebs","MASC","Blutkrebs","Blutkrebse","e",2
"Blutkreislauf","MASC","Blutkreislauf","Blutkreislaufe","e",1
"Blutlaugensalz","NEUT","Blutlaugensalz","Blutlaugensalze","e",3
"Blutmond","MASC","Blutmond","Blutmonde","e",2
"Blutplättchen","NEUT","Blutplättchen","Blutplättchen","ø",3
"Bluträcher","NEUT","Bluträcher","Bluträcher","ø",3
"Blutrot","NEUT","Blutrot","Blutrot","ø",2
"Blutschuld","FEM","Blutschuld","Blutschulden","en",2
"Blutspender","MASC","Blutspender","Blutspender","ø",3
"Blutsverwandtschaft","FEM","Blutsverwandtschaft","Blutsverwandtschaften","en",4
"Blutvergiftung","FEM","Blutvergiftung","Blutvergiftungen","en",4
"Blutzuckerspiegel","MASC","Blutzuckerspiegel","Blutzuckerspiegel","ø",4
"Boa","FEM","Boa","Boas","s",1
"Bockbier","NEUT","Bockbier","Bockbiere","e",1
"Bockerl","NEUT","Bockerl","Bockerl","ø",2
"Bockkäfer","MASC","Bockkäfer","Bockkäfer","ø",3
"Bocksdorn","MASC","Bocksdorn","Bocksdorne","e",2
"Bockwürstchen","NEUT","Bockwürstchen","Bockwürstchen","ø",3
"Bodden","MASC","Bodden","Bodden","ø",2
"Bodenlebewesen","NEUT","Bodenlebewesen","Bodenlebewesen","ø",6
"Bodennebel","MASC","Bodennebel","Bodennebel","ø",4
"Bodennullpunkt","MASC","Bodennullpunkt","Bodennullpunkte","e",4
"Bodenübung","FEM","Bodenübung","Bodenübungen","en",4
"Bodenzapfen","MASC","Bodenzapfen","Bodenzapfen","ø",4
"Body","MASC","Body","Bodys","s",2
"Bodybuilder","MASC","Bodybuilder","Bodybuilder","ø",4
"Bodyguard","MASC","Bodyguard","Bodyguards","s",3
"Bogenbündel","NEUT","Bogenbündel","Bogenbündel","ø",4
"Bogenfenster","NEUT","Bogenfenster","Bogenfenster","ø",4
"Bogenschießen","NEUT","Bogenschießen","Bogenschießen","ø",3
"Bohnensalat","MASC","Bohnensalat","Bohnensalate","e",4
"Bohrer","MASC","Bohrer","Bohrer","ø",2
"Bohrkern","MASC","Bohrkern","Bohrkerne","e",2
"Boiler","MASC","Boiler","Boiler","ø",2
"Bolid","MASC","Bolid","Boliden","en",2
"Bolivianer","MASC","Bolivianer","Bolivianer","ø",4
"Bollerwagen","MASC","Bollerwagen","Bollerwagen","ø",4
"Bollwerk","NEUT","Bollwerk","Bollwerke","e",2
"Bolschewist","MASC","Bolschewist","Bolschewisten","en",3
"Bolzen","MASC","Bolzen","Bolzen","ø",2
"Bolzenschneider","MASC","Bolzenschneider","Bolzenschneider","ø",3
"Bombardement","NEUT","Bombardement","Bombardements","s",4
"Bombardierung","FEM","Bombardierung","Bombardierungen","en",3
"Bombenerfolg","MASC","Bombenerfolg","Bombenerfolge","e",4
"Bombenleger","MASC","Bombenleger","Bombenleger","ø",4
"Bombenwetter","NEUT","Bombenwetter","Bombenwetter","ø",4
"Bomber","MASC","Bomber","Bomber","ø",2
"Bon","MASC","Bon","Bons","s",1
"Bonität","FEM","Bonität","Bonitäten","en",3
"Bonmot","NEUT","Bonmot","Bonmots","s",2
"Bonner","MASC","Bonner","Bonner","ø",2
"Bonobo","MASC","Bonobo","Bonobos","s",3
"Bonsai","MASC","Bonsai","Bonsais","s",2
"Bonvivant","MASC","Bonvivant","Bonvivants","s",3
"Boot","NEUT","Boot","Boote","e",1
"Bootsbauer","MASC","Bootsbauer","Bootsbauer","ø",2
"Bootsflüchtling","MASC","Bootsflüchtling","Bootsflüchtlinge","e",3
"Bootshaken","MASC","Bootshaken","Bootshaken","ø",3
"Boracit","MASC","Boracit","Boracite","e",3
"Boran","NEUT","Boran","Borane","e",2
"Borat","NEUT","Borat","Borate","e",2
"Boratom","NEUT","Boratom","Boratome","e",3
"Bord","MASC","Bord","Borde","e",1
"Bordell","NEUT","Bordell","Bordelle","e",2
"Bordstein","MASC","Bordstein","Bordsteine","e",1
"Börek","MASC","Börek","Böreks","s",2
"Borhydrid","NEUT","Borhydrid","Borhydride","e",3
"Borid","NEUT","Borid","Boride","e",2
"Borkenkäfer","MASC","Borkenkäfer","Borkenkäfer","ø",4
"Born","MASC","Born","Borne","e",1
"Bornit","MASC","Bornit","Bornite","e",2
"Borosilikat","NEUT","Borosilikat","Borosilikate","e",5
"Börsianer","MASC","Börsianer","Börsianer","ø",3
"Borwasserstoff","MASC","Borwasserstoff","Borwasserstoffe","e",4
"Böschungsbereich","MASC","Böschungsbereich","Böschungsbereiche","e",3
"Böse","MASC","Böse","Böse","ø",2
"Boskoop","MASC","Boskoop","Boskoop","ø",2
"Bosnier","MASC","Bosnier","Bosnier","ø",1
"Boson","NEUT","Boson","Bosonen","en",2
"Boss","MASC","Boss","Bosse","e",1
"Bot","MASC","Bot","Bots","s",1
"Bötchen","NEUT","Bötchen","Bötchen","ø",2
"Botenstoff","MASC","Botenstoff","Botenstoffe","e",3
"Botschaft","FEM","Botschaft","Botschaften","en",2
"Botschafter","MASC","Botschafter","Botschafter","ø",3
"Böttcher","MASC","Böttcher","Böttcher","ø",2
"Bottich","MASC","Bottich","Bottiche","e",2
"Bouillon","FEM","Bouillon","Bouillons","s",2
"Boulevard","MASC","Boulevard","Boulevards","s",3
"Bouquet","NEUT","Bouquet","Bouquets","s",2
"Bowieit","MASC","Bowieit","Bowieite","e",2
"Box","FEM","Box","Boxen","en",1
"Boxer","MASC","Boxer","Boxer","ø",2
"Boxershorts","FEM","Boxershorts","Boxershorts","ø",3
"Boxhandschuh","MASC","Boxhandschuh","Boxhandschuhe","e",3
"Brachet","MASC","Brachet","Brachete","e",2
"Brandbeschleuniger","MASC","Brandbeschleuniger","Brandbeschleuniger","ø",4
"Brandbrief","MASC","Brandbrief","Brandbriefe","e",1
"Brandenburger","MASC","Brandenburger","Brandenburger","ø",4
"Brandopfer","NEUT","Brandopfer","Brandopfer","ø",3
"Brandschatzung","MASC","Brandschatzung","Brandschatzungen","en",3
"Brandstifter","MASC","Brandstifter","Brandstifter","ø",3
"Brandstiftung","FEM","Brandstiftung","Brandstiftungen","en",3
"Brandteigkrapferl","NEUT","Brandteigkrapferl","Brandteigkrapferl","ø",3
"Brandung","FEM","Brandung","Brandungen","en",2
"Branntkalk","MASC","Branntkalk","Branntkalke","e",2
"Branntwein","MASC","Branntwein","Branntweine","e",1
"Braten","NEUT","Braten","Braten","ø",2
"Brathähnchen","NEUT","Brathähnchen","Brathähnchen","ø",3
"Brathering","MASC","Brathering","Bratheringe","e",3
"Bratling","MASC","Bratling","Bratlinge","e",2
"Brätling","MASC","Brätling","Brätlinge","e",2
"Bratwürstchen","NEUT","Bratwürstchen","Bratwürstchen","ø",3
"Bratwürstlein","NEUT","Bratwürstlein","Bratwürstlein","ø",2
"Brauer","MASC","Brauer","Brauer","ø",1
"Braumeister","MASC","Braumeister","Braumeister","ø",1
"Braun","NEUT","Braun","Braun","ø",0
"Braunbär","MASC","Braunbär","Braunbären","en",1
"Braunbleierz","NEUT","Braunbleierz","Braunbleierze","e",1
"Brauneisenstein","MASC","Brauneisenstein","Brauneisensteine","e",1
"Braunerz","NEUT","Braunerz","Braunerze","e",1
"Braunflügel-Ameisenwürger","MASC","Braunflügel-Ameisenwürger","Braunflügel-Ameisenwürger","ø",6
"Braunhemd","NEUT","Braunhemd","Braunhemden","en",1
"Braunkalk","MASC","Braunkalk","Braunkalke","e",1
"Braunkehlchen","NEUT","Braunkehlchen","Braunkehlchen","ø",2
"Braunkohl","MASC","Braunkohl","Braunkohle","e",1
"Braunschweiger","MASC","Braunschweiger","Braunschweiger","ø",1
"Braunstein","MASC","Braunstein","Braunsteine","e",0
"Bräunung","FEM","Bräunung","Bräunungen","en",1
"Bräunungsprozess","MASC","Bräunungsprozess","Bräunungsprozesse","e",3
"Brautgeld","NEUT","Brautgeld","Brautgelder","er",1
"Bräutigam","MASC","Bräutigam","Bräutigame","e",2
"Brautkleid","NEUT","Brautkleid","Brautkleider","er",0
"Brautwerbung","FEM","Brautwerbung","Brautwerbungen","en",2
"Brecheisen","NEUT","Brecheisen","Brecheisen","ø",2
"Brecher","MASC","Brecher","Brecher","ø",2
"Brechmittel","NEUT","Brechmittel","Brechmittel","ø",3
"Brechreiz","MASC","Brechreiz","Brechreize","e",1
"Brechung","FEM","Brechung","Brechungen","en",2
"Brei","MASC","Brei","Breie","e",0
"Breitbildschirm","MASC","Breitbildschirm","Breitbildschirme","e",2
"Breitengrad","MASC","Breitengrad","Breitengrade","e",2
"Bremer","MASC","Bremer","Bremer","ø",2
"Bremshebel","MASC","Bremshebel","Bremshebel","ø",3
"Bremsschuh","MASC","Bremsschuh","Bremsschuhe","e",2
"Brennelement","NEUT","Brennelement","Brennelemente","e",4
"Brennpunkt","MASC","Brennpunkt","Brennpunkte","e",2
"Brennstoff","MASC","Brennstoff","Brennstoffe","e",2
"Brett","NEUT","Brett","Bretter","er",1
"Brettchen","NEUT","Brettchen","Brettchen","ø",2
"Brettlein","NEUT","Brettlein","Brettlein","ø",1
"Brettspiel","NEUT","Brettspiel","Brettspiele","e",1
"Brief","MASC","Brief","Briefe","e",0
"Briefbeschwerer","MASC","Briefbeschwerer","Briefbeschwerer","ø",3
"Brieffreund","MASC","Brieffreund","Brieffreunde","e",0
"Briefmarkensammlung","FEM","Briefmarkensammlung","Briefmarkensammlungen","en",4
"Brieföffner","MASC","Brieföffner","Brieföffner","ø",2
"Briefpapier","NEUT","Briefpapier","Briefpapiere","e",1
"Briefstreicher","MASC","Briefstreicher","Briefstreicher","ø",1
"Brieftaubenzüchter","MASC","Brieftaubenzüchter","Brieftaubenzüchter","ø",3
"Briefträger","MASC","Briefträger","Briefträger","ø",2
"Briefwechsel","MASC","Briefwechsel","Briefwechsel","ø",2
"Briefzusteller","MASC","Briefzusteller","Briefzusteller","ø",3
"Brikett","NEUT","Brikett","Brikette","e",2
"Brillant","MASC","Brillant","Brillanten","en",2
"Brillenetui","NEUT","Brillenetui","Brillenetuis","s",4
"Brillengestell","NEUT","Brillengestell","Brillengestelle","e",4
"Brillenpinguin","MASC","Brillenpinguin","Brillenpinguine","e",4
"Brimsen","MASC","Brimsen","Brimsen","ø",2
"Bringer","MASC","Bringer","Bringer","ø",2
"Brioche","FEM","Brioche","Brioches","s",2
"Broccoli","MASC","Broccoli","Broccoli","ø",3
"Bröckchen","NEUT","Bröckchen","Bröckchen","ø",2
"Bröcklein","NEUT","Bröcklein","Bröcklein","ø",1
"Broiler","MASC","Broiler","Broiler","ø",2
"Brokat","MASC","Brokat","Brokate","e",2
"Brokkoli","MASC","Brokkoli","Brokkoli","ø",3
"Bromalkan","NEUT","Bromalkan","Bromalkane","e",3
"Bromalken","NEUT","Bromalken","Bromalkene","e",3
"Bromaromat","MASC","Bromaromat","Bromaromaten","en",4
"Bromat","NEUT","Bromat","Bromate","e",2
"Bromatom","NEUT","Bromatom","Bromatome","e",3
"Bromfluorid","NEUT","Bromfluorid","Bromfluoride","e",3
"Bromid","NEUT","Bromid","Bromide","e",2
"Bromidion","NEUT","Bromidion","Bromidionen","en",3
"Bromidquell","MASC","Bromidquell","Bromidquelle","e",3
"Bronzefund","MASC","Bronzefund","Bronzefunde","e",3
"Brot","NEUT","Brot","Brote","e",1
"Brotbackautomat","MASC","Brotbackautomat","Brotbackautomaten","en",4
"Brotbäcker","MASC","Brotbäcker","Brotbäcker","ø",3
"Brotberuf","MASC","Brotberuf","Brotberufe","e",3
"Brötchen","NEUT","Brötchen","Brötchen","ø",2
"Broterwerber","MASC","Broterwerber","Broterwerber","ø",4
"Brothändler","NEUT","Brothändler","Brothändler","ø",3
"Brotherr","MASC","Brotherr","Brotherren","en",2
"Brotmesser","NEUT","Brotmesser","Brotmesser","ø",3
"Brownie","MASC","Brownie","Brownies","s",1
"Bruchstrich","MASC","Bruchstrich","Bruchstriche","e",2
"Bruchstück","NEUT","Bruchstück","Bruchstücke","e",2
"Bruchteil","MASC","Bruchteil","Bruchteile","e",1
"Bruchwasserläufer","MASC","Bruchwasserläufer","Bruchwasserläufer","ø",4
"Brückengerüst","NEUT","Brückengerüst","Brückengerüste","e",4
"Brückentag","MASC","Brückentag","Brückentage","e",3
"Brüderchen","NEUT","Brüderchen","Brüderchen","ø",3
"Brüderlein","NEUT","Brüderlein","Brüderlein","ø",2
"Brühwürfel","MASC","Brühwürfel","Brühwürfel","ø",3
"Brüller","MASC","Brüller","Brüller","ø",2
"Brüllwürfel","MASC","Brüllwürfel","Brüllwürfel","ø",3
"Brummbär","MASC","Brummbär","Brummbären","en",2
"Brummer","MASC","Brummer","Brummer","ø",2
"Brünnchen","NEUT","Brünnchen","Brünnchen","ø",2
"Brunnen","MASC","Brunnen","Brunnen","ø",2
"Brünnlein","NEUT","Brünnlein","Brünnlein","ø",1
"Brüsseler","MASC","Brüsseler","Brüsseler","ø",3
"Brüßler","MASC","Brüßler","Brüßler","ø",2
"Brustbehaarung","FEM","Brustbehaarung","Brustbehaarung","ø",4
"Brustbein","NEUT","Brustbein","Brustbeine","e",1
"Brüstchen","NEUT","Brüstchen","Brüstchen","ø",2
"Bruststern","MASC","Bruststern","Bruststerne","e",2
"Brüstung","FEM","Brüstung","Brüstungen","en",2
"Brut","FEM","Brut","Bruten","en",1
"Brutalität","FEM","Brutalität","Brutalitäten","en",4
"Brüter","MASC","Brüter","Brüter","ø",2
"Brutparasit","MASC","Brutparasit","Brutparasiten","en",4
"Brutreaktor","MASC","Brutreaktor","Brutreaktoren","en",3
"Bruttonationaleinkommen","NEUT","Bruttonationaleinkommen","Bruttonationaleinkommen","ø",7
"Büblein","NEUT","Büblein","Büblein","ø",1
"Buchautor","MASC","Buchautor","Buchautoren","en",2
"Buchdruck","NEUT","Buchdruck","Buchdrucken","en",2
"Buchdrucker","MASC","Buchdrucker","Buchdrucker","ø",3
"Büchelchen","NEUT","Büchelchen","Büchelchen","ø",3
"Bücherbrett","NEUT","Bücherbrett","Bücherbretter","er",3
"Bücherverbrennung","FEM","Bücherverbrennung","Bücherverbrennungen","en",5
"Bücherverschlinger","MASC","Bücherverschlinger","Bücherverschlinger","ø",5
"Buchfink","MASC","Buchfink","Buchfinken","en",2
"Buchgemeinschaft","FEM","Buchgemeinschaft","Buchgemeinschaften","en",3
"Buchhalter","MASC","Buchhalter","Buchhalter","ø",3
"Buchhändler","MASC","Buchhändler","Buchhändler","ø",3
"Buchhandlung","FEM","Buchhandlung","Buchhandlungen","en",3
"Buchkapitel","NEUT","Buchkapitel","Buchkapitel","ø",4
"Büchlein","NEUT","Büchlein","Büchlein","ø",1
"Buchmacher","MASC","Buchmacher","Buchmacher","ø",3
"Büchslein","NEUT","Büchslein","Büchslein","ø",1
"Buchstabensalat","MASC","Buchstabensalat","Buchstabensalate","e",5
"Buchstabenschrift","FEM","Buchstabenschrift","Buchstabenschriften","en",4
"Buchungskreis","MASC","Buchungskreis","Buchungskreise","e",2
"Buchverkäufer","MASC","Buchverkäufer","Buchverkäufer","ø",3
"Buchvorstellung","FEM","Buchvorstellung","Buchvorstellungen","en",4
"Buchweizenmehl","NEUT","Buchweizenmehl","Buchweizenmehle","e",3
"Buckel","MASC","Buckel","Buckel","ø",2
"Buckelwal","MASC","Buckelwal","Buckelwale","e",3
"Bückling","MASC","Bückling","Bücklinge","e",2
"Budapester","MASC","Budapester","Budapester","ø",4
"Büdchen","NEUT","Büdchen","Büdchen","ø",2
"Buddelschiff","NEUT","Buddelschiff","Buddelschiffe","e",3
"Buddha","MASC","Buddha","Buddhas","s",2
"Buddhist","MASC","Buddhist","Buddhisten","en",2
"Budget","NEUT","Budget","Budgets","s",2
"Büfett","NEUT","Büfett","Büfetts","s",2
"Büffel","MASC","Büffel","Büffel","ø",2
"Büffeljagd","FEM","Büffeljagd","Büffeljagden","en",3
"Büffelkäse","MASC","Büffelkäse","Büffelkäse","ø",4
"Buffet","NEUT","Buffet","Buffets","s",2
"Buganker","MASC","Buganker","Buganker","ø",3
"Bügel","MASC","Bügel","Bügel","ø",2
"Bügelbrett","NEUT","Bügelbrett","Bügelbretter","er",3
"Bügeleisen","NEUT","Bügeleisen","Bügeleisen","ø",3
"Buggy","MASC","Buggy","Buggys","s",2
"Bühel","MASC","Bühel","Bühel","ø",2
"Buhfrau","FEM","Buhfrau","Buhfrauen","en",1
"Bühl","MASC","Bühl","Bühle","e",1
"Bühnenautor","MASC","Bühnenautor","Bühnenautoren","en",3
"Bühnenreißer","MASC","Bühnenreißer","Bühnenreißer","ø",3
"Buhruf","MASC","Buhruf","Buhrufe","e",2
"Bukett","NEUT","Bukett","Bukette","e",2
"Bulimiker","MASC","Bulimiker","Bulimiker","ø",4
"Bulletin","NEUT","Bulletin","Bulletins","s",3
"Bummel","MASC","Bummel","Bummel","ø",2
"Bündel","NEUT","Bündel","Bündel","ø",2
"Bündelchen","NEUT","Bündelchen","Bündelchen","ø",3
"Bundesaußenminister","MASC","Bundesaußenminister","Bundesaußenminister","ø",6
"Bundesbürger","MASC","Bundesbürger","Bundesbürger","ø",4
"Bundesfinanzminister","MASC","Bundesfinanzminister","Bundesfinanzminister","ø",7
"Bundesgebiet","NEUT","Bundesgebiet","Bundesgebiete","e",3
"Bundesinnenminister","MASC","Bundesinnenminister","Bundesinnenminister","ø",7
"Bundesinstitut","NEUT","Bundesinstitut","Bundesinstitute","e",5
"Bundeskanzler","MASC","Bundeskanzler","Bundeskanzler","ø",4
"Bundesminister","MASC","Bundesminister","Bundesminister","ø",5
"Bundespräsident","MASC","Bundespräsident","Bundespräsidenten","en",5
"Bundesregierung","FEM","Bundesregierung","Bundesregierungen","en",4
"Bundesrepublik","FEM","Bundesrepublik","Bundesrepubliken","en",5
"Bundesstaat","MASC","Bundesstaat","Bundesstaaten","en",3
"Bundestag","MASC","Bundestag","Bundestage","e",3
"Bundestrainer","MASC","Bundestrainer","Bundestrainer","ø",4
"Bundestrojaner","MASC","Bundestrojaner","Bundestrojaner","ø",5
"Bundesverfassungsgericht","NEUT","Bundesverfassungsgericht","Bundesverfassungsgerichte","e",7
"Bundesverkehrsminister","MASC","Bundesverkehrsminister","Bundesverkehrsminister","ø",7
"Bundeswirtschaftsminister","MASC","Bundeswirtschaftsminister","Bundeswirtschaftsminister","ø",7
"Bündner","MASC","Bündner","Bündner","ø",2
"Bundschuh","MASC","Bundschuh","Bundschuhe","e",2
"Bunker","MASC","Bunker","Bunker","ø",2
"Buntbarsch","MASC","Buntbarsch","Buntbarsche","e",2
"Buntspecht","MASC","Buntspecht","Buntspechte","e",2
"Buntstift","MASC","Buntstift","Buntstifte","e",2
"Buntwaschmittel","NEUT","Buntwaschmittel","Buntwaschmittel","ø",4
"Burg","FEM","Burg","Burgen","en",1
"Burger","MASC","Burger","Burger","ø",2
"Bürger","MASC","Bürger","Bürger","ø",2
"Bürgerhaus","NEUT","Bürgerhaus","Bürgerhauser","er",2
"Bürgermeister","MASC","Bürgermeister","Bürgermeister","ø",3
"Bürgerrechtler","MASC","Bürgerrechtler","Bürgerrechtler","ø",4
"Bürgerschaft","FEM","Bürgerschaft","Bürgerschaften","en",3
"Bürgerwehr","FEM","Bürgerwehr","Bürgerwehren","en",3
"Burggraf","MASC","Burggraf","Burggrafen","en",2
"Bürgschaft","FEM","Bürgschaft","Bürgschaften","en",2
"Büro","NEUT","Büro","Büros","s",2
"Bürogebäude","NEUT","Bürogebäude","Bürogebäude","ø",4
"Bürohengst","MASC","Bürohengst","Bürohengste","e",3
"Bürokrat","MASC","Bürokrat","Bürokraten","en",3
"Burrito","NEUT","Burrito","Burritos","s",3
"Bürschchen","NEUT","Bürschchen","Bürschchen","ø",2
"Bürstchen","NEUT","Bürstchen","Bürstchen","ø",2
"Bürstenschnitt","MASC","Bürstenschnitt","Bürstenschnitte","e",3
"Bürzel","MASC","Bürzel","Bürzel","ø",2
"Büschel","NEUT","Büschel","Büschel","ø",2
"Büschelohrmaki","MASC","Büschelohrmaki","Büschelohrmakis","s",5
"Buschwerk","NEUT","Buschwerk","Buschwerke","e",2
"Buschwindröschen","NEUT","Buschwindröschen","Buschwindröschen","ø",4
"Busen","MASC","Busen","Busen","ø",2
"Busenfreund","MASC","Busenfreund","Busenfreunde","e",2
"Busfahrer","MASC","Busfahrer","Busfahrer","ø",3
"Bußsakrament","NEUT","Bußsakrament","Bußsakramente","e",4
"Büstenhalter","MASC","Büstenhalter","Büstenhalter","ø",4
"Butanol","NEUT","Butanol","Butanole","e",3
"Butt","MASC","Butt","Butte","e",1
"Bütt","FEM","Bütt","Bütten","en",1
"Butterblümchen","NEUT","Butterblümchen","Butterblümchen","ø",4
"Butterbrot","NEUT","Butterbrot","Butterbrote","e",3
"Butterkäse","MASC","Butterkäse","Butterkäse","ø",4
"Buttermesser","NEUT","Buttermesser","Buttermesser","ø",4
"Butterpilz","MASC","Butterpilz","Butterpilze","e",3
"Butterröhrling","MASC","Butterröhrling","Butterröhrlinge","e",4
"Butz","MASC","Butz","Butzen","en",1
"Butzen","MASC","Butzen","Butzen","ø",2
"Byte","NEUT","Byte","Bytes","s",2
"Caban","MASC","Caban","Cabans","s",2
"Cabriolet","MASC","Cabriolet","Cabriolets","s",3
"Cachet","NEUT","Cachet","Cachets","s",2
"Cadmiumgehalt","MASC","Cadmiumgehalt","Cadmiumgehalte","e",4
"Cadmiumion","NEUT","Cadmiumion","Cadmiumionen","en",3
"Cadmiumselenid","NEUT","Cadmiumselenid","Cadmiumselenide","e",5
"Caesar","MASC","Caesar","Caesaren","en",2
"Café","NEUT","Café","Cafés","s",1
"Caisson","MASC","Caisson","Caissons","s",2
"Calciumarsenat","NEUT","Calciumarsenat","Calciumarsenate","e",5
"Calendula","FEM","Calendula","Calendulae","e",4
"Calvinist","MASC","Calvinist","Calvinisten","en",3
"Camp","NEUT","Camp","Camps","s",1
"Camper","MASC","Camper","Camper","ø",2
"Canadier","MASC","Canadier","Canadier","ø",2
"Canfieldit","MASC","Canfieldit","Canfieldite","e",2
"Canyon","MASC","Canyon","Canyons","s",2
"Cappuccino","MASC","Cappuccino","Cappuccinos","s",4
"Caravan","MASC","Caravan","Caravans","s",3
"Carben","NEUT","Carben","Carbene","e",2
"Carbid","NEUT","Carbid","Carbide","e",2
"Carbonatgestein","NEUT","Carbonatgestein","Carbonatgesteine","e",4
"Carbonsäureamid","NEUT","Carbonsäureamid","Carbonsäureamide","e",4
"Carbonyl","NEUT","Carbonyl","Carbonyle","e",3
"Carbonylkomplex","MASC","Carbonylkomplex","Carbonylkomplexe","e",5
"Carboxy","NEUT","Carboxy","Carboxye","e",3
"Cärtchen","NEUT","Cärtchen","Cärtchen","ø",2
"Cashflow","MASC","Cashflow","Cashflows","s",2
"Casino","NEUT","Casino","Casinos","s",3
"Catcher","MASC","Catcher","Catcher","ø",2
"Cayennepfeffer","MASC","Cayennepfeffer","Cayennepfeffer","ø",4
"CD-Spieler","MASC","CD-Spieler","CD-Spieler","ø",1
"Cello","NEUT","Cello","Cellos","s",2
"Center","NEUT","Center","Center","ø",2
"Cermet","NEUT","Cermet","Cermets","s",2
"Chalkanthit","MASC","Chalkanthit","Chalkanthite","e",3
"Chalkogen","NEUT","Chalkogen","Chalkogene","e",3
"Chalkogenid","NEUT","Chalkogenid","Chalkogenide","e",4
"Chalkopyrit","MASC","Chalkopyrit","Chalkopyrite","e",4
"Chalkosin","MASC","Chalkosin","Chalkosine","e",3
"Chalzedon","MASC","Chalzedon","Chalzedone","e",3
"Chamäleon","NEUT","Chamäleon","Chamäleons","s",3
"Champagner","MASC","Champagner","Champagner","ø",3
"Champignon","MASC","Champignon","Champignons","s",3
"Chancentod","MASC","Chancentod","Chancentode","e",3
"Chanson","MASC","Chanson","Chansons","s",2
"Chaot","MASC","Chaot","Chaoten","en",1
"Chapeau","MASC","Chapeau","Chapeaus","s",2
"Charakter","MASC","Charakter","Charaktere","e",3
"Charakterisierung","FEM","Charakterisierung","Charakterisierungen","en",5
"Charakterlosigkeit","FEM","Charakterlosigkeit","Charakterlosigkeiten","en",5
"Charmeur","MASC","Charmeur","Charmeure","e",1
"Chasar","MASC","Chasar","Chasaren","en",2
"Chassis","NEUT","Chassis","Chassis","ø",2
"Chat","MASC","Chat","Chats","s",1
"Chauffeur","MASC","Chauffeur","Chauffeure","e",0
"Chauvi","MASC","Chauvi","Chauvis","s",1
"Chauvinist","MASC","Chauvinist","Chauvinisten","en",2
"Check","MASC","Check","Checks","s",1
"Checkpoint","MASC","Checkpoint","Checkpoints","s",2
"Cheerleader","MASC","Cheerleader","Cheerleader","ø",3
"Chefredakteur","MASC","Chefredakteur","Chefredakteure","e",3
"Chefredaktor","MASC","Chefredaktor","Chefredaktoren","en",4
"Chefterrorist","MASC","Chefterrorist","Chefterroristen","en",4
"Chelat","NEUT","Chelat","Chelate","e",2
"Chelatbildner","MASC","Chelatbildner","Chelatbildner","ø",4
"Chelatkomplex","MASC","Chelatkomplex","Chelatkomplexe","e",4
"Chemikaliengesetz","NEUT","Chemikaliengesetz","Chemikaliengesetze","e",5
"Chemiker","MASC","Chemiker","Chemiker","ø",3
"Cheminée","NEUT","Cheminée","Cheminées","s",3
"Chi","NEUT","Chi","Chis","s",1
"Chicagoer","MASC","Chicagoer","Chicagoer","ø",3
"Chick","NEUT","Chick","Chicks","s",1
"Chili","MASC","Chili","Chilis","s",2
"China","NEUT","China","China","ø",2
"Chinakohl","MASC","Chinakohl","Chinakohle","e",3
"Chip","MASC","Chip","Chips","s",1
"Chirurg","MASC","Chirurg","Chirurgen","en",2
"Chloralkan","NEUT","Chloralkan","Chloralkane","e",3
"Chloralken","NEUT","Chloralken","Chloralkene","e",3
"Chlorargyrit","MASC","Chlorargyrit","Chlorargyrite","e",4
"Chloraromat","NEUT","Chloraromat","Chloraromate","e",4
"Chlorat","NEUT","Chlorat","Chlorate","e",2
"Chlorid","NEUT","Chlorid","Chloride","e",2
"Chlorit","MASC","Chlorit","Chlorite","e",2
"Chlorknallgas","NEUT","Chlorknallgas","Chlorknallgase","e",3
"Chloroplast","MASC","Chloroplast","Chloroplasten","en",3
"Chlororuthenat","NEUT","Chlororuthenat","Chlororuthenate","e",5
"Chlorwasserstoffmolekül","NEUT","Chlorwasserstoffmolekül","Chlorwasserstoffmoleküle","e",7
"Cholin","NEUT","Cholin","Choline","e",2
"Choreograf","MASC","Choreograf","Choreografen","en",3
"Chorizo","FEM","Chorizo","Chorizos","s",3
"Chormeister","MASC","Chormeister","Chormeister","ø",2
"Christ","MASC","Christ","Christen","en",1
"Christabend","MASC","Christabend","Christabende","e",3
"Christbaumschmuck","MASC","Christbaumschmuck","Christbaumschmucke","e",2
"Christdemokrat","MASC","Christdemokrat","Christdemokraten","en",4
"Christkindchen","NEUT","Christkindchen","Christkindchen","ø",3
"Christkindlein","NEUT","Christkindlein","Christkindlein","ø",2
"Christogramm","NEUT","Christogramm","Christogramme","e",3
"Christstollen","MASC","Christstollen","Christstollen","ø",3
"Christusmonogramm","NEUT","Christusmonogramm","Christusmonogramme","e",5
"Chromat","NEUT","Chromat","Chromate","e",2
"Chromit","MASC","Chromit","Chromite","e",2
"Chromophor","MASC","Chromophor","Chromophore","e",3
"Chronist","MASC","Chronist","Chronisten","en",2
"Chrysoberyll","MASC","Chrysoberyll","Chrysoberylle","e",4
"Chymiker","MASC","Chymiker","Chymiker","ø",3
"Cineast","MASC","Cineast","Cineasten","en",2
"Citrat","NEUT","Citrat","Citrate","e",2
"Citrin","MASC","Citrin","Citrine","e",2
"Clan","MASC","Clan","Clans","s",1
"Claqueur","MASC","Claqueur","Claqueure","e",2
"Clathrat","NEUT","Clathrat","Clathrate","e",2
"Clausthalit","MASC","Clausthalit","Clausthalite","e",2
"Cleveit","MASC","Cleveit","Cleveite","e",1
"Clickbaiting","MASC","Clickbaiting","Clickbaitings","s",3
"Cliffhanger","MASC","Cliffhanger","Cliffhanger","ø",3
"Clou","MASC","Clou","Clous","s",1
"Cloud","FEM","Cloud","Clouds","s",1
"Clown","MASC","Clown","Clowns","s",1
"Clownfisch","MASC","Clownfisch","Clownfische","e",2
"Club","MASC","Club","Clubs","s",1
"Clubchef","MASC","Clubchef","Clubchefs","s",2
"Clubmitglied","NEUT","Clubmitglied","Clubmitglieder","er",2
"Cluster","MASC","Cluster","Cluster","ø",2
"Cobaltit","MASC","Cobaltit","Cobaltite","e",3
"Cocktail","NEUT","Cocktail","Cocktails","s",2
"Coda","FEM","Coda","Codas","s",2
"Code","MASC","Code","Codes","s",2
"Codereview","MASC","Codereview","Codereviews","s",3
"Coelestin","MASC","Coelestin","Coelestine","e",3
"Coenzym","NEUT","Coenzym","Coenzyme","e",2
"Cölestin","MASC","Cölestin","Cölestine","e",3
"Collier","NEUT","Collier","Colliers","s",1
"Coltan","NEUT","Coltan","Coltane","e",2
"Columbit","MASC","Columbit","Columbite","e",3
"Come-back","NEUT","Come-back","Come-backs","s",3
"Comeback","NEUT","Comeback","Comebacks","s",3
"Comic","MASC","Comic","Comics","s",2
"Comiczeichner","MASC","Comiczeichner","Comiczeichner","ø",3
"Communiqué","NEUT","Communiqué","Communiqués","s",4
"Community","FEM","Community","Communitys","s",4
"Computer","MASC","Computer","Computer","ø",3
"Computergehäuse","NEUT","Computergehäuse","Computergehäuse","ø",5
"Computerspiel","NEUT","Computerspiel","Computerspiele","e",3
"Concealer","MASC","Concealer","Concealer","ø",3
"Concorde","FEM","Concorde","Concordes","s",3
"Container","MASC","Container","Container","ø",3
"Containerschiff","NEUT","Containerschiff","Containerschiffe","e",4
"Content-Management-System","NEUT","Content-Management-System","Content-Management-Systeme","e",8
"Copyright","NEUT","Copyright","Copyrights","s",3
"Cornwallit","MASC","Cornwallit","Cornwallite","e",3
"Cörper","MASC","Cörper","Cörper","ø",2
"Corps","NEUT","Corps","Corps","ø",1
"Costa-Ricaner","MASC","Costa-Ricaner","Costa-Ricaner","ø",5
"Count-down","MASC","Count-down","Count-downs","s",2
"Count-down-Uhr","MASC","Count-down-Uhr","Count-down-Uhren","en",3
"Countdown","MASC","Countdown","Countdowns","s",2
"Coup","MASC","Coup","Coups","s",1
"Coupé","NEUT","Coupé","Coupés","s",1
"Coupon","MASC","Coupon","Coupons","s",2
"Cousin","MASC","Cousin","Cousins","s",2
"Couvert","NEUT","Couvert","Couverts","s",2
"Coventrierung","FEM","Coventrierung","Coventrierungen","en",3
"Coventrisierung","FEM","Coventrisierung","Coventrisierungen","en",4
"Cowboy","MASC","Cowboy","Cowboys","s",2
"Crack","NEUT","Crack","Cracks","s",1
"Cranberry","FEM","Cranberry","Cranberrys","s",3
"Crashkurs","MASC","Crashkurs","Crashkurse","e",2
"Credo","NEUT","Credo","Credos","s",2
"Creme","FEM","Creme","Cremes","s",2
"Crescendo","NEUT","Crescendo","Crescendos","s",3
"Creutz","NEUT","Creutz","Creutze","e",0
"Creuz","NEUT","Creuz","Creuze","e",0
"Croissant","NEUT","Croissant","Croissants","s",2
"Croupier","MASC","Croupier","Croupiers","s",1
"Crwth","FEM","Crwth","Crwth","ø",0
"Cummingtonit","MASC","Cummingtonit","Cummingtonite","e",4
"Cup","MASC","Cup","Cups","s",1
"Cupalit","MASC","Cupalit","Cupalite","e",3
"Curiepunkt","MASC","Curiepunkt","Curiepunkte","e",2
"Curry","NEUT","Curry","Currys","s",2
"Cursor","MASC","Cursor","Cursor","ø",2
"Cutter","MASC","Cutter","Cutter","ø",2
"Cyanat","NEUT","Cyanat","Cyanate","e",2
"Cyanid","NEUT","Cyanid","Cyanide","e",2
"Cyberkrieg","MASC","Cyberkrieg","Cyberkriege","e",2
"Cyclodextrin","NEUT","Cyclodextrin","Cyclodextrine","e",4
"Cystein","NEUT","Cystein","Cysteine","e",1
"Cystin","NEUT","Cystin","Cystine","e",2
"Cytochrom","NEUT","Cytochrom","Cytochrome","e",3
"Dachdecker","MASC","Dachdecker","Dachdecker","ø",3
"Dachdeckung","FEM","Dachdeckung","Dachdeckungen","en",3
"Dachfenster","NEUT","Dachfenster","Dachfenster","ø",3
"Dachgeschoss","NEUT","Dachgeschoss","Dachgeschosse","e",3
"Dachgeschosswohnung","FEM","Dachgeschosswohnung","Dachgeschosswohnungen","en",5
"Dächlein","NEUT","Dächlein","Dächlein","ø",1
"Dachreling","FEM","Dachreling","Dachrelinge","e",3
"Dachs","MASC","Dachs","Dachse","e",1
"Dachshund","MASC","Dachshund","Dachshunde","e",2
"Dachziegel","MASC","Dachziegel","Dachziegel","ø",2
"Dackel","MASC","Dackel","Dackel","ø",2
"Dad","MASC","Dad","Dads","s",1
"Dagobert Duck","MASC","Dagobert Duck","Dagobert Ducks","s",4
"Daimler","MASC","Daimler","Daimler","ø",2
"Damastgewebe","NEUT","Damastgewebe","Damastgewebe","ø",5
"Damaszener","MASC","Damaszener","Damaszener","ø",4
"Damebrett","NEUT","Damebrett","Damebretter","er",3
"Damenbesuch","MASC","Damenbesuch","Damenbesuche","e",4
"Damenflügel","MASC","Damenflügel","Damenflügel","ø",4
"Damespiel","NEUT","Damespiel","Damespiele","e",2
"Damhirsch","MASC","Damhirsch","Damhirsche","e",2
"Damoklesschwert","NEUT","Damoklesschwert","Damoklesschwerter","er",4
"Dampfer","MASC","Dampfer","Dampfer","ø",2
"Dämpfer","MASC","Dämpfer","Dämpfer","ø",2
"Dampferzeuger","MASC","Dampferzeuger","Dampferzeuger","ø",3
"Dampfkessel","MASC","Dampfkessel","Dampfkessel","ø",3
"Dampfschiff","NEUT","Dampfschiff","Dampfschiffe","e",2
"Dampfschifffahrt","FEM","Dampfschifffahrt","Dampfschifffahrten","en",3
"Danaer","MASC","Danaer","Danaer","ø",2
"Danaergeschenk","NEUT","Danaergeschenk","Danaergeschenke","e",4
"Dankopfer","NEUT","Dankopfer","Dankopfer","ø",3
"Darlehen","NEUT","Darlehen","Darlehen","ø",3
"Darmbein","NEUT","Darmbein","Darmbeine","e",1
"Darmkrankheit","FEM","Darmkrankheit","Darmkrankheiten","en",2
"Darmkrebs","MASC","Darmkrebs","Darmkrebse","e",2
"Darmstädter","MASC","Darmstädter","Darmstädter","ø",3
"Darsteller","MASC","Darsteller","Darsteller","ø",3
"Darwinist","MASC","Darwinist","Darwinisten","en",3
"Dasein","NEUT","Dasein","Daseine","e",1
"Dashboard","NEUT","Dashboard","Dashboards","s",2
"Dataset","MASC","Dataset","Datasets","s",3
"Date","NEUT","Date","Dates","s",2
"Datei","FEM","Datei","Dateien","en",1
"Dateiformat","NEUT","Dateiformat","Dateiformate","e",3
"Datenbank","FEM","Datenbank","Datenbanken","en",3
"Datenbankmodell","NEUT","Datenbankmodell","Datenbankmodelle","e",5
"Datenbankschlüssel","MASC","Datenbankschlüssel","Datenbankschlüssel","ø",5
"Datenbankverwaltungssystem","NEUT","Datenbankverwaltungssystem","Datenbankverwaltungssysteme","e",8
"Datensammlung","FEM","Datensammlung","Datensammlungen","en",4
"Datenspeicher","MASC","Datenspeicher","Datenspeicher","ø",3
"Datenträger","MASC","Datenträger","Datenträger","ø",4
"Datentyp","MASC","Datentyp","Datentypen","en",3
"Datenverschlüsselung","FEM","Datenverschlüsselung","Datenverschlüsselungen","en",6
"Dativ","MASC","Dativ","Dative","e",2
"Datolith","MASC","Datolith","Datolithe","e",3
"Datscha","FEM","Datscha","Datschas","s",2
"Dattelner","MASC","Dattelner","Dattelner","ø",3
"Daueraufenthalt","MASC","Daueraufenthalt","Daueraufenthalte","e",3
"Dauerlutscher","MASC","Dauerlutscher","Dauerlutscher","ø",3
"Dauerwirkung","FEM","Dauerwirkung","Dauerwirkungen","en",3
"Däumchen","NEUT","Däumchen","Däumchen","ø",1
"Daumen","MASC","Daumen","Daumen","ø",1
"Däumlein","NEUT","Däumlein","Däumlein","ø",0
"Däumling","MASC","Däumling","Däumlinge","e",1
"Davidstern","MASC","Davidstern","Davidsterne","e",3
"Deadline","FEM","Deadline","Deadlines","s",3
"Dealer","MASC","Dealer","Dealer","ø",2
"Debakel","NEUT","Debakel","Debakel","ø",3
"Debreciner","MASC","Debreciner","Debreciner","ø",4
"Debrecziner","MASC","Debrecziner","Debrecziner","ø",4
"Debreziner","MASC","Debreziner","Debreziner","ø",4
"Debüt","NEUT","Debüt","Debüts","s",2
"Decacarbonyl","NEUT","Decacarbonyl","Decacarbonyle","e",5
"Decahydrat","NEUT","Decahydrat","Decahydrate","e",4
"Decan","NEUT","Decan","Decane","e",2
"Deck","NEUT","Deck","Decke","e",1
"Deckchen","NEUT","Deckchen","Deckchen","ø",2
"Deckel","MASC","Deckel","Deckel","ø",2
"Deckenzapfen","MASC","Deckenzapfen","Deckenzapfen","ø",4
"Deckung","FEM","Deckung","Deckungen","en",2
"Decorator","MASC","Decorator","Decorators","s",4
"Deern","FEM","Deern","Deerns","s",1
"Defätist","MASC","Defätist","Defätisten","en",3
"Defekt","MASC","Defekt","Defekte","e",2
"Defenestration","FEM","Defenestration","Defenestrationen","en",5
"Definition","FEM","Definition","Definitionen","en",4
"Defizit","NEUT","Defizit","Defizite","e",3
"Degen","MASC","Degen","Degen","ø",2
"Dehnung","FEM","Dehnung","Dehnungen","en",2
"Dehnungs-h","NEUT","Dehnungs-h","Dehnungs-h","ø",2
"Deibel","MASC","Deibel","Deibel","ø",1
"Deich","MASC","Deich","Deiche","e",0
"Deist","MASC","Deist","Deisten","en",0
"Dekagramm","NEUT","Dekagramm","Dekagramme","e",3
"Dekan","NEUT","Dekan","Dekane","e",2
"Deklaration","FEM","Deklaration","Deklarationen","en",4
"Dekolleté","NEUT","Dekolleté","Dekolletés","s",3
"Dekolletee","NEUT","Dekolletee","Dekolletees","s",4
"Dekompression","FEM","Dekompression","Dekompressionen","en",4
"Dekor","NEUT","Dekor","Dekore","e",2
"Dekorierer","MASC","Dekorierer","Dekorierer","ø",3
"Dekret","NEUT","Dekret","Dekrete","e",2
"Delfin","MASC","Delfin","Delfine","e",2
"Delikt","NEUT","Delikt","Delikte","e",2
"Delinquent","MASC","Delinquent","Delinquenten","en",3
"Delphin","MASC","Delphin","Delphine","e",2
"Demiurg","MASC","Demiurg","Demiurgen","en",2
"Demo","NEUT","Demo","Demos","s",2
"Demobilisation","FEM","Demobilisation","Demobilisationen","en",6
"Demobilisierung","FEM","Demobilisierung","Demobilisierungen","en",5
"Demokrat","MASC","Demokrat","Demokraten","en",3
"Demonstrant","MASC","Demonstrant","Demonstranten","en",3
"Demonstrationskraftwerk","NEUT","Demonstrationskraftwerk","Demonstrationskraftwerke","e",6
"Demonstrationsverbot","NEUT","Demonstrationsverbot","Demonstrationsverbote","e",6
"Demoskop","MASC","Demoskop","Demoskopen","en",3
"Demütigung","FEM","Demütigung","Demütigungen","en",4
"Dendrit","MASC","Dendrit","Dendriten","en",2
"Denglisch","NEUT","Denglisch","Denglische","e",2
"Denkart","FEM","Denkart","Denkarten","en",2
"Denker","MASC","Denker","Denker","ø",2
"Denkfehler","MASC","Denkfehler","Denkfehler","ø",3
"Denkmal","NEUT","Denkmal","Denkmale","e",2
"Denkschrift","FEM","Denkschrift","Denkschriften","en",2
"Denkzettel","MASC","Denkzettel","Denkzettel","ø",3
"Dental","MASC","Dental","Dentale","e",2
"Denunziant","MASC","Denunziant","Denunzianten","en",3
"Denunziation","FEM","Denunziation","Denunziationen","en",4
"Deo","NEUT","Deo","Deos","s",1
"Departement","NEUT","Departement","Departements","s",4
"Department","NEUT","Department","Departments","s",3
"Depot","NEUT","Depot","Depots","s",2
"Depp","MASC","Depp","Deppen","en",1
"Deppenleerzeichen","NEUT","Deppenleerzeichen","Deppenleerzeichen","ø",4
"Derby","NEUT","Derby","Derbys","s",2
"Derivatem","NEUT","Derivatem","Derivateme","e",4
"Dermatozoenwahn","MASC","Dermatozoenwahn","Dermatozoenwahne","e",5
"Derwisch","MASC","Derwisch","Derwische","e",2
"Desaster","NEUT","Desaster","Desaster","ø",3
"Descloizit","NEUT","Descloizit","Descloizite","e",3
"Deserteur","MASC","Deserteur","Deserteure","e",2
"Desiderat","NEUT","Desiderat","Desiderate","e",4
"Design","NEUT","Design","Designs","s",2
"Desinfektionsmittel","NEUT","Desinfektionsmittel","Desinfektionsmittel","ø",6
"Desktop-Computer","MASC","Desktop-Computer","Desktop-Computer","ø",5
"Desorption","NEUT","Desorption","Desorptionen","en",3
"Desoxidationsmittel","NEUT","Desoxidationsmittel","Desoxidationsmittel","ø",7
"Desoxyribonukleotid","NEUT","Desoxyribonukleotid","Desoxyribonukleotide","e",8
"Despot","MASC","Despot","Despoten","en",2
"Dessert","NEUT","Dessert","Desserts","s",2
"Dessertlöffel","MASC","Dessertlöffel","Dessertlöffel","ø",4
"Dessous","NEUT","Dessous","Dessous","ø",2
"Destillationsgefäß","NEUT","Destillationsgefäß","Destillationsgefäße","e",6
"Detail","NEUT","Detail","Details","s",2
"Detailhändler","MASC","Detailhändler","Detailhändler","ø",4
"Detektiv","MASC","Detektiv","Detektive","e",3
"Detektor","MASC","Detektor","Detektoren","en",3
"Deuter","MASC","Deuter","Deuter","ø",1
"Deuterid","NEUT","Deuterid","Deuteride","e",2
"Deuteron","NEUT","Deuteron","Deuteronen","en",2
"Deutsch","NEUT","Deutsch","Deutsche","e",0
"Deutschordensritter","MASC","Deutschordensritter","Deutschordensritter","ø",4
"Deutschrussisch","NEUT","Deutschrussisch","Deutschrussische","e",2
"Deutschschweizer","MASC","Deutschschweizer","Deutschschweizer","ø",1
"Deutschtümelei","FEM","Deutschtümelei","Deutschtümeleien","en",2
"Deutung","FEM","Deutung","Deutungen","en",1
"Dewargefäß","NEUT","Dewargefäß","Dewargefäße","e",4
"Dextrin","NEUT","Dextrin","Dextrine","e",2
"Dez","MASC","Dez","Deze","e",1
"Dezember","MASC","Dezember","Dezember","ø",3
"Dezernat","NEUT","Dezernat","Dezernate","e",3
"Dezibel","NEUT","Dezibel","Dezibel","ø",3
"Dezimeter","MASC","Dezimeter","Dezimeter","ø",4
"Dia","NEUT","Dia","Dias","s",1
"Diabetiker","MASC","Diabetiker","Diabetiker","ø",4
"Diadem","NEUT","Diadem","Diademe","e",2
"Diagnostik","FEM","Diagnostik","Diagnostiken","en",3
"Diakon","MASC","Diakon","Diakonen","en",2
"Dialekt","MASC","Dialekt","Dialekte","e",2
"Dialog","MASC","Dialog","Dialoge","e",2
"Dialogfenster","NEUT","Dialogfenster","Dialogfenster","ø",4
"Diamant","MASC","Diamant","Diamanten","en",2
"Diamantgitter","NEUT","Diamantgitter","Diamantgitter","ø",4
"Diamantring","MASC","Diamantring","Diamantringe","e",3
"Diamantringeffekt","MASC","Diamantringeffekt","Diamantringeffekte","e",5
"Diarrhö","FEM","Diarrhö","Diarrhöen","en",2
"Diarsan","NEUT","Diarsan","Diarsane","e",2
"Dibenzodioxin","NEUT","Dibenzodioxin","Dibenzodioxine","e",5
"Dichlorid","NEUT","Dichlorid","Dichloride","e",3
"Dichloroargentat","NEUT","Dichloroargentat","Dichloroargentate","e",5
"Dichromat","NEUT","Dichromat","Dichromate","e",3
"Dichter","MASC","Dichter","Dichter","ø",2
"Dichteschwankung","FEM","Dichteschwankung","Dichteschwankungen","en",4
"Dichtstoff","MASC","Dichtstoff","Dichtstoffe","e",2
"Dickbein","NEUT","Dickbein","Dickbeine","e",1
"Dicken","MASC","Dicken","Dicken","ø",2
"Dickhornschaf","NEUT","Dickhornschaf","Dickhornschafe","e",3
"Dickicht","NEUT","Dickicht","Dickichte","e",2
"Dickmacher","MASC","Dickmacher","Dickmacher","ø",3
"Dickschnabelpinguin","MASC","Dickschnabelpinguin","Dickschnabelpinguine","e",5
"Dicyanoargentat","NEUT","Dicyanoargentat","Dicyanoargentate","e",5
"Dieb","MASC","Dieb","Diebe","e",0
"Diener","MASC","Diener","Diener","ø",1
"Dienst","MASC","Dienst","Dienste","e",0
"Dienstag","MASC","Dienstag","Dienstage","e",1
"Dienstagabend","MASC","Dienstagabend","Dienstagabende","e",3
"Dienstagmittag","MASC","Dienstagmittag","Dienstagmittage","e",3
"Dienstagnachmittag","MASC","Dienstagnachmittag","Dienstagnachmittage","e",4
"Dienstagvormittag","MASC","Dienstagvormittag","Dienstagvormittage","e",4
"Dienstbarkeit","FEM","Dienstbarkeit","Dienstbarkeiten","en",1
"Dienstgrad","MASC","Dienstgrad","Dienstgrade","e",1
"Dienstherr","MASC","Dienstherr","Dienstherren","en",1
"Dienstleister","MASC","Dienstleister","Dienstleister","ø",1
"Dienstleistung","FEM","Dienstleistung","Dienstleistungen","en",1
"Dienstmädchen","NEUT","Dienstmädchen","Dienstmädchen","ø",2
"Diesel","MASC","Diesel","Diesel","ø",1
"Dieselmotor","MASC","Dieselmotor","Dieselmotoren","en",3
"Dietrich","MASC","Dietrich","Dietriche","e",1
"Differentialgleichung","FEM","Differentialgleichung","Differentialgleichungen","en",5
"Differenzierung","FEM","Differenzierung","Differenzierungen","en",4
"Diffusionsvermögen","NEUT","Diffusionsvermögen","Diffusionsvermögen","ø",6
"Difluorid","NEUT","Difluorid","Difluoride","e",3
"Digamma","NEUT","Digamma","Digammas","s",3
"Digestif","MASC","Digestif","Digestifs","s",3
"Digitalisat","NEUT","Digitalisat","Digitalisate","e",5
"Diglycerid","NEUT","Diglycerid","Diglyceride","e",4
"Digraph","MASC","Digraph","Digraphen","en",2
"Dihydrat","NEUT","Dihydrat","Dihydrate","e",3
"Diktat","NEUT","Diktat","Diktate","e",2
"Diktator","MASC","Diktator","Diktatoren","en",3
"Diktiergerät","NEUT","Diktiergerät","Diktiergeräte","e",3
"Dildo","MASC","Dildo","Dildos","s",2
"Dilettant","MASC","Dilettant","Dilettanten","en",3
"Dill","MASC","Dill","Dille","e",1
"Dimer","NEUT","Dimer","Dimere","e",2
"Diminutiv","NEUT","Diminutiv","Diminutive","e",4
"Dimmer","MASC","Dimmer","Dimmer","ø",2
"Ding","NEUT","Ding","Dinge","e",1
"Dinglein","NEUT","Dinglein","Dinglein","ø",1
"Dingo","MASC","Dingo","Dingos","s",2
"Dinkel","MASC","Dinkel","Dinkel","ø",2
"Dino","MASC","Dino","Dinos","s",2
"Dinosaurier","MASC","Dinosaurier","Dinosaurier","ø",2
"Dinukleotid","NEUT","Dinukleotid","Dinukleotide","e",4
"Diopsid","MASC","Diopsid","Diopside","e",2
"Dioxid","NEUT","Dioxid","Dioxide","e",2
"Diphenylether","NEUT","Diphenylether","Diphenylethere","e",5
"Diphosphat","NEUT","Diphosphat","Diphosphate","e",3
"Diphosphonat","NEUT","Diphosphonat","Diphosphonate","e",4
"Diplom","NEUT","Diplom","Diplome","e",2
"Diplomat","MASC","Diplomat","Diplomaten","en",3
"Diplomingenieur","MASC","Diplomingenieur","Diplomingenieure","e",5
"Diproton","NEUT","Diproton","Diprotonen","en",3
"Dipsomane","MASC","Dipsomane","Dipsomane","ø",4
"Direktor","MASC","Direktor","Direktoren","en",3
"Direktübertragung","FEM","Direktübertragung","Direktübertragungen","en",6
"Dirigent","MASC","Dirigent","Dirigenten","en",3
"Dirndlkleid","NEUT","Dirndlkleid","Dirndlkleider","er",1
"Dirndlkleidchen","NEUT","Dirndlkleidchen","Dirndlkleidchen","ø",2
"Discjockey","MASC","Discjockey","Discjockeys","s",3
"Disco","FEM","Disco","Discos","s",2
"Discount","MASC","Discount","Discounts","s",2
"Diselan","NEUT","Diselan","Diselane","e",3
"Diselenid","NEUT","Diselenid","Diselenide","e",4
"Disjunktion","FEM","Disjunktion","Disjunktionen","en",3
"Diskont","MASC","Diskont","Diskonte","e",2
"Diskontinuität","FEM","Diskontinuität","Diskontinuitäten","en",5
"Diskurs","MASC","Diskurs","Diskurse","e",2
"Diskussion","FEM","Diskussion","Diskussionen","en",3
"Disput","MASC","Disput","Dispute","e",2
"Disputation","FEM","Disputation","Disputationen","en",4
"Dissertation","FEM","Dissertation","Dissertationen","en",4
"Dissident","MASC","Dissident","Dissidenten","en",3
"Dissimilation","FEM","Dissimilation","Dissimilationen","en",5
"Distelfalter","MASC","Distelfalter","Distelfalter","ø",4
"Distelfink","MASC","Distelfink","Distelfinken","en",3
"Distiban","NEUT","Distiban","Distibane","e",3
"Distrikt","MASC","Distrikt","Distrikte","e",2
"Disulfat","NEUT","Disulfat","Disulfate","e",3
"Disulfit","NEUT","Disulfit","Disulfite","e",3
"Ditellurid","NEUT","Ditellurid","Ditelluride","e",4
"Dithiolan","NEUT","Dithiolan","Dithiolane","e",3
"Dithionat","NEUT","Dithionat","Dithionate","e",3
"Dithionit","NEUT","Dithionit","Dithionite","e",3
"Dito","NEUT","Dito","Ditos","s",2
"Dividend","MASC","Dividend","Dividenden","en",3
"Divis","NEUT","Divis","Divise","e",2
"Divisionsrest","MASC","Divisionsrest","Divisionsreste","e",4
"Docht","MASC","Docht","Dochte","e",1
"Dock","NEUT","Dock","Docks","s",1
"Dodekaeder","NEUT","Dodekaeder","Dodekaeder","ø",4
"Dödel","MASC","Dödel","Dödel","ø",2
"Dodo","MASC","Dodo","Dodos","s",2
"Dogmatiker","MASC","Dogmatiker","Dogmatiker","ø",4
"Doktor","MASC","Doktor","Doktoren","en",2
"Doktorand","MASC","Doktorand","Doktoranden","en",3
"Doktorat","NEUT","Doktorat","Doktorate","e",3
"Doktorfisch","MASC","Doktorfisch","Doktorfische","e",3
"Dokument","NEUT","Dokument","Dokumente","e",3
"Dokumentation","FEM","Dokumentation","Dokumentationen","en",5
"Dolch","MASC","Dolch","Dolche","e",1
"Dollarzeichen","NEUT","Dollarzeichen","Dollarzeichen","ø",3
"Dolmetsch","MASC","Dolmetsch","Dolmetsche","e",2
"Dolmetscher","MASC","Dolmetscher","Dolmetscher","ø",3
"Dolomit","MASC","Dolomit","Dolomite","e",3
"Dolomitstein","MASC","Dolomitstein","Dolomitsteine","e",3
"Dom","MASC","Dom","Dome","e",1
"Domestik","MASC","Domestik","Domestiken","en",3
"Domestizierung","FEM","Domestizierung","Domestizierungen","en",4
"Domeykit","MASC","Domeykit","Domeykite","e",3
"Dominoeffekt","MASC","Dominoeffekt","Dominoeffekte","e",4
"Domizil","NEUT","Domizil","Domizile","e",3
"Dompfaff","MASC","Dompfaff","Dompfaffen","en",2
"Dompteur","MASC","Dompteur","Dompteure","e",1
"Donation","FEM","Donation","Donationen","en",3
"Donaudampfschiffahrtsgesellschaft","FEM","Donaudampfschiffahrtsgesellschaft","Donaudampfschiffahrtsgesellschaften","en",7
"Donaudampfschifffahrtsgesellschaftskapitän","MASC","Donaudampfschifffahrtsgesellschaftskapitän","Donaudampfschifffahrtsgesellschaftskapitäne","e",10
"Donaulachs","MASC","Donaulachs","Donaulachse","e",2
"Donner","MASC","Donner","Donner","ø",2
"Donnerhall","MASC","Donnerhall","Donnerhalle","e",3
"Donnerkeil","MASC","Donnerkeil","Donnerkeile","e",2
"Donnerstag","MASC","Donnerstag","Donnerstage","e",3
"Donnerstagabend","MASC","Donnerstagabend","Donnerstagabende","e",5
"Donnerstagmittag","MASC","Donnerstagmittag","Donnerstagmittage","e",5
"Donnerstagnachmittag","MASC","Donnerstagnachmittag","Donnerstagnachmittage","e",6
"Donnerstagvormittag","MASC","Donnerstagvormittag","Donnerstagvormittage","e",6
"Donnerwetter","NEUT","Donnerwetter","Donnerwetter","ø",4
"Donor","NEUT","Donor","Donore","e",2
"Doofi","MASC","Doofi","Doofis","s",2
"Doppel","NEUT","Doppel","Doppel","ø",2
"Doppel-T-Stein","MASC","Doppel-T-Stein","Doppel-T-Steine","e",2
"Doppelagent","MASC","Doppelagent","Doppelagenten","en",4
"Doppeldecker","MASC","Doppeldecker","Doppeldecker","ø",4
"Doppeldeutigkeit","FEM","Doppeldeutigkeit","Doppeldeutigkeiten","en",3
"Doppelgänger","MASC","Doppelgänger","Doppelgänger","ø",4
"Doppelidentität","FEM","Doppelidentität","Doppelidentitäte","e",6
"Doppelklick","MASC","Doppelklick","Doppelklicks","s",3
"Doppelkonsonant","MASC","Doppelkonsonant","Doppelkonsonanten","en",5
"Doppelköpfchen","NEUT","Doppelköpfchen","Doppelköpfchen","ø",4
"Doppellaut","MASC","Doppellaut","Doppellaute","e",2
"Doppelleben","NEUT","Doppelleben","Doppelleben","ø",4
"Doppelpunkt","MASC","Doppelpunkt","Doppelpunkte","e",3
"Doppelsalz","NEUT","Doppelsalz","Doppelsalze","e",3
"Doppelspaltexperiment","NEUT","Doppelspaltexperiment","Doppelspaltexperimente","e",7
"Doppelspiel","NEUT","Doppelspiel","Doppelspiele","e",2
"Doppelstern","MASC","Doppelstern","Doppelsterne","e",3
"Doppelverabredung","FEM","Doppelverabredung","Doppelverabredungen","en",6
"Doppelzimmer","NEUT","Doppelzimmer","Doppelzimmer","ø",4
"Doppelzüngigkeit","FEM","Doppelzüngigkeit","Doppelzüngigkeiten","en",4
"Dorfbewohner","MASC","Dorfbewohner","Dorfbewohner","ø",4
"Dorftrottel","MASC","Dorftrottel","Dorftrottel","ø",3
"Dorn","MASC","Dorn","Dornen","en",1
"Dörnchen","NEUT","Dörnchen","Dörnchen","ø",2
"Dorngesträuch","NEUT","Dorngesträuch","Dorngesträuche","e",2
"Dornginster","MASC","Dornginster","Dornginster","ø",3
"Dornhai","MASC","Dornhai","Dornhaie","e",2
"Dorsch","MASC","Dorsch","Dorsche","e",1
"Dortmunder","MASC","Dortmunder","Dortmunder","ø",3
"Döschen","NEUT","Döschen","Döschen","ø",2
"Dosenöffner","MASC","Dosenöffner","Dosenöffner","ø",4
"Dosierung","FEM","Dosierung","Dosierungen","en",2
"Dossier","NEUT","Dossier","Dossiers","s",1
"Dost","MASC","Dost","Dosten","en",1
"Dotierelement","NEUT","Dotierelement","Dotierelemente","e",4
"Dotter","MASC","Dotter","Dotter","ø",2
"Downer","MASC","Downer","Downer","ø",2
"Dozent","MASC","Dozent","Dozenten","en",2
"Drachen","MASC","Drachen","Drachen","ø",2
"Dragee","NEUT","Dragee","Dragees","s",2
"Dragée","NEUT","Dragée","Dragées","s",2
"Dragoner","MASC","Dragoner","Dragoner","ø",3
"Drähtchen","NEUT","Drähtchen","Drähtchen","ø",2
"Drahtesel","MASC","Drahtesel","Drahtesel","ø",3
"Drahtseil","NEUT","Drahtseil","Drahtseile","e",1
"Drahtseilakt","MASC","Drahtseilakt","Drahtseilakte","e",2
"Drahtsieb","NEUT","Drahtsieb","Drahtsiebe","e",1
"Drahtzieher","MASC","Drahtzieher","Drahtzieher","ø",2
"Drall","MASC","Drall","Dralle","e",1
"Drangsal","FEM","Drangsal","Drangsale","e",2
"Draufgänger","MASC","Draufgänger","Draufgänger","ø",2
"Drechsler","MASC","Drechsler","Drechsler","ø",2
"Dreckkerl","MASC","Dreckkerl","Dreckkerle","e",2
"Drecksarbeit","FEM","Drecksarbeit","Drecksarbeiten","en",2
"Dreckskerl","MASC","Dreckskerl","Dreckskerle","e",2
"Dreh","MASC","Dreh","Drehe","e",1
"Dreharbeit","FEM","Dreharbeit","Dreharbeiten","en",2
"Dreher","MASC","Dreher","Dreher","ø",2
"Drehimpuls","MASC","Drehimpuls","Drehimpulse","e",3
"Drehmoment","NEUT","Drehmoment","Drehmomente","e",3
"Drehort","MASC","Drehort","Drehorte","e",2
"Drehpunkt","MASC","Drehpunkt","Drehpunkte","e",2
"Drehtür","FEM","Drehtür","Drehtüren","en",2
"Drehung","FEM","Drehung","Drehungen","en",2
"Dreibein","NEUT","Dreibein","Dreibeine","e",0
"Dreidel","MASC","Dreidel","Dreidel","ø",1
"Dreidimensionalität","FEM","Dreidimensionalität","Dreidimensionalitäten","en",6
"Dreieck","NEUT","Dreieck","Dreiecke","e",1
"Dreieckszahl","FEM","Dreieckszahl","Dreieckszahlen","en",2
"Dreier","MASC","Dreier","Dreier","ø",1
"Dreifachklick","MASC","Dreifachklick","Dreifachklicks","s",2
"Dreigestirn","NEUT","Dreigestirn","Dreigestirne","e",2
"Dreikönigsfest","NEUT","Dreikönigsfest","Dreikönigsfeste","e",3
"Dreikönigstag","MASC","Dreikönigstag","Dreikönigstage","e",3
"Dreiling","MASC","Dreiling","Dreilinge","e",1
"Dreispitz","MASC","Dreispitz","Dreispitze","e",1
"Dreißigeck","NEUT","Dreißigeck","Dreißigecke","e",2
"Dreißiger","MASC","Dreißiger","Dreißiger","ø",2
"Dreivierteljahr","NEUT","Dreivierteljahr","Dreivierteljahre","e",2
"Dreizack","MASC","Dreizack","Dreizacke","e",1
"Dreizehneck","NEUT","Dreizehneck","Dreizehnecke","e",2
"Dreizehnflächner","MASC","Dreizehnflächner","Dreizehnflächner","ø",3
"Drempel","MASC","Drempel","Drempel","ø",2
"Dreschflegel","MASC","Dreschflegel","Dreschflegel","ø",3
"Dresdner","MASC","Dresdner","Dresdner","ø",2
"Dresseur","MASC","Dresseur","Dresseure","e",1
"Drillich","MASC","Drillich","Drilliche","e",2
"Drilling","MASC","Drilling","Drillinge","e",2
"Dringlichkeit","FEM","Dringlichkeit","Dringlichkeiten","en",2
"Drink","MASC","Drink","Drinks","s",1
"Drittel","NEUT","Drittel","Drittel","ø",2
"Drittstaat","MASC","Drittstaat","Drittstaaten","en",2
"Drive","MASC","Drive","Drives","s",2
"Drogenabhängigkeit","FEM","Drogenabhängigkeit","Drogenabhängigkeiten","en",5
"Drogenberater","MASC","Drogenberater","Drogenberater","ø",5
"Drogendelikt","NEUT","Drogendelikt","Drogendelikte","e",4
"Drogenhändler","MASC","Drogenhändler","Drogenhändler","ø",4
"Drogenkonsument","MASC","Drogenkonsument","Drogenkonsumenten","en",5
"Drogenkrieg","MASC","Drogenkrieg","Drogenkriege","e",2
"Drohbrief","MASC","Drohbrief","Drohbriefe","e",1
"Drohnenangriff","MASC","Drohnenangriff","Drohnenangriffe","e",4
"Drohung","FEM","Drohung","Drohungen","en",2
"Dromedar","NEUT","Dromedar","Dromedare","e",3
"Dropdown-Listenfeld","NEUT","Dropdown-Listenfeld","Dropdown-Listenfelder","er",5
"Drost","MASC","Drost","Droste","e",1
"Druckanstieg","MASC","Druckanstieg","Druckanstiege","e",2
"Druckbehälter","MASC","Druckbehälter","Druckbehälter","ø",4
"Drückeberger","MASC","Drückeberger","Drückeberger","ø",4
"Drucker","MASC","Drucker","Drucker","ø",2
"Druckerei","FEM","Druckerei","Druckereien","en",2
"Druckfehler","MASC","Druckfehler","Druckfehler","ø",3
"Druckmesser","MASC","Druckmesser","Druckmesser","ø",3
"Druckmittel","NEUT","Druckmittel","Druckmittel","ø",3
"Druckregler","MASC","Druckregler","Druckregler","ø",3
"Druckschrift","FEM","Druckschrift","Druckschriften","en",2
"Drucktank","MASC","Drucktank","Drucktanke","e",2
"Druckwasserreaktor","MASC","Druckwasserreaktor","Druckwasserreaktoren","en",5
"Druckwerk","NEUT","Druckwerk","Druckwerke","e",2
"Dschihadist","MASC","Dschihadist","Dschihadisten","en",3
"Dschinn","MASC","Dschinn","Dschinnen","en",1
"Dual-SIM-Smartphone","NEUT","Dual-SIM-Smartphone","Dual-SIM-Smartphones","s",5
"Dubbel","NEUT","Dubbel","Dubbel","ø",2
"Dübel","MASC","Dübel","Dübel","ø",2
"Dublee","NEUT","Dublee","Dublees","s",2
"Duck-Typing","NEUT","Duck-Typing","Duck-Typings","s",3
"Duckface","NEUT","Duckface","Duckfaces","s",3
"Duckmäuser","MASC","Duckmäuser","Duckmäuser","ø",2
"Duell","NEUT","Duell","Duelle","e",1
"Duett","NEUT","Duett","Duette","e",1
"Duftrauchbrenner","MASC","Duftrauchbrenner","Duftrauchbrenner","ø",3
"Duftstoff","MASC","Duftstoff","Duftstoffe","e",2
"Dugong","MASC","Dugong","Dugonge","e",2
"Dukatenfalter","MASC","Dukatenfalter","Dukatenfalter","ø",5
"Düker","MASC","Düker","Düker","ø",2
"Dult","FEM","Dult","Dulten","en",1
"Dummbatz","MASC","Dummbatz","Dummbatze","e",2
"Dummchen","NEUT","Dummchen","Dummchen","ø",2
"Dummerchen","NEUT","Dummerchen","Dummerchen","ø",3
"Dummhirn","NEUT","Dummhirn","Dummhirne","e",2
"Dummi","MASC","Dummi","Dummis","s",2
"Dümmlichkeit","FEM","Dümmlichkeit","Dümmlichkeiten","en",2
"Düngemittel","NEUT","Düngemittel","Düngemittel","ø",4
"Dünger","MASC","Dünger","Dünger","ø",2
"Dunkelbraun","NEUT","Dunkelbraun","Dunkelbraun","ø",2
"Dunkelgrau","NEUT","Dunkelgrau","Dunkelgraus","s",2
"Dunkelgrün","NEUT","Dunkelgrün","Dunkelgrüns","s",3
"Dunkelheit","FEM","Dunkelheit","Dunkelheiten","en",2
"Dunkelmantel-Ameisenwürger","MASC","Dunkelmantel-Ameisenwürger","Dunkelmantel-Ameisenwürger","ø",8
"Dunkelrot","NEUT","Dunkelrot","Dunkelrot","ø",3
"Dunkelwasserläufer","MASC","Dunkelwasserläufer","Dunkelwasserläufer","ø",5
"Dünnbrettbohrer","MASC","Dünnbrettbohrer","Dünnbrettbohrer","ø",4
"Dünnschichttransistor","MASC","Dünnschichttransistor","Dünnschichttransistoren","en",5
"Duo","NEUT","Duo","Duos","s",1
"Duopol","NEUT","Duopol","Duopole","e",2
"Duplikat","NEUT","Duplikat","Duplikate","e",3
"Duranusit","MASC","Duranusit","Duranusite","e",4
"Durcheinander","NEUT","Durcheinander","Durcheinander","ø",3
"Durchführbarkeit","FEM","Durchführbarkeit","Durchführbarkeiten","en",3
"Durchlaucht","FEM","Durchlaucht","Durchlauchte","e",1
"Durchlauferhitzer","MASC","Durchlauferhitzer","Durchlauferhitzer","ø",4
"Durchmesser","MASC","Durchmesser","Durchmesser","ø",3
"Durchschnitt","MASC","Durchschnitt","Durchschnitte","e",2
"Durchschnittseinkommen","NEUT","Durchschnittseinkommen","Durchschnittseinkommen","ø",4
"Durchschnittswert","MASC","Durchschnittswert","Durchschnittswerte","e",3
"Durchschrift","FEM","Durchschrift","Durchschriften","en",2
"Durchsichtigkeit","FEM","Durchsichtigkeit","Durchsichtigkeiten","en",3
"Durchsickerung","FEM","Durchsickerung","Durchsickerungen","en",4
"Durchsuchungsbefehl","MASC","Durchsuchungsbefehl","Durchsuchungsbefehle","e",5
"Durian","FEM","Durian","Durians","s",2
"Dürkheimer","MASC","Dürkheimer","Dürkheimer","ø",2
"Durstigkeit","FEM","Durstigkeit","Durstigkeiten","en",2
"Duschgel","NEUT","Duschgel","Duschgele","e",2
"Duselei","FEM","Duselei","Duseleien","en",2
"Düsenflugzeug","NEUT","Düsenflugzeug","Düsenflugzeuge","e",3
"Düsentriebwerk","NEUT","Düsentriebwerk","Düsentriebwerke","e",3
"Dussel","MASC","Dussel","Dussel","ø",2
"Düsseldorfer","MASC","Düsseldorfer","Düsseldorfer","ø",4
"Dutzend","NEUT","Dutzend","Dutzende","e",2
"DVD","FEM","DVD","DVDs","s",0
"DVD-Spieler","MASC","DVD-Spieler","DVD-Spieler","ø",1
"E-Mail-Verschlüsselung","FEM","E-Mail-Verschlüsselung","E-Mail-Verschlüsselungen","en",6
"Easteregg","NEUT","Easteregg","Eastereggs","s",3
"Ebenbild","NEUT","Ebenbild","Ebenbilder","er",3
"Eber","MASC","Eber","Eber","ø",2
"Echo","FEM","Echo","Echos","s",2
"Echsenmensch","MASC","Echsenmensch","Echsenmenschen","en",3
"Eckchen","NEUT","Eckchen","Eckchen","ø",2
"Eckpfeiler","MASC","Eckpfeiler","Eckpfeiler","ø",2
"Eckpunkt","MASC","Eckpunkt","Eckpunkt","ø",2
"Eckpunktepapier","NEUT","Eckpunktepapier","Eckpunktepapiere","e",4
"Eckstein","MASC","Eckstein","Ecksteine","e",1
"Ecktisch","MASC","Ecktisch","Ecktische","e",2
"Eckwert","MASC","Eckwert","Eckwerte","e",2
"Ecuadorianer","MASC","Ecuadorianer","Ecuadorianer","ø",5
"Edamer","MASC","Edamer","Edamer","ø",3
"Edelgas","NEUT","Edelgas","Edelgase","e",3
"Edeling","MASC","Edeling","Edelinge","e",3
"Edelmetall","NEUT","Edelmetall","Edelmetalle","e",4
"Edelstahl","MASC","Edelstahl","Edelstahle","e",3
"Edelweiß","NEUT","Edelweiß","Edelweiße","e",2
"Edgar","NEUT","Edgar","Edgars","s",2
"Edikt","NEUT","Edikt","Edikte","e",2
"Edukt","NEUT","Edukt","Edukte","e",2
"Effekt","MASC","Effekt","Effekte","e",2
"Egel","MASC","Egel","Egel","ø",2
"Ego","NEUT","Ego","Egos","s",2
"Egoist","MASC","Egoist","Egoisten","en",2
"Egozentriker","MASC","Egozentriker","Egozentriker","ø",5
"Ehebrecher","MASC","Ehebrecher","Ehebrecher","ø",4
"Ehebrecherei","FEM","Ehebrecherei","Ehebrechereien","en",4
"Ehefrau","FEM","Ehefrau","Ehefrauen","en",2
"Ehefrauchen","NEUT","Ehefrauchen","Ehefrauchen","ø",3
"Ehegelübde","NEUT","Ehegelübde","Ehegelübde","ø",5
"Ehemann","MASC","Ehemann","Ehemannen","en",3
"Ehemännchen","NEUT","Ehemännchen","Ehemännchen","ø",4
"Ehemännlein","NEUT","Ehemännlein","Ehemännlein","ø",3
"Ehepartner","MASC","Ehepartner","Ehepartner","ø",4
"Ehering","MASC","Ehering","Eheringe","e",3
"Eheweib","NEUT","Eheweib","Eheweiber","er",2
"Ehrendivision","FEM","Ehrendivision","Ehrendivisionen","en",5
"Ehrendoktor","MASC","Ehrendoktor","Ehrendoktoren","en",4
"Ehrenmitgliedschaft","FEM","Ehrenmitgliedschaft","Ehrenmitgliedschaften","en",4
"Ehrenmord","MASC","Ehrenmord","Ehrenmorde","e",3
"Ehrenschutz","MASC","Ehrenschutz","Ehrenschutze","e",3
"Ehrenwort","NEUT","Ehrenwort","Ehrenworte","e",3
"Ehrgeiz","MASC","Ehrgeiz","Ehrgeize","e",1
"Ehrlosigkeit","FEM","Ehrlosigkeit","Ehrlosigkeiten","en",3
"Ehrung","FEM","Ehrung","Ehrungen","en",2
"Ei","NEUT","Ei","Eier","er",0
"Eibisch","MASC","Eibisch","Eibische","e",1
"Eichelhäher","MASC","Eichelhäher","Eichelhäher","ø",3
"Eichhörnchen","NEUT","Eichhörnchen","Eichhörnchen","ø",2
"Eichstrich","MASC","Eichstrich","Eichstriche","e",1
"Eid","MASC","Eid","Eide","e",0
"Eidam","MASC","Eidam","Eidame","e",1
"Eidbrecher","MASC","Eidbrecher","Eidbrecher","ø",2
"Eidechsenfisch","MASC","Eidechsenfisch","Eidechsenfische","e",3
"Eierbecher","MASC","Eierbecher","Eierbecher","ø",3
"Eierklar","NEUT","Eierklar","Eierklar","ø",2
"Eierkuchen","MASC","Eierkuchen","Eierkuchen","ø",3
"Eierlikör","MASC","Eierlikör","Eierliköre","e",3
"Eierlöffel","MASC","Eierlöffel","Eierlöffel","ø",3
"Eiersalat","MASC","Eiersalat","Eiersalate","e",3
"Eierschalensollbruchstellenverursacher","MASC","Eierschalensollbruchstellenverursacher","Eierschalensollbruchstellenverursacher","ø",11
"Eifeler","MASC","Eifeler","Eifeler","ø",2
"Eigelb","NEUT","Eigelb","Eigelbe","e",1
"Eigenart","FEM","Eigenart","Eigenarten","en",2
"Eigenartigkeit","FEM","Eigenartigkeit","Eigenartigkeiten","en",3
"Eigenbrötelei","FEM","Eigenbrötelei","Eigenbröteleien","en",3
"Eigenbrötler","MASC","Eigenbrötler","Eigenbrötler","ø",3
"Eigenbrötlerei","FEM","Eigenbrötlerei","Eigenbrötlereien","en",3
"Eigentor","NEUT","Eigentor","Eigentore","e",2
"Eigentümer","MASC","Eigentümer","Eigentümer","ø",3
"Eigentümlichkeit","FEM","Eigentümlichkeit","Eigentümlichkeiten","en",3
"Eigenvektor","MASC","Eigenvektor","Eigenvektoren","en",3
"Eigenwertproblem","NEUT","Eigenwertproblem","Eigenwertprobleme","e",4
"Eiklar","NEUT","Eiklar","Eiklar","ø",1
"Eiland","NEUT","Eiland","Eilande","e",1
"Eilmeldung","FEM","Eilmeldung","Eilmeldungen","en",2
"Eimer","MASC","Eimer","Eimer","ø",1
"Einbauteil","MASC","Einbauteil","Einbauteile","e",0
"Einberufungsbefehl","MASC","Einberufungsbefehl","Einberufungsbefehle","e",5
"Einbeziehung","FEM","Einbeziehung","Einbeziehungen","en",2
"Einblick","MASC","Einblick","Einblicke","e",1
"Einbrecher","MASC","Einbrecher","Einbrecher","ø",2
"Einbürgerung","FEM","Einbürgerung","Einbürgerungen","en",3
"Eindämmungsfeld","NEUT","Eindämmungsfeld","Eindämmungsfelder","er",3
"Eindämmungspolitik","FEM","Eindämmungspolitik","Eindämmungspolitiken","en",5
"Eindämmungsprozess","MASC","Eindämmungsprozess","Eindämmungsprozesse","e",4
"Eindringling","MASC","Eindringling","Eindringlinge","e",2
"Einer","MASC","Einer","Einer","ø",1
"Einfältigkeit","FEM","Einfältigkeit","Einfältigkeiten","en",2
"Einfaltspinsel","MASC","Einfaltspinsel","Einfaltspinsel","ø",3
"Einfangquerschnitt","MASC","Einfangquerschnitt","Einfangquerschnitte","e",3
"Einfarbameisenwürger","MASC","Einfarbameisenwürger","Einfarbameisenwürger","ø",5
"Einfärbung","FEM","Einfärbung","Einfärbungen","en",2
"Einflussbereich","MASC","Einflussbereich","Einflussbereiche","e",2
"Einfriedung","FEM","Einfriedung","Einfriedungen","en",1
"Einführung","FEM","Einführung","Einführungen","en",2
"Einführungsjahr","NEUT","Einführungsjahr","Einführungsjahre","e",3
"Eingeweide","NEUT","Eingeweide","Eingeweide","ø",2
"Einheit","FEM","Einheit","Einheiten","en",0
"Einheitsbrei","MASC","Einheitsbrei","Einheitsbreie","e",0
"Einkäufer","MASC","Einkäufer","Einkäufer","ø",1
"Einkaufsbeutel","MASC","Einkaufsbeutel","Einkaufsbeutel","ø",1
"Einkaufsbummel","MASC","Einkaufsbummel","Einkaufsbummel","ø",2
"Einkaufschip","MASC","Einkaufschip","Einkaufschips","s",1
"Einkaufswagen","MASC","Einkaufswagen","Einkaufswagen","ø",2
"Einkaufswagenchip","MASC","Einkaufswagenchip","Einkaufswagenchips","s",3
"Einkesselung","FEM","Einkesselung","Einkesselungen","en",3
"Einkocher","MASC","Einkocher","Einkocher","ø",2
"Einkommen","NEUT","Einkommen","Einkommen","ø",2
"Einkristall","MASC","Einkristall","Einkristalle","e",2
"Einlagerung","FEM","Einlagerung","Einlagerungen","en",3
"Einlaufkind","NEUT","Einlaufkind","Einlaufkinder","er",1
"Einling","MASC","Einling","Einlinge","e",1
"Einlösung","FEM","Einlösung","Einlösungen","en",2
"Einmacher","MASC","Einmacher","Einmacher","ø",2
"Einmaleins","NEUT","Einmaleins","Einmaleinse","e",1
"Einmannpackung","FEM","Einmannpackung","Einmannpackungen","en",3
"Einmischung","FEM","Einmischung","Einmischungen","en",2
"Einpersonenhaushalt","MASC","Einpersonenhaushalt","Einpersonenhaushalte","e",4
"Einraumwohnung","FEM","Einraumwohnung","Einraumwohnungen","en",2
"Einrichtung","FEM","Einrichtung","Einrichtungen","en",2
"Eins","FEM","Eins","Einsen","en",0
"Einsatzbereich","MASC","Einsatzbereich","Einsatzbereiche","e",2
"Einsatzgebiet","NEUT","Einsatzgebiet","Einsatzgebiete","e",2
"Einsatzort","MASC","Einsatzort","Einsatzorte","e",2
"Einschlußkomplex","MASC","Einschlußkomplex","Einschlußkomplexe","e",3
"Einschnitt","MASC","Einschnitt","Einschnitte","e",1
"Einschreiben","NEUT","Einschreiben","Einschreiben","ø",1
"Einschreibung","FEM","Einschreibung","Einschreibungen","en",1
"Einschulungsuntersuchung","FEM","Einschulungsuntersuchung","Einschulungsuntersuchungen","en",6
"Einseitigkeit","FEM","Einseitigkeit","Einseitigkeiten","en",1
"Einser","MASC","Einser","Einser","ø",1
"Einsiedler","MASC","Einsiedler","Einsiedler","ø",1
"Einspänner","MASC","Einspänner","Einspänner","ø",2
"Einsprengsel","NEUT","Einsprengsel","Einsprengsel","ø",2
"Einsteiger","MASC","Einsteiger","Einsteiger","ø",1
"Einstellungsgespräch","NEUT","Einstellungsgespräch","Einstellungsgespräche","e",4
"Einstieg","MASC","Einstieg","Einstiege","e",0
"Eintänzer","MASC","Eintänzer","Eintänzer","ø",2
"Eintreibung","FEM","Eintreibung","Eintreibungen","en",1
"Eintritt","MASC","Eintritt","Eintritte","e",1
"Einunddreißigeck","NEUT","Einunddreißigeck","Einunddreißigecke","e",3
"Einundfünfzigeck","NEUT","Einundfünfzigeck","Einundfünfzigecke","e",4
"Einundzwanzigeck","NEUT","Einundzwanzigeck","Einundzwanzigecke","e",4
"Einverständniserklärung","FEM","Einverständniserklärung","Einverständniserklärungen","en",6
"Einwanderer","MASC","Einwanderer","Einwanderer","ø",3
"Einwanderung","FEM","Einwanderung","Einwanderungen","en",3
"Einwecker","MASC","Einwecker","Einwecker","ø",2
"Einwegbehälter","MASC","Einwegbehälter","Einwegbehälter","ø",4
"Einwegbesteck","NEUT","Einwegbesteck","Einwegbestecke","e",3
"Einwegfeuerzeug","NEUT","Einwegfeuerzeug","Einwegfeuerzeuge","e",2
"Einweggeschirr","NEUT","Einweggeschirr","Einweggeschirre","e",3
"Einwegmesser","NEUT","Einwegmesser","Einwegmesser","ø",3
"Einwegpackung","FEM","Einwegpackung","Einwegpackungen","en",3
"Einwegrasierer","MASC","Einwegrasierer","Einwegrasierer","ø",3
"Einwegverpackung","FEM","Einwegverpackung","Einwegverpackungen","en",4
"Einwohner","MASC","Einwohner","Einwohner","ø",2
"Einwohnerzahl","FEM","Einwohnerzahl","Einwohnerzahlen","en",3
"Einzelbild","NEUT","Einzelbild","Einzelbilder","er",2
"Einzelexemplar","NEUT","Einzelexemplar","Einzelexemplare","e",4
"Einzelgänger","MASC","Einzelgänger","Einzelgänger","ø",3
"Einzelhändler","MASC","Einzelhändler","Einzelhändler","ø",3
"Einzelheit","FEM","Einzelheit","Einzelheiten","en",1
"Einzelkind","NEUT","Einzelkind","Einzelkinder","er",2
"Einzelnachweis","MASC","Einzelnachweis","Einzelnachweise","e",2
"Einzelzimmer","NEUT","Einzelzimmer","Einzelzimmer","ø",3
"Eis","NEUT","Eis","Eise","e",0
"Eisbär","MASC","Eisbär","Eisbären","en",1
"Eisbein","NEUT","Eisbein","Eisbeine","e",0
"Eisberg","MASC","Eisberg","Eisberge","e",1
"Eisbohrkern","MASC","Eisbohrkern","Eisbohrkerne","e",2
"Eisbrecher","MASC","Eisbrecher","Eisbrecher","ø",2
"Eiscafé","NEUT","Eiscafé","Eiscafés","s",1
"Eiscreme","FEM","Eiscreme","Eiscremes","s",2
"Eisen","NEUT","Eisen","Eisen","ø",1
"Eisenarsenid","NEUT","Eisenarsenid","Eisenarsenide","e",4
"Eisenblech","NEUT","Eisenblech","Eisenbleche","e",2
"Eisenerz","NEUT","Eisenerz","Eisenerze","e",2
"Eisengießer","MASC","Eisengießer","Eisengießer","ø",2
"Eisengranat","MASC","Eisengranat","Eisengranate","e",3
"Eisenkies","MASC","Eisenkies","Eisenkiese","e",1
"Eisenoxid","NEUT","Eisenoxid","Eisenoxide","e",3
"Eisenpräparat","NEUT","Eisenpräparat","Eisenpräparate","e",4
"Eisensilikat","NEUT","Eisensilikat","Eisensilikate","e",4
"Eisenspat","MASC","Eisenspat","Eisenspate","e",2
"Eisenstein","MASC","Eisenstein","Eisensteine","e",1
"Eisenwerkstoff","MASC","Eisenwerkstoff","Eisenwerkstoffe","e",3
"Eishockeyspieler","MASC","Eishockeyspieler","Eishockeyspieler","ø",3
"Eiskaffee","MASC","Eiskaffee","Eiskaffees","s",2
"Eiskunstläufer","MASC","Eiskunstläufer","Eiskunstläufer","ø",2
"Eismeer","NEUT","Eismeer","Eismeere","e",1
"Eisnebel","MASC","Eisnebel","Eisnebel","ø",2
"Eispickel","MASC","Eispickel","Eispickel","ø",2
"Eiss","MASC","Eiss","Eisse","e",0
"Eiß","MASC","Eiß","Eiße","e",0
"Eisschicht","FEM","Eisschicht","Eisschichten","en",1
"Eisschnellläufer","MASC","Eisschnellläufer","Eisschnellläufer","ø",2
"Eisstein","MASC","Eisstein","Eissteine","e",0
"Eisstockstiel","MASC","Eisstockstiel","Eisstockstiele","e",1
"Eistaucher","MASC","Eistaucher","Eistaucher","ø",1
"Eistee","MASC","Eistee","Eistees","s",1
"Eisverkäufer","MASC","Eisverkäufer","Eisverkäufer","ø",2
"Eiswein","MASC","Eiswein","Eisweine","e",0
"Eiswürfel","MASC","Eiswürfel","Eiswürfel","ø",2
"Eiszapfen","MASC","Eiszapfen","Eiszapfen","ø",2
"Eitelkeit","FEM","Eitelkeit","Eitelkeiten","en",1
"Eiweiß","NEUT","Eiweiß","Eiweiße","e",0
"Eiweißstoff","MASC","Eiweißstoff","Eiweißstoffe","e",1
"Ejakulat","NEUT","Ejakulat","Ejakulate","e",4
"Ejalet","NEUT","Ejalet","Ejalets","s",3
"Eklat","MASC","Eklat","Eklats","s",2
"Ekranoplan","MASC","Ekranoplan","Ekranoplane","e",4
"Ektoenzym","NEUT","Ektoenzym","Ektoenzyme","e",3
"Ektoparasit","MASC","Ektoparasit","Ektoparasiten","en",5
"Ekzem","NEUT","Ekzem","Ekzeme","e",2
"EL","MASC","EL","EL","ø",1
"Elastomer","NEUT","Elastomer","Elastomere","e",4
"Elativ","MASC","Elativ","Elative","e",3
"Elb","MASC","Elb","Elben","en",1
"Elbait","MASC","Elbait","Elbaite","e",2
"Elch","MASC","Elch","Elche","e",1
"Elchtest","MASC","Elchtest","Elchtests","s",2
"Electronic Card","FEM","Electronic Card","Electronic Cards","s",5
"Elefant","MASC","Elefant","Elefanten","en",3
"Elektriker","MASC","Elektriker","Elektriker","ø",4
"Elektrizitätswerk","NEUT","Elektrizitätswerk","Elektrizitätswerken","en",6
"Elektrodynamik","FEM","Elektrodynamik","Elektrodynamiken","en",6
"Elektrofahrzeug","NEUT","Elektrofahrzeug","Elektrofahrzeuge","e",4
"Elektrogrill","MASC","Elektrogrill","Elektrogrills","s",4
"Elektroingenieur","MASC","Elektroingenieur","Elektroingenieure","e",5
"Elektrolyt","MASC","Elektrolyt","Elektrolyte","e",4
"Elektromagnet","MASC","Elektromagnet","Elektromagnete","e",5
"Elektromotor","MASC","Elektromotor","Elektromotoren","en",5
"Elektron","NEUT","Elektron","Elektronen","en",3
"Elektronegativität","FEM","Elektronegativität","Elektronegativitäten","en",8
"Elektronenaffinität","FEM","Elektronenaffinität","Elektronenaffinitäten","en",8
"Elektronenmikroskop","NEUT","Elektronenmikroskop","Elektronenmikroskope","e",7
"Elektronenpaar","NEUT","Elektronenpaar","Elektronenpaare","e",5
"Elektronenstrahl","MASC","Elektronenstrahl","Elektronenstrahlen","en",5
"Elektronenvolt","NEUT","Elektronenvolt","Elektronenvolt","ø",5
"Elektrophil","NEUT","Elektrophil","Elektrophile","e",4
"Elektroschocker","MASC","Elektroschocker","Elektroschocker","ø",5
"Elektroschrott","MASC","Elektroschrott","Elektroschrotte","e",4
"Elektroskop","NEUT","Elektroskop","Elektroskope","e",4
"Element","NEUT","Element","Elemente","e",3
"Elementarladung","FEM","Elementarladung","Elementarladungen","en",6
"Elementarteilchen","NEUT","Elementarteilchen","Elementarteilchen","ø",5
"Elementsymbol","NEUT","Elementsymbol","Elementsymbole","e",5
"Elephant","MASC","Elephant","Elephanten","en",3
"Elf","MASC","Elf","Elf","ø",1
"Elfeck","NEUT","Elfeck","Elfecke","e",2
"Elfenbein","NEUT","Elfenbein","Elfenbeine","e",2
"Elfer","MASC","Elfer","Elfer","ø",2
"Elfflächner","MASC","Elfflächner","Elfflächner","ø",3
"Elfmeter","MASC","Elfmeter","Elfmeter","ø",3
"Elfmeterschießen","NEUT","Elfmeterschießen","Elfmeterschießen","ø",4
"Elixier","NEUT","Elixier","Elixiere","e",2
"Ellbogen","MASC","Ellbogen","Ellbogen","ø",3
"Ellenbogen","MASC","Ellenbogen","Ellenbogen","ø",4
"Ellenbogengesellschaft","FEM","Ellenbogengesellschaft","Ellenbogengesellschaften","en",7
"Ellipsoid","NEUT","Ellipsoid","Ellipsoide","e",3
"Elternabend","MASC","Elternabend","Elternabende","e",4
"Elternschaft","FEM","Elternschaft","Elternschaften","en",3
"Elternzeit","FEM","Elternzeit","Elternzeiten","en",2
"Embargo","NEUT","Embargo","Embargos","s",3
"Emesener","MASC","Emesener","Emesener","ø",4
"Emeser","MASC","Emeser","Emeser","ø",3
"Emigrant","MASC","Emigrant","Emigranten","en",3
"Emir","MASC","Emir","Emire","e",2
"Emirat","NEUT","Emirat","Emirate","e",3
"Emissär","MASC","Emissär","Emissäre","e",3
"Emission","FEM","Emission","Emissionen","en",3
"Emmentaler","MASC","Emmentaler","Emmentaler","ø",4
"Emoji","NEUT","Emoji","Emojis","s",3
"Empfänger","MASC","Empfänger","Empfänger","ø",3
"Empfänglichkeit","FEM","Empfänglichkeit","Empfänglichkeiten","en",3
"Empfängnis","FEM","Empfängnis","Empfängnise","e",3
"Empfangsgerät","NEUT","Empfangsgerät","Empfangsgeräte","e",4
"Empfangsherr","MASC","Empfangsherr","Empfangsherren","en",3
"Empfindelei","FEM","Empfindelei","Empfindeleien","en",3
"Emsigkeit","FEM","Emsigkeit","Emsigkeiten","en",2
"Emu","MASC","Emu","Emus","s",2
"Enargit","MASC","Enargit","Enargite","e",3
"Endchen","NEUT","Endchen","Endchen","ø",2
"Ende-zu-Ende-Verschlüsselung","FEM","Ende-zu-Ende-Verschlüsselung","Ende-zu-Ende-Verschlüsselungen","en",9
"Endeffekt","MASC","Endeffekt","Endeffekte","e",3
"Endemit","MASC","Endemit","Endemiten","en",3
"Endgeschwindigkeit","FEM","Endgeschwindigkeit","Endgeschwindigkeiten","en",4
"Endlager","NEUT","Endlager","Endlager","ø",3
"Endlagerung","FEM","Endlagerung","Endlagerungen","en",4
"Endoparasit","MASC","Endoparasit","Endoparasiten","en",5
"Endprodukt","NEUT","Endprodukt","Endprodukte","e",3
"Endpunkt","MASC","Endpunkt","Endpunkte","e",2
"Endreim","MASC","Endreim","Endreime","e",1
"Endsieg","MASC","Endsieg","Endsiege","e",1
"Endspiel","NEUT","Endspiel","Endspiele","e",1
"Endspurt","MASC","Endspurt","Endspurte","e",2
"Endzweck","MASC","Endzweck","Endzwecke","e",2
"Energiegewinnung","FEM","Energiegewinnung","Energiegewinnungen","en",5
"Energieniveau","NEUT","Energieniveau","Energieniveaus","s",4
"Energiespeicher","MASC","Energiespeicher","Energiespeicher","ø",3
"Energietechnik","FEM","Energietechnik","Energietechniken","en",4
"Energieträger","MASC","Energieträger","Energieträger","ø",4
"Engagement","NEUT","Engagement","Engagements","s",4
"Engel","MASC","Engel","Engel","ø",2
"Engelchen","NEUT","Engelchen","Engelchen","ø",3
"Engelein","NEUT","Engelein","Engelein","ø",2
"Engelhai","MASC","Engelhai","Engelhaie","e",3
"Engellein","NEUT","Engellein","Engellein","ø",2
"Engerling","MASC","Engerling","Engerlinge","e",3
"Engländer","MASC","Engländer","Engländer","ø",3
"Englein","NEUT","Englein","Englein","ø",1
"Englisch","NEUT","Englisch","Englische","e",2
"Enkel","MASC","Enkel","Enkel","ø",2
"Enkelkind","NEUT","Enkelkind","Enkelkinder","er",3
"Ensemble","NEUT","Ensemble","Ensembles","s",3
"Enstatit","MASC","Enstatit","Enstatite","e",3
"Entchen","NEUT","Entchen","Entchen","ø",2
"Entdecker","MASC","Entdecker","Entdecker","ø",3
"Entenbraten","MASC","Entenbraten","Entenbraten","ø",4
"Entenküken","NEUT","Entenküken","Entenküken","ø",4
"Ententeich","MASC","Ententeich","Ententeiche","e",2
"Enterich","MASC","Enterich","Enteriche","e",3
"Entfaltung","FEM","Entfaltung","Entfaltungen","en",3
"Entfärbungsmittel","NEUT","Entfärbungsmittel","Entfärbungsmittel","ø",5
"Entfesselung","FEM","Entfesselung","Entfesselungen","en",4
"Entfremdung","FEM","Entfremdung","Entfremdungen","en",3
"Entfreundung","FEM","Entfreundung","Entfreundungen","en",2
"Entfroster","MASC","Entfroster","Entfroster","ø",3
"Entführer","MASC","Entführer","Entführer","ø",3
"Entgegnung","FEM","Entgegnung","Entgegnungen","en",3
"Entgelt","NEUT","Entgelt","Entgelte","e",2
"Enthaarungsmittel","NEUT","Enthaarungsmittel","Enthaarungsmittel","ø",5
"Entkerner","MASC","Entkerner","Entkerner","ø",3
"Entladung","FEM","Entladung","Entladungen","en",3
"Entlastungsprogramm","NEUT","Entlastungsprogramm","Entlastungsprogramme","e",5
"Entlaubungsmittel","NEUT","Entlaubungsmittel","Entlaubungsmittel","ø",4
"Entlein","NEUT","Entlein","Entlein","ø",1
"Entmannung","FEM","Entmannung","Entmannungen","en",3
"Entnazifizierung","FEM","Entnazifizierung","Entnazifizierungen","en",5
"Entrecote","NEUT","Entrecote","Entrecotes","s",4
"Entree","NEUT","Entree","Entrees","s",2
"Entrée","NEUT","Entrée","Entrées","s",2
"Entrückung","FEM","Entrückung","Entrückungen","en",3
"Entrümpelung","FEM","Entrümpelung","Entrümpelungen","en",4
"Entrümplung","FEM","Entrümplung","Entrümplungen","en",3
"Entrundung","FEM","Entrundung","Entrundungen","en",3
"Entschädigung","FEM","Entschädigung","Entschädigungen","en",4
"Entschärfer","MASC","Entschärfer","Entschärfer","ø",3
"Entscheid","MASC","Entscheid","Entscheide","e",1
"Entscheidungsgewalt","FEM","Entscheidungsgewalt","Entscheidungsgewalten","en",4
"Entschlüsselung","FEM","Entschlüsselung","Entschlüsselungen","en",4
"Entschuldigung","FEM","Entschuldigung","Entschuldigungen","en",4
"Entschwefelung","FEM","Entschwefelung","Entschwefelungen","en",4
"Entspannungspolitik","FEM","Entspannungspolitik","Entspannungspolitiken","en",6
"Entstalinisierung","FEM","Entstalinisierung","Entstalinisierungen","en",5
"Entsteiner","MASC","Entsteiner","Entsteiner","ø",2
"Enttarnung","FEM","Enttarnung","Enttarnungen","en",3
"Entwerter","MASC","Entwerter","Entwerter","ø",3
"Entwertung","FEM","Entwertung","Entwertungen","en",3
"Entwickler","MASC","Entwickler","Entwickler","ø",3
"Entwicklungspotenzial","NEUT","Entwicklungspotenzial","Entwicklungspotenziale","e",6
"Entwicklungsprozess","MASC","Entwicklungsprozess","Entwicklungsprozesse","e",5
"Entwurfsmuster","NEUT","Entwurfsmuster","Entwurfsmuster","ø",4
"Entzündungsaktivität","FEM","Entzündungsaktivität","Entzündungsaktivitäten","en",7
"Enzian","MASC","Enzian","Enziane","e",2
"Enzym","NEUT","Enzym","Enzyme","e",2
"Eosin","NEUT","Eosin","Eosine","e",2
"Epidot","MASC","Epidot","Epidote","e",3
"Epigramm","NEUT","Epigramm","Epigramme","e",3
"Epiker","MASC","Epiker","Epiker","ø",3
"Epileptiker","MASC","Epileptiker","Epileptiker","ø",5
"Epilog","MASC","Epilog","Epiloge","e",3
"Episkopat","NEUT","Episkopat","Episkopate","e",4
"Epitaph","NEUT","Epitaph","Epitaphe","e",3
"Epoxid","NEUT","Epoxid","Epoxide","e",3
"Eppich","MASC","Eppich","Eppiche","e",2
"Epsilon","NEUT","Epsilon","Epsilons","s",3
"Erbauung","FEM","Erbauung","Erbauungen","en",2
"Erbengemeinschaft","FEM","Erbengemeinschaft","Erbengemeinschaften","en",4
"Erbfeind","MASC","Erbfeind","Erbfeinde","e",1
"Erbitterung","FEM","Erbitterung","Erbitterungen","en",4
"Erbland","NEUT","Erbland","Erblande","e",2
"Erbobergespan","MASC","Erbobergespan","Erbobergespane","e",5
"Erbobergespann","MASC","Erbobergespann","Erbobergespanne","e",5
"Erbonkel","MASC","Erbonkel","Erbonkel","ø",3
"Erbrecht","NEUT","Erbrecht","Erbrechte","e",2
"Erbschleicher","MASC","Erbschleicher","Erbschleicher","ø",2
"Erbstück","NEUT","Erbstück","Erbstücke","e",2
"Erbteil","NEUT","Erbteil","Erbteile","e",1
"Erdalkalimetall","NEUT","Erdalkalimetall","Erdalkalimetalle","e",6
"Erdalkalimetallion","NEUT","Erdalkalimetallion","Erdalkalimetallionen","en",7
"Erdbeben","NEUT","Erdbeben","Erdbeben","ø",3
"Erdbewohner","MASC","Erdbewohner","Erdbewohner","ø",4
"Erdenrund","NEUT","Erdenrund","Erdenrunde","e",3
"Erdgas","NEUT","Erdgas","Erdgase","e",2
"Erdgasfeld","NEUT","Erdgasfeld","Erdgasfelder","er",3
"Erdgeschoss","NEUT","Erdgeschoss","Erdgeschosse","e",3
"Erdgeschoß","NEUT","Erdgeschoß","Erdgeschoße","e",3
"Erdkern","MASC","Erdkern","Erdkerne","e",2
"Erdling","MASC","Erdling","Erdlinge","e",2
"Erdmännchen","NEUT","Erdmännchen","Erdmännchen","ø",3
"Erdöl","NEUT","Erdöl","Erdöle","e",2
"Erdölprodukt","NEUT","Erdölprodukt","Erdölprodukte","e",4
"Erdrutsch","MASC","Erdrutsch","Erdrutsche","e",2
"Erdwärmekraftwerk","NEUT","Erdwärmekraftwerk","Erdwärmekraftwerke","e",5
"Erdzeitalter","NEUT","Erdzeitalter","Erdzeitalter","ø",3
"Ereignishorizont","MASC","Ereignishorizont","Ereignishorizonte","e",5
"Erektion","FEM","Erektion","Erektionen","en",3
"Eremit","MASC","Eremit","Eremiten","en",3
"Erfinder","MASC","Erfinder","Erfinder","ø",3
"Erfolg","MASC","Erfolg","Erfolge","e",2
"Erfolgsrezept","NEUT","Erfolgsrezept","Erfolgsrezepte","e",4
"Erfrierung","FEM","Erfrierung","Erfrierungen","en",2
"Erfüllung","FEM","Erfüllung","Erfüllungen","en",3
"Erfurter","MASC","Erfurter","Erfurter","ø",3
"Ergänzungsstrich","MASC","Ergänzungsstrich","Ergänzungsstriche","e",4
"Ergativ","MASC","Ergativ","Ergative","e",3
"Ergeber","MASC","Ergeber","Ergeber","ø",3
"Ergebung","FEM","Ergebung","Ergebungen","en",3
"Erhalt","MASC","Erhalt","Erhalte","e",2
"Erhitzung","FEM","Erhitzung","Erhitzungen","en",3
"Erholung","FEM","Erholung","Erholungen","en",3
"Erinnerungsstück","NEUT","Erinnerungsstück","Erinnerungsstücke","e",5
"Erkältungssymptom","NEUT","Erkältungssymptom","Erkältungssymptome","e",5
"Erkenntlichkeit","FEM","Erkenntlichkeit","Erkenntlichkeiten","en",3
"Erker","MASC","Erker","Erker","ø",2
"Erklärung","FEM","Erklärung","Erklärungen","en",3
"Erkrankung","FEM","Erkrankung","Erkrankungen","en",3
"Erkundung","FEM","Erkundung","Erkundungen","en",3
"Erlass","MASC","Erlass","Erlasse","e",2
"Erlassjahr","NEUT","Erlassjahr","Erlassjahre","e",3
"Erlenmeyerkolben","MASC","Erlenmeyerkolben","Erlenmeyerkolben","ø",5
"Erlkönig","MASC","Erlkönig","Erlkönige","e",3
"Erlös","MASC","Erlös","Erlöse","e",2
"Erlöser","MASC","Erlöser","Erlöser","ø",3
"Erlösung","FEM","Erlösung","Erlösungen","en",3
"Ermahnung","FEM","Ermahnung","Ermahnungen","en",3
"Ermäßigung","FEM","Ermäßigung","Ermäßigungen","en",4
"Ermittler","MASC","Ermittler","Ermittler","ø",3
"Ermittlungsverfahren","NEUT","Ermittlungsverfahren","Ermittlungsverfahren","ø",6
"Ern","MASC","Ern","Ern","ø",1
"Ernährer","MASC","Ernährer","Ernährer","ø",3
"Erntedankfest","NEUT","Erntedankfest","Erntedankfeste","e",4
"Erntehelfer","MASC","Erntehelfer","Erntehelfer","ø",4
"Erntemond","MASC","Erntemond","Erntemonde","e",3
"Ernting","MASC","Ernting","Erntinge","e",2
"Ernüchterung","FEM","Ernüchterung","Ernüchterungen","en",4
"Erörterung","FEM","Erörterung","Erörterungen","en",4
"Erpel","MASC","Erpel","Erpel","ø",2
"Erpresser","MASC","Erpresser","Erpresser","ø",3
"Erpressung","FEM","Erpressung","Erpressungen","en",3
"Erpressungsgeld","NEUT","Erpressungsgeld","Erpressungsgelder","er",4
"Erpressungsversuch","MASC","Erpressungsversuch","Erpressungsversuche","e",5
"Erreger","MASC","Erreger","Erreger","ø",3
"Erregung","FEM","Erregung","Erregungen","en",3
"Errungenschaft","FEM","Errungenschaft","Errungenschaften","en",4
"Ersatzfrau","FEM","Ersatzfrau","Ersatzfrauen","en",2
"Ersatzreifen","MASC","Ersatzreifen","Ersatzreifen","ø",3
"Ersatzspieler","MASC","Ersatzspieler","Ersatzspieler","ø",3
"Ersatzstoff","MASC","Ersatzstoff","Ersatzstoffe","e",3
"Erschießungskommando","NEUT","Erschießungskommando","Erschießungskommandos","s",5
"Erschöpfung","FEM","Erschöpfung","Erschöpfungen","en",3
"Erstattung","FEM","Erstattung","Erstattungen","en",3
"Erstgeburt","FEM","Erstgeburt","Erstgeburten","en",3
"Erstkommunion","FEM","Erstkommunion","Erstkommunionen","en",4
"Erstkontakt","MASC","Erstkontakt","Erstkontakte","e",3
"Erstling","MASC","Erstling","Erstlinge","e",2
"Ersttäter","MASC","Ersttäter","Ersttäter","ø",3
"Erstversorger","MASC","Erstversorger","Erstversorger","ø",4
"Erstversorgung","FEM","Erstversorgung","Erstversorgungen","en",4
"Ersuchen","NEUT","Ersuchen","Ersuchen","ø",3
"Ertag","MASC","Ertag","Ertage","e",2
"Erwachsenenalter","NEUT","Erwachsenenalter","Erwachsenenalter","ø",6
"Erwachsensein","NEUT","Erwachsensein","Erwachsensein","ø",3
"Erwähnung","FEM","Erwähnung","Erwähnungen","en",3
"Erweckung","FEM","Erweckung","Erweckungen","en",3
"Erweis","MASC","Erweis","Erweise","e",1
"Erweiterung","FEM","Erweiterung","Erweiterungen","en",3
"Erwerb","MASC","Erwerb","Erwerbe","e",2
"Erythem","NEUT","Erythem","Erytheme","e",3
"Erythrozyt","MASC","Erythrozyt","Erythrozyten","en",4
"Erz","NEUT","Erz","Erze","e",1
"Erzähler","MASC","Erzähler","Erzähler","ø",3
"Erzbösewicht","MASC","Erzbösewicht","Erzbösewichte","e",4
"Erzengel","MASC","Erzengel","Erzengel","ø",3
"Erzeuger","MASC","Erzeuger","Erzeuger","ø",2
"Erzeugung","FEM","Erzeugung","Erzeugungen","en",2
"Erzfeind","MASC","Erzfeind","Erzfeinde","e",1
"Erzherzogshütchen","NEUT","Erzherzogshütchen","Erzherzogshütchen","ø",5
"Erzieher","MASC","Erzieher","Erzieher","ø",2
"Erzielung","FEM","Erzielung","Erzielungen","en",2
"Erzkanzler","MASC","Erzkanzler","Erzkanzler","ø",3
"Erzlager","NEUT","Erzlager","Erzlager","ø",3
"Erzpriester","MASC","Erzpriester","Erzpriester","ø",2
"Erzvorkommen","NEUT","Erzvorkommen","Erzvorkommen","ø",4
"Es","NEUT","Es","Es","ø",1
"Esch","MASC","Esch","Esche","e",1
"Esel","MASC","Esel","Esel","ø",2
"Eselchen","NEUT","Eselchen","Eselchen","ø",3
"Eselein","NEUT","Eselein","Eselein","ø",2
"Eselsohr","NEUT","Eselsohr","Eselsohren","en",3
"Eselspinguin","MASC","Eselspinguin","Eselspinguine","e",4
"Esperantist","MASC","Esperantist","Esperantisten","en",4
"Espresso","MASC","Espresso","Espressos","s",3
"Essbesteck","NEUT","Essbesteck","Essbestecke","e",3
"Essener","MASC","Essener","Essener","ø",3
"Esser","MASC","Esser","Esser","ø",2
"Essig","MASC","Essig","Essige","e",2
"Essigsäurechlorid","NEUT","Essigsäurechlorid","Essigsäurechloride","e",5
"Essiv","MASC","Essiv","Essive","e",2
"Esslöffel","MASC","Esslöffel","Esslöffel","ø",3
"Essmesser","NEUT","Essmesser","Essmesser","ø",3
"Essstäbchen","NEUT","Essstäbchen","Essstäbchen","ø",3
"Eßstäbchen","NEUT","Eßstäbchen","Eßstäbchen","ø",3
"Esstisch","MASC","Esstisch","Esstische","e",2
"Esszeug","NEUT","Esszeug","Esszeuge","e",1
"Eßzeug","NEUT","Eßzeug","Eßzeuge","e",1
"Esszimmer","NEUT","Esszimmer","Esszimmer","ø",3
"Ester","MASC","Ester","Ester","ø",2
"Estländer","MASC","Estländer","Estländer","ø",3
"Estrich","MASC","Estrich","Estriche","e",2
"Eszett","NEUT","Eszett","Eszett","ø",2
"Et-Zeichen","NEUT","Et-Zeichen","Et-Zeichen","ø",2
"Eta","NEUT","Eta","Etas","s",2
"Etablierung","FEM","Etablierung","Etablierungen","en",3
"Etablissement","NEUT","Etablissement","Etablissements","s",5
"Etalon","MASC","Etalon","Etalons","s",3
"Étang","MASC","Étang","Étangs","s",1
"Etat","MASC","Etat","Etats","s",2
"Ether","NEUT","Ether","Ether","ø",2
"Ethoxylat","NEUT","Ethoxylat","Ethoxylate","e",4
"Etikett","NEUT","Etikett","Etiketten","en",3
"Etikettierung","FEM","Etikettierung","Etikettierungen","en",4
"Etui","NEUT","Etui","Etuis","s",2
"Etwas","NEUT","Etwas","Etwas","ø",2
"Etymologisierung","FEM","Etymologisierung","Etymologisierungen","en",6
"Eudämonist","MASC","Eudämonist","Eudämonisten","en",3
"Eudialyt","MASC","Eudialyt","Eudialyte","e",2
"Eunuch","MASC","Eunuch","Eunuchen","en",1
"Europäer","MASC","Europäer","Europäer","ø",2
"Europameister","MASC","Europameister","Europameister","ø",3
"Eurozeichen","NEUT","Eurozeichen","Eurozeichen","ø",2
"Euter","NEUT","Euter","Euter","ø",1
"Euxenit","MASC","Euxenit","Euxenite","e",2
"Evakuierung","FEM","Evakuierung","Evakuierungen","en",4
"Evangelist","MASC","Evangelist","Evangelisten","en",4
"Evaporit","MASC","Evaporit","Evaporite","e",4
"Evidenz","FEM","Evidenz","Evidenzen","en",3
"Evolutionist","MASC","Evolutionist","Evolutionisten","en",5
"Examen","NEUT","Examen","Examen","ø",3
"Exbummel","MASC","Exbummel","Exbummel","ø",3
"Excimerlaser","MASC","Excimerlaser","Excimerlaser","ø",5
"Exempel","NEUT","Exempel","Exempel","ø",3
"Exemplar","NEUT","Exemplar","Exemplare","e",3
"Exfrau","FEM","Exfrau","Exfrauen","en",1
"Exfreund","MASC","Exfreund","Exfreunde","e",1
"Exhibitionist","MASC","Exhibitionist","Exhibitionisten","en",5
"Exil","NEUT","Exil","Exile","e",2
"Exilant","MASC","Exilant","Exilanten","en",3
"Exilregierung","FEM","Exilregierung","Exilregierungen","en",4
"Existentialist","MASC","Existentialist","Existentialisten","en",5
"Exklusivbericht","MASC","Exklusivbericht","Exklusivberichte","e",5
"Exklusivinterview","NEUT","Exklusivinterview","Exklusivinterviews","s",5
"Exoplanet","MASC","Exoplanet","Exoplaneten","en",4
"Exot","MASC","Exot","Exoten","en",2
"Expedition","FEM","Expedition","Expeditionen","en",4
"Experiment","NEUT","Experiment","Experimente","e",4
"Explosion","FEM","Explosion","Explosionen","en",3
"Explosiv","MASC","Explosiv","Explosive","e",3
"Explosivstoff","MASC","Explosivstoff","Explosivstoffe","e",4
"Exponat","NEUT","Exponat","Exponate","e",3
"Exponent","MASC","Exponent","Exponenten","en",3
"Exporteur","MASC","Exporteur","Exporteure","e",2
"Exposé","NEUT","Exposé","Exposés","s",2
"Exposee","NEUT","Exposee","Exposees","s",3
"Expresskaffee","MASC","Expresskaffee","Expresskaffees","s",4
"Externalität","FEM","Externalität","Externalitäten","en",5
"Externat","NEUT","Externat","Externate","e",3
"Externist","MASC","Externist","Externisten","en",3
"Extraktionsverfahren","NEUT","Extraktionsverfahren","Extraktionsverfahren","ø",6
"Extranet","NEUT","Extranet","Extranets","s",3
"Extrem","NEUT","Extrem","Extreme","e",2
"Extremist","MASC","Extremist","Extremisten","en",3
"Exzellenz","FEM","Exzellenz","Exzellenzen","en",3
"Exzentriker","MASC","Exzentriker","Exzentriker","ø",4
"Exzerpt","NEUT","Exzerpt","Exzerpte","e",2
"Exzess","MASC","Exzess","Exzesse","e",2
"Fabrikant","MASC","Fabrikant","Fabrikanten","en",3
"Fabrikat","NEUT","Fabrikat","Fabrikate","e",3
"Fabrikation","FEM","Fabrikation","Fabrikationen","en",4
"Fabrikationsfehler","MASC","Fabrikationsfehler","Fabrikationsfehler","ø",6
"Fachbegriff","MASC","Fachbegriff","Fachbegriffe","e",3
"Fachbereich","MASC","Fachbereich","Fachbereiche","e",2
"Fächer","MASC","Fächer","Fächer","ø",2
"Fachidiot","MASC","Fachidiot","Fachidioten","en",3
"Fachinformatiker","MASC","Fachinformatiker","Fachinformatiker","ø",6
"Fachjargon","MASC","Fachjargon","Fachjargons","s",3
"Fachwort","NEUT","Fachwort","Fachworten","en",2
"Fädchen","NEUT","Fädchen","Fädchen","ø",2
"Fadenkreuz","NEUT","Fadenkreuz","Fadenkreuze","e",2
"Fagott","NEUT","Fagott","Fagotte","e",2
"Fagottist","MASC","Fagottist","Fagottisten","en",3
"Fähigkeit","FEM","Fähigkeit","Fähigkeiten","en",2
"Fahlflanken-Ameisenwürger","MASC","Fahlflanken-Ameisenwürger","Fahlflanken-Ameisenwürger","ø",7
"Fähnchen","NEUT","Fähnchen","Fähnchen","ø",2
"Fahnder","MASC","Fahnder","Fahnder","ø",2
"Fahnenträger","MASC","Fahnenträger","Fahnenträger","ø",4
"Fähnlein","NEUT","Fähnlein","Fähnlein","ø",1
"Fähnrich","MASC","Fähnrich","Fähnriche","e",2
"Fahrausweis","MASC","Fahrausweis","Fahrausweise","e",1
"Fährdienst","MASC","Fährdienst","Fährdienste","e",1
"Fahrer","MASC","Fahrer","Fahrer","ø",2
"Fahrgeld","NEUT","Fahrgeld","Fahrgelder","er",2
"Fahrgestell","NEUT","Fahrgestell","Fahrgestelle","e",3
"Fahrkartenentwerter","MASC","Fahrkartenentwerter","Fahrkartenentwerter","ø",6
"Fahrkartenschalter","MASC","Fahrkartenschalter","Fahrkartenschalter","ø",5
"Fahrradfahrer","MASC","Fahrradfahrer","Fahrradfahrer","ø",4
"Fahrradständer","MASC","Fahrradständer","Fahrradständer","ø",4
"Fahrradweg","MASC","Fahrradweg","Fahrradwege","e",3
"Fahrscheinautomat","MASC","Fahrscheinautomat","Fahrscheinautomaten","en",3
"Fahrscheinentwerter","MASC","Fahrscheinentwerter","Fahrscheinentwerter","ø",4
"Fahrstreifen","MASC","Fahrstreifen","Fahrstreifen","ø",2
"Fahrtwind","MASC","Fahrtwind","Fahrtwinde","e",2
"Fahrwasser","NEUT","Fahrwasser","Fahrwasser","ø",3
"Fahrwerk","NEUT","Fahrwerk","Fahrwerke","e",2
"Fahrwind","MASC","Fahrwind","Fahrwinde","e",2
"Fahrzeug","NEUT","Fahrzeug","Fahrzeuge","e",1
"Fahrzeugkatalysator","MASC","Fahrzeugkatalysator","Fahrzeugkatalysatoren","en",6
"Fahrzeugtechnik","FEM","Fahrzeugtechnik","Fahrzeugtechniken","en",3
"Faible","NEUT","Faible","Faibles","s",2
"Fake","NEUT","Fake","Fakes","s",2
"Fakir","MASC","Fakir","Fakire","e",2
"Faktencheck","MASC","Faktencheck","Faktenchecks","s",3
"Faktizität","FEM","Faktizität","Faktizitäten","en",4
"Faktor","MASC","Faktor","Faktoren","en",2
"Faktorei","FEM","Faktorei","Faktoreien","en",2
"Fall Line","FEM","Fall Line","Fall Lines","s",3
"Fallbeil","NEUT","Fallbeil","Fallbeile","e",1
"Fallensteller","MASC","Fallensteller","Fallensteller","ø",4
"Fallgatter","NEUT","Fallgatter","Fallgatter","ø",3
"Fallreep","NEUT","Fallreep","Fallreepe","e",2
"Fallrohr","NEUT","Fallrohr","Fallrohre","e",2
"Fallschirm","MASC","Fallschirm","Fallschirme","e",2
"Fallschirmjäger","MASC","Fallschirmjäger","Fallschirmjäger","ø",4
"Fallschirmspringer","MASC","Fallschirmspringer","Fallschirmspringer","ø",4
"Fallstrick","MASC","Fallstrick","Fallstricke","e",2
"Falschfahrer","MASC","Falschfahrer","Falschfahrer","ø",3
"Falschschreibung","FEM","Falschschreibung","Falschschreibungen","en",2
"Falschspieler","MASC","Falschspieler","Falschspieler","ø",2
"Falsett","NEUT","Falsett","Falsette","e",2
"Falter","MASC","Falter","Falter","ø",2
"Falterfisch","MASC","Falterfisch","Falterfische","e",3
"Falz","MASC","Falz","Falze","e",1
"Falzbein","NEUT","Falzbein","Falzbeine","e",1
"Familienmensch","MASC","Familienmensch","Familienmenschen","en",3
"Familienmitglied","NEUT","Familienmitglied","Familienmitglieder","er",3
"Fan","MASC","Fan","Fans","s",1
"Fanal","NEUT","Fanal","Fanale","e",2
"Fanatiker","MASC","Fanatiker","Fanatiker","ø",4
"Fänger","MASC","Fänger","Fänger","ø",2
"Fant","MASC","Fant","Fante","e",1
"Fantast","MASC","Fantast","Fantasten","en",2
"Fantastik","FEM","Fantastik","Fantastiken","en",3
"Farbänderung","FEM","Farbänderung","Farbänderungen","en",4
"Farbbild","NEUT","Farbbild","Farbbilder","er",2
"Farbenspiel","NEUT","Farbenspiel","Farbenspiele","e",2
"Farbfernseher","MASC","Farbfernseher","Farbfernseher","ø",4
"Farbigkeit","FEM","Farbigkeit","Farbigkeiten","en",2
"Farblack","MASC","Farblack","Farblacke","e",2
"Farbpigment","NEUT","Farbpigment","Farbpigmente","e",3
"Farbstift","MASC","Farbstift","Farbstifte","e",2
"Farbstoff","MASC","Farbstoff","Farbstoffe","e",2
"Färbung","FEM","Färbung","Färbungen","en",2
"Farmer","MASC","Farmer","Farmer","ø",2
"Farmersalat","MASC","Farmersalat","Farmersalate","e",4
"Farn","MASC","Farn","Farne","e",1
"Farre","MASC","Farre","Farre","ø",2
"Fasan","MASC","Fasan","Fasane","e",2
"Fasching","MASC","Fasching","Faschingen","en",2
"Faschist","MASC","Faschist","Faschisten","en",2
"Fasel","MASC","Fasel","Fasel","ø",2
"Fassbier","NEUT","Fassbier","Fassbiere","e",1
"Fässchen","NEUT","Fässchen","Fässchen","ø",2
"Fäßchen","NEUT","Fäßchen","Fäßchen","ø",2
"Fasson","NEUT","Fasson","Fassons","s",2
"Fassung","FEM","Fassung","Fassungen","en",2
"Faszikel","MASC","Faszikel","Faszikel","ø",3
"Faulenzer","MASC","Faulenzer","Faulenzer","ø",2
"Faulpelz","MASC","Faulpelz","Faulpelze","e",1
"Faultier","NEUT","Faultier","Faultiere","e",0
"Faun","MASC","Faun","Faune","e",0
"Fausthandschuh","MASC","Fausthandschuh","Fausthandschuhe","e",2
"Fäustling","MASC","Fäustling","Fäustlinge","e",1
"Fauxpas","MASC","Fauxpas","Fauxpas","ø",1
"Favorit","MASC","Favorit","Favoriten","en",3
"Fax","NEUT","Fax","Faxe","e",1
"Fayalit","MASC","Fayalit","Fayalite","e",2
"Fazit","NEUT","Fazit","Fazite","e",2
"Feber","MASC","Feber","Feber","ø",2
"Februar","MASC","Februar","Februare","e",2
"Fechter","MASC","Fechter","Fechter","ø",2
"Federballspiel","NEUT","Federballspiel","Federballspiele","e",3
"Federballspieler","MASC","Federballspieler","Federballspieler","ø",4
"Federbett","NEUT","Federbett","Federbetten","en",3
"Federchen","NEUT","Federchen","Federchen","ø",3
"Federhalter","MASC","Federhalter","Federhalter","ø",4
"Federkiel","MASC","Federkiel","Federkiele","e",2
"Federkrieg","MASC","Federkrieg","Federkriege","e",2
"Federspitz","MASC","Federspitz","Federspitze","e",3
"Federstrich","MASC","Federstrich","Federstriche","e",3
"Fegefeuer","NEUT","Fegefeuer","Fegefeuer","ø",3
"Feh","NEUT","Feh","Fehe","e",1
"Fehdehandschuh","MASC","Fehdehandschuh","Fehdehandschuhen","en",4
"Fehldeutung","FEM","Fehldeutung","Fehldeutungen","en",2
"Fehleinschätzung","FEM","Fehleinschätzung","Fehleinschätzungen","en",3
"Fehlentscheidung","FEM","Fehlentscheidung","Fehlentscheidungen","en",3
"Fehler","MASC","Fehler","Fehler","ø",2
"Fehlercode","MASC","Fehlercode","Fehlercodes","s",4
"Fehlerfreiheit","FEM","Fehlerfreiheit","Fehlerfreiheiten","en",2
"Fehlgriff","MASC","Fehlgriff","Fehlgriffe","e",2
"Fehlplanung","FEM","Fehlplanung","Fehlplanungen","en",3
"Fehltritt","MASC","Fehltritt","Fehltritte","e",2
"Fehlurteil","NEUT","Fehlurteil","Fehlurteile","e",2
"Feierabend","MASC","Feierabend","Feierabende","e",3
"Feierbiest","NEUT","Feierbiest","Feierbiester","er",1
"Feiertag","MASC","Feiertag","Feiertage","e",2
"Feigenblättchen","NEUT","Feigenblättchen","Feigenblättchen","ø",3
"Feigling","MASC","Feigling","Feiglinge","e",1
"Feilbietung","FEM","Feilbietung","Feilbietungen","en",1
"Feim","MASC","Feim","Feime","e",0
"Feind","MASC","Feind","Feinde","e",0
"Feindbild","NEUT","Feindbild","Feindbilder","er",1
"Feingebäck","MASC","Feingebäck","Feingebäcke","e",2
"Feingehalt","MASC","Feingehalt","Feingehalte","e",2
"Feingehaltstempel","MASC","Feingehaltstempel","Feingehaltstempel","ø",4
"Feinschmecker","MASC","Feinschmecker","Feinschmecker","ø",2
"Feinschmeckerlokal","NEUT","Feinschmeckerlokal","Feinschmeckerlokale","e",4
"Feinstruktur","FEM","Feinstruktur","Feinstrukturen","en",2
"Feitel","MASC","Feitel","Feitel","ø",1
"Feld","NEUT","Feld","Felder","er",1
"Feldbett","NEUT","Feldbett","Feldbetten","en",2
"Feldherr","MASC","Feldherr","Feldherren","en",2
"Feldjäger","MASC","Feldjäger","Feldjäger","ø",3
"Feldmesser","MASC","Feldmesser","Feldmesser","ø",3
"Feldsalat","MASC","Feldsalat","Feldsalate","e",3
"Feldscher","MASC","Feldscher","Feldscher","ø",2
"Feldscherer","MASC","Feldscherer","Feldscherer","ø",3
"Feldspat","MASC","Feldspat","Feldspate","e",2
"Feldspaten","MASC","Feldspaten","Feldspaten","ø",3
"Feldspath","MASC","Feldspath","Feldspathe","e",2
"Feldstein","MASC","Feldstein","Feldsteine","e",1
"Feldversuch","MASC","Feldversuch","Feldversuche","e",3
"Feldweg","MASC","Feldweg","Feldwege","e",2
"Feldzeichen","NEUT","Feldzeichen","Feldzeichen","ø",2
"Fell","NEUT","Fell","Felle","e",1
"Fellchen","NEUT","Fellchen","Fellchen","ø",2
"Fellhandschuh","MASC","Fellhandschuh","Fellhandschuhe","e",3
"Fels","MASC","Fels","Felsen","en",1
"Felsbrocken","MASC","Felsbrocken","Felsbrocken","ø",3
"Felsen","MASC","Felsen","Felsen","ø",2
"Felsenpfeifer","MASC","Felsenpfeifer","Felsenpfeifer","ø",3
"Felsenpinguin","MASC","Felsenpinguin","Felsenpinguine","e",4
"Feminist","MASC","Feminist","Feministen","en",3
"Fenchel","MASC","Fenchel","Fenchel","ø",2
"Fenn","NEUT","Fenn","Fenne","e",1
"Fennek","MASC","Fennek","Fenneke","e",2
"Fenster","NEUT","Fenster","Fenster","ø",2
"Fensterbrett","NEUT","Fensterbrett","Fensterbretter","er",3
"Fensterchen","NEUT","Fensterchen","Fensterchen","ø",3
"Fensterhaken","MASC","Fensterhaken","Fensterhaken","ø",4
"Fensterkitt","MASC","Fensterkitt","Fensterkitte","e",3
"Fensterladenhalter","MASC","Fensterladenhalter","Fensterladenhalter","ø",6
"Fensterlein","NEUT","Fensterlein","Fensterlein","ø",2
"Fensterrahmen","MASC","Fensterrahmen","Fensterrahmen","ø",4
"Fentanyl","NEUT","Fentanyl","Fentanyle","e",3
"Ferchromid","MASC","Ferchromid","Ferchromide","e",3
"Ferienhäuschen","NEUT","Ferienhäuschen","Ferienhäuschen","ø",2
"Ferienort","MASC","Ferienort","Ferienorte","e",2
"Ferkel","NEUT","Ferkel","Ferkel","ø",2
"Fermion","NEUT","Fermion","Fermionen","en",2
"Ferner","MASC","Ferner","Ferner","ø",2
"Ferngespräch","NEUT","Ferngespräch","Ferngespräche","e",3
"Fernrohr","NEUT","Fernrohr","Fernrohre","e",2
"Fernsehapparat","MASC","Fernsehapparat","Fernsehapparate","e",5
"Fernsehbild","NEUT","Fernsehbild","Fernsehbilder","er",3
"Fernseher","MASC","Fernseher","Fernseher","ø",3
"Fernsehgerät","NEUT","Fernsehgerät","Fernsehgeräte","e",4
"Fernsehprediger","MASC","Fernsehprediger","Fernsehprediger","ø",5
"Fernsehredakteur","MASC","Fernsehredakteur","Fernsehredakteure","e",4
"Fernsehredaktor","MASC","Fernsehredaktor","Fernsehredaktoren","en",5
"Fernsehschirm","MASC","Fernsehschirm","Fernsehschirme","e",3
"Fernsehsender","MASC","Fernsehsender","Fernsehsender","ø",4
"Fernsprecher","MASC","Fernsprecher","Fernsprecher","ø",3
"Fernuniversität","FEM","Fernuniversität","Fernuniversitäten","en",6
"Fernverkehr","MASC","Fernverkehr","Fernverkehre","e",3
"Ferredoxin","NEUT","Ferredoxin","Ferredoxine","e",4
"Ferrit","NEUT","Ferrit","Ferrite","e",2
"Ferritin","NEUT","Ferritin","Ferritine","e",3
"Ferrocen","NEUT","Ferrocen","Ferrocene","e",3
"Ferromangan","NEUT","Ferromangan","Ferromangane","e",4
"Ferroniob","NEUT","Ferroniob","Ferroniobe","e",3
"Fertiggericht","NEUT","Fertiggericht","Fertiggerichte","e",4
"Fertigung","FEM","Fertigung","Fertigungen","en",3
"Fes","NEUT","Fes","Fese","e",1
"Fesselspiel","NEUT","Fesselspiel","Fesselspiele","e",2
"Fest","NEUT","Fest","Feste","e",1
"Festelektrolyt","MASC","Festelektrolyt","Festelektrolyte","e",5
"Festessen","NEUT","Festessen","Festessen","ø",3
"Festigkeit","FEM","Festigkeit","Festigkeiten","en",2
"Festival","NEUT","Festival","Festivals","s",3
"Festkörper","MASC","Festkörper","Festkörper","ø",3
"Feston","NEUT","Feston","Festons","s",2
"Festschrift","FEM","Festschrift","Festschriften","en",2
"Festspiel","NEUT","Festspiel","Festspiele","e",1
"Feststellung","FEM","Feststellung","Feststellungen","en",3
"Feststellungsurteil","NEUT","Feststellungsurteil","Feststellungsurteile","e",4
"Feststoff","MASC","Feststoff","Feststoffe","e",2
"Fetisch","MASC","Fetisch","Fetische","e",2
"Fett","NEUT","Fett","Fette","e",1
"Fettabsaugung","FEM","Fettabsaugung","Fettabsaugungen","en",3
"Fettalkohol","MASC","Fettalkohol","Fettalkohole","e",4
"Fettfisch","MASC","Fettfisch","Fettfische","e",2
"Fettgewebe","NEUT","Fettgewebe","Fettgewebe","ø",4
"Fettmolekül","NEUT","Fettmolekül","Fettmoleküle","e",4
"Fettnäpfchen","NEUT","Fettnäpfchen","Fettnäpfchen","ø",3
"Fetzen","MASC","Fetzen","Fetzen","ø",2
"Feuchtgebiet","NEUT","Feuchtgebiet","Feuchtgebiete","e",1
"Feuchtigkeitsverlust","MASC","Feuchtigkeitsverlust","Feuchtigkeitsverluste","e",3
"Feudel","MASC","Feudel","Feudel","ø",1
"Feuer","NEUT","Feuer","Feuer","ø",1
"Feueralarm","NEUT","Feueralarm","Feueralarme","e",3
"Feuerbestattung","FEM","Feuerbestattung","Feuerbestattungen","en",4
"Feuerchen","NEUT","Feuerchen","Feuerchen","ø",2
"Feuerfisch","MASC","Feuerfisch","Feuerfische","e",2
"Feuerkäfer","MASC","Feuerkäfer","Feuerkäfer","ø",3
"Feuerlein","NEUT","Feuerlein","Feuerlein","ø",1
"Feuerlöscher","MASC","Feuerlöscher","Feuerlöscher","ø",3
"Feuerlöschmittel","NEUT","Feuerlöschmittel","Feuerlöschmittel","ø",4
"Feuerschiff","NEUT","Feuerschiff","Feuerschiffe","e",2
"Feuersglut","FEM","Feuersglut","Feuersgluten","en",2
"Feuerteufel","MASC","Feuerteufel","Feuerteufel","ø",2
"Feuerwehrfrau","FEM","Feuerwehrfrau","Feuerwehrfrauen","en",2
"Feuerwerk","NEUT","Feuerwerk","Feuerwerke","e",2
"Feuerwerksartikel","MASC","Feuerwerksartikel","Feuerwerksartikel","ø",5
"Feuerwerkskörper","MASC","Feuerwerkskörper","Feuerwerkskörper","ø",4
"Feuerzeug","NEUT","Feuerzeug","Feuerzeuge","e",1
"Feuilleton","NEUT","Feuilleton","Feuilletons","s",3
"Fiasko","NEUT","Fiasko","Fiaskos","s",2
"Fichtelit","MASC","Fichtelit","Fichtelite","e",3
"Fichtenrüsselkäfer","MASC","Fichtenrüsselkäfer","Fichtenrüsselkäfer","ø",6
"Fichtenspargel","MASC","Fichtenspargel","Fichtenspargel","ø",4
"Fichtenspinner","MASC","Fichtenspinner","Fichtenspinner","ø",4
"Fichtenzapfen","MASC","Fichtenzapfen","Fichtenzapfen","ø",4
"Fichtenzweig","MASC","Fichtenzweig","Fichtenzweige","e",2
"Fick","MASC","Fick","Ficks","s",1
"Ficker","MASC","Ficker","Ficker","ø",2
"Fieber","NEUT","Fieber","Fieber","ø",1
"Fiebermittel","NEUT","Fiebermittel","Fiebermittel","ø",3
"Fieberthermometer","NEUT","Fieberthermometer","Fieberthermometer","ø",5
"Fiederblättchen","NEUT","Fiederblättchen","Fiederblättchen","ø",3
"Fiedler","MASC","Fiedler","Fiedler","ø",1
"Fiesling","MASC","Fiesling","Fieslinge","e",1
"Figur","FEM","Figur","Figuren","en",2
"Figürchen","NEUT","Figürchen","Figürchen","ø",3
"Filet","NEUT","Filet","Filets","s",2
"Film","MASC","Film","Filme","e",1
"Filmchen","NEUT","Filmchen","Filmchen","ø",2
"Filmemacher","MASC","Filmemacher","Filmemacher","ø",4
"Filmmusik","FEM","Filmmusik","Filmmusiken","en",3
"Filmriss","MASC","Filmriss","Filmrisse","e",2
"Filmstar","MASC","Filmstar","Filmstars","s",2
"Filoteig","MASC","Filoteig","Filoteige","e",2
"Filou","MASC","Filou","Filous","s",2
"Filterpapier","NEUT","Filterpapier","Filterpapiere","e",3
"Filtrat","NEUT","Filtrat","Filtrate","e",2
"Filz","MASC","Filz","Filze","e",1
"Fimmel","MASC","Fimmel","Fimmel","ø",2
"Final","MASC","Final","Finals","s",2
"Finale","NEUT","Finale","Finale","ø",3
"Financier","MASC","Financier","Financiers","s",2
"Finanzanleger","MASC","Finanzanleger","Finanzanleger","ø",5
"Finanzier","MASC","Finanzier","Finanziers","s",2
"Finanzminister","MASC","Finanzminister","Finanzminister","ø",5
"Findelkind","NEUT","Findelkind","Findelkinder","er",3
"Finder","MASC","Finder","Finder","ø",2
"Findling","MASC","Findling","Findlinge","e",2
"Findung","FEM","Findung","Findungen","en",2
"Finger","MASC","Finger","Finger","ø",2
"Fingerbreit","MASC","Fingerbreit","Fingerbreit","ø",2
"Fingerchen","NEUT","Fingerchen","Fingerchen","ø",3
"Fingerhandschuh","MASC","Fingerhandschuh","Fingerhandschuhe","e",4
"Fingerknöchel","MASC","Fingerknöchel","Fingerknöchel","ø",4
"Fingerlein","NEUT","Fingerlein","Fingerlein","ø",2
"Fingerspitzengefühl","NEUT","Fingerspitzengefühl","Fingerspitzengefühle","e",6
"Fingerzeig","MASC","Fingerzeig","Fingerzeige","e",2
"Fink","MASC","Fink","Finken","en",1
"Firmensitz","MASC","Firmensitz","Firmensitze","e",3
"Firmenstempel","MASC","Firmenstempel","Firmenstempel","ø",4
"Firmung","FEM","Firmung","Firmungen","en",2
"Firn","MASC","Firn","Firne","e",1
"First","MASC","First","Firste","e",1
"Fisch","MASC","Fisch","Fische","e",1
"Fischadler","MASC","Fischadler","Fischadler","ø",3
"Fischbecken","NEUT","Fischbecken","Fischbecken","ø",3
"Fischer","MASC","Fischer","Fischer","ø",2
"Fischermarder","MASC","Fischermarder","Fischermarder","ø",4
"Fischfrikadellenbrötchen","NEUT","Fischfrikadellenbrötchen","Fischfrikadellenbrötchen","ø",7
"Fischhaken","MASC","Fischhaken","Fischhaken","ø",3
"Fischhändler","MASC","Fischhändler","Fischhändler","ø",3
"Fischkutter","MASC","Fischkutter","Fischkutter","ø",3
"Fischlein","NEUT","Fischlein","Fischlein","ø",1
"Fischmesser","NEUT","Fischmesser","Fischmesser","ø",3
"Fischnetz","NEUT","Fischnetz","Fischnetze","e",2
"Fischotter","MASC","Fischotter","Fischotter","ø",3
"Fischstäbchen","NEUT","Fischstäbchen","Fischstäbchen","ø",3
"Fischteich","MASC","Fischteich","Fischteiche","e",1
"Fitnesscenter","NEUT","Fitnesscenter","Fitnesscenter","ø",4
"Fitnessstudio","NEUT","Fitnessstudio","Fitnessstudios","s",4
"Fitnesstraining","NEUT","Fitnesstraining","Fitnesstrainings","s",4
"Fittich","MASC","Fittich","Fittiche","e",2
"Fittig","MASC","Fittig","Fittige","e",2
"Fixer","MASC","Fixer","Fixer","ø",2
"Fixiermittel","NEUT","Fixiermittel","Fixiermittel","ø",3
"Fixiersalz","NEUT","Fixiersalz","Fixiersalze","e",2
"Fixpunkt","MASC","Fixpunkt","Fixpunkte","e",2
"Fixstern","MASC","Fixstern","Fixsterne","e",2
"Flachbildfernseher","MASC","Flachbildfernseher","Flachbildfernseher","ø",5
"Flachbildschirm","MASC","Flachbildschirm","Flachbildschirme","e",3
"Flächenmaß","NEUT","Flächenmaß","Flächenmaße","e",3
"Fladen","MASC","Fladen","Fladen","ø",2
"Fladenbrot","NEUT","Fladenbrot","Fladenbrote","e",3
"Flageolett","NEUT","Flageolett","Flageolette","e",3
"Flaggschiff","NEUT","Flaggschiff","Flaggschiffe","e",2
"Flamencotänzer","MASC","Flamencotänzer","Flamencotänzer","ø",5
"Flamingo","MASC","Flamingo","Flamingos","s",3
"Flämmchen","NEUT","Flämmchen","Flämmchen","ø",2
"Flammenwerfer","MASC","Flammenwerfer","Flammenwerfer","ø",4
"Flammeri","MASC","Flammeri","Flammeris","s",3
"Flammkuchen","MASC","Flammkuchen","Flammkuchen","ø",3
"Flammlachs","MASC","Flammlachs","Flammlachse","e",2
"Flammschutzmittel","NEUT","Flammschutzmittel","Flammschutzmittel","ø",4
"Flanell","MASC","Flanell","Flanelle","e",2
"Flaneur","MASC","Flaneur","Flaneure","e",1
"Flansch","MASC","Flansch","Flansche","e",1
"Fläschchen","NEUT","Fläschchen","Fläschchen","ø",2
"Flaschengeist","MASC","Flaschengeist","Flaschengeister","er",2
"Flaschenöffner","MASC","Flaschenöffner","Flaschenöffner","ø",4
"Flaschenschiff","NEUT","Flaschenschiff","Flaschenschiffe","e",3
"Flash-back","MASC","Flash-back","Flash-backs","s",2
"Flashback","MASC","Flashback","Flashbacks","s",2
"Fleckchen","NEUT","Fleckchen","Fleckchen","ø",2
"Fleckengesicht-Ameisenwürger","MASC","Fleckengesicht-Ameisenwürger","Fleckengesicht-Ameisenwürger","ø",8
"Flederhund","MASC","Flederhund","Flederhunde","e",3
"Fledertier","NEUT","Fledertier","Fledertiere","e",2
"Fleet","NEUT","Fleet","Fleete","e",1
"Flegel","MASC","Flegel","Flegel","ø",2
"Flehen","NEUT","Flehen","Flehen","ø",2
"Fleischbällchen","NEUT","Fleischbällchen","Fleischbällchen","ø",2
"Fleischer","MASC","Fleischer","Fleischer","ø",1
"Fleischfresser","MASC","Fleischfresser","Fleischfresser","ø",2
"Fleischkäse","MASC","Fleischkäse","Fleischkäse","ø",2
"Fleischmesser","NEUT","Fleischmesser","Fleischmesser","ø",2
"Fleischpflanzl","NEUT","Fleischpflanzl","Fleischpflanzl","ø",1
"Fleischsalat","MASC","Fleischsalat","Fleischsalate","e",2
"Flenser","MASC","Flenser","Flenser","ø",2
"Flexitarier","MASC","Flexitarier","Flexitarier","ø",3
"Flicken","MASC","Flicken","Flicken","ø",2
"Flickenteppich","MASC","Flickenteppich","Flickenteppiche","e",4
"Flickzeug","NEUT","Flickzeug","Flickzeuge","e",1
"Flieder","MASC","Flieder","Flieder","ø",1
"Fliegenfänger","MASC","Fliegenfänger","Fliegenfänger","ø",3
"Fliegengitter","NEUT","Fliegengitter","Fliegengitter","ø",3
"Fliegenpilz","MASC","Fliegenpilz","Fliegenpilze","e",2
"Fliegenschnäpper","MASC","Fliegenschnäpper","Fliegenschnäpper","ø",3
"Flieger","MASC","Flieger","Flieger","ø",1
"Fliegerass","NEUT","Fliegerass","Fliegerasse","e",2
"Fliesenleger","MASC","Fliesenleger","Fliesenleger","ø",3
"Fliesentisch","MASC","Fliesentisch","Fliesentische","e",2
"Fließgleichgewicht","NEUT","Fließgleichgewicht","Fließgleichgewichte","e",2
"Fließlaut","MASC","Fließlaut","Fließlaute","e",0
"Fließtext","MASC","Fließtext","Fließtexte","e",1
"Flint","MASC","Flint","Flinte","e",1
"Flipper","MASC","Flipper","Flipper","ø",2
"Flirt","MASC","Flirt","Flirts","s",1
"Flittchen","NEUT","Flittchen","Flittchen","ø",2
"Flitter","MASC","Flitter","Flitter","ø",2
"Flitterblättchen","NEUT","Flitterblättchen","Flitterblättchen","ø",4
"Flitzer","MASC","Flitzer","Flitzer","ø",2
"Flöhchen","NEUT","Flöhchen","Flöhchen","ø",2
"Flor","MASC","Flor","Flore","e",1
"Florentiner","MASC","Florentiner","Florentiner","ø",4
"Florett","NEUT","Florett","Florette","e",2
"Floridianer","MASC","Floridianer","Floridianer","ø",4
"Florist","MASC","Florist","Floristen","en",2
"Flößer","MASC","Flößer","Flößer","ø",2
"Flötenkonzert","NEUT","Flötenkonzert","Flötenkonzerte","e",4
"Flötenspiel","NEUT","Flötenspiel","Flötenspiele","e",2
"Flötenspieler","MASC","Flötenspieler","Flötenspieler","ø",3
"Flötist","MASC","Flötist","Flötisten","en",2
"Flottillenadmiral","MASC","Flottillenadmiral","Flottillenadmirale","e",6
"Flüchtigkeitsfehler","MASC","Flüchtigkeitsfehler","Flüchtigkeitsfehler","ø",4
"Flüchtling","MASC","Flüchtling","Flüchtlinge","e",2
"Flüchtlingslager","NEUT","Flüchtlingslager","Flüchtlingslager","ø",4
"Flüchtlingzelt","NEUT","Flüchtlingzelt","Flüchtlingzelte","e",3
"Fluchtpunkt","MASC","Fluchtpunkt","Fluchtpunkte","e",2
"Fluchtweg","MASC","Fluchtweg","Fluchtwege","e",2
"Flugabsagen","NEUT","Flugabsagen","Flugabsagen","ø",4
"Flugbegleiter","MASC","Flugbegleiter","Flugbegleiter","ø",3
"Flugbenzin","NEUT","Flugbenzin","Flugbenzine","e",3
"Flügel","MASC","Flügel","Flügel","ø",2
"Flügelchen","NEUT","Flügelchen","Flügelchen","ø",3
"Flügelfenster","NEUT","Flügelfenster","Flügelfenster","ø",4
"Flügelspiegel","MASC","Flügelspiegel","Flügelspiegel","ø",3
"Flughörnchen","NEUT","Flughörnchen","Flughörnchen","ø",3
"Flughund","MASC","Flughund","Flughunde","e",2
"Flugkapitän","MASC","Flugkapitän","Flugkapitäne","e",4
"Flugkörper","MASC","Flugkörper","Flugkörper","ø",3
"Flugkorridor","MASC","Flugkorridor","Flugkorridore","e",4
"Flugsaurier","MASC","Flugsaurier","Flugsaurier","ø",1
"Flugschreiber","MASC","Flugschreiber","Flugschreiber","ø",2
"Flugschrift","FEM","Flugschrift","Flugschriften","en",2
"Flugzeug","NEUT","Flugzeug","Flugzeuge","e",1
"Flugzeugmutterschiff","NEUT","Flugzeugmutterschiff","Flugzeugmutterschiffe","e",4
"Flugzeugträger","MASC","Flugzeugträger","Flugzeugträger","ø",3
"Flugzeugtriebwerk","NEUT","Flugzeugtriebwerk","Flugzeugtriebwerke","e",2
"Fluid","NEUT","Fluid","Fluide","e",1
"Fluoracetat","NEUT","Fluoracetat","Fluoracetate","e",4
"Fluorapatit","MASC","Fluorapatit","Fluorapatite","e",4
"Fluoratom","NEUT","Fluoratom","Fluoratome","e",3
"Fluorcarbon","NEUT","Fluorcarbon","Fluorcarbone","e",3
"Fluorchlorkohlenwasserstoff","MASC","Fluorchlorkohlenwasserstoff","Fluorchlorkohlenwasserstoffe","e",7
"Fluorcitrat","NEUT","Fluorcitrat","Fluorcitrate","e",3
"Fluoreszenz","FEM","Fluoreszenz","Fluoreszenzen","en",3
"Fluoreszenzfarbstoff","MASC","Fluoreszenzfarbstoff","Fluoreszenzfarbstoffe","e",5
"Fluorgehalt","MASC","Fluorgehalt","Fluorgehalte","e",3
"Fluorid","NEUT","Fluorid","Fluoride","e",2
"Fluorierungsmittel","NEUT","Fluorierungsmittel","Fluorierungsmittel","ø",4
"Fluorit","MASC","Fluorit","Fluorite","e",2
"Fluoritkristall","MASC","Fluoritkristall","Fluoritkristalle","e",4
"Fluorkohlenwasserstoff","MASC","Fluorkohlenwasserstoff","Fluorkohlenwasserstoffe","e",6
"Fluorkunststoff","MASC","Fluorkunststoff","Fluorkunststoffe","e",3
"Fluorohydrid","NEUT","Fluorohydrid","Fluorohydride","e",4
"Fluorradikal","NEUT","Fluorradikal","Fluorradikale","e",4
"Fluorsalz","NEUT","Fluorsalz","Fluorsalze","e",2
"Flur","FEM","Flur","Flure","e",1
"Flussbarsch","MASC","Flussbarsch","Flussbarsche","e",2
"Flussbett","NEUT","Flussbett","Flussbetten","en",2
"Flussbiegung","FEM","Flussbiegung","Flussbiegungen","en",2
"Flüsschen","NEUT","Flüsschen","Flüsschen","ø",2
"Flüssiggas","NEUT","Flüssiggas","Flüssiggase","e",3
"Flüssigkeitsmaß","NEUT","Flüssigkeitsmaß","Flüssigkeitsmaße","e",3
"Flüssigkristall","MASC","Flüssigkristall","Flüssigkristalle","e",4
"Flüssigkristallbildschirm","MASC","Flüssigkristallbildschirm","Flüssigkristallbildschirme","e",6
"Flüssigtreibstoff","MASC","Flüssigtreibstoff","Flüssigtreibstoffe","e",3
"Flusspferd","NEUT","Flusspferd","Flusspferde","e",2
"Flusssediment","NEUT","Flusssediment","Flusssedimente","e",4
"Flussspat","MASC","Flussspat","Flussspate","e",2
"Flussufer","NEUT","Flussufer","Flussufer","ø",3
"Flussufer-Ameisenwürger","MASC","Flussufer-Ameisenwürger","Flussufer-Ameisenwürger","ø",7
"Flutlicht","NEUT","Flutlicht","Flutlichter","er",2
"Föderation","FEM","Föderation","Föderationen","en",4
"Föhn","MASC","Föhn","Föhne","e",1
"Folgemonat","MASC","Folgemonat","Folgemonate","e",4
"Folger","MASC","Folger","Folger","ø",2
"Follower","MASC","Follower","Follower","ø",3
"Folterknecht","MASC","Folterknecht","Folterknechte","e",3
"Fön","MASC","Fön","Föne","e",1
"Fonds","MASC","Fonds","Fonds","ø",1
"Fondue","NEUT","Fondue","Fondues","s",2
"Fonem","NEUT","Fonem","Foneme","e",2
"Foodstylist","MASC","Foodstylist","Foodstylisten","en",3
"Football","MASC","Football","Footballs","s",2
"Fopper","MASC","Fopper","Fopper","ø",2
"Forderung","FEM","Forderung","Forderungen","en",3
"Forellenteich","MASC","Forellenteich","Forellenteiche","e",3
"Formalität","FEM","Formalität","Formalitäten","en",4
"Formant","MASC","Formant","Formanten","en",2
"Format","NEUT","Format","Formate","e",2
"Formatierung","FEM","Formatierung","Formatierungen","en",3
"Formiat","NEUT","Formiat","Formiate","e",2
"Formular","NEUT","Formular","Formulare","e",3
"Formwandler","MASC","Formwandler","Formwandler","ø",3
"Forscher","MASC","Forscher","Forscher","ø",2
"Forschung","FEM","Forschung","Forschungen","en",2
"Forschungslabor","NEUT","Forschungslabor","Forschungslabore","e",4
"Förster","MASC","Förster","Förster","ø",2
"Forsterit","MASC","Forsterit","Forsterite","e",3
"Forsthäuschen","NEUT","Forsthäuschen","Forsthäuschen","ø",2
"Fort","NEUT","Fort","Forts","s",1
"Fortschritt","MASC","Fortschritt","Fortschritte","e",2
"Foto","MASC","Foto","Fotos","s",2
"Fotoapparat","MASC","Fotoapparat","Fotoapparate","e",4
"Fotoempfänger","MASC","Fotoempfänger","Fotoempfänger","ø",4
"Fotograf","MASC","Fotograf","Fotografen","en",3
"Fotokopierer","MASC","Fotokopierer","Fotokopierer","ø",4
"Fotopapier","NEUT","Fotopapier","Fotopapiere","e",3
"Fotovervielfacher","MASC","Fotovervielfacher","Fotovervielfacher","ø",5
"Foul","NEUT","Foul","Fouls","s",1
"Foulspiel","NEUT","Foulspiel","Foulspiele","e",1
"Fourgon","MASC","Fourgon","Fourgons","s",2
"Fourier","MASC","Fourier","Fouriere","e",1
"Foyer","NEUT","Foyer","Foyers","s",1
"Frachtschiff","NEUT","Frachtschiff","Frachtschiffe","e",2
"Fragenkatalog","MASC","Fragenkatalog","Fragenkataloge","e",5
"Fragezeichen","NEUT","Fragezeichen","Fragezeichen","ø",3
"Fraktal","NEUT","Fraktal","Fraktale","e",2
"Fraktionschef","MASC","Fraktionschef","Fraktionschefs","s",3
"Frakturschrift","FEM","Frakturschrift","Frakturschriften","en",3
"Franc","MASC","Franc","Francs","s",1
"Franken","MASC","Franken","Franken","ø",2
"Frankfurter","FEM","Frankfurter","Frankfurter","ø",3
"Frankierung","FEM","Frankierung","Frankierungen","en",2
"Franziskaner","MASC","Franziskaner","Franziskaner","ø",4
"Französisch","NEUT","Französisch","Französische","e",3
"Franzwein","MASC","Franzwein","Franzweine","e",1
"Fräser","MASC","Fräser","Fräser","ø",2
"Fraß","MASC","Fraß","Fraße","e",1
"Frau","FEM","Frau","Frauen","en",0
"Frauchen","NEUT","Frauchen","Frauchen","ø",1
"Frauenhasser","MASC","Frauenhasser","Frauenhasser","ø",3
"Frauenrechtler","MASC","Frauenrechtler","Frauenrechtler","ø",3
"Frauenversammlung","FEM","Frauenversammlung","Frauenversammlungen","en",4
"Frauenversteher","MASC","Frauenversteher","Frauenversteher","ø",4
"Frauenzimmer","NEUT","Frauenzimmer","Frauenzimmer","ø",3
"Fräulein","NEUT","Fräulein","Fräulein","ø",0
"Fraw","FEM","Fraw","Frawen","en",1
"Freak","MASC","Freak","Freaks","s",1
"Frechdachs","MASC","Frechdachs","Frechdachse","e",2
"Freeganer","MASC","Freeganer","Freeganer","ø",3
"Freibergit","MASC","Freibergit","Freibergite","e",2
"Freiberufler","MASC","Freiberufler","Freiberufler","ø",3
"Freibeuter","MASC","Freibeuter","Freibeuter","ø",1
"Freibrief","MASC","Freibrief","Freibriefe","e",0
"Freiburger","MASC","Freiburger","Freiburger","ø",2
"Freidenker","MASC","Freidenker","Freidenker","ø",2
"Freier","MASC","Freier","Freier","ø",1
"Freigeist","MASC","Freigeist","Freigeister","er",0
"Freiheit","FEM","Freiheit","Freiheiten","en",0
"Freiheitsberaubung","FEM","Freiheitsberaubung","Freiheitsberaubungen","en",2
"Freiheitskämpfer","MASC","Freiheitskämpfer","Freiheitskämpfer","ø",2
"Freiherr","MASC","Freiherr","Freiherren","en",1
"Freikorps","NEUT","Freikorps","Freikorps","ø",1
"Freimachung","FEM","Freimachung","Freimachungen","en",2
"Freimaurer","MASC","Freimaurer","Freimaurer","ø",1
"Freischärler","MASC","Freischärler","Freischärler","ø",2
"Freistaat","MASC","Freistaat","Freistaaten","en",1
"Freitag","MASC","Freitag","Freitage","e",1
"Freitagabend","MASC","Freitagabend","Freitagabende","e",3
"Freitagmittag","MASC","Freitagmittag","Freitagmittage","e",3
"Freitagnachmittag","MASC","Freitagnachmittag","Freitagnachmittage","e",4
"Freitagvormittag","MASC","Freitagvormittag","Freitagvormittage","e",4
"Freitod","MASC","Freitod","Freitode","e",1
"Freizeitpark","MASC","Freizeitpark","Freizeitparks","s",1
"Fremdatom","NEUT","Fremdatom","Fremdatome","e",3
"Fremdbestandteil","MASC","Fremdbestandteil","Fremdbestandteile","e",3
"Fremdkapital","NEUT","Fremdkapital","Fremdkapitale","e",4
"Fremdkörper","MASC","Fremdkörper","Fremdkörper","ø",3
"Fremdstoff","MASC","Fremdstoff","Fremdstoffe","e",2
"Fremdwährung","FEM","Fremdwährung","Fremdwährungen","en",3
"Frequenz","FEM","Frequenz","Frequenzen","en",2
"Frequenzbereich","MASC","Frequenzbereich","Frequenzbereiche","e",3
"Fresser","MASC","Fresser","Fresser","ø",2
"Fressfeind","MASC","Fressfeind","Fressfeinde","e",1
"Frettchen","NEUT","Frettchen","Frettchen","ø",2
"Freund","MASC","Freund","Freunde","e",0
"Freundchen","NEUT","Freundchen","Freundchen","ø",1
"Freundeskreis","MASC","Freundeskreis","Freundeskreise","e",1
"Freundlichkeit","FEM","Freundlichkeit","Freundlichkeiten","en",1
"Freundschaftspreis","MASC","Freundschaftspreis","Freundschaftspreise","e",1
"Frevel","MASC","Frevel","Frevel","ø",2
"Frevler","MASC","Frevler","Frevler","ø",2
"Friedensbewegung","MASC","Friedensbewegung","Friedensbewegungen","en",4
"Friedensbruch","FEM","Friedensbruch","Friedensbruchen","en",2
"Friedensforscher","MASC","Friedensforscher","Friedensforscher","ø",3
"Friedensforschung","FEM","Friedensforschung","Friedensforschungen","en",3
"Friedensgespräch","NEUT","Friedensgespräch","Friedensgespräche","e",3
"Friedensnobelpreis","MASC","Friedensnobelpreis","Friedensnobelpreise","e",3
"Friedensprozess","MASC","Friedensprozess","Friedensprozesse","e",3
"Friedenszeit","FEM","Friedenszeit","Friedenszeiten","en",1
"Frikassee","NEUT","Frikassee","Frikassees","s",3
"Frikativ","MASC","Frikativ","Frikative","e",3
"Frischkäse","MASC","Frischkäse","Frischkäse","ø",3
"Frischling","MASC","Frischling","Frischlinge","e",2
"Friseur","MASC","Friseur","Friseure","e",1
"Frisör","MASC","Frisör","Frisöre","e",2
"Frisur","FEM","Frisur","Frisuren","en",2
"Fritz","MASC","Fritz","Fritze","e",1
"Fritzchen","NEUT","Fritzchen","Fritzchen","ø",2
"Frivolität","FEM","Frivolität","Frivolitäten","en",4
"Fröbelstern","MASC","Fröbelstern","Fröbelsterne","e",3
"Frohnatur","FEM","Frohnatur","Frohnaturen","en",3
"Frömmelei","FEM","Frömmelei","Frömmeleien","en",2
"Frömmler","MASC","Frömmler","Frömmler","ø",2
"Fron","FEM","Fron","Fronen","en",1
"Frontallappen","MASC","Frontallappen","Frontallappen","ø",4
"Frontantrieb","MASC","Frontantrieb","Frontantriebe","e",2
"Frontläufer","MASC","Frontläufer","Frontläufer","ø",2
"Frontsänger","MASC","Frontsänger","Frontsänger","ø",3
"Froschfresser","MASC","Froschfresser","Froschfresser","ø",3
"Froschgoscherl","NEUT","Froschgoscherl","Froschgoscherl","ø",3
"Froschteich","MASC","Froschteich","Froschteiche","e",1
"Frostwinter","MASC","Frostwinter","Frostwinter","ø",3
"Frotzelei","FEM","Frotzelei","Frotzeleien","en",2
"Früchtchen","NEUT","Früchtchen","Früchtchen","ø",2
"Fruchtknoten","MASC","Fruchtknoten","Fruchtknoten","ø",3
"Fruchtkörper","MASC","Fruchtkörper","Fruchtkörper","ø",3
"Fruchtsalat","MASC","Fruchtsalat","Fruchtsalate","e",3
"Fruchtzucker","MASC","Fruchtzucker","Fruchtzucker","ø",3
"Frühchen","NEUT","Frühchen","Frühchen","ø",2
"Frühjahr","NEUT","Frühjahr","Frühjahre","e",2
"Frühling","MASC","Frühling","Frühlinge","e",2
"Frühlingsfest","NEUT","Frühlingsfest","Frühlingsfeste","e",3
"Frühlingspunkt","MASC","Frühlingspunkt","Frühlingspunkte","e",3
"Frühlingstag","MASC","Frühlingstag","Frühlingstage","e",3
"Frühlingsvollmond","MASC","Frühlingsvollmond","Frühlingsvollmonde","e",4
"Frühlingswetter","NEUT","Frühlingswetter","Frühlingswetter","ø",4
"Frühlingszeit","FEM","Frühlingszeit","Frühlingszeiten","en",2
"Frühnebel","MASC","Frühnebel","Frühnebel","ø",3
"Frührentner","MASC","Frührentner","Frührentner","ø",3
"Frühschicht","FEM","Frühschicht","Frühschichten","en",2
"Frühschoppen","MASC","Frühschoppen","Frühschoppen","ø",3
"Frühsexualisierung","FEM","Frühsexualisierung","Frühsexualisierungen","en",5
"Frühsommer","MASC","Frühsommer","Frühsommer","ø",3
"Frühstück","NEUT","Frühstück","Frühstücke","e",2
"Frühzündung","FEM","Frühzündung","Frühzündungen","en",3
"Fuchsbau","MASC","Fuchsbau","Fuchsbaue","e",1
"Füchschen","NEUT","Füchschen","Füchschen","ø",2
"Fuchshund","MASC","Fuchshund","Fuchshunde","e",2
"Fuchsjagd","FEM","Fuchsjagd","Fuchsjagden","en",2
"Füchslein","NEUT","Füchslein","Füchslein","ø",1
"Fuder","NEUT","Fuder","Fuder","ø",2
"Fuffi","FEM","Fuffi","Fuffis","s",2
"Fugen-s","NEUT","Fugen-s","Fugen-s","ø",2
"Fugenelement","NEUT","Fugenelement","Fugenelemente","e",5
"Fühler","MASC","Fühler","Fühler","ø",2
"Fühlung","FEM","Fühlung","Fühlungen","en",2
"Führer","MASC","Führer","Führer","ø",2
"Führerhauptquartier","NEUT","Führerhauptquartier","Führerhauptquartiere","e",3
"Führerschein","MASC","Führerschein","Führerscheine","e",2
"Führerstandsmitfahrt","FEM","Führerstandsmitfahrt","Führerstandsmitfahrten","en",5
"Fuhrpark","MASC","Fuhrpark","Fuhrparken","en",2
"Fuhrwerk","NEUT","Fuhrwerk","Fuhrwerke","e",2
"Füllchen","NEUT","Füllchen","Füllchen","ø",2
"Füllen","NEUT","Füllen","Füllen","ø",2
"Füller","MASC","Füller","Füller","ø",2
"Fulleren","NEUT","Fulleren","Fullerene","e",3
"Füllfederhalter","MASC","Füllfederhalter","Füllfederhalter","ø",5
"Füllgas","NEUT","Füllgas","Füllgase","e",2
"Füllsel","NEUT","Füllsel","Füllsel","ø",2
"Füllstoff","MASC","Füllstoff","Füllstoffe","e",2
"Fulminat","NEUT","Fulminat","Fulminate","e",3
"Fundament","NEUT","Fundament","Fundamente","e",3
"Fundamentalist","MASC","Fundamentalist","Fundamentalisten","en",5
"Fundbüro","NEUT","Fundbüro","Fundbüros","s",3
"Fündchen","NEUT","Fündchen","Fündchen","ø",2
"Fundi","MASC","Fundi","Fundis","s",2
"Fündlein","NEUT","Fündlein","Fündlein","ø",1
"Fundort","MASC","Fundort","Fundorte","e",2
"Fundstück","NEUT","Fundstück","Fundstücke","e",2
"Fünf","FEM","Fünf","Fünfen","en",1
"Fünfeck","NEUT","Fünfeck","Fünfecke","e",2
"Fünfer","MASC","Fünfer","Fünfer","ø",2
"Fünfflächner","MASC","Fünfflächner","Fünfflächner","ø",3
"Fünfheber","MASC","Fünfheber","Fünfheber","ø",3
"Fünftel","NEUT","Fünftel","Fünftel","ø",2
"Fünfzehneck","NEUT","Fünfzehneck","Fünfzehnecke","e",3
"Fünfzigeck","NEUT","Fünfzigeck","Fünfzigecke","e",3
"Fünkchen","NEUT","Fünkchen","Fünkchen","ø",2
"Funker","MASC","Funker","Funker","ø",2
"Funkfeuer","NEUT","Funkfeuer","Funkfeuer","ø",2
"Funkgerät","NEUT","Funkgerät","Funkgeräte","e",3
"Fünklein","NEUT","Fünklein","Fünklein","ø",1
"Funktion","FEM","Funktion","Funktionen","en",2
"Funktionär","MASC","Funktionär","Funktionäre","e",3
"Funktionsbaustein","MASC","Funktionsbaustein","Funktionsbausteine","e",2
"Furier","MASC","Furier","Furiere","e",1
"Furnier","NEUT","Furnier","Furniere","e",1
"Fürsprecher","MASC","Fürsprecher","Fürsprecher","ø",3
"Fürst","MASC","Fürst","Fürsten","en",1
"Furzer","MASC","Furzer","Furzer","ø",2
"Fusion","FEM","Fusion","Fusionen","en",2
"Fusionsbrennstoff","MASC","Fusionsbrennstoff","Fusionsbrennstoffe","e",4
"Fusionsreaktor","MASC","Fusionsreaktor","Fusionsreaktoren","en",4
"Fußabstreifer","MASC","Fußabstreifer","Fußabstreifer","ø",3
"Fußballanhänger","MASC","Fußballanhänger","Fußballanhänger","ø",5
"Fußballen","MASC","Fußballen","Fußballen","ø",3
"Fußballer","MASC","Fußballer","Fußballer","ø",3
"Fußballfan","MASC","Fußballfan","Fußballfans","s",3
"Fußballmannschaft","FEM","Fußballmannschaft","Fußballmannschaften","en",4
"Fußballspiel","NEUT","Fußballspiel","Fußballspiele","e",2
"Fußballspieler","MASC","Fußballspieler","Fußballspieler","ø",3
"Fußballtrainer","MASC","Fußballtrainer","Fußballtrainer","ø",4
"Fußballweltmeisterschaftsqualifikationsspiel","NEUT","Fußballweltmeisterschaftsqualifikationsspiel","Fußballweltmeisterschaftsqualifikationsspiele","e",10
"Fußballwettkämpfer","MASC","Fußballwettkämpfer","Fußballwettkämpfer","ø",5
"Füsschen","NEUT","Füsschen","Füsschen","ø",2
"Füßchen","NEUT","Füßchen","Füßchen","ø",2
"Fussgänger","MASC","Fussgänger","Fussgänger","ø",3
"Fußgänger","MASC","Fußgänger","Fußgänger","ø",3
"Fußgeher","MASC","Fußgeher","Fußgeher","ø",3
"Fußknöchel","MASC","Fußknöchel","Fußknöchel","ø",3
"Fußkrankheit","FEM","Fußkrankheit","Fußkrankheiten","en",2
"Fußlappen","MASC","Fußlappen","Fußlappen","ø",3
"Fußschemel","MASC","Fußschemel","Fußschemel","ø",3
"Fußsoldat","MASC","Fußsoldat","Fußsoldaten","en",3
"Fußspur","FEM","Fußspur","Fußspuren","en",2
"Fußstapfen","MASC","Fußstapfen","Fußstapfen","ø",3
"Fußtritt","MASC","Fußtritt","Fußtritte","e",2
"Futhark","NEUT","Futhark","Futharke","e",2
"Futon","MASC","Futon","Futons","s",2
"Futter","NEUT","Futter","Futter","ø",2
"Futtermittel","NEUT","Futtermittel","Futtermittel","ø",4
"Futterreißer","MASC","Futterreißer","Futterreißer","ø",3
"Futterzerreißer","MASC","Futterzerreißer","Futterzerreißer","ø",4
"Futterzusatzstoff","MASC","Futterzusatzstoff","Futterzusatzstoffe","e",5
"G-Punkt","MASC","G-Punkt","G-Punkte","e",1
"Gäbelchen","NEUT","Gäbelchen","Gäbelchen","ø",3
"Gabelstapler","MASC","Gabelstapler","Gabelstapler","ø",4
"Gaden","MASC","Gaden","Gaden","ø",2
"Gadolinit","MASC","Gadolinit","Gadolinite","e",4
"Gaeltacht","FEM","Gaeltacht","Gaeltachten","en",2
"Gaffer","MASC","Gaffer","Gaffer","ø",2
"Gagel","MASC","Gagel","Gagel","ø",2
"Galaxienhaufen","MASC","Galaxienhaufen","Galaxienhaufen","ø",3
"Galaxiensuperhaufen","MASC","Galaxiensuperhaufen","Galaxiensuperhaufen","ø",5
"Galenit","MASC","Galenit","Galenite","e",3
"Galgant","MASC","Galgant","Galgante","e",2
"Galgen","MASC","Galgen","Galgen","ø",2
"Galicier","MASC","Galicier","Galicier","ø",2
"Galionsfigur","FEM","Galionsfigur","Galionsfiguren","en",4
"Gallan","NEUT","Gallan","Gallane","e",2
"Gallat","NEUT","Gallat","Gallate","e",2
"Gallenblasenentzündung","FEM","Gallenblasenentzündung","Gallenblasenentzündungen","en",7
"Gallenstein","MASC","Gallenstein","Gallensteine","e",2
"Gallert","NEUT","Gallert","Gallerte","e",2
"Galliumarsenidphosphid","NEUT","Galliumarsenidphosphid","Galliumarsenidphosphide","e",7
"Galopp","MASC","Galopp","Galoppe","e",2
"Gamma","NEUT","Gamma","Gammas","s",2
"Gammastrahl","MASC","Gammastrahl","Gammastrahlen","en",3
"Ganeff","MASC","Ganeff","Ganeffe","e",2
"Gänger","MASC","Gänger","Gänger","ø",2
"Gangster","MASC","Gangster","Gangster","ø",2
"Gänschen","NEUT","Gänschen","Gänschen","ø",2
"Gänseblümchen","NEUT","Gänseblümchen","Gänseblümchen","ø",4
"Gänsebraten","MASC","Gänsebraten","Gänsebraten","ø",4
"Gänsefüßchen","NEUT","Gänsefüßchen","Gänsefüßchen","ø",4
"Gänseküken","NEUT","Gänseküken","Gänseküken","ø",4
"Gänserich","MASC","Gänserich","Gänseriche","e",3
"Gänsesäger","MASC","Gänsesäger","Gänsesäger","ø",4
"Gänslein","NEUT","Gänslein","Gänslein","ø",1
"Ganter","MASC","Ganter","Ganter","ø",2
"Garagentor","NEUT","Garagentor","Garagentore","e",4
"Garant","MASC","Garant","Garanten","en",2
"Garbage Collector","MASC","Garbage Collector","Garbage Collectors","s",6
"Gardinenpredigt","FEM","Gardinenpredigt","Gardinenpredigten","en",5
"Gärling","MASC","Gärling","Gärlinge","e",2
"Garn","NEUT","Garn","Garne","e",1
"Gartenhäuschen","NEUT","Gartenhäuschen","Gartenhäuschen","ø",3
"Gartentisch","MASC","Gartentisch","Gartentische","e",3
"Gärtner","MASC","Gärtner","Gärtner","ø",2
"Gas","NEUT","Gas","Gase","e",1
"Gasballon","MASC","Gasballon","Gasballons","s",3
"Gasbeleuchtung","FEM","Gasbeleuchtung","Gasbeleuchtungen","en",3
"Gasgemisch","NEUT","Gasgemisch","Gasgemische","e",3
"Gasmolekül","NEUT","Gasmolekül","Gasmoleküle","e",4
"Gaspedal","NEUT","Gaspedal","Gaspedale","e",3
"Gasplanet","MASC","Gasplanet","Gasplaneten","en",3
"Gässchen","NEUT","Gässchen","Gässchen","ø",2
"Gastarbeiter","MASC","Gastarbeiter","Gastarbeiter","ø",3
"Gästezimmer","NEUT","Gästezimmer","Gästezimmer","ø",4
"Gastgeber","MASC","Gastgeber","Gastgeber","ø",3
"Gaswerk","NEUT","Gaswerk","Gaswerke","e",2
"Gaszähler","MASC","Gaszähler","Gaszähler","ø",3
"Gate","FEM","Gate","Gates","s",2
"Gateway","NEUT","Gateway","Gateways","s",3
"Gatt","NEUT","Gatt","Gatten","en",1
"Gatter","NEUT","Gatter","Gatter","ø",2
"Gattung","FEM","Gattung","Gattungen","en",2
"Gau","MASC","Gau","Gaue","e",0
"Gauch","MASC","Gauch","Gauche","e",0
"Gauchheil","MASC","Gauchheil","Gauchheile","e",0
"Gaugraf","MASC","Gaugraf","Gaugrafen","en",1
"Gaukler","MASC","Gaukler","Gaukler","ø",1
"Gauleiter","MASC","Gauleiter","Gauleiter","ø",1
"Gaumen","MASC","Gaumen","Gaumen","ø",1
"Gaumenlaut","MASC","Gaumenlaut","Gaumenlaute","e",1
"Gaumensegel","NEUT","Gaumensegel","Gaumensegel","ø",3
"Gaumensegellaut","MASC","Gaumensegellaut","Gaumensegellaute","e",3
"Gauner","MASC","Gauner","Gauner","ø",1
"Gaunerei","FEM","Gaunerei","Gaunereien","en",1
"Geäfter","NEUT","Geäfter","Geäfter","ø",2
"Geäse","NEUT","Geäse","Geäse","ø",2
"Geäst","NEUT","Geäst","Geäste","e",1
"Gebäck","NEUT","Gebäck","Gebäcke","e",2
"Gebälk","NEUT","Gebälk","Gebälke","e",2
"Gebäu","NEUT","Gebäu","Gebäue","e",1
"Gebäude","NEUT","Gebäude","Gebäude","ø",2
"Geber","MASC","Geber","Geber","ø",2
"Gebet","NEUT","Gebet","Gebete","e",2
"Gebetsteppich","MASC","Gebetsteppich","Gebetsteppiche","e",4
"Gebiet","NEUT","Gebiet","Gebiete","e",1
"Gebieter","MASC","Gebieter","Gebieter","ø",2
"Gebietshoheit","FEM","Gebietshoheit","Gebietshoheiten","en",2
"Gebilde","NEUT","Gebilde","Gebilde","ø",3
"Gebinde","NEUT","Gebinde","Gebinde","ø",3
"Gebirge","NEUT","Gebirge","Gebirge","ø",3
"Gebirgswels","MASC","Gebirgswels","Gebirgswelse","e",3
"Gebiss","NEUT","Gebiss","Gebisse","e",2
"Gebläse","NEUT","Gebläse","Gebläse","ø",3
"Gebot","NEUT","Gebot","Gebote","e",2
"Gebrauchsanweisung","FEM","Gebrauchsanweisung","Gebrauchsanweisungen","en",3
"Gebrauchtwagen","MASC","Gebrauchtwagen","Gebrauchtwagen","ø",3
"Gebrauchtwagenhändler","MASC","Gebrauchtwagenhändler","Gebrauchtwagenhändler","ø",5
"Gebrechen","NEUT","Gebrechen","Gebrechen","ø",3
"Gebresten","NEUT","Gebresten","Gebresten","ø",3
"Gebühr","MASC","Gebühr","Gebühren","en",2
"Geburtshelfer","MASC","Geburtshelfer","Geburtshelfer","ø",4
"Geburtsjahr","NEUT","Geburtsjahr","Geburtsjahre","e",3
"Geburtsort","MASC","Geburtsort","Geburtsorte","e",3
"Geburtstag","MASC","Geburtstag","Geburtstage","e",3
"Geburtstagsfeier","FEM","Geburtstagsfeier","Geburtstagsfeier","ø",4
"Geburtstagsgeschenk","NEUT","Geburtstagsgeschenk","Geburtstagsgeschenke","e",5
"Geburtstagskind","NEUT","Geburtstagskind","Geburtstagskinder","er",4
"Gebüsch","NEUT","Gebüsch","Gebüsche","e",2
"Geck","MASC","Geck","Gecken","en",1
"Gecko","MASC","Gecko","Geckos","s",2
"Gedächtnisprotokoll","NEUT","Gedächtnisprotokoll","Gedächtnisprotokolle","e",6
"Gedankenblitz","MASC","Gedankenblitz","Gedankenblitze","e",4
"Gedankenspiel","NEUT","Gedankenspiel","Gedankenspiele","e",3
"Gedankenwelt","FEM","Gedankenwelt","Gedankenwelten","en",4
"Gedärm","NEUT","Gedärm","Gedärme","e",2
"Gedeck","NEUT","Gedeck","Gedecke","e",2
"Gedenktag","MASC","Gedenktag","Gedenktage","e",3
"Gedicht","NEUT","Gedicht","Gedichte","e",2
"Gedränge","NEUT","Gedränge","Gedränge","ø",3
"Geduldsspiel","NEUT","Geduldsspiel","Geduldsspiele","e",2
"Geek","MASC","Geek","Geeks","s",1
"Gefahrensymbol","NEUT","Gefahrensymbol","Gefahrensymbole","e",5
"Gefährt","NEUT","Gefährt","Gefährte","e",2
"Gefälle","NEUT","Gefälle","Gefälle","ø",3
"Gefallen","MASC","Gefallen","Gefallen","ø",3
"Gefangenenlager","NEUT","Gefangenenlager","Gefangenenlager","ø",6
"Gefangenenwärter","MASC","Gefangenenwärter","Gefangenenwärter","ø",6
"Gefangenschaft","FEM","Gefangenschaft","Gefangenschaften","en",4
"Gefängniswärter","MASC","Gefängniswärter","Gefängniswärter","ø",5
"Gefäss","NEUT","Gefäss","Gefässe","e",2
"Gefäß","NEUT","Gefäß","Gefäße","e",2
"Gefäßentzündung","FEM","Gefäßentzündung","Gefäßentzündungen","en",5
"Gefäßfunktion","FEM","Gefäßfunktion","Gefäßfunktionen","en",4
"Gefecht","NEUT","Gefecht","Gefechte","e",2
"Gefieder","NEUT","Gefieder","Gefieder","ø",2
"Gefilde","NEUT","Gefilde","Gefilde","ø",3
"Geflecht","NEUT","Geflecht","Geflechte","e",2
"Geflecktheit","FEM","Geflecktheit","Geflecktheiten","en",2
"Geflügel","NEUT","Geflügel","Geflügel","ø",3
"Geflügelzucht","FEM","Geflügelzucht","Geflügelzuchten","en",4
"Gefolge","NEUT","Gefolge","Gefolge","ø",3
"Gefrierbeutel","MASC","Gefrierbeutel","Gefrierbeutel","ø",2
"Gefrierpunkt","MASC","Gefrierpunkt","Gefrierpunkte","e",2
"Gefüge","NEUT","Gefüge","Gefüge","ø",3
"Gefühl","NEUT","Gefühl","Gefühle","e",2
"Gefühlsduselei","FEM","Gefühlsduselei","Gefühlsduseleien","en",4
"Gefühlsmensch","MASC","Gefühlsmensch","Gefühlsmenschen","en",3
"Gefühlsregung","FEM","Gefühlsregung","Gefühlsregungen","en",4
"Gegebenheit","FEM","Gegebenheit","Gegebenheiten","en",3
"Gegenbeschuldigung","FEM","Gegenbeschuldigung","Gegenbeschuldigungen","en",6
"Gegengeschenk","NEUT","Gegengeschenk","Gegengeschenke","e",4
"Gegengift","NEUT","Gegengift","Gegengifte","e",3
"Gegenleistung","FEM","Gegenleistung","Gegenleistungen","en",3
"Gegenmittel","NEUT","Gegenmittel","Gegenmittel","ø",4
"Gegenpart","MASC","Gegenpart","Gegenparte","e",3
"Gegenpol","MASC","Gegenpol","Gegenpole","e",3
"Gegenrichtung","FEM","Gegenrichtung","Gegenrichtungen","en",4
"Gegenseitigkeit","FEM","Gegenseitigkeit","Gegenseitigkeiten","en",3
"Gegensinn","MASC","Gegensinn","Gegensinne","e",3
"Gegenspieler","MASC","Gegenspieler","Gegenspieler","ø",3
"Gegenteil","NEUT","Gegenteil","Gegenteile","e",2
"Gegenzeichnung","FEM","Gegenzeichnung","Gegenzeichnungen","en",3
"Gegner","MASC","Gegner","Gegner","ø",2
"Gehaltscheck","MASC","Gehaltscheck","Gehaltschecks","s",3
"Gehaltsverrechner","MASC","Gehaltsverrechner","Gehaltsverrechner","ø",5
"Gehäuse","NEUT","Gehäuse","Gehäuse","ø",2
"Gehege","NEUT","Gehege","Gehege","ø",3
"Geheimagent","MASC","Geheimagent","Geheimagenten","en",3
"Geheimcode","MASC","Geheimcode","Geheimcodes","s",3
"Geheimdienst","MASC","Geheimdienst","Geheimdienste","e",1
"Geheimfavorit","MASC","Geheimfavorit","Geheimfavoriten","en",4
"Geheimschrift","FEM","Geheimschrift","Geheimschriften","en",2
"Geheimtipp","MASC","Geheimtipp","Geheimtipp","ø",2
"Gehirn","NEUT","Gehirn","Gehirne","e",2
"Gehirnchen","NEUT","Gehirnchen","Gehirnchen","ø",3
"Gehirnlein","NEUT","Gehirnlein","Gehirnlein","ø",2
"Gehöft","NEUT","Gehöft","Gehöfte","e",2
"Gehölz","NEUT","Gehölz","Gehölze","e",2
"Gehörn","NEUT","Gehörn","Gehörne","e",2
"Gehörsinn","MASC","Gehörsinn","Gehörsinne","e",3
"Gehrung","FEM","Gehrung","Gehrungen","en",2
"Gehweg","MASC","Gehweg","Gehwege","e",2
"Geier","MASC","Geier","Geier","ø",1
"Geigenbauer","MASC","Geigenbauer","Geigenbauer","ø",2
"Geigenspiel","NEUT","Geigenspiel","Geigenspiele","e",1
"Geigenspieler","MASC","Geigenspieler","Geigenspieler","ø",2
"Geiger","MASC","Geiger","Geiger","ø",1
"Geigerzähler","MASC","Geigerzähler","Geigerzähler","ø",3
"Geiselnehmer","MASC","Geiselnehmer","Geiselnehmer","ø",3
"Geiser","MASC","Geiser","Geiser","ø",1
"Geiß","FEM","Geiß","Geißen","en",0
"Geißblattgewächs","NEUT","Geißblattgewächs","Geißblattgewächse","e",3
"Geißlein","NEUT","Geißlein","Geißlein","ø",0
"Geist","MASC","Geist","Geister","er",0
"Geisterbahn","FEM","Geisterbahn","Geisterbahnen","en",2
"Geisterfahrer","MASC","Geisterfahrer","Geisterfahrer","ø",3
"Geisterschiff","NEUT","Geisterschiff","Geisterschiffe","e",2
"Geisterspiel","NEUT","Geisterspiel","Geisterspiele","e",1
"Geisteswissenschaftler","MASC","Geisteswissenschaftler","Geisteswissenschaftler","ø",5
"Geiz","MASC","Geiz","Geize","e",0
"Geizkragen","MASC","Geizkragen","Geizkragen","ø",2
"Gekröse","NEUT","Gekröse","Gekröse","ø",3
"Gel","NEUT","Gel","Gele","e",1
"Gelächter","NEUT","Gelächter","Gelächter","ø",3
"Gelage","NEUT","Gelage","Gelage","ø",3
"Gelände","NEUT","Gelände","Gelände","ø",3
"Geländer","NEUT","Geländer","Geländer","ø",3
"Geländewagen","MASC","Geländewagen","Geländewagen","ø",5
"Gelass","NEUT","Gelass","Gelasse","e",2
"Geläut","NEUT","Geläut","Geläute","e",1
"Gelb","NEUT","Gelb","Gelbs","s",1
"Gelbaugenpinguin","MASC","Gelbaugenpinguin","Gelbaugenpinguine","e",4
"Gelbbleierz","NEUT","Gelbbleierz","Gelbbleierz","ø",2
"Gelbstoff","MASC","Gelbstoff","Gelbstoffe","e",2
"Geld","NEUT","Geld","Gelder","er",1
"Geldautomat","MASC","Geldautomat","Geldautomaten","en",3
"Geldbeutel","MASC","Geldbeutel","Geldbeutel","ø",2
"Geldgeber","MASC","Geldgeber","Geldgeber","ø",3
"Geldmittel","NEUT","Geldmittel","Geldmittel","ø",3
"Geldschein","MASC","Geldschein","Geldscheine","e",1
"Geldscheinbündel","NEUT","Geldscheinbündel","Geldscheinbündel","ø",3
"Geldstück","NEUT","Geldstück","Geldstücke","e",2
"Geldwäscher","MASC","Geldwäscher","Geldwäscher","ø",3
"Geldwäscherei","FEM","Geldwäscherei","Geldwäschereien","en",3
"Geldwechsler","MASC","Geldwechsler","Geldwechsler","ø",3
"Gelege","NEUT","Gelege","Gelege","ø",3
"Gelegenheitsarbeiter","MASC","Gelegenheitsarbeiter","Gelegenheitsarbeiter","ø",5
"Gelegenheitsbildung","FEM","Gelegenheitsbildung","Gelegenheitsbildungen","en",5
"Geleise","NEUT","Geleise","Geleise","ø",2
"Geleit","NEUT","Geleit","Geleite","e",1
"Gelenk","NEUT","Gelenk","Gelenke","e",2
"Gelenkschmerz","MASC","Gelenkschmerz","Gelenkschmerzen","en",3
"Gelichter","NEUT","Gelichter","Gelichter","ø",3
"Gelsenkirchener","MASC","Gelsenkirchener","Gelsenkirchener","ø",5
"Gelübde","NEUT","Gelübde","Gelübde","ø",3
"Gemächt","NEUT","Gemächt","Gemächte","e",2
"Gemahl","MASC","Gemahl","Gemahle","e",2
"Gemälde","NEUT","Gemälde","Gemälde","ø",3
"Gemeindeverwaltung","FEM","Gemeindeverwaltung","Gemeindeverwaltungen","en",5
"Gemeinschaft","FEM","Gemeinschaft","Gemeinschaften","en",2
"Gemeinschaftsgefühl","NEUT","Gemeinschaftsgefühl","Gemeinschaftsgefühle","e",4
"Gemeinwesen","NEUT","Gemeinwesen","Gemeinwesen","ø",3
"Gemenge","NEUT","Gemenge","Gemenge","ø",3
"Gemengsel","NEUT","Gemengsel","Gemengsel","ø",3
"Gemetzel","NEUT","Gemetzel","Gemetzel","ø",3
"Gemination","FEM","Gemination","Geminationen","en",4
"Gemisch","NEUT","Gemisch","Gemische","e",2
"Gemüse","NEUT","Gemüse","Gemüse","ø",3
"Gemüsegeschäft","NEUT","Gemüsegeschäft","Gemüsegeschäfte","e",5
"Gemüsehändler","MASC","Gemüsehändler","Gemüsehändler","ø",5
"Gemüselöffel","MASC","Gemüselöffel","Gemüselöffel","ø",5
"Gemüsemesser","NEUT","Gemüsemesser","Gemüsemesser","ø",5
"Gemüt","NEUT","Gemüt","Gemüter","er",2
"Gen","NEUT","Gen","Gene","e",1
"Gendarm","MASC","Gendarm","Gendarmen","en",2
"Genehmigung","FEM","Genehmigung","Genehmigungen","en",4
"Generaladmiral","MASC","Generaladmiral","Generaladmirale","e",6
"Generalgouverneur","MASC","Generalgouverneur","Generalgouverneure","e",5
"Generalität","FEM","Generalität","Generalitäten","en",5
"Generalmobilmachung","FEM","Generalmobilmachung","Generalmobilmachungen","en",7
"Generaloberst","MASC","Generaloberst","Generaloberste","e",5
"Generalsekretär","MASC","Generalsekretär","Generalsekretäre","e",6
"Generalstreik","MASC","Generalstreik","Generalstreiks","s",3
"Generation","FEM","Generation","Generationen","en",4
"Generationenkonflikt","MASC","Generationenkonflikt","Generationenkonflikte","e",7
"Generator","MASC","Generator","Generatoren","en",4
"Generierung","FEM","Generierung","Generierungen","en",3
"Genesung","FEM","Genesung","Genesungen","en",3
"Genetiker","MASC","Genetiker","Genetiker","ø",4
"Genfer","MASC","Genfer","Genfer","ø",2
"Genick","NEUT","Genick","Genicke","e",2
"Genie","NEUT","Genie","Genies","s",1
"Genießer","MASC","Genießer","Genießer","ø",2
"Geniestreich","MASC","Geniestreich","Geniestreiche","e",1
"Genist","NEUT","Genist","Geniste","e",2
"Genitalverstümmelung","FEM","Genitalverstümmelung","Genitalverstümmelungen","en",7
"Genitiv","MASC","Genitiv","Genitive","e",3
"Genkinit","MASC","Genkinit","Genkinite","e",3
"Genre","NEUT","Genre","Genres","s",2
"Gentest","MASC","Gentest","Gentests","s",2
"Genugtuung","FEM","Genugtuung","Genugtuungen","en",3
"Geograf","MASC","Geograf","Geografen","en",2
"Geograph","MASC","Geograph","Geographen","en",2
"Gepäckträger","MASC","Gepäckträger","Gepäckträger","ø",4
"Gepard","MASC","Gepard","Geparde","e",2
"Geplänkel","NEUT","Geplänkel","Geplänkel","ø",3
"Ger","MASC","Ger","Gere","e",1
"Gerät","NEUT","Gerät","Geräte","e",2
"Gerätschaft","FEM","Gerätschaft","Gerätschaften","en",3
"Geräusch","NEUT","Geräusch","Geräusche","e",1
"Geräuschemacher","MASC","Geräuschemacher","Geräuschemacher","ø",4
"Gerber","MASC","Gerber","Gerber","ø",2
"Gerechtigkeit","FEM","Gerechtigkeit","Gerechtigkeiten","en",3
"Gericht","NEUT","Gericht","Gerichte","e",2
"Gerichtsbarkeit","FEM","Gerichtsbarkeit","Gerichtsbarkeiten","en",3
"Gerichtsentscheidung","FEM","Gerichtsentscheidung","Gerichtsentscheidungen","en",4
"Gerichtsurteil","NEUT","Gerichtsurteil","Gerichtsurteile","e",3
"Gerichtsverfahren","NEUT","Gerichtsverfahren","Gerichtsverfahren","ø",5
"Gerichtsvollzieher","MASC","Gerichtsvollzieher","Gerichtsvollzieher","ø",4
"Geringverdiener","MASC","Geringverdiener","Geringverdiener","ø",4
"Gerinnsel","NEUT","Gerinnsel","Gerinnsel","ø",3
"Gerippe","NEUT","Gerippe","Gerippe","ø",3
"German","NEUT","German","Germane","e",2
"Germanat","NEUT","Germanat","Germanate","e",3
"Germanist","MASC","Germanist","Germanisten","en",3
"Germaniumerz","NEUT","Germaniumerz","Germaniumerze","e",4
"Gernegroß","MASC","Gernegroß","Gernegroße","e",3
"Geröll","NEUT","Geröll","Gerölle","e",2
"Gersdorffit","MASC","Gersdorffit","Gersdorffite","e",3
"Geruchsschwellenwert","MASC","Geruchsschwellenwert","Geruchsschwellenwerte","e",5
"Geruchssinn","MASC","Geruchssinn","Geruchssinne","e",3
"Geruchsstoff","MASC","Geruchsstoff","Geruchsstoffe","e",3
"Gerücht","NEUT","Gerücht","Gerüchte","e",2
"Gerüst","NEUT","Gerüst","Gerüste","e",2
"Gesamtbild","NEUT","Gesamtbild","Gesamtbilder","er",3
"Gesamtgebiet","NEUT","Gesamtgebiet","Gesamtgebiete","e",3
"Gesamtgehalt","NEUT","Gesamtgehalt","Gesamtgehalte","e",4
"Gesamtjahr","NEUT","Gesamtjahr","Gesamtjahre","e",3
"Gesamtkunstwerk","NEUT","Gesamtkunstwerk","Gesamtkunstwerke","e",4
"Gesamtmasse","FEM","Gesamtmasse","Gesamtmasse","ø",4
"Gesamtstickstoffgehalt","MASC","Gesamtstickstoffgehalt","Gesamtstickstoffgehalte","e",6
"Gesamtsystem","NEUT","Gesamtsystem","Gesamtsysteme","e",4
"Gesamtzahl","FEM","Gesamtzahl","Gesamtzahlen","en",3
"Gesandtschaft","FEM","Gesandtschaft","Gesandtschaften","en",3
"Gesangslehrer","MASC","Gesangslehrer","Gesangslehrer","ø",4
"Gesangsverbot","NEUT","Gesangsverbot","Gesangsverbote","e",4
"Gesangsverein","MASC","Gesangsverein","Gesangsvereine","e",3
"Gesäss","NEUT","Gesäss","Gesässe","e",2
"Gesäß","NEUT","Gesäß","Gesäße","e",2
"Geschäft","NEUT","Geschäft","Geschäfte","e",2
"Geschäftigkeit","FEM","Geschäftigkeit","Geschäftigkeiten","en",3
"Geschäftsbereich","MASC","Geschäftsbereich","Geschäftsbereiche","e",3
"Geschäftsfrau","FEM","Geschäftsfrau","Geschäftsfrauen","en",2
"Geschäftsführer","MASC","Geschäftsführer","Geschäftsführer","ø",4
"Geschäftsjahr","NEUT","Geschäftsjahr","Geschäftsjahre","e",3
"Geschäftsmodell","NEUT","Geschäftsmodell","Geschäftsmodelle","e",4
"Geschäftsträger","MASC","Geschäftsträger","Geschäftsträger","ø",4
"Geschäftsviertel","NEUT","Geschäftsviertel","Geschäftsviertel","ø",3
"Geschehen","NEUT","Geschehen","Geschehen","ø",3
"Geschenk","NEUT","Geschenk","Geschenke","e",2
"Geschichtenerzähler","MASC","Geschichtenerzähler","Geschichtenerzähler","ø",6
"Geschick","NEUT","Geschick","Geschicke","e",2
"Geschirr","NEUT","Geschirr","Geschirre","e",2
"Geschirrspüler","MASC","Geschirrspüler","Geschirrspüler","ø",4
"Geschlecht","NEUT","Geschlecht","Geschlechter","er",2
"Geschlechterforschung","FEM","Geschlechterforschung","Geschlechterforschungen","en",5
"Geschlechtsidentität","FEM","Geschlechtsidentität","Geschlechtsidentitäten","en",6
"Geschlechtsidentitätsstörung","FEM","Geschlechtsidentitätsstörung","Geschlechtsidentitätsstörungen","en",8
"Geschlechtskrankheit","FEM","Geschlechtskrankheit","Geschlechtskrankheiten","en",3
"Geschlechtsorgan","NEUT","Geschlechtsorgan","Geschlechtsorgane","e",4
"Geschlechtsverkehr","MASC","Geschlechtsverkehr","Geschlechtsverkehre","e",4
"Geschmacksrichtung","FEM","Geschmacksrichtung","Geschmacksrichtungen","en",4
"Geschmackssinn","MASC","Geschmackssinn","Geschmackssinne","e",3
"Geschmacksstoff","MASC","Geschmacksstoff","Geschmacksstoffe","e",3
"Geschmeide","NEUT","Geschmeide","Geschmeide","ø",2
"Geschöpf","NEUT","Geschöpf","Geschöpfe","e",2
"Geschoss","NEUT","Geschoss","Geschosse","e",2
"Geschütz","NEUT","Geschütz","Geschütze","e",2
"Geschwader","NEUT","Geschwader","Geschwader","ø",3
"Geschwindigkeit","FEM","Geschwindigkeit","Geschwindigkeiten","en",3
"Geschwindigkeitsbegrenzung","FEM","Geschwindigkeitsbegrenzung","Geschwindigkeitsbegrenzungen","en",6
"Geschwindigkeitsmesser","MASC","Geschwindigkeitsmesser","Geschwindigkeitsmesser","ø",5
"Geschwister","NEUT","Geschwister","Geschwister","ø",3
"Geschwisterkind","NEUT","Geschwisterkind","Geschwisterkinder","er",4
"Geschwollenheit","FEM","Geschwollenheit","Geschwollenheiten","en",3
"Geschwür","NEUT","Geschwür","Geschwüre","e",2
"Gesell","MASC","Gesell","Gesellen","en",2
"Gesellschafter","MASC","Gesellschafter","Gesellschafter","ø",4
"Gesetz","NEUT","Gesetz","Gesetze","e",2
"Gesetzesbrecher","MASC","Gesetzesbrecher","Gesetzesbrecher","ø",5
"Gesetzeshüter","MASC","Gesetzeshüter","Gesetzeshüter","ø",5
"Gesetzesübertretung","FEM","Gesetzesübertretung","Gesetzesübertretungen","en",7
"Gesetzeswidrigkeit","FEM","Gesetzeswidrigkeit","Gesetzeswidrigkeiten","en",5
"Gesetzgeber","MASC","Gesetzgeber","Gesetzgeber","ø",4
"Gesetzwidrigkeit","FEM","Gesetzwidrigkeit","Gesetzwidrigkeiten","en",4
"Gesicht","NEUT","Gesicht","Gesichter","er",2
"Gesichtchen","NEUT","Gesichtchen","Gesichtchen","ø",3
"Gesichtlein","NEUT","Gesichtlein","Gesichtlein","ø",2
"Gesichtserker","MASC","Gesichtserker","Gesichtserker","ø",4
"Gesichtskreis","MASC","Gesichtskreis","Gesichtskreise","e",2
"Gesichtspunkt","MASC","Gesichtspunkt","Gesichtspunkte","e",3
"Gesichtsschleier","MASC","Gesichtsschleier","Gesichtsschleier","ø",3
"Gesims","NEUT","Gesims","Gesimse","e",2
"Gesinde","NEUT","Gesinde","Gesinde","ø",3
"Gesittung","FEM","Gesittung","Gesittungen","en",3
"Gespan","MASC","Gespan","Gespane","e",2
"Gespann","MASC","Gespann","Gespanne","e",2
"Gespenst","NEUT","Gespenst","Gespenster","er",2
"Gespinst","NEUT","Gespinst","Gespinste","e",2
"Gespräch","NEUT","Gespräch","Gespräche","e",2
"Gesprächspartikel","MASC","Gesprächspartikel","Gesprächspartikel","ø",5
"Gesprächspartner","MASC","Gesprächspartner","Gesprächspartner","ø",4
"Gestade","NEUT","Gestade","Gestade","ø",3
"Gestalt","FEM","Gestalt","Gestalten","en",2
"Gestalter","MASC","Gestalter","Gestalter","ø",3
"Gestaltung","FEM","Gestaltung","Gestaltungen","en",3
"Gestaltwandler","MASC","Gestaltwandler","Gestaltwandler","ø",4
"Gestatter","MASC","Gestatter","Gestatter","ø",3
"Gestein","NEUT","Gestein","Gesteine","e",1
"Gestell","NEUT","Gestell","Gestelle","e",2
"Gestirn","NEUT","Gestirn","Gestirne","e",2
"Gestöber","NEUT","Gestöber","Gestöber","ø",3
"Gesträuch","NEUT","Gesträuch","Gesträuche","e",1
"Gestrüpp","NEUT","Gestrüpp","Gestrüppe","e",2
"Gestühl","NEUT","Gestühl","Gestühle","e",2
"Gestüt","NEUT","Gestüt","Gestüte","e",2
"Gesuch","NEUT","Gesuch","Gesuche","e",2
"Gesundheitspolitik","FEM","Gesundheitspolitik","Gesundheitspolitiken","en",5
"Gesundheitssystem","NEUT","Gesundheitssystem","Gesundheitssysteme","e",4
"Getränk","NEUT","Getränk","Getränke","e",2
"Getreide","NEUT","Getreide","Getreide","ø",2
"Getreidetrocknung","FEM","Getreidetrocknung","Getreidetrocknungen","en",4
"Getriebe","NEUT","Getriebe","Getriebe","ø",2
"Getter","MASC","Getter","Getter","ø",2
"Gettermetall","NEUT","Gettermetall","Gettermetalle","e",4
"Getto","NEUT","Getto","Gettos","s",2
"Getümmel","NEUT","Getümmel","Getümmel","ø",3
"Gevatter","MASC","Gevatter","Gevatter","ø",3
"Geviert","NEUT","Geviert","Gevierte","e",1
"Gewächs","NEUT","Gewächs","Gewächse","e",2
"Gewahrsam","MASC","Gewahrsam","Gewahrsame","e",3
"Gewalt","FEM","Gewalt","Gewalten","en",2
"Gewalttäter","MASC","Gewalttäter","Gewalttäter","ø",4
"Gewalttätigkeit","FEM","Gewalttätigkeit","Gewalttätigkeiten","en",4
"Gewässer","NEUT","Gewässer","Gewässer","ø",3
"Gewebe","NEUT","Gewebe","Gewebe","ø",3
"Gewebestoff","MASC","Gewebestoff","Gewebestoffe","e",4
"Gewehr","NEUT","Gewehr","Gewehre","e",2
"Gewehrkolben","MASC","Gewehrkolben","Gewehrkolben","ø",4
"Geweih","NEUT","Geweih","Geweihe","e",1
"Gewerbe","NEUT","Gewerbe","Gewerbe","ø",3
"Gewerk","NEUT","Gewerk","Gewerke","e",2
"Gewicht","NEUT","Gewicht","Gewichte","e",2
"Gewichtheber","MASC","Gewichtheber","Gewichtheber","ø",4
"Gewichtsanteil","MASC","Gewichtsanteil","Gewichtsanteile","e",3
"Gewichtseinheit","FEM","Gewichtseinheit","Gewichtseinheiten","en",2
"Gewichtsprozent","NEUT","Gewichtsprozent","Gewichtsprozente","e",4
"Gewichtsverlust","MASC","Gewichtsverlust","Gewichtsverluste","e",4
"Gewinde","NEUT","Gewinde","Gewinde","ø",3
"Gewindestift","MASC","Gewindestift","Gewindestifte","e",4
"Gewinn","MASC","Gewinn","Gewinne","e",2
"Gewinner","MASC","Gewinner","Gewinner","ø",3
"Gewinnler","MASC","Gewinnler","Gewinnler","ø",3
"Gewinnspiel","NEUT","Gewinnspiel","Gewinnspiele","e",2
"Gewinnung","FEM","Gewinnung","Gewinnungen","en",3
"Gewirk","NEUT","Gewirk","Gewirke","e",2
"Gewissen","NEUT","Gewissen","Gewissen","ø",3
"Gewissensbiss","MASC","Gewissensbiss","Gewissensbisse","e",4
"Gewitter","NEUT","Gewitter","Gewitter","ø",3
"Gewohnheit","FEM","Gewohnheit","Gewohnheiten","en",2
"Gewohnheitsrecht","NEUT","Gewohnheitsrecht","Gewohnheitsrechte","e",3
"Gewohnheitstier","NEUT","Gewohnheitstier","Gewohnheitstiere","e",2
"Gewölbe","NEUT","Gewölbe","Gewölbe","ø",3
"Gewölk","NEUT","Gewölk","Gewölke","e",2
"Gewürm","NEUT","Gewürm","Gewürme","e",2
"Gewürz","NEUT","Gewürz","Gewürze","e",2
"Gewürzhändler","MASC","Gewürzhändler","Gewürzhändler","ø",4
"Geysir","MASC","Geysir","Geysire","e",2
"Gezähe","NEUT","Gezähe","Gezähe","ø",3
"Gezeit","FEM","Gezeit","Gezeiten","en",1
"Gezelt","NEUT","Gezelt","Gezelte","e",2
"Gezücht","NEUT","Gezücht","Gezüchte","e",2
"Ghanaer","MASC","Ghanaer","Ghanaer","ø",2
"Ghetto","NEUT","Ghetto","Ghettos","s",2
"Ghostwriter","MASC","Ghostwriter","Ghostwriter","ø",3
"Giebel","MASC","Giebel","Giebel","ø",1
"GIF","NEUT","GIF","GIFs","s",1
"Gift","FEM","Gift","Gifte","e",1
"Giftgas","NEUT","Giftgas","Giftgase","e",2
"Giftmord","MASC","Giftmord","Giftmorde","e",2
"Gigant","MASC","Gigant","Giganten","en",2
"Gigapascal","MASC","Gigapascal","Gigapascal","ø",4
"Gigawatt","NEUT","Gigawatt","Gigawatt","ø",3
"Gilbhart","MASC","Gilbhart","Gilbhart","ø",2
"Gimpel","MASC","Gimpel","Gimpel","ø",2
"Ginkgo","MASC","Ginkgo","Ginkgos","s",2
"Ginko","MASC","Ginko","Ginkos","s",2
"Ginster","MASC","Ginster","Ginster","ø",2
"Gipfel","MASC","Gipfel","Gipfel","ø",2
"Gipfeli","NEUT","Gipfeli","Gipfeli","ø",3
"Gipfeltreffen","NEUT","Gipfeltreffen","Gipfeltreffen","ø",4
"Gips","MASC","Gips","Gipse","e",1
"Girant","MASC","Girant","Giranten","en",2
"Girl","NEUT","Girl","Girls","s",1
"Girlitz","MASC","Girlitz","Girlitze","e",2
"Gischt","MASC","Gischt","Gischten","en",1
"Gitarrenbauer","MASC","Gitarrenbauer","Gitarrenbauer","ø",4
"Gitarrenkonzert","NEUT","Gitarrenkonzert","Gitarrenkonzerte","e",5
"Gitarrenspiel","NEUT","Gitarrenspiel","Gitarrenspiele","e",3
"Gitarrenspieler","MASC","Gitarrenspieler","Gitarrenspieler","ø",4
"Gitarrist","MASC","Gitarrist","Gitarristen","en",3
"Gitter","NEUT","Gitter","Gitter","ø",2
"Gitterdefekt","MASC","Gitterdefekt","Gitterdefekte","e",4
"Gladiator","MASC","Gladiator","Gladiatoren","en",3
"Glasbläser","MASC","Glasbläser","Glasbläser","ø",3
"Glasbläserei","FEM","Glasbläserei","Glasbläsereien","en",3
"Gläschen","NEUT","Gläschen","Gläschen","ø",2
"Glasdeckel","MASC","Glasdeckel","Glasdeckel","ø",3
"Glasgefäß","NEUT","Glasgefäß","Glasgefäße","e",3
"Glasgerät","NEUT","Glasgerät","Glasgeräte","e",3
"Glasharmonika","FEM","Glasharmonika","Glasharmonikas","s",5
"Glaskolben","MASC","Glaskolben","Glaskolbene","e",3
"Glaskörper","MASC","Glaskörper","Glaskörper","ø",3
"Gläslein","NEUT","Gläslein","Gläslein","ø",1
"Glasmacher","MASC","Glasmacher","Glasmacher","ø",3
"Glasspiegel","MASC","Glasspiegel","Glasspiegel","ø",2
"Glätteisen","NEUT","Glätteisen","Glätteisen","ø",2
"Glaubensartikel","MASC","Glaubensartikel","Glaubensartikel","ø",4
"Gläubiger","MASC","Gläubiger","Gläubiger","ø",2
"Glaukophan","MASC","Glaukophan","Glaukophane","e",2
"Gleichbehandlung","FEM","Gleichbehandlung","Gleichbehandlungen","en",3
"Gleichgewicht","NEUT","Gleichgewicht","Gleichgewichte","e",2
"Gleichheitsrecht","NEUT","Gleichheitsrecht","Gleichheitsrechte","e",1
"Gleichheitszeichen","NEUT","Gleichheitszeichen","Gleichheitszeichen","ø",1
"Gleichrichter","MASC","Gleichrichter","Gleichrichter","ø",2
"Gleichschaltung","FEM","Gleichschaltung","Gleichschaltungen","en",2
"Gleis","NEUT","Gleis","Gleise","e",0
"Gleisner","MASC","Gleisner","Gleisner","ø",1
"Gleitbeutler","MASC","Gleitbeutler","Gleitbeutler","ø",1
"Gleiter","MASC","Gleiter","Gleiter","ø",1
"Gleithörnchen","NEUT","Gleithörnchen","Gleithörnchen","ø",2
"Gleitkomma","NEUT","Gleitkomma","Gleitkommas","s",2
"Gleitlager","NEUT","Gleitlager","Gleitlager","ø",2
"Gleitlaut","MASC","Gleitlaut","Gleitlaute","e",0
"Glencheck","MASC","Glencheck","Glenchecks","s",2
"Gletscher","MASC","Gletscher","Gletscher","ø",2
"Glied","NEUT","Glied","Glieder","er",0
"Gliederfüßer","MASC","Gliederfüßer","Gliederfüßer","ø",3
"Gliederschmerz","MASC","Gliederschmerz","Gliederschmerzen","en",2
"Gliedstaat","MASC","Gliedstaat","Gliedstaaten","en",1
"Glimmer","MASC","Glimmer","Glimmer","ø",2
"Gliom","NEUT","Gliom","Gliome","e",1
"Globin","NEUT","Globin","Globine","e",2
"Globulin","NEUT","Globulin","Globuline","e",3
"Glöckchen","NEUT","Glöckchen","Glöckchen","ø",2
"Glockengießer","MASC","Glockengießer","Glockengießer","ø",3
"Glockenspiel","NEUT","Glockenspiel","Glockenspiele","e",2
"Glöckner","MASC","Glöckner","Glöckner","ø",2
"Glossar","NEUT","Glossar","Glossare","e",2
"Glossierung","FEM","Glossierung","Glossierungen","en",2
"Glottal","MASC","Glottal","Glottale","e",2
"Glücklichkeit","FEM","Glücklichkeit","Glücklichkeiten","en",2
"Glücksbringer","MASC","Glücksbringer","Glücksbringer","ø",3
"Glückseligkeit","FEM","Glückseligkeit","Glückseligkeiten","en",3
"Glücksgefühl","NEUT","Glücksgefühl","Glücksgefühle","e",3
"Glücksgriff","MASC","Glücksgriff","Glücksgriffe","e",2
"Glückskeks","MASC","Glückskeks","Glückskeks","ø",2
"Glückskind","NEUT","Glückskind","Glückskinder","er",2
"Glückspilz","MASC","Glückspilz","Glückspilze","e",2
"Glücksritter","MASC","Glücksritter","Glücksritter","ø",3
"Glücksspiel","NEUT","Glücksspiel","Glücksspiele","e",1
"Glücksspieler","MASC","Glücksspieler","Glücksspieler","ø",2
"Glückstag","MASC","Glückstag","Glückstage","e",2
"Glühfaden","MASC","Glühfaden","Glühfaden","ø",3
"Glühröhrchen","NEUT","Glühröhrchen","Glühröhrchen","ø",3
"Glühwein","MASC","Glühwein","Glühweine","e",1
"Glühwürmchen","NEUT","Glühwürmchen","Glühwürmchen","ø",3
"Glut","FEM","Glut","Gluten","en",1
"Glutamat","NEUT","Glutamat","Glutamate","e",3
"Glutathion","NEUT","Glutathion","Glutathione","e",3
"Glycerid","NEUT","Glycerid","Glyceride","e",3
"Glycolipid","NEUT","Glycolipid","Glycolipide","e",4
"Glykogen","NEUT","Glykogen","Glykogene","e",3
"Gnat","FEM","Gnat","Gnats","s",1
"Gneis","MASC","Gneis","Gneise","e",0
"Gnom","MASC","Gnom","Gnomen","en",1
"Gnostiker","MASC","Gnostiker","Gnostiker","ø",3
"Gnu","NEUT","Gnu","Gnus","s",1
"Goethit","MASC","Goethit","Goethite","e",2
"Göffel","MASC","Göffel","Göffel","ø",2
"Goldbarren","MASC","Goldbarren","Goldbarren","ø",3
"Goldbergwerk","NEUT","Goldbergwerk","Goldbergwerke","e",3
"Goldblättchen","NEUT","Goldblättchen","Goldblättchen","ø",3
"Goldblech","NEUT","Goldblech","Goldbleche","e",2
"Goldesel","MASC","Goldesel","Goldesel","ø",3
"Goldfisch","MASC","Goldfisch","Goldfische","e",2
"Goldgräber","MASC","Goldgräber","Goldgräber","ø",3
"Goldhähnchen","NEUT","Goldhähnchen","Goldhähnchen","ø",3
"Goldhamster","MASC","Goldhamster","Goldhamster","ø",3
"Goldhochzeit","FEM","Goldhochzeit","Goldhochzeiten","en",2
"Goldkopflöwenäffchen","NEUT","Goldkopflöwenäffchen","Goldkopflöwenäffchen","ø",6
"Goldlöffelchen","NEUT","Goldlöffelchen","Goldlöffelchen","ø",4
"Goldschakal","MASC","Goldschakal","Goldschakale","e",3
"Goldschmied","MASC","Goldschmied","Goldschmiede","e",1
"Goldschopfpinguin","MASC","Goldschopfpinguin","Goldschopfpinguine","e",4
"Goldspecht","MASC","Goldspecht","Goldspechte","e",2
"Golf","MASC","Golf","Golfe","e",1
"Golfer","MASC","Golfer","Golfer","ø",2
"Golfklub","MASC","Golfklub","Golfklubs","s",2
"Golfkrieg","MASC","Golfkrieg","Golfkriege","e",1
"Golfschläger","MASC","Golfschläger","Golfschläger","ø",3
"Golfspieler","MASC","Golfspieler","Golfspieler","ø",2
"Golftang","MASC","Golftang","Golftange","e",2
"Gondellied","NEUT","Gondellied","Gondellieder","er",2
"Gönner","MASC","Gönner","Gönner","ø",2
"Gönnerschaft","FEM","Gönnerschaft","Gönnerschaften","en",3
"Gorilla","MASC","Gorilla","Gorillas","s",3
"Gösch","FEM","Gösch","Göschen","en",1
"Goschen","FEM","Goschen","Goschen","ø",2
"Goscherl","NEUT","Goscherl","Goscherl","ø",2
"Gössel","NEUT","Gössel","Gössel","ø",2
"Götterbild","NEUT","Götterbild","Götterbilder","er",3
"Götterdienst","MASC","Götterdienst","Götterdienste","e",2
"Gottesbeweis","MASC","Gottesbeweis","Gottesbeweise","e",3
"Gottesdienst","MASC","Gottesdienst","Gottesdienste","e",2
"Gottesleugner","MASC","Gottesleugner","Gottesleugner","ø",3
"Gottesleugnung","FEM","Gottesleugnung","Gottesleugnung","ø",3
"Gottesurteil","NEUT","Gottesurteil","Gottesurteile","e",3
"Gottobjekt","NEUT","Gottobjekt","Gottobjekte","e",3
"Götzendiener","MASC","Götzendiener","Götzendiener","ø",3
"Götzendienst","MASC","Götzendienst","Götzendienste","e",2
"Gouda","MASC","Gouda","Goudas","s",2
"Gourmet","MASC","Gourmet","Gourmets","s",2
"Gouverneur","MASC","Gouverneur","Gouverneure","e",2
"Grabbeltisch","MASC","Grabbeltisch","Grabbeltische","e",3
"Gräber","MASC","Gräber","Gräber","ø",2
"Grabesritter","MASC","Grabesritter","Grabesritter","ø",4
"Grabhügel","MASC","Grabhügel","Grabhügel","ø",3
"Grablicht","NEUT","Grablicht","Grablichter","er",2
"Grabmal","NEUT","Grabmal","Grabmale","e",2
"Grabstein","MASC","Grabstein","Grabsteine","e",1
"Grachtenrundfahrt","FEM","Grachtenrundfahrt","Grachtenrundfahrten","en",4
"Grad","MASC","Grad","Grade","e",1
"Gradient","MASC","Gradient","Gradienten","en",1
"Graf","MASC","Graf","Grafen","en",1
"Grafem","NEUT","Grafem","Grafeme","e",2
"Grafit","MASC","Grafit","Grafite","e",2
"Grahambrot","NEUT","Grahambrot","Grahambrote","e",3
"Graka","FEM","Graka","Grakas","s",2
"Gramm","NEUT","Gramm","Gramme","e",1
"Gramm-Molekül","NEUT","Gramm-Molekül","Gramm-Moleküle","e",4
"Grammatik","FEM","Grammatik","Grammatiken","en",3
"Grammatikalisierung","FEM","Grammatikalisierung","Grammatikalisierungen","en",6
"Grammatiker","MASC","Grammatiker","Grammatiker","ø",4
"Granat","MASC","Granat","Granate","e",2
"Granit","MASC","Granit","Granite","e",2
"Granulat","NEUT","Granulat","Granulate","e",3
"Grapefruit","FEM","Grapefruit","Grapefruits","s",3
"Grapefruitlöffel","MASC","Grapefruitlöffel","Grapefruitlöffel","ø",5
"Graph","NEUT","Graph","Graphen","en",1
"Graphem","NEUT","Graphem","Grapheme","e",2
"Graphit","MASC","Graphit","Graphite","e",2
"Graphitrohr","NEUT","Graphitrohr","Graphitrohre","e",3
"Grappa","MASC","Grappa","Grappas","s",2
"Grashüpfer","MASC","Grashüpfer","Grashüpfer","ø",3
"Grat","MASC","Grat","Grate","e",1
"Gratwanderung","FEM","Gratwanderung","Gratwanderungen","en",4
"Graubruststrandläufer","MASC","Graubruststrandläufer","Graubruststrandläufer","ø",3
"Gräueltat","FEM","Gräueltat","Gräueltaten","en",2
"Gräuplein","NEUT","Gräuplein","Gräuplein","ø",0
"Graureiher","MASC","Graureiher","Graureiher","ø",1
"Grauschnäpper","MASC","Grauschnäpper","Grauschnäpper","ø",2
"Graveur","MASC","Graveur","Graveure","e",1
"Gravidität","FEM","Gravidität","Graviditäten","en",4
"Gravis","MASC","Gravis","Gravis","ø",2
"Gravitationsfeld","NEUT","Gravitationsfeld","Gravitationsfelder","er",5
"Grazer","MASC","Grazer","Grazer","ø",2
"Greenockit","MASC","Greenockit","Greenockite","e",3
"Greif","MASC","Greif","Greife","e",0
"Greis","MASC","Greis","Greise","e",0
"Grenzstein","MASC","Grenzstein","Grenzsteine","e",1
"Grenzwert","MASC","Grenzwert","Grenzwerte","e",2
"Gressenicher","MASC","Gressenicher","Gressenicher","ø",4
"Greuel","MASC","Greuel","Greuel","ø",1
"Greyerzer","MASC","Greyerzer","Greyerzer","ø",2
"Griebenschmalz","NEUT","Griebenschmalz","Griebenschmalze","e",2
"Griesgram","MASC","Griesgram","Griesgrame","e",1
"Grieß","MASC","Grieß","Grieße","e",0
"Griff","MASC","Griff","Griffe","e",1
"Griffbrett","NEUT","Griffbrett","Griffbretter","er",2
"Griffel","MASC","Griffel","Griffel","ø",2
"Grill","MASC","Grill","Grills","s",1
"Grind","MASC","Grind","Grinde","e",1
"Grindwal","MASC","Grindwal","Grindwale","e",2
"Grippesymptom","NEUT","Grippesymptom","Grippesymptome","e",4
"Grizzlybär","MASC","Grizzlybär","Grizzlybären","en",3
"Grog","MASC","Grog","Grog","ø",1
"Groko","FEM","Groko","Grokos","s",2
"Grönländer","MASC","Grönländer","Grönländer","ø",3
"Groschen","MASC","Groschen","Groschen","ø",2
"Großadmiral","MASC","Großadmiral","Großadmirale","e",4
"Großcousin","MASC","Großcousin","Großcousins","s",3
"Großdemo","FEM","Großdemo","Großdemos","s",3
"Großdemonstration","FEM","Großdemonstration","Großdemonstrationen","en",5
"Großfürst","MASC","Großfürst","Großfürsten","en",2
"Großhändler","MASC","Großhändler","Großhändler","ø",3
"Großmärtyrer","MASC","Großmärtyrer","Großmärtyrer","ø",4
"Großmeister","MASC","Großmeister","Großmeister","ø",2
"Großonkel","MASC","Großonkel","Großonkel","ø",3
"Großpudel","MASC","Großpudel","Großpudel","ø",3
"Großraumbüro","NEUT","Großraumbüro","Großraumbüros","s",3
"Großrechner","MASC","Großrechner","Großrechner","ø",3
"Großstädter","MASC","Großstädter","Großstädter","ø",3
"Grossular","MASC","Grossular","Grossulare","e",3
"Großversuch","MASC","Großversuch","Großversuche","e",3
"Großvieheinheit","FEM","Großvieheinheit","Großvieheinheiten","en",1
"Grübchen","NEUT","Grübchen","Grübchen","ø",2
"Grubenunglück","NEUT","Grubenunglück","Grubenunglücke","e",4
"Grufti","MASC","Grufti","Gruftis","s",2
"Grummet","MASC","Grummet","Grummets","s",2
"Grundabsicht","FEM","Grundabsicht","Grundabsichten","en",3
"Grundbedeutung","FEM","Grundbedeutung","Grundbedeutungen","en",3
"Grundbegriff","MASC","Grundbegriff","Grundbegriffe","e",3
"Grundbesitz","MASC","Grundbesitz","Grundbesitze","e",3
"Grundbesitzer","MASC","Grundbesitzer","Grundbesitzer","ø",4
"Grundbestandteil","MASC","Grundbestandteil","Grundbestandteile","e",3
"Gründer","MASC","Gründer","Gründer","ø",2
"Grundform","FEM","Grundform","Grundformen","en",2
"Grundfrequenz","FEM","Grundfrequenz","Grundfrequenzen","en",3
"Grundgebirge","NEUT","Grundgebirge","Grundgebirge","ø",4
"Grundgerüst","NEUT","Grundgerüst","Grundgerüste","e",3
"Grundgesetz","NEUT","Grundgesetz","Grundgesetze","e",3
"Grundherr","MASC","Grundherr","Grundherren","en",2
"Grundlagenforschung","FEM","Grundlagenforschung","Grundlagenforschungen","en",5
"Gründling","MASC","Gründling","Gründlinge","e",2
"Grundnahrungsmittel","NEUT","Grundnahrungsmittel","Grundnahrungsmittel","ø",5
"Gründonnerstag","MASC","Gründonnerstag","Gründonnerstage","e",4
"Grundrecht","NEUT","Grundrecht","Grundrechte","e",2
"Grundriss","MASC","Grundriss","Grundrisse","e",2
"Grundstein","MASC","Grundstein","Grundsteine","e",1
"Grundstoff","MASC","Grundstoff","Grundstoffe","e",2
"Grundstück","NEUT","Grundstück","Grundstücke","e",2
"Gründung","FEM","Gründung","Gründungen","en",2
"Grundwasser","NEUT","Grundwasser","Grundwasser","ø",3
"Grundzahl","FEM","Grundzahl","Grundzahlen","en",2
"Grünfutter","NEUT","Grünfutter","Grünfutter","ø",3
"Grünkern","MASC","Grünkern","Grünkerne","e",2
"Grünkohl","MASC","Grünkohl","Grünkohle","e",2
"Grünling","MASC","Grünling","Grünlinge","e",2
"Grünschenkel","MASC","Grünschenkel","Grünschenkel","ø",3
"Grünspecht","MASC","Grünspecht","Grünspechte","e",2
"Grunzer","MASC","Grunzer","Grunzer","ø",2
"Grunzschwein","NEUT","Grunzschwein","Grunzschweine","e",1
"Grüppchen","NEUT","Grüppchen","Grüppchen","ø",2
"Gruppenvergewaltigung","FEM","Gruppenvergewaltigung","Gruppenvergewaltigungen","en",7
"Grüßaugust","MASC","Grüßaugust","Grüßauguste","e",2
"Gsiberger","NEUT","Gsiberger","Gsiberger","ø",3
"Guasch","FEM","Guasch","Guaschen","en",1
"Gugelhupf","MASC","Gugelhupf","Gugelhupfe","e",3
"Gulag","MASC","Gulag","Gulags","s",2
"Gulden","MASC","Gulden","Gulden","ø",2
"Gült","FEM","Gült","Gülten","en",1
"Gültigkeitsbereich","MASC","Gültigkeitsbereich","Gültigkeitsbereiche","e",3
"Gummibär","MASC","Gummibär","Gummibären","en",3
"Gummibärchen","NEUT","Gummibärchen","Gummibärchen","ø",4
"Gummireifen","MASC","Gummireifen","Gummireifen","ø",3
"Gummistiefel","MASC","Gummistiefel","Gummistiefel","ø",3
"Günstling","MASC","Günstling","Günstlinge","e",2
"Gurt","MASC","Gurt","Gurte","e",1
"Gürtel","MASC","Gürtel","Gürtel","ø",2
"Gürteltier","NEUT","Gürteltier","Gürteltiere","e",2
"Guru","MASC","Guru","Gurus","s",2
"Gusseisen","NEUT","Gusseisen","Gusseisen","ø",2
"Gussstück","NEUT","Gussstück","Gussstücke","e",2
"Gussteil","NEUT","Gussteil","Gussteile","e",1
"Gutachter","MASC","Gutachter","Gutachter","ø",3
"Gütergemeinschaft","FEM","Gütergemeinschaft","Gütergemeinschaften","en",4
"Güterwagen","MASC","Güterwagen","Güterwagen","ø",4
"Gütesiegel","NEUT","Gütesiegel","Gütesiegel","ø",3
"Guthaben","NEUT","Guthaben","Guthaben","ø",3
"Gutmensch","MASC","Gutmensch","Gutmenschen","en",2
"Gutschein","MASC","Gutschein","Gutscheine","e",1
"Gutsherr","MASC","Gutsherr","Gutsherren","en",2
"Gyros","NEUT","Gyros","Gyros","ø",2
"Gyroskop","NEUT","Gyroskop","Gyroskope","e",3
"Haar","NEUT","Haar","Haare","e",1
"Haarkleid","NEUT","Haarkleid","Haarkleider","er",1
"Haarknoten","MASC","Haarknoten","Haarknoten","ø",3
"Haarnetz","NEUT","Haarnetz","Haarnetze","e",2
"Haarschnitt","MASC","Haarschnitt","Haarschnitte","e",2
"Haarshampoo","NEUT","Haarshampoo","Haarshampoos","s",3
"Haarspalter","MASC","Haarspalter","Haarspalter","ø",3
"Haarspray","NEUT","Haarspray","Haarsprays","s",2
"Haarteil","NEUT","Haarteil","Haarteile","e",1
"Haarverlust","MASC","Haarverlust","Haarverluste","e",3
"Haarwaschmittel","NEUT","Haarwaschmittel","Haarwaschmittel","ø",4
"Haastadler","MASC","Haastadler","Haastadler","ø",3
"Haben","NEUT","Haben","Haben","ø",2
"Habicht","MASC","Habicht","Habichte","e",2
"Habitat","NEUT","Habitat","Habitate","e",3
"Habitus","MASC","Habitus","Habitus","ø",3
"Habtachtstellung","FEM","Habtachtstellung","Habtachtstellungen","en",4
"Hackbrett","NEUT","Hackbrett","Hackbretter","er",2
"Hackenporsche","MASC","Hackenporsche","Hackenporsche","ø",4
"Hacker","MASC","Hacker","Hacker","ø",2
"Hackfleischverordnung","FEM","Hackfleischverordnung","Hackfleischverordnungen","en",4
"Häcksler","MASC","Häcksler","Häcksler","ø",2
"Hadith","MASC","Hadith","Hadithe","e",2
"Hadron","NEUT","Hadron","Hadronen","en",2
"Hafenbecken","NEUT","Hafenbecken","Hafenbecken","ø",4
"Hafenmeister","MASC","Hafenmeister","Hafenmeister","ø",3
"Hafer","MASC","Hafer","Hafer","ø",2
"Haferbrei","MASC","Haferbrei","Haferbreie","e",2
"Hafermehl","NEUT","Hafermehl","Hafermehle","e",3
"Haff","NEUT","Haff","Haffe","e",1
"Haftbefehl","MASC","Haftbefehl","Haftbefehle","e",3
"Haftentschädigung","FEM","Haftentschädigung","Haftentschädigungen","en",5
"Häftling","MASC","Häftling","Häftlinge","e",2
"Haftpflichtversicherung","FEM","Haftpflichtversicherung","Haftpflichtversicherungen","en",6
"Hagedorn","MASC","Hagedorn","Hagedorne","e",3
"Hagelschauer","MASC","Hagelschauer","Hagelschauer","ø",3
"Hagelwetter","NEUT","Hagelwetter","Hagelwetter","ø",4
"Häher","MASC","Häher","Häher","ø",2
"Hähnchen","NEUT","Hähnchen","Hähnchen","ø",2
"Hahnenschrei","MASC","Hahnenschrei","Hahnenschreie","e",2
"Hahnrei","MASC","Hahnrei","Hahnreie","e",1
"Hai","MASC","Hai","Haie","e",1
"Haifisch","MASC","Haifisch","Haifische","e",2
"Hain","MASC","Hain","Haine","e",1
"Haitianer","MASC","Haitianer","Haitianer","ø",3
"Häkchen","NEUT","Häkchen","Häkchen","ø",2
"Haken","MASC","Haken","Haken","ø",2
"Hakenkreuz","NEUT","Hakenkreuz","Hakenkreuze","e",2
"Halbblut","NEUT","Halbblut","Halbblute","e",2
"Halbdoppellaut","MASC","Halbdoppellaut","Halbdoppellaute","e",3
"Halbfinale","NEUT","Halbfinale","Halbfinale","ø",4
"Halbfingerhandschuh","MASC","Halbfingerhandschuh","Halbfingerhandschuhe","e",5
"Halbierer","MASC","Halbierer","Halbierer","ø",2
"Halbjahr","NEUT","Halbjahr","Halbjahre","e",2
"Halbkreis","MASC","Halbkreis","Halbkreise","e",1
"Halbleiter","MASC","Halbleiter","Halbleiter","ø",2
"Halbleiterbauelement","NEUT","Halbleiterbauelement","Halbleiterbauelemente","e",5
"Halbmetall","NEUT","Halbmetall","Halbmetalle","e",3
"Halbmetallcharakter","MASC","Halbmetallcharakter","Halbmetallcharaktere","e",6
"Halbmond","MASC","Halbmond","Halbmonde","e",2
"Halbstufenpotential","NEUT","Halbstufenpotential","Halbstufenpotentiale","e",6
"Halbvokal","MASC","Halbvokal","Halbvokale","e",3
"Halbwelt","FEM","Halbwelt","Halbwelten","en",2
"Halbwertszeit","FEM","Halbwertszeit","Halbwertszeiten","en",2
"Halid","NEUT","Halid","Halide","e",2
"Halit","MASC","Halit","Halite","e",2
"Hall","MASC","Hall","Halle","e",1
"Halleluja","NEUT","Halleluja","Hallelujas","s",4
"Hallig","FEM","Hallig","Halligen","en",2
"Hallimasch","MASC","Hallimasch","Hallimasche","e",3
"Halljahr","NEUT","Halljahr","Halljahre","e",2
"Hallodri","MASC","Hallodri","Hallodris","s",3
"Halloysit","MASC","Halloysit","Halloysite","e",3
"Halluzinogen","NEUT","Halluzinogen","Halluzinogene","e",5
"Halm","MASC","Halm","Halme","e",1
"Hälmchen","NEUT","Hälmchen","Hälmchen","ø",2
"Halogen","NEUT","Halogen","Halogene","e",3
"Halogenatom","NEUT","Halogenatom","Halogenatome","e",5
"Halogenid","NEUT","Halogenid","Halogenide","e",4
"Halogenkohlenwasserstoff","MASC","Halogenkohlenwasserstoff","Halogenkohlenwasserstoffe","e",8
"Halogenwasserstoff","NEUT","Halogenwasserstoff","Halogenwasserstoffe","e",6
"Halon","NEUT","Halon","Halone","e",2
"Halophyt","MASC","Halophyt","Halophyten","en",3
"Halsabschneider","MASC","Halsabschneider","Halsabschneider","ø",3
"Halsbandaffäre","FEM","Halsbandaffäre","Halsbandaffäreen","en",5
"Halsbandschnäpper","MASC","Halsbandschnäpper","Halsbandschnäpper","ø",4
"Hälschen","NEUT","Hälschen","Hälschen","ø",2
"Halseisen","NEUT","Halseisen","Halseisen","ø",2
"Halsschmerz","MASC","Halsschmerz","Halsschmerzen","en",2
"Haltepunkt","MASC","Haltepunkt","Haltepunkte","e",3
"Halter","MASC","Halter","Halter","ø",2
"Haltung","FEM","Haltung","Haltungen","en",2
"Häm","NEUT","Häm","Häme","e",1
"Hämatit","MASC","Hämatit","Hämatite","e",3
"Hämatom","NEUT","Hämatom","Hämatome","e",3
"Hamburger","MASC","Hamburger","Hamburger","ø",3
"Hamen","MASC","Hamen","Hamen","ø",2
"Hämerythrin","NEUT","Hämerythrin","Hämerythrine","e",4
"Hammel","MASC","Hammel","Hammel","ø",2
"Hämmerchen","NEUT","Hämmerchen","Hämmerchen","ø",3
"Hammerhai","MASC","Hammerhai","Hammerhaie","e",3
"Hämocyanin","NEUT","Hämocyanin","Hämocyanine","e",4
"Hamster","MASC","Hamster","Hamster","ø",2
"Handballspiel","NEUT","Handballspiel","Handballspiele","e",2
"Handballspieler","MASC","Handballspieler","Handballspieler","ø",3
"Händchen","NEUT","Händchen","Händchen","ø",2
"Handelsdefizit","NEUT","Handelsdefizit","Handelsdefizite","e",5
"Handgelenk","NEUT","Handgelenk","Handgelenke","e",3
"Handgemenge","NEUT","Handgemenge","Handgemenge","ø",4
"Handhabung","FEM","Handhabung","Handhabungen","en",3
"Handkamera","FEM","Handkamera","Handkameras","s",4
"Handlanger","MASC","Handlanger","Handlanger","ø",3
"Händlein","NEUT","Händlein","Händlein","ø",1
"Händler","MASC","Händler","Händler","ø",2
"Handschuh","MASC","Handschuh","Handschuhe","e",2
"Handspiel","NEUT","Handspiel","Handspiele","e",1
"Handtäschchen","NEUT","Handtäschchen","Handtäschchen","ø",3
"Handwerk","NEUT","Handwerk","Handwerke","e",2
"Handwerksberuf","MASC","Handwerksberuf","Handwerksberufe","e",4
"Handwerksbetrieb","MASC","Handwerksbetrieb","Handwerksbetriebe","e",3
"Handwerksmeister","MASC","Handwerksmeister","Handwerksmeister","ø",3
"Handwörterbuch","NEUT","Handwörterbuch","Handwörterbucher","er",4
"Handy","NEUT","Handy","Handys","s",2
"Handyspiel","NEUT","Handyspiel","Handyspiele","e",2
"Hänfling","MASC","Hänfling","Hänflinge","e",2
"Hangar","MASC","Hangar","Hangars","s",2
"Hängegleiter","MASC","Hängegleiter","Hängegleiter","ø",3
"Hanseat","MASC","Hanseat","Hanseaten","en",2
"Hänselei","FEM","Hänselei","Hänseleien","en",2
"Hanswurst","MASC","Hanswurst","Hanswurste","e",2
"Häppchen","NEUT","Häppchen","Häppchen","ø",2
"Happen","MASC","Happen","Happen","ø",2
"Happs","MASC","Happs","Happse","e",1
"Härchen","NEUT","Härchen","Härchen","ø",2
"Hardwareentwickler","MASC","Hardwareentwickler","Hardwareentwickler","ø",5
"Harem","MASC","Harem","Harems","s",2
"Häretiker","MASC","Häretiker","Häretiker","ø",4
"Harfenspieler","MASC","Harfenspieler","Harfenspieler","ø",3
"Härling","MASC","Härling","Härlinge","e",2
"Harmlosigkeit","FEM","Harmlosigkeit","Harmlosigkeiten","en",3
"Harn","MASC","Harn","Harne","e",1
"Harnisch","MASC","Harnisch","Harnische","e",2
"Harnstein","MASC","Harnstein","Harnsteine","e",1
"Harnverhalt","MASC","Harnverhalt","Harnverhalte","e",3
"Härtewert","MASC","Härtewert","Härtewerte","e",3
"Hartkäse","MASC","Hartkäse","Hartkäse","ø",3
"Hartlot","NEUT","Hartlot","Hartlote","e",2
"Hartmetall","NEUT","Hartmetall","Hartmetalle","e",3
"Hartung","MASC","Hartung","Hartunge","e",2
"Härtung","FEM","Härtung","Härtungen","en",2
"Hasardeur","MASC","Hasardeur","Hasardeure","e",2
"Haschee","NEUT","Haschee","Haschees","s",2
"Hashtag","MASC","Hashtag","Hashtags","s",2
"Häslein","NEUT","Häslein","Häslein","ø",1
"Hasser","MASC","Hasser","Hasser","ø",2
"Hattrick","MASC","Hattrick","Hattricks","s",2
"Häubchen","NEUT","Häubchen","Häubchen","ø",1
"Haubenpinguin","MASC","Haubenpinguin","Haubenpinguine","e",3
"Haubentaucher","MASC","Haubentaucher","Haubentaucher","ø",2
"Hauch","MASC","Hauch","Hauche","e",0
"Haudegen","MASC","Haudegen","Haudegen","ø",2
"Häufchen","NEUT","Häufchen","Häufchen","ø",1
"Haufen","MASC","Haufen","Haufen","ø",1
"Häufigkeit","FEM","Häufigkeit","Häufigkeiten","en",1
"Häuflein","NEUT","Häuflein","Häuflein","ø",0
"Hauptanliegen","NEUT","Hauptanliegen","Hauptanliegen","ø",2
"Hauptanteil","MASC","Hauptanteil","Hauptanteile","e",1
"Hauptanwendungsgebiet","NEUT","Hauptanwendungsgebiet","Hauptanwendungsgebiete","e",4
"Hauptbedeutung","FEM","Hauptbedeutung","Hauptbedeutungen","en",2
"Hauptbestandteil","MASC","Hauptbestandteil","Hauptbestandteile","e",2
"Hauptbetonungszeichen","NEUT","Hauptbetonungszeichen","Hauptbetonungszeichen","ø",4
"Hauptdeck","NEUT","Hauptdeck","Hauptdecks","s",1
"Hauptfaktor","MASC","Hauptfaktor","Hauptfaktoren","en",2
"Hauptfeld","MASC","Hauptfeld","Hauptfelder","er",1
"Hauptfigur","FEM","Hauptfigur","Hauptfiguren","en",2
"Hauptgericht","NEUT","Hauptgericht","Hauptgerichte","e",2
"Hauptgruppenelement","NEUT","Hauptgruppenelement","Hauptgruppenelemente","e",5
"Haupthaar","NEUT","Haupthaar","Haupthaare","e",1
"Hauptinhalt","MASC","Hauptinhalt","Hauptinhalte","e",2
"Häuptling","MASC","Häuptling","Häuptlinge","e",1
"Hauptproduzent","MASC","Hauptproduzent","Hauptproduzenten","en",3
"Hauptprozessor","MASC","Hauptprozessor","Hauptprozessoren","en",3
"Hauptpunkt","MASC","Hauptpunkt","Hauptpunkte","e",1
"Hauptquartier","NEUT","Hauptquartier","Hauptquartiere","e",1
"Hauptredner","MASC","Hauptredner","Hauptredner","ø",2
"Hauptreihenstern","MASC","Hauptreihenstern","Hauptreihensterne","e",2
"Hauptschriftleiter","MASC","Hauptschriftleiter","Hauptschriftleiter","ø",2
"Hauptsitz","MASC","Hauptsitz","Hauptsitze","e",1
"Hauptspiegel","MASC","Hauptspiegel","Hauptspiegel","ø",1
"Häus'l","NEUT","Häus'l","Häus'l","ø",0
"Hausagentur","FEM","Hausagentur","Hausagenturen","en",3
"Hausandacht","FEM","Hausandacht","Hausandachten","en",2
"Hausanteil","MASC","Hausanteil","Hausanteile","e",1
"Hausarbeit","FEM","Hausarbeit","Hausarbeiten","en",1
"Hausarrest","MASC","Hausarrest","Hausarreste","e",2
"Hausarznei","FEM","Hausarznei","Hausarzneien","en",1
"Hausautor","MASC","Hausautor","Hausautoren","en",1
"Hausbank","FEM","Hausbank","Hausbanken","en",1
"Hausbar","FEM","Hausbar","Hausbars","s",1
"Hausbedarf","MASC","Hausbedarf","Hausbedarfe","e",2
"Hausbesetzer","MASC","Hausbesetzer","Hausbesetzer","ø",3
"Hausbesetzung","FEM","Hausbesetzung","Hausbesetzungen","en",3
"Häuschen","NEUT","Häuschen","Häuschen","ø",1
"Hausdurchsuchung","FEM","Hausdurchsuchung","Hausdurchsuchungen","en",3
"Häusel","NEUT","Häusel","Häusel","ø",1
"Hausen","MASC","Hausen","Hausen","ø",1
"Hauser","MASC","Hauser","Hauser","ø",1
"Hausflur","MASC","Hausflur","Hausflure","e",1
"Hausfreund","MASC","Hausfreund","Hausfreunde","e",0
"Haushalt","MASC","Haushalt","Haushalte","e",1
"Haushaltsänderung","FEM","Haushaltsänderung","Haushaltsänderungen","en",4
"Haushaltsgerät","NEUT","Haushaltsgerät","Haushaltsgeräte","e",3
"Haushaltswarenhändler","MASC","Haushaltswarenhändler","Haushaltswarenhändler","ø",5
"Hausherr","MASC","Hausherr","Hausherren","en",1
"Haushund","MASC","Haushund","Haushunde","e",1
"Hausierer","MASC","Hausierer","Hausierer","ø",1
"Hauskaninchen","NEUT","Hauskaninchen","Hauskaninchen","ø",3
"Häusl","NEUT","Häusl","Häusl","ø",0
"Häusle","NEUT","Häusle","Häusle","ø",1
"Häuslein","NEUT","Häuslein","Häuslein","ø",0
"Hausmeister","MASC","Hausmeister","Hausmeister","ø",1
"Hausparty","FEM","Hausparty","Hauspartys","s",2
"Hausschaf","NEUT","Hausschaf","Hausschafe","e",1
"Hausschuh","MASC","Hausschuh","Hausschuhe","e",1
"Hausschwein","NEUT","Hausschwein","Hausschwein","ø",0
"Haussuchung","FEM","Haussuchung","Haussuchungen","en",2
"Haustier","NEUT","Haustier","Haustiere","e",0
"Haustürschlüssel","MASC","Haustürschlüssel","Haustürschlüssel","ø",3
"Hausverbot","NEUT","Hausverbot","Hausverbote","e",2
"Hauswirt","MASC","Hauswirt","Hauswirte","e",1
"Häutchen","NEUT","Häutchen","Häutchen","ø",1
"Hautentzündung","FEM","Hautentzündung","Hautentzündungen","en",3
"Hautfett","NEUT","Hautfett","Hautfette","e",1
"Hautkontakt","MASC","Hautkontakt","Hautkontakte","e",2
"Hautkrankheit","FEM","Hautkrankheit","Hautkrankheiten","en",1
"Hautkrebs","MASC","Hautkrebs","Hautkrebse","e",1
"Häutlein","NEUT","Häutlein","Häutlein","ø",0
"Häutung","FEM","Häutung","Häutungen","en",1
"Heap","MASC","Heap","Heaps","s",1
"Hebel","MASC","Hebel","Hebel","ø",2
"Hebelarm","MASC","Hebelarm","Hebelarme","e",3
"Hebopfer","NEUT","Hebopfer","Hebopfer","ø",3
"Hebung","FEM","Hebung","Hebungen","en",2
"Hecht","MASC","Hecht","Hechte","e",1
"Heckantrieb","MASC","Heckantrieb","Heckantriebe","e",2
"Hedonist","MASC","Hedonist","Hedonisten","en",3
"Heer","NEUT","Heer","Heere","e",1
"Heerschar","FEM","Heerschar","Heerscharen","en",2
"Hefepilz","MASC","Hefepilz","Hefepilze","e",3
"Hefeteig","MASC","Hefeteig","Hefeteige","e",2
"Heft","NEUT","Heft","Hefte","e",1
"Heftchen","NEUT","Heftchen","Heftchen","ø",2
"Hefter","MASC","Hefter","Hefter","ø",2
"Heftigkeit","FEM","Heftigkeit","Heftigkeiten","en",2
"Heftpflaster","NEUT","Heftpflaster","Heftpflaster","ø",3
"Hehler","MASC","Hehler","Hehler","ø",2
"Heia","FEM","Heia","Heias","s",1
"Heidelberger","MASC","Heidelberger","Heidelberger","ø",3
"Heiland","MASC","Heiland","Heilande","e",1
"Heilbutt","MASC","Heilbutt","Heilbutte","e",1
"Heiler","MASC","Heiler","Heiler","ø",1
"Heiligabend","MASC","Heiligabend","Heiligabende","e",3
"Heiligenschein","MASC","Heiligenschein","Heiligenscheine","e",2
"Heilmittel","NEUT","Heilmittel","Heilmittel","ø",2
"Heilung","FEM","Heilung","Heilungen","en",1
"Heim","NEUT","Heim","Heime","e",0
"Heimatfilm","MASC","Heimatfilm","Heimatfilme","e",2
"Heimchen","NEUT","Heimchen","Heimchen","ø",1
"Heimcomputer","MASC","Heimcomputer","Heimcomputer","ø",3
"Heimfahrt","FEM","Heimfahrt","Heimfahrten","en",1
"Heimkind","NEUT","Heimkind","Heimkinder","er",1
"Heimlichtuerei","FEM","Heimlichtuerei","Heimlichtuereien","en",2
"Heimmannschaft","FEM","Heimmannschaft","Heimmannschaften","en",2
"Heimspiel","NEUT","Heimspiel","Heimspiele","e",0
"Heimtier","NEUT","Heimtier","Heimtiere","e",0
"Heimweg","MASC","Heimweg","Heimwege","e",1
"Heimwerkergerät","NEUT","Heimwerkergerät","Heimwerkergeräte","e",4
"Heinzelmännchen","NEUT","Heinzelmännchen","Heinzelmännchen","ø",3
"Heiratsschwindler","MASC","Heiratsschwindler","Heiratsschwindler","ø",3
"Heiratsvermittler","MASC","Heiratsvermittler","Heiratsvermittler","ø",4
"Heißluftballon","MASC","Heißluftballon","Heißluftballone","e",3
"Heißzeit","FEM","Heißzeit","Heißzeiten","en",0
"Heister","MASC","Heister","Heister","ø",1
"Heizelement","NEUT","Heizelement","Heizelemente","e",3
"Heizer","MASC","Heizer","Heizer","ø",1
"Heizgewölbe","NEUT","Heizgewölbe","Heizgewölbe","ø",3
"Heizleiter","MASC","Heizleiter","Heizleitere","e",1
"Heizöl","NEUT","Heizöl","Heizöle","e",1
"Heizung","FEM","Heizung","Heizungen","en",1
"Hektar","NEUT","Hektar","Hektare","e",2
"Held","MASC","Held","Helden","en",1
"Heldentat","FEM","Heldentat","Heldentaten","en",3
"Heldentod","MASC","Heldentod","Heldentode","e",3
"Helfer","MASC","Helfer","Helfer","ø",2
"Helgoländer","MASC","Helgoländer","Helgoländer","ø",4
"Helikopter","MASC","Helikopter","Helikopter","ø",4
"Heliometer","NEUT","Heliometer","Heliometer","ø",4
"Heliumatom","NEUT","Heliumatom","Heliumatome","e",4
"Heliumballon","MASC","Heliumballon","Heliumballons","s",4
"Heliumhydrid","NEUT","Heliumhydrid","Heliumhydride","e",4
"Heliumisotop","NEUT","Heliumisotop","Heliumisotope","e",5
"Heliumkern","MASC","Heliumkern","Heliumkerne","e",3
"Hellbraun","NEUT","Hellbraun","Hellbraun","ø",1
"Heller","MASC","Heller","Heller","ø",2
"Hellgrau","NEUT","Hellgrau","Hellgraus","s",1
"Hellgrün","NEUT","Hellgrün","Hellgrüns","s",2
"Helligkeit","FEM","Helligkeit","Helligkeiten","en",2
"Hellrot","NEUT","Hellrot","Hellrot","ø",2
"Hellseher","MASC","Hellseher","Hellseher","ø",3
"Helm","MASC","Helm","Helme","e",1
"Hemd","NEUT","Hemd","Hemden","en",1
"Hemdchen","NEUT","Hemdchen","Hemdchen","ø",2
"Hemdlein","NEUT","Hemdlein","Hemdlein","ø",1
"Hemimorphit","MASC","Hemimorphit","Hemimorphite","e",4
"Hemmschuh","MASC","Hemmschuh","Hemmschuhe","e",2
"Henkel","MASC","Henkel","Henkel","ø",2
"Henker","MASC","Henker","Henker","ø",2
"Heptafluoroniobat","NEUT","Heptafluoroniobat","Heptafluoroniobate","e",6
"Heptahydrat","NEUT","Heptahydrat","Heptahydrate","e",4
"Heptamolybdat","NEUT","Heptamolybdat","Heptamolybdate","e",5
"Heptan","NEUT","Heptan","Heptane","e",2
"Heptasulfid","NEUT","Heptasulfid","Heptasulfide","e",4
"Heptoxid","NEUT","Heptoxid","Heptoxide","e",3
"Herausforderer","MASC","Herausforderer","Herausforderer","ø",4
"Herausgeber","MASC","Herausgeber","Herausgeber","ø",3
"Herbeiführung","FEM","Herbeiführung","Herbeiführungen","en",3
"Herbst","MASC","Herbst","Herbste","e",1
"Herbstmond","MASC","Herbstmond","Herbstmonde","e",2
"Herbstvollmond","MASC","Herbstvollmond","Herbstvollmonde","e",3
"Herbstwind","MASC","Herbstwind","Herbstwinde","e",2
"Herbstzeit","FEM","Herbstzeit","Herbstzeiten","en",1
"Herd","MASC","Herd","Herde","e",1
"Herdenimmunität","FEM","Herdenimmunität","Herdenimmunitäten","en",6
"Herdfeuer","NEUT","Herdfeuer","Herdfeuer","ø",2
"Hering","MASC","Hering","Heringe","e",2
"Heringsfischer","MASC","Heringsfischer","Heringsfischer","ø",4
"Herkunftsort","MASC","Herkunftsort","Herkunftsorte","e",3
"Herling","MASC","Herling","Herlinge","e",2
"Hermaphrodit","MASC","Hermaphrodit","Hermaphroditen","en",4
"Hermelin","MASC","Hermelin","Hermeline","e",3
"Herostrat","MASC","Herostrat","Herostraten","en",3
"Herr","MASC","Herr","Herren","en",1
"Herrchen","NEUT","Herrchen","Herrchen","ø",2
"Herrenbesuch","MASC","Herrenbesuch","Herrenbesuche","e",4
"Herrengedeck","NEUT","Herrengedeck","Herrengedecke","e",4
"Herrentag","MASC","Herrentag","Herrentage","e",3
"Herrlein","NEUT","Herrlein","Herrlein","ø",1
"Herrscher","MASC","Herrscher","Herrscher","ø",2
"Herrscherpersönlichkeit","FEM","Herrscherpersönlichkeit","Herrscherpersönlichkeiten","en",5
"Hersteller","MASC","Hersteller","Hersteller","ø",3
"Herstellung","FEM","Herstellung","Herstellungen","en",3
"Herstellungsprozess","MASC","Herstellungsprozess","Herstellungsprozesse","e",5
"Herstellungsverfahren","NEUT","Herstellungsverfahren","Herstellungsverfahren","ø",6
"Hertz","NEUT","Hertz","Hertz","ø",1
"Herz","NEUT","Herz","Herzen","en",1
"Herzass","NEUT","Herzass","Herzasse","e",2
"Herzchen","NEUT","Herzchen","Herzchen","ø",2
"Herzinfarkt","MASC","Herzinfarkt","Herzinfarkte","e",3
"Herzinsuffizienz","FEM","Herzinsuffizienz","Herzinsuffizienzen","en",4
"Herzkönig","MASC","Herzkönig","Herzkönige","e",3
"Herzlein","NEUT","Herzlein","Herzlein","ø",1
"Herzmuskelgewebe","NEUT","Herzmuskelgewebe","Herzmuskelgewebe","ø",6
"Herzrhythmusstörung","FEM","Herzrhythmusstörung","Herzrhythmusstörungen","en",5
"Herzschrittmacher","MASC","Herzschrittmacher","Herzschrittmacher","ø",4
"Herzstück","NEUT","Herzstück","Herzstücke","e",2
"Herztod","MASC","Herztod","Herztode","e",2
"Herzzehn","FEM","Herzzehn","Herzzehnen","en",2
"Heteroaromat","MASC","Heteroaromat","Heteroaromaten","en",5
"Heteroatom","NEUT","Heteroatom","Heteroatome","e",4
"Heteroelement","NEUT","Heteroelement","Heteroelemente","e",5
"Hethiter","MASC","Hethiter","Hethiter","ø",3
"Hetzer","MASC","Hetzer","Hetzer","ø",2
"Heuchler","MASC","Heuchler","Heuchler","ø",1
"Heuerling","MASC","Heuerling","Heuerlinge","e",2
"Heuert","MASC","Heuert","Heuerte","e",1
"Heuhaufen","MASC","Heuhaufen","Heuhaufen","ø",1
"Heuler","MASC","Heuler","Heuler","ø",1
"Heumonat","MASC","Heumonat","Heumonate","e",2
"Heupferd","NEUT","Heupferd","Heupferde","e",1
"Heuschober","MASC","Heuschober","Heuschober","ø",2
"Heuwagen","MASC","Heuwagen","Heuwagen","ø",2
"Hexacarbonyl","NEUT","Hexacarbonyl","Hexacarbonyle","e",5
"Hexachlorid","NEUT","Hexachlorid","Hexachloride","e",4
"Hexachloroplatinat","NEUT","Hexachloroplatinat","Hexachloroplatinate","e",7
"Hexacyanoferrat","NEUT","Hexacyanoferrat","Hexacyanoferrate","e",6
"Hexafluorid","NEUT","Hexafluorid","Hexafluoride","e",4
"Hexafluorophosphat","NEUT","Hexafluorophosphat","Hexafluorophosphate","e",6
"Hexagon","NEUT","Hexagon","Hexagone","e",3
"Hexahydrat","NEUT","Hexahydrat","Hexahydrate","e",4
"Hexameter","MASC","Hexameter","Hexameter","ø",4
"Hexan","NEUT","Hexan","Hexane","e",2
"Hexenjagd","FEM","Hexenjagd","Hexenjagden","en",3
"Hexenkessel","MASC","Hexenkessel","Hexenkessel","ø",4
"Hexenprozess","MASC","Hexenprozess","Hexenprozesse","e",4
"Hexenring","MASC","Hexenring","Hexenringe","e",3
"Hexer","MASC","Hexer","Hexer","ø",2
"Hickhack","NEUT","Hickhack","Hickhacks","s",2
"Hieb","MASC","Hieb","Hiebe","e",0
"Hieroglyphenschrift","FEM","Hieroglyphenschrift","Hieroglyphenschriften","en",4
"Highlight","NEUT","Highlight","Highlights","s",2
"Hilfeschrei","FEM","Hilfeschrei","Hilfeschreien","en",2
"Hilflosigkeit","FEM","Hilflosigkeit","Hilflosigkeiten","en",3
"Hilfskellner","MASC","Hilfskellner","Hilfskellner","ø",3
"Himmel","MASC","Himmel","Himmel","ø",2
"Himmelbett","NEUT","Himmelbett","Himmelbetten","en",3
"Himmelblau","NEUT","Himmelblau","Himmelblau","ø",2
"Himmelfahrt","FEM","Himmelfahrt","Himmelfahrten","en",3
"Himmelfahrtskommando","NEUT","Himmelfahrtskommando","Himmelfahrtskommandos","s",6
"Himmelskörper","MASC","Himmelskörper","Himmelskörper","ø",4
"Himmelsschreiben","NEUT","Himmelsschreiben","Himmelsschreiben","ø",3
"Himmelsschreiber","MASC","Himmelsschreiber","Himmelsschreiber","ø",3
"Himmelsschrift","FEM","Himmelsschrift","Himmelsschriften","en",3
"Himmelstürmer","MASC","Himmelstürmer","Himmelstürmer","ø",4
"Himmelszelt","NEUT","Himmelszelt","Himmelszelte","e",3
"Hin","NEUT","Hin","Hin","ø",1
"Hinkelstein","MASC","Hinkelstein","Hinkelsteine","e",2
"Hintanstellung","FEM","Hintanstellung","Hintanstellungen","en",4
"Hinterbänkler","MASC","Hinterbänkler","Hinterbänkler","ø",4
"Hinterdeck","NEUT","Hinterdeck","Hinterdecks","s",3
"Hintergaumen","MASC","Hintergaumen","Hintergaumen","ø",3
"Hinterlistigkeit","FEM","Hinterlistigkeit","Hinterlistigkeiten","en",4
"Hinterreifen","MASC","Hinterreifen","Hinterreifen","ø",3
"Hintersass","MASC","Hintersass","Hintersassen","en",3
"Hinterteil","NEUT","Hinterteil","Hinterteile","e",2
"Hintertürchen","NEUT","Hintertürchen","Hintertürchen","ø",4
"Hinterwäldler","MASC","Hinterwäldler","Hinterwäldler","ø",4
"Hinterziehung","FEM","Hinterziehung","Hinterziehungen","en",3
"Hinterzimmer","NEUT","Hinterzimmer","Hinterzimmer","ø",4
"Hinweis","MASC","Hinweis","Hinweise","e",1
"Hippie","MASC","Hippie","Hippies","s",1
"Hirn","NEUT","Hirn","Hirne","e",1
"Hirnblutung","FEM","Hirnblutung","Hirnblutungen","en",3
"Hirngespinst","NEUT","Hirngespinst","Hirngespinste","e",3
"Hirnhautentzündung","FEM","Hirnhautentzündung","Hirnhautentzündungen","en",4
"Hirnschädel","FEM","Hirnschädel","Hirnschädel","ø",3
"Hirntod","MASC","Hirntod","Hirntode","e",2
"Hirsch","MASC","Hirsch","Hirsche","e",1
"Hirschkäfer","MASC","Hirschkäfer","Hirschkäfer","ø",3
"Hirt","MASC","Hirt","Hirten","en",1
"Hirtenhund","MASC","Hirtenhund","Hirtenhunde","e",3
"Histamin","NEUT","Histamin","Histamine","e",3
"Historiker","MASC","Historiker","Historiker","ø",4
"Historizität","FEM","Historizität","Historizitäten","en",5
"Hit","MASC","Hit","Hits","s",1
"Hitzeindex","MASC","Hitzeindex","Hitzeindexen","en",2
"Hitzeschild","NEUT","Hitzeschild","Hitzeschilder","er",3
"Hoatzin","MASC","Hoatzin","Hoatzine","e",2
"Hobbit","MASC","Hobbit","Hobbits","s",2
"Hobby","NEUT","Hobby","Hobbys","s",2
"Hobbymusiker","MASC","Hobbymusiker","Hobbymusiker","ø",5
"Hobel","MASC","Hobel","Hobel","ø",2
"Hobelkäse","MASC","Hobelkäse","Hobelkäse","ø",4
"Hoch","NEUT","Hoch","Hochs","s",1
"Hochalemannisch","NEUT","Hochalemannisch","Hochalemannische","e",5
"Hochchinesisch","NEUT","Hochchinesisch","Hochchinesische","e",4
"Hochdeutsch","NEUT","Hochdeutsch","Hochdeutsche","e",1
"Hochdruckgebiet","NEUT","Hochdruckgebiet","Hochdruckgebiete","e",3
"Hochformat","NEUT","Hochformat","Hochformate","e",3
"Hochgefühl","NEUT","Hochgefühl","Hochgefühle","e",3
"Hochkomma","NEUT","Hochkomma","Hochkommas","s",3
"Hochland-Ameisenwürger","MASC","Hochland-Ameisenwürger","Hochland-Ameisenwürger","ø",6
"Hochleistungskunststoff","MASC","Hochleistungskunststoff","Hochleistungskunststoffe","e",4
"Hochleistungswerkstoff","MASC","Hochleistungswerkstoff","Hochleistungswerkstoffe","e",4
"Hochmoor","NEUT","Hochmoor","Hochmoore","e",2
"Hochofenprozess","MASC","Hochofenprozess","Hochofenprozesse","e",5
"Hochparkett","NEUT","Hochparkett","Hochparkette","e",3
"Hochparterre","NEUT","Hochparterre","Hochparterres","s",4
"Hochrechnung","FEM","Hochrechnung","Hochrechnungen","en",3
"Hochsitz","MASC","Hochsitz","Hochsitze","e",2
"Hochsommer","MASC","Hochsommer","Hochsommer","ø",3
"Hochspannungsleitung","FEM","Hochspannungsleitung","Hochspannungsleitungen","en",4
"Hochspringer","MASC","Hochspringer","Hochspringer","ø",3
"Höchstalemannisch","NEUT","Höchstalemannisch","Höchstalemannische","e",5
"Hochstapelei","FEM","Hochstapelei","Hochstapeleien","en",3
"Hochstapler","MASC","Hochstapler","Hochstapler","ø",3
"Höchstwert","MASC","Höchstwert","Höchstwerte","e",2
"Hochtemperaturkunststoff","MASC","Hochtemperaturkunststoff","Hochtemperaturkunststoffe","e",7
"Hochtemperaturreaktor","MASC","Hochtemperaturreaktor","Hochtemperaturreaktoren","en",7
"Hochtöner","MASC","Hochtöner","Hochtöner","ø",3
"Hochwasser","NEUT","Hochwasser","Hochwasser","ø",3
"Hochweg","MASC","Hochweg","Hochwege","e",2
"Hochzeitskleid","NEUT","Hochzeitskleid","Hochzeitskleider","er",1
"Hochzeitskleidchen","NEUT","Hochzeitskleidchen","Hochzeitskleidchen","ø",2
"Hochzeitstag","MASC","Hochzeitstag","Hochzeitstage","e",2
"Hocker","MASC","Hocker","Hocker","ø",2
"Höcker","MASC","Höcker","Höcker","ø",2
"Hockeyschläger","MASC","Hockeyschläger","Hockeyschläger","ø",4
"Hoden","MASC","Hoden","Hoden","ø",2
"Höfchen","NEUT","Höfchen","Höfchen","ø",2
"Hoffnungsschimmer","MASC","Hoffnungsschimmer","Hoffnungsschimmer","ø",4
"Hoffnungsträger","MASC","Hoffnungsträger","Hoffnungsträger","ø",4
"Höflichkeit","FEM","Höflichkeit","Höflichkeiten","en",2
"Höfling","MASC","Höfling","Höflinge","e",2
"Hofnarr","MASC","Hofnarr","Hofnarren","en",2
"Hoheitsgebiet","NEUT","Hoheitsgebiet","Hoheitsgebiete","e",2
"Hoheitsgewalt","FEM","Hoheitsgewalt","Hoheitsgewalten","en",3
"Hoheitszeichen","NEUT","Hoheitszeichen","Hoheitszeichen","ø",2
"Höhenkrankheit","FEM","Höhenkrankheit","Höhenkrankheiten","en",3
"Höhenmesser","MASC","Höhenmesser","Höhenmesser","ø",4
"Höhenunterschied","MASC","Höhenunterschied","Höhenunterschiede","e",4
"Höhepunkt","MASC","Höhepunkt","Höhepunkte","e",3
"Höhlenbewohner","MASC","Höhlenbewohner","Höhlenbewohner","ø",5
"Höhlenforscher","MASC","Höhlenforscher","Höhlenforscher","ø",4
"Hohlkörper","MASC","Hohlkörper","Hohlkörper","ø",3
"Hohlleiter","MASC","Hohlleiter","Hohlleiter","ø",2
"Hohlmaß","NEUT","Hohlmaß","Hohlmaße","e",2
"Hohlraumresonator","NEUT","Hohlraumresonator","Hohlraumresonatore","e",5
"Hohltier","NEUT","Hohltier","Hohltiere","e",1
"Hohlweg","MASC","Hohlweg","Hohlwege","e",2
"Hohlzylinder","MASC","Hohlzylinder","Hohlzylinder","ø",4
"Holländer","MASC","Holländer","Holländer","ø",3
"Holländisch","NEUT","Holländisch","Holländische","e",3
"Höllenfahrt","FEM","Höllenfahrt","Höllenfahrten","en",3
"Höllenfeuer","NEUT","Höllenfeuer","Höllenfeuer","ø",3
"Holm","MASC","Holm","Holme","e",1
"Hologramm","NEUT","Hologramm","Hologramme","e",3
"Holster","NEUT","Holster","Holster","ø",2
"Holunder","MASC","Holunder","Holunder","ø",3
"Holzbesteck","NEUT","Holzbesteck","Holzbestecke","e",3
"Holzbrett","NEUT","Holzbrett","Holzbretter","er",2
"Hölzchen","NEUT","Hölzchen","Hölzchen","ø",2
"Holzdeckel","MASC","Holzdeckel","Holzdeckel","ø",3
"Holzgerüst","NEUT","Holzgerüst","Holzgerüste","e",3
"Holzhauer","MASC","Holzhauer","Holzhauer","ø",2
"Holzhäuschen","NEUT","Holzhäuschen","Holzhäuschen","ø",2
"Holzkitt","MASC","Holzkitt","Holzkitte","e",2
"Holzlöffel","MASC","Holzlöffel","Holzlöffel","ø",3
"Holzlöffelchen","NEUT","Holzlöffelchen","Holzlöffelchen","ø",4
"Holzmesser","NEUT","Holzmesser","Holzmesser","ø",3
"Holzquirl","MASC","Holzquirl","Holzquirle","e",2
"Holzscheit","NEUT","Holzscheit","Holzscheite","e",1
"Holzschnitt","MASC","Holzschnitt","Holzschnitte","e",2
"Holztisch","MASC","Holztisch","Holztische","e",2
"Holzweg","MASC","Holzweg","Holzwege","e",2
"Homeoffice","NEUT","Homeoffice","Homeoffices","s",4
"Homepage","FEM","Homepage","Homepages","s",4
"Homo","MASC","Homo","Homos","s",2
"Homodimer","NEUT","Homodimer","Homodimere","e",4
"Homogenität","FEM","Homogenität","Homogenitäten","en",5
"Homolog","NEUT","Homolog","Homologe","e",3
"Homonym","NEUT","Homonym","Homonyme","e",3
"Homöopath","MASC","Homöopath","Homöopathen","en",3
"Homosexualität","FEM","Homosexualität","Homosexualitäten","en",6
"Homser","MASC","Homser","Homser","ø",2
"Honig","MASC","Honig","Honige","e",2
"Honigbär","MASC","Honigbär","Honigbären","en",3
"Honigdachs","MASC","Honigdachs","Honigdachse","e",3
"Honigjäger","MASC","Honigjäger","Honigjägeren","en",4
"Honigkuchen","MASC","Honigkuchen","Honigkuchen","ø",4
"Honigkuchenpferd","NEUT","Honigkuchenpferd","Honigkuchenpferde","e",5
"Honigwein","MASC","Honigwein","Honigweine","e",2
"Honorar","NEUT","Honorar","Honorare","e",3
"Hoodie","MASC","Hoodie","Hoodies","s",1
"Hooligan","MASC","Hooligan","Hooligans","s",3
"Hopfen","MASC","Hopfen","Hopfen","ø",2
"Hörbeispiel","NEUT","Hörbeispiel","Hörbeispiele","e",1
"Horchposten","MASC","Horchposten","Horchposten","ø",3
"Hörer","MASC","Hörer","Hörer","ø",2
"Horizont","MASC","Horizont","Horizonte","e",3
"Hormon","NEUT","Hormon","Hormone","e",2
"Hormonspiegel","MASC","Hormonspiegel","Hormonspiegel","ø",3
"Hörnchen","NEUT","Hörnchen","Hörnchen","ø",2
"Hornerz","NEUT","Hornerz","Hornerze","e",2
"Hornfels","MASC","Hornfels","Hornfelse","e",2
"Hörnlein","NEUT","Hörnlein","Hörnlein","ø",1
"Hornmoos","NEUT","Hornmoos","Hornmoose","e",2
"Hornung","MASC","Hornung","Hornunge","e",2
"Horoskop","NEUT","Horoskop","Horoskope","e",3
"Hörrohr","NEUT","Hörrohr","Hörrohre","e",2
"Hörspiel","NEUT","Hörspiel","Hörspiele","e",1
"Horst","MASC","Horst","Horste","e",1
"Hort","MASC","Hort","Horte","e",1
"Höschen","NEUT","Höschen","Höschen","ø",2
"Hosenbandorden","MASC","Hosenbandorden","Hosenbandorden","ø",5
"Hosenbein","NEUT","Hosenbein","Hosenbeine","e",2
"Hosengürtel","MASC","Hosengürtel","Hosengürtel","ø",4
"Hosenträger","MASC","Hosenträger","Hosenträger","ø",4
"Hosianna","NEUT","Hosianna","Hosianna","ø",3
"Höslein","NEUT","Höslein","Höslein","ø",1
"Hospitation","FEM","Hospitation","Hospitationen","en",4
"Hospiz","NEUT","Hospiz","Hospize","e",2
"Hosting","NEUT","Hosting","Hostings","s",2
"Hotdog","MASC","Hotdog","Hotdogs","s",2
"Hotel","NEUT","Hotel","Hotels","s",2
"Hotelier","MASC","Hotelier","Hoteliers","s",2
"Hotkey","MASC","Hotkey","Hotkeys","s",2
"Hotspot","MASC","Hotspot","Hotspots","s",2
"Hubbel","MASC","Hubbel","Hubbel","ø",2
"Hübnerit","MASC","Hübnerit","Hübnerite","e",3
"Hubschrauber","MASC","Hubschrauber","Hubschrauber","ø",2
"Hubschraubereinsatz","MASC","Hubschraubereinsatz","Hubschraubereinsatz","ø",3
"Hubschrauberträger","MASC","Hubschrauberträger","Hubschrauberträger","ø",4
"Huchen","MASC","Huchen","Huchen","ø",2
"Huf","MASC","Huf","Hufe","e",1
"Hufeisen","NEUT","Hufeisen","Hufeisen","ø",2
"Huflattich","MASC","Huflattich","Huflattiche","e",3
"Hufschmied","MASC","Hufschmied","Hufschmiede","e",1
"Hüftbein","NEUT","Hüftbein","Hüftbeine","e",1
"Hüftgelenk","NEUT","Hüftgelenk","Hüftgelenke","e",3
"Hüfthalter","MASC","Hüfthalter","Hüfthalter","ø",3
"Huftier","NEUT","Huftier","Huftiere","e",1
"Hüftknochen","MASC","Hüftknochen","Hüftknochen","ø",3
"Hügel","MASC","Hügel","Hügel","ø",2
"Hühnchen","NEUT","Hühnchen","Hühnchen","ø",2
"Hühnerbraten","MASC","Hühnerbraten","Hühnerbraten","ø",4
"Hühnlein","NEUT","Hühnlein","Hühnlein","ø",1
"Hulk","MASC","Hulk","Hulke","e",1
"Hüllblättchen","NEUT","Hüllblättchen","Hüllblättchen","ø",3
"Hüllenelektron","NEUT","Hüllenelektron","Hüllenelektronen","en",5
"Huminstoff","MASC","Huminstoff","Huminstoffe","e",3
"Hummelchen","NEUT","Hummelchen","Hummelchen","ø",3
"Hummer","MASC","Hummer","Hummer","ø",2
"Humpen","MASC","Humpen","Humpen","ø",2
"Hund","MASC","Hund","Hunde","e",1
"Hündchen","NEUT","Hündchen","Hündchen","ø",2
"Hundebiss","MASC","Hundebiss","Hundebisse","e",3
"Hundeblick","MASC","Hundeblick","Hundeblicke","e",3
"Hundefreund","MASC","Hundefreund","Hundefreunde","e",2
"Hundeführer","MASC","Hundeführer","Hundeführer","ø",4
"Hundehalter","MASC","Hundehalter","Hundehalter","ø",4
"Hundejahr","NEUT","Hundejahr","Hundejahre","e",3
"Hundertjahrfeier","FEM","Hundertjahrfeier","Hundertjahrfeier","ø",4
"Hundertmillionstel","NEUT","Hundertmillionstel","Hundertmillionstel","ø",5
"Hundertstel","MASC","Hundertstel","Hundertstel","ø",3
"Hündlein","NEUT","Hündlein","Hündlein","ø",1
"Hundshai","MASC","Hundshai","Hundshaie","e",2
"Hungerhaken","MASC","Hungerhaken","Hungerhaken","ø",4
"Hungerkünstler","MASC","Hungerkünstler","Hungerkünstler","ø",4
"Hungerleider","MASC","Hungerleider","Hungerleider","ø",3
"Hungerstein","MASC","Hungerstein","Hungersteine","e",2
"Hungerstreik","MASC","Hungerstreik","Hungerstreike","e",2
"Hungertod","MASC","Hungertod","Hungertode","e",3
"Hungerwinter","MASC","Hungerwinter","Hungerwinter","ø",4
"Hunt","MASC","Hunt","Hunte","e",1
"Hüpfburg","FEM","Hüpfburg","Hüpfburgen","en",2
"Hurenkind","NEUT","Hurenkind","Hurenkinder","er",3
"Hurer","MASC","Hurer","Hurer","ø",2
"Hurra","NEUT","Hurra","Hurras","s",2
"Hurrikan","MASC","Hurrikan","Hurrikane","e",3
"Hurriter","MASC","Hurriter","Hurriter","ø",3
"Huso","MASC","Huso","Husos","s",2
"Hussit","MASC","Hussit","Hussiten","en",2
"Husten","NEUT","Husten","Husten","ø",2
"Hütchen","NEUT","Hütchen","Hütchen","ø",2
"Hütehund","MASC","Hütehund","Hütehunde","e",3
"Hüter","MASC","Hüter","Hüter","ø",2
"Hütlein","NEUT","Hütlein","Hütlein","ø",1
"Hutmacher","MASC","Hutmacher","Hutmacher","ø",3
"Hüttchen","NEUT","Hüttchen","Hüttchen","ø",2
"Hüttenkäse","MASC","Hüttenkäse","Hüttenkäse","ø",4
"Hüttenrauch","MASC","Hüttenrauch","Hüttenrauche","e",2
"Hüttenwerk","NEUT","Hüttenwerk","Hüttenwerke","e",3
"Hybridauto","NEUT","Hybridauto","Hybridautos","s",3
"Hybridbildung","FEM","Hybridbildung","Hybridbildungen","en",4
"Hydrant","MASC","Hydrant","Hydranten","en",2
"Hydrat","NEUT","Hydrat","Hydrate","e",2
"Hydrauliköl","NEUT","Hydrauliköl","Hydrauliköle","e",3
"Hydridokomplex","MASC","Hydridokomplex","Hydridokomplexe","e",5
"Hydrierkatalysator","MASC","Hydrierkatalysator","Hydrierkatalysatoren","en",6
"Hydrierung","FEM","Hydrierung","Hydrierungen","en",2
"Hydrochinon","NEUT","Hydrochinon","Hydrochinone","e",4
"Hydrogencarbonat","NEUT","Hydrogencarbonat","Hydrogencarbonate","e",6
"Hydrogeniumoxid","NEUT","Hydrogeniumoxid","Hydrogeniumoxide","e",6
"hydrogentartrat","NEUT","hydrogentartrat","hydrogentartrate","e",5
"Hydronym","NEUT","Hydronym","Hydronyme","e",3
"Hydroxid","NEUT","Hydroxid","Hydroxide","e",3
"Hydroxidion","NEUT","Hydroxidion","Hydroxidionen","en",4
"Hydroxyaldehyd","NEUT","Hydroxyaldehyd","Hydroxyaldehyde","e",5
"Hydroxyketon","NEUT","Hydroxyketon","Hydroxyketone","e",5
"Hydroxylapatit","NEUT","Hydroxylapatit","Hydroxylapatite","e",6
"Hygrometer","NEUT","Hygrometer","Hygrometer","ø",4
"Hype","MASC","Hype","Hypes","s",2
"Hyperlink","MASC","Hyperlink","Hyperlinks","s",3
"Hyperonym","NEUT","Hyperonym","Hyperonyme","e",4
"Hyperoxid","NEUT","Hyperoxid","Hyperoxide","e",4
"Hyperwürfel","MASC","Hyperwürfel","Hyperwürfel","ø",4
"Hypobromit","NEUT","Hypobromit","Hypobromite","e",4
"Hypochlorit","NEUT","Hypochlorit","Hypochlorite","e",4
"Hypochonder","MASC","Hypochonder","Hypochonder","ø",4
"Hypomanganat","NEUT","Hypomanganat","Hypomanganate","e",5
"Hyponym","NEUT","Hyponym","Hyponyme","e",3
"Hypophosphit","NEUT","Hypophosphit","Hypophosphite","e",4
"Hysteriker","MASC","Hysteriker","Hysteriker","ø",4
"i-Dötzchen","NEUT","i-Dötzchen","i-Dötzchen","ø",3
"I-Dötzchen","NEUT","I-Dötzchen","I-Dötzchen","ø",3
"i-Tüpfelchen","NEUT","i-Tüpfelchen","i-Tüpfelchen","ø",4
"Iberer","MASC","Iberer","Iberer","ø",3
"Ich","NEUT","Ich","Ichs","s",1
"Icon","NEUT","Icon","Icons","s",2
"Ideal","NEUT","Ideal","Ideale","e",2
"Idealist","MASC","Idealist","Idealisten","en",3
"Ideenschrift","FEM","Ideenschrift","Ideenschriften","en",3
"Identität","FEM","Identität","Identitäten","en",4
"Identitätsnachweis","MASC","Identitätsnachweis","Identitätsnachweise","e",5
"Idiom","NEUT","Idiom","Idiome","e",2
"Idiot","MASC","Idiot","Idioten","en",2
"Idist","MASC","Idist","Idisten","en",2
"Idol","NEUT","Idol","Idole","e",2
"Igel","MASC","Igel","Igel","ø",2
"Igelfisch","MASC","Igelfisch","Igelfische","e",3
"Ignorant","MASC","Ignorant","Ignoranten","en",3
"Ikonoklast","MASC","Ikonoklast","Ikonoklasten","en",4
"Ikosaeder","NEUT","Ikosaeder","Ikosaeder","ø",4
"Illativ","MASC","Illativ","Illative","e",3
"Illit","MASC","Illit","Illite","e",2
"Illustrator","MASC","Illustrator","Illustratoren","en",4
"Illyrer","MASC","Illyrer","Illyrer","ø",3
"Ilmenit","MASC","Ilmenit","Ilmenite","e",3
"Image","NEUT","Image","Images","s",3
"Image-Problem","NEUT","Image-Problem","Image-Probleme","e",5
"Imam","MASC","Imam","Imame","e",2
"Imbiss","MASC","Imbiss","Imbisse","e",2
"Imitation","FEM","Imitation","Imitationen","en",4
"Imker","MASC","Imker","Imker","ø",2
"Immergrün","NEUT","Immergrün","Immergrüne","e",3
"Immigrant","MASC","Immigrant","Immigranten","en",3
"Immunität","FEM","Immunität","Immunitäten","en",4
"Immunreaktion","FEM","Immunreaktion","Immunreaktionen","en",4
"Immunsystem","NEUT","Immunsystem","Immunsysteme","e",4
"Imperator","MASC","Imperator","Imperatoren","en",4
"Imperialist","MASC","Imperialist","Imperialisten","en",4
"Impfkristall","MASC","Impfkristall","Impfkristalle","e",3
"Impfstoff","MASC","Impfstoff","Impfstoffe","e",2
"Implantat","NEUT","Implantat","Implantate","e",3
"Implosion","FEM","Implosion","Implosionen","en",3
"Import","MASC","Import","Importe","e",2
"Importeur","MASC","Importeur","Importeure","e",2
"Imprägnierung","FEM","Imprägnierung","Imprägnierungen","en",3
"Impressionist","MASC","Impressionist","Impressionisten","en",4
"Impuls","MASC","Impuls","Impulse","e",2
"Inauguration","FEM","Inauguration","Inaugurationen","en",4
"Inbegriff","MASC","Inbegriff","Inbegriffe","e",3
"Inbusschlüssel","MASC","Inbusschlüssel","Inbusschlüssel","ø",4
"Inder","MASC","Inder","Inder","ø",2
"Indianer","MASC","Indianer","Indianer","ø",3
"Indienststellung","FEM","Indienststellung","Indienststellungen","en",3
"Indier","MASC","Indier","Indier","ø",1
"Indikativ","MASC","Indikativ","Indikative","e",4
"Indikator","MASC","Indikator","Indikatoren","en",4
"Indit","MASC","Indit","Indite","e",2
"Indiumarsenid","NEUT","Indiumarsenid","Indiumarsenide","e",5
"Indiumatom","NEUT","Indiumatom","Indiumatome","e",4
"Indiumhalogenid","NEUT","Indiumhalogenid","Indiumhalogenide","e",6
"Indiumion","NEUT","Indiumion","Indiumionen","en",3
"Indiummetall","NEUT","Indiummetall","Indiummetalle","e",4
"Individualisierung","FEM","Individualisierung","Individualisierungen","en",6
"Indizienbeweis","MASC","Indizienbeweis","Indizienbeweise","e",3
"Indonesier","MASC","Indonesier","Indonesier","ø",3
"Indossant","MASC","Indossant","Indossanten","en",3
"Induktionsspannung","FEM","Induktionsspannung","Induktionsspannungen","en",5
"Industrienation","FEM","Industrienation","Industrienationen","en",4
"Industriezweig","MASC","Industriezweig","Industriezweige","e",2
"Induzierbarkeit","FEM","Induzierbarkeit","Induzierbarkeiten","en",3
"Inertgas","NEUT","Inertgas","Inertgase","e",3
"Inertialsystem","NEUT","Inertialsystem","Inertialsysteme","e",5
"Inessiv","MASC","Inessiv","Inessive","e",3
"Infant","MASC","Infant","Infanten","en",2
"Infekt","MASC","Infekt","Infekte","e",2
"Infektionskrankheit","FEM","Infektionskrankheit","Infektionskrankheiten","en",4
"Inferno","NEUT","Inferno","Infernos","s",3
"Inflationsrechner","MASC","Inflationsrechner","Inflationsrechner","ø",5
"Inflektiv","NEUT","Inflektiv","Inflektive","e",3
"Influencer","MASC","Influencer","Influencer","ø",3
"Info","FEM","Info","Infos","s",2
"Informant","MASC","Informant","Informanten","en",3
"Informatiker","MASC","Informatiker","Informatiker","ø",5
"Information","FEM","Information","Informationen","en",4
"Informationsdienst","MASC","Informationsdienst","Informationsdienste","e",4
"Infoscreen","MASC","Infoscreen","Infoscreens","s",3
"Infragestellung","FEM","Infragestellung","Infragestellungen","en",5
"Infrarot","NEUT","Infrarot","Infrarots","s",3
"Infrarotbereich","MASC","Infrarotbereich","Infrarotbereiche","e",4
"Infrarotlicht","NEUT","Infrarotlicht","Infrarotlichter","er",4
"Infrarotteleskop","NEUT","Infrarotteleskop","Infrarotteleskope","e",6
"Infusion","FEM","Infusion","Infusionen","en",3
"Ingenieur","MASC","Ingenieur","Ingenieure","e",3
"Ingwer","MASC","Ingwer","Ingwer","ø",2
"Inhaber","MASC","Inhaber","Inhaber","ø",3
"Inhalt","MASC","Inhalt","Inhalte","e",2
"Inhaltsstoff","MASC","Inhaltsstoff","Inhaltsstoffe","e",3
"Inhibitor","MASC","Inhibitor","Inhibitoren","en",4
"Initialzünder","MASC","Initialzünder","Initialzünder","ø",5
"Initiator","MASC","Initiator","Initiatoren","en",4
"Inkarnation","FEM","Inkarnation","Inkarnationen","en",4
"Inklusion","FEM","Inklusion","Inklusionen","en",3
"Inkompatibilität","FEM","Inkompatibilität","Inkompatibilitäten","en",7
"Inkreis","MASC","Inkreis","Inkreise","e",1
"Inkubator","MASC","Inkubator","Inkubatoren","en",4
"Inländer","MASC","Inländer","Inländer","ø",3
"Inlaut","MASC","Inlaut","Inlaute","e",1
"Inlett","NEUT","Inlett","Inlette","e",2
"Inliner","MASC","Inliner","Inliner","ø",3
"Inlineskate","MASC","Inlineskate","Inlineskates","s",5
"Inneneinrichtung","FEM","Inneneinrichtung","Inneneinrichtungen","en",4
"Innenminister","MASC","Innenminister","Innenminister","ø",5
"Innenohr","NEUT","Innenohr","Innenohren","en",3
"Innenpolitik","FEM","Innenpolitik","Innenpolitiken","en",5
"Innensechskantschlüssel","MASC","Innensechskantschlüssel","Innensechskantschlüssel","ø",6
"Innensenator","MASC","Innensenator","Innensenatoren","en",5
"Innerorbitalkomplex","MASC","Innerorbitalkomplex","Innerorbitalkomplexe","e",7
"Inschrift","FEM","Inschrift","Inschriften","en",2
"Insekt","NEUT","Insekt","Insekten","en",2
"Insektenbiss","MASC","Insektenbiss","Insektenbisse","e",4
"Insektizid","NEUT","Insektizid","Insektizide","e",4
"Inselberg","MASC","Inselberg","Inselberge","e",3
"Inselbewohner","MASC","Inselbewohner","Inselbewohner","ø",5
"Inselchen","NEUT","Inselchen","Inselchen","ø",3
"Inserat","NEUT","Inserat","Inserate","e",3
"Insider","MASC","Insider","Insider","ø",3
"Insiderwitz","MASC","Insiderwitz","Insiderwitze","e",4
"Inspektion","FEM","Inspektion","Inspektionen","en",3
"Inspiration","FEM","Inspiration","Inspirationen","en",4
"Inspirator","MASC","Inspirator","Inspiratoren","en",4
"Instabilität","FEM","Instabilität","Instabilitäten","en",5
"Instinkt","MASC","Instinkt","Instinkte","e",2
"Institut","NEUT","Institut","Institute","e",3
"Institution","FEM","Institution","Institutionen","en",4
"Instrukteur","MASC","Instrukteur","Instrukteure","e",2
"Instruktiv","MASC","Instruktiv","Instruktive","e",3
"Instruktor","MASC","Instruktor","Instruktoren","en",3
"Instrument","NEUT","Instrument","Instrumente","e",3
"Instrumental","MASC","Instrumental","Instrumentale","e",4
"Instrumentenbauer","MASC","Instrumentenbauer","Instrumentenbauer","ø",5
"Instrumentenhersteller","MASC","Instrumentenhersteller","Instrumentenhersteller","ø",7
"Insulaner","MASC","Insulaner","Insulaner","ø",4
"Inszenierung","FEM","Inszenierung","Inszenierungen","en",3
"Integral","NEUT","Integral","Integrale","e",3
"Integralzeichen","NEUT","Integralzeichen","Integralzeichen","ø",4
"Integrität","FEM","Integrität","Integritäten","en",4
"Integritätsbereich","MASC","Integritätsbereich","Integritätsbereiche","e",5
"Intelligenz","FEM","Intelligenz","Intelligenzen","en",4
"Intelligenzquotient","MASC","Intelligenzquotient","Intelligenzquotienten","en",5
"Intendant","MASC","Intendant","Intendanten","en",3
"Intensität","FEM","Intensität","Intensitäten","en",4
"Intensivierung","FEM","Intensivierung","Intensivierungen","en",4
"Intensivtäter","MASC","Intensivtäter","Intensivtäter","ø",5
"Interaktivität","FEM","Interaktivität","Interaktivitäten","en",6
"Interessengebiet","NEUT","Interessengebiet","Interessengebiete","e",5
"Interessenkonflikt","MASC","Interessenkonflikt","Interessenkonflikte","e",6
"Interessent","MASC","Interessent","Interessenten","en",4
"Interessenvertretung","FEM","Interessenvertretung","Interessenvertretungen","en",7
"Interfix","NEUT","Interfix","Interfixe","e",3
"Interhalogen","NEUT","Interhalogen","Interhalogene","e",5
"Interieur","NEUT","Interieur","Interieure","e",3
"Interim","NEUT","Interim","Interims","s",3
"Internetblog","MASC","Internetblog","Internetblogs","s",4
"Internierungslager","NEUT","Internierungslager","Internierungslager","ø",5
"Internist","MASC","Internist","Internisten","en",3
"Interpret","MASC","Interpret","Interpreten","en",3
"Interpunktion","FEM","Interpunktion","Interpunktionen","en",4
"Interrobang","NEUT","Interrobang","Interrobangs","s",4
"Intervall","NEUT","Intervall","Intervalle","e",3
"Interview","NEUT","Interview","Interviews","s",2
"Intifada","FEM","Intifada","Intifadas","s",4
"Intranet","NEUT","Intranet","Intranets","s",3
"Intrigant","MASC","Intrigant","Intriganten","en",3
"Intrusivgestein","NEUT","Intrusivgestein","Intrusivgesteine","e",4
"Intuition","FEM","Intuition","Intuitionen","en",3
"Inventar","NEUT","Inventar","Inventare","e",3
"Inversion","FEM","Inversion","Inversionen","en",3
"Investor","MASC","Investor","Investoren","en",3
"Iodat","NEUT","Iodat","Iodate","e",2
"Iodatom","NEUT","Iodatom","Iodatome","e",3
"Iodbromid","NEUT","Iodbromid","Iodbromide","e",3
"Iodid","NEUT","Iodid","Iodide","e",2
"Ion","NEUT","Ion","Ionen","en",1
"Ionenaustausch","MASC","Ionenaustausch","Ionenaustausche","e",2
"Ionenaustauscher","MASC","Ionenaustauscher","Ionenaustauscher","ø",3
"Ionenbindung","FEM","Ionenbindung","Ionenbindungen","en",4
"Ionisation","FEM","Ionisation","Ionisationen","en",4
"Ionisierung","FEM","Ionisierung","Ionisierungen","en",3
"Iota","NEUT","Iota","Iotas","s",2
"Iraker","MASC","Iraker","Iraker","ø",3
"Iraner","MASC","Iraner","Iraner","ø",3
"Irisch","NEUT","Irisch","Irische","e",2
"Iro","MASC","Iro","Iros","s",2
"Irrfahrt","FEM","Irrfahrt","Irrfahrten","en",2
"Irrlicht","NEUT","Irrlicht","Irrlichter","er",2
"Irrsal","NEUT","Irrsal","Irrsale","e",2
"Irrsinnigkeit","FEM","Irrsinnigkeit","Irrsinnigkeiten","en",3
"Irrweg","MASC","Irrweg","Irrwege","e",2
"Irrwitz","MASC","Irrwitz","Irrwitze","e",2
"Islamisierung","FEM","Islamisierung","Islamisierungen","en",4
"Islamist","MASC","Islamist","Islamisten","en",3
"Isländer","MASC","Isländer","Isländer","ø",3
"Isobar","NEUT","Isobar","Isobare","e",3
"Isolani","MASC","Isolani","Isolanis","s",4
"Isolation","FEM","Isolation","Isolationen","en",4
"Isolator","MASC","Isolator","Isolatoren","en",4
"Isolierstoff","MASC","Isolierstoff","Isolierstoffe","e",3
"Isomer","NEUT","Isomer","Isomere","e",3
"Isoton","NEUT","Isoton","Isotone","e",3
"Isotop","NEUT","Isotop","Isotope","e",3
"Isotopenaustausch","MASC","Isotopenaustausch","Isotopenaustausche","e",4
"Isotopeneffekt","MASC","Isotopeneffekt","Isotopeneffekte","e",6
"Isotopengemisch","NEUT","Isotopengemisch","Isotopengemische","e",6
"Israeli","MASC","Israeli","Israelis","s",3
"Italiener","MASC","Italiener","Italiener","ø",3
"Itzig","MASC","Itzig","Itzige","e",2
"Jackpot","MASC","Jackpot","Jackpots","s",2
"Jadeit","MASC","Jadeit","Jadeite","e",1
"Jagdbomber","MASC","Jagdbomber","Jagdbomber","ø",3
"Jagdhund","MASC","Jagdhund","Jagdhunde","e",2
"Jagdleopard","MASC","Jagdleopard","Jagdleoparden","en",3
"Jagdpanzer","MASC","Jagdpanzer","Jagdpanzer","ø",3
"Jäger","MASC","Jäger","Jäger","ø",2
"Jägermeister","MASC","Jägermeister","Jägermeister","ø",3
"Jägerschnitzel","NEUT","Jägerschnitzel","Jägerschnitzel","ø",4
"Jaguar","MASC","Jaguar","Jaguare","e",2
"Jahr","NEUT","Jahr","Jahre","e",1
"Jährchen","NEUT","Jährchen","Jährchen","ø",2
"Jahresbedarf","MASC","Jahresbedarf","Jahresbedarfe","e",4
"Jahresbeginn","MASC","Jahresbeginn","Jahresbeginne","e",4
"Jahresbericht","MASC","Jahresbericht","Jahresberichte","e",4
"Jahresendflügelfigur","FEM","Jahresendflügelfigur","Jahresendflügelfiguren","en",7
"Jahresring","MASC","Jahresring","Jahresringe","e",3
"Jahresrückblick","MASC","Jahresrückblick","Jahresrückblicke","e",4
"Jahrestag","MASC","Jahrestag","Jahrestage","e",3
"Jahreswechsel","MASC","Jahreswechsel","Jahreswechsel","ø",4
"Jahrhundert","NEUT","Jahrhundert","Jahrhunderte","e",3
"Jahrtausend","NEUT","Jahrtausend","Jahrtausende","e",2
"Jahrzehnt","NEUT","Jahrzehnt","Jahrzehnte","e",2
"Jammerlappen","MASC","Jammerlappen","Jammerlappen","ø",4
"Jänner","MASC","Jänner","Jänner","ø",2
"Januar","MASC","Januar","Januare","e",2
"Janusgesicht","NEUT","Janusgesicht","Janusgesichter","er",4
"Japaner","MASC","Japaner","Japaner","ø",3
"Jar","NEUT","Jar","Jare","e",1
"Jargon","MASC","Jargon","Jargons","s",2
"Jarmulke","FEM","Jarmulke","Jarmulkes","s",3
"Jasager","MASC","Jasager","Jasager","ø",3
"Jasmin","FEM","Jasmin","Jasmine","e",2
"Jeans","FEM","Jeans","Jeans","ø",1
"Jeep","MASC","Jeep","Jeeps","s",1
"Jein","NEUT","Jein","Jeins","s",0
"Jelängerjelieber","NEUT","Jelängerjelieber","Jelängerjelieber","ø",5
"Jemenit","MASC","Jemenit","Jemeniten","en",3
"Jesuit","MASC","Jesuit","Jesuiten","en",2
"Jet","MASC","Jet","Jets","s",1
"Jeton","MASC","Jeton","Jetons","s",2
"Job","MASC","Job","Jobs","s",1
"Jobanwärter","MASC","Jobanwärter","Jobanwärter","ø",4
"Jobaussicht","FEM","Jobaussicht","Jobaussichten","en",2
"Jobeljahr","NEUT","Jobeljahr","Jobeljahre","e",3
"Joch","NEUT","Joch","Joche","e",1
"Jochbein","NEUT","Jochbein","Jochbeine","e",1
"Jodid","NEUT","Jodid","Jodide","e",2
"Jodler","MASC","Jodler","Jodler","ø",2
"Jogginghose","FEM","Jogginghose","Jogginghoseen","en",4
"Johannisbrot","NEUT","Johannisbrot","Johannisbrote","e",4
"Johannisbrotgewächs","NEUT","Johannisbrotgewächs","Johannisbrotgewächse","e",6
"Joint","MASC","Joint","Joints","s",1
"Jom Kippur","MASC","Jom Kippur","Jom Kippur","ø",3
"Jongleur","MASC","Jongleur","Jongleure","e",1
"Jordanier","MASC","Jordanier","Jordanier","ø",2
"Joscha","MASC","Joscha","Joschas","s",2
"Jot","NEUT","Jot","Jot","ø",1
"Jota","NEUT","Jota","Jotas","s",2
"Joule","NEUT","Joule","Joule","ø",2
"Journal","NEUT","Journal","Journale","e",2
"Journalist","MASC","Journalist","Journalisten","en",3
"Jubeljahr","NEUT","Jubeljahr","Jubeljahre","e",3
"Juckpulver","MASC","Juckpulver","Juckpulver","ø",3
"Juckreiz","MASC","Juckreiz","Juckreize","e",1
"Judaist","MASC","Judaist","Judaisten","en",2
"Judas","MASC","Judas","Judase","e",2
"Judendeutsch","NEUT","Judendeutsch","Judendeutsche","e",2
"Judenschaft","FEM","Judenschaft","Judenschaften","en",3
"Judenstern","MASC","Judenstern","Judensterne","e",3
"Jüdlein","NEUT","Jüdlein","Jüdlein","ø",1
"Jugendbewegung","FEM","Jugendbewegung","Jugendbewegungen","en",5
"Jugendfreund","MASC","Jugendfreund","Jugendfreunde","e",2
"Julei","MASC","Julei","Juleis","s",1
"Julfest","NEUT","Julfest","Julfeste","e",2
"Juli","MASC","Juli","Julis","s",2
"Julmond","MASC","Julmond","Julmonde","e",2
"Jumbojet","MASC","Jumbojet","Jumbojets","s",3
"Jumpsuit","MASC","Jumpsuit","Jumpsuits","s",2
"Jünger","MASC","Jünger","Jünger","ø",2
"Jungfernfahrt","FEM","Jungfernfahrt","Jungfernfahrten","en",3
"Jungfrau","FEM","Jungfrau","Jungfrauen","en",1
"Jungfrauengeburt","FEM","Jungfrauengeburt","Jungfrauengeburten","en",4
"Jungfrauschaft","FEM","Jungfrauschaft","Jungfrauschaft","ø",2
"Junggrammatiker","MASC","Junggrammatiker","Junggrammatiker","ø",5
"Jüngling","MASC","Jüngling","Jünglinge","e",2
"Juni","MASC","Juni","Junis","s",2
"Junior","MASC","Junior","Junioren","en",2
"Junker","MASC","Junker","Junker","ø",2
"Junkie","MASC","Junkie","Junkies","s",1
"Juno","MASC","Juno","Junos","s",2
"Jupitermond","MASC","Jupitermond","Jupitermonde","e",4
"Jurist","MASC","Jurist","Juristen","en",2
"Juristendeutsch","NEUT","Juristendeutsch","Juristendeutsche","e",3
"Justizminister","MASC","Justizminister","Justizminister","ø",5
"Juwelier","MASC","Juwelier","Juweliere","e",2
"Kabarett","NEUT","Kabarett","Kabarette","e",3
"Kabbelei","FEM","Kabbelei","Kabbeleien","en",2
"Kabel","NEUT","Kabel","Kabel","ø",2
"Käbelchen","NEUT","Käbelchen","Käbelchen","ø",3
"Kabeljau","MASC","Kabeljau","Kabeljaue","e",2
"Kabinett","NEUT","Kabinett","Kabinette","e",3
"Kabinettskrieg","MASC","Kabinettskrieg","Kabinettskriege","e",3
"Kabriolett","MASC","Kabriolett","Kabrioletts","s",3
"Kabuff","NEUT","Kabuff","Kabuffe","e",2
"Kackbratze","FEM","Kackbratze","Kackbratze","ø",3
"Kadaver","MASC","Kadaver","Kadaver","ø",3
"Kadett","MASC","Kadett","Kadetten","en",2
"Käfer","MASC","Käfer","Käfer","ø",2
"Käferchen","NEUT","Käferchen","Käferchen","ø",3
"Käffchen","NEUT","Käffchen","Käffchen","ø",2
"Kaffee","MASC","Kaffee","Kaffees","s",2
"Kaffeefilter","MASC","Kaffeefilter","Kaffeefilter","ø",4
"Kaffeehausliteratur","FEM","Kaffeehausliteratur","Kaffeehausliteraturen","en",6
"Kaffeelöffel","MASC","Kaffeelöffel","Kaffeelöffel","ø",4
"Kaffeeweißer","MASC","Kaffeeweißer","Kaffeeweißer","ø",3
"Käfig","MASC","Käfig","Käfige","e",2
"Käfigläufer","MASC","Käfigläufer","Käfigläufer","ø",3
"Käfter","NEUT","Käfter","Käfter","ø",2
"Käfterchen","NEUT","Käfterchen","Käfterchen","ø",3
"Kahlkopfwürger","MASC","Kahlkopfwürger","Kahlkopfwürger","ø",4
"Kai","MASC","Kai","Kais","s",1
"Kaiman","MASC","Kaiman","Kaimane","e",2
"Kainit","MASC","Kainit","Kainite","e",2
"Kainszeichen","NEUT","Kainszeichen","Kainszeichen","ø",2
"Kairiner","MASC","Kairiner","Kairiner","ø",3
"Kairoer","MASC","Kairoer","Kairoer","ø",2
"Kaiserbrötchen","NEUT","Kaiserbrötchen","Kaiserbrötchen","ø",4
"Kaiserpinguin","MASC","Kaiserpinguin","Kaiserpinguine","e",4
"Kaiserwetter","NEUT","Kaiserwetter","Kaiserwetter","ø",4
"Kaiserzeit","FEM","Kaiserzeit","Kaiserzeiten","en",2
"Kakadu","MASC","Kakadu","Kakadus","s",3
"Kakao","MASC","Kakao","Kakaos","s",2
"Kakerlak","MASC","Kakerlak","Kakerlaken","en",3
"Kalauer","MASC","Kalauer","Kalauer","ø",2
"Kälbchen","NEUT","Kälbchen","Kälbchen","ø",2
"Kalbsbraten","MASC","Kalbsbraten","Kalbsbraten","ø",3
"Kalbsfilet","NEUT","Kalbsfilet","Kalbsfilets","s",3
"Kalender","MASC","Kalender","Kalender","ø",3
"Kali","NEUT","Kali","Kalis","s",2
"Kaliber","NEUT","Kaliber","Kaliber","ø",3
"Kalifat","NEUT","Kalifat","Kalifate","e",3
"Kalifeldspat","MASC","Kalifeldspat","Kalifeldspate","e",4
"Kalifornier","MASC","Kalifornier","Kalifornier","ø",3
"Kaliumamalgam","NEUT","Kaliumamalgam","Kaliumamalgame","e",5
"Kalk","MASC","Kalk","Kalke","e",1
"Kalkspat","MASC","Kalkspat","Kalkspate","e",2
"Kalkstein","MASC","Kalkstein","Kalksteine","e",1
"Kalmar","MASC","Kalmar","Kalmare","e",2
"Kalorimeter","NEUT","Kalorimeter","Kalorimeter","ø",5
"Kälteschauer","MASC","Kälteschauer","Kälteschauer","ø",3
"Kaltfront","FEM","Kaltfront","Kaltfronten","en",2
"Kalvinist","MASC","Kalvinist","Kalvinisten","en",3
"Kamacit","MASC","Kamacit","Kamacite","e",3
"Kamel","NEUT","Kamel","Kamele","e",2
"Kamerad","MASC","Kamerad","Kameraden","en",3
"Kameramodell","NEUT","Kameramodell","Kameramodelle","e",5
"Kameruner","MASC","Kameruner","Kameruner","ø",4
"Kamikaze","MASC","Kamikaze","Kamikaze","ø",4
"Kamin","MASC","Kamin","Kamine","e",2
"Kämmerchen","NEUT","Kämmerchen","Kämmerchen","ø",3
"Kammerdiener","MASC","Kammerdiener","Kammerdiener","ø",3
"Kämmerer","MASC","Kämmerer","Kämmerer","ø",3
"Kammerjäger","MASC","Kammerjäger","Kammerjäger","ø",4
"Kämmerlein","NEUT","Kämmerlein","Kämmerlein","ø",2
"Kammermädchen","NEUT","Kammermädchen","Kammermädchen","ø",4
"Kammerspiel","NEUT","Kammerspiel","Kammerspiele","e",2
"Kammerstück","NEUT","Kammerstück","Kammerstücke","e",3
"Kampfbegriff","MASC","Kampfbegriff","Kampfbegriffe","e",3
"Kämpfer","MASC","Kämpfer","Kämpfer","ø",2
"Kampfflugzeug","NEUT","Kampfflugzeug","Kampfflugzeuge","e",2
"Kampfhund","MASC","Kampfhund","Kampfhunde","e",2
"Kampfjet","MASC","Kampfjet","Kampfjets","s",2
"Kampfläufer","MASC","Kampfläufer","Kampfläufer","ø",2
"Kampfmittel","NEUT","Kampfmittel","Kampfmittel","ø",3
"Kampfspiel","NEUT","Kampfspiel","Kampfspiele","e",1
"Kampfstoff","MASC","Kampfstoff","Kampfstoffe","e",2
"Kanadier","MASC","Kanadier","Kanadier","ø",2
"Kanaldeckel","MASC","Kanaldeckel","Kanaldeckel","ø",4
"Kanalisation","FEM","Kanalisation","Kanalisationen","en",5
"Kanapee","NEUT","Kanapee","Kanapees","s",3
"Kandidat","MASC","Kandidat","Kandidaten","en",3
"Känguru","NEUT","Känguru","Kängurus","s",3
"Känguruh","NEUT","Känguruh","Känguruhs","s",3
"Kanin","NEUT","Kanin","Kanine","e",2
"Kaninchen","NEUT","Kaninchen","Kaninchen","ø",3
"Kaninchenjagd","FEM","Kaninchenjagd","Kaninchenjagden","en",4
"Kanister","MASC","Kanister","Kanister","ø",3
"Kännchen","NEUT","Kännchen","Kännchen","ø",2
"Kanon","MASC","Kanon","Kanons","s",2
"Kanonier","MASC","Kanonier","Kanoniere","e",2
"Kanu","NEUT","Kanu","Kanus","s",2
"Kanufahrer","MASC","Kanufahrer","Kanufahrer","ø",4
"Kanzlei","FEM","Kanzlei","Kanzleien","en",1
"Kanzler","MASC","Kanzler","Kanzler","ø",2
"Kanzlist","MASC","Kanzlist","Kanzlisten","en",2
"Kaolinit","MASC","Kaolinit","Kaolinite","e",3
"Kap","NEUT","Kap","Kaps","s",1
"Kapaun","MASC","Kapaun","Kapaune","e",1
"Kapazität","FEM","Kapazität","Kapazitäten","en",4
"Kapellmeister","MASC","Kapellmeister","Kapellmeister","ø",3
"Kapitalist","MASC","Kapitalist","Kapitalisten","en",4
"Kapitalverbrechen","NEUT","Kapitalverbrechen","Kapitalverbrechen","ø",6
"Kapitalverkehr","MASC","Kapitalverkehr","Kapitalverkehre","e",5
"Kapitän","MASC","Kapitän","Kapitäne","e",3
"Kapitel","NEUT","Kapitel","Kapitel","ø",3
"Kapo","MASC","Kapo","Kapos","s",2
"Kappa","NEUT","Kappa","Kappas","s",2
"Käppchen","NEUT","Käppchen","Käppchen","ø",2
"Kapuzenameisenwürger","MASC","Kapuzenameisenwürger","Kapuzenameisenwürger","ø",7
"Kapuziner","MASC","Kapuziner","Kapuziner","ø",4
"Kar","NEUT","Kar","Kare","e",1
"Karabiner","MASC","Karabiner","Karabiner","ø",4
"Karat","NEUT","Karat","Karate","e",2
"Karbonatit","MASC","Karbonatit","Karbonatite","e",4
"Kardinaltugend","FEM","Kardinaltugend","Kardinaltugenden","en",5
"Karer","MASC","Karer","Karer","ø",2
"Karfreitag","MASC","Karfreitag","Karfreitage","e",2
"Karikaturist","MASC","Karikaturist","Karikaturisten","en",5
"Karlchen","NEUT","Karlchen","Karlchen","ø",2
"Karlsruher","MASC","Karlsruher","Karlsruher","ø",3
"Karneol","MASC","Karneol","Karneole","e",2
"Karnickel","NEUT","Karnickel","Karnickel","ø",3
"Karo","NEUT","Karo","Karos","s",2
"Karoass","NEUT","Karoass","Karoasse","e",2
"Karolinger","MASC","Karolinger","Karolinger","ø",4
"Karpaltunnel","MASC","Karpaltunnel","Karpaltunnel","ø",4
"Karpfen","MASC","Karpfen","Karpfen","ø",2
"Karpfenteich","MASC","Karpfenteich","Karpfenteiche","e",2
"Karree","NEUT","Karree","Karrees","s",2
"Karren","MASC","Karren","Karren","ø",2
"Karriol","NEUT","Karriol","Karriole","e",2
"Karsamstag","MASC","Karsamstag","Karsamstage","e",3
"Karst","MASC","Karst","Karste","e",1
"Kartell","NEUT","Kartell","Kartelle","e",2
"Kartenspiel","NEUT","Kartenspiel","Kartenspiele","e",2
"Kartenspieler","MASC","Kartenspieler","Kartenspieler","ø",3
"Kartenstapel","MASC","Kartenstapel","Kartenstapel","ø",4
"Karthager","MASC","Karthager","Karthager","ø",3
"Kartoffelbrei","MASC","Kartoffelbrei","Kartoffelbreie","e",3
"Kartoffelchip","MASC","Kartoffelchip","Kartoffelchips","s",4
"Kartoffelpuffer","MASC","Kartoffelpuffer","Kartoffelpuffer","ø",5
"Kartoffelsalat","MASC","Kartoffelsalat","Kartoffelsalate","e",5
"Kartoffelschäler","MASC","Kartoffelschäler","Kartoffelschäler","ø",5
"Kartoffelstampfer","MASC","Kartoffelstampfer","Kartoffelstampfer","ø",5
"Kartoffelteig","MASC","Kartoffelteig","Kartoffelteige","e",3
"Kartograf","MASC","Kartograf","Kartografen","en",3
"Kartograph","MASC","Kartograph","Kartographen","en",3
"Karton","MASC","Karton","Kartons","s",2
"Karzinom","NEUT","Karzinom","Karzinome","e",3
"Käse","MASC","Käse","Käse","ø",2
"Käseblättchen","NEUT","Käseblättchen","Käseblättchen","ø",4
"Käsebrot","NEUT","Käsebrot","Käsebrote","e",3
"Käsehobel","MASC","Käsehobel","Käsehobel","ø",4
"Käseigel","MASC","Käseigel","Käseigel","ø",2
"Käsemacher","MASC","Käsemacher","Käsemacher","ø",4
"Käsemesser","NEUT","Käsemesser","Käsemesser","ø",4
"Kasino","NEUT","Kasino","Kasinos","s",3
"Kassandraruf","MASC","Kassandraruf","Kassandrarufe","e",4
"Kassenbeleg","MASC","Kassenbeleg","Kassenbelege","e",4
"Kassenbon","MASC","Kassenbon","Kassenbons","s",3
"Kassenpatient","MASC","Kassenpatient","Kassenpatienten","en",3
"Kassenschein","MASC","Kassenschein","Kassenscheine","e",2
"Kassenschlager","MASC","Kassenschlager","Kassenschlager","ø",4
"Kassenzettel","MASC","Kassenzettel","Kassenzettel","ø",4
"Kassettenrekorder","MASC","Kassettenrekorder","Kassettenrekorder","ø",6
"Kassierer","MASC","Kassierer","Kassierer","ø",2
"Kassiterit","MASC","Kassiterit","Kassiterite","e",4
"Kästchen","NEUT","Kästchen","Kästchen","ø",2
"Kasteiung","FEM","Kasteiung","Kasteiungen","en",2
"Kästlein","NEUT","Kästlein","Kästlein","ø",1
"Kastrationskomplex","MASC","Kastrationskomplex","Kastrationskomplexe","e",5
"Kasuar","MASC","Kasuar","Kasuare","e",2
"Kasus","MASC","Kasus","Kasus","ø",2
"Kat","NEUT","Kat","Kats","s",1
"Katafalk","MASC","Katafalk","Katafalke","e",3
"Katalog","MASC","Katalog","Kataloge","e",3
"Katalysator","MASC","Katalysator","Katalysatoren","en",5
"Katalysatorgift","NEUT","Katalysatorgift","Katalysatorgifte","e",6
"Katamaran","MASC","Katamaran","Katamarane","e",4
"Katapult","NEUT","Katapult","Katapulte","e",3
"Katarakt","FEM","Katarakt","Katarakte","e",3
"Katarr","MASC","Katarr","Katarre","e",2
"Katarrh","MASC","Katarrh","Katarrhe","e",2
"Kater","MASC","Kater","Kater","ø",2
"Katerstimmung","FEM","Katerstimmung","Katerstimmungen","en",4
"Katholik","MASC","Katholik","Katholiken","en",3
"Kation","NEUT","Kation","Kationen","en",2
"Kattun","MASC","Kattun","Kattune","e",2
"Katz-und-Maus-Spiel","NEUT","Katz-und-Maus-Spiel","Katz-und-Maus-Spiele","e",2
"Kätzchen","NEUT","Kätzchen","Kätzchen","ø",2
"Katzenbuckel","MASC","Katzenbuckel","Katzenbuckel","ø",4
"Katzencafé","NEUT","Katzencafé","Katzencafés","s",3
"Katzenfreund","MASC","Katzenfreund","Katzenfreunde","e",2
"Katzenklo","NEUT","Katzenklo","Katzenklos","s",3
"Katzentür","FEM","Katzentür","Katzentüren","en",3
"Kätzlein","NEUT","Kätzlein","Kätzlein","ø",1
"Käufer","MASC","Käufer","Käufer","ø",1
"Kauffrau","FEM","Kauffrau","Kauffrauen","en",0
"Kaufmanns-Und","NEUT","Kaufmanns-Und","Kaufmanns-Unds","s",2
"Kaufpreis","MASC","Kaufpreis","Kaufpreise","e",0
"Kaugummi","NEUT","Kaugummi","Kaugummis","s",2
"Kausalität","FEM","Kausalität","Kausalitäten","en",3
"Kautschuk","MASC","Kautschuk","Kautschuke","e",1
"Kavalier","MASC","Kavalier","Kavaliere","e",2
"Kavaliersdelikt","NEUT","Kavaliersdelikt","Kavaliersdelikte","e",4
"Kaviar","MASC","Kaviar","Kaviare","e",2
"Kaviarlöffel","MASC","Kaviarlöffel","Kaviarlöffel","ø",4
"Kebab","NEUT","Kebab","Kebabs","s",2
"Kebsweib","NEUT","Kebsweib","Kebsweiber","er",1
"Kefir","MASC","Kefir","Kefire","e",2
"Kegel","MASC","Kegel","Kegel","ø",2
"Kegelbahn","FEM","Kegelbahn","Kegelbahnen","en",3
"Kegelverein","MASC","Kegelverein","Kegelvereine","e",3
"Kehllaut","MASC","Kehllaut","Kehllaute","e",1
"Kehr","MASC","Kehr","Kehre","e",1
"Kehrer","MASC","Kehrer","Kehrer","ø",2
"Kehricht","MASC","Kehricht","Kehrichte","e",2
"Kehrreim","MASC","Kehrreim","Kehrreime","e",1
"Kehrwert","MASC","Kehrwert","Kehrwerte","e",2
"Keil","MASC","Keil","Keile","e",0
"Keiler","MASC","Keiler","Keiler","ø",1
"Keilinschrift","FEM","Keilinschrift","Keilinschriften","en",2
"Keilschrift","FEM","Keilschrift","Keilschriften","en",1
"Keim","MASC","Keim","Keime","e",0
"Keimling","MASC","Keimling","Keimlinge","e",1
"Keimung","FEM","Keimung","Keimungen","en",1
"Keksteig","MASC","Keksteig","Keksteige","e",1
"Kelch","MASC","Kelch","Kelche","e",1
"Keller","MASC","Keller","Keller","ø",2
"Kellergeschoss","NEUT","Kellergeschoss","Kellergeschosse","e",4
"Kellerkind","NEUT","Kellerkind","Kellerkinder","er",3
"Kellner","MASC","Kellner","Kellner","ø",2
"Keltenkreuz","NEUT","Keltenkreuz","Keltenkreuze","e",2
"Keltiberer","MASC","Keltiberer","Keltiberer","ø",4
"Kelvin","NEUT","Kelvin","Kelvin","ø",2
"Kenia-Koalition","FEM","Kenia-Koalition","Kenia-Koalitionen","en",5
"Kenner","MASC","Kenner","Kenner","ø",2
"Kennmal","NEUT","Kennmal","Kennmale","e",2
"Kennzeichen","NEUT","Kennzeichen","Kennzeichen","ø",2
"Kennzeichnung","FEM","Kennzeichnung","Kennzeichnungen","en",2
"Keramik","FEM","Keramik","Keramiken","en",3
"Kerbtier","NEUT","Kerbtier","Kerbtiere","e",1
"Kerf","MASC","Kerf","Kerfe","e",1
"Kerker","MASC","Kerker","Kerker","ø",2
"Kerl","MASC","Kerl","Kerle","e",1
"Kerlchen","NEUT","Kerlchen","Kerlchen","ø",2
"Kern","MASC","Kern","Kerne","e",1
"Kernbaustein","MASC","Kernbaustein","Kernbausteine","e",1
"Kernbeißer","MASC","Kernbeißer","Kernbeißer","ø",2
"Kernbrennstoff","MASC","Kernbrennstoff","Kernbrennstoffe","e",3
"Kerngebiet","NEUT","Kerngebiet","Kerngebiete","e",2
"Kerngehäuse","NEUT","Kerngehäuse","Kerngehäuse","ø",3
"Kernisomer","NEUT","Kernisomer","Kernisomere","e",4
"Kernit","MASC","Kernit","Kernite","e",2
"Kernladungszahl","FEM","Kernladungszahl","Kernladungszahlen","en",4
"Kernöl","NEUT","Kernöl","Kernöle","e",2
"Kernpunkt","MASC","Kernpunkt","Kernpunkte","e",2
"Kernreaktion","FEM","Kernreaktion","Kernreaktionen","en",3
"Kernreaktor","MASC","Kernreaktor","Kernreaktoren","en",3
"Kernspaltung","FEM","Kernspaltung","Kernspaltungen","en",3
"Kernstück","NEUT","Kernstück","Kernstücke","e",2
"Kernverschmelzung","FEM","Kernverschmelzung","Kernverschmelzungen","en",4
"Kernwaffenversuch","MASC","Kernwaffenversuch","Kernwaffenversuche","e",5
"Kerzchen","NEUT","Kerzchen","Kerzchen","ø",2
"Kerzenfisch","MASC","Kerzenfisch","Kerzenfische","e",3
"Kerzenhalter","MASC","Kerzenhalter","Kerzenhalter","ø",4
"Kerzenlicht","NEUT","Kerzenlicht","Kerzenlichter","er",3
"Kerzenständer","MASC","Kerzenständer","Kerzenständer","ø",4
"Kerzlein","NEUT","Kerzlein","Kerzlein","ø",1
"Kescher","MASC","Kescher","Kescher","ø",2
"Kessel","MASC","Kessel","Kessel","ø",2
"Kesselchen","NEUT","Kesselchen","Kesselchen","ø",3
"Kesselschlacht","FEM","Kesselschlacht","Kesselschlachten","en",3
"Kesselstein","MASC","Kesselstein","Kesselsteine","e",2
"Ketamin","NEUT","Ketamin","Ketamine","e",3
"Keton","NEUT","Keton","Ketone","e",2
"Kettchen","NEUT","Kettchen","Kettchen","ø",2
"Kettenhemd","NEUT","Kettenhemd","Kettenhemden","en",3
"Kettenhund","MASC","Kettenhund","Kettenhunde","e",3
"Kettenmolekül","NEUT","Kettenmolekül","Kettenmoleküle","e",5
"Kettenraucher","MASC","Kettenraucher","Kettenraucher","ø",3
"Kettenschutz","MASC","Kettenschutz","Kettenschutze","e",3
"Kettlein","NEUT","Kettlein","Kettlein","ø",1
"Ketzer","MASC","Ketzer","Ketzer","ø",2
"Keuchhusten","MASC","Keuchhusten","Keuchhusten","ø",2
"Keuschheitsgürtel","MASC","Keuschheitsgürtel","Keuschheitsgürtel","ø",2
"Kfz-Kennzeichen","NEUT","Kfz-Kennzeichen","Kfz-Kennzeichen","ø",2
"Khan","MASC","Khan","Khane","e",1
"Khanat","NEUT","Khanat","Khanate","e",2
"Kiba","MASC","Kiba","Kibas","s",2
"Kick","MASC","Kick","Kicks","s",1
"Kicker","MASC","Kicker","Kicker","ø",2
"Kiebitz","MASC","Kiebitz","Kiebitze","e",1
"Kiefernwäldchen","NEUT","Kiefernwäldchen","Kiefernwäldchen","ø",3
"Kiefernzapfen","MASC","Kiefernzapfen","Kiefernzapfen","ø",3
"Kiefernzweig","MASC","Kiefernzweig","Kiefernzweige","e",1
"Kiel","NEUT","Kiel","Kiele","e",0
"Kieler","MASC","Kieler","Kieler","ø",1
"Kielschwein","NEUT","Kielschwein","Kielschweine","e",0
"Kielwasser","NEUT","Kielwasser","Kielwasser","ø",2
"Kies","MASC","Kies","Kiese","e",0
"Kiesel","MASC","Kiesel","Kiesel","ø",1
"Kieselstein","MASC","Kieselstein","Kieselsteine","e",1
"Kiez","MASC","Kiez","Kieze","e",0
"Kiffer","MASC","Kiffer","Kiffer","ø",2
"Killer","MASC","Killer","Killer","ø",2
"Kilo","NEUT","Kilo","Kilos","s",2
"Kilobyte","NEUT","Kilobyte","Kilobytes","s",4
"Kiloelektronenvolt","NEUT","Kiloelektronenvolt","Kiloelektronenvolts","s",6
"Kilogramm","NEUT","Kilogramm","Kilogramme","e",3
"Kilojoule","NEUT","Kilojoule","Kilojoule","ø",4
"Kilometer","MASC","Kilometer","Kilometer","ø",4
"Kilometergeld","NEUT","Kilometergeld","Kilometergelder","er",5
"Kilometerstein","MASC","Kilometerstein","Kilometersteine","e",4
"Kilometerzähler","MASC","Kilometerzähler","Kilometerzähler","ø",6
"Kiloparsec","NEUT","Kiloparsec","Kiloparsec","ø",4
"Kilowatt","NEUT","Kilowatt","Kilowatt","ø",3
"Kilt","MASC","Kilt","Kilts","s",1
"Kimberlit","MASC","Kimberlit","Kimberlite","e",3
"Kind","NEUT","Kind","Kinder","er",1
"Kindbett","NEUT","Kindbett","Kindbetten","en",2
"Kindelein","NEUT","Kindelein","Kindelein","ø",2
"Kinderficker","MASC","Kinderficker","Kinderficker","ø",4
"Kindergartenkind","NEUT","Kindergartenkind","Kindergartenkinder","er",5
"Kindergärtner","MASC","Kindergärtner","Kindergärtner","ø",4
"Kindergeld","NEUT","Kindergeld","Kindergelder","er",3
"Kinderheim","NEUT","Kinderheim","Kinderheime","e",2
"Kindermädchen","NEUT","Kindermädchen","Kindermädchen","ø",4
"Kindermesser","NEUT","Kindermesser","Kindermesser","ø",4
"Kindermord","MASC","Kindermord","Kindermorde","e",3
"Kinderschänder","MASC","Kinderschänder","Kinderschänder","ø",4
"Kinderschuh","MASC","Kinderschuh","Kinderschuhe","e",3
"Kinderspiel","NEUT","Kinderspiel","Kinderspiele","e",2
"Kindertransport","MASC","Kindertransport","Kindertransporte","e",4
"Kinderwagen","MASC","Kinderwagen","Kinderwagen","ø",4
"Kinderzimmer","NEUT","Kinderzimmer","Kinderzimmer","ø",4
"Kindeskind","NEUT","Kindeskind","Kindeskinder","er",3
"Kindheit","FEM","Kindheit","Kindheit","ø",1
"Kindlein","NEUT","Kindlein","Kindlein","ø",1
"Kindstod","MASC","Kindstod","Kindstode","e",2
"Kinematograph","MASC","Kinematograph","Kinematographen","en",5
"Kinn","NEUT","Kinn","Kinne","e",1
"Kino","NEUT","Kino","Kinos","s",2
"Kinobesucher","MASC","Kinobesucher","Kinobesucher","ø",5
"Kinofassung","FEM","Kinofassung","Kinofassungen","en",4
"Kippelement","MASC","Kippelement","Kippelemente","e",4
"Kirchelchen","NEUT","Kirchelchen","Kirchelchen","ø",3
"Kirchenbann","MASC","Kirchenbann","Kirchenbanne","e",3
"Kirchenfenster","NEUT","Kirchenfenster","Kirchenfenster","ø",4
"Kirchenfürst","MASC","Kirchenfürst","Kirchenfürsten","en",3
"Kirchengestühl","NEUT","Kirchengestühl","Kirchengestühle","e",4
"Kirchenmusiker","MASC","Kirchenmusiker","Kirchenmusiker","ø",5
"Kirchenschiff","NEUT","Kirchenschiff","Kirchenschiffe","e",3
"Kirchenstaat","MASC","Kirchenstaat","Kirchenstaaten","en",3
"Kirchgänger","MASC","Kirchgänger","Kirchgänger","ø",3
"Kirchlein","NEUT","Kirchlein","Kirchlein","ø",1
"Kirschkern","MASC","Kirschkern","Kirschkerne","e",2
"Kirschkuchen","MASC","Kirschkuchen","Kirschkuchen","ø",3
"Kissen","NEUT","Kissen","Kissen","ø",2
"Kissenschlacht","FEM","Kissenschlacht","Kissenschlachten","en",3
"Kistchen","NEUT","Kistchen","Kistchen","ø",2
"Kistlein","NEUT","Kistlein","Kistlein","ø",1
"Kita","FEM","Kita","Kitas","s",2
"Kitt","MASC","Kitt","Kitte","e",1
"Kittchen","NEUT","Kittchen","Kittchen","ø",2
"Kittel","MASC","Kittel","Kittel","ø",2
"Kittelchen","NEUT","Kittelchen","Kittelchen","ø",3
"Kitzler","MASC","Kitzler","Kitzler","ø",2
"Kiwi","FEM","Kiwi","Kiwis","s",2
"Klacks","MASC","Klacks","Klackse","e",1
"Kladderadatsch","MASC","Kladderadatsch","Kladderadatsch","ø",4
"Klagelied","NEUT","Klagelied","Klagelieder","er",2
"Kläger","MASC","Kläger","Kläger","ø",2
"Klageweib","NEUT","Klageweib","Klageweiber","er",2
"Klan","MASC","Klan","Klans","s",1
"Klangbild","NEUT","Klangbild","Klangbilder","er",2
"Klappentext","MASC","Klappentext","Klappentexte","e",3
"Klarinettenkonzert","NEUT","Klarinettenkonzert","Klarinettenkonzerte","e",6
"Klarinettist","MASC","Klarinettist","Klarinettisten","en",4
"Klartext","MASC","Klartext","Klartexte","e",2
"Klassenkamerad","MASC","Klassenkamerad","Klassenkameraden","en",5
"Klassenlehrer","MASC","Klassenlehrer","Klassenlehrer","ø",4
"Klassenpfad","MASC","Klassenpfad","Klassenpfade","e",3
"Klassentreffen","NEUT","Klassentreffen","Klassentreffen","ø",4
"Klassenzimmer","NEUT","Klassenzimmer","Klassenzimmer","ø",4
"Klassifizierung","FEM","Klassifizierung","Klassifizierungen","en",4
"Klathrat","NEUT","Klathrat","Klathrate","e",2
"Klatsch","MASC","Klatsch","Klatsche","e",1
"Klavier","NEUT","Klavier","Klaviere","e",1
"Klavierbegleitung","FEM","Klavierbegleitung","Klavierbegleitungen","en",3
"Klavierkonzert","NEUT","Klavierkonzert","Klavierkonzerte","e",3
"Klavierlehrer","MASC","Klavierlehrer","Klavierlehrer","ø",3
"Klavierschüler","MASC","Klavierschüler","Klavierschüler","ø",3
"Klavierspiel","NEUT","Klavierspiel","Klavierspiele","e",1
"Klavierspieler","MASC","Klavierspieler","Klavierspieler","ø",2
"Kleber","MASC","Kleber","Kleber","ø",2
"Klebereiweiß","NEUT","Klebereiweiß","Klebereiweiße","e",2
"Klebestreifen","MASC","Klebestreifen","Klebestreifen","ø",3
"Klebstoff","MASC","Klebstoff","Klebstoffe","e",2
"Klecks","MASC","Klecks","Kleckse","e",1
"Kleeblättchen","NEUT","Kleeblättchen","Kleeblättchen","ø",3
"Kleiber","MASC","Kleiber","Kleiber","ø",1
"Kleid","NEUT","Kleid","Kleider","er",0
"Kleidchen","NEUT","Kleidchen","Kleidchen","ø",1
"Kleiderbügel","MASC","Kleiderbügel","Kleiderbügel","ø",3
"Kleiderbürste","FEM","Kleiderbürste","Kleiderbürste","ø",3
"Kleiderhaken","MASC","Kleiderhaken","Kleiderhaken","ø",3
"Kleiderständer","MASC","Kleiderständer","Kleiderständer","ø",3
"Kleiderstoff","MASC","Kleiderstoff","Kleiderstoffe","e",2
"Kleinbürger","MASC","Kleinbürger","Kleinbürger","ø",2
"Kleingeist","MASC","Kleingeist","Kleingeister","er",0
"Kleinhirn","NEUT","Kleinhirn","Kleinhirne","e",1
"Kleinigkeit","FEM","Kleinigkeit","Kleinigkeiten","en",1
"Kleinkind","NEUT","Kleinkind","Kleinkinder","er",1
"Kleinkrieg","MASC","Kleinkrieg","Kleinkriege","e",0
"Kleinlichkeit","FEM","Kleinlichkeit","Kleinlichkeiten","en",1
"Kleinod","NEUT","Kleinod","Kleinode","e",1
"Kleinplanet","MASC","Kleinplanet","Kleinplaneten","en",2
"Kleinpudel","MASC","Kleinpudel","Kleinpudel","ø",2
"Kleinstaat","MASC","Kleinstaat","Kleinstaaten","en",1
"Kleintier","NEUT","Kleintier","Kleintiere","e",0
"Kleinwagen","MASC","Kleinwagen","Kleinwagen","ø",2
"Kleister","MASC","Kleister","Kleister","ø",1
"Klemmbrett","NEUT","Klemmbrett","Klemmbretter","er",2
"Klemmer","MASC","Klemmer","Klemmer","ø",2
"Klempner","MASC","Klempner","Klempner","ø",2
"Kleriker","MASC","Kleriker","Kleriker","ø",3
"Kletterschuh","MASC","Kletterschuh","Kletterschuhe","e",3
"Klicker","MASC","Klicker","Klicker","ø",2
"Klicklaut","MASC","Klicklaut","Klicklaute","e",1
"Klickzahl","FEM","Klickzahl","Klickzahlen","en",2
"Klient","MASC","Klient","Klienten","en",0
"Kliff","NEUT","Kliff","Kliffe","e",1
"Klimaleugner","MASC","Klimaleugner","Klimaleugner","ø",3
"Klinik","FEM","Klinik","Kliniken","en",2
"Klinker","MASC","Klinker","Klinker","ø",2
"Klinopyroxen","MASC","Klinopyroxen","Klinopyroxene","e",5
"Klippdachs","MASC","Klippdachs","Klippdachse","e",2
"Klischee","NEUT","Klischee","Klischees","s",2
"Klo","NEUT","Klo","Klos","s",1
"Kloakenräumer","MASC","Kloakenräumer","Kloakenräumer","ø",3
"Kloakentier","NEUT","Kloakentier","Kloakentiere","e",2
"Klobassi","FEM","Klobassi","Klobassi","ø",3
"Klodeckel","MASC","Klodeckel","Klodeckel","ø",3
"Klon","MASC","Klon","Klone","e",1
"Klopfer","MASC","Klopfer","Klopfer","ø",2
"Klops","MASC","Klops","Klopse","e",1
"Klosett","NEUT","Klosett","Klosetts","s",2
"Klößchen","NEUT","Klößchen","Klößchen","ø",2
"Klötzchen","NEUT","Klötzchen","Klötzchen","ø",2
"Klubchef","MASC","Klubchef","Klubchefs","s",2
"Klugscheißer","MASC","Klugscheißer","Klugscheißer","ø",2
"Klümpchen","NEUT","Klümpchen","Klümpchen","ø",2
"Klumpen","MASC","Klumpen","Klumpen","ø",2
"Klüngel","MASC","Klüngel","Klüngel","ø",2
"Knäbchen","NEUT","Knäbchen","Knäbchen","ø",2
"Knäbelein","NEUT","Knäbelein","Knäbelein","ø",2
"Knabenficker","MASC","Knabenficker","Knabenficker","ø",4
"Knäblein","NEUT","Knäblein","Knäblein","ø",1
"Knäckebrot","NEUT","Knäckebrot","Knäckebrote","e",3
"Knacklaut","MASC","Knacklaut","Knacklaute","e",1
"Knackpunkt","MASC","Knackpunkt","Knackpunkte","e",2
"Knall","MASC","Knall","Knalle","e",1
"Knallbonbon","MASC","Knallbonbon","Knallbonbons","s",3
"Knallsilber","NEUT","Knallsilber","Knallsilbere","e",3
"Knappschaft","FEM","Knappschaft","Knappschaften","en",2
"Knaster","MASC","Knaster","Knaster","ø",2
"Knauserei","FEM","Knauserei","Knausereien","en",1
"Knebel","MASC","Knebel","Knebel","ø",2
"Knecht","MASC","Knecht","Knechte","e",1
"Knecht Ruprecht","MASC","Knecht Ruprecht","Knecht Ruprecht","ø",3
"Kneipier","MASC","Kneipier","Kneipiers","s",0
"Knick","MASC","Knick","Knicke","e",1
"Knie","NEUT","Knie","Knie","ø",0
"Kniegelenk","NEUT","Kniegelenk","Kniegelenke","e",2
"Kniff","MASC","Kniff","Kniffe","e",1
"Knipser","MASC","Knipser","Knipser","ø",2
"Knirps","MASC","Knirps","Knirpse","e",1
"Knitter","MASC","Knitter","Knitter","ø",2
"Knoblauchbrot","NEUT","Knoblauchbrot","Knoblauchbrote","e",2
"Knöchel","MASC","Knöchel","Knöchel","ø",2
"Knochen","MASC","Knochen","Knochen","ø",2
"Knochenfisch","MASC","Knochenfisch","Knochenfische","e",3
"Knochengerüst","NEUT","Knochengerüst","Knochengerüste","e",4
"Knochenjob","MASC","Knochenjob","Knochenjobs","s",3
"Knöchlein","NEUT","Knöchlein","Knöchlein","ø",1
"Knock-out","MASC","Knock-out","Knock-outs","s",2
"Knöllchen","NEUT","Knöllchen","Knöllchen","ø",2
"Knorpel","MASC","Knorpel","Knorpel","ø",2
"Knorpelfisch","MASC","Knorpelfisch","Knorpelfische","e",3
"Knoten","MASC","Knoten","Knoten","ø",2
"Knotenpunkt","MASC","Knotenpunkt","Knotenpunkte","e",3
"Knotenschrift","FEM","Knotenschrift","Knotenschriften","en",3
"Knöterich","MASC","Knöterich","Knöteriche","e",3
"Knubbel","MASC","Knubbel","Knubbel","ø",2
"Knübbelchen","NEUT","Knübbelchen","Knübbelchen","ø",3
"Knüppel","MASC","Knüppel","Knüppel","ø",2
"Knust","MASC","Knust","Knuste","e",1
"Knutschfleck","MASC","Knutschfleck","Knutschflecke","e",2
"Knüttel","MASC","Knüttel","Knüttel","ø",2
"Koalitionspartner","MASC","Koalitionspartner","Koalitionspartner","ø",5
"Köcher","MASC","Köcher","Köcher","ø",2
"Kocherei","FEM","Kocherei","Kochereien","en",2
"Kochfeld","NEUT","Kochfeld","Kochfelder","er",2
"Kochlöffel","MASC","Kochlöffel","Kochlöffel","ø",3
"Kochmesser","NEUT","Kochmesser","Kochmesser","ø",3
"Kochrezept","NEUT","Kochrezept","Kochrezepte","e",3
"Kode","MASC","Kode","Kodes","s",2
"Köder","MASC","Köder","Köder","ø",2
"Kodex","MASC","Kodex","Kodexe","e",2
"Koenzym","NEUT","Koenzym","Koenzyme","e",2
"Koffer","MASC","Koffer","Koffer","ø",2
"Kofferradio","NEUT","Kofferradio","Kofferradios","s",4
"Kognak","MASC","Kognak","Kognake","e",2
"Kohl","MASC","Kohl","Kohle","e",1
"Kohlebergwerk","NEUT","Kohlebergwerk","Kohlebergwerke","e",4
"Kohlenhydrat","NEUT","Kohlenhydrat","Kohlenhydrate","e",4
"Kohlenhydrathaushalt","MASC","Kohlenhydrathaushalt","Kohlenhydrathaushalte","e",5
"Kohlenstoffatom","NEUT","Kohlenstoffatom","Kohlenstoffatome","e",5
"Kohlenstoffgehalt","MASC","Kohlenstoffgehalt","Kohlenstoffgehalte","e",5
"Kohlenwasserstoff","MASC","Kohlenwasserstoff","Kohlenwasserstoffe","e",5
"Kohlenwasserstoffrest","MASC","Kohlenwasserstoffrest","Kohlenwasserstoffreste","e",6
"Köhler","MASC","Köhler","Köhler","ø",2
"Kohlrabi","MASC","Kohlrabi","Kohlrabis","s",3
"Kohyponym","NEUT","Kohyponym","Kohyponyme","e",4
"Kokon","MASC","Kokon","Kokons","s",2
"Kokos","NEUT","Kokos","Kokos","ø",2
"Kokosöl","NEUT","Kokosöl","Kokosöle","e",3
"Kölbchen","NEUT","Kölbchen","Kölbchen","ø",2
"Kolbeckit","MASC","Kolbeckit","Kolbeckite","e",3
"Kolben","MASC","Kolben","Kolben","ø",2
"Kolibri","MASC","Kolibri","Kolibris","s",3
"Kolk","MASC","Kolk","Kolke","e",1
"Kollaboration","FEM","Kollaboration","Kollaborationen","en",5
"Kollagen","NEUT","Kollagen","Kollagene","e",3
"Kollektiv","NEUT","Kollektiv","Kollektive","e",3
"Koller","NEUT","Koller","Koller","ø",2
"Kolloid","NEUT","Kolloid","Kolloide","e",2
"Kölner","MASC","Kölner","Kölner","ø",2
"Kolorit","NEUT","Kolorit","Kolorite","e",3
"Koloss","MASC","Koloss","Kolosse","e",2
"Kolumnist","MASC","Kolumnist","Kolumnisten","en",3
"Kombi","MASC","Kombi","Kombis","s",2
"Kombination","FEM","Kombination","Kombinationen","en",4
"Kombinationsfeld","NEUT","Kombinationsfeld","Kombinationsfelder","er",5
"Kombinationsfeldchen","NEUT","Kombinationsfeldchen","Kombinationsfeldchen","ø",6
"Komet","MASC","Komet","Kometen","en",2
"Kometenschweif","MASC","Kometenschweif","Kometenschweife","e",3
"Komiker","MASC","Komiker","Komiker","ø",3
"Komitativ","MASC","Komitativ","Komitative","e",4
"Komitee","NEUT","Komitee","Komitees","s",3
"Kommanditgesellschaft","FEM","Kommanditgesellschaft","Kommanditgesellschaften","en",6
"Kommando","NEUT","Kommando","Kommandos","s",3
"Kommers","MASC","Kommers","Kommers","ø",2
"Kommis","MASC","Kommis","Kommis","ø",2
"Kommissar","MASC","Kommissar","Kommissare","e",3
"Kommissariat","NEUT","Kommissariat","Kommissariate","e",4
"Kommissbrot","NEUT","Kommissbrot","Kommissbrote","e",3
"Kommodore","MASC","Kommodore","Kommodores","s",4
"Kommunikation","FEM","Kommunikation","Kommunikationen","en",5
"Kommunist","MASC","Kommunist","Kommunisten","en",3
"Komodowaran","MASC","Komodowaran","Komodowarane","e",5
"Komparativ","MASC","Komparativ","Komparative","e",4
"Kompass","MASC","Kompass","Kompasse","e",2
"Kompatibilität","FEM","Kompatibilität","Kompatibilitäten","en",6
"Kompetenz","FEM","Kompetenz","Kompetenzen","en",3
"Komplex","MASC","Komplex","Komplexe","e",2
"Komplexbildner","MASC","Komplexbildner","Komplexbildner","ø",4
"Komplexion","NEUT","Komplexion","Komplexionen","en",3
"Komplexität","FEM","Komplexität","Komplexitäten","en",4
"Komponententest","MASC","Komponententest","Komponententests","s",5
"Komponist","MASC","Komponist","Komponisten","en",3
"Kompositionsglied","NEUT","Kompositionsglied","Kompositionsglieder","er",4
"Kompost","MASC","Kompost","Komposte","e",2
"Kompott","NEUT","Kompott","Kompotte","e",2
"Kon","FEM","Kon","Konen","en",1
"Kondensationskeim","MASC","Kondensationskeim","Kondensationskeime","e",4
"Kondensstreifen","MASC","Kondensstreifen","Kondensstreifen","ø",3
"Kondom","NEUT","Kondom","Kondome","e",2
"Konfabulation","FEM","Konfabulation","Konfabulationen","en",5
"Konferenzzimmer","NEUT","Konferenzzimmer","Konferenzzimmer","ø",5
"Konfident","MASC","Konfident","Konfidenten","en",3
"Konfix","NEUT","Konfix","Konfixe","e",2
"Konflikt","MASC","Konflikt","Konflikte","e",2
"Konfliktherd","MASC","Konfliktherd","Konfliktherde","e",3
"Konföderation","FEM","Konföderation","Konföderationen","en",5
"Konformationsisomer","NEUT","Konformationsisomer","Konformationsisomere","e",7
"Konfrontationskurs","MASC","Konfrontationskurs","Konfrontationskurse","e",5
"Kongress","MASC","Kongress","Kongresse","e",2
"Kongsbergit","MASC","Kongsbergit","Kongsbergite","e",3
"König","MASC","König","Könige","e",2
"Königreich","NEUT","Königreich","Königreiche","e",2
"Königsberger Klops","MASC","Königsberger Klops","Königsberger Klopse","e",5
"Königsflügel","MASC","Königsflügel","Königsflügel","ø",4
"Königsgeier","MASC","Königsgeier","Königsgeier","ø",3
"Königsgelb","NEUT","Königsgelb","Königsgelbs","s",3
"Königskind","NEUT","Königskind","Königskinder","er",3
"Königsmord","MASC","Königsmord","Königsmorde","e",3
"Königspinguin","MASC","Königspinguin","Königspinguine","e",4
"Königsschlösschen","NEUT","Königsschlösschen","Königsschlösschen","ø",4
"Königstiger","MASC","Königstiger","Königstiger","ø",4
"Königswetter","NEUT","Königswetter","Königswetter","ø",4
"Konjunktion","FEM","Konjunktion","Konjunktionen","en",3
"Konjunktiv","MASC","Konjunktiv","Konjunktive","e",3
"Konjunktur","FEM","Konjunktur","Konjunkturen","en",3
"Konkordat","NEUT","Konkordat","Konkordate","e",3
"Konkurs","MASC","Konkurs","Konkurse","e",2
"Konnexion","FEM","Konnexion","Konnexionen","en",3
"Konservator","MASC","Konservator","Konservatoren","en",4
"Konsonant","MASC","Konsonant","Konsonanten","en",3
"Konspirationstheoretiker","MASC","Konspirationstheoretiker","Konspirationstheoretiker","ø",8
"Konstanzer","MASC","Konstanzer","Konstanzer","ø",3
"Konstellation","FEM","Konstellation","Konstellationen","en",4
"Konstruktionswerkstoff","MASC","Konstruktionswerkstoff","Konstruktionswerkstoffe","e",5
"Konsulat","NEUT","Konsulat","Konsulate","e",3
"Konsultation","FEM","Konsultation","Konsultationen","en",4
"Konsultent","MASC","Konsultent","Konsultenten","en",3
"Konsument","MASC","Konsument","Konsumenten","en",3
"Kontainer","MASC","Kontainer","Kontainer","ø",3
"Kontakt","MASC","Kontakt","Kontakte","e",2
"Kontaktverbot","MASC","Kontaktverbot","Kontaktverbote","e",4
"Konter","MASC","Konter","Konter","ø",2
"Konteradmiral","MASC","Konteradmiral","Konteradmirale","e",5
"Konterbier","NEUT","Konterbier","Konterbiere","e",2
"Konterfei","NEUT","Konterfei","Konterfeis","s",2
"Kontext","MASC","Kontext","Kontexte","e",2
"Kontinent","MASC","Kontinent","Kontinente","e",3
"Kontor","NEUT","Kontor","Kontore","e",2
"Kontra","NEUT","Kontra","Kontras","s",2
"Kontrahent","MASC","Kontrahent","Kontrahenten","en",3
"Kontrakt","MASC","Kontrakt","Kontrakte","e",2
"Kontrapunkt","MASC","Kontrapunkt","Kontrapunkte","e",3
"Kontrollkästchen","NEUT","Kontrollkästchen","Kontrollkästchen","ø",4
"Kontrollverlust","MASC","Kontrollverlust","Kontrollverluste","e",4
"Kontrollwahn","MASC","Kontrollwahn","Kontrollwahne","e",3
"Konversion","FEM","Konversion","Konversionen","en",3
"Konvertierung","FEM","Konvertierung","Konvertierungen","en",3
"Konvertit","MASC","Konvertit","Konvertiten","en",3
"Konvikt","NEUT","Konvikt","Konvikte","e",2
"Konvoi","MASC","Konvoi","Konvois","s",2
"Konzentrat","NEUT","Konzentrat","Konzentrate","e",3
"Konzentration","FEM","Konzentration","Konzentrationen","en",4
"Konzentrationslager","NEUT","Konzentrationslager","Konzentrationslager","ø",6
"Konzept","NEUT","Konzept","Konzepte","e",2
"Konzern","MASC","Konzern","Konzerne","e",2
"Konzert","NEUT","Konzert","Konzerte","e",2
"Konzertflügel","MASC","Konzertflügel","Konzertflügel","ø",4
"Konzertmeister","MASC","Konzertmeister","Konzertmeister","ø",3
"Konzil","NEUT","Konzil","Konzile","e",2
"Koofmich","MASC","Koofmich","Koofmiche","e",2
"Koordinatensystem","NEUT","Koordinatensystem","Koordinatensysteme","e",6
"Kopfarbeiter","MASC","Kopfarbeiter","Kopfarbeiter","ø",3
"Kopfbewegung","FEM","Kopfbewegung","Kopfbewegungen","en",4
"Köpfchen","NEUT","Köpfchen","Köpfchen","ø",2
"Kopfgeldjäger","MASC","Kopfgeldjäger","Kopfgeldjäger","ø",4
"Kopfgrind","MASC","Kopfgrind","Kopfgrinde","e",2
"Kopfhörer","MASC","Kopfhörer","Kopfhörer","ø",3
"Kopfkino","NEUT","Kopfkino","Kopfkinos","s",3
"Kopfkissen","NEUT","Kopfkissen","Kopfkissen","ø",3
"Kopflosigkeit","FEM","Kopflosigkeit","Kopflosigkeiten","en",3
"Kopfputz","MASC","Kopfputz","Kopfputze","e",2
"Kopfsalat","MASC","Kopfsalat","Kopfsalate","e",3
"Kopfsteinpflaster","NEUT","Kopfsteinpflaster","Kopfsteinpflaster","ø",3
"Kopfsteinpflastersträßchen","NEUT","Kopfsteinpflastersträßchen","Kopfsteinpflastersträßchen","ø",5
"Kopfsteinsträßchen","NEUT","Kopfsteinsträßchen","Kopfsteinsträßchen","ø",3
"Kopftuchmädchen","NEUT","Kopftuchmädchen","Kopftuchmädchen","ø",4
"Kopierer","MASC","Kopierer","Kopierer","ø",2
"Kopilot","MASC","Kopilot","Kopiloten","en",3
"Koppelprodukt","NEUT","Koppelprodukt","Koppelprodukte","e",4
"Köpper","MASC","Köpper","Köpper","ø",2
"Koproduzent","MASC","Koproduzent","Koproduzenten","en",4
"Korallenfisch","MASC","Korallenfisch","Korallenfische","e",4
"Korbblütengewächs","NEUT","Korbblütengewächs","Korbblütengewächse","e",5
"Korbblütler","MASC","Korbblütler","Korbblütler","ø",3
"Körbchen","NEUT","Körbchen","Körbchen","ø",2
"Korbflechter","MASC","Korbflechter","Korbflechter","ø",3
"Korbmacher","MASC","Korbmacher","Korbmacher","ø",3
"Korinthenkacker","MASC","Korinthenkacker","Korinthenkacker","ø",5
"Korkenzieher","MASC","Korkenzieher","Korkenzieher","ø",3
"Kormoran","MASC","Kormoran","Kormorane","e",3
"Körnchen","NEUT","Körnchen","Körnchen","ø",2
"Kornett","NEUT","Kornett","Kornette","e",2
"Körnlein","NEUT","Körnlein","Körnlein","ø",1
"Korollar","NEUT","Korollar","Korollare","e",3
"Körper","MASC","Körper","Körper","ø",2
"Körperbau","MASC","Körperbau","Körperbaue","e",2
"Körperchen","NEUT","Körperchen","Körperchen","ø",3
"Körperfett","NEUT","Körperfett","Körperfette","e",3
"Körpergewicht","NEUT","Körpergewicht","Körpergewichte","e",4
"Körperteil","MASC","Körperteil","Körperteile","e",2
"Körperübung","FEM","Körperübung","Körperübungen","en",4
"Körperverletzung","FEM","Körperverletzung","Körperverletzungen","en",5
"Korporal","MASC","Korporal","Korporale","e",3
"Korps","NEUT","Korps","Korps","ø",1
"Korrekturleser","MASC","Korrekturleser","Korrekturleser","ø",5
"Korrelation","FEM","Korrelation","Korrelationen","en",4
"Korrespondent","MASC","Korrespondent","Korrespondenten","en",4
"Korridor","MASC","Korridor","Korridore","e",3
"Korrosionsschutz","MASC","Korrosionsschutz","Korrosionsschutze","e",4
"Korsett","NEUT","Korsett","Korsette","e",2
"Kortholt","NEUT","Kortholt","Kortholte","e",2
"Kortikoid","NEUT","Kortikoid","Kortikoide","e",3
"Korund","MASC","Korund","Korunde","e",2
"Koseform","FEM","Koseform","Koseformen","en",3
"Kosmodrom","NEUT","Kosmodrom","Kosmodrome","e",3
"Kosmonaut","MASC","Kosmonaut","Kosmonauten","en",2
"Kosmopolit","MASC","Kosmopolit","Kosmopoliten","en",4
"Kostenträger","MASC","Kostenträger","Kostenträger","ø",4
"Kostüm","NEUT","Kostüm","Kostüme","e",2
"Kotelett","NEUT","Kotelett","Koteletts","s",3
"Köter","MASC","Köter","Köter","ø",2
"Kotflügel","MASC","Kotflügel","Kotflügel","ø",3
"Kotstecher","MASC","Kotstecher","Kotstecher","ø",3
"Kotter","MASC","Kotter","Kotter","ø",2
"Kötter","MASC","Kötter","Kötter","ø",2
"Kotzefresser","MASC","Kotzefresser","Kotzefresser","ø",4
"Kozi","MASC","Kozi","Kozis","s",2
"Krabbenbrot","NEUT","Krabbenbrot","Krabbenbrote","e",3
"Kraftakt","MASC","Kraftakt","Kraftakte","e",2
"Kräftespiel","NEUT","Kräftespiel","Kräftespiele","e",2
"Kraftfahrzeug","NEUT","Kraftfahrzeug","Kraftfahrzeuge","e",2
"Kraftfahrzeug-Haftpflichtversicherung","FEM","Kraftfahrzeug-Haftpflichtversicherung","Kraftfahrzeug-Haftpflichtversicherungen","en",8
"Kraftfahrzeugkennzeichen","NEUT","Kraftfahrzeugkennzeichen","Kraftfahrzeugkennzeichen","ø",4
"Kraftfeld","NEUT","Kraftfeld","Kraftfelder","er",2
"Kraftvergeudung","FEM","Kraftvergeudung","Kraftvergeudungen","en",3
"Kraftwagen","MASC","Kraftwagen","Kraftwagen","ø",3
"Kraftwerk","NEUT","Kraftwerk","Kraftwerke","e",2
"Kraftwerkserreger","MASC","Kraftwerkserreger","Kraftwerkserreger","ø",5
"Kragen","MASC","Kragen","Kragen","ø",2
"Kragenspiegel","MASC","Kragenspiegel","Kragenspiegel","ø",3
"Krähenfraß","MASC","Krähenfraß","Krähenfraße","e",3
"Krähennest","NEUT","Krähennest","Krähennester","er",3
"Krämer","MASC","Krämer","Krämer","ø",2
"Kranich","MASC","Kranich","Kraniche","e",2
"Krankenbett","NEUT","Krankenbett","Krankenbetten","en",3
"Krankenhäuschen","NEUT","Krankenhäuschen","Krankenhäuschen","ø",3
"Krankenpfleger","MASC","Krankenpfleger","Krankenpfleger","ø",4
"Krankensalbung","FEM","Krankensalbung","Krankensalbungen","en",4
"Krankenschein","MASC","Krankenschein","Krankenscheine","e",2
"Krankenträger","MASC","Krankenträger","Krankenträger","ø",4
"Krankenversicherung","FEM","Krankenversicherung","Krankenversicherungen","en",6
"Krankenwagen","MASC","Krankenwagen","Krankenwagen","ø",4
"Krankenwärter","MASC","Krankenwärter","Krankenwärter","ø",4
"Krankheitserreger","MASC","Krankheitserreger","Krankheitserreger","ø",4
"Krankheitssymptom","NEUT","Krankheitssymptom","Krankheitssymptome","e",3
"Kränzlein","NEUT","Kränzlein","Kränzlein","ø",1
"Krapfen","MASC","Krapfen","Krapfen","ø",2
"Krattler","MASC","Krattler","Krattler","ø",2
"Kratzer","MASC","Kratzer","Kratzer","ø",2
"Krawall","MASC","Krawall","Krawalle","e",2
"Kreationist","MASC","Kreationist","Kreationisten","en",3
"Kreativität","FEM","Kreativität","Kreativitäten","en",4
"Krebs","MASC","Krebs","Krebse","e",1
"Krebstier","NEUT","Krebstier","Krebstiere","e",1
"Kredithai","MASC","Kredithai","Kredithaie","e",3
"Kreditinstitut","NEUT","Kreditinstitut","Kreditinstitute","e",5
"Kreis","MASC","Kreis","Kreise","e",0
"Kreisabschnitt","MASC","Kreisabschnitt","Kreisabschnitte","e",2
"Kreisdurchmesser","MASC","Kreisdurchmesser","Kreisdurchmesser","ø",3
"Kreisel","MASC","Kreisel","Kreisel","ø",1
"Kreiselkompass","MASC","Kreiselkompass","Kreiselkompasse","e",3
"Kreislaufstörung","FEM","Kreislaufstörung","Kreislaufstörungen","en",2
"Kreislaufversagen","NEUT","Kreislaufversagen","Kreislaufversagene","e",3
"Kreissektor","MASC","Kreissektor","Kreissektoren","en",2
"Kreistag","MASC","Kreistag","Kreistage","e",1
"Kreisverkehr","MASC","Kreisverkehr","Kreisverkehre","e",2
"Kreiswinkel","MASC","Kreiswinkel","Kreiswinkel","ø",2
"Kretscham","MASC","Kretscham","Kretschame","e",2
"Kretschmer","MASC","Kretschmer","Kretschmer","ø",2
"Kreutz","NEUT","Kreutz","Kreutze","e",0
"Kreuz","NEUT","Kreuz","Kreuze","e",0
"Kreuzass","NEUT","Kreuzass","Kreuzasse","e",1
"Kreuzbein","NEUT","Kreuzbein","Kreuzbeine","e",0
"Kreuzchen","NEUT","Kreuzchen","Kreuzchen","ø",1
"Kreuzfahrt","FEM","Kreuzfahrt","Kreuzfahrten","en",1
"Kreuzfahrtschiff","NEUT","Kreuzfahrtschiff","Kreuzfahrtschiffe","e",2
"Kreuzgewölbe","NEUT","Kreuzgewölbe","Kreuzgewölbe","ø",3
"Kreuzgratgewölbe","NEUT","Kreuzgratgewölbe","Kreuzgratgewölbe","ø",4
"Kreuzkümmel","MASC","Kreuzkümmel","Kreuzkümmel","ø",2
"Kreuzrippengewölbe","NEUT","Kreuzrippengewölbe","Kreuzrippengewölbe","ø",5
"Kreuzritter","MASC","Kreuzritter","Kreuzritter","ø",2
"Kreuzschlitzschraubendreher","MASC","Kreuzschlitzschraubendreher","Kreuzschlitzschraubendreher","ø",4
"Kreuzschlitzschraubenzieher","MASC","Kreuzschlitzschraubenzieher","Kreuzschlitzschraubenzieher","ø",3
"Kreuzweg","MASC","Kreuzweg","Kreuzwege","e",1
"Kreuzworträtsel","NEUT","Kreuzworträtsel","Kreuzworträtsel","ø",3
"Kreuzzeichen","NEUT","Kreuzzeichen","Kreuzzeichen","ø",1
"Kriechtier","NEUT","Kriechtier","Kriechtiere","e",0
"Krieg","MASC","Krieg","Kriege","e",0
"Krieger","MASC","Krieger","Krieger","ø",1
"Kriegsbemalung","FEM","Kriegsbemalung","Kriegsbemalungen","en",3
"Kriegsberichterstatter","MASC","Kriegsberichterstatter","Kriegsberichterstatter","ø",5
"Kriegserklärung","FEM","Kriegserklärung","Kriegserklärungen","en",3
"Kriegsgefangenenlager","NEUT","Kriegsgefangenenlager","Kriegsgefangenenlager","ø",6
"Kriegsgericht","NEUT","Kriegsgericht","Kriegsgerichte","e",2
"Kriegsgewinnler","MASC","Kriegsgewinnler","Kriegsgewinnler","ø",3
"Kriegsminister","MASC","Kriegsminister","Kriegsminister","ø",3
"Kriegsnebel","MASC","Kriegsnebel","Kriegsnebel","ø",2
"Kriegsopfer","NEUT","Kriegsopfer","Kriegsopfer","ø",2
"Kriegspartei","FEM","Kriegspartei","Kriegsparteien","en",1
"Kriegsschar","FEM","Kriegsschar","Kriegsscharen","en",1
"Kriegsschiff","NEUT","Kriegsschiff","Kriegsschiffe","e",1
"Kriegsspiel","NEUT","Kriegsspiel","Kriegsspiele","e",0
"Kriegstreiber","MASC","Kriegstreiber","Kriegstreiber","ø",1
"Kriegsverbrecher","MASC","Kriegsverbrecher","Kriegsverbrecher","ø",3
"Kriegszitterer","MASC","Kriegszitterer","Kriegszitterer","ø",3
"Kriminalist","MASC","Kriminalist","Kriminalisten","en",4
"Kriminalistik","FEM","Kriminalistik","Kriminalistiken","en",5
"Kriminalreißer","MASC","Kriminalreißer","Kriminalreißer","ø",4
"Kriminalroman","MASC","Kriminalroman","Kriminalromane","e",5
"Kringel","MASC","Kringel","Kringel","ø",2
"Kripo","FEM","Kripo","Kripos","s",2
"Krippenspiel","NEUT","Krippenspiel","Krippenspiele","e",2
"Kristall","MASC","Kristall","Kristalle","e",2
"Kriställchen","NEUT","Kriställchen","Kriställchen","ø",3
"Kristallfeld","NEUT","Kristallfeld","Kristallfelder","er",3
"Kristallgitter","NEUT","Kristallgitter","Kristallgitter","ø",4
"Kristallit","MASC","Kristallit","Kristallite","e",3
"Kristallstruktur","FEM","Kristallstruktur","Kristallstrukturen","en",4
"Kristallsystem","NEUT","Kristallsystem","Kristallsysteme","e",4
"Kritiker","MASC","Kritiker","Kritiker","ø",3
"Krokodil","NEUT","Krokodil","Krokodile","e",3
"Kronenpinguin","MASC","Kronenpinguin","Kronenpinguine","e",4
"Kronkorken","MASC","Kronkorken","Kronkorken","ø",3
"Kronprinz","MASC","Kronprinz","Kronprinzen","en",2
"Kröpfchen","NEUT","Kröpfchen","Kröpfchen","ø",2
"Krügchen","NEUT","Krügchen","Krügchen","ø",2
"Krüglein","NEUT","Krüglein","Krüglein","ø",1
"Krümel","MASC","Krümel","Krümel","ø",2
"Krümelchen","NEUT","Krümelchen","Krümelchen","ø",3
"Krüppel","MASC","Krüppel","Krüppel","ø",2
"Krustentier","NEUT","Krustentier","Krustentiere","e",2
"Kryolith","MASC","Kryolith","Kryolithe","e",2
"Kryolithionit","MASC","Kryolithionit","Kryolithionite","e",4
"Kryostat","MASC","Kryostat","Kryostate","e",2
"Kryotechnik","FEM","Kryotechnik","Kryotechniken","en",3
"Kryovulkan","MASC","Kryovulkan","Kryovulkane","e",3
"Kryptonion","NEUT","Kryptonion","Kryptonionen","en",3
"Kryptonisotop","NEUT","Kryptonisotop","Kryptonisotope","e",5
"Kübel","MASC","Kübel","Kübel","ø",2
"Kubikmeter","MASC","Kubikmeter","Kubikmeter","ø",4
"Kubikzentimeter","MASC","Kubikzentimeter","Kubikzentimeter","ø",6
"Kuboktaeder","NEUT","Kuboktaeder","Kuboktaeder","ø",4
"Kuchenbesteck","NEUT","Kuchenbesteck","Kuchenbestecke","e",4
"Kuchenblech","NEUT","Kuchenblech","Kuchenbleche","e",3
"Küchenbrett","NEUT","Küchenbrett","Küchenbretter","er",3
"Küchenchef","MASC","Küchenchef","Küchenchefs","s",3
"Kuchengäbelchen","NEUT","Kuchengäbelchen","Kuchengäbelchen","ø",5
"Küchengerät","NEUT","Küchengerät","Küchengeräte","e",4
"Kuchenlöffel","MASC","Kuchenlöffel","Kuchenlöffel","ø",4
"Küchenlöffel","MASC","Küchenlöffel","Küchenlöffel","ø",4
"Kuchenmesser","NEUT","Kuchenmesser","Kuchenmesser","ø",4
"Küchenmesser","NEUT","Küchenmesser","Küchenmesser","ø",4
"Küchenmöbel","NEUT","Küchenmöbel","Küchenmöbel","ø",4
"Küchensieb","NEUT","Küchensieb","Küchensiebe","e",2
"Küchentisch","MASC","Küchentisch","Küchentische","e",3
"Küchlein","NEUT","Küchlein","Küchlein","ø",1
"Kuckuck","MASC","Kuckuck","Kuckucke","e",2
"Kuckucksei","NEUT","Kuckucksei","Kuckuckseier","er",2
"Kuder","MASC","Kuder","Kuder","ø",2
"Kügelchen","NEUT","Kügelchen","Kügelchen","ø",3
"Kugelfisch","MASC","Kugelfisch","Kugelfische","e",3
"Kugelgelenk","NEUT","Kugelgelenk","Kugelgelenke","e",4
"Kugelhaufenreaktor","MASC","Kugelhaufenreaktor","Kugelhaufenreaktoren","en",5
"Kugellager","NEUT","Kugellager","Kugellager","ø",4
"Kügellein","NEUT","Kügellein","Kügellein","ø",2
"Kugelschreiber","MASC","Kugelschreiber","Kugelschreiber","ø",3
"Kugelzieher","MASC","Kugelzieher","Kugelzieher","ø",3
"Küglein","NEUT","Küglein","Küglein","ø",1
"Kuguar","MASC","Kuguar","Kuguare","e",2
"Kuhfladen","MASC","Kuhfladen","Kuhfladen","ø",3
"Kühler","MASC","Kühler","Kühler","ø",2
"Kühlregal","NEUT","Kühlregal","Kühlregale","e",3
"Kühlschmierstoff","MASC","Kühlschmierstoff","Kühlschmierstoffe","e",2
"Kuhreiher","MASC","Kuhreiher","Kuhreiher","ø",2
"Kukuruzkolben","MASC","Kukuruzkolben","Kukuruzkolben","ø",5
"Kulak","MASC","Kulak","Kulaken","en",2
"Kult","MASC","Kult","Kulte","e",1
"Kulturkreis","MASC","Kulturkreis","Kulturkreise","e",2
"Kulturlandschaft","FEM","Kulturlandschaft","Kulturlandschaften","en",4
"Kulturmuslim","MASC","Kulturmuslim","Kulturmuslime","e",4
"Kultursprache","FEM","Kultursprache","Kulturspracheen","en",4
"Kulturträger","MASC","Kulturträger","Kulturträger","ø",4
"Kulturwissenschaft","FEM","Kulturwissenschaft","Kulturwissenschaften","en",5
"Kulturwissenschaftler","MASC","Kulturwissenschaftler","Kulturwissenschaftler","ø",6
"Kultusminister","MASC","Kultusminister","Kultusminister","ø",5
"Kümmel","MASC","Kümmel","Kümmel","ø",2
"Kummerbund","MASC","Kummerbund","Kummerbunde","e",3
"Kumpan","MASC","Kumpan","Kumpane","e",2
"Kumpel","MASC","Kumpel","Kumpel","ø",2
"Kumpf","MASC","Kumpf","Kumpfe","e",1
"Kumquat","MASC","Kumquat","Kumquat","ø",2
"Kundendienst","MASC","Kundendienst","Kundendienste","e",2
"Kundgebungsteilnehmer","MASC","Kundgebungsteilnehmer","Kundgebungsteilnehmer","ø",5
"Kundschafter","MASC","Kundschafter","Kundschafter","ø",3
"Kunstdünger","MASC","Kunstdünger","Kunstdünger","ø",3
"Kunstfehler","MASC","Kunstfehler","Kunstfehler","ø",3
"Kunstflieger","MASC","Kunstflieger","Kunstflieger","ø",2
"Kunsthändler","MASC","Kunsthändler","Kunsthändler","ø",3
"Kunsthandwerk","NEUT","Kunsthandwerk","Kunsthandwerke","e",3
"Künstler","MASC","Künstler","Künstler","ø",2
"Künstlerroman","MASC","Künstlerroman","Künstlerromane","e",4
"Künstlichkeit","FEM","Künstlichkeit","Künstlichkeiten","en",2
"Kunstmaler","MASC","Kunstmaler","Kunstmaler","ø",3
"Kunstraub","MASC","Kunstraub","Kunstraube","e",1
"Kunststoff","MASC","Kunststoff","Kunststoffe","e",2
"Kunststoffabteilung","FEM","Kunststoffabteilung","Kunststoffabteilungen","en",4
"Kunststoffadditiv","NEUT","Kunststoffadditiv","Kunststoffadditive","e",5
"Kunststoffanteil","MASC","Kunststoffanteil","Kunststoffanteile","e",3
"Kunststoffartikel","MASC","Kunststoffartikel","Kunststoffartikel","ø",5
"Kunststoffbecher","MASC","Kunststoffbecher","Kunststoffbecher","ø",4
"Kunststoffbesteck","NEUT","Kunststoffbesteck","Kunststoffbestecke","e",4
"Kunststoffbeutel","MASC","Kunststoffbeutel","Kunststoffbeutel","ø",3
"Kunststoffgeschirr","NEUT","Kunststoffgeschirr","Kunststoffgeschirre","e",4
"Kunststoffhaken","MASC","Kunststoffhaken","Kunststoffhaken","ø",4
"Kunststoffmesser","NEUT","Kunststoffmesser","Kunststoffmesser","ø",4
"Kunststoffrohr","NEUT","Kunststoffrohr","Kunststoffrohre","e",3
"Kunststoffteller","MASC","Kunststoffteller","Kunststoffteller","ø",4
"Kunststück","NEUT","Kunststück","Kunststücke","e",2
"Kunstwerk","NEUT","Kunstwerk","Kunstwerke","e",2
"Kupferbergwerk","NEUT","Kupferbergwerk","Kupferbergwerke","e",4
"Kupfererz","NEUT","Kupfererz","Kupfererze","e",3
"Kupferkessel","MASC","Kupferkessel","Kupferkessel","ø",4
"Kupferkies","MASC","Kupferkies","Kupferkiese","e",2
"Kupferstich","MASC","Kupferstich","Kupferstiche","e",3
"Kupplungspedal","NEUT","Kupplungspedal","Kupplungspedale","e",4
"Kurant","NEUT","Kurant","Kurante","e",2
"Kürass","MASC","Kürass","Kürasse","e",2
"Kurator","MASC","Kurator","Kuratoren","en",3
"Kürbiskern","MASC","Kürbiskern","Kürbiskerne","e",3
"Kürbiskernöl","NEUT","Kürbiskernöl","Kürbiskernöle","e",4
"Kurfürst","MASC","Kurfürst","Kurfürsten","en",2
"Kurier","MASC","Kurier","Kuriere","e",1
"Kuriosität","FEM","Kuriosität","Kuriositäten","en",4
"Kuriositätenkabinett","NEUT","Kuriositätenkabinett","Kuriositätenkabinette","e",8
"Kurpfuscher","MASC","Kurpfuscher","Kurpfuscher","ø",3
"Kurs","MASC","Kurs","Kurse","e",1
"Kürschner","MASC","Kürschner","Kürschner","ø",2
"Kursivschrift","FEM","Kursivschrift","Kursivschriften","en",3
"Kurzarbeit","FEM","Kurzarbeit","Kurzarbeiten","en",2
"Kurzaufenthalt","MASC","Kurzaufenthalt","Kurzaufenthalte","e",3
"Kürzel","NEUT","Kürzel","Kürzel","ø",2
"Kurzmitteilung","FEM","Kurzmitteilung","Kurzmitteilungen","en",3
"Kurznachricht","FEM","Kurznachricht","Kurznachrichten","en",3
"Kurznachrichtendienst","MASC","Kurznachrichtendienst","Kurznachrichtendienste","e",4
"Kurzschrift","FEM","Kurzschrift","Kurzschriften","en",2
"Kurzschwanz-Ameisenwürger","MASC","Kurzschwanz-Ameisenwürger","Kurzschwanz-Ameisenwürger","ø",6
"Kurzurlaub","MASC","Kurzurlaub","Kurzurlaube","e",2
"Kurzvokal","MASC","Kurzvokal","Kurzvokale","e",3
"Kurzzeichen","NEUT","Kurzzeichen","Kurzzeichen","ø",2
"Kuschelkurs","MASC","Kuschelkurs","Kuschelkurse","e",3
"Kuscheltier","NEUT","Kuscheltier","Kuscheltiere","e",2
"Küsschen","NEUT","Küsschen","Küsschen","ø",2
"Küstenbereich","MASC","Küstenbereich","Küstenbereiche","e",3
"Küstengewässer","NEUT","Küstengewässer","Küstengewässer","ø",5
"Küstennebel","MASC","Küstennebel","Küstennebel","ø",4
"Küster","MASC","Küster","Küster","ø",2
"Kutscher","MASC","Kutscher","Kutscher","ø",2
"Kutter","MASC","Kutter","Kutter","ø",2
"Kuvert","NEUT","Kuvert","Kuverts","s",2
"Kyanit","MASC","Kyanit","Kyanite","e",2
"Lab","NEUT","Lab","Labe","e",1
"Label","NEUT","Label","Labels","s",2
"Labello","MASC","Labello","Labellos","s",3
"Labiodental","MASC","Labiodental","Labiodentale","e",4
"Labor","NEUT","Labor","Labors","s",2
"Laborant","MASC","Laborant","Laboranten","en",3
"Laborgerät","NEUT","Laborgerät","Laborgeräte","e",4
"Laborinstrument","NEUT","Laborinstrument","Laborinstrumente","e",5
"Laborkittel","MASC","Laborkittel","Laborkittel","ø",4
"Labsal","NEUT","Labsal","Labsale","e",2
"Labyrinth","NEUT","Labyrinth","Labyrinthe","e",3
"Lacher","MASC","Lacher","Lacher","ø",2
"Lächerlichkeit","FEM","Lächerlichkeit","Lächerlichkeiten","en",3
"Lachs","MASC","Lachs","Lachse","e",1
"Lack","MASC","Lack","Lacke","e",1
"Lackierung","FEM","Lackierung","Lackierungen","en",2
"Lackmustest","MASC","Lackmustest","Lackmustests","s",3
"Lackschicht","FEM","Lackschicht","Lackschichten","en",2
"Lactat","NEUT","Lactat","Lactate","e",2
"Ladegerät","NEUT","Ladegerät","Ladegeräte","e",4
"Ladekabel","NEUT","Ladekabel","Ladekabel","ø",4
"Ladenbesitzer","MASC","Ladenbesitzer","Ladenbesitzer","ø",5
"Ladendieb","MASC","Ladendieb","Ladendiebe","e",2
"Ladenhüter","MASC","Ladenhüter","Ladenhüter","ø",4
"Ladentisch","MASC","Ladentisch","Ladentische","e",3
"Lader","MASC","Lader","Lader","ø",2
"Ladungsausgleich","MASC","Ladungsausgleich","Ladungsausgleiche","e",2
"Lady","FEM","Lady","Ladys","s",2
"Lag","MASC","Lag","Lags","s",1
"Lager","NEUT","Lager","Lager","ø",2
"Lagerfeuer","NEUT","Lagerfeuer","Lagerfeuer","ø",3
"Lagergefäß","NEUT","Lagergefäß","Lagergefäße","e",4
"Lagergeld","NEUT","Lagergeld","Lagergelder","er",3
"Lagerkoller","MASC","Lagerkoller","Lagerkoller","ø",4
"Lagerregal","NEUT","Lagerregal","Lagerregale","e",4
"Lagerwerkstoff","MASC","Lagerwerkstoff","Lagerwerkstoffe","e",4
"Lahnung","FEM","Lahnung","Lahnungen","en",2
"Laib","MASC","Laib","Laibe","e",1
"Laibchen","NEUT","Laibchen","Laibchen","ø",2
"Laiblein","NEUT","Laiblein","Laiblein","ø",1
"Laich","MASC","Laich","Laiche","e",1
"Laken","NEUT","Laken","Laken","ø",2
"Lambda","NEUT","Lambda","Lambdas","s",2
"Lambdapunkt","MASC","Lambdapunkt","Lambdapunkte","e",3
"Laminat","NEUT","Laminat","Laminate","e",3
"Lammbraten","MASC","Lammbraten","Lammbraten","ø",3
"Lämmchen","NEUT","Lämmchen","Lämmchen","ø",2
"Lammfell","NEUT","Lammfell","Lammfelle","e",2
"Lammfellhandschuh","MASC","Lammfellhandschuh","Lammfellhandschuhe","e",4
"Lammfilet","NEUT","Lammfilet","Lammfilets","s",3
"Lämmlein","NEUT","Lämmlein","Lämmlein","ø",1
"Lämpchen","NEUT","Lämpchen","Lämpchen","ø",2
"Lampenschirm","MASC","Lampenschirm","Lampenschirme","e",3
"Landauer","MASC","Landauer","Landauer","ø",2
"Ländchen","NEUT","Ländchen","Ländchen","ø",2
"Länderei","FEM","Länderei","Ländereien","en",2
"Landeshoheit","FEM","Landeshoheit","Landeshoheiten","en",3
"Landesminister","MASC","Landesminister","Landesminister","ø",5
"Landesverräter","MASC","Landesverräter","Landesverräter","ø",5
"Landeswappen","NEUT","Landeswappen","Landeswappen","ø",4
"Landgericht","NEUT","Landgericht","Landgerichte","e",3
"Landkreis","MASC","Landkreis","Landkreise","e",1
"Landpfleger","MASC","Landpfleger","Landpfleger","ø",3
"Landschaft","FEM","Landschaft","Landschaften","en",2
"Landschaftsgärtner","MASC","Landschaftsgärtner","Landschaftsgärtner","ø",4
"Landsknecht","MASC","Landsknecht","Landsknechte","e",2
"Landstreicher","MASC","Landstreicher","Landstreicher","ø",2
"Landstreicherei","FEM","Landstreicherei","Landstreichereien","en",2
"Landung","FEM","Landung","Landungen","en",2
"Landweg","MASC","Landweg","Landwege","e",2
"Landwein","MASC","Landwein","Landweine","e",1
"Landwirt","MASC","Landwirt","Landwirte","e",2
"Längengrad","MASC","Längengrad","Längengrade","e",3
"Längenmaß","NEUT","Längenmaß","Längenmaße","e",3
"Langlieger","MASC","Langlieger","Langlieger","ø",2
"Langschläfer","MASC","Langschläfer","Langschläfer","ø",3
"Langschwanzpinguin","MASC","Langschwanzpinguin","Langschwanzpinguine","e",4
"Langschwert","NEUT","Langschwert","Langschwerter","er",2
"Längsschnitt","MASC","Längsschnitt","Längsschnitte","e",2
"Längsschnittuntersuchung","FEM","Längsschnittuntersuchung","Längsschnittuntersuchungen","en",6
"Längsstreifen","MASC","Längsstreifen","Längsstreifen","ø",2
"Langstreckenläufer","MASC","Langstreckenläufer","Langstreckenläufer","ø",4
"Langvokal","MASC","Langvokal","Langvokale","e",3
"Langweiler","MASC","Langweiler","Langweiler","ø",2
"Langzeichen","NEUT","Langzeichen","Langzeichen","ø",2
"Lanthanoid","NEUT","Lanthanoid","Lanthanoide","e",3
"Läppchen","NEUT","Läppchen","Läppchen","ø",2
"Lappen","MASC","Lappen","Lappen","ø",2
"Läpplein","NEUT","Läpplein","Läpplein","ø",1
"Laser","MASC","Laser","Laser","ø",2
"Laserdrucker","MASC","Laserdrucker","Laserdrucker","ø",4
"Laster","MASC","Laster","Laster","ø",2
"Lasttier","NEUT","Lasttier","Lasttiere","e",1
"Lastwagen","MASC","Lastwagen","Lastwagen","ø",3
"Lateral","MASC","Lateral","Laterale","e",3
"Laternenfisch","MASC","Laternenfisch","Laternenfische","e",4
"Lativ","MASC","Lativ","Lative","e",2
"Lätzchen","NEUT","Lätzchen","Lätzchen","ø",2
"Laubbläser","MASC","Laubbläser","Laubbläser","ø",2
"Laubblättchen","NEUT","Laubblättchen","Laubblättchen","ø",2
"Laubgehölz","NEUT","Laubgehölz","Laubgehölze","e",2
"Laubsänger","MASC","Laubsänger","Laubsänger","ø",2
"Lauch","MASC","Lauch","Lauche","e",0
"Laufer","MASC","Laufer","Laufer","ø",1
"Läufer","MASC","Läufer","Läufer","ø",1
"Lauffeuer","NEUT","Lauffeuer","Lauffeuer","ø",1
"Laufring","MASC","Laufring","Laufringe","e",1
"Laufschuh","MASC","Laufschuh","Laufschuhe","e",1
"Laufsteg","MASC","Laufsteg","Laufstege","e",1
"Laufwerk","NEUT","Laufwerk","Laufwerke","e",1
"Laufzeit","FEM","Laufzeit","Laufzeiten","en",0
"Laugensalz","NEUT","Laugensalz","Laugensalze","e",2
"Laurit","MASC","Laurit","Laurite","e",1
"Läuschen","NEUT","Läuschen","Läuschen","ø",1
"Laut","MASC","Laut","Laute","e",0
"Lautenwerck","NEUT","Lautenwerck","Lautenwercke","e",2
"Lautgesetz","NEUT","Lautgesetz","Lautgesetze","e",2
"Lautsprecher","MASC","Lautsprecher","Lautsprecher","ø",2
"Lautstärkeregler","MASC","Lautstärkeregler","Lautstärkeregler","ø",4
"Lautung","FEM","Lautung","Lautungen","en",1
"Lautwandel","MASC","Lautwandel","Lautwandel","ø",2
"Lavaret","MASC","Lavaret","Lavarets","s",3
"Lavendel","MASC","Lavendel","Lavendel","ø",3
"Lazarett","NEUT","Lazarett","Lazarette","e",3
"Leben","NEUT","Leben","Leben","ø",2
"Lebendgewicht","NEUT","Lebendgewicht","Lebendgewichte","e",4
"Lebensabschnitt","MASC","Lebensabschnitt","Lebensabschnitte","e",4
"Lebensbedingung","FEM","Lebensbedingung","Lebensbedingungen","en",5
"Lebensgefühl","NEUT","Lebensgefühl","Lebensgefühle","e",4
"Lebensgemeinschaft","FEM","Lebensgemeinschaft","Lebensgemeinschaften","en",4
"Lebensjahr","NEUT","Lebensjahr","Lebensjahre","e",3
"Lebensmittel","NEUT","Lebensmittel","Lebensmittel","ø",4
"Lebensmittelfarbstoff","MASC","Lebensmittelfarbstoff","Lebensmittelfarbstoffe","e",6
"Lebensmittelhändler","MASC","Lebensmittelhändler","Lebensmittelhändler","ø",6
"Lebensreform","FEM","Lebensreform","Lebensreformen","en",4
"Lebensretter","MASC","Lebensretter","Lebensretter","ø",4
"Lebensversicherung","FEM","Lebensversicherung","Lebensversicherungen","en",6
"Lebensweg","MASC","Lebensweg","Lebenswege","e",3
"Lebenswelt","FEM","Lebenswelt","Lebenswelten","en",3
"Lebenszeichen","NEUT","Lebenszeichen","Lebenszeichen","ø",3
"Leberkäse","MASC","Leberkäse","Leberkäse","ø",4
"Leberlein","NEUT","Leberlein","Leberlein","ø",2
"Lebewesen","NEUT","Lebewesen","Lebewesen","ø",4
"Lebewohl","NEUT","Lebewohl","Lebewohls","s",3
"Lebkuchen","MASC","Lebkuchen","Lebkuchen","ø",3
"Lebtag","MASC","Lebtag","Lebtage","e",2
"Leck","NEUT","Leck","Lecks","s",1
"Lecker","MASC","Lecker","Lecker","ø",2
"Leckerbissen","MASC","Leckerbissen","Leckerbissen","ø",4
"Leckerei","FEM","Leckerei","Leckereien","en",2
"LED","FEM","LED","LEDs","s",1
"Leder","NEUT","Leder","Leder","ø",2
"Lederstiefel","MASC","Lederstiefel","Lederstiefel","ø",3
"Leergewicht","NEUT","Leergewicht","Leergewichte","e",3
"Leergutautomat","MASC","Leergutautomat","Leergutautomaten","en",4
"Leerlaufstellung","FEM","Leerlaufstellung","Leerlaufstellungen","en",3
"Leerzeichen","NEUT","Leerzeichen","Leerzeichen","ø",2
"Legastheniker","MASC","Legastheniker","Legastheniker","ø",5
"Legat","MASC","Legat","Legate","e",2
"Legierung","FEM","Legierung","Legierungen","en",2
"Legierungsbestandteil","MASC","Legierungsbestandteil","Legierungsbestandteile","e",4
"Legierungselement","NEUT","Legierungselement","Legierungselemente","e",5
"Legierungsmetall","NEUT","Legierungsmetall","Legierungsmetalle","e",4
"Legion","FEM","Legion","Legionen","en",2
"Leguan","MASC","Leguan","Leguane","e",2
"Lehen","NEUT","Lehen","Lehen","ø",2
"Lehm","MASC","Lehm","Lehme","e",1
"Lehmziegel","MASC","Lehmziegel","Lehmziegel","ø",2
"Lehnbedeutung","FEM","Lehnbedeutung","Lehnbedeutungen","en",3
"Lehrer","MASC","Lehrer","Lehrer","ø",2
"Lehrerpult","NEUT","Lehrerpult","Lehrerpulte","e",3
"Lehrkörper","MASC","Lehrkörper","Lehrkörper","ø",3
"Lehrling","MASC","Lehrling","Lehrlinge","e",2
"Lehrwerk","NEUT","Lehrwerk","Lehrwerke","e",2
"Leib","MASC","Leib","Leiber","er",0
"Leibchen","NEUT","Leibchen","Leibchen","ø",1
"Leibesvisitation","FEM","Leibesvisitation","Leibesvisitationen","en",5
"Leibgericht","NEUT","Leibgericht","Leibgerichte","e",2
"Leibwächter","MASC","Leibwächter","Leibwächter","ø",2
"Leichenficker","MASC","Leichenficker","Leichenficker","ø",3
"Leichenschänder","MASC","Leichenschänder","Leichenschänder","ø",3
"Leichenschändung","FEM","Leichenschändung","Leichenschändungen","en",3
"Leichenschau","FEM","Leichenschau","Leichenschauen","en",1
"Leichenstein","MASC","Leichenstein","Leichensteine","e",1
"Leichnam","MASC","Leichnam","Leichname","e",1
"Leichter","MASC","Leichter","Leichter","ø",1
"Leichtmetall","NEUT","Leichtmetall","Leichtmetalle","e",2
"Leidener","MASC","Leidener","Leidener","ø",2
"Leidenschaft","FEM","Leidenschaft","Leidenschaften","en",2
"Leider","MASC","Leider","Leider","ø",1
"Leiharbeiter","MASC","Leiharbeiter","Leiharbeiter","ø",2
"Leim","MASC","Leim","Leime","e",0
"Lein","MASC","Lein","Leine","e",0
"Leinen","NEUT","Leinen","Leinen","ø",1
"Leinenhemd","NEUT","Leinenhemd","Leinenhemden","en",2
"Leinenlaken","NEUT","Leinenlaken","Leinenlaken","ø",3
"Leinsamen","MASC","Leinsamen","Leinsamen","ø",2
"Leipogramm","NEUT","Leipogramm","Leipogramme","e",2
"Leipziger","MASC","Leipziger","Leipziger","ø",2
"Leisten","MASC","Leisten","Leisten","ø",1
"Leistungskurs","MASC","Leistungskurs","Leistungskurse","e",2
"Leistungsnachweis","MASC","Leistungsnachweis","Leistungsnachweise","e",2
"Leistungsort","MASC","Leistungsort","Leistungsorte","e",2
"Leistungsschutzrecht","NEUT","Leistungsschutzrecht","Leistungsschutzrechte","e",3
"Leistungssport","MASC","Leistungssport","Leistungssporte","e",2
"Leitartikel","MASC","Leitartikel","Leitartikel","ø",3
"Leitfähigkeit","FEM","Leitfähigkeit","Leitfähigkeiten","en",2
"Leitkegel","MASC","Leitkegel","Leitkegel","ø",2
"Leitkultur","FEM","Leitkultur","Leitkulturen","en",2
"Leitpfosten","MASC","Leitpfosten","Leitpfosten","ø",2
"Leitung","FEM","Leitung","Leitungen","en",1
"Leitungsband","NEUT","Leitungsband","Leitungsbande","e",2
"Leitungscode","MASC","Leitungscode","Leitungscodes","s",3
"Leitungsweg","MASC","Leitungsweg","Leitungswege","e",2
"Lekt","MASC","Lekt","Lekte","e",1
"Lektin","NEUT","Lektin","Lektine","e",2
"Lektor","MASC","Lektor","Lektoren","en",2
"Lendenschurz","MASC","Lendenschurz","Lendenschurze","e",3
"Lenierung","FEM","Lenierung","Lenierungen","en",2
"Lenisierung","FEM","Lenisierung","Lenisierungen","en",3
"Lenker","MASC","Lenker","Lenker","ø",2
"Lenz","MASC","Lenz","Lenze","e",1
"Leopard","MASC","Leopard","Leoparden","en",2
"Leopardenhai","MASC","Leopardenhai","Leopardenhaie","e",4
"Lepidolith","MASC","Lepidolith","Lepidolithe","e",4
"Lepton","NEUT","Lepton","Leptonen","en",2
"Lernkartei","FEM","Lernkartei","Lernkarteien","en",2
"Lesebeispiel","NEUT","Lesebeispiel","Lesebeispiele","e",2
"Lesefähigkeit","FEM","Lesefähigkeit","Lesefähigkeiten","en",4
"Leser","MASC","Leser","Leser","ø",2
"Leserschaft","FEM","Leserschaft","Leserschaften","en",3
"Lesezeichen","NEUT","Lesezeichen","Lesezeichen","ø",3
"Lesgisch","NEUT","Lesgisch","Lesgische","e",2
"Leu","MASC","Leu","Leuen","en",0
"Leuchter","MASC","Leuchter","Leuchter","ø",1
"Leuchtgas","NEUT","Leuchtgas","Leuchtgase","e",1
"Leuchtkäfer","MASC","Leuchtkäfer","Leuchtkäfer","ø",2
"Leuchtstoff","MASC","Leuchtstoff","Leuchtstoffe","e",1
"Leucit","MASC","Leucit","Leucite","e",1
"Leugner","MASC","Leugner","Leugner","ø",1
"Leugnung","FEM","Leugnung","Leugnungen","en",1
"Leukoxen","MASC","Leukoxen","Leukoxene","e",2
"Leukozyt","MASC","Leukozyt","Leukozyten","en",2
"Leut","NEUT","Leut","Leute","e",0
"Leutchen","NEUT","Leutchen","Leutchen","ø",1
"Leutlein","NEUT","Leutlein","Leutlein","ø",0
"Leutnant","MASC","Leutnant","Leutnante","e",1
"Leviathan","MASC","Leviathan","Leviathane","e",3
"Lewisit","NEUT","Lewisit","Lewisite","e",3
"Lexem","NEUT","Lexem","Lexeme","e",2
"Libellenflügel","MASC","Libellenflügel","Libellenflügel","ø",5
"Liberianer","MASC","Liberianer","Liberianer","ø",4
"Libyer","MASC","Libyer","Libyer","ø",2
"Licht","NEUT","Licht","Lichter","er",1
"Lichtbild","NEUT","Lichtbild","Lichtbilder","er",2
"Lichtchen","NEUT","Lichtchen","Lichtchen","ø",2
"Lichtecho","NEUT","Lichtecho","Lichtechos","s",3
"Lichtgeschwindigkeit","FEM","Lichtgeschwindigkeit","Lichtgeschwindigkeiten","en",4
"Lichtjahr","NEUT","Lichtjahr","Lichtjahre","e",2
"Lichtlein","NEUT","Lichtlein","Lichtlein","ø",1
"Lichtmessgerät","NEUT","Lichtmessgerät","Lichtmessgeräte","e",4
"Lichtmikroskop","NEUT","Lichtmikroskop","Lichtmikroskope","e",4
"Lichtschalter","MASC","Lichtschalter","Lichtschalter","ø",3
"Lichtstrahl","MASC","Lichtstrahl","Lichtstrahlen","en",2
"Lid","NEUT","Lid","Lider","er",1
"Liebchen","NEUT","Liebchen","Liebchen","ø",1
"Liebenswürdigkeit","FEM","Liebenswürdigkeit","Liebenswürdigkeiten","en",3
"Liebesbrief","MASC","Liebesbrief","Liebesbriefe","e",1
"Liebesgedicht","NEUT","Liebesgedicht","Liebesgedichte","e",3
"Liebeslied","NEUT","Liebeslied","Liebeslieder","er",1
"Liebestod","MASC","Liebestod","Liebestode","e",2
"Liebestöter","MASC","Liebestöter","Liebestöter","ø",3
"Liebhaber","MASC","Liebhaber","Liebhaber","ø",2
"Liebling","MASC","Liebling","Lieblinge","e",1
"Liebreiz","MASC","Liebreiz","Liebreize","e",0
"Liechtensteiner","MASC","Liechtensteiner","Liechtensteiner","ø",2
"Lied","NEUT","Lied","Lieder","er",0
"Liedchen","NEUT","Liedchen","Liedchen","ø",1
"Liedlein","NEUT","Liedlein","Liedlein","ø",0
"Liedtext","MASC","Liedtext","Liedtexte","e",1
"Lieferant","MASC","Lieferant","Lieferanten","en",2
"Lieferung","FEM","Lieferung","Lieferungen","en",2
"Liegestütz","MASC","Liegestütz","Liegestütze","e",2
"Lifehack","MASC","Lifehack","Lifehacks","s",3
"Lift","MASC","Lift","Lifte","e",1
"Ligandenaustausch","MASC","Ligandenaustausch","Ligandenaustausche","e",3
"Lignin","MASC","Lignin","Lignine","e",2
"Likör","MASC","Likör","Liköre","e",2
"Limonit","MASC","Limonit","Limonite","e",3
"Linearmotor","MASC","Linearmotor","Linearmotoren","en",4
"Linguist","MASC","Linguist","Linguisten","en",2
"Linkshänder","MASC","Linkshänder","Linkshänder","ø",3
"Linksruck","MASC","Linksruck","Linksrucke","e",2
"Linksverkehr","MASC","Linksverkehr","Linksverkehre","e",3
"Linnen","NEUT","Linnen","Linnen","ø",2
"Linolschnitt","MASC","Linolschnitt","Linolschnitte","e",3
"Lipid","NEUT","Lipid","Lipide","e",2
"Lipödem","NEUT","Lipödem","Lipödeme","e",3
"Lippenblütler","MASC","Lippenblütler","Lippenblütler","ø",4
"Lippenlaut","MASC","Lippenlaut","Lippenlaute","e",2
"Lippenleser","MASC","Lippenleser","Lippenleser","ø",4
"Lippenpflegestift","MASC","Lippenpflegestift","Lippenpflegestifte","e",5
"Lippenstift","MASC","Lippenstift","Lippenstifte","e",3
"Lippfisch","MASC","Lippfisch","Lippfische","e",2
"Liptauer","MASC","Liptauer","Liptauer","ø",2
"Liquid","MASC","Liquid","Liquide","e",2
"Liquidation","FEM","Liquidation","Liquidationen","en",4
"Liquidator","MASC","Liquidator","Liquidatoren","en",4
"Liquidität","FEM","Liquidität","Liquiditäten","en",4
"Lisztäffchen","NEUT","Lisztäffchen","Lisztäffchen","ø",3
"Litauer","MASC","Litauer","Litauer","ø",2
"Literat","MASC","Literat","Literaten","en",3
"Literatur","FEM","Literatur","Literaturen","en",4
"Literaturkritik","FEM","Literaturkritik","Literaturkritiken","en",6
"Literaturkritiker","MASC","Literaturkritiker","Literaturkritiker","ø",7
"Literaturwissenschaftler","MASC","Literaturwissenschaftler","Literaturwissenschaftler","ø",8
"Lithiumisotop","NEUT","Lithiumisotop","Lithiumisotope","e",5
"Litschi","FEM","Litschi","Litschis","s",2
"Livestream","MASC","Livestream","Livestreams","s",3
"Lizenz","FEM","Lizenz","Lizenzen","en",2
"Lob","NEUT","Lob","Lobe","e",1
"Lobgesang","MASC","Lobgesang","Lobgesange","e",3
"Lobopfer","NEUT","Lobopfer","Lobopfer","ø",3
"Lobpreis","MASC","Lobpreis","Lobpreise","e",1
"Locher","MASC","Locher","Locher","ø",2
"Löchlein","NEUT","Löchlein","Löchlein","ø",1
"Lockenwickler","MASC","Lockenwickler","Lockenwickler","ø",4
"Lockerung","FEM","Lockerung","Lockerungen","en",3
"Lockmittel","NEUT","Lockmittel","Lockmittel","ø",3
"Lockruf","MASC","Lockruf","Lockrufe","e",2
"Loden","MASC","Loden","Loden","ø",2
"Löffel","MASC","Löffel","Löffel","ø",2
"Löffelchen","NEUT","Löffelchen","Löffelchen","ø",3
"Löffellein","NEUT","Löffellein","Löffellein","ø",2
"Löffler","MASC","Löffler","Löffler","ø",2
"Logikgatter","NEUT","Logikgatter","Logikgatter","ø",4
"Lok","FEM","Lok","Loks","s",1
"Lokal","NEUT","Lokal","Lokale","e",2
"Lokalelement","NEUT","Lokalelement","Lokalelemente","e",5
"Lokalteil","MASC","Lokalteil","Lokalteile","e",2
"Lokführer","MASC","Lokführer","Lokführer","ø",3
"Lokomotivführer","MASC","Lokomotivführer","Lokomotivführer","ø",6
"Löli","MASC","Löli","Löli","ø",2
"Lolli","MASC","Lolli","Lollis","s",2
"Löllingit","NEUT","Löllingit","Löllingite","e",3
"Lonsdaleit","MASC","Lonsdaleit","Lonsdaleite","e",2
"Loparit","MASC","Loparit","Loparite","e",3
"Lorbeer","MASC","Lorbeer","Lorbeeren","en",2
"Lord","MASC","Lord","Lords","s",1
"Los","NEUT","Los","Lose","e",1
"Löschpapier","NEUT","Löschpapier","Löschpapiere","e",2
"Lösegeld","NEUT","Lösegeld","Lösegelder","er",3
"Löslichkeitsprodukt","NEUT","Löslichkeitsprodukt","Löslichkeitsprodukte","e",4
"Löss","MASC","Löss","Lösse","e",1
"Lösungsmittel","NEUT","Lösungsmittel","Lösungsmittel","ø",4
"Lötmetall","NEUT","Lötmetall","Lötmetalle","e",3
"Lotos","MASC","Lotos","Lotos","ø",2
"Lottospiel","NEUT","Lottospiel","Lottospiele","e",2
"Lotung","FEM","Lotung","Lotungen","en",2
"Lötung","FEM","Lötung","Lötungen","en",2
"Louisianer","MASC","Louisianer","Louisianer","ø",3
"Lover","MASC","Lover","Lover","ø",2
"Löwchen","NEUT","Löwchen","Löwchen","ø",2
"Löwenäffchen","NEUT","Löwenäffchen","Löwenäffchen","ø",4
"Löwenanteil","MASC","Löwenanteil","Löwenanteile","e",3
"Loyalität","FEM","Loyalität","Loyalitäten","en",3
"Lübecker","MASC","Lübecker","Lübecker","ø",3
"Luchs","MASC","Luchs","Luchse","e",1
"Lucianer","MASC","Lucianer","Lucianer","ø",3
"Lückenbüßer","MASC","Lückenbüßer","Lückenbüßer","ø",4
"Lückenfüller","MASC","Lückenfüller","Lückenfüller","ø",4
"Lückentest","MASC","Lückentest","Lückentests","s",3
"Lückentext","MASC","Lückentext","Lückentexte","e",3
"Lückentexttest","MASC","Lückentexttest","Lückentexttests","s",4
"Luddit","MASC","Luddit","Ludditen","en",2
"Luder","NEUT","Luder","Luder","ø",2
"Ludwigsburger","MASC","Ludwigsburger","Ludwigsburger","ø",4
"Luftangriff","MASC","Luftangriff","Luftangriffe","e",3
"Luftaufklärung","FEM","Luftaufklärung","Luftaufklärungen","en",3
"Luftballon","MASC","Luftballon","Luftballons","s",3
"Luftbild","NEUT","Luftbild","Luftbilder","er",2
"Luftbläschen","NEUT","Luftbläschen","Luftbläschen","ø",3
"Lüftchen","NEUT","Lüftchen","Lüftchen","ø",2
"Luftdruck","MASC","Luftdruck","Luftdrucke","e",2
"Luftentfeuchter","MASC","Luftentfeuchter","Luftentfeuchter","ø",3
"Lüfter","MASC","Lüfter","Lüfter","ø",2
"Luftfahrzeug","NEUT","Luftfahrzeug","Luftfahrzeuge","e",2
"Luftgewehr","NEUT","Luftgewehr","Luftgewehre","e",3
"Lufthauch","MASC","Lufthauch","Lufthauche","e",1
"Luftkissenboot","NEUT","Luftkissenboot","Luftkissenboote","e",4
"Luftkrieg","MASC","Luftkrieg","Luftkriege","e",1
"Luftschiff","NEUT","Luftschiff","Luftschiffe","e",2
"Lufttemperatur","FEM","Lufttemperatur","Lufttemperaturen","en",5
"Luftweg","MASC","Luftweg","Luftwege","e",2
"Lügner","MASC","Lügner","Lügner","ø",2
"Luminometer","NEUT","Luminometer","Luminometer","ø",5
"Luminophor","MASC","Luminophor","Luminophore","e",4
"Lümmel","MASC","Lümmel","Lümmel","ø",2
"Lump","MASC","Lump","Lumpen","en",1
"Lumpen","MASC","Lumpen","Lumpen","ø",2
"Lund","MASC","Lund","Lunde","e",1
"Lungenkrebs","MASC","Lungenkrebs","Lungenkrebse","e",3
"Lungenödem","NEUT","Lungenödem","Lungenödeme","e",4
"Lungenproblem","NEUT","Lungenproblem","Lungenprobleme","e",4
"Lunisolarkalender","MASC","Lunisolarkalender","Lunisolarkalender","ø",7
"Lurch","MASC","Lurch","Lurche","e",1
"Lusitaner","MASC","Lusitaner","Lusitaner","ø",4
"Lustbarkeit","FEM","Lustbarkeit","Lustbarkeiten","en",2
"Luster","MASC","Luster","Luster","ø",2
"Lüster","MASC","Lüster","Lüster","ø",2
"Lustmolch","MASC","Lustmolch","Lustmolche","e",2
"Lustspiel","NEUT","Lustspiel","Lustspiele","e",1
"Lutscher","MASC","Lutscher","Lutscher","ø",2
"Lux","NEUT","Lux","Lux","ø",1
"Luxemburger","MASC","Luxemburger","Luxemburger","ø",4
"Lymphbahn","FEM","Lymphbahn","Lymphbahnen","en",2
"Lymphgefäß","NEUT","Lymphgefäß","Lymphgefäße","e",3
"Lymphsystem","NEUT","Lymphsystem","Lymphsysteme","e",3
"Mäander","MASC","Mäander","Mäander","ø",2
"Maat","MASC","Maat","Maate","e",1
"Machart","FEM","Machart","Macharten","en",2
"Macher","MASC","Macher","Macher","ø",2
"Machtdemonstration","FEM","Machtdemonstration","Machtdemonstrationen","en",5
"Machthaber","MASC","Machthaber","Machthaber","ø",3
"Machtkämpfchen","NEUT","Machtkämpfchen","Machtkämpfchen","ø",3
"Machtlosigkeit","FEM","Machtlosigkeit","Machtlosigkeiten","en",3
"Machtstruktur","FEM","Machtstruktur","Machtstrukturen","en",3
"Macker","MASC","Macker","Macker","ø",2
"Mädchen","NEUT","Mädchen","Mädchen","ø",2
"Mädelchen","NEUT","Mädelchen","Mädelchen","ø",3
"Madenhacker","MASC","Madenhacker","Madenhacker","ø",4
"Madenkäse","MASC","Madenkäse","Madenkäse","ø",4
"Madrider","MASC","Madrider","Madrider","ø",3
"Madrigal","NEUT","Madrigal","Madrigale","e",3
"Magazin","NEUT","Magazin","Magazine","e",3
"Mägdchen","NEUT","Mägdchen","Mägdchen","ø",2
"Magdeburger","MASC","Magdeburger","Magdeburger","ø",4
"Mägdlein","NEUT","Mägdlein","Mägdlein","ø",1
"Magenentzündung","FEM","Magenentzündung","Magenentzündungen","en",5
"Mageninhalt","MASC","Mageninhalt","Mageninhalte","e",4
"Magenkrebs","MASC","Magenkrebs","Magenkrebse","e",3
"Magenschleimhautentzündung","FEM","Magenschleimhautentzündung","Magenschleimhautentzündungen","en",5
"Magenschmerz","MASC","Magenschmerz","Magenschmerzen","en",3
"Magier","MASC","Magier","Magier","ø",1
"Magister","MASC","Magister","Magister","ø",3
"Magistrat","MASC","Magistrat","Magistrate","e",3
"Magnat","MASC","Magnat","Magnaten","en",2
"Magnesit","MASC","Magnesit","Magnesite","e",3
"Magnesiumion","NEUT","Magnesiumion","Magnesiumionen","en",4
"Magnesiumsalz","NEUT","Magnesiumsalz","Magnesiumsalze","e",4
"Magnet","MASC","Magnet","Magneten","en",2
"Magnetbandgerät","NEUT","Magnetbandgerät","Magnetbandgeräte","e",5
"Magneteisenerz","NEUT","Magneteisenerz","Magneteisenerze","e",4
"Magneteisenstein","MASC","Magneteisenstein","Magneteisensteine","e",3
"Magnetfeld","NEUT","Magnetfeld","Magnetfelder","er",3
"Magnetit","MASC","Magnetit","Magnetite","e",3
"Magnetkies","MASC","Magnetkies","Magnetkiese","e",2
"Magnetron","NEUT","Magnetron","Magnetrone","e",3
"Magnetstein","MASC","Magnetstein","Magnetsteine","e",2
"Mähdrescher","MASC","Mähdrescher","Mähdrescher","ø",3
"Mäher","MASC","Mäher","Mäher","ø",2
"Mähnenhirsch","MASC","Mähnenhirsch","Mähnenhirsche","e",3
"Mähnenhund","MASC","Mähnenhund","Mähnenhunde","e",3
"Mahnung","FEM","Mahnung","Mahnungen","en",2
"Mahr","MASC","Mahr","Mahre","e",1
"Mai","MASC","Mai","Maie","e",1
"Maiglöckchen","NEUT","Maiglöckchen","Maiglöckchen","ø",3
"Maikäfer","MASC","Maikäfer","Maikäfer","ø",3
"Mailänder","MASC","Mailänder","Mailänder","ø",3
"Mainzer","MASC","Mainzer","Mainzer","ø",2
"Maipilz","MASC","Maipilz","Maipilze","e",2
"Maisgrieß","MASC","Maisgrieß","Maisgrieße","e",1
"Maiskolben","MASC","Maiskolben","Maiskolben","ø",3
"Majestät","FEM","Majestät","Majestäten","en",3
"Majoran","MASC","Majoran","Majorane","e",3
"Majorität","FEM","Majorität","Majoritäten","en",4
"Majuskelschrift","FEM","Majuskelschrift","Majuskelschriften","en",4
"Make-up","NEUT","Make-up","Make-ups","s",3
"Makkaroni","FEM","Makkaroni","Makkaroni","ø",4
"Makler","MASC","Makler","Makler","ø",2
"Makromolekül","NEUT","Makromolekül","Makromoleküle","e",5
"Makronährstoff","MASC","Makronährstoff","Makronährstoffe","e",4
"Makulatur","FEM","Makulatur","Makulaturen","en",4
"Mal","NEUT","Mal","Male","e",1
"Malachit","MASC","Malachit","Malachite","e",3
"Malariaerreger","MASC","Malariaerreger","Malariaerreger","ø",5
"Malariasymptom","NEUT","Malariasymptom","Malariasymptome","e",5
"Malaysier","MASC","Malaysier","Malaysier","ø",2
"Malediver","MASC","Malediver","Malediver","ø",4
"Maler","MASC","Maler","Maler","ø",2
"Malerbetrieb","MASC","Malerbetrieb","Malerbetriebe","e",3
"Malerkitt","MASC","Malerkitt","Malerkitte","e",3
"Malheur","NEUT","Malheur","Malheure","e",1
"Malocher","MASC","Malocher","Malocher","ø",3
"Malteser","MASC","Malteser","Malteser","ø",3
"Malteserkreuz","NEUT","Malteserkreuz","Malteserkreuze","e",3
"Malz","NEUT","Malz","Malze","e",1
"Malzbier","NEUT","Malzbier","Malzbiere","e",1
"Mama","FEM","Mama","Mamas","s",2
"Mamba","FEM","Mamba","Mambas","s",2
"Mammakarzinom","NEUT","Mammakarzinom","Mammakarzinome","e",5
"Mammut","NEUT","Mammut","Mammute","e",2
"Mamsellchen","NEUT","Mamsellchen","Mamsellchen","ø",3
"Management","NEUT","Management","Managements","s",4
"Managementsystem","NEUT","Managementsystem","Managementsystemen","en",6
"Manager","MASC","Manager","Manager","ø",3
"Mandant","MASC","Mandant","Mandanten","en",2
"Mandarinfisch","MASC","Mandarinfisch","Mandarinfische","e",4
"Mandat","NEUT","Mandat","Mandate","e",2
"Mandatar","MASC","Mandatar","Mandatare","e",3
"Manganat","NEUT","Manganat","Manganate","e",3
"Manganerz","NEUT","Manganerz","Manganerze","e",3
"Manganhalogenid","NEUT","Manganhalogenid","Manganhalogenide","e",6
"Manganit","MASC","Manganit","Manganite","e",3
"Mangelsymptom","NEUT","Mangelsymptom","Mangelsymptome","e",4
"Mango","FEM","Mango","Mangos","s",2
"Mangold","MASC","Mangold","Mangolde","e",2
"Manier","FEM","Manier","Manieren","en",1
"Manieriertheit","FEM","Manieriertheit","Manieriertheiten","en",1
"Manifest","NEUT","Manifest","Manifeste","e",3
"Manipulierer","MASC","Manipulierer","Manipulierer","ø",4
"Manipulierung","FEM","Manipulierung","Manipulierungen","en",4
"Männchen","NEUT","Männchen","Männchen","ø",2
"Mannheimer","MASC","Mannheimer","Mannheimer","ø",2
"Männlein","NEUT","Männlein","Männlein","ø",1
"Mannsbild","NEUT","Mannsbild","Mannsbilder","er",2
"Mannschaft","FEM","Mannschaft","Mannschaften","en",2
"Mannsperson","FEM","Mannsperson","Mannspersonen","en",3
"Mannsschild","MASC","Mannsschild","Mannsschilde","e",2
"Mannweib","NEUT","Mannweib","Mannweiber","er",1
"Manöver","NEUT","Manöver","Manöver","ø",3
"Mansfelder","MASC","Mansfelder","Mansfelder","ø",3
"Mäntelchen","NEUT","Mäntelchen","Mäntelchen","ø",3
"Manteltier","NEUT","Manteltier","Manteltiere","e",2
"Manual","NEUT","Manual","Manuale","e",2
"Mäppchen","NEUT","Mäppchen","Mäppchen","ø",2
"Mär","FEM","Mär","Mären","en",1
"Maracuja","FEM","Maracuja","Maracujas","s",4
"Marathon","MASC","Marathon","Marathons","s",3
"Märchen","NEUT","Märchen","Märchen","ø",2
"Märchenprinz","MASC","Märchenprinz","Märchenprinzen","en",3
"Marder","MASC","Marder","Marder","ø",2
"Margellchen","NEUT","Margellchen","Margellchen","ø",3
"Marienkäfer","MASC","Marienkäfer","Marienkäfer","ø",3
"Marjellchen","NEUT","Marjellchen","Marjellchen","ø",3
"Mark","MASC","Mark","Mark","ø",1
"Markasit","MASC","Markasit","Markasite","e",3
"Markenzeichen","NEUT","Markenzeichen","Markenzeichen","ø",3
"Marketender","MASC","Marketender","Marketender","ø",4
"Markgraf","MASC","Markgraf","Markgrafen","en",2
"Markierung","FEM","Markierung","Markierungen","en",2
"Marktanteil","MASC","Marktanteil","Marktanteile","e",2
"Marktführer","MASC","Marktführer","Marktführer","ø",3
"Marktwert","MASC","Marktwert","Marktwerte","e",2
"Märlein","NEUT","Märlein","Märlein","ø",1
"Marmor","MASC","Marmor","Marmore","e",2
"Marmorkrebs","MASC","Marmorkrebs","Marmorkrebse","e",3
"Marmortisch","MASC","Marmortisch","Marmortische","e",3
"Marodeur","MASC","Marodeur","Marodeure","e",2
"Marokkaner","MASC","Marokkaner","Marokkaner","ø",4
"Marshmallow","NEUT","Marshmallow","Marshmallows","s",3
"Marssymbol","NEUT","Marssymbol","Marssymbole","e",3
"Martingal","NEUT","Martingal","Martingale","e",3
"Märtyrer","MASC","Märtyrer","Märtyrer","ø",3
"Marxist","MASC","Marxist","Marxisten","en",2
"März","MASC","März","Märze","e",1
"Mascara","MASC","Mascara","Mascaras","s",3
"Maschinengewehr","NEUT","Maschinengewehr","Maschinengewehre","e",5
"Maschinenstürmer","MASC","Maschinenstürmer","Maschinenstürmer","ø",5
"Maskara","MASC","Maskara","Maskaras","s",3
"Maß","FEM","Maß","Maße","e",1
"Massaker","NEUT","Massaker","Massaker","ø",3
"Massenanteil","MASC","Massenanteil","Massenanteile","e",3
"Massenbewegung","FEM","Massenbewegung","Massenbewegungen","en",5
"Massendefekt","MASC","Massendefekt","Massendefekte","e",4
"Massenkommunikation","FEM","Massenkommunikation","Massenkommunikationen","en",7
"Massenkunstoff","MASC","Massenkunstoff","Massenkunstoffe","e",4
"Massenprozent","NEUT","Massenprozent","Massenprozente","e",4
"Massenspektrometer","NEUT","Massenspektrometer","Massenspektrometer","ø",6
"Massenunterschied","MASC","Massenunterschied","Massenunterschiede","e",4
"Masseprozent","NEUT","Masseprozent","Masseprozente","e",4
"Masseur","MASC","Masseur","Masseure","e",1
"Maßgeblichkeit","FEM","Maßgeblichkeit","Maßgeblichkeiten","en",3
"Mäßigung","FEM","Mäßigung","Mäßigungen","en",3
"Massiv","NEUT","Massiv","Massive","e",2
"Maßkolben","MASC","Maßkolben","Maßkolben","ø",3
"Mast","MASC","Mast","Masten","en",1
"Master","MASC","Master","Master","ø",2
"Masturbation","FEM","Masturbation","Masturbationen","en",4
"Match","NEUT","Match","Matche","e",1
"Mathematiker","MASC","Mathematiker","Mathematiker","ø",5
"Matjes","MASC","Matjes","Matjes","ø",2
"Matjeshering","MASC","Matjeshering","Matjesheringe","e",4
"Matt","NEUT","Matt","Matts","s",1
"Mätzchen","NEUT","Mätzchen","Mätzchen","ø",2
"Matzen","MASC","Matzen","Matzen","ø",2
"Mauerblümchen","NEUT","Mauerblümchen","Mauerblümchen","ø",3
"Mäuerchen","NEUT","Mäuerchen","Mäuerchen","ø",2
"Mauerkronenstein","MASC","Mauerkronenstein","Mauerkronensteine","e",3
"Mauerlattich","MASC","Mauerlattich","Mauerlattiche","e",3
"Mäuerlein","NEUT","Mäuerlein","Mäuerlein","ø",1
"Mauerspecht","MASC","Mauerspecht","Mauerspechte","e",2
"Mäulchen","NEUT","Mäulchen","Mäulchen","ø",1
"Maulficker","MASC","Maulficker","Maulficker","ø",2
"Maulheld","MASC","Maulheld","Maulhelden","en",1
"Maurer","MASC","Maurer","Maurer","ø",1
"Mauschel","MASC","Mauschel","Mauschel","ø",1
"Mauscheldeutsch","NEUT","Mauscheldeutsch","Mauscheldeutsche","e",1
"Mäuschen","NEUT","Mäuschen","Mäuschen","ø",1
"Mäusebussard","MASC","Mäusebussard","Mäusebussarde","e",3
"Mäuserich","MASC","Mäuserich","Mäuseriche","e",2
"Mauszeiger","MASC","Mauszeiger","Mauszeiger","ø",1
"Maut","FEM","Maut","Mauten","en",0
"Maximierung","FEM","Maximierung","Maximierungen","en",3
"Mazedonier","MASC","Mazedonier","Mazedonier","ø",3
"Mäzen","MASC","Mäzen","Mäzene","e",2
"Mechaniker","MASC","Mechaniker","Mechaniker","ø",4
"Mecklenburger","MASC","Mecklenburger","Mecklenburger","ø",4
"Medaillenspiegel","MASC","Medaillenspiegel","Medaillenspiegel","ø",4
"Mediator","MASC","Mediator","Mediatoren","en",3
"Medicane","MASC","Medicane","Medicanes","s",4
"Medienhistoriker","MASC","Medienhistoriker","Medienhistoriker","ø",5
"Medienhype","MASC","Medienhype","Medienhypes","s",3
"Medienwissenschaftler","MASC","Medienwissenschaftler","Medienwissenschaftler","ø",5
"Medikament","NEUT","Medikament","Medikamente","e",4
"Mediziner","MASC","Mediziner","Mediziner","ø",4
"Medizinprodukt","NEUT","Medizinprodukt","Medizinprodukte","e",5
"Medizinstudent","MASC","Medizinstudent","Medizinstudenten","en",5
"Meer","NEUT","Meer","Meere","e",1
"Meerbusen","MASC","Meerbusen","Meerbusen","ø",3
"Meeresarm","MASC","Meeresarm","Meeresarme","e",3
"Meeresfisch","MASC","Meeresfisch","Meeresfische","e",3
"Meeresgrün","NEUT","Meeresgrün","Meeresgrüns","s",3
"Meereshorizont","MASC","Meereshorizont","Meereshorizonte","e",5
"Meereslebewesen","NEUT","Meereslebewesen","Meereslebewesen","ø",6
"Meeressediment","NEUT","Meeressediment","Meeressedimente","e",5
"Meeresspiegel","MASC","Meeresspiegel","Meeresspiegel","ø",3
"Meerestier","NEUT","Meerestier","Meerestiere","e",2
"Meerrettich","MASC","Meerrettich","Meerrettiche","e",3
"Meersalz","NEUT","Meersalz","Meersalze","e",2
"Meerschwein","NEUT","Meerschwein","Meerschweine","e",1
"Meerschweinchen","NEUT","Meerschweinchen","Meerschweinchen","ø",2
"Meeting","NEUT","Meeting","Meetings","s",2
"Megafon","NEUT","Megafon","Megafone","e",3
"Megalomärtyrer","MASC","Megalomärtyrer","Megalomärtyrer","ø",6
"Megawatt","NEUT","Megawatt","Megawatt","ø",3
"Mehl","NEUT","Mehl","Mehle","e",1
"Mehrdeutigkeit","FEM","Mehrdeutigkeit","Mehrdeutigkeiten","en",2
"Mehrdimensionalität","FEM","Mehrdimensionalität","Mehrdimensionalitäten","en",7
"Mehrfachrasierer","MASC","Mehrfachrasierer","Mehrfachrasierer","ø",4
"Mehrheit","FEM","Mehrheit","Mehrheiten","en",1
"Mehrling","MASC","Mehrling","Mehrlinge","e",2
"Mehrpersonenhaushalt","MASC","Mehrpersonenhaushalt","Mehrpersonenhaushalte","e",5
"Mehrspartenhauseinführung","FEM","Mehrspartenhauseinführung","Mehrspartenhauseinführungen","en",5
"Mehrwegbehälter","MASC","Mehrwegbehälter","Mehrwegbehälter","ø",5
"Mehrwegbesteck","NEUT","Mehrwegbesteck","Mehrwegbestecke","e",4
"Mehrwegfeuerzeug","NEUT","Mehrwegfeuerzeug","Mehrwegfeuerzeuge","e",3
"Mehrweggeschirr","NEUT","Mehrweggeschirr","Mehrweggeschirre","e",4
"Mehrwegpackung","FEM","Mehrwegpackung","Mehrwegpackungen","en",4
"Mehrwegrasierer","MASC","Mehrwegrasierer","Mehrwegrasierer","ø",4
"Mehrwegverpackung","FEM","Mehrwegverpackung","Mehrwegverpackungen","en",5
"Mehrwert","NEUT","Mehrwert","Mehrwerte","e",2
"Meier","MASC","Meier","Meier","ø",1
"Meilenstein","MASC","Meilenstein","Meilensteine","e",1
"Meiler","MASC","Meiler","Meiler","ø",1
"Meineid","MASC","Meineid","Meineide","e",0
"Meinung","FEM","Meinung","Meinungen","en",1
"Meinungsforscher","MASC","Meinungsforscher","Meinungsforscher","ø",3
"Meinungsverschiedenheit","FEM","Meinungsverschiedenheit","Meinungsverschiedenheiten","en",3
"Meissel","MASC","Meissel","Meissel","ø",1
"Meißel","MASC","Meißel","Meißel","ø",1
"Meister","MASC","Meister","Meister","ø",1
"Melanom","NEUT","Melanom","Melanome","e",3
"Melanterit","MASC","Melanterit","Melanterite","e",4
"Melanzani","FEM","Melanzani","Melanzani","ø",4
"Meldezettel","MASC","Meldezettel","Meldezettel","ø",4
"Melker","MASC","Melker","Melker","ø",2
"Membranpotential","NEUT","Membranpotential","Membranpotentiale","e",5
"Menetekel","NEUT","Menetekel","Menetekel","ø",4
"Mengenrabatt","MASC","Mengenrabatt","Mengenrabatte","e",4
"Mengentext","MASC","Mengentext","Mengentexte","e",3
"Mensch","MASC","Mensch","Menschen","en",1
"Menschchen","NEUT","Menschchen","Menschchen","ø",2
"Menschenfeind","MASC","Menschenfeind","Menschenfeinde","e",2
"Menschenfresser","MASC","Menschenfresser","Menschenfresser","ø",4
"Menschenfreund","MASC","Menschenfreund","Menschenfreunde","e",2
"Menschengeschlecht","NEUT","Menschengeschlecht","Menschengeschlechter","er",4
"Menschenjagd","FEM","Menschenjagd","Menschenjagden","en",3
"Menschenkind","NEUT","Menschenkind","Menschenkinder","er",3
"Menschenleben","NEUT","Menschenleben","Menschenleben","ø",4
"Menschheitsbeglücker","MASC","Menschheitsbeglücker","Menschheitsbeglücker","ø",4
"Menschlein","NEUT","Menschlein","Menschlein","ø",1
"Menschwerdung","FEM","Menschwerdung","Menschwerdungen","en",3
"Mensur","FEM","Mensur","Mensuren","en",2
"Mentalität","FEM","Mentalität","Mentalitäten","en",4
"Menü","NEUT","Menü","Menüs","s",2
"Menuett","NEUT","Menuett","Menuette","e",2
"Mercaptan","NEUT","Mercaptan","Mercaptane","e",3
"Meridian","MASC","Meridian","Meridiane","e",3
"Meristem","NEUT","Meristem","Meristeme","e",3
"Merk","NEUT","Merk","Merks","s",1
"Merkmal","NEUT","Merkmal","Merkmale","e",2
"Merlot","MASC","Merlot","Merlots","s",2
"Merseburger","MASC","Merseburger","Merseburger","ø",4
"Mesolekt","MASC","Mesolekt","Mesolekte","e",3
"Messbecher","MASC","Messbecher","Messbecher","ø",3
"Messdiener","MASC","Messdiener","Messdiener","ø",2
"Messer","NEUT","Messer","Messer","ø",2
"Messerchen","NEUT","Messerchen","Messerchen","ø",3
"Messerlein","NEUT","Messerlein","Messerlein","ø",2
"Messerwerfer","MASC","Messerwerfer","Messerwerfer","ø",4
"Messgerät","NEUT","Messgerät","Messgeräte","e",3
"Messie","MASC","Messie","Messies","s",1
"Messinstrument","NEUT","Messinstrument","Messinstrumente","e",4
"Messkolben","MASC","Messkolben","Messkolben","ø",3
"Messopfer","NEUT","Messopfer","Messopfer","ø",3
"Messschieber","MASC","Messschieber","Messschieber","ø",2
"Messwert","MASC","Messwert","Messwerte","e",2
"Messy","MASC","Messy","Messys","s",2
"Metaborat","NEUT","Metaborat","Metaborate","e",4
"Metall","NEUT","Metall","Metalle","e",2
"Metallanteil","MASC","Metallanteil","Metallanteile","e",3
"Metallatom","NEUT","Metallatom","Metallatome","e",4
"Metallbesteck","NEUT","Metallbesteck","Metallbestecke","e",4
"Metalldeckel","MASC","Metalldeckel","Metalldeckel","ø",4
"Metaller","MASC","Metaller","Metaller","ø",3
"Metallgäbelchen","NEUT","Metallgäbelchen","Metallgäbelchen","ø",5
"Metallgitter","NEUT","Metallgitter","Metallgitter","ø",4
"Metalllöffel","MASC","Metalllöffel","Metalllöffel","ø",4
"Metalllöffelchen","NEUT","Metalllöffelchen","Metalllöffelchen","ø",5
"Metallmesser","NEUT","Metallmesser","Metallmesser","ø",4
"Metallocen","NEUT","Metallocen","Metallocene","e",4
"Metalloid","NEUT","Metalloid","Metalloide","e",3
"Metalloprotein","NEUT","Metalloprotein","Metalloproteine","e",4
"Metallothionein","NEUT","Metallothionein","Metallothioneine","e",4
"Metalloxid","NEUT","Metalloxid","Metalloxide","e",4
"Metallpulver","NEUT","Metallpulver","Metallpulver","ø",4
"Metallquirl","MASC","Metallquirl","Metallquirle","e",3
"Metallrohr","NEUT","Metallrohr","Metallrohre","e",3
"Metallröhrchen","NEUT","Metallröhrchen","Metallröhrchen","ø",4
"Metallschräubchen","NEUT","Metallschräubchen","Metallschräubchen","ø",3
"Metallselenid","NEUT","Metallselenid","Metallselenide","e",5
"Metallspiegel","MASC","Metallspiegel","Metallspiegel","ø",3
"Metallstück","NEUT","Metallstück","Metallstücke","e",3
"Metallteil","MASC","Metallteil","Metallteile","e",2
"Metallurg","MASC","Metallurg","Metallurgen","en",3
"Metallwert","MASC","Metallwert","Metallwerte","e",3
"Metaphosphat","NEUT","Metaphosphat","Metaphosphate","e",4
"Metavanadat","NEUT","Metavanadat","Metavanadate","e",5
"Meteor","MASC","Meteor","Meteoren","en",2
"Meteorit","MASC","Meteorit","Meteoriten","en",3
"Meter","MASC","Meter","Meter","ø",2
"Methanhydrat","NEUT","Methanhydrat","Methanhydrate","e",4
"Metronom","NEUT","Metronom","Metronome","e",3
"Metzer","MASC","Metzer","Metzer","ø",2
"Metzger","MASC","Metzger","Metzger","ø",2
"Meuchelmord","MASC","Meuchelmord","Meuchelmorde","e",2
"Meuchelpuffer","MASC","Meuchelpuffer","Meuchelpuffer","ø",3
"Meuterei","FEM","Meuterei","Meutereien","en",1
"Meuterer","MASC","Meuterer","Meuterer","ø",2
"Miargyrit","MASC","Miargyrit","Miargyrite","e",3
"Miassit","MASC","Miassit","Miassite","e",2
"Michiganwaldsänger","MASC","Michiganwaldsänger","Michiganwaldsänger","ø",6
"Mieder","NEUT","Mieder","Mieder","ø",1
"Mieter","MASC","Mieter","Mieter","ø",1
"Mietlager","MASC","Mietlager","Mietlager","ø",2
"Mietling","MASC","Mietling","Mietlinge","e",1
"Mietwagen","MASC","Mietwagen","Mietwagen","ø",2
"Migrant","MASC","Migrant","Migranten","en",2
"Mikro","FEM","Mikro","Mikros","s",2
"Mikrofon","NEUT","Mikrofon","Mikrofone","e",3
"Mikrogramm","NEUT","Mikrogramm","Mikrogramme","e",3
"Mikrokristall","MASC","Mikrokristall","Mikrokristalle","e",4
"Mikromotor","MASC","Mikromotor","Mikromotoren","en",4
"Mikronährstoff","MASC","Mikronährstoff","Mikronährstoffe","e",4
"Mikroplastik","FEM","Mikroplastik","Mikroplastiken","en",4
"Mikrowellenfilter","NEUT","Mikrowellenfilter","Mikrowellenfilter","ø",6
"Mikrowellenherd","MASC","Mikrowellenherd","Mikrowellenherde","e",5
"Milbenkäse","MASC","Milbenkäse","Milbenkäse","ø",4
"Milch","FEM","Milch","Milchen","en",1
"Milchfieber","NEUT","Milchfieber","Milchfieber","ø",2
"Milchfisch","MASC","Milchfisch","Milchfische","e",2
"Milchgesicht","NEUT","Milchgesicht","Milchgesichter","er",3
"Milchhörnchen","NEUT","Milchhörnchen","Milchhörnchen","ø",3
"Milchmädchen","NEUT","Milchmädchen","Milchmädchen","ø",3
"Milchprodukt","NEUT","Milchprodukt","Milchprodukte","e",3
"Milchpulver","NEUT","Milchpulver","Milchpulver","ø",3
"Milchquarz","MASC","Milchquarz","Milchquarze","e",2
"Milderung","FEM","Milderung","Milderungen","en",3
"Militär","MASC","Militär","Militärs","s",3
"Militärdienst","MASC","Militärdienst","Militärdienste","e",3
"Militarist","MASC","Militarist","Militaristen","en",4
"Militärregierung","FEM","Militärregierung","Militärregierungen","en",5
"Milizionär","MASC","Milizionär","Milizionäre","e",4
"Milliardär","MASC","Milliardär","Milliardäre","e",3
"Milliardstel","NEUT","Milliardstel","Milliardstel","ø",3
"Milligramm","NEUT","Milligramm","Milligramme","e",3
"Millionär","MASC","Millionär","Millionären","en",3
"Millionstel","NEUT","Millionstel","Millionstel","ø",3
"Minarett","NEUT","Minarett","Minarette","e",3
"Minderheit","FEM","Minderheit","Minderheiten","en",2
"Minderwertigkeitskomplex","MASC","Minderwertigkeitskomplex","Minderwertigkeitskomplexe","e",6
"Mineral","NEUT","Mineral","Minerale","e",3
"Mineralkonzentrat","NEUT","Mineralkonzentrat","Mineralkonzentrate","e",6
"Mineralöl","NEUT","Mineralöl","Mineralöle","e",4
"Mineralstoff","MASC","Mineralstoff","Mineralstoffe","e",4
"Mineralstoffwechsel","MASC","Mineralstoffwechsel","Mineralstoffwechsel","ø",6
"Mineralwasser","NEUT","Mineralwasser","Mineralwasser","ø",5
"Miniaturporträt","NEUT","Miniaturporträt","Miniaturporträts","s",5
"Minibildchen","NEUT","Minibildchen","Minibildchen","ø",4
"Minikleid","NEUT","Minikleid","Minikleider","er",2
"Minikleidchen","NEUT","Minikleidchen","Minikleidchen","ø",3
"Minimalpaar","NEUT","Minimalpaar","Minimalpaare","e",4
"Minimierung","FEM","Minimierung","Minimierungen","en",3
"Minischwein","NEUT","Minischwein","Minischweine","e",2
"Minister","MASC","Minister","Minister","ø",3
"Ministerpräsident","MASC","Ministerpräsident","Ministerpräsidenten","en",6
"Ministerpräsidentenkandidat","MASC","Ministerpräsidentenkandidat","Ministerpräsidentenkandidaten","en",10
"Minnesänger","MASC","Minnesänger","Minnesänger","ø",4
"Minuskelschrift","FEM","Minuskelschrift","Minuskelschriften","en",4
"Minuspunkt","MASC","Minuspunkt","Minuspunkte","e",3
"Minuszeichen","NEUT","Minuszeichen","Minuszeichen","ø",3
"Minutenzeiger","MASC","Minutenzeiger","Minutenzeiger","ø",4
"Mirakel","NEUT","Mirakel","Mirakel","ø",3
"Misanthrop","MASC","Misanthrop","Misanthropen","en",3
"Mischelement","NEUT","Mischelement","Mischelemente","e",4
"Mischkristall","MASC","Mischkristall","Mischkristalle","e",3
"Mischkunststoff","MASC","Mischkunststoff","Mischkunststoffe","e",3
"Mischling","MASC","Mischling","Mischlinge","e",2
"Mischoxid","NEUT","Mischoxid","Mischoxide","e",3
"Mischpolymerisat","NEUT","Mischpolymerisat","Mischpolymerisate","e",6
"Mischsalz","NEUT","Mischsalz","Mischsalze","e",2
"Missbilligung","FEM","Missbilligung","Missbilligungen","en",4
"Missdeutung","FEM","Missdeutung","Missdeutungen","en",2
"Missetat","FEM","Missetat","Missetaten","en",3
"Missetäter","MASC","Missetäter","Missetäter","ø",4
"Missgeschick","NEUT","Missgeschick","Missgeschicke","e",3
"Missingsch","NEUT","Missingsch","Missingsche","e",2
"Missionar","MASC","Missionar","Missionare","e",3
"Mistkäfer","MASC","Mistkäfer","Mistkäfer","ø",3
"Mistkübel","MASC","Mistkübel","Mistkübel","ø",3
"Mistral","MASC","Mistral","Mistrale","e",2
"Miststück","NEUT","Miststück","Miststücke","e",2
"Mitarbeiter","MASC","Mitarbeiter","Mitarbeiter","ø",3
"Mitbringsel","NEUT","Mitbringsel","Mitbringsel","ø",3
"Mitesser","MASC","Mitesser","Mitesser","ø",3
"Mitgift","FEM","Mitgift","Mitgiften","en",2
"Mitglied","NEUT","Mitglied","Mitglieder","er",1
"Mitgliedschaft","FEM","Mitgliedschaft","Mitgliedschaften","en",2
"Mitgründer","MASC","Mitgründer","Mitgründer","ø",3
"Mitknecht","MASC","Mitknecht","Mitknechte","e",2
"Mitläufer","MASC","Mitläufer","Mitläufer","ø",2
"Mitlaut","MASC","Mitlaut","Mitlaute","e",1
"Mitschnitt","MASC","Mitschnitt","Mitschnitte","e",2
"Mitschüler","MASC","Mitschüler","Mitschüler","ø",3
"Mitspracherecht","NEUT","Mitspracherecht","Mitspracherechte","e",4
"Mitstudent","MASC","Mitstudent","Mitstudenten","en",3
"Mittag","NEUT","Mittag","Mittage","e",2
"Mittagessen","NEUT","Mittagessen","Mittagessen","ø",4
"Mittäter","MASC","Mittäter","Mittäter","ø",3
"Mittel","NEUT","Mittel","Mittel","ø",2
"Mittelchen","NEUT","Mittelchen","Mittelchen","ø",3
"Mittelfeld","NEUT","Mittelfeld","Mittelfelder","er",3
"Mittelfeldspieler","MASC","Mittelfeldspieler","Mittelfeldspieler","ø",4
"Mittelfinger","MASC","Mittelfinger","Mittelfinger","ø",4
"Mittelgebirge","NEUT","Mittelgebirge","Mittelgebirge","ø",5
"Mittelmaß","NEUT","Mittelmaß","Mittelmaße","e",3
"Mittelohr","NEUT","Mittelohr","Mittelohren","en",3
"Mittelpunkt","MASC","Mittelpunkt","Mittelpunkte","e",3
"Mittelpunktswinkel","MASC","Mittelpunktswinkel","Mittelpunktswinkel","ø",5
"Mittelspiel","NEUT","Mittelspiel","Mittelspiele","e",2
"Mittelwert","MASC","Mittelwert","Mittelwerte","e",3
"Mitternachtsblau","NEUT","Mitternachtsblau","Mitternachtsblaus","s",3
"Mittler","MASC","Mittler","Mittler","ø",2
"Mittsommer","MASC","Mittsommer","Mittsommer","ø",3
"Mittwinter","MASC","Mittwinter","Mittwinter","ø",3
"Mittwoch","MASC","Mittwoch","Mittwoche","e",2
"Mittwochabend","MASC","Mittwochabend","Mittwochabende","e",4
"Mittwochmittag","MASC","Mittwochmittag","Mittwochmittage","e",4
"Mittwochnachmittag","MASC","Mittwochnachmittag","Mittwochnachmittage","e",5
"Mittwochvormittag","MASC","Mittwochvormittag","Mittwochvormittage","e",5
"Mitvergangenheit","FEM","Mitvergangenheit","Mitvergangenheiten","en",4
"Mitwisser","MASC","Mitwisser","Mitwisser","ø",3
"Mitwisserschaft","FEM","Mitwisserschaft","Mitwisserschaften","en",4
"Mixer","MASC","Mixer","Mixer","ø",2
"Möbel","NEUT","Möbel","Möbel","ø",2
"Möbelbauer","MASC","Möbelbauer","Möbelbauer","ø",3
"Möbelstoff","MASC","Möbelstoff","Möbelstoffe","e",3
"Möbelstück","NEUT","Möbelstück","Möbelstücke","e",3
"Mobilfunknetz","NEUT","Mobilfunknetz","Mobilfunknetze","e",4
"Mobilisierung","FEM","Mobilisierung","Mobilisierungen","en",4
"Mobilmachung","FEM","Mobilmachung","Mobilmachungen","en",4
"Modegewürz","NEUT","Modegewürz","Modegewürze","e",4
"Modekrankheit","FEM","Modekrankheit","Modekrankheiten","en",3
"Model-View-Controller","MASC","Model-View-Controller","Model-View-Controller","ø",5
"Model-View-Presenter","MASC","Model-View-Presenter","Model-View-Presenter","ø",5
"Modell","NEUT","Modell","Modelle","e",2
"Modultest","MASC","Modultest","Modultests","s",3
"Möglichkeitsform","FEM","Möglichkeitsform","Möglichkeitsformen","en",3
"Mohn","MASC","Mohn","Mohne","e",1
"Mohnbrötchen","NEUT","Mohnbrötchen","Mohnbrötchen","ø",3
"Mohnkuchen","MASC","Mohnkuchen","Mohnkuchen","ø",3
"Mohr","MASC","Mohr","Mohren","en",1
"Möhrchen","NEUT","Möhrchen","Möhrchen","ø",2
"Mokassin","MASC","Mokassin","Mokassins","s",3
"Molch","MASC","Molch","Molche","e",1
"Molekül","NEUT","Molekül","Moleküle","e",3
"Molekularsieb","NEUT","Molekularsieb","Molekularsiebe","e",4
"Molekülorbital","NEUT","Molekülorbital","Molekülorbitale","e",6
"Molle","FEM","Molle","Molle","ø",2
"Moloch","MASC","Moloch","Moloche","e",2
"Molvolumen","NEUT","Molvolumen","Molvolumen","ø",4
"Molybdänerz","NEUT","Molybdänerz","Molybdänerze","e",4
"Molybdänit","MASC","Molybdänit","Molybdänite","e",4
"Molybdänmangel","MASC","Molybdänmangel","Molybdänmangel","ø",5
"Molybdat","NEUT","Molybdat","Molybdate","e",3
"Molybdation","NEUT","Molybdation","Molybdationen","en",4
"Molybdit","MASC","Molybdit","Molybdite","e",3
"Molybdophosphat","NEUT","Molybdophosphat","Molybdophosphate","e",5
"Molybdopterin","NEUT","Molybdopterin","Molybdopterine","e",5
"Moment","NEUT","Moment","Momente","e",2
"Momentchen","NEUT","Momentchen","Momentchen","ø",3
"Monarch","MASC","Monarch","Monarchen","en",2
"Monarchfalter","MASC","Monarchfalter","Monarchfalter","ø",4
"Monarchist","MASC","Monarchist","Monarchisten","en",3
"Monat","MASC","Monat","Monate","e",2
"Monatsblutung","FEM","Monatsblutung","Monatsblutungen","en",4
"Monazit","MASC","Monazit","Monazite","e",3
"Monazitsand","MASC","Monazitsand","Monazitsande","e",4
"Mönch","MASC","Mönch","Mönche","e",1
"Mönchsgeier","MASC","Mönchsgeier","Mönchsgeier","ø",2
"Mond","MASC","Mond","Monde","e",1
"Mondbein","NEUT","Mondbein","Mondbeine","e",1
"Mondfisch","MASC","Mondfisch","Mondfische","e",2
"Mondgesicht","NEUT","Mondgesicht","Mondgesichter","er",3
"Mondgestein","NEUT","Mondgestein","Mondgesteine","e",2
"Mondjahr","NEUT","Mondjahr","Mondjahre","e",2
"Mondlandschaft","FEM","Mondlandschaft","Mondlandschaften","en",3
"Mondlandung","FEM","Mondlandung","Mondlandungen","en",3
"Mondmonat","MASC","Mondmonat","Mondmonate","e",3
"Mondstein","MASC","Mondstein","Mondsteine","e",1
"Monoarsan","NEUT","Monoarsan","Monoarsane","e",3
"Monoglycerid","NEUT","Monoglycerid","Monoglyceride","e",5
"Monogramm","NEUT","Monogramm","Monogramme","e",3
"Monokel","NEUT","Monokel","Monokel","ø",3
"Monolog","MASC","Monolog","Monologe","e",3
"Monom","NEUT","Monom","Monome","e",2
"Monophthong","MASC","Monophthong","Monophthonge","e",3
"Monopol","MASC","Monopol","Monopole","e",3
"Monopolist","MASC","Monopolist","Monopolisten","en",4
"Monotheist","MASC","Monotheist","Monotheisten","en",2
"Monoxid","NEUT","Monoxid","Monoxide","e",3
"Monozyt","MASC","Monozyt","Monozyten","en",3
"Monsun","MASC","Monsun","Monsune","e",2
"Montag","MASC","Montag","Montage","e",2
"Montagabend","MASC","Montagabend","Montagabende","e",4
"Montagmittag","MASC","Montagmittag","Montagmittage","e",4
"Montagnachmittag","MASC","Montagnachmittag","Montagnachmittage","e",5
"Montagvormittag","MASC","Montagvormittag","Montagvormittage","e",5
"Montenegriner","MASC","Montenegriner","Montenegriner","ø",5
"Montmorillonit","MASC","Montmorillonit","Montmorillonite","e",5
"Moor","NEUT","Moor","Moore","e",1
"Moos","NEUT","Moos","Moose","e",1
"Moosachat","MASC","Moosachat","Moosachate","e",3
"Moostierchen","NEUT","Moostierchen","Moostierchen","ø",2
"Mop","MASC","Mop","Mops","s",1
"Mopp","MASC","Mopp","Mopps","s",1
"Moralität","FEM","Moralität","Moralitäten","en",4
"Mord","MASC","Mord","Morde","e",1
"Mörder","MASC","Mörder","Mörder","ø",2
"Mordgift","NEUT","Mordgift","Mordgifte","e",2
"Mordskerl","MASC","Mordskerl","Mordskerle","e",2
"Morgen","NEUT","Morgen","Morgen","ø",2
"Morgendämmerung","FEM","Morgendämmerung","Morgendämmerungen","en",5
"Morgenkaffee","MASC","Morgenkaffee","Morgenkaffees","s",4
"Morgenstern","MASC","Morgenstern","Morgensterne","e",3
"Moritat","FEM","Moritat","Moritaten","en",3
"Morphem","NEUT","Morphem","Morpheme","e",2
"Mörsel","MASC","Mörsel","Mörsel","ø",2
"Mörser","MASC","Mörser","Mörser","ø",2
"Mörtel","MASC","Mörtel","Mörtel","ø",2
"Mosel","MASC","Mosel","Mosel","ø",2
"Moskito","MASC","Moskito","Moskitos","s",3
"Moslem","MASC","Moslem","Moslems","s",2
"Most","MASC","Most","Moste","e",1
"Motel","NEUT","Motel","Motels","s",2
"Motiv","NEUT","Motiv","Motive","e",2
"Motor","MASC","Motor","Motoren","en",2
"Motorboot","NEUT","Motorboot","Motorboote","e",3
"Motorroller","MASC","Motorroller","Motorroller","ø",4
"Mottek","MASC","Mottek","Motteks","s",2
"Möwchen","NEUT","Möwchen","Möwchen","ø",2
"Mozzarella","MASC","Mozzarella","Mozzarellas","s",4
"Muchel","MASC","Muchel","Muchel","ø",2
"Müdigkeitssymptom","NEUT","Müdigkeitssymptom","Müdigkeitssymptome","e",4
"Muff","MASC","Muff","Muffe","e",1
"Muffin","MASC","Muffin","Muffins","s",2
"Mufti","MASC","Mufti","Muftis","s",2
"Mugel","MASC","Mugel","Mugel","ø",2
"Mühlstein","MASC","Mühlstein","Mühlsteine","e",1
"Mulch","MASC","Mulch","Mulche","e",1
"Müllbehälter","MASC","Müllbehälter","Müllbehälter","ø",4
"Müllberg","MASC","Müllberg","Müllberge","e",2
"Müllbeutel","MASC","Müllbeutel","Müllbeutel","ø",2
"Mülleimer","MASC","Mülleimer","Mülleimer","ø",2
"Müller","MASC","Müller","Müller","ø",2
"Müllerchen","NEUT","Müllerchen","Müllerchen","ø",3
"Müllerlein","NEUT","Müllerlein","Müllerlein","ø",2
"Müllfrau","FEM","Müllfrau","Müllfrauen","en",1
"Müllhaufen","MASC","Müllhaufen","Müllhaufen","ø",2
"Müllwagen","MASC","Müllwagen","Müllwagen","ø",3
"Multikulti","NEUT","Multikulti","Multikulti","ø",4
"Multimilliardär","MASC","Multimilliardär","Multimilliardäre","e",5
"Multimillionär","MASC","Multimillionär","Multimillionäre","e",5
"Mum","FEM","Mum","Mums","s",1
"Mummenschanz","MASC","Mummenschanz","Mummenschanze","e",3
"Münchener","MASC","Münchener","Münchener","ø",3
"Münchner","MASC","Münchner","Münchner","ø",2
"Mund-zu-Mund-Beatmung","FEM","Mund-zu-Mund-Beatmung","Mund-zu-Mund-Beatmungen","en",5
"Mündchen","NEUT","Mündchen","Mündchen","ø",2
"Mündlein","NEUT","Mündlein","Mündlein","ø",1
"Mundraub","MASC","Mundraub","Mundraube","e",1
"Mundschenk","MASC","Mundschenk","Mundschenke","e",2
"Mundschutz","MASC","Mundschutz","Mundschutze","e",2
"Munitionslager","NEUT","Munitionslager","Munitionslager","ø",5
"Münster","MASC","Münster","Münster","ø",2
"Münzfernsprecher","MASC","Münzfernsprecher","Münzfernsprecher","ø",4
"Münzgeld","NEUT","Münzgeld","Münzgelder","er",2
"Münzmetall","NEUT","Münzmetall","Münzmetalle","e",3
"Münzprägeanstalt","FEM","Münzprägeanstalt","Münzprägeanstalten","en",4
"Münzsammlung","FEM","Münzsammlung","Münzsammlungen","en",3
"Münzstempel","MASC","Münzstempel","Münzstempel","ø",3
"Münztelefon","NEUT","Münztelefon","Münztelefone","e",4
"Mürbteig","MASC","Mürbteig","Mürbteige","e",1
"Murmelvokal","MASC","Murmelvokal","Murmelvokale","e",4
"Muselman","MASC","Muselman","Muselmanen","en",3
"Museumsstück","NEUT","Museumsstück","Museumsstücke","e",2
"Museumstück","NEUT","Museumstück","Museumstücke","e",2
"Musik","FEM","Musik","Musiken","en",2
"Musikant","MASC","Musikant","Musikanten","en",3
"Musikantenknochen","NEUT","Musikantenknochen","Musikantenknochen","ø",6
"Musikchen","NEUT","Musikchen","Musikchen","ø",3
"Musiker","MASC","Musiker","Musiker","ø",3
"Musikinstrument","NEUT","Musikinstrument","Musikinstrumente","e",5
"Musikinstrumentenhersteller","MASC","Musikinstrumentenhersteller","Musikinstrumentenhersteller","ø",9
"Musiklehrer","MASC","Musiklehrer","Musiklehrer","ø",4
"Muskat","MASC","Muskat","Muskate","e",2
"Muskelkater","MASC","Muskelkater","Muskelkater","ø",4
"Musketier","MASC","Musketier","Musketiere","e",2
"Muskovit","MASC","Muskovit","Muskovite","e",3
"Müsli","NEUT","Müsli","Müsli","ø",2
"Müßiggänger","MASC","Müßiggänger","Müßiggänger","ø",4
"Mustang","MASC","Mustang","Mustangs","s",2
"Muster","NEUT","Muster","Muster","ø",2
"Mutagen","NEUT","Mutagen","Mutagene","e",3
"Mutant","MASC","Mutant","Mutanten","en",2
"Mütchen","NEUT","Mütchen","Mütchen","ø",2
"Mutex","MASC","Mutex","Mutexe","e",2
"Mütlein","NEUT","Mütlein","Mütlein","ø",1
"Mütterchen","NEUT","Mütterchen","Mütterchen","ø",3
"Muttergestein","NEUT","Muttergestein","Muttergesteine","e",3
"Mütterlein","NEUT","Mütterlein","Mütterlein","ø",2
"Muttermal","NEUT","Muttermal","Muttermale","e",3
"Muttersöhnchen","NEUT","Muttersöhnchen","Muttersöhnchen","ø",4
"Muttersprachler","MASC","Muttersprachler","Muttersprachler","ø",4
"Muttertag","MASC","Muttertag","Muttertage","e",3
"MVA","FEM","MVA","MVAs","s",1
"My","NEUT","My","Mys","s",1
"Myokard","NEUT","Myokard","Myokarde","e",2
"Myon","NEUT","Myon","Myonen","en",1
"Myroblyt","MASC","Myroblyt","Myroblyten","en",3
"Mysterienspiel","NEUT","Mysterienspiel","Mysterienspiele","e",2
"Nabel","MASC","Nabel","Nabel","ø",2
"Nachäffer","MASC","Nachäffer","Nachäffer","ø",3
"Nachäffung","FEM","Nachäffung","Nachäffungen","en",3
"Nachahmer","MASC","Nachahmer","Nachahmer","ø",3
"Nacharbeit","FEM","Nacharbeit","Nacharbeiten","en",2
"Nachbaratom","NEUT","Nachbaratom","Nachbaratome","e",4
"Nachbarelement","NEUT","Nachbarelement","Nachbarelemente","e",5
"Nachbarshund","MASC","Nachbarshund","Nachbarshunde","e",3
"Nachbartisch","MASC","Nachbartisch","Nachbartische","e",3
"Nachbeben","NEUT","Nachbeben","Nachbeben","ø",3
"Nachbildung","FEM","Nachbildung","Nachbildungen","en",3
"Nachdruck","MASC","Nachdruck","Nachdrucke","e",2
"Nachen","MASC","Nachen","Nachen","ø",2
"Nacherzählung","FEM","Nacherzählung","Nacherzählungen","en",4
"Nachfolger","MASC","Nachfolger","Nachfolger","ø",3
"Nachhall","MASC","Nachhall","Nachhalle","e",2
"Nachlässigkeit","FEM","Nachlässigkeit","Nachlässigkeiten","en",3
"Nachmittag","MASC","Nachmittag","Nachmittage","e",3
"Nachrangigkeit","FEM","Nachrangigkeit","Nachrangigkeiten","en",3
"Nachricht","FEM","Nachricht","Nachrichten","en",2
"Nachrichtendienst","MASC","Nachrichtendienst","Nachrichtendienste","e",3
"Nachrichtensprecher","MASC","Nachrichtensprecher","Nachrichtensprecher","ø",5
"Nachrichter","MASC","Nachrichter","Nachrichter","ø",3
"Nachruf","MASC","Nachruf","Nachrufe","e",2
"Nachspann","MASC","Nachspann","Nachspanne","e",2
"Nachspiel","NEUT","Nachspiel","Nachspiele","e",1
"Nachstellung","FEM","Nachstellung","Nachstellungen","en",3
"Nacht-und-Nebel-Aktion","FEM","Nacht-und-Nebel-Aktion","Nacht-und-Nebel-Aktionen","en",6
"Nachtclub","MASC","Nachtclub","Nachtclubs","s",2
"Nachtdienst","MASC","Nachtdienst","Nachtdienste","e",1
"Nachteil","MASC","Nachteil","Nachteile","e",1
"Nachtessen","NEUT","Nachtessen","Nachtessen","ø",3
"Nachtfalter","MASC","Nachtfalter","Nachtfalter","ø",3
"Nachthemd","NEUT","Nachthemd","Nachthemden","en",2
"Nachtisch","MASC","Nachtisch","Nachtische","e",2
"Nachtjäger","MASC","Nachtjäger","Nachtjäger","ø",3
"Nachtlager","NEUT","Nachtlager","Nachtlager","ø",3
"Nachtlicht","NEUT","Nachtlicht","Nachtlichter","er",2
"Nachtmahr","MASC","Nachtmahr","Nachtmahre","e",2
"Nachtmusik","FEM","Nachtmusik","Nachtmusiken","en",3
"Nachtportier","MASC","Nachtportier","Nachtportiers","s",2
"Nachtquartier","NEUT","Nachtquartier","Nachtquartiere","e",2
"Nachtreiher","MASC","Nachtreiher","Nachtreiher","ø",2
"Nachtschatten","MASC","Nachtschatten","Nachtschatten","ø",3
"Nachtshopping","NEUT","Nachtshopping","Nachtshoppings","s",3
"Nachtsichtgerät","NEUT","Nachtsichtgerät","Nachtsichtgeräte","e",4
"Nachtspeicherheizung","FEM","Nachtspeicherheizung","Nachtspeicherheizungen","en",3
"Nachttisch","MASC","Nachttisch","Nachttische","e",2
"Nachtwächter","MASC","Nachtwächter","Nachtwächter","ø",3
"Nachtwächterstaat","MASC","Nachtwächterstaat","Nachtwächterstaaten","en",4
"Nachtzeit","FEM","Nachtzeit","Nachtzeiten","en",1
"Nachweis","MASC","Nachweis","Nachweise","e",1
"Nachwort","NEUT","Nachwort","Nachworte","e",2
"Nachzügler","MASC","Nachzügler","Nachzügler","ø",3
"Nacken","MASC","Nacken","Nacken","ø",2
"Nadelblättchen","NEUT","Nadelblättchen","Nadelblättchen","ø",4
"Nadelgehölz","NEUT","Nadelgehölz","Nadelgehölze","e",4
"Nadelkissen","NEUT","Nadelkissen","Nadelkissen","ø",4
"Nadelöhr","NEUT","Nadelöhr","Nadelöhre","e",3
"Nadelstich","MASC","Nadelstich","Nadelstiche","e",3
"Nadelstreifen","MASC","Nadelstreifen","Nadelstreifen","ø",3
"Nagelbürstchen","NEUT","Nagelbürstchen","Nagelbürstchen","ø",4
"Nägelchen","NEUT","Nägelchen","Nägelchen","ø",3
"Nageleisen","NEUT","Nageleisen","Nageleisen","ø",3
"Nagelknipser","MASC","Nagelknipser","Nagelknipser","ø",4
"Nagellackentferner","MASC","Nagellackentferner","Nagellackentferner","ø",6
"Nager","MASC","Nager","Nager","ø",2
"Nagetier","NEUT","Nagetier","Nagetiere","e",2
"Näher","MASC","Näher","Näher","ø",2
"Nährstoff","MASC","Nährstoff","Nährstoffe","e",2
"Nahrungsbestandteil","MASC","Nahrungsbestandteil","Nahrungsbestandteile","e",4
"Nahrungsmittel","NEUT","Nahrungsmittel","Nahrungsmittel","ø",4
"Nährwert","MASC","Nährwert","Nährwerte","e",2
"Nahverkehr","MASC","Nahverkehr","Nahverkehre","e",3
"Naivling","MASC","Naivling","Naivlinge","e",2
"Naktivist","MASC","Naktivist","Naktivisten","en",3
"Namaste","NEUT","Namaste","Namastes","s",3
"Namensartikel","MASC","Namensartikel","Namensartikel","ø",5
"Namensgeber","MASC","Namensgeber","Namensgeber","ø",4
"Namenstag","MASC","Namenstag","Namenstage","e",3
"Namensträger","MASC","Namensträger","Namensträger","ø",4
"Namhaftmachung","FEM","Namhaftmachung","Namhaftmachungen","en",4
"NAND-Gatter","NEUT","NAND-Gatter","NAND-Gatter","ø",3
"Nanoampere","NEUT","Nanoampere","Nanoampere","ø",4
"Nanoantikörper","MASC","Nanoantikörper","Nanoantikörper","ø",5
"Nanobot","NEUT","Nanobot","Nanobots","s",3
"Nanofarad","NEUT","Nanofarad","Nanofarad","ø",4
"Nanogramm","NEUT","Nanogramm","Nanogramme","e",3
"Nanojoule","NEUT","Nanojoule","Nanojoule","ø",4
"Nanokondensator","MASC","Nanokondensator","Nanokondensatoren","en",6
"Nanokristall","MASC","Nanokristall","Nanokristalle","e",4
"Nanomotor","MASC","Nanomotor","Nanomotoren","en",4
"Nanoobjekt","NEUT","Nanoobjekt","Nanoobjekte","e",3
"Nanosatellit","MASC","Nanosatellit","Nanosatelliten","en",5
"Nanosystem","NEUT","Nanosystem","Nanosysteme","e",4
"Nanoteilchen","NEUT","Nanoteilchen","Nanoteilchen","ø",3
"Nanotesla","NEUT","Nanotesla","Nanotesla","ø",4
"Nanovolt","NEUT","Nanovolt","Nanovolts","s",3
"Nanowatt","NEUT","Nanowatt","Nanowatt","ø",3
"Nanziger","MASC","Nanziger","Nanziger","ø",3
"Napfkuchen","MASC","Napfkuchen","Napfkuchen","ø",3
"Narkoleptiker","MASC","Narkoleptiker","Narkoleptiker","ø",5
"Narr","MASC","Narr","Narren","en",1
"Narrenfreiheit","FEM","Narrenfreiheit","Narrenfreiheiten","en",2
"Narretei","FEM","Narretei","Narreteien","en",2
"Narwal","MASC","Narwal","Narwale","e",2
"Narzisst","MASC","Narzisst","Narzissten","en",2
"Nasal","MASC","Nasal","Nasale","e",2
"Nasallaut","MASC","Nasallaut","Nasallaute","e",2
"Nasalvokal","MASC","Nasalvokal","Nasalvokale","e",4
"Näschen","NEUT","Näschen","Näschen","ø",2
"Nasenbär","MASC","Nasenbär","Nasenbären","en",3
"Nasenbein","NEUT","Nasenbein","Nasenbeine","e",2
"Nasenlaut","MASC","Nasenlaut","Nasenlaute","e",2
"Nasenring","MASC","Nasenring","Nasenringe","e",3
"Nasiräer","MASC","Nasiräer","Nasiräer","ø",3
"Näslein","NEUT","Näslein","Näslein","ø",1
"Nationalfeiertag","MASC","Nationalfeiertag","Nationalfeiertage","e",5
"Nationalist","MASC","Nationalist","Nationalisten","en",4
"Nationalität","FEM","Nationalität","Nationalitäten","en",5
"Nationalpark","MASC","Nationalpark","Nationalparks","s",4
"Nationalsozialist","MASC","Nationalsozialist","Nationalsozialisten","en",6
"Nationalspieler","MASC","Nationalspieler","Nationalspieler","ø",4
"Nationalstaat","MASC","Nationalstaat","Nationalstaaten","en",4
"native speaker","MASC","native speaker","native speakers","s",5
"native Speaker","MASC","native Speaker","native Speakers","s",5
"Native Speaker","MASC","Native Speaker","Native Speakers","s",5
"Natriumhalogenid","NEUT","Natriumhalogenid","Natriumhalogenide","e",6
"Natriumsalz","NEUT","Natriumsalz","Natriumsalze","e",3
"Natronfeldspat","NEUT","Natronfeldspat","Natronfeldspate","e",4
"Natronkalk","MASC","Natronkalk","Natronkalke","e",3
"Natronsalpeter","MASC","Natronsalpeter","Natronsalpetere","e",5
"Natur","FEM","Natur","Naturen","en",2
"Naturfreund","MASC","Naturfreund","Naturfreunde","e",2
"Naturgewalt","FEM","Naturgewalt","Naturgewalten","en",4
"Naturschutzgebiet","NEUT","Naturschutzgebiet","Naturschutzgebiete","e",4
"Naturstoff","MASC","Naturstoff","Naturstoffe","e",3
"Naturtalent","NEUT","Naturtalent","Naturtalente","e",4
"Naturwissenschaft","FEM","Naturwissenschaft","Naturwissenschaften","en",5
"Navi","NEUT","Navi","Navis","s",2
"Nazaräer","MASC","Nazaräer","Nazaräer","ø",3
"Nazi","MASC","Nazi","Nazis","s",2
"Nazi-Jargon","MASC","Nazi-Jargon","Nazi-Jargons","s",4
"Nazischwein","NEUT","Nazischwein","Nazischweine","e",2
"Nazoräer","MASC","Nazoräer","Nazoräer","ø",3
"Nebel","MASC","Nebel","Nebel","ø",2
"Nebelparder","MASC","Nebelparder","Nebelparder","ø",4
"Nebelstreif","MASC","Nebelstreif","Nebelstreife","e",2
"Nebelung","MASC","Nebelung","Nebelunge","e",3
"Nebenbedeutung","FEM","Nebenbedeutung","Nebenbedeutungen","en",4
"Nebenbetonungszeichen","NEUT","Nebenbetonungszeichen","Nebenbetonungszeichen","ø",6
"Nebenbuhler","MASC","Nebenbuhler","Nebenbuhler","ø",4
"Nebenform","FEM","Nebenform","Nebenformen","en",3
"Nebenhoden","MASC","Nebenhoden","Nebenhoden","ø",4
"Nebenprodukt","NEUT","Nebenprodukt","Nebenprodukte","e",4
"Nebenpunkt","MASC","Nebenpunkt","Nebenpunkte","e",3
"Nebensächlichkeit","FEM","Nebensächlichkeit","Nebensächlichkeiten","en",4
"Nebensinn","MASC","Nebensinn","Nebensinne","e",3
"Nebenweg","MASC","Nebenweg","Nebenwege","e",3
"Nebenzimmer","NEUT","Nebenzimmer","Nebenzimmer","ø",4
"Nebochant","MASC","Nebochant","Nebochanten","en",3
"Necessaire","NEUT","Necessaire","Necessaires","s",4
"Neger","MASC","Neger","Neger","ø",2
"Negligee","NEUT","Negligee","Negligees","s",3
"Neider","MASC","Neider","Neider","ø",1
"Neinsager","MASC","Neinsager","Neinsager","ø",2
"Nekrolog","MASC","Nekrolog","Nekrologe","e",3
"Nektar","MASC","Nektar","Nektare","e",2
"Nenner","MASC","Nenner","Nenner","ø",2
"Nennform","FEM","Nennform","Nennformen","en",2
"Nennung","FEM","Nennung","Nennungen","en",2
"Nennwert","MASC","Nennwert","Nennwerte","e",2
"Neongrün","NEUT","Neongrün","Neongrüns","s",2
"Nephrit","MASC","Nephrit","Nephrite","e",2
"Nerv","MASC","Nerv","Nerven","en",1
"Nervenbündel","NEUT","Nervenbündel","Nervenbündel","ø",4
"Nervengas","NEUT","Nervengas","Nervengase","e",3
"Nervenkitzel","MASC","Nervenkitzel","Nervenkitzel","ø",4
"Nervenkrieg","MASC","Nervenkrieg","Nervenkriege","e",2
"Nervensystem","NEUT","Nervensystem","Nervensysteme","e",4
"Nerz","MASC","Nerz","Nerze","e",1
"Nesseltier","NEUT","Nesseltier","Nesseltiere","e",2
"Nest","NEUT","Nest","Nester","er",1
"Nestbeschmutzer","MASC","Nestbeschmutzer","Nestbeschmutzer","ø",4
"Nestflüchter","MASC","Nestflüchter","Nestflüchter","ø",3
"Nesthäkchen","NEUT","Nesthäkchen","Nesthäkchen","ø",3
"Nesthocker","MASC","Nesthocker","Nesthocker","ø",3
"Nestling","MASC","Nestling","Nestlinge","e",2
"Netz","NEUT","Netz","Netze","e",1
"Netzkabel","NEUT","Netzkabel","Netzkabel","ø",3
"Netzwerk","NEUT","Netzwerk","Netzwerke","e",2
"Neuankömmling","MASC","Neuankömmling","Neuankömmlinge","e",3
"Neuartigkeit","FEM","Neuartigkeit","Neuartigkeiten","en",2
"Neudruck","MASC","Neudruck","Neudrucke","e",1
"Neuenglisch","NEUT","Neuenglisch","Neuenglische","e",2
"Neuerung","FEM","Neuerung","Neuerungen","en",2
"Neugewürz","NEUT","Neugewürz","Neugewürze","e",2
"Neuheit","FEM","Neuheit","Neuheiten","en",0
"Neuigkeit","FEM","Neuigkeit","Neuigkeiten","en",1
"Neujahr","NEUT","Neujahr","Neujahre","e",1
"Neujahrskonzert","NEUT","Neujahrskonzert","Neujahrskonzerte","e",3
"Neujahrstag","MASC","Neujahrstag","Neujahrstage","e",2
"Neuling","MASC","Neuling","Neulinge","e",1
"Neuneck","NEUT","Neuneck","Neunecke","e",1
"Neuner","MASC","Neuner","Neuner","ø",1
"Neunflächner","MASC","Neunflächner","Neunflächner","ø",2
"Neuniederländisch","NEUT","Neuniederländisch","Neuniederländische","e",3
"Neuntöter","MASC","Neuntöter","Neuntöter","ø",2
"Neunzehneck","NEUT","Neunzehneck","Neunzehnecke","e",2
"Neuron","NEUT","Neuron","Neurone","e",1
"Neurotransmitter","MASC","Neurotransmitter","Neurotransmitter","ø",4
"Neuschöpfung","FEM","Neuschöpfung","Neuschöpfungen","en",2
"Neuseeländer","MASC","Neuseeländer","Neuseeländer","ø",3
"Neutralität","FEM","Neutralität","Neutralitäten","en",3
"Neutron","NEUT","Neutron","Neutronen","en",1
"Neutroneneinfangquerschnitt","NEUT","Neutroneneinfangquerschnitt","Neutroneneinfangquerschnitte","e",5
"Neutronenstern","MASC","Neutronenstern","Neutronensterne","e",3
"New Yorker","MASC","New Yorker","New Yorker","ø",3
"Newton","MASC","Newton","Newton","ø",2
"Newtonmeter","MASC","Newtonmeter","Newtonmeter","ø",4
"Nibelung","MASC","Nibelung","Nibelungen","en",3
"NICHT-Gatter","NEUT","NICHT-Gatter","NICHT-Gatter","ø",3
"Nichteisenmetall","NEUT","Nichteisenmetall","Nichteisenmetalle","e",4
"Nichtmetall","NEUT","Nichtmetall","Nichtmetalle","e",3
"Nichtmetalloxid","NEUT","Nichtmetalloxid","Nichtmetalloxide","e",5
"Nichtmuttersprachler","MASC","Nichtmuttersprachler","Nichtmuttersprachler","ø",5
"Nichtraucher","MASC","Nichtraucher","Nichtraucher","ø",2
"Nichtregierungsorganisation","FEM","Nichtregierungsorganisation","Nichtregierungsorganisationen","en",8
"Nichtschwimmer","MASC","Nichtschwimmer","Nichtschwimmer","ø",3
"Nichtskönner","MASC","Nichtskönner","Nichtskönner","ø",3
"Nichtsnutz","MASC","Nichtsnutz","Nichtsnutze","e",2
"Nichttänzer","MASC","Nichttänzer","Nichttänzer","ø",3
"Nichtverfügbarkeit","FEM","Nichtverfügbarkeit","Nichtverfügbarkeiten","en",4
"Nickelarsenid","NEUT","Nickelarsenid","Nickelarsenide","e",5
"Nickelarsenkies","MASC","Nickelarsenkies","Nickelarsenkiese","e",4
"Nickelin","MASC","Nickelin","Nickeline","e",3
"Nickerchen","NEUT","Nickerchen","Nickerchen","ø",3
"Niederdruck","MASC","Niederdruck","Niederdrucke","e",2
"Niederland","NEUT","Niederland","Niederlande","e",2
"Niederländer","MASC","Niederländer","Niederländer","ø",3
"Niederländisch","NEUT","Niederländisch","Niederländische","e",3
"Niederlassung","FEM","Niederlassung","Niederlassungen","en",3
"Niederlegung","FEM","Niederlegung","Niederlegungen","en",3
"Niederschrift","FEM","Niederschrift","Niederschriften","en",2
"Niederträchtigkeit","FEM","Niederträchtigkeit","Niederträchtigkeiten","en",3
"Niederung","FEM","Niederung","Niederungen","en",2
"Niedrigkeit","FEM","Niedrigkeit","Niedrigkeiten","en",1
"Niedrigwasser","NEUT","Niedrigwasser","Niedrigwasser","ø",3
"Nierenbecken","NEUT","Nierenbecken","Nierenbecken","ø",3
"Nierenstein","MASC","Nierenstein","Nierensteine","e",1
"Nierenversagen","NEUT","Nierenversagen","Nierenversagen","ø",4
"Nieselregen","MASC","Nieselregen","Nieselregen","ø",3
"Nigerianer","MASC","Nigerianer","Nigerianer","ø",4
"Nigger","MASC","Nigger","Nigger","ø",2
"Nilbarsch","MASC","Nilbarsch","Nilbarsche","e",2
"Nilpferd","NEUT","Nilpferd","Nilpferde","e",2
"Nimmersatt","MASC","Nimmersatt","Nimmersatte","e",3
"Nimmerwiedersehen","NEUT","Nimmerwiedersehen","Nimmerwiedersehen","ø",5
"Ninja","MASC","Ninja","Ninja","ø",2
"Niobat","NEUT","Niobat","Niobate","e",2
"Niobit","MASC","Niobit","Niobite","e",2
"Nippel","MASC","Nippel","Nippel","ø",2
"Nippelspanner","MASC","Nippelspanner","Nippelspanner","ø",4
"Niqab","MASC","Niqab","Niqabs","s",2
"Nitrat","NEUT","Nitrat","Nitrate","e",2
"Nitratsalz","NEUT","Nitratsalz","Nitratsalze","e",3
"Nitrid","NEUT","Nitrid","Nitride","e",2
"Nitrit","NEUT","Nitrit","Nitrite","e",2
"Niveau","NEUT","Niveau","Niveaus","s",2
"Nix","MASC","Nix","Nixe","e",1
"Nominalwert","MASC","Nominalwert","Nominalwerte","e",4
"Nomokratiechen","NEUT","Nomokratiechen","Nomokratiechen","ø",4
"Nonagon","NEUT","Nonagon","Nonagone","e",3
"Nonan","NEUT","Nonan","Nonane","e",2
"NOR-Gatter","NEUT","NOR-Gatter","NOR-Gatter","ø",3
"Nordamerikaner","MASC","Nordamerikaner","Nordamerikaner","ø",6
"Nordlicht","NEUT","Nordlicht","Nordlichter","er",2
"Nordpol","MASC","Nordpol","Nordpole","e",2
"Nordwind","MASC","Nordwind","Nordwinde","e",2
"Nörgler","MASC","Nörgler","Nörgler","ø",2
"Normal","NEUT","Normal","Normale","e",2
"Normalpotential","NEUT","Normalpotential","Normalpotentiale","e",5
"Norweger","MASC","Norweger","Norweger","ø",3
"Nosean","MASC","Nosean","Noseane","e",2
"Notbeleuchtung","FEM","Notbeleuchtung","Notbeleuchtungen","en",3
"Notdienst","MASC","Notdienst","Notdienste","e",1
"Notebook","NEUT","Notebook","Notebooks","s",3
"Notenbank","FEM","Notenbank","Notenbanken","en",3
"Notenblättchen","NEUT","Notenblättchen","Notenblättchen","ø",4
"Notenschlüssel","MASC","Notenschlüssel","Notenschlüssel","ø",4
"Notenschrift","FEM","Notenschrift","Notenschriften","en",3
"Notenwert","MASC","Notenwert","Notenwerte","e",3
"Notsignal","NEUT","Notsignal","Notsignale","e",3
"Notwendigkeit","FEM","Notwendigkeit","Notwendigkeiten","en",3
"November","MASC","November","November","ø",3
"Noviziat","MASC","Noviziat","Noviziate","e",3
"Nudelteig","MASC","Nudelteig","Nudelteige","e",2
"Nukleon","NEUT","Nukleon","Nukleonen","en",2
"Nukleotid","NEUT","Nukleotid","Nukleotide","e",3
"Nullableitung","FEM","Nullableitung","Nullableitungen","en",3
"Nulldiät","FEM","Nulldiät","Nulldiäten","en",2
"Nullpunkt","MASC","Nullpunkt","Nullpunkte","e",2
"Nummernschild","NEUT","Nummernschild","Nummernschilder","er",3
"Nürnberger","MASC","Nürnberger","Nürnberger","ø",3
"Nussknacker","MASC","Nussknacker","Nussknacker","ø",3
"Nuttenficker","MASC","Nuttenficker","Nuttenficker","ø",4
"Nuttenjäger","MASC","Nuttenjäger","Nuttenjäger","ø",4
"Nutterich","MASC","Nutterich","Nutteriche","e",3
"Nutzen","MASC","Nutzen","Nutzen","ø",2
"Nutzer","MASC","Nutzer","Nutzer","ø",2
"Nutznießer","MASC","Nutznießer","Nutznießer","ø",2
"Nutztier","NEUT","Nutztier","Nutztiere","e",1
"Nutzung","FEM","Nutzung","Nutzungen","en",2
"Nutzwert","MASC","Nutzwert","Nutzwerte","e",2
"Ny","NEUT","Ny","Nys","s",1
"Obdachlosigkeit","FEM","Obdachlosigkeit","Obdachlosigkeiten","en",4
"Ober","MASC","Ober","Ober","ø",2
"Oberarm","MASC","Oberarm","Oberarme","e",3
"Oberbefehlshaber","MASC","Oberbefehlshaber","Oberbefehlshaber","ø",6
"Oberbegriff","MASC","Oberbegriff","Oberbegriffe","e",4
"Oberbürgermeister","MASC","Oberbürgermeister","Oberbürgermeister","ø",5
"Oberdeck","NEUT","Oberdeck","Oberdecks","s",3
"Oberdeutsch","NEUT","Oberdeutsch","Oberdeutsche","e",2
"Oberflächenschutz","MASC","Oberflächenschutz","Oberflächenschutze","e",5
"Obergeschoss","NEUT","Obergeschoss","Obergeschosse","e",4
"Obergespan","MASC","Obergespan","Obergespane","e",4
"Obergespann","MASC","Obergespann","Obergespanne","e",4
"Obergruppenführer","MASC","Obergruppenführer","Obergruppenführer","ø",6
"Oberkellner","MASC","Oberkellner","Oberkellner","ø",4
"Oberkommando","NEUT","Oberkommando","Oberkommandos","s",5
"Oberlandesgericht","NEUT","Oberlandesgericht","Oberlandesgerichte","e",6
"Oberpfälzer","MASC","Oberpfälzer","Oberpfälzer","ø",4
"Oberschenkel","MASC","Oberschenkel","Oberschenkel","ø",4
"Oberst","MASC","Oberst","Oberste","e",2
"Oberstleutnant","MASC","Oberstleutnant","Oberstleutnante","e",3
"Oberteil","NEUT","Oberteil","Oberteile","e",2
"Obfrau","FEM","Obfrau","Obfrauen","en",1
"Objekt","NEUT","Objekt","Objekte","e",2
"Objektiv","NEUT","Objektiv","Objektive","e",3
"Obligo","NEUT","Obligo","Obligos","s",3
"Obolchen","NEUT","Obolchen","Obolchen","ø",3
"Obsidian","MASC","Obsidian","Obsidiane","e",3
"Obstbesteck","NEUT","Obstbesteck","Obstbestecke","e",3
"Obstkuchen","MASC","Obstkuchen","Obstkuchen","ø",3
"Obstler","MASC","Obstler","Obstler","ø",2
"Öbstler","MASC","Öbstler","Öbstler","ø",2
"Obstlöffel","MASC","Obstlöffel","Obstlöffel","ø",3
"Obstmesser","NEUT","Obstmesser","Obstmesser","ø",3
"Obstsalat","MASC","Obstsalat","Obstsalate","e",3
"Obszönität","FEM","Obszönität","Obszönitäten","en",4
"Occasion","FEM","Occasion","Occasionen","en",3
"Octan","NEUT","Octan","Octane","e",2
"Ödem","NEUT","Ödem","Ödeme","e",2
"ODER-Gatter","NEUT","ODER-Gatter","ODER-Gatter","ø",4
"Odinshühnchen","NEUT","Odinshühnchen","Odinshühnchen","ø",4
"Öfchen","NEUT","Öfchen","Öfchen","ø",2
"Ofenbrot","NEUT","Ofenbrot","Ofenbrote","e",3
"Ofenküchlein","NEUT","Ofenküchlein","Ofenküchlein","ø",3
"Ofenrohr","NEUT","Ofenrohr","Ofenrohre","e",3
"Offenbacher","MASC","Offenbacher","Offenbacher","ø",4
"Offenbarungseid","MASC","Offenbarungseid","Offenbarungseide","e",4
"Offenbarungsreligion","FEM","Offenbarungsreligion","Offenbarungsreligionen","en",7
"Offizial","MASC","Offizial","Offiziale","e",3
"Offizialdelikt","NEUT","Offizialdelikt","Offizialdelikte","e",5
"Offizialverteidiger","MASC","Offizialverteidiger","Offizialverteidiger","ø",6
"Offizier","MASC","Offizier","Offiziere","e",2
"Öffner","MASC","Öffner","Öffner","ø",2
"Öffnungslaut","MASC","Öffnungslaut","Öffnungslaute","e",2
"Oger","MASC","Oger","Oger","ø",2
"Ogonek","NEUT","Ogonek","Ogoneks","s",3
"Oheim","MASC","Oheim","Oheime","e",1
"Ohm","NEUT","Ohm","Ohme","e",1
"Ohr","NEUT","Ohr","Ohren","en",1
"Öhr","NEUT","Öhr","Öhre","e",1
"Öhrchen","NEUT","Öhrchen","Öhrchen","ø",2
"Ohrenbläser","MASC","Ohrenbläser","Ohrenbläser","ø",4
"Ohrenschmalz","NEUT","Ohrenschmalz","Ohrenschmalze","e",3
"Ohrenschützer","MASC","Ohrenschützer","Ohrenschützer","ø",4
"Ohrensessel","MASC","Ohrensessel","Ohrensessel","ø",4
"Ohrenstöpsel","MASC","Ohrenstöpsel","Ohrenstöpsel","ø",4
"Ohrenwärmer","MASC","Ohrenwärmer","Ohrenwärmer","ø",4
"Ohrhörer","MASC","Ohrhörer","Ohrhörer","ø",3
"Ohrring","MASC","Ohrring","Ohrringe","e",2
"Okkultist","MASC","Okkultist","Okkultisten","en",3
"Ökonom","MASC","Ökonom","Ökonomen","en",3
"Ökonomist","MASC","Ökonomist","Ökonomisten","en",4
"Ökosystem","NEUT","Ökosystem","Ökosysteme","e",4
"Oktacyanomolybdat","NEUT","Oktacyanomolybdat","Oktacyanomolybdate","e",7
"Oktan","NEUT","Oktan","Oktane","e",2
"Oktant","MASC","Oktant","Oktanten","en",2
"Oktett","NEUT","Oktett","Oktette","e",2
"Oktober","MASC","Oktober","Oktober","ø",3
"Oktoberfest","NEUT","Oktoberfest","Oktoberfeste","e",4
"Öl","NEUT","Öl","Öle","e",1
"Ölberg","MASC","Ölberg","Ölberge","e",2
"Oldtimer","MASC","Oldtimer","Oldtimer","ø",3
"Oleander","MASC","Oleander","Oleander","ø",3
"Olefin","NEUT","Olefin","Olefine","e",3
"Ölfeld","NEUT","Ölfeld","Ölfelder","er",2
"Oligopol","NEUT","Oligopol","Oligopole","e",4
"Oligopolist","MASC","Oligopolist","Oligopolisten","en",5
"Oligosaccharid","NEUT","Oligosaccharid","Oligosaccharide","e",6
"Olivenkern","MASC","Olivenkern","Olivenkerne","e",4
"Olivenöl","NEUT","Olivenöl","Olivenöle","e",4
"Olivenstein","MASC","Olivenstein","Olivensteine","e",3
"Olivenzweig","MASC","Olivenzweig","Olivenzweige","e",3
"Olivin","MASC","Olivin","Olivine","e",3
"Olm","MASC","Olm","Olme","e",1
"Olmsteadit","MASC","Olmsteadit","Olmsteadite","e",3
"Olmützer","MASC","Olmützer","Olmützer","ø",3
"Ölschiefer","MASC","Ölschiefer","Ölschiefer","ø",2
"Ölspur","FEM","Ölspur","Ölspuren","en",2
"Öltanker","MASC","Öltanker","Öltanker","ø",3
"Ölteppich","MASC","Ölteppich","Ölteppiche","e",3
"Öltropfen","MASC","Öltropfen","Öltropfen","ø",3
"Olympiasieger","MASC","Olympiasieger","Olympiasieger","ø",4
"Olympier","MASC","Olympier","Olympier","ø",2
"Oma","FEM","Oma","Omas","s",2
"Omega","NEUT","Omega","Omegas","s",3
"Omelett","NEUT","Omelett","Omelette","e",3
"Omen","NEUT","Omen","Omen","ø",2
"Omikron","NEUT","Omikron","Omikrons","s",3
"Onager","MASC","Onager","Onager","ø",3
"Onanist","MASC","Onanist","Onanisten","en",3
"One-Man-Show","FEM","One-Man-Show","One-Man-Shows","s",4
"One-Night-Stand","MASC","One-Night-Stand","One-Night-Stands","s",4
"Onkel","MASC","Onkel","Onkel","ø",2
"Ontarier","MASC","Ontarier","Ontarier","ø",2
"Onyx","MASC","Onyx","Onyxe","e",2
"Oolith","MASC","Oolith","Oolithe","e",2
"Opa","MASC","Opa","Opas","s",2
"Opa Langbein","MASC","Opa Langbein","Opa Langbeine","e",3
"Opachen","NEUT","Opachen","Opachen","ø",3
"Opal","MASC","Opal","Opale","e",2
"Operation","FEM","Operation","Operationen","en",4
"Opernsänger","MASC","Opernsänger","Opernsänger","ø",4
"Opfer","NEUT","Opfer","Opfer","ø",2
"Opportunität","FEM","Opportunität","Opportunitäten","en",5
"Opposition","FEM","Opposition","Oppositionen","en",4
"Oppositionskandidat","NEUT","Oppositionskandidat","Oppositionskandidaten","en",7
"Oppositionspolitiker","MASC","Oppositionspolitiker","Oppositionspolitiker","ø",8
"Optiker","MASC","Optiker","Optiker","ø",3
"Optimist","MASC","Optimist","Optimisten","en",3
"Orangeat","NEUT","Orangeat","Orangeate","e",3
"Orchester","NEUT","Orchester","Orchester","ø",3
"Orden","MASC","Orden","Orden","ø",2
"Ordensgeneral","MASC","Ordensgeneral","Ordensgenerale","e",5
"Ordner","MASC","Ordner","Ordner","ø",2
"Oregoner","MASC","Oregoner","Oregoner","ø",4
"Organ","NEUT","Organ","Organe","e",2
"Organisation","FEM","Organisation","Organisationen","en",5
"Organist","MASC","Organist","Organisten","en",3
"Organogerman","NEUT","Organogerman","Organogermane","e",5
"Organophosphin","NEUT","Organophosphin","Organophosphine","e",5
"Organversagen","NEUT","Organversagen","Organversagen","ø",5
"Orgelkonzert","NEUT","Orgelkonzert","Orgelkonzerte","e",4
"Orgelmetall","NEUT","Orgelmetall","Orgelmetalle","e",4
"Orgelspiel","NEUT","Orgelspiel","Orgelspiele","e",2
"Orgelspieler","MASC","Orgelspieler","Orgelspieler","ø",3
"Original","NEUT","Original","Originale","e",4
"Originalität","FEM","Originalität","Originalitäten","en",6
"Orkan","MASC","Orkan","Orkane","e",2
"Ornament","NEUT","Ornament","Ornamente","e",3
"Ort","MASC","Ort","Orte","e",1
"Örtchen","NEUT","Örtchen","Örtchen","ø",2
"Orthophosphat","NEUT","Orthophosphat","Orthophosphate","e",4
"Orthopyroxen","MASC","Orthopyroxen","Orthopyroxene","e",5
"Orthosilicat","NEUT","Orthosilicat","Orthosilicate","e",5
"Ortolan","MASC","Ortolan","Ortolane","e",3
"Ortsgespräch","NEUT","Ortsgespräch","Ortsgespräche","e",3
"Ortsschild","NEUT","Ortsschild","Ortsschilder","er",2
"Ortsteil","MASC","Ortsteil","Ortsteile","e",1
"Ortstein","MASC","Ortstein","Ortsteine","e",1
"Ortswechsel","MASC","Ortswechsel","Ortswechsel","ø",3
"Ortung","FEM","Ortung","Ortungen","en",2
"Ösi","MASC","Ösi","Ösis","s",2
"Ostberliner","MASC","Ostberliner","Ostberliner","ø",4
"Osterei","NEUT","Osterei","Ostereier","er",2
"Osterkerzchen","NEUT","Osterkerzchen","Osterkerzchen","ø",4
"Osterkerzlein","NEUT","Osterkerzlein","Osterkerzlein","ø",3
"Ostermond","MASC","Ostermond","Ostermonde","e",3
"Ostermontag","MASC","Ostermontag","Ostermontage","e",4
"Österreicher","MASC","Österreicher","Österreicher","ø",3
"Ostersonntag","MASC","Ostersonntag","Ostersonntage","e",4
"Ostler","MASC","Ostler","Ostler","ø",2
"Ostmark","FEM","Ostmark","Ostmark","ø",2
"Ostwind","MASC","Ostwind","Ostwinde","e",2
"Otaku","MASC","Otaku","Otakus","s",3
"Otavit","MASC","Otavit","Otavite","e",3
"Otter","FEM","Otter","Otter","ø",2
"Otto Normalverbraucher","MASC","Otto Normalverbraucher","Otto Normalverbraucher","ø",6
"Ovar","NEUT","Ovar","Ovare","e",2
"Overall","MASC","Overall","Overalls","s",3
"Oxalat","NEUT","Oxalat","Oxalate","e",3
"Oxid","NEUT","Oxid","Oxide","e",2
"Oxidationsschutz","MASC","Oxidationsschutz","Oxidationsschutze","e",5
"Oxidfluorid","NEUT","Oxidfluorid","Oxidfluoride","e",4
"Oxidhalogenid","NEUT","Oxidhalogenid","Oxidhalogenide","e",6
"Oxin","NEUT","Oxin","Oxine","e",2
"Oxohalogenid","NEUT","Oxohalogenid","Oxohalogenide","e",6
"Oxoniumion","NEUT","Oxoniumion","Oxoniumionen","en",4
"Oxynitrid","NEUT","Oxynitrid","Oxynitride","e",4
"Ozean","MASC","Ozean","Ozeane","e",2
"Ozelot","MASC","Ozelot","Ozelots","s",3
"Ozonid","NEUT","Ozonid","Ozonide","e",3
"Ozonidanion","NEUT","Ozonidanion","Ozonidanione","e",5
"Paar","NEUT","Paar","Paare","e",1
"Paarreim","MASC","Paarreim","Paarreime","e",1
"Pächter","MASC","Pächter","Pächter","ø",2
"Päckchen","NEUT","Päckchen","Päckchen","ø",2
"Packen","NEUT","Packen","Packen","ø",2
"Packesel","MASC","Packesel","Packesel","ø",3
"Packgas","NEUT","Packgas","Packgase","e",2
"Paddel","NEUT","Paddel","Paddel","ø",2
"Päderast","MASC","Päderast","Päderasten","en",3
"Paginierung","FEM","Paginierung","Paginierungen","en",3
"Paket","NEUT","Paket","Pakete","e",2
"Paketboot","NEUT","Paketboot","Paketboote","e",3
"Pakt","MASC","Pakt","Pakte","e",1
"Palatal","MASC","Palatal","Palatale","e",3
"Palato-Alveolar","MASC","Palato-Alveolar","Palato-Alveolare","e",6
"Palatschinken","MASC","Palatschinken","Palatschinken","ø",4
"Palindrom","NEUT","Palindrom","Palindrome","e",3
"Palladiumgehalt","MASC","Palladiumgehalt","Palladiumgehalte","e",5
"Palladiumkatalysator","MASC","Palladiumkatalysator","Palladiumkatalysatoren","en",8
"Palmsonntag","MASC","Palmsonntag","Palmsonntage","e",3
"Palmyrener","MASC","Palmyrener","Palmyrener","ø",4
"Palmyrer","MASC","Palmyrer","Palmyrer","ø",3
"Palstek","MASC","Palstek","Palsteks","s",2
"Pampa","FEM","Pampa","Pampas","s",2
"Panamaer","MASC","Panamaer","Panamaer","ø",3
"Pandabär","MASC","Pandabär","Pandabären","en",3
"Pandeist","MASC","Pandeist","Pandeisten","en",1
"Paneel","NEUT","Paneel","Paneele","e",2
"Panel","NEUT","Panel","Panels","s",2
"Panendeist","MASC","Panendeist","Panendeisten","en",2
"Panentheist","MASC","Panentheist","Panentheisten","en",2
"Panier","FEM","Panier","Paniere","e",1
"Paniermehl","NEUT","Paniermehl","Paniermehle","e",2
"Panik","FEM","Panik","Paniken","en",2
"Panikmacher","MASC","Panikmacher","Panikmacher","ø",4
"Pannenstreifen","MASC","Pannenstreifen","Pannenstreifen","ø",3
"Panter","MASC","Panter","Panter","ø",2
"Pantheist","MASC","Pantheist","Pantheisten","en",1
"Pantheon","NEUT","Pantheon","Pantheons","s",2
"Panther","MASC","Panther","Panther","ø",2
"Pantherpilz","MASC","Pantherpilz","Pantherpilze","e",3
"Panzer","MASC","Panzer","Panzer","ø",2
"Panzerschiff","NEUT","Panzerschiff","Panzerschiffe","e",3
"Panzerschreck","MASC","Panzerschreck","Panzerschrecke","e",3
"Panzerung","FEM","Panzerung","Panzerungen","en",3
"Papa","MASC","Papa","Papas","s",2
"Papagei","MASC","Papagei","Papageien","en",2
"Papamobil","NEUT","Papamobil","Papamobile","e",4
"Paparazza","FEM","Paparazza","Paparazzas","s",4
"Papaya","FEM","Papaya","Papayas","s",2
"Papi","MASC","Papi","Papis","s",2
"Papier","NEUT","Papier","Papiere","e",1
"Papierbeutel","MASC","Papierbeutel","Papierbeutel","ø",2
"Papierdeutsch","NEUT","Papierdeutsch","Papierdeutsche","e",1
"Papierflieger","MASC","Papierflieger","Papierflieger","ø",2
"Papierstreicher","MASC","Papierstreicher","Papierstreicher","ø",2
"Papiertiger","MASC","Papiertiger","Papiertiger","ø",3
"Pappbecher","MASC","Pappbecher","Pappbecher","ø",3
"Pappdeckel","MASC","Pappdeckel","Pappdeckel","ø",3
"Pappenstiel","MASC","Pappenstiel","Pappenstiele","e",2
"Paprikaspeck","MASC","Paprikaspeck","Paprikaspecke","e",4
"Paradeiser","MASC","Paradeiser","Paradeiser","ø",3
"Paradies","NEUT","Paradies","Paradiese","e",2
"Paradox","NEUT","Paradox","Paradoxe","e",3
"Paraffinöl","NEUT","Paraffinöl","Paraffinöle","e",4
"Paragraphenreiter","MASC","Paragraphenreiter","Paragraphenreiter","ø",5
"Paraguayer","MASC","Paraguayer","Paraguayer","ø",3
"Parallelgesellschaft","FEM","Parallelgesellschaft","Parallelgesellschaften","en",6
"Parallelogramm","NEUT","Parallelogramm","Parallelogramme","e",5
"Parameter","MASC","Parameter","Parameter","ø",4
"Parasit","MASC","Parasit","Parasiten","en",3
"Parasitchen","NEUT","Parasitchen","Parasitchen","ø",4
"Parathormon","NEUT","Parathormon","Parathormone","e",4
"Parchat","MASC","Parchat","Parchate","e",2
"Pärchen","NEUT","Pärchen","Pärchen","ø",2
"Parchend","MASC","Parchend","Parchende","e",2
"Parchent","MASC","Parchent","Parchente","e",2
"Parchet","MASC","Parchet","Parchete","e",2
"Parder","MASC","Parder","Parder","ø",2
"Parfüm","NEUT","Parfüm","Parfüms","s",2
"Pariser","MASC","Pariser","Pariser","ø",3
"Parität","FEM","Parität","Paritäten","en",3
"Park","MASC","Park","Parks","s",1
"Parkett","NEUT","Parkett","Parkette","e",2
"Parkgebühr","FEM","Parkgebühr","Parkgebühren","en",3
"Parkschein","MASC","Parkschein","Parkscheine","e",1
"Parlament","NEUT","Parlament","Parlamente","e",3
"Parlamentsmitglied","NEUT","Parlamentsmitglied","Parlamentsmitglieder","er",4
"Paroli","NEUT","Paroli","Parolis","s",3
"Parsec","NEUT","Parsec","Parsec","ø",2
"Part","MASC","Part","Parte","e",1
"Partei","FEM","Partei","Parteien","en",1
"Parteichef","MASC","Parteichef","Parteichefs","s",2
"Parteimitglied","NEUT","Parteimitglied","Parteimitglieder","er",2
"Parteitag","MASC","Parteitag","Parteitage","e",2
"Parterre","NEUT","Parterre","Parterres","s",3
"Partitiv","MASC","Partitiv","Partitive","e",3
"Partizipialkonstruktion","FEM","Partizipialkonstruktion","Partizipialkonstruktionen","en",7
"Partner","MASC","Partner","Partner","ø",2
"Partnerschaft","FEM","Partnerschaft","Partnerschaften","en",3
"Party","FEM","Party","Partys","s",2
"Partyband","FEM","Partyband","Partybands","s",3
"Passagier","MASC","Passagier","Passagiere","e",2
"Passagierschiff","NEUT","Passagierschiff","Passagierschiffe","e",3
"Passant","MASC","Passant","Passanten","en",2
"Passat","MASC","Passat","Passate","e",2
"Passbild","NEUT","Passbild","Passbilder","er",2
"Passivität","FEM","Passivität","Passivitäten","en",4
"Pastell","NEUT","Pastell","Pastelle","e",2
"Pastor","MASC","Pastor","Pastoren","en",2
"Patchwork","NEUT","Patchwork","Patchworks","s",2
"Patenkind","NEUT","Patenkind","Patenkinder","er",3
"Patent","NEUT","Patent","Patente","e",2
"Paternoster","MASC","Paternoster","Paternoster","ø",4
"Patient","MASC","Patient","Patienten","en",1
"Patio","MASC","Patio","Patios","s",2
"Patron","MASC","Patron","Patrone","e",2
"Patronit","MASC","Patronit","Patronite","e",3
"Patronym","NEUT","Patronym","Patronyme","e",3
"Patt","NEUT","Patt","Patts","s",1
"Pattstellung","FEM","Pattstellung","Pattstellungen","en",3
"Patzer","MASC","Patzer","Patzer","ø",2
"Päuschen","NEUT","Päuschen","Päuschen","ø",1
"Pauschenpferd","NEUT","Pauschenpferd","Pauschenpferde","e",2
"Pavillon","MASC","Pavillon","Pavillons","s",3
"Pech","NEUT","Pech","Peche","e",1
"Pedal","NEUT","Pedal","Pedale","e",2
"Pedant","MASC","Pedant","Pedanten","en",2
"Pegel","MASC","Pegel","Pegel","ø",2
"Pegmatit","MASC","Pegmatit","Pegmatite","e",3
"Peiniger","MASC","Peiniger","Peiniger","ø",2
"Peitschenhieb","MASC","Peitschenhieb","Peitschenhiebe","e",1
"Pekari","NEUT","Pekari","Pekaris","s",3
"Pelikan","MASC","Pelikan","Pelikane","e",3
"Peloton","NEUT","Peloton","Pelotons","s",3
"Pelz","MASC","Pelz","Pelze","e",1
"Pelzhandschuh","MASC","Pelzhandschuh","Pelzhandschuhe","e",3
"Pendel","NEUT","Pendel","Pendel","ø",2
"Pendelkind","NEUT","Pendelkind","Pendelkinder","er",3
"Pendler","MASC","Pendler","Pendler","ø",2
"Penetranz","FEM","Penetranz","Penetranzen","en",3
"Penisknochen","MASC","Penisknochen","Penisknochen","ø",4
"Pennäler","MASC","Pennäler","Pennäler","ø",3
"Penner","MASC","Penner","Penner","ø",2
"Pensionär","MASC","Pensionär","Pensionäre","e",3
"Pentaborat","NEUT","Pentaborat","Pentaborate","e",4
"Pentacarbonyl","NEUT","Pentacarbonyl","Pentacarbonyle","e",5
"Pentachlorid","NEUT","Pentachlorid","Pentachloride","e",4
"Pentafluorid","NEUT","Pentafluorid","Pentafluoride","e",4
"Pentagramm","NEUT","Pentagramm","Pentagramme","e",3
"Pentan","NEUT","Pentan","Pentane","e",2
"Pentasulfid","NEUT","Pentasulfid","Pentasulfide","e",4
"Penthouse","NEUT","Penthouse","Penthouses","s",3
"Pentoxid","NEUT","Pentoxid","Pentoxide","e",3
"Peptid","NEUT","Peptid","Peptide","e",2
"Peptidhormon","NEUT","Peptidhormon","Peptidhormone","e",4
"Perborat","NEUT","Perborat","Perborate","e",3
"Perchlorat","NEUT","Perchlorat","Perchlorate","e",3
"Pergament","NEUT","Pergament","Pergamente","e",3
"Perihel","NEUT","Perihel","Perihele","e",3
"Periklas","MASC","Periklas","Periklase","e",3
"Periodat","NEUT","Periodat","Periodate","e",3
"Perlenmantel-Ameisenwürger","MASC","Perlenmantel-Ameisenwürger","Perlenmantel-Ameisenwürger","ø",8
"Perlschulter-Ameisenwürger","MASC","Perlschulter-Ameisenwürger","Perlschulter-Ameisenwürger","ø",7
"Permanentmagnet","MASC","Permanentmagnet","Permanentmagnete","e",5
"Permanganat","NEUT","Permanganat","Permanganate","e",4
"Perowskit","MASC","Perowskit","Perowskite","e",3
"Peroxid","NEUT","Peroxid","Peroxide","e",3
"Peroxidradikal","NEUT","Peroxidradikal","Peroxidradikale","e",6
"Peroxomolybdat","NEUT","Peroxomolybdat","Peroxomolybdate","e",6
"Perruthenat","NEUT","Perruthenat","Perruthenate","e",4
"Perser","MASC","Perser","Perser","ø",2
"Perserteppich","MASC","Perserteppich","Perserteppiche","e",4
"Perso","MASC","Perso","Persos","s",2
"Person","FEM","Person","Personen","en",2
"Personal","NEUT","Personal","Personale","e",3
"Personalist","MASC","Personalist","Personalisten","en",4
"Personalunion","FEM","Personalunion","Personalunionen","en",5
"Personifizierung","FEM","Personifizierung","Personifizierungen","en",5
"Pertechnetat","NEUT","Pertechnetat","Pertechnetate","e",4
"Peruaner","MASC","Peruaner","Peruaner","ø",3
"Perversling","MASC","Perversling","Perverslinge","e",3
"Pessimist","MASC","Pessimist","Pessimisten","en",3
"Pestizid","NEUT","Pestizid","Pestizide","e",3
"Pestwurz","FEM","Pestwurz","Pestwurzen","en",2
"Petalit","MASC","Petalit","Petalite","e",3
"Petersfisch","MASC","Petersfisch","Petersfische","e",3
"Petschaft","NEUT","Petschaft","Petschafte","e",2
"Pfad","MASC","Pfad","Pfade","e",1
"Pfädchen","NEUT","Pfädchen","Pfädchen","ø",2
"Pfadfinder","MASC","Pfadfinder","Pfadfinder","ø",3
"Pfalzerzherzog","MASC","Pfalzerzherzog","Pfalzerzherzoge","e",4
"Pfandautomat","MASC","Pfandautomat","Pfandautomaten","en",3
"Pfandbrief","MASC","Pfandbrief","Pfandbriefe","e",1
"Pfannkuchen","MASC","Pfannkuchen","Pfannkuchen","ø",3
"Pfarrer","MASC","Pfarrer","Pfarrer","ø",2
"Pfau","MASC","Pfau","Pfauen","en",0
"Pfeffer","MASC","Pfeffer","Pfeffer","ø",2
"Pfeifchen","NEUT","Pfeifchen","Pfeifchen","ø",1
"Pfeifer","MASC","Pfeifer","Pfeifer","ø",1
"Pfeil","MASC","Pfeil","Pfeile","e",0
"Pfeiler","MASC","Pfeiler","Pfeiler","ø",1
"Pfennig","MASC","Pfennig","Pfennige","e",2
"Pfennigfuchser","MASC","Pfennigfuchser","Pfennigfuchser","ø",4
"Pferch","MASC","Pferch","Pferche","e",1
"Pferd","NEUT","Pferd","Pferde","e",1
"Pferdchen","NEUT","Pferdchen","Pferdchen","ø",2
"Pferdegeschirr","NEUT","Pferdegeschirr","Pferdegeschirre","e",4
"Pferdelein","NEUT","Pferdelein","Pferdelein","ø",2
"Pferdlein","NEUT","Pferdlein","Pferdlein","ø",1
"Pfersich","MASC","Pfersich","Pfersiche","e",2
"Pfiff","MASC","Pfiff","Pfiffe","e",1
"Pfifferling","MASC","Pfifferling","Pfifferlinge","e",3
"Pfingstmontag","MASC","Pfingstmontag","Pfingstmontage","e",3
"Pfingsttag","MASC","Pfingsttag","Pfingsttage","e",2
"Pfirsich","MASC","Pfirsich","Pfirsiche","e",2
"Pfirsichstein","MASC","Pfirsichstein","Pfirsichsteine","e",2
"Pflanzenfresser","MASC","Pflanzenfresser","Pflanzenfresser","ø",4
"Pflanzenöl","NEUT","Pflanzenöl","Pflanzenöle","e",3
"Pflanzenschutz","MASC","Pflanzenschutz","Pflanzenschutze","e",3
"Pflanzenstoff","MASC","Pflanzenstoff","Pflanzenstoffe","e",3
"Pflaster","NEUT","Pflaster","Pflaster","ø",2
"Pflaumenkuchen","MASC","Pflaumenkuchen","Pflaumenkuchen","ø",3
"Pflegeheim","NEUT","Pflegeheim","Pflegeheime","e",2
"Pfleger","MASC","Pfleger","Pfleger","ø",2
"Pflegling","MASC","Pflegling","Pfleglinge","e",2
"Pflichterfüllung","FEM","Pflichterfüllung","Pflichterfüllungen","en",4
"Pflugscharbein","NEUT","Pflugscharbein","Pflugscharbeine","e",2
"Pförtchen","NEUT","Pförtchen","Pförtchen","ø",2
"Pförtner","MASC","Pförtner","Pförtner","ø",2
"Pfosten","MASC","Pfosten","Pfosten","ø",2
"Pfötchen","NEUT","Pfötchen","Pfötchen","ø",2
"Pfropfen","MASC","Pfropfen","Pfropfen","ø",2
"Pfuhl","MASC","Pfuhl","Pfuhle","e",1
"Pfundskerl","MASC","Pfundskerl","Pfundskerle","e",2
"Phänomen","NEUT","Phänomen","Phänomene","e",3
"Phantastik","FEM","Phantastik","Phantastiken","en",3
"Phantom","NEUT","Phantom","Phantome","e",2
"Phantombild","NEUT","Phantombild","Phantombilder","er",3
"Pharisäer","MASC","Pharisäer","Pharisäer","ø",3
"Phenakit","MASC","Phenakit","Phenakite","e",3
"Phenanthrolin","NEUT","Phenanthrolin","Phenanthroline","e",4
"Phenol","NEUT","Phenol","Phenole","e",2
"Pheromon","NEUT","Pheromon","Pheromone","e",3
"Phi","NEUT","Phi","Phis","s",1
"Philanthrop","MASC","Philanthrop","Philanthropen","en",3
"Philerast","MASC","Philerast","Philerasten","en",3
"Philippinenadler","MASC","Philippinenadler","Philippinenadler","ø",6
"Philippiner","MASC","Philippiner","Philippiner","ø",4
"Phillumenist","MASC","Phillumenist","Phillumenisten","en",4
"Philosoph","MASC","Philosoph","Philosophen","en",3
"Phloem","NEUT","Phloem","Phloeme","e",1
"Phlogopit","MASC","Phlogopit","Phlogopite","e",3
"Phonem","NEUT","Phonem","Phoneme","e",2
"Phönix","MASC","Phönix","Phönixe","e",2
"Phosphan","NEUT","Phosphan","Phosphane","e",2
"Phosphat","NEUT","Phosphat","Phosphate","e",2
"Phosphatgestein","NEUT","Phosphatgestein","Phosphatgesteine","e",3
"Phosphazen","NEUT","Phosphazen","Phosphazene","e",3
"Phosphid","NEUT","Phosphid","Phosphide","e",2
"Phosphin","NEUT","Phosphin","Phosphine","e",2
"Phosphinat","NEUT","Phosphinat","Phosphinate","e",3
"Phosphinoxid","NEUT","Phosphinoxid","Phosphinoxide","e",4
"Phosphit","NEUT","Phosphit","Phosphite","e",2
"Phospholipid","NEUT","Phospholipid","Phospholipide","e",4
"Phosphonat","NEUT","Phosphonat","Phosphonate","e",3
"Phosphorit","NEUT","Phosphorit","Phosphorite","e",3
"Phosphormolybdat","NEUT","Phosphormolybdat","Phosphormolybdate","e",5
"Phosphoroxid","NEUT","Phosphoroxid","Phosphoroxide","e",4
"Phosphorsulfid","NEUT","Phosphorsulfid","Phosphorsulfide","e",4
"Photo","NEUT","Photo","Photos","s",2
"Photodetektor","MASC","Photodetektor","Photodetektoren","en",5
"Photon","NEUT","Photon","Photonen","en",2
"Photopapier","NEUT","Photopapier","Photopapiere","e",3
"Photosystem","NEUT","Photosystem","Photosysteme","e",4
"Physiker","MASC","Physiker","Physiker","ø",3
"Phytat","NEUT","Phytat","Phytate","e",2
"Pi","NEUT","Pi","Pis","s",1
"Pianist","MASC","Pianist","Pianisten","en",2
"Piano","NEUT","Piano","Pianos","s",2
"Pianospieler","MASC","Pianospieler","Pianospieler","ø",3
"Piaster","MASC","Piaster","Piaster","ø",2
"Piccolo","MASC","Piccolo","Piccolos","s",3
"Pick","MASC","Pick","Picke","e",1
"Pickel","MASC","Pickel","Pickel","ø",2
"Picometer","NEUT","Picometer","Picometer","ø",4
"Piedestal","NEUT","Piedestal","Piedestale","e",2
"Piefke","MASC","Piefke","Piefke","ø",1
"Piemonteser","MASC","Piemonteser","Piemonteser","ø",3
"Piercing","NEUT","Piercing","Piercings","s",1
"Piercingschmuck","MASC","Piercingschmuck","Piercingschmucke","e",2
"Pietätlosigkeit","FEM","Pietätlosigkeit","Pietätlosigkeiten","en",3
"Piezoelement","NEUT","Piezoelement","Piezoelemente","e",3
"Pigment","NEUT","Pigment","Pigmente","e",2
"Pik","MASC","Pik","Piks","s",1
"Pik-Ass","NEUT","Pik-Ass","Pik-Asse","e",2
"Pikass","NEUT","Pikass","Pikasse","e",2
"Piks","MASC","Piks","Pikse","e",1
"Piktogramm","NEUT","Piktogramm","Piktogramme","e",3
"Pikzehn","FEM","Pikzehn","Pikzehnen","en",2
"Pilger","MASC","Pilger","Pilger","ø",2
"Pilgerfahrt","FEM","Pilgerfahrt","Pilgerfahrten","en",3
"Pillchen","NEUT","Pillchen","Pillchen","ø",2
"Pilot","MASC","Pilot","Piloten","en",2
"Pilotprojekt","NEUT","Pilotprojekt","Pilotprojekte","e",4
"Pils","NEUT","Pils","Pils","ø",1
"Pilz","MASC","Pilz","Pilze","e",1
"Pimmel","MASC","Pimmel","Pimmel","ø",2
"Pimpf","MASC","Pimpf","Pimpfe","e",1
"Piñata","FEM","Piñata","Piñatas","s",3
"Pinguin","MASC","Pinguin","Pinguine","e",2
"Pinienkern","MASC","Pinienkern","Pinienkerne","e",2
"Pink","NEUT","Pink","Pinks","s",1
"Pinnchen","NEUT","Pinnchen","Pinnchen","ø",2
"Pinöpel","MASC","Pinöpel","Pinöpel","ø",3
"Pinscher","MASC","Pinscher","Pinscher","ø",2
"Pinsel","MASC","Pinsel","Pinsel","ø",2
"Pinselstrich","MASC","Pinselstrich","Pinselstriche","e",3
"Pint","NEUT","Pint","Pinte","e",1
"Pionier","MASC","Pionier","Pioniere","e",1
"Pippau","MASC","Pippau","Pippaue","e",1
"Pirat","MASC","Pirat","Piraten","en",2
"Piratenschiff","NEUT","Piratenschiff","Piratenschiffe","e",4
"Piratensender","MASC","Piratensender","Piratensender","ø",5
"Pirol","MASC","Pirol","Pirole","e",2
"Pirsch","FEM","Pirsch","Pirschen","en",1
"Pisser","MASC","Pisser","Pisser","ø",2
"Pizzateig","MASC","Pizzateig","Pizzateige","e",2
"Placeboeffekt","MASC","Placeboeffekt","Placeboeffekte","e",4
"Plafond","MASC","Plafond","Plafonds","s",2
"Plagiat","NEUT","Plagiat","Plagiate","e",2
"Plagiator","MASC","Plagiator","Plagiatoren","en",3
"Plakat","NEUT","Plakat","Plakate","e",2
"Planalto-Tropfenameisenwürger","MASC","Planalto-Tropfenameisenwürger","Planalto-Tropfenameisenwürger","ø",9
"Planer","MASC","Planer","Planer","ø",2
"Planet","MASC","Planet","Planeten","en",2
"Planetensystem","NEUT","Planetensystem","Planetensysteme","e",5
"Planetoid","MASC","Planetoid","Planetoiden","en",3
"Planspiel","NEUT","Planspiel","Planspiele","e",1
"Planungshorizont","MASC","Planungshorizont","Planungshorizonte","e",5
"Pläsier","NEUT","Pläsier","Pläsiere","e",1
"Pläsierchen","NEUT","Pläsierchen","Pläsierchen","ø",2
"Plasmaspiegel","MASC","Plasmaspiegel","Plasmaspiegel","ø",3
"Plast","MASC","Plast","Plaste","e",1
"Plastbecher","MASC","Plastbecher","Plastbecher","ø",3
"Plastbesteck","NEUT","Plastbesteck","Plastbestecke","e",3
"Plastbeutel","MASC","Plastbeutel","Plastbeutel","ø",2
"Plastbomber","MASC","Plastbomber","Plastbomber","ø",3
"Plastdeckel","MASC","Plastdeckel","Plastdeckel","ø",3
"Plastebecher","MASC","Plastebecher","Plastebecher","ø",4
"Plastebehälter","MASC","Plastebehälter","Plastebehälter","ø",5
"Plastebesteck","NEUT","Plastebesteck","Plastebestecke","e",4
"Plastebeutel","MASC","Plastebeutel","Plastebeutel","ø",3
"Plastebomber","MASC","Plastebomber","Plastebomber","ø",4
"Plastedeckel","MASC","Plastedeckel","Plastedeckel","ø",4
"Plasteeimer","MASC","Plasteeimer","Plasteeimer","ø",3
"Plastegehäuse","NEUT","Plastegehäuse","Plastegehäuse","ø",4
"Plastegeschirr","NEUT","Plastegeschirr","Plastegeschirre","e",4
"Plasteimer","MASC","Plasteimer","Plasteimer","ø",2
"Plastelöffel","MASC","Plastelöffel","Plastelöffel","ø",4
"Plastemesser","NEUT","Plastemesser","Plastemesser","ø",4
"Plasterähmchen","NEUT","Plasterähmchen","Plasterähmchen","ø",4
"Plasterahmen","MASC","Plasterahmen","Plasterahmen","ø",4
"Plasterohr","NEUT","Plasterohr","Plasterohre","e",3
"Plastgehäuse","NEUT","Plastgehäuse","Plastgehäuse","ø",3
"Plastgeschirr","NEUT","Plastgeschirr","Plastgeschirre","e",3
"Plastik","FEM","Plastik","Plastiken","en",2
"Plastikbecher","MASC","Plastikbecher","Plastikbecher","ø",4
"Plastikbesteck","NEUT","Plastikbesteck","Plastikbestecke","e",4
"Plastikbeutel","MASC","Plastikbeutel","Plastikbeutel","ø",3
"Plastikgäbelchen","NEUT","Plastikgäbelchen","Plastikgäbelchen","ø",5
"Plastikgeschirr","NEUT","Plastikgeschirr","Plastikgeschirre","e",4
"Plastiklöffel","MASC","Plastiklöffel","Plastiklöffel","ø",4
"Plastiklöffelchen","NEUT","Plastiklöffelchen","Plastiklöffelchen","ø",5
"Plastikmesser","NEUT","Plastikmesser","Plastikmesser","ø",4
"Plastikmesserchen","NEUT","Plastikmesserchen","Plastikmesserchen","ø",5
"Plastikteller","MASC","Plastikteller","Plastikteller","ø",4
"Plastizität","FEM","Plastizität","Plastizitäten","en",4
"Plastlöffel","MASC","Plastlöffel","Plastlöffel","ø",3
"Plastrahmen","MASC","Plastrahmen","Plastrahmen","ø",3
"Plastrohr","NEUT","Plastrohr","Plastrohre","e",2
"Platinerz","NEUT","Platinerz","Platinerze","e",3
"Platinmetall","NEUT","Platinmetall","Platinmetalle","e",4
"Platinoid","NEUT","Platinoid","Platinoide","e",3
"Platintiegel","MASC","Platintiegel","Platintiegel","ø",3
"Plättchen","NEUT","Plättchen","Plättchen","ø",2
"Plattenspieler","MASC","Plattenspieler","Plattenspieler","ø",3
"Plattfisch","MASC","Plattfisch","Plattfische","e",2
"Plattner","MASC","Plattner","Plattnere","e",2
"Plätzchen","NEUT","Plätzchen","Plätzchen","ø",2
"Platzdeckchen","NEUT","Platzdeckchen","Platzdeckchen","ø",3
"Platzhalter","MASC","Platzhalter","Platzhalter","ø",3
"Platzregen","MASC","Platzregen","Platzregen","ø",3
"Plauderei","FEM","Plauderei","Plaudereien","en",1
"Pläuschchen","NEUT","Pläuschchen","Pläuschchen","ø",1
"Playlist","FEM","Playlist","Playlisten","en",2
"Plazenta","FEM","Plazenta","Plazentas","s",3
"Plenk","NEUT","Plenk","Plenks","s",1
"Pleuel","MASC","Pleuel","Pleuel","ø",1
"Plissee","NEUT","Plissee","Plissees","s",2
"Plosiv","MASC","Plosiv","Plosive","e",2
"Plumps","MASC","Plumps","Plumpse","e",1
"Plumpuddingmodell","NEUT","Plumpuddingmodell","Plumpuddingmodelle","e",5
"Plünderer","MASC","Plünderer","Plünderer","ø",3
"Plüsch","MASC","Plüsch","Plüsche","e",1
"Plüschkissen","NEUT","Plüschkissen","Plüschkissen","ø",3
"Plüschtier","NEUT","Plüschtier","Plüschtiere","e",1
"Pluspunkt","MASC","Pluspunkt","Pluspunkte","e",2
"Plusquamperfekt","NEUT","Plusquamperfekt","Plusquamperfekte","e",4
"Pluszeichen","NEUT","Pluszeichen","Pluszeichen","ø",2
"Pluvialzeit","FEM","Pluvialzeit","Pluvialzeiten","en",2
"Pneu","MASC","Pneu","Pneus","s",0
"Pöbelherrschaft","FEM","Pöbelherrschaft","Pöbelherrschaften","en",4
"Podest","NEUT","Podest","Podeste","e",2
"Podex","MASC","Podex","Podexe","e",2
"Podiumsdiskussion","FEM","Podiumsdiskussion","Podiumsdiskussionen","en",5
"Podiumsgespräch","NEUT","Podiumsgespräch","Podiumsgespräche","e",4
"Poet","MASC","Poet","Poeten","en",1
"Pointer","MASC","Pointer","Pointer","ø",2
"Pokal","MASC","Pokal","Pokale","e",2
"Pol","MASC","Pol","Pole","e",1
"Polarbär","MASC","Polarbär","Polarbären","en",3
"Polarlicht","NEUT","Polarlicht","Polarlichter","er",3
"Polder","MASC","Polder","Polder","ø",2
"Poliklinik","FEM","Poliklinik","Polikliniken","en",4
"Politiker","MASC","Politiker","Politiker","ø",4
"Politikwissenschaftler","MASC","Politikwissenschaftler","Politikwissenschaftler","ø",7
"Polizeiauto","NEUT","Polizeiauto","Polizeiautos","s",3
"Polizeibericht","MASC","Polizeibericht","Polizeiberichte","e",4
"Polizeihund","MASC","Polizeihund","Polizeihunden","en",3
"Polizeisprecher","MASC","Polizeisprecher","Polizeisprecher","ø",4
"Polizeistaat","MASC","Polizeistaat","Polizeistaaten","en",3
"Polizist","MASC","Polizist","Polizisten","en",3
"Polizistenmörder","MASC","Polizistenmörder","Polizistenmörder","ø",6
"Poller","MASC","Poller","Poller","ø",2
"Pollution","FEM","Pollution","Pollutionen","en",3
"Poltergeist","MASC","Poltergeist","Poltergeister","er",2
"Polyamid","NEUT","Polyamid","Polyamide","e",3
"Polydeist","MASC","Polydeist","Polydeisten","en",2
"Polyethylen","NEUT","Polyethylen","Polyethylene","e",4
"Polygon","NEUT","Polygon","Polygone","e",3
"Polymer","NEUT","Polymer","Polymere","e",3
"Polymerisat","NEUT","Polymerisat","Polymerisate","e",5
"Polyolefin","NEUT","Polyolefin","Polyolefine","e",4
"Polyphosphat","NEUT","Polyphosphat","Polyphosphate","e",4
"Polypropylen","NEUT","Polypropylen","Polypropylene","e",5
"Polysem","NEUT","Polysem","Polyseme","e",3
"Polysilan","NEUT","Polysilan","Polysilane","e",4
"Polystickstoff","MASC","Polystickstoff","Polystickstoffe","e",4
"Polysulfan","NEUT","Polysulfan","Polysulfane","e",4
"Polysulfid","NEUT","Polysulfid","Polysulfide","e",4
"Polytheist","MASC","Polytheist","Polytheisten","en",2
"Polyvanadat","NEUT","Polyvanadat","Polyvanadate","e",5
"Pommes","FEM","Pommes","Pommes","ø",2
"Pompon","MASC","Pompon","Pompons","s",2
"Pony","MASC","Pony","Ponys","s",2
"Popel","MASC","Popel","Popel","ø",2
"Popo","MASC","Popo","Popos","s",2
"Popularität","FEM","Popularität","Popularitäten","en",5
"Pornodarsteller","MASC","Pornodarsteller","Pornodarsteller","ø",5
"Porphyrin","NEUT","Porphyrin","Porphyrine","e",3
"Porree","MASC","Porree","Porrees","s",2
"Port","MASC","Port","Porte","e",1
"Portable Executable","MASC","Portable Executable","Portable Executable","ø",8
"Portal","NEUT","Portal","Portale","e",2
"Portemonnaie","NEUT","Portemonnaie","Portemonnaies","s",4
"Portier","MASC","Portier","Portiere","e",1
"Portrait","NEUT","Portrait","Portraits","s",2
"Porträt","NEUT","Porträt","Porträts","s",2
"Porzellan","NEUT","Porzellan","Porzellane","e",3
"Posaunenspiel","NEUT","Posaunenspiel","Posaunenspiele","e",2
"Posaunenspieler","MASC","Posaunenspieler","Posaunenspieler","ø",3
"Positiv","MASC","Positiv","Positive","e",3
"Possen","MASC","Possen","Possen","ø",2
"Postalveolar","MASC","Postalveolar","Postalveolare","e",4
"Poster","MASC","Poster","Poster","ø",2
"Postillion","MASC","Postillion","Postillione","e",3
"Postillon","MASC","Postillon","Postillone","e",3
"Postleitzahl","FEM","Postleitzahl","Postleitzahlen","en",2
"Postulat","NEUT","Postulat","Postulate","e",3
"Potential","NEUT","Potential","Potentiale","e",3
"Potentialdifferenz","FEM","Potentialdifferenz","Potentialdifferenzen","en",6
"Potentiometer","NEUT","Potentiometer","Potentiometer","ø",5
"Potenzial","NEUT","Potenzial","Potenziale","e",3
"Pöter","MASC","Pöter","Pöter","ø",2
"Potsdamer","MASC","Potsdamer","Potsdamer","ø",3
"Pottwal","MASC","Pottwal","Pottwale","e",2
"Poule","FEM","Poule","Poules","s",2
"Powidl","MASC","Powidl","Powidl","ø",2
"Prachtkerl","MASC","Prachtkerl","Prachtkerle","e",2
"Prachtweib","NEUT","Prachtweib","Prachtweiber","er",1
"Prädator","MASC","Prädator","Prädatoren","en",3
"Prädikat","NEUT","Prädikat","Prädikate","e",3
"Präfekt","MASC","Präfekt","Präfekten","en",2
"Präfix","NEUT","Präfix","Präfixe","e",2
"Prägeanstalt","FEM","Prägeanstalt","Prägeanstalten","en",3
"Prager","MASC","Prager","Prager","ø",2
"Prahlerei","FEM","Prahlerei","Prahlereien","en",2
"Praktik","FEM","Praktik","Praktiken","en",2
"Praktikant","MASC","Praktikant","Praktikanten","en",3
"Pranger","MASC","Pranger","Pranger","ø",2
"Präordnung","FEM","Präordnung","Präordnungen","en",2
"Präparat","NEUT","Präparat","Präparate","e",3
"Präparation","FEM","Präparation","Präparationen","en",4
"Präparator","MASC","Präparator","Präparatoren","en",4
"Präpositiv","MASC","Präpositiv","Präpositive","e",4
"Präsent","NEUT","Präsent","Präsente","e",2
"Präsentation","FEM","Präsentation","Präsentationen","en",4
"Präservativ","NEUT","Präservativ","Präservative","e",4
"Präsident","MASC","Präsident","Präsidenten","en",3
"Präsidentschaftskandidat","MASC","Präsidentschaftskandidat","Präsidentschaftskandidaten","en",7
"Präteritumperfekt","NEUT","Präteritumperfekt","Präteritumperfekte","e",6
"Präverb","NEUT","Präverb","Präverben","en",2
"Prediger","MASC","Prediger","Prediger","ø",3
"Preis","MASC","Preis","Preise","e",0
"Preisanstieg","MASC","Preisanstieg","Preisanstiege","e",1
"Premierminister","MASC","Premierminister","Premierminister","ø",4
"Prenzlauer","MASC","Prenzlauer","Prenzlauer","ø",2
"Pressekonferenz","FEM","Pressekonferenz","Pressekonferenzen","en",5
"Presseschau","FEM","Presseschau","Presseschauen","en",2
"Pressesprecher","MASC","Pressesprecher","Pressesprecher","ø",4
"Pressluftbohrer","MASC","Pressluftbohrer","Pressluftbohrer","ø",4
"Priel","MASC","Priel","Priele","e",0
"Priester","MASC","Priester","Priester","ø",1
"Priesterschaft","FEM","Priesterschaft","Priesterschaften","en",2
"Primärkunststoff","MASC","Primärkunststoff","Primärkunststoffe","e",4
"Primgeiger","MASC","Primgeiger","Primgeiger","ø",2
"Primiz","FEM","Primiz","Primizen","en",2
"Prinz","MASC","Prinz","Prinzen","en",1
"Prinzess","FEM","Prinzess","Prinzessen","en",2
"Prior","MASC","Prior","Prioren","en",1
"Priorat","NEUT","Priorat","Priorate","e",2
"Priorei","FEM","Priorei","Prioreien","en",1
"Priorität","FEM","Priorität","Prioritäten","en",3
"Privatangelegenheit","FEM","Privatangelegenheit","Privatangelegenheiten","en",6
"Privatdozent","MASC","Privatdozent","Privatdozenten","en",4
"Privatpatient","MASC","Privatpatient","Privatpatienten","en",3
"Privatperson","FEM","Privatperson","Privatpersonen","en",4
"Privatsträßchen","NEUT","Privatsträßchen","Privatsträßchen","ø",4
"Privatsträßlein","NEUT","Privatsträßlein","Privatsträßlein","ø",3
"Proband","MASC","Proband","Probanden","en",2
"Probeexemplar","NEUT","Probeexemplar","Probeexemplare","e",4
"Probefahrt","FEM","Probefahrt","Probefahrten","en",3
"Problem","NEUT","Problem","Probleme","e",2
"Problemchen","NEUT","Problemchen","Problemchen","ø",3
"Problemkind","NEUT","Problemkind","Problemkinder","er",3
"Produkt","NEUT","Produkt","Produkte","e",2
"Produktionsmittel","NEUT","Produktionsmittel","Produktionsmittel","ø",5
"Produktionsort","MASC","Produktionsort","Produktionsorte","e",4
"Produktvergleich","MASC","Produktvergleich","Produktvergleiche","e",3
"Produzent","MASC","Produzent","Produzenten","en",3
"Professor","MASC","Professor","Professoren","en",3
"Professorchen","NEUT","Professorchen","Professorchen","ø",4
"Professorlein","NEUT","Professorlein","Professorlein","ø",3
"Professur","FEM","Professur","Professuren","en",3
"Profil","NEUT","Profil","Profile","e",2
"Profit","MASC","Profit","Profite","e",2
"Profitänzer","MASC","Profitänzer","Profitänzer","ø",4
"Profitchen","NEUT","Profitchen","Profitchen","ø",3
"Programm","NEUT","Programm","Programme","e",2
"Programmierer","MASC","Programmierer","Programmierer","ø",3
"Projekt","NEUT","Projekt","Projekte","e",2
"Projektstörung","FEM","Projektstörung","Projektstörungen","en",4
"Prokonsulat","NEUT","Prokonsulat","Prokonsulate","e",4
"Prolet","MASC","Prolet","Proleten","en",2
"Promi","MASC","Promi","Promis","s",2
"Promoter","MASC","Promoter","Promoter","ø",3
"Promotion","FEM","Promotion","Promotionen","en",3
"Promotor","MASC","Promotor","Promotoren","en",3
"Propanol","NEUT","Propanol","Propanole","e",3
"Propeller","MASC","Propeller","Propeller","ø",3
"Propellerflügel","MASC","Propellerflügel","Propellerflügel","ø",5
"Propellerflugzeug","NEUT","Propellerflugzeug","Propellerflugzeuge","e",4
"Prophet","MASC","Prophet","Propheten","en",2
"Prophezeiung","FEM","Prophezeiung","Prophezeiungen","en",3
"Propionat","NEUT","Propionat","Propionate","e",3
"Proppen","MASC","Proppen","Proppen","ø",2
"proprietäre Software","FEM","proprietäre Software","proprietäre Softwares","s",6
"Proselyt","MASC","Proselyt","Proselyten","en",3
"Prostatakrebs","MASC","Prostatakrebs","Prostatakrebse","e",4
"Protagonist","MASC","Protagonist","Protagonisten","en",4
"Protegé","MASC","Protegé","Protegés","s",2
"Proteid","NEUT","Proteid","Proteide","e",1
"Protein","NEUT","Protein","Proteine","e",1
"Protektorat","NEUT","Protektorat","Protektorate","e",4
"Protest","MASC","Protest","Proteste","e",2
"Protestant","MASC","Protestant","Protestanten","en",3
"Protist","MASC","Protist","Protisten","en",2
"Protokoll","NEUT","Protokoll","Protokolle","e",3
"Protomärtyrer","MASC","Protomärtyrer","Protomärtyrer","ø",5
"Proton","NEUT","Proton","Protonen","en",2
"Protonengradient","MASC","Protonengradient","Protonengradienten","en",4
"Protostern","MASC","Protostern","Protosterne","e",3
"Protz","MASC","Protz","Protze","e",1
"Proustit","MASC","Proustit","Proustite","e",2
"Proviant","MASC","Proviant","Proviante","e",2
"Provinzler","MASC","Provinzler","Provinzler","ø",3
"Provokateur","MASC","Provokateur","Provokateure","e",3
"Proxyserver","MASC","Proxyserver","Proxyserver","ø",4
"Prozent","NEUT","Prozent","Prozente","e",2
"Prozentpunkt","MASC","Prozentpunkt","Prozentpunkte","e",3
"Prozess","MASC","Prozess","Prozesse","e",2
"Prüfbericht","MASC","Prüfbericht","Prüfberichte","e",3
"Prüfling","MASC","Prüfling","Prüflinge","e",2
"Prüfstein","MASC","Prüfstein","Prüfsteine","e",1
"Prügel","MASC","Prügel","Prügel","ø",2
"Prügelei","FEM","Prügelei","Prügeleien","en",2
"Psalm","MASC","Psalm","Psalmen","en",1
"Pseudogetreide","NEUT","Pseudogetreide","Pseudogetreide","ø",3
"Pseudonym","NEUT","Pseudonym","Pseudonyme","e",2
"Psi","NEUT","Psi","Psis","s",1
"Psychiater","MASC","Psychiater","Psychiater","ø",3
"Psychopath","MASC","Psychopath","Psychopathen","en",3
"Psychotherapeut","MASC","Psychotherapeut","Psychotherapeuten","en",4
"Psychothriller","MASC","Psychothriller","Psychothriller","ø",4
"Psychotiker","MASC","Psychotiker","Psychotiker","ø",4
"Pudding","MASC","Pudding","Puddinge","e",2
"Pudel","MASC","Pudel","Pudel","ø",2
"Pudelhund","MASC","Pudelhund","Pudelhunde","e",3
"Puff","MASC","Puff","Puffe","e",1
"Puffer","MASC","Puffer","Puffer","ø",2
"Puffersystem","NEUT","Puffersystem","Puffersysteme","e",4
"Pulcinell","MASC","Pulcinell","Pulcinelle","e",3
"Pulk","NEUT","Pulk","Pulke","e",1
"Pulli","MASC","Pulli","Pullis","s",2
"Pullover","MASC","Pullover","Pullover","ø",3
"Puls","MASC","Puls","Pulse","e",1
"Pulsar","MASC","Pulsar","Pulsare","e",2
"Pult","NEUT","Pult","Pulte","e",1
"Pultmikrofon","NEUT","Pultmikrofon","Pultmikrofone","e",4
"Pulver","NEUT","Pulver","Pulver","ø",2
"Pulverkaffee","MASC","Pulverkaffee","Pulverkaffees","s",4
"Pumpellyit","MASC","Pumpellyit","Pumpellyite","e",3
"Pumpernickel","MASC","Pumpernickel","Pumpernickel","ø",4
"Pumps","MASC","Pumps","Pumps","ø",1
"Punk","MASC","Punk","Punks","s",1
"Punker","MASC","Punker","Punker","ø",2
"Punkt","MASC","Punkt","Punkte","e",1
"Püppchen","NEUT","Püppchen","Püppchen","ø",2
"Puppenspieler","MASC","Puppenspieler","Puppenspieler","ø",3
"Püree","NEUT","Püree","Pürees","s",2
"Pürierstab","MASC","Pürierstab","Pürierstabe","e",2
"Purpurreiher","MASC","Purpurreiher","Purpurreiher","ø",3
"Puschen","MASC","Puschen","Puschen","ø",2
"Puter","MASC","Puter","Puter","ø",2
"Putsch","MASC","Putsch","Putsche","e",1
"Putschist","MASC","Putschist","Putschisten","en",2
"Putschversuch","MASC","Putschversuch","Putschversuche","e",3
"Pütt","MASC","Pütt","Pütte","e",1
"Putz","MASC","Putz","Putze","e",1
"Putzfrau","FEM","Putzfrau","Putzfrauen","en",1
"Putzlappen","MASC","Putzlappen","Putzlappen","ø",3
"Putzmittel","NEUT","Putzmittel","Putzmittel","ø",3
"Puzzle","NEUT","Puzzle","Puzzles","s",2
"PVC-Kunststoff","MASC","PVC-Kunststoff","PVC-Kunststoffe","e",2
"Pyrargyrit","MASC","Pyrargyrit","Pyrargyrite","e",4
"Pyrazin","NEUT","Pyrazin","Pyrazine","e",3
"Pyrit","NEUT","Pyrit","Pyrite","e",2
"Pyrochlor","MASC","Pyrochlor","Pyrochlore","e",3
"Pyrolusit","MASC","Pyrolusit","Pyrolusite","e",4
"Pyrop","MASC","Pyrop","Pyrope","e",2
"Pyrophosphat","NEUT","Pyrophosphat","Pyrophosphate","e",4
"Pyroskop","NEUT","Pyroskop","Pyroskope","e",3
"Pyrosulfit","NEUT","Pyrosulfit","Pyrosulfite","e",4
"Pyroxen","MASC","Pyroxen","Pyroxene","e",3
"Pyrrhotin","MASC","Pyrrhotin","Pyrrhotine","e",3
"Pyrrhussieg","MASC","Pyrrhussieg","Pyrrhussiege","e",2
"Python","NEUT","Python","Pythons","s",2
"Quacksalber","MASC","Quacksalber","Quacksalber","ø",3
"Quader","MASC","Quader","Quader","ø",2
"Quadrant","MASC","Quadrant","Quadranten","en",2
"Quadrat","NEUT","Quadrat","Quadrate","e",2
"Quadratfuß","MASC","Quadratfuß","Quadratfuß","ø",3
"Quadratzentimeter","MASC","Quadratzentimeter","Quadratzentimeter","ø",6
"Qualitätsanforderung","FEM","Qualitätsanforderung","Qualitätsanforderungen","en",7
"Qualitätswein","MASC","Qualitätswein","Qualitätsweine","e",3
"Quant","NEUT","Quant","Quanten","en",1
"Quantencomputer","MASC","Quantencomputer","Quantencomputer","ø",5
"Quantenfluktuation","FEM","Quantenfluktuation","Quantenfluktuationen","en",5
"Quantenpunkt","MASC","Quantenpunkt","Quantenpunkte","e",3
"Quantenzahl","FEM","Quantenzahl","Quantenzahlen","en",3
"Quark","NEUT","Quark","Quarks","s",1
"Quartal","NEUT","Quartal","Quartale","e",2
"Quartett","NEUT","Quartett","Quartette","e",2
"Quartier","NEUT","Quartier","Quartiere","e",1
"Quarz","MASC","Quarz","Quarze","e",1
"Quarzit","MASC","Quarzit","Quarzite","e",2
"Quarzröhrchen","NEUT","Quarzröhrchen","Quarzröhrchen","ø",3
"Quasar","MASC","Quasar","Quasare","e",2
"Quast","MASC","Quast","Quaste","e",1
"Queen","FEM","Queen","Queens","s",1
"Quelltext","MASC","Quelltext","Quelltexte","e",2
"Quellwasser","NEUT","Quellwasser","Quellwasser","ø",3
"Querdenker","MASC","Querdenker","Querdenker","ø",3
"Querformat","NEUT","Querformat","Querformate","e",3
"Quermaß","NEUT","Quermaß","Quermaße","e",2
"Querschläger","MASC","Querschläger","Querschläger","ø",3
"Querschnitt","MASC","Querschnitt","Querschnitte","e",2
"Querstreifen","MASC","Querstreifen","Querstreifen","ø",2
"Querstrich","MASC","Querstrich","Querstriche","e",2
"Querulant","MASC","Querulant","Querulanten","en",3
"Querverweis","MASC","Querverweis","Querverweise","e",2
"Queue","FEM","Queue","Queues","s",2
"Quiche","FEM","Quiche","Quiches","s",2
"Quickie","MASC","Quickie","Quickies","s",1
"Quietscheentchen","NEUT","Quietscheentchen","Quietscheentchen","ø",3
"Quirl","MASC","Quirl","Quirle","e",1
"Quotenkönig","MASC","Quotenkönig","Quotenkönige","e",4
"Rabatt","MASC","Rabatt","Rabatte","e",2
"Rabbiner","MASC","Rabbiner","Rabbiner","ø",3
"Räblein","NEUT","Räblein","Räblein","ø",1
"Rachen","MASC","Rachen","Rachen","ø",2
"Rachenlaut","MASC","Rachenlaut","Rachenlaute","e",2
"Rächer","MASC","Rächer","Rächer","ø",2
"Racker","MASC","Racker","Racker","ø",2
"Rädchen","NEUT","Rädchen","Rädchen","ø",2
"Radfahrer","MASC","Radfahrer","Radfahrer","ø",3
"Radiergummi","NEUT","Radiergummi","Radiergummis","s",3
"Radieschen","NEUT","Radieschen","Radieschen","ø",2
"Radikal","NEUT","Radikal","Radikale","e",3
"Radikalinski","MASC","Radikalinski","Radikalinskis","s",5
"Radio","NEUT","Radio","Radios","s",2
"Radioisotop","NEUT","Radioisotop","Radioisotope","e",4
"Radioteleskop","NEUT","Radioteleskop","Radioteleskope","e",5
"Radlader","MASC","Radlader","Radlader","ø",3
"Radsport","MASC","Radsport","Radsporte","e",2
"Radwechsel","MASC","Radwechsel","Radwechsel","ø",3
"Radweg","MASC","Radweg","Radwege","e",2
"Raffinat","NEUT","Raffinat","Raffinate","e",3
"Rah","FEM","Rah","Rahen","en",1
"Rahmen","MASC","Rahmen","Rahmen","ø",2
"Rahmenrecht","NEUT","Rahmenrecht","Rahmenrechte","e",3
"Rahsegel","NEUT","Rahsegel","Rahsegel","ø",3
"Rain","MASC","Rain","Raine","e",1
"Rainfarn","MASC","Rainfarn","Rainfarne","e",2
"Raketenstart","MASC","Raketenstart","Raketenstarts","s",4
"Raketentreibstoff","MASC","Raketentreibstoff","Raketentreibstoffe","e",4
"Rammelsbergit","MASC","Rammelsbergit","Rammelsbergite","e",4
"Rammler","MASC","Rammler","Rammler","ø",2
"Rampenlicht","NEUT","Rampenlicht","Rampenlichter","er",3
"Ramsch","MASC","Ramsch","Ramsche","e",1
"Ramschtisch","MASC","Ramschtisch","Ramschtische","e",2
"Ranch","FEM","Ranch","Ranchs","s",1
"Randgebiet","NEUT","Randgebiet","Randgebiete","e",2
"Randstreifen","MASC","Randstreifen","Randstreifen","ø",2
"Ranelat","NEUT","Ranelat","Ranelate","e",3
"Rangelei","FEM","Rangelei","Rangeleien","en",2
"Ränkchen","NEUT","Ränkchen","Ränkchen","ø",2
"Ränkeschmied","MASC","Ränkeschmied","Ränkeschmiede","e",2
"Ränkespiel","NEUT","Ränkespiel","Ränkespiele","e",2
"Ranzen","MASC","Ranzen","Ranzen","ø",2
"Rap","MASC","Rap","Raps","s",1
"Rapfen","MASC","Rapfen","Rapfen","ø",2
"Rappen","MASC","Rappen","Rappen","ø",2
"Raps","MASC","Raps","Rapse","e",1
"Rarität","FEM","Rarität","Raritäten","en",3
"Rasen","MASC","Rasen","Rasen","ø",2
"Rasenmäher","MASC","Rasenmäher","Rasenmäher","ø",4
"Rasenspiel","NEUT","Rasenspiel","Rasenspiele","e",2
"Rasenstück","NEUT","Rasenstück","Rasenstücke","e",3
"Raser","MASC","Raser","Raser","ø",2
"Rasierer","MASC","Rasierer","Rasierer","ø",2
"Rasiermesser","NEUT","Rasiermesser","Rasiermesser","ø",3
"Rasierpinsel","MASC","Rasierpinsel","Rasierpinsel","ø",3
"Rasierstift","MASC","Rasierstift","Rasierstifte","e",2
"Rassist","MASC","Rassist","Rassisten","en",2
"Rast","FEM","Rast","Rasten","en",1
"Raster","NEUT","Raster","Raster","ø",2
"Rasterfahndung","FEM","Rasterfahndung","Rasterfahndungen","en",4
"Rasterkraftmikroskop","NEUT","Rasterkraftmikroskop","Rasterkraftmikroskope","e",6
"Ratespiel","NEUT","Ratespiel","Ratespiele","e",2
"Rationalität","FEM","Rationalität","Rationalitäten","en",5
"Rätsel","NEUT","Rätsel","Rätsel","ø",2
"Ratskeller","MASC","Ratskeller","Ratskeller","ø",3
"Ratsmitglied","NEUT","Ratsmitglied","Ratsmitglieder","er",2
"Rättchen","NEUT","Rättchen","Rättchen","ø",2
"Rattenfänger","MASC","Rattenfänger","Rattenfänger","ø",4
"Rattengift","NEUT","Rattengift","Rattengifte","e",3
"Raub","MASC","Raub","Raube","e",0
"Raubdruck","MASC","Raubdruck","Raubdrucke","e",1
"Räuber","MASC","Räuber","Räuber","ø",1
"Raubfisch","MASC","Raubfisch","Raubfische","e",1
"Raubmord","MASC","Raubmord","Raubmorde","e",1
"Raubritter","MASC","Raubritter","Raubritter","ø",2
"Raubtier","NEUT","Raubtier","Raubtiere","e",0
"Raubwürger","MASC","Raubwürger","Raubwürger","ø",2
"Rauch","MASC","Rauch","Rauche","e",0
"Rauchbier","NEUT","Rauchbier","Rauchbiere","e",0
"Raucher","MASC","Raucher","Raucher","ø",1
"Räucheraal","MASC","Räucheraal","Räucheraale","e",2
"Räucherei","FEM","Räucherei","Räuchereien","en",1
"Räucherlachs","MASC","Räucherlachs","Räucherlachse","e",2
"Räucherstäbchen","NEUT","Räucherstäbchen","Räucherstäbchen","ø",3
"Rauchverbot","NEUT","Rauchverbot","Rauchverbote","e",2
"Rauchzeichen","NEUT","Rauchzeichen","Rauchzeichen","ø",1
"Raufbold","MASC","Raufbold","Raufbolde","e",1
"Rauferei","FEM","Rauferei","Raufereien","en",1
"Raumfahrer","MASC","Raumfahrer","Raumfahrer","ø",2
"Raummaß","NEUT","Raummaß","Raummaße","e",1
"Raumschiff","NEUT","Raumschiff","Raumschiffe","e",1
"Raumstation","FEM","Raumstation","Raumstationen","en",2
"Raumtemperatur","FEM","Raumtemperatur","Raumtemperaturen","en",4
"Räupchen","NEUT","Räupchen","Räupchen","ø",1
"Räuplein","NEUT","Räuplein","Räuplein","ø",0
"Rauschgelb","NEUT","Rauschgelb","Rauschgelbe","e",1
"Rauschgift","NEUT","Rauschgift","Rauschgifte","e",1
"Rauschrot","NEUT","Rauschrot","Rauschrote","e",1
"Rautenkreuz","MASC","Rautenkreuz","Rautenkreuze","e",1
"Rautenzeichen","NEUT","Rautenzeichen","Rautenzeichen","ø",2
"Rautezeichen","NEUT","Rautezeichen","Rautezeichen","ø",2
"Rayon","MASC","Rayon","Rayons","s",1
"Razemat","NEUT","Razemat","Razemate","e",3
"Reaktion","FEM","Reaktion","Reaktionen","en",2
"Reaktionär","MASC","Reaktionär","Reaktionäre","e",3
"Reaktionsbildung","FEM","Reaktionsbildung","Reaktionsbildungen","en",4
"Reaktionsfähigkeit","FEM","Reaktionsfähigkeit","Reaktionsfähigkeiten","en",4
"Reaktionspartner","MASC","Reaktionspartner","Reaktionspartner","ø",4
"Reaktionsprodukt","NEUT","Reaktionsprodukt","Reaktionsprodukte","e",4
"Reaktionsschritt","MASC","Reaktionsschritt","Reaktionsschritte","e",3
"Reaktionsweg","MASC","Reaktionsweg","Reaktionswege","e",3
"Reaktionszeit","FEM","Reaktionszeit","Reaktionszeiten","en",2
"Realgar","MASC","Realgar","Realgare","e",2
"Realisat","NEUT","Realisat","Realisate","e",3
"Realität","FEM","Realität","Realitäten","en",3
"Realo","MASC","Realo","Realos","s",2
"Realwert","MASC","Realwert","Realwerte","e",2
"Rebell","MASC","Rebell","Rebellen","en",2
"Recensent","MASC","Recensent","Recensent","ø",3
"Rechen","MASC","Rechen","Rechen","ø",2
"Rechenbrett","NEUT","Rechenbrett","Rechenbretter","er",3
"Rechenfehler","MASC","Rechenfehler","Rechenfehler","ø",4
"Rechenverfahren","NEUT","Rechenverfahren","Rechenverfahren","ø",5
"Rechner","MASC","Rechner","Rechner","ø",2
"Recht","NEUT","Recht","Rechte","e",1
"Rechtfertigung","FEM","Rechtfertigung","Rechtfertigungen","en",4
"Rechtler","MASC","Rechtler","Rechtler","ø",2
"Rechtsberatung","FEM","Rechtsberatung","Rechtsberatungen","en",4
"Rechtschreibfehler","MASC","Rechtschreibfehler","Rechtschreibfehler","ø",3
"Rechtsgeschäft","NEUT","Rechtsgeschäft","Rechtsgeschäfte","e",3
"Rechtshänder","MASC","Rechtshänder","Rechtshänder","ø",3
"Rechtsnorm","FEM","Rechtsnorm","Rechtsnormen","en",2
"Rechtsruck","MASC","Rechtsruck","Rechtsrucke","e",2
"Rechtsstreit","MASC","Rechtsstreit","Rechtsstreite","e",1
"Rechtsverkehr","MASC","Rechtsverkehr","Rechtsverkehre","e",3
"Recitativ","NEUT","Recitativ","Recitative","e",4
"Reck","NEUT","Reck","Recke","e",1
"Redakteur","MASC","Redakteur","Redakteure","e",2
"Redaktor","MASC","Redaktor","Redaktoren","en",3
"Redefreiheit","FEM","Redefreiheit","Redefreiheiten","en",2
"Redeschwall","MASC","Redeschwall","Redeschwalle","e",3
"Redeteil","MASC","Redeteil","Redeteile","e",2
"Redewendung","FEM","Redewendung","Redewendungen","en",4
"Redner","MASC","Redner","Redner","ø",2
"Rednerpult","NEUT","Rednerpult","Rednerpulte","e",3
"Redoxindikator","NEUT","Redoxindikator","Redoxindikatoren","en",6
"Redoxpotential","NEUT","Redoxpotential","Redoxpotentiale","e",5
"Redoxreaktion","FEM","Redoxreaktion","Redoxreaktionen","en",4
"Reduktionsmittel","NEUT","Reduktionsmittel","Reduktionsmittel","ø",5
"Reduktionsvokal","MASC","Reduktionsvokal","Reduktionsvokale","e",5
"Reduzierung","FEM","Reduzierung","Reduzierungen","en",3
"Reeder","MASC","Reeder","Reeder","ø",2
"Reederei","FEM","Reederei","Reedereien","en",2
"Reep","NEUT","Reep","Reepe","e",1
"Reeper","MASC","Reeper","Reeper","ø",2
"Reeperbahn","FEM","Reeperbahn","Reeperbahnen","en",3
"Referent","MASC","Referent","Referenten","en",3
"Referenz","FEM","Referenz","Referenzen","en",3
"Referenzwert","MASC","Referenzwert","Referenzwerte","e",4
"Reff","NEUT","Reff","Reffe","e",1
"Reflektion","FEM","Reflektion","Reflektionen","en",3
"Reflexionsgrad","MASC","Reflexionsgrad","Reflexionsgrade","e",4
"Reformer","MASC","Reformer","Reformer","ø",3
"Refrain","MASC","Refrain","Refrains","s",2
"Regal","NEUT","Regal","Regale","e",2
"Regelbrecher","MASC","Regelbrecher","Regelbrecher","ø",4
"Regelung","FEM","Regelung","Regelungen","en",3
"Regelwerk","NEUT","Regelwerk","Regelwerke","e",3
"Regenbogenboa","FEM","Regenbogenboa","Regenbogenboas","s",5
"Regenbogeneffekt","MASC","Regenbogeneffekt","Regenbogeneffekte","e",6
"Regenbogenfisch","MASC","Regenbogenfisch","Regenbogenfische","e",5
"Regenbogentrikot","MASC","Regenbogentrikot","Regenbogentrikots","s",6
"Regenerierung","FEM","Regenerierung","Regenerierungen","en",4
"Regenmacher","MASC","Regenmacher","Regenmacher","ø",4
"Regenpfeifer","MASC","Regenpfeifer","Regenpfeifer","ø",3
"Regenschauer","MASC","Regenschauer","Regenschauer","ø",3
"Regenschirm","MASC","Regenschirm","Regenschirme","e",3
"Regent","MASC","Regent","Regenten","en",2
"Regentag","MASC","Regentag","Regentage","e",3
"Regentropfen","MASC","Regentropfen","Regentropfen","ø",4
"Regierungsbüro","NEUT","Regierungsbüro","Regierungsbüros","s",4
"Regierungserklärung","FEM","Regierungserklärung","Regierungserklärungen","en",5
"Regierungssprecher","MASC","Regierungssprecher","Regierungssprecher","ø",4
"Regime","NEUT","Regime","Regime","ø",3
"Regiolekt","MASC","Regiolekt","Regiolekte","e",3
"Region","FEM","Region","Regionen","en",2
"Registerwechsel","MASC","Registerwechsel","Registerwechsel","ø",5
"Regler","MASC","Regler","Regler","ø",2
"Regolith","MASC","Regolith","Regolithe","e",3
"Regress","MASC","Regress","Regresse","e",2
"Regulierung","FEM","Regulierung","Regulierungen","en",3
"Reh","NEUT","Reh","Rehe","e",1
"Reha","FEM","Reha","Rehas","s",2
"Rehchen","NEUT","Rehchen","Rehchen","ø",2
"Rehlein","NEUT","Rehlein","Rehlein","ø",1
"Reibekuchen","MASC","Reibekuchen","Reibekuchen","ø",3
"Reichsbürger","MASC","Reichsbürger","Reichsbürger","ø",2
"Reichsfürst","MASC","Reichsfürst","Reichsfürsten","en",1
"Reichskanzler","MASC","Reichskanzler","Reichskanzler","ø",2
"Reichspfennig","MASC","Reichspfennig","Reichspfennige","e",2
"Reichstag","MASC","Reichstag","Reichstage","e",1
"Reif","MASC","Reif","Reife","e",0
"Reifen","NEUT","Reifen","Reifen","ø",1
"Reifenheber","MASC","Reifenheber","Reifenheber","ø",3
"Reigen","MASC","Reigen","Reigen","ø",1
"Reihen","MASC","Reihen","Reihen","ø",1
"Reiher","MASC","Reiher","Reiher","ø",1
"Reim","MASC","Reim","Reime","e",0
"Reinelement","NEUT","Reinelement","Reinelemente","e",3
"Reinheitsgrad","MASC","Reinheitsgrad","Reinheitsgrade","e",1
"Reinigung","FEM","Reinigung","Reinigungen","en",2
"Reinigungsschritt","MASC","Reinigungsschritt","Reinigungsschritte","e",3
"Reinstoff","MASC","Reinstoff","Reinstoffe","e",1
"Reis","NEUT","Reis","Reise","e",0
"Reiseagentur","FEM","Reiseagentur","Reiseagenturen","en",3
"Reiseandenken","NEUT","Reiseandenken","Reiseandenken","ø",3
"Reisebericht","MASC","Reisebericht","Reiseberichte","e",3
"Reisebüro","NEUT","Reisebüro","Reisebüros","s",3
"Reiseführer","MASC","Reiseführer","Reiseführer","ø",3
"Reisegeschwindigkeit","FEM","Reisegeschwindigkeit","Reisegeschwindigkeiten","en",4
"Reisekader","MASC","Reisekader","Reisekader","ø",3
"Reiseleiter","MASC","Reiseleiter","Reiseleiter","ø",2
"Reiseveranstalter","MASC","Reiseveranstalter","Reiseveranstalter","ø",5
"Reiseziel","NEUT","Reiseziel","Reiseziele","e",1
"Reisfeld","NEUT","Reisfeld","Reisfelder","er",1
"Reismehl","NEUT","Reismehl","Reismehle","e",1
"Reißbrett","NEUT","Reißbrett","Reißbretter","er",1
"Reißer","MASC","Reißer","Reißer","ø",1
"Reiter","MASC","Reiter","Reiter","ø",1
"Reiterschwert","NEUT","Reiterschwert","Reiterschwerter","er",2
"Reitpferd","NEUT","Reitpferd","Reitpferde","e",1
"Reittier","NEUT","Reittier","Reittiere","e",0
"Reiz","MASC","Reiz","Reize","e",0
"Reizüberflutung","FEM","Reizüberflutung","Reizüberflutungen","en",4
"Rekord","MASC","Rekord","Rekorde","e",2
"Rektion","FEM","Rektion","Rektionen","en",2
"Rektor","MASC","Rektor","Rektoren","en",2
"Rektorat","NEUT","Rektorat","Rektorate","e",3
"Rekurs","MASC","Rekurs","Rekurse","e",2
"Relais","NEUT","Relais","Relais","ø",2
"Relaiskontakt","MASC","Relaiskontakt","Relaiskontakte","e",4
"Relativität","FEM","Relativität","Relativitäten","en",5
"Relegation","FEM","Relegation","Relegationen","en",4
"Reliefpfeiler","MASC","Reliefpfeiler","Reliefpfeiler","ø",2
"Religion","FEM","Religion","Religionen","en",3
"Religionswissenschaft","FEM","Religionswissenschaft","Religionswissenschaften","en",6
"Relikt","NEUT","Relikt","Relikte","e",2
"Reling","FEM","Reling","Relings","s",2
"Reliquiar","NEUT","Reliquiar","Reliquiare","e",3
"Reliquienschrein","MASC","Reliquienschrein","Reliquienschreine","e",3
"Remis","NEUT","Remis","Remis","ø",2
"Ren","NEUT","Ren","Rene","e",1
"Renderer","MASC","Renderer","Renderer","ø",3
"Renegat","MASC","Renegat","Renegaten","en",3
"Renner","MASC","Renner","Renner","ø",2
"Rennpferd","NEUT","Rennpferd","Rennpferde","e",2
"Rennradfahrer","MASC","Rennradfahrer","Rennradfahrer","ø",4
"Renommee","NEUT","Renommee","Renommees","s",3
"Renovierung","FEM","Renovierung","Renovierungen","en",3
"Rentenalter","NEUT","Rentenalter","Rentenalter","ø",4
"Renteneintrittsalter","NEUT","Renteneintrittsalter","Renteneintrittsalter","ø",5
"Rentenmark","FEM","Rentenmark","Rentenmark","ø",3
"Rentier","MASC","Rentier","Rentiere","e",1
"Rentner","MASC","Rentner","Rentner","ø",2
"Reparatur","FEM","Reparatur","Reparaturen","en",4
"Reparierer","MASC","Reparierer","Reparierer","ø",3
"Replik","FEM","Replik","Repliken","en",2
"Report","MASC","Report","Reporte","e",2
"Reporter","MASC","Reporter","Reporter","ø",3
"Repräsentant","MASC","Repräsentant","Repräsentanten","en",4
"Repressor","MASC","Repressor","Repressoren","en",3
"Reproduktionszahl","FEM","Reproduktionszahl","Reproduktionszahlen","en",5
"Republik","FEM","Republik","Republiken","en",3
"Republikflüchtling","MASC","Republikflüchtling","Republikflüchtlinge","e",5
"Requiem","NEUT","Requiem","Requiems","s",2
"Requiemhai","MASC","Requiemhai","Requiemhaie","e",3
"Requisit","NEUT","Requisit","Requisiten","en",3
"Reservereifen","MASC","Reservereifen","Reservereifen","ø",4
"Resonator","NEUT","Resonator","Resonatore","e",4
"Rest","MASC","Rest","Reste","e",1
"Restaurant","NEUT","Restaurant","Restaurants","s",2
"Restaurator","MASC","Restaurator","Restauratoren","en",3
"Restchen","NEUT","Restchen","Restchen","ø",2
"Reststoff","MASC","Reststoff","Reststoffe","e",2
"Resultat","NEUT","Resultat","Resultate","e",3
"Resümee","NEUT","Resümee","Resümees","s",3
"Retina","FEM","Retina","Retinae","e",3
"Retronym","NEUT","Retronym","Retronyme","e",3
"Retter","MASC","Retter","Retter","ø",2
"Rettich","MASC","Rettich","Rettiche","e",2
"Rettungsboot","NEUT","Rettungsboot","Rettungsboote","e",3
"Rettungshubschrauber","MASC","Rettungshubschrauber","Rettungshubschrauber","ø",4
"Rettungsring","MASC","Rettungsring","Rettungsringe","e",3
"Rettungsschiff","NEUT","Rettungsschiff","Rettungsschiffe","e",3
"Rettungsversuch","MASC","Rettungsversuch","Rettungsversuche","e",4
"Rettungsweg","MASC","Rettungsweg","Rettungswege","e",3
"Rettungszeichen","NEUT","Rettungszeichen","Rettungszeichen","ø",3
"Reuter","MASC","Reuter","Reuter","ø",1
"Revers","NEUT","Revers","Revers","ø",2
"Revolution","FEM","Revolution","Revolutionen","en",4
"Revolutionär","MASC","Revolutionär","Revolutionäre","e",5
"Revoluzzer","MASC","Revoluzzer","Revoluzzer","ø",4
"Revolverheld","MASC","Revolverheld","Revolverhelden","en",4
"Rezensent","MASC","Rezensent","Rezensent","ø",3
"Rezept","NEUT","Rezept","Rezepte","e",2
"Rezitativ","NEUT","Rezitativ","Rezitative","e",4
"Rhabarber","MASC","Rhabarber","Rhabarber","ø",3
"Rhetorik","FEM","Rhetorik","Rhetoriken","en",3
"Rho","NEUT","Rho","Rhos","s",1
"Rhodamin","NEUT","Rhodamin","Rhodamine","e",3
"Rhodanid","NEUT","Rhodanid","Rhodanide","e",3
"Rhodinieren","NEUT","Rhodinieren","Rhodinierene","e",3
"Rhodiumion","NEUT","Rhodiumion","Rhodiumionen","en",3
"Rhodiumisotop","NEUT","Rhodiumisotop","Rhodiumisotope","e",5
"Rhodiumkatalysator","MASC","Rhodiumkatalysator","Rhodiumkatalysatoren","en",7
"Rhodiumkomplex","MASC","Rhodiumkomplex","Rhodiumkomplexe","e",4
"Rhodiummineral","NEUT","Rhodiummineral","Rhodiumminerale","e",5
"Rhodochrosit","MASC","Rhodochrosit","Rhodochrosite","e",4
"Rhodonit","MASC","Rhodonit","Rhodonite","e",3
"Rhythmik","FEM","Rhythmik","Rhythmiken","en",2
"Ribisel","FEM","Ribisel","Ribisel","ø",3
"Ribonukleotid","NEUT","Ribonukleotid","Ribonukleotide","e",5
"Richtigkeit","FEM","Richtigkeit","Richtigkeiten","en",2
"Riechkolben","MASC","Riechkolben","Riechkolben","ø",2
"Riechsalz","NEUT","Riechsalz","Riechsalze","e",1
"Riechstoff","MASC","Riechstoff","Riechstoffe","e",1
"Ried","MASC","Ried","Riede","e",0
"Riedel","MASC","Riedel","Riedel","ø",1
"Riegel","MASC","Riegel","Riegel","ø",1
"Riemen","MASC","Riemen","Riemen","ø",1
"Riesenalk","MASC","Riesenalk","Riesenalke","e",2
"Riesenkalmar","MASC","Riesenkalmar","Riesenkalmare","e",3
"Riesenstern","MASC","Riesenstern","Riesensterne","e",2
"Riesentier","NEUT","Riesentier","Riesentiere","e",1
"Riesenwildschaf","NEUT","Riesenwildschaf","Riesenwildschafe","e",3
"Riesling","MASC","Riesling","Rieslinge","e",1
"Rind","NEUT","Rind","Rinder","er",1
"Rinderbraten","MASC","Rinderbraten","Rinderbraten","ø",4
"Rinderfilet","NEUT","Rinderfilet","Rinderfilets","s",4
"Rinderzucht","FEM","Rinderzucht","Rinderzuchten","en",3
"Ring","MASC","Ring","Ringe","e",1
"Ringchen","NEUT","Ringchen","Ringchen","ø",2
"Ringel","MASC","Ringel","Ringel","ø",2
"Ringfinger","MASC","Ringfinger","Ringfinger","ø",3
"Ringkämpfer","MASC","Ringkämpfer","Ringkämpfer","ø",3
"Ringlein","NEUT","Ringlein","Ringlein","ø",1
"Ringverein","MASC","Ringverein","Ringvereine","e",2
"Rinnstein","MASC","Rinnstein","Rinnsteine","e",1
"Rippchen","NEUT","Rippchen","Rippchen","ø",2
"Riss","MASC","Riss","Risse","e",1
"Rist","MASC","Rist","Riste","e",1
"Ritt","MASC","Ritt","Ritte","e",1
"Ritter","MASC","Ritter","Ritter","ø",2
"Ritterorden","MASC","Ritterorden","Ritterorden","ø",4
"Ritterschaft","FEM","Ritterschaft","Ritterschaften","en",3
"Rittersitz","MASC","Rittersitz","Rittersitze","e",3
"Rittmeister","MASC","Rittmeister","Rittmeister","ø",2
"Ritual","NEUT","Ritual","Rituale","e",2
"Ritz","MASC","Ritz","Ritze","e",1
"Ritzel","NEUT","Ritzel","Ritzel","ø",2
"Rivalität","FEM","Rivalität","Rivalitäten","en",4
"Rizin","NEUT","Rizin","Rizine","e",2
"Roadtrip","MASC","Roadtrip","Roadtrips","s",2
"Robot","FEM","Robot","Roboten","en",2
"Roboter","MASC","Roboter","Roboter","ø",3
"Rochen","MASC","Rochen","Rochen","ø",2
"Röckchen","NEUT","Röckchen","Röckchen","ø",2
"Rocken","MASC","Rocken","Rocken","ø",2
"Röcklein","NEUT","Röcklein","Röcklein","ø",1
"Rogen","MASC","Rogen","Rogen","ø",2
"Roggen","MASC","Roggen","Roggen","ø",2
"Roggenbrot","NEUT","Roggenbrot","Roggenbrote","e",3
"Roggenfeld","NEUT","Roggenfeld","Roggenfelder","er",3
"Roggenmehl","NEUT","Roggenmehl","Roggenmehle","e",3
"Roggenvollkornbrot","NEUT","Roggenvollkornbrot","Roggenvollkornbrote","e",5
"Rohling","MASC","Rohling","Rohlinge","e",2
"Rohmetall","NEUT","Rohmetall","Rohmetalle","e",3
"Rohprodukt","NEUT","Rohprodukt","Rohprodukte","e",3
"Rohr","NEUT","Rohr","Rohre","e",1
"Röhrchen","NEUT","Röhrchen","Röhrchen","ø",2
"Röhrling","MASC","Röhrling","Röhrlinge","e",2
"Rohstoff","MASC","Rohstoff","Rohstoffe","e",2
"Rollbahn","FEM","Rollbahn","Rollbahnen","en",2
"Röllchen","NEUT","Röllchen","Röllchen","ø",2
"Rollenspiel","NEUT","Rollenspiel","Rollenspiele","e",2
"Roller","MASC","Roller","Roller","ø",2
"Roman","MASC","Roman","Romane","e",2
"Romanist","MASC","Romanist","Romanisten","en",3
"Romantiker","MASC","Romantiker","Romantiker","ø",4
"Römer","MASC","Römer","Römer","ø",2
"Rondell","NEUT","Rondell","Rondelle","e",2
"Röntgenfilm","MASC","Röntgenfilm","Röntgenfilme","e",3
"Röntgenstrahl","MASC","Röntgenstrahl","Röntgenstrahle","e",3
"Roquesit","MASC","Roquesit","Roquesite","e",3
"Rosa","NEUT","Rosa","Rosas","s",2
"Rosenblättchen","NEUT","Rosenblättchen","Rosenblättchen","ø",4
"Rosengewächs","NEUT","Rosengewächs","Rosengewächse","e",4
"Rosenkrieg","MASC","Rosenkrieg","Rosenkriege","e",2
"Rosenmontag","MASC","Rosenmontag","Rosenmontage","e",4
"Rosenquarz","MASC","Rosenquarz","Rosenquarze","e",3
"Rosinenbomber","MASC","Rosinenbomber","Rosinenbomber","ø",5
"Rosinenbrot","NEUT","Rosinenbrot","Rosinenbrote","e",4
"Rosinenkuchen","MASC","Rosinenkuchen","Rosinenkuchen","ø",5
"Rosinenkuchenmodell","NEUT","Rosinenkuchenmodell","Rosinenkuchenmodelle","e",7
"Rosinenkuchenrezept","NEUT","Rosinenkuchenrezept","Rosinenkuchenrezepte","e",7
"Rosinenpicker","MASC","Rosinenpicker","Rosinenpicker","ø",5
"Rosinenpickerei","FEM","Rosinenpickerei","Rosinenpickereien","en",5
"Ross","NEUT","Ross","Rosse","e",1
"Roß","NEUT","Roß","Roße","e",1
"Rost","MASC","Rost","Roste","e",1
"Rostbraten","MASC","Rostbraten","Rostbraten","ø",3
"Röster","MASC","Röster","Röster","ø",2
"Rostflügel-Ameisenwürger","MASC","Rostflügel-Ameisenwürger","Rostflügel-Ameisenwürger","ø",7
"Rösti","FEM","Rösti","Rösti","ø",2
"Rostschutz","MASC","Rostschutz","Rostschutze","e",2
"Rostschutzmittel","NEUT","Rostschutzmittel","Rostschutzmittel","ø",4
"Rot","NEUT","Rot","Rots","s",1
"Rotbarsch","MASC","Rotbarsch","Rotbarsche","e",2
"Roteisenstein","MASC","Roteisenstein","Roteisensteine","e",2
"Rötel","MASC","Rötel","Rötel","ø",2
"Rotgültigerz","NEUT","Rotgültigerz","Rotgültigerze","e",4
"Rotkehlchen","NEUT","Rotkehlchen","Rotkehlchen","ø",3
"Rotkohl","MASC","Rotkohl","Rotkohle","e",2
"Rotlichtbezirk","MASC","Rotlichtbezirk","Rotlichtbezirke","e",4
"Rotlichtviertel","NEUT","Rotlichtviertel","Rotlichtviertel","ø",3
"Rotluchs","MASC","Rotluchs","Rotluchse","e",2
"Rotrückenwürger","MASC","Rotrückenwürger","Rotrückenwürger","ø",5
"Rotscheitelreiher","MASC","Rotscheitelreiher","Rotscheitelreiher","ø",3
"Rotschenkel","MASC","Rotschenkel","Rotschenkel","ø",3
"Rotschwänzchen","NEUT","Rotschwänzchen","Rotschwänzchen","ø",3
"Rotstift","MASC","Rotstift","Rotstifte","e",2
"Rottweiler","MASC","Rottweiler","Rottweiler","ø",2
"Rötung","FEM","Rötung","Rötungen","en",2
"Rotwein","MASC","Rotwein","Rotweine","e",1
"Rotzigkeit","FEM","Rotzigkeit","Rotzigkeiten","en",2
"Rotzinkerz","NEUT","Rotzinkerz","Rotzinkerze","e",3
"RSS-Feed","MASC","RSS-Feed","RSS-Feeds","s",1
"Rubel","MASC","Rubel","Rubel","ø",2
"Rubidiumisotop","NEUT","Rubidiumisotop","Rubidiumisotope","e",6
"Rubidiumsalz","NEUT","Rubidiumsalz","Rubidiumsalze","e",4
"Rubiklin","MASC","Rubiklin","Rubikline","e",3
"Rubin","MASC","Rubin","Rubine","e",2
"Ruck","MASC","Ruck","Rucke","e",1
"Rückbildung","FEM","Rückbildung","Rückbildungen","en",3
"Rückblick","MASC","Rückblick","Rückblicke","e",2
"Rücken","MASC","Rücken","Rücken","ø",2
"Rückendeckung","FEM","Rückendeckung","Rückendeckungen","en",4
"Rückenwind","MASC","Rückenwind","Rückenwinde","e",3
"Rückeroberung","FEM","Rückeroberung","Rückeroberungen","en",5
"Rückhalt","MASC","Rückhalt","Rückhalte","e",2
"Rückkauf","MASC","Rückkauf","Rückkaufe","e",1
"Rücklicht","NEUT","Rücklicht","Rücklichter","er",2
"Rückruf","MASC","Rückruf","Rückrufe","e",2
"Rückschau","FEM","Rückschau","Rückschauen","en",1
"Rückspiegel","MASC","Rückspiegel","Rückspiegel","ø",2
"Rückstrahler","MASC","Rückstrahler","Rückstrahler","ø",3
"Rücktritt","MASC","Rücktritt","Rücktritte","e",2
"Rückumlaut","MASC","Rückumlaut","Rückumlaute","e",2
"Rückversicherer","MASC","Rückversicherer","Rückversicherer","ø",5
"Rückweg","MASC","Rückweg","Rückwege","e",2
"Rückzieher","MASC","Rückzieher","Rückzieher","ø",2
"Rudel","NEUT","Rudel","Rudel","ø",2
"Ruder","NEUT","Ruder","Ruder","ø",2
"Ruderer","MASC","Ruderer","Ruderer","ø",3
"Ruderwettkämpfer","MASC","Ruderwettkämpfer","Ruderwettkämpfer","ø",5
"Ruf","MASC","Ruf","Rufe","e",1
"Rüffel","MASC","Rüffel","Rüffel","ø",2
"Rufmord","MASC","Rufmord","Rufmorde","e",2
"Rufzeichen","NEUT","Rufzeichen","Rufzeichen","ø",2
"Ruhepol","MASC","Ruhepol","Ruhepole","e",3
"Ruhepotential","NEUT","Ruhepotential","Ruhepotentiale","e",5
"Ruhestandsalter","NEUT","Ruhestandsalter","Ruhestandsalter","ø",5
"Ruhestörung","FEM","Ruhestörung","Ruhestörungen","en",4
"Ruhetag","MASC","Ruhetag","Ruhetage","e",3
"Ruhr","FEM","Ruhr","Ruhren","en",1
"Rührei","NEUT","Rührei","Rühreier","er",1
"Rührgerät","NEUT","Rührgerät","Rührgeräte","e",3
"Rummel","MASC","Rummel","Rummel","ø",2
"Rund","NEUT","Rund","Runde","e",1
"Rundbrief","MASC","Rundbrief","Rundbriefe","e",1
"Rundell","NEUT","Rundell","Rundelle","e",2
"Rundfunkgebühr","FEM","Rundfunkgebühr","Rundfunkgebühren","en",4
"Rundfunkgerät","NEUT","Rundfunkgerät","Rundfunkgeräte","e",4
"Rundfunkorchester","NEUT","Rundfunkorchester","Rundfunkorchester","ø",5
"Rundschreiben","NEUT","Rundschreiben","Rundschreiben","ø",2
"Rüpel","MASC","Rüpel","Rüpel","ø",2
"Ruß","MASC","Ruß","Ruße","e",1
"Rüssel","MASC","Rüssel","Rüssel","ø",2
"Rüsselkäfer","MASC","Rüsselkäfer","Rüsselkäfer","ø",4
"Russisch","NEUT","Russisch","Russische","e",2
"Rüsttag","MASC","Rüsttag","Rüsttage","e",2
"Rüstung","FEM","Rüstung","Rüstungen","en",2
"Rüstzeug","NEUT","Rüstzeug","Rüstzeuge","e",1
"Rütchen","NEUT","Rütchen","Rütchen","ø",2
"Rutengänger","MASC","Rutengänger","Rutengänger","ø",4
"Ruthenat","NEUT","Ruthenat","Ruthenate","e",3
"Rutheniridosmin","MASC","Rutheniridosmin","Rutheniridosmine","e",6
"Rutheniumhalogenid","NEUT","Rutheniumhalogenid","Rutheniumhalogenide","e",7
"Rutheniumisotop","NEUT","Rutheniumisotop","Rutheniumisotope","e",6
"Rutheniumkatalysator","MASC","Rutheniumkatalysator","Rutheniumkatalysatoren","en",8
"Rutheniumkomplex","MASC","Rutheniumkomplex","Rutheniumkomplexe","e",5
"Rütlein","NEUT","Rütlein","Rütlein","ø",1
"S-Boot","NEUT","S-Boot","S-Boote","e",1
"Sabbat","MASC","Sabbat","Sabbate","e",2
"Sabbattag","MASC","Sabbattag","Sabbattage","e",3
"Säbel","MASC","Säbel","Säbel","ø",2
"Säbelschnäbler","MASC","Säbelschnäbler","Säbelschnäbler","ø",4
"Säbelzahntiger","MASC","Säbelzahntiger","Säbelzahntiger","ø",5
"Saccharid","NEUT","Saccharid","Saccharide","e",3
"Sachbegriff","MASC","Sachbegriff","Sachbegriffe","e",3
"Sachet","NEUT","Sachet","Sachets","s",2
"Sachverhalt","MASC","Sachverhalt","Sachverhalte","e",3
"Sachwalter","MASC","Sachwalter","Sachwalter","ø",3
"Sackerl","NEUT","Sackerl","Sackerl","ø",2
"Sackgesicht","NEUT","Sackgesicht","Sackgesichter","er",3
"Sadist","MASC","Sadist","Sadisten","en",2
"Säer","MASC","Säer","Säer","ø",1
"Safari","FEM","Safari","Safaris","s",3
"Safflorit","NEUT","Safflorit","Safflorite","e",3
"Safran","MASC","Safran","Safrane","e",2
"Sägemehl","NEUT","Sägemehl","Sägemehle","e",3
"Sägemesser","NEUT","Sägemesser","Sägemesser","ø",4
"Sager","MASC","Sager","Sager","ø",2
"Sägewerk","NEUT","Sägewerk","Sägewerke","e",3
"Sahnehäubchen","NEUT","Sahnehäubchen","Sahnehäubchen","ø",3
"Sahnekännchen","NEUT","Sahnekännchen","Sahnekännchen","ø",4
"Saibling","MASC","Saibling","Saiblinge","e",2
"Saiteninstrument","NEUT","Saiteninstrument","Saiteninstrumente","e",5
"Saitenspiel","NEUT","Saitenspiel","Saitenspiele","e",2
"Sakrament","NEUT","Sakrament","Sakramente","e",3
"Salafist","MASC","Salafist","Salafisten","en",3
"Salamander","MASC","Salamander","Salamander","ø",4
"Salami","FEM","Salami","Salami","ø",3
"Salamitaktik","FEM","Salamitaktik","Salamitaktiken","en",5
"Salär","NEUT","Salär","Saläre","e",2
"Salatbar","FEM","Salatbar","Salatbars","s",3
"Salatbesteck","NEUT","Salatbesteck","Salatbestecke","e",4
"Salätchen","NEUT","Salätchen","Salätchen","ø",3
"Salatlöffel","MASC","Salatlöffel","Salatlöffel","ø",4
"Salatmesser","NEUT","Salatmesser","Salatmesser","ø",4
"Salatteller","MASC","Salatteller","Salatteller","ø",4
"Salbung","FEM","Salbung","Salbungen","en",2
"Salm","MASC","Salm","Salme","e",1
"Salon","MASC","Salon","Salons","s",2
"Salz","NEUT","Salz","Salze","e",1
"Salzbergwerk","NEUT","Salzbergwerk","Salzbergwerke","e",3
"Salzgestein","NEUT","Salzgestein","Salzgesteine","e",2
"Salzgletscher","MASC","Salzgletscher","Salzgletscher","ø",3
"Salzkörnchen","NEUT","Salzkörnchen","Salzkörnchen","ø",3
"Salzlöffel","MASC","Salzlöffel","Salzlöffel","ø",3
"Salzteig","MASC","Salzteig","Salzteige","e",1
"Salzwasserfisch","MASC","Salzwasserfisch","Salzwasserfische","e",4
"Samariter","MASC","Samariter","Samariter","ø",4
"Samarskit","MASC","Samarskit","Samarskite","e",3
"Sambatänzer","MASC","Sambatänzer","Sambatänzer","ø",4
"Samen","MASC","Samen","Samen","ø",2
"Samenbank","FEM","Samenbank","Samenbanken","en",3
"Samenspender","MASC","Samenspender","Samenspender","ø",4
"Sämling","MASC","Sämling","Sämlinge","e",2
"Sammelbegriff","MASC","Sammelbegriff","Sammelbegriffe","e",4
"Sammler","MASC","Sammler","Sammler","ø",2
"Samstag","MASC","Samstag","Samstage","e",2
"Samstagabend","MASC","Samstagabend","Samstagabende","e",4
"Samstagmittag","MASC","Samstagmittag","Samstagmittage","e",4
"Samstagmorgen","MASC","Samstagmorgen","Samstagmorgen","ø",4
"Samstagnachmittag","MASC","Samstagnachmittag","Samstagnachmittage","e",5
"Samstagvormittag","MASC","Samstagvormittag","Samstagvormittage","e",5
"Samt","MASC","Samt","Samte","e",1
"Sandberg","MASC","Sandberg","Sandberge","e",2
"Sanddorn","MASC","Sanddorn","Sanddorne","e",2
"Sander","MASC","Sander","Sander","ø",2
"Sanderling","MASC","Sanderling","Sanderlinge","e",3
"Sandler","MASC","Sandler","Sandler","ø",2
"Sandmännchen","NEUT","Sandmännchen","Sandmännchen","ø",3
"Sandschicht","FEM","Sandschicht","Sandschichten","en",2
"Sandstein","MASC","Sandstein","Sandsteine","e",1
"Sandwichtoaster","MASC","Sandwichtoaster","Sandwichtoaster","ø",4
"Sänger","MASC","Sänger","Sänger","ø",2
"Sängerfest","NEUT","Sängerfest","Sängerfeste","e",3
"Sanität","FEM","Sanität","Sanitäten","en",3
"Sanitäter","MASC","Sanitäter","Sanitäter","ø",4
"Sanitätsartikel","MASC","Sanitätsartikel","Sanitätsartikel","ø",6
"Sanitätsauto","NEUT","Sanitätsauto","Sanitätsautos","s",4
"Sanitätsdienst","MASC","Sanitätsdienst","Sanitätsdienste","e",3
"Sanitätsdienstgrad","MASC","Sanitätsdienstgrad","Sanitätsdienstgrade","e",4
"Sanitätsfahrzeug","NEUT","Sanitätsfahrzeug","Sanitätsfahrzeuge","e",4
"Sanitätsoffizier","MASC","Sanitätsoffizier","Sanitätsoffiziere","e",5
"Sanitätswagen","MASC","Sanitätswagen","Sanitätswagen","ø",5
"Sankra","MASC","Sankra","Sankras","s",2
"Saphir","MASC","Saphir","Saphire","e",2
"Sardonyx","MASC","Sardonyx","Sardonyxe","e",3
"Sarkophag","MASC","Sarkophag","Sarkophage","e",3
"Sashimi","NEUT","Sashimi","Sashimis","s",3
"Saskatchewaner","MASC","Saskatchewaner","Saskatchewaner","ø",5
"Satan","MASC","Satan","Satane","e",2
"Satanist","MASC","Satanist","Satanisten","en",3
"Satansbraten","MASC","Satansbraten","Satansbraten","ø",4
"Satellit","MASC","Satellit","Satelliten","en",3
"Satin","MASC","Satin","Satins","s",2
"Satisfaktion","FEM","Satisfaktion","Satisfaktionen","en",4
"Sattelgurt","MASC","Sattelgurt","Sattelgurte","e",3
"Sattelmacher","MASC","Sattelmacher","Sattelmacher","ø",4
"Sattelpunkt","MASC","Sattelpunkt","Sattelpunkte","e",3
"Sattler","MASC","Sattler","Sattler","ø",2
"Satzzeichen","NEUT","Satzzeichen","Satzzeichen","ø",2
"Saubär","MASC","Saubär","Saubären","en",1
"Sauberfrau","FEM","Sauberfrau","Sauberfrauen","en",1
"Sauerampfer","MASC","Sauerampfer","Sauerampfer","ø",3
"Sauerbraten","MASC","Sauerbraten","Sauerbraten","ø",3
"Sauerstoffanteil","MASC","Sauerstoffanteil","Sauerstoffanteile","e",3
"Sauerstoffatom","NEUT","Sauerstoffatom","Sauerstoffatome","e",4
"Sauerstoffdruck","MASC","Sauerstoffdruck","Sauerstoffdrucke","e",3
"Sauerstoffgehalt","MASC","Sauerstoffgehalt","Sauerstoffgehalte","e",4
"Sauerstoffisotop","NEUT","Sauerstoffisotop","Sauerstoffisotope","e",5
"Sauerteig","MASC","Sauerteig","Sauerteige","e",1
"Säufer","MASC","Säufer","Säufer","ø",1
"Sauferei","FEM","Sauferei","Saufereien","en",1
"Saufgelage","NEUT","Saufgelage","Saufgelage","ø",3
"Säugetier","NEUT","Säugetier","Säugetiere","e",1
"Säugling","MASC","Säugling","Säuglinge","e",1
"Saugroboter","MASC","Saugroboter","Saugroboter","ø",3
"Saugrohr","NEUT","Saugrohr","Saugrohre","e",1
"Sauhaufen","MASC","Sauhaufen","Sauhaufen","ø",1
"Saukerl","MASC","Saukerl","Saukerle","e",1
"Saumfarn","MASC","Saumfarn","Saumfarne","e",1
"Säumnisgebühr","FEM","Säumnisgebühr","Säumnisgebühren","en",3
"Saurier","MASC","Saurier","Saurier","ø",0
"Sausewind","MASC","Sausewind","Sausewinde","e",2
"Saxofon","NEUT","Saxofon","Saxofone","e",3
"Saxophon","NEUT","Saxophon","Saxophone","e",3
"Saxophonist","MASC","Saxophonist","Saxophonisten","en",4
"Scanner","MASC","Scanner","Scanner","ø",2
"Schabbat","MASC","Schabbat","Schabbate","e",2
"Schabbath","MASC","Schabbath","Schabbathe","e",2
"Schabbes","MASC","Schabbes","Schabbes","ø",2
"Schabernack","MASC","Schabernack","Schabernacke","e",3
"Schabrackenschakal","MASC","Schabrackenschakal","Schabrackenschakale","e",5
"Schach","NEUT","Schach","Schachs","s",1
"Schachbrett","NEUT","Schachbrett","Schachbretter","er",2
"Schachmatt","NEUT","Schachmatt","Schachmatts","s",2
"Schachspiel","NEUT","Schachspiel","Schachspiele","e",1
"Schachspieler","MASC","Schachspieler","Schachspieler","ø",2
"Schächtelchen","NEUT","Schächtelchen","Schächtelchen","ø",3
"Schachtelhalm","MASC","Schachtelhalm","Schachtelhalme","e",3
"Schadchan","MASC","Schadchan","Schadchan","ø",2
"Schädel","MASC","Schädel","Schädel","ø",2
"Schädelknochen","MASC","Schädelknochen","Schädelknochen","ø",4
"Schädling","MASC","Schädling","Schädlinge","e",2
"Schädlingsbekämpfungsmittel","NEUT","Schädlingsbekämpfungsmittel","Schädlingsbekämpfungsmittel","ø",7
"Schadstoff","MASC","Schadstoff","Schadstoffe","e",2
"Schaf","NEUT","Schaf","Schafe","e",1
"Schäfchen","NEUT","Schäfchen","Schäfchen","ø",2
"Schäfer","MASC","Schäfer","Schäfer","ø",2
"Schäferhund","MASC","Schäferhund","Schäferhunde","e",3
"Schaff","NEUT","Schaff","Schaffe","e",1
"Schaffner","MASC","Schaffner","Schaffner","ø",2
"Schafott","NEUT","Schafott","Schafotte","e",2
"Schafszucht","FEM","Schafszucht","Schafszuchten","en",2
"Schaftrift","FEM","Schaftrift","Schaftriften","en",2
"Schafzucht","FEM","Schafzucht","Schafzuchten","en",2
"Schah","MASC","Schah","Schahs","s",1
"Schahinschah","MASC","Schahinschah","Schahinschahs","s",3
"Schakal","MASC","Schakal","Schakale","e",2
"Schäkel","MASC","Schäkel","Schäkel","ø",2
"Schäker","MASC","Schäker","Schäker","ø",2
"Schal","MASC","Schal","Schals","s",1
"Schälchen","NEUT","Schälchen","Schälchen","ø",2
"Schalenmodell","NEUT","Schalenmodell","Schalenmodelle","e",4
"Schalentier","NEUT","Schalentier","Schalentiere","e",2
"Schäler","MASC","Schäler","Schäler","ø",2
"Schalk","MASC","Schalk","Schalke","e",1
"Schall","MASC","Schall","Schalle","e",1
"Schalldämpfer","MASC","Schalldämpfer","Schalldämpfer","ø",3
"Schalmei","FEM","Schalmei","Schalmeien","en",1
"Schalter","MASC","Schalter","Schalter","ø",2
"Schalthebel","MASC","Schalthebel","Schalthebel","ø",3
"Schaltkreis","MASC","Schaltkreis","Schaltkreise","e",1
"Schaltpult","NEUT","Schaltpult","Schaltpulte","e",2
"Schalttag","MASC","Schalttag","Schalttage","e",2
"Schaltwerk","NEUT","Schaltwerk","Schaltwerke","e",2
"Schamba","FEM","Schamba","Schambas","s",2
"Schambehaarung","FEM","Schambehaarung","Schambehaarungen","en",4
"Schambein","NEUT","Schambein","Schambeine","e",1
"Schamgefühl","NEUT","Schamgefühl","Schamgefühle","e",3
"Schamhaar","NEUT","Schamhaar","Schamhaare","e",2
"Schamhügel","MASC","Schamhügel","Schamhügel","ø",3
"Schändung","FEM","Schändung","Schändungen","en",2
"Schani","MASC","Schani","Schani","ø",2
"Schanktisch","MASC","Schanktisch","Schanktische","e",2
"Scharfmacher","MASC","Scharfmacher","Scharfmacher","ø",3
"Scharfrichter","MASC","Scharfrichter","Scharfrichter","ø",3
"Scharmützel","NEUT","Scharmützel","Scharmützel","ø",3
"Scharnier","NEUT","Scharnier","Scharniere","e",1
"Schaschlik","MASC","Schaschlik","Schaschliks","s",2
"Schatten","MASC","Schatten","Schatten","ø",2
"Schattenspiel","NEUT","Schattenspiel","Schattenspiele","e",2
"Schätzchen","NEUT","Schätzchen","Schätzchen","ø",2
"Schaubrot","NEUT","Schaubrot","Schaubrote","e",1
"Schauer","MASC","Schauer","Schauer","ø",1
"Schäufelchen","NEUT","Schäufelchen","Schäufelchen","ø",2
"Schaufenster","NEUT","Schaufenster","Schaufenster","ø",2
"Schaufensterbummel","MASC","Schaufensterbummel","Schaufensterbummel","ø",4
"Schaukelbrett","NEUT","Schaukelbrett","Schaukelbretter","er",2
"Schaukelpferd","NEUT","Schaukelpferd","Schaukelpferde","e",2
"Schaumbläschen","NEUT","Schaumbläschen","Schaumbläschen","ø",2
"Schaumgummi","NEUT","Schaumgummi","Schaumgummis","s",2
"Schaumkunststoff","MASC","Schaumkunststoff","Schaumkunststoffe","e",2
"Schaumstoff","MASC","Schaumstoff","Schaumstoffe","e",1
"Schaumwein","MASC","Schaumwein","Schaumweine","e",0
"Schauspiel","NEUT","Schauspiel","Schauspiele","e",0
"Schauspieler","MASC","Schauspieler","Schauspieler","ø",1
"Scheck","MASC","Scheck","Schecks","s",1
"Scheelit","MASC","Scheelit","Scheelite","e",2
"Scheffel","MASC","Scheffel","Scheffel","ø",2
"Scheibchen","NEUT","Scheibchen","Scheibchen","ø",1
"Scheibenwischer","MASC","Scheibenwischer","Scheibenwischer","ø",3
"Scheich","MASC","Scheich","Scheichs","s",0
"Scheidekunde","FEM","Scheidekunde","Scheidekunde","ø",3
"Scheidenpilz","MASC","Scheidenpilz","Scheidenpilze","e",2
"Scheideweg","MASC","Scheideweg","Scheidewege","e",2
"Scheiding","MASC","Scheiding","Scheidinge","e",1
"Scheidung","FEM","Scheidung","Scheidungen","en",1
"Schein","MASC","Schein","Scheine","e",0
"Scheingericht","NEUT","Scheingericht","Scheingerichte","e",2
"Scheinsieg","MASC","Scheinsieg","Scheinsiege","e",0
"Scheinwerfer","MASC","Scheinwerfer","Scheinwerfer","ø",2
"Scheißeficker","MASC","Scheißeficker","Scheißeficker","ø",3
"Scheißefresser","MASC","Scheißefresser","Scheißefresser","ø",3
"Scheißhaufen","MASC","Scheißhaufen","Scheißhaufen","ø",1
"Scheißhäuschen","NEUT","Scheißhäuschen","Scheißhäuschen","ø",1
"Scheißhäuslein","NEUT","Scheißhäuslein","Scheißhäuslein","ø",0
"Scheißkerl","MASC","Scheißkerl","Scheißkerle","e",1
"Scheißkind","NEUT","Scheißkind","Scheißkinder","er",1
"Scheitel","MASC","Scheitel","Scheitel","ø",1
"Scheitelpunkt","MASC","Scheitelpunkt","Scheitelpunkte","e",2
"Scheiterhaufen","MASC","Scheiterhaufen","Scheiterhaufen","ø",2
"Schekel","MASC","Schekel","Schekel","ø",2
"Schellfisch","MASC","Schellfisch","Schellfische","e",2
"Schelm","MASC","Schelm","Schelme","e",1
"Scheltwort","NEUT","Scheltwort","Scheltworte","e",2
"Schemel","MASC","Schemel","Schemel","ø",2
"Schemen","MASC","Schemen","Schemen","ø",2
"Schenk","MASC","Schenk","Schenken","en",1
"Schenkel","MASC","Schenkel","Schenkel","ø",2
"Schenker","MASC","Schenker","Schenker","ø",2
"Scherbengericht","NEUT","Scherbengericht","Scherbengerichte","e",4
"Scherbenhaufen","MASC","Scherbenhaufen","Scherbenhaufen","ø",3
"Scherbrett","NEUT","Scherbrett","Scherbretter","er",2
"Scherenfernrohr","NEUT","Scherenfernrohr","Scherenfernrohre","e",4
"Scherenschnitt","NEUT","Scherenschnitt","Scherenschnitte","e",3
"Schererei","FEM","Schererei","Scherereien","en",2
"Scherflein","NEUT","Scherflein","Scherflein","ø",1
"Schermesser","MASC","Schermesser","Schermesser","ø",3
"Scherung","FEM","Scherung","Scherungen","en",2
"Scherwinkel","MASC","Scherwinkel","Scherwinkel","ø",3
"Scherz","MASC","Scherz","Scherze","e",1
"Scheuel","MASC","Scheuel","Scheuel","ø",1
"Scheusal","NEUT","Scheusal","Scheusale","e",1
"Schi","MASC","Schi","Schier","er",1
"Schibboleth","NEUT","Schibboleth","Schibbolethe","e",3
"Schicksal","NEUT","Schicksal","Schicksale","e",2
"Schicksalsgemeinschaft","FEM","Schicksalsgemeinschaft","Schicksalsgemeinschaften","en",4
"Schicksalstag","MASC","Schicksalstag","Schicksalstage","e",3
"Schied","MASC","Schied","Schiede","e",0
"Schiedsrichter","MASC","Schiedsrichter","Schiedsrichter","ø",2
"Schiefer","MASC","Schiefer","Schiefer","ø",1
"Schienbein","NEUT","Schienbein","Schienbeine","e",0
"Schienenersatzverkehr","MASC","Schienenersatzverkehr","Schienenersatzverkehre","e",5
"Schienenfahrzeug","NEUT","Schienenfahrzeug","Schienenfahrzeuge","e",2
"Schierling","MASC","Schierling","Schierlinge","e",1
"Schießbefehl","MASC","Schießbefehl","Schießbefehle","e",2
"Schießgewehr","NEUT","Schießgewehr","Schießgewehre","e",2
"Schießpulver","NEUT","Schießpulver","Schießpulver","ø",2
"Schiff","NEUT","Schiff","Schiffe","e",1
"Schiff-Fahrt","FEM","Schiff-Fahrt","Schiff-Fahrten","en",2
"Schiffchen","NEUT","Schiffchen","Schiffchen","ø",2
"Schiffer","MASC","Schiffer","Schiffer","ø",2
"Schifffahrt","FEM","Schifffahrt","Schifffahrten","en",2
"Schifflein","NEUT","Schifflein","Schifflein","ø",1
"Schiffsdeck","NEUT","Schiffsdeck","Schiffsdecks","s",2
"Schiffshebewerk","NEUT","Schiffshebewerk","Schiffshebewerke","e",4
"Schiffsheck","NEUT","Schiffsheck","Schiffshecke","e",2
"Schiffskörper","MASC","Schiffskörper","Schiffskörper","ø",3
"Schiffsrumpf","MASC","Schiffsrumpf","Schiffsrumpfe","e",2
"Schiffsunglück","NEUT","Schiffsunglück","Schiffsunglücke","e",3
"Schild","MASC","Schild","Schilde","e",1
"Schildbürger","MASC","Schildbürger","Schildbürger","ø",3
"Schildbürgerstreich","MASC","Schildbürgerstreich","Schildbürgerstreiche","e",3
"Schildchen","NEUT","Schildchen","Schildchen","ø",2
"Schilddrüsenhormon","NEUT","Schilddrüsenhormon","Schilddrüsenhormone","e",5
"Schildkrebs","MASC","Schildkrebs","Schildkrebse","e",2
"Schilf","NEUT","Schilf","Schilfe","e",1
"Schill","MASC","Schill","Schille","e",1
"Schimmel","MASC","Schimmel","Schimmel","ø",2
"Schimmelchen","NEUT","Schimmelchen","Schimmelchen","ø",3
"Schimmelkäse","MASC","Schimmelkäse","Schimmelkäse","ø",4
"Schimmelpilz","MASC","Schimmelpilz","Schimmelpilze","e",3
"Schimmelpimmel","MASC","Schimmelpimmel","Schimmelpimmel","ø",4
"Schimmer","MASC","Schimmer","Schimmer","ø",2
"Schinakel","NEUT","Schinakel","Schinakel","ø",3
"Schinder","MASC","Schinder","Schinder","ø",2
"Schinderei","FEM","Schinderei","Schindereien","en",2
"Schindluder","NEUT","Schindluder","Schindluder","ø",3
"Schinken","MASC","Schinken","Schinken","ø",2
"Schipper","MASC","Schipper","Schipper","ø",2
"Schirm","MASC","Schirm","Schirme","e",1
"Schirmherrschaft","FEM","Schirmherrschaft","Schirmherrschaften","en",3
"Schismatiker","MASC","Schismatiker","Schismatiker","ø",4
"Schiss","MASC","Schiss","Schisse","e",1
"Schisser","MASC","Schisser","Schisser","ø",2
"Schlacht","FEM","Schlacht","Schlachten","en",1
"Schlachter","MASC","Schlachter","Schlachter","ø",2
"Schlächter","MASC","Schlächter","Schlächter","ø",2
"Schlachtfeld","NEUT","Schlachtfeld","Schlachtfelder","er",2
"Schlachtordnung","FEM","Schlachtordnung","Schlachtordnungen","en",3
"Schlachtschiff","NEUT","Schlachtschiff","Schlachtschiffe","e",2
"Schläfchen","NEUT","Schläfchen","Schläfchen","ø",2
"Schlafenszeit","FEM","Schlafenszeit","Schlafenszeiten","en",2
"Schläfer","MASC","Schläfer","Schläfer","ø",2
"Schlafittchen","NEUT","Schlafittchen","Schlafittchen","ø",3
"Schlaflied","NEUT","Schlaflied","Schlaflieder","er",1
"Schlafmittel","NEUT","Schlafmittel","Schlafmittel","ø",3
"Schlafstörung","FEM","Schlafstörung","Schlafstörungen","en",3
"Schlafwandler","MASC","Schlafwandler","Schlafwandler","ø",3
"Schlafzimmer","NEUT","Schlafzimmer","Schlafzimmer","ø",3
"Schlager","MASC","Schlager","Schlager","ø",2
"Schläger","MASC","Schläger","Schläger","ø",2
"Schlägerei","FEM","Schlägerei","Schlägereien","en",2
"Schlaginstrument","NEUT","Schlaginstrument","Schlaginstrumente","e",4
"Schlagzeuger","MASC","Schlagzeuger","Schlagzeuger","ø",2
"Schlammschicht","FEM","Schlammschicht","Schlammschichten","en",2
"Schlammschlacht","FEM","Schlammschlacht","Schlammschlachten","en",2
"Schlampenficker","MASC","Schlampenficker","Schlampenficker","ø",4
"Schlangenstein","MASC","Schlangenstein","Schlangensteine","e",2
"Schlappen","MASC","Schlappen","Schlappen","ø",2
"Schlauberger","MASC","Schlauberger","Schlauberger","ø",2
"Schlauchboot","NEUT","Schlauchboot","Schlauchboote","e",1
"Schlauchpilz","MASC","Schlauchpilz","Schlauchpilze","e",1
"Schlaumeier","MASC","Schlaumeier","Schlaumeier","ø",1
"Schlecker","MASC","Schlecker","Schlecker","ø",2
"Schlegel","MASC","Schlegel","Schlegel","ø",2
"Schleichwerbung","FEM","Schleichwerbung","Schleichwerbungen","en",2
"Schleier","MASC","Schleier","Schleier","ø",1
"Schleifpapier","NEUT","Schleifpapier","Schleifpapiere","e",1
"Schleifring","MASC","Schleifring","Schleifringe","e",1
"Schleim","MASC","Schleim","Schleime","e",0
"Schlemihl","MASC","Schlemihl","Schlemihle","e",2
"Schlepper","MASC","Schlepper","Schlepper","ø",2
"Schlepptau","NEUT","Schlepptau","Schlepptaue","e",1
"Schlesier","MASC","Schlesier","Schlesier","ø",1
"Schleswiger","MASC","Schleswiger","Schleswigeren","en",3
"Schleuderer","MASC","Schleuderer","Schleuderer","ø",2
"Schleuderpreis","MASC","Schleuderpreis","Schleuderpreise","e",1
"Schleudersitz","MASC","Schleudersitz","Schleudersitze","e",2
"Schleuser","MASC","Schleuser","Schleuser","ø",1
"Schlich","MASC","Schlich","Schliche","e",1
"Schlichter","MASC","Schlichter","Schlichter","ø",2
"Schlichtung","FEM","Schlichtung","Schlichtungen","en",2
"Schlick","MASC","Schlick","Schlicke","e",1
"Schlimmbesserung","FEM","Schlimmbesserung","Schlimmbesserungen","en",4
"Schlingel","MASC","Schlingel","Schlingel","ø",2
"Schlips","MASC","Schlips","Schlipse","e",1
"Schlipsträger","MASC","Schlipsträger","Schlipsträger","ø",3
"Schlitten","MASC","Schlitten","Schlitten","ø",2
"Schlittschuh","MASC","Schlittschuh","Schlittschuhe","e",2
"Schlittschuhläufer","MASC","Schlittschuhläufer","Schlittschuhläufer","ø",3
"Schlitz","MASC","Schlitz","Schlitze","e",1
"Schlitzohr","NEUT","Schlitzohr","Schlitzohren","en",2
"Schlösschen","NEUT","Schlösschen","Schlösschen","ø",2
"Schlosser","MASC","Schlosser","Schlosser","ø",2
"Schlot","MASC","Schlot","Schlote","e",1
"Schlucht","FEM","Schlucht","Schluchten","en",1
"Schluckauf","MASC","Schluckauf","Schluckaufs","s",1
"Schlückchen","NEUT","Schlückchen","Schlückchen","ø",2
"Schluckluder","NEUT","Schluckluder","Schluckluder","ø",3
"Schluffen","MASC","Schluffen","Schluffen","ø",2
"Schlüpfer","MASC","Schlüpfer","Schlüpfer","ø",2
"Schlupfwinkel","MASC","Schlupfwinkel","Schlupfwinkel","ø",3
"Schlüssel","MASC","Schlüssel","Schlüssel","ø",2
"Schlüsselbein","NEUT","Schlüsselbein","Schlüsselbeine","e",2
"Schlüsselchen","NEUT","Schlüsselchen","Schlüsselchen","ø",3
"Schlüsseldienst","MASC","Schlüsseldienst","Schlüsseldienste","e",2
"Schlüsselkind","NEUT","Schlüsselkind","Schlüsselkinder","er",3
"Schlusspfiff","MASC","Schlusspfiff","Schlusspfiffe","e",2
"Schlusspunkt","MASC","Schlusspunkt","Schlusspunkte","e",2
"Schlussstein","MASC","Schlussstein","Schlusssteine","e",1
"Schlussstrich","MASC","Schlussstrich","Schlussstriche","e",2
"Schmähschrift","FEM","Schmähschrift","Schmähschriften","en",2
"Schmalspurwichser","MASC","Schmalspurwichser","Schmalspurwichser","ø",4
"Schmaltz","NEUT","Schmaltz","Schmaltze","e",1
"Schmarotzer","MASC","Schmarotzer","Schmarotzer","ø",3
"Schmarrn","MASC","Schmarrn","Schmarrn","ø",1
"Schmauchspur","FEM","Schmauchspur","Schmauchspuren","en",1
"Schmelz","MASC","Schmelz","Schmelze","e",1
"Schmelzkäse","MASC","Schmelzkäse","Schmelzkäse","ø",3
"Schmelzprozess","MASC","Schmelzprozess","Schmelzprozesse","e",3
"Schmelzpunkt","MASC","Schmelzpunkt","Schmelzpunkte","e",2
"Schmerz","MASC","Schmerz","Schmerzen","en",1
"Schmerzensgeld","NEUT","Schmerzensgeld","Schmerzensgelder","er",3
"Schmerzmittel","NEUT","Schmerzmittel","Schmerzmittel","ø",3
"Schmetterling","MASC","Schmetterling","Schmetterlinge","e",3
"Schmetterlingsblütler","MASC","Schmetterlingsblütler","Schmetterlingsblütler","ø",5
"Schmetterlingsfisch","MASC","Schmetterlingsfisch","Schmetterlingsfische","e",4
"Schmiedeeisen","NEUT","Schmiedeeisen","Schmiedeeisen","ø",2
"Schmierer","MASC","Schmierer","Schmierer","ø",1
"Schmierfett","NEUT","Schmierfett","Schmierfette","e",1
"Schmiergeld","NEUT","Schmiergeld","Schmiergelder","er",1
"Schmieröl","NEUT","Schmieröl","Schmieröle","e",1
"Schmierpapier","NEUT","Schmierpapier","Schmierpapiere","e",1
"Schmierstoff","MASC","Schmierstoff","Schmierstoffe","e",1
"Schmierzettel","MASC","Schmierzettel","Schmierzettel","ø",2
"Schmirgelpapier","NEUT","Schmirgelpapier","Schmirgelpapiere","e",3
"Schmorbraten","MASC","Schmorbraten","Schmorbraten","ø",3
"Schmuck","MASC","Schmuck","Schmucke","e",1
"Schmuckkästchen","NEUT","Schmuckkästchen","Schmuckkästchen","ø",3
"Schmuckstein","MASC","Schmuckstein","Schmucksteine","e",1
"Schmuckstück","NEUT","Schmuckstück","Schmuckstücke","e",2
"Schmuddelkind","NEUT","Schmuddelkind","Schmuddelkinder","er",3
"Schmuggler","MASC","Schmuggler","Schmuggler","ø",2
"Schmutzian","MASC","Schmutzian","Schmutziane","e",2
"Schnabelkerf","MASC","Schnabelkerf","Schnabelkerfe","e",3
"Schnabeltier","NEUT","Schnabeltier","Schnabeltiere","e",2
"Schnabelwal","MASC","Schnabelwal","Schnabelwale","e",3
"Schnäblein","NEUT","Schnäblein","Schnäblein","ø",1
"Schnack","MASC","Schnack","Schnacks","s",1
"Schnappatmung","FEM","Schnappatmung","Schnappatmungen","en",3
"Schnäppchen","NEUT","Schnäppchen","Schnäppchen","ø",2
"Schnaufer","MASC","Schnaufer","Schnaufer","ø",1
"Schnauzer","MASC","Schnauzer","Schnauzer","ø",1
"Schnäuzer","MASC","Schnäuzer","Schnäuzer","ø",1
"Schneeballschlacht","FEM","Schneeballschlacht","Schneeballschlachten","en",3
"Schneeballsystem","NEUT","Schneeballsystem","Schneeballsysteme","e",4
"Schneeflöckchen","NEUT","Schneeflöckchen","Schneeflöckchen","ø",3
"Schneegestöber","NEUT","Schneegestöber","Schneegestöber","ø",4
"Schneeglöckchen","NEUT","Schneeglöckchen","Schneeglöckchen","ø",3
"Schneeräumer","MASC","Schneeräumer","Schneeräumer","ø",2
"Schneeregen","MASC","Schneeregen","Schneeregen","ø",3
"Schneereifen","MASC","Schneereifen","Schneereifen","ø",2
"Schneeschaf","NEUT","Schneeschaf","Schneeschafe","e",2
"Schneeschauer","MASC","Schneeschauer","Schneeschauer","ø",2
"Schnegel","MASC","Schnegel","Schnegel","ø",2
"Schneidbrett","NEUT","Schneidbrett","Schneidbretter","er",1
"Schneidemesser","NEUT","Schneidemesser","Schneidemesser","ø",3
"Schneider","MASC","Schneider","Schneider","ø",1
"Schneiderlein","NEUT","Schneiderlein","Schneiderlein","ø",1
"Schneidwerkzeug","NEUT","Schneidwerkzeug","Schneidwerkzeuge","e",1
"Schnellboot","NEUT","Schnellboot","Schnellboote","e",2
"Schnellkurs","MASC","Schnellkurs","Schnellkurse","e",2
"Schnellspanner","MASC","Schnellspanner","Schnellspanner","ø",3
"Schniedel","MASC","Schniedel","Schniedel","ø",1
"Schnipsel","NEUT","Schnipsel","Schnipsel","ø",2
"Schnitt","MASC","Schnitt","Schnitte","e",1
"Schnittbrot","NEUT","Schnittbrot","Schnittbrote","e",2
"Schnitter","MASC","Schnitter","Schnitter","ø",2
"Schnittkäse","MASC","Schnittkäse","Schnittkäse","ø",3
"Schnittlauch","MASC","Schnittlauch","Schnittlauche","e",1
"Schnitzel","NEUT","Schnitzel","Schnitzel","ø",2
"Schnitzeljagd","FEM","Schnitzeljagd","Schnitzeljagden","en",3
"Schnitzer","MASC","Schnitzer","Schnitzer","ø",2
"Schnodderdeutsch","NEUT","Schnodderdeutsch","Schnodderdeutsche","e",2
"Schnorchel","MASC","Schnorchel","Schnorchel","ø",2
"Schnorrer","MASC","Schnorrer","Schnorrer","ø",2
"Schnösel","MASC","Schnösel","Schnösel","ø",2
"Schnuckel","MASC","Schnuckel","Schnuckel","ø",2
"Schnucki","NEUT","Schnucki","Schnuckis","s",2
"Schnüffelstaat","MASC","Schnüffelstaat","Schnüffelstaaten","en",3
"Schnüffler","MASC","Schnüffler","Schnüffler","ø",2
"Schnuller","MASC","Schnuller","Schnuller","ø",2
"Schnupfen","MASC","Schnupfen","Schnupfen","ø",2
"Schnürchen","NEUT","Schnürchen","Schnürchen","ø",2
"Schnürsenkel","MASC","Schnürsenkel","Schnürsenkel","ø",3
"Schober","MASC","Schober","Schober","ø",2
"Schock","NEUT","Schock","Schocks","s",1
"Schofför","MASC","Schofför","Schofföre","e",2
"Schokoladenfabrik","FEM","Schokoladenfabrik","Schokoladenfabriken","en",6
"Schokoladenkuchen","MASC","Schokoladenkuchen","Schokoladenkuchen","ø",6
"Schokoladenpudding","MASC","Schokoladenpudding","Schokoladenpuddinge","e",6
"Schokopudding","MASC","Schokopudding","Schokopuddinge","e",4
"Schokoriegel","MASC","Schokoriegel","Schokoriegel","ø",3
"Schoner","MASC","Schoner","Schoner","ø",2
"Schöngeist","MASC","Schöngeist","Schöngeister","er",1
"Schönheit","FEM","Schönheit","Schönheiten","en",1
"Schönheitsfehler","MASC","Schönheitsfehler","Schönheitsfehler","ø",3
"Schönling","MASC","Schönling","Schönlinge","e",2
"Schönredner","MASC","Schönredner","Schönredner","ø",3
"Schönschrift","FEM","Schönschrift","Schönschriften","en",2
"Schönwetterfreund","MASC","Schönwetterfreund","Schönwetterfreunde","e",3
"Schöpfer","MASC","Schöpfer","Schöpfer","ø",2
"Schöpflöffel","MASC","Schöpflöffel","Schöpflöffel","ø",3
"Schopfpinguin","MASC","Schopfpinguin","Schopfpinguine","e",3
"Schöpfungstag","MASC","Schöpfungstag","Schöpfungstage","e",3
"Schoppen","MASC","Schoppen","Schoppen","ø",2
"Schöps","MASC","Schöps","Schöpse","e",1
"Schorf","MASC","Schorf","Schorfe","e",1
"Schörl","MASC","Schörl","Schörle","e",1
"Schornsteinfeger","MASC","Schornsteinfeger","Schornsteinfeger","ø",3
"Schössling","MASC","Schössling","Schösslinge","e",2
"Schott","NEUT","Schott","Schotten","en",1
"Schotter","MASC","Schotter","Schotter","ø",2
"Schottersträßchen","NEUT","Schottersträßchen","Schottersträßchen","ø",4
"Schrägschrift","FEM","Schrägschrift","Schrägschriften","en",2
"Schrägseilbrücke","FEM","Schrägseilbrücke","Schrägseilbrückeen","en",3
"Schrägstreifen","MASC","Schrägstreifen","Schrägstreifen","ø",2
"Schrägstrich","MASC","Schrägstrich","Schrägstriche","e",2
"Schrapnell","NEUT","Schrapnell","Schrapnelle","e",2
"Schräubchen","NEUT","Schräubchen","Schräubchen","ø",1
"Schraubendreher","MASC","Schraubendreher","Schraubendreher","ø",3
"Schraubenschlüssel","MASC","Schraubenschlüssel","Schraubenschlüssel","ø",3
"Schraubenzieher","MASC","Schraubenzieher","Schraubenzieher","ø",2
"Schrecken","MASC","Schrecken","Schrecken","ø",2
"Schreckensherrschaft","FEM","Schreckensherrschaft","Schreckensherrschaften","en",4
"Schreckensherrscher","MASC","Schreckensherrscher","Schreckensherrscher","ø",4
"Schrecklichkeit","FEM","Schrecklichkeit","Schrecklichkeiten","en",2
"Schredder","MASC","Schredder","Schredder","ø",2
"Schrei","MASC","Schrei","Schreie","e",0
"Schreiben","NEUT","Schreiben","Schreiben","ø",1
"Schreiber","MASC","Schreiber","Schreiber","ø",1
"Schreibpapier","NEUT","Schreibpapier","Schreibpapiere","e",1
"Schreibschrift","FEM","Schreibschrift","Schreibschriften","en",1
"Schreibsekretär","MASC","Schreibsekretär","Schreibsekretäre","e",3
"Schreibtisch","MASC","Schreibtisch","Schreibtische","e",1
"Schreibtischtäter","MASC","Schreibtischtäter","Schreibtischtäter","ø",3
"Schreibübung","FEM","Schreibübung","Schreibübungen","en",2
"Schrein","MASC","Schrein","Schreine","e",0
"Schreiner","MASC","Schreiner","Schreiner","ø",1
"Schrifft","FEM","Schrifft","Schrifften","en",1
"Schriftbild","NEUT","Schriftbild","Schriftbilder","er",2
"Schriftleiter","MASC","Schriftleiter","Schriftleiter","ø",2
"Schriftleitung","FEM","Schriftleitung","Schriftleitungen","en",2
"Schriftsteller","MASC","Schriftsteller","Schriftsteller","ø",3
"Schriftstück","NEUT","Schriftstück","Schriftstücke","e",2
"Schriftzeichen","NEUT","Schriftzeichen","Schriftzeichen","ø",2
"Schriftzug","MASC","Schriftzug","Schriftzugen","en",2
"Schritt","MASC","Schritt","Schritte","e",1
"Schrittchen","NEUT","Schrittchen","Schrittchen","ø",2
"Schrittfehler","MASC","Schrittfehler","Schrittfehler","ø",3
"Schrofen","MASC","Schrofen","Schrofen","ø",2
"Schroffheit","FEM","Schroffheit","Schroffheiten","en",1
"Schrott","MASC","Schrott","Schrotte","e",1
"Schuber","MASC","Schuber","Schuber","ø",2
"Schubkarren","MASC","Schubkarren","Schubkarren","ø",3
"Schubs","MASC","Schubs","Schubse","e",1
"Schuft","MASC","Schuft","Schufte","e",1
"Schuh","MASC","Schuh","Schuhe","e",1
"Schühchen","NEUT","Schühchen","Schühchen","ø",2
"Schuhcreme","FEM","Schuhcreme","Schuhcremes","s",3
"Schühlein","NEUT","Schühlein","Schühlein","ø",1
"Schuhlöffel","MASC","Schuhlöffel","Schuhlöffel","ø",3
"Schuhwerk","NEUT","Schuhwerk","Schuhwerke","e",2
"Schulbibliothek","FEM","Schulbibliothek","Schulbibliotheken","en",4
"Schulbücherei","FEM","Schulbücherei","Schulbüchereien","en",3
"Schulbuchverlag","MASC","Schulbuchverlag","Schulbuchverlage","e",4
"Schuldenberg","MASC","Schuldenberg","Schuldenberge","e",3
"Schuldenschnitt","MASC","Schuldenschnitt","Schuldenschnitte","e",3
"Schuldgefühl","NEUT","Schuldgefühl","Schuldgefühle","e",3
"Schuldiger","MASC","Schuldiger","Schuldiger","ø",3
"Schuldkult","MASC","Schuldkult","Schuldkulte","e",2
"Schuldner","MASC","Schuldner","Schuldner","ø",2
"Schuldopfer","NEUT","Schuldopfer","Schuldopfer","ø",3
"Schuldschein","MASC","Schuldschein","Schuldscheine","e",1
"Schüler","MASC","Schüler","Schüler","ø",2
"Schuljahr","NEUT","Schuljahr","Schuljahre","e",2
"Schulkind","NEUT","Schulkind","Schulkinder","er",2
"Schulleiter","MASC","Schulleiter","Schulleiter","ø",2
"Schulpflicht","FEM","Schulpflicht","Schulpflichten","en",2
"Schulterhalfter","NEUT","Schulterhalfter","Schulterhalfter","ø",4
"Schulterstück","NEUT","Schulterstück","Schulterstücke","e",3
"Schultheiß","MASC","Schultheiß","Schultheißen","en",1
"Schulwart","MASC","Schulwart","Schulwarte","e",2
"Schummelei","FEM","Schummelei","Schummeleien","en",2
"Schüppchen","NEUT","Schüppchen","Schüppchen","ø",2
"Schüppel","MASC","Schüppel","Schüppel","ø",2
"Schuppen","MASC","Schuppen","Schuppen","ø",2
"Schuppentier","NEUT","Schuppentier","Schuppentiere","e",2
"Schurz","MASC","Schurz","Schurze","e",1
"Schürzchen","NEUT","Schürzchen","Schürzchen","ø",2
"Schürzenjäger","MASC","Schürzenjäger","Schürzenjäger","ø",4
"Schussel","MASC","Schussel","Schussel","ø",2
"Schüsselchen","NEUT","Schüsselchen","Schüsselchen","ø",3
"Schusswechsel","MASC","Schusswechsel","Schusswechsel","ø",3
"Schuttcontainer","MASC","Schuttcontainer","Schuttcontainer","ø",4
"Schutz","MASC","Schutz","Schutze","e",1
"Schütz","NEUT","Schütz","Schütze","e",1
"Schutzblech","NEUT","Schutzblech","Schutzbleche","e",2
"Schützenfest","NEUT","Schützenfest","Schützenfeste","e",3
"Schützenfisch","MASC","Schützenfisch","Schützenfische","e",3
"Schutzengel","MASC","Schutzengel","Schutzengel","ø",3
"Schutzgas","NEUT","Schutzgas","Schutzgase","e",2
"Schutzgebiet","NEUT","Schutzgebiet","Schutzgebiete","e",2
"Schutzgeld","NEUT","Schutzgeld","Schutzgelder","er",2
"Schutzgelderpressung","FEM","Schutzgelderpressung","Schutzgelderpressungen","en",5
"Schutzhelm","MASC","Schutzhelm","Schutzhelme","e",2
"Schützit","MASC","Schützit","Schützite","e",2
"Schützling","MASC","Schützling","Schützlinge","e",2
"Schutzpolizei","FEM","Schutzpolizei","Schutzpolizeien","en",3
"Schutzschild","MASC","Schutzschild","Schutzschilde","e",2
"Schutzschirm","MASC","Schutzschirm","Schutzschirme","e",2
"Schwa","NEUT","Schwa","Schwas","s",1
"Schwabber","MASC","Schwabber","Schwabber","ø",2
"Schwabenstreich","MASC","Schwabenstreich","Schwabenstreiche","e",2
"Schwächegefühl","NEUT","Schwächegefühl","Schwächegefühle","e",4
"Schwächling","MASC","Schwächling","Schwächlinge","e",2
"Schwachmat","MASC","Schwachmat","Schwachmaten","en",2
"Schwaden","MASC","Schwaden","Schwaden","ø",2
"Schwadron","FEM","Schwadron","Schwadronen","en",2
"Schwäher","MASC","Schwäher","Schwäher","ø",2
"Schwalch","MASC","Schwalch","Schwalche","e",1
"Schwall","MASC","Schwall","Schwalle","e",1
"Schwanenhalsmikrofon","NEUT","Schwanenhalsmikrofon","Schwanenhalsmikrofone","e",6
"Schwanenteich","MASC","Schwanenteich","Schwanenteiche","e",2
"Schwangerschaft","FEM","Schwangerschaft","Schwangerschaften","en",3
"Schwangerschaftstest","MASC","Schwangerschaftstest","Schwangerschaftsteste","e",4
"Schwankung","FEM","Schwankung","Schwankungen","en",2
"Schwänzchen","NEUT","Schwänzchen","Schwänzchen","ø",2
"Schwanzlutscher","MASC","Schwanzlutscher","Schwanzlutscher","ø",3
"Schwanzstück","NEUT","Schwanzstück","Schwanzstücke","e",2
"Schwanzvergleich","MASC","Schwanzvergleich","Schwanzvergleiche","e",2
"Schwärmer","MASC","Schwärmer","Schwärmer","ø",2
"Schwärmerei","FEM","Schwärmerei","Schwärmereien","en",2
"Schwarzarbeit","FEM","Schwarzarbeit","Schwarzarbeiten","en",2
"Schwarzarbeiter","MASC","Schwarzarbeiter","Schwarzarbeiter","ø",3
"Schwarzarbeitsbekämpfungsgesetz","NEUT","Schwarzarbeitsbekämpfungsgesetz","Schwarzarbeitsbekämpfungsgesetze","e",7
"Schwarzbier","NEUT","Schwarzbier","Schwarzbiere","e",1
"Schwarzbrot","NEUT","Schwarzbrot","Schwarzbrote","e",2
"Schwarzfahrer","MASC","Schwarzfahrer","Schwarzfahrer","ø",3
"Schwarzgeld","NEUT","Schwarzgeld","Schwarzgelder","er",2
"Schwarzgesicht-Ameisenwürger","MASC","Schwarzgesicht-Ameisenwürger","Schwarzgesicht-Ameisenwürger","ø",7
"Schwarzgrau","NEUT","Schwarzgrau","Schwarzgraus","s",1
"Schwarzkehl-Ameisenwürger","MASC","Schwarzkehl-Ameisenwürger","Schwarzkehl-Ameisenwürger","ø",6
"Schwarzkehlchen","NEUT","Schwarzkehlchen","Schwarzkehlchen","ø",3
"Schwarzkittel","MASC","Schwarzkittel","Schwarzkittel","ø",3
"Schwarzköpfchen","NEUT","Schwarzköpfchen","Schwarzköpfchen","ø",3
"Schwarzmasken-Ameisenwürger","MASC","Schwarzmasken-Ameisenwürger","Schwarzmasken-Ameisenwürger","ø",7
"Schwarzseher","MASC","Schwarzseher","Schwarzseher","ø",3
"Schwarzweißbild","NEUT","Schwarzweißbild","Schwarzweißbilder","er",2
"Schwätzchen","NEUT","Schwätzchen","Schwätzchen","ø",2
"Schwätzer","MASC","Schwätzer","Schwätzer","ø",2
"Schwazer","MASC","Schwazer","Schwazer","ø",2
"Schwebeablaut","MASC","Schwebeablaut","Schwebeablaute","e",2
"Schwebebalken","MASC","Schwebebalken","Schwebebalken","ø",4
"Schwefelhalogenid","NEUT","Schwefelhalogenid","Schwefelhalogenide","e",6
"Schwefeloxid","NEUT","Schwefeloxid","Schwefeloxide","e",4
"Schweif","MASC","Schweif","Schweife","e",0
"Schweigegeld","NEUT","Schweigegeld","Schweigegelder","er",2
"Schweigepflicht","FEM","Schweigepflicht","Schweigepflichten","en",2
"Schweiger","MASC","Schweiger","Schweiger","ø",1
"Schwein","NEUT","Schwein","Schweine","e",0
"Schweinbär","MASC","Schweinbär","Schweinbären","en",1
"Schweinchen","NEUT","Schweinchen","Schweinchen","ø",1
"Schweinebraten","MASC","Schweinebraten","Schweinebraten","ø",3
"Schweinefilet","NEUT","Schweinefilet","Schweinefilets","s",3
"Schweinehund","MASC","Schweinehund","Schweinehunde","e",2
"Schweinepriester","MASC","Schweinepriester","Schweinepriester","ø",2
"Schweinezucht","FEM","Schweinezucht","Schweinezuchten","en",2
"Schweinfurter","MASC","Schweinfurter","Schweinfurter","ø",2
"Schweinhund","MASC","Schweinhund","Schweinhunde","e",1
"Schweinswal","MASC","Schweinswal","Schweinswale","e",1
"Schweiß","MASC","Schweiß","Schweiße","e",0
"Schweißhund","MASC","Schweißhund","Schweißhunde","e",1
"Schweißverfahren","NEUT","Schweißverfahren","Schweißverfahren","ø",3
"Schweizer","MASC","Schweizer","Schweizer","ø",1
"Schwellenreißer","MASC","Schwellenreißer","Schwellenreißer","ø",3
"Schwellenwert","MASC","Schwellenwert","Schwellenwerte","e",3
"Schwengel","MASC","Schwengel","Schwengel","ø",2
"Schwenkbügel","MASC","Schwenkbügel","Schwenkbügel","ø",3
"Schwerhörigkeit","FEM","Schwerhörigkeit","Schwerhörigkeiten","en",3
"Schwermetall","NEUT","Schwermetall","Schwermetalle","e",3
"Schwermetallion","NEUT","Schwermetallion","Schwermetallionen","en",4
"Schweröl","NEUT","Schweröl","Schweröle","e",2
"Schwerspat","MASC","Schwerspat","Schwerspate","e",2
"Schwert","NEUT","Schwert","Schwerter","er",1
"Schwertliliengewächs","NEUT","Schwertliliengewächs","Schwertliliengewächse","e",4
"Schwertmannit","MASC","Schwertmannit","Schwertmannite","e",3
"Schwertwal","MASC","Schwertwal","Schwertwale","e",2
"Schwesterchen","NEUT","Schwesterchen","Schwesterchen","ø",3
"Schwesterherz","NEUT","Schwesterherz","Schwesterherzen","en",3
"Schwesterlein","NEUT","Schwesterlein","Schwesterlein","ø",2
"Schwierigkeit","FEM","Schwierigkeit","Schwierigkeiten","en",1
"Schwimmbecken","NEUT","Schwimmbecken","Schwimmbecken","ø",3
"Schwimmer","MASC","Schwimmer","Schwimmer","ø",2
"Schwimmflügel","MASC","Schwimmflügel","Schwimmflügel","ø",3
"Schwindelei","FEM","Schwindelei","Schwindeleien","en",2
"Schwindler","MASC","Schwindler","Schwindler","ø",2
"Schwinglaut","MASC","Schwinglaut","Schwinglaute","e",1
"Schwingtür","FEM","Schwingtür","Schwingtüren","en",2
"Schwirrgerät","NEUT","Schwirrgerät","Schwirrgeräte","e",3
"Schwurgericht","NEUT","Schwurgericht","Schwurgerichte","e",3
"Scoop","MASC","Scoop","Scoops","s",1
"Scooter","MASC","Scooter","Scooter","ø",2
"Screencast","MASC","Screencast","Screencasts","s",2
"Sechs","FEM","Sechs","Sechsen","en",1
"Sechseck","NEUT","Sechseck","Sechsecke","e",2
"Sechseckszahl","FEM","Sechseckszahl","Sechseckszahlen","en",3
"Sechser","MASC","Sechser","Sechser","ø",2
"Sechserpackung","FEM","Sechserpackung","Sechserpackungen","en",4
"Sechsflächner","MASC","Sechsflächner","Sechsflächner","ø",3
"Sechsring","MASC","Sechsring","Sechsringe","e",2
"Sechstel","NEUT","Sechstel","Sechstel","ø",2
"Sechzehneck","NEUT","Sechzehneck","Sechzehnecke","e",3
"Sechzigeck","NEUT","Sechzigeck","Sechzigecke","e",3
"Sedantag","MASC","Sedantag","Sedantage","e",3
"Sediment","NEUT","Sediment","Sedimente","e",3
"Sedimentgestein","NEUT","Sedimentgestein","Sedimentgesteine","e",4
"Seeadler","MASC","Seeadler","Seeadler","ø",2
"Seebeben","NEUT","Seebeben","Seebeben","ø",3
"Seehecht","MASC","Seehecht","Seehechte","e",2
"Seeigel","MASC","Seeigel","Seeigel","ø",2
"Seekrankheit","FEM","Seekrankheit","Seekrankheiten","en",2
"Seelachs","MASC","Seelachs","Seelachse","e",2
"Seelentröster","MASC","Seelentröster","Seelentröster","ø",4
"Seemannsgarn","NEUT","Seemannsgarn","Seemannsgarne","e",3
"Seeotter","MASC","Seeotter","Seeotter","ø",2
"Seepferdchen","NEUT","Seepferdchen","Seepferdchen","ø",3
"Seeräuber","MASC","Seeräuber","Seeräuber","ø",2
"Seerosenteich","MASC","Seerosenteich","Seerosenteiche","e",3
"Seeschiff","NEUT","Seeschiff","Seeschiffe","e",2
"Seeskorpion","MASC","Seeskorpion","Seeskorpione","e",3
"Seestück","NEUT","Seestück","Seestücke","e",2
"Seetang","MASC","Seetang","Seetange","e",2
"Seetaucher","MASC","Seetaucher","Seetaucher","ø",2
"Seeübung","FEM","Seeübung","Seeübungen","en",2
"Seeungeheuer","NEUT","Seeungeheuer","Seeungeheuer","ø",3
"Seeweg","MASC","Seeweg","Seewege","e",2
"Segel","NEUT","Segel","Segel","ø",2
"Segelboot","NEUT","Segelboot","Segelboote","e",3
"Segelflugzeug","NEUT","Segelflugzeug","Segelflugzeuge","e",3
"Segelschiff","NEUT","Segelschiff","Segelschiffe","e",3
"Segeltuch","NEUT","Segeltuch","Segeltuche","e",3
"Segen","MASC","Segen","Segen","ø",2
"Segler","MASC","Segler","Segler","ø",2
"Segmentierung","FEM","Segmentierung","Segmentierungen","en",3
"Segner","MASC","Segner","Segner","ø",2
"Sehenswürdigkeit","FEM","Sehenswürdigkeit","Sehenswürdigkeiten","en",4
"Seher","MASC","Seher","Seher","ø",2
"Sehsinn","MASC","Sehsinn","Sehsinne","e",2
"Sehstäbchen","NEUT","Sehstäbchen","Sehstäbchen","ø",3
"Seidel","NEUT","Seidel","Seidel","ø",1
"Seidelbast","MASC","Seidelbast","Seidelbaste","e",2
"Seidenhemd","NEUT","Seidenhemd","Seidenhemden","en",2
"Seidenreiher","MASC","Seidenreiher","Seidenreiher","ø",2
"Seifenbläschen","NEUT","Seifenbläschen","Seifenbläschen","ø",3
"Seiher","MASC","Seiher","Seiher","ø",1
"Seil","NEUT","Seil","Seile","e",0
"Seiltänzer","MASC","Seiltänzer","Seiltänzer","ø",2
"Seim","MASC","Seim","Seime","e",0
"Seinsstufung","FEM","Seinsstufung","Seinsstufungen","en",2
"Seitenlaut","MASC","Seitenlaut","Seitenlaute","e",1
"Seitenstreifen","MASC","Seitenstreifen","Seitenstreifen","ø",2
"Sekel","MASC","Sekel","Sekel","ø",2
"Sekretär","MASC","Sekretär","Sekretäre","e",3
"Sekretariat","NEUT","Sekretariat","Sekretariate","e",4
"Sekt","MASC","Sekt","Sekte","e",1
"Sektor","MASC","Sektor","Sektoren","en",2
"Sekundant","MASC","Sekundant","Sekundanten","en",3
"Sekundärkunststoff","MASC","Sekundärkunststoff","Sekundärkunststoffe","e",5
"Sekundenbruchteil","MASC","Sekundenbruchteil","Sekundenbruchteile","e",4
"Sekundenzeiger","MASC","Sekundenzeiger","Sekundenzeiger","ø",4
"Selan","NEUT","Selan","Selane","e",2
"Selbstbestimmungsrecht","NEUT","Selbstbestimmungsrecht","Selbstbestimmungsrechte","e",5
"Selbstbezogenheit","FEM","Selbstbezogenheit","Selbstbezogenheiten","en",4
"Selbstbild","NEUT","Selbstbild","Selbstbilder","er",2
"Selbstentfremdung","FEM","Selbstentfremdung","Selbstentfremdungen","en",4
"Selbsterhaltung","FEM","Selbsterhaltung","Selbsterhaltungen","en",4
"Selbstfahrer","MASC","Selbstfahrer","Selbstfahrer","ø",3
"Selbstgespräch","NEUT","Selbstgespräch","Selbstgespräche","e",3
"Selbstlaut","MASC","Selbstlaut","Selbstlaute","e",1
"Selbstmord","MASC","Selbstmord","Selbstmorde","e",2
"Selbstmordattentäter","MASC","Selbstmordattentäter","Selbstmordattentäter","ø",6
"Selbstmörder","MASC","Selbstmörder","Selbstmörder","ø",3
"Selbstporträt","NEUT","Selbstporträt","Selbstporträts","s",3
"Selbstverkleinerung","FEM","Selbstverkleinerung","Selbstverkleinerungen","en",4
"Selbstverletzung","FEM","Selbstverletzung","Selbstverletzungen","en",4
"Selbstversuch","MASC","Selbstversuch","Selbstversuche","e",3
"Selbstverzwergung","FEM","Selbstverzwergung","Selbstverzwergungen","en",4
"Selenat","NEUT","Selenat","Selenate","e",3
"Selenatom","NEUT","Selenatom","Selenatome","e",4
"Selendefizit","NEUT","Selendefizit","Selendefizite","e",5
"Selengehalt","MASC","Selengehalt","Selengehalte","e",4
"Selenid","NEUT","Selenid","Selenide","e",3
"Selenit","MASC","Selenit","Selenite","e",3
"Selenol","NEUT","Selenol","Selenole","e",3
"Selenon","NEUT","Selenon","Selenone","e",3
"Selenophosphat","NEUT","Selenophosphat","Selenophosphate","e",5
"Selenoprotein","NEUT","Selenoprotein","Selenoproteine","e",4
"Selenoxid","NEUT","Selenoxid","Selenoxide","e",4
"Selensalz","NEUT","Selensalz","Selensalze","e",3
"Selensulfid","NEUT","Selensulfid","Selensulfide","e",4
"Selfie","NEUT","Selfie","Selfies","s",1
"Selfiestick","MASC","Selfiestick","Selfiesticks","s",2
"Seligkeit","FEM","Seligkeit","Seligkeiten","en",2
"Seligsprechung","FEM","Seligsprechung","Seligsprechungen","en",4
"Sellait","MASC","Sellait","Sellaite","e",2
"Sellerie","FEM","Sellerie","Selleries","s",2
"Seltenerdmagnet","MASC","Seltenerdmagnet","Seltenerdmagnete","e",5
"Seltenerdmetall","NEUT","Seltenerdmetall","Seltenerdmetalle","e",5
"Seltsamkeit","FEM","Seltsamkeit","Seltsamkeiten","en",2
"Seminar","NEUT","Seminar","Seminare","e",3
"Semmelbrötchen","NEUT","Semmelbrötchen","Semmelbrötchen","ø",4
"Semmelknödel","MASC","Semmelknödel","Semmelknödel","ø",4
"Senat","MASC","Senat","Senate","e",2
"Senatsverwaltung","FEM","Senatsverwaltung","Senatsverwaltungen","en",5
"Sendbrief","MASC","Sendbrief","Sendbriefe","e",1
"Sendegerät","NEUT","Sendegerät","Sendegeräte","e",4
"Sendemast","MASC","Sendemast","Sendemasten","en",3
"Sender","MASC","Sender","Sender","ø",2
"Sendling","MASC","Sendling","Sendlinge","e",2
"Senf","MASC","Senf","Senfe","e",1
"Senfgas","NEUT","Senfgas","Senfgase","e",2
"Senflöffel","MASC","Senflöffel","Senflöffel","ø",3
"Senföl","NEUT","Senföl","Senföle","e",2
"Senior","MASC","Senior","Senioren","en",2
"Senkel","MASC","Senkel","Senkel","ø",2
"Sensibelchen","NEUT","Sensibelchen","Sensibelchen","ø",4
"Sensibilität","FEM","Sensibilität","Sensibilitäten","en",5
"Sentenz","FEM","Sentenz","Sentenzen","en",2
"Sentimentalität","FEM","Sentimentalität","Sentimentalitäten","en",6
"Separatist","MASC","Separatist","Separatisten","en",4
"Separee","NEUT","Separee","Separees","s",3
"Sepiolith","MASC","Sepiolith","Sepiolithe","e",3
"September","MASC","September","September","ø",3
"Sequestrierung","FEM","Sequestrierung","Sequestrierungen","en",3
"Seraph","MASC","Seraph","Seraphe","e",2
"Serienmörder","MASC","Serienmörder","Serienmörder","ø",3
"Sermon","MASC","Sermon","Sermone","e",2
"Serpentin","MASC","Serpentin","Serpentine","e",3
"Serpentinit","MASC","Serpentinit","Serpentinite","e",4
"Serval","MASC","Serval","Servale","e",2
"Server","MASC","Server","Server","ø",2
"Server-Zugriff","MASC","Server-Zugriff","Server-Zugriffe","e",4
"Serverzugriff","MASC","Serverzugriff","Serverzugriffe","e",4
"Serviettenring","MASC","Serviettenring","Serviettenringe","e",3
"Servilität","FEM","Servilität","Servilitäten","en",4
"Sessel","MASC","Sessel","Sessel","ø",2
"Sesselfurzer","MASC","Sesselfurzer","Sesselfurzer","ø",4
"Setzling","MASC","Setzling","Setzlinge","e",2
"Seufzer","MASC","Seufzer","Seufzer","ø",1
"Sexist","MASC","Sexist","Sexisten","en",2
"Sexpertin","FEM","Sexpertin","Sexpertinen","en",3
"Sexspiel","NEUT","Sexspiel","Sexspiele","e",1
"Sexspielzeug","NEUT","Sexspielzeug","Sexspielzeuge","e",1
"Sexualisierung","FEM","Sexualisierung","Sexualisierungen","en",4
"Sexualität","FEM","Sexualität","Sexualitäten","en",4
"Sexus","MASC","Sexus","Sexus","ø",2
"Sezession","FEM","Sezession","Sezessionen","en",3
"Sezessionskrieg","MASC","Sezessionskrieg","Sezessionskriege","e",3
"Shampoo","NEUT","Shampoo","Shampoos","s",2
"Shitstorm","MASC","Shitstorm","Shitstorms","s",2
"Shortcut","MASC","Shortcut","Shortcuts","s",2
"Sichelstrandläufer","MASC","Sichelstrandläufer","Sichelstrandläufer","ø",4
"Sicherheitsdienst","MASC","Sicherheitsdienst","Sicherheitsdienste","e",2
"Sicherheitsgurt","MASC","Sicherheitsgurt","Sicherheitsgurte","e",3
"Sicherheitsventil","NEUT","Sicherheitsventil","Sicherheitsventile","e",4
"Sicherungsverwahrung","FEM","Sicherungsverwahrung","Sicherungsverwahrungen","en",6
"Sichler","MASC","Sichler","Sichler","ø",2
"Sichtbereich","MASC","Sichtbereich","Sichtbereiche","e",2
"Sichtfeld","NEUT","Sichtfeld","Sichtfelder","er",2
"Sichtgerät","NEUT","Sichtgerät","Sichtgeräte","e",3
"Sichtkontakt","MASC","Sichtkontakt","Sichtkontakte","e",3
"Sichtung","FEM","Sichtung","Sichtungen","en",2
"Sideboard","NEUT","Sideboard","Sideboards","s",3
"Siderit","MASC","Siderit","Siderite","e",3
"Sieb","NEUT","Sieb","Siebe","e",0
"Siebeneck","NEUT","Siebeneck","Siebenecke","e",2
"Siebener","MASC","Siebener","Siebener","ø",2
"Siebenflächner","MASC","Siebenflächner","Siebenflächner","ø",3
"Siebenkämpfer","MASC","Siebenkämpfer","Siebenkämpfer","ø",3
"Siebenmeilenstiefel","MASC","Siebenmeilenstiefel","Siebenmeilenstiefel","ø",3
"Siebenschläfer","MASC","Siebenschläfer","Siebenschläfer","ø",3
"Siebenschläfertag","MASC","Siebenschläfertag","Siebenschläfertage","e",4
"Siebzehneck","NEUT","Siebzehneck","Siebzehnecke","e",2
"Siebzigeck","NEUT","Siebzigeck","Siebzigecke","e",2
"Siedepunkt","MASC","Siedepunkt","Siedepunkte","e",2
"Siedewasserreaktor","MASC","Siedewasserreaktor","Siedewasserreaktoren","en",5
"Siedlung","FEM","Siedlung","Siedlungen","en",1
"Siegel","MASC","Siegel","Siegel","ø",1
"Siegelring","MASC","Siegelring","Siegelringe","e",2
"Sieger","MASC","Sieger","Sieger","ø",1
"Siel","MASC","Siel","Siele","e",0
"Sigel","NEUT","Sigel","Sigel","ø",2
"Sigma","NEUT","Sigma","Sigmas","s",2
"Signal","NEUT","Signal","Signale","e",2
"Signallicht","NEUT","Signallicht","Signallichter","er",3
"Signalweg","MASC","Signalweg","Signalwege","e",3
"Sigrist","MASC","Sigrist","Sigristen","en",2
"Silan","NEUT","Silan","Silane","e",2
"Silbenstecher","MASC","Silbenstecher","Silbenstecher","ø",4
"Silbenstrich","MASC","Silbenstrich","Silbenstriche","e",3
"Silberamalgam","NEUT","Silberamalgam","Silberamalgame","e",5
"Silberanteil","MASC","Silberanteil","Silberanteile","e",3
"Silberbarren","MASC","Silberbarren","Silberbarren","ø",4
"Silberbergwerk","NEUT","Silberbergwerk","Silberbergwerke","e",4
"Silberbesteck","NEUT","Silberbesteck","Silberbestecke","e",4
"Silberblättchen","NEUT","Silberblättchen","Silberblättchen","ø",4
"Silberblech","NEUT","Silberblech","Silberbleche","e",3
"Silberblick","MASC","Silberblick","Silberblicke","e",3
"Silberchalkogenid","NEUT","Silberchalkogenid","Silberchalkogenide","e",6
"Silbererz","NEUT","Silbererz","Silbererze","e",3
"Silberfisch","MASC","Silberfisch","Silberfische","e",3
"Silberfischchen","NEUT","Silberfischchen","Silberfischchen","ø",4
"Silbergäbelchen","NEUT","Silbergäbelchen","Silbergäbelchen","ø",5
"Silbergefäß","NEUT","Silbergefäß","Silbergefäße","e",4
"Silbergeflecht","NEUT","Silbergeflecht","Silbergeflechte","e",4
"Silbergehalt","MASC","Silbergehalt","Silbergehalte","e",4
"Silbergeschirr","NEUT","Silbergeschirr","Silbergeschirre","e",4
"Silberhalogenid","NEUT","Silberhalogenid","Silberhalogenide","e",6
"Silberhochzeit","FEM","Silberhochzeit","Silberhochzeiten","en",3
"Silberion","NEUT","Silberion","Silberionen","en",3
"Silberlachs","MASC","Silberlachs","Silberlachse","e",3
"Silberling","MASC","Silberling","Silberlinge","e",3
"Silberlöffel","MASC","Silberlöffel","Silberlöffel","ø",4
"Silberlöffelchen","NEUT","Silberlöffelchen","Silberlöffelchen","ø",5
"Silberlot","NEUT","Silberlot","Silberlote","e",3
"Silbermesser","NEUT","Silbermesser","Silbermesser","ø",4
"Silberoxid","NEUT","Silberoxid","Silberoxide","e",4
"Silberpapier","NEUT","Silberpapier","Silberpapiere","e",3
"Silberreiher","MASC","Silberreiher","Silberreiher","ø",3
"Silbersalz","NEUT","Silbersalz","Silbersalze","e",3
"Silberschmuck","MASC","Silberschmuck","Silberschmucke","e",3
"Silberstandard","MASC","Silberstandard","Silberstandards","s",4
"Silberwangen-Ameisenwürger","MASC","Silberwangen-Ameisenwürger","Silberwangen-Ameisenwürger","ø",8
"Silicat","NEUT","Silicat","Silicate","e",3
"Silicid","NEUT","Silicid","Silicide","e",3
"Siliciumhalogenid","NEUT","Siliciumhalogenid","Siliciumhalogenide","e",7
"Siliciumwasserstoff","NEUT","Siliciumwasserstoff","Siliciumwasserstoffe","e",6
"Silicon","NEUT","Silicon","Silicone","e",3
"Silikat","NEUT","Silikat","Silikate","e",3
"Silikon","NEUT","Silikon","Silikone","e",3
"Sillimanit","MASC","Sillimanit","Sillimanite","e",4
"Silt","MASC","Silt","Silte","e",1
"Simpel","MASC","Simpel","Simpel","ø",2
"Simulant","MASC","Simulant","Simulanten","en",3
"Singapurer","MASC","Singapurer","Singapurer","ø",4
"Single","MASC","Single","Singles","s",2
"Singrün","NEUT","Singrün","Singrüne","e",2
"Singspiel","NEUT","Singspiel","Singspiele","e",1
"Singularität","FEM","Singularität","Singularitäten","en",5
"Sinn","MASC","Sinn","Sinne","e",1
"Sinnbild","NEUT","Sinnbild","Sinnbilder","er",2
"Sinnesanregung","FEM","Sinnesanregung","Sinnesanregungen","en",5
"Sinnesnerv","MASC","Sinnesnerv","Sinnesnerven","en",3
"Sinnesreiz","MASC","Sinnesreiz","Sinnesreize","e",2
"Sinneswahrnehmung","FEM","Sinneswahrnehmung","Sinneswahrnehmungen","en",5
"Sinngedicht","NEUT","Sinngedicht","Sinngedichte","e",3
"Sinnlosigkeit","FEM","Sinnlosigkeit","Sinnlosigkeiten","en",3
"Sinter","MASC","Sinter","Sinter","ø",2
"Sittenbild","NEUT","Sittenbild","Sittenbilder","er",3
"Sittenpolizei","FEM","Sittenpolizei","Sittenpolizeien","en",4
"Sittich","MASC","Sittich","Sittiche","e",2
"Situation","FEM","Situation","Situationen","en",3
"Sitz","MASC","Sitz","Sitze","e",1
"Sitzbein","NEUT","Sitzbein","Sitzbeine","e",1
"Sitzkrieg","MASC","Sitzkrieg","Sitzkriege","e",1
"Sitzredakteur","MASC","Sitzredakteur","Sitzredakteure","e",3
"Sizilianer","MASC","Sizilianer","Sizilianer","ø",4
"Skalarfeld","NEUT","Skalarfeld","Skalarfelder","er",3
"Skalp","MASC","Skalp","Skalpe","e",1
"Skalpell","NEUT","Skalpell","Skalpelle","e",2
"Skandal","MASC","Skandal","Skandale","e",2
"Skandalartikel","MASC","Skandalartikel","Skandalartikel","ø",5
"Skarn","MASC","Skarn","Skarne","e",1
"Skat","MASC","Skat","Skate","e",1
"Skate","MASC","Skate","Skates","s",2
"Skateboard","NEUT","Skateboard","Skateboards","s",3
"Skelett","NEUT","Skelett","Skelette","e",2
"Sketch","MASC","Sketch","Sketche","e",1
"Sketsch","MASC","Sketsch","Sketsche","e",1
"Ski","MASC","Ski","Skier","er",1
"Skifahrer","MASC","Skifahrer","Skifahrer","ø",3
"Skigebiet","NEUT","Skigebiet","Skigebiete","e",2
"Skipper","MASC","Skipper","Skipper","ø",2
"Sklavenhalter","MASC","Sklavenhalter","Sklavenhalter","ø",4
"Sklaventreiber","MASC","Sklaventreiber","Sklaventreiber","ø",3
"Skutterudit","MASC","Skutterudit","Skutterudite","e",4
"Slawisierung","FEM","Slawisierung","Slawisierungen","en",3
"Slogan","MASC","Slogan","Slogans","s",2
"Slum","MASC","Slum","Slums","s",1
"Smaragd","MASC","Smaragd","Smaragde","e",2
"Smaragdkehlkolibri","MASC","Smaragdkehlkolibri","Smaragdkehlkolibris","s",6
"Smartcard","FEM","Smartcard","Smartcards","s",2
"Smartphone","NEUT","Smartphone","Smartphones","s",3
"Smectit","MASC","Smectit","Smectite","e",2
"Smektit","MASC","Smektit","Smektite","e",2
"Smog","MASC","Smog","Smogs","s",1
"Smoking","MASC","Smoking","Smokings","s",2
"Snack","MASC","Snack","Snacks","s",1
"Snaresinselpinguin","MASC","Snaresinselpinguin","Snaresinselpinguine","e",6
"Sockel","MASC","Sockel","Sockel","ø",2
"Sodomist","MASC","Sodomist","Sodomisten","en",3
"Sofa","NEUT","Sofa","Sofas","s",2
"Sofatisch","MASC","Sofatisch","Sofatische","e",3
"Sofi","FEM","Sofi","Sofis","s",2
"Software","FEM","Software","Softwares","s",3
"Softwareentwickler","MASC","Softwareentwickler","Softwareentwickler","ø",5
"Softwareentwicklungsprozess","MASC","Softwareentwicklungsprozess","Softwareentwicklungsprozesse","e",7
"Sog","MASC","Sog","Soge","e",1
"Söhnchen","NEUT","Söhnchen","Söhnchen","ø",2
"Söhnlein","NEUT","Söhnlein","Söhnlein","ø",1
"Sojamehl","NEUT","Sojamehl","Sojamehle","e",3
"Sojamilch","FEM","Sojamilch","Sojamilche","e",3
"Sol","NEUT","Sol","Sole","e",1
"Sold","MASC","Sold","Solde","e",1
"Soldat","MASC","Soldat","Soldaten","en",2
"Söldner","MASC","Söldner","Söldner","ø",2
"Söller","MASC","Söller","Söller","ø",2
"Sollwert","MASC","Sollwert","Sollwerte","e",2
"Solotänzer","MASC","Solotänzer","Solotänzer","ø",4
"Somit","MASC","Somit","Somite","e",2
"Sommer","MASC","Sommer","Sommer","ø",2
"Sommerkleid","NEUT","Sommerkleid","Sommerkleider","er",2
"Sommerkleidchen","NEUT","Sommerkleidchen","Sommerkleidchen","ø",3
"Sommermonat","MASC","Sommermonat","Sommermonate","e",4
"Sommerreifen","MASC","Sommerreifen","Sommerreifen","ø",3
"Sonderangebot","NEUT","Sonderangebot","Sonderangebote","e",5
"Sonderbarkeit","FEM","Sonderbarkeit","Sonderbarkeiten","en",3
"Sonderbericht","MASC","Sonderbericht","Sonderberichte","e",4
"Sonderheit","FEM","Sonderheit","Sonderheiten","en",2
"Sonderkommission","FEM","Sonderkommission","Sonderkommissionen","en",5
"Sonderkunststoff","MASC","Sonderkunststoff","Sonderkunststoffe","e",4
"Sonderling","MASC","Sonderling","Sonderlinge","e",3
"Sonderrecht","NEUT","Sonderrecht","Sonderrechte","e",3
"Sonderzeichen","NEUT","Sonderzeichen","Sonderzeichen","ø",3
"Sonett","NEUT","Sonett","Sonette","e",2
"Song","MASC","Song","Songs","s",1
"Songtext","MASC","Songtext","Songtexte","e",2
"Sonnabend","MASC","Sonnabend","Sonnabende","e",3
"Sonnabendabend","MASC","Sonnabendabend","Sonnabendabende","e",5
"Sonnabendmittag","MASC","Sonnabendmittag","Sonnabendmittage","e",5
"Sonnabendnachmittag","MASC","Sonnabendnachmittag","Sonnabendnachmittage","e",6
"Sonnabendvormittag","MASC","Sonnabendvormittag","Sonnabendvormittage","e",6
"Sonnenblumenkern","MASC","Sonnenblumenkern","Sonnenblumenkerne","e",5
"Sonnenblumenöl","NEUT","Sonnenblumenöl","Sonnenblumenöle","e",5
"Sonnencreme","FEM","Sonnencreme","Sonnencremes","s",4
"Sonnenjahr","NEUT","Sonnenjahr","Sonnenjahre","e",3
"Sonnenschirm","MASC","Sonnenschirm","Sonnenschirme","e",3
"Sonnensegel","NEUT","Sonnensegel","Sonnensegel","ø",4
"Sonnenstrahl","MASC","Sonnenstrahl","Sonnenstrahlen","en",3
"Sonnensystem","NEUT","Sonnensystem","Sonnensysteme","e",4
"Sonnentag","MASC","Sonnentag","Sonnentage","e",3
"Sonnentau","MASC","Sonnentau","Sonnentaue","e",2
"Sonnenwind","MASC","Sonnenwind","Sonnenwinde","e",3
"Sonntagabend","MASC","Sonntagabend","Sonntagabende","e",4
"Sonntagmittag","MASC","Sonntagmittag","Sonntagmittage","e",4
"Sonntagnachmittag","MASC","Sonntagnachmittag","Sonntagnachmittage","e",5
"Sonntagsbraten","MASC","Sonntagsbraten","Sonntagsbraten","ø",4
"Sonntagsbrötchen","NEUT","Sonntagsbrötchen","Sonntagsbrötchen","ø",4
"Sonntagsfahrer","MASC","Sonntagsfahrer","Sonntagsfahrer","ø",4
"Sonntagskind","NEUT","Sonntagskind","Sonntagskinder","er",3
"Sonntagvormittag","MASC","Sonntagvormittag","Sonntagvormittage","e",5
"Sooretama-Tropfenameisenwürger","MASC","Sooretama-Tropfenameisenwürger","Sooretama-Tropfenameisenwürger","ø",10
"Sopran","MASC","Sopran","Soprane","e",2
"Sorbet","NEUT","Sorbet","Sorbets","s",2
"Sorgerecht","NEUT","Sorgerecht","Sorgerechte","e",3
"Sortenplural","MASC","Sortenplural","Sortenplurale","e",4
"Sortiment","NEUT","Sortiment","Sortimente","e",3
"Souverän","MASC","Souverän","Souveräne","e",3
"Souveränität","FEM","Souveränität","Souveränitäten","en",5
"Sowchos","MASC","Sowchos","Sowchose","e",2
"Sowjetrepublik","FEM","Sowjetrepublik","Sowjetrepubliken","en",5
"Sozi","MASC","Sozi","Sozis","s",2
"Sozialarbeiter","MASC","Sozialarbeiter","Sozialarbeiter","ø",4
"Sozialdemokrat","MASC","Sozialdemokrat","Sozialdemokraten","en",5
"Sozialist","MASC","Sozialist","Sozialisten","en",3
"Sozialschmarotzer","MASC","Sozialschmarotzer","Sozialschmarotzer","ø",5
"Sozialstaat","MASC","Sozialstaat","Sozialstaaten","en",3
"Sozialwissenschaft","FEM","Sozialwissenschaft","Sozialwissenschaften","en",5
"Sozinianer","MASC","Sozinianer","Sozinianer","ø",4
"Soziolekt","MASC","Soziolekt","Soziolekte","e",3
"Spachtel","MASC","Spachtel","Spachtel","ø",2
"Spacken","MASC","Spacken","Spacken","ø",2
"Spaghetti","FEM","Spaghetti","Spaghetti","ø",3
"Späher","MASC","Späher","Späher","ø",2
"Spalt","MASC","Spalt","Spalte","e",1
"Spaltprodukt","MASC","Spaltprodukt","Spaltprodukte","e",3
"Spanferkel","NEUT","Spanferkel","Spanferkel","ø",3
"Spanier","MASC","Spanier","Spanier","ø",1
"Spann","MASC","Spann","Spanne","e",1
"Spanner","MASC","Spanner","Spanner","ø",2
"Spannrahmen","MASC","Spannrahmen","Spannrahmen","ø",3
"Spannung","FEM","Spannung","Spannungen","en",2
"Spannungsregler","MASC","Spannungsregler","Spannungsregler","ø",4
"Spargel","FEM","Spargel","Spargel","ø",2
"Spargeltarzan","MASC","Spargeltarzan","Spargeltarzane","e",4
"Sparpaket","NEUT","Sparpaket","Sparpakete","e",3
"Sparschwein","NEUT","Sparschwein","Sparschweine","e",1
"Spaßmacher","MASC","Spaßmacher","Spaßmacher","ø",3
"Spat","MASC","Spat","Spate","e",1
"Spätdienst","MASC","Spätdienst","Spätdienste","e",1
"Spaten","MASC","Spaten","Spaten","ø",2
"Spath","MASC","Spath","Spathe","e",1
"Spätherbst","MASC","Spätherbst","Spätherbste","e",2
"Spätschicht","FEM","Spätschicht","Spätschichten","en",2
"Spätsommer","MASC","Spätsommer","Spätsommer","ø",3
"Spätwinter","MASC","Spätwinter","Spätwinter","ø",3
"Spatz","MASC","Spatz","Spatzen","en",1
"Spaziergänger","MASC","Spaziergänger","Spaziergänger","ø",3
"Specht","MASC","Specht","Spechte","e",1
"Species","FEM","Species","Species","ø",1
"Speck","MASC","Speck","Specke","e",1
"Speer","MASC","Speer","Speere","e",1
"Speerwerfer","MASC","Speerwerfer","Speerwerfer","ø",3
"Speichellecker","MASC","Speichellecker","Speichellecker","ø",3
"Speichenschlüssel","MASC","Speichenschlüssel","Speichenschlüssel","ø",3
"Speichenspanner","MASC","Speichenspanner","Speichenspanner","ø",3
"Speichereiweiß","NEUT","Speichereiweiß","Speichereiweiße","e",1
"Speicherkraftwerk","NEUT","Speicherkraftwerk","Speicherkraftwerke","e",3
"Speiseeis","NEUT","Speiseeis","Speiseeise","e",1
"Speisenbereich","MASC","Speisenbereich","Speisenbereiche","e",2
"Speisepilz","MASC","Speisepilz","Speisepilze","e",2
"Speisesalz","NEUT","Speisesalz","Speisesalze","e",2
"Speisopfer","NEUT","Speisopfer","Speisopfer","ø",2
"Spektakel","MASC","Spektakel","Spektakel","ø",3
"Spektralbereich","MASC","Spektralbereich","Spektralbereiche","e",3
"Spektrogramm","NEUT","Spektrogramm","Spektrogramme","e",3
"Spektroskop","NEUT","Spektroskop","Spektroskope","e",3
"Spektrum","NEUT","Spektrum","Spektrumen","en",2
"Spekulationsobjekt","NEUT","Spekulationsobjekt","Spekulationsobjekte","e",6
"Spelz","MASC","Spelz","Spelze","e",1
"Spender","MASC","Spender","Spender","ø",2
"Spenderorgan","NEUT","Spenderorgan","Spenderorgane","e",4
"Sperber","MASC","Sperber","Sperber","ø",2
"Sperling","MASC","Sperling","Sperlinge","e",2
"Sperrdifferential","NEUT","Sperrdifferential","Sperrdifferentiale","e",5
"Sperrgebiet","NEUT","Sperrgebiet","Sperrgebiete","e",2
"Sperrung","FEM","Sperrung","Sperrungen","en",2
"Spesenbeleg","MASC","Spesenbeleg","Spesenbelege","e",4
"Spessartin","MASC","Spessartin","Spessartine","e",3
"Spezialist","MASC","Spezialist","Spezialisten","en",3
"Spezialität","FEM","Spezialität","Spezialitäten","en",4
"Spezialkunststoff","MASC","Spezialkunststoff","Spezialkunststoffe","e",4
"Spezies","FEM","Spezies","Spezies","ø",1
"Sphalerit","MASC","Sphalerit","Sphalerite","e",3
"Sphinx","MASC","Sphinx","Sphinxen","en",1
"Spiegel","MASC","Spiegel","Spiegel","ø",1
"Spiegelbild","NEUT","Spiegelbild","Spiegelbilder","er",2
"Spiegelbildchen","NEUT","Spiegelbildchen","Spiegelbildchen","ø",3
"Spiegelchen","NEUT","Spiegelchen","Spiegelchen","ø",2
"Spiegelstrich","MASC","Spiegelstrich","Spiegelstriche","e",2
"Spiegeltest","MASC","Spiegeltest","Spiegelteste","e",2
"Spieglein","NEUT","Spieglein","Spieglein","ø",0
"Spiel","NEUT","Spiel","Spiele","e",0
"Spielautomat","MASC","Spielautomat","Spielautomaten","en",2
"Spielautomatensalon","MASC","Spielautomatensalon","Spielautomatensalons","s",5
"Spielchen","NEUT","Spielchen","Spielchen","ø",1
"Spieler","MASC","Spieler","Spieler","ø",1
"Spielfeld","NEUT","Spielfeld","Spielfelder","er",1
"Spielfigur","FEM","Spielfigur","Spielfiguren","en",2
"Spielothek","FEM","Spielothek","Spielotheken","en",2
"Spieltag","MASC","Spieltag","Spieltage","e",1
"Spielverderber","MASC","Spielverderber","Spielverderber","ø",3
"Spielwerk","NEUT","Spielwerk","Spielwerke","e",1
"Spielzeug","NEUT","Spielzeug","Spielzeuge","e",0
"Spielzeugverkäufer","MASC","Spielzeugverkäufer","Spielzeugverkäufer","ø",2
"Spieß","MASC","Spieß","Spieße","e",0
"Spießbürger","MASC","Spießbürger","Spießbürger","ø",2
"Spießer","MASC","Spießer","Spießer","ø",1
"Spill","NEUT","Spill","Spille","e",1
"Spilling","MASC","Spilling","Spillinge","e",2
"Spinat","MASC","Spinat","Spinate","e",2
"Spind","MASC","Spind","Spinde","e",1
"Spinell","MASC","Spinell","Spinelle","e",2
"Spinnennetz","NEUT","Spinnennetz","Spinnennetze","e",3
"Spinnentier","NEUT","Spinnentier","Spinnentiere","e",2
"Spinner","MASC","Spinner","Spinner","ø",2
"Spinngewebe","NEUT","Spinngewebe","Spinngewebe","ø",4
"Spinnlein","NEUT","Spinnlein","Spinnlein","ø",1
"Spinnrädchen","NEUT","Spinnrädchen","Spinnrädchen","ø",3
"Spinnweben","NEUT","Spinnweben","Spinnweben","ø",3
"Spinquantenzahl","FEM","Spinquantenzahl","Spinquantenzahlen","en",4
"Spiralnebel","MASC","Spiralnebel","Spiralnebel","ø",4
"Spiralschneider","MASC","Spiralschneider","Spiralschneider","ø",3
"Spiritus","MASC","Spiritus","Spiritus","ø",3
"Spitz","NEUT","Spitz","Spitze","e",1
"Spitzel","MASC","Spitzel","Spitzel","ø",2
"Spitzenhäubchen","NEUT","Spitzenhäubchen","Spitzenhäubchen","ø",3
"Spitzenkandidat","MASC","Spitzenkandidat","Spitzenkandidaten","en",5
"Spitzenprädator","MASC","Spitzenprädator","Spitzenprädatoren","en",5
"Spitzenqualität","FEM","Spitzenqualität","Spitzenqualitäten","en",5
"Spitzenreiter","MASC","Spitzenreiter","Spitzenreiter","ø",3
"Spitzenspiel","NEUT","Spitzenspiel","Spitzenspiele","e",2
"Spitzenspieler","MASC","Spitzenspieler","Spitzenspieler","ø",3
"Spitzentänzer","MASC","Spitzentänzer","Spitzentänzer","ø",4
"Spitzer","MASC","Spitzer","Spitzer","ø",2
"Splitt","MASC","Splitt","Splitte","e",1
"Splitter","MASC","Splitter","Splitter","ø",2
"Spodumen","MASC","Spodumen","Spodumene","e",3
"Spoiler","MASC","Spoiler","Spoiler","ø",2
"Sport","MASC","Sport","Sporte","e",1
"Sportartikel","MASC","Sportartikel","Sportartikel","ø",4
"Sportclub","MASC","Sportclub","Sportclubs","s",2
"Sportgerät","NEUT","Sportgerät","Sportgeräte","e",3
"Sportherz","NEUT","Sportherz","Sportherzen","en",2
"Sportklub","MASC","Sportklub","Sportklubs","s",2
"Sportler","MASC","Sportler","Sportler","ø",2
"Sportlerherz","NEUT","Sportlerherz","Sportlerherzen","en",3
"Sportmannschaft","FEM","Sportmannschaft","Sportmannschaften","en",3
"Sportsfreund","MASC","Sportsfreund","Sportsfreunde","e",1
"Sportzeitschrift","FEM","Sportzeitschrift","Sportzeitschriften","en",2
"Spot","MASC","Spot","Spots","s",1
"Spötter","MASC","Spötter","Spötter","ø",2
"Spottgedicht","NEUT","Spottgedicht","Spottgedichte","e",3
"Sprachgewalt","FEM","Sprachgewalt","Sprachgewalten","en",3
"Sprachkurs","MASC","Sprachkurs","Sprachkurse","e",2
"Sprachlaut","MASC","Sprachlaut","Sprachlaute","e",1
"Sprachnachricht","FEM","Sprachnachricht","Sprachnachrichten","en",3
"Sprachratgeber","MASC","Sprachratgeber","Sprachratgeber","ø",4
"Sprachrohr","NEUT","Sprachrohr","Sprachrohre","e",2
"Sprachspiel","NEUT","Sprachspiel","Sprachspiele","e",1
"Sprachstil","MASC","Sprachstil","Sprachstile","e",2
"Sprachteil","MASC","Sprachteil","Sprachteile","e",1
"Sprachtheil","MASC","Sprachtheil","Sprachtheile","e",1
"Sprachtod","MASC","Sprachtod","Sprachtode","e",2
"Sprachvarietät","FEM","Sprachvarietät","Sprachvarietäten","en",3
"Sprachverschlüsselungsgerät","NEUT","Sprachverschlüsselungsgerät","Sprachverschlüsselungsgeräte","e",7
"Sprachwissenschaft","FEM","Sprachwissenschaft","Sprachwissenschaften","en",4
"Sprachwissenschaftler","MASC","Sprachwissenschaftler","Sprachwissenschaftler","ø",5
"Sprechbläschen","NEUT","Sprechbläschen","Sprechbläschen","ø",3
"Sprecher","MASC","Sprecher","Sprecher","ø",2
"Sprechzeit","FEM","Sprechzeit","Sprechzeiten","en",1
"Sprengel","MASC","Sprengel","Sprengel","ø",2
"Sprengstoff","MASC","Sprengstoff","Sprengstoffe","e",2
"Sprengstoffgürtel","MASC","Sprengstoffgürtel","Sprengstoffgürtel","ø",4
"Springbrunnen","MASC","Springbrunnen","Springbrunnen","ø",3
"Springer","MASC","Springer","Springer","ø",2
"Springinsfeld","MASC","Springinsfeld","Springinsfelde","e",3
"Springmesser","NEUT","Springmesser","Springmesser","ø",3
"Springpferd","NEUT","Springpferd","Springpferde","e",2
"Sprinkler","MASC","Sprinkler","Sprinkler","ø",2
"Sprinz","MASC","Sprinz","Sprinze","e",1
"Spritzfisch","MASC","Spritzfisch","Spritzfische","e",2
"Spritzkuchen","MASC","Spritzkuchen","Spritzkuchen","ø",3
"Spritztour","FEM","Spritztour","Spritztouren","en",2
"Sprödmetall","NEUT","Sprödmetall","Sprödmetalle","e",3
"Spross","MASC","Spross","Sprosse","e",1
"Sprosser","MASC","Sprosser","Sprosser","ø",2
"Sprössling","MASC","Sprössling","Sprösslinge","e",2
"Sprossvokal","MASC","Sprossvokal","Sprossvokale","e",3
"Sprüchlein","NEUT","Sprüchlein","Sprüchlein","ø",1
"Sprudel","MASC","Sprudel","Sprudel","ø",2
"Sprühkäse","MASC","Sprühkäse","Sprühkäse","ø",3
"Sprühnebel","MASC","Sprühnebel","Sprühnebel","ø",3
"Sprühregen","MASC","Sprühregen","Sprühregen","ø",3
"Sprungbrett","NEUT","Sprungbrett","Sprungbretter","er",2
"Sprunggelenk","NEUT","Sprunggelenk","Sprunggelenke","e",3
"Spülbecken","NEUT","Spülbecken","Spülbecken","ø",3
"Spüli","NEUT","Spüli","Spülis","s",2
"Spüllappen","MASC","Spüllappen","Spüllappen","ø",3
"Spülmittel","NEUT","Spülmittel","Spülmittel","ø",3
"Spurenelement","NEUT","Spurenelement","Spurenelemente","e",5
"Staat","MASC","Staat","Staaten","en",1
"Staatengebilde","NEUT","Staatengebilde","Staatengebilde","ø",5
"Staatsanwaltschaft","FEM","Staatsanwaltschaft","Staatsanwaltschaften","en",4
"Staatsbesuch","MASC","Staatsbesuch","Staatsbesuche","e",3
"Staatsbürger","MASC","Staatsbürger","Staatsbürger","ø",3
"Staatschef","MASC","Staatschef","Staatschefs","s",2
"Staatsfeind","MASC","Staatsfeind","Staatsfeinde","e",1
"Staatsgebiet","NEUT","Staatsgebiet","Staatsgebiete","e",2
"Staatsgewalt","FEM","Staatsgewalt","Staatsgewalten","en",3
"Staatsorchester","NEUT","Staatsorchester","Staatsorchester","ø",4
"Staatspräsident","MASC","Staatspräsident","Staatspräsidenten","en",4
"Staatsschutzdelikt","NEUT","Staatsschutzdelikt","Staatsschutzdelikte","e",4
"Staatsschützer","MASC","Staatsschützer","Staatsschützer","ø",3
"Staatssekretär","MASC","Staatssekretär","Staatssekretäre","e",4
"Staatsstreich","MASC","Staatsstreich","Staatsstreiche","e",1
"Stäbchen","NEUT","Stäbchen","Stäbchen","ø",2
"Stabhochspringer","MASC","Stabhochspringer","Stabhochspringer","ø",4
"Stabilisierungsmittel","NEUT","Stabilisierungsmittel","Stabilisierungsmittel","ø",6
"Stabkirchlein","NEUT","Stabkirchlein","Stabkirchlein","ø",2
"Stabreim","MASC","Stabreim","Stabreime","e",1
"Stachelschwein","NEUT","Stachelschwein","Stachelschweine","e",2
"Stadtbezirk","MASC","Stadtbezirk","Stadtbezirke","e",3
"Stadtbibliothek","FEM","Stadtbibliothek","Stadtbibliotheken","en",4
"Stadtbücherei","FEM","Stadtbücherei","Stadtbüchereien","en",3
"Stadtbummel","MASC","Stadtbummel","Stadtbummel","ø",3
"Städtchen","NEUT","Städtchen","Städtchen","ø",2
"Städtepartnerschaft","FEM","Städtepartnerschaft","Städtepartnerschaften","en",5
"Städter","MASC","Städter","Städter","ø",2
"Stadtgebiet","NEUT","Stadtgebiet","Stadtgebiete","e",2
"Stadtgespräch","NEUT","Stadtgespräch","Stadtgespräche","e",3
"Städtlein","NEUT","Städtlein","Städtlein","ø",1
"Stadtmusikant","MASC","Stadtmusikant","Stadtmusikanten","en",4
"Stadtparlament","NEUT","Stadtparlament","Stadtparlamente","e",4
"Stadtplanung","FEM","Stadtplanung","Stadtplanungen","en",3
"Stadtrandgebiet","NEUT","Stadtrandgebiet","Stadtrandgebiete","e",3
"Stadtstaat","MASC","Stadtstaat","Stadtstaaten","en",2
"Stadtteil","MASC","Stadtteil","Stadtteile","e",1
"Stadtviertel","NEUT","Stadtviertel","Stadtviertel","ø",2
"Stahlbeton","MASC","Stahlbeton","Stahlbetone","e",3
"Stahlgerüst","NEUT","Stahlgerüst","Stahlgerüste","e",3
"Stahlhelm","MASC","Stahlhelm","Stahlhelme","e",2
"Stahlträger","MASC","Stahlträger","Stahlträger","ø",3
"Stahlwerk","NEUT","Stahlwerk","Stahlwerke","e",2
"Staket","NEUT","Staket","Stakete","e",2
"Stalag","NEUT","Stalag","Stalags","s",2
"Stalagmit","MASC","Stalagmit","Stalagmiten","en",3
"Stalaktit","MASC","Stalaktit","Stalaktiten","en",3
"Stalinist","MASC","Stalinist","Stalinisten","en",3
"Ställchen","NEUT","Ställchen","Ställchen","ø",2
"Stammbesucher","MASC","Stammbesucher","Stammbesucher","ø",4
"Stammgast","MASC","Stammgast","Stammgaste","e",2
"Stammlager","NEUT","Stammlager","Stammlager","ø",3
"Stammtisch","MASC","Stammtisch","Stammtische","e",2
"Stampfer","MASC","Stampfer","Stampfer","ø",2
"Standard","MASC","Standard","Standards","s",2
"Standarddeutsch","NEUT","Standarddeutsch","Standarddeutsche","e",2
"Standardkunststoff","MASC","Standardkunststoff","Standardkunststoffe","e",4
"Standardpotential","NEUT","Standardpotential","Standardpotentiale","e",5
"Standardwerk","NEUT","Standardwerk","Standardwerke","e",3
"Standardwert","MASC","Standardwert","Standardwerte","e",3
"Ständchen","NEUT","Ständchen","Ständchen","ø",2
"Stander","MASC","Stander","Stander","ø",2
"Ständer","MASC","Ständer","Ständer","ø",2
"Ständerpilz","MASC","Ständerpilz","Ständerpilze","e",3
"Standort","MASC","Standort","Standorte","e",2
"Standpunkt","MASC","Standpunkt","Standpunkte","e",2
"Stängel","MASC","Stängel","Stängel","ø",2
"Stannan","NEUT","Stannan","Stannane","e",2
"Stannat","NEUT","Stannat","Stannate","e",2
"Stannit","NEUT","Stannit","Stannite","e",2
"Stapel","MASC","Stapel","Stapel","ø",2
"Star","MASC","Star","Stare","e",1
"Starkbier","NEUT","Starkbier","Starkbiere","e",1
"Stärkungsmittel","NEUT","Stärkungsmittel","Stärkungsmittel","ø",4
"Starter","MASC","Starter","Starter","ø",2
"Station","FEM","Station","Stationen","en",2
"Stationierung","FEM","Stationierung","Stationierungen","en",3
"Statist","MASC","Statist","Statisten","en",2
"Statistik","FEM","Statistik","Statistiken","en",3
"Statistiker","MASC","Statistiker","Statistiker","ø",4
"Stativ","NEUT","Stativ","Stative","e",2
"Statthalter","MASC","Statthalter","Statthalter","ø",3
"Statur","FEM","Statur","Staturen","en",2
"Statut","NEUT","Statut","Statuten","en",2
"Stau","MASC","Stau","Staue","e",0
"Stäubchen","NEUT","Stäubchen","Stäubchen","ø",1
"Staubgefäß","NEUT","Staubgefäß","Staubgefäße","e",2
"Staublappen","MASC","Staublappen","Staublappen","ø",2
"Stäublein","NEUT","Stäublein","Stäublein","ø",0
"Staubsauger","MASC","Staubsauger","Staubsauger","ø",1
"Staubwedel","MASC","Staubwedel","Staubwedel","ø",2
"Steak","NEUT","Steak","Steaks","s",1
"Steakmesser","NEUT","Steakmesser","Steakmesser","ø",3
"Stearat","NEUT","Stearat","Stearate","e",2
"Stecher","MASC","Stecher","Stecher","ø",2
"Stechschritt","MASC","Stechschritt","Stechschritte","e",2
"Steckbrief","MASC","Steckbrief","Steckbriefe","e",1
"Stecken","MASC","Stecken","Stecken","ø",2
"Steckenpferd","NEUT","Steckenpferd","Steckenpferde","e",3
"Stecker","MASC","Stecker","Stecker","ø",2
"Steckling","MASC","Steckling","Stecklinge","e",2
"Stegosaurier","MASC","Stegosaurier","Stegosaurier","ø",2
"Stegreif","MASC","Stegreif","Stegreife","e",1
"Stegreifdichtung","FEM","Stegreifdichtung","Stegreifdichtungen","en",3
"Steig","MASC","Steig","Steige","e",0
"Steiger","MASC","Steiger","Steiger","ø",1
"Steigerungsform","FEM","Steigerungsform","Steigerungsformen","en",3
"Steigrohr","NEUT","Steigrohr","Steigrohre","e",1
"Stein","MASC","Stein","Steine","e",0
"Steinadler","MASC","Steinadler","Steinadler","ø",2
"Steinbeißer","MASC","Steinbeißer","Steinbeißer","ø",1
"Steinbrech","MASC","Steinbrech","Steinbreche","e",1
"Steinbutt","MASC","Steinbutt","Steinbutte","e",1
"Steinchen","NEUT","Steinchen","Steinchen","ø",1
"Steinhaufen","MASC","Steinhaufen","Steinhaufen","ø",1
"Steinigung","FEM","Steinigung","Steinigungen","en",2
"Steinmarder","MASC","Steinmarder","Steinmarder","ø",2
"Steinmetz","MASC","Steinmetz","Steinmetzen","en",1
"Steinpilz","MASC","Steinpilz","Steinpilze","e",1
"Steinsalz","NEUT","Steinsalz","Steinsalze","e",1
"Steinschmätzer","MASC","Steinschmätzer","Steinschmätzer","ø",2
"Steinwälzer","MASC","Steinwälzer","Steinwälzer","ø",2
"Steinzeit","FEM","Steinzeit","Steinzeiten","en",0
"Steiß","MASC","Steiß","Steiße","e",0
"Steißbein","NEUT","Steißbein","Steißbeine","e",0
"Stellenangebot","NEUT","Stellenangebot","Stellenangebote","e",5
"Stellenanwärter","MASC","Stellenanwärter","Stellenanwärter","ø",5
"Stellenbewerber","MASC","Stellenbewerber","Stellenbewerber","ø",5
"Stellenwert","MASC","Stellenwert","Stellenwerte","e",3
"Stellenwertsystem","NEUT","Stellenwertsystem","Stellenwertsysteme","e",5
"Stellung","FEM","Stellung","Stellungen","en",2
"Stellungskrieg","MASC","Stellungskrieg","Stellungskriege","e",2
"Stellvertreter","MASC","Stellvertreter","Stellvertreter","ø",4
"Stellvertreterkrieg","MASC","Stellvertreterkrieg","Stellvertreterkriege","e",4
"Stempel","MASC","Stempel","Stempel","ø",2
"Stengel","MASC","Stengel","Stengel","ø",2
"Stenograf","MASC","Stenograf","Stenografen","en",3
"Steppenbewohner","MASC","Steppenbewohner","Steppenbewohner","ø",5
"Steppenwaran","MASC","Steppenwaran","Steppenwarane","e",4
"Stepper","MASC","Stepper","Stepper","ø",2
"Stereotyp","NEUT","Stereotyp","Stereotype","e",3
"Stern","MASC","Stern","Sterne","e",1
"Sternbild","NEUT","Sternbild","Sternbilder","er",2
"Sternchen","NEUT","Sternchen","Sternchen","ø",2
"Sterndeuter","MASC","Sterndeuter","Sterndeuter","ø",2
"Sterndeuterei","FEM","Sterndeuterei","Sterndeutereien","en",2
"Sternenbanner","NEUT","Sternenbanner","Sternenbanner","ø",4
"Sterngucker","MASC","Sterngucker","Sterngucker","ø",3
"Sternhaufen","MASC","Sternhaufen","Sternhaufen","ø",2
"Sternlein","NEUT","Sternlein","Sternlein","ø",1
"Sternsinger","MASC","Sternsinger","Sternsinger","ø",3
"Sternwind","MASC","Sternwind","Sternwinde","e",2
"Sternzeichen","NEUT","Sternzeichen","Sternzeichen","ø",2
"Sterz","MASC","Sterz","Sterze","e",1
"Stethoskop","NEUT","Stethoskop","Stethoskope","e",3
"Steuerberater","MASC","Steuerberater","Steuerberater","ø",4
"Steuerbord","NEUT","Steuerbord","Steuerborde","e",2
"Steuergeld","NEUT","Steuergeld","Steuergelder","er",2
"Steuerhinterziehung","FEM","Steuerhinterziehung","Steuerhinterziehungen","en",4
"Steuerung","FEM","Steuerung","Steuerungen","en",2
"Steuerwagen","MASC","Steuerwagen","Steuerwagen","ø",3
"Steuerzahler","MASC","Steuerzahler","Steuerzahler","ø",3
"Stich","MASC","Stich","Stiche","e",1
"Stichtag","MASC","Stichtag","Stichtage","e",2
"Stichwahl","FEM","Stichwahl","Stichwahlen","en",2
"Stickoxid","NEUT","Stickoxid","Stickoxide","e",3
"Stickstoffatom","NEUT","Stickstoffatom","Stickstoffatome","e",4
"Stickstoffhalogenid","NEUT","Stickstoffhalogenid","Stickstoffhalogenide","e",6
"Stickstoffmolekül","NEUT","Stickstoffmolekül","Stickstoffmoleküle","e",5
"Stiefel","MASC","Stiefel","Stiefel","ø",1
"Stiefelknecht","MASC","Stiefelknecht","Stiefelknechte","e",2
"Stiefkind","NEUT","Stiefkind","Stiefkinder","er",1
"Stiefmütterchen","NEUT","Stiefmütterchen","Stiefmütterchen","ø",3
"Stieglitz","MASC","Stieglitz","Stieglitze","e",1
"Stiel","MASC","Stiel","Stiele","e",0
"Stier","MASC","Stier","Stiere","e",0
"Stift","NEUT","Stift","Stifte","e",1
"Stigmatisation","FEM","Stigmatisation","Stigmatisationen","en",5
"Stigmatisierung","FEM","Stigmatisierung","Stigmatisierungen","en",4
"Stil","MASC","Stil","Stile","e",1
"Stilist","MASC","Stilist","Stilisten","en",2
"Stillleben","NEUT","Stillleben","Stillleben","ø",3
"Stilllegung","FEM","Stilllegung","Stilllegungen","en",3
"Stimmregister","NEUT","Stimmregister","Stimmregister","ø",4
"Stirlingmotor","MASC","Stirlingmotor","Stirlingmotoren","en",4
"Stishovit","MASC","Stishovit","Stishovite","e",3
"Stöckel","NEUT","Stöckel","Stöckel","ø",2
"Stöckelschuh","MASC","Stöckelschuh","Stöckelschuhe","e",3
"Stockfisch","MASC","Stockfisch","Stockfische","e",2
"Stockwerk","NEUT","Stockwerk","Stockwerke","e",2
"Stoff","MASC","Stoff","Stoffe","e",1
"Stoffel","MASC","Stoffel","Stoffel","ø",2
"Stoffmengenanteil","MASC","Stoffmengenanteil","Stoffmengenanteile","e",4
"Stofftier","NEUT","Stofftier","Stofftiere","e",1
"Stoffwechsel","MASC","Stoffwechsel","Stoffwechsel","ø",3
"Stoffwechselprodukt","NEUT","Stoffwechselprodukt","Stoffwechselprodukte","e",5
"Stoffwechselprozess","MASC","Stoffwechselprozess","Stoffwechselprozesse","e",5
"Stoffwechselweg","MASC","Stoffwechselweg","Stoffwechselwege","e",4
"Stoiker","MASC","Stoiker","Stoiker","ø",2
"Stollen","MASC","Stollen","Stollen","ø",2
"Stolperstein","MASC","Stolperstein","Stolpersteine","e",2
"Stop","MASC","Stop","Stops","s",1
"Stopp","MASC","Stopp","Stopps","s",1
"Stöpsel","MASC","Stöpsel","Stöpsel","ø",2
"Störenfried","MASC","Störenfried","Störenfriede","e",2
"Stoßdämpfer","MASC","Stoßdämpfer","Stoßdämpfer","ø",3
"Stößel","MASC","Stößel","Stößel","ø",2
"Stößer","MASC","Stößer","Stößer","ø",2
"Stotz","MASC","Stotz","Stotzen","en",1
"Stotzen","MASC","Stotzen","Stotzen","ø",2
"Stövchen","NEUT","Stövchen","Stövchen","ø",2
"Strafbarkeit","FEM","Strafbarkeit","Strafbarkeiten","en",2
"Strafgericht","NEUT","Strafgericht","Strafgerichte","e",3
"Strafgerichtsbarkeit","FEM","Strafgerichtsbarkeit","Strafgerichtsbarkeiten","en",4
"Strafrechtler","MASC","Strafrechtler","Strafrechtler","ø",3
"Straftäter","MASC","Straftäter","Straftäter","ø",3
"Strafverfolgung","FEM","Strafverfolgung","Strafverfolgungen","en",4
"Strafverteidiger","MASC","Strafverteidiger","Strafverteidiger","ø",4
"Strafvollzugsanstalt","FEM","Strafvollzugsanstalt","Strafvollzugsanstalt","ø",5
"Strafzettel","MASC","Strafzettel","Strafzettel","ø",3
"Strahl","MASC","Strahl","Strahlen","en",1
"Strahlenschutz","MASC","Strahlenschutz","Strahlenschutze","e",3
"Strahlentierchen","NEUT","Strahlentierchen","Strahlentierchen","ø",3
"Strahlflugzeug","NEUT","Strahlflugzeug","Strahlflugzeuge","e",2
"Strahltriebwerk","NEUT","Strahltriebwerk","Strahltriebwerke","e",2
"Strandhotel","NEUT","Strandhotel","Strandhotels","s",3
"Strandläufer","MASC","Strandläufer","Strandläufer","ø",2
"Strandwächter","MASC","Strandwächter","Strandwächteren","en",3
"Strass","MASC","Strass","Strasse","e",1
"Strässchen","NEUT","Strässchen","Strässchen","ø",2
"Sträßchen","NEUT","Sträßchen","Sträßchen","ø",2
"Straßenbild","NEUT","Straßenbild","Straßenbilder","er",3
"Straßenfest","NEUT","Straßenfest","Straßenfeste","e",3
"Straßenkämpfer","MASC","Straßenkämpfer","Straßenkämpfer","ø",4
"Straßenmaler","MASC","Straßenmaler","Straßenmaler","ø",4
"Straßenmusikant","MASC","Straßenmusikant","Straßenmusikanten","en",5
"Straßenmusiker","MASC","Straßenmusiker","Straßenmusiker","ø",5
"Straßenpflaster","NEUT","Straßenpflaster","Straßenpflaster","ø",4
"Straßenprotest","MASC","Straßenprotest","Straßenproteste","e",4
"Straßenräuber","MASC","Straßenräuber","Straßenräuber","ø",3
"Straßenschild","NEUT","Straßenschild","Straßenschilder","er",3
"Straußenfarn","MASC","Straußenfarn","Straußenfarne","e",2
"Streber","MASC","Streber","Streber","ø",2
"Streich","MASC","Streich","Streiche","e",0
"Streichbein","NEUT","Streichbein","Streichbeine","e",0
"Streicher","MASC","Streicher","Streicher","ø",1
"Streichhölzchen","NEUT","Streichhölzchen","Streichhölzchen","ø",2
"Streichhölzlein","NEUT","Streichhölzlein","Streichhölzlein","ø",1
"Streichholzschächtelchen","NEUT","Streichholzschächtelchen","Streichholzschächtelchen","ø",4
"Streichinstrument","NEUT","Streichinstrument","Streichinstrumente","e",3
"Streichinstrumentenbauer","MASC","Streichinstrumentenbauer","Streichinstrumentenbauer","ø",5
"Streichinstrumentenhersteller","MASC","Streichinstrumentenhersteller","Streichinstrumentenhersteller","ø",7
"Streifchen","NEUT","Streifchen","Streifchen","ø",1
"Streifen","MASC","Streifen","Streifen","ø",1
"Streifenameisenwürger","MASC","Streifenameisenwürger","Streifenameisenwürger","ø",5
"Streifenhörnchen","NEUT","Streifenhörnchen","Streifenhörnchen","ø",3
"Streifenschakal","MASC","Streifenschakal","Streifenschakale","e",3
"Streifenwagen","MASC","Streifenwagen","Streifenwagen","ø",3
"Streik","MASC","Streik","Streiks","s",0
"Streikgeld","NEUT","Streikgeld","Streikgelder","er",1
"Streit","MASC","Streit","Streite","e",0
"Streitbeilegung","FEM","Streitbeilegung","Streitbeilegungen","en",2
"Streitgespräch","NEUT","Streitgespräch","Streitgespräche","e",2
"Streitwagen","MASC","Streitwagen","Streitwagen","ø",2
"Stresshormon","NEUT","Stresshormon","Stresshormone","e",3
"Stresstest","MASC","Stresstest","Stresstests","s",2
"Streubesitz","MASC","Streubesitz","Streubesitze","e",2
"Streufahrzeug","NEUT","Streufahrzeug","Streufahrzeuge","e",1
"Streuner","MASC","Streuner","Streuner","ø",1
"Streusalz","NEUT","Streusalz","Streusalze","e",1
"Streuselkuchen","MASC","Streuselkuchen","Streuselkuchen","ø",3
"Strich","MASC","Strich","Striche","e",1
"Strichelchen","NEUT","Strichelchen","Strichelchen","ø",3
"Stricher","MASC","Stricher","Stricher","ø",2
"Strichmädchen","NEUT","Strichmädchen","Strichmädchen","ø",3
"Strichmännchen","NEUT","Strichmännchen","Strichmännchen","ø",3
"Strick","MASC","Strick","Stricke","e",1
"Strickchen","NEUT","Strickchen","Strickchen","ø",2
"Stricker","MASC","Stricker","Stricker","ø",2
"Stripper","MASC","Stripper","Stripper","ø",2
"Strizzi","MASC","Strizzi","Strizzis","s",2
"Stroboskop","NEUT","Stroboskop","Stroboskope","e",3
"Strohfeuer","NEUT","Strohfeuer","Strohfeuer","ø",2
"Strohhalm","MASC","Strohhalm","Strohhalme","e",2
"Strohhälmchen","NEUT","Strohhälmchen","Strohhälmchen","ø",3
"Stromeyerit","MASC","Stromeyerit","Stromeyerite","e",3
"Stromkabel","NEUT","Stromkabel","Stromkabel","ø",3
"Stromleitung","FEM","Stromleitung","Stromleitungen","en",2
"Stromnetz","NEUT","Stromnetz","Stromnetze","e",2
"Stromzähler","MASC","Stromzähler","Stromzähler","ø",3
"Strontianit","MASC","Strontianit","Strontianite","e",3
"Strontiumamalgam","NEUT","Strontiumamalgam","Strontiumamalgame","e",5
"Strontiumferrit","NEUT","Strontiumferrit","Strontiumferrite","e",4
"Strontiumgehalt","MASC","Strontiumgehalt","Strontiumgehalte","e",4
"Strontiumisotop","NEUT","Strontiumisotop","Strontiumisotope","e",5
"Strontiummetall","NEUT","Strontiummetall","Strontiummetalle","e",4
"Strontiumsalz","NEUT","Strontiumsalz","Strontiumsalze","e",3
"Strudel","MASC","Strudel","Strudel","ø",2
"Strukturelement","NEUT","Strukturelement","Strukturelemente","e",5
"Strukturprotein","NEUT","Strukturprotein","Strukturproteine","e",3
"Stübchen","NEUT","Stübchen","Stübchen","ø",2
"Stubentiger","MASC","Stubentiger","Stubentiger","ø",4
"Stück","NEUT","Stück","Stücke","e",1
"Stückchen","NEUT","Stückchen","Stückchen","ø",2
"Stücklein","NEUT","Stücklein","Stücklein","ø",1
"Stückwerk","NEUT","Stückwerk","Stückwerke","e",2
"Student","MASC","Student","Studenten","en",2
"Studentenwohnheim","NEUT","Studentenwohnheim","Studentenwohnheime","e",4
"Studiengebühr","FEM","Studiengebühr","Studiengebühren","en",3
"Studienhalbjahr","NEUT","Studienhalbjahr","Studienhalbjahre","e",3
"Studio","NEUT","Studio","Studios","s",2
"Stufenbarren","MASC","Stufenbarren","Stufenbarren","ø",4
"Stufenheck","NEUT","Stufenheck","Stufenhecks","s",3
"Stühlchen","NEUT","Stühlchen","Stühlchen","ø",2
"Stummel","MASC","Stummel","Stummel","ø",2
"Stummfilm","MASC","Stummfilm","Stummfilme","e",2
"Stümper","MASC","Stümper","Stümper","ø",2
"Stündchen","NEUT","Stündchen","Stündchen","ø",2
"Stundenkilometer","MASC","Stundenkilometer","Stundenkilometer","ø",6
"Stundenzeiger","MASC","Stundenzeiger","Stundenzeiger","ø",3
"Stündlein","NEUT","Stündlein","Stündlein","ø",1
"Sturheit","FEM","Sturheit","Sturheiten","en",1
"Stürmer","MASC","Stürmer","Stürmer","ø",2
"Sturmgewehr","NEUT","Sturmgewehr","Sturmgewehre","e",3
"Sturmtief","NEUT","Sturmtief","Sturmtiefs","s",1
"Sturmwetter","NEUT","Sturmwetter","Sturmwetter","ø",3
"Sturzkampfgeschwader","NEUT","Sturzkampfgeschwader","Sturzkampfgeschwader","ø",5
"Stuttgarter","MASC","Stuttgarter","Stuttgarter","ø",3
"Stutz","MASC","Stutz","Stutz","ø",1
"Stutzen","MASC","Stutzen","Stutzen","ø",2
"Stutzer","MASC","Stutzer","Stutzer","ø",2
"Stutzflügel","MASC","Stutzflügel","Stutzflügel","ø",3
"Stützpunkt","MASC","Stützpunkt","Stützpunkte","e",2
"Subbotnik","MASC","Subbotnik","Subbotniks","s",3
"Subdiakon","MASC","Subdiakon","Subdiakonen","en",3
"Subjekt","NEUT","Subjekt","Subjekte","e",2
"Sublimationspunkt","MASC","Sublimationspunkt","Sublimationspunkte","e",5
"Suboxid","NEUT","Suboxid","Suboxide","e",3
"Subspezies","FEM","Subspezies","Subspezies","ø",2
"Substrat","NEUT","Substrat","Substrate","e",2
"Subtilität","FEM","Subtilität","Subtilitäten","en",4
"Subunternehmer","MASC","Subunternehmer","Subunternehmer","ø",5
"Sucher","MASC","Sucher","Sucher","ø",2
"Suchmannschaft","FEM","Suchmannschaft","Suchmannschaften","en",3
"Suchtmittel","NEUT","Suchtmittel","Suchtmittel","ø",3
"Sud","MASC","Sud","Sude","e",1
"Südkoreaner","MASC","Südkoreaner","Südkoreaner","ø",4
"Südpol","MASC","Südpol","Südpole","e",2
"Südwester","MASC","Südwester","Südwester","ø",3
"Südwind","MASC","Südwind","Südwinde","e",2
"Suffix","NEUT","Suffix","Suffixe","e",2
"Suffixoid","NEUT","Suffixoid","Suffixoide","e",3
"Sulfat","NEUT","Sulfat","Sulfate","e",2
"Sulfid","NEUT","Sulfid","Sulfide","e",2
"Sulfit","NEUT","Sulfit","Sulfite","e",2
"Sulfon","NEUT","Sulfon","Sulfone","e",2
"Sulfonamid","NEUT","Sulfonamid","Sulfonamide","e",4
"Sulfonat","NEUT","Sulfonat","Sulfonate","e",3
"Sulfosalz","NEUT","Sulfosalz","Sulfosalze","e",3
"Sulfoxid","NEUT","Sulfoxid","Sulfoxide","e",3
"Sulfoxylat","NEUT","Sulfoxylat","Sulfoxylate","e",4
"Sulfurylhalogenid","NEUT","Sulfurylhalogenid","Sulfurylhalogenide","e",7
"Sultan","MASC","Sultan","Sultane","e",2
"Sultanat","NEUT","Sultanat","Sultanate","e",3
"Sumach","MASC","Sumach","Sumache","e",2
"Sümmchen","NEUT","Sümmchen","Sümmchen","ø",2
"Sündenbabel","NEUT","Sündenbabel","Sündenbabel","ø",4
"Sündenpfuhl","MASC","Sündenpfuhl","Sündenpfuhle","e",3
"Sünder","MASC","Sünder","Sünder","ø",2
"Sündopfer","NEUT","Sündopfer","Sündopfer","ø",3
"Supergalaxienhaufen","MASC","Supergalaxienhaufen","Supergalaxienhaufen","ø",5
"Superhaufen","MASC","Superhaufen","Superhaufen","ø",3
"Superheld","MASC","Superheld","Superhelden","en",3
"Superlativ","MASC","Superlativ","Superlative","e",4
"Supernova","FEM","Supernova","Supernovae","e",4
"Superoxid","NEUT","Superoxid","Superoxide","e",4
"Superphosphat","NEUT","Superphosphat","Superphosphate","e",4
"Superstrat","NEUT","Superstrat","Superstrate","e",3
"Süppchen","NEUT","Süppchen","Süppchen","ø",2
"Suppengewürz","NEUT","Suppengewürz","Suppengewürze","e",4
"Suppenlöffel","MASC","Suppenlöffel","Suppenlöffel","ø",4
"Suppenteller","MASC","Suppenteller","Suppenteller","ø",4
"Supraleiter","MASC","Supraleiter","Supraleiter","ø",3
"Surinamer","MASC","Surinamer","Surinamer","ø",4
"Surrealist","MASC","Surrealist","Surrealisten","en",3
"Sushi","NEUT","Sushi","Sushi","ø",2
"Süßstoff","MASC","Süßstoff","Süßstoffe","e",2
"Süßwasserfisch","MASC","Süßwasserfisch","Süßwasserfische","e",4
"Swinger","MASC","Swinger","Swinger","ø",2
"Syenit","MASC","Syenit","Syenite","e",2
"Sylvin","NEUT","Sylvin","Sylvine","e",2
"Sylvinit","MASC","Sylvinit","Sylvinite","e",3
"Symbol","NEUT","Symbol","Symbole","e",2
"Symptom","NEUT","Symptom","Symptome","e",2
"Synchronizität","FEM","Synchronizität","Synchronizitäten","en",5
"Synchronsprecher","MASC","Synchronsprecher","Synchronsprecher","ø",4
"Syndrom","NEUT","Syndrom","Syndrome","e",2
"Synonym","NEUT","Synonym","Synonyme","e",3
"Syrer","MASC","Syrer","Syrer","ø",2
"Syrier","MASC","Syrier","Syrier","ø",1
"System","NEUT","System","Systeme","e",2
"Systemfehler","MASC","Systemfehler","Systemfehler","ø",4
"Szintillationszähler","MASC","Szintillationszähler","Szintillationszähler","ø",6
"Tabak","MASC","Tabak","Tabake","e",2
"Tabakkäfer","MASC","Tabakkäfer","Tabakkäfer","ø",4
"Tableau","NEUT","Tableau","Tableaus","s",2
"Tablet","NEUT","Tablet","Tablets","s",2
"Tablett","NEUT","Tablett","Tablette","e",2
"Tabu","NEUT","Tabu","Tabus","s",2
"Tacho","MASC","Tacho","Tachos","s",2
"Tadel","MASC","Tadel","Tadel","ø",2
"Taenit","MASC","Taenit","Taenite","e",2
"Tafelberg","MASC","Tafelberg","Tafelberge","e",3
"Tafelwein","MASC","Tafelwein","Tafelweine","e",2
"Taft","MASC","Taft","Tafte","e",1
"Tag","MASC","Tag","Tage","e",1
"Tägchen","NEUT","Tägchen","Tägchen","ø",2
"Tagebau","MASC","Tagebau","Tagebaue","e",2
"Tagelöhner","MASC","Tagelöhner","Tagelöhner","ø",4
"Tagesbedarf","MASC","Tagesbedarf","Tagesbedarfe","e",4
"Tagesbeginn","MASC","Tagesbeginn","Tagesbeginne","e",4
"Tagestourist","MASC","Tagestourist","Tagestouristen","en",4
"Tagewähler","MASC","Tagewähler","Tagewähler","ø",4
"Tagfalter","MASC","Tagfalter","Tagfalter","ø",3
"Tagwerk","NEUT","Tagwerk","Tagwerke","e",2
"Taifun","MASC","Taifun","Taifune","e",2
"Taiwaner","MASC","Taiwaner","Taiwaner","ø",3
"Takt","MASC","Takt","Takte","e",1
"Taktik","FEM","Taktik","Taktiken","en",2
"Taktikwechsel","MASC","Taktikwechsel","Taktikwechsel","ø",4
"Talent","NEUT","Talent","Talente","e",2
"Talg","MASC","Talg","Talge","e",1
"Talisman","MASC","Talisman","Talismane","e",3
"Talk","MASC","Talk","Talks","s",1
"Talkshow","FEM","Talkshow","Talkshows","s",2
"Talnebel","MASC","Talnebel","Talnebel","ø",3
"Talweg","MASC","Talweg","Talwege","e",2
"Tamburin","NEUT","Tamburin","Tamburine","e",3
"Tamtam","NEUT","Tamtam","Tamtams","s",2
"Tang","MASC","Tang","Tange","e",1
"Tangens","MASC","Tangens","Tangens","ø",2
"Tangotänzer","MASC","Tangotänzer","Tangotänzer","ø",4
"Tank","MASC","Tank","Tanks","s",1
"Tankfahrzeug","NEUT","Tankfahrzeug","Tankfahrzeuge","e",2
"Tann","MASC","Tann","Tanne","e",1
"Tannenzapfen","MASC","Tannenzapfen","Tannenzapfen","ø",4
"Tannenzweig","MASC","Tannenzweig","Tannenzweige","e",2
"Tantalerz","NEUT","Tantalerz","Tantalerze","e",3
"Tantalit","MASC","Tantalit","Tantalite","e",3
"Tänzer","MASC","Tänzer","Tänzer","ø",2
"Tanzmusiker","MASC","Tanzmusiker","Tanzmusiker","ø",4
"Tanzverbot","NEUT","Tanzverbot","Tanzverbote","e",3
"Tapet","NEUT","Tapet","Tapete","e",2
"Tapir","MASC","Tapir","Tapire","e",2
"Tarnkappenbomber","MASC","Tarnkappenbomber","Tarnkappenbomber","ø",5
"Tartrat","NEUT","Tartrat","Tartrate","e",2
"Taschendieb","MASC","Taschendieb","Taschendiebe","e",2
"Taschengeld","NEUT","Taschengeld","Taschengelder","er",3
"Taschenmesser","NEUT","Taschenmesser","Taschenmesser","ø",4
"Taskforce","FEM","Taskforce","Taskforces","s",3
"Tastatur","FEM","Tastatur","Tastaturen","en",3
"Tastaturbelegung","FEM","Tastaturbelegung","Tastaturbelegungen","en",6
"Tastenbelegung","FEM","Tastenbelegung","Tastenbelegungen","en",5
"Tasteninstrument","MASC","Tasteninstrument","Tasteninstrumente","e",5
"Tasteninstrumentenbauer","MASC","Tasteninstrumentenbauer","Tasteninstrumentenbauer","ø",7
"Tasteninstrumentenhersteller","MASC","Tasteninstrumentenhersteller","Tasteninstrumentenhersteller","ø",9
"Tat","FEM","Tat","Taten","en",1
"Täter","MASC","Täter","Täter","ø",2
"Täterschaft","FEM","Täterschaft","Täterschaften","en",3
"Tätowierung","FEM","Tätowierung","Tätowierungen","en",3
"Tatsachenbeschöniger","MASC","Tatsachenbeschöniger","Tatsachenbeschöniger","ø",7
"Tatsachenverdreher","MASC","Tatsachenverdreher","Tatsachenverdreher","ø",6
"Tatsachenverdrehung","FEM","Tatsachenverdrehung","Tatsachenverdrehungen","en",6
"Tattergreis","MASC","Tattergreis","Tattergreise","e",2
"Tatterich","MASC","Tatterich","Tatteriche","e",3
"Tattoo","NEUT","Tattoo","Tattoos","s",2
"Tau","NEUT","Tau","Taue","e",0
"Täubchen","NEUT","Täubchen","Täubchen","ø",1
"Taubenzüchter","MASC","Taubenzüchter","Taubenzüchter","ø",3
"Tauber","MASC","Tauber","Tauber","ø",1
"Taucher","MASC","Taucher","Taucher","ø",1
"Taucherkrankheit","FEM","Taucherkrankheit","Taucherkrankheiten","en",2
"Täufer","MASC","Täufer","Täufer","ø",1
"Taufschein","MASC","Taufschein","Taufscheine","e",0
"Taufscheinchrist","MASC","Taufscheinchrist","Taufscheinchristen","en",1
"Taufstein","MASC","Taufstein","Taufsteine","e",0
"Taugenichts","MASC","Taugenichts","Taugenichtse","e",2
"Tauglichkeit","FEM","Tauglichkeit","Tauglichkeiten","en",1
"Tausch","MASC","Tausch","Tausche","e",0
"Tausendschön","NEUT","Tausendschön","Tausendschöne","e",2
"Tausendschönchen","NEUT","Tausendschönchen","Tausendschönchen","ø",3
"Tausendstel","NEUT","Tausendstel","Tausendstel","ø",2
"Tautropfen","MASC","Tautropfen","Tautropfen","ø",2
"Taxi","NEUT","Taxi","Taxis","s",2
"Taxifahrer","MASC","Taxifahrer","Taxifahrer","ø",4
"Taxler","MASC","Taxler","Taxler","ø",2
"Team","NEUT","Team","Teams","s",1
"Teamwork","NEUT","Teamwork","Teamworks","s",2
"Technetat","NEUT","Technetat","Technetate","e",3
"Technetiumatom","NEUT","Technetiumatom","Technetiumatome","e",5
"Technik","FEM","Technik","Techniken","en",2
"Techniker","MASC","Techniker","Techniker","ø",3
"Technolekt","MASC","Technolekt","Technolekte","e",3
"Teckel","MASC","Teckel","Teckel","ø",2
"Teddybär","MASC","Teddybär","Teddybären","en",3
"Tee","NEUT","Tee","Tees","s",1
"Teebeutel","MASC","Teebeutel","Teebeutel","ø",2
"Teehäuschen","NEUT","Teehäuschen","Teehäuschen","ø",2
"Teekessel","MASC","Teekessel","Teekessel","ø",3
"Teekesselchen","NEUT","Teekesselchen","Teekesselchen","ø",4
"Teekocher","MASC","Teekocher","Teekocher","ø",3
"Teelöffel","MASC","Teelöffel","Teelöffel","ø",3
"Teelöffelchen","NEUT","Teelöffelchen","Teelöffelchen","ø",4
"Teenager","MASC","Teenager","Teenager","ø",3
"Teenie","MASC","Teenie","Teenies","s",1
"Teer","MASC","Teer","Teere","e",1
"Teesieb","NEUT","Teesieb","Teesiebe","e",1
"Teewärmer","MASC","Teewärmer","Teewärmer","ø",3
"Teich","MASC","Teich","Teiche","e",0
"Teichmolch","MASC","Teichmolch","Teichmolche","e",1
"Teichwasserläufer","MASC","Teichwasserläufer","Teichwasserläufer","ø",3
"Teig","MASC","Teig","Teige","e",0
"Teigling","MASC","Teigling","Teiglinge","e",1
"Teiglöffel","MASC","Teiglöffel","Teiglöffel","ø",2
"Teigmesser","NEUT","Teigmesser","Teigmesser","ø",2
"Teigschaber","MASC","Teigschaber","Teigschaber","ø",2
"Teil","NEUT","Teil","Teile","e",0
"Teilchen","NEUT","Teilchen","Teilchen","ø",1
"Teilchenbeschleuniger","MASC","Teilchenbeschleuniger","Teilchenbeschleuniger","ø",4
"Teilchendetektor","MASC","Teilchendetektor","Teilchendetektoren","en",4
"Teilmobilmachung","FEM","Teilmobilmachung","Teilmobilmachungen","en",4
"Teilnehmer","MASC","Teilnehmer","Teilnehmer","ø",2
"Teilnehmerzahl","FEM","Teilnehmerzahl","Teilnehmerzahlen","en",3
"Teilpächter","MASC","Teilpächter","Teilpächter","ø",2
"Teilrepublik","FEM","Teilrepublik","Teilrepubliken","en",3
"Teilsieg","MASC","Teilsieg","Teilsiege","e",0
"Teilungsrest","MASC","Teilungsrest","Teilungsreste","e",2
"Teilzeitarbeiter","MASC","Teilzeitarbeiter","Teilzeitarbeiter","ø",2
"Tektit","MASC","Tektit","Tektite","e",2
"Telefon","NEUT","Telefon","Telefone","e",3
"Telefonat","NEUT","Telefonat","Telefonate","e",4
"Telefongespräch","NEUT","Telefongespräch","Telefongespräche","e",5
"Telefonleitung","FEM","Telefonleitung","Telefonleitungen","en",4
"Telefonnetz","NEUT","Telefonnetz","Telefonnetze","e",4
"Telefonverkäufer","MASC","Telefonverkäufer","Telefonverkäufer","ø",5
"Telefonverschlüsselung","FEM","Telefonverschlüsselung","Telefonverschlüsselungen","en",7
"Telegramm","NEUT","Telegramm","Telegramme","e",3
"Telephon","NEUT","Telephon","Telephone","e",3
"Teleskop","NEUT","Teleskop","Teleskope","e",3
"Teller","MASC","Teller","Teller","ø",2
"Tellerchen","NEUT","Tellerchen","Tellerchen","ø",3
"Tellerlein","NEUT","Tellerlein","Tellerlein","ø",2
"Tellerwäscher","MASC","Tellerwäscher","Tellerwäscher","ø",4
"Tellurid","NEUT","Tellurid","Telluride","e",3
"Temminckstrandläufer","MASC","Temminckstrandläufer","Temminckstrandläufer","ø",4
"Tempel","MASC","Tempel","Tempel","ø",2
"Tempelritter","MASC","Tempelritter","Tempelritter","ø",4
"Temperament","NEUT","Temperament","Temperamente","e",4
"Temperaturanstieg","MASC","Temperaturanstieg","Temperaturanstiege","e",5
"Temperaturbereich","MASC","Temperaturbereich","Temperaturbereiche","e",5
"Temperaturregler","MASC","Temperaturregler","Temperaturregler","ø",6
"Tempolimit","NEUT","Tempolimit","Tempolimits","s",4
"Tempomat","MASC","Tempomat","Tempomate","e",3
"Tennisspieler","MASC","Tennisspieler","Tennisspieler","ø",3
"Tenno","MASC","Tenno","Tennos","s",2
"Tensid","NEUT","Tensid","Tenside","e",2
"Teppich","MASC","Teppich","Teppiche","e",2
"Teppichflieger","MASC","Teppichflieger","Teppichflieger","ø",3
"Tepui-Tropfenameisenwürger","MASC","Tepui-Tropfenameisenwürger","Tepui-Tropfenameisenwürger","ø",8
"Terawatt","NEUT","Terawatt","Terawatt","ø",3
"Terekwasserläufer","MASC","Terekwasserläufer","Terekwasserläufer","ø",5
"Termin","MASC","Termin","Termine","e",2
"Terminal","MASC","Terminal","Terminals","s",3
"Termingeld","NEUT","Termingeld","Termingelder","er",3
"Terpineol","NEUT","Terpineol","Terpineole","e",3
"Terrorangriff","MASC","Terrorangriff","Terrorangriffe","e",4
"Terrorherrschaft","FEM","Terrorherrschaft","Terrorherrschaften","en",4
"Terrorist","MASC","Terrorist","Terroristen","en",3
"Terzel","MASC","Terzel","Terzel","ø",2
"Tesa","NEUT","Tesa","Tesas","s",2
"Tesla","NEUT","Tesla","Tesla","ø",2
"Test","MASC","Test","Tests","s",1
"Testament","NEUT","Testament","Testamente","e",3
"Tetraborat","NEUT","Tetraborat","Tetraborate","e",4
"Tetrabromid","NEUT","Tetrabromid","Tetrabromide","e",4
"Tetrachlorid","NEUT","Tetrachlorid","Tetrachloride","e",4
"Tetrafluorid","NEUT","Tetrafluorid","Tetrafluoride","e",4
"Tetragon","NEUT","Tetragon","Tetragone","e",3
"Tetrahalogenid","NEUT","Tetrahalogenid","Tetrahalogenide","e",6
"Tetrahydrat","NEUT","Tetrahydrat","Tetrahydrate","e",4
"Tetraiodid","NEUT","Tetraiodid","Tetraiodide","e",3
"Tetramer","NEUT","Tetramer","Tetramere","e",3
"Tetraoxid","NEUT","Tetraoxid","Tetraoxide","e",3
"Tetroxid","NEUT","Tetroxid","Tetroxide","e",3
"Teufel","MASC","Teufel","Teufel","ø",1
"Teufelchen","NEUT","Teufelchen","Teufelchen","ø",2
"Teufelskreis","MASC","Teufelskreis","Teufelskreise","e",1
"Teufelswels","MASC","Teufelswels","Teufelswelse","e",2
"Texaner","MASC","Texaner","Texaner","ø",3
"Text","MASC","Text","Texte","e",1
"Thailänder","MASC","Thailänder","Thailänder","ø",3
"Theater","NEUT","Theater","Theater","ø",2
"Theaterautor","MASC","Theaterautor","Theaterautoren","en",3
"Theaterschauspieler","MASC","Theaterschauspieler","Theaterschauspieler","ø",3
"Theaterspiel","NEUT","Theaterspiel","Theaterspiele","e",2
"Theaterstück","NEUT","Theaterstück","Theaterstücke","e",3
"Theatervorstellung","FEM","Theatervorstellung","Theatervorstellungen","en",5
"Theist","MASC","Theist","Theisten","en",0
"Themavokal","MASC","Themavokal","Themavokale","e",4
"Themawechsel","MASC","Themawechsel","Themawechsel","ø",4
"Themenbereich","MASC","Themenbereich","Themenbereiche","e",3
"Theorem","NEUT","Theorem","Theoreme","e",2
"Theoretiker","MASC","Theoretiker","Theoretiker","ø",4
"Thermit","NEUT","Thermit","Thermite","e",2
"Thermitverfahren","NEUT","Thermitverfahren","Thermitverfahren","ø",5
"Thermoelement","NEUT","Thermoelement","Thermoelemente","e",4
"Theta","NEUT","Theta","Thetas","s",2
"Thier","NEUT","Thier","Thiere","e",0
"Thierchen","NEUT","Thierchen","Thierchen","ø",1
"Thierlein","NEUT","Thierlein","Thierlein","ø",0
"Thing","NEUT","Thing","Thinge","e",1
"Thioacetal","NEUT","Thioacetal","Thioacetale","e",3
"Thiocyanat","NEUT","Thiocyanat","Thiocyanate","e",3
"Thioester","NEUT","Thioester","Thioestere","e",2
"Thioether","NEUT","Thioether","Thioethere","e",2
"Thiol","NEUT","Thiol","Thiole","e",1
"Thiomolybdat","NEUT","Thiomolybdat","Thiomolybdate","e",4
"Thiophosphat","NEUT","Thiophosphat","Thiophosphate","e",3
"Thioredoxin","NEUT","Thioredoxin","Thioredoxine","e",4
"Thiosulfat","NEUT","Thiosulfat","Thiosulfate","e",3
"Thiosulfit","NEUT","Thiosulfit","Thiosulfite","e",3
"Thorax","MASC","Thorax","Thoraxe","e",2
"Thoriumisotop","NEUT","Thoriumisotop","Thoriumisotope","e",5
"Thorshühnchen","NEUT","Thorshühnchen","Thorshühnchen","ø",3
"Thortveitit","MASC","Thortveitit","Thortveitite","e",2
"Thron","MASC","Thron","Throne","e",1
"Thronanwärter","MASC","Thronanwärter","Thronanwärter","ø",4
"Thunfisch","MASC","Thunfisch","Thunfische","e",2
"Thürchen","NEUT","Thürchen","Thürchen","ø",2
"Thüringer","MASC","Thüringer","Thüringer","ø",3
"Thürlein","NEUT","Thürlein","Thürlein","ø",1
"Thymian","MASC","Thymian","Thymiane","e",2
"Tibeter","MASC","Tibeter","Tibeter","ø",3
"Tief","NEUT","Tief","Tiefs","s",0
"Tiefbauingenieur","MASC","Tiefbauingenieur","Tiefbauingenieure","e",3
"Tiefdruckgebiet","NEUT","Tiefdruckgebiet","Tiefdruckgebiete","e",2
"Tiefpunkt","MASC","Tiefpunkt","Tiefpunkte","e",1
"Tiefschutz","MASC","Tiefschutz","Tiefschutze","e",1
"Tiefschwa","NEUT","Tiefschwa","Tiefschwas","s",1
"Tiefstwert","MASC","Tiefstwert","Tiefstwerte","e",1
"Tiegel","MASC","Tiegel","Tiegel","ø",1
"Tier","NEUT","Tier","Tiere","e",0
"Tierchen","NEUT","Tierchen","Tierchen","ø",1
"Tierheim","NEUT","Tierheim","Tierheime","e",0
"Tierkreiszeichen","NEUT","Tierkreiszeichen","Tierkreiszeichen","ø",1
"Tierlein","NEUT","Tierlein","Tierlein","ø",0
"Tierpark","MASC","Tierpark","Tierparken","en",1
"Tierpfleger","MASC","Tierpfleger","Tierpfleger","ø",2
"Tierquäler","MASC","Tierquäler","Tierquäler","ø",2
"Tierquälerei","FEM","Tierquälerei","Tierquälereien","en",2
"Tierschützer","MASC","Tierschützer","Tierschützer","ø",2
"Tierversuch","MASC","Tierversuch","Tierversuche","e",2
"Tierwanderung","FEM","Tierwanderung","Tierwanderungen","en",3
"Tierwelt","FEM","Tierwelt","Tierwelten","en",1
"Tiger","MASC","Tiger","Tiger","ø",2
"Tigerhai","MASC","Tigerhai","Tigerhaie","e",3
"Tilgung","FEM","Tilgung","Tilgungen","en",2
"Timing","NEUT","Timing","Timings","s",2
"Tinnitus","MASC","Tinnitus","Tinnitus","ø",3
"Tintenfisch","MASC","Tintenfisch","Tintenfische","e",3
"Tintenklecks","MASC","Tintenklecks","Tintenkleckse","e",3
"Tintenstrahldrucker","MASC","Tintenstrahldrucker","Tintenstrahldrucker","ø",5
"Tip","MASC","Tip","Tips","s",1
"Tipp","MASC","Tipp","Tipps","s",1
"Tippel","MASC","Tippel","Tippel","ø",2
"Tippfehler","MASC","Tippfehler","Tippfehler","ø",3
"Tiroler","MASC","Tiroler","Tiroler","ø",3
"Tirolerin","FEM","Tirolerin","Tirolerin","ø",4
"Tisch","MASC","Tisch","Tische","e",1
"Tischchen","NEUT","Tischchen","Tischchen","ø",2
"Tischgebet","NEUT","Tischgebet","Tischgebete","e",3
"Tischgespräch","NEUT","Tischgespräch","Tischgespräche","e",3
"Tischlein","NEUT","Tischlein","Tischlein","ø",1
"Tischler","MASC","Tischler","Tischler","ø",2
"Tischtennisspieler","MASC","Tischtennisspieler","Tischtennisspieler","ø",4
"Titanat","NEUT","Titanat","Titanate","e",3
"Titanit","NEUT","Titanit","Titanite","e",3
"Titel","MASC","Titel","Titel","ø",2
"Titelei","FEM","Titelei","Titeleien","en",2
"Titelverteidiger","MASC","Titelverteidiger","Titelverteidiger","ø",5
"Toastbrot","NEUT","Toastbrot","Toastbrote","e",2
"Toaster","MASC","Toaster","Toaster","ø",2
"Töchterchen","NEUT","Töchterchen","Töchterchen","ø",3
"Töchterlein","NEUT","Töchterlein","Töchterlein","ø",2
"Tod","MASC","Tod","Tode","e",1
"Todesengel","MASC","Todesengel","Todesengel","ø",4
"Todesopfer","NEUT","Todesopfer","Todesopfer","ø",4
"Todestag","MASC","Todestag","Todestage","e",3
"Todesurteil","NEUT","Todesurteil","Todesurteile","e",3
"Töff","MASC","Töff","Töffs","s",1
"Toilettenhäuschen","NEUT","Toilettenhäuschen","Toilettenhäuschen","ø",4
"Tollpatsch","MASC","Tollpatsch","Tollpatsche","e",2
"Tölpel","MASC","Tölpel","Tölpel","ø",2
"Tomatenmark","NEUT","Tomatenmark","Tomatenmarke","e",4
"Tomatensalat","MASC","Tomatensalat","Tomatensalate","e",5
"Tombola","FEM","Tombola","Tombolas","s",3
"Ton","MASC","Ton","Tone","e",1
"Tonbandgerät","NEUT","Tonbandgerät","Tonbandgeräte","e",4
"Tonbereich","MASC","Tonbereich","Tonbereiche","e",2
"Tongaer","MASC","Tongaer","Tongaer","ø",2
"Tonmineral","NEUT","Tonmineral","Tonminerale","e",4
"Tonnengewölbe","NEUT","Tonnengewölbe","Tonnengewölbe","ø",5
"Tonsur","FEM","Tonsur","Tonsuren","en",2
"Tooltip","MASC","Tooltip","Tooltips","s",2
"Top","NEUT","Top","Tops","s",1
"Topas","MASC","Topas","Topase","e",2
"Töpfchen","NEUT","Töpfchen","Töpfchen","ø",2
"Topflappen","MASC","Topflappen","Topflappen","ø",3
"Topolekt","MASC","Topolekt","Topolekte","e",3
"Toponym","NEUT","Toponym","Toponyme","e",3
"Topp","MASC","Topp","Toppen","en",1
"Tor","MASC","Tor","Tore","e",1
"Torbogen","MASC","Torbogen","Torbogen","ø",3
"Torero","MASC","Torero","Toreros","s",3
"Torf","MASC","Torf","Torfe","e",1
"Torfmoor","NEUT","Torfmoor","Torfmoore","e",2
"Torheit","FEM","Torheit","Torheiten","en",1
"Torhüter","MASC","Torhüter","Torhüter","ø",3
"Torkel","MASC","Torkel","Torkel","ø",2
"Törn","MASC","Törn","Törns","s",1
"Tornado","MASC","Tornado","Tornados","s",3
"Tornister","MASC","Tornister","Tornister","ø",3
"Tortenheber","MASC","Tortenheber","Tortenheber","ø",4
"Torwart","MASC","Torwart","Torwarte","e",2
"Totem","NEUT","Totem","Totems","s",2
"Totengeläut","NEUT","Totengeläut","Totengeläute","e",3
"Totengräber","MASC","Totengräber","Totengräber","ø",4
"Totenhemd","NEUT","Totenhemd","Totenhemden","en",3
"Totmannschalter","MASC","Totmannschalter","Totmannschalter","ø",4
"Totschlagargument","NEUT","Totschlagargument","Totschlagargumente","e",5
"Totschläger","MASC","Totschläger","Totschläger","ø",3
"Totschwätzer","MASC","Totschwätzer","Totschwätzer","ø",3
"Tötungsdelikt","NEUT","Tötungsdelikt","Tötungsdelikte","e",4
"Toupet","NEUT","Toupet","Toupets","s",2
"Tour","FEM","Tour","Touren","en",1
"Tourist","MASC","Tourist","Touristen","en",2
"Toypudel","MASC","Toypudel","Toypudel","ø",3
"Trabant","MASC","Trabant","Trabanten","en",2
"Trabbi","MASC","Trabbi","Trabbis","s",2
"Träber","MASC","Träber","Träber","ø",2
"Trabi","MASC","Trabi","Trabis","s",2
"Trachom","NEUT","Trachom","Trachome","e",2
"Trachtenkleid","NEUT","Trachtenkleid","Trachtenkleider","er",2
"Trachtenkleidchen","NEUT","Trachtenkleidchen","Trachtenkleidchen","ø",3
"Trachtenverein","MASC","Trachtenverein","Trachtenvereine","e",3
"Tragant","MASC","Tragant","Tragante","e",2
"Träger","MASC","Träger","Träger","ø",2
"Trägergas","NEUT","Trägergas","Trägergase","e",3
"Tragflügelboot","NEUT","Tragflügelboot","Tragflügelboote","e",4
"Traggas","NEUT","Traggas","Traggase","e",2
"Trainer","MASC","Trainer","Trainer","ø",2
"Training","NEUT","Training","Trainings","s",2
"Trakt","MASC","Trakt","Trakte","e",1
"Traktorist","MASC","Traktorist","Traktoristen","en",3
"Trampelpfad","MASC","Trampelpfad","Trampelpfade","e",3
"Trampeltier","NEUT","Trampeltier","Trampeltiere","e",2
"Tramper","MASC","Tramper","Tramperen","en",2
"Trampolin","NEUT","Trampolin","Trampoline","e",3
"Tran","MASC","Tran","Trane","e",1
"Transferfenster","NEUT","Transferfenster","Transferfenster","ø",4
"Transferrin","NEUT","Transferrin","Transferrine","e",3
"Transistor","MASC","Transistor","Transistoren","en",3
"Translativ","MASC","Translativ","Translative","e",3
"Transparentpapier","NEUT","Transparentpapier","Transparentpapiere","e",4
"Transporter","MASC","Transporter","Transporter","ø",3
"Transportmittel","NEUT","Transportmittel","Transportmittel","ø",4
"Transportweg","MASC","Transportweg","Transportwege","e",3
"Transvestit","MASC","Transvestit","Transvestiten","en",3
"Trapez","NEUT","Trapez","Trapeze","e",2
"Traubenkernöl","NEUT","Traubenkernöl","Traubenkernöle","e",3
"Trauerameisenwürger","MASC","Trauerameisenwürger","Trauerameisenwürger","ø",5
"Trauerschnäpper","MASC","Trauerschnäpper","Trauerschnäpper","ø",3
"Trauerspiel","NEUT","Trauerspiel","Trauerspiele","e",1
"Trauertag","MASC","Trauertag","Trauertage","e",2
"Traumdeuter","MASC","Traumdeuter","Traumdeuter","ø",1
"Traumdeutung","FEM","Traumdeutung","Traumdeutungen","en",1
"Träumer","MASC","Träumer","Träumer","ø",1
"Träumerei","FEM","Träumerei","Träumereien","en",1
"Traumfrau","FEM","Traumfrau","Traumfrauen","en",0
"Traumjob","MASC","Traumjob","Traumjobs","s",1
"Traumprinz","MASC","Traumprinz","Traumprinzen","en",1
"Trauring","MASC","Trauring","Trauringe","e",1
"Travertin","MASC","Travertin","Travertine","e",3
"Treber","MASC","Treber","Treber","ø",2
"Treffer","MASC","Treffer","Treffer","ø",2
"Treiber","MASC","Treiber","Treiber","ø",1
"Treibhauseffekt","MASC","Treibhauseffekt","Treibhauseffekte","e",2
"Treibhausgas","NEUT","Treibhausgas","Treibhausgase","e",1
"Treibsand","MASC","Treibsand","Treibsande","e",1
"Treibstoff","MASC","Treibstoff","Treibstoffe","e",1
"Tremolit","MASC","Tremolit","Tremolite","e",3
"Trend","MASC","Trend","Trends","s",1
"Trennstrich","MASC","Trennstrich","Trennstriche","e",2
"Trennungszeichen","NEUT","Trennungszeichen","Trennungszeichen","ø",3
"Trennverfahren","NEUT","Trennverfahren","Trennverfahren","ø",4
"Treppenflucht","FEM","Treppenflucht","Treppenfluchten","en",3
"Treppenwitz","MASC","Treppenwitz","Treppenwitze","e",3
"Tresen","MASC","Tresen","Tresen","ø",2
"Tresor","MASC","Tresor","Tresore","e",2
"Trester","MASC","Trester","Trester","ø",2
"Treterei","FEM","Treterei","Tretereien","en",2
"Tretlager","NEUT","Tretlager","Tretlager","ø",3
"Tretroller","MASC","Tretroller","Tretroller","ø",3
"Treuhänder","MASC","Treuhänder","Treuhänder","ø",2
"Triarsan","NEUT","Triarsan","Triarsane","e",2
"Tribromid","NEUT","Tribromid","Tribromide","e",3
"Tribunal","NEUT","Tribunal","Tribunale","e",3
"Tribut","MASC","Tribut","Tribute","e",2
"Trichlorid","NEUT","Trichlorid","Trichloride","e",3
"Trichter","MASC","Trichter","Trichter","ø",2
"Trickbetrüger","MASC","Trickbetrüger","Trickbetrüger","ø",4
"Trickserei","FEM","Trickserei","Tricksereien","en",2
"Trieb","MASC","Trieb","Triebe","e",0
"Triebwerk","NEUT","Triebwerk","Triebwerke","e",1
"Trifluorid","NEUT","Trifluorid","Trifluoride","e",3
"Triglycerid","NEUT","Triglycerid","Triglyceride","e",4
"Triiodid","NEUT","Triiodid","Triiodide","e",2
"Trikot","NEUT","Trikot","Trikots","s",2
"Trimester","NEUT","Trimester","Trimester","ø",3
"Trinkbecher","MASC","Trinkbecher","Trinkbecher","ø",3
"Trinkbrunnen","MASC","Trinkbrunnen","Trinkbrunnen","ø",3
"Trinker","MASC","Trinker","Trinker","ø",2
"Trinkerei","FEM","Trinkerei","Trinkereien","en",2
"Trinkgefäß","NEUT","Trinkgefäß","Trinkgefäße","e",3
"Trinkgeld","NEUT","Trinkgeld","Trinkgelder","er",2
"Trinkgeldgefäß","NEUT","Trinkgeldgefäß","Trinkgeldgefäße","e",4
"Trinkwasserverordnung","FEM","Trinkwasserverordnung","Trinkwasserverordnungen","en",6
"Trio","NEUT","Trio","Trios","s",1
"Trioxid","NEUT","Trioxid","Trioxide","e",2
"Trip","MASC","Trip","Trips","s",1
"Triphosphat","NEUT","Triphosphat","Triphosphate","e",3
"Triphylin","MASC","Triphylin","Triphyline","e",3
"Triselan","NEUT","Triselan","Triselane","e",3
"Triselenid","NEUT","Triselenid","Triselenide","e",4
"Trisulfid","NEUT","Trisulfid","Trisulfide","e",3
"Tritid","NEUT","Tritid","Tritide","e",2
"Tritt","MASC","Tritt","Tritte","e",1
"Trittbrett","NEUT","Trittbrett","Trittbretter","er",2
"Triumvirat","NEUT","Triumvirat","Triumvirate","e",3
"Trockendock","NEUT","Trockendock","Trockendocks","s",3
"Trockengewicht","NEUT","Trockengewicht","Trockengewichte","e",4
"Trockenzeit","FEM","Trockenzeit","Trockenzeiten","en",2
"Troer","MASC","Troer","Troer","ø",1
"Troglodyt","MASC","Troglodyt","Troglodyten","en",3
"Trojaner","MASC","Trojaner","Trojaner","ø",3
"Troll","MASC","Troll","Trolle","e",1
"Trommelfell","NEUT","Trommelfell","Trommelfelle","e",3
"Trommelfeuer","NEUT","Trommelfeuer","Trommelfeuer","ø",3
"Trommelwirbel","MASC","Trommelwirbel","Trommelwirbel","ø",4
"Trommler","MASC","Trommler","Trommler","ø",2
"Trompetenspieler","MASC","Trompetenspieler","Trompetenspieler","ø",4
"Tropenkrankheit","FEM","Tropenkrankheit","Tropenkrankheiten","en",3
"Tröpfchen","NEUT","Tröpfchen","Tröpfchen","ø",2
"Tröpfcheninfektion","FEM","Tröpfcheninfektion","Tröpfcheninfektionen","en",5
"Tröpfchenmodell","NEUT","Tröpfchenmodell","Tröpfchenmodelle","e",4
"Tropfen","NEUT","Tropfen","Tropfen","ø",2
"Tröpflein","NEUT","Tröpflein","Tröpflein","ø",1
"Tross","MASC","Tross","Trosse","e",1
"Tröster","MASC","Tröster","Tröster","ø",2
"Trostpreis","MASC","Trostpreis","Trostpreise","e",1
"Trott","MASC","Trott","Trotte","e",1
"Trottel","MASC","Trottel","Trottel","ø",2
"Trotzkist","MASC","Trotzkist","Trotzkisten","en",2
"Truchsess","MASC","Truchsess","Truchsesse","e",2
"Trugbild","NEUT","Trugbild","Trugbilder","er",2
"Trunkenbold","MASC","Trunkenbold","Trunkenbolde","e",3
"Trunkenheit","FEM","Trunkenheit","Trunkenheiten","en",2
"Trupp","MASC","Trupp","Trupps","s",1
"Truppenteil","MASC","Truppenteil","Truppenteile","e",2
"Tschako","MASC","Tschako","Tschakos","s",2
"Tschernken","MASC","Tschernken","Tschernken","ø",2
"Tübinger","MASC","Tübinger","Tübinger","ø",3
"Tubist","MASC","Tubist","Tubisten","en",2
"Tüchlein","NEUT","Tüchlein","Tüchlein","ø",1
"Tüchtigkeit","FEM","Tüchtigkeit","Tüchtigkeiten","en",2
"Tukan","MASC","Tukan","Tukane","e",2
"Tüll","MASC","Tüll","Tülle","e",1
"Tümelei","FEM","Tümelei","Tümeleien","en",2
"Tumor","MASC","Tumor","Tumoren","en",2
"Tümpel","MASC","Tümpel","Tümpel","ø",2
"Tumult","MASC","Tumult","Tumulte","e",2
"Tunesier","MASC","Tunesier","Tunesier","ø",2
"Tupel","NEUT","Tupel","Tupels","s",2
"Tupf","MASC","Tupf","Tupfe","e",1
"Tüpfel","MASC","Tüpfel","Tüpfel","ø",2
"Tüpfelwollrücken","MASC","Tüpfelwollrücken","Tüpfelwollrücken","ø",5
"Tupfen","NEUT","Tupfen","Tupfen","ø",2
"Tür","FEM","Tür","Türen","en",1
"Turban","MASC","Turban","Turbane","e",2
"Türchen","NEUT","Türchen","Türchen","ø",2
"Türgriff","MASC","Türgriff","Türgriffe","e",2
"Türhaken","MASC","Türhaken","Türhaken","ø",3
"Turiner","MASC","Turiner","Turiner","ø",3
"Türkeitürkisch","NEUT","Türkeitürkisch","Türkeitürkische","e",3
"Türkis","MASC","Türkis","Türkise","e",2
"Türlein","NEUT","Türlein","Türlein","ø",1
"Turmalin","MASC","Turmalin","Turmaline","e",3
"Türmchen","NEUT","Türmchen","Türmchen","ø",2
"Türmlein","NEUT","Türmlein","Türmlein","ø",1
"Turnier","NEUT","Turnier","Turniere","e",1
"Turnschuh","MASC","Turnschuh","Turnschuhe","e",2
"Turnübung","FEM","Turnübung","Turnübungen","en",3
"Türrahmen","MASC","Türrahmen","Türrahmen","ø",3
"Türschlüssel","MASC","Türschlüssel","Türschlüssel","ø",3
"Türsteher","MASC","Türsteher","Türsteher","ø",3
"Turteltäubchen","NEUT","Turteltäubchen","Turteltäubchen","ø",3
"Tusch","MASC","Tusch","Tusche","e",1
"Tutorial","NEUT","Tutorial","Tutorials","s",3
"Tutu","NEUT","Tutu","Tutus","s",2
"Tweed","MASC","Tweed","Tweeds","s",1
"Tweet","MASC","Tweet","Tweets","s",1
"Twen","MASC","Twen","Twens","s",1
"Twist","MASC","Twist","Twists","s",1
"Typ","MASC","Typ","Typen","en",1
"Tyrann","MASC","Tyrann","Tyrannen","en",2
"U-Bahn","FEM","U-Bahn","U-Bahnen","en",2
"U-Boot","NEUT","U-Boot","U-Boote","e",2
"Übel","NEUT","Übel","Übel","ø",2
"Übelkeit","FEM","Übelkeit","Übelkeiten","en",2
"Übeltat","FEM","Übeltat","Übeltaten","en",3
"Übeltäter","MASC","Übeltäter","Übeltäter","ø",4
"Überangebot","NEUT","Überangebot","Überangebote","e",5
"Überbleibsel","NEUT","Überbleibsel","Überbleibsel","ø",3
"Überblendeffekt","MASC","Überblendeffekt","Überblendeffekte","e",5
"Überblendregler","MASC","Überblendregler","Überblendregler","ø",5
"Überblick","MASC","Überblick","Überblicke","e",3
"Übereilung","FEM","Übereilung","Übereilungen","en",3
"Überfischung","MASC","Überfischung","Überfischungen","en",4
"Überflutung","FEM","Überflutung","Überflutungen","en",4
"Überführung","FEM","Überführung","Überführungen","en",4
"Übergabeparameter","MASC","Übergabeparameter","Übergabeparameter","ø",8
"Übergangsbestimmung","FEM","Übergangsbestimmung","Übergangsbestimmungen","en",6
"Übergangsmetall","NEUT","Übergangsmetall","Übergangsmetalle","e",5
"Übergangsmetallkomplex","MASC","Übergangsmetallkomplex","Übergangsmetallkomplexe","e",7
"Übergangsmetalloxid","NEUT","Übergangsmetalloxid","Übergangsmetalloxide","e",7
"Übergangsregierung","FEM","Übergangsregierung","Übergangsregierungen","en",5
"Übergriff","MASC","Übergriff","Übergriffe","e",3
"Überheblichkeit","FEM","Überheblichkeit","Überheblichkeiten","en",4
"Überläufer","MASC","Überläufer","Überläufer","ø",3
"Überlegung","FEM","Überlegung","Überlegungen","en",4
"Übermensch","MASC","Übermensch","Übermenschen","en",3
"Überproduktion","FEM","Überproduktion","Überproduktionen","en",5
"Überrest","MASC","Überrest","Überreste","e",3
"Überrollbügel","MASC","Überrollbügel","Überrollbügel","ø",5
"Überrollkäfig","MASC","Überrollkäfig","Überrollkäfige","e",5
"Überrollschutz","MASC","Überrollschutz","Überrollschutze","e",4
"Überschallknall","MASC","Überschallknall","Überschallknalle","e",4
"Überschrift","FEM","Überschrift","Überschriften","en",3
"Überschuldung","FEM","Überschuldung","Überschuldungen","en",4
"Überschwemmung","FEM","Überschwemmung","Überschwemmungen","en",4
"Übersetzer","MASC","Übersetzer","Übersetzer","ø",4
"Übersetzung","FEM","Übersetzung","Übersetzungen","en",4
"Überspitztheit","FEM","Überspitztheit","Überspitztheiten","en",3
"Überspitzung","FEM","Überspitzung","Überspitzungen","en",4
"Übertötung","FEM","Übertötung","Übertötungen","en",4
"Übertrager","MASC","Übertrager","Übertrager","ø",4
"Überträger","MASC","Überträger","Überträger","ø",4
"Übertreibung","FEM","Übertreibung","Übertreibungen","en",3
"Übertretung","FEM","Übertretung","Übertretungen","en",4
"Überziehen","NEUT","Überziehen","Überziehene","e",3
"Überzug","MASC","Überzug","Überzuge","e",3
"Übung","FEM","Übung","Übungen","en",2
"Ud","FEM","Ud","Uds","s",1
"Ufer","NEUT","Ufer","Ufer","ø",2
"Uferweg","MASC","Uferweg","Uferwege","e",3
"Uhlan","MASC","Uhlan","Uhlanen","en",2
"Uhr","FEM","Uhr","Uhren","en",1
"Uhrmacher","MASC","Uhrmacher","Uhrmacher","ø",3
"Uhrwerk","NEUT","Uhrwerk","Uhrwerke","e",2
"Uhrzeiger","MASC","Uhrzeiger","Uhrzeiger","ø",2
"Uhüchen","NEUT","Uhüchen","Uhüchen","ø",3
"Ukrainer","MASC","Ukrainer","Ukrainer","ø",3
"Ulan","MASC","Ulan","Ulanen","en",2
"Ulk","MASC","Ulk","Ulke","e",1
"Ulmer","MASC","Ulmer","Ulmer","ø",2
"Ultraleichtflugzeug","NEUT","Ultraleichtflugzeug","Ultraleichtflugzeuge","e",3
"Umänderer","MASC","Umänderer","Umänderer","ø",4
"Umdeutung","FEM","Umdeutung","Umdeutungen","en",2
"Umdrehung","FEM","Umdrehung","Umdrehungen","en",3
"Umerziehung","FEM","Umerziehung","Umerziehungen","en",3
"Umerziehungslager","NEUT","Umerziehungslager","Umerziehungslager","ø",5
"Umfangswinkel","MASC","Umfangswinkel","Umfangswinkel","ø",4
"Umfeld","NEUT","Umfeld","Umfelder","er",2
"Umformulierung","FEM","Umformulierung","Umformulierungen","en",4
"Umgebung","FEM","Umgebung","Umgebungen","en",3
"Umlaufbahn","FEM","Umlaufbahn","Umlaufbahnen","en",2
"Umlaufzeit","FEM","Umlaufzeit","Umlaufzeiten","en",1
"Umlaut","MASC","Umlaut","Umlaute","e",1
"Ummantelung","FEM","Ummantelung","Ummantelungen","en",4
"Umriss","MASC","Umriss","Umrisse","e",2
"Umschreibung","FEM","Umschreibung","Umschreibungen","en",2
"Umschrift","FEM","Umschrift","Umschriften","en",2
"Umschuldung","FEM","Umschuldung","Umschuldungen","en",3
"Umschweif","MASC","Umschweif","Umschweife","e",1
"Umspannwerk","NEUT","Umspannwerk","Umspannwerke","e",3
"Umstandskrämer","MASC","Umstandskrämer","Umstandskrämer","ø",4
"Umstürzler","MASC","Umstürzler","Umstürzler","ø",3
"Umwälzung","FEM","Umwälzung","Umwälzungen","en",3
"Umwandlungspunkt","MASC","Umwandlungspunkt","Umwandlungspunkte","e",4
"Umwelt","FEM","Umwelt","Umwelten","en",2
"Umweltaspekt","MASC","Umweltaspekt","Umweltaspekte","e",4
"Umweltminister","MASC","Umweltminister","Umweltminister","ø",5
"Umzingelung","FEM","Umzingelung","Umzingelungen","en",4
"Umzinglung","FEM","Umzinglung","Umzinglungen","en",3
"Unabhängigkeit","FEM","Unabhängigkeit","Unabhängigkeiten","en",4
"Unabwendbarkeit","FEM","Unabwendbarkeit","Unabwendbarkeiten","en",4
"Unähnlichkeit","FEM","Unähnlichkeit","Unähnlichkeiten","en",3
"Unaufmerksamkeit","FEM","Unaufmerksamkeit","Unaufmerksamkeiten","en",3
"Unbeherrschtheit","FEM","Unbeherrschtheit","Unbeherrschtheiten","en",3
"Unbeholfenheit","FEM","Unbeholfenheit","Unbeholfenheiten","en",4
"Unbekümmertheit","FEM","Unbekümmertheit","Unbekümmertheiten","en",4
"UND-Gatter","NEUT","UND-Gatter","UND-Gatter","ø",3
"Undercut","MASC","Undercut","Undercuts","s",3
"Underdog","MASC","Underdog","Underdogs","s",3
"Unding","NEUT","Unding","Undinge","e",2
"Undurchsichtigkeit","FEM","Undurchsichtigkeit","Undurchsichtigkeiten","en",4
"Unebenheit","FEM","Unebenheit","Unebenheiten","en",3
"Uneinigkeit","FEM","Uneinigkeit","Uneinigkeiten","en",2
"Unersättlichkeit","FEM","Unersättlichkeit","Unersättlichkeiten","en",4
"Unfähigkeit","FEM","Unfähigkeit","Unfähigkeiten","en",3
"Unfallwagen","MASC","Unfallwagen","Unfallwagen","ø",4
"Unfreundlichkeit","FEM","Unfreundlichkeit","Unfreundlichkeiten","en",2
"Ungeheuer","NEUT","Ungeheuer","Ungeheuer","ø",3
"Ungenauigkeit","FEM","Ungenauigkeit","Ungenauigkeiten","en",3
"Ungerechtigkeit","FEM","Ungerechtigkeit","Ungerechtigkeiten","en",4
"Ungereimtheit","FEM","Ungereimtheit","Ungereimtheiten","en",2
"Ungeschicklichkeit","FEM","Ungeschicklichkeit","Ungeschicklichkeiten","en",4
"Ungetüm","NEUT","Ungetüm","Ungetüme","e",3
"Ungeziefer","NEUT","Ungeziefer","Ungeziefer","ø",3
"Unglück","NEUT","Unglück","Unglücke","e",2
"Unglückshäher","MASC","Unglückshäher","Unglückshäher","ø",4
"Unhöflichkeit","FEM","Unhöflichkeit","Unhöflichkeiten","en",3
"Unhold","MASC","Unhold","Unholde","e",2
"Uni","FEM","Uni","Unis","s",2
"Uniform","FEM","Uniform","Uniformen","en",3
"Uniformität","FEM","Uniformität","Uniformitäten","en",5
"Unikat","NEUT","Unikat","Unikate","e",3
"Union","FEM","Union","Unionen","en",2
"Unit-Test-Framework","NEUT","Unit-Test-Framework","Unit-Test-Frameworks","s",6
"Unit-Test-Programmiergerüst","NEUT","Unit-Test-Programmiergerüst","Unit-Test-Programmiergerüste","e",7
"Unittest","MASC","Unittest","Unittests","s",3
"Universität","FEM","Universität","Universitäten","en",5
"Universitätsdozent","MASC","Universitätsdozent","Universitätsdozenten","en",7
"Unkrautsäer","MASC","Unkrautsäer","Unkrautsäer","ø",2
"Unmaßgeblichkeit","FEM","Unmaßgeblichkeit","Unmaßgeblichkeiten","en",4
"Unmensch","MASC","Unmensch","Unmenschen","en",2
"Unpaarhufer","MASC","Unpaarhufer","Unpaarhufer","ø",4
"Unrechtsstaat","MASC","Unrechtsstaat","Unrechtsstaaten","en",3
"Unreinheit","FEM","Unreinheit","Unreinheiten","en",1
"Unserdeutsch","NEUT","Unserdeutsch","Unserdeutsche","e",2
"Unsicherheit","FEM","Unsicherheit","Unsicherheiten","en",3
"Untätigkeit","FEM","Untätigkeit","Untätigkeiten","en",3
"Unter","MASC","Unter","Unter","ø",2
"Unterabschnitt","MASC","Unterabschnitt","Unterabschnitte","e",4
"Unterarm","MASC","Unterarm","Unterarme","e",3
"Unterbegriff","MASC","Unterbegriff","Unterbegriffe","e",4
"Unterdeck","NEUT","Unterdeck","Unterdecks","s",3
"Untergattung","FEM","Untergattung","Untergattungen","en",4
"Untergeschoss","NEUT","Untergeschoss","Untergeschosse","e",4
"Unterhalter","MASC","Unterhalter","Unterhalter","ø",4
"Unterhändler","MASC","Unterhändler","Unterhändler","ø",4
"Unterhemd","NEUT","Unterhemd","Unterhemden","en",3
"Unterhöschen","NEUT","Unterhöschen","Unterhöschen","ø",4
"Unterjochung","FEM","Unterjochung","Unterjochungen","en",4
"Unterkleid","NEUT","Unterkleid","Unterkleider","er",2
"Unterlassung","FEM","Unterlassung","Unterlassungen","en",4
"Unterleib","MASC","Unterleib","Unterleiber","er",2
"Untermauerung","FEM","Untermauerung","Untermauerungen","en",4
"Unternehmen","NEUT","Unternehmen","Unternehmen","ø",4
"Unternehmer","MASC","Unternehmer","Unternehmer","ø",4
"Unternehmung","FEM","Unternehmung","Unternehmungen","en",4
"Unteroffizier","MASC","Unteroffizier","Unteroffiziere","e",4
"Unterordner","MASC","Unterordner","Unterordner","ø",4
"Unterricht","MASC","Unterricht","Unterrichte","e",3
"Unterscheidungsvermögen","NEUT","Unterscheidungsvermögen","Unterscheidungsvermögen","ø",6
"Unterschenkel","MASC","Unterschenkel","Unterschenkel","ø",4
"Unterschied","MASC","Unterschied","Unterschiede","e",2
"Unterschlagung","FEM","Unterschlagung","Unterschlagungen","en",4
"Unterseeboot","NEUT","Unterseeboot","Unterseeboote","e",4
"Untersetzer","MASC","Untersetzer","Untersetzer","ø",4
"Unterstützer","MASC","Unterstützer","Unterstützer","ø",4
"Untersuchungskommission","FEM","Untersuchungskommission","Untersuchungskommissionen","en",7
"Untertagebau","MASC","Untertagebau","Untertagebaue","e",4
"Untertan","MASC","Untertan","Untertanen","en",3
"Unterteil","NEUT","Unterteil","Unterteile","e",2
"Untertitel","MASC","Untertitel","Untertitel","ø",4
"Untertreibung","FEM","Untertreibung","Untertreibungen","en",3
"Unterwerfung","FEM","Unterwerfung","Unterwerfungen","en",4
"Untier","NEUT","Untier","Untiere","e",1
"Untugend","FEM","Untugend","Untugenden","en",3
"Unverantwortlichkeit","FEM","Unverantwortlichkeit","Unverantwortlichkeiten","en",5
"Unvermögen","NEUT","Unvermögen","Unvermögen","ø",4
"Unvernünftigkeit","FEM","Unvernünftigkeit","Unvernünftigkeiten","en",4
"Unverträglichkeit","FEM","Unverträglichkeit","Unverträglichkeiten","en",4
"Unvoreingenommenheit","FEM","Unvoreingenommenheit","Unvoreingenommenheiten","en",5
"Unwägbarkeit","FEM","Unwägbarkeit","Unwägbarkeiten","en",3
"Unwetter","NEUT","Unwetter","Unwetter","ø",3
"Unzahl","FEM","Unzahl","Unzahlen","en",2
"Unzeit","FEM","Unzeit","Unzeiten","en",1
"Unzulänglichkeit","FEM","Unzulänglichkeit","Unzulänglichkeiten","en",4
"Uranerz","NEUT","Uranerz","Uranerze","e",3
"Uranisotop","NEUT","Uranisotop","Uranisotope","e",5
"Urbar","NEUT","Urbar","Urbare","e",2
"Urbarmachung","FEM","Urbarmachung","Urbarmachungen","en",4
"Urbild","NEUT","Urbild","Urbilder","er",2
"Urchrist","MASC","Urchrist","Urchristen","en",2
"Ureinwohner","MASC","Ureinwohner","Ureinwohner","ø",3
"Urenkel","MASC","Urenkel","Urenkel","ø",3
"Urfassung","FEM","Urfassung","Urfassungen","en",3
"Urgestein","NEUT","Urgestein","Urgesteine","e",2
"Urheber","MASC","Urheber","Urheber","ø",3
"Urheberschaft","FEM","Urheberschaft","Urheberschaften","en",4
"Urheimat","FEM","Urheimat","Urheimaten","en",2
"Urin","MASC","Urin","Urine","e",2
"Urinal","NEUT","Urinal","Urinale","e",3
"Urinstinkt","MASC","Urinstinkt","Urinstinkte","e",3
"Urlaub","MASC","Urlaub","Urlaube","e",1
"Urlauber","MASC","Urlauber","Urlauber","ø",2
"Urschrift","FEM","Urschrift","Urschriften","en",2
"Ursprungsort","MASC","Ursprungsort","Ursprungsorte","e",3
"Urteil","NEUT","Urteil","Urteile","e",1
"Urtext","MASC","Urtext","Urtexte","e",2
"USB-Stick","MASC","USB-Stick","USB-Sticks","s",2
"Uschanka","FEM","Uschanka","Uschankas","s",3
"Uvular","MASC","Uvular","Uvulare","e",3
"Vagabund","MASC","Vagabund","Vagabunden","en",3
"Vagant","MASC","Vagant","Vaganten","en",2
"Vaginalpilz","MASC","Vaginalpilz","Vaginalpilze","e",4
"Vakuumverdampfer","MASC","Vakuumverdampfer","Vakuumverdampfer","ø",5
"Vakzin","NEUT","Vakzin","Vakzine","e",2
"Valentinstag","MASC","Valentinstag","Valentinstage","e",4
"Vamp","MASC","Vamp","Vamps","s",1
"Vampir","MASC","Vampir","Vampire","e",2
"Vanadat","NEUT","Vanadat","Vanadate","e",3
"Vanadinit","MASC","Vanadinit","Vanadinite","e",4
"Vanadiumerz","NEUT","Vanadiumerz","Vanadiumerze","e",4
"Vanadocen","NEUT","Vanadocen","Vanadocene","e",4
"Vanillepudding","MASC","Vanillepudding","Vanillepuddinge","e",5
"Vanuatuer","MASC","Vanuatuer","Vanuatuer","ø",3
"Varietee","NEUT","Varietee","Varietees","s",2
"Vasall","MASC","Vasall","Vasallen","en",2
"Väterchen","NEUT","Väterchen","Väterchen","ø",3
"Vatermörder","MASC","Vatermörder","Vatermörder","ø",4
"Vaterschaft","FEM","Vaterschaft","Vaterschaften","en",3
"Vaterschaftsanerkennung","FEM","Vaterschaftsanerkennung","Vaterschaftsanerkennungen","en",7
"Vatertag","MASC","Vatertag","Vatertage","e",3
"Vaterunser","NEUT","Vaterunser","Vaterunser","ø",4
"Vectorboson","NEUT","Vectorboson","Vectorbosonen","en",4
"Vegetarier","MASC","Vegetarier","Vegetarier","ø",3
"Veggie","MASC","Veggie","Veggies","s",1
"Vehikel","NEUT","Vehikel","Vehikel","ø",3
"Veilchen","NEUT","Veilchen","Veilchen","ø",1
"Vektorfeld","NEUT","Vektorfeld","Vektorfelder","er",3
"Velar","MASC","Velar","Velare","e",2
"Velodrom","NEUT","Velodrom","Velodrome","e",3
"Venetianer","MASC","Venetianer","Venetianer","ø",4
"Venezianer","MASC","Venezianer","Venezianer","ø",4
"Ventil","NEUT","Ventil","Ventile","e",2
"Venussymbol","NEUT","Venussymbol","Venussymbole","e",4
"Verabredung","FEM","Verabredung","Verabredungen","en",4
"Verachtfacher","MASC","Verachtfacher","Verachtfacher","ø",4
"Verachtfachung","FEM","Verachtfachung","Verachtfachungen","en",4
"Veränderer","MASC","Veränderer","Veränderer","ø",4
"Veränderungsgrad","MASC","Veränderungsgrad","Veränderungsgrade","e",5
"Veranlagung","FEM","Veranlagung","Veranlagungen","en",4
"Veranlasser","MASC","Veranlasser","Veranlasser","ø",4
"Veranlassung","FEM","Veranlassung","Veranlassungen","en",4
"Veranschaulichung","FEM","Veranschaulichung","Veranschaulichungen","en",4
"Veranstalter","MASC","Veranstalter","Veranstalter","ø",4
"Veranstaltung","FEM","Veranstaltung","Veranstaltungen","en",4
"Veranstaltungsort","MASC","Veranstaltungsort","Veranstaltungsorte","e",5
"Veranstaltungsteilnehmer","MASC","Veranstaltungsteilnehmer","Veranstaltungsteilnehmer","ø",6
"Verb","NEUT","Verb","Verben","en",1
"Verballhornung","FEM","Verballhornung","Verballhornungen","en",4
"Verbalsubstantiv","NEUT","Verbalsubstantiv","Verbalsubstantive","e",5
"Verbarrikadierer","MASC","Verbarrikadierer","Verbarrikadierer","ø",5
"Verbesserer","MASC","Verbesserer","Verbesserer","ø",4
"Verbindungselement","NEUT","Verbindungselement","Verbindungselemente","e",6
"Verbindungshalbleiter","MASC","Verbindungshalbleiter","Verbindungshalbleiter","ø",5
"Verbindungsstück","NEUT","Verbindungsstück","Verbindungsstücke","e",4
"Verbitterung","FEM","Verbitterung","Verbitterungen","en",4
"Verbohrtheit","FEM","Verbohrtheit","Verbohrtheiten","en",2
"Verbosität","FEM","Verbosität","Verbositäten","en",4
"Verbot","NEUT","Verbot","Verbote","e",2
"Verbraucher","MASC","Verbraucher","Verbraucher","ø",2
"Verbrechen","NEUT","Verbrechen","Verbrechen","ø",3
"Verbrecher","MASC","Verbrecher","Verbrecher","ø",3
"Verbrennung","FEM","Verbrennung","Verbrennungen","en",3
"Verbrennungsmotor","MASC","Verbrennungsmotor","Verbrennungsmotoren","en",5
"Verbrennungsprozess","MASC","Verbrennungsprozess","Verbrennungsprozesse","e",5
"Verbund","MASC","Verbund","Verbunde","e",2
"Verbundstoff","MASC","Verbundstoff","Verbundstoffe","e",3
"Verbundwerkstoff","MASC","Verbundwerkstoff","Verbundwerkstoffe","e",4
"Verbvalenz","FEM","Verbvalenz","Verbvalenzen","en",3
"Verdacht","MASC","Verdacht","Verdachte","e",2
"Verdampfer","MASC","Verdampfer","Verdampfer","ø",3
"Verdauungssystem","NEUT","Verdauungssystem","Verdauungssysteme","e",4
"Verdeck","NEUT","Verdeck","Verdecke","e",2
"Verderber","MASC","Verderber","Verderber","ø",3
"Verdeutlichung","FEM","Verdeutlichung","Verdeutlichungen","en",3
"Verdeutschung","FEM","Verdeutschung","Verdeutschungen","en",2
"Verdienst","MASC","Verdienst","Verdienste","e",1
"Verdoppelung","FEM","Verdoppelung","Verdoppelungen","en",4
"Verdoppler","MASC","Verdoppler","Verdoppler","ø",3
"Verdorrung","FEM","Verdorrung","Verdorrungen","en",3
"Verdrehung","FEM","Verdrehung","Verdrehungen","en",3
"Verdreifacher","MASC","Verdreifacher","Verdreifacher","ø",3
"Verdreifachung","FEM","Verdreifachung","Verdreifachungen","en",3
"Verdreizehnfachung","FEM","Verdreizehnfachung","Verdreizehnfachungen","en",4
"Verdruss","MASC","Verdruss","Verdrusse","e",2
"Verehrer","MASC","Verehrer","Verehrer","ø",3
"Vereidigung","FEM","Vereidigung","Vereidigungen","en",3
"Verein","MASC","Verein","Vereine","e",1
"Vereinsmitglied","NEUT","Vereinsmitglied","Vereinsmitglieder","er",2
"Verelffachung","FEM","Verelffachung","Verelffachungen","en",4
"Verengung","FEM","Verengung","Verengungen","en",3
"Verfahren","NEUT","Verfahren","Verfahren","ø",3
"Verfasser","MASC","Verfasser","Verfasser","ø",3
"Verfassungsgericht","NEUT","Verfassungsgericht","Verfassungsgerichte","e",5
"Verfassungsordnung","FEM","Verfassungsordnung","Verfassungsordnungen","en",5
"Verfassungsschutz","MASC","Verfassungsschutz","Verfassungsschutze","e",4
"Verfechter","MASC","Verfechter","Verfechter","ø",3
"Verflechtung","FEM","Verflechtung","Verflechtungen","en",3
"Verfluchung","FEM","Verfluchung","Verfluchungen","en",3
"Verflüssigung","FEM","Verflüssigung","Verflüssigungen","en",4
"Verführer","MASC","Verführer","Verführer","ø",3
"Verführung","FEM","Verführung","Verführungen","en",3
"Verfünffacher","MASC","Verfünffacher","Verfünffacher","ø",4
"Verfünffachung","FEM","Verfünffachung","Verfünffachungen","en",4
"Vergaser","MASC","Vergaser","Vergaser","ø",3
"Vergasung","FEM","Vergasung","Vergasungen","en",3
"Vergeblichkeit","FEM","Vergeblichkeit","Vergeblichkeiten","en",3
"Vergehen","NEUT","Vergehen","Vergehen","ø",3
"Vergeltung","FEM","Vergeltung","Vergeltungen","en",3
"Vergeltungsangriff","MASC","Vergeltungsangriff","Vergeltungsangriffe","e",5
"Vergeudung","FEM","Vergeudung","Vergeudungen","en",2
"Vergewaltiger","MASC","Vergewaltiger","Vergewaltiger","ø",5
"Vergewaltigung","FEM","Vergewaltigung","Vergewaltigungen","en",5
"Vergiftungssymptom","NEUT","Vergiftungssymptom","Vergiftungssymptome","e",5
"Vergissmeinnicht","NEUT","Vergissmeinnicht","Vergissmeinnichte","e",3
"Vergleich","MASC","Vergleich","Vergleiche","e",1
"Vergnügung","FEM","Vergnügung","Vergnügungen","en",3
"Vergnügungspark","MASC","Vergnügungspark","Vergnügungsparken","en",4
"Vergnügungsviertel","NEUT","Vergnügungsviertel","Vergnügungsviertel","ø",4
"Vergrößerung","FEM","Vergrößerung","Vergrößerungen","en",4
"Vergrößerungsform","FEM","Vergrößerungsform","Vergrößerungsformen","en",5
"Vergünstigung","FEM","Vergünstigung","Vergünstigungen","en",4
"Verhalt","MASC","Verhalt","Verhalte","e",2
"Verhalten","NEUT","Verhalten","Verhalten","ø",3
"Verhaltensmuster","NEUT","Verhaltensmuster","Verhaltensmuster","ø",5
"Verheerung","FEM","Verheerung","Verheerungen","en",3
"Verheimlichung","FEM","Verheimlichung","Verheimlichungen","en",3
"Verherrlichung","FEM","Verherrlichung","Verherrlichungen","en",4
"Verhinderung","FEM","Verhinderung","Verhinderungen","en",4
"Verhöhner","MASC","Verhöhner","Verhöhner","ø",3
"Verhökerer","MASC","Verhökerer","Verhökerer","ø",4
"Verhör","NEUT","Verhör","Verhöre","e",2
"Verhüllung","FEM","Verhüllung","Verhüllungen","en",3
"Verhundertfachung","FEM","Verhundertfachung","Verhundertfachungen","en",5
"Verhütungsmittel","NEUT","Verhütungsmittel","Verhütungsmittel","ø",5
"Verjährung","FEM","Verjährung","Verjährungen","en",3
"Verkabelung","FEM","Verkabelung","Verkabelungen","en",4
"Verkapselung","FEM","Verkapselung","Verkapselungen","en",4
"Verkäufer","MASC","Verkäufer","Verkäufer","ø",2
"Verkaufspreis","MASC","Verkaufspreis","Verkaufspreise","e",1
"Verkaufstisch","MASC","Verkaufstisch","Verkaufstische","e",2
"Verkaufsvertretung","FEM","Verkaufsvertretung","Verkaufsvertretungen","en",4
"Verkehr","MASC","Verkehr","Verkehre","e",2
"Verkehrsflugzeug","NEUT","Verkehrsflugzeug","Verkehrsflugzeuge","e",3
"Verkehrshütchen","MASC","Verkehrshütchen","Verkehrshütchen","ø",4
"Verkehrsleitkegel","MASC","Verkehrsleitkegel","Verkehrsleitkegel","ø",4
"Verkehrsmittel","NEUT","Verkehrsmittel","Verkehrsmittel","ø",4
"Verkehrsschild","NEUT","Verkehrsschild","Verkehrsschilder","er",3
"Verkehrsstau","MASC","Verkehrsstau","Verkehrsstaue","e",2
"Verkehrsverbund","MASC","Verkehrsverbund","Verkehrsverbunde","e",4
"Verkehrsweg","MASC","Verkehrsweg","Verkehrswege","e",3
"Verkehrszeichen","NEUT","Verkehrszeichen","Verkehrszeichen","ø",3
"Verkehrtheit","FEM","Verkehrtheit","Verkehrtheiten","en",2
"Verklärung","FEM","Verklärung","Verklärungen","en",3
"Verkleinerungsform","FEM","Verkleinerungsform","Verkleinerungsformen","en",4
"Verkommenheit","FEM","Verkommenheit","Verkommenheiten","en",3
"Verköstigung","FEM","Verköstigung","Verköstigungen","en",4
"Verkostung","FEM","Verkostung","Verkostungen","en",3
"Verkürzungszeichen","NEUT","Verkürzungszeichen","Verkürzungszeichen","ø",4
"Verlag","MASC","Verlag","Verlage","e",2
"Verlagsleiter","MASC","Verlagsleiter","Verlagsleiter","ø",3
"Verlagswesen","NEUT","Verlagswesen","Verlagswesen","ø",4
"Verlangen","NEUT","Verlangen","Verlangen","ø",3
"Verlängerungskabel","NEUT","Verlängerungskabel","Verlängerungskabel","ø",6
"Verleger","MASC","Verleger","Verleger","ø",3
"Verleihung","FEM","Verleihung","Verleihungen","en",2
"Verletzlichkeit","FEM","Verletzlichkeit","Verletzlichkeiten","en",3
"Verleugnung","FEM","Verleugnung","Verleugnungen","en",2
"Verleumder","MASC","Verleumder","Verleumder","ø",2
"Verliebtheit","FEM","Verliebtheit","Verliebtheiten","en",1
"Verlierer","MASC","Verlierer","Verlierer","ø",2
"Verlies","NEUT","Verlies","Verliese","e",1
"Verlobung","FEM","Verlobung","Verlobungen","en",3
"Verlobungsring","MASC","Verlobungsring","Verlobungsringe","e",4
"Verlosung","FEM","Verlosung","Verlosungen","en",3
"Verlust","MASC","Verlust","Verluste","e",2
"Vermerk","MASC","Vermerk","Vermerke","e",2
"Vermessenheit","FEM","Vermessenheit","Vermessenheiten","en",3
"Vermesser","MASC","Vermesser","Vermesser","ø",3
"Vermessung","FEM","Vermessung","Vermessungen","en",3
"Vermiculit","MASC","Vermiculit","Vermiculite","e",4
"Vermieter","MASC","Vermieter","Vermieter","ø",2
"Vermietung","FEM","Vermietung","Vermietungen","en",2
"Vermittlungsgebühr","FEM","Vermittlungsgebühr","Vermittlungsgebühren","en",5
"Vermögen","NEUT","Vermögen","Vermögen","ø",3
"Vermummung","FEM","Vermummung","Vermummungen","en",3
"Vermummungsverbot","NEUT","Vermummungsverbot","Vermummungsverbote","e",5
"Vernachlässigung","FEM","Vernachlässigung","Vernachlässigungen","en",5
"Vernarrung","FEM","Vernarrung","Vernarrungen","en",3
"Verneunfacher","MASC","Verneunfacher","Verneunfacher","ø",3
"Verneunfachung","FEM","Verneunfachung","Verneunfachungen","en",3
"Vernichtungskrieg","MASC","Vernichtungskrieg","Vernichtungskriege","e",3
"Vernichtungslager","NEUT","Vernichtungslager","Vernichtungslager","ø",5
"Verpflegung","FEM","Verpflegung","Verpflegungen","en",3
"Verproviantierung","FEM","Verproviantierung","Verproviantierungen","en",4
"Verpuffung","FEM","Verpuffung","Verpuffungen","en",3
"Verpuppung","FEM","Verpuppung","Verpuppungen","en",3
"Verrammelung","FEM","Verrammelung","Verrammelungen","en",4
"Verramscher","MASC","Verramscher","Verramscher","ø",3
"Verräter","MASC","Verräter","Verräter","ø",3
"Verräterei","FEM","Verräterei","Verräterei","ø",3
"Verrichtung","FEM","Verrichtung","Verrichtungen","en",3
"Verrührer","MASC","Verrührer","Verrührer","ø",3
"Vers","MASC","Vers","Verse","e",1
"Versalzer","MASC","Versalzer","Versalzer","ø",3
"Versammler","MASC","Versammler","Versammler","ø",3
"Versammlungsbeginn","MASC","Versammlungsbeginn","Versammlungsbeginne","e",5
"Versammlungsort","MASC","Versammlungsort","Versammlungsorte","e",4
"Versammlungsteilnehmer","MASC","Versammlungsteilnehmer","Versammlungsteilnehmer","ø",5
"Versatzstück","NEUT","Versatzstück","Versatzstücke","e",3
"Versäufer","MASC","Versäufer","Versäufer","ø",2
"Versäumer","MASC","Versäumer","Versäumer","ø",2
"Verschaffer","MASC","Verschaffer","Verschaffer","ø",3
"Verschaler","MASC","Verschaler","Verschaler","ø",3
"Verschandeler","MASC","Verschandeler","Verschandeler","ø",4
"Verschanzer","MASC","Verschanzer","Verschanzer","ø",3
"Verschen","NEUT","Verschen","Verschen","ø",2
"Verscherbeler","MASC","Verscherbeler","Verscherbeler","ø",4
"Verscheucher","MASC","Verscheucher","Verscheucher","ø",2
"Verschieber","MASC","Verschieber","Verschieber","ø",2
"Verschiebung","FEM","Verschiebung","Verschiebungen","en",2
"Verschiedenheit","FEM","Verschiedenheit","Verschiedenheiten","en",2
"Verschießer","MASC","Verschießer","Verschießer","ø",2
"Verschiffer","MASC","Verschiffer","Verschiffer","ø",3
"Verschlafer","MASC","Verschlafer","Verschlafer","ø",3
"Verschlechterer","MASC","Verschlechterer","Verschlechterer","ø",4
"Verschleierung","FEM","Verschleierung","Verschleierungen","en",3
"Verschleiß","MASC","Verschleiß","Verschleiße","e",1
"Verschleppungstaktik","FEM","Verschleppungstaktik","Verschleppungstaktiken","en",5
"Verschleuderer","MASC","Verschleuderer","Verschleuderer","ø",3
"Verschlimmbesserung","FEM","Verschlimmbesserung","Verschlimmbesserungen","en",5
"Verschlimmerer","MASC","Verschlimmerer","Verschlimmerer","ø",4
"Verschlinger","MASC","Verschlinger","Verschlinger","ø",3
"Verschlucker","MASC","Verschlucker","Verschlucker","ø",3
"Verschlüsseler","MASC","Verschlüsseler","Verschlüsseler","ø",4
"Verschlüsselung","FEM","Verschlüsselung","Verschlüsselungen","en",4
"Verschlüsselungsgerät","NEUT","Verschlüsselungsgerät","Verschlüsselungsgeräte","e",6
"Verschlüsselungstechnik","FEM","Verschlüsselungstechnik","Verschlüsselungstechniken","en",6
"Verschlusslaut","MASC","Verschlusslaut","Verschlusslaute","e",2
"Verschmäher","MASC","Verschmäher","Verschmäher","ø",3
"Verschmutzer","MASC","Verschmutzer","Verschmutzer","ø",3
"Verschnürer","MASC","Verschnürer","Verschnürer","ø",3
"Verschoner","MASC","Verschoner","Verschoner","ø",3
"Verschönerer","MASC","Verschönerer","Verschönerer","ø",4
"Verschränker","MASC","Verschränker","Verschränker","ø",3
"Verschreiber","MASC","Verschreiber","Verschreiber","ø",2
"Verschreibung","FEM","Verschreibung","Verschreibungen","en",2
"Verschriftung","FEM","Verschriftung","Verschriftungen","en",3
"Verschrobenheit","FEM","Verschrobenheit","Verschrobenheiten","en",3
"Verschuldung","FEM","Verschuldung","Verschuldungen","en",3
"Verschweiger","MASC","Verschweiger","Verschweiger","ø",2
"Verschwender","MASC","Verschwender","Verschwender","ø",3
"Verschwörer","MASC","Verschwörer","Verschwörer","ø",3
"Verschwörungstheoretiker","MASC","Verschwörungstheoretiker","Verschwörungstheoretiker","ø",7
"Versechsfacher","MASC","Versechsfacher","Versechsfacher","ø",4
"Versechsfachung","FEM","Versechsfachung","Versechsfachungen","en",4
"Versehen","NEUT","Versehen","Versehen","ø",3
"Versehrung","FEM","Versehrung","Versehrungen","en",3
"Versender","MASC","Versender","Versender","ø",3
"Versenger","MASC","Versenger","Versenger","ø",3
"Versenker","MASC","Versenker","Versenker","ø",3
"Verseucher","MASC","Verseucher","Verseucher","ø",2
"Versicherer","MASC","Versicherer","Versicherer","ø",4
"Versicherung","FEM","Versicherung","Versicherungen","en",4
"Versicherungsbetrüger","MASC","Versicherungsbetrüger","Versicherungsbetrüger","ø",7
"Versicherungsgesellschaft","FEM","Versicherungsgesellschaft","Versicherungsgesellschaften","en",7
"Versicherungsschwindler","MASC","Versicherungsschwindler","Versicherungsschwindler","ø",6
"Versiebenfacher","MASC","Versiebenfacher","Versiebenfacher","ø",4
"Versiebenfachung","FEM","Versiebenfachung","Versiebenfachungen","en",4
"Versilberer","MASC","Versilberer","Versilberer","ø",4
"Versionsgeschichte","FEM","Versionsgeschichte","Versionsgeschichteen","en",5
"Versklaver","MASC","Versklaver","Versklaver","ø",3
"Versklavung","FEM","Versklavung","Versklavungen","en",3
"Verslein","NEUT","Verslein","Verslein","ø",1
"Versmaß","NEUT","Versmaß","Versmaße","e",2
"Verso","NEUT","Verso","Versos","s",2
"Versohler","MASC","Versohler","Versohler","ø",3
"Versöhner","MASC","Versöhner","Versöhner","ø",3
"Versöhnlichkeit","FEM","Versöhnlichkeit","Versöhnlichkeiten","en",3
"Versorger","MASC","Versorger","Versorger","ø",3
"Verspätung","FEM","Verspätung","Verspätungen","en",3
"Verspeiser","MASC","Verspeiser","Verspeiser","ø",2
"Versperrer","MASC","Versperrer","Versperrer","ø",3
"Verspieler","MASC","Verspieler","Verspieler","ø",2
"Verspotter","MASC","Verspotter","Verspotter","ø",3
"Versprechen","NEUT","Versprechen","Versprechen","ø",3
"Versprecher","MASC","Versprecher","Versprecher","ø",3
"Verspröder","MASC","Verspröder","Verspröder","ø",3
"Verstaatlichung","FEM","Verstaatlichung","Verstaatlichungen","en",4
"Verstärker","MASC","Verstärker","Verstärker","ø",3
"Verstattung","FEM","Verstattung","Verstattungen","en",3
"Versteigerer","MASC","Versteigerer","Versteigerer","ø",3
"Verstimmung","FEM","Verstimmung","Verstimmungen","en",3
"Verstrahlung","FEM","Verstrahlung","Verstrahlungen","en",3
"Versuch","MASC","Versuch","Versuche","e",2
"Versucher","MASC","Versucher","Versucher","ø",3
"Versuchsballon","MASC","Versuchsballon","Versuchsballons","s",4
"Versuchskaninchen","NEUT","Versuchskaninchen","Versuchskaninchen","ø",5
"Versuchstier","NEUT","Versuchstier","Versuchstiere","e",2
"Vertagung","FEM","Vertagung","Vertagungen","en",3
"Verteidiger","MASC","Verteidiger","Verteidiger","ø",3
"Verteidigungsminister","MASC","Verteidigungsminister","Verteidigungsminister","ø",6
"Verteilerkreis","MASC","Verteilerkreis","Verteilerkreise","e",2
"Verträglichkeit","FEM","Verträglichkeit","Verträglichkeiten","en",3
"Vertreter","MASC","Vertreter","Vertreter","ø",3
"Vertretung","FEM","Vertretung","Vertretungen","en",3
"Vertretungsberechtigter","MASC","Vertretungsberechtigter","Vertretungsberechtigter","ø",7
"Vertrieb","MASC","Vertrieb","Vertriebe","e",1
"Verunreinigung","FEM","Verunreinigung","Verunreinigungen","en",4
"Verursacher","MASC","Verursacher","Verursacher","ø",4
"Vervielfacher","MASC","Vervielfacher","Vervielfacher","ø",3
"Vervielfachung","FEM","Vervielfachung","Vervielfachungen","en",3
"Vervielfältigung","FEM","Vervielfältigung","Vervielfältigungen","en",4
"Vervierfacher","MASC","Vervierfacher","Vervierfacher","ø",3
"Vervierfachung","FEM","Vervierfachung","Vervierfachungen","en",3
"Vervierzehnfachung","FEM","Vervierzehnfachung","Vervierzehnfachungen","en",4
"Vervollkommnung","FEM","Vervollkommnung","Vervollkommnungen","en",4
"Verwahrlosung","FEM","Verwahrlosung","Verwahrlosungen","en",4
"Verwahrung","FEM","Verwahrung","Verwahrungen","en",3
"Verwalter","MASC","Verwalter","Verwalter","ø",3
"Verwaltungsakt","MASC","Verwaltungsakt","Verwaltungsakte","e",4
"Verwaltungsgericht","NEUT","Verwaltungsgericht","Verwaltungsgerichte","e",5
"Verwandtschaftsbeziehung","FEM","Verwandtschaftsbeziehung","Verwandtschaftsbeziehungen","en",5
"Verwandtschaftsgrad","MASC","Verwandtschaftsgrad","Verwandtschaftsgrade","e",4
"Verwechselung","FEM","Verwechselung","Verwechselungen","en",4
"Verweis","MASC","Verweis","Verweise","e",1
"Verwendung","FEM","Verwendung","Verwendungen","en",3
"Verwerfung","FEM","Verwerfung","Verwerfungen","en",3
"Verwestlichung","FEM","Verwestlichung","Verwestlichungen","en",4
"Verwirkung","FEM","Verwirkung","Verwirkungen","en",3
"Verwundung","FEM","Verwundung","Verwundungen","en",3
"Verzauberung","FEM","Verzauberung","Verzauberungen","en",3
"Verzehnfacher","MASC","Verzehnfacher","Verzehnfacher","ø",4
"Verzehnfachung","FEM","Verzehnfachung","Verzehnfachungen","en",4
"Verzeichnisdienst","MASC","Verzeichnisdienst","Verzeichnisdienste","e",2
"Verzückung","FEM","Verzückung","Verzückungen","en",3
"Verzwanzigfachung","FEM","Verzwanzigfachung","Verzwanzigfachungen","en",5
"Verzwölffachung","FEM","Verzwölffachung","Verzwölffachungen","en",4
"Vestibül","NEUT","Vestibül","Vestibüle","e",3
"Veteran","MASC","Veteran","Veteranen","en",3
"Veterinär","MASC","Veterinär","Veterinäre","e",4
"Veto","NEUT","Veto","Vetos","s",2
"Vetterchen","NEUT","Vetterchen","Vetterchen","ø",3
"Vibrant","MASC","Vibrant","Vibranten","en",2
"Videoaufzeichnung","FEM","Videoaufzeichnung","Videoaufzeichnungen","en",3
"Videobotschaft","FEM","Videobotschaft","Videobotschaften","en",4
"Videokonferenz","FEM","Videokonferenz","Videokonferenzen","en",5
"Videospiel","NEUT","Videospiel","Videospiele","e",2
"Viech","NEUT","Viech","Viecher","er",0
"Viehtreiber","MASC","Viehtreiber","Viehtreiber","ø",1
"Viehzucht","FEM","Viehzucht","Viehzuchten","en",1
"Vieleck","NEUT","Vieleck","Vielecke","e",1
"Vielflach","NEUT","Vielflach","Vielflache","e",1
"Vielflächner","MASC","Vielflächner","Vielflächner","ø",2
"Vielfraß","MASC","Vielfraß","Vielfraße","e",1
"Vielgötterei","FEM","Vielgötterei","Vielgöttereien","en",2
"Vielvölkerstaat","MASC","Vielvölkerstaat","Vielvölkerstaaten","en",3
"Vielweiberei","FEM","Vielweiberei","Vielweibereien","en",1
"Vierbeiner","MASC","Vierbeiner","Vierbeiner","ø",1
"Viereck","NEUT","Viereck","Vierecke","e",1
"Vierer","MASC","Vierer","Vierer","ø",1
"Vierflächner","MASC","Vierflächner","Vierflächner","ø",2
"Vierfürst","MASC","Vierfürst","Vierfürsten","en",1
"Vierling","MASC","Vierling","Vierlinge","e",1
"Viertel","NEUT","Viertel","Viertel","ø",1
"Viertelfinale","NEUT","Viertelfinale","Viertelfinale","ø",4
"Vierteljahr","NEUT","Vierteljahr","Vierteljahre","e",2
"Vierteljahrhundert","NEUT","Vierteljahrhundert","Vierteljahrhunderte","e",4
"Viertelliter","MASC","Viertelliter","Viertelliter","ø",3
"Vierunddreißigeck","NEUT","Vierunddreißigeck","Vierunddreißigecke","e",3
"Vierundzwanzig","FEM","Vierundzwanzig","Vierundzwanzigen","en",3
"Vierzehneck","NEUT","Vierzehneck","Vierzehnecke","e",2
"Vierzigeck","NEUT","Vierzigeck","Vierzigecke","e",2
"Vierzylinder","MASC","Vierzylinder","Vierzylinder","ø",3
"Vietnam","NEUT","Vietnam","Vietnam","ø",1
"Viewport","MASC","Viewport","Viewporte","e",1
"Violinist","MASC","Violinist","Violinisten","en",3
"Violinkonzert","NEUT","Violinkonzert","Violinkonzerte","e",4
"Violinschlüssel","MASC","Violinschlüssel","Violinschlüssel","ø",4
"Viruslast","FEM","Viruslast","Viruslasten","en",3
"Visier","NEUT","Visier","Visiere","e",1
"Visionär","MASC","Visionär","Visionäre","e",3
"Visitation","FEM","Visitation","Visitationen","en",4
"Viskosität","FEM","Viskosität","Viskositäten","en",4
"Vizeadmiral","MASC","Vizeadmiral","Vizeadmirale","e",4
"Vizeaußenminister","MASC","Vizeaußenminister","Vizeaußenminister","ø",6
"Vizebürgermeister","MASC","Vizebürgermeister","Vizebürgermeister","ø",5
"Vizechef","MASC","Vizechef","Vizechefs","s",3
"Vizedirektor","MASC","Vizedirektor","Vizedirektoren","en",5
"Vizeeuropameister","MASC","Vizeeuropameister","Vizeeuropameister","ø",5
"Vizefeldwebel","MASC","Vizefeldwebel","Vizefeldwebel","ø",5
"Vizegouverneur","MASC","Vizegouverneur","Vizegouverneure","e",4
"Vizekönig","MASC","Vizekönig","Vizekönige","e",4
"Vizekönigreich","NEUT","Vizekönigreich","Vizekönigreiche","e",4
"Vizemeister","MASC","Vizemeister","Vizemeister","ø",3
"Vizemeisterschaft","MASC","Vizemeisterschaft","Vizemeisterschaften","en",4
"Vizeminister","MASC","Vizeminister","Vizeminister","ø",5
"Vizepräsident","MASC","Vizepräsident","Vizepräsidenten","en",5
"Vizepremier","MASC","Vizepremier","Vizepremiers","s",3
"Vizepremierminister","MASC","Vizepremierminister","Vizepremierminister","ø",6
"Vizerektor","MASC","Vizerektor","Vizerektoren","en",4
"Vizewachtmeister","MASC","Vizewachtmeister","Vizewachtmeister","ø",4
"Vizeweltmeister","MASC","Vizeweltmeister","Vizeweltmeister","ø",4
"Vlies","NEUT","Vlies","Vliese","e",0
"Vögelchen","NEUT","Vögelchen","Vögelchen","ø",3
"Vogelfreiheit","FEM","Vogelfreiheit","Vogelfreiheiten","en",2
"Vogelkäfig","MASC","Vogelkäfig","Vogelkäfige","e",4
"Vogelschiss","MASC","Vogelschiss","Vogelschisse","e",3
"Vogelschützer","MASC","Vogelschützer","Vogelschützer","ø",4
"Vogelschutzgebiet","NEUT","Vogelschutzgebiet","Vogelschutzgebiete","e",4
"Vöglein","NEUT","Vöglein","Vöglein","ø",1
"Vokal","MASC","Vokal","Vokale","e",2
"Vokalwechsel","MASC","Vokalwechsel","Vokalwechsel","ø",4
"Vokativ","MASC","Vokativ","Vokative","e",3
"Völkchen","NEUT","Völkchen","Völkchen","ø",2
"Völkerballspieler","MASC","Völkerballspieler","Völkerballspieler","ø",4
"Völkerschaft","FEM","Völkerschaft","Völkerschaften","en",3
"Völkerverständigung","FEM","Völkerverständigung","Völkerverständigungen","en",6
"Völkerwanderung","FEM","Völkerwanderung","Völkerwanderungen","en",5
"Volksbezeichnung","FEM","Volksbezeichnung","Volksbezeichnungen","en",3
"Volksempfänger","MASC","Volksempfänger","Volksempfänger","ø",4
"Volksfeind","MASC","Volksfeind","Volksfeinde","e",1
"Volksfest","NEUT","Volksfest","Volksfeste","e",2
"Volksgemeinschaft","FEM","Volksgemeinschaft","Volksgemeinschaften","en",3
"Volksgericht","NEUT","Volksgericht","Volksgerichte","e",3
"Volkskrankheit","FEM","Volkskrankheit","Volkskrankheiten","en",2
"Volkslied","NEUT","Volkslied","Volkslieder","er",1
"Volkssport","MASC","Volkssport","Volkssporte","e",2
"Volkstod","MASC","Volkstod","Volkstode","e",2
"Volkstrauertag","MASC","Volkstrauertag","Volkstrauertage","e",3
"Volksverhetzung","FEM","Volksverhetzung","Volksverhetzungen","en",4
"Volksverräter","MASC","Volksverräter","Volksverräter","ø",4
"Volksvertretung","FEM","Volksvertretung","Volksvertretungen","en",4
"Volkswagen","MASC","Volkswagen","Volkswagen","ø",3
"Volksweisheit","FEM","Volksweisheit","Volksweisheiten","en",1
"Volkszugehörigkeit","FEM","Volkszugehörigkeit","Volkszugehörigkeiten","en",5
"Volleyballspiel","NEUT","Volleyballspiel","Volleyballspiele","e",3
"Volleyballspieler","MASC","Volleyballspieler","Volleyballspieler","ø",4
"Vollidiot","MASC","Vollidiot","Vollidioten","en",3
"Vollkerf","MASC","Vollkerf","Vollkerfe","e",2
"Vollkornbrot","NEUT","Vollkornbrot","Vollkornbrote","e",3
"Vollkornmehl","NEUT","Vollkornmehl","Vollkornmehle","e",3
"Vollpfosten","MASC","Vollpfosten","Vollpfosten","ø",3
"Vollstreckungsbefehl","MASC","Vollstreckungsbefehl","Vollstreckungsbefehle","e",5
"Volltext","MASC","Volltext","Volltexte","e",2
"Volltreffer","MASC","Volltreffer","Volltreffer","ø",3
"Vollverb","NEUT","Vollverb","Vollverben","en",2
"Vollvokal","MASC","Vollvokal","Vollvokale","e",3
"Vollwaschmittel","NEUT","Vollwaschmittel","Vollwaschmittel","ø",4
"Volontär","MASC","Volontär","Volontäre","e",3
"Volumen","NEUT","Volumen","Volumen","ø",3
"Volumenprozent","NEUT","Volumenprozent","Volumenprozente","e",5
"Vorabdruck","MASC","Vorabdruck","Vorabdrucke","e",3
"Vorabend","MASC","Vorabend","Vorabende","e",3
"Vorarbeit","FEM","Vorarbeit","Vorarbeiten","en",2
"Voraussagung","FEM","Voraussagung","Voraussagungen","en",3
"Vorbedeutung","FEM","Vorbedeutung","Vorbedeutungen","en",3
"Vorbehalt","MASC","Vorbehalt","Vorbehalte","e",3
"Vorbehaltung","FEM","Vorbehaltung","Vorbehaltungen","en",4
"Vorbild","NEUT","Vorbild","Vorbilder","er",2
"Vordenker","MASC","Vordenker","Vordenker","ø",3
"Vorderdeck","NEUT","Vorderdeck","Vorderdecks","s",3
"Vorderreifen","MASC","Vorderreifen","Vorderreifen","ø",3
"Vordersteven","MASC","Vordersteven","Vordersteven","ø",4
"Vorderzungenvokal","MASC","Vorderzungenvokal","Vorderzungenvokale","e",6
"Vorerkrankung","FEM","Vorerkrankung","Vorerkrankungen","en",4
"Vorermittlung","FEM","Vorermittlung","Vorermittlungen","en",4
"Voressen","NEUT","Voressen","Voressen","ø",3
"Vorfahr","MASC","Vorfahr","Vorfahren","en",2
"Vorfahrt","FEM","Vorfahrt","Vorfahrten","en",2
"Vorführeffekt","MASC","Vorführeffekt","Vorführeffekte","e",4
"Vorführer","MASC","Vorführer","Vorführer","ø",3
"Vorgänger","MASC","Vorgänger","Vorgänger","ø",3
"Vorgebirge","NEUT","Vorgebirge","Vorgebirge","ø",4
"Vorgefühl","NEUT","Vorgefühl","Vorgefühle","e",3
"Vorgewende","NEUT","Vorgewende","Vorgewende","ø",4
"Vorhaben","NEUT","Vorhaben","Vorhaben","ø",3
"Vorhangstoff","MASC","Vorhangstoff","Vorhangstoffe","e",3
"Vorhäutchen","NEUT","Vorhäutchen","Vorhäutchen","ø",2
"Vorhersagung","FEM","Vorhersagung","Vorhersagungen","en",4
"Vorjahr","NEUT","Vorjahr","Vorjahre","e",2
"Vorjahresquartal","NEUT","Vorjahresquartal","Vorjahresquartale","e",5
"Vorkämpfer","MASC","Vorkämpfer","Vorkämpfer","ø",3
"Vorkommen","NEUT","Vorkommen","Vorkommen","ø",3
"Vorkoster","MASC","Vorkoster","Vorkoster","ø",3
"Vorläufer","MASC","Vorläufer","Vorläufer","ø",2
"Vorleger","MASC","Vorleger","Vorleger","ø",3
"Vorleser","MASC","Vorleser","Vorleser","ø",3
"Vorlesung","FEM","Vorlesung","Vorlesungen","en",3
"Vormachtstellung","FEM","Vormachtstellung","Vormachtstellungen","en",4
"Vormittag","MASC","Vormittag","Vormittage","e",3
"Vormonat","MASC","Vormonat","Vormonate","e",3
"Vormund","MASC","Vormund","Vormunde","e",2
"Vorort","MASC","Vorort","Vororte","e",2
"Vorquartal","NEUT","Vorquartal","Vorquartale","e",3
"Vorrecht","NEUT","Vorrecht","Vorrechte","e",2
"Vorreiter","MASC","Vorreiter","Vorreiter","ø",2
"Vorsätzlichkeit","FEM","Vorsätzlichkeit","Vorsätzlichkeiten","en",3
"Vorschrift","FEM","Vorschrift","Vorschriften","en",2
"Vorsehung","FEM","Vorsehung","Vorsehung","ø",3
"Vorsitz","MASC","Vorsitz","Vorsitze","e",2
"Vorspann","MASC","Vorspann","Vorspanne","e",2
"Vorspiel","NEUT","Vorspiel","Vorspiele","e",1
"Vorspielchen","NEUT","Vorspielchen","Vorspielchen","ø",2
"Vorstandschef","MASC","Vorstandschef","Vorstandschefs","s",3
"Vorstandsmitglied","NEUT","Vorstandsmitglied","Vorstandsmitglieder","er",3
"Vorstandssprecher","MASC","Vorstandssprecher","Vorstandssprecher","ø",4
"Vorstellung","FEM","Vorstellung","Vorstellungen","en",3
"Vorstellungsbeginn","MASC","Vorstellungsbeginn","Vorstellungsbeginne","e",5
"Vorstellungsgespräch","NEUT","Vorstellungsgespräch","Vorstellungsgespräche","e",5
"Vortag","MASC","Vortag","Vortage","e",2
"Vorteil","MASC","Vorteil","Vorteile","e",1
"Vortheil","MASC","Vortheil","Vortheile","e",1
"Vortrupp","MASC","Vortrupp","Vortrupps","s",2
"Vorurteil","NEUT","Vorurteil","Vorurteile","e",2
"Vorvergangenheit","FEM","Vorvergangenheit","Vorvergangenheiten","en",4
"Vorweihnachtszeit","FEM","Vorweihnachtszeit","Vorweihnachtszeiten","en",2
"Vorwerk","NEUT","Vorwerk","Vorwerke","e",2
"Vorwort","NEUT","Vorwort","Vorworte","e",2
"Vorzeichen","NEUT","Vorzeichen","Vorzeichen","ø",2
"Vorzeit","FEM","Vorzeit","Vorzeiten","en",1
"Vorzimmer","NEUT","Vorzimmer","Vorzimmer","ø",3
"Vulkanschlot","MASC","Vulkanschlot","Vulkanschlote","e",3
"Waadtländer","MASC","Waadtländer","Waadtländer","ø",3
"Wachhund","MASC","Wachhund","Wachhunde","e",2
"Wachkoma","NEUT","Wachkoma","Wachkomas","s",3
"Wacholder","MASC","Wacholder","Wacholder","ø",3
"Wachs","NEUT","Wachs","Wachse","e",1
"Wachsfigur","FEM","Wachsfigur","Wachsfiguren","en",3
"Wachsfigürchen","NEUT","Wachsfigürchen","Wachsfigürchen","ø",4
"Wachsfigürlein","NEUT","Wachsfigürlein","Wachsfigürlein","ø",3
"Wachskerzchen","NEUT","Wachskerzchen","Wachskerzchen","ø",3
"Wachskerzlein","NEUT","Wachskerzlein","Wachskerzlein","ø",2
"Wachsmalstift","MASC","Wachsmalstift","Wachsmalstifte","e",3
"Wachstropfen","MASC","Wachstropfen","Wachstropfen","ø",3
"Wachtelkönig","MASC","Wachtelkönig","Wachtelkönige","e",4
"Wächter","MASC","Wächter","Wächter","ø",2
"Wächterlein","NEUT","Wächterlein","Wächterlein","ø",2
"Wachtmeister","MASC","Wachtmeister","Wachtmeister","ø",2
"Wachzimmer","NEUT","Wachzimmer","Wachzimmer","ø",3
"Wackeldackel","MASC","Wackeldackel","Wackeldackel","ø",4
"Wackelkontakt","MASC","Wackelkontakt","Wackelkontakte","e",4
"Wackelpeter","MASC","Wackelpeter","Wackelpeter","ø",4
"Wackelpudding","MASC","Wackelpudding","Wackelpuddinge","e",4
"Wadenbein","NEUT","Wadenbein","Wadenbeine","e",2
"Waffenarsenal","NEUT","Waffenarsenal","Waffenarsenale","e",5
"Waffenerwerbsschein","MASC","Waffenerwerbsschein","Waffenerwerbsscheine","e",4
"Waffengattung","FEM","Waffengattung","Waffengattungen","en",4
"Waffenschmied","MASC","Waffenschmied","Waffenschmiede","e",2
"Waffenstillstandsabkommen","NEUT","Waffenstillstandsabkommen","Waffenstillstandsabkommen","ø",7
"Wägelchen","NEUT","Wägelchen","Wägelchen","ø",3
"Wagen","NEUT","Wagen","Wagen","ø",2
"Wagenburg","FEM","Wagenburg","Wagenburgen","en",3
"Wagner","MASC","Wagner","Wagner","ø",2
"Wähler","MASC","Wähler","Wähler","ø",2
"Wahlkämpfer","MASC","Wahlkämpfer","Wahlkämpfer","ø",3
"Wahlkreis","MASC","Wahlkreis","Wahlkreise","e",1
"Wahlkreisbewohner","MASC","Wahlkreisbewohner","Wahlkreisbewohner","ø",4
"Wahllokal","NEUT","Wahllokal","Wahllokale","e",3
"Wahlprogramm","NEUT","Wahlprogramm","Wahlprogramme","e",3
"Wahlrecht","NEUT","Wahlrecht","Wahlrechte","e",2
"Wahlsieg","MASC","Wahlsieg","Wahlsiege","e",1
"Wahn","MASC","Wahn","Wahne","e",1
"Wahnvorstellung","FEM","Wahnvorstellung","Wahnvorstellungen","en",4
"Wahrheitsgehalt","MASC","Wahrheitsgehalt","Wahrheitsgehalte","e",3
"Wahrheitswert","MASC","Wahrheitswert","Wahrheitswerte","e",2
"Wahrsager","MASC","Wahrsager","Wahrsager","ø",3
"Währung","FEM","Währung","Währungen","en",2
"Währungskürzel","NEUT","Währungskürzel","Währungskürzel","ø",4
"Währungsmetall","NEUT","Währungsmetall","Währungsmetalle","e",4
"Wahrzeichen","NEUT","Wahrzeichen","Wahrzeichen","ø",2
"Waidler","MASC","Waidler","Waidler","ø",2
"Wal","MASC","Wal","Wale","e",1
"Wäldchen","NEUT","Wäldchen","Wäldchen","ø",2
"Waldmeister","MASC","Waldmeister","Waldmeister","ø",2
"Waldrapp","MASC","Waldrapp","Waldrappe","e",2
"Waldstück","NEUT","Waldstück","Waldstücke","e",2
"Waldwasserläufer","MASC","Waldwasserläufer","Waldwasserläufer","ø",4
"Waldweg","MASC","Waldweg","Waldwege","e",2
"Walfisch","MASC","Walfisch","Walfische","e",2
"Walhai","MASC","Walhai","Walhaie","e",2
"Waliser","MASC","Waliser","Waliser","ø",3
"Wallach","MASC","Wallach","Wallache","e",2
"Walm","MASC","Walm","Walme","e",1
"Walross","NEUT","Walross","Walrosse","e",2
"Walzer","MASC","Walzer","Walzer","ø",2
"Walzertänzer","MASC","Walzertänzer","Walzertänzer","ø",4
"Wandelstern","MASC","Wandelstern","Wandelsterne","e",3
"Wanderer","MASC","Wanderer","Wanderer","ø",3
"Wandergewerbe","NEUT","Wandergewerbe","Wandergewerbe","ø",5
"Wanderschaft","FEM","Wanderschaft","Wanderschaften","en",3
"Wanderschuh","MASC","Wanderschuh","Wanderschuhe","e",3
"Wandgemälde","NEUT","Wandgemälde","Wandgemälde","ø",4
"Wandteppich","MASC","Wandteppich","Wandteppiche","e",3
"Wängchen","NEUT","Wängchen","Wängchen","ø",2
"Wangenknochen","MASC","Wangenknochen","Wangenknochen","ø",4
"Wappen","NEUT","Wappen","Wappen","ø",2
"Wappentier","NEUT","Wappentier","Wappentiere","e",2
"Waran","MASC","Waran","Warane","e",2
"Warenangebot","NEUT","Warenangebot","Warenangebote","e",5
"Warenmuster","NEUT","Warenmuster","Warenmuster","ø",4
"Warenregal","NEUT","Warenregal","Warenregale","e",4
"Warenverkehr","MASC","Warenverkehr","Warenverkehre","e",4
"Warenzeichen","NEUT","Warenzeichen","Warenzeichen","ø",3
"Warft","FEM","Warft","Warften","en",1
"Warmduscher","MASC","Warmduscher","Warmduscher","ø",3
"Wärmeaustausch","MASC","Wärmeaustausch","Wärmeaustausche","e",2
"Wärmeaustauscher","MASC","Wärmeaustauscher","Wärmeaustauscher","ø",3
"Wärmekapazität","FEM","Wärmekapazität","Wärmekapazitäten","en",6
"Wärmeleitfähigkeit","FEM","Wärmeleitfähigkeit","Wärmeleitfähigkeiten","en",4
"Wärmer","MASC","Wärmer","Wärmer","ø",2
"Wärmetauscher","MASC","Wärmetauscher","Wärmetauscher","ø",3
"Wärmeverlust","MASC","Wärmeverlust","Wärmeverluste","e",4
"Warmfront","FEM","Warmfront","Warmfronten","en",2
"Warnblinklicht","NEUT","Warnblinklicht","Warnblinklichter","er",3
"Warnsignal","NEUT","Warnsignal","Warnsignale","e",3
"Warnung","FEM","Warnung","Warnungen","en",2
"Wart","MASC","Wart","Warte","e",1
"Wärter","MASC","Wärter","Wärter","ø",2
"Warterei","FEM","Warterei","Wartereien","en",2
"Wartezeit","FEM","Wartezeit","Wartezeiten","en",2
"Warzenschwein","NEUT","Warzenschwein","Warzenschweine","e",2
"Waschbär","MASC","Waschbär","Waschbären","en",2
"Waschbecken","NEUT","Waschbecken","Waschbecken","ø",3
"Waschbrett","NEUT","Waschbrett","Waschbretter","er",2
"Wäscher","MASC","Wäscher","Wäscher","ø",2
"Wäscherei","FEM","Wäscherei","Wäschereien","en",2
"Wäscheständer","MASC","Wäscheständer","Wäscheständer","ø",4
"Wäschetrockner","MASC","Wäschetrockner","Wäschetrockner","ø",4
"Wäschetrocknung","FEM","Wäschetrocknung","Wäschetrocknungen","en",4
"Waschlappen","MASC","Waschlappen","Waschlappen","ø",3
"Waschmittel","NEUT","Waschmittel","Waschmittel","ø",3
"Waschung","FEM","Waschung","Waschungen","en",2
"Wasen","MASC","Wasen","Wasen","ø",2
"Wasenmeister","MASC","Wasenmeister","Wasenmeister","ø",3
"Washingtoner","MASC","Washingtoner","Washingtoner","ø",4
"Wasser","NEUT","Wasser","Wasser","ø",2
"Wasserballspieler","MASC","Wasserballspieler","Wasserballspieler","ø",4
"Wasserbär","MASC","Wasserbär","Wasserbären","en",3
"Wasserbecken","NEUT","Wasserbecken","Wasserbecken","ø",4
"Wasserbehälter","MASC","Wasserbehälter","Wasserbehälter","ø",5
"Wasserbett","NEUT","Wasserbett","Wasserbetten","en",3
"Wässerchen","NEUT","Wässerchen","Wässerchen","ø",3
"Wasserfahrzeug","NEUT","Wasserfahrzeug","Wasserfahrzeuge","e",3
"Wasserflugzeug","NEUT","Wasserflugzeug","Wasserflugzeuge","e",3
"Wassergehalt","MASC","Wassergehalt","Wassergehalte","e",4
"Wasserhund","MASC","Wasserhund","Wasserhunde","e",3
"Wasserhündchen","NEUT","Wasserhündchen","Wasserhündchen","ø",4
"Wasserkanister","MASC","Wasserkanister","Wasserkanister","ø",5
"Wasserkessel","MASC","Wasserkessel","Wasserkessel","ø",4
"Wasserklosett","NEUT","Wasserklosett","Wasserklosetts","s",4
"Wasserkocher","MASC","Wasserkocher","Wasserkocher","ø",4
"Wasserläufer","MASC","Wasserläufer","Wasserläufer","ø",3
"Wasserleitung","FEM","Wasserleitung","Wasserleitungen","en",3
"Wassermolekül","NEUT","Wassermolekül","Wassermoleküle","e",5
"Wasserskorpion","MASC","Wasserskorpion","Wasserskorpione","e",4
"Wasserspiel","NEUT","Wasserspiel","Wasserspiele","e",2
"Wasserstoffantrieb","MASC","Wasserstoffantrieb","Wasserstoffantriebe","e",4
"Wasserstoffatom","NEUT","Wasserstoffatom","Wasserstoffatome","e",5
"Wasserstofffahrzeug","NEUT","Wasserstofffahrzeug","Wasserstofffahrzeuge","e",4
"Wasserstoffion","NEUT","Wasserstoffion","Wasserstoffionen","en",4
"Wasserstoffisotop","NEUT","Wasserstoffisotop","Wasserstoffisotope","e",6
"Wasserstoffkern","MASC","Wasserstoffkern","Wasserstoffkerne","e",4
"Wasserstoffmolekül","NEUT","Wasserstoffmolekül","Wasserstoffmoleküle","e",6
"Wasserstoffoxid","NEUT","Wasserstoffoxid","Wasserstoffoxide","e",5
"Wassertemperatur","FEM","Wassertemperatur","Wassertemperaturen","en",6
"Wassertreter","MASC","Wassertreter","Wassertreter","ø",4
"Wassertropfen","MASC","Wassertropfen","Wassertropfen","ø",4
"Wasserung","FEM","Wasserung","Wasserungen","en",3
"Wasserverschmutzung","FEM","Wasserverschmutzung","Wasserverschmutzungen","en",5
"Wasserweg","MASC","Wasserweg","Wasserwege","e",3
"Wasserwerfer","MASC","Wasserwerfer","Wasserwerfer","ø",4
"Wasserwerk","NEUT","Wasserwerk","Wasserwerke","e",3
"Wasserzähler","MASC","Wasserzähler","Wasserzähler","ø",4
"Wasserzeichen","NEUT","Wasserzeichen","Wasserzeichen","ø",3
"Watt","NEUT","Watt","Watten","en",1
"Wattebällchen","NEUT","Wattebällchen","Wattebällchen","ø",4
"Wattenmeer","NEUT","Wattenmeer","Wattenmeere","e",3
"Wattestäbchen","NEUT","Wattestäbchen","Wattestäbchen","ø",4
"WC","NEUT","WC","WCs","s",0
"Weber","NEUT","Weber","Weber","ø",2
"WebHook","MASC","WebHook","WebHooks","s",2
"Webinar","NEUT","Webinar","Webinare","e",3
"Website","FEM","Website","Websites","s",3
"Wechsel","MASC","Wechsel","Wechsel","ø",2
"Wechselgeld","NEUT","Wechselgeld","Wechselgelder","er",3
"Wechselkurs","MASC","Wechselkurs","Wechselkurse","e",3
"Wechselrichter","MASC","Wechselrichter","Wechselrichter","ø",4
"Wechselspiel","NEUT","Wechselspiel","Wechselspiele","e",2
"Wechselwirkung","FEM","Wechselwirkung","Wechselwirkungen","en",4
"Weck","MASC","Weck","Wecken","en",1
"Wecken","NEUT","Wecken","Wecken","ø",2
"Wecker","MASC","Wecker","Wecker","ø",2
"Weckruf","MASC","Weckruf","Weckrufe","e",2
"Weg","MASC","Weg","Wege","e",1
"Wegbereiter","MASC","Wegbereiter","Wegbereiter","ø",3
"Wegbeschreibung","FEM","Wegbeschreibung","Wegbeschreibungen","en",3
"Wegelagerer","MASC","Wegelagerer","Wegelagerer","ø",5
"Wegerich","MASC","Wegerich","Wegeriche","e",3
"Weggabelung","FEM","Weggabelung","Weggabelungen","en",4
"Wegweiser","MASC","Wegweiser","Wegweisere","e",2
"Wegwerfbehälter","MASC","Wegwerfbehälter","Wegwerfbehälter","ø",5
"Wegwerfbesteck","NEUT","Wegwerfbesteck","Wegwerfbestecke","e",4
"Wegwerffeuerzeug","NEUT","Wegwerffeuerzeug","Wegwerffeuerzeuge","e",3
"Wegwerfgeschirr","NEUT","Wegwerfgeschirr","Wegwerfgeschirre","e",4
"Wegwerfgesellschaft","FEM","Wegwerfgesellschaft","Wegwerfgesellschaften","en",5
"Wegwerfpackung","FEM","Wegwerfpackung","Wegwerfpackungen","en",4
"Wegwerfrasierer","MASC","Wegwerfrasierer","Wegwerfrasierer","ø",4
"Wegwerfverpackung","FEM","Wegwerfverpackung","Wegwerfverpackungen","en",5
"Weh","NEUT","Weh","Wehe","e",1
"Wehr","NEUT","Wehr","Wehren","en",1
"Wehrdienst","MASC","Wehrdienst","Wehrdienste","e",1
"Wehrhaftigkeit","FEM","Wehrhaftigkeit","Wehrhaftigkeiten","en",3
"Weib","NEUT","Weib","Weiber","er",0
"Weibchen","NEUT","Weibchen","Weibchen","ø",1
"Weiblein","NEUT","Weiblein","Weiblein","ø",0
"Weibsbild","NEUT","Weibsbild","Weibsbilder","er",1
"Weibsperson","FEM","Weibsperson","Weibspersonen","en",2
"Weichbild","NEUT","Weichbild","Weichbilder","er",1
"Weichheitszeichen","NEUT","Weichheitszeichen","Weichheitszeichen","ø",1
"Weichkäse","MASC","Weichkäse","Weichkäse","ø",2
"Weichlot","NEUT","Weichlot","Weichlote","e",1
"Weichspüler","MASC","Weichspüler","Weichspüler","ø",2
"Weichtier","NEUT","Weichtier","Weichtiere","e",0
"Weigand","MASC","Weigand","Weigande","e",1
"Weiher","MASC","Weiher","Weiher","ø",1
"Weihnachtsabend","MASC","Weihnachtsabend","Weihnachtsabende","e",3
"Weihnachtsengel","MASC","Weihnachtsengel","Weihnachtsengel","ø",3
"Weihnachtsgebäck","MASC","Weihnachtsgebäck","Weihnachtsgebäcke","e",3
"Weihnachtsgedicht","NEUT","Weihnachtsgedicht","Weihnachtsgedichte","e",3
"Weihnachtsgeschenk","NEUT","Weihnachtsgeschenk","Weihnachtsgeschenke","e",3
"Weihnachtskerzchen","NEUT","Weihnachtskerzchen","Weihnachtskerzchen","ø",3
"Weihnachtskerzlein","NEUT","Weihnachtskerzlein","Weihnachtskerzlein","ø",2
"Weihnachtslied","NEUT","Weihnachtslied","Weihnachtslieder","er",1
"Weihnachtsstern","MASC","Weihnachtsstern","Weihnachtssterne","e",2
"Weihnachtstag","MASC","Weihnachtstag","Weihnachtstage","e",2
"Weihnachtszeit","FEM","Weihnachtszeit","Weihnachtszeiten","en",1
"Weihrauch","MASC","Weihrauch","Weihrauche","e",0
"Weilchen","NEUT","Weilchen","Weilchen","ø",1
"Wein","MASC","Wein","Weine","e",0
"Weingummi","NEUT","Weingummi","Weingummis","s",2
"Weinjahr","NEUT","Weinjahr","Weinjahre","e",1
"Weinkeller","MASC","Weinkeller","Weinkeller","ø",2
"Weissagung","FEM","Weissagung","Weissagungen","en",2
"Weißbart-Ameisenwürger","MASC","Weißbart-Ameisenwürger","Weißbart-Ameisenwürger","ø",5
"Weißbier","NEUT","Weißbier","Weißbiere","e",0
"Weißbinder","MASC","Weißbinder","Weißbinder","ø",2
"Weißblech","NEUT","Weißblech","Weißbleche","e",1
"Weissbrot","NEUT","Weissbrot","Weissbrote","e",1
"Weißbrot","NEUT","Weißbrot","Weißbrote","e",1
"Weißbrust-Ameisenwürger","MASC","Weißbrust-Ameisenwürger","Weißbrust-Ameisenwürger","ø",5
"Weißdorn","MASC","Weißdorn","Weißdorne","e",1
"Weißer","MASC","Weißer","Weißer","ø",1
"Weißflügelpinguin","MASC","Weißflügelpinguin","Weißflügelpinguine","e",4
"Weißgoldring","MASC","Weißgoldring","Weißgoldringe","e",2
"Weißgrau","NEUT","Weißgrau","Weißgraus","s",0
"Weißkohl","MASC","Weißkohl","Weißkohle","e",1
"Weißkopfseeadler","MASC","Weißkopfseeadler","Weißkopfseeadler","ø",3
"Weißmetall","NEUT","Weißmetall","Weißmetalle","e",2
"Weißpigment","NEUT","Weißpigment","Weißpigmente","e",2
"Weißpunkt-Buntbarsch","MASC","Weißpunkt-Buntbarsch","Weißpunkt-Buntbarsche","e",3
"Weißpunktbuntbarsch","MASC","Weißpunktbuntbarsch","Weißpunktbuntbarsche","e",3
"Weißrussisch","NEUT","Weißrussisch","Weißrussische","e",2
"Weißwein","MASC","Weißwein","Weißweine","e",0
"Weitblick","MASC","Weitblick","Weitblicke","e",1
"Weitsicht","FEM","Weitsicht","Weitsichten","en",1
"Weitspringer","MASC","Weitspringer","Weitspringer","ø",2
"Weitwinkel","NEUT","Weitwinkel","Weitwinkel","ø",2
"Weitwinkelobjektiv","NEUT","Weitwinkelobjektiv","Weitwinkelobjektive","e",5
"Weizen","NEUT","Weizen","Weizen","ø",1
"Weizenbier","NEUT","Weizenbier","Weizenbiere","e",1
"Weizenbrot","NEUT","Weizenbrot","Weizenbrote","e",2
"Weizenfeld","NEUT","Weizenfeld","Weizenfelder","er",2
"Weizenkeimöl","NEUT","Weizenkeimöl","Weizenkeimöle","e",2
"Weizenmehl","NEUT","Weizenmehl","Weizenmehle","e",2
"Weizenmischbrot","NEUT","Weizenmischbrot","Weizenmischbrote","e",3
"Wellblech","NEUT","Wellblech","Wellbleche","e",2
"Wellchen","NEUT","Wellchen","Wellchen","ø",2
"Wellenlängenbereich","MASC","Wellenlängenbereich","Wellenlängenbereiche","e",5
"Wellenreiher","MASC","Wellenreiher","Wellenreiher","ø",3
"Wellensittich","MASC","Wellensittich","Wellensittiche","e",4
"Welpchen","NEUT","Welpchen","Welpchen","ø",2
"Welplein","NEUT","Welplein","Welplein","ø",1
"Wels","MASC","Wels","Welse","e",1
"Weltanschauung","FEM","Weltanschauung","Weltanschauungen","en",3
"Weltansicht","FEM","Weltansicht","Weltansichten","en",3
"Weltausstellung","FEM","Weltausstellung","Weltausstellungen","en",3
"Weltberühmtheit","FEM","Weltberühmtheit","Weltberühmtheiten","en",3
"Weltbild","NEUT","Weltbild","Weltbilder","er",2
"Weltfrieden","MASC","Weltfrieden","Weltfrieden","ø",2
"Weltkrieg","MASC","Weltkrieg","Weltkriege","e",1
"Weltmarktpreis","MASC","Weltmarktpreis","Weltmarktpreise","e",2
"Weltmeer","NEUT","Weltmeer","Weltmeere","e",2
"Weltnetz","NEUT","Weltnetz","Weltnetze","e",2
"Weltraumschiff","NEUT","Weltraumschiff","Weltraumschiffe","e",2
"Weltraumstation","FEM","Weltraumstation","Weltraumstationen","en",3
"Weltraumteleskop","NEUT","Weltraumteleskop","Weltraumteleskope","e",4
"Weltreligion","FEM","Weltreligion","Weltreligionen","en",4
"Weltverbesserer","MASC","Weltverbesserer","Weltverbesserer","ø",5
"Weltwunder","NEUT","Weltwunder","Weltwunder","ø",3
"Weltzeituhr","FEM","Weltzeituhr","Weltzeituhren","en",2
"Wembley-Tor","NEUT","Wembley-Tor","Wembley-Tore","e",3
"Wendung","FEM","Wendung","Wendungen","en",2
"Wenigkeit","FEM","Wenigkeit","Wenigkeit","ø",2
"Wenn","NEUT","Wenn","Wenn","ø",1
"Werbeartikel","MASC","Werbeartikel","Werbeartikel","ø",4
"Werber","MASC","Werber","Werber","ø",2
"Werbespot","MASC","Werbespot","Werbespots","s",3
"Werder","MASC","Werder","Werder","ø",2
"Werfer","MASC","Werfer","Werfer","ø",2
"Wergeld","NEUT","Wergeld","Wergelder","er",2
"Werk","NEUT","Werk","Werke","e",1
"Werkstoff","MASC","Werkstoff","Werkstoffe","e",2
"Werkstück","NEUT","Werkstück","Werkstücke","e",2
"Werktag","MASC","Werktag","Werktage","e",2
"Werkzeug","NEUT","Werkzeug","Werkzeuge","e",1
"Wermut","MASC","Wermut","Wermuts","s",2
"Werst","FEM","Werst","Werst","ø",1
"Wert","MASC","Wert","Werte","e",1
"Wertbegriff","MASC","Wertbegriff","Wertbegriffe","e",3
"Wertkonflikt","MASC","Wertkonflikt","Wertkonflikte","e",3
"Wertpapier","NEUT","Wertpapier","Wertpapiere","e",2
"Wertschätzung","FEM","Wertschätzung","Wertschätzungen","en",3
"Wertstoff","MASC","Wertstoff","Wertstoffe","e",2
"Wesensmerkmal","NEUT","Wesensmerkmal","Wesensmerkmale","e",4
"Wespennest","NEUT","Wespennest","Wespennester","er",3
"Westmark","FEM","Westmark","Westmark","ø",2
"Westwerk","NEUT","Westwerk","Westwerke","e",2
"Westwind","MASC","Westwind","Westwinde","e",2
"Wettbewerb","MASC","Wettbewerb","Wettbewerbe","e",3
"Wetter","NEUT","Wetter","Wetter","ø",2
"Wetterbericht","MASC","Wetterbericht","Wetterberichte","e",4
"Wetterchen","NEUT","Wetterchen","Wetterchen","ø",3
"Wettkämpfer","MASC","Wettkämpfer","Wettkämpfer","ø",3
"Wettstreit","MASC","Wettstreit","Wettstreite","e",1
"Whatsapp","FEM","Whatsapp","Whatsapps","s",2
"Whitneyit","MASC","Whitneyit","Whitneyite","e",2
"Wichser","MASC","Wichser","Wichser","ø",2
"Wicht","FEM","Wicht","Wichte","e",1
"Wichtel","MASC","Wichtel","Wichtel","ø",2
"Wichtigmacher","MASC","Wichtigmacher","Wichtigmacher","ø",4
"Wichtigtuer","MASC","Wichtigtuer","Wichtigtuer","ø",3
"Wickelbär","MASC","Wickelbär","Wickelbären","en",3
"Wickeltisch","MASC","Wickeltisch","Wickeltische","e",3
"Widder","MASC","Widder","Widder","ø",2
"Widerhall","MASC","Widerhall","Widerhalle","e",3
"Widerlegung","FEM","Widerlegung","Widerlegungen","en",4
"Widerlichkeit","FEM","Widerlichkeit","Widerlichkeiten","en",3
"Widerling","MASC","Widerling","Widerlinge","e",3
"Widerpart","MASC","Widerpart","Widerparte","e",3
"Widerrufsrecht","NEUT","Widerrufsrecht","Widerrufsrechte","e",4
"Widersacher","MASC","Widersacher","Widersacher","ø",4
"Widerwärtigkeit","FEM","Widerwärtigkeit","Widerwärtigkeiten","en",4
"Wiedehopf","MASC","Wiedehopf","Wiedehopfe","e",2
"Wiederannäherung","FEM","Wiederannäherung","Wiederannäherungen","en",5
"Wiederauferstehung","FEM","Wiederauferstehung","Wiederauferstehungen","en",4
"Wiederbelebung","FEM","Wiederbelebung","Wiederbelebungen","en",4
"Wiedergewinnung","FEM","Wiedergewinnung","Wiedergewinnungen","en",4
"Wiederholungstäter","MASC","Wiederholungstäter","Wiederholungstäter","ø",5
"Wiederkäuer","MASC","Wiederkäuer","Wiederkäuer","ø",2
"Wiedersehen","NEUT","Wiedersehen","Wiedersehen","ø",3
"Wiegenlied","NEUT","Wiegenlied","Wiegenlieder","er",1
"Wiel","FEM","Wiel","Wielen","en",0
"Wiesbadener","MASC","Wiesbadener","Wiesbadener","ø",3
"Wiesenblümchen","NEUT","Wiesenblümchen","Wiesenblümchen","ø",3
"Wikipedianer","MASC","Wikipedianer","Wikipedianer","ø",5
"Wildkaninchen","NEUT","Wildkaninchen","Wildkaninchen","ø",4
"Wildlachs","MASC","Wildlachs","Wildlachse","e",2
"Wildschwein","NEUT","Wildschwein","Wildschweine","e",1
"Wildtier","NEUT","Wildtier","Wildtiere","e",1
"Willen","MASC","Willen","Willen","ø",2
"Willenserklärung","FEM","Willenserklärung","Willenserklärungen","en",5
"Willkürgerichtsbarkeit","FEM","Willkürgerichtsbarkeit","Willkürgerichtsbarkeiten","en",5
"Willkürherrschaft","FEM","Willkürherrschaft","Willkürherrschaften","en",4
"Wimmelbild","NEUT","Wimmelbild","Wimmelbilder","er",3
"Wimmer","MASC","Wimmer","Wimmer","ø",2
"Wimpertierchen","NEUT","Wimpertierchen","Wimpertierchen","ø",3
"Win-win-Situation","FEM","Win-win-Situation","Win-win-Situationen","en",5
"Wind","MASC","Wind","Winde","e",1
"Windbeutel","MASC","Windbeutel","Windbeutel","ø",2
"Windchen","NEUT","Windchen","Windchen","ø",2
"Windgeschwindigkeit","FEM","Windgeschwindigkeit","Windgeschwindigkeiten","en",4
"Windhund","MASC","Windhund","Windhunde","e",2
"Windpferd","NEUT","Windpferd","Windpferde","e",2
"Windröschen","NEUT","Windröschen","Windröschen","ø",3
"Windschatten","MASC","Windschatten","Windschatten","ø",3
"Windscherung","FEM","Windscherung","Windscherungen","en",3
"Windung","FEM","Windung","Windungen","en",2
"Wingert","MASC","Wingert","Wingerte","e",2
"Winkel","MASC","Winkel","Winkel","ø",2
"Winkeladvokat","MASC","Winkeladvokat","Winkeladvokaten","en",5
"Winkelmesser","MASC","Winkelmesser","Winkelmesser","ø",4
"Winter","MASC","Winter","Winter","ø",2
"Winterkleid","NEUT","Winterkleid","Winterkleider","er",2
"Winterkleidchen","NEUT","Winterkleidchen","Winterkleidchen","ø",3
"Wintermonat","MASC","Wintermonat","Wintermonate","e",4
"Winterreifen","MASC","Winterreifen","Winterreifen","ø",3
"Winterzeit","FEM","Winterzeit","Winterzeiten","en",2
"Winzer","MASC","Winzer","Winzer","ø",2
"Wipfel","MASC","Wipfel","Wipfel","ø",2
"Wirbel","MASC","Wirbel","Wirbel","ø",2
"Wirbeltier","NEUT","Wirbeltier","Wirbeltiere","e",2
"Wirbelwind","MASC","Wirbelwind","Wirbelwinde","e",3
"Wirklichkeit","FEM","Wirklichkeit","Wirklichkeiten","en",2
"Wirklichkeitsform","FEM","Wirklichkeitsform","Wirklichkeitsformen","en",3
"Wirkstoff","MASC","Wirkstoff","Wirkstoffe","e",2
"Wirkungsgrad","MASC","Wirkungsgrad","Wirkungsgrade","e",3
"Wirkungsquerschnitt","MASC","Wirkungsquerschnitt","Wirkungsquerschnitte","e",4
"Wirsing","MASC","Wirsing","Wirsinge","e",2
"Wirt","MASC","Wirt","Wirte","e",1
"Wirtschaftsflüchtling","MASC","Wirtschaftsflüchtling","Wirtschaftsflüchtlinge","e",4
"Wirtschaftsminister","MASC","Wirtschaftsminister","Wirtschaftsminister","ø",5
"Wirtschaftswissenschaft","FEM","Wirtschaftswissenschaft","Wirtschaftswissenschaften","en",5
"Wirtschaftswissenschaftler","MASC","Wirtschaftswissenschaftler","Wirtschaftswissenschaftler","ø",6
"Wirtschaftswunder","MASC","Wirtschaftswunder","Wirtschaftswunder","ø",4
"Wirtschaftszweig","MASC","Wirtschaftszweig","Wirtschaftszweige","e",2
"Wisch","NEUT","Wisch","Wische","e",1
"Wissenschaftler","MASC","Wissenschaftler","Wissenschaftler","ø",4
"Witherit","MASC","Witherit","Witherite","e",3
"Witwer","MASC","Witwer","Witwer","ø",2
"Witz","MASC","Witz","Witze","e",1
"Witzbold","MASC","Witzbold","Witzbolde","e",2
"Wochenbett","NEUT","Wochenbett","Wochenbetten","en",3
"Wochentag","MASC","Wochentag","Wochentage","e",3
"Wochenzeitschrift","FEM","Wochenzeitschrift","Wochenzeitschriften","en",3
"Wocken","MASC","Wocken","Wocken","ø",2
"Wodenstag","MASC","Wodenstag","Wodenstage","e",3
"Wodka","MASC","Wodka","Wodkas","s",2
"Wohllaut","MASC","Wohllaut","Wohllaute","e",1
"Wohltat","FEM","Wohltat","Wohltaten","en",2
"Wohltäter","MASC","Wohltäter","Wohltäter","ø",3
"Wohltätigkeit","FEM","Wohltätigkeit","Wohltätigkeiten","en",3
"Wohneinheit","FEM","Wohneinheit","Wohneinheiten","en",1
"Wohngebiet","NEUT","Wohngebiet","Wohngebiete","e",2
"Wohnhäuschen","NEUT","Wohnhäuschen","Wohnhäuschen","ø",2
"Wohnhäuslein","NEUT","Wohnhäuslein","Wohnhäuslein","ø",1
"Wohnheim","NEUT","Wohnheim","Wohnheime","e",1
"Wohnmobil","NEUT","Wohnmobil","Wohnmobile","e",3
"Wohnort","MASC","Wohnort","Wohnorte","e",2
"Wohnsitz","MASC","Wohnsitz","Wohnsitze","e",2
"Wohnung","FEM","Wohnung","Wohnungen","en",2
"Wohnungslosigkeit","FEM","Wohnungslosigkeit","Wohnungslosigkeiten","en",4
"Wohnviertel","NEUT","Wohnviertel","Wohnviertel","ø",2
"Wohnzimmer","NEUT","Wohnzimmer","Wohnzimmer","ø",3
"Wohnzimmereinrichtung","FEM","Wohnzimmereinrichtung","Wohnzimmereinrichtungen","en",5
"Woilach","MASC","Woilach","Woilache","e",2
"Wölbung","FEM","Wölbung","Wölbungen","en",2
"Wolframit","MASC","Wolframit","Wolframite","e",3
"Wolfsfell","NEUT","Wolfsfell","Wolfsfelle","e",2
"Wolkenkratzer","MASC","Wolkenkratzer","Wolkenkratzer","ø",4
"Wollhandschuh","MASC","Wollhandschuh","Wollhandschuhe","e",3
"Wollknäuel","NEUT","Wollknäuel","Wollknäuel","ø",2
"Wollpullover","MASC","Wollpullover","Wollpullover","ø",4
"Wollschal","MASC","Wollschal","Wollschals","s",2
"Wolperdinger","MASC","Wolperdinger","Wolperdinger","ø",4
"Wolpertinger","MASC","Wolpertinger","Wolpertinger","ø",4
"Wonnemond","MASC","Wonnemond","Wonnemonde","e",3
"Wonneproppen","MASC","Wonneproppen","Wonneproppen","ø",4
"Workshop","MASC","Workshop","Workshops","s",2
"Wortbildung","FEM","Wortbildung","Wortbildungen","en",3
"Wörtchen","NEUT","Wörtchen","Wörtchen","ø",2
"Wörterbüchlein","NEUT","Wörterbüchlein","Wörterbüchlein","ø",3
"Wortgefecht","NEUT","Wortgefecht","Wortgefechte","e",3
"Wortklauber","MASC","Wortklauber","Wortklauber","ø",2
"Wortkreuzung","FEM","Wortkreuzung","Wortkreuzungen","en",2
"Wörtlein","NEUT","Wörtlein","Wörtlein","ø",1
"Wortsalat","MASC","Wortsalat","Wortsalate","e",3
"Wortschöpfer","MASC","Wortschöpfer","Wortschöpfer","ø",3
"Wortschrift","FEM","Wortschrift","Wortschriften","en",2
"Wortspiel","NEUT","Wortspiel","Wortspiele","e",1
"Wortverbindung","FEM","Wortverbindung","Wortverbindungen","en",4
"Wotanstag","MASC","Wotanstag","Wotanstage","e",3
"Wow-Effekt","MASC","Wow-Effekt","Wow-Effekte","e",3
"Wrack","NEUT","Wrack","Wracks","s",1
"Wucherer","MASC","Wucherer","Wucherer","ø",3
"Wucherpreis","MASC","Wucherpreis","Wucherpreise","e",2
"Wucherung","FEM","Wucherung","Wucherungen","en",3
"Wucht","FEM","Wucht","Wuchten","en",1
"Wühler","MASC","Wühler","Wühler","ø",2
"Wühltisch","MASC","Wühltisch","Wühltische","e",2
"Wulfenit","NEUT","Wulfenit","Wulfenite","e",3
"Wunder","NEUT","Wunder","Wunder","ø",2
"Wunderkind","NEUT","Wunderkind","Wunderkinder","er",3
"Wundermittel","NEUT","Wundermittel","Wundermittel","ø",4
"Wunderwerk","NEUT","Wunderwerk","Wunderwerke","e",3
"Wünsch","MASC","Wünsch","Wünsche","e",1
"Wunschbild","NEUT","Wunschbild","Wunschbilder","er",2
"Wunschform","FEM","Wunschform","Wunschformen","en",2
"Wunschvorstellung","FEM","Wunschvorstellung","Wunschvorstellungen","en",4
"Wunschzettel","MASC","Wunschzettel","Wunschzettel","ø",3
"Wurfarm","MASC","Wurfarm","Wurfarme","e",2
"Würfel","MASC","Würfel","Würfel","ø",2
"Würfelspiel","NEUT","Würfelspiel","Würfelspiele","e",2
"Wurfmesser","NEUT","Wurfmesser","Wurfmesser","ø",3
"Wurfspiel","NEUT","Wurfspiel","Wurfspiele","e",1
"Wurfstern","MASC","Wurfstern","Wurfsterne","e",2
"Würgegriff","MASC","Würgegriff","Würgegriffe","e",3
"Würger","MASC","Würger","Würger","ø",2
"Würmchen","NEUT","Würmchen","Würmchen","ø",2
"Wurmfarn","MASC","Wurmfarn","Wurmfarne","e",2
"Würmlein","NEUT","Würmlein","Würmlein","ø",1
"Wurmzüngler","MASC","Wurmzüngler","Wurmzüngler","ø",3
"Würstchen","NEUT","Würstchen","Würstchen","ø",2
"Würstlein","NEUT","Würstlein","Würstlein","ø",1
"Wurstmesser","NEUT","Wurstmesser","Wurstmesser","ø",3
"Wurt","FEM","Wurt","Wurten","en",1
"Wurtzit","MASC","Wurtzit","Wurtzite","e",2
"Wurz","FEM","Wurz","Wurzen","en",1
"Wurzelgewebe","NEUT","Wurzelgewebe","Wurzelgewebe","ø",5
"Wurzelwerk","NEUT","Wurzelwerk","Wurzelwerke","e",3
"Wüstenei","FEM","Wüstenei","Wüsteneien","en",2
"Wüstit","MASC","Wüstit","Wüstite","e",2
"Wüstling","MASC","Wüstling","Wüstlinge","e",2
"Wutbürger","MASC","Wutbürger","Wutbürger","ø",3
"Wüterei","FEM","Wüterei","Wütereien","en",2
"Wüterich","MASC","Wüterich","Wüteriche","e",3
"Xanthogenat","NEUT","Xanthogenat","Xanthogenate","e",4
"Xenolith","MASC","Xenolith","Xenolithe","e",3
"Xenonfluorid","NEUT","Xenonfluorid","Xenonfluoride","e",4
"Xenotim","MASC","Xenotim","Xenotime","e",3
"Xi","NEUT","Xi","Xis","s",1
"XNOR-Gatter","NEUT","XNOR-Gatter","XNOR-Gatter","ø",3
"XOR-Gatter","NEUT","XOR-Gatter","XOR-Gatter","ø",3
"Xylem","NEUT","Xylem","Xyleme","e",2
"Xylofon","NEUT","Xylofon","Xylofone","e",3
"Xylophon","NEUT","Xylophon","Xylophone","e",3
"Ylid","NEUT","Ylid","Ylide","e",2
"Ypsilon","NEUT","Ypsilon","Ypsilons","s",3
"Ysop","MASC","Ysop","Ysope","e",2
"Ytterbit","MASC","Ytterbit","Ytterbite","e",3
"Yttrium-Eisengranat","MASC","Yttrium-Eisengranat","Yttrium-Eisengranate","e",5
"Yttriumerz","NEUT","Yttriumerz","Yttriumerze","e",3
"Zagel","MASC","Zagel","Zagel","ø",2
"Zahlenkörper","MASC","Zahlenkörper","Zahlenkörper","ø",4
"Zahlenspiel","NEUT","Zahlenspiel","Zahlenspiele","e",2
"Zahlensystem","NEUT","Zahlensystem","Zahlensysteme","e",4
"Zahler","MASC","Zahler","Zahler","ø",2
"Zähler","MASC","Zähler","Zähler","ø",2
"Zahltag","MASC","Zahltag","Zahltage","e",2
"Zählung","FEM","Zählung","Zählungen","en",2
"Zahlungsunfähigkeit","FEM","Zahlungsunfähigkeit","Zahlungsunfähigkeiten","en",5
"Zahlzeichen","NEUT","Zahlzeichen","Zahlzeichen","ø",2
"Zähmung","FEM","Zähmung","Zähmungen","en",2
"Zähnchen","NEUT","Zähnchen","Zähnchen","ø",2
"Zahncreme","FEM","Zahncreme","Zahncremes","s",3
"Zahndammlaut","MASC","Zahndammlaut","Zahndammlaute","e",2
"Zahnersatz","MASC","Zahnersatz","Zahnersatze","e",3
"Zahnfleischentzündung","FEM","Zahnfleischentzündung","Zahnfleischentzündungen","en",4
"Zahnimplantat","NEUT","Zahnimplantat","Zahnimplantate","e",4
"Zahnlaut","MASC","Zahnlaut","Zahnlaute","e",1
"Zähnlein","NEUT","Zähnlein","Zähnlein","ø",1
"Zahnpasta","FEM","Zahnpasta","Zahnpastaen","en",3
"Zahnschmerz","MASC","Zahnschmerz","Zahnschmerzen","en",2
"Zahnstocher","MASC","Zahnstocher","Zahnstocher","ø",3
"Zahnwal","MASC","Zahnwal","Zahnwale","e",2
"Zain","MASC","Zain","Zaine","e",1
"Zander","MASC","Zander","Zander","ø",2
"Zäpfchen","NEUT","Zäpfchen","Zäpfchen","ø",2
"Zapfen","MASC","Zapfen","Zapfen","ø",2
"Zapfenstreich","MASC","Zapfenstreich","Zapfenstreiche","e",2
"Zappelphilipp","MASC","Zappelphilipp","Zappelphilippe","e",4
"Zar","MASC","Zar","Zaren","en",1
"Zarenreich","NEUT","Zarenreich","Zarenreiche","e",2
"Zarenzeit","FEM","Zarenzeit","Zarenzeiten","en",2
"Zauber","MASC","Zauber","Zauber","ø",1
"Zauberei","FEM","Zauberei","Zaubereien","en",1
"Zauberer","MASC","Zauberer","Zauberer","ø",2
"Zauberkünstler","MASC","Zauberkünstler","Zauberkünstler","ø",3
"Zauberkunststück","NEUT","Zauberkunststück","Zauberkunststücke","e",3
"Zauberkunststückchen","NEUT","Zauberkunststückchen","Zauberkunststückchen","ø",4
"Zauberpilz","MASC","Zauberpilz","Zauberpilze","e",2
"Zauderer","MASC","Zauderer","Zauderer","ø",2
"Zaungast","MASC","Zaungast","Zaungaste","e",1
"Zaunkönig","MASC","Zaunkönig","Zaunkönige","e",2
"Zebra","NEUT","Zebra","Zebras","s",2
"Zebraameisenwürger","MASC","Zebraameisenwürger","Zebraameisenwürger","ø",5
"Zebrafink","MASC","Zebrafink","Zebrafinken","en",3
"Zebrahai","MASC","Zebrahai","Zebrahaie","e",3
"Zebrastreifen","MASC","Zebrastreifen","Zebrastreifen","ø",3
"Zecher","MASC","Zecher","Zecher","ø",2
"Zeckenbiss","MASC","Zeckenbiss","Zeckenbisse","e",3
"Zeh","MASC","Zeh","Zehen","en",1
"Zehn","FEM","Zehn","Zehnen","en",1
"Zehneck","NEUT","Zehneck","Zehnecke","e",2
"Zehnflächner","MASC","Zehnflächner","Zehnflächner","ø",3
"Zehnt","MASC","Zehnt","Zehnten","en",1
"Zehrung","FEM","Zehrung","Zehrungen","en",2
"Zeichen","NEUT","Zeichen","Zeichen","ø",1
"Zeichensetzung","FEM","Zeichensetzung","Zeichensetzungen","en",3
"Zeichentrickfilm","MASC","Zeichentrickfilm","Zeichentrickfilme","e",3
"Zeichner","MASC","Zeichner","Zeichner","ø",1
"Zeidelbast","MASC","Zeidelbast","Zeidelbaste","e",2
"Zeidler","MASC","Zeidler","Zeidler","ø",1
"Zeigefinger","MASC","Zeigefinger","Zeigefinger","ø",3
"Zeiger","MASC","Zeiger","Zeiger","ø",1
"Zeiland","MASC","Zeiland","Zeilande","e",1
"Zeilchen","NEUT","Zeilchen","Zeilchen","ø",1
"Zeit","MASC","Zeit","Zeiten","en",0
"Zeitabschnitt","MASC","Zeitabschnitt","Zeitabschnitte","e",2
"Zeitalter","NEUT","Zeitalter","Zeitalter","ø",2
"Zeitausgleich","MASC","Zeitausgleich","Zeitausgleiche","e",0
"Zeiterfassung","FEM","Zeiterfassung","Zeiterfassungen","en",3
"Zeitfenster","NEUT","Zeitfenster","Zeitfenster","ø",2
"Zeitgeist","MASC","Zeitgeist","Zeitgeister","er",0
"Zeithorizont","MASC","Zeithorizont","Zeithorizonte","e",3
"Zeitnormal","NEUT","Zeitnormal","Zeitnormale","e",2
"Zeitpunkt","MASC","Zeitpunkt","Zeitpunkte","e",1
"Zeitrahmen","MASC","Zeitrahmen","Zeitrahmen","ø",2
"Zeitrechnung","FEM","Zeitrechnung","Zeitrechnungen","en",2
"Zeitschlitz","MASC","Zeitschlitz","Zeitschlitze","e",1
"Zeitschrift","FEM","Zeitschrift","Zeitschriften","en",1
"Zeitsoldat","MASC","Zeitsoldat","Zeitsoldaten","en",2
"Zeitstempel","MASC","Zeitstempel","Zeitstempel","ø",2
"Zeitstempelchen","NEUT","Zeitstempelchen","Zeitstempelchen","ø",3
"Zeitumstellung","FEM","Zeitumstellung","Zeitumstellungen","en",3
"Zeitungsredakteur","MASC","Zeitungsredakteur","Zeitungsredakteure","e",3
"Zeitungsredaktor","MASC","Zeitungsredaktor","Zeitungsredaktoren","en",4
"Zeitungsverlag","MASC","Zeitungsverlag","Zeitungsverlage","e",3
"Zeitvergeudung","FEM","Zeitvergeudung","Zeitvergeudungen","en",2
"Zeitvertreib","MASC","Zeitvertreib","Zeitvertreibe","e",1
"Zellgift","NEUT","Zellgift","Zellgifte","e",2
"Zellkern","MASC","Zellkern","Zellkerne","e",2
"Zellstoff","MASC","Zellstoff","Zellstoffe","e",2
"Zelot","MASC","Zelot","Zeloten","en",2
"Zelt","NEUT","Zelt","Zelte","e",1
"Zelter","MASC","Zelter","Zelter","ø",2
"Zelthering","MASC","Zelthering","Zeltheringe","e",3
"Zeltlager","NEUT","Zeltlager","Zeltlager","ø",3
"Zement","MASC","Zement","Zemente","e",2
"Zendisch","NEUT","Zendisch","Zendische","e",2
"Zensus","MASC","Zensus","Zensus","ø",2
"Zentaur","MASC","Zentaur","Zentauren","en",1
"Zentralbank","FEM","Zentralbank","Zentralbanken","en",3
"Zentralnervensystem","NEUT","Zentralnervensystem","Zentralnervensysteme","e",6
"Zentralvokal","MASC","Zentralvokal","Zentralvokale","e",4
"Zentrierschlüssel","MASC","Zentrierschlüssel","Zentrierschlüssel","ø",3
"Zentriwinkel","MASC","Zentriwinkel","Zentriwinkel","ø",4
"Zeppelin","MASC","Zeppelin","Zeppeline","e",3
"Zerbrechlichkeit","FEM","Zerbrechlichkeit","Zerbrechlichkeiten","en",3
"Zerfallsprodukt","NEUT","Zerfallsprodukt","Zerfallsprodukte","e",4
"Zermürbungskrieg","MASC","Zermürbungskrieg","Zermürbungskriege","e",3
"Zerrbild","NEUT","Zerrbild","Zerrbilder","er",2
"Zersplitterung","FEM","Zersplitterung","Zersplitterungen","en",4
"Zerstörer","MASC","Zerstörer","Zerstörer","ø",3
"Zertifikat","NEUT","Zertifikat","Zertifikate","e",4
"Zeta","NEUT","Zeta","Zetas","s",2
"Zett","NEUT","Zett","Zetts","s",1
"Zettel","MASC","Zettel","Zettel","ø",2
"Zeug","NEUT","Zeug","Zeuge","e",0
"Zeugenschutzprogramm","NEUT","Zeugenschutzprogramm","Zeugenschutzprogramme","e",4
"Zeughäuschen","NEUT","Zeughäuschen","Zeughäuschen","ø",1
"Zicklein","NEUT","Zicklein","Zicklein","ø",1
"Ziegelstein","MASC","Ziegelstein","Ziegelsteine","e",1
"Ziegenficker","MASC","Ziegenficker","Ziegenficker","ø",3
"Ziegenmelker","MASC","Ziegenmelker","Ziegenmelker","ø",3
"Ziel","NEUT","Ziel","Ziele","e",0
"Zierfisch","MASC","Zierfisch","Zierfische","e",1
"Zigarettenstummel","MASC","Zigarettenstummel","Zigarettenstummel","ø",6
"Zigarillo","FEM","Zigarillo","Zigarillos","s",4
"Zilpzalp","MASC","Zilpzalp","Zilpzalpe","e",2
"Zimbal","NEUT","Zimbal","Zimbale","e",2
"Zimmer","NEUT","Zimmer","Zimmer","ø",2
"Zimmerfrau","FEM","Zimmerfrau","Zimmerfrauen","en",2
"Zimmermädchen","NEUT","Zimmermädchen","Zimmermädchen","ø",4
"Zimmermeister","MASC","Zimmermeister","Zimmermeister","ø",3
"Zimmerschlüssel","MASC","Zimmerschlüssel","Zimmerschlüssel","ø",4
"Zimperlichkeit","FEM","Zimperlichkeit","Zimperlichkeiten","en",3
"Zimt","MASC","Zimt","Zimte","e",1
"Zimtstern","MASC","Zimtstern","Zimtsterne","e",2
"Zingel","MASC","Zingel","Zingel","ø",2
"Zink","MASC","Zink","Zinken","en",1
"Zinkat","NEUT","Zinkat","Zinkate","e",2
"Zinkerz","NEUT","Zinkerz","Zinkerze","e",2
"Zinkfingerprotein","NEUT","Zinkfingerprotein","Zinkfingerproteine","e",4
"Zinkion","NEUT","Zinkion","Zinkionen","en",2
"Zinkselenid","NEUT","Zinkselenid","Zinkselenide","e",4
"Zinkspat","NEUT","Zinkspat","Zinkspate","e",2
"Zinnabbau","MASC","Zinnabbau","Zinnabbaue","e",2
"Zinnblech","NEUT","Zinnblech","Zinnbleche","e",2
"Zinnerz","NEUT","Zinnerz","Zinnerze","e",2
"Zinngießer","MASC","Zinngießer","Zinngießere","e",2
"Zinnkraut","NEUT","Zinnkraut","Zinnkraute","e",1
"Zinnsalz","NEUT","Zinnsalz","Zinnsalze","e",2
"Zinnsoldat","MASC","Zinnsoldat","Zinnsoldaten","en",3
"Zinnstein","MASC","Zinnstein","Zinnsteine","e",1
"Zinnwaldit","MASC","Zinnwaldit","Zinnwaldite","e",3
"Zins","MASC","Zins","Zinsen","en",1
"Zinsswap","MASC","Zinsswap","Zinsswaps","s",2
"Zionist","MASC","Zionist","Zionisten","en",2
"Zipf","MASC","Zipf","Zipfe","e",1
"Zipfel","MASC","Zipfel","Zipfel","ø",2
"Zirconiumkomplex","MASC","Zirconiumkomplex","Zirconiumkomplexe","e",5
"Zirconiummineral","NEUT","Zirconiummineral","Zirconiumminerale","e",6
"Zirkel","MASC","Zirkel","Zirkel","ø",2
"Zirkelbeweis","MASC","Zirkelbeweis","Zirkelbeweise","e",3
"Zirkon","MASC","Zirkon","Zirkone","e",2
"Zirkonat","NEUT","Zirkonat","Zirkonate","e",3
"Zirkonia","MASC","Zirkonia","Zirkonias","s",3
"Zirkoniumsalz","NEUT","Zirkoniumsalz","Zirkoniumsalze","e",4
"Zirkonkristall","MASC","Zirkonkristall","Zirkonkristalle","e",4
"Zirkumfix","NEUT","Zirkumfix","Zirkumfixe","e",3
"Zirkumflex","MASC","Zirkumflex","Zirkumflexe","e",3
"Zirkusvorstellung","FEM","Zirkusvorstellung","Zirkusvorstellungen","en",5
"Zischlaut","MASC","Zischlaut","Zischlaute","e",1
"Zitat","NEUT","Zitat","Zitate","e",2
"Zitherspiel","NEUT","Zitherspiel","Zitherspiele","e",2
"Zitherspieler","MASC","Zitherspieler","Zitherspieler","ø",3
"Zitronat","NEUT","Zitronat","Zitronate","e",3
"Zitronenhai","MASC","Zitronenhai","Zitronenhaie","e",4
"Zitteraal","MASC","Zitteraal","Zitteraale","e",3
"Zitterer","MASC","Zitterer","Zitterer","ø",3
"Zitterlaut","MASC","Zitterlaut","Zitterlaute","e",2
"Zivilist","MASC","Zivilist","Zivilisten","en",3
"Zobel","MASC","Zobel","Zobel","ø",2
"Zocker","MASC","Zocker","Zocker","ø",2
"Zodiakallicht","NEUT","Zodiakallicht","Zodiakallichter","er",4
"Zögerer","MASC","Zögerer","Zögerer","ø",3
"Zögling","MASC","Zögling","Zöglinge","e",2
"Zölestin","MASC","Zölestin","Zölestine","e",3
"Zollhäuschen","NEUT","Zollhäuschen","Zollhäuschen","ø",2
"Zöllner","MASC","Zöllner","Zöllner","ø",2
"Zollunion","FEM","Zollunion","Zollunionen","en",3
"Zonenschmelzverfahren","NEUT","Zonenschmelzverfahren","Zonenschmelzverfahren","ø",6
"Zoo","MASC","Zoo","Zoos","s",1
"Zoomobjektiv","NEUT","Zoomobjektiv","Zoomobjektive","e",4
"Zuber","MASC","Zuber","Zuber","ø",2
"Zubrot","NEUT","Zubrot","Zubrote","e",2
"Zubrötchen","NEUT","Zubrötchen","Zubrötchen","ø",3
"Zucchini","FEM","Zucchini","Zucchini","ø",3
"Zuchtfisch","MASC","Zuchtfisch","Zuchtfische","e",2
"Züchtigung","FEM","Züchtigung","Züchtigungen","en",3
"Zuchtlachs","MASC","Zuchtlachs","Zuchtlachse","e",2
"Züchtung","FEM","Züchtung","Züchtungen","en",2
"Zucker","MASC","Zucker","Zucker","ø",2
"Zuckerbäcker","MASC","Zuckerbäcker","Zuckerbäcker","ø",4
"Zuckerbrot","NEUT","Zuckerbrot","Zuckerbrote","e",3
"Zuckerlöffel","MASC","Zuckerlöffel","Zuckerlöffel","ø",4
"Zuckerlöffelchen","NEUT","Zuckerlöffelchen","Zuckerlöffelchen","ø",5
"Zuckerphosphat","NEUT","Zuckerphosphat","Zuckerphosphate","e",4
"Zuckerrohr","NEUT","Zuckerrohr","Zuckerrohre","e",3
"Zuckerschälchen","NEUT","Zuckerschälchen","Zuckerschälchen","ø",4
"Zuckung","FEM","Zuckung","Zuckungen","en",2
"Zufahrt","FEM","Zufahrt","Zufahrten","en",2
"Zufallszahl","FEM","Zufallszahl","Zufallszahlen","en",3
"Zuflucht","FEM","Zuflucht","Zufluchten","en",2
"Zufriedenstellung","FEM","Zufriedenstellung","Zufriedenstellungen","en",4
"Zugehörigkeit","FEM","Zugehörigkeit","Zugehörigkeiten","en",4
"Zugehörigkeitsgefühl","NEUT","Zugehörigkeitsgefühl","Zugehörigkeitsgefühle","e",6
"Zügel","MASC","Zügel","Zügel","ø",2
"Zügelpinguin","MASC","Zügelpinguin","Zügelpinguine","e",4
"Zugespitztheit","FEM","Zugespitztheit","Zugespitztheiten","en",3
"Zugfahrt","FEM","Zugfahrt","Zugfahrten","en",2
"Zugriff","MASC","Zugriff","Zugriffe","e",2
"Zugversuch","MASC","Zugversuch","Zugversuche","e",3
"Zuhälter","MASC","Zuhälter","Zuhälter","ø",3
"Zuhörer","MASC","Zuhörer","Zuhörer","ø",3
"Zukunftserwartung","FEM","Zukunftserwartung","Zukunftserwartungen","en",5
"Zukunftsforscher","MASC","Zukunftsforscher","Zukunftsforscher","ø",4
"Zunder","MASC","Zunder","Zunder","ø",2
"Zündhölzchen","NEUT","Zündhölzchen","Zündhölzchen","ø",3
"Zündhölzlein","NEUT","Zündhölzlein","Zündhölzlein","ø",2
"Zündpunkt","MASC","Zündpunkt","Zündpunkte","e",2
"Zündschlüssel","MASC","Zündschlüssel","Zündschlüssel","ø",3
"Zündstrick","MASC","Zündstrick","Zündstricke","e",2
"Zuneigung","FEM","Zuneigung","Zuneigungen","en",2
"Zungenbein","NEUT","Zungenbein","Zungenbeine","e",2
"Zungenbrecher","MASC","Zungenbrecher","Zungenbrecher","ø",4
"Zungenlaut","MASC","Zungenlaut","Zungenlaute","e",2
"Zupfinstrument","NEUT","Zupfinstrument","Zupfinstrumente","e",4
"Zupfinstrumentenbauer","MASC","Zupfinstrumentenbauer","Zupfinstrumentenbauer","ø",6
"Zupfinstrumentenhersteller","MASC","Zupfinstrumentenhersteller","Zupfinstrumentenhersteller","ø",8
"Zürbel","FEM","Zürbel","Zürbel","ø",2
"Zürcher","MASC","Zürcher","Zürcher","ø",2
"Zurechtweisung","FEM","Zurechtweisung","Zurechtweisungen","en",3
"Zürgel","FEM","Zürgel","Zürgel","ø",2
"Zurschaustellung","FEM","Zurschaustellung","Zurschaustellungen","en",3
"Zurückzahlung","FEM","Zurückzahlung","Zurückzahlungen","en",4
"Zusammenarbeit","FEM","Zusammenarbeit","Zusammenarbeiten","en",4
"Zusammenfügung","FEM","Zusammenfügung","Zusammenfügungen","en",5
"Zusammengehörigkeitsgefühl","NEUT","Zusammengehörigkeitsgefühl","Zusammengehörigkeitsgefühle","e",8
"Zusammenrückung","FEM","Zusammenrückung","Zusammenrückungen","en",5
"Zusammenziehung","FEM","Zusammenziehung","Zusammenziehungen","en",4
"Zusammenziehungszeichen","NEUT","Zusammenziehungszeichen","Zusammenziehungszeichen","ø",5
"Zusatzartikel","MASC","Zusatzartikel","Zusatzartikel","ø",5
"Zuschauer","MASC","Zuschauer","Zuschauer","ø",2
"Zuschlagstoff","MASC","Zuschlagstoff","Zuschlagstoffe","e",3
"Zuschnitt","MASC","Zuschnitt","Zuschnitte","e",2
"Zuspiel","NEUT","Zuspiel","Zuspiele","e",1
"Zuspitzung","FEM","Zuspitzung","Zuspitzungen","en",3
"Zuständigkeitsbereich","MASC","Zuständigkeitsbereich","Zuständigkeitsbereiche","e",4
"Zustellung","FEM","Zustellung","Zustellungen","en",3
"Zuwiderhandlung","FEM","Zuwiderhandlung","Zuwiderhandlungen","en",5
"Zuzahlung","FEM","Zuzahlung","Zuzahlungen","en",3
"Zwanglosigkeit","FEM","Zwanglosigkeit","Zwanglosigkeiten","en",3
"Zwangsarbeit","FEM","Zwangsarbeit","Zwangsarbeiten","en",2
"Zwangsarbeiter","MASC","Zwangsarbeiter","Zwangsarbeiter","ø",3
"Zwangsernährung","FEM","Zwangsernährung","Zwangsernährungen","en",4
"Zwangsläufigkeit","FEM","Zwangsläufigkeit","Zwangsläufigkeiten","en",2
"Zwangsstörung","FEM","Zwangsstörung","Zwangsstörungen","en",3
"Zwangsurlaub","MASC","Zwangsurlaub","Zwangsurlaube","e",2
"Zwanzigeck","NEUT","Zwanzigeck","Zwanzigecke","e",3
"Zwanziger","MASC","Zwanziger","Zwanziger","ø",3
"Zwanzigflächner","MASC","Zwanzigflächner","Zwanzigflächner","ø",4
"Zweck","MASC","Zweck","Zwecke","e",1
"Zweckmäßigkeit","FEM","Zweckmäßigkeit","Zweckmäßigkeiten","en",3
"Zweckrationalität","FEM","Zweckrationalität","Zweckrationalitäten","en",6
"Zweier","MASC","Zweier","Zweier","ø",1
"Zweifel","MASC","Zweifel","Zweifel","ø",1
"Zweig","MASC","Zweig","Zweige","e",0
"Zweigeschlecht","NEUT","Zweigeschlecht","Zweigeschlechter","er",2
"Zweihänder","MASC","Zweihänder","Zweihänder","ø",2
"Zweisitzer","MASC","Zweisitzer","Zweisitzer","ø",2
"Zweitaktmotor","MASC","Zweitaktmotor","Zweitaktmotoren","en",3
"Zweitfrau","FEM","Zweitfrau","Zweitfrauen","en",0
"Zweitor","NEUT","Zweitor","Zweitore","e",1
"Zweiunddreißigeck","NEUT","Zweiunddreißigeck","Zweiunddreißigecke","e",3
"Zwerg","MASC","Zwerg","Zwerge","e",1
"Zwergchen","NEUT","Zwergchen","Zwergchen","ø",2
"Zwergkolibri","MASC","Zwergkolibri","Zwergkolibris","s",4
"Zwerglein","NEUT","Zwerglein","Zwerglein","ø",1
"Zwergpinguin","MASC","Zwergpinguin","Zwergpinguine","e",3
"Zwergpinscher","MASC","Zwergpinscher","Zwergpinscher","ø",3
"Zwergplanet","MASC","Zwergplanet","Zwergplaneten","en",3
"Zwergpudel","MASC","Zwergpudel","Zwergpudel","ø",3
"Zwergschnäpper","MASC","Zwergschnäpper","Zwergschnäpper","ø",3
"Zwergspitz","MASC","Zwergspitz","Zwergspitze","e",2
"Zwergstrandläufer","MASC","Zwergstrandläufer","Zwergstrandläufer","ø",3
"Zwetschgendatschi","MASC","Zwetschgendatschi","Zwetschgendatschis","s",4
"Zwick","MASC","Zwick","Zwicke","e",1
"Zwicker","MASC","Zwicker","Zwicker","ø",2
"Zwiebelfisch","MASC","Zwiebelfisch","Zwiebelfische","e",2
"Zwiebelkuchen","MASC","Zwiebelkuchen","Zwiebelkuchen","ø",3
"Zwiebelring","MASC","Zwiebelring","Zwiebelringe","e",2
"Zwielaut","MASC","Zwielaut","Zwielaute","e",0
"Zwiespalt","MASC","Zwiespalt","Zwiespalte","e",1
"Zwilling","MASC","Zwilling","Zwillinge","e",2
"Zwinger","MASC","Zwinger","Zwinger","ø",2
"Zwirn","MASC","Zwirn","Zwirne","e",1
"Zwischenbilanz","FEM","Zwischenbilanz","Zwischenbilanzen","en",4
"Zwischenhoch","NEUT","Zwischenhoch","Zwischenhochs","s",3
"Zwischenlager","NEUT","Zwischenlager","Zwischenlager","ø",4
"Zwischenmahlzeit","FEM","Zwischenmahlzeit","Zwischenmahlzeiten","en",3
"Zwischennutzung","FEM","Zwischennutzung","Zwischennutzungen","en",4
"Zwischenprodukt","NEUT","Zwischenprodukt","Zwischenprodukte","e",4
"Zwischenzeit","FEM","Zwischenzeit","Zwischenzeiten","en",2
"Zwist","MASC","Zwist","Zwiste","e",1
"Zwistigkeit","FEM","Zwistigkeit","Zwistigkeiten","en",2
"Zwitter","MASC","Zwitter","Zwitter","ø",2
"Zwölfeck","NEUT","Zwölfeck","Zwölfecke","e",2
"Zwölfer","MASC","Zwölfer","Zwölfer","ø",2
"Zwölfflächner","MASC","Zwölfflächner","Zwölfflächner","ø",3
"Zyanid","NEUT","Zyanid","Zyanide","e",2
"Zyklon","MASC","Zyklon","Zyklone","e",2
"Zyklop","MASC","Zyklop","Zyklopen","en",2
"Zylinder","MASC","Zylinder","Zylinder","ø",3
"Zyprer","MASC","Zyprer","Zyprer","ø",2
"Zypriot","MASC","Zypriot","Zyprioten","en",2
"Zytochrom","NEUT","Zytochrom","Zytochrome","e",3
"Zytotoxin","NEUT","Zytotoxin","Zytotoxine","e",4
